country_name,1970,1971,1972,1973,1974,1975,1976,1977,1978,1979,1980,1981,1982,1983,1984,1985,1986,1987,1988,1989,1990,1991,1992,1993,1994,1995,1996,1997,1998,1999,2000,2001,2002,2003,2004,2005,2006,2007,2008,2009,2010,2011,2012,2013,2014,2015,2016,2017
Afghanistan,1.47,1.47,1.51,1.47,1.90,1.69,1.61,1.87,1.61,1.74,1.72,2.03,1.96,2.64,2.65,3.35,3.13,2.77,2.66,2.53,2.55,2.46,1.69,1.54,1.28,1.14,1.16,1.15,1.16,1.11,1.09,0.97,0.84,0.66,0.76,1.06,1.16,1.20,2.71,4.25,5.64,6.92,9.66,16.30,10.32,9.79,10.75,11.42
Albania,4.38,4.37,4.95,4.54,4.74,4.89,5.26,5.54,6.47,7.59,7.69,6.70,6.92,7.42,8.03,7.66,7.74,8.01,7.95,7.82,6.58,4.39,2.38,2.24,2.38,2.11,2.10,1.63,1.95,3.12,3.26,3.47,4.02,4.23,4.42,4.20,4.15,4.26,4.22,4.31,4.59,4.99,4.54,4.55,4.93,4.69,4.94,5.03
Algeria,17.17,19.94,29.94,40.03,34.38,31.75,40.85,45.25,50.35,51.44,51.67,49.83,52.45,55.24,57.60,65.47,68.84,66.61,67.63,67.90,65.68,69.81,76.34,76.84,77.71,80.30,79.19,77.63,77.77,81.00,83.69,82.10,86.57,93.00,92.66,98.20,103.35,105.98,110.82,114.19,116.41,122.78,137.14,140.79,151.33,160.37,159.92,159.93
Angola,3.56,3.49,4.57,4.70,4.88,4.46,3.36,4.16,5.53,5.50,5.57,5.20,4.82,5.01,4.97,5.63,5.69,5.78,6.20,6.30,5.85,6.06,6.07,6.29,11.57,13.04,15.77,16.50,17.14,18.13,16.61,16.29,16.03,17.45,17.50,15.98,16.73,17.24,19.49,21.32,23.81,24.77,23.72,25.97,28.16,30.82,32.11,30.88
Anguilla,0.00,0.00,0.00,0.00,0.00,0.00,0.00,0.00,0.00,0.00,0.00,0.01,0.01,0.01,0.01,0.00,0.00,0.01,0.01,0.01,0.01,0.01,0.01,0.01,0.01,0.02,0.02,0.01,0.01,0.01,0.02,0.02,0.01,0.01,0.01,0.01,0.01,0.01,0.02,0.02,0.02,0.03,0.03,0.03,0.03,0.03,0.03,0.03
Antigua and Barbuda,0.12,0.12,0.14,0.15,0.13,0.16,0.14,0.16,0.16,0.15,0.15,0.13,0.18,0.10,0.14,0.16,0.17,0.22,0.23,0.22,0.22,0.24,0.24,0.23,0.26,0.26,0.26,0.25,0.25,0.26,0.24,0.24,0.24,0.27,0.28,0.28,0.27,0.28,0.29,0.34,0.36,0.35,0.62,0.64,0.57,0.62,0.62,0.62
Argentina,91.08,91.56,92.63,97.08,96.87,95.50,101.54,105.10,107.05,112.65,109.81,106.62,105.15,106.85,106.56,100.19,110.36,115.14,121.36,119.31,112.43,115.75,119.33,119.73,124.00,127.94,135.63,143.15,147.23,152.26,150.59,140.96,133.10,145.95,162.28,165.43,176.20,183.94,196.01,185.98,191.34,199.44,205.40,201.90,209.98,212.41,212.29,209.97
Armenia,10.92,10.94,11.75,12.81,13.86,15.24,15.75,16.34,16.95,17.61,18.72,19.12,19.64,19.73,19.82,20.06,20.20,20.45,20.46,20.10,20.70,21.56,11.00,5.18,2.88,3.62,2.68,3.43,3.56,3.20,3.66,3.73,3.20,3.57,3.83,4.54,4.58,5.28,5.79,4.65,4.46,5.08,5.87,5.55,5.53,5.01,5.08,4.83
Aruba,0.02,0.02,0.02,0.03,0.02,0.03,0.02,0.03,0.03,0.03,0.03,0.03,0.03,0.03,0.03,0.03,0.03,0.04,0.23,0.26,0.30,0.36,0.36,0.38,0.37,0.44,0.30,0.46,0.45,0.48,0.45,0.48,0.48,0.48,0.53,0.47,0.49,0.44,0.45,0.47,0.50,0.46,0.80,1.02,0.96,0.96,0.96,0.96
Australia,160.96,162.27,168.16,177.81,187.02,193.87,196.67,209.90,206.40,212.17,222.38,223.30,229.60,216.12,222.53,236.70,237.28,248.58,257.10,271.96,275.41,277.12,280.90,285.07,292.46,302.51,313.12,322.05,342.84,347.95,353.81,360.37,368.44,372.48,386.60,391.59,397.99,408.47,411.63,417.08,412.84,410.40,409.89,405.45,396.19,403.26,402.47,402.25
Austria,53.99,56.23,58.56,61.85,59.45,57.15,62.34,59.66,61.77,64.22,62.32,59.05,56.92,56.94,58.78,60.18,58.96,59.61,58.19,58.21,62.92,66.64,61.49,61.59,62.17,65.27,69.13,68.81,69.37,67.44,68.09,72.82,74.22,79.29,80.39,80.99,78.83,76.55,76.61,69.99,75.31,73.46,70.74,71.48,68.01,69.56,69.80,72.25
Azerbaijan,35.30,35.33,37.66,41.16,44.42,49.31,51.83,54.48,57.26,57.23,60.44,62.32,63.71,65.59,67.23,68.58,70.95,73.19,77.12,77.32,58.08,56.39,45.47,39.18,33.86,32.84,27.53,26.80,26.80,26.49,28.07,26.71,26.48,28.96,28.68,30.48,30.91,28.09,31.03,25.94,24.75,28.00,30.81,31.78,33.16,32.89,34.10,32.54
Bahamas,1.62,1.64,1.87,1.99,1.64,1.77,1.53,1.71,1.78,1.75,1.72,1.69,1.38,1.05,1.06,1.03,1.11,1.33,1.30,1.40,1.52,1.47,1.24,1.25,1.35,1.60,1.80,1.71,1.89,1.76,1.63,1.63,1.62,1.95,2.02,2.07,2.00,1.98,1.38,1.64,1.75,1.73,3.01,3.37,3.14,3.00,3.00,3.00
Bahrain,2.96,2.98,3.57,4.51,5.32,5.49,5.96,6.57,6.96,7.43,7.53,8.06,8.50,9.76,9.03,9.64,10.96,10.71,11.32,11.40,11.99,11.56,13.60,14.72,14.99,15.22,15.80,16.25,17.24,17.32,17.76,18.39,19.22,19.90,19.92,23.39,25.41,25.84,27.65,27.63,28.80,28.98,29.58,31.66,33.17,33.55,35.38,35.77
Bangladesh,3.27,3.26,3.43,4.06,4.31,5.12,5.48,5.61,6.02,6.70,7.53,7.35,7.97,7.52,7.87,9.15,10.13,11.07,12.04,13.12,13.87,13.07,14.69,15.54,16.77,20.48,20.80,22.57,23.07,24.62,26.71,31.41,33.10,34.52,36.45,38.83,41.87,44.22,49.86,53.02,58.54,62.13,66.09,68.59,72.08,80.01,81.60,84.55
Barbados,0.29,0.29,0.34,0.36,0.30,0.38,0.34,0.38,0.40,0.38,0.38,0.42,0.40,0.43,0.50,0.65,0.74,0.72,0.71,0.78,0.78,0.82,0.78,0.76,0.71,0.71,0.67,0.79,0.88,0.93,1.65,2.15,2.15,2.35,2.03,2.16,2.17,2.16,2.26,2.31,2.34,2.32,2.83,3.11,3.05,3.17,3.17,3.17
Belarus,64.18,64.35,69.08,74.84,78.60,87.26,88.48,92.20,95.47,99.98,101.36,105.34,104.91,105.31,104.02,103.84,104.52,104.21,103.00,99.29,109.07,105.02,95.00,82.10,70.15,62.64,63.52,63.81,62.13,59.96,57.78,56.52,56.67,57.22,60.55,61.40,63.88,62.54,65.22,62.58,66.81,63.99,65.00,65.87,65.17,60.55,61.03,62.34
Belgium,140.36,130.14,141.68,146.55,145.03,127.85,137.63,135.09,139.64,148.89,137.99,126.07,118.33,108.65,111.45,109.02,109.59,109.70,112.03,113.11,115.90,119.91,117.87,115.94,121.27,122.41,127.36,124.13,127.36,123.11,124.87,125.03,118.48,123.48,122.32,118.71,117.49,113.88,115.50,107.86,115.75,105.19,103.79,105.31,99.22,104.10,104.32,104.22
Belize,0.06,0.06,0.07,0.08,0.06,0.08,0.07,0.08,0.08,0.08,0.08,0.08,0.08,0.08,0.09,0.10,0.14,0.11,0.08,0.11,0.19,0.20,0.16,0.15,0.15,0.19,0.15,0.22,0.21,0.22,0.31,0.42,0.41,0.41,0.46,0.44,0.43,0.47,0.26,0.24,0.25,0.25,0.43,0.45,0.42,0.44,0.44,0.44
Benin,0.32,0.37,0.47,0.49,0.50,0.56,0.38,0.44,0.47,0.52,0.55,0.46,0.53,0.52,0.54,0.63,0.57,0.52,0.47,0.42,0.41,0.37,0.40,0.40,0.41,0.42,1.10,1.39,1.34,1.47,1.57,1.88,2.17,2.43,2.59,2.84,3.90,4.43,4.40,4.71,5.11,5.01,4.76,4.98,5.30,5.98,6.36,7.10
Bermuda,0.16,0.16,0.19,0.20,0.17,0.21,0.19,0.21,0.22,0.20,0.20,0.19,0.18,0.20,0.23,0.22,0.24,0.37,0.42,0.48,0.34,0.32,0.24,0.27,0.26,0.26,0.30,0.29,0.28,0.29,0.28,0.24,0.28,0.28,0.32,0.28,0.27,0.38,0.26,0.34,0.36,0.35,0.62,0.38,0.38,0.43,0.43,0.43
Bhutan,0.04,0.04,0.04,0.04,0.05,0.05,0.05,0.05,0.05,0.06,0.06,0.08,0.08,0.08,0.08,0.09,0.09,0.20,0.19,0.17,0.21,0.21,0.20,0.19,0.24,0.35,0.37,0.42,0.44,0.56,0.45,0.42,0.47,0.40,0.32,0.51,0.54,0.47,0.71,1.19,1.32,1.56,1.96,1.27,1.29,1.24,1.35,1.45
Bolivia,2.90,3.48,4.09,3.87,3.74,4.29,4.82,4.71,5.30,4.85,4.81,5.15,5.43,5.54,5.13,4.90,4.68,4.87,5.10,5.90,6.29,6.51,6.99,8.10,9.36,8.46,7.96,8.74,8.40,8.01,8.30,7.75,8.12,8.89,9.48,10.00,10.77,11.68,12.73,13.52,14.83,16.15,17.92,18.10,19.54,19.57,20.13,20.46
Bosnia and Herzegovina,15.74,15.78,14.69,16.06,17.30,17.77,16.24,17.62,17.19,16.86,16.66,19.07,20.99,22.41,22.12,22.94,23.22,22.18,21.74,22.11,24.56,21.99,16.28,13.67,3.37,3.58,4.47,8.80,11.11,10.95,14.33,14.14,14.89,15.23,16.08,16.89,18.74,19.73,21.65,21.65,22.19,25.21,23.23,23.14,23.40,23.93,25.04,25.62
Botswana,0.29,0.29,0.30,0.31,0.31,0.35,0.82,0.92,0.97,1.04,1.14,1.39,1.45,1.42,1.41,1.51,1.74,1.80,2.16,2.38,2.82,2.79,3.40,3.35,3.21,3.34,3.01,3.21,3.83,4.03,4.18,4.05,4.23,4.14,4.15,4.47,4.25,4.48,4.52,4.30,3.47,4.08,5.06,5.49,7.03,7.13,7.12,7.91
Brazil,110.14,109.65,121.35,138.70,148.53,156.87,174.98,182.65,196.60,209.67,210.02,194.67,193.73,182.78,187.27,195.39,218.62,223.10,225.57,227.18,228.60,235.81,239.12,250.22,257.63,277.50,300.71,320.98,330.25,338.89,361.44,362.33,361.85,361.53,377.80,380.77,383.48,400.34,420.16,393.36,445.25,465.70,501.34,533.64,560.51,530.83,491.93,492.79
British Virgin Islands,0.01,0.01,0.01,0.01,0.01,0.01,0.01,0.01,0.01,0.01,0.01,0.01,0.01,0.01,0.01,0.02,0.02,0.02,0.03,0.03,0.03,0.03,0.03,0.03,0.03,0.03,0.03,0.03,0.03,0.03,0.03,0.03,0.03,0.03,0.04,0.03,0.03,0.06,0.06,0.07,0.07,0.07,0.12,0.13,0.15,0.15,0.15,0.15
Brunei,9.12,8.28,10.11,10.84,8.62,7.45,7.21,6.78,8.07,5.82,6.46,3.65,4.46,4.59,3.18,3.16,3.04,3.11,3.25,3.23,3.40,4.82,4.96,4.61,4.36,4.70,4.93,5.49,4.67,4.59,4.89,4.88,4.79,5.70,5.27,5.17,7.70,7.30,8.04,8.00,7.34,7.51,7.48,7.38,7.21,6.52,6.48,6.71
Bulgaria,70.48,70.40,72.76,74.09,75.51,80.40,81.43,84.39,87.21,90.40,93.45,89.41,91.52,90.45,88.96,91.31,92.50,92.84,91.88,90.83,82.27,63.08,59.87,60.63,59.02,59.96,60.80,57.38,53.44,47.81,47.74,49.84,47.06,52.92,50.75,52.03,53.28,57.17,54.07,46.08,48.64,53.84,48.98,44.41,47.29,49.28,45.84,49.57
Burkina Faso,0.25,0.25,0.24,0.25,0.26,0.28,0.28,0.29,0.28,0.31,0.34,0.32,0.30,0.31,0.30,0.31,0.38,0.48,0.46,0.42,0.38,0.50,0.45,0.50,0.51,0.52,0.60,1.00,0.84,0.87,0.90,0.92,0.90,1.00,1.04,1.04,1.04,1.23,1.96,1.82,1.87,2.15,2.25,3.06,3.11,3.11,3.20,3.40
Burundi,0.05,0.05,0.05,0.05,0.05,0.05,0.05,0.06,0.05,0.06,0.07,0.11,0.06,0.11,0.10,0.11,0.12,0.14,0.26,0.23,0.21,0.30,0.27,0.27,0.27,0.28,0.29,0.31,0.33,0.34,0.28,0.34,0.33,0.35,0.36,0.31,0.31,0.33,0.21,0.22,0.23,0.27,0.30,0.26,0.27,0.27,0.28,0.29
Cambodia,0.22,0.23,0.24,0.28,0.32,0.27,0.26,0.27,0.25,0.28,0.28,0.31,0.35,0.37,0.38,0.42,0.36,0.41,0.41,0.39,0.41,0.47,0.48,0.47,0.34,1.50,1.67,1.78,1.99,1.94,2.00,2.19,2.25,2.41,2.42,2.69,2.99,3.66,4.06,4.84,5.01,5.28,5.50,5.63,6.69,8.64,9.94,10.56
Cameroon,0.90,0.95,0.98,1.03,1.01,1.27,1.19,1.65,1.79,1.94,2.07,2.21,2.35,7.71,7.86,7.39,10.05,8.77,3.88,7.00,7.10,6.87,6.70,7.44,5.19,5.18,5.32,5.31,5.59,5.38,5.77,5.74,5.65,5.76,5.67,5.52,5.57,6.54,6.90,7.49,7.63,7.21,7.26,7.53,8.29,9.17,9.80,9.77
Canada,361.59,369.17,387.94,407.04,415.18,404.49,417.11,431.63,434.45,450.12,454.76,435.01,415.13,410.78,430.55,431.01,420.86,432.96,464.62,480.31,455.83,448.86,461.36,460.57,476.16,489.67,502.83,519.57,526.48,536.67,558.59,549.62,556.36,575.70,568.46,581.27,574.66,606.84,586.10,550.98,567.14,577.72,576.61,588.53,591.70,587.03,601.24,617.30
Cape Verde,0.18,0.18,0.18,0.19,0.20,0.21,0.21,0.21,0.21,0.24,0.26,0.24,0.09,0.09,0.09,0.09,0.04,0.06,0.06,0.05,0.05,0.11,0.10,0.10,0.10,0.11,0.11,0.12,0.10,0.11,0.16,0.11,0.10,0.11,0.23,0.23,0.23,0.30,0.31,0.32,0.33,0.39,0.41,0.73,0.76,0.88,0.90,0.96
Cayman Islands,0.02,0.02,0.02,0.03,0.02,0.03,0.02,0.03,0.03,0.03,0.03,0.05,0.05,0.05,0.06,0.06,0.07,0.07,0.15,0.15,0.15,0.16,0.16,0.15,0.15,0.19,0.19,0.18,0.17,0.18,0.17,0.17,0.17,0.17,0.21,0.19,0.21,0.25,0.32,0.27,0.28,0.28,0.49,0.51,0.47,0.49,0.49,0.49
Central African Republic,0.08,0.08,0.08,0.08,0.09,0.09,0.09,0.10,0.09,0.11,0.12,0.15,0.15,0.15,0.15,0.15,0.16,0.20,0.19,0.18,0.16,0.24,0.22,0.22,0.22,0.23,0.23,0.25,0.22,0.23,0.28,0.28,0.28,0.29,0.30,0.25,0.30,0.32,0.33,0.34,0.35,0.41,0.43,0.42,0.41,0.45,0.46,0.49
Chad,0.16,0.16,0.16,0.17,0.18,0.18,0.19,0.19,0.19,0.21,0.23,0.21,0.20,0.21,0.11,0.12,0.22,0.21,0.14,0.13,0.27,0.31,0.28,0.13,0.14,0.15,0.20,0.21,0.19,0.20,0.20,0.20,0.22,0.35,0.38,0.38,0.39,0.51,0.43,0.42,0.42,0.47,0.62,0.70,0.74,0.90,0.95,0.92
Chile,26.54,28.12,28.80,28.61,27.26,24.56,24.68,23.86,24.42,25.92,26.10,24.56,20.97,21.52,22.77,22.04,22.42,22.66,27.47,33.18,32.65,31.20,32.39,34.32,37.63,41.11,47.31,54.33,54.92,57.84,53.85,51.81,51.87,53.43,58.45,59.75,61.19,68.94,72.78,69.84,74.16,80.92,83.29,87.51,81.46,87.23,92.18,90.32
China,905.70,909.49,970.48,1010.96,1029.08,1179.44,1226.80,1379.17,1555.39,1593.20,1559.20,1545.76,1616.23,1701.43,1855.51,1870.86,1976.84,2115.39,2275.88,2354.91,2397.05,2532.28,2664.82,2889.90,3070.95,3382.89,3366.80,3426.10,3504.43,3435.89,3671.62,3845.34,4147.31,4813.48,5556.22,6263.06,6963.17,7639.40,7807.05,8365.84,9124.81,10024.34,10256.38,10717.51,10805.77,10808.38,10777.37,10877.22
Colombia,31.10,31.34,32.30,33.34,35.91,33.55,35.71,36.69,39.16,39.41,40.41,40.90,41.48,43.51,44.28,45.86,46.42,48.45,49.09,50.73,51.92,53.60,55.60,58.77,58.87,61.61,60.85,66.05,67.29,59.03,61.45,61.12,58.76,58.25,58.37,60.61,59.46,61.12,61.70,64.91,66.51,72.11,72.58,77.86,79.86,79.75,79.72,74.95
Comoros,0.02,0.02,0.02,0.02,0.02,0.03,0.03,0.03,0.03,0.03,0.03,0.03,0.03,0.03,0.03,0.03,0.03,0.05,0.05,0.05,0.05,0.06,0.05,0.05,0.05,0.05,0.06,0.06,0.05,0.05,0.05,0.05,0.05,0.06,0.06,0.11,0.11,0.12,0.12,0.13,0.13,0.16,0.16,0.20,0.17,0.19,0.19,0.21
Congo,0.76,0.80,0.81,1.59,2.02,1.48,1.57,0.88,0.82,0.78,0.85,0.92,1.02,1.03,0.96,1.00,0.91,0.96,0.93,0.94,0.90,0.95,0.89,0.86,2.17,2.75,3.31,3.41,4.05,4.20,4.54,4.43,2.89,3.59,3.65,4.36,4.85,4.29,4.46,4.95,5.33,4.88,4.51,5.48,5.32,5.32,5.47,5.51
Cook Islands,0.02,0.02,0.02,0.02,0.03,0.02,0.02,0.02,0.02,0.03,0.03,0.06,0.06,0.06,0.05,0.06,0.04,0.05,0.05,0.04,0.04,0.04,0.04,0.04,0.03,0.03,0.03,0.03,0.04,0.03,0.04,0.05,0.04,0.04,0.05,0.06,0.05,0.05,0.06,0.05,0.06,0.07,0.11,0.06,0.04,0.04,0.04,0.05
Costa Rica,1.43,1.44,1.61,1.83,1.80,1.97,2.03,2.55,2.76,2.77,2.49,2.30,1.96,1.99,2.08,2.18,2.28,2.41,2.54,2.86,2.91,3.15,4.25,4.27,4.95,4.96,4.64,4.61,5.12,5.13,5.09,5.49,5.59,6.05,6.16,6.31,6.84,7.66,7.58,7.29,7.24,7.46,7.51,7.87,7.97,7.66,8.00,8.14
Côte d’Ivoire,2.64,2.69,2.99,3.07,3.16,3.43,3.91,3.88,4.49,4.19,3.99,3.66,3.48,4.10,3.66,3.36,3.51,3.43,3.46,3.33,3.02,3.11,3.10,3.29,3.43,3.72,4.64,5.63,5.46,7.28,6.95,6.96,7.36,5.78,5.98,6.39,6.23,6.21,6.94,6.51,7.39,7.29,9.23,9.80,10.54,11.40,11.62,12.50
Croatia,21.72,21.31,21.79,23.05,23.87,24.19,23.81,24.24,25.18,27.49,24.73,23.76,24.93,26.05,24.79,25.76,27.76,26.28,28.62,29.08,25.16,18.24,16.71,17.22,16.56,17.09,17.10,18.79,19.94,20.05,19.60,20.68,21.66,23.12,23.38,23.63,24.02,25.66,24.41,22.20,21.44,20.89,19.26,18.81,18.10,18.34,18.55,17.47
Cuba,21.71,21.78,21.34,23.11,25.08,25.75,27.25,29.69,32.02,32.33,33.17,33.38,33.19,35.81,37.60,35.15,35.76,37.45,39.28,40.73,37.11,28.65,22.91,20.99,22.47,23.84,25.83,28.23,27.76,28.56,28.93,27.81,26.57,25.82,25.33,26.17,26.69,27.60,26.71,30.49,33.77,30.93,31.74,30.59,30.59,31.03,31.49,31.28
Curaçao,4.73,4.73,5.48,6.02,4.96,6.28,5.54,6.14,6.37,5.98,5.93,5.89,5.36,4.98,5.28,4.80,5.07,5.65,5.46,5.55,5.47,5.52,5.47,5.25,5.41,5.65,5.67,5.74,5.64,5.68,5.39,5.44,5.16,4.91,5.11,4.77,4.83,5.24,5.88,5.77,6.20,6.91,7.35,7.81,7.28,7.38,7.52,7.52
Cyprus,2.17,2.19,2.67,2.79,2.14,2.18,2.64,2.81,2.92,3.11,3.28,3.14,3.18,3.16,3.22,3.16,3.51,4.07,4.13,4.36,4.54,5.10,5.36,5.53,5.72,5.61,5.90,5.98,6.45,6.68,7.02,6.87,7.06,7.80,7.73,7.88,7.92,8.27,8.44,8.25,7.98,7.70,7.16,6.14,6.21,6.32,6.95,7.03
Czechia,190.08,190.22,190.02,187.95,171.35,178.48,183.65,194.04,187.74,197.65,190.15,190.76,192.23,192.75,195.31,192.75,191.40,191.82,187.46,179.42,162.84,147.80,141.80,139.45,133.71,134.14,135.26,132.30,126.48,119.30,130.69,130.82,125.61,129.92,131.07,127.16,128.32,130.90,125.66,117.60,120.69,117.98,113.91,110.28,108.00,109.04,108.95,109.76
Democratic Republic of the Congo,2.34,2.37,2.46,2.68,2.84,2.61,2.70,2.80,3.28,3.63,3.59,3.84,3.10,4.04,3.95,3.69,3.46,3.80,3.94,3.75,3.44,1.97,1.71,1.65,2.57,2.40,2.65,2.65,2.65,2.45,1.97,1.92,2.01,2.42,2.32,2.59,2.66,2.93,3.01,2.92,3.05,3.47,3.11,4.28,5.46,3.55,3.55,3.50
Denmark,62.44,58.44,60.52,59.60,53.22,55.55,61.29,63.07,63.02,66.46,65.86,55.62,57.93,54.42,56.09,63.92,64.58,62.62,58.72,53.03,53.71,64.45,58.78,60.98,64.96,61.68,75.10,65.22,61.19,58.20,54.06,55.61,55.15,60.57,55.00,51.48,59.40,54.56,51.26,48.92,48.99,43.94,38.74,40.55,36.39,33.94,36.20,33.57
Djibouti,0.80,0.80,0.80,0.82,0.87,0.91,0.91,0.94,0.92,1.04,1.14,0.85,0.81,0.60,0.49,0.51,0.49,0.63,0.59,1.24,1.10,1.37,1.22,1.20,1.22,1.26,1.29,1.38,1.23,1.27,1.29,1.31,1.29,1.42,1.47,1.47,1.35,1.40,1.04,1.10,1.13,1.32,1.38,0.92,0.93,0.93,0.95,1.01
Dominica,0.01,0.01,0.01,0.01,0.01,0.01,0.01,0.01,0.01,0.01,0.01,0.01,0.01,0.01,0.02,0.02,0.02,0.02,0.03,0.03,0.03,0.03,0.03,0.03,0.04,0.04,0.04,0.04,0.04,0.04,0.04,0.04,0.07,0.07,0.07,0.04,0.06,0.07,0.06,0.07,0.07,0.07,0.12,0.13,0.12,0.12,0.12,0.12
Dominican Republic,3.82,3.90,5.08,5.07,5.43,5.63,5.79,6.24,6.36,6.72,6.91,6.57,6.39,7.39,7.75,6.84,7.65,8.80,8.83,9.40,8.02,8.41,9.76,9.64,11.27,11.98,12.89,14.66,17.44,18.81,19.72,19.57,23.36,19.41,18.07,19.41,20.83,21.21,21.12,20.30,21.38,21.33,22.21,23.01,22.23,23.52,23.79,23.11
Ecuador,4.49,4.19,4.21,5.08,6.37,7.00,8.03,9.35,10.58,11.37,12.09,13.43,13.57,12.71,13.03,13.87,14.42,13.69,14.88,14.73,16.12,16.39,17.38,16.78,18.92,20.77,23.93,24.92,24.45,20.29,21.82,23.19,23.53,23.55,26.24,28.32,29.95,30.83,31.49,34.26,37.81,38.47,38.75,40.46,43.73,42.54,40.55,39.51
Egypt,25.16,24.86,27.09,25.16,29.14,31.45,36.43,37.55,38.02,41.06,45.11,51.05,55.12,61.52,67.84,71.12,74.21,80.48,82.59,87.75,90.78,92.88,96.53,96.84,92.66,98.72,106.04,112.87,118.52,127.95,125.92,139.25,142.99,145.96,158.23,176.33,187.70,200.97,201.61,209.99,211.65,219.24,232.91,228.76,233.69,240.02,251.35,258.67
El Salvador,1.58,1.64,1.88,2.06,2.09,2.34,2.37,2.45,2.61,2.44,2.06,2.06,1.93,1.99,1.95,2.12,2.11,2.51,2.48,2.48,2.63,3.35,3.76,4.07,4.72,5.15,4.59,5.61,5.88,5.82,5.81,6.20,6.24,6.58,6.63,6.90,7.32,7.71,6.95,6.84,6.71,6.97,7.07,6.89,6.89,7.37,7.68,7.86
Equatorial Guinea,0.03,0.03,0.03,0.03,0.03,0.04,0.04,0.04,0.04,0.04,0.04,0.04,0.05,0.05,0.05,0.05,0.05,0.06,0.06,0.11,0.10,0.12,0.10,0.10,1.23,1.30,1.40,1.87,2.24,2.43,2.53,3.31,2.66,2.98,3.33,3.37,3.31,3.80,4.55,3.92,4.36,4.67,3.98,2.94,2.91,2.85,2.66,2.47
Eritrea,0.18,0.18,0.18,0.15,0.16,0.17,0.15,0.16,0.16,0.17,0.18,0.17,0.20,0.17,0.17,0.17,0.16,0.20,0.20,0.21,0.21,0.23,0.23,0.46,0.66,0.74,0.81,0.89,0.84,0.64,0.68,0.67,0.73,0.69,0.69,0.69,0.60,0.53,0.52,0.45,0.47,0.55,0.60,0.63,0.66,0.66,0.70,0.74
Estonia,14.44,14.48,15.53,16.18,15.83,17.45,16.65,17.55,16.45,17.59,16.91,17.87,17.15,17.05,16.45,16.30,16.46,15.93,16.11,15.59,38.47,34.91,26.04,20.08,20.24,18.73,19.59,19.31,18.25,16.86,16.96,17.51,16.69,18.86,19.29,19.64,18.51,22.30,20.98,17.93,22.10,21.43,20.38,22.97,22.75,19.89,15.85,17.89
Ethiopia,1.43,1.44,1.34,1.44,1.45,1.30,1.28,1.31,1.35,1.42,1.47,1.61,1.48,1.56,1.47,1.54,1.82,2.09,2.18,2.29,2.39,2.41,1.59,2.05,2.37,2.69,3.02,3.19,3.38,3.32,3.70,4.58,4.73,5.13,5.52,5.33,5.70,6.37,7.19,7.24,6.86,7.95,8.93,10.34,12.46,13.45,14.31,14.90
Falkland Islands,0.00,0.00,0.00,0.00,0.00,0.00,0.00,0.00,0.00,0.00,0.00,0.00,0.00,0.00,0.01,0.01,0.01,0.01,0.02,0.01,0.01,0.01,0.01,0.01,0.01,0.01,0.02,0.02,0.01,0.01,0.01,0.01,0.01,0.01,0.01,0.02,0.02,0.02,0.02,0.02,0.02,0.02,0.04,0.04,0.04,0.04,0.04,0.04
Faroes,0.00,0.00,0.00,0.00,0.00,0.00,0.00,0.00,0.00,0.00,0.00,0.00,0.00,0.00,0.00,0.00,0.00,0.00,0.00,0.00,0.00,0.00,0.00,0.00,0.00,0.00,0.00,0.00,0.00,0.00,0.00,0.00,0.00,0.00,0.00,0.00,0.00,0.00,0.00,0.00,0.00,0.00,0.00,0.00,0.00,0.00,0.00,0.00
Fiji,0.78,0.79,0.83,0.92,1.13,0.95,0.91,0.97,0.97,1.09,1.12,1.22,1.13,0.97,0.79,0.86,0.92,0.77,0.78,0.90,1.03,0.87,0.88,0.94,0.71,0.76,0.84,0.86,0.88,0.97,1.14,1.31,1.45,1.78,2.17,2.17,2.11,1.88,1.77,1.10,1.20,1.50,2.09,2.04,1.30,1.23,1.36,1.44
Finland,43.75,43.39,47.42,52.06,48.57,48.02,54.07,53.59,58.19,57.95,58.47,49.06,47.32,45.74,47.09,51.53,51.62,56.27,54.88,54.89,57.24,57.84,55.00,56.20,62.91,59.53,65.49,63.38,60.15,59.46,57.96,63.94,66.00,74.38,70.65,58.36,69.91,67.97,59.56,56.75,65.32,57.95,52.03,52.87,48.78,45.43,49.00,46.85
"former Yugoslav Republic of Macedonia, the",9.10,8.54,8.72,10.15,10.47,8.30,9.02,9.42,9.37,10.65,9.56,10.02,8.84,8.27,9.36,9.83,10.10,10.08,10.63,10.65,11.19,9.90,8.78,9.01,8.74,8.69,10.22,9.21,10.11,9.34,9.03,9.21,8.69,9.44,9.20,9.69,9.70,10.37,10.15,9.11,9.16,10.22,9.60,8.72,8.24,7.92,7.85,8.05
France and Monaco,467.09,473.84,491.57,528.06,511.12,471.83,514.13,497.22,514.26,523.11,504.08,454.63,433.67,416.54,405.10,394.31,382.16,375.61,375.50,390.70,386.21,409.72,398.67,378.48,373.05,381.68,396.51,388.36,410.15,403.98,402.05,406.52,400.47,404.80,405.32,408.16,398.06,391.40,384.86,368.36,378.39,348.00,349.35,351.73,319.47,327.73,332.03,338.19
French Guiana,0.10,0.10,0.12,0.13,0.10,0.13,0.12,0.13,0.13,0.13,0.13,0.11,0.15,0.15,0.14,0.16,0.17,0.22,0.27,0.29,0.37,0.43,0.36,0.45,0.45,0.48,0.51,0.48,0.52,0.54,0.52,0.50,0.50,0.53,0.52,0.49,0.48,0.46,0.44,0.39,0.53,0.42,0.71,0.79,0.72,0.72,0.72,0.72
French Polynesia,0.15,0.15,0.15,0.17,0.21,0.18,0.17,0.18,0.18,0.20,0.21,0.37,0.41,0.57,0.72,0.74,0.81,0.91,0.92,0.88,0.84,0.83,0.78,0.77,0.46,0.48,0.50,0.50,0.55,0.52,0.55,0.58,0.54,0.63,0.71,0.79,0.77,0.72,0.85,0.82,0.89,1.12,1.60,0.89,0.54,0.54,0.60,0.64
Gabon,0.58,0.97,1.03,3.04,3.11,4.01,4.73,4.72,5.31,5.13,4.94,5.27,5.29,4.92,5.53,6.31,4.61,3.93,4.09,4.98,4.86,4.96,5.00,5.11,5.05,5.67,6.33,6.05,6.92,6.59,6.61,6.74,6.48,7.34,6.63,6.39,5.71,5.18,5.51,5.43,5.95,5.81,5.89,6.12,6.28,6.42,6.63,6.56
Georgia,25.89,31.68,33.06,34.57,35.72,37.28,38.26,38.62,39.60,39.66,39.69,39.12,37.79,36.32,36.15,35.87,35.64,36.15,35.69,34.51,34.74,26.72,21.03,16.86,10.92,8.62,6.87,6.05,5.43,5.06,5.37,3.93,3.45,3.74,4.08,4.98,5.46,6.42,5.63,6.38,6.23,7.52,8.18,8.29,9.43,10.15,10.53,11.56
Germany,1082.02,1076.49,1103.01,1152.53,1122.35,1062.40,1122.84,1103.09,1141.04,1191.00,1137.99,1102.43,1055.92,1071.52,1087.53,1090.12,1083.53,1074.58,1068.23,1054.33,1018.10,996.32,943.14,934.82,923.86,918.74,945.84,913.68,906.53,873.42,871.12,887.09,871.43,873.60,857.74,837.28,853.97,822.47,829.36,768.83,815.95,790.99,803.98,821.62,784.83,789.89,798.58,796.53
Ghana,2.37,2.41,2.52,2.58,2.74,2.92,2.99,3.08,3.00,2.67,2.69,3.24,2.80,1.78,2.06,2.40,2.60,2.77,2.91,3.24,3.19,2.98,3.50,3.60,3.84,4.12,4.46,4.67,6.34,6.92,6.12,6.62,7.80,7.36,6.90,7.33,8.69,9.28,8.68,10.10,11.42,12.28,14.69,15.57,15.12,15.90,16.58,18.63
Gibraltar,0.07,0.07,0.06,0.06,0.06,0.06,0.06,0.06,0.06,0.08,0.09,0.09,0.10,0.09,0.08,0.09,0.12,0.13,0.14,0.14,0.14,0.20,0.24,0.24,0.29,0.28,0.29,0.30,0.31,0.33,0.34,0.35,0.36,0.36,0.39,0.41,0.42,0.42,0.43,0.47,0.47,0.46,0.47,0.50,0.54,0.57,0.62,0.63
Greece,30.09,31.14,37.97,40.58,39.77,41.77,46.72,48.93,51.53,54.41,54.54,54.21,55.33,58.80,60.21,63.60,63.21,68.41,72.90,77.56,79.20,79.16,81.24,80.74,82.25,85.30,85.16,86.17,89.66,89.96,97.08,99.14,99.15,102.92,102.64,104.83,103.51,107.14,103.06,97.17,90.00,87.02,82.45,74.99,72.27,70.62,68.18,72.15
Greenland,0.00,0.00,0.00,0.00,0.00,0.00,0.00,0.00,0.00,0.00,0.00,0.00,0.00,0.00,0.00,0.00,0.00,0.00,0.00,0.00,0.00,0.00,0.00,0.00,0.00,0.00,0.00,0.00,0.00,0.00,0.00,0.00,0.00,0.00,0.62,0.63,0.66,0.64,0.66,0.57,0.67,0.72,0.56,0.55,0.51,0.52,0.52,0.52
Grenada,0.01,0.01,0.02,0.02,0.01,0.02,0.02,0.02,0.02,0.02,0.02,0.02,0.02,0.02,0.02,0.03,0.03,0.04,0.04,0.04,0.07,0.08,0.08,0.08,0.08,0.07,0.08,0.11,0.11,0.11,0.07,0.10,0.10,0.10,0.14,0.13,0.12,0.13,0.13,0.13,0.14,0.14,0.25,0.32,0.26,0.28,0.28,0.28
Guadeloupe,0.20,0.20,0.23,0.25,0.22,0.26,0.24,0.26,0.27,0.26,0.26,0.35,0.40,0.43,0.52,0.50,0.53,0.66,0.76,0.80,0.87,0.98,0.93,0.99,1.02,0.99,1.00,0.95,0.94,0.97,1.00,1.01,1.02,1.05,1.08,1.03,1.04,1.19,1.27,1.12,1.19,1.18,2.03,2.34,2.22,2.26,2.25,2.26
Guatemala,2.49,2.45,2.72,2.90,3.01,3.31,3.28,3.76,4.16,4.63,4.65,4.01,3.64,3.10,3.48,3.65,3.15,3.54,3.49,3.71,3.87,4.09,4.81,5.29,5.75,6.71,6.49,6.90,8.64,8.59,9.58,10.10,10.66,10.51,11.12,11.67,11.84,12.64,11.41,12.04,11.65,11.88,12.06,13.84,17.98,16.92,18.00,17.76
Guinea,0.51,0.51,0.51,0.53,0.55,0.58,0.58,0.60,0.59,0.66,0.71,0.66,0.63,0.65,0.63,0.61,0.79,1.05,1.00,0.92,1.07,1.03,0.93,0.93,1.00,1.03,1.06,1.13,1.02,1.06,1.09,1.12,1.12,1.18,1.21,1.12,1.12,1.14,1.35,1.38,1.39,1.66,1.70,2.37,2.50,2.51,2.57,2.73
Guinea-Bissau,0.04,0.04,0.04,0.04,0.04,0.04,0.04,0.05,0.05,0.05,0.06,0.05,0.05,0.05,0.09,0.10,0.05,0.19,0.18,0.17,0.20,0.23,0.21,0.21,0.21,0.21,0.22,0.24,0.21,0.22,0.26,0.27,0.26,0.28,0.29,0.29,0.29,0.37,0.31,0.39,0.40,0.47,0.49,0.34,0.36,0.38,0.38,0.41
Guyana,0.42,0.42,0.49,0.54,0.44,0.56,0.49,0.55,0.57,0.53,0.53,0.64,0.50,0.43,0.57,0.62,0.64,0.55,0.58,0.37,0.34,0.44,0.48,0.57,0.56,0.49,0.53,0.54,0.70,0.77,0.80,0.83,0.83,0.79,0.75,0.73,0.67,0.69,0.74,0.77,0.79,0.81,1.41,1.78,1.62,1.67,1.78,1.77
Haiti,0.54,0.54,0.53,0.55,0.60,0.61,0.81,0.85,0.89,0.87,0.86,0.76,0.90,0.99,1.02,1.05,0.98,1.06,1.14,1.17,1.15,1.12,1.04,0.88,0.42,1.13,1.29,1.50,1.53,1.58,1.61,1.73,1.98,1.90,2.14,2.23,2.28,2.58,2.57,2.49,2.36,2.41,2.30,2.37,3.01,3.45,3.51,3.52
Honduras,1.22,1.22,1.27,1.40,1.37,1.48,1.55,1.69,1.70,1.80,1.86,1.78,1.75,2.01,2.06,1.86,1.89,2.10,2.25,2.49,2.35,2.37,2.67,2.80,3.19,3.78,4.00,4.12,4.78,4.85,5.02,5.91,6.22,6.89,7.83,7.81,7.20,8.89,8.60,8.13,8.01,9.06,9.05,9.12,9.43,9.90,10.36,10.56
Hong Kong,9.54,9.58,9.86,9.94,11.39,11.27,13.07,15.15,16.12,14.98,15.39,16.58,17.89,20.44,22.23,23.21,26.34,28.82,32.04,33.39,34.18,37.03,41.55,44.04,37.39,37.45,36.20,33.69,42.22,45.29,41.14,42.15,40.80,43.47,41.51,41.92,42.87,44.58,43.55,46.83,42.69,46.35,45.81,46.76,48.69,44.62,45.16,44.71
Hungary,66.33,68.09,70.17,75.15,77.43,78.73,82.81,86.67,94.07,92.76,92.15,90.85,90.48,86.74,88.33,87.82,86.25,87.42,82.41,80.66,71.93,68.21,61.51,62.25,62.08,61.39,62.56,61.33,61.12,61.47,58.31,59.71,58.78,61.41,59.56,59.76,59.46,58.04,57.02,50.94,51.68,50.81,47.07,44.03,43.80,46.87,48.04,50.86
Iceland,1.94,2.04,2.25,2.59,2.53,2.37,2.40,2.47,2.54,2.63,2.44,2.35,1.99,2.03,2.25,2.14,2.15,2.19,2.31,2.31,2.35,2.30,2.31,2.41,2.52,2.45,2.72,2.63,2.71,2.75,2.87,2.97,3.11,3.08,3.19,3.17,3.27,3.45,3.80,3.82,3.67,3.58,3.63,3.82,3.78,3.83,3.98,4.10
India,233.72,234.61,243.69,242.43,260.48,278.26,297.01,302.26,269.66,289.97,300.82,333.14,354.36,377.34,413.49,432.70,468.64,504.26,534.45,576.16,605.97,649.15,666.75,696.64,736.53,791.44,827.80,869.30,884.02,952.55,986.58,1002.61,1042.03,1067.45,1157.02,1210.75,1289.74,1400.72,1488.21,1662.73,1751.89,1846.83,1988.74,2026.58,2221.83,2290.07,2371.04,2454.77
Indonesia,30.60,30.99,36.63,41.41,46.27,48.15,51.70,70.12,82.38,88.71,88.86,93.83,94.68,93.85,95.82,104.33,115.26,118.23,128.79,134.86,162.00,175.00,182.91,200.49,213.97,238.35,252.13,276.78,278.82,297.20,294.81,315.48,322.44,352.04,358.04,359.99,383.35,397.24,393.84,408.15,418.16,428.84,441.78,446.36,483.66,491.46,488.40,511.33
Iran,83.21,89.58,99.90,118.81,125.70,126.18,146.10,152.73,149.68,137.19,116.10,114.84,141.54,159.60,156.37,166.36,155.17,163.97,165.24,175.56,206.78,227.49,242.91,241.53,273.78,278.20,290.31,303.17,301.95,333.07,351.66,365.90,381.86,404.06,433.51,467.90,502.19,536.16,546.51,567.10,569.47,580.00,586.81,609.20,632.31,621.02,635.42,671.45
Iraq,23.19,27.18,27.07,29.67,31.97,36.61,46.01,42.18,46.44,57.52,51.75,36.00,38.21,42.09,47.37,54.59,61.26,60.94,65.53,73.23,69.26,46.36,68.56,95.42,112.49,110.35,105.02,125.48,92.04,75.82,86.52,98.43,92.68,83.68,89.90,89.10,85.21,78.08,89.83,111.50,125.60,134.29,156.78,167.83,174.03,169.80,189.54,199.30
Ireland,21.08,23.57,23.21,22.79,24.63,23.17,23.75,25.35,25.15,29.49,28.35,28.14,27.84,27.45,27.47,29.07,30.01,31.61,30.75,31.78,32.85,33.40,33.33,33.54,34.81,35.28,36.66,37.95,40.47,41.94,44.23,46.40,45.34,44.82,45.31,47.28,48.27,47.47,46.83,41.64,41.27,37.07,37.76,36.43,36.23,37.84,39.43,38.91
"Israel and Palestine, State of",14.92,14.94,15.70,16.79,17.27,18.11,18.12,18.90,20.13,20.51,20.39,21.24,22.42,23.20,24.05,25.72,28.14,30.74,32.57,33.85,35.29,35.94,38.48,42.19,45.15,48.21,51.39,53.04,53.60,55.05,59.37,59.37,62.61,64.37,64.25,62.15,65.30,67.69,68.06,67.24,72.19,71.35,77.83,69.85,65.28,66.65,65.67,66.92
"Italy, San Marino and the Holy See",317.65,331.47,349.06,371.38,374.77,357.53,384.36,375.20,382.84,398.73,401.29,390.00,381.68,377.20,383.16,382.89,383.80,403.59,409.18,427.40,430.76,429.52,427.01,420.62,414.56,439.41,434.34,437.85,448.71,455.66,460.19,459.54,467.56,485.93,496.95,498.20,492.42,485.30,469.75,417.59,427.37,417.90,396.79,363.76,344.60,354.36,356.46,361.18
Jamaica,5.93,5.91,6.47,8.45,8.21,7.81,6.50,7.13,7.28,7.29,6.76,6.72,5.79,5.79,5.45,4.87,4.63,4.90,5.12,6.56,7.53,7.48,8.27,8.42,8.50,8.80,9.18,9.39,9.89,10.15,10.22,10.29,10.24,10.54,10.59,10.63,12.30,12.22,10.23,8.03,7.45,7.69,7.25,7.73,7.55,7.40,7.56,7.55
Japan,857.79,855.64,901.45,1015.38,1013.88,958.15,988.54,1013.47,1013.48,1039.19,1013.13,990.72,948.05,950.00,1017.96,991.57,987.98,994.33,1066.56,1096.64,1149.40,1153.39,1161.20,1150.13,1206.43,1221.11,1233.41,1226.57,1187.84,1227.72,1241.52,1229.09,1268.37,1271.97,1270.20,1276.86,1259.77,1300.17,1213.60,1146.26,1197.38,1249.88,1289.29,1313.47,1393.63,1336.50,1319.80,1320.78
Jordan,1.56,1.58,1.85,2.05,2.15,2.46,2.95,3.09,3.67,3.81,4.79,5.78,6.46,7.23,8.14,8.54,9.20,9.96,9.34,9.51,10.21,10.20,12.11,12.58,13.19,13.89,14.32,14.74,14.95,14.97,15.43,15.53,16.59,16.40,18.46,19.75,20.06,21.02,20.55,21.07,20.61,21.08,24.49,24.23,25.98,25.82,24.70,24.56
Kazakhstan,161.14,160.91,172.83,188.97,202.08,211.09,223.13,224.42,239.48,242.02,255.41,236.74,229.05,223.09,217.67,211.26,210.23,226.97,229.94,228.49,250.38,259.02,263.81,225.27,205.31,181.89,159.49,138.45,141.84,129.44,131.16,128.55,143.02,158.82,171.45,182.37,203.30,214.34,253.14,225.77,242.96,259.87,256.99,272.98,259.75,252.24,254.24,266.21
Kenya,3.77,3.77,3.94,4.08,4.12,4.06,4.60,4.92,4.93,4.87,5.21,5.19,4.86,4.54,5.25,5.39,6.03,6.26,6.23,6.58,6.47,6.22,6.28,6.20,6.18,6.67,7.30,6.97,7.51,7.73,8.58,8.00,7.82,6.97,7.88,8.79,9.76,9.78,10.33,12.02,13.01,13.34,12.46,13.88,14.79,16.90,17.82,18.59
Kiribati,0.02,0.02,0.02,0.02,0.02,0.02,0.02,0.02,0.02,0.02,0.02,0.03,0.03,0.03,0.02,0.02,0.02,0.02,0.02,0.02,0.02,0.02,0.02,0.02,0.01,0.01,0.02,0.02,0.02,0.02,0.02,0.02,0.02,0.02,0.02,0.03,0.03,0.03,0.03,0.05,0.05,0.06,0.09,0.06,0.04,0.03,0.03,0.03
Kuwait,38.34,40.70,41.33,36.99,30.12,25.80,26.43,26.07,30.07,34.53,32.42,30.77,32.97,35.56,36.25,41.02,44.12,47.40,56.94,66.45,31.41,36.37,24.88,31.06,40.80,40.40,39.70,41.84,46.57,50.26,54.85,57.93,60.65,63.48,66.54,75.22,77.85,77.65,81.60,87.85,86.25,88.01,85.65,93.70,89.77,94.98,96.69,97.15
Kyrgyzstan,15.27,15.30,16.32,17.29,18.22,19.26,20.10,20.67,22.33,22.81,24.06,23.08,22.08,21.05,20.16,19.59,19.54,21.23,21.87,21.96,23.70,21.30,13.97,10.27,6.73,4.77,5.95,5.88,6.22,4.98,4.86,4.13,5.13,5.75,5.69,5.48,5.49,6.65,7.70,6.94,6.56,7.84,10.24,9.75,9.97,10.70,10.65,11.18
Laos,0.29,0.29,0.31,0.34,0.43,0.36,0.34,0.36,0.35,0.40,0.41,0.16,0.14,0.15,0.13,0.15,0.19,0.21,0.21,0.20,0.21,0.27,0.28,0.27,0.20,0.31,0.39,0.45,0.53,0.38,0.64,0.67,0.87,0.91,1.07,1.04,1.09,1.38,1.35,1.75,1.71,2.16,2.42,3.20,2.48,2.49,2.67,2.82
Latvia,13.68,13.69,14.75,15.69,15.98,17.47,17.36,18.18,18.29,19.29,19.33,20.20,20.15,20.43,20.30,20.30,20.92,20.96,21.18,20.82,20.14,18.37,14.58,12.28,10.78,9.47,9.55,9.05,8.74,8.12,7.56,7.91,7.87,8.10,8.13,8.24,8.74,9.13,8.66,7.90,8.91,8.12,7.99,7.86,7.66,7.77,8.09,8.05
Lebanon,5.38,5.47,5.99,7.40,7.53,6.71,6.29,5.47,6.62,7.44,7.52,7.62,5.60,5.98,6.11,7.13,7.52,7.69,5.94,5.98,5.98,7.41,7.96,11.36,12.49,14.47,15.02,16.50,16.38,16.87,15.23,16.43,16.37,16.39,16.59,16.50,15.57,14.14,17.74,21.49,20.56,20.89,23.35,23.19,24.79,25.13,23.29,23.10
Lesotho,0.08,0.08,0.08,0.08,0.08,0.09,0.09,0.09,0.09,0.10,0.11,0.10,0.09,0.10,0.09,0.10,0.10,0.13,0.06,0.11,0.10,0.12,0.11,0.11,0.11,0.11,0.11,0.12,0.11,0.11,0.16,0.16,0.16,0.17,0.17,0.17,0.17,0.25,0.25,0.20,0.53,0.24,0.25,0.67,0.73,0.69,0.71,0.75
Liberia,1.07,1.07,1.06,1.09,1.15,1.21,1.22,1.25,1.24,1.41,1.51,1.29,1.21,1.25,1.07,1.12,0.94,0.87,1.08,0.80,0.42,0.30,0.27,0.27,0.27,0.28,0.34,0.36,0.32,0.34,0.33,0.41,0.40,0.41,0.43,0.47,0.59,0.62,0.60,0.56,0.57,0.67,0.71,1.02,1.08,1.06,1.06,1.13
Libya,37.87,25.97,19.66,18.17,12.49,16.07,19.46,21.10,22.69,24.97,29.55,25.57,28.78,27.84,29.11,28.21,32.66,30.94,33.75,34.75,37.14,36.70,32.83,33.45,46.18,49.74,52.67,48.88,48.57,47.11,49.92,49.64,51.54,55.30,55.54,56.70,55.59,51.50,54.88,57.64,61.58,42.17,59.37,59.17,57.57,53.89,52.24,57.58
Lithuania,20.22,20.29,21.63,23.27,24.89,27.10,28.23,29.22,30.28,31.31,32.52,32.91,32.96,33.06,33.59,33.72,34.03,34.26,34.19,33.72,35.31,37.25,21.16,16.42,15.90,15.24,15.71,15.18,16.00,13.46,11.79,12.53,12.61,12.60,13.18,14.08,14.33,15.72,15.63,13.00,13.82,14.18,14.37,13.29,13.21,13.44,15.17,15.31
Luxembourg,18.42,17.18,16.91,18.28,16.97,13.50,14.37,13.66,14.93,14.06,13.23,11.25,10.57,9.92,10.86,11.05,10.79,10.26,10.80,11.61,11.75,12.20,11.86,12.09,11.24,9.02,9.04,8.54,7.85,8.21,8.84,9.38,10.07,10.49,11.93,12.16,11.98,11.39,11.24,10.64,11.24,11.13,10.90,10.35,9.84,9.33,9.21,9.54
Macao,0.35,0.35,0.37,0.41,0.51,0.43,0.41,0.43,0.43,0.48,0.50,0.53,0.49,0.73,0.67,0.62,0.71,0.92,0.93,0.95,0.98,0.97,1.00,1.10,0.84,0.86,0.99,1.05,1.20,1.24,1.20,1.33,1.34,1.36,1.88,1.62,1.76,1.55,1.47,1.43,1.18,1.64,2.59,1.51,1.02,1.11,1.21,1.28
Madagascar,0.68,0.68,0.67,0.69,0.73,0.76,0.78,0.80,0.79,0.88,0.96,0.78,0.67,0.81,0.77,0.88,0.67,1.15,1.21,0.83,0.70,0.88,0.84,0.84,0.95,1.03,1.06,1.16,1.01,1.04,1.42,1.60,1.78,1.95,2.21,2.22,2.15,2.38,2.01,1.86,2.20,3.02,3.33,3.88,3.82,3.82,3.91,4.16
Malawi,0.28,0.28,0.28,0.30,0.31,0.33,0.42,0.44,0.46,0.50,0.54,0.51,0.52,0.39,0.35,0.39,0.38,0.45,0.40,0.48,0.46,0.63,0.57,0.59,0.62,0.64,0.65,0.73,0.64,0.69,0.79,0.92,0.97,1.01,1.14,1.44,1.48,1.65,1.60,1.43,1.47,1.44,1.39,1.32,1.32,1.44,1.48,1.57
Malaysia,14.32,15.11,15.36,15.89,19.51,21.13,23.38,23.13,24.93,28.33,30.10,31.25,33.10,37.17,38.73,38.97,39.58,40.35,43.43,50.98,59.23,70.81,74.01,82.06,84.59,91.14,104.06,111.55,110.35,120.89,132.41,137.58,148.38,157.87,170.45,182.50,190.17,207.74,220.63,199.07,217.36,218.30,221.68,238.34,250.88,250.71,255.95,258.78
Maldives,0.01,0.01,0.01,0.01,0.02,0.01,0.01,0.01,0.01,0.01,0.01,0.02,0.01,0.02,0.05,0.06,0.06,0.07,0.07,0.06,0.06,0.06,0.07,0.13,0.14,0.24,0.25,0.20,0.27,0.26,0.38,0.40,0.70,0.78,0.59,0.48,0.60,0.67,0.73,0.82,0.88,1.11,1.59,1.38,0.85,0.82,0.91,0.96
Mali,0.27,0.26,0.27,0.28,0.29,0.30,0.30,0.31,0.30,0.33,0.36,0.43,0.32,0.32,0.32,0.37,0.30,0.43,0.23,0.42,0.38,0.45,0.41,0.41,0.41,0.43,0.44,0.53,0.47,0.48,0.49,0.51,0.52,0.53,0.54,0.54,0.56,0.56,0.59,0.56,0.57,0.56,0.56,0.81,0.88,0.89,0.91,0.95
Malta,0.71,0.71,0.89,0.85,0.78,0.71,0.79,0.84,0.97,0.95,1.05,1.19,1.35,1.01,1.37,1.20,1.91,2.00,2.18,2.36,2.35,2.25,2.21,2.84,2.55,2.42,2.37,2.51,2.42,2.45,2.16,2.52,2.35,2.64,2.64,2.77,2.65,2.80,2.63,2.52,2.63,2.61,2.77,2.44,2.42,1.72,1.84,1.88
Martinique,0.23,0.23,0.27,0.29,0.25,0.30,0.27,0.30,0.31,0.30,0.31,0.33,0.33,0.33,0.32,0.40,0.47,0.55,0.65,0.85,0.94,0.84,0.91,1.13,1.11,1.13,1.14,1.09,1.07,1.11,1.06,1.07,1.08,1.12,1.18,1.12,1.09,1.15,1.02,1.26,1.34,1.33,2.27,2.47,2.32,2.37,2.37,2.37
Mauritania,0.36,0.36,0.36,0.37,0.39,0.41,0.42,0.43,0.43,0.48,0.52,0.48,0.47,0.42,0.63,0.61,0.40,0.69,0.83,0.87,0.68,0.86,2.40,2.43,2.55,2.69,2.63,2.81,2.50,2.58,2.58,2.67,2.52,2.72,2.46,2.91,2.67,2.60,1.85,1.93,2.06,2.37,2.54,2.62,2.74,2.73,2.83,2.96
Mauritius,0.30,0.30,0.35,0.38,0.45,0.46,0.51,0.59,0.62,0.63,0.59,0.60,0.56,0.63,0.68,0.64,0.79,0.84,0.93,1.04,1.19,1.27,1.35,1.48,1.53,1.57,1.64,1.65,1.81,2.21,2.45,2.59,2.64,2.76,2.79,2.98,3.32,3.41,3.48,3.44,3.68,3.66,3.76,3.85,3.99,4.00,3.81,3.99
Mexico,120.81,121.29,133.52,143.68,158.50,166.83,177.95,184.23,205.94,218.17,241.38,259.42,276.90,261.50,265.73,274.79,270.53,282.06,280.91,294.26,290.35,308.24,312.16,320.15,345.85,326.27,342.20,361.38,383.70,372.83,397.03,395.03,401.19,421.25,431.04,448.17,464.72,471.83,473.30,463.48,478.56,488.41,507.75,496.65,484.72,493.61,521.79,507.18
Moldova,0.76,0.79,0.81,0.85,0.88,0.91,0.92,0.95,0.95,0.92,0.95,0.96,1.07,1.07,1.06,1.06,1.41,1.51,1.56,1.47,31.96,25.77,20.47,17.34,14.09,12.18,10.50,9.55,8.63,7.32,6.79,7.09,7.24,7.79,7.84,8.14,8.02,7.87,7.81,7.69,8.36,8.37,8.25,7.30,7.95,8.24,8.52,8.26
Mongolia,5.09,5.09,4.86,5.34,5.94,6.12,6.28,7.20,7.73,8.37,9.09,8.74,9.32,9.67,10.23,11.92,13.05,13.87,14.70,13.97,13.15,14.84,12.95,11.92,10.39,10.34,8.75,8.57,8.61,8.66,9.05,9.02,9.66,9.37,9.58,11.08,12.56,13.12,13.09,13.73,14.37,15.84,17.23,18.47,18.20,17.42,24.31,25.75
Morocco,6.84,6.88,7.71,9.14,10.10,10.83,11.87,13.10,14.02,15.18,15.64,15.76,16.47,17.32,17.49,18.21,18.70,19.16,20.17,21.80,22.39,23.49,25.17,25.88,28.06,29.19,28.86,30.36,31.09,32.72,33.44,36.86,38.12,37.94,41.75,44.37,45.47,46.14,49.03,48.90,51.98,56.21,58.47,58.05,59.63,61.50,59.78,61.58
Mozambique,3.18,3.20,2.94,3.13,2.96,2.56,2.60,2.53,2.22,2.10,2.53,2.23,2.07,1.90,1.61,1.60,1.56,1.56,1.57,1.55,1.18,1.00,1.18,1.37,1.17,1.28,1.24,1.37,1.32,1.32,1.60,1.93,2.02,2.56,2.82,2.70,2.86,3.27,3.18,3.45,3.68,4.16,4.11,4.39,5.40,6.59,7.41,7.75
Myanmar/Burma,5.05,5.11,5.09,4.19,4.69,4.49,4.71,5.24,5.38,5.62,5.99,5.42,5.63,5.47,5.96,6.26,6.61,5.02,4.66,4.68,4.40,4.25,4.52,5.06,6.02,7.32,7.70,7.65,8.33,9.17,9.91,8.72,8.74,10.86,10.54,11.15,10.41,10.82,8.20,7.63,8.49,8.69,12.29,14.72,21.53,25.67,27.07,28.46
Namibia,1.20,1.20,1.18,1.21,1.28,1.34,1.34,1.38,1.35,1.52,1.67,1.53,1.46,1.48,1.44,1.49,1.59,2.03,1.91,1.74,1.54,1.14,1.24,1.44,1.66,1.80,1.95,2.03,2.09,1.99,1.91,2.44,2.13,2.26,2.35,2.50,2.51,2.60,2.94,3.00,3.09,3.29,3.44,3.68,3.86,4.13,4.23,4.30
Nepal,0.27,0.28,0.36,0.50,0.49,0.41,0.35,0.40,0.38,0.55,0.61,0.53,0.60,0.82,0.88,0.67,0.88,0.94,0.94,0.75,1.07,1.31,1.37,1.52,1.85,2.01,2.13,2.36,2.50,3.29,3.38,3.62,2.95,3.18,2.93,3.30,2.73,2.81,3.11,4.07,4.79,5.37,6.18,6.15,7.17,6.53,7.76,8.22
Netherlands,135.11,135.51,150.96,157.28,149.16,140.93,151.67,149.39,154.17,163.55,155.94,155.05,144.75,140.19,146.34,150.63,153.07,157.29,157.30,160.64,161.45,167.88,166.03,170.23,170.58,177.43,187.81,179.93,180.64,175.83,176.53,181.20,181.72,183.93,186.40,181.43,177.06,178.21,179.37,174.42,185.52,173.75,172.17,171.42,163.82,175.60,176.79,174.77
New Caledonia,1.23,1.23,1.29,1.44,1.76,1.53,1.47,1.58,1.59,1.79,1.86,1.92,1.22,1.22,1.25,1.70,1.59,1.76,1.69,1.73,1.62,1.78,1.72,1.65,1.22,1.24,1.40,1.31,1.42,1.51,1.88,1.91,2.11,2.14,2.56,2.45,2.69,2.92,3.50,3.29,4.95,6.20,6.51,5.78,5.33,5.03,5.56,5.91
New Zealand,14.03,13.85,16.00,17.12,18.08,16.97,18.76,19.77,19.82,18.15,18.42,17.91,19.64,19.85,20.26,20.80,19.84,21.07,22.34,22.42,24.01,24.66,26.37,26.16,26.43,27.13,28.49,30.95,30.41,32.16,33.31,35.46,35.48,37.37,36.01,36.75,36.88,36.04,36.93,34.09,34.12,33.43,35.30,35.22,35.50,35.56,35.23,36.79
Nicaragua,1.61,1.62,1.68,1.88,2.02,2.01,2.29,2.80,2.53,1.64,1.96,2.07,2.02,2.16,1.98,1.99,2.34,2.33,2.12,1.85,1.94,1.96,2.28,2.24,2.56,2.70,2.87,3.08,3.58,3.61,3.76,3.99,4.13,4.28,4.42,4.31,4.56,4.68,4.50,4.47,4.63,4.83,4.79,4.64,4.90,5.52,5.77,5.92
Niger,0.32,0.32,0.32,0.33,0.34,0.36,0.40,0.41,0.41,0.45,0.50,0.49,0.55,0.63,0.57,0.59,0.62,0.75,0.99,0.97,0.87,0.99,0.86,0.93,0.81,0.83,0.88,1.02,0.98,1.05,0.70,0.71,0.73,0.79,0.83,0.80,0.80,0.86,0.91,1.13,1.43,1.45,2.04,2.02,2.19,2.15,2.28,2.50
Nigeria,24.08,34.87,44.97,54.03,67.87,52.67,62.04,55.94,59.14,82.59,75.91,63.95,62.17,62.44,62.08,64.76,63.15,60.40,68.12,71.30,68.58,76.27,85.52,84.56,80.22,88.20,102.98,101.28,91.79,90.33,99.95,105.75,95.82,106.12,102.61,100.20,89.82,82.50,88.38,77.96,90.28,95.11,90.43,90.10,85.39,89.03,88.31,94.85
North Korea,14.64,15.02,16.15,16.41,17.08,17.96,19.27,19.71,104.07,111.57,117.98,121.12,126.49,131.14,134.59,139.74,137.30,132.32,135.72,137.32,131.37,126.24,111.60,103.44,94.93,89.07,79.04,76.65,62.88,68.54,73.74,76.56,73.32,74.84,76.35,79.57,81.05,67.81,74.29,56.71,52.78,38.48,39.26,28.36,31.97,25.83,35.75,37.77
Norway,36.79,35.37,37.83,38.43,36.89,36.43,38.48,39.31,38.59,41.24,39.24,36.17,32.64,32.50,34.57,35.43,37.91,36.36,37.56,36.43,36.46,34.17,36.93,38.97,41.53,41.71,42.07,44.46,46.16,47.77,42.84,43.32,42.71,45.49,45.81,44.19,44.82,45.66,45.17,44.72,46.72,45.34,44.65,43.11,44.19,44.76,42.67,46.94
Oman,2.41,2.41,2.42,2.45,2.68,8.25,9.40,9.52,8.20,7.75,5.47,6.11,5.87,7.06,7.24,6.89,7.83,7.79,8.39,8.53,11.88,15.67,14.89,14.07,16.05,18.77,19.83,20.45,19.89,22.40,25.29,28.41,30.38,32.03,31.60,32.96,42.10,45.50,44.82,47.90,52.48,60.73,66.51,69.26,72.85,76.99,78.20,78.42
Pakistan,21.16,22.21,22.48,23.31,24.61,27.39,27.08,28.61,30.97,33.50,35.87,38.31,43.18,45.19,47.76,52.89,47.42,55.13,59.37,63.37,66.27,67.49,74.44,82.15,82.58,88.87,92.53,96.03,97.48,106.68,107.82,110.52,111.03,114.82,128.23,130.35,141.76,157.55,153.18,155.63,150.49,152.04,153.22,155.16,163.20,167.56,184.50,197.30
Palau,1.99,1.99,1.99,1.99,1.99,1.99,1.99,1.99,1.99,1.99,1.99,2.02,2.01,2.09,2.31,1.87,2.04,2.13,2.04,2.13,2.15,2.14,1.95,2.00,2.99,2.35,2.21,2.52,2.28,2.42,2.12,2.36,1.44,1.72,1.52,1.73,1.70,1.38,1.40,2.17,2.11,2.37,3.60,1.82,1.27,1.19,1.33,1.41
Panama,2.59,2.60,2.81,3.15,3.19,3.25,3.25,3.22,3.06,3.32,3.20,2.79,3.15,3.57,2.97,2.83,2.93,3.24,2.49,2.60,2.74,3.15,3.76,3.84,4.09,4.39,4.43,4.65,5.73,5.02,5.21,6.22,5.43,5.54,5.64,7.20,7.59,7.33,7.24,8.67,9.44,10.21,10.66,10.77,11.44,11.53,12.10,12.26
Papua New Guinea,1.48,1.48,1.47,1.65,2.04,1.78,1.62,1.81,1.68,1.93,1.88,2.08,1.91,2.07,2.05,2.45,2.17,2.33,2.15,2.10,2.31,2.22,2.26,2.25,1.58,1.81,1.91,1.91,2.68,2.00,2.26,2.41,3.00,3.31,3.67,4.38,4.43,3.85,3.74,3.11,3.08,3.67,4.97,6.08,4.44,3.77,4.24,4.35
Paraguay,0.68,0.70,0.75,0.83,0.80,0.86,0.95,1.33,1.59,1.53,1.56,1.51,1.50,1.46,1.60,1.60,1.71,1.89,2.13,2.13,2.26,2.22,2.65,3.00,3.49,3.95,3.90,4.31,4.52,4.53,3.76,3.90,4.08,4.22,4.26,3.93,4.10,4.23,4.53,4.60,5.18,5.36,5.61,5.54,5.80,6.35,6.45,6.54
Peru,18.31,18.11,18.13,19.25,20.94,21.05,21.59,21.34,21.29,22.09,23.04,23.67,23.20,19.77,20.44,19.74,21.43,23.20,23.47,21.21,21.04,20.44,21.21,22.14,22.70,25.79,28.35,28.26,27.16,29.21,28.87,26.82,27.97,27.45,31.70,31.69,31.29,34.19,38.77,41.66,45.15,48.19,48.71,49.51,52.78,53.86,57.49,55.93
Philippines,25.63,25.92,26.95,30.95,29.50,32.53,32.72,36.09,37.85,40.89,37.42,35.41,35.85,38.01,33.04,31.65,29.73,36.53,38.57,40.36,43.62,43.84,47.46,51.12,55.58,66.86,70.13,78.71,77.40,75.59,76.38,73.75,74.88,76.93,77.89,81.26,73.09,78.91,80.10,80.59,87.05,86.86,91.84,101.75,109.93,118.35,128.23,137.15
Poland,310.42,318.89,332.07,349.71,362.52,377.41,402.34,416.52,443.62,444.44,455.47,418.57,425.63,428.25,444.04,453.00,460.55,475.68,465.16,444.91,371.14,368.73,359.39,359.35,353.34,355.59,370.09,361.27,333.48,324.27,312.19,308.96,302.16,314.45,317.00,316.26,329.90,329.40,323.73,310.16,327.83,325.38,317.18,312.38,300.20,302.96,315.09,319.03
Portugal,15.96,17.48,17.99,19.68,19.93,21.68,23.07,22.98,24.10,26.86,28.45,29.99,30.41,30.99,29.84,28.57,32.09,33.04,34.18,42.41,43.67,45.50,49.28,48.20,49.75,53.26,51.29,53.68,58.30,64.95,64.51,63.94,68.08,63.10,64.75,68.08,63.17,61.53,59.60,58.89,53.51,51.92,50.47,48.90,48.30,52.27,52.13,56.77
Puerto Rico,1.77,1.87,1.95,1.95,1.92,1.77,1.75,1.66,1.66,1.50,1.45,1.41,1.31,1.28,1.38,1.31,1.31,1.42,1.40,2.19,2.06,2.07,1.85,1.83,2.09,1.89,2.08,2.13,2.11,2.19,2.19,2.16,2.15,2.38,2.28,2.27,2.29,2.27,2.35,2.15,2.13,2.09,2.13,2.09,2.12,2.16,2.16,2.16
Qatar,8.46,10.21,12.17,14.00,11.94,12.48,11.15,10.52,11.51,12.27,11.29,10.70,11.54,11.16,14.29,13.86,14.82,15.17,15.70,16.63,16.29,17.51,18.64,19.31,20.52,21.00,22.81,27.93,29.51,32.25,31.74,32.30,36.18,38.25,41.10,43.43,48.71,54.12,57.95,62.61,69.78,76.42,81.89,83.61,89.39,90.61,90.88,97.79
Réunion,0.39,0.40,0.40,0.41,0.43,0.45,0.45,0.46,0.44,0.50,0.54,0.51,0.49,0.60,0.64,0.67,0.72,0.96,1.04,1.06,1.01,1.29,1.21,1.50,1.56,1.55,1.58,1.74,1.95,2.01,2.02,2.16,2.12,2.24,2.37,2.37,2.42,2.58,2.72,2.91,2.96,3.44,3.62,2.47,2.54,2.68,2.74,2.92
Romania,130.17,130.84,135.38,147.47,148.92,160.78,175.50,183.61,198.76,203.80,201.41,202.15,201.06,203.03,200.72,199.69,205.67,213.01,217.20,212.23,187.14,152.20,136.97,128.09,125.18,131.27,134.93,123.87,108.65,92.86,97.08,102.97,102.75,108.50,106.24,104.71,108.96,106.39,104.50,85.23,82.67,88.98,86.77,76.35,75.97,77.75,76.42,81.13
Russia,1314.17,1315.62,1379.09,1457.19,1529.02,1635.48,1690.02,1727.38,1833.38,1855.23,1907.14,1902.32,1936.98,1958.10,1977.15,2003.87,2061.40,2110.35,2158.36,2163.77,2378.92,2340.54,2151.79,1956.92,1789.13,1746.16,1702.53,1589.12,1591.59,1638.23,1675.40,1682.59,1671.12,1735.97,1734.07,1733.95,1770.33,1771.87,1757.25,1654.27,1731.46,1817.88,1799.09,1743.39,1724.70,1730.13,1745.54,1764.87
Rwanda,0.08,0.08,0.08,0.09,0.09,0.10,0.10,0.10,0.10,0.11,0.12,0.25,0.24,0.29,0.42,0.49,0.48,0.67,0.64,0.59,0.53,0.61,0.60,0.55,0.53,0.55,0.56,0.60,0.55,0.58,0.62,0.64,0.64,0.67,0.69,0.75,0.75,0.67,0.74,0.77,0.79,0.92,0.96,0.87,0.92,0.95,1.05,1.11
"Saint Helena, Ascension and Tristan da Cunha",0.00,0.00,0.00,0.00,0.00,0.00,0.00,0.00,0.00,0.00,0.00,0.00,0.00,0.00,0.00,0.00,0.00,0.00,0.01,0.01,0.01,0.01,0.01,0.01,0.01,0.01,0.00,0.00,0.00,0.00,0.01,0.01,0.01,0.01,0.01,0.01,0.01,0.01,0.01,0.01,0.01,0.01,0.01,0.01,0.01,0.01,0.01,0.01
Saint Kitts and Nevis,0.02,0.02,0.02,0.02,0.02,0.02,0.02,0.02,0.02,0.02,0.02,0.02,0.02,0.02,0.02,0.02,0.03,0.03,0.04,0.03,0.03,0.04,0.04,0.04,0.04,0.04,0.04,0.04,0.04,0.04,0.04,0.04,0.03,0.07,0.07,0.06,0.09,0.13,0.13,0.13,0.14,0.14,0.25,0.25,0.23,0.24,0.24,0.24
Saint Lucia,0.04,0.04,0.05,0.05,0.04,0.05,0.05,0.05,0.05,0.05,0.05,0.03,0.05,0.03,0.03,0.06,0.07,0.08,0.08,0.08,0.08,0.08,0.12,0.08,0.11,0.11,0.12,0.11,0.11,0.11,0.17,0.17,0.17,0.21,0.18,0.16,0.15,0.19,0.19,0.20,0.21,0.21,0.37,0.38,0.35,0.36,0.36,0.36
Saint Pierre and Miquelon,0.04,0.04,0.05,0.05,0.04,0.05,0.05,0.05,0.05,0.05,0.05,0.05,0.05,0.05,0.06,0.06,0.07,0.11,0.11,0.15,0.15,0.12,0.12,0.08,0.07,0.04,0.04,0.03,0.03,0.04,0.03,0.03,0.03,0.03,0.04,0.03,0.03,0.03,0.03,0.03,0.04,0.04,0.06,0.06,0.08,0.08,0.08,0.08
Saint Vincent and the Grenadines,0.01,0.01,0.01,0.02,0.01,0.02,0.01,0.02,0.02,0.02,0.02,0.01,0.02,0.02,0.02,0.02,0.02,0.02,0.03,0.04,0.04,0.04,0.04,0.04,0.08,0.07,0.08,0.07,0.07,0.07,0.07,0.07,0.10,0.10,0.11,0.09,0.09,0.10,0.10,0.10,0.11,0.11,0.19,0.19,0.17,0.18,0.18,0.18
Samoa,0.05,0.05,0.05,0.06,0.07,0.06,0.06,0.06,0.06,0.07,0.07,0.07,0.14,0.14,0.12,0.13,0.12,0.13,0.13,0.13,0.13,0.13,0.13,0.13,0.09,0.10,0.10,0.10,0.11,0.10,0.11,0.12,0.11,0.11,0.12,0.12,0.11,0.10,0.11,0.11,0.12,0.15,0.21,0.19,0.13,0.13,0.14,0.15
São Tomé and Príncipe,0.02,0.02,0.02,0.02,0.02,0.02,0.02,0.02,0.02,0.02,0.02,0.02,0.02,0.02,0.02,0.02,0.02,0.03,0.03,0.03,0.05,0.06,0.05,0.05,0.05,0.05,0.05,0.06,0.05,0.05,0.05,0.05,0.05,0.06,0.06,0.06,0.11,0.06,0.12,0.13,0.13,0.16,0.16,0.13,0.14,0.14,0.15,0.16
Saudi Arabia,47.02,58.15,75.90,103.21,108.47,88.98,110.63,119.36,127.37,151.62,187.53,174.01,178.07,177.08,132.90,134.98,134.67,145.95,158.48,159.87,166.17,172.65,188.18,198.84,217.16,215.66,229.00,231.67,245.80,251.31,264.17,274.41,291.56,304.65,321.96,339.44,359.65,379.48,413.07,436.55,478.05,499.14,530.89,562.28,595.91,620.70,629.46,638.76
Senegal,1.37,1.37,1.45,1.56,1.67,1.82,1.91,2.03,1.98,2.19,2.27,2.24,2.15,2.14,2.29,2.37,2.27,2.28,2.20,2.31,2.40,2.41,2.65,2.58,2.64,2.80,3.01,3.31,3.70,4.07,4.03,4.55,4.73,4.59,5.23,5.80,5.67,6.27,6.47,6.63,7.03,7.54,7.42,7.85,7.98,8.37,8.84,9.69
Serbia and Montenegro,24.81,24.94,25.49,27.90,29.55,31.13,33.00,34.87,37.79,40.21,40.03,47.25,49.49,54.28,56.34,59.34,62.08,59.53,62.48,62.56,66.39,55.59,51.27,45.04,41.53,46.89,54.82,59.72,59.65,42.43,50.81,54.62,58.19,61.91,66.57,61.50,63.89,62.29,61.71,57.83,59.85,64.31,57.80,58.79,49.70,57.62,60.46,62.49
Seychelles,0.11,0.11,0.11,0.11,0.12,0.12,0.12,0.13,0.13,0.14,0.16,0.14,0.09,0.18,0.18,0.19,0.20,0.32,0.36,0.38,0.29,0.40,0.35,0.35,0.35,0.37,0.38,0.46,0.41,0.42,0.41,0.42,0.62,0.66,0.68,0.68,0.90,0.79,0.92,1.03,0.93,1.09,1.14,0.87,0.86,0.89,0.91,0.97
Sierra Leone,0.42,0.42,0.41,0.42,0.45,0.47,0.47,0.48,0.47,0.53,0.58,0.54,0.51,0.54,0.51,0.58,0.67,0.91,0.92,0.83,0.74,0.93,0.58,0.58,0.58,0.65,0.73,0.73,0.67,0.69,0.73,0.80,0.81,0.86,1.06,0.49,0.68,0.60,0.61,0.69,0.73,0.84,0.88,1.13,1.16,1.21,1.23,1.31
Singapore,6.63,6.66,7.96,8.86,9.26,9.31,10.12,11.22,12.84,13.81,13.86,15.01,15.67,17.01,17.23,18.90,19.16,19.51,22.12,23.51,31.62,33.39,34.24,39.49,41.54,41.29,42.43,42.23,40.67,41.18,45.34,45.21,44.82,42.25,44.21,43.00,44.00,45.37,45.68,46.89,51.07,53.78,53.24,53.97,53.07,52.20,53.67,55.02
Slovakia,38.45,38.42,39.15,40.67,41.49,42.90,43.70,45.41,57.38,58.41,62.23,60.79,58.89,58.61,60.75,60.48,57.65,59.60,60.50,60.12,60.54,52.47,49.05,47.59,45.04,45.51,45.72,45.76,44.76,44.33,42.37,42.10,41.72,42.00,41.67,42.19,41.61,40.89,40.82,36.96,39.66,37.92,36.43,36.93,34.78,35.10,35.56,37.85
Slovenia,9.90,9.85,9.98,11.06,11.73,11.14,11.50,12.01,13.04,13.82,13.05,13.15,13.39,14.71,13.24,13.21,13.92,12.21,16.37,17.52,16.62,15.37,15.36,15.81,15.90,15.90,16.73,17.00,16.72,16.04,15.67,17.53,17.83,17.70,18.05,18.30,18.65,18.62,19.58,17.60,17.89,16.79,16.30,15.76,14.36,14.37,15.35,15.21
Solomon Islands,0.05,0.05,0.05,0.06,0.07,0.06,0.06,0.06,0.06,0.07,0.07,0.15,0.14,0.15,0.12,0.14,0.12,0.13,0.14,0.13,0.13,0.13,0.14,0.13,0.10,0.10,0.10,0.10,0.11,0.11,0.17,0.18,0.17,0.16,0.18,0.19,0.17,0.16,0.18,0.17,0.18,0.23,0.33,0.20,0.13,0.13,0.14,0.15
Somalia,0.64,0.64,0.63,0.64,0.68,0.72,0.72,0.74,0.73,0.82,0.90,0.92,0.88,0.85,0.87,0.90,1.05,0.99,0.91,0.83,0.69,0.48,0.43,0.42,0.43,0.44,0.45,0.49,0.43,0.45,0.54,0.55,0.54,0.58,0.60,0.76,0.82,0.76,0.77,0.74,0.83,0.97,1.01,0.83,0.83,0.85,0.87,0.93
South Africa,185.17,184.09,190.75,207.90,214.62,230.51,244.91,244.60,222.50,227.93,242.06,255.66,262.10,264.29,281.74,286.41,284.09,300.16,303.74,300.50,312.46,304.33,297.84,299.58,306.40,322.96,334.21,349.12,355.28,338.56,345.19,355.03,368.40,391.63,422.73,433.17,437.31,456.17,485.86,454.44,464.86,445.78,461.35,472.71,484.20,477.28,476.63,467.65
South Korea,62.45,63.14,65.05,80.11,84.22,91.24,102.01,116.04,122.39,138.76,141.17,147.66,147.41,160.35,180.66,189.19,196.96,202.62,228.78,240.18,270.06,295.19,314.16,344.37,371.35,403.51,429.69,452.75,387.24,423.61,481.82,495.62,491.69,495.53,515.14,514.95,521.65,532.32,542.28,549.59,596.45,626.48,628.58,632.92,630.98,646.11,650.77,673.32
Spain and Andorra,143.12,139.82,152.16,164.98,177.45,183.45,201.52,193.54,191.58,203.57,213.89,219.32,212.41,215.85,204.80,197.94,201.59,202.56,206.72,225.38,229.97,237.73,246.25,231.75,242.30,254.99,245.16,264.41,273.43,295.91,311.87,311.77,330.02,337.24,353.78,368.95,359.67,372.79,341.28,301.53,288.03,290.13,284.97,257.50,255.74,271.17,263.91,282.36
Sri Lanka,3.10,3.15,3.77,3.93,3.38,2.98,3.04,3.27,3.86,4.17,4.16,4.30,4.89,4.99,4.36,3.96,3.92,4.50,4.33,4.11,4.19,4.37,5.46,5.33,6.13,6.17,8.73,8.70,8.98,9.90,11.34,11.25,11.77,12.74,13.18,14.42,12.93,14.18,13.46,12.92,13.68,16.12,17.61,15.24,18.30,21.40,22.78,23.98
Sudan and South Sudan,3.40,3.42,3.67,4.77,4.50,3.49,3.38,3.56,3.26,3.33,3.90,3.79,3.91,3.99,3.59,4.22,4.15,3.22,4.60,4.17,5.54,4.96,4.69,3.36,4.93,4.62,4.52,5.47,4.95,5.47,6.01,6.52,7.97,8.20,9.14,10.77,13.19,14.29,15.25,15.78,16.67,15.96,17.27,17.13,17.34,19.09,20.23,21.06
Suriname,0.76,0.76,0.83,0.93,0.78,0.93,0.85,0.92,0.97,0.92,0.90,0.91,0.76,0.54,0.51,0.66,0.70,0.63,0.70,0.79,0.91,0.91,0.87,0.83,0.82,0.86,0.84,0.84,0.82,0.81,1.49,1.52,1.11,1.23,1.39,1.69,1.53,1.41,1.45,1.45,1.72,1.82,2.05,2.02,2.04,2.12,2.21,2.21
Swaziland,0.18,0.18,0.18,0.19,0.20,0.22,0.46,0.51,0.54,0.57,0.63,0.57,0.71,0.43,0.39,0.52,0.64,0.69,0.66,0.65,0.60,0.64,0.51,0.46,0.62,0.61,0.60,0.94,0.91,0.97,1.67,1.64,1.55,1.41,1.36,1.54,1.69,2.07,2.18,2.11,2.05,1.74,1.76,1.21,1.17,1.14,1.17,1.25
Sweden,96.46,89.27,89.44,91.47,84.37,85.95,92.74,89.18,83.85,86.73,79.37,71.97,65.92,60.28,59.73,63.66,65.28,63.38,61.50,58.68,58.12,58.90,61.11,60.85,63.16,62.99,68.45,62.37,63.45,62.11,58.38,58.33,59.74,60.45,58.91,55.88,55.33,52.98,51.05,47.33,53.34,49.11,45.98,44.15,49.41,49.55,51.22,50.87
Switzerland and Liechtenstein,41.45,43.41,44.09,47.70,42.90,40.48,42.20,42.68,43.84,42.52,43.29,40.92,38.72,42.82,42.32,45.53,45.44,43.88,43.93,43.76,44.96,47.28,47.22,44.88,43.93,44.73,45.28,43.99,45.46,45.72,44.90,46.34,44.71,46.01,46.54,47.16,46.73,44.78,46.16,44.78,46.47,42.35,43.66,44.57,40.80,40.04,38.92,39.74
Syria,6.40,6.46,6.23,5.92,8.02,9.39,10.83,11.93,12.25,15.47,14.49,16.30,19.29,22.74,25.45,22.95,23.81,31.27,30.47,29.20,33.88,37.25,37.17,38.42,38.68,40.26,43.29,43.12,45.85,44.99,45.67,45.87,45.66,45.82,47.76,58.58,61.43,64.46,66.14,62.13,61.60,56.25,44.61,32.88,30.40,29.21,27.21,28.38
Taiwan,36.12,36.35,40.88,45.49,44.55,48.18,57.02,61.29,69.43,73.39,80.71,74.28,73.56,78.35,80.34,79.66,92.39,97.49,113.07,122.38,124.38,133.49,141.77,151.64,160.29,169.07,178.38,192.15,202.48,210.82,229.59,234.55,242.94,252.81,261.78,269.10,276.23,279.63,268.22,254.13,271.03,270.77,262.50,263.83,265.10,266.71,271.09,279.74
Tajikistan,7.55,7.59,7.99,8.37,8.75,9.45,9.71,9.96,10.22,10.48,10.96,10.99,11.02,11.16,11.05,11.53,11.95,12.14,12.36,12.47,12.27,11.71,8.69,5.82,3.62,3.08,2.74,3.03,3.26,3.07,2.80,2.76,2.82,2.88,3.42,3.26,3.57,4.13,3.79,3.11,3.13,3.14,3.77,3.33,4.94,5.39,5.47,5.70
Tanzania,1.57,1.58,1.84,1.92,1.76,1.65,1.59,1.63,1.70,1.79,1.77,1.79,1.63,1.60,1.67,1.76,1.86,1.89,1.97,1.99,2.10,2.22,2.06,2.17,2.15,2.95,3.48,3.26,2.84,2.66,3.09,3.28,3.72,3.93,5.27,5.78,6.09,5.99,6.14,5.95,7.14,8.88,11.01,11.27,11.47,12.88,13.99,14.65
Thailand,18.06,18.14,20.53,23.12,23.16,23.68,27.08,30.03,33.30,35.42,37.18,36.57,35.37,39.33,43.16,48.46,49.87,57.58,65.68,76.51,93.01,102.99,112.68,127.70,142.91,161.93,182.04,185.59,163.54,171.08,171.54,180.18,191.24,199.84,218.20,225.61,229.01,235.67,238.99,231.91,245.37,244.39,262.37,271.38,267.00,270.29,274.45,279.30
The Gambia,0.08,0.08,0.08,0.08,0.08,0.09,0.09,0.09,0.09,0.10,0.11,0.10,0.09,0.10,0.09,0.10,0.10,0.19,0.18,0.17,0.15,0.18,0.16,0.16,0.16,0.16,0.17,0.18,0.16,0.17,0.21,0.22,0.21,0.23,0.23,0.23,0.29,0.37,0.38,0.40,0.47,0.48,0.50,0.47,0.48,0.51,0.52,0.55
Timor-Leste,0.10,0.10,0.10,0.11,0.14,0.12,0.11,0.12,0.12,0.13,0.14,0.15,0.14,0.14,0.12,0.13,0.12,0.13,0.13,0.13,0.13,0.13,0.13,0.13,0.09,0.10,0.10,0.10,0.17,0.27,0.34,0.24,0.21,0.20,0.45,0.27,0.31,0.37,0.26,0.26,0.25,0.32,0.63,0.66,0.44,0.40,0.40,0.42
Togo,0.35,0.38,0.42,0.37,0.35,0.40,0.36,0.47,0.51,0.56,0.52,0.51,0.57,0.42,0.46,0.44,0.65,0.70,0.69,0.70,0.77,0.71,0.54,0.42,0.76,0.75,1.14,0.86,1.06,1.37,1.27,1.14,1.21,1.45,1.39,1.33,1.24,1.23,1.60,2.72,2.54,2.33,2.22,2.33,2.37,2.43,2.57,2.84
Tonga,0.02,0.02,0.02,0.02,0.03,0.03,0.02,0.03,0.03,0.03,0.03,0.05,0.04,0.05,0.04,0.04,0.04,0.06,0.07,0.06,0.06,0.06,0.07,0.06,0.09,0.09,0.10,0.10,0.11,0.10,0.11,0.12,0.11,0.10,0.12,0.12,0.11,0.15,0.17,0.16,0.18,0.22,0.32,0.19,0.12,0.12,0.13,0.14
Trinidad and Tobago,8.07,7.92,7.79,8.76,9.63,9.37,10.30,11.04,10.93,10.88,12.15,12.75,15.72,16.77,17.49,18.59,17.93,18.11,17.85,16.58,14.89,15.33,15.91,14.88,13.58,13.47,14.71,15.11,17.02,18.19,19.02,21.59,23.44,26.36,28.47,34.45,37.14,39.97,39.22,37.44,41.04,40.76,38.45,39.91,40.34,40.23,37.95,37.75
Tunisia,4.24,4.26,4.76,4.80,5.30,5.40,5.77,6.47,7.20,8.50,9.36,9.67,9.38,10.93,11.37,11.75,12.06,12.20,13.08,14.11,14.70,15.10,15.95,16.55,16.88,17.25,17.78,18.35,19.12,20.13,21.14,21.97,21.74,21.52,22.76,23.35,24.11,24.86,25.34,25.27,27.61,26.15,28.01,27.87,29.74,30.42,30.33,31.63
Turkey,46.15,50.40,58.21,63.10,65.70,71.04,78.72,86.55,85.46,78.86,82.30,82.42,89.24,94.10,99.58,108.04,117.32,129.05,125.01,137.44,149.89,152.63,157.94,163.43,162.75,176.77,192.93,203.10,205.43,203.34,227.38,206.78,217.30,228.59,235.37,246.17,273.18,299.84,302.13,296.82,308.52,329.08,346.21,332.85,355.55,365.59,386.90,429.56
Turkmenistan,17.34,17.38,18.47,19.51,20.62,22.51,23.77,24.72,25.72,26.77,28.66,29.92,31.23,32.54,34.11,36.02,37.22,38.49,39.58,40.58,45.63,38.72,28.56,27.15,34.24,34.69,31.59,31.39,32.66,38.58,39.35,40.90,43.74,48.84,51.30,52.85,54.78,60.47,61.79,54.48,61.49,66.69,70.93,72.12,73.23,75.18,76.33,72.47
Turks and Caicos Islands,0.00,0.00,0.00,0.00,0.00,0.00,0.00,0.00,0.01,0.00,0.00,0.01,0.00,0.00,0.01,0.01,0.01,0.01,0.01,0.01,0.01,0.01,0.01,0.01,0.01,0.01,0.01,0.01,0.01,0.01,0.01,0.01,0.01,0.01,0.01,0.01,0.01,0.03,0.06,0.07,0.11,0.11,0.18,0.19,0.17,0.17,0.17,0.17
Uganda,0.51,0.51,0.49,0.50,0.52,0.52,0.51,0.51,0.48,0.53,0.57,0.39,0.42,0.43,0.41,0.42,0.50,0.56,0.77,0.66,0.64,0.81,0.79,0.79,0.79,0.84,0.90,1.02,1.08,1.12,1.16,1.32,1.33,1.51,1.58,1.66,1.88,2.11,3.67,3.49,3.71,4.28,4.48,4.39,4.47,4.61,4.77,5.04
Ukraine,505.85,505.66,533.65,572.74,600.94,612.52,659.16,663.92,741.19,755.04,774.48,743.33,750.20,761.78,767.11,768.15,798.14,836.64,842.21,841.88,783.21,739.10,648.75,566.06,468.48,461.62,394.84,379.68,362.29,361.48,358.12,357.22,357.73,380.80,361.63,354.43,355.25,361.37,346.95,288.05,308.83,325.65,317.51,304.89,264.58,214.64,227.13,205.72
United Arab Emirates,19.44,25.40,27.72,35.81,35.97,36.64,45.54,45.83,52.58,37.85,41.12,38.05,38.07,36.81,50.01,51.83,50.26,52.10,51.03,56.97,56.92,63.33,61.57,63.84,72.60,77.45,80.92,84.39,86.52,89.17,88.38,101.06,103.44,108.76,114.98,122.39,127.22,137.05,164.33,165.29,171.86,176.24,185.72,195.74,197.89,202.16,201.94,202.80
United Kingdom,685.27,677.00,655.85,688.27,645.25,624.84,630.45,640.90,641.20,677.78,615.88,596.06,582.07,573.41,556.57,582.38,595.10,601.05,602.02,587.63,589.04,597.08,583.58,568.03,561.77,553.80,571.97,548.61,550.45,546.13,552.84,565.95,550.07,563.34,563.41,561.54,561.96,551.64,536.61,485.60,502.37,462.79,487.00,471.91,433.36,416.75,391.47,379.15
United States,4700.44,4559.41,4807.03,4994.59,4827.42,4612.55,4907.27,5071.37,5066.24,5105.07,4877.37,4807.96,4562.17,4541.55,4751.81,4777.18,4736.60,4894.82,5118.58,5175.80,5085.90,5046.53,5128.15,5249.21,5326.85,5379.71,5528.17,5702.98,5717.64,5738.47,5942.43,5882.47,5803.65,5878.56,5964.47,5971.57,5867.36,5946.14,5754.29,5339.09,5580.71,5451.51,5273.58,5341.07,5413.77,5247.23,5146.30,5107.39
Uruguay,5.42,5.41,5.87,5.54,5.37,5.70,5.87,5.79,5.90,6.38,5.73,5.17,4.78,3.83,3.45,3.23,3.18,3.58,4.55,4.90,3.89,4.41,4.84,4.58,4.30,4.72,5.52,5.60,5.80,6.82,5.45,5.01,4.62,4.58,5.70,5.48,6.41,5.91,7.80,7.95,6.36,7.66,8.67,7.53,6.64,6.73,6.84,6.93
Uzbekistan,49.01,49.35,52.19,55.20,58.68,65.30,66.45,69.21,71.72,74.30,79.47,83.15,86.60,89.49,92.55,96.94,100.86,104.50,107.40,108.92,123.11,126.54,118.57,118.64,113.87,101.81,103.18,105.07,119.57,120.74,121.18,123.24,128.62,123.59,120.96,116.39,119.45,119.74,119.77,108.44,107.45,115.94,118.55,106.88,108.27,105.75,94.46,95.35
Vanuatu,0.10,0.10,0.10,0.11,0.14,0.12,0.11,0.12,0.12,0.13,0.14,0.15,0.14,0.07,0.12,0.13,0.12,0.13,0.13,0.13,0.13,0.07,0.06,0.06,0.04,0.05,0.05,0.05,0.05,0.05,0.06,0.06,0.06,0.05,0.06,0.06,0.06,0.11,0.06,0.11,0.12,0.15,0.21,0.13,0.08,0.08,0.09,0.09
Venezuela,90.10,83.41,81.05,89.05,79.45,65.83,70.79,72.62,76.56,86.65,94.19,94.56,95.05,93.89,94.70,94.93,98.02,99.55,100.86,104.74,109.27,107.85,110.85,119.89,110.56,119.71,127.87,133.65,135.38,124.85,132.57,139.58,136.72,136.80,144.24,152.46,149.44,147.19,177.58,178.69,188.99,170.82,198.86,188.17,187.95,168.27,157.39,145.88
Vietnam,13.40,13.34,14.36,14.53,9.83,9.88,6.04,6.69,14.68,15.41,16.11,16.52,17.87,19.22,19.30,19.43,21.31,23.79,23.50,20.57,20.18,20.16,21.21,24.88,29.14,33.65,37.83,43.83,48.95,50.24,55.53,61.22,72.12,76.62,90.60,99.23,101.97,112.85,124.28,138.66,154.66,154.52,154.03,160.19,175.61,203.24,217.70,218.73
Western Sahara,0.07,0.07,0.07,0.07,0.08,0.08,0.08,0.09,0.08,0.09,0.10,0.09,0.14,0.14,0.13,0.14,0.15,0.19,0.18,0.16,0.14,0.17,0.15,0.15,0.15,0.16,0.16,0.17,0.15,0.16,0.21,0.21,0.21,0.22,0.23,0.23,0.23,0.24,0.25,0.26,0.27,0.31,0.33,0.27,0.24,0.25,0.26,0.28
Yemen,1.50,1.51,1.79,2.21,2.20,2.10,2.56,2.60,2.86,3.07,3.92,3.94,4.43,4.88,4.99,5.33,5.63,6.18,6.66,6.87,6.89,8.68,9.37,8.45,9.79,10.92,11.18,12.05,12.84,14.50,15.50,16.53,16.57,19.29,20.19,21.77,22.69,24.06,24.99,27.38,26.10,22.09,21.08,27.91,26.45,14.04,12.44,12.50
Zambia,3.67,3.83,4.23,4.54,4.56,4.73,4.73,4.27,4.09,3.70,3.68,3.37,3.28,3.20,3.15,3.14,3.23,3.19,3.47,3.59,2.95,3.07,3.07,2.75,2.35,2.32,1.95,2.46,2.34,1.92,1.95,1.97,2.06,2.23,2.30,2.46,2.38,1.75,1.87,2.04,2.24,2.55,3.57,3.78,4.24,4.38,4.76,4.97
Zimbabwe,9.65,9.60,9.15,10.59,10.28,9.07,10.04,9.07,8.73,9.00,9.62,9.20,8.83,8.76,9.22,10.66,12.23,15.62,15.10,15.31,17.18,18.92,19.03,17.45,16.34,16.10,15.51,14.56,14.77,16.66,14.49,14.67,13.24,10.87,10.33,11.39,10.58,10.41,8.05,7.76,10.00,11.98,12.48,12.69,12.56,12.77,11.50,12.09
International Aviation,169.21,169.21,179.17,187.17,179.73,173.87,174.32,190.08,197.02,203.78,202.13,201.93,208.80,210.81,218.47,224.90,246.89,260.80,275.83,290.03,258.94,251.61,259.92,264.94,279.33,290.34,301.96,318.05,329.20,342.65,355.82,348.01,368.89,367.94,397.12,422.78,437.75,450.80,456.29,435.07,457.66,473.30,480.05,490.18,504.49,529.69,537.55,543.38
International Shipping,353.84,353.84,370.89,392.00,366.08,341.22,352.02,351.72,354.26,365.43,357.49,332.48,299.58,280.24,284.02,306.89,326.04,322.50,337.89,337.68,371.80,386.63,415.25,402.47,415.19,428.72,438.23,448.72,462.24,486.16,498.58,474.01,491.83,502.20,551.31,572.17,608.95,645.21,647.67,616.17,663.23,667.69,605.09,611.21,628.00,657.32,668.39,677.25
,,,,,,,,,,,,,,,,,,,,,,,,,,,,,,,,,,,,,,,,,,,,,,,,
EU28,4202,4200,4323,4543,4444,4335,4591,4586,4723,4908,4763,4568,4454,4423,4436,4478,4498,4546,4540,4539,4409,4360,4205,4122,4105,4153,4266,4173,4164,4100,4122,4187,4162,4268,4274,4250,4267,4221,4122,3792,3918,3767,3726,3635,3465,3511,3510,3548
GLOBAL TOTAL,15804,15716,16499,17468,17404,17326,18319,18868,19565,20105,19872,19496,19270,19404,20011,20271,20615,21284,22044,22438,22674,22787,22705,22808,23087,23744,24203,24540,24635,24832,25697,25995,26450,27697,28997,30050,31074,32308,32453,32071,33924,35013,35452,36070,36526,36516,36652,37077