"Content:","Emissions by country and main source category" 
"Compound:","CH4"
"Year: ","1997"
"Unit:","Gg CH4"
"Source:","European Commission, Joint Research Centre (JRC)/PBL Netherlands Environmental Assessment Agency. Emission Database for Global Atmospheric Research (EDGAR), release version 4.2. http://edgar.jrc.ec.europe.eu, 2010" 
"Dataset:","v4.2_EM_CH4_300911(edgar)"
"Date calculated:","November 30, 1999, 12:00 am"

,,,"Public electricity and heat production","Other Energy Industries","Manufacturing Industries and Construction","Domestic aviation","Road transportation","Rail transportation","Inland navigation","Other transportation","Residential and other sectors","Fugitive emissions from solid fuels","Fugitive emissions from oil and gas","Memo: International aviation","Memo: International navigation","Cement production","Lime production","Production of other minerals","Production of chemicals","Production of metals","Production of pulp/paper/food/drink","Production of halocarbons and SF6","Refrigeration and Air Conditioning","Foam Blowing","Fire Extinguishers","Aerosols","F-gas as Solvent","Semiconductor/Electronics Manufacture","Electrical Equipment","Other F-gas use","Non-energy use of lubricants/waxes (CO2)","Solvent and other product use: paint","Solvent and other product use: degrease","Solvent and other product use: chemicals","Solvent and other product use: other","Enteric fermentation","Manure management","Rice cultivation","Direct soil emissions","Manure in pasture/range/paddock","Indirect N2O from agriculture","Other direct soil emissions","Savanna burning","Agricultural waste burning","Forest fires","Grassland fires","Peat fires and decay of drained peatland","Other vegetation fires","Other biomass burning","Forest Fires-Post burn decay","Forest Land: net carbon stock change","Solid waste disposal on land","Wastewater handling","Waste incineration","Other waste handling","Fossil fuel fires","Indirect N2O from non-agricultural NOx","Indirect N2O from non-agricultural NH3","Other sources",

"World Region","ISO_A3","Country","1A1a","1A1bc","1A2","1A3a","1A3b","1A3c","1A3d","1A3e","1A4","1B1","1B2","1C1","1C2","2A1","2A2","2A7","2B","2C","2D","2E","2F1","2F2","2F3","2F4","2F5","2F7","2F8","2F9","2G","3A","3B","3C","3D","4A","4B","4C","4D1","4D2","4D3","4D4","4E","4F","5A","5C","5D","5F","5F1","5F2","5FL","6A","6B","6C","6D","7A","7B","7C","7D","TOTAL" 
"Canada","CAN","Canada",3.00177e+0,1.90186e+0,1.07844e+1,8.44058e-2,1.27797e+1,3.20573e-1,3.88325e-1,2.21901e-1,4.34302e+1,1.25749e+2,2.06061e+3,0,0,0,0,0,6.24864e+0,5.90630e-1,0,0,0,0,0,0,0,0,0,0,0,0,0,0,0,8.27598e+2,2.41527e+2,0,0,0,0,0,0,7.80348e+0,3.38069e+1,2.82744e+1,0,0,0,0,0,1.06519e+3,1.92145e+2,2.08435e+0,8.90176e+0,0,0,0,0,4.67344e+3
"USA","SPM","Saint Pierre and Miquelon",0,0,0,0,0,0,0,0,0,0,0,0,0,0,0,0,0,0,0,0,0,0,0,0,0,0,0,0,0,0,0,0,0,1.00085e-3,4.97608e-4,0,0,0,0,0,0,0,0,0,0,0,0,0,0,4.79061e-2,1.16022e-2,8.57610e-4,4.67244e-4,0,0,0,0,6.23316e-2
"USA","UMI","United States Minor Outlying Islands",0,0,0,0,0,0,0,0,0,0,0,0,0,0,0,0,0,0,0,0,0,0,0,0,0,0,0,0,0,0,0,0,0,0,0,0,0,0,0,0,0,0,0,0,0,0,0,0,0,0,0,0,0,0,0,0,0,0,
"USA","USA","United States",8.22024e+1,8.80199e+0,3.41023e+1,1.31905e+0,1.33711e+2,1.77193e+0,8.73951e-1,8.72864e-1,3.11235e+2,4.23264e+3,6.89880e+3,0,0,0,0,0,3.33097e+1,1.41781e+0,0,0,0,0,0,0,0,0,0,0,0,0,0,0,0,6.45281e+3,1.96744e+3,3.68502e+2,0,0,0,0,1.07112e+0,3.49068e+1,9.85200e+1,3.44592e+1,0,0,0,0,0,6.45934e+3,8.64970e+2,0,4.15636e+1,1.50000e+1,0,0,0,2.80796e+4
"Mexico","MEX","Mexico",5.89406e-1,1.29843e+0,5.00009e+0,0,2.10529e+1,8.46173e-2,0,2.36554e-2,7.67830e+1,3.35789e+1,1.38690e+3,0,0,0,0,0,1.23395e+0,2.77014e-1,0,0,0,0,0,0,0,0,0,0,0,0,0,0,0,2.20145e+3,2.08702e+2,1.44128e+1,0,0,0,0,2.21950e+1,3.13106e+1,5.67941e+1,1.24646e-1,0,0,0,0,0,3.69764e+2,4.71572e+2,0,0,0,0,0,0,4.90315e+3
"Rest Central America","ABW","Aruba",1.47930e-3,0,8.57397e-3,0,2.34095e-1,0,0,2.64000e-7,1.74803e-3,9.05200e-3,1.85806e-3,0,0,0,0,0,0,0,0,0,0,0,0,0,0,0,0,0,0,0,0,0,0,3.39370e-2,4.18740e-3,0,0,0,0,0,0,0,0,0,0,0,0,0,0,3.75105e-1,3.54643e-1,0,0,0,0,0,0,1.02468e+0
"Rest Central America","AIA","Anguilla",1.78980e-4,0,1.03740e-3,0,0,0,0,0,9.74000e-5,9.94790e-2,0,0,0,0,0,0,0,0,0,0,0,0,0,0,0,0,0,0,0,0,0,0,0,0,0,0,0,0,0,0,0,0,0,0,0,0,0,0,0,7.33406e-3,3.27011e-2,0,0,0,0,0,0,1.40828e-1
"Rest Central America","ANT","Netherlands Antilles",0,2.31364e-3,1.35652e-2,1.42351e-3,1.21897e-1,0,0,0,3.03543e-2,2.57300e-3,3.34477e+0,0,0,0,0,0,0,0,0,0,0,0,0,0,0,0,0,0,0,0,0,0,0,1.52113e-1,7.00800e-3,0,0,0,0,0,0,0,0,0,0,0,0,0,0,1.52559e+0,7.88335e-1,0,0,0,0,0,0,5.98994e+0
"Rest Central America","ATG","Antigua and Barbuda",3.60210e-3,0,7.32530e-3,2.06979e-5,1.37902e-2,0,0,2.03400e-6,1.17016e-2,0,1.29323e-2,0,0,0,0,0,0,0,0,0,0,0,0,0,0,0,0,0,0,0,0,0,0,1.11572e+0,2.49214e-2,0,0,0,0,0,0,1.39202e-3,0,0,0,0,0,0,0,2.82555e-1,2.86998e-1,0,0,0,0,0,0,1.76096e+0
"Rest Central America","BHS","Bahamas",1.93269e-2,0,3.18618e-2,9.35220e-4,8.62576e-2,0,0,6.85830e-5,1.53705e-1,7.87400e-2,1.74058e-1,0,0,0,0,0,0,0,0,0,0,0,0,0,0,0,0,0,0,0,0,0,0,1.61364e-1,3.80975e-2,0,0,0,0,0,0,1.06092e-2,0,0,0,0,0,0,0,5.91089e+0,1.27845e+0,0,0,0,0,0,0,7.94436e+0
"Rest Central America","BLZ","Belize",7.29930e-3,0,2.20774e-2,1.23785e-5,3.28959e-2,0,0,1.21500e-6,1.02623e+0,5.21420e-2,1.13558e-2,0,0,0,0,0,0,0,0,0,0,0,0,0,0,0,0,0,0,0,0,0,0,2.64137e+0,1.00331e-1,7.97168e-1,0,0,0,0,6.56568e-1,3.81139e-1,0,0,0,0,0,0,0,8.99084e-1,1.13278e+0,0,0,0,0,0,0,7.76045e+0
"Rest Central America","BMU","Bermuda",6.11639e-3,0,6.47148e-3,9.44764e-5,1.16540e-2,0,0,1.37700e-6,1.22974e-2,0,1.26125e-2,0,0,0,0,0,0,0,0,0,0,0,0,0,0,0,0,0,0,0,0,0,0,6.62364e-2,2.66760e-3,0,0,0,0,0,0,3.34644e-5,0,0,0,0,0,0,0,8.21819e-1,2.68727e-1,0,0,0,0,0,0,1.20873e+0
"Rest Central America","BRB","Barbados",8.91240e-3,1.67472e-4,2.70500e-2,5.68589e-5,3.42428e-2,0,0,4.52400e-6,2.62685e-2,2.71560e-2,3.26655e-1,0,0,0,0,0,0,0,0,0,0,0,0,0,0,0,0,0,0,0,0,0,0,1.48855e+0,8.64850e-2,0,0,0,0,0,0,1.68953e-1,0,0,0,0,0,0,0,1.60299e+0,1.50755e+0,0,0,0,0,0,0,5.30504e+0
"Rest Central America","CRI","Costa Rica",9.89631e-3,3.53256e-3,2.43601e-1,0,4.45388e-1,0,7.91307e-3,0,9.99307e-1,4.57250e-1,4.16088e+0,0,0,0,0,0,0,0,0,0,0,0,0,0,0,0,0,0,0,0,0,0,0,1.00033e+2,2.74071e+0,7.25742e+0,0,0,0,0,1.20338e+0,1.37513e+0,0,0,0,0,0,0,0,6.67951e+0,1.63921e+1,0,0,0,0,0,0,1.42009e+2
"Rest Central America","CUB","Cuba",3.60748e-1,1.92449e-3,3.25221e+0,0,4.20677e-1,0,0,0,2.44228e+1,5.12120e+0,1.19904e+1,0,0,0,0,0,0,0,0,0,0,0,0,0,0,0,0,0,0,0,0,0,0,2.55306e+2,8.33578e+0,7.20877e+1,0,0,0,0,8.72904e+0,1.22248e+1,1.91080e+0,0,0,0,0,0,0,5.81815e+1,5.95984e+1,0,0,0,0,0,0,5.21944e+2
"Rest Central America","CYM","Cayman Islands",4.34442e-3,0,3.70693e-3,1.30825e-5,1.07837e-2,0,0,1.28400e-6,8.65244e-3,0,8.82019e-3,0,0,0,0,0,0,0,0,0,0,0,0,0,0,0,0,0,0,0,0,0,0,7.78915e-2,4.11749e-3,0,0,0,0,0,0,1.11551e-5,0,0,0,0,0,0,0,7.12651e-1,1.52234e-1,0,0,0,0,0,0,9.83228e-1
"Rest Central America","DMA","Dominica",1.79254e-3,0,7.44772e-3,3.38050e-6,6.77296e-3,0,0,0,3.09823e-3,2.27850e-2,1.71580e-3,0,0,0,0,0,0,0,0,0,0,0,0,0,0,0,0,0,0,0,0,0,0,8.94046e-1,2.21270e-2,0,0,0,0,0,0,2.26422e-3,0,0,0,0,0,0,0,4.63309e-1,3.66109e-1,0,0,0,0,0,0,1.79147e+0
"Rest Central America","DOM","Dominican Republic",8.00475e-2,0,5.31514e-1,0,8.41527e-1,0,0,5.02416e-3,1.28263e+1,3.37450e+1,5.97871e-1,0,0,0,0,0,0,0,0,0,0,0,0,0,0,0,0,0,0,0,0,0,0,1.71929e+2,5.20869e+0,3.17804e+1,0,0,0,0,1.09769e+0,2.25910e+0,8.70060e-1,0,0,0,0,0,0,3.32377e+1,3.54437e+1,4.11911e-1,0,0,0,0,0,3.30865e+2
"Rest Central America","GLP","Guadeloupe",1.22377e-2,0,4.21230e-2,3.54836e-4,6.56611e-2,0,0,9.60900e-6,3.88317e-1,1.69353e-1,4.91961e-2,0,0,0,0,0,0,0,0,0,0,0,0,0,0,0,0,0,0,0,0,0,0,5.43929e+0,1.20222e-1,0,0,0,0,0,0,1.95793e-1,0,0,0,0,0,0,0,3.12150e+0,1.96797e+0,0,0,0,0,0,0,1.15720e+1
"Rest Central America","GRD","Grenada",3.47892e-3,0,9.86866e-3,3.31550e-5,1.09907e-2,0,0,1.03200e-6,7.70141e-3,9.13880e-2,6.16696e-3,0,0,0,0,0,0,0,0,0,0,0,0,0,0,0,0,0,0,0,0,0,0,3.42770e-1,1.36487e-2,0,0,0,0,0,0,4.26770e-3,0,0,0,0,0,0,0,3.45360e-1,5.34977e-1,0,0,0,0,0,0,1.37065e+0
"Rest Central America","GTM","Guatemala",3.26592e-1,1.00483e-3,5.30048e-1,0,5.46290e-1,0,0,4.18680e-5,3.38182e+1,2.92640e+0,2.58823e+0,0,0,0,0,0,0,0,0,0,0,0,0,0,0,0,0,0,0,0,0,0,0,1.38035e+2,3.82762e+0,1.50506e+0,0,0,0,0,5.10168e+0,5.95628e+0,6.18256e+0,0,0,0,0,0,0,1.32540e+1,4.31050e+1,0,0,0,0,0,0,2.57704e+2
"Rest Central America","HND","Honduras",6.28021e-3,1.25604e-4,4.06077e-1,0,2.67843e-1,0,0,0,1.77015e+1,1.28030e+0,0,0,0,0,0,0,0,0,0,0,0,0,0,0,0,0,0,0,0,0,0,0,0,1.19282e+2,3.33400e+0,2.06626e+0,0,0,0,0,6.77592e+0,1.63341e+0,6.44191e+0,0,0,0,0,0,0,5.37833e+0,2.35765e+1,0,0,0,0,0,0,1.88151e+2
"Rest Central America","HTI","Haiti",6.53142e-3,0,1.61904e-1,0,7.47225e-2,0,0,1.26860e-2,1.44325e+1,2.42342e+1,0,0,0,0,0,0,0,0,0,0,0,0,0,0,0,0,0,0,0,0,0,0,0,8.33054e+1,3.30184e+0,8.92828e+0,0,0,0,0,0,9.79001e-1,0,0,0,0,0,0,0,1.41454e+1,3.73288e+1,0,0,0,0,0,0,1.86911e+2
"Rest Central America","JAM","Jamaica",2.49056e-1,3.60646e-4,3.11645e-2,2.09339e-5,3.85108e-1,0,0,1.38164e-2,3.05003e+0,8.41340e+0,2.16407e-1,0,0,0,0,0,0,0,0,0,0,0,0,0,0,0,0,0,0,0,0,0,0,2.86432e+1,8.81285e-1,2.29584e-3,0,0,0,0,0,7.42005e-1,0,0,0,0,0,0,0,1.03627e+1,1.18073e+1,0,0,0,0,0,0,6.47982e+1
"Rest Central America","KNA","Saint Kitts and Nevis",1.74031e-3,0,3.96483e-3,3.66536e-5,4.30442e-3,0,0,0,1.40032e-1,0,1.99740e-3,0,0,0,0,0,0,0,0,0,0,0,0,0,0,0,0,0,0,0,0,0,0,3.28709e-1,9.98400e-3,0,0,0,0,0,0,9.17751e-2,0,0,0,0,0,0,0,6.87782e-1,2.65562e-1,0,0,0,0,0,0,1.53589e+0
"Rest Central America","LCA","Saint Lucia",4.74643e-3,0,1.47733e-2,6.15699e-6,1.35831e-2,0,0,3.33000e-7,2.03016e-2,2.82720e-2,4.80930e-3,0,0,0,0,0,0,0,0,0,0,0,0,0,0,0,0,0,0,0,0,0,0,8.58112e-1,3.39680e-2,0,0,0,0,0,0,8.67391e-3,0,0,0,0,0,0,0,1.62742e-1,6.86376e-1,0,0,0,0,0,0,1.83636e+0
"Rest Central America","MSR","Montserrat",5.48068e-4,0,7.80267e-4,3.98199e-6,3.62684e-3,0,0,0,1.33946e-3,0,9.38483e-4,0,0,0,0,0,0,0,0,0,0,0,0,0,0,0,0,0,0,0,0,0,0,6.20505e-1,1.38480e-2,0,0,0,0,0,0,4.62834e-5,0,0,0,0,0,0,0,1.20445e-2,4.68120e-2,0,0,0,0,0,0,7.00493e-1
"Rest Central America","MTQ","Martinique",1.85252e-2,0,3.92838e-2,3.34820e-4,5.92492e-2,0,0,1.47570e-5,8.63744e-2,1.50908e-1,6.12462e-2,0,0,0,0,0,0,0,0,0,0,0,0,0,0,0,0,0,0,0,0,0,0,1.87281e+0,6.84000e-2,0,0,0,0,0,0,6.24525e-2,0,0,0,0,0,0,0,4.92084e+0,1.72675e+0,0,0,0,0,0,0,9.06720e+0
"Rest Central America","NIC","Nicaragua",3.78020e-2,1.37391e-3,3.61447e-1,2.09339e-5,1.45739e-1,0,8.79228e-3,0,1.29778e+1,2.28625e+0,2.02477e-1,0,0,0,0,0,0,0,0,0,0,0,0,0,0,0,0,0,0,0,0,0,0,1.49370e+2,4.18787e+0,9.51501e+0,0,0,0,0,6.89640e+0,1.64097e+0,0,0,0,0,0,0,0,2.00577e+1,2.24473e+1,0,0,0,0,0,0,2.30137e+2
"Rest Central America","PAN","Panama",3.15079e-2,2.19991e-3,1.30042e-1,0,4.47956e-1,0,0,3.64251e-2,5.70919e+0,3.65800e-1,5.57785e-1,0,0,0,0,0,0,0,0,0,0,0,0,0,0,0,0,0,0,0,0,0,0,8.93844e+1,2.06858e+0,8.87727e+0,0,0,0,0,1.18826e+0,7.44740e-1,0,0,0,0,0,0,0,9.07472e+0,1.21933e+1,0,0,0,0,0,0,1.30812e+2
"Rest Central America","PRI","Puerto Rico",0,0,0,0,0,0,0,0,0,0,0,0,0,0,0,0,0,0,0,0,0,0,0,0,0,0,0,0,0,0,0,0,0,2.82336e+1,8.43935e-1,0,0,0,0,0,0,9.38072e-2,1.45289e-1,0,0,0,0,0,0,4.45402e+1,1.90507e+1,0,0,0,0,0,0,9.29075e+1
"Rest Central America","SLV","El Salvador",1.20285e-1,7.53624e-4,2.83710e-1,0,3.26179e-1,0,0,0,1.58701e+1,1.55465e+0,2.17212e-1,0,0,0,0,0,0,0,0,0,0,0,0,0,0,0,0,0,0,0,0,0,0,6.83540e+1,1.95931e+0,1.90045e+0,0,0,0,0,1.25033e-1,2.08313e+0,0,0,0,0,0,0,0,1.62695e+1,2.66806e+1,0,0,0,0,0,0,1.35745e+2
"Rest Central America","TCA","Turks and Caicos Islands",2.80050e-4,0,1.62318e-3,0,0,0,0,0,1.52400e-4,5.58000e-3,0,0,0,0,0,0,0,0,0,0,0,0,0,0,0,0,0,0,0,0,0,0,0,0,0,0,0,0,0,0,0,0,0,0,0,0,0,0,0,7.40391e-2,6.75854e-2,0,0,0,0,0,0,1.49260e-1
"Rest Central America","TTO","Trinidad and Tobago",2.31717e-1,1.10701e-1,3.78487e-2,0,3.25479e-1,0,0,0,7.86624e-1,1.71926e-1,1.25772e+2,0,0,0,0,0,3.49317e+0,0,0,0,0,0,0,0,0,0,0,0,0,0,0,0,0,2.72882e+0,2.26724e-1,2.93358e-1,0,0,0,0,0,4.25412e-1,0,0,0,0,0,0,0,9.40718e+0,2.82403e+1,0,0,0,0,0,0,1.72252e+2
"Rest Central America","VCT","Saint Vincent and the Grenadines",3.52864e-3,0,1.11815e-2,4.88649e-6,7.02516e-3,0,0,4.80000e-7,2.45774e-2,3.06280e-2,3.67999e-3,0,0,0,0,0,0,0,0,0,0,0,0,0,0,0,0,0,0,0,0,0,0,4.74133e-1,2.03100e-2,0,0,0,0,0,0,1.27742e-2,0,0,0,0,0,0,0,4.57359e-1,5.35725e-1,0,0,0,0,0,0,1.58093e+0
"Rest Central America","VGB","Virgin Islands_British",9.44612e-4,0,1.91127e-3,4.44549e-6,4.08402e-3,0,0,0,1.65945e-3,2.29400e-3,1.19413e-3,0,0,0,0,0,0,0,0,0,0,0,0,0,0,0,0,0,0,0,0,0,0,4.96543e-1,2.81093e-2,0,0,0,0,0,0,0,0,0,0,0,0,0,0,1.76806e-1,8.18297e-2,0,0,0,0,0,0,7.95380e-1
"Rest Central America","VIR","Virgin Islands_USA",0,0,0,0,0,0,0,0,0,0,0,0,0,0,0,0,0,0,0,0,0,0,0,0,0,0,0,0,0,0,0,0,0,4.42400e-2,8.57493e-3,0,0,0,0,0,0,9.48791e-2,0,0,0,0,0,0,0,1.12010e+0,4.88463e-1,0,0,0,0,0,0,1.75626e+0
"Brazil","BRA","Brazil",2.03501e+0,1.12258e+1,2.50796e+1,6.12528e-2,2.14934e+1,5.62956e-2,2.91610e-1,0,1.07674e+2,5.49915e+2,3.80423e+2,0,0,0,0,0,2.05109e+0,2.44088e+0,0,0,0,0,0,0,0,0,0,0,0,0,0,0,0,1.06280e+4,2.36924e+2,2.27031e+2,0,0,0,0,4.45320e+2,1.58761e+2,1.67822e+3,1.01150e+0,0,0,0,0,0,6.69382e+2,1.74115e+3,7.67611e+0,2.60074e+0,0,0,0,0,1.68988e+4
"Rest South America","ARG","Argentina",8.61104e-1,5.48722e-1,2.87231e+0,2.88470e-2,9.84080e+0,0,2.16876e-2,3.09405e-2,6.34130e+0,2.52555e+1,8.94221e+2,0,0,0,0,0,2.93856e-1,1.42237e-1,0,0,0,0,0,0,0,0,0,0,0,0,0,0,0,3.29409e+3,6.19255e+1,2.85705e+1,0,0,0,0,1.20017e+1,3.75575e+1,3.68668e+1,7.94088e+1,0,0,0,0,0,1.55723e+2,2.38035e+2,0,0,0,0,0,0,4.88463e+3
"Rest South America","BOL","Bolivia",1.16999e-1,2.09168e-2,4.45042e-1,3.03542e-3,5.46882e-1,2.43253e-3,3.80999e-3,0,8.76708e+0,1.73755e+0,1.51121e+2,0,0,0,0,0,0,0,0,0,0,0,0,0,0,0,0,0,0,0,0,0,0,3.99153e+2,1.19942e+1,1.60709e+1,0,0,0,0,1.29473e+2,2.71804e+0,2.80847e+2,0,0,0,0,0,0,1.52180e+1,3.68528e+1,0,0,0,0,0,0,1.05509e+3
"Rest South America","BVT","Bouvet Island",0,0,0,0,0,0,0,0,0,0,0,0,0,0,0,0,0,0,0,0,0,0,0,0,0,0,0,0,0,0,0,0,0,0,0,0,0,0,0,0,0,0,0,0,0,0,0,0,0,0,0,0,0,0,0,0,0,0,
"Rest South America","CHL","Chile",5.41672e-1,7.97079e-2,1.61750e+0,1.23728e-2,2.72610e+0,2.25878e-3,1.28367e-1,0,3.53491e+1,3.74512e+1,9.31289e+1,0,0,0,0,0,3.38557e+0,1.48676e-2,0,0,0,0,0,0,0,0,0,0,0,0,0,0,0,3.16050e+2,8.86866e+0,3.07388e+0,0,0,0,0,0,2.24092e+0,1.90459e+0,4.31928e+0,0,0,0,0,0,4.19740e+1,1.98963e+2,0,0,0,0,0,0,7.51832e+2
"Rest South America","COL","Colombia",3.44580e-1,2.28220e-1,3.13313e+0,9.42029e-4,6.18161e+0,3.21127e-3,4.92368e-2,0,3.21533e+1,8.03575e+1,3.09173e+2,0,0,0,0,0,1.08179e-1,3.21300e-2,0,0,0,0,0,0,0,0,0,0,0,0,0,0,0,1.61931e+3,4.05759e+1,9.58355e+1,0,0,0,0,2.14212e+1,1.30917e+1,9.73896e+1,0,0,0,0,0,0,7.92054e+1,1.86446e+2,0,0,0,0,0,0,2.58504e+3
"Rest South America","ECU","Ecuador",3.77965e-2,4.86007e-2,3.41894e-1,1.46538e-4,1.64367e+0,0,8.44060e-2,0,1.05177e+1,7.13310e+0,1.31005e+2,0,0,0,0,0,7.47000e-5,0,0,0,0,0,0,0,0,0,0,0,0,0,0,0,0,3.34361e+2,1.15126e+1,8.80418e+1,0,0,0,0,1.09802e+0,2.94259e+0,1.00144e+0,0,0,0,0,0,0,1.89221e+1,5.24262e+1,0,0,0,0,0,0,6.61118e+2
"Rest South America","FLK","Falkland Islands (Malvinas)",6.92262e-4,0,2.94522e-4,5.71550e-6,6.82841e-4,0,0,0,6.62332e-4,8.15300e-3,6.46409e-4,0,0,0,0,0,0,0,0,0,0,0,0,0,0,0,0,0,0,0,0,0,0,3.88914e+0,7.69417e-2,0,0,0,0,0,0,0,0,0,0,0,0,0,0,1.58876e-2,1.56725e-2,8.40352e-5,1.48776e-5,0,0,0,0,4.00887e+0
"Rest South America","GUF","French Guiana",5.99715e-3,0,1.57229e-2,2.57254e-4,1.68201e-2,0,0,1.52400e-5,2.77257e-1,2.69793e-1,4.21385e-2,0,0,0,0,0,0,0,0,0,0,0,0,0,0,0,0,0,0,0,0,0,0,5.58708e-1,3.15392e-2,1.18364e+0,0,0,0,0,0,2.68478e-2,6.33284e-1,0,0,0,0,0,0,8.11566e-1,7.08466e-1,2.58769e-3,4.34336e-4,0,0,0,0,4.58507e+0
"Rest South America","GUY","Guyana",2.35800e-2,0,7.28207e-2,9.29419e-5,3.12961e-2,0,0,4.08000e-7,3.10612e+0,9.14500e-2,2.14311e-2,0,0,0,0,0,0,0,0,0,0,0,0,0,0,0,0,0,0,0,0,0,0,8.15857e+0,4.15237e-1,4.11971e+1,0,0,0,0,2.88360e+0,1.33281e+0,1.64506e+1,0,0,0,0,0,0,1.29389e+0,4.06814e+0,4.29344e-3,7.01584e-4,0,0,0,0,7.91517e+1
"Rest South America","PER","Peru",1.24442e-1,6.89421e-2,3.05553e-1,2.51208e-4,1.31801e+0,0,1.34815e-2,0,2.75339e+1,7.99731e+0,3.72766e+1,0,0,0,0,0,3.00000e-4,3.09500e-1,0,0,0,0,0,0,0,0,0,0,0,0,0,0,0,3.48234e+2,1.09164e+1,7.25883e+1,0,0,0,0,8.40576e-1,4.27814e+0,3.56946e+1,0,0,0,0,0,0,5.20119e+1,1.12237e+2,0,0,0,0,0,0,7.11750e+2
"Rest South America","PRY","Paraguay",5.60193e-2,0,2.25810e+0,0,3.97507e-1,8.79228e-3,0,4.60548e-4,1.98629e+1,1.90216e+1,3.76108e-2,0,0,0,0,0,0,0,0,0,0,0,0,0,0,0,0,0,0,0,0,0,0,5.53625e+2,1.29896e+1,5.16565e+0,0,0,0,0,6.52824e+1,3.69283e+0,7.11296e+1,7.55760e+0,0,0,0,0,0,1.75099e+1,2.40924e+1,0,0,0,0,0,0,8.02688e+2
"Rest South America","SGS","South Georgia and the South Sandwich Islands",0,0,0,0,0,0,0,0,0,0,0,0,0,0,0,0,0,0,0,0,0,0,0,0,0,0,0,0,0,0,0,0,0,0,0,0,0,0,0,0,0,0,0,0,0,0,0,0,0,0,0,0,0,0,0,0,0,0,
"Rest South America","SUR","Suriname",1.65120e-2,0,4.32834e-2,7.09680e-5,3.48161e-2,0,0,4.44000e-6,1.77285e-1,6.28277e-1,3.65103e-2,0,0,0,0,0,0,0,0,0,0,0,0,0,0,0,0,0,0,0,0,0,0,4.96040e+0,2.09927e-1,1.74564e+1,0,0,0,0,0,1.90895e-1,1.26970e+1,0,0,0,0,0,0,1.75935e+0,2.35106e+0,5.72600e-3,9.49040e-4,0,0,0,0,4.05684e+1
"Rest South America","URY","Uruguay",9.92461e-3,4.92701e-3,2.56902e-1,1.46538e-4,4.23661e-1,0,0,0,3.94539e+0,1.82900e-1,8.48622e-1,0,0,0,0,0,0,2.47500e-4,0,0,0,0,0,0,0,0,0,0,0,0,0,0,0,7.79257e+2,1.46373e+1,4.99362e+1,0,0,0,0,0,1.42678e+0,0,0,0,0,0,0,0,1.93378e+1,1.59440e+1,0,0,0,0,0,0,8.86212e+2
"Rest South America","VEN","Venezuela",3.94995e-1,1.78664e+0,1.27827e+0,0,9.48143e+0,0,0,4.22867e-3,8.03125e+0,9.02086e+1,1.22273e+3,0,0,0,0,0,3.38340e+0,1.00349e-1,0,0,0,0,0,0,0,0,0,0,0,0,0,0,0,8.61282e+2,2.44914e+1,2.20656e+1,0,0,0,0,3.24864e+1,3.46175e+0,6.83468e+1,0,0,0,0,0,0,1.04420e+2,1.26905e+2,0,0,0,0,0,0,2.58086e+3
"Northern_Africa","DZA","Algeria",6.09874e-1,7.30720e-1,1.58332e-1,0,2.41575e+0,0,0,2.82190e-2,2.44485e+1,4.65591e+1,1.55764e+3,0,0,0,0,0,2.06480e-1,7.68600e-2,0,0,0,0,0,0,0,0,0,0,0,0,0,0,0,1.70705e+2,6.96350e+0,2.70776e-2,0,0,0,0,0,4.07950e-2,0,0,0,0,0,0,0,7.05752e+1,1.11035e+2,0,0,0,0,0,0,1.99222e+3
"Northern_Africa","EGY","Egypt",5.79511e-1,1.77720e-1,1.71864e+0,9.62964e-3,2.91509e+0,0,2.38271e-1,0,5.71327e+1,1.09191e+2,4.47342e+2,0,0,0,0,0,7.53000e-3,2.66620e-1,0,0,0,0,0,0,0,0,0,0,0,0,0,0,0,3.73295e+2,1.25565e+1,2.13958e+2,0,0,0,0,0,5.24016e-1,0,0,0,0,0,0,0,1.19163e+2,2.16252e+2,0,0,0,0,0,0,1.55533e+3
"Northern_Africa","ESH","Western Sahara",8.34178e-4,5.95899e-5,1.10716e-2,5.75460e-5,7.62673e-3,2.83445e-6,0,0,1.88510e-2,0,6.54640e-3,0,0,0,0,0,0,0,0,0,0,0,0,0,0,0,0,0,0,0,0,0,0,9.88810e+0,2.77135e-1,0,0,0,0,0,0,9.10440e-5,0,0,0,0,0,0,0,3.23309e-1,1.19650e+0,0,0,0,0,0,0,1.17302e+1
"Northern_Africa","LBY","Libyan Arab Jamahiriya",1.50593e-1,2.64354e-1,8.54108e-2,6.28019e-5,2.57128e+0,0,0,0,2.13818e+0,7.74984e+0,5.73940e+2,0,0,0,0,0,1.38270e+0,0,0,0,0,0,0,0,0,0,0,0,0,0,0,0,0,4.27994e+1,1.82960e+0,0,0,0,0,0,0,9.34824e-3,0,0,0,0,0,0,0,2.23084e+1,2.45436e+1,0,0,0,0,0,0,6.79773e+2
"Northern_Africa","MAR","Morocco",4.21617e-2,5.40097e-3,3.47588e-1,0,3.83231e-1,0,4.54268e-2,0,3.20997e+0,1.00590e+1,4.11379e+0,0,0,0,0,0,0,0,0,0,0,0,0,0,0,0,0,0,0,0,0,0,0,2.26518e+2,8.83525e+0,1.16434e+0,0,0,0,0,0,1.84945e-1,0,0,0,0,0,0,0,5.29448e+1,1.14508e+2,0,0,0,0,0,0,4.22361e+2
"Northern_Africa","TUN","Tunisia",2.71557e-1,2.90568e-3,9.85154e-2,0,4.23508e-1,0,0,7.53624e-4,8.58313e+0,1.28944e+1,1.13591e+2,0,0,0,0,0,0,1.28800e-2,0,0,0,0,0,0,0,0,0,0,0,0,0,0,0,8.81376e+1,3.80536e+0,0,0,0,0,0,0,4.73845e-2,0,0,0,0,0,0,0,2.59631e+1,3.57088e+1,0,0,0,0,0,0,2.89541e+2
"Western_Africa","BEN","Benin",1.00483e-3,0,7.19711e-3,0,2.46096e-1,3.47504e-4,0,0,2.20802e+1,9.87660e+0,1.46938e-1,0,0,0,0,0,0,0,0,0,0,0,0,0,0,0,0,0,0,0,0,0,0,5.03739e+1,2.52805e+0,1.93605e+0,0,0,0,0,3.65832e+1,5.11132e-1,8.25860e+1,0,0,0,0,0,0,5.53259e+0,2.75726e+1,0,0,0,0,0,0,2.39982e+2
"Western_Africa","BFA","Burkina Faso",3.01057e-3,1.24342e-4,4.04908e-1,9.87601e-4,9.29474e-2,5.91790e-6,0,0,3.94999e+1,3.74818e+1,3.45083e-2,0,0,0,0,0,0,0,0,0,0,0,0,0,0,0,0,0,0,0,0,0,0,2.52602e+2,1.18005e+1,7.69004e+0,0,0,0,0,3.44592e+1,8.81064e-1,0,0,0,0,0,0,0,3.52233e+0,4.03843e+1,0,0,0,0,0,0,4.28857e+2
"Western_Africa","CAF","Central African Republic",5.51951e-4,3.91926e-5,1.39056e-1,3.13563e-4,2.57201e-2,1.86335e-6,0,0,1.00831e+1,3.47510e+0,9.10966e-3,0,0,0,0,0,0,0,0,0,0,0,0,0,0,0,0,0,0,0,0,0,0,1.22572e+2,4.02418e+0,1.62466e+0,0,0,0,0,1.25959e+3,1.57979e-1,3.46127e+2,0,0,0,0,0,0,5.71192e+0,1.51856e+1,0,0,0,0,0,0,1.76873e+3
"Western_Africa","CIV","Cote d'Ivoire",1.05525e-1,6.26565e-3,2.45765e-2,0,2.20540e-1,3.99630e-3,1.46538e-2,0,3.62335e+1,6.07228e+1,1.66257e+1,0,0,0,0,0,0,0,0,0,0,0,0,0,0,0,0,0,0,0,0,0,0,6.00605e+1,2.54029e+0,1.70823e+1,0,0,0,0,2.03772e+1,1.17957e+0,2.81289e+2,0,0,0,0,0,0,2.84836e+1,6.23693e+1,0,0,0,0,0,0,5.87339e+2
"Western_Africa","CMR","Cameroon",1.25604e-3,0,9.59363e-1,0,4.08075e-1,0,0,0,3.31333e+1,8.50485e+0,7.55249e+1,0,0,0,0,0,0,0,0,0,0,0,0,0,0,0,0,0,0,0,0,0,0,2.05771e+2,7.69170e+0,1.48927e+0,0,0,0,0,1.32917e+2,6.66466e-1,1.36258e+2,0,0,0,0,0,0,2.89174e+1,6.58915e+1,0,0,0,0,0,0,6.98134e+2
"Western_Africa","COD","Congo_the Democratic Republic of the",5.02416e-4,3.34944e-4,3.20513e+0,0,1.48064e-1,0,0,0,2.20937e+2,1.05970e+1,4.24835e+0,0,0,0,0,0,0,0,0,0,0,0,0,0,0,0,0,0,0,0,0,0,0,4.85156e+0,2.24784e-1,5.78108e+1,0,0,0,0,6.30720e+2,3.59510e+0,1.60684e+3,0,0,0,0,0,0,5.14531e+1,1.82257e+2,0,0,0,0,0,0,2.77689e+3
"Western_Africa","COG","Congo",1.25604e-4,0,7.53624e-4,4.39613e-4,4.11963e-2,0,0,0,4.87089e+0,2.36855e+1,1.06369e+2,0,0,0,0,0,0,0,0,0,0,0,0,0,0,0,0,0,0,0,0,0,0,7.02411e+1,3.61296e+0,1.89543e-1,0,0,0,0,1.38763e+1,1.54318e-1,6.73397e+1,0,0,0,0,0,0,6.32197e+0,1.30553e+1,0,0,0,0,0,0,3.09759e+2
"Western_Africa","CPV","Cape Verde",4.56745e-4,3.23991e-5,1.64657e-2,6.27624e-5,8.16970e-3,1.53965e-6,0,0,4.93250e-2,4.46400e-3,4.02755e-3,0,0,0,0,0,0,0,0,0,0,0,0,0,0,0,0,0,0,0,0,0,0,1.69293e+0,4.55330e-1,0,0,0,0,0,0,1.68552e-2,0,0,0,0,0,0,0,7.53753e-1,1.83189e+0,0,0,0,0,0,0,4.83376e+0
"Western_Africa","GAB","Gabon",3.07311e-2,1.33978e-3,2.30191e-1,0,5.80713e-2,0,0,0,1.84356e+0,1.26477e+0,1.67739e+2,0,0,0,0,0,0,0,0,0,0,0,0,0,0,0,0,0,0,0,0,0,0,2.72420e+0,3.58921e-1,5.41552e-2,0,0,0,0,3.19224e-1,3.92978e-2,5.50161e+0,0,0,0,0,0,0,6.75916e+0,5.83930e+0,0,0,0,0,0,0,1.92764e+2
"Western_Africa","GHA","Ghana",1.13044e-3,4.18680e-5,4.46354e-1,0,6.10569e-1,3.64880e-3,7.32690e-3,0,7.70040e+1,5.01146e+1,9.11677e-3,0,0,0,0,0,0,0,0,0,0,0,0,0,0,0,0,0,0,0,0,0,0,6.68146e+1,3.15067e+0,1.59758e+1,0,0,0,0,9.27552e+1,9.90639e-1,2.76060e+1,0,0,0,0,0,0,2.89450e+1,7.96927e+1,0,0,0,0,0,0,4.44127e+2
"Western_Africa","GIN","Guinea",2.13095e-3,1.09087e-4,3.09915e-1,6.52116e-4,1.07329e-1,5.19165e-6,0,0,2.93271e+1,2.74350e+0,3.56835e-2,0,0,0,0,0,0,0,0,0,0,0,0,0,0,0,0,0,0,0,0,0,0,7.75459e+1,2.98881e+0,5.79351e+1,0,0,0,0,7.93200e+1,6.35454e-1,1.03843e+2,0,0,0,0,0,0,1.02487e+1,3.14830e+1,0,0,0,0,0,0,3.96526e+2
"Western_Africa","GMB","Gambia",7.27101e-4,5.30412e-5,4.66042e-2,9.72035e-5,3.41258e-2,2.52320e-6,0,0,1.87350e+0,3.96527e+0,6.98059e-3,0,0,0,0,0,0,0,0,0,0,0,0,0,0,0,0,0,0,0,0,0,0,1.35038e+1,5.17616e-1,1.71943e+0,0,0,0,0,4.17096e+0,2.66429e-2,0,0,0,0,0,0,0,1.35121e+0,4.30368e+0,0,0,0,0,0,0,3.15207e+1
"Western_Africa","GNB","Guinea-Bissau",7.43809e-4,4.30978e-5,4.93053e-2,1.62755e-4,2.13904e-2,2.05010e-6,0,0,1.73760e+0,5.05610e-2,9.35775e-3,0,0,0,0,0,0,0,0,0,0,0,0,0,0,0,0,0,0,0,0,0,0,1.80812e+1,9.66632e-1,8.12329e+0,0,0,0,0,7.33992e+0,1.01861e-1,0,0,0,0,0,0,0,1.26313e+0,5.25383e+0,0,0,0,0,0,0,4.29990e+1
"Western_Africa","GNQ","Equatorial Guinea",2.38960e-4,4.51478e-5,1.64034e-2,1.20965e-4,1.08370e-2,2.14970e-6,0,0,1.60353e+0,5.39741e-1,5.27339e+1,0,0,0,0,0,0,0,0,0,0,0,0,0,0,0,0,0,0,0,0,0,0,3.79078e-1,2.37650e-2,0,0,0,0,0,0,1.81916e-2,0,0,0,0,0,0,0,7.34040e-1,1.85023e+0,0,0,0,0,0,0,5.79101e+1
"Western_Africa","LBR","Liberia",1.05789e-3,5.79631e-5,9.69648e-2,1.55488e-4,3.32719e-2,2.75975e-6,0,0,1.19359e+1,9.55928e+0,1.20348e-2,0,0,0,0,0,0,0,0,0,0,0,0,0,0,0,0,0,0,0,0,0,0,3.45574e+0,3.01592e-1,1.75122e+0,0,0,0,0,1.00356e+0,1.63365e-1,8.38168e-2,0,0,0,0,0,0,3.45169e+0,1.09161e+1,0,0,0,0,0,0,4.27658e+1
"Western_Africa","MLI","Mali",1.77271e-3,1.08220e-4,4.16881e-1,2.27094e-4,8.00317e-2,5.15015e-6,0,0,1.82697e+1,8.00281e+0,1.69530e-2,0,0,0,0,0,0,0,0,0,0,0,0,0,0,0,0,0,0,0,0,0,0,3.01871e+2,1.17507e+1,4.44072e+1,0,0,0,0,5.14776e+1,8.21795e-1,3.28413e+1,0,0,0,0,0,0,6.19795e+0,4.48652e+1,0,0,0,0,0,0,5.21021e+2
"Western_Africa","MRT","Mauritania",5.98606e-3,2.96364e-4,9.86620e-2,1.62094e-3,3.35056e-1,1.41100e-5,0,0,5.19607e+0,1.05415e+1,1.05507e-1,0,0,0,0,0,0,0,0,0,0,0,0,0,0,0,0,0,0,0,0,0,0,1.52822e+2,6.81902e+0,2.95146e+0,0,0,0,0,7.62528e-3,1.25848e-1,0,0,0,0,0,0,0,3.53574e+0,1.14606e+1,0,0,0,0,0,0,1.94007e+2
"Western_Africa","NER","Niger",3.61024e-3,2.00926e-4,4.15421e-1,1.09685e-4,5.80410e-2,9.56575e-6,0,0,2.81570e+1,3.55834e+1,2.17063e-2,0,0,0,0,0,0,0,0,0,0,0,0,0,0,0,0,0,0,0,0,0,0,1.47004e+2,6.57940e+0,2.30160e+0,0,0,0,0,1.10604e+0,1.30124e+0,0,0,0,0,0,0,0,4.07391e+0,4.11293e+1,0,0,0,0,0,0,2.67735e+2
"Western_Africa","NGA","Nigeria",1.62562e-1,2.74038e-1,8.62601e+0,0,3.39030e+0,3.64880e-3,6.15460e-3,0,2.26788e+2,7.57914e+1,1.80922e+3,0,0,0,0,0,7.20000e-4,0,0,0,0,0,0,0,0,0,0,0,0,0,0,0,0,7.70400e+2,3.39014e+1,2.57267e+2,0,0,0,0,1.23418e+2,1.05978e+1,1.81621e+1,0,0,0,0,0,0,7.73066e+1,4.59101e+2,0,0,0,0,0,0,3.87442e+3
"Western_Africa","SEN","Senegal",8.89999e-2,3.34944e-4,1.51981e-2,0,8.75572e-2,0,8.79228e-3,0,2.03634e+1,3.20075e+1,1.63008e+0,0,0,0,0,0,0,0,0,0,0,0,0,0,0,0,0,0,0,0,0,0,0,1.49190e+2,6.64059e+0,1.01135e+1,0,0,0,0,3.12624e+1,2.45839e-1,0,0,0,0,0,0,0,1.36748e+1,4.40225e+1,0,0,0,0,0,0,3.09352e+2
"Western_Africa","SHN","Saint Helena",0,0,1.97343e-4,0,6.47740e-4,0,0,0,3.00327e-4,0,9.05349e-5,0,0,0,0,0,0,0,0,0,0,0,0,0,0,0,0,0,0,0,0,0,0,4.44892e-2,4.17493e-3,0,0,0,0,0,0,0,0,0,0,0,0,0,0,1.31702e-2,2.72045e-2,0,0,0,0,0,0,9.02748e-2
"Western_Africa","SLE","Sierra Leone",2.85942e-3,1.44379e-4,1.65035e-1,4.08858e-4,3.71858e-2,6.87240e-6,0,0,1.80630e+1,2.31250e+1,2.60828e-2,0,0,0,0,0,0,0,0,0,0,0,0,0,0,0,0,0,0,0,0,0,0,1.43553e+1,6.79242e-1,2.52781e+1,0,0,0,0,1.85441e+1,3.90005e-1,9.95996e+0,0,0,0,0,0,0,4.79199e+0,1.90191e+1,0,0,0,0,0,0,1.34438e+2
"Western_Africa","STP","Sao Tome and Principe",3.71767e-4,2.65061e-5,5.22331e-3,2.80330e-5,6.20088e-3,1.26160e-6,0,0,1.13695e-2,6.14916e-1,2.40746e-3,0,0,0,0,0,0,0,0,0,0,0,0,0,0,0,0,0,0,0,0,0,0,1.96766e-1,1.60442e-2,0,0,0,0,0,0,2.12901e-3,0,0,0,0,0,0,0,2.47714e-1,5.34582e-1,0,0,0,0,0,0,1.63778e+0
"Western_Africa","TCD","Chad",5.44570e-4,3.42832e-5,2.90606e-1,5.11815e-5,7.40804e-3,1.63095e-6,0,0,2.06669e+1,2.58108e+1,5.54848e-3,0,0,0,0,0,0,0,0,0,0,0,0,0,0,0,0,0,0,0,0,0,0,2.57626e+2,9.59175e+0,1.17788e+1,0,0,0,0,1.57354e+2,5.41970e-1,0,0,0,0,0,0,0,4.07531e+0,2.87979e+1,0,0,0,0,0,0,5.16547e+2
"Western_Africa","TGO","Togo",2.12335e-3,0,3.89373e-3,0,1.03677e-1,0,0,0,2.06828e+1,3.44766e+1,0,0,0,0,0,0,0,0,0,0,0,0,0,0,0,0,0,0,0,0,0,0,0,2.11959e+1,1.32374e+0,4.33241e+0,0,0,0,0,3.68016e+1,4.17121e-1,1.60358e+1,0,0,0,0,0,0,4.67966e+0,1.96837e+1,0,0,0,0,0,0,1.59739e+2
"Eastern_Africa","BDI","Burundi",8.99003e-4,3.73666e-5,2.43815e-1,2.51281e-4,3.72679e-2,1.77620e-6,0,0,2.59802e+1,2.09987e+1,1.17948e-2,0,0,0,0,0,0,0,0,0,0,0,0,0,0,0,0,0,0,0,0,0,0,1.49596e+1,6.11000e-1,2.70777e+0,0,0,0,0,0,4.01651e-1,0,0,0,0,0,0,0,7.86140e-1,2.47670e+1,0,0,0,0,0,0,9.15061e+1
"Eastern_Africa","COM","Comoros",1.31216e-4,1.71686e-5,2.50759e-2,8.09674e-5,6.30672e-3,8.17550e-7,0,0,5.43081e-2,2.44162e+0,2.52869e-3,0,0,0,0,0,0,0,0,0,0,0,0,0,0,0,0,0,0,0,0,0,0,2.27859e+0,1.05692e-1,1.89543e+0,0,0,0,0,0,1.26043e-2,0,0,0,0,0,0,0,6.39562e-1,2.64290e+0,0,0,0,0,0,0,1.01048e+1
"Eastern_Africa","DJI","Djibouti",2.10414e-3,1.37448e-4,2.81652e-2,2.90695e-4,2.68343e-2,6.54455e-6,0,0,1.16471e-1,3.27850e+0,4.98806e-2,0,0,0,0,0,0,0,0,0,0,0,0,0,0,0,0,0,0,0,0,0,0,1.62292e+1,6.51680e-1,0,0,0,0,0,0,1.81743e-6,0,0,0,0,0,0,0,1.35438e+0,3.04617e+0,0,0,0,0,0,0,2.47839e+1
"Eastern_Africa","ERI","Eritrea",1.54811e-3,2.09340e-4,1.88406e-3,0,4.35064e-2,0,0,0,8.04082e+0,1.15227e+1,1.07354e-1,0,0,0,0,0,0,0,0,0,0,0,0,0,0,0,0,0,0,0,0,0,0,7.87058e+1,2.67947e+0,0,0,0,0,0,2.29382e+0,7.62788e-2,0,0,0,0,0,0,0,1.14813e+0,1.42790e+1,0,0,0,0,0,0,1.18900e+2
"Eastern_Africa","ETH","Ethiopia",1.63285e-3,8.37360e-5,2.70048e-2,0,2.13061e-1,0,0,0,3.04517e+2,1.16142e+1,9.68910e-2,0,0,0,0,0,0,0,0,0,0,0,0,0,0,0,0,0,0,0,0,0,0,1.25399e+3,4.68862e+1,0,0,0,0,0,2.45256e+2,7.64946e+0,0,0,0,0,0,0,0,1.55200e+1,2.35412e+2,0,0,0,0,0,0,2.12118e+3
"Eastern_Africa","KEN","Kenya",4.22375e-1,9.35284e-3,6.68213e-2,9.71337e-3,4.43614e-1,6.60259e-3,5.86152e-4,0,8.43928e+1,2.02653e+2,4.35846e-1,0,0,0,0,0,0,0,0,0,0,0,0,0,0,0,0,0,0,0,0,0,0,5.57425e+2,1.76114e+1,1.39450e+0,0,0,0,0,4.18464e+0,8.15660e-1,0,0,0,0,0,0,0,1.37368e+1,1.24707e+2,0,0,0,0,0,0,1.00832e+3
"Eastern_Africa","MDG","Madagascar",4.04066e-3,2.80984e-4,5.77459e-1,7.95567e-4,1.12255e-1,1.33796e-5,0,0,3.40186e+1,5.61503e+1,3.87054e-2,0,0,0,0,0,0,0,0,0,0,0,0,0,0,0,0,0,0,0,0,0,0,3.59763e+2,1.29030e+1,1.88963e+2,0,0,0,0,4.05840e+1,9.15036e-1,2.62426e+1,7.08048e-2,0,0,0,0,0,9.44445e+0,5.84086e+1,0,0,0,0,0,0,7.88197e+2
"Eastern_Africa","MUS","Mauritius",5.24409e-3,3.69151e-4,4.80312e-2,2.89602e-4,9.48335e-2,1.75753e-5,0,0,3.71728e-1,9.14500e-2,7.29197e-2,0,0,0,0,0,0,0,0,0,0,0,0,0,0,0,0,0,0,0,0,0,0,1.48041e+0,1.97543e-1,0,0,0,0,0,0,1.14553e-1,0,0,0,0,0,0,0,3.08958e+0,5.20194e+0,0,0,0,0,0,0,1.07689e+1
"Eastern_Africa","MYT","Mayotte",0,0,0,0,0,0,0,0,0,0,0,0,0,0,0,0,0,0,0,0,0,0,0,0,0,0,0,0,0,0,0,0,0,0,0,0,0,0,0,0,0,0,0,0,0,0,0,0,0,1.78227e-1,3.61705e-1,0,0,0,0,0,0,5.39932e-1
"Eastern_Africa","REU","Reunion",4.37903e-3,2.68057e-4,2.85579e-2,1.08403e-3,1.15631e-1,1.27613e-5,0,0,2.59256e-1,0,6.04694e-2,0,0,0,0,0,0,0,0,0,0,0,0,0,0,0,0,0,0,0,0,0,0,1.59434e+0,3.74489e-1,5.41552e-3,0,0,0,0,0,4.04222e-2,0,0,0,0,0,0,0,3.62990e+0,4.10506e+0,0,0,0,0,0,0,1.02193e+1
"Eastern_Africa","RWA","Rwanda",2.40983e-3,1.37622e-4,2.41193e-1,4.39927e-4,5.31096e-2,6.55285e-6,0,0,2.56028e+1,1.07505e+0,1.26009e-1,0,0,0,0,0,0,0,0,0,0,0,0,0,0,0,0,0,0,0,0,0,0,2.26165e+1,8.66673e-1,4.37303e-1,0,0,0,0,1.41134e+0,3.60608e-1,0,0,0,0,0,0,0,8.22951e-1,3.44009e+1,0,0,0,0,0,0,8.80175e+1
"Eastern_Africa","SDN","Sudan",5.27154e-3,2.51208e-4,1.81615e+0,0,4.03906e-1,0,0,0,8.07513e+1,2.11615e+2,3.85901e+0,0,0,0,0,0,0,0,0,0,0,0,0,0,0,0,0,0,0,0,0,0,0,1.56931e+3,5.72566e+1,3.98041e-1,0,0,0,0,6.46560e+2,2.08300e+0,0,0,0,0,0,0,0,4.77688e+1,1.37487e+2,0,0,0,0,0,0,2.75931e+3
"Eastern_Africa","SOM","Somalia",8.53146e-4,8.93910e-5,2.51941e-1,3.56203e-4,4.30404e-2,4.25375e-6,0,0,2.99189e+1,5.19783e+1,1.75140e-2,0,0,0,0,0,0,0,0,0,0,0,0,0,0,0,0,0,0,0,0,0,0,5.38533e+2,2.34062e+1,1.62466e-1,0,0,0,0,7.25328e-3,1.49592e-1,0,0,0,0,0,0,0,4.54032e+0,3.21132e+1,0,0,0,0,0,0,6.81122e+2
"Eastern_Africa","SYC","Seychelles",2.38802e-3,1.74180e-4,3.79416e-3,2.42500e-7,1.27967e-2,8.29170e-6,0,0,1.96892e-2,0,1.65962e-2,0,0,0,0,0,0,0,0,0,0,0,0,0,0,0,0,0,0,0,0,0,0,1.20002e-1,5.99992e-2,0,0,0,0,0,0,5.05440e-6,0,0,0,0,0,0,0,3.28582e-1,3.59899e-1,0,0,0,0,0,0,9.23934e-1
"Eastern_Africa","UGA","Uganda",2.87199e-3,2.09521e-4,8.63536e-1,3.58278e-4,1.10072e-1,9.97660e-6,0,0,1.19201e+2,6.15009e+1,3.28597e-2,0,0,0,0,0,0,0,0,0,0,0,0,0,0,0,0,0,0,0,0,0,0,2.37253e+2,8.48350e+0,8.12329e+0,0,0,0,0,1.15723e+2,1.70992e+0,0,0,0,0,0,0,0,4.71623e+0,7.92111e+1,0,0,0,0,0,0,6.36932e+2
"Southern_Africa","AGO","Angola",5.30050e-3,4.64734e-3,1.64575e-1,0,1.94237e-1,0,0,0,1.57654e+1,7.13310e+1,3.93482e+2,0,0,0,0,0,0,0,0,0,0,0,0,0,0,0,0,0,0,0,0,0,0,1.56040e+2,4.84779e+0,8.12329e-1,0,0,0,0,2.13673e+0,2.16380e-1,5.74725e+0,0,0,0,0,0,0,1.33117e+1,5.36069e+1,0,0,0,0,0,0,7.17667e+2
"Southern_Africa","BWA","Botswana",5.62046e-3,2.68621e-4,7.33033e-2,7.17310e-5,1.74884e-1,1.27903e-5,0,0,3.88685e+0,1.53972e+1,2.36636e-2,0,0,0,0,0,0,0,0,0,0,0,0,0,0,0,0,0,0,0,0,0,0,1.13114e+2,3.11546e+0,0,0,0,0,0,6.39240e+1,4.17257e-2,0,1.68329e+0,0,0,0,0,0,3.42087e+0,7.42449e+0,0,0,0,0,0,0,2.12286e+2
"Southern_Africa","LSO","Lesotho",3.45275e-4,2.51863e-5,6.76325e-2,1.70761e-4,2.24886e-2,1.19935e-6,0,0,5.62768e+0,6.54599e+0,5.45510e-3,0,0,0,0,0,0,0,0,0,0,0,0,0,0,0,0,0,0,0,0,0,0,2.99759e+1,6.96728e-1,0,0,0,0,0,0,4.82604e-2,0,1.07273e+0,0,0,0,0,0,1.14228e+0,7.43455e+0,0,0,0,0,0,0,5.26403e+1
"Southern_Africa","MOZ","Mozambique",9.20978e-4,0,5.84910e-1,0,9.06074e-2,0,7.03381e-3,0,6.28285e+1,2.99745e+1,3.50000e-3,0,0,0,0,0,0,0,0,0,0,0,0,0,0,0,0,0,0,0,0,0,0,4.98859e+1,2.08224e+0,2.23390e+1,0,0,0,0,1.55395e+2,1.76257e+0,1.94868e+1,2.79480e+0,0,0,0,0,0,9.23755e+0,7.42203e+1,0,0,0,0,0,0,4.30694e+2
"Southern_Africa","MWI","Malawi",2.32094e-3,1.55791e-4,4.12586e-1,3.31953e-4,9.03012e-2,7.41605e-6,0,0,1.89879e+1,3.33014e+1,2.28025e-2,0,0,0,0,0,0,0,0,0,0,0,0,0,0,0,0,0,0,0,0,0,0,3.50836e+1,1.58595e+0,5.46969e+0,0,0,0,0,2.99064e+1,1.11612e+0,0,0,0,0,0,0,0,2.82437e+0,4.33544e+1,0,0,0,0,0,0,1.72158e+2
"Southern_Africa","NAM","Namibia",6.32296e-4,0,1.02011e-2,7.94600e-4,2.12753e-1,0,5.86152e-4,0,4.18204e-1,4.00195e+0,0,0,0,0,0,0,0,0,0,0,0,0,0,0,0,0,0,0,0,0,0,0,0,1.21876e+2,3.02004e+0,0,0,0,0,0,1.63927e+1,7.87851e-2,0,0,0,0,0,0,0,2.60323e+0,5.79506e+0,0,0,0,0,0,0,1.54411e+2
"Southern_Africa","SWZ","Swaziland",8.14813e-4,1.02165e-4,4.00119e-2,1.49999e-4,6.28190e-2,4.86380e-6,0,0,2.47911e+0,2.57063e+0,1.60480e-2,0,0,0,0,0,0,0,0,0,0,0,0,0,0,0,0,0,0,0,0,0,0,3.29580e+1,7.92044e-1,1.08310e-2,0,0,0,0,0,9.61605e-2,0,0,0,0,0,0,0,1.28028e+0,1.82509e+1,0,0,0,0,0,0,5.85579e+1
"Southern_Africa","TZA","Tanzania_United Republic of",2.99943e-2,6.69888e-4,1.14869e+0,0,1.66833e-1,0,0,0,8.26202e+1,4.89372e+1,1.23268e-1,0,0,0,0,0,0,0,0,0,0,0,0,0,0,0,0,0,0,0,0,0,0,5.02076e+2,1.71726e+1,5.94354e+1,0,0,0,0,2.11709e+2,3.78406e+0,6.02956e+1,0,0,0,0,0,0,1.19713e+1,1.37020e+2,0,0,0,0,0,0,1.13649e+3
"Southern_Africa","ZAF","South Africa",1.42666e+0,7.00452e-2,5.55893e+0,1.34396e-2,8.02668e+0,2.94478e-2,0,1.38164e-3,8.41573e+1,1.13390e+3,5.44028e+1,0,0,0,0,0,9.35300e-2,2.87887e+0,0,0,0,0,0,0,0,0,0,0,0,0,0,0,0,8.68331e+2,2.27155e+1,1.76004e-1,0,0,0,0,8.65296e+0,2.57813e+0,3.52598e+0,9.47544e+1,0,0,0,0,0,2.08951e+2,2.62999e+2,0,0,0,0,0,0,2.76324e+3
"Southern_Africa","ZMB","Zambia",1.20161e-3,2.13527e-3,9.02862e-1,0,1.55336e-1,3.30129e-3,0,0,3.03811e+1,6.57300e+1,1.51656e-1,0,0,0,0,0,0,0,0,0,0,0,0,0,0,0,0,0,0,0,0,0,0,1.04378e+2,3.64905e+0,1.67881e+0,0,0,0,0,4.21008e+2,2.47418e-1,1.87707e+2,0,0,0,0,0,0,9.13786e+0,3.67818e+1,0,0,0,0,0,0,8.61915e+2
"Southern_Africa","ZWE","Zimbabwe",4.54311e-2,8.37360e-4,2.54516e-1,0,4.74531e-1,1.71659e-3,0,0,3.25044e+1,2.22212e+1,6.90000e-5,0,0,0,0,0,0,3.19732e-1,0,0,0,0,0,0,0,0,0,0,0,0,0,0,0,2.55677e+2,6.61280e+0,2.70776e-2,0,0,0,0,4.27248e+1,5.72067e-1,0,0,0,0,0,0,0,1.12404e+1,4.71486e+1,0,0,0,0,0,0,4.19825e+2
"OECD_Europe","AUT","Austria",1.24205e+0,1.04615e-1,1.21791e+0,4.60549e-4,2.12872e+0,7.38135e-3,1.75846e-3,4.14493e-3,3.48257e+1,7.69993e+0,4.69923e+1,0,0,0,0,0,1.15830e-1,2.35130e-1,0,0,0,0,0,0,0,0,0,0,0,0,0,0,0,1.65522e+2,5.10231e+1,0,0,0,0,0,0,4.01721e-1,0,1.16882e+0,0,0,0,0,0,8.19635e+1,4.07260e+1,2.64600e-3,4.97640e+0,0,0,0,0,4.40360e+2
"OECD_Europe","BEL","Belgium",9.71155e-1,1.21562e-1,1.44565e+0,1.46538e-3,3.60928e+0,1.07727e-2,1.16938e-1,0,1.30102e+1,9.62064e+0,5.79400e+1,0,0,0,0,0,2.80980e-1,7.81100e-1,0,0,0,0,0,0,0,0,0,0,0,0,0,0,0,2.23339e+2,8.46083e+1,0,0,0,0,0,0,2.51827e-1,0,2.62560e-1,0,0,0,0,0,5.88953e+1,7.92316e+1,1.80751e+0,5.02524e+0,0,0,0,0,5.41331e+2
"OECD_Europe","CHE","Switzerland",5.24587e-1,1.08776e-2,5.73582e-1,1.46538e-3,2.77975e+0,1.56377e-3,1.46538e-3,0,8.06463e+0,1.01316e+0,3.44754e+1,0,0,0,0,0,7.07996e-2,0,0,0,0,0,0,0,0,0,0,0,0,0,0,0,0,1.25420e+2,3.21252e+1,0,0,0,0,0,0,1.07074e-1,2.65358e+0,0,0,0,0,0,0,3.53390e+1,1.14181e+1,1.20266e-5,1.93690e+0,0,0,0,0,2.56517e+2
"OECD_Europe","DEU","Germany",7.24167e+0,5.85858e-1,4.32637e+0,2.83654e-2,2.64389e+1,1.20787e-1,1.20747e-1,2.84702e-3,1.03722e+2,6.75827e+2,3.56206e+2,0,0,0,0,0,3.42105e+0,2.06004e+0,0,0,0,0,0,0,0,0,0,0,0,0,0,0,0,1.21843e+3,3.60436e+2,0,0,0,0,0,0,3.63542e+0,0,1.63327e+0,0,0,0,0,0,1.22122e+3,1.46132e+2,0,2.88558e-2,0,0,0,0,4.13162e+3
"OECD_Europe","DNK","Denmark",1.60105e+0,7.51815e-2,4.01843e-1,1.31884e-3,2.25365e+0,1.66802e-2,4.83575e-2,7.03383e-3,9.22201e+0,2.45040e-1,3.38671e+1,0,0,0,0,0,0,0,0,0,0,0,0,0,0,0,0,0,0,0,0,0,0,1.58437e+2,1.00056e+2,0,0,0,0,0,0,8.15271e-1,0,0,0,0,0,0,0,7.30392e+1,1.11018e+1,0,2.47958e+0,0,0,0,0,3.93668e+2
"OECD_Europe","ESP","Spain",1.31425e+0,2.79357e-1,3.17031e+0,2.90564e-2,1.52923e+1,7.19336e-2,4.80938e-1,0,4.17987e+1,1.28812e+2,4.65362e+1,0,0,0,0,0,7.52576e-1,3.60758e-1,0,0,0,0,0,0,0,0,0,0,0,0,0,0,0,6.02133e+2,2.71351e+2,2.71115e+1,0,0,0,0,0,1.64611e+0,0,1.94674e+1,0,0,0,0,0,3.30514e+2,1.14358e+2,2.34062e-1,1.65891e+1,0,0,0,0,1.62230e+3
"OECD_Europe","FIN","Finland",2.31216e+0,5.22413e-2,4.47734e+0,3.01449e-3,2.64672e+0,9.73013e-3,3.78068e-2,7.95492e-4,1.99102e+1,2.91928e+0,5.97996e+0,0,0,0,0,0,8.33220e-2,4.43418e-1,0,0,0,0,0,0,0,0,0,0,0,0,0,0,0,8.26414e+1,2.36570e+1,0,0,0,0,0,0,2.89555e-1,4.70304e-1,6.41592e-2,0,0,0,0,0,1.39181e+2,1.97144e+2,0,1.15600e+0,0,0,0,0,4.83479e+2
"OECD_Europe","FRA","France",2.29231e+0,4.39266e-1,4.57191e+0,2.01385e-2,2.31501e+1,7.43658e-2,9.58357e-2,0,1.70755e+2,3.28942e+1,1.38813e+3,0,0,0,0,0,1.64683e+0,2.02289e+0,0,0,0,0,0,0,0,0,0,0,0,0,0,0,0,1.46242e+3,3.90235e+2,4.87531e+0,0,0,0,0,0,5.53016e+0,0,1.10702e+0,0,0,0,0,0,4.53277e+2,1.87372e+2,1.14731e+1,1.21090e+1,0,0,0,0,4.15448e+3
"OECD_Europe","FRO","Faroe Islands",0,0,0,0,0,0,0,0,0,0,0,0,0,0,0,0,0,0,0,0,0,0,0,0,0,0,0,0,0,0,0,0,0,6.13384e-1,2.49390e-2,0,0,0,0,0,0,9.69408e-6,0,0,0,0,0,0,0,9.49411e-1,4.39204e-2,1.53743e-2,2.13620e-2,0,0,0,0,1.66840e+0
"OECD_Europe","GBR","United Kingdom",3.92812e+0,1.15572e+0,3.11326e+0,2.76748e-2,2.58189e+1,8.54862e-2,3.49932e-1,0,6.53907e+1,3.18785e+2,7.75338e+2,0,0,0,0,0,2.59805e+0,1.01157e+0,0,0,0,0,0,0,0,0,0,0,0,0,0,0,0,1.11704e+3,2.15369e+2,0,0,0,0,0,0,2.10431e+0,0,1.10273e+0,0,0,0,0,0,2.10611e+3,1.08382e+2,2.23006e+0,3.54706e+0,0,0,0,0,4.75349e+3
"OECD_Europe","GIB","Gibraltar",0,0,0,0,3.14080e-2,0,0,0,0,0,0,0,0,0,0,0,0,0,0,0,0,0,0,0,0,0,0,0,0,0,0,0,0,0,0,0,0,0,0,0,0,0,0,0,0,0,0,0,0,1.98984e-1,2.46931e-2,4.49739e-3,6.41840e-3,0,0,0,0,2.66001e-1
"OECD_Europe","GRC","Greece",4.18071e-1,6.52755e-2,8.30309e-1,8.66668e-3,6.97768e+0,7.47133e-3,1.67054e-1,0,1.30599e+1,5.29243e+1,1.04325e+1,0,0,0,0,0,3.36600e-3,0,0,0,0,0,0,0,0,0,0,0,0,0,0,0,0,1.39695e+2,2.91691e+1,7.61024e+0,0,0,0,0,0,4.34479e-1,7.21968e-2,2.00479e+0,0,0,0,0,0,1.01576e+2,1.43726e+1,1.96800e-4,1.52685e-1,0,0,0,0,3.79982e+2
"OECD_Europe","GRL","Greenland",0,0,0,0,0,0,0,0,0,0,0,0,0,0,0,0,0,0,0,0,0,0,0,0,0,0,0,0,0,0,0,0,0,1.76000e-1,2.99675e-3,0,0,0,0,0,0,0,0,0,0,0,0,0,0,8.37614e-1,2.08956e-1,7.17139e-3,1.02232e-2,0,0,0,0,1.24296e+0
"OECD_Europe","IRL","Ireland",2.19716e-1,3.17804e-3,2.57675e-1,4.81481e-4,1.56046e+0,1.42477e-2,9.67151e-3,0,1.38799e+1,7.08000e-1,4.00059e+1,0,0,0,0,0,0,0,0,0,0,0,0,0,0,0,0,0,0,0,0,0,0,4.72207e+2,7.36389e+1,0,0,0,0,0,0,1.59480e-1,0,1.05905e-1,0,0,0,0,0,9.56439e+1,8.47299e+0,0,3.59683e-1,0,0,0,0,7.07247e+2
"OECD_Europe","ISL","Iceland",2.63768e-3,0,4.17340e-2,2.30273e-4,1.59231e-1,0,2.93076e-3,0,8.00725e-2,0,0,0,0,0,0,0,0,7.70000e-2,0,0,0,0,0,0,0,0,0,0,0,0,0,0,0,9.58933e+0,1.43424e+0,0,0,0,0,0,0,6.71493e-5,0,0,0,0,0,0,0,4.24262e+0,4.69240e-1,2.69059e-2,5.52508e-3,0,0,0,0,1.61318e+1
"OECD_Europe","ITA","Italy",9.39838e-1,3.42112e-1,2.56088e+0,5.81964e-3,3.87185e+1,3.45767e-2,1.34229e-1,1.08020e-2,2.54472e+1,1.23093e+1,3.17557e+2,0,0,0,0,0,9.60573e-1,9.52313e-1,0,0,0,0,0,0,0,0,0,0,0,0,0,0,0,6.02348e+2,2.09829e+2,5.54121e+1,0,0,0,0,0,1.77395e+0,4.52102e-1,5.69256e+0,0,0,0,0,0,8.41197e+2,1.12235e+2,5.81847e+0,1.35246e+1,0,0,0,0,2.24826e+3
"OECD_Europe","LUX","Luxembourg",3.51891e-2,0,9.39308e-2,0,5.08907e-1,8.68761e-4,0,0,8.53877e-2,0,4.21409e+0,0,0,0,0,0,0,5.90100e-2,0,0,0,0,0,0,0,0,0,0,0,0,0,0,0,1.44179e+1,2.98551e+1,0,0,0,0,0,0,1.07977e-2,0,2.53104e-1,0,0,0,0,0,3.07608e+0,4.22732e-1,0,9.74788e-2,0,0,0,0,5.31306e+1
"OECD_Europe","NLD","Netherlands",2.53310e+0,4.09214e-1,5.20168e-1,2.23994e-3,5.76303e+0,8.86137e-3,5.30468e-2,0,7.63367e+0,3.74603e+0,2.61433e+2,0,0,0,0,0,3.50117e+0,2.92740e-1,0,0,0,0,0,0,0,0,0,0,0,0,0,0,0,3.46480e+2,1.76276e+2,0,0,0,0,0,0,2.12060e-1,0,1.70868e-2,0,0,0,0,0,4.75381e+2,4.05176e+1,0,2.27500e+0,0,0,0,0,1.32705e+3
"OECD_Europe","NOR","Norway",2.00129e-1,5.43675e-1,1.01083e+0,5.61032e-3,2.12370e+0,4.69133e-3,2.05153e-1,0,1.07578e+1,6.74737e+0,5.06324e+2,0,0,0,0,0,2.73517e+0,1.27967e+0,0,0,0,0,0,0,0,0,0,0,0,0,0,0,0,9.10603e+1,1.67165e+1,0,0,0,0,0,0,9.54642e-2,0,0,0,0,0,0,0,1.25902e+2,5.03580e+1,1.24031e+1,1.01735e+0,0,0,0,0,8.29490e+2
"OECD_Europe","PRT","Portugal",3.02562e-1,9.62490e-2,2.00659e+0,2.70049e-3,3.56773e+0,9.55637e-3,1.34815e-2,0,2.01737e+1,1.58360e+0,6.32356e+0,0,0,0,0,0,1.13133e-1,3.01000e-2,0,0,0,0,0,0,0,0,0,0,0,0,0,0,0,1.50400e+2,5.80511e+1,6.77787e+0,0,0,0,0,0,1.41429e-1,0,2.22773e+0,0,0,0,0,0,2.27009e+2,5.13793e+1,5.51370e-1,8.40400e-1,0,0,0,0,5.31601e+2
"OECD_Europe","SWE","Sweden",3.06597e+0,4.07590e-2,6.17268e+0,5.67311e-3,4.24837e+0,6.25509e-3,2.96007e-2,0,1.75608e+1,3.19426e+0,2.54107e+1,0,0,0,0,0,2.53955e-1,1.75143e-1,0,0,0,0,0,0,0,0,0,0,0,0,0,0,0,1.29644e+2,3.51740e+1,0,0,0,0,0,0,4.60495e-1,4.73434e-1,1.88467e-1,0,0,0,0,0,1.15922e+2,2.06595e+2,6.43417e-2,1.04669e+0,0,0,0,0,5.49733e+2
"Central Europe","ALB","Albania",0,2.63768e-3,1.21836e-2,0,1.88339e-1,0,0,0,9.92754e+0,2.68260e-1,1.05534e+1,0,0,0,0,0,0,3.37926e-2,0,0,0,0,0,0,0,0,0,0,0,0,0,0,0,7.50587e+1,1.09393e+1,0,0,0,0,0,0,1.90001e-1,0,5.35296e-1,0,0,0,0,0,3.88731e+0,5.45726e+0,9.92258e-3,5.69836e-3,0,0,0,0,1.17070e+2
"Central Europe","BGR","Bulgaria",2.90719e-1,1.47710e-2,5.14544e-1,5.65218e-4,1.22141e+0,7.81885e-3,5.86152e-4,4.60548e-4,1.26934e+1,3.52364e+1,7.71216e+0,0,0,0,0,0,2.04234e-1,1.87255e-1,0,0,0,0,0,0,0,0,0,0,0,0,0,0,0,8.87764e+1,1.64032e+1,9.01338e-1,0,0,0,0,0,1.81676e+0,0,1.23113e+0,0,0,0,0,0,4.44579e+2,3.35824e+1,0,0,0,0,0,0,6.45375e+2
"Central Europe","BIH","Bosnia and Herzegovina",5.67856e-2,0,1.04251e-2,8.79227e-4,2.33330e-1,6.95009e-4,0,0,7.21993e+0,2.69712e+1,2.58417e+0,0,0,0,0,0,9.25430e-4,1.32000e-3,0,0,0,0,0,0,0,0,0,0,0,0,0,0,0,3.44671e+1,6.41964e+0,0,0,0,0,0,0,3.30673e-1,0,0,0,0,0,0,0,4.85312e+0,6.77636e+0,1.43674e-2,8.35452e-3,0,0,0,0,8.99493e+1
"Central Europe","CYP","Cyprus",3.60187e-4,1.49344e-3,7.13850e-2,0,2.25138e-1,0,0,0,1.33978e-1,2.74350e-1,2.76760e-1,0,0,0,0,0,0,0,0,0,0,0,0,0,0,0,0,0,0,0,0,0,0,8.81513e+0,4.24778e+0,0,0,0,0,0,0,5.37327e-3,0,0,0,0,0,0,0,8.85065e+0,3.46572e+0,0,0,0,0,0,0,2.63681e+1
"Central Europe","CZE","Czech Republic",8.87983e-1,5.11910e-2,1.60932e+0,8.16425e-4,2.95297e+0,2.17190e-2,4.10306e-3,1.38164e-3,5.64546e+1,1.18637e+2,6.05628e+1,0,0,0,0,0,1.65589e-1,4.47300e-1,0,0,0,0,0,0,0,0,0,0,0,0,0,0,0,1.90157e+2,3.54755e+1,0,0,0,0,0,0,2.07069e+0,0,3.33240e+0,0,0,0,0,0,8.76714e+1,4.07544e+1,0,5.36168e-1,0,0,0,0,6.01794e+2
"Central Europe","EST","Estonia",2.12133e-1,1.41932e-3,1.30697e-1,0,4.41799e-1,5.99131e-3,1.75846e-3,0,1.62850e+1,1.17890e+1,1.36854e+1,0,0,0,0,0,0,0,0,0,0,0,0,0,0,0,0,0,0,0,0,0,0,2.99558e+1,4.58834e+0,1.98818e+0,0,0,0,0,0,1.84353e-1,0,0,0,0,0,0,0,2.18670e+1,5.91534e+0,0,2.61636e-1,0,0,0,0,1.07314e+2
"Central Europe","HRV","Croatia",7.99044e-2,6.37627e-2,1.97100e-1,5.65218e-4,1.10019e+0,5.56009e-3,1.11369e-2,3.39132e-3,1.13008e+1,9.70583e-1,7.45726e+1,0,0,0,0,0,6.04044e-2,3.42815e-2,0,0,0,0,0,0,0,0,0,0,0,0,0,0,0,4.34273e+1,1.12205e+1,0,0,0,0,0,0,8.37386e-1,0,7.20624e-1,0,0,0,0,0,2.30798e+1,1.58763e+1,0,0,0,0,0,0,1.83562e+2
"Central Europe","HUN","Hungary",4.41585e-1,5.29959e-2,2.69718e-1,0,2.01536e+0,1.73752e-2,5.86152e-4,0,1.59417e+1,1.95009e+1,9.44545e+1,0,0,0,0,0,1.02499e-1,9.31500e-2,0,0,0,0,0,0,0,0,0,0,0,0,0,0,0,1.07395e+2,3.32754e+1,5.20826e-1,0,0,0,0,0,3.70358e+0,0,1.07863e+0,0,0,0,0,0,9.46185e+1,3.61580e+1,4.74600e-2,0,0,0,0,0,4.09688e+2
"Central Europe","LTU","Lithuania",7.49101e-2,2.08168e-2,8.70917e-2,0,9.86353e-1,1.40739e-2,1.46538e-3,0,1.73320e+1,1.73910e-2,6.25982e+1,0,0,0,0,0,5.40454e-2,0,0,0,0,0,0,0,0,0,0,0,0,0,0,0,0,8.95610e+1,1.53226e+1,0,0,0,0,0,0,8.87793e-1,0,8.96040e-1,0,0,0,0,0,4.58868e+1,9.37317e+0,8.86587e-4,0,0,0,0,0,2.43115e+2
"Central Europe","LVA","Latvia",3.30704e-1,5.44284e-4,1.73696e-1,0,7.09799e-1,1.44214e-2,0,0,2.83872e+1,6.40150e-1,3.48405e+1,0,0,0,0,0,0,0,0,0,0,0,0,0,0,0,0,0,0,0,0,0,0,4.65301e+1,7.19529e+0,0,0,0,0,0,0,3.32177e-1,0,1.39243e-1,0,0,0,0,0,2.30486e+1,4.73020e+0,2.53907e-4,0,0,0,0,0,1.47073e+2
"Central Europe","MKD","Macedonia, the former Yugoslav Republic of",5.48471e-2,0,5.06791e-2,0,3.56037e-1,6.08133e-3,0,0,6.47157e+0,7.70520e+0,1.66012e+0,0,0,0,0,0,4.49523e-3,4.14040e-2,0,0,0,0,0,0,0,0,0,0,0,0,0,0,0,3.23249e+1,4.56997e+0,1.25093e+0,0,0,0,0,0,1.84818e-1,0,3.89664e-1,0,0,0,0,0,5.03773e+0,8.06622e+0,1.21731e-2,6.33972e-3,0,0,0,0,6.81932e+1
"Central Europe","MLT","Malta",1.37767e-3,0,0,0,1.23276e-1,0,0,0,1.54912e-2,0,0,0,0,0,0,0,0,0,0,0,0,0,0,0,0,0,0,0,0,0,0,0,0,1.85005e+0,6.59663e-1,0,0,0,0,0,0,1.21156e-3,0,0,0,0,0,0,0,7.66438e+0,4.08602e-1,0,0,0,0,0,0,1.07241e+1
"Central Europe","POL","Poland",1.42694e+0,1.77862e-1,3.49239e+0,0,7.47025e+0,3.66491e-2,5.56844e-3,4.18680e-5,2.62680e+2,2.05207e+3,1.67213e+2,0,0,0,0,0,3.47229e-1,7.92654e-1,0,0,0,0,0,0,0,0,0,0,0,0,0,0,0,6.42057e+2,1.35493e+2,0,0,0,0,0,0,6.57134e+0,0,2.28562e+0,0,0,0,0,0,3.42048e+2,1.02122e+2,2.53351e-1,6.09280e-1,0,0,0,0,3.72715e+3
"Central Europe","ROU","Romania",5.81592e-1,3.35342e-1,1.02897e+0,6.28019e-5,2.41855e+0,5.78367e-2,9.93528e-2,6.48954e-3,1.03870e+2,6.05679e+1,4.86988e+2,0,0,0,0,0,8.89906e-1,5.88637e-1,0,0,0,0,0,0,0,0,0,0,0,0,0,0,0,3.71995e+2,8.41156e+1,9.48902e-1,0,0,0,0,0,5.98041e+0,0,0,0,0,0,0,0,1.23309e+2,6.59419e+1,1.65891e-2,0,0,0,0,0,1.30974e+3
"Central Europe","SCG","Serbia and Montenegro",3.80451e-1,0,2.80934e-1,0,1.83933e+0,0,0,0,3.10063e+1,3.87230e+1,8.86605e+1,0,0,0,0,0,3.17068e-1,4.66480e-1,0,0,0,0,0,0,0,0,0,0,0,0,0,0,0,1.90915e+2,4.59207e+1,0,0,0,0,0,0,2.75400e+0,0,0,0,0,0,0,0,1.51380e+1,3.89634e+1,3.80960e-2,1.80898e-2,0,0,0,0,4.55421e+2
"Central Europe","SVK","Slovakia",2.54432e-1,2.36414e-1,4.30618e-1,0,8.32255e-1,0,0,0,2.57809e+0,5.83609e+0,3.64737e+1,0,0,0,0,0,8.98201e-2,3.61428e-1,0,0,0,0,0,0,0,0,0,0,0,0,0,0,0,8.80915e+1,1.60870e+1,0,0,0,0,0,0,1.09131e+0,0,3.17232e-1,0,0,0,0,0,3.25238e+1,3.30065e+1,0,1.55200e-1,0,0,0,0,2.18365e+2
"Central Europe","SVN","Slovenia",6.11482e-2,3.48525e-3,1.41939e-1,2.09339e-5,1.72488e+0,2.08503e-3,0,0,7.13522e+0,3.72241e+1,3.09657e+0,0,0,0,0,0,2.88813e-1,2.61916e-2,0,0,0,0,0,0,0,0,0,0,0,0,0,0,0,4.65420e+1,7.62886e+0,0,0,0,0,0,0,1.44599e-1,0,0,0,0,0,0,0,1.99173e+1,9.42502e+0,0,6.91656e-6,0,0,0,0,1.33362e+2
"Turkey","TUR","Turkey",1.30225e+0,1.01393e-1,2.29041e+0,2.25250e-2,7.54502e+0,3.99986e-2,6.35974e-2,1.33978e-3,1.41687e+2,1.84732e+2,9.35300e+1,0,0,0,0,0,4.61811e-1,4.61010e-1,0,0,0,0,0,0,0,0,0,0,0,0,0,0,0,8.81927e+2,1.79056e+2,1.86142e+1,0,0,0,0,0,3.14020e+1,0,9.12528e-1,0,0,0,0,0,6.12094e+2,3.03225e+2,0,8.68408e-1,0,0,0,0,2.46034e+3
"Ukraine +","BLR","Belarus",9.42253e-1,2.14364e-2,1.83930e-1,0,1.23797e+0,6.58333e-2,5.86152e-3,2.09340e-3,1.95643e+1,8.58390e-2,1.93068e+1,0,0,0,0,0,4.45599e-2,0,0,0,0,0,0,0,0,0,0,0,0,0,0,0,0,3.86569e+2,5.96563e+1,0,0,0,0,0,0,1.80495e+0,0,3.53496e-2,0,0,0,0,0,1.49655e+2,2.57327e+1,0,9.30564e-2,0,0,0,0,6.65007e+2
"Ukraine +","MDA","Moldova, Republic of",7.89373e-2,0,1.79572e-2,0,1.92081e-1,4.16377e-3,0,4.35427e-3,3.16926e+0,5.14600e-3,6.93816e+1,0,0,0,0,0,0,0,0,0,0,0,0,0,0,0,0,0,0,0,0,0,0,5.92507e+1,1.25630e+1,0,0,0,0,0,0,1.02725e+0,0,7.17192e-2,0,0,0,0,0,6.20887e+0,1.53427e+1,1.23456e-2,5.90900e-3,0,0,0,0,1.67336e+2
"Ukraine +","UKR","Ukraine",2.15021e+0,1.72882e-1,2.35733e+0,9.00160e-4,6.71274e+0,6.01181e-2,0,1.24515e-1,5.83314e+1,4.29830e+2,2.18727e+3,0,0,0,0,0,2.17430e-1,3.83446e+0,0,0,0,0,0,0,0,0,0,0,0,0,0,0,0,1.12754e+3,2.02900e+2,7.61490e+0,0,0,0,0,0,1.13863e+1,0,1.47019e+0,0,0,0,0,0,3.14055e+2,1.30914e+2,0,3.59461e-1,0,0,0,0,4.48730e+3
"Asia-Stan","KAZ","Kazakhstan",4.29858e-1,1.48330e-1,3.12650e+0,1.81858e-3,1.68549e+0,2.74528e-2,5.86152e-4,0,4.26099e+0,4.85960e+2,4.71689e+2,0,0,0,0,0,8.73300e-3,1.08077e+0,0,0,0,0,0,0,0,0,0,0,0,0,0,0,0,5.21137e+2,3.42884e+1,2.10137e+1,0,0,0,0,0,4.99087e+0,2.99002e+1,1.69930e+2,0,0,0,0,0,1.22408e+2,4.58539e+1,0,3.76254e-1,0,0,0,0,1.91832e+3
"Asia-Stan","KGZ","Kyrgyzstan",3.27115e-2,0,5.40935e-2,1.00483e-3,2.82793e-1,0,0,0,2.81772e-1,2.82891e+0,9.62762e+0,0,0,0,0,0,0,0,0,0,0,0,0,0,0,0,0,0,0,0,0,0,0,1.04064e+2,6.05826e+0,1.54812e+0,0,0,0,0,0,5.40213e-1,1.21546e-1,7.02504e+0,0,0,0,0,0,6.35009e+0,2.55354e+1,0,5.15428e-2,0,0,0,0,1.64403e+2
"Asia-Stan","TJK","Tajikistan",1.23929e-2,0,1.00000e-4,0,1.86665e+0,0,0,0,3.48132e-1,1.77693e-1,1.98587e+1,0,0,0,0,0,0,0,0,0,0,0,0,0,0,0,0,0,0,0,0,0,0,9.47991e+1,7.23651e+0,3.83221e+0,0,0,0,0,0,2.10272e-1,0,5.88312e-2,0,0,0,0,0,6.38962e+0,2.59211e+1,0,3.83736e-2,0,0,0,0,1.60750e+2
"Asia-Stan","TKM","Turkmenistan",1.77186e-1,1.73207e-1,1.00000e-4,0,5.09261e-1,0,0,0,1.89432e+0,0,3.30448e+2,0,0,0,0,0,2.84160e-4,0,0,0,0,0,0,0,0,0,0,0,0,0,0,0,0,1.18719e+2,1.05331e+1,8.12125e+0,0,0,0,0,0,3.11966e-1,2.89723e-2,2.30890e-1,0,0,0,0,0,9.04851e+0,2.52696e+1,0,8.29980e-2,0,0,0,0,5.05548e+2
"Asia-Stan","UZB","Uzbekistan",4.66971e-1,1.92384e-1,1.72976e-1,6.17553e-3,2.20524e+0,2.17190e-2,0,4.94461e-2,5.21261e+0,3.30292e+0,9.96766e+2,0,0,0,0,0,0,0,0,0,0,0,0,0,0,0,0,0,0,0,0,0,0,4.36385e+2,3.46395e+1,4.94889e+1,0,0,0,0,0,1.34815e+0,2.81986e-2,1.03032e+0,0,0,0,0,0,2.89140e+1,1.14723e+2,0,2.79377e-1,0,0,0,0,1.67523e+3
"Russia +","ARM","Armenia",3.19034e-2,0,1.93849e-2,0,1.82379e-2,0,0,0,1.60773e-1,0,6.27263e+1,0,0,0,0,0,0,0,0,0,0,0,0,0,0,0,0,0,0,0,0,0,0,3.94290e+1,5.61326e+0,0,0,0,0,0,0,9.96107e-2,0,4.99584e-2,0,0,0,0,0,1.13281e+1,4.90276e+0,0,6.77240e-2,0,0,0,0,1.24447e+2
"Russia +","AZE","Azerbaijan",4.05701e-2,1.08857e-2,8.51596e-2,0,6.45366e-1,1.98873e-3,0,1.29791e-3,8.00726e-1,0,1.77667e+2,0,0,0,0,0,6.09300e-3,0,0,0,0,0,0,0,0,0,0,0,0,0,0,0,0,1.49843e+2,2.31332e+1,8.46100e-1,0,0,0,0,0,3.93334e-1,0,5.09352e-2,0,0,0,0,0,2.24705e+1,4.65128e+1,0,1.39663e-1,0,0,0,0,4.22648e+2
"Russia +","GEO","Georgia",1.21417e-2,2.38648e-3,5.75077e-2,0,4.85801e-1,1.67472e-4,0,8.37360e-5,2.39984e+1,6.19646e-2,4.63374e+1,0,0,0,0,0,0,3.57500e-2,0,0,0,0,0,0,0,0,0,0,0,0,0,0,0,7.91955e+1,1.34332e+1,0,0,0,0,0,0,2.61673e-1,0,1.49743e-1,0,0,0,0,0,1.92716e+1,1.09297e+1,0,7.82892e-2,0,0,0,0,1.94311e+2
"Russia +","RUS","Russian Federation",1.49383e+1,1.69895e+0,4.91280e+0,9.25466e-2,2.69240e+1,3.23526e-1,3.13591e-1,1.02275e+0,3.84397e+2,1.65806e+3,1.34831e+4,0,0,0,0,0,4.72420e+0,3.76872e+0,0,0,0,0,0,0,0,0,0,0,0,0,0,0,0,2.77185e+3,4.71145e+2,4.73816e+1,0,0,0,0,0,2.91493e+1,9.22224e+1,3.48168e+2,0,0,0,0,0,1.46595e+3,6.98306e+2,0,0,0,0,0,0,2.15085e+4
"Middle_East","ARE","United Arab Emirates",1.11606e+0,8.46990e-2,7.61872e-1,0,2.37219e+0,0,0,0,3.00127e-1,1.56736e-1,8.34967e+2,0,0,0,0,0,0,0,0,0,0,0,0,0,0,0,0,0,0,0,0,0,0,1.92074e+1,1.19010e+0,0,0,0,0,0,0,3.79396e-4,0,0,0,0,0,0,0,1.74864e+1,1.34542e+1,0,2.07904e-1,0,0,0,0,8.91306e+2
"Middle_East","BHR","Bahrain",2.60047e-1,1.79178e-1,6.84542e-2,0,3.36370e-1,0,0,0,2.95170e-2,8.23050e-2,8.88680e+1,0,0,0,0,0,1.03033e+0,0,0,0,0,0,0,0,0,0,0,0,0,0,0,0,0,7.85453e-1,3.10278e-2,0,0,0,0,0,0,1.04789e-5,0,0,0,0,0,0,0,4.18588e+0,8.12222e+0,0,4.04344e-2,0,0,0,0,1.04019e+2
"Middle_East","IRN","Iran, Islamic Republic of",1.55497e+0,2.55642e-1,1.67966e+0,0,1.56092e+1,0,0,0,1.54555e+1,2.30697e+1,2.00647e+3,0,0,0,0,0,3.72364e-1,1.23060e-1,0,0,0,0,0,0,0,0,0,0,0,0,0,0,0,7.77689e+2,3.05119e+1,1.36529e+2,0,0,0,0,0,0,0,5.61024e-3,0,0,0,0,0,1.62009e+2,3.28016e+2,0,2.10778e+0,0,0,0,0,3.50146e+3
"Middle_East","IRQ","Iraq",2.31236e-1,8.04634e-2,5.14893e-1,0,4.59942e+0,0,0,0,8.32545e-1,1.37175e+0,4.91403e+2,0,0,0,0,0,8.58000e-3,0,0,0,0,0,0,0,0,0,0,0,0,0,0,0,0,9.67669e+1,4.07076e+0,2.93427e+1,0,0,0,0,0,1.72530e+0,0,6.05904e-1,0,0,0,0,0,7.01104e+1,7.85174e+1,0,4.67696e-1,0,0,0,0,7.80649e+2
"Middle_East","ISR","Israel",1.71719e-1,4.71583e-2,8.11401e-2,0,2.05118e+0,0,0,0,9.65058e-1,4.10346e-1,3.28003e+0,0,0,0,0,0,4.62000e-2,0,0,0,0,0,0,0,0,0,0,0,0,0,0,0,0,4.50967e+1,2.12247e+0,0,0,0,0,0,0,1.27845e-1,0,0,0,0,0,0,0,4.23704e+1,2.27721e+1,0,4.37316e-1,0,0,0,0,1.19980e+2
"Middle_East","JOR","Jordan",3.65773e-2,1.57645e-2,7.20968e-2,0,7.99424e-1,0,0,6.28020e-4,4.15260e-1,1.66349e+0,7.13080e+0,0,0,0,0,0,0,0,0,0,0,0,0,0,0,0,0,0,0,0,0,0,0,1.88093e+1,1.06394e+0,0,0,0,0,0,0,6.61225e-2,0,0,0,0,0,0,0,1.31617e+1,1.77035e+1,0,1.59425e-1,0,0,0,0,6.10980e+1
"Middle_East","KWT","Kuwait",2.36407e-1,3.74862e-1,9.16072e-2,0,1.66434e+0,0,0,0,2.38439e-1,2.06770e-1,4.72557e+2,0,0,0,0,0,1.68300e-1,0,0,0,0,0,0,0,0,0,0,0,0,0,0,0,0,4.00481e+0,1.17918e-1,0,0,0,0,0,0,1.57633e-3,0,0,0,0,0,0,0,1.88136e+1,1.15378e+1,0,1.55588e-1,0,0,0,0,5.10169e+2
"Middle_East","LBN","Lebanon",3.09119e-2,0,1.62280e-1,0,1.35772e+0,0,0,0,1.51151e+0,1.37175e+0,8.40000e-1,0,0,0,0,0,0,0,0,0,0,0,0,0,0,0,0,0,0,0,0,0,0,8.74998e+0,9.11557e-1,0,0,0,0,0,0,9.40376e-2,0,0,0,0,0,0,0,1.29815e+1,1.26926e+1,0,1.23419e-1,0,0,0,0,4.08273e+1
"Middle_East","OMN","Oman",3.37742e-1,1.85266e-1,5.69404e-2,0,7.71087e-1,0,0,0,3.60542e-1,2.71250e-1,3.31138e+2,0,0,0,0,0,0,0,0,0,0,0,0,0,0,0,0,0,0,0,0,0,0,1.97830e+1,8.54656e-1,0,0,0,0,0,0,3.74191e-3,0,0,0,0,0,0,0,9.05925e+0,9.47903e+0,0,1.15305e-1,0,0,0,0,3.72416e+2
"Middle_East","QAT","Qatar",4.99402e-1,3.00779e-1,6.93334e-2,4.39614e-3,4.44976e-1,0,0,0,3.86138e-2,3.00080e-2,3.86249e+2,0,0,0,0,0,1.60446e-1,0,0,0,0,0,0,0,0,0,0,0,0,0,0,0,0,4.83266e+0,3.12956e-1,0,0,0,0,0,0,2.78366e-3,0,0,0,0,0,0,0,4.72517e+0,1.19575e+1,0,4.94780e-2,0,0,0,0,4.09678e+2
"Middle_East","SAU","Saudi Arabia",3.98596e+0,1.66513e+0,9.27334e-1,1.38985e-2,1.09951e+1,0,0,0,3.16941e-1,1.80888e+0,1.63464e+3,0,0,0,0,0,5.61107e+0,0,0,0,0,0,0,0,0,0,0,0,0,0,0,0,0,9.73619e+1,5.84367e+0,0,0,0,0,0,0,1.54368e+0,0,0,0,0,0,0,0,1.14477e+2,9.09384e+1,0,1.15210e+0,0,0,0,0,1.97128e+3
"Middle_East","SYR","Syrian Arab Republic",1.89062e-1,4.51168e-2,2.87591e-1,3.22383e-3,1.72568e+0,0,0,0,5.56208e+0,9.14500e-2,3.32578e+2,0,0,0,0,0,0,0,0,0,0,0,0,0,0,0,0,0,0,0,0,0,0,1.17355e+2,4.19295e+0,0,0,0,0,0,0,2.98278e+0,0,8.81400e-2,0,0,0,0,0,2.99460e+1,5.35890e+1,0,3.13946e-1,0,0,0,0,5.48950e+2
"Middle_East","YEM","Yemen",1.43494e-2,8.36674e-3,2.91401e-2,0,1.71390e+0,0,0,0,3.01835e+0,4.66395e+0,6.47171e+1,0,0,0,0,0,0,0,0,0,0,0,0,0,0,0,0,0,0,0,0,0,0,1.10236e+2,4.86922e+0,0,0,0,0,0,0,5.50918e-1,0,0,0,0,0,0,0,7.41467e+0,5.75237e+1,0,1.00548e-1,0,0,0,0,2.54861e+2
"India +","AFG","Afghanistan",1.10319e-3,0,8.22748e-2,9.68360e-5,2.21043e-1,0,1.17853e-3,2.76783e-4,1.02424e+1,6.35271e+0,1.17187e+1,0,0,0,0,0,0,0,0,0,0,0,0,0,0,0,0,0,0,0,0,0,0,2.64385e+2,1.39720e+1,4.20111e+1,0,0,0,0,0,4.24850e-1,0,0,0,0,0,0,0,9.81156e+0,7.93880e+1,0,1.30832e-1,0,0,0,0,4.38743e+2
"India +","BGD","Bangladesh",1.90205e-1,4.49199e-3,1.95063e-1,0,8.62154e-1,2.10240e-2,4.86506e-2,0,1.64815e+2,2.54853e+1,1.39509e+2,0,0,0,0,0,0,0,0,0,0,0,0,0,0,0,0,0,0,0,0,0,0,8.28867e+2,7.40196e+1,2.20930e+3,0,0,0,0,2.44224e-1,1.19757e+1,1.83831e+1,0,0,0,0,0,0,1.36383e+2,5.43700e+2,0,0,0,0,0,0,4.15401e+3
"India +","BTN","Bhutan",4.41335e-4,0,9.24366e-3,4.11659e-4,2.31229e-2,0,2.11456e-4,4.52760e-5,1.44091e+1,6.09727e+0,5.82756e-3,0,0,0,0,0,0,1.65000e-2,0,0,0,0,0,0,0,0,0,0,0,0,0,0,0,1.32363e+1,1.37304e+0,7.00184e+0,0,0,0,0,0,2.51072e-1,0,0,0,0,0,0,0,4.69781e-1,7.40497e+0,0,4.51884e-3,0,0,0,0,5.03037e+1
"India +","IND","India",4.85729e+0,5.48179e-1,4.33949e+1,0,2.05536e+1,1.92082e-1,1.18110e-1,1.50725e-3,1.75894e+3,1.42892e+3,5.69611e+2,0,0,0,0,0,1.20907e+0,1.93728e+0,0,0,0,0,0,0,0,0,0,0,0,0,0,0,0,1.24215e+4,1.07348e+3,4.11128e+3,0,0,0,0,2.55288e+1,2.26554e+2,6.98496e+1,5.11128e-1,0,0,0,0,0,7.89346e+2,3.60905e+3,0,3.27793e+1,4.50000e+1,0,0,0,2.62352e+4
"India +","IOT","British Indian Ocean Territory",0,0,0,0,0,0,0,0,0,0,0,0,0,0,0,0,0,0,0,0,0,0,0,0,0,0,0,0,0,0,0,0,0,0,0,0,0,0,0,0,0,0,0,0,0,0,0,0,0,0,0,0,0,0,0,0,0,0,
"India +","LKA","Sri Lanka",3.68087e-2,4.29150e-3,9.52286e-1,4.50081e-3,7.69474e-1,3.99630e-3,6.44767e-3,0,2.42277e+1,2.56060e+0,4.85585e-1,0,0,0,0,0,0,0,0,0,0,0,0,0,0,0,0,0,0,0,0,0,0,1.02164e+2,8.71213e+0,1.99981e+2,0,0,0,0,1.57243e-1,2.69738e-1,1.65532e+0,0,0,0,0,0,0,3.71337e+1,8.95003e+1,0,0,0,0,0,0,4.68626e+2
"India +","MDV","Maldives",9.25461e-4,0,1.88245e-3,9.12945e-5,2.77452e-2,0,8.10348e-4,1.58943e-4,2.25055e-2,4.53530e-2,1.30327e-2,0,0,0,0,0,0,0,0,0,0,0,0,0,0,0,0,0,0,0,0,0,0,0,0,0,0,0,0,0,0,8.16165e-3,0,0,0,0,0,0,0,4.56483e-1,8.77353e-1,0,3.57272e-3,0,0,0,0,1.45808e+0
"India +","NPL","Nepal",0,0,7.65347e-2,0,1.63470e-1,0,0,0,5.90893e+1,5.60221e+0,0,0,0,0,0,0,0,0,0,0,0,0,0,0,0,0,0,0,0,0,0,0,0,4.15775e+2,3.62403e+1,3.71106e+2,0,0,0,0,7.83168e-1,8.71806e+0,3.49683e-1,0,0,0,0,0,0,4.29227e+0,9.24999e+1,0,0,0,0,0,0,9.94695e+2
"India +","PAK","Pakistan",2.70644e-1,3.90176e-2,4.03284e+0,0,3.35606e+0,4.22218e-2,0,4.60548e-4,1.71269e+2,5.31086e+1,7.56954e+2,0,0,0,0,0,0,0,0,0,0,0,0,0,0,0,0,0,0,0,0,0,0,2.54256e+3,1.85139e+2,7.56821e+2,0,0,0,0,1.24584e+0,8.43807e+0,8.29124e-2,9.33528e-2,0,0,0,0,0,1.25717e+2,5.38431e+2,0,1.54078e+0,0,0,0,0,5.14915e+3
"Korea","KOR","Korea, Republic of",1.41136e+0,4.09452e-1,4.81266e+0,4.58663e-2,1.54379e+1,5.29944e-2,1.14446e+0,3.99422e-2,2.71971e+1,7.82058e+1,1.25681e+2,0,0,0,0,0,1.61325e+0,2.36268e+0,0,0,0,0,0,0,0,0,0,0,0,0,0,0,0,3.07041e+2,2.00069e+1,3.77463e+2,0,0,0,0,0,4.00414e-1,0,2.07262e-1,0,0,0,0,0,1.35203e+2,3.97420e+2,0,0,0,0,0,0,1.49616e+3
"Korea","PRK","Korea, Democratic People's Republic of",7.03383e-2,5.02415e-4,4.10738e+0,0,2.89728e-1,0,0,0,5.85686e+1,3.81417e+2,1.36889e-1,0,0,0,0,0,0,5.99500e-2,0,0,0,0,0,0,0,0,0,0,0,0,0,0,0,3.82232e+1,4.73009e+0,1.58689e+2,0,0,0,0,0,2.10392e+0,0,2.41392e+1,0,0,0,0,0,3.70325e+1,1.08285e+2,1.66758e-1,0,0,0,0,0,8.18020e+2
"China +","CHN","China",9.98096e+0,2.89746e+0,8.80331e+1,7.33318e-2,4.61570e+1,1.32836e+0,1.47915e+0,8.03865e-3,4.13139e+3,1.40019e+4,1.28391e+3,0,0,0,0,0,1.13628e+1,1.75913e+1,0,0,0,0,0,0,0,0,0,0,0,0,0,0,0,7.70900e+3,1.18507e+3,1.44629e+4,0,0,0,0,3.92016e+0,1.54443e+1,8.64726e+0,4.37280e+1,0,0,0,0,0,1.85047e+3,5.81759e+3,1.31347e+1,4.12680e+0,9.00000e+1,0,0,0,5.08002e+4
"China +","HKG","Hong Kong",5.49313e-1,0,1.02577e-1,0,6.99492e-1,0,0,0,2.27762e-1,0,3.32043e+1,0,0,0,0,0,0,0,0,0,0,0,0,0,0,0,0,0,0,0,0,0,0,0,0,0,0,0,0,0,0,0,0,0,0,0,0,0,0,5.36261e+1,3.12318e+1,2.37275e-1,0,0,0,0,0,1.19879e+2
"China +","MAC","Macao",4.27041e-4,0,5.59574e-3,4.00833e-4,3.96131e-2,0,9.87378e-4,2.07798e-4,4.21489e-2,0,6.17530e-2,0,0,0,0,0,0,0,0,0,0,0,0,0,0,0,0,0,0,0,0,0,0,0,0,0,0,0,0,0,0,0,0,0,0,0,0,0,0,3.32464e+0,1.73633e+0,1.44212e-2,0,0,0,0,0,5.22652e+0
"China +","MNG","Mongolia",6.87224e-2,0,1.68950e-1,6.46603e-4,3.31196e-1,1.38164e-3,1.85482e-3,5.08815e-4,3.10952e+0,2.28262e+0,1.58342e-3,0,0,0,0,0,0,0,0,0,0,0,0,0,0,0,0,0,0,0,0,0,0,3.46517e+2,1.69108e+1,0,0,0,0,0,0,9.15070e-3,2.98843e-1,2.51688e+1,0,0,0,0,0,2.74763e+0,9.76345e+0,1.76212e-2,0,0,0,0,0,4.07400e+2
"China +","TWN","Taiwan_Province of China",9.59374e-1,1.76192e-1,2.38886e+0,7.77480e-3,1.21111e+1,6.95009e-3,9.43705e-2,0,9.00085e-1,6.24271e+0,3.21723e+1,0,0,0,0,0,4.39410e-1,8.09014e-1,0,0,0,0,0,0,0,0,0,0,0,0,0,0,0,2.06700e+1,3.62639e+1,0,0,0,0,0,0,0,0,0,0,0,0,0,0,1.19778e+2,1.10606e+2,5.72095e-1,0,0,0,0,0,3.44198e+2
"Southeastern Asia","BRN","Brunei Darussalam",1.46998e-1,9.09373e-2,1.82125e-2,0,2.96566e-1,0,0,0,4.78423e-2,1.59960e-2,1.69260e+2,0,0,0,0,0,0,0,0,0,0,0,0,0,0,0,0,0,0,0,0,0,0,4.46346e-1,1.23164e-1,6.85230e-2,0,0,0,0,0,3.15000e-3,1.24685e+1,0,0,0,0,0,0,1.82721e+0,1.50242e+0,4.97847e-2,1.57779e-2,0,0,0,0,1.86381e+2
"Southeastern Asia","KHM","Cambodia",5.33705e-4,0,4.49106e-2,1.60276e-3,7.66649e-2,0,4.81446e-4,1.23174e-4,4.71625e+1,7.22455e+0,6.83946e-4,0,0,0,0,0,0,0,0,0,0,0,0,0,0,0,0,0,0,0,0,0,0,1.75084e+2,2.52497e+1,3.76475e+2,0,0,0,0,3.04272e+1,1.67226e+1,0,0,0,0,0,0,0,6.15654e+0,4.69844e+1,1.85990e-1,6.90120e-2,0,0,0,0,7.31867e+2
"Southeastern Asia","LAO","Lao People's Democratic Republic",6.22843e-4,0,2.27807e-2,7.96071e-4,4.50490e-2,0,2.65727e-4,6.78480e-5,2.40622e+1,8.24114e+0,1.64291e-2,0,0,0,0,0,0,0,0,0,0,0,0,0,0,0,0,0,0,0,0,0,0,1.21614e+2,1.48882e+1,9.28652e+1,0,0,0,0,4.10544e+1,6.38036e+0,2.03674e+1,0,0,0,0,0,0,2.82768e+0,1.96769e+1,0,0,0,0,0,0,3.52064e+2
"Southeastern Asia","MMR","Myanmar",1.60332e-1,2.42070e-2,4.06328e-1,0,4.71952e-1,0,2.05153e-3,8.37360e-5,1.36836e+2,1.95626e+1,4.45447e+1,0,0,0,0,0,2.93250e-1,0,0,0,0,0,0,0,0,0,0,0,0,0,0,0,0,6.16868e+2,6.87999e+1,1.15727e+3,0,0,0,0,2.90568e+1,6.15590e+1,8.91344e+2,0,0,0,0,0,0,3.76631e+1,2.14232e+2,0,0,0,0,0,0,3.27909e+3
"Southeastern Asia","MYS","Malaysia",1.12728e+0,5.65638e-1,1.07902e+0,0,8.03377e+0,0,0,1.67472e-4,1.95674e+1,4.06652e+1,7.52942e+2,0,0,0,0,0,1.29797e+0,0,0,0,0,0,0,0,0,0,0,0,0,0,0,0,0,4.46692e+1,2.54003e+1,1.79761e+2,0,0,0,0,2.31046e+1,8.17855e+0,1.10024e+2,0,0,0,0,0,0,8.43874e+1,1.13851e+2,1.21817e+0,1.45528e+0,0,0,0,0,1.41733e+3
"Southeastern Asia","PHL","Philippines",1.20975e-1,1.13259e-1,5.20173e+0,6.40581e-3,3.54277e+0,3.47504e-4,1.98413e-1,0,1.59259e+2,1.03387e+2,5.18905e+0,0,0,0,0,0,1.27878e-3,3.32080e-1,0,0,0,0,0,0,0,0,0,0,0,0,0,0,0,3.51489e+2,7.20210e+1,9.78616e+2,0,0,0,0,3.43296e+0,5.76446e+1,4.96733e+0,0,0,0,0,0,0,1.61478e+2,3.68478e+2,0,2.87736e+0,0,0,0,0,2.27836e+3
"Southeastern Asia","SGP","Singapore",5.44284e-2,1.82354e-1,8.87601e-3,0,8.07487e-1,0,0,0,9.23749e-3,3.20075e+0,3.74921e+1,0,0,0,0,0,2.54712e-1,0,0,0,0,0,0,0,0,0,0,0,0,0,0,0,0,1.98075e-1,6.82775e-1,0,0,0,0,0,6.49296e-1,1.07722e-5,0,0,0,0,0,0,0,9.98186e+0,1.73581e+1,5.44303e+0,0,0,0,0,0,7.63231e+1
"Southeastern Asia","THA","Thailand",1.73626e+0,1.45851e-1,7.15132e+0,0,1.01274e+1,1.99815e-2,2.98937e-2,0,1.23690e+2,3.23881e+2,2.53251e+2,0,0,0,0,0,3.63540e-1,4.40000e-4,0,0,0,0,0,0,0,0,0,0,0,0,0,0,0,5.39539e+2,6.54869e+1,2.13129e+3,0,0,0,0,3.60624e+1,7.52884e+1,1.23978e+1,0,0,0,0,0,0,2.16859e+2,3.14917e+2,2.41663e+0,2.61284e+0,0,0,0,0,4.11727e+3
"Southeastern Asia","TLS","Timor-Leste",0,0,2.92935e-3,0,0,0,0,0,2.08398e-1,0,0,0,0,0,0,0,0,0,0,0,0,0,0,0,0,0,0,0,0,0,0,0,0,1.20297e+1,1.62994e+0,3.60380e+0,0,0,0,0,0,3.36220e-1,0,0,0,0,0,0,0,1.56415e-1,3.03796e+0,3.78191e-3,1.07646e-3,0,0,0,0,2.10102e+1
"Southeastern Asia","VNM","Viet Nam",1.42772e-1,0,1.15238e+0,3.87279e-3,1.72295e+0,0,0,1.01739e-2,2.10624e+2,1.99282e+2,6.14744e+1,0,0,0,0,0,0,0,0,0,0,0,0,0,0,0,0,0,0,0,0,0,0,4.00860e+2,1.14464e+2,1.77600e+3,0,0,0,0,1.40124e+1,7.00640e+1,6.01467e-1,0,0,0,0,0,0,6.65236e+1,3.42882e+2,0,0,0,0,0,0,3.25982e+3
"Indonesia +","IDN","Indonesia",1.37989e+0,2.12912e+0,1.29014e+1,2.07665e-2,1.52307e+1,0,5.01746e-1,0,3.90099e+2,2.20726e+2,1.54355e+3,0,0,0,0,0,9.00488e-1,2.25500e-2,0,0,0,0,0,0,0,0,0,0,0,0,0,0,0,1.05690e+3,1.04599e+2,2.38394e+3,0,0,0,0,6.28793e+2,1.81203e+2,2.83825e+3,0,3.23093e+4,0,0,0,0,5.84581e+2,1.17869e+3,7.28917e+0,8.39868e+0,0,0,0,0,4.34694e+4
"Indonesia +","PNG","Papua New Guinea",4.55005e-3,0,2.52764e-2,9.03497e-4,5.81034e-2,0,3.45535e-3,6.96141e-4,1.93541e+1,4.24142e-1,2.05222e+0,0,0,0,0,0,0,0,0,0,0,0,0,0,0,0,0,0,0,0,0,0,0,6.06593e+0,6.18748e+0,8.88262e-2,0,0,0,0,2.00551e+2,1.34977e-1,3.88430e+2,0,0,0,0,0,0,3.06244e+0,2.40458e+1,8.13267e-2,0,0,0,0,0,6.50571e+2
"Japan","JPN","Japan",9.05883e+0,6.32248e-1,1.40954e+1,7.67439e-2,1.72440e+1,4.51757e-2,1.45073e+0,0,2.10613e+1,1.38319e+2,4.02520e+1,0,0,0,0,0,4.97274e+0,7.23462e+0,0,0,0,0,0,0,0,0,0,0,0,0,0,0,0,5.33434e+2,2.03292e+2,9.48577e+2,0,0,0,0,0,5.37508e-1,4.92528e+0,2.10756e+0,0,0,0,0,0,2.63451e+2,2.79612e+2,8.79990e+1,6.40000e-1,0,0,0,0,2.57902e+3
"Oceania","ASM","American Samoa",0,0,0,0,0,0,0,0,2.16044e-5,0,0,0,0,0,0,0,0,0,0,0,0,0,0,0,0,0,0,0,0,0,0,0,0,1.62360e-2,1.25873e-1,0,0,0,0,0,0,9.84323e-6,0,0,0,0,0,0,0,2.80951e-1,6.55679e-2,0,0,0,0,0,0,4.88659e-1
"Oceania","ATF","French Southern Territories",0,0,0,0,0,0,0,0,0,0,0,0,0,0,0,0,0,0,0,0,0,0,0,0,0,0,0,0,0,0,0,0,0,0,0,0,0,0,0,0,0,0,0,0,0,0,0,0,0,0,0,0,0,0,0,0,0,0,
"Oceania","AUS","Australia",2.35876e+0,5.79398e-1,5.21300e+0,4.18680e-2,1.80725e+1,8.83496e-2,1.69105e-1,7.78745e-3,4.08320e+1,9.41275e+2,3.87647e+2,0,0,0,0,0,2.38391e-1,7.26840e-1,0,0,0,0,0,0,0,0,0,0,0,0,0,0,0,2.79911e+3,2.00137e+2,5.36201e+1,0,0,0,0,4.49736e+2,3.14709e+1,5.45503e+1,1.16676e+2,0,0,0,0,0,4.85182e+2,6.04816e+1,5.91921e-3,0,6.00000e-1,0,0,0,5.64882e+3
"Oceania","CCK","Cocos (Keeling) Islands",0,0,0,0,0,0,0,0,0,0,0,0,0,0,0,0,0,0,0,0,0,0,0,0,0,0,0,0,0,0,0,0,0,0,0,0,0,0,0,0,0,0,0,0,0,0,0,0,0,0,0,0,0,0,0,0,0,0,
"Oceania","COK","Cook Islands",0,0,0,0,0,0,0,0,1.41100e-3,0,0,0,0,0,0,0,0,0,0,0,0,0,0,0,0,0,0,0,0,0,0,0,0,6.30328e-2,1.17713e-1,0,0,0,0,0,0,6.42869e-4,0,0,0,0,0,0,0,0,2.40883e-2,0,0,0,0,0,0,2.06888e-1
"Oceania","CXR","Christmas Island",0,0,0,0,0,0,0,0,0,0,0,0,0,0,0,0,0,0,0,0,0,0,0,0,0,0,0,0,0,0,0,0,0,0,0,0,0,0,0,0,0,0,0,0,0,0,0,0,0,0,0,0,0,0,0,0,0,0,
"Oceania","FJI","Fiji",1.84823e-3,0,5.49018e-3,5.29155e-4,4.62623e-2,0,1.52759e-3,3.18564e-4,4.91084e-1,1.85659e-1,3.69477e-2,0,0,0,0,0,0,0,0,0,0,0,0,0,0,0,0,0,0,0,0,0,0,2.33969e+1,3.40670e+0,1.94001e+0,0,0,0,0,0,1.33187e-1,0,0,0,0,0,0,0,2.81699e+0,2.25396e+0,0,0,0,0,0,0,3.47174e+1
"Oceania","FSM","Micronesia, Federated States of",0,0,0,0,0,0,0,0,1.35721e-3,2.54200e-2,0,0,0,0,0,0,0,0,0,0,0,0,0,0,0,0,0,0,0,0,0,0,0,7.40667e-1,1.31745e-1,1.94001e-2,0,0,0,0,0,6.18365e-4,0,0,0,0,0,0,0,2.67324e-1,1.26605e-1,0,0,0,0,0,0,1.31314e+0
"Oceania","GUM","Guam",0,0,0,0,0,0,0,0,9.62625e-4,0,0,0,0,0,0,0,0,0,0,0,0,0,0,0,0,0,0,0,0,0,0,0,0,1.66311e-2,5.22807e-2,0,0,0,0,0,0,4.38582e-4,0,0,0,0,0,0,0,1.42908e+0,1.12049e+0,0,0,0,0,0,0,2.61988e+0
"Oceania","HMD","Heard Island and McDonald Islands",0,0,0,0,0,0,0,0,0,0,0,0,0,0,0,0,0,0,0,0,0,0,0,0,0,0,0,0,0,0,0,0,0,0,0,0,0,0,0,0,0,0,0,0,0,0,0,0,0,0,0,0,0,0,0,0,0,0,
"Oceania","KIR","Kiribati",3.86280e-5,0,3.40128e-4,5.58350e-5,1.64065e-3,0,2.86650e-5,6.54300e-6,5.37445e-3,2.33120e-2,9.39476e-4,0,0,0,0,0,0,0,0,0,0,0,0,0,0,0,0,0,0,0,0,0,0,9.50000e-3,2.62702e-2,0,0,0,0,0,0,1.94605e-3,0,0,0,0,0,0,0,2.14879e-1,2.77247e-1,0,0,0,0,0,0,5.61579e-1
"Oceania","MHL","Marshall Islands",0,0,0,0,0,0,0,0,0,0,0,0,0,0,0,0,0,0,0,0,0,0,0,0,0,0,0,0,0,0,0,0,0,0,0,0,0,0,0,0,0,0,0,0,0,0,0,0,0,2.21216e-1,6.65536e-2,0,0,0,0,0,0,2.87770e-1
"Oceania","MNP","Northern Mariana Islands",0,0,0,0,0,0,0,0,0,0,0,0,0,0,0,0,0,0,0,0,0,0,0,0,0,0,0,0,0,0,0,0,0,0,0,0,0,0,0,0,0,0,0,0,0,0,0,0,0,2.68720e-1,7.51375e-2,0,0,0,0,0,0,3.43858e-1
"Oceania","NCL","New Caledonia",1.20132e-3,0,8.81629e-3,4.81896e-5,5.98247e-2,0,8.47511e-4,2.01852e-4,4.53066e-2,3.55880e-2,5.50119e-2,0,0,0,0,0,0,0,0,0,0,0,0,0,0,0,0,0,0,0,0,0,0,6.49346e+0,7.97797e-1,0,0,0,0,0,0,1.45255e-3,0,0,0,0,0,0,0,1.69756e+0,2.46340e-1,0,0,0,0,0,0,9.44346e+0
"Oceania","NFK","Norfolk Island",0,0,0,0,0,0,0,0,0,0,0,0,0,0,0,0,0,0,0,0,0,0,0,0,0,0,0,0,0,0,0,0,0,0,0,0,0,0,0,0,0,0,0,0,0,0,0,0,0,0,4.07340e-3,0,0,0,0,0,0,4.07340e-3
"Oceania","NIU","Niue",0,0,0,0,0,0,0,0,9.61404e-5,3.72000e-4,0,0,0,0,0,0,0,0,0,0,0,0,0,0,0,0,0,0,0,0,0,0,0,9.37974e-3,2.31920e-2,0,0,0,0,0,0,4.38026e-5,0,0,0,0,0,0,0,5.20168e-3,3.45227e-3,0,0,0,0,0,0,4.17376e-2
"Oceania","NRU","Nauru",0,0,0,0,0,0,0,0,0,0,0,0,0,0,0,0,0,0,0,0,0,0,0,0,0,0,0,0,0,0,0,0,0,2.80000e-3,8.18133e-3,0,0,0,0,0,0,0,0,0,0,0,0,0,0,8.54934e-2,1.50098e-2,0,0,0,0,0,0,1.11485e-1
"Oceania","NZL","New Zealand",2.10372e-1,3.24311e-2,6.86014e-1,5.73591e-3,2.60430e+0,8.37360e-5,0,6.15459e-3,2.09124e+0,1.19381e+1,3.27818e+1,0,0,0,0,0,4.73110e+0,0,0,0,0,0,0,0,0,0,0,0,0,0,0,0,0,1.03831e+3,1.06466e+2,0,0,0,0,0,0,3.09585e-1,0,0,0,0,0,0,0,8.90426e+1,9.87465e+0,0,0,0,0,0,0,1.29909e+3
"Oceania","PCN","Pitcairn",0,0,0,0,0,0,0,0,0,0,0,0,0,0,0,0,0,0,0,0,0,0,0,0,0,0,0,0,0,0,0,0,0,0,0,0,0,0,0,0,0,0,0,0,0,0,0,0,0,0,1.03211e-3,0,0,0,0,0,0,1.03211e-3
"Oceania","PLW","Palau",0,0,0,0,0,0,0,0,0,0,0,0,0,0,0,0,0,0,0,0,0,0,0,0,0,0,0,0,0,0,0,0,0,0,0,0,0,0,0,0,0,0,0,0,0,0,0,0,0,0,6.14986e-2,0,0,0,0,0,0,6.14986e-2
"Oceania","PYF","French Polynesia",1.48487e-3,0,2.72824e-3,5.08719e-5,4.77905e-2,0,1.06791e-3,2.34060e-4,3.42964e-2,0,3.10387e-2,0,0,0,0,0,0,0,0,0,0,0,0,0,0,0,0,0,0,0,0,0,0,5.73320e-1,3.98200e-1,0,0,0,0,0,0,1.89990e-3,0,0,0,0,0,0,0,1.73400e+0,8.71148e-1,0,0,0,0,0,0,3.69726e+0
"Oceania","SLB","Solomon Islands",5.55723e-4,0,1.83755e-3,7.97585e-5,1.17224e-2,0,3.85861e-4,8.04930e-5,4.97824e-1,8.04760e-2,7.43514e-3,0,0,0,0,0,0,0,0,0,0,0,0,0,0,0,0,0,0,0,0,0,0,6.58346e+1,2.16721e+0,0,0,0,0,0,0,3.57931e-3,0,0,0,0,0,0,0,3.31270e-1,7.01226e-1,0,0,0,0,0,0,6.96383e+1
"Oceania","TKL","Tokelau",0,0,0,0,0,0,0,0,1.85680e-4,0,0,0,0,0,0,0,0,0,0,0,0,0,0,0,0,0,0,0,0,0,0,0,0,1.00000e-3,3.20383e-3,0,0,0,0,0,0,8.45978e-5,0,0,0,0,0,0,0,0,7.46709e-3,0,0,0,0,0,0,1.19412e-2
"Oceania","TON","Tonga",0,0,0,0,1.94153e-2,0,0,0,2.74798e-3,2.22270e-2,5.71992e-3,0,0,0,0,0,0,0,0,0,0,0,0,0,0,0,0,0,0,0,0,0,0,9.03488e-1,9.92346e-1,0,0,0,0,0,0,1.25201e-3,0,0,0,0,0,0,0,2.80288e-1,4.07069e-1,0,0,0,0,0,0,2.63455e+0
"Oceania","TUV","Tuvalu",0,0,0,0,0,0,0,0,0,0,0,0,0,0,0,0,0,0,0,0,0,0,0,0,0,0,0,0,0,0,0,0,0,1.30000e-2,3.91711e-2,0,0,0,0,0,0,0,0,0,0,0,0,0,0,2.40476e-2,7.37519e-2,0,0,0,0,0,0,1.49971e-1
"Oceania","VUT","Vanuatu",1.64394e-4,0,8.24970e-4,3.06234e-5,5.39000e-3,0,1.51697e-4,3.22170e-5,1.13916e-1,3.21780e-2,2.80918e-3,0,0,0,0,0,0,0,0,0,0,0,0,0,0,0,0,0,0,0,0,0,0,9.76223e+0,1.19940e+0,0,0,0,0,0,0,1.21908e-2,0,0,0,0,0,0,0,2.37283e-1,9.64315e-1,0,0,0,0,0,0,1.23309e+1
"Oceania","WLF","Wallis and Futuna",0,0,0,0,0,0,0,0,9.05508e-4,0,0,0,0,0,0,0,0,0,0,0,0,0,0,0,0,0,0,0,0,0,0,0,0,6.64232e-2,7.59984e-2,0,0,0,0,0,0,4.12560e-4,0,0,0,0,0,0,0,0,8.35408e-2,0,0,0,0,0,0,2.27281e-1
"Oceania","WSM","Samoa",2.18414e-4,0,8.44422e-4,2.84995e-4,1.85560e-2,0,2.27073e-4,5.59380e-5,2.50300e-1,2.98220e-2,5.93800e-3,0,0,0,0,0,0,0,0,0,0,0,0,0,0,0,0,0,0,0,0,0,0,1.65003e+0,2.08841e+0,0,0,0,0,0,0,1.10848e-3,0,0,0,0,0,0,0,2.86442e-1,1.03228e+0,0,0,0,0,0,0,5.36452e+0
"Antartica","ATA","Antarctica",0,0,0,0,0,0,0,0,0,0,0,0,0,0,0,0,0,0,0,0,0,0,0,0,0,0,0,0,0,0,0,0,0,0,0,0,0,0,0,0,0,0,0,0,0,0,0,0,0,0,0,0,0,0,0,0,0,0,
"Int. Shipping","SEA","Int. Shipping",0,0,0,0,0,0,0,0,0,0,1.07438e+1,0,3.90756e+1,0,0,0,0,0,0,0,0,0,0,0,0,0,0,0,0,0,0,0,0,0,0,0,0,0,0,0,0,0,0,0,0,0,0,0,0,0,0,0,0,0,0,0,0,4.98194e+1
"Int. Aviation","AIR","Int. Aviation",0,0,0,0,0,0,0,0,0,0,0,2.33573e+0,0,0,0,0,0,0,0,0,0,0,0,0,0,0,0,0,0,0,0,0,0,0,0,0,0,0,0,0,0,0,0,0,0,0,0,0,0,0,0,0,0,0,0,0,0,2.33573e+0

"TOTALS",,,1.94437e+2,4.73217e+1,3.85453e+2,2.14474e+0,7.19860e+2,5.32645e+0,9.83416e+0,2.57375e+0,1.22973e+4,3.25099e+4,5.50815e+4,2.33573e+0,3.90756e+1,0,0,0,1.14799e+2,6.21324e+1,0,0,0,0,0,0,0,0,0,0,0,0,0,0,0,9.05923e+4,1.06738e+4,3.54496e+4,0,0,0,0,6.99588e+3,1.30596e+3,1.01073e+4,1.04427e+3,3.23093e+4,0,0,0,0,2.67178e+4,2.62197e+4,1.64066e+2,1.84403e+2,1.50600e+2,0,0,0,03.43389e+5