"Content:","Emissions by country and main source category" 
"Compound:","CH4"
"Year: ","2001"
"Unit:","Gg CH4"
"Source:","European Commission, Joint Research Centre (JRC)/PBL Netherlands Environmental Assessment Agency. Emission Database for Global Atmospheric Research (EDGAR), release version 4.2. http://edgar.jrc.ec.europe.eu, 2010" 
"Dataset:","v4.2_EM_CH4_300911(edgar)"
"Date calculated:","November 30, 1999, 12:00 am"

,,,"Public electricity and heat production","Other Energy Industries","Manufacturing Industries and Construction","Domestic aviation","Road transportation","Rail transportation","Inland navigation","Other transportation","Residential and other sectors","Fugitive emissions from solid fuels","Fugitive emissions from oil and gas","Memo: International aviation","Memo: International navigation","Cement production","Lime production","Production of other minerals","Production of chemicals","Production of metals","Production of pulp/paper/food/drink","Production of halocarbons and SF6","Refrigeration and Air Conditioning","Foam Blowing","Fire Extinguishers","Aerosols","F-gas as Solvent","Semiconductor/Electronics Manufacture","Electrical Equipment","Other F-gas use","Non-energy use of lubricants/waxes (CO2)","Solvent and other product use: paint","Solvent and other product use: degrease","Solvent and other product use: chemicals","Solvent and other product use: other","Enteric fermentation","Manure management","Rice cultivation","Direct soil emissions","Manure in pasture/range/paddock","Indirect N2O from agriculture","Other direct soil emissions","Savanna burning","Agricultural waste burning","Forest fires","Grassland fires","Peat fires and decay of drained peatland","Other vegetation fires","Other biomass burning","Forest Fires-Post burn decay","Forest Land: net carbon stock change","Solid waste disposal on land","Wastewater handling","Waste incineration","Other waste handling","Fossil fuel fires","Indirect N2O from non-agricultural NOx","Indirect N2O from non-agricultural NH3","Other sources",

"World Region","ISO_A3","Country","1A1a","1A1bc","1A2","1A3a","1A3b","1A3c","1A3d","1A3e","1A4","1B1","1B2","1C1","1C2","2A1","2A2","2A7","2B","2C","2D","2E","2F1","2F2","2F3","2F4","2F5","2F7","2F8","2F9","2G","3A","3B","3C","3D","4A","4B","4C","4D1","4D2","4D3","4D4","4E","4F","5A","5C","5D","5F","5F1","5F2","5FL","6A","6B","6C","6D","7A","7B","7C","7D","TOTAL" 
"Canada","CAN","Canada",3.91364e+0,2.23934e+0,1.09917e+1,8.15936e-2,1.07296e+1,3.20399e-1,4.69330e-1,1.80952e-1,4.45971e+1,9.75960e+1,2.17718e+3,0,0,0,0,0,4.89536e+0,1.38070e-1,0,0,0,0,0,0,0,0,0,0,0,0,0,0,0,8.71002e+2,2.64481e+2,0,0,0,0,0,0,7.09108e+0,3.87346e+1,1.22496e+1,0,0,0,0,0,1.14416e+3,2.04530e+2,1.05916e+0,1.06578e+1,0,0,0,0,4.90729e+3
"USA","SPM","Saint Pierre and Miquelon",0,0,6.15560e-3,0,0,0,6.68287e-5,1.06319e-4,0,0,0,0,0,0,0,0,0,0,0,0,0,0,0,0,0,0,0,0,0,0,0,0,0,3.85303e-3,1.64968e-3,0,0,0,0,0,0,0,0,0,0,0,0,0,0,5.01370e-2,1.22304e-2,8.94309e-4,5.50344e-4,0,0,0,0,7.56435e-2
"USA","UMI","United States Minor Outlying Islands",0,0,0,0,0,0,0,0,0,0,0,0,0,0,0,0,0,0,0,0,0,0,0,0,0,0,0,0,0,0,0,0,0,0,0,0,0,0,0,0,0,0,0,0,0,0,0,0,0,0,0,0,0,0,0,0,0,0,
"USA","USA","United States",5.63699e+1,8.68710e+0,5.66434e+1,1.36864e+0,1.20809e+2,1.67850e+0,8.74287e-1,7.51105e-1,2.70129e+2,3.99219e+3,6.76920e+3,0,0,0,0,0,2.96108e+1,1.07547e+0,0,0,0,0,0,0,0,0,0,0,0,0,0,0,0,6.37406e+3,2.05792e+3,3.62773e+2,0,0,0,0,1.85429e+0,3.34668e+1,5.35824e+1,3.95184e+1,0,0,0,0,0,5.07760e+3,8.75887e+2,0,5.66056e+1,1.50000e+1,0,0,0,2.62576e+4
"Mexico","MEX","Mexico",1.95832e+0,1.47854e+0,3.14401e+0,3.55300e-4,2.05244e+1,9.10718e-2,3.10156e-1,2.49952e-2,7.72694e+1,4.56339e+1,1.51617e+3,0,0,0,0,0,1.42346e+0,2.28934e-1,0,0,0,0,0,0,0,0,0,0,0,0,0,0,0,2.22451e+3,2.10445e+2,6.31278e+0,0,0,0,0,3.85536e+1,3.32334e+1,6.87952e+1,1.51344e-1,0,0,0,0,0,4.19823e+2,4.89587e+2,0,0,0,0,0,0,5.15967e+3
"Rest Central America","ABW","Aruba",1.59891e-3,0,9.16299e-3,0,8.58921e-3,0,0,1.63060e-7,1.54320e-2,1.12530e-2,2.30032e-3,0,0,0,0,0,0,0,0,0,0,0,0,0,0,0,0,0,0,0,0,0,0,3.39370e-2,4.18740e-3,0,0,0,0,0,0,0,0,0,0,0,0,0,0,4.22719e-1,3.67808e-1,0,0,0,0,0,0,8.76988e-1
"Rest Central America","AIA","Anguilla",1.95180e-4,0,1.11852e-3,0,0,0,0,0,9.99306e-5,9.14500e-2,0,0,0,0,0,0,0,0,0,0,0,0,0,0,0,0,0,0,0,0,0,0,0,0,0,0,0,0,0,0,0,0,0,0,0,0,0,0,0,9.25992e-3,4.09448e-2,0,0,0,0,0,0,1.43068e-1
"Rest Central America","ANT","Netherlands Antilles",0,8.58979e-2,1.61766e-2,1.52818e-3,9.10999e-2,0,0,0,3.11709e-2,2.14830e-2,3.20418e+0,0,0,0,0,0,0,0,0,0,0,0,0,0,0,0,0,0,0,0,0,0,0,1.62706e-1,7.47800e-3,0,0,0,0,0,0,0,0,0,0,0,0,0,0,1.58903e+0,7.69988e-1,0,0,0,0,0,0,5.98073e+0
"Rest Central America","ATG","Antigua and Barbuda",3.62325e-3,0,8.17287e-3,2.23895e-5,1.80097e-2,0,0,2.03400e-6,7.79279e-3,0,1.02599e-2,0,0,0,0,0,0,0,0,0,0,0,0,0,0,0,0,0,0,0,0,0,0,1.10419e+0,2.40719e-2,0,0,0,0,0,0,1.50133e-3,0,0,0,0,0,0,0,3.15364e-1,2.92132e-1,0,0,0,0,0,0,1.78514e+0
"Rest Central America","BHS","Bahamas",1.88453e-2,0,3.84181e-2,9.37643e-4,1.08698e-1,0,6.26121e-4,1.13805e-3,9.11334e-2,8.65210e-2,6.37934e-2,0,0,0,0,0,0,0,0,0,0,0,0,0,0,0,0,0,0,0,0,0,0,1.49844e-1,3.22205e-2,0,0,0,0,0,0,2.23102e-2,0,0,0,0,0,0,0,6.59089e+0,1.32631e+0,0,0,0,0,0,0,8.53169e+0
"Rest Central America","BLZ","Belize",1.06893e-2,0,2.48722e-2,2.54705e-5,7.86486e-2,0,2.06861e-4,3.28264e-4,9.59775e-1,5.73500e-2,1.87554e-2,0,0,0,0,0,0,0,0,0,0,0,0,0,0,0,0,0,0,0,0,0,0,3.30180e+0,1.29898e-1,4.77018e-1,0,0,0,0,2.61624e-1,3.40395e-1,0,0,0,0,0,0,0,1.03252e+0,1.20782e+0,0,0,0,0,0,0,7.90173e+0
"Rest Central America","BMU","Bermuda",5.77302e-3,0,6.92824e-3,8.59275e-5,1.60922e-2,0,1.83779e-4,3.27262e-4,1.43950e-2,0,1.06343e-2,0,0,0,0,0,0,0,0,0,0,0,0,0,0,0,0,0,0,0,0,0,0,6.81470e-2,2.66760e-3,0,0,0,0,0,0,4.46424e-5,0,0,0,0,0,0,0,8.83025e-1,2.69716e-1,0,0,0,0,0,0,1.27802e+0
"Rest Central America","BRB","Barbados",9.51826e-3,1.67472e-3,3.01312e-2,6.54350e-5,4.75451e-2,0,1.61365e-4,2.46984e-4,1.25178e-2,2.69700e-2,4.26438e-1,0,0,0,0,0,0,0,0,0,0,0,0,0,0,0,0,0,0,0,0,0,0,1.05835e+0,6.82730e-2,0,0,0,0,0,0,1.24311e-1,0,0,0,0,0,0,0,1.76626e+0,1.50940e+0,0,0,0,0,0,0,5.08186e+0
"Rest Central America","CRI","Costa Rica",9.71059e-3,1.95504e-3,2.16341e-1,0,4.56240e-1,0,1.55078e-2,0,1.05314e+0,5.48700e-1,8.25920e+0,0,0,0,0,0,0,0,0,0,0,0,0,0,0,0,0,0,0,0,0,0,0,8.74859e+1,2.57938e+0,6.76369e+0,0,0,0,0,1.08648e+0,1.24240e+0,0,0,0,0,0,0,0,8.00431e+0,1.79304e+1,0,0,0,0,0,0,1.35653e+2
"Rest Central America","CUB","Cuba",4.85237e-1,2.55217e-3,3.18157e+0,0,3.78047e-1,0,0,0,2.06258e+1,5.39555e+0,2.02421e+1,0,0,0,0,0,0,0,0,0,0,0,0,0,0,0,0,0,0,0,0,0,0,2.33934e+2,7.96751e+0,5.76067e+1,0,0,0,0,7.27320e+0,1.02299e+1,0,0,0,0,0,0,0,6.07370e+1,5.78933e+1,0,0,0,0,0,0,4.85952e+2
"Rest Central America","CYM","Cayman Islands",4.25893e-3,0,4.34154e-3,1.39615e-5,1.48161e-2,0,0,1.26900e-6,4.36270e-3,0,7.07203e-3,0,0,0,0,0,0,0,0,0,0,0,0,0,0,0,0,0,0,0,0,0,0,7.78915e-2,4.11749e-3,0,0,0,0,0,0,1.11551e-5,0,0,0,0,0,0,0,7.91968e-1,1.72019e-1,0,0,0,0,0,0,1.08087e+0
"Rest Central America","DMA","Dominica",1.95345e-3,0,7.72471e-3,3.90199e-6,1.32534e-2,0,2.30272e-5,3.64272e-5,1.31367e-3,2.25990e-2,2.25009e-3,0,0,0,0,0,0,0,0,0,0,0,0,0,0,0,0,0,0,0,0,0,0,8.94046e-1,2.21270e-2,0,0,0,0,0,0,2.19879e-3,0,0,0,0,0,0,0,4.93321e-1,3.64754e-1,0,0,0,0,0,0,1.82560e+0
"Rest Central America","DOM","Dominican Republic",8.53285e-2,4.59800e-4,5.95525e-1,0,8.62948e-1,0,0,6.35360e-3,1.25585e+1,3.46595e+1,5.22658e-1,0,0,0,0,0,0,0,0,0,0,0,0,0,0,0,0,0,0,0,0,0,0,1.36695e+2,4.48629e+0,4.44689e+1,0,0,0,0,1.07942e+0,1.97905e+0,0,0,0,0,0,0,0,3.87853e+1,3.63597e+1,4.82706e-1,0,0,0,0,0,3.13628e+2
"Rest Central America","GLP","Guadeloupe",1.27130e-2,0,4.65500e-2,3.58298e-4,6.72422e-2,0,0,1.00260e-5,4.56052e-1,1.79986e-1,3.72304e-2,0,0,0,0,0,0,0,0,0,0,0,0,0,0,0,0,0,0,0,0,0,0,4.14010e+0,1.06699e-1,0,0,0,0,0,0,2.37355e-1,0,0,0,0,0,0,0,3.20533e+0,1.99333e+0,0,0,0,0,0,0,1.04830e+1
"Rest Central America","GRD","Grenada",3.47827e-3,0,1.01378e-2,3.24445e-5,1.79196e-2,0,3.82168e-4,6.76182e-4,3.01510e-2,1.18792e-1,4.76783e-3,0,0,0,0,0,0,0,0,0,0,0,0,0,0,0,0,0,0,0,0,0,0,3.43384e-1,1.12297e-2,0,0,0,0,0,0,4.37197e-3,0,0,0,0,0,0,0,3.98009e-1,5.46060e-1,0,0,0,0,0,0,1.48939e+0
"Rest Central America","GTM","Guatemala",4.35485e-1,1.06172e-2,5.28728e-1,0,6.42626e-1,0,0,7.10600e-4,3.99797e+1,2.65205e+0,2.79141e+0,0,0,0,0,0,0,0,0,0,0,0,0,0,0,0,0,0,0,0,0,0,0,1.43918e+2,3.48599e+0,1.79179e+0,0,0,0,0,8.20752e+0,5.84495e+0,1.93433e+1,0,0,0,0,0,0,1.55245e+1,4.80702e+1,0,0,0,0,0,0,2.93228e+2
"Rest Central America","HND","Honduras",3.07729e-2,0,3.18516e-1,0,3.57622e-1,0,0,0,1.37442e+1,1.18885e+0,0,0,0,0,0,0,0,0,0,0,0,0,0,0,0,0,0,0,0,0,0,0,0,1.13534e+2,3.27245e+0,3.78529e-1,0,0,0,0,4.55376e+0,1.66639e+0,0,0,0,0,0,0,0,6.29146e+0,2.60422e+1,0,0,0,0,0,0,1.71379e+2
"Rest Central America","HTI","Haiti",6.40581e-3,0,2.33369e-1,0,8.97368e-2,0,0,1.88100e-2,1.27080e+1,2.43257e+1,0,0,0,0,0,0,0,0,0,0,0,0,0,0,0,0,0,0,0,0,0,0,0,9.65613e+1,4.01458e+0,6.07546e+0,0,0,0,0,7.95648e-2,8.39241e-1,0,0,0,0,0,0,0,1.59140e+1,4.02313e+1,0,0,0,0,0,0,2.01097e+2
"Rest Central America","JAM","Jamaica",1.94696e-1,2.73528e-4,3.07314e-2,2.09000e-5,4.17940e-1,0,0,1.74306e-2,2.66705e+0,4.11525e+0,2.78034e-1,0,0,0,0,0,0,0,0,0,0,0,0,0,0,0,0,0,0,0,0,0,0,2.83907e+1,8.71251e-1,2.84787e-3,0,0,0,0,0,6.77350e-1,0,0,0,0,0,0,0,1.08765e+1,1.19785e+1,0,0,0,0,0,0,6.05185e+1
"Rest Central America","KNA","Saint Kitts and Nevis",1.69354e-3,0,4.08422e-3,3.28340e-5,4.39910e-3,0,1.35800e-4,2.15581e-4,8.87890e-2,0,2.06201e-3,0,0,0,0,0,0,0,0,0,0,0,0,0,0,0,0,0,0,0,0,0,0,3.83347e-1,1.18840e-2,0,0,0,0,0,0,5.69734e-2,0,0,0,0,0,0,0,7.73386e-1,2.48792e-1,0,0,0,0,0,0,1.57579e+0
"Rest Central America","LCA","Saint Lucia",6.09413e-3,0,1.55903e-2,9.98151e-6,2.21647e-2,0,3.96795e-5,6.29202e-5,1.61787e-2,2.83650e-2,7.23373e-3,0,0,0,0,0,0,0,0,0,0,0,0,0,0,0,0,0,0,0,0,0,0,8.56972e-1,3.37180e-2,0,0,0,0,0,0,8.41838e-3,0,0,0,0,0,0,0,1.72776e-1,7.31997e-1,0,0,0,0,0,0,1.89962e+0
"Rest Central America","MSR","Montserrat",5.10133e-4,0,3.83559e-4,4.11749e-6,4.04385e-3,0,3.41690e-3,1.98564e-4,7.77610e-2,0,1.10685e-3,0,0,0,0,0,0,0,0,0,0,0,0,0,0,0,0,0,0,0,0,0,0,6.20405e-1,1.37480e-2,0,0,0,0,0,0,4.62834e-5,0,0,0,0,0,0,0,9.77545e-3,3.97153e-2,0,0,0,0,0,0,7.71115e-1
"Rest Central America","MTQ","Martinique",1.82603e-2,0,4.35505e-2,3.30981e-4,6.00954e-2,0,1.67075e-5,4.11542e-5,5.17238e-2,1.61882e-1,3.94032e-2,0,0,0,0,0,0,0,0,0,0,0,0,0,0,0,0,0,0,0,0,0,0,1.86618e+0,6.36530e-2,0,0,0,0,0,0,7.21231e-2,0,0,0,0,0,0,0,5.06833e+0,1.71473e+0,0,0,0,0,0,0,9.16032e+0
"Rest Central America","NIC","Nicaragua",2.07565e-2,2.07860e-3,1.92853e-1,0,1.92521e-1,0,7.60760e-3,0,1.44591e+1,2.37770e+0,2.45141e-1,0,0,0,0,0,0,0,0,0,0,0,0,0,0,0,0,0,0,0,0,0,0,1.78857e+2,4.60264e+0,9.97942e+0,0,0,0,0,3.67128e+0,1.59441e+0,0,0,0,0,0,0,0,2.29259e+1,2.50217e+1,0,0,0,0,0,0,2.64151e+2
"Rest Central America","PAN","Panama",3.19141e-2,2.53653e-3,1.44670e-1,0,4.36727e-1,0,0,4.92822e-2,5.84902e+0,5.48700e-1,5.85748e-1,0,0,0,0,0,0,0,0,0,0,0,0,0,0,0,0,0,0,0,0,0,0,1.00123e+2,2.33812e+0,1.44767e+1,0,0,0,0,8.75232e-1,7.75789e-1,0,0,0,0,0,0,0,1.04251e+1,1.31237e+1,0,0,0,0,0,0,1.49786e+2
"Rest Central America","PRI","Puerto Rico",0,0,2.25632e-3,0,0,0,3.75909e-5,7.42329e-5,0,0,0,0,0,0,0,0,0,0,0,0,0,0,0,0,0,0,0,0,0,0,0,0,0,2.85250e+1,7.85156e-1,0,0,0,0,0,0,6.81222e-3,0,0,0,0,0,0,0,5.33783e+1,1.92859e+1,0,0,0,0,0,0,1.01984e+2
"Rest Central America","SLV","El Salvador",1.29419e-1,8.36000e-4,2.92445e-1,0,3.06629e-1,0,0,0,1.61623e+1,1.55465e+0,2.73724e-1,0,0,0,0,0,0,0,0,0,0,0,0,0,0,0,0,0,0,0,0,0,0,7.12903e+1,1.99574e+0,7.42820e-1,0,0,0,0,3.62280e-1,1.96512e+0,0,0,0,0,0,0,0,1.94644e+1,2.84089e+1,0,0,0,0,0,0,1.42950e+2
"Rest Central America","TCA","Turks and Caicos Islands",3.54030e-4,0,2.02887e-3,0,6.48458e-4,0,2.14373e-6,3.51912e-6,2.29594e-4,7.22300e-3,3.54129e-5,0,0,0,0,0,0,0,0,0,0,0,0,0,0,0,0,0,0,0,0,0,0,0,0,0,0,0,0,0,0,0,0,0,0,0,0,0,0,8.90599e-2,8.31539e-2,0,0,0,0,0,0,1.82739e-1
"Rest Central America","TTO","Trinidad and Tobago",2.56288e-1,9.00967e-2,4.84462e-2,0,2.21079e-1,0,0,0,6.00403e-1,1.70097e-1,2.20592e+2,0,0,0,0,0,6.40262e+0,0,0,0,0,0,0,0,0,0,0,0,0,0,0,0,0,2.38944e+0,3.30603e-1,1.32900e-1,0,0,0,0,0,3.06862e-1,0,0,0,0,0,0,0,1.03502e+1,4.25608e+1,0,0,0,0,0,0,2.84451e+2
"Rest Central America","VCT","Saint Vincent and the Grenadines",3.84536e-3,0,1.15946e-2,6.28750e-6,8.74572e-3,0,0,5.70000e-7,2.16222e-2,3.08140e-2,3.65606e-3,0,0,0,0,0,0,0,0,0,0,0,0,0,0,0,0,0,0,0,0,0,0,4.74440e-1,2.04160e-2,0,0,0,0,0,0,1.19390e-2,0,0,0,0,0,0,0,5.42549e-1,5.41386e-1,0,0,0,0,0,0,1.67102e+0
"Rest Central America","VGB","Virgin Islands_British",9.37036e-4,0,2.09765e-3,3.98249e-6,4.00883e-3,0,0,0,6.60468e-4,4.21600e-3,1.22349e-3,0,0,0,0,0,0,0,0,0,0,0,0,0,0,0,0,0,0,0,0,0,0,4.96543e-1,2.81092e-2,0,0,0,0,0,0,0,0,0,0,0,0,0,0,2.06265e-1,8.57087e-2,0,0,0,0,0,0,8.29773e-1
"Rest Central America","VIR","Virgin Islands_USA",0,0,0,0,0,0,0,0,0,0,0,0,0,0,0,0,0,0,0,0,0,0,0,0,0,0,0,0,0,0,0,0,0,4.42400e-2,8.57493e-3,0,0,0,0,0,0,9.62874e-2,0,0,0,0,0,0,0,1.23390e+0,4.85636e-1,0,0,0,0,0,0,1.86864e+0
"Brazil","BRA","Brazil",2.60428e+0,7.83972e+0,2.80599e+1,6.78889e-2,1.83864e+1,8.02734e-2,2.95713e-1,0,1.14375e+2,5.67871e+2,5.85467e+2,0,0,0,0,0,2.30440e+0,2.71824e+0,0,0,0,0,0,0,0,0,0,0,0,0,0,0,0,1.11711e+4,2.59320e+2,2.26803e+2,0,0,0,0,4.75488e+2,1.78173e+2,1.25167e+3,1.50151e+0,0,0,0,0,0,7.51848e+2,1.84845e+3,8.43615e+0,3.11488e+0,0,0,0,0,1.75060e+4
"Rest South America","ARG","Argentina",9.41912e-1,5.17207e-1,3.62481e+0,2.77375e-2,9.89665e+0,0,1.55330e-2,3.59646e-2,6.43969e+0,2.53604e+1,7.33469e+2,0,0,0,0,0,3.12846e-1,1.01619e-1,0,0,0,0,0,0,0,0,0,0,0,0,0,0,0,3.25979e+3,5.99802e+1,1.79179e+1,0,0,0,0,9.27624e+0,4.66314e+1,2.53515e+1,8.15592e+1,0,0,0,0,0,1.73298e+2,2.36644e+2,0,0,0,0,0,0,4.69120e+3
"Rest South America","BOL","Bolivia",1.38973e-1,4.18644e-2,5.90040e-1,2.51208e-3,4.01784e-1,8.68761e-4,3.80999e-3,0,7.73881e+0,2.01190e+0,1.60417e+2,0,0,0,0,0,0,0,0,0,0,0,0,0,0,0,0,0,0,0,0,0,0,4.13752e+2,1.15966e+1,1.76805e+1,0,0,0,0,4.91856e+1,2.99206e+0,2.08032e+2,0,0,0,0,0,0,1.79841e+1,3.91815e+1,0,0,0,0,0,0,9.31752e+2
"Rest South America","BVT","Bouvet Island",0,0,0,0,0,0,0,0,0,0,0,0,0,0,0,0,0,0,0,0,0,0,0,0,0,0,0,0,0,0,0,0,0,0,0,0,0,0,0,0,0,0,0,0,0,0,0,0,0,0,0,0,0,0,0,0,0,0,
"Rest South America","CHL","Chile",9.56414e-1,1.32840e-1,1.87275e+0,1.37313e-2,2.22456e+0,3.12246e-3,2.75336e-1,0,3.63190e+1,3.13903e+1,1.45107e+2,0,0,0,0,0,5.49050e+0,2.43430e-3,0,0,0,0,0,0,0,0,0,0,0,0,0,0,0,3.08381e+2,1.07979e+1,3.39371e+0,0,0,0,0,0,2.30046e+0,1.21896e-1,1.58813e+0,0,0,0,0,0,4.89237e+1,2.32836e+2,0,0,0,0,0,0,8.32131e+2
"Rest South America","COL","Colombia",3.09167e-1,2.98754e-1,3.08999e+0,8.56900e-4,4.25554e+0,4.76729e-3,5.55940e-2,0,2.88189e+1,1.35758e+2,3.34320e+2,0,0,0,0,0,2.48812e-2,3.16400e-2,0,0,0,0,0,0,0,0,0,0,0,0,0,0,0,1.57192e+3,3.83699e+1,1.08692e+2,0,0,0,0,2.44440e+1,1.25340e+1,4.45679e+1,0,0,0,0,0,0,9.02800e+1,1.99260e+2,0,0,0,0,0,0,2.59704e+3
"Rest South America","ECU","Ecuador",3.22072e-2,4.64825e-2,4.73385e-1,8.36000e-5,1.72401e+0,0,9.42172e-2,0,9.97758e+0,9.73853e+0,1.19374e+2,0,0,0,0,0,7.47000e-5,0,0,0,0,0,0,0,0,0,0,0,0,0,0,0,0,3.09510e+2,1.04046e+1,9.01845e+1,0,0,0,0,7.94544e-1,3.11321e+0,3.38150e-1,0,0,0,0,0,0,2.16849e+1,5.54565e+1,0,0,0,0,0,0,6.32947e+2
"Rest South America","FLK","Falkland Islands (Malvinas)",5.40600e-4,0,3.33240e-4,4.15050e-6,6.89963e-4,0,1.46189e-5,2.31814e-5,2.86450e-4,1.02300e-2,5.44723e-4,0,0,0,0,0,0,0,0,0,0,0,0,0,0,0,0,0,0,0,0,0,0,3.75228e+0,7.44571e-2,0,0,0,0,0,0,0,0,0,0,0,0,0,0,2.14550e-2,1.62891e-2,9.73784e-5,1.79776e-5,0,0,0,0,3.87726e+0
"Rest South America","GUF","French Guiana",6.27031e-3,0,1.97154e-2,2.61962e-4,1.74142e-2,0,6.48413e-5,1.03749e-4,3.24717e-1,3.77704e-1,1.84676e-2,0,0,0,0,0,0,0,0,0,0,0,0,0,0,0,0,0,0,0,0,0,0,5.41299e-1,3.14128e-2,9.84889e-1,0,0,0,0,0,2.59722e-2,5.36799e-1,0,0,0,0,0,0,8.84345e-1,8.12679e-1,2.83210e-3,5.22848e-4,0,0,0,0,4.58547e+0
"Rest South America","GUY","Guyana",2.85487e-2,0,7.71913e-2,1.26459e-4,4.99293e-2,0,0,5.97000e-7,3.07508e+0,2.01035e-1,3.24221e-2,0,0,0,0,0,0,0,0,0,0,0,0,0,0,0,0,0,0,0,0,0,0,7.49298e+0,4.05237e-1,3.36608e+1,0,0,0,0,2.88744e+0,1.24580e+0,7.58744e+0,0,0,0,0,0,0,1.43102e+0,4.06650e+0,4.54712e-3,8.39468e-4,0,0,0,0,6.22470e+1
"Rest South America","PER","Peru",1.33381e-1,7.46604e-2,3.45602e-1,2.09000e-5,1.11890e+0,0,1.40448e-2,0,2.69402e+1,8.30351e+0,3.54540e+1,0,0,0,0,0,3.00000e-4,2.68760e-1,0,0,0,0,0,0,0,0,0,0,0,0,0,0,0,3.65150e+2,1.18636e+1,8.57120e+1,0,0,0,0,5.72640e-1,4.93323e+0,9.69476e+0,0,0,0,0,0,0,5.92670e+1,1.17852e+2,0,0,0,0,0,0,7.27699e+2
"Rest South America","PRY","Paraguay",0,0,1.74189e+0,0,2.72472e-1,8.77800e-3,0,5.01600e-4,2.00541e+1,1.49063e+1,2.63055e-2,0,0,0,0,0,0,0,0,0,0,0,0,0,0,0,0,0,0,0,0,0,0,5.52999e+2,1.27359e+1,3.16826e+0,0,0,0,0,1.23643e+2,4.26603e+0,6.45519e+1,9.20856e+0,0,0,0,0,0,2.01461e+1,2.68485e+1,0,0,0,0,0,0,8.54578e+2
"Rest South America","SGS","South Georgia and the South Sandwich Islands",0,0,0,0,0,0,0,0,0,0,0,0,0,0,0,0,0,0,0,0,0,0,0,0,0,0,0,0,0,0,0,0,0,0,0,0,0,0,0,0,0,0,0,0,0,0,0,0,0,0,0,0,0,0,0,0,0,0,
"Rest South America","SUR","Suriname",1.72421e-2,0,4.89021e-2,7.81055e-5,3.90109e-2,0,3.10357e-4,4.80478e-4,1.69262e-1,2.83495e+0,3.57992e-2,0,0,0,0,0,0,0,0,0,0,0,0,0,0,0,0,0,0,0,0,0,0,6.59508e+0,2.65581e-1,1.53675e+1,0,0,0,0,0,1.78669e-1,4.30753e+0,0,0,0,0,0,0,1.93370e+0,2.41985e+0,6.21052e-3,1.14656e-3,0,0,0,0,3.42213e+1
"Rest South America","URY","Uruguay",1.03565e-2,6.99361e-3,1.56039e-1,1.67370e-4,3.20662e-1,0,0,0,3.93866e+0,1.82900e+0,3.73299e+0,0,0,0,0,0,0,2.20000e-4,0,0,0,0,0,0,0,0,0,0,0,0,0,0,0,7.56349e+2,1.39420e+1,4.58974e+1,0,0,0,0,0,1.14946e+0,0,1.64239e-1,0,0,0,0,0,2.10652e+1,1.66025e+1,0,0,0,0,0,0,8.65165e+2
"Rest South America","VEN","Venezuela",5.40254e-1,1.42684e+0,1.17826e+0,0,1.02553e+1,1.90817e-3,0,4.51440e-3,9.83474e+0,1.32291e+2,1.15679e+3,0,0,0,0,0,3.34040e+0,1.27150e-1,0,0,0,0,0,0,0,0,0,0,0,0,0,0,0,9.83389e+2,2.67275e+1,1.82738e+1,0,0,0,0,5.94984e+1,4.55068e+0,1.71673e+2,0,0,0,0,0,0,1.17280e+2,1.48087e+2,0,0,0,0,0,0,2.84527e+3
"Northern_Africa","DZA","Algeria",8.47894e-1,6.24166e-1,1.66117e-1,0,2.13837e+0,0,0,2.46184e-2,2.63864e+1,5.19270e+1,1.52695e+3,0,0,0,0,0,2.38607e-1,1.16900e-1,0,0,0,0,0,0,0,0,0,0,0,0,0,0,0,1.93576e+2,7.87159e+0,2.54516e-2,0,0,0,0,0,1.03422e-1,1.94554e-1,0,0,0,0,0,0,8.29159e+1,1.18404e+2,0,0,0,0,0,0,2.01251e+3
"Northern_Africa","EGY","Egypt",8.30970e-1,3.53928e-1,1.79585e+0,9.40500e-3,3.60397e+0,0,1.46300e-1,0,5.94523e+1,1.13670e+2,5.77682e+2,0,0,0,0,0,1.09500e-2,2.38330e-1,0,0,0,0,0,0,0,0,0,0,0,0,0,0,0,4.37564e+2,1.39352e+1,1.71703e+2,0,0,0,0,0,5.42439e-1,0,0,0,0,0,0,0,1.35835e+2,2.30675e+2,0,0,0,0,0,0,1.74805e+3
"Northern_Africa","ESH","Western Sahara",9.30652e-4,5.83739e-5,1.34690e-2,7.31020e-5,7.35574e-3,2.77635e-6,0,0,2.15152e-2,0,1.09505e-2,0,0,0,0,0,0,0,0,0,0,0,0,0,0,0,0,0,0,0,0,0,0,1.02215e+1,2.83456e-1,0,0,0,0,0,0,7.08210e-5,0,0,0,0,0,0,0,3.88502e-1,1.32814e+0,0,0,0,0,0,0,1.22760e+1
"Northern_Africa","LBY","Libyan Arab Jamahiriya",2.72722e-1,2.05273e-1,8.33074e-2,6.28019e-5,2.78348e+0,0,0,0,2.16866e+0,8.26258e+0,4.91556e+2,0,0,0,0,0,1.39590e+0,0,0,0,0,0,0,0,0,0,0,0,0,0,0,0,0,3.81739e+1,1.70718e+0,0,0,0,0,0,0,1.05180e-2,1.22352e-2,5.56152e-3,0,0,0,0,0,2.52803e+1,2.48449e+1,0,0,0,0,0,0,5.96762e+2
"Northern_Africa","MAR","Morocco",7.35524e-2,6.27000e-3,4.13235e-1,0,3.45286e-1,0,5.45121e-2,0,3.83500e+0,8.42709e+0,6.03335e+0,0,0,0,0,0,0,0,0,0,0,0,0,0,0,0,0,0,0,0,0,0,0,2.44711e+2,9.97078e+0,9.54437e-1,0,0,0,0,0,2.07123e-1,2.36146e-2,7.48272e-2,0,0,0,0,0,6.28324e+1,1.22010e+2,0,0,0,0,0,0,4.59973e+2
"Northern_Africa","TUN","Tunisia",3.87237e-1,2.68523e-3,1.13111e-1,0,4.74906e-1,0,0,0,9.00731e+0,1.58209e+1,1.41105e+2,0,0,0,0,0,0,1.63800e-2,0,0,0,0,0,0,0,0,0,0,0,0,0,0,0,9.63821e+1,4.56743e+0,0,0,0,0,0,0,5.10681e-2,0,0,0,0,0,0,0,3.07372e+1,3.68344e+1,0,0,0,0,0,0,3.35499e+2
"Western_Africa","BEN","Benin",1.88406e-3,0,6.14460e-3,0,3.03520e-1,1.73752e-4,0,0,2.32093e+1,1.65525e+1,4.81482e-4,0,0,0,0,0,0,0,0,0,0,0,0,0,0,0,0,0,0,0,0,0,0,5.85040e+1,2.56158e+0,3.37235e+0,0,0,0,0,2.53920e+1,5.84106e-1,4.18486e+1,0,0,0,0,0,0,7.08250e+0,3.16873e+1,0,0,0,0,0,0,2.11106e+2
"Western_Africa","BFA","Burkina Faso",1.75093e-3,1.03995e-4,4.74914e-1,9.93896e-4,8.04350e-2,4.95095e-6,0,0,2.88475e+1,4.17616e+1,4.89048e-2,0,0,0,0,0,0,0,0,0,0,0,0,0,0,0,0,0,0,0,0,0,0,2.98093e+2,1.44520e+1,7.44461e+0,0,0,0,0,3.61104e+1,1.15723e+0,0,0,0,0,0,0,0,4.48868e+0,4.53102e+1,0,0,0,0,0,0,4.78272e+2
"Western_Africa","CAF","Central African Republic",5.84043e-4,3.66155e-5,1.56007e-1,3.86706e-4,3.09316e-2,1.74300e-6,0,0,7.83512e+0,1.92045e+0,1.44384e-2,0,0,0,0,0,0,0,0,0,0,0,0,0,0,0,0,0,0,0,0,0,0,1.40873e+2,4.52822e+0,1.78162e+0,0,0,0,0,1.12126e+3,1.80132e-1,4.35472e+2,0,0,0,0,0,0,6.52443e+0,1.66826e+1,0,0,0,0,0,0,1.73726e+3
"Western_Africa","CIV","Cote d'Ivoire",1.37139e-1,7.64463e-3,2.91346e-2,0,1.33720e-1,4.33675e-3,1.78486e-2,0,3.59303e+1,6.66671e+1,2.67444e+1,0,0,0,0,0,0,0,0,0,0,0,0,0,0,0,0,0,0,0,0,0,0,6.79764e+1,2.94695e+0,1.11796e+1,0,0,0,0,3.18168e+1,9.38183e-1,2.97425e+2,0,0,0,0,0,0,3.34122e+1,6.99273e+1,0,0,0,0,0,0,6.45294e+2
"Western_Africa","CMR","Cameroon",2.38648e-3,0,1.05461e+0,0,3.97438e-1,0,0,0,3.43166e+1,9.23645e+0,7.25378e+1,0,0,0,0,0,0,0,0,0,0,0,0,0,0,0,0,0,0,0,0,0,0,2.49345e+2,9.37401e+0,2.60879e+0,0,0,0,0,1.82328e+2,6.89616e-1,1.06937e+2,0,0,0,0,0,0,3.46249e+1,7.29456e+1,0,0,0,0,0,0,7.76398e+2
"Western_Africa","COD","Congo_the Democratic Republic of the",5.02416e-4,2.93076e-4,4.26076e+0,0,1.48876e-1,0,0,0,2.39098e+2,1.38391e+1,4.33011e+0,0,0,0,0,0,0,0,0,0,0,0,0,0,0,0,0,0,0,0,0,0,0,5.28619e+0,2.36864e-1,5.49756e+1,0,0,0,0,6.27288e+2,3.48130e+0,1.56502e+3,0,0,0,0,0,0,5.37877e+1,2.07946e+2,0,0,0,0,0,0,2.77970e+3
"Western_Africa","COG","Congo",0,0,5.01600e-4,1.25400e-3,6.93756e-2,0,0,0,5.25898e+0,4.90172e+1,1.26490e+2,0,0,0,0,0,0,0,0,0,0,0,0,0,0,0,0,0,0,0,0,0,0,5.54486e+1,3.04737e+0,2.45609e-1,0,0,0,0,2.23274e+1,1.53464e-1,1.50906e+2,0,0,0,0,0,0,7.27625e+0,1.49513e+1,0,0,0,0,0,0,4.35194e+2
"Western_Africa","CPV","Cape Verde",5.09782e-4,3.19550e-5,1.89058e-2,8.08484e-5,8.67323e-3,1.51890e-6,0,0,5.81021e-2,3.78200e-3,6.75251e-3,0,0,0,0,0,0,0,0,0,0,0,0,0,0,0,0,0,0,0,0,0,0,1.75643e+0,6.14284e-1,0,0,0,0,0,0,2.21701e-2,0,0,0,0,0,0,0,9.73434e-1,1.96584e+0,0,0,0,0,0,0,5.42900e+0
"Western_Africa","GAB","Gabon",2.57489e-2,1.17040e-3,2.54060e-1,0,6.51534e-2,0,0,0,1.89160e+0,1.45681e+0,1.72082e+2,0,0,0,0,0,0,0,0,0,0,0,0,0,0,0,0,0,0,0,0,0,0,2.88382e+0,3.63143e-1,6.36292e-2,0,0,0,0,1.41446e+0,4.35372e-2,2.05170e+1,0,0,0,0,0,0,8.09810e+0,6.38892e+0,0,0,0,0,0,0,2.15549e+2
"Western_Africa","GHA","Ghana",4.00677e-2,1.83920e-3,4.93783e-1,0,7.16669e-1,4.33675e-3,8.48540e-3,0,7.74577e+1,5.47785e+1,3.41539e-1,0,0,0,0,0,0,0,0,0,0,0,0,0,0,0,0,0,0,0,0,0,0,7.38986e+1,3.45730e+0,1.73071e+1,0,0,0,0,8.44176e+1,1.09072e+0,2.62568e+1,0,0,0,0,0,0,3.55652e+1,8.83942e+1,0,0,0,0,0,0,4.64231e+2
"Western_Africa","GIN","Guinea",1.99855e-3,9.65663e-5,3.56376e-1,7.39431e-4,1.01511e-1,4.59820e-6,0,0,4.17222e+1,2.58996e+1,5.35437e-2,0,0,0,0,0,0,0,0,0,0,0,0,0,0,0,0,0,0,0,0,0,0,9.69160e+1,3.73649e+0,5.56037e+1,0,0,0,0,8.77560e+1,6.94313e-1,1.27031e+2,0,0,0,0,0,0,1.29676e+1,3.57007e+1,0,0,0,0,0,0,4.88542e+2
"Western_Africa","GMB","Gambia",8.95072e-4,5.62284e-5,5.53473e-2,1.36474e-4,3.80629e-2,2.67675e-6,0,0,2.29545e+0,4.38228e+0,1.24045e-2,0,0,0,0,0,0,0,0,0,0,0,0,0,0,0,0,0,0,0,0,0,0,1.28773e+1,4.98175e-1,1.78162e+0,0,0,0,0,8.93256e+0,4.56413e-2,0,0,0,0,0,0,0,1.57593e+0,4.85502e+0,0,0,0,0,0,0,3.73509e+1
"Western_Africa","GNB","Guinea-Bissau",6.58949e-4,4.06036e-5,5.82197e-2,1.89881e-4,2.12244e-2,1.92975e-6,0,0,1.76149e+0,4.57250e-2,1.49753e-2,0,0,0,0,0,0,0,0,0,0,0,0,0,0,0,0,0,0,0,0,0,0,1.94510e+1,1.03143e+0,8.76810e+0,0,0,0,0,1.30942e+1,1.15093e-1,0,0,0,0,0,0,0,1.51710e+0,5.95276e+0,0,0,0,0,0,0,5.18322e+1
"Western_Africa","GNQ","Equatorial Guinea",2.78393e-4,4.51976e-5,1.88559e-2,1.59212e-4,1.16734e-2,2.14970e-6,0,0,1.61044e+0,6.30726e-1,9.30575e+1,0,0,0,0,0,1.38000e+0,0,0,0,0,0,0,0,0,0,0,0,0,0,0,0,0,3.88975e-1,2.52700e-2,0,0,0,0,0,0,1.88791e-2,0,0,0,0,0,0,0,1.23684e+0,5.52715e+0,0,0,0,0,0,0,1.03907e+2
"Western_Africa","LBR","Liberia",1.16940e-3,5.68094e-5,1.30112e-1,1.93740e-4,3.06091e-2,2.70165e-6,0,0,1.75127e+1,1.46119e+1,1.99649e-2,0,0,0,0,0,0,0,0,0,0,0,0,0,0,0,0,0,0,0,0,0,0,3.46574e+0,3.27592e-1,1.56000e+0,0,0,0,0,6.18960e+0,1.65952e-1,1.09548e-1,0,0,0,0,0,0,4.41788e+0,1.21659e+1,0,0,0,0,0,0,6.07089e+1
"Western_Africa","MLI","Mali",1.89954e-3,9.44913e-5,4.87575e-1,2.61904e-4,6.72203e-2,4.49860e-6,0,0,1.94427e+1,9.10110e+0,2.48915e-2,0,0,0,0,0,0,0,0,0,0,0,0,0,0,0,0,0,0,0,0,0,0,3.40049e+2,1.32102e+1,5.95568e+1,0,0,0,0,6.16152e+1,1.03829e+0,2.86654e+1,0,0,0,0,0,0,7.79144e+0,5.01517e+1,0,0,0,0,0,0,5.91204e+2
"Western_Africa","MRT","Mauritania",5.30864e-3,2.54685e-4,1.25276e-1,1.76381e-3,3.03496e-1,1.21263e-5,0,0,5.69430e+0,1.24272e+1,1.53199e-1,0,0,0,0,0,0,0,0,0,0,0,0,0,0,0,0,0,0,0,0,0,0,1.87252e+2,8.34111e+0,1.65436e+0,0,0,0,0,1.97297e+0,1.15167e-1,0,0,0,0,0,0,0,4.53625e+0,1.27716e+1,0,0,0,0,0,0,2.35354e+2
"Western_Africa","NER","Niger",4.34037e-3,1.78508e-4,4.97178e-1,1.27604e-4,5.57101e-2,8.49920e-6,0,0,1.35167e+1,4.05549e+1,3.26823e-2,0,0,0,0,0,0,0,0,0,0,0,0,0,0,0,0,0,0,0,0,0,0,1.61743e+2,7.20030e+0,3.52505e+0,0,0,0,0,2.23423e+0,1.64976e+0,0,0,0,0,0,0,0,5.12215e+0,4.72585e+1,0,0,0,0,0,0,2.83395e+2
"Western_Africa","NGA","Nigeria",2.08614e-1,2.93376e-1,9.50832e+0,0,5.68746e+0,7.45921e-3,1.25818e-2,0,2.31325e+2,8.40661e+1,1.85283e+3,0,0,0,0,0,9.00000e-5,0,0,0,0,0,0,0,0,0,0,0,0,0,0,0,0,7.69993e+2,3.61821e+1,2.47056e+2,0,0,0,0,1.57130e+2,1.06464e+1,2.25345e+1,0,0,0,0,0,0,9.51502e+1,5.18914e+2,0,0,0,0,0,0,4.04155e+3
"Western_Africa","SEN","Senegal",1.12288e-1,3.76200e-4,2.57906e-2,0,1.06480e-1,0,1.14114e-2,0,2.07930e+1,3.06357e+1,7.36506e-1,0,0,0,0,0,0,0,0,0,0,0,0,0,0,0,0,0,0,0,0,0,0,1.64566e+2,7.43646e+0,1.10969e+1,0,0,0,0,4.17216e+1,2.91445e-1,0,0,0,0,0,0,0,1.64756e+1,4.92101e+1,0,0,0,0,0,0,3.43220e+2
"Western_Africa","SHN","Saint Helena",0,0,1.99164e-4,0,1.04239e-3,0,0,0,3.11740e-4,0,4.76433e-4,0,0,0,0,0,0,0,0,0,0,0,0,0,0,0,0,0,0,0,0,0,0,4.44892e-2,4.17493e-3,0,0,0,0,0,0,0,0,0,0,0,0,0,0,1.55528e-2,2.55762e-2,0,0,0,0,0,0,9.18229e-2
"Western_Africa","SLE","Sierra Leone",2.72783e-3,1.31655e-4,1.93692e-1,4.56274e-4,3.77832e-2,6.26650e-6,0,0,1.92728e+1,2.78401e+1,4.05124e-2,0,0,0,0,0,0,0,0,0,0,0,0,0,0,0,0,0,0,0,0,0,0,1.46538e+1,7.14585e-1,1.36900e+1,0,0,0,0,2.84928e+1,2.52178e-1,1.76147e+0,0,0,0,0,0,0,4.97085e+0,2.09431e+1,0,0,0,0,0,0,1.32867e+2
"Western_Africa","STP","Sao Tome and Principe",4.11273e-4,2.57923e-5,5.91067e-3,3.53759e-5,6.51389e-3,1.22425e-6,0,0,2.14088e-2,6.81380e-1,3.97021e-3,0,0,0,0,0,0,0,0,0,0,0,0,0,0,0,0,0,0,0,0,0,0,2.06981e-1,1.83515e-2,0,0,0,0,0,0,1.71155e-3,0,0,0,0,0,0,0,2.70948e-1,5.73504e-1,0,0,0,0,0,0,1.79115e+0
"Western_Africa","TCD","Chad",5.15111e-4,3.19758e-5,3.45420e-1,5.68519e-5,7.62025e-3,1.51890e-6,0,0,2.28799e+1,2.92027e+1,8.81342e-3,0,0,0,0,0,0,0,0,0,0,0,0,0,0,0,0,0,0,0,0,0,0,2.73166e+2,1.05799e+1,1.10969e+1,0,0,0,0,1.70290e+2,6.58415e-1,0,0,0,0,0,0,0,4.91678e+0,3.28945e+1,0,0,0,0,0,0,5.56048e+2
"Western_Africa","TGO","Togo",7.65945e-3,0,9.15624e-3,0,8.08530e-2,0,0,0,2.26119e+1,4.20670e+1,0,0,0,0,0,0,0,0,0,0,0,0,0,0,0,0,0,0,0,0,0,0,0,2.48022e+1,1.48740e+0,4.08499e+0,0,0,0,0,2.10715e+1,3.95115e-1,1.31770e+1,0,0,0,0,0,0,5.79517e+0,2.25760e+1,0,0,0,0,0,0,1.58166e+2
"Eastern_Africa","BDI","Burundi",5.68089e-4,3.37686e-5,2.69947e-1,2.68731e-4,2.93854e-2,1.60605e-6,0,0,2.85778e+1,2.36151e+1,1.80464e-2,0,0,0,0,0,0,0,0,0,0,0,0,0,0,0,0,0,0,0,0,0,0,1.54607e+1,6.33000e-1,2.41791e+0,0,0,0,0,0,3.85600e-1,0,0,0,0,0,0,0,9.59164e-1,2.71483e+1,0,0,0,0,0,0,9.95158e+1
"Eastern_Africa","COM","Comoros",1.09502e-4,1.72017e-5,2.92558e-2,1.03301e-4,6.69590e-3,8.17550e-7,0,0,1.36168e-1,2.77642e+0,4.29813e-3,0,0,0,0,0,0,0,0,0,0,0,0,0,0,0,0,0,0,0,0,0,0,2.40694e+0,1.14367e-1,1.78162e+0,0,0,0,0,0,1.35217e-2,0,0,0,0,0,0,0,7.55501e-1,2.99061e+0,0,0,0,0,0,0,1.10156e+1
"Eastern_Africa","DJI","Djibouti",1.89123e-3,1.17777e-4,4.23519e-2,3.12629e-4,2.57627e-2,5.60665e-6,0,0,2.08633e-1,3.65335e+0,7.31695e-2,0,0,0,0,0,0,0,0,0,0,0,0,0,0,0,0,0,0,0,0,0,0,1.72505e+1,6.89479e-1,0,0,0,0,0,3.87720e-3,2.16335e-6,0,0,0,0,0,0,0,1.59506e+0,3.53631e+0,0,0,0,0,0,0,2.70809e+1
"Eastern_Africa","ERI","Eritrea",2.46545e-3,0,1.75560e-3,0,4.07544e-2,0,0,0,8.84930e+0,7.31600e+0,0,0,0,0,0,0,0,0,0,0,0,0,0,0,0,0,0,0,0,0,0,0,0,8.27418e+1,2.81260e+0,0,0,0,0,0,2.65128e+0,1.05180e-1,0,0,0,0,0,0,0,1.37632e+0,1.57315e+1,0,0,0,0,0,0,1.21629e+2
"Eastern_Africa","ETH","Ethiopia",7.53624e-4,0,3.87486e-2,0,2.90177e-1,0,0,0,3.26900e+2,1.82900e+1,0,0,0,0,0,0,0,0,0,0,0,0,0,0,0,0,0,0,0,0,0,0,0,1.37167e+3,5.04621e+1,0,0,0,0,0,1.67758e+2,8.18911e+0,0,0,0,0,0,0,0,1.89506e+1,2.67467e+2,0,0,0,0,0,0,2.23001e+3
"Eastern_Africa","KEN","Kenya",4.52013e-1,9.39480e-3,5.74750e-2,9.33650e-3,4.21390e-1,5.03063e-3,8.77800e-4,0,8.75849e+1,2.25150e+2,4.48690e-1,0,0,0,0,0,0,0,0,0,0,0,0,0,0,0,0,0,0,0,0,0,0,5.83050e+2,1.81813e+1,1.67981e+0,0,0,0,0,1.08065e+1,8.57803e-1,0,0,0,0,0,0,0,1.82620e+1,1.43387e+2,0,0,0,0,0,0,1.09036e+3
"Eastern_Africa","MDG","Madagascar",5.93216e-3,3.68976e-4,6.80905e-1,1.36285e-3,1.47182e-1,1.75669e-5,0,0,3.78923e+1,5.38640e+1,8.59681e-2,0,0,0,0,0,0,0,0,0,0,0,0,0,0,0,0,0,0,0,0,0,0,3.08880e+2,1.14499e+1,1.87840e+2,0,0,0,0,8.55216e+1,9.42187e-1,6.23968e+1,2.43744e+0,0,0,0,0,0,1.10272e+1,6.43516e+1,0,0,0,0,0,0,8.27524e+2
"Eastern_Africa","MUS","Mauritius",7.98156e-3,4.15228e-4,6.29702e-2,4.18809e-4,1.09528e-1,1.97706e-5,0,0,1.07748e+0,9.14500e-3,1.39939e-1,0,0,0,0,0,0,0,0,0,0,0,0,0,0,0,0,0,0,0,0,0,0,1.85805e+0,2.38518e-1,0,0,0,0,0,0,1.14670e-1,0,0,0,0,0,0,0,3.51174e+0,5.30405e+0,0,0,0,0,0,0,1.24349e+1
"Eastern_Africa","MYT","Mayotte",0,0,0,0,0,0,0,0,0,0,0,0,0,0,0,0,0,0,0,0,0,0,0,0,0,0,0,0,0,0,0,0,0,0,0,0,0,0,0,0,0,0,0,0,0,0,0,0,0,1.88236e-1,3.60931e-1,0,0,0,0,0,0,5.49167e-1
"Eastern_Africa","REU","Reunion",5.02986e-3,3.11495e-4,3.52611e-2,1.59334e-3,1.10643e-1,1.48321e-5,0,0,2.55232e-1,0,1.19413e-1,0,0,0,0,0,0,0,0,0,0,0,0,0,0,0,0,0,0,0,0,0,0,1.73618e+0,4.01319e-1,5.09033e-3,0,0,0,0,0,3.89696e-2,0,0,0,0,0,0,0,3.96280e+0,4.53228e+0,0,0,0,0,0,0,1.12041e+1
"Eastern_Africa","RWA","Rwanda",2.02907e-3,1.24865e-4,3.41794e-1,4.85135e-4,5.12529e-2,5.94280e-6,0,0,1.87172e+1,4.38960e+0,1.37885e-1,0,0,0,0,0,0,0,0,0,0,0,0,0,0,0,0,0,0,0,0,0,0,3.15683e+1,1.20021e+0,6.47745e-1,0,0,0,0,3.96648e+0,5.61047e-1,0,0,0,0,0,0,0,1.19831e+0,3.80450e+1,0,0,0,0,0,0,1.00828e+2
"Eastern_Africa","SDN","Sudan",1.82463e-2,4.38900e-3,1.36707e+0,0,5.44864e-1,2.08164e-3,5.85200e-4,0,8.10503e+1,2.18383e+2,2.76476e+1,0,0,0,0,0,0,0,0,0,0,0,0,0,0,0,0,0,0,0,0,0,0,1.83504e+3,6.54124e+1,7.83911e-1,0,0,0,0,6.78672e+2,2.00930e+0,0,0,0,0,0,0,0,6.20808e+1,1.51821e+2,0,0,0,0,0,0,3.12484e+3
"Eastern_Africa","SOM","Somalia",8.65968e-4,9.31343e-5,2.94484e-1,4.75572e-4,4.40637e-2,4.43220e-6,0,0,3.44092e+1,6.19984e+1,3.09444e-2,0,0,0,0,0,0,0,0,0,0,0,0,0,0,0,0,0,0,0,0,0,0,5.64478e+2,2.50456e+1,0,0,0,0,0,4.71168e-1,1.46875e-1,0,0,0,0,0,0,0,4.97981e+0,3.37631e+1,0,0,0,0,0,0,7.25663e+2
"Eastern_Africa","SYC","Seychelles",2.48130e-3,1.55882e-4,5.18160e-3,2.48999e-7,1.19543e-2,7.42020e-6,0,0,2.37762e-2,0,2.54089e-2,0,0,0,0,0,0,0,0,0,0,0,0,0,0,0,0,0,0,0,0,0,0,9.87183e-2,5.92509e-2,0,0,0,0,0,0,5.05440e-6,0,0,0,0,0,0,0,3.71044e-1,3.55174e-1,0,0,0,0,0,0,9.53159e-1
"Eastern_Africa","UGA","Uganda",3.70341e-3,2.32661e-4,1.02169e+0,5.26917e-4,1.45806e-1,1.10764e-5,0,0,1.25550e+2,6.69752e+1,6.15024e-2,0,0,0,0,0,0,0,0,0,0,0,0,0,0,0,0,0,0,0,0,0,0,2.67578e+2,9.69993e+0,9.67163e+0,0,0,0,0,7.40496e+1,2.13898e+0,0,0,0,0,0,0,0,5.89796e+0,9.09337e+1,0,0,0,0,0,0,6.53729e+2
"Southern_Africa","AGO","Angola",1.07768e-2,6.39968e-3,1.80557e-1,0,2.14954e-1,0,0,0,1.77407e+1,8.01102e+1,3.70424e+2,0,0,0,0,0,0,0,0,0,0,0,0,0,0,0,0,0,0,0,0,0,0,1.78829e+2,5.45969e+0,4.95035e-1,0,0,0,0,2.27058e+0,2.74592e-1,5.63669e+0,0,0,0,0,0,0,1.64983e+1,5.97964e+1,0,0,0,0,0,0,7.37949e+2
"Southern_Africa","BWA","Botswana",9.33934e-3,3.77756e-5,1.64619e-1,9.45920e-5,1.95939e-1,1.33340e-5,0,0,2.75325e+0,1.77398e+1,1.03462e-2,0,0,0,0,0,0,0,0,0,0,0,0,0,0,0,0,0,0,0,0,0,0,1.21290e+2,3.30806e+0,0,0,0,0,0,8.21400e+1,3.91550e-2,0,5.51712e+0,0,0,0,0,0,4.66061e+0,7.97236e+0,0,0,0,0,0,0,2.45801e+2
"Southern_Africa","LSO","Lesotho",3.95321e-4,2.48336e-5,7.33821e-2,2.22986e-4,2.32651e-2,1.17860e-6,0,0,7.32088e+0,7.33063e+0,9.04784e-3,0,0,0,0,0,0,0,0,0,0,0,0,0,0,0,0,0,0,0,0,0,0,2.56945e+1,5.34912e-1,0,0,0,0,0,0,5.83311e-2,0,3.27432e+0,0,0,0,0,0,1.36558e+0,7.83608e+0,0,0,0,0,0,0,5.35216e+1
"Southern_Africa","MOZ","Mozambique",1.60010e-3,0,7.14722e-1,0,9.25417e-2,0,7.02240e-3,0,6.32568e+1,3.54161e+1,4.96300e-2,0,0,0,0,0,0,0,0,0,0,0,0,0,0,0,0,0,0,0,0,0,0,5.10486e+1,2.18188e+0,1.97250e+1,0,0,0,0,2.34631e+2,1.74791e+0,6.12680e+1,9.14208e+0,0,0,0,0,0,1.29099e+1,7.98776e+1,0,0,0,0,0,0,5.72070e+2
"Southern_Africa","MWI","Malawi",2.31064e-3,1.39934e-4,4.79645e-1,3.81555e-4,7.61569e-2,6.66075e-6,0,0,2.01579e+1,3.65946e+1,3.45435e-2,0,0,0,0,0,0,0,0,0,0,0,0,0,0,0,0,0,0,0,0,0,0,4.27154e+1,1.79251e+0,6.37564e+0,0,0,0,0,2.25125e+1,1.40100e+0,0,0,0,0,0,0,0,3.55159e+0,4.93413e+1,0,0,0,0,0,0,1.85036e+2
"Southern_Africa","NAM","Namibia",1.31385e-3,0,1.07301e-2,4.39300e-4,2.25580e-1,0,5.55940e-3,0,5.65749e-1,4.43049e+0,0,0,0,0,0,0,0,0,0,0,0,0,0,0,0,0,0,0,0,0,0,0,0,1.45477e+2,3.49306e+0,0,0,0,0,0,4.02528e+1,6.90885e-2,0,0,0,0,0,0,0,3.19197e+0,6.88095e+0,0,0,0,0,0,0,2.04605e+2
"Southern_Africa","SWZ","Swaziland",1.98871e-3,8.69218e-5,4.43621e-2,1.61378e-4,5.83347e-2,4.13755e-6,0,0,3.01398e+0,3.50559e+0,2.28500e-2,0,0,0,0,0,0,0,0,0,0,0,0,0,0,0,0,0,0,0,0,0,0,2.73118e+1,6.91453e-1,6.36292e-3,0,0,0,0,0,9.43033e-2,0,0,0,0,0,0,0,1.51737e+0,1.66942e+1,0,0,0,0,0,0,5.29628e+1
"Southern_Africa","TZA","Tanzania_United Republic of",4.53011e-3,0,1.42696e+0,0,2.32032e-1,0,0,0,8.86586e+1,1.01567e+2,0,0,0,0,0,0,0,0,0,0,0,0,0,0,0,0,0,0,0,0,0,0,0,6.17121e+2,2.08769e+1,5.10306e+1,0,0,0,0,2.73672e+2,4.45700e+0,1.49382e+2,0,0,0,0,0,0,1.60901e+1,1.56687e+2,0,0,0,0,0,0,1.48121e+3
"Southern_Africa","ZAF","South Africa",1.43612e+0,6.44138e-2,5.02986e+0,1.37320e-2,6.66051e+0,3.12246e-2,0,0,7.61434e+1,1.15465e+3,6.23663e+1,0,0,0,0,0,2.72086e-1,3.37150e+0,0,0,0,0,0,0,0,0,0,0,0,0,0,0,0,8.74998e+2,2.31437e+1,1.78162e-1,0,0,0,0,1.30954e+1,2.18976e+0,1.04755e+1,9.73392e+1,0,0,0,0,0,2.39252e+2,3.12831e+2,0,0,0,0,0,0,2.88354e+3
"Southern_Africa","ZMB","Zambia",1.05507e-3,1.04500e-3,9.73489e-1,0,1.40027e-1,3.81634e-3,0,0,3.08639e+1,7.40672e+1,6.36108e-2,0,0,0,0,0,0,0,0,0,0,0,0,0,0,0,0,0,0,0,0,0,0,1.06016e+2,3.78002e+0,1.17969e+0,0,0,0,0,3.81072e+2,1.80740e-1,2.03211e+2,0,0,0,0,0,0,9.77631e+0,4.10598e+1,0,0,0,0,0,0,8.52390e+2
"Southern_Africa","ZWE","Zimbabwe",5.35104e-2,6.68800e-4,2.57864e-1,0,3.24147e-1,5.31696e-3,0,0,3.22664e+1,2.28754e+1,6.90000e-5,0,0,0,0,0,0,2.93825e-1,0,0,0,0,0,0,0,0,0,0,0,0,0,0,0,2.87213e+2,7.49716e+0,3.18146e-2,0,0,0,0,6.63120e+1,4.34428e-1,0,0,0,0,0,0,0,1.35046e+1,5.16717e+1,0,0,0,0,0,0,4.82742e+2
"OECD_Europe","AUT","Austria",1.15792e+0,1.22071e-1,1.52865e+0,8.15101e-4,1.78149e+0,7.71628e-3,1.75560e-3,8.19280e-3,3.51367e+1,7.82770e+0,4.77780e+1,0,0,0,0,0,1.15830e-1,2.82170e-1,0,0,0,0,0,0,0,0,0,0,0,0,0,0,0,1.60067e+2,4.74517e+1,0,0,0,0,0,0,3.86326e-1,0,1.04868e-2,0,0,0,0,0,7.04595e+1,4.34244e+1,2.23800e-3,5.89260e+0,0,0,0,0,4.23443e+2
"OECD_Europe","BEL","Belgium",1.15375e+0,1.17419e-1,1.76372e+0,8.16325e-4,2.52857e+0,9.71432e-3,5.47162e-2,0,1.05003e+1,6.76157e+0,5.14185e+1,0,0,0,0,0,3.13193e-1,7.43680e-1,0,0,0,0,0,0,0,0,0,0,0,0,0,0,0,2.23123e+2,8.29976e+1,0,0,0,0,0,0,2.51429e-1,0,1.67359e-1,0,0,0,0,0,3.70337e+1,8.31337e+1,9.77781e-1,6.94444e+0,0,0,0,0,5.09995e+2
"OECD_Europe","CHE","Switzerland",6.51645e-1,1.16443e-2,8.16438e-1,1.42120e-3,2.36427e+0,1.90817e-3,2.92600e-3,0,7.16742e+0,3.54000e-1,3.24852e+1,0,0,0,0,0,7.07996e-2,0,0,0,0,0,0,0,0,0,0,0,0,0,0,0,0,1.22449e+2,3.26459e+1,0,0,0,0,0,0,9.28056e-2,2.54194e-2,0,0,0,0,0,0,3.16716e+1,1.18426e+1,1.20418e-5,2.61769e+0,0,0,0,0,2.45273e+2
"OECD_Europe","DEU","Germany",8.27496e+0,5.79085e-1,3.53518e+0,2.97615e-2,1.79811e+1,9.84557e-2,7.92946e-2,2.75880e-3,9.62594e+1,4.68524e+2,3.22098e+2,0,0,0,0,0,4.52321e+0,1.92605e+0,0,0,0,0,0,0,0,0,0,0,0,0,0,0,0,1.14477e+3,3.54362e+2,0,0,0,0,0,0,3.92845e+0,0,3.18480e-1,0,0,0,0,0,8.73927e+2,1.51939e+2,0,3.69776e-2,0,0,0,0,3.45319e+3
"OECD_Europe","DNK","Denmark",1.79421e+0,8.84225e-2,3.93584e-1,8.36001e-4,1.65487e+0,1.17960e-2,3.27712e-2,3.88740e-3,1.05011e+1,2.45040e-1,3.73678e+1,0,0,0,0,0,0,0,0,0,0,0,0,0,0,0,0,0,0,0,0,0,0,1.54321e+2,1.06837e+2,0,0,0,0,0,0,7.69061e-1,0,0,0,0,0,0,0,6.73088e+1,8.86990e+0,0,3.01642e+0,0,0,0,0,3.93216e+2
"OECD_Europe","ESP","Spain",1.65552e+0,2.59225e-1,3.21780e+0,3.72041e-2,1.25814e+1,9.10718e-2,4.03788e-1,0,3.87669e+1,1.00395e+2,4.77145e+1,0,0,0,0,0,8.23460e-1,4.72330e-1,0,0,0,0,0,0,0,0,0,0,0,0,0,0,0,6.37355e+2,3.03443e+2,2.55200e+1,0,0,0,0,0,1.53991e+0,0,1.07172e+1,0,0,0,0,0,3.75923e+2,1.13258e+2,8.53962e-2,2.23717e+1,0,0,0,0,1.69663e+3
"OECD_Europe","FIN","Finland",2.87670e+0,7.92291e-2,4.80285e+0,3.23950e-3,1.99240e+0,7.80615e-3,5.47162e-2,8.36000e-4,2.02392e+1,2.96632e+0,4.72537e+0,0,0,0,0,0,8.33220e-2,4.88721e-1,0,0,0,0,0,0,0,0,0,0,0,0,0,0,0,7.75904e+1,2.13181e+1,0,0,0,0,0,0,2.82244e-1,2.97763e-1,5.53584e-2,0,0,0,0,0,1.23706e+2,2.25669e+2,0,1.49200e+0,0,0,0,0,4.88732e+2
"OECD_Europe","FRA","France",2.97683e+0,4.07848e-1,4.25068e+0,3.36491e-2,1.60865e+1,4.25002e-2,9.15838e-2,0,1.66864e+2,1.42440e+1,1.42002e+3,0,0,0,0,0,1.62636e+0,1.98211e+0,0,0,0,0,0,0,0,0,0,0,0,0,0,0,0,1.43838e+3,3.83390e+2,4.22400e+0,0,0,0,0,0,5.09681e+0,0,1.70419e+0,0,0,0,0,0,3.91670e+2,1.87278e+2,6.73807e+0,1.56598e+1,0,0,0,0,4.06277e+3
"OECD_Europe","FRO","Faroe Islands",0,0,0,0,0,0,0,0,0,0,0,0,0,0,0,0,0,0,0,0,0,0,0,0,0,0,0,0,0,0,0,0,0,6.13384e-1,2.49390e-2,0,0,0,0,0,0,9.69408e-6,0,0,0,0,0,0,0,9.82889e-1,4.50179e-2,9.32498e-3,2.52156e-2,0,0,0,0,1.70078e+0
"OECD_Europe","GBR","United Kingdom",5.77616e+0,1.26960e+0,2.57843e+0,1.49226e-2,1.58984e+1,1.07552e-1,1.91361e-1,0,4.96713e+1,1.81379e+2,7.42392e+2,0,0,0,0,0,1.35566e+0,8.28520e-1,0,0,0,0,0,0,0,0,0,0,0,0,0,0,0,1.02564e+3,1.91552e+2,0,0,0,0,0,0,1.71182e+0,0,2.27882e-1,0,0,0,0,0,1.44216e+3,1.14714e+2,8.11770e-1,5.39800e+0,0,0,0,0,3.78368e+3
"OECD_Europe","GIB","Gibraltar",0,0,0,0,2.74390e-2,0,0,0,0,0,0,0,0,0,0,0,0,0,0,0,0,0,0,0,0,0,0,0,0,0,0,0,0,0,0,0,0,0,0,0,0,0,0,0,0,0,0,0,0,2.15021e-1,2.45455e-2,2.81219e-3,7.60444e-3,0,0,0,0,2.77422e-1
"OECD_Europe","GRC","Greece",6.34236e-1,7.57408e-2,8.64141e-1,9.09149e-3,7.04205e+0,7.11227e-3,1.96335e-1,4.18000e-5,1.28992e+1,5.76061e+1,1.19034e+1,0,0,0,0,0,3.36600e-3,0,0,0,0,0,0,0,0,0,0,0,0,0,0,0,0,1.40901e+2,3.04237e+1,4.64200e+0,0,0,0,0,0,4.34455e-1,0,2.85336e+0,0,0,0,0,0,1.07669e+2,1.36001e+1,2.78400e-4,1.84618e-1,0,0,0,0,3.91949e+2
"OECD_Europe","GRL","Greenland",0,0,0,0,0,0,0,0,0,0,0,0,0,0,0,0,0,0,0,0,0,0,0,0,0,0,0,0,0,0,0,0,0,1.65728e-1,2.96546e-3,0,0,0,0,0,0,0,0,0,0,0,0,0,0,8.74860e-1,2.11939e-1,4.50751e-3,1.21887e-2,0,0,0,0,1.27219e+0
"OECD_Europe","IRL","Ireland",2.62813e-1,5.08134e-3,3.44597e-1,7.94201e-4,1.33678e+0,6.93880e-3,5.85200e-3,0,1.02796e+1,7.08000e-1,4.88631e+1,0,0,0,0,0,0,0,0,0,0,0,0,0,0,0,0,0,0,0,0,0,0,4.89957e+2,7.61850e+1,0,0,0,0,0,0,1.73324e-1,0,6.44136e-2,0,0,0,0,0,7.77060e+1,8.83700e+0,0,4.75012e-1,0,0,0,0,7.15212e+2
"OECD_Europe","ISL","Iceland",2.63768e-3,0,5.68647e-2,1.67200e-4,1.20497e-1,0,2.04820e-3,0,6.11158e-2,0,0,0,0,0,0,0,0,1.23143e-1,0,0,0,0,0,0,0,0,0,0,0,0,0,0,0,9.28694e+0,1.34681e+0,0,0,0,0,0,0,7.11536e-5,0,0,0,0,0,0,0,4.87202e+0,4.31325e-1,8.10129e-3,6.82300e-3,0,0,0,0,1.63186e+1
"OECD_Europe","ITA","Italy",2.48684e+0,3.35835e-1,3.00365e+0,1.28953e-2,3.23137e+1,2.09899e-2,3.85940e-1,0,3.12471e+1,1.42177e+1,2.57363e+2,0,0,0,0,0,9.25505e-1,1.01361e+0,0,0,0,0,0,0,0,0,0,0,0,0,0,0,0,5.56973e+2,2.10287e+2,4.79600e+1,0,0,0,0,0,1.71131e+0,1.55942e-1,4.71120e+0,0,0,0,0,0,8.40591e+2,9.60149e+1,3.76764e+0,2.04193e+1,0,0,0,0,2.12592e+3
"OECD_Europe","LUX","Luxembourg",3.89867e-2,0,7.12565e-2,0,4.02775e-1,5.20410e-4,0,1.12860e-3,1.69212e-1,0,4.25462e+0,0,0,0,0,0,0,5.90100e-2,0,0,0,0,0,0,0,0,0,0,0,0,0,0,0,1.43395e+1,2.91460e+1,0,0,0,0,0,0,9.91486e-3,0,3.05784e-1,0,0,0,0,0,2.70765e+0,4.26509e-1,0,2.06594e-1,0,0,0,0,5.21395e+1
"OECD_Europe","NLD","Netherlands",2.97747e+0,3.50076e-1,4.82626e-1,1.33760e-3,4.62445e+0,7.28574e-3,9.21690e-2,0,7.45713e+0,2.89230e+0,2.32017e+2,0,0,0,0,0,3.68213e+0,2.68520e-1,0,0,0,0,0,0,0,0,0,0,0,0,0,0,0,3.15670e+2,1.62320e+2,0,0,0,0,0,0,2.14858e-1,0,3.46488e-2,0,0,0,0,0,3.66701e+2,4.01224e+1,0,3.57500e+0,0,0,0,0,1.14349e+3
"OECD_Europe","NOR","Norway",2.55173e-1,4.68596e-1,1.10533e+0,5.78936e-3,1.48007e+0,2.94899e-3,2.05405e-1,4.18000e-5,1.06393e+1,2.91576e+1,5.42445e+2,0,0,0,0,0,2.82193e+0,1.21286e+0,0,0,0,0,0,0,0,0,0,0,0,0,0,0,0,8.66895e+1,1.62329e+1,0,0,0,0,0,0,9.09153e-2,0,0,0,0,0,0,0,8.36380e+1,4.98483e+1,1.09307e+1,1.25022e+0,0,0,0,0,8.38481e+2
"OECD_Europe","PRT","Portugal",6.06624e-1,8.94041e-2,1.96582e+0,3.53209e-3,3.20456e+0,7.45921e-3,1.46300e-2,0,2.02914e+1,1.42985e+0,3.08118e+1,0,0,0,0,0,1.07319e-1,2.21200e-2,0,0,0,0,0,0,0,0,0,0,0,0,0,0,0,1.42792e+2,5.69901e+1,5.47800e+0,0,0,0,0,0,1.15072e-1,0,1.25069e+1,0,0,0,0,0,2.62612e+2,5.21815e+1,5.37617e-1,1.06640e+0,0,0,0,0,5.92834e+2
"OECD_Europe","SWE","Sweden",4.12617e+0,4.48196e-2,4.96999e+0,5.03690e-3,2.60179e+0,4.16328e-3,4.53530e-2,0,1.58353e+1,1.51917e+0,2.44417e+1,0,0,0,0,0,3.11294e-1,1.45788e-1,0,0,0,0,0,0,0,0,0,0,0,0,0,0,0,1.23182e+2,3.06947e+1,0,0,0,0,0,0,4.42456e-1,0,4.08528e-2,0,0,0,0,0,1.05909e+2,2.30078e+2,6.29972e-2,1.27945e+0,0,0,0,0,5.45741e+2
"Central Europe","ALB","Albania",8.83415e-4,1.83920e-3,1.00905e-1,0,1.96626e-1,5.21257e-3,7.03383e-3,0,6.53565e+0,1.75375e-1,1.00974e+1,0,0,0,0,0,0,1.30900e-2,0,0,0,0,0,0,0,0,0,0,0,0,0,0,0,7.30486e+1,1.08639e+1,0,0,0,0,0,0,1.54514e-1,0,4.26792e-1,0,0,0,0,0,4.39496e+0,5.64071e+0,7.00949e-3,6.94992e-3,0,0,0,0,1.11677e+2
"Central Europe","BGR","Bulgaria",2.72301e-1,1.80492e-2,4.03699e-1,9.40498e-4,1.76451e+0,5.89798e-3,0,6.01920e-3,1.84617e+1,3.15495e+1,8.44558e+0,0,0,0,0,0,1.71551e-1,1.40190e-1,0,0,0,0,0,0,0,0,0,0,0,0,0,0,0,8.41694e+1,1.53158e+1,8.58000e-1,0,0,0,0,0,1.83922e+0,0,1.43335e+1,0,0,0,0,0,4.31618e+2,3.07467e+1,0,0,0,0,0,0,6.40120e+2
"Central Europe","BIH","Bosnia and Herzegovina",8.48789e-2,3.98981e-3,1.04056e-1,1.23511e-3,4.30263e-1,1.04251e-3,0,0,6.42179e+0,3.42759e+1,3.98726e+0,0,0,0,0,0,9.25430e-4,1.32000e-3,0,0,0,0,0,0,0,0,0,0,0,0,0,0,0,3.86336e+1,6.81052e+0,0,0,0,0,0,0,3.07969e-1,0,1.53890e+0,0,0,0,0,0,5.91308e+0,7.01921e+0,1.02145e-2,1.01277e-2,0,0,0,0,1.05556e+2
"Central Europe","CYP","Cyprus",2.18074e-4,9.19600e-4,6.07775e-2,0,2.18547e-1,0,0,0,1.26346e-1,2.74350e-1,3.06193e-1,0,0,0,0,0,0,0,0,0,0,0,0,0,0,0,0,0,0,0,0,0,0,8.63942e+0,4.13359e+0,0,0,0,0,0,0,1.02836e-2,0,0,0,0,0,0,0,1.05648e+1,3.50656e+0,0,0,0,0,0,0,2.78420e+1
"Central Europe","CZE","Czech Republic",1.18241e+0,4.65580e-2,1.42817e+0,1.08857e-3,2.82785e+0,1.73752e-2,2.34461e-3,1.08857e-3,4.61861e+1,1.60388e+2,5.46211e+1,0,0,0,0,0,1.75246e-1,4.02150e-1,0,0,0,0,0,0,0,0,0,0,0,0,0,0,0,1.76719e+2,2.78505e+1,0,0,0,0,0,0,2.16291e+0,0,7.52160e-2,0,0,0,0,0,9.61990e+1,4.57766e+1,0,7.08084e-1,0,0,0,0,6.16770e+2
"Central Europe","EST","Estonia",2.36511e-1,3.56136e-3,1.52951e-1,2.09000e-5,3.80412e-1,7.11227e-3,1.46300e-3,0,1.21488e+1,1.11498e+1,1.57454e+1,0,0,0,0,0,0,0,0,0,0,0,0,0,0,0,0,0,0,0,0,0,0,2.43190e+1,3.85326e+0,1.83920e+0,0,0,0,0,0,1.59957e-1,0,0,0,0,0,0,0,2.56645e+1,6.88098e+0,0,1.42728e-1,0,0,0,0,1.02686e+2
"Central Europe","HRV","Croatia",1.15283e-1,4.40710e-2,1.66757e-1,1.10770e-3,1.24218e+0,4.85716e-3,8.48540e-3,3.13500e-3,8.62698e+0,4.57250e-1,8.30187e+1,0,0,0,0,0,6.01214e-2,3.97100e-4,0,0,0,0,0,0,0,0,0,0,0,0,0,0,0,4.31132e+1,1.14849e+1,0,0,0,0,0,0,9.20353e-1,0,1.11137e+0,0,0,0,0,0,2.80712e+1,1.56457e+1,0,0,0,0,0,0,1.94096e+2
"Central Europe","HUN","Hungary",5.14264e-1,4.91852e-2,2.37431e-1,0,1.71790e+0,1.30876e-2,2.92600e-4,0,1.33296e+1,1.38135e+1,8.69299e+1,0,0,0,0,0,1.22293e-1,9.95200e-2,0,0,0,0,0,0,0,0,0,0,0,0,0,0,0,1.00873e+2,3.22078e+1,5.14800e-1,0,0,0,0,0,3.84619e+0,0,2.25257e+0,0,0,0,0,0,1.01415e+2,3.48661e+1,7.45800e-2,0,0,0,0,0,3.92877e+2
"Central Europe","LTU","Lithuania",1.36468e-1,2.63281e-2,9.05099e-2,8.36680e-5,7.04778e-1,1.09286e-2,8.77800e-4,3.34400e-4,1.88076e+1,4.57250e-2,6.73599e+1,0,0,0,0,0,7.45062e-2,0,0,0,0,0,0,0,0,0,0,0,0,0,0,0,0,6.80209e+1,1.12175e+1,0,0,0,0,0,0,7.09611e-1,0,5.16480e-1,0,0,0,0,0,5.00636e+1,1.34609e+1,9.73599e-4,0,0,0,0,0,2.31248e+2
"Central Europe","LVA","Latvia",3.18486e-1,0,1.81522e-1,0,5.61441e-1,1.17960e-2,0,0,2.98529e+1,6.40150e-1,3.88057e+1,0,0,0,0,0,0,0,0,0,0,0,0,0,0,0,0,0,0,0,0,0,0,3.29973e+1,5.36993e+0,0,0,0,0,0,0,3.02824e-1,0,1.10462e+0,0,0,0,0,0,2.47956e+1,4.60681e+0,1.91833e-4,4.09284e-3,0,0,0,0,1.39553e+2
"Central Europe","MKD","Macedonia, the former Yugoslav Republic of",7.48182e-2,8.67350e-4,4.93491e-2,0,2.32401e-1,5.21257e-4,0,0,4.87862e+0,7.30887e+0,9.16391e+0,0,0,0,0,0,1.65933e-3,5.50000e-2,0,0,0,0,0,0,0,0,0,0,0,0,0,0,0,2.78380e+1,4.09142e+0,3.30000e-1,0,0,0,0,0,1.49360e-1,0,7.22544e-1,0,0,0,0,0,5.49099e+0,8.68192e+0,7.37657e-3,7.31388e-3,0,0,0,0,6.90850e+1
"Central Europe","MLT","Malta",4.19439e-3,0,0,0,6.84116e-2,0,0,0,9.19600e-3,0,0,0,0,0,0,0,0,0,0,0,0,0,0,0,0,0,0,0,0,0,0,0,0,1.73000e+0,7.06012e-1,0,0,0,0,0,0,1.30329e-3,0,0,0,0,0,0,0,8.20399e+0,3.92091e-1,0,0,0,0,0,0,1.11152e+1
"Central Europe","POL","Poland",1.53465e+0,1.94116e-1,3.83204e+0,0,6.18044e+0,2.84491e-2,1.75560e-3,3.51120e-3,2.11699e+2,1.94047e+3,1.57815e+2,0,0,0,0,0,1.27425e-1,5.41930e-1,0,0,0,0,0,0,0,0,0,0,0,0,0,0,0,5.58655e+2,1.18531e+2,0,0,0,0,0,0,6.56409e+0,0,1.11185e+0,0,0,0,0,0,3.51891e+2,9.08138e+1,2.10982e-1,8.04640e-1,0,0,0,0,3.45101e+3
"Central Europe","ROU","Romania",4.69246e-1,3.54735e-1,7.80213e-1,6.26999e-5,2.94852e+0,2.66642e-2,2.92600e-2,1.21220e-3,6.49692e+1,5.00546e+1,4.38002e+2,0,0,0,0,0,6.28191e-1,4.01291e-1,0,0,0,0,0,0,0,0,0,0,0,0,0,0,0,3.13334e+2,6.76177e+1,2.64000e-1,0,0,0,0,0,5.34117e+0,0,0,0,0,0,0,0,1.48485e+2,6.79182e+1,1.71465e-2,0,0,0,0,0,1.16164e+3
"Central Europe","SCG","Serbia and Montenegro",3.19221e-1,0,2.53935e-1,0,6.96828e-1,0,0,0,3.39325e+1,3.29070e+1,8.40722e+1,0,0,0,0,0,1.40754e-1,2.34500e-1,0,0,0,0,0,0,0,0,0,0,0,0,0,0,0,1.39857e+2,3.79233e+1,0,0,0,0,0,0,2.42658e+0,0,0,0,0,0,0,0,1.65632e+1,3.90456e+1,2.18303e-2,2.16448e-2,0,0,0,0,3.88416e+2
"Central Europe","SVK","Slovakia",2.56181e-1,5.95003e-2,6.56920e-1,0,6.07202e-1,0,0,2.31154e-2,2.55119e+0,9.34714e+0,3.71979e+1,0,0,0,0,0,8.23261e-2,3.53345e-1,0,0,0,0,0,0,0,0,0,0,0,0,0,0,0,7.14275e+1,1.29378e+1,0,0,0,0,0,0,1.00209e+0,0,3.76272e-1,0,0,0,0,0,3.63932e+1,4.65865e+1,1.99911e-1,1.74000e-1,0,0,0,0,2.20232e+2
"Central Europe","SVN","Slovenia",1.04478e-1,6.27000e-4,1.61919e-1,2.09000e-5,1.22731e+0,1.90817e-3,0,0,1.24466e+1,3.16367e+1,3.70202e+0,0,0,0,0,0,3.33054e-1,8.80000e-3,0,0,0,0,0,0,0,0,0,0,0,0,0,0,0,4.88566e+1,6.97230e+0,0,0,0,0,0,0,1.34150e-1,0,0,0,0,0,0,0,2.14004e+1,1.14758e+1,0,9.13428e-6,0,0,0,0,1.38463e+2
"Turkey","TUR","Turkey",1.83027e+0,1.21531e-1,1.97079e+0,1.50898e-2,8.45292e+0,2.91430e-2,7.28574e-2,1.71380e-3,1.10063e+2,1.71252e+2,1.40219e+2,0,0,0,0,0,4.92675e-1,3.81003e-1,0,0,0,0,0,0,0,0,0,0,0,0,0,0,0,7.89027e+2,2.00106e+2,1.84717e+1,0,0,0,0,0,3.05750e+1,0,2.82264e+0,0,0,0,0,0,9.33504e+2,3.13935e+2,0,9.88732e-1,0,0,0,0,2.72433e+3
"Ukraine +","BLR","Belarus",1.07178e+0,1.51336e-2,3.02048e-1,0,8.49702e-1,4.53179e-2,2.93076e-4,5.69405e-3,2.61435e+1,1.82900e-1,1.65050e+1,0,0,0,0,0,5.19744e-2,0,0,0,0,0,0,0,0,0,0,0,0,0,0,0,0,3.39353e+2,5.39006e+1,0,0,0,0,0,0,1.49444e+0,0,6.25416e-1,0,0,0,0,0,1.69018e+2,2.74646e+1,0,1.10722e-1,0,0,0,0,6.37140e+2
"Ukraine +","MDA","Moldova, Republic of",7.43402e-2,0,1.12568e-2,0,1.21885e-1,1.73470e-3,0,8.36000e-4,2.29307e+0,7.95615e+0,6.52078e+1,0,0,0,0,0,0,0,0,0,0,0,0,0,0,0,0,0,0,0,0,0,0,3.96124e+1,9.31159e+0,0,0,0,0,0,0,8.02470e-1,0,3.73152e+0,0,0,0,0,0,6.41927e+0,1.49106e+1,7.12609e-3,7.06552e-3,0,0,0,0,1.50469e+2
"Ukraine +","UKR","Ukraine",1.91016e+0,2.52476e-1,2.38582e+0,8.36000e-5,4.05791e+0,4.07655e-2,0,1.25024e-1,5.05521e+1,3.64313e+2,2.08253e+3,0,0,0,0,0,3.28793e-1,4.79229e+0,0,0,0,0,0,0,0,0,0,0,0,0,0,0,0,7.59162e+2,1.40271e+2,5.91721e+0,0,0,0,0,0,1.24316e+1,0,1.46117e+1,0,0,0,0,0,3.31814e+2,1.23526e+2,0,4.64604e-1,0,0,0,0,3.89948e+3
"Asia-Stan","KAZ","Kazakhstan",4.85224e-1,2.11575e-1,3.00954e+0,1.02434e-3,8.54230e-1,3.85730e-2,8.79228e-4,1.13044e-3,4.60268e+0,4.97751e+2,6.53890e+2,0,0,0,0,0,8.73300e-3,1.73878e+0,0,0,0,0,0,0,0,0,0,0,0,0,0,0,0,4.06265e+2,3.17770e+1,1.64653e+1,0,0,0,0,0,5.87525e+0,1.99570e-1,1.19760e+2,0,0,0,0,0,1.44944e+2,4.25756e+1,0,4.59808e-1,0,0,0,0,1.93091e+3
"Asia-Stan","KGZ","Kyrgyzstan",2.45265e-2,0,1.52570e-2,5.02416e-4,1.20061e-1,0,0,0,2.58569e-1,2.45167e+0,9.17599e+0,0,0,0,0,0,0,0,0,0,0,0,0,0,0,0,0,0,0,0,0,0,0,1.10663e+2,6.73092e+0,1.32056e+0,0,0,0,0,0,5.73907e-1,0,5.89488e-1,0,0,0,0,0,6.74937e+0,2.66467e+1,0,6.16956e-2,0,0,0,0,1.65382e+2
"Asia-Stan","TJK","Tajikistan",1.13462e-2,0,1.00000e-4,0,1.18386e+0,0,0,0,3.28757e-1,2.29489e-1,1.99068e+1,0,0,0,0,0,0,0,0,0,0,0,0,0,0,0,0,0,0,0,0,0,0,9.22945e+1,7.83187e+0,3.37873e+0,0,0,0,0,0,1.88607e-1,0,7.55112e-2,0,0,0,0,0,6.39618e+0,2.71058e+1,0,4.61572e-2,0,0,0,0,1.58978e+2
"Asia-Stan","TKM","Turkmenistan",2.25350e-1,2.32450e-1,1.00000e-4,0,6.82944e-1,0,0,0,2.13118e+0,0,8.59110e+2,0,0,0,0,0,6.28200e-5,0,0,0,0,0,0,0,0,0,0,0,0,0,0,0,0,1.92243e+2,1.21188e+1,8.32786e+0,0,0,0,0,0,6.44849e-1,0,7.64040e-1,0,0,0,0,0,9.74535e+0,2.74436e+1,0,1.06876e-1,0,0,0,0,1.11378e+3
"Asia-Stan","UZB","Uzbekistan",5.30758e-1,2.17192e-1,3.14861e-1,6.24911e-3,2.38023e+0,1.68266e-2,0,5.62210e-2,8.41153e+0,2.34042e+0,1.12478e+3,0,0,0,0,0,0,0,0,0,0,0,0,0,0,0,0,0,0,0,0,0,0,4.61799e+2,3.74531e+1,9.39858e+0,0,0,0,0,0,1.33705e+0,0,1.42644e+0,0,0,0,0,0,3.20643e+1,1.22204e+2,0,3.33494e-1,0,0,0,0,1.80507e+3
"Russia +","ARM","Armenia",2.74235e-2,0,1.42538e-2,0,1.34285e-1,0,0,0,8.99210e-2,0,5.90667e+1,0,0,0,0,0,0,0,0,0,0,0,0,0,0,0,0,0,0,0,0,0,0,3.83187e+1,5.87706e+0,0,0,0,0,0,0,1.27452e-1,0,8.24424e-2,0,0,0,0,0,1.18367e+1,4.99597e+0,0,8.15304e-2,0,0,0,0,1.20652e+2
"Russia +","AZE","Azerbaijan",1.49292e-1,6.03902e-2,9.25828e-2,0,5.00420e-1,0,0,1.42352e-3,7.26287e-1,0,2.11808e+2,0,0,0,0,0,1.05270e-2,0,0,0,0,0,0,0,0,0,0,0,0,0,0,0,0,1.74886e+2,2.68186e+1,1.18657e+0,0,0,0,0,0,6.30726e-1,0,5.92992e-1,0,0,0,0,0,2.35252e+1,4.80894e+1,0,1.69428e-1,0,0,0,0,4.89248e+2
"Russia +","GEO","Georgia",1.60983e-2,9.53040e-3,5.85284e-2,0,2.81274e-1,0,0,1.67200e-4,1.93254e+1,0,4.53889e+1,0,0,0,0,0,0,2.76100e-2,0,0,0,0,0,0,0,0,0,0,0,0,0,0,0,9.02661e+1,1.50679e+1,0,0,0,0,0,0,2.22397e-1,0,1.86254e-1,0,0,0,0,0,1.85684e+1,9.81658e+0,0,9.21976e-2,0,0,0,0,1.99327e+2
"Russia +","RUS","Russian Federation",1.67940e+1,2.07483e+0,5.23144e+0,9.69968e-2,2.33343e+1,3.08256e-1,3.54923e-1,1.16911e+0,4.77165e+2,2.03195e+3,1.37825e+4,0,0,0,0,0,6.53373e+0,4.87195e+0,0,0,0,0,0,0,0,0,0,0,0,0,0,0,0,2.25397e+3,3.85652e+2,4.44574e+1,0,0,0,0,0,2.79631e+1,5.75568e+2,3.15024e+2,0,0,0,0,0,1.62309e+3,8.12113e+2,0,0,0,0,0,0,2.23902e+4
"Middle_East","ARE","United Arab Emirates",1.83228e+0,8.13846e-2,6.99564e-1,0,2.68373e+0,0,0,0,3.73319e-1,2.10335e-1,8.80771e+2,0,0,0,0,0,0,0,0,0,0,0,0,0,0,0,0,0,0,0,0,0,0,2.46829e+1,1.43032e+0,0,0,0,0,0,0,4.67957e-4,0,0,0,0,0,0,0,2.23153e+1,1.64083e+1,0,2.62708e-1,0,0,0,0,9.51752e+2
"Middle_East","BHR","Bahrain",3.88553e-1,1.86506e-1,6.74234e-2,0,3.33674e-1,0,0,0,2.04820e-2,8.39480e-2,1.00310e+2,0,0,0,0,0,9.47881e-1,0,0,0,0,0,0,0,0,0,0,0,0,0,0,0,0,7.73980e-1,2.76576e-2,0,0,0,0,0,0,1.04290e-5,0,0,0,0,0,0,0,4.99993e+0,8.84341e+0,0,4.88216e-2,0,0,0,0,1.17032e+2
"Middle_East","IRN","Iran, Islamic Republic of",2.51054e+0,3.99644e-1,1.84996e+0,0,2.12092e+1,0,0,0,1.62683e+1,2.72355e+1,2.26980e+3,0,0,0,0,0,9.73207e-1,5.32730e-2,0,0,0,0,0,0,0,0,0,0,0,0,0,0,0,8.00831e+2,3.26423e+1,1.17062e+2,0,0,0,0,5.73936e-4,0,0,4.11048e-1,0,0,0,0,0,1.92644e+2,3.55978e+2,0,2.54828e+0,0,0,0,0,3.84242e+3
"Middle_East","IRQ","Iraq",2.56986e-1,1.09346e-1,7.53195e-1,0,5.42874e+0,0,0,0,1.07601e+0,1.37175e+0,7.61386e+2,0,0,0,0,0,8.58000e-3,0,0,0,0,0,0,0,0,0,0,0,0,0,0,0,0,1.00890e+2,4.68722e+0,2.27305e+1,0,0,0,0,0,1.54316e+0,0,9.83088e-1,0,0,0,0,0,7.38055e+1,8.83183e+1,0,5.43684e-1,0,0,0,0,1.06389e+3
"Middle_East","ISR","Israel",2.35888e-1,7.24547e-2,5.74332e-2,0,1.43809e+0,0,0,0,1.09629e+0,2.52780e-1,2.87305e+0,0,0,0,0,0,0,0,0,0,0,0,0,0,0,0,0,0,0,0,0,0,0,4.82433e+1,2.32164e+0,0,0,0,0,0,0,1.62609e-1,0,1.05490e-1,0,0,0,0,0,4.98643e+1,2.44847e+1,0,5.19324e-1,0,0,0,0,1.31727e+2
"Middle_East","JOR","Jordan",1.56788e-2,1.45413e-2,8.11756e-2,0,7.30333e-1,0,0,5.01600e-4,3.96175e-1,2.72887e+0,6.79110e+0,0,0,0,0,0,0,0,0,0,0,0,0,0,0,0,0,0,0,0,0,0,0,1.43916e+1,9.19679e-1,0,0,0,0,0,0,3.18679e-2,0,0,0,0,0,0,0,1.64607e+1,2.29170e+1,0,1.93874e-1,0,0,0,0,6.56730e+1
"Middle_East","KWT","Kuwait",4.61067e-1,3.92587e-1,1.23059e-1,0,1.27643e+0,0,0,0,3.19770e-2,2.11885e-1,4.33409e+2,0,0,0,0,0,2.14500e-1,0,0,0,0,0,0,0,0,0,0,0,0,0,0,0,0,5.27611e+0,1.55423e-1,0,0,0,0,0,0,2.45389e-3,0,0,0,0,0,0,0,2.11768e+1,1.25007e+1,0,1.88623e-1,0,0,0,0,4.75421e+2
"Middle_East","LBN","Lebanon",5.19843e-2,0,1.62518e-1,0,7.66195e-1,0,0,0,1.55216e+0,1.37175e+0,1.10250e+0,0,0,0,0,0,0,0,0,0,0,0,0,0,0,0,0,0,0,0,0,0,0,9.20504e+0,9.59434e-1,0,0,0,0,0,0,1.00382e-1,0,2.17378e-3,0,0,0,0,0,1.49967e+1,1.30865e+1,0,1.48446e-1,0,0,0,0,4.35058e+1
"Middle_East","OMN","Oman",4.93591e-1,3.21150e-1,1.41911e-1,0,6.07299e-1,0,0,0,4.22553e-1,3.68621e-1,5.34782e+2,0,0,0,0,0,0,0,0,0,0,0,0,0,0,0,0,0,0,0,0,0,0,2.32684e+1,9.69074e-1,0,0,0,0,0,0,3.96419e-3,0,0,0,0,0,0,0,1.20797e+1,9.73547e+0,0,1.40686e-1,0,0,0,0,5.83334e+2
"Middle_East","QAT","Qatar",5.57012e-1,3.66920e-1,8.55646e-2,7.22222e-3,3.76664e-1,0,0,0,3.05543e-2,6.30230e-2,6.14253e+2,0,0,0,0,0,1.80579e+0,0,0,0,0,0,0,0,0,0,0,0,0,0,0,0,0,3.39235e+0,2.47765e-1,0,0,0,0,0,0,2.53566e-3,0,0,0,0,0,0,0,5.75401e+0,1.39005e+1,0,6.12364e-2,0,0,0,0,6.40904e+2
"Middle_East","SAU","Saudi Arabia",4.41057e+0,1.43417e+0,1.35971e+0,1.32506e-2,9.18689e+0,0,0,0,3.35863e-1,2.77989e+0,1.69001e+3,0,0,0,0,0,1.01959e+1,0,0,0,0,0,0,0,0,0,0,0,0,0,0,0,0,8.01837e+1,5.05594e+0,0,0,0,0,0,0,1.69916e+0,0,0,0,0,0,0,0,1.38657e+2,1.03840e+2,0,1.38214e+0,0,0,0,0,2.05054e+3
"Middle_East","SYR","Syrian Arab Republic",2.67581e-1,5.00032e-2,3.10198e-1,3.78290e-3,1.50286e+0,0,0,0,7.43646e+0,9.14500e-2,3.19919e+2,0,0,0,0,0,0,0,0,0,0,0,0,0,0,0,0,0,0,0,0,0,0,1.09008e+2,3.94680e+0,0,0,0,0,0,0,4.15180e+0,0,2.69424e-1,0,0,0,0,0,3.57203e+1,5.98895e+1,0,3.81010e-1,0,0,0,0,5.42949e+2
"Middle_East","YEM","Yemen",1.98671e-2,4.23616e-2,5.10378e-2,0,1.47396e+0,0,0,0,3.35245e+0,4.66395e+0,7.88095e+1,0,0,0,0,0,0,0,0,0,0,0,0,0,0,0,0,0,0,0,0,0,0,1.26760e+2,5.66836e+0,0,0,0,0,0,0,5.29182e-1,0,0,0,0,0,0,0,9.74279e+0,6.55901e+1,0,1.23484e-1,0,0,0,0,2.96827e+2
"India +","AFG","Afghanistan",1.07418e-3,0,8.59440e-2,8.49759e-5,2.07151e-1,0,9.32008e-4,2.93814e-4,9.55915e+0,7.70853e+0,1.33764e+1,0,0,0,0,0,0,0,0,0,0,0,0,0,0,0,0,0,0,0,0,0,0,2.39131e+2,1.24955e+1,2.65310e+1,0,0,0,0,0,2.59866e-1,0,3.45576e-2,0,0,0,0,0,1.16527e+1,9.14863e+1,0,1.60290e-1,0,0,0,0,4.12691e+2
"India +","BGD","Bangladesh",3.65062e-1,5.03280e-3,2.17694e-1,0,8.80399e-1,2.53678e-2,5.89083e-2,0,1.72805e+2,2.68342e+1,1.93848e+2,0,0,0,0,0,0,0,0,0,0,0,0,0,0,0,0,0,0,0,0,0,0,8.54903e+2,7.40302e+1,2.18779e+3,0,0,0,0,1.14070e-1,1.38519e+1,3.06109e+1,0,0,0,0,0,0,1.65265e+2,5.94862e+2,0,0,0,0,0,0,4.31646e+3
"India +","BTN","Bhutan",4.36556e-4,0,8.52569e-3,4.37661e-4,2.71084e-2,0,2.29887e-4,6.48180e-5,1.54176e+1,3.05387e+0,4.96967e-3,0,0,0,0,0,0,1.76000e-2,0,0,0,0,0,0,0,0,0,0,0,0,0,0,0,1.31085e+1,1.35101e+0,0,0,0,0,0,0,1.10518e-1,3.36920e+0,0,0,0,0,0,0,5.70177e-1,8.10344e+0,0,5.54856e-3,0,0,0,0,4.51493e+1
"India +","IND","India",7.31830e+0,1.34231e+0,4.35967e+1,0,2.60510e+1,2.87093e-1,1.45422e-1,1.16622e-2,1.75093e+3,1.51270e+3,6.40923e+2,0,0,0,0,0,1.53364e+0,1.89866e+0,0,0,0,0,0,0,0,0,0,0,0,0,0,0,0,1.25616e+4,1.09397e+3,4.03288e+3,0,0,0,0,2.95656e+1,2.41628e+2,1.42834e+2,5.92272e+0,0,0,0,0,0,9.41245e+2,3.94903e+3,0,3.98299e+1,4.50000e+1,0,0,0,2.70703e+4
"India +","IOT","British Indian Ocean Territory",0,0,0,0,0,0,0,0,0,0,0,0,0,0,0,0,0,0,0,0,0,0,0,0,0,0,0,0,0,0,0,0,0,0,0,0,0,0,0,0,0,0,0,0,0,0,0,0,0,0,0,0,0,0,0,0,0,0,
"India +","LKA","Sri Lanka",4.31866e-2,3.84137e-3,1.62214e+0,3.03049e-3,1.02564e+0,4.85716e-3,1.75560e-3,4.18000e-4,2.22662e+1,4.48105e+0,5.41266e-1,0,0,0,0,0,0,0,0,0,0,0,0,0,0,0,0,0,0,0,0,0,0,6.17284e+1,5.22253e+0,2.07159e+2,0,0,0,0,5.28864e-1,2.19671e-1,0,0,0,0,0,0,0,4.11532e+1,9.44612e+1,0,0,0,0,0,0,4.40467e+2
"India +","MDV","Maldives",1.79360e-3,0,3.46533e-3,1.39500e-4,4.91059e-2,0,1.27034e-3,3.21642e-4,6.87802e-3,5.80630e-2,1.60104e-2,0,0,0,0,0,0,0,0,0,0,0,0,0,0,0,0,0,0,0,0,0,0,0,0,0,0,0,0,0,0,9.76238e-3,0,0,0,0,0,0,0,5.18067e-1,1.01673e+0,0,4.31792e-3,0,0,0,0,1.68593e+0
"India +","NPL","Nepal",0,0,2.01560e-1,0,2.01722e-1,0,0,0,6.05991e+1,6.06892e+0,0,0,0,0,0,0,0,0,0,0,0,0,0,0,0,0,0,0,0,0,0,0,0,4.32889e+2,3.83619e+1,3.51522e+2,0,0,0,0,3.98808e+0,9.41455e+0,3.91898e-1,0,0,0,0,0,0,5.82634e+0,1.01361e+2,0,0,0,0,0,0,1.01083e+3
"India +","PAK","Pakistan",4.67464e-1,5.47577e-2,4.44254e+0,0,3.82167e+0,4.82247e-2,0,6.86635e-3,1.83996e+2,5.67344e+1,1.00270e+3,0,0,0,0,0,0,0,0,0,0,0,0,0,0,0,0,0,0,0,0,0,0,2.80197e+3,2.02831e+2,6.39381e+2,0,0,0,0,2.16199e+0,8.13150e+0,0,3.34872e+0,0,0,0,0,0,1.50980e+2,6.04441e+2,0,1.85939e+0,0,0,0,0,5.66738e+3
"Korea","KOR","Korea, Republic of",1.83022e+0,4.39670e-1,5.29041e+0,4.45589e-2,1.77624e+1,5.49900e-2,3.31809e-1,3.33982e-2,2.47593e+1,7.01952e+1,1.66648e+2,0,0,0,0,0,1.94099e+0,2.66653e+0,0,0,0,0,0,0,0,0,0,0,0,0,0,0,0,2.05201e+2,2.17990e+1,3.59227e+2,0,0,0,0,0,3.11729e-1,0,1.76666e-1,0,0,0,0,0,1.59831e+2,4.27931e+2,0,0,0,0,0,0,1.46647e+3
"Korea","PRK","Korea, Democratic People's Republic of",7.80462e-2,5.68481e-4,4.69243e+0,0,3.67886e-1,0,0,0,6.41330e+1,4.26651e+2,1.56438e-1,0,0,0,0,0,1.65000e-2,9.90000e-3,0,0,0,0,0,0,0,0,0,0,0,0,0,0,0,4.86320e+1,7.54957e+0,1.38526e+2,0,0,0,0,0,2.64092e+0,0,4.87968e+0,0,0,0,0,0,3.91812e+1,1.10209e+2,1.70269e-1,0,0,0,0,0,8.47894e+2
"China +","CHN","China",1.20663e+1,3.10071e+0,6.75146e+1,9.98811e-2,5.12827e+1,1.85902e+0,2.08477e+0,8.19280e-3,3.24116e+3,1.35065e+4,1.42774e+3,0,0,0,0,0,1.28336e+1,1.99825e+1,0,0,0,0,0,0,0,0,0,0,0,0,0,0,0,8.87666e+3,1.40486e+3,1.26575e+4,0,0,0,0,5.55768e+0,1.39759e+1,4.86313e+0,1.86336e+1,0,0,0,0,0,2.46101e+3,6.17926e+3,1.66802e+1,5.13236e+0,9.00000e+1,0,0,0,5.00804e+4
"China +","HKG","Hong Kong",5.45949e-1,4.18000e-5,3.38789e-1,0,6.84132e-1,0,0,0,2.22376e-1,0,3.52588e+1,0,0,0,0,0,0,0,0,0,0,0,0,0,0,0,0,0,0,0,0,0,0,0,0,0,0,0,0,0,0,0,0,0,0,0,0,0,0,5.94156e+1,3.21096e+1,2.53298e-1,0,0,0,0,0,1.28829e+2
"China +","MAC","Macao",5.24051e-4,0,6.43105e-3,4.18536e-4,3.36856e-2,0,1.03749e-3,2.86452e-4,1.16634e-2,0,5.08898e-2,0,0,0,0,0,0,0,0,0,0,0,0,0,0,0,0,0,0,0,0,0,0,0,0,0,0,0,0,0,0,0,0,0,0,0,0,0,0,3.59718e+0,1.79237e+0,1.49547e-2,0,0,0,0,0,5.50944e+0
"China +","MNG","Mongolia",7.65709e-2,0,4.43996e-2,7.44944e-4,4.04951e-1,7.73300e-3,2.16449e-3,8.19894e-4,4.64362e+0,8.88145e+0,2.39739e-2,0,0,0,0,0,0,0,0,0,0,0,0,0,0,0,0,0,0,0,0,0,0,3.29495e+2,1.57646e+1,0,0,0,0,0,0,1.42451e-2,0,4.75584e+0,0,0,0,0,0,3.09710e+0,1.02985e+1,1.86006e-2,0,0,0,0,0,3.77531e+2
"China +","TWN","Taiwan_Province of China",2.20058e+0,2.60393e-1,2.80984e+0,6.06099e-3,1.22529e+1,7.11283e-3,1.24940e-1,0,1.02992e+0,5.49252e+0,3.81127e+1,0,0,0,0,0,4.46760e-1,8.99959e-1,0,0,0,0,0,0,0,0,0,0,0,0,0,0,0,1.83018e+1,3.25893e+1,0,0,0,0,0,1.40462e-1,0,0,0,0,0,0,0,0,1.42431e+2,1.15182e+2,6.45120e-1,0,0,0,0,0,3.72933e+2
"Southeastern Asia","BRN","Brunei Darussalam",1.46957e-1,6.88028e-2,1.36833e-2,0,2.35931e-1,0,0,0,4.85641e-2,2.22270e-2,1.85300e+2,0,0,0,0,0,0,0,0,0,0,0,0,0,0,0,0,0,0,0,0,0,0,4.28563e-1,2.48202e-1,1.14211e-1,0,0,0,0,0,4.18402e-3,2.23326e+0,0,0,0,0,0,0,2.08137e+0,1.69414e+0,5.60770e-2,1.91716e-2,0,0,0,0,1.92715e+2
"Southeastern Asia","KHM","Cambodia",6.21474e-4,0,4.79952e-2,1.53751e-3,8.17087e-2,0,9.65650e-5,1.64808e-4,4.51203e+1,7.86470e+0,7.43388e-4,0,0,0,0,0,0,0,0,0,0,0,0,0,0,0,0,0,0,0,0,0,0,1.69340e+2,2.30065e+1,3.71602e+2,0,0,0,0,4.16448e+1,1.83574e+1,2.03708e+1,0,0,0,0,0,0,8.14985e+0,5.50776e+1,2.54489e-1,8.70048e-2,0,0,0,0,7.61008e+2
"Southeastern Asia","LAO","Lao People's Democratic Republic",8.67996e-4,0,2.48360e-2,7.97702e-4,4.96825e-2,0,2.67113e-4,9.30060e-5,2.55096e+1,8.94811e+0,1.29852e-2,0,0,0,0,0,0,0,0,0,0,0,0,0,0,0,0,0,0,0,0,0,0,1.15503e+2,1.24676e+1,1.11462e+2,0,0,0,0,2.21225e+1,8.44431e+0,4.24102e+1,0,0,0,0,0,0,3.60791e+0,2.22116e+1,0,0,0,0,0,0,3.72776e+2
"Southeastern Asia","MMR","Myanmar",1.12814e-1,2.12835e-2,4.23559e-1,0,5.57230e-1,0,1.46538e-3,8.37360e-5,1.56667e+2,1.65737e+1,1.36485e+2,0,0,0,0,0,1.95500e-1,0,0,0,0,0,0,0,0,0,0,0,0,0,0,0,0,6.96228e+2,7.90405e+1,1.31279e+3,0,0,0,0,3.80736e+1,7.75025e+1,1.59739e+3,0,0,0,0,0,0,4.53468e+1,2.30944e+2,0,0,0,0,0,0,4.38835e+3
"Southeastern Asia","MYS","Malaysia",2.08304e+0,6.70095e-1,1.11188e+0,0,9.06289e+0,0,0,5.43400e-4,1.89915e+1,4.31130e+1,7.66647e+2,0,0,0,0,0,1.38920e+0,0,0,0,0,0,0,0,0,0,0,0,0,0,0,0,0,4.49262e+1,1.90065e+1,1.63558e+2,0,0,0,0,2.61984e+1,8.04709e+0,1.29826e+1,0,0,0,0,0,0,1.06764e+2,1.30129e+2,1.42540e+0,1.75433e+0,0,0,0,0,1.35786e+3
"Southeastern Asia","PHL","Philippines",1.61016e-1,1.09496e-1,1.88382e+0,6.24911e-3,3.96443e+0,0,1.63829e-1,0,1.72341e+2,1.08124e+2,1.81032e+1,0,0,0,0,0,1.27878e-3,3.32080e-1,0,0,0,0,0,0,0,0,0,0,0,0,0,0,0,3.94561e+2,8.00227e+1,9.81914e+2,0,0,0,0,2.15412e+0,6.22680e+1,0,0,0,0,0,0,0,1.93192e+2,4.02643e+2,0,3.48390e+0,0,0,0,0,2.42543e+3
"Southeastern Asia","SGP","Singapore",1.15829e-1,1.23048e-1,1.02828e-2,0,7.41877e-1,0,0,0,8.38654e-3,3.20075e+0,4.63941e+1,0,0,0,0,0,3.00912e-1,0,0,0,0,0,0,0,0,0,0,0,0,0,0,0,0,1.20225e-1,4.61572e-1,0,0,0,0,0,6.92160e-2,1.07722e-5,0,0,0,0,0,0,0,1.18985e+1,1.95148e+1,6.08147e+0,0,0,0,0,0,8.90410e+1
"Southeastern Asia","THA","Thailand",2.62680e+0,1.58127e-1,6.41815e+0,0,9.25559e+0,1.76939e-2,1.72639e-2,0,1.23535e+2,3.22199e+2,3.26399e+2,0,0,0,0,0,4.19640e-1,0,0,0,0,0,0,0,0,0,0,0,0,0,0,0,0,3.76405e+2,6.36943e+1,2.08662e+3,0,0,0,0,2.75952e+1,7.69866e+1,7.83292e+0,0,0,0,0,0,0,2.39257e+2,3.57714e+2,2.54024e+0,3.12645e+0,0,0,0,0,4.03282e+3
"Southeastern Asia","TLS","Timor-Leste",0,0,2.51784e-3,0,0,0,0,0,2.77111e-1,0,0,0,0,0,0,0,0,0,0,0,0,0,0,0,0,0,0,0,0,0,0,0,0,1.43021e+1,1.63410e+0,8.32786e+0,0,0,0,0,0,4.46456e-1,0,0,0,0,0,0,0,1.56721e-1,3.34126e+0,3.76482e-3,1.28712e-3,0,0,0,0,2.84932e+1
"Southeastern Asia","VNM","Viet Nam",2.58762e-1,0,1.36156e+0,1.98549e-3,2.73208e+0,0,0,2.48292e-2,2.24141e+2,3.93924e+2,1.06969e+2,0,0,0,0,0,0,0,0,0,0,0,0,0,0,0,0,0,0,0,0,0,0,4.05708e+2,1.39878e+2,1.78070e+3,0,0,0,0,1.10940e+1,7.90574e+1,1.43242e+0,0,0,0,0,0,0,8.29420e+1,3.85311e+2,0,0,0,0,0,0,3.61554e+3
"Indonesia +","IDN","Indonesia",1.65557e+0,1.59267e+0,1.37879e+1,1.15368e-2,1.78468e+1,0,5.66181e-1,0,3.61260e+2,4.95681e+2,1.36375e+3,0,0,0,0,0,7.91683e-1,2.09000e-2,0,0,0,0,0,0,0,0,0,0,0,0,0,0,0,9.18553e+2,8.31375e+1,2.34114e+3,0,0,0,0,1.19328e+1,1.83638e+2,1.82580e+1,0,1.80267e+3,0,0,0,0,7.18948e+2,1.32854e+3,8.41568e+0,1.03578e+1,0,0,0,0,9.68255e+3
"Indonesia +","PNG","Papua New Guinea",5.00791e-3,0,2.74923e-2,8.24381e-4,3.35580e-2,0,3.17942e-3,8.32089e-4,1.93727e+1,4.67852e-1,5.14823e+0,0,0,0,0,0,0,0,0,0,0,0,0,0,0,0,0,0,0,0,0,0,0,6.32829e+0,6.99631e+0,9.51754e-2,0,0,0,0,9.86016e-1,1.47001e-1,2.05197e+1,0,0,0,0,0,0,3.39111e+0,2.64484e+1,8.70396e-2,0,0,0,0,0,9.00587e+1
"Japan","JPN","Japan",8.84675e+0,5.41312e-1,1.38210e+1,7.57207e-2,1.64409e+1,3.85103e-2,1.29914e+0,0,2.22501e+1,1.14749e+2,3.99703e+1,0,0,0,0,0,4.79579e+0,7.21829e+0,0,0,0,0,0,0,0,0,0,0,0,0,0,0,0,5.14809e+2,1.91899e+2,7.66969e+2,0,0,0,0,0,6.25739e-1,3.40973e-2,2.90568e+0,0,0,0,0,0,2.13566e+2,2.22367e+2,5.46739e+1,6.90000e-1,0,0,0,0,2.19859e+3
"Oceania","ASM","American Samoa",0,0,0,0,0,0,0,0,2.16044e-5,0,0,0,0,0,0,0,0,0,0,0,0,0,0,0,0,0,0,0,0,0,0,0,0,1.62360e-2,1.25873e-1,0,0,0,0,0,0,9.84323e-6,0,0,0,0,0,0,0,2.95901e-1,7.11678e-2,0,0,0,0,0,0,5.09209e-1
"Oceania","ATF","French Southern Territories",0,0,0,0,0,0,0,0,0,0,0,0,0,0,0,0,0,0,0,0,0,0,0,0,0,0,0,0,0,0,0,0,0,0,0,0,0,0,0,0,0,0,0,0,0,0,0,0,0,0,0,0,0,0,0,0,0,0,
"Oceania","AUS","Australia",2.69681e+0,6.66501e-1,4.99002e+0,4.26568e-2,1.27065e+1,1.02347e-1,1.60930e-1,9.61400e-3,4.13408e+1,1.24731e+3,3.56988e+2,0,0,0,0,0,2.61491e-1,6.70390e-1,0,0,0,0,0,0,0,0,0,0,0,0,0,0,0,2.84849e+3,2.10687e+2,5.29762e+1,0,0,0,0,8.02296e+2,3.39839e+1,1.16296e+2,1.91314e+2,0,0,0,0,0,4.94302e+2,6.43182e+1,6.31675e-3,0,6.00000e-1,0,0,0,6.48322e+3
"Oceania","CCK","Cocos (Keeling) Islands",0,0,0,0,0,0,0,0,0,0,0,0,0,0,0,0,0,0,0,0,0,0,0,0,0,0,0,0,0,0,0,0,0,0,0,0,0,0,0,0,0,0,0,0,0,0,0,0,0,0,0,0,0,0,0,0,0,0,
"Oceania","COK","Cook Islands",0,0,3.48136e-3,0,0,0,0,0,1.32197e-3,0,0,0,0,0,0,0,0,0,0,0,0,0,0,0,0,0,0,0,0,0,0,0,0,6.22437e-2,1.14215e-1,0,0,0,0,0,0,6.02304e-4,0,0,0,0,0,0,0,0,2.46442e-2,0,0,0,0,0,0,2.06508e-1
"Oceania","CXR","Christmas Island",0,0,0,0,0,0,0,0,0,0,0,0,0,0,0,0,0,0,0,0,0,0,0,0,0,0,0,0,0,0,0,0,0,0,0,0,0,0,0,0,0,0,0,0,0,0,0,0,0,0,0,0,0,0,0,0,0,0,
"Oceania","FJI","Fiji",1.95590e-3,0,5.70380e-3,5.14371e-4,2.51456e-2,0,1.35228e-3,3.69219e-4,4.02306e-1,1.99175e-1,2.56489e-2,0,0,0,0,0,0,0,0,0,0,0,0,0,0,0,0,0,0,0,0,0,0,2.28907e+1,3.58348e+0,1.36383e+0,0,0,0,0,0,1.19949e-1,0,0,0,0,0,0,0,3.21315e+0,2.32119e+0,0,0,0,0,0,0,3.41544e+1
"Oceania","FSM","Micronesia, Federated States of",0,0,0,0,0,0,0,0,1.35721e-3,2.66910e-2,0,0,0,0,0,0,0,0,0,0,0,0,0,0,0,0,0,0,0,0,0,0,0,7.40667e-1,1.31745e-1,1.81844e-2,0,0,0,0,0,6.18365e-4,0,0,0,0,0,0,0,2.77495e-1,1.35729e-1,0,0,0,0,0,0,1.33249e+0
"Oceania","GUM","Guam",0,0,0,0,0,0,0,0,9.62625e-4,0,0,0,0,0,0,0,0,0,0,0,0,0,0,0,0,0,0,0,0,0,0,0,0,1.77148e-2,6.18062e-2,0,0,0,0,0,0,4.38582e-4,0,0,0,0,0,0,0,1.54832e+0,1.20191e+0,0,0,0,0,0,0,2.83115e+0
"Oceania","HMD","Heard Island and McDonald Islands",0,0,0,0,0,0,0,0,0,0,0,0,0,0,0,0,0,0,0,0,0,0,0,0,0,0,0,0,0,0,0,0,0,0,0,0,0,0,0,0,0,0,0,0,0,0,0,0,0,0,0,0,0,0,0,0,0,0,
"Oceania","KIR","Kiribati",4.88790e-5,0,3.67014e-4,5.98900e-5,1.07572e-3,0,3.09260e-5,9.42600e-6,5.81097e-3,2.55130e-2,7.95798e-4,0,0,0,0,0,0,0,0,0,0,0,0,0,0,0,0,0,0,0,0,0,0,1.08000e-2,2.98650e-2,0,0,0,0,0,0,2.15648e-3,0,0,0,0,0,0,0,2.48918e-1,2.97418e-1,0,0,0,0,0,0,6.22870e-1
"Oceania","MHL","Marshall Islands",0,0,0,0,0,0,0,0,0,0,0,0,0,0,0,0,0,0,0,0,0,0,0,0,0,0,0,0,0,0,0,0,0,0,0,0,0,0,0,0,0,0,0,0,0,0,0,0,0,2.24818e-1,7.02126e-2,0,0,0,0,0,0,2.95031e-1
"Oceania","MNP","Northern Mariana Islands",0,0,0,0,0,0,0,0,0,0,0,0,0,0,0,0,0,0,0,0,0,0,0,0,0,0,0,0,0,0,0,0,0,0,0,0,0,0,0,0,0,0,0,0,0,0,0,0,0,3.15465e-1,1.00649e-1,0,0,0,0,0,0,4.16114e-1
"Oceania","NCL","New Caledonia",1.23393e-3,0,7.65429e-3,4.90424e-5,3.43099e-2,0,8.01367e-4,2.56899e-4,2.39975e-2,4.19740e-2,4.08600e-2,0,0,0,0,0,0,0,0,0,0,0,0,0,0,0,0,0,0,0,0,0,0,6.49222e+0,7.78795e-1,0,0,0,0,0,0,2.27355e-3,0,0,0,0,0,0,0,1.85096e+0,2.68435e-1,0,0,0,0,0,0,9.54382e+0
"Oceania","NFK","Norfolk Island",0,0,0,0,0,0,0,0,0,0,0,0,0,0,0,0,0,0,0,0,0,0,0,0,0,0,0,0,0,0,0,0,0,0,0,0,0,0,0,0,0,0,0,0,0,0,0,0,0,0,4.07340e-3,0,0,0,0,0,0,4.07340e-3
"Oceania","NIU","Niue",0,0,0,0,0,0,0,0,9.61404e-5,3.72000e-4,0,0,0,0,0,0,0,0,0,0,0,0,0,0,0,0,0,0,0,0,0,0,0,9.47974e-3,2.44120e-2,0,0,0,0,0,0,4.38026e-5,0,0,0,0,0,0,0,6.40383e-3,3.31665e-3,0,0,0,0,0,0,4.41242e-2
"Oceania","NRU","Nauru",0,0,0,0,0,0,0,0,0,0,0,0,0,0,0,0,0,0,0,0,0,0,0,0,0,0,0,0,0,0,0,0,0,2.80000e-3,8.18133e-3,0,0,0,0,0,0,0,0,0,0,0,0,0,0,9.56639e-2,1.65616e-2,0,0,0,0,0,0,1.23207e-1
"Oceania","NZL","New Zealand",2.78881e-1,3.36017e-2,8.02467e-1,6.31180e-3,1.50520e+0,0,0,1.30416e-2,3.74233e+0,1.44186e+1,3.20455e+1,0,0,0,0,0,3.47990e+0,0,0,0,0,0,0,0,0,0,0,0,0,0,0,0,0,1.02453e+3,1.09207e+2,0,0,0,0,0,0,2.99158e-1,6.97642e-1,0,0,0,0,0,0,7.48979e+1,1.11222e+1,0,0,0,0,0,0,1.27708e+3
"Oceania","PCN","Pitcairn",0,0,0,0,0,0,0,0,0,0,0,0,0,0,0,0,0,0,0,0,0,0,0,0,0,0,0,0,0,0,0,0,0,0,0,0,0,0,0,0,0,0,0,0,0,0,0,0,0,0,1.03171e-3,0,0,0,0,0,0,1.03171e-3
"Oceania","PLW","Palau",0,0,0,0,0,0,0,0,0,0,0,0,0,0,0,0,0,0,0,0,0,0,0,0,0,0,0,0,0,0,0,0,0,0,0,0,0,0,0,0,0,0,0,0,0,0,0,0,0,0,6.37445e-2,0,0,0,0,0,0,6.37445e-2
"Oceania","PYF","French Polynesia",1.55591e-3,0,3.21063e-3,4.95780e-5,2.60424e-2,0,9.54681e-4,2.76933e-4,6.15591e-3,0,2.17724e-2,0,0,0,0,0,0,0,0,0,0,0,0,0,0,0,0,0,0,0,0,0,0,7.42001e-1,4.23347e-1,0,0,0,0,0,0,1.75902e-3,0,0,0,0,0,0,0,1.84678e+0,9.38556e-1,0,0,0,0,0,0,4.01246e+0
"Oceania","SLB","Solomon Islands",6.40701e-4,0,2.17570e-3,7.89369e-5,7.08340e-3,0,3.79757e-4,1.03731e-4,5.12665e-1,8.98070e-2,5.73843e-3,0,0,0,0,0,0,0,0,0,0,0,0,0,0,0,0,0,0,0,0,0,0,6.43294e+1,2.06315e+0,2.95496e-1,0,0,0,0,0,6.12286e-3,0,0,0,0,0,0,0,3.80612e-1,8.02844e-1,0,0,0,0,0,0,6.84963e+1
"Oceania","TKL","Tokelau",0,0,0,0,0,0,0,0,1.85680e-4,0,0,0,0,0,0,0,0,0,0,0,0,0,0,0,0,0,0,0,0,0,0,0,0,1.00000e-3,3.20383e-3,0,0,0,0,0,0,8.45978e-5,0,0,0,0,0,0,0,0,7.15999e-3,0,0,0,0,0,0,1.16341e-2
"Oceania","TON","Tonga",0,0,1.31587e-3,0,1.01319e-2,0,0,0,2.83446e-3,2.26920e-2,3.98383e-3,0,0,0,0,0,0,0,0,0,0,0,0,0,0,0,0,0,0,0,0,0,0,1.01165e+0,9.97451e-1,0,0,0,0,0,0,1.29141e-3,0,0,0,0,0,0,0,2.98354e-1,4.22541e-1,0,0,0,0,0,0,2.77224e+0
"Oceania","TUV","Tuvalu",0,0,0,0,0,0,0,0,0,0,0,0,0,0,0,0,0,0,0,0,0,0,0,0,0,0,0,0,0,0,0,0,0,1.32000e-2,4.01627e-2,0,0,0,0,0,0,0,0,0,0,0,0,0,0,2.64800e-2,7.37999e-2,0,0,0,0,0,0,1.53643e-1
"Oceania","VUT","Vanuatu",2.47918e-4,0,1.00574e-3,3.74144e-5,4.01980e-3,0,1.84870e-4,5.16180e-5,1.14698e-1,3.59290e-2,2.68535e-3,0,0,0,0,0,0,0,0,0,0,0,0,0,0,0,0,0,0,0,0,0,0,9.88105e+0,1.20490e+0,0,0,0,0,0,0,1.29224e-2,0,0,0,0,0,0,0,2.77527e-1,1.07841e+0,0,0,0,0,0,0,1.26137e+1
"Oceania","WLF","Wallis and Futuna",0,0,0,0,0,0,0,0,9.05508e-4,0,0,0,0,0,0,0,0,0,0,0,0,0,0,0,0,0,0,0,0,0,0,0,0,6.64232e-2,7.59984e-2,0,0,0,0,0,0,4.12560e-4,0,0,0,0,0,0,0,0,8.28437e-2,0,0,0,0,0,0,2.26583e-1
"Oceania","WSM","Samoa",2.67764e-4,0,9.76791e-4,2.75470e-4,1.11183e-2,0,2.24539e-4,7.49340e-5,2.50333e-1,3.22400e-2,4.61440e-3,0,0,0,0,0,0,0,0,0,0,0,0,0,0,0,0,0,0,0,0,0,0,1.77471e+0,2.46357e+0,0,0,0,0,0,0,1.13034e-3,0,0,0,0,0,0,0,3.10754e-1,1.06732e+0,0,0,0,0,0,0,5.91761e+0
"Antartica","ATA","Antarctica",0,0,0,0,0,0,0,0,0,0,0,0,0,0,0,0,0,0,0,0,0,0,0,0,0,0,0,0,0,0,0,0,0,0,0,0,0,0,0,0,0,0,0,0,0,0,0,0,0,0,0,0,0,0,0,0,0,0,
"Int. Shipping","SEA","Int. Shipping",0,0,0,0,0,0,0,0,0,0,1.23209e+1,0,4.11492e+1,0,0,0,0,0,0,0,0,0,0,0,0,0,0,0,0,0,0,0,0,0,0,0,0,0,0,0,0,0,0,0,0,0,0,0,0,0,0,0,0,0,0,0,0,5.34701e+1
"Int. Aviation","AIR","Int. Aviation",0,0,0,0,0,0,0,0,0,0,0,2.44619e+0,0,0,0,0,0,0,0,0,0,0,0,0,0,0,0,0,0,0,0,0,0,0,0,0,0,0,0,0,0,0,0,0,0,0,0,0,0,0,0,0,0,0,0,0,0,2.44619e+0

"TOTALS",,,1.96728e+2,4.55429e+1,3.92080e+2,2.22794e+0,6.62446e+2,5.75800e+0,1.00126e+1,2.64911e+0,1.14084e+4,3.28939e+4,5.81868e+4,2.44619e+0,4.11492e+1,0,0,0,1.25764e+2,6.61314e+1,0,0,0,0,0,0,0,0,0,0,0,0,0,0,0,9.18771e+4,1.09084e+4,3.30755e+4,0,0,0,0,6.71259e+3,1.39069e+3,7.89792e+3,1.01505e+3,1.80267e+3,0,0,0,0,2.63668e+4,2.82817e+4,1.25816e+2,2.40175e+2,1.50600e+2,0,0,0,03.13887e+5