"Content:","Emissions by country and main source category" 
"Compound:","CH4"
"Year: ","1986"
"Unit:","Gg CH4"
"Source:","European Commission, Joint Research Centre (JRC)/PBL Netherlands Environmental Assessment Agency. Emission Database for Global Atmospheric Research (EDGAR), release version 4.2. http://edgar.jrc.ec.europe.eu, 2010" 
"Dataset:","v4.2_EM_CH4_300911(edgar)"
"Date calculated:","November 30, 1999, 12:00 am"

,,,"Public electricity and heat production","Other Energy Industries","Manufacturing Industries and Construction","Domestic aviation","Road transportation","Rail transportation","Inland navigation","Other transportation","Residential and other sectors","Fugitive emissions from solid fuels","Fugitive emissions from oil and gas","Memo: International aviation","Memo: International navigation","Cement production","Lime production","Production of other minerals","Production of chemicals","Production of metals","Production of pulp/paper/food/drink","Production of halocarbons and SF6","Refrigeration and Air Conditioning","Foam Blowing","Fire Extinguishers","Aerosols","F-gas as Solvent","Semiconductor/Electronics Manufacture","Electrical Equipment","Other F-gas use","Non-energy use of lubricants/waxes (CO2)","Solvent and other product use: paint","Solvent and other product use: degrease","Solvent and other product use: chemicals","Solvent and other product use: other","Enteric fermentation","Manure management","Rice cultivation","Direct soil emissions","Manure in pasture/range/paddock","Indirect N2O from agriculture","Other direct soil emissions","Savanna burning","Agricultural waste burning","Forest fires","Grassland fires","Peat fires and decay of drained peatland","Other vegetation fires","Other biomass burning","Forest Fires-Post burn decay","Forest Land: net carbon stock change","Solid waste disposal on land","Wastewater handling","Waste incineration","Other waste handling","Fossil fuel fires","Indirect N2O from non-agricultural NOx","Indirect N2O from non-agricultural NH3","Other sources",

"World Region","ISO_A3","Country","1A1a","1A1bc","1A2","1A3a","1A3b","1A3c","1A3d","1A3e","1A4","1B1","1B2","1C1","1C2","2A1","2A2","2A7","2B","2C","2D","2E","2F1","2F2","2F3","2F4","2F5","2F7","2F8","2F9","2G","3A","3B","3C","3D","4A","4B","4C","4D1","4D2","4D3","4D4","4E","4F","5A","5C","5D","5F","5F1","5F2","5FL","6A","6B","6C","6D","7A","7B","7C","7D","TOTAL" 
"Canada","CAN","Canada",1.22506e+0,1.26291e+0,1.03360e+1,7.09662e-2,1.92307e+1,3.01460e-1,3.87153e-1,7.16781e-2,4.86481e+1,9.10545e+1,1.34650e+3,0,0,0,0,0,4.48651e+0,4.62580e-1,0,0,0,0,0,0,0,0,0,0,0,0,0,0,0,6.30668e+2,2.24783e+2,0,0,0,0,0,0,8.42747e+0,6.85296e+1,5.73120e+1,0,0,0,0,0,8.06936e+2,1.63126e+2,5.08404e+0,0,0,0,0,0,3.48890e+3
"USA","SPM","Saint Pierre and Miquelon",0,0,0,0,0,0,0,0,0,0,0,0,0,0,0,0,0,0,0,0,0,0,0,0,0,0,0,0,0,0,0,0,0,5.08594e-3,3.43732e-3,0,0,0,0,0,0,0,0,0,0,0,0,0,0,3.86739e-2,1.02630e-2,7.86637e-4,0,0,0,0,0,5.82468e-2
"USA","UMI","United States Minor Outlying Islands",0,0,0,0,0,0,0,0,0,0,0,0,0,0,0,0,0,0,0,0,0,0,0,0,0,0,0,0,0,0,0,0,0,0,0,0,0,0,0,0,0,0,0,0,0,0,0,0,0,0,0,0,0,0,0,0,0,0,
"USA","USA","United States",1.50442e+1,6.93925e+0,8.28651e+1,1.18160e+0,2.17537e+2,1.74291e+0,1.16322e+0,4.73862e-1,5.64821e+2,3.81205e+3,6.20032e+3,0,0,0,0,0,1.84991e+1,1.61196e+0,0,0,0,0,0,0,0,0,0,0,0,0,0,0,0,6.25621e+3,1.81879e+3,3.56038e+2,0,0,0,0,4.28448e-1,4.23745e+1,3.94085e+1,1.37834e+1,0,0,0,0,0,8.33831e+3,7.11591e+2,0,1.98000e-1,1.50000e+1,0,0,0,2.85164e+4
"Mexico","MEX","Mexico",1.99471e-1,1.13583e+0,4.43298e+0,0,1.86527e+1,1.01297e-1,0,0,7.11799e+1,5.17155e+1,1.24920e+3,0,0,0,0,0,1.14220e+0,3.51190e-1,0,0,0,0,0,0,0,0,0,0,0,0,0,0,0,2.24745e+3,1.57801e+2,2.51400e+1,0,0,0,0,3.32928e+1,2.90536e+1,8.51923e+1,1.86970e-1,0,0,0,0,0,2.35948e+2,4.18103e+2,0,0,0,0,0,0,4.63027e+3
"Rest Central America","ABW","Aruba",2.09461e-3,0,8.70066e-3,1.73950e-6,1.58601e-2,0,0,0,1.47585e-2,1.00786e-2,3.46249e-4,0,0,0,0,0,0,0,0,0,0,0,0,0,0,0,0,0,0,0,0,0,0,3.39370e-2,4.18740e-3,0,0,0,0,0,0,0,0,0,0,0,0,0,0,2.57243e-1,3.12183e-1,0,0,0,0,0,0,6.59391e-1
"Rest Central America","AIA","Anguilla",1.97490e-4,0,9.41070e-4,0,0,0,0,0,5.80000e-5,1.65991e-1,0,0,0,0,0,0,0,0,0,0,0,0,0,0,0,0,0,0,0,0,0,0,0,0,0,0,0,0,0,0,0,0,0,0,0,0,0,0,0,6.89347e-3,3.08113e-2,0,0,0,0,0,0,2.04892e-1
"Rest Central America","ANT","Netherlands Antilles",0,3.01703e-2,3.94398e-2,7.95492e-4,1.60696e-1,0,0,0,2.72142e-2,1.95776e-2,2.20181e+0,0,0,0,0,0,0,0,0,0,0,0,0,0,0,0,0,0,0,0,0,0,0,1.76900e-1,9.27000e-3,0,0,0,0,0,0,0,0,0,0,0,0,0,0,1.26346e+0,7.92637e-1,0,0,0,0,0,0,4.72197e+0
"Rest Central America","ATG","Antigua and Barbuda",2.87885e-3,0,7.95883e-3,1.00490e-5,8.19964e-3,0,0,0,1.97158e-2,0,1.01298e-2,0,0,0,0,0,0,0,0,0,0,0,0,0,0,0,0,0,0,0,0,0,0,1.22668e+0,2.54946e-2,0,0,0,0,0,0,1.40742e-3,0,0,0,0,0,0,0,1.93840e-1,2.80000e-1,0,0,0,0,0,0,1.77632e+0
"Rest Central America","BHS","Bahamas",1.37860e-2,0,3.13232e-2,5.23988e-4,5.39277e-2,0,0,0,1.79019e-1,6.03106e-2,1.65475e-1,0,0,0,0,0,0,0,0,0,0,0,0,0,0,0,0,0,0,0,0,0,0,1.87273e-1,2.37850e-2,0,0,0,0,0,0,9.47111e-3,0,0,0,0,0,0,0,3.89693e+0,1.07219e+0,0,0,0,0,0,0,5.69402e+0
"Rest Central America","BLZ","Belize",6.10046e-3,0,2.07866e-2,5.47100e-6,1.79977e-2,0,0,0,8.71335e-1,4.91050e-2,7.86521e-3,0,0,0,0,0,0,0,0,0,0,0,0,0,0,0,0,0,0,0,0,0,0,2.84124e+0,1.00189e-1,2.44995e-1,0,0,0,0,9.84864e-1,2.73109e-1,0,0,0,0,0,0,0,5.34759e-1,8.69176e-1,0,0,0,0,0,0,6.82153e+0
"Rest Central America","BMU","Bermuda",5.17533e-3,0,7.42785e-3,8.38835e-5,9.29389e-3,0,0,0,4.18184e-2,0,1.32457e-2,0,0,0,0,0,0,0,0,0,0,0,0,0,0,0,0,0,0,0,0,0,0,5.30773e-2,3.40860e-3,0,0,0,0,0,0,4.44139e-5,0,0,0,0,0,0,0,6.48390e-1,2.60946e-1,0,0,0,0,0,0,1.04291e+0
"Rest Central America","BRB","Barbados",1.04655e-2,1.67472e-4,3.20800e-2,4.13670e-5,2.86768e-2,0,0,0,4.78991e-2,2.62108e-2,4.27388e-1,0,0,0,0,0,0,0,0,0,0,0,0,0,0,0,0,0,0,0,0,0,0,1.53188e+0,8.43600e-2,0,0,0,0,0,0,2.68680e-1,0,0,0,0,0,0,0,1.19157e+0,1.49217e+0,0,0,0,0,0,0,5.14159e+0
"Rest Central America","CRI","Costa Rica",4.34607e-3,4.60323e-3,2.22067e-1,0,1.41671e-1,0,0,3.55458e-2,7.01581e+0,1.13988e+0,1.65239e-1,0,0,0,0,0,0,0,0,0,0,0,0,0,0,0,0,0,0,0,0,0,0,1.42014e+2,3.10724e+0,9.65570e+0,0,0,0,0,1.80509e+0,1.10396e+0,0,0,0,0,0,0,0,3.75707e+0,1.27177e+1,0,0,0,0,0,0,1.82890e+2
"Rest Central America","CUB","Cuba",1.25288e+0,1.05234e-2,3.72824e+0,0,1.13966e+0,1.25102e-2,1.03749e-1,0,3.61647e+1,6.93427e+0,4.03677e+0,0,0,0,0,0,0,0,0,0,0,0,0,0,0,0,0,0,0,0,0,0,0,2.87540e+2,9.81277e+0,7.37740e+1,0,0,0,0,1.30934e+1,2.06932e+1,2.86620e+0,0,0,0,0,0,0,4.73045e+1,6.50140e+1,0,0,0,0,0,0,5.73481e+2
"Rest Central America","CYM","Cayman Islands",1.54648e-3,0,2.72163e-3,3.21450e-6,3.18358e-3,0,0,0,1.11816e-2,0,3.47285e-3,0,0,0,0,0,0,0,0,0,0,0,0,0,0,0,0,0,0,0,0,0,0,1.24588e-1,6.62292e-3,0,0,0,0,0,0,2.89535e-6,0,0,0,0,0,0,0,4.78997e-1,9.54831e-2,0,0,0,0,0,0,7.27803e-1
"Rest Central America","DMA","Dominica",2.10301e-3,0,9.04521e-3,1.70250e-6,2.56500e-3,0,0,0,3.78896e-3,2.62108e-2,9.12059e-4,0,0,0,0,0,0,0,0,0,0,0,0,0,0,0,0,0,0,0,0,0,0,6.95487e-1,1.80260e-2,0,0,0,0,0,0,2.29040e-3,0,0,0,0,0,0,0,3.35328e-1,3.78455e-1,0,0,0,0,0,0,1.47421e+0
"Rest Central America","DOM","Dominican Republic",5.63545e-2,0,5.11628e-1,0,5.21937e-1,0,0,1.50725e-3,1.15295e+1,2.01379e+1,4.90327e-1,0,0,0,0,0,0,0,0,0,0,0,0,0,0,0,0,0,0,0,0,0,0,1.36057e+2,3.80327e+0,4.05202e+1,0,0,0,0,1.64652e+0,2.68295e+0,1.30506e+0,0,0,0,0,0,0,2.16338e+1,3.21384e+1,2.93825e-1,0,0,0,0,0,2.73331e+2
"Rest Central America","GLP","Guadeloupe",1.20425e-2,0,4.53555e-2,1.90399e-4,3.90783e-2,0,0,0,4.32812e-1,1.27576e-1,3.42519e-2,0,0,0,0,0,0,0,0,0,0,0,0,0,0,0,0,0,0,0,0,0,0,5.14002e+0,1.43829e-1,0,0,0,0,0,0,2.22254e-1,0,0,0,0,0,0,0,2.34731e+0,1.96352e+0,0,0,0,0,0,0,1.05082e+1
"Rest Central America","GRD","Grenada",2.87768e-3,0,1.16403e-2,9.42049e-6,2.54531e-3,0,0,0,6.72482e-3,9.49256e-2,2.26638e-3,0,0,0,0,0,0,0,0,0,0,0,0,0,0,0,0,0,0,0,0,0,0,3.64256e-1,1.27123e-2,0,0,0,0,0,0,3.80618e-3,0,0,0,0,0,0,0,2.12384e-1,4.42438e-1,0,0,0,0,0,0,1.15659e+0
"Rest Central America","GTM","Guatemala",5.96100e-2,1.97931e-3,2.66113e-1,0,2.57843e-1,0,0,0,2.96637e+1,2.37475e+0,6.88664e-1,0,0,0,0,0,0,0,0,0,0,0,0,0,0,0,0,0,0,0,0,0,0,1.17139e+2,3.14570e+0,2.30584e+0,0,0,0,0,7.65264e+0,3.05684e+0,9.27384e+0,0,0,0,0,0,0,8.34117e+0,3.43677e+1,0,0,0,0,0,0,2.18596e+2
"Rest Central America","HND","Honduras",1.50725e-3,1.33977e-3,2.96635e-1,0,1.27145e-1,0,0,0,1.40946e+1,6.64930e-1,5.34168e-2,0,0,0,0,0,0,0,0,0,0,0,0,0,0,0,0,0,0,0,0,0,0,1.33100e+2,3.78591e+0,2.19375e+0,0,0,0,0,1.01638e+1,1.30364e+0,9.66280e+0,0,0,0,0,0,0,3.03092e+0,1.81118e+1,0,0,0,0,0,0,1.96592e+2
"Rest Central America","HTI","Haiti",1.41933e-2,0,1.54577e-1,0,3.84122e-2,0,0,7.28502e-3,1.06012e+1,1.92830e+1,0,0,0,0,0,0,0,0,0,0,0,0,0,0,0,0,0,0,0,0,0,0,0,7.76856e+1,3.06985e+0,8.80702e+0,0,0,0,0,0,1.25392e+0,0,0,0,0,0,0,0,9.25182e+0,2.89963e+1,0,0,0,0,0,0,1.59163e+2
"Rest Central America","JAM","Jamaica",1.85894e-1,6.28020e-4,6.38069e-2,4.18681e-5,1.70822e-1,0,0,0,1.58162e+0,5.03447e+0,2.21136e-1,0,0,0,0,0,0,0,0,0,0,0,0,0,0,0,0,0,0,0,0,0,0,2.52855e+1,7.69467e-1,1.24419e-1,0,0,0,0,0,6.96549e-1,0,0,0,0,0,0,0,7.23282e+0,1.08399e+1,0,0,0,0,0,0,5.22071e+1
"Rest Central America","KNA","Saint Kitts and Nevis",1.52115e-3,0,5.17966e-3,1.93535e-5,2.28125e-3,0,0,0,1.20826e-1,0,1.10683e-3,0,0,0,0,0,0,0,0,0,0,0,0,0,0,0,0,0,0,0,0,0,0,3.89545e-1,9.83930e-3,0,0,0,0,0,0,7.71901e-2,0,0,0,0,0,0,0,3.92792e-1,2.74550e-1,0,0,0,0,0,0,1.27485e+0
"Rest Central America","LCA","Saint Lucia",4.39687e-3,0,1.59649e-2,3.19549e-6,8.43129e-3,0,0,0,2.56276e-2,2.84004e-2,3.25189e-3,0,0,0,0,0,0,0,0,0,0,0,0,0,0,0,0,0,0,0,0,0,0,8.69118e-1,3.11550e-2,0,0,0,0,0,0,7.85026e-3,0,0,0,0,0,0,0,1.24492e-1,5.81305e-1,0,0,0,0,0,0,1.70000e+0
"Rest Central America","MSR","Montserrat",4.47497e-4,0,1.38893e-3,1.91750e-6,1.78255e-3,0,0,0,2.12231e-3,0,4.75466e-4,0,0,0,0,0,0,0,0,0,0,0,0,0,0,0,0,0,0,0,0,0,0,5.78102e-1,1.26290e-2,0,0,0,0,0,0,3.50254e-5,0,0,0,0,0,0,0,7.86544e-3,4.90169e-2,0,0,0,0,0,0,6.53867e-1
"Rest Central America","MTQ","Martinique",1.28496e-2,0,4.31267e-2,1.15727e-4,2.36795e-2,0,0,0,8.21579e-2,1.28510e-1,2.97742e-2,0,0,0,0,0,0,0,0,0,0,0,0,0,0,0,0,0,0,0,0,0,0,2.83228e+0,9.16700e-2,0,0,0,0,0,0,7.93698e-2,0,0,0,0,0,0,0,3.71308e+0,1.73494e+0,0,0,0,0,0,0,8.77155e+0
"Rest Central America","NIC","Nicaragua",1.28633e-2,7.83614e-4,2.23724e-1,2.09339e-4,1.29162e-1,0,2.93076e-3,0,9.57927e+0,2.18477e+0,1.37995e-1,0,0,0,0,0,0,0,0,0,0,0,0,0,0,0,0,0,0,0,0,0,0,1.18584e+2,3.89354e+0,5.86067e+0,0,0,0,0,1.03447e+1,1.13747e+0,0,0,0,0,0,0,0,1.52081e+1,1.65033e+1,0,0,0,0,0,0,1.83804e+2
"Rest Central America","PAN","Panama",4.38696e-2,4.64637e-3,1.31549e-1,0,3.01196e-1,0,0,1.79614e-2,4.86637e+0,1.89980e-1,2.63878e-1,0,0,0,0,0,0,0,0,0,0,0,0,0,0,0,0,0,0,0,0,0,0,8.85921e+1,2.04808e+0,1.37870e+1,0,0,0,0,1.78241e+0,7.40542e-1,0,0,0,0,0,0,0,6.09025e+0,9.64613e+0,0,0,0,0,0,0,1.28506e+2
"Rest Central America","PRI","Puerto Rico",0,0,0,0,0,0,0,0,0,0,0,0,0,0,0,0,0,0,0,0,0,0,0,0,0,0,0,0,0,0,0,0,0,3.77940e+1,1.00451e+0,2.72217e-1,0,0,0,0,0,3.20145e-1,2.17933e-1,0,0,0,0,0,0,2.51708e+1,1.52952e+1,0,0,0,0,0,0,8.00748e+1
"Rest Central America","SLV","El Salvador",8.21995e-2,1.61847e-3,1.54870e-1,0,1.70592e-1,0,0,0,1.53334e+1,1.13988e+0,1.82436e-1,0,0,0,0,0,0,0,0,0,0,0,0,0,0,0,0,0,0,0,0,0,0,5.85857e+1,2.08612e+0,1.92153e+0,0,0,0,0,1.87550e-1,1.54428e+0,0,0,0,0,0,0,0,1.04063e+1,2.23010e+1,0,0,0,0,0,0,1.14097e+2
"Rest Central America","TCA","Turks and Caicos Islands",2.56140e-4,0,1.22049e-3,0,0,0,0,0,7.52000e-5,3.60640e-3,0,0,0,0,0,0,0,0,0,0,0,0,0,0,0,0,0,0,0,0,0,0,0,0,0,0,0,0,0,0,0,0,0,0,0,0,0,0,0,4.73842e-2,4.52468e-2,0,0,0,0,0,0,9.77893e-2
"Rest Central America","TTO","Trinidad and Tobago",1.83324e-1,9.70411e-2,1.08857e-2,0,5.49063e-1,0,0,0,6.78203e-1,1.48957e-1,1.22701e+2,0,0,0,0,0,7.60753e-1,0,0,0,0,0,0,0,0,0,0,0,0,0,0,0,0,4.12967e+0,2.11130e-1,3.25060e-1,0,0,0,0,0,3.48627e-1,0,0,0,0,0,0,0,7.63724e+0,1.52651e+1,0,0,0,0,0,0,1.53046e+2
"Rest Central America","VCT","Saint Vincent and the Grenadines",3.10522e-3,0,1.30413e-2,1.05050e-6,2.09763e-3,0,0,0,6.11913e-2,2.55668e-2,1.25874e-3,0,0,0,0,0,0,0,0,0,0,0,0,0,0,0,0,0,0,0,0,0,0,5.24694e-1,2.09650e-2,0,0,0,0,0,0,3.72413e-2,0,0,0,0,0,0,0,2.20461e-1,4.76569e-1,0,0,0,0,0,0,1.38619e+0
"Rest Central America","VGB","Virgin Islands_British",6.70568e-4,0,1.74012e-3,2.83599e-6,2.64657e-3,0,0,0,3.74078e-3,1.99640e-3,8.00833e-4,0,0,0,0,0,0,0,0,0,0,0,0,0,0,0,0,0,0,0,0,0,0,6.48086e-1,3.55025e-2,0,0,0,0,0,0,0,0,0,0,0,0,0,0,9.17706e-2,5.65575e-2,0,0,0,0,0,0,8.43515e-1
"Rest Central America","VIR","Virgin Islands_USA",0,0,0,0,0,0,0,0,0,0,0,0,0,0,0,0,0,0,0,0,0,0,0,0,0,0,0,0,0,0,0,0,0,4.05220e-2,7.99503e-3,0,0,0,0,0,0,9.25908e-2,0,0,0,0,0,0,0,8.60336e-1,4.86194e-1,0,0,0,0,0,0,1.48764e+0
"Brazil","BRA","Brazil",9.53474e-1,7.68864e+0,2.65678e+1,4.21192e-2,1.22966e+1,1.04756e-1,6.02271e-1,0,1.65206e+2,9.12868e+2,2.23189e+2,0,0,0,0,0,1.53783e+0,2.28991e+0,0,0,0,0,0,0,0,0,0,0,0,0,0,0,0,7.87674e+3,2.07665e+2,5.16888e+2,0,0,0,0,4.24104e+2,1.24704e+2,1.59832e+3,9.63336e-1,0,0,0,0,0,4.23667e+2,1.24133e+3,5.67536e+0,0,0,0,0,0,1.37734e+4
"Rest South America","ARG","Argentina",4.43644e-1,5.56216e-1,1.88411e+0,1.40676e-2,5.59560e+0,0,4.98229e-3,0,4.45993e+0,2.34956e+1,5.06536e+2,0,0,0,0,0,2.25360e-1,1.28550e-1,0,0,0,0,0,0,0,0,0,0,0,0,0,0,0,3.41291e+3,6.65353e+1,1.80944e+1,0,0,0,0,1.14300e+1,2.64748e+1,3.51115e+1,7.56264e+1,0,0,0,0,0,1.13639e+2,2.02949e+2,0,0,0,0,0,0,4.50612e+3
"Rest South America","BOL","Bolivia",4.68568e-2,2.99357e-2,1.69440e-1,1.82125e-3,3.21603e-1,1.73752e-3,0,0,1.29494e+1,3.79960e-1,9.78823e+1,0,0,0,0,0,0,0,0,0,0,0,0,0,0,0,0,0,0,0,0,0,0,3.23858e+2,8.88846e+0,1.47638e+1,0,0,0,0,1.23307e+2,1.80266e+0,2.67471e+2,0,0,0,0,0,0,9.10934e+0,2.93762e+1,0,0,0,0,0,0,8.90359e+2
"Rest South America","BVT","Bouvet Island",0,0,0,0,0,0,0,0,0,0,0,0,0,0,0,0,0,0,0,0,0,0,0,0,0,0,0,0,0,0,0,0,0,0,0,0,0,0,0,0,0,0,0,0,0,0,0,0,0,0,0,0,0,0,0,0,0,0,
"Rest South America","CHL","Chile",1.48170e-1,7.55411e-2,1.19027e+0,0,1.09519e+0,4.51757e-3,4.54268e-2,0,1.98608e+1,4.60831e+1,4.41285e+1,0,0,0,0,0,1.32000e-2,1.28700e-2,0,0,0,0,0,0,0,0,0,0,0,0,0,0,0,2.60662e+2,5.78347e+0,5.12409e+0,0,0,0,0,0,2.12950e+0,1.81387e+0,4.11360e+0,0,0,0,0,0,2.70153e+1,1.07542e+2,0,0,0,0,0,0,5.26842e+2
"Rest South America","COL","Colombia",2.02915e-1,1.48740e-1,1.77917e+0,0,4.26495e+0,3.81626e-3,1.17230e-2,0,5.43097e+1,3.82812e+1,1.91477e+2,0,0,0,0,0,4.01903e-2,2.73000e-2,0,0,0,0,0,0,0,0,0,0,0,0,0,0,0,1.41357e+3,3.51972e+1,9.96283e+1,0,0,0,0,2.04012e+1,9.83610e+0,9.27520e+1,0,0,0,0,0,0,4.78289e+1,1.49919e+2,0,0,0,0,0,0,2.15968e+3
"Rest South America","ECU","Ecuador",5.61471e-3,4.50915e-2,3.28454e-1,1.46538e-4,1.09160e+0,1.04251e-3,1.48296e-1,0,1.44024e+1,1.55784e+1,7.31320e+1,0,0,0,0,0,5.58000e-5,0,0,0,0,0,0,0,0,0,0,0,0,0,0,0,0,2.26909e+2,7.77356e+0,8.04155e+1,0,0,0,0,1.04573e+0,2.67864e+0,9.53700e-1,0,0,0,0,0,0,1.09247e+1,4.26908e+1,0,0,0,0,0,0,4.78125e+2
"Rest South America","FLK","Falkland Islands (Malvinas)",2.75910e-4,0,2.39166e-4,2.53999e-6,2.84158e-4,0,0,0,1.77235e-3,6.66540e-3,3.01033e-4,0,0,0,0,0,0,0,0,0,0,0,0,0,0,0,0,0,0,0,0,0,0,4.03309e+0,7.94569e-2,0,0,0,0,0,0,0,0,0,0,0,0,0,0,8.90332e-3,8.46457e-3,3.12682e-5,0,0,0,0,0,4.13948e+0
"Rest South America","GUF","French Guiana",3.68567e-3,0,1.18947e-2,9.31654e-5,7.36953e-3,0,0,0,1.66615e-1,1.68052e-1,2.42142e-2,0,0,0,0,0,0,0,0,0,0,0,0,0,0,0,0,0,0,0,0,0,0,9.43498e-1,3.73107e-2,4.16332e-1,0,0,0,0,0,8.10248e-3,6.03126e-1,0,0,0,0,0,0,5.05295e-1,4.42915e-1,1.89317e-3,0,0,0,0,0,3.34040e+0
"Rest South America","GUY","Guyana",3.05854e-2,0,9.34763e-2,1.15688e-4,3.91569e-2,0,0,0,3.30814e+0,1.51340e-3,2.87384e-2,0,0,0,0,0,0,0,0,0,0,0,0,0,0,0,0,0,0,0,0,0,0,6.62490e+0,3.14865e-1,2.99558e+1,0,0,0,0,2.74632e+0,1.22690e+0,1.56672e+1,0,0,0,0,0,0,1.07182e+0,4.02332e+0,3.45561e-3,0,0,0,0,0,6.51363e+1
"Rest South America","PER","Peru",1.06921e-1,8.89980e-2,6.27601e-1,6.28019e-5,1.26799e+0,0,3.54622e-2,0,3.61571e+1,6.89104e+0,4.86585e+1,0,0,0,0,0,3.00000e-4,1.48740e-1,0,0,0,0,0,0,0,0,0,0,0,0,0,0,0,3.06078e+2,1.01074e+1,6.12004e+1,0,0,0,0,8.00568e-1,3.69972e+0,3.39946e+1,0,0,0,0,0,0,3.48522e+1,9.53416e+1,0,0,0,0,0,0,6.40058e+2
"Rest South America","PRY","Paraguay",1.64541e-2,3.57400e-2,6.62938e-1,0,1.55687e-1,1.38164e-2,2.93076e-3,0,1.70570e+1,1.08289e+1,5.76749e-2,0,0,0,0,0,0,0,0,0,0,0,0,0,0,0,0,0,0,0,0,0,0,4.41455e+2,9.60163e+0,4.97997e+0,0,0,0,0,6.21744e+1,2.11589e+0,6.77423e+1,7.19760e+0,0,0,0,0,0,9.57519e+0,1.72904e+1,0,0,0,0,0,0,6.50963e+2
"Rest South America","SGS","South Georgia and the South Sandwich Islands",0,0,0,0,0,0,0,0,0,0,0,0,0,0,0,0,0,0,0,0,0,0,0,0,0,0,0,0,0,0,0,0,0,0,0,0,0,0,0,0,0,0,0,0,0,0,0,0,0,0,0,0,0,0,0,0,0,0,
"Rest South America","SUR","Suriname",1.69485e-2,0,4.90336e-2,5.17734e-5,3.10152e-2,0,0,0,2.00850e-1,5.63468e-1,5.89273e-1,0,0,0,0,0,0,0,0,0,0,0,0,0,0,0,0,0,0,0,0,0,0,3.67385e+0,2.09597e-1,3.10517e+1,0,0,0,0,0,2.51304e-1,1.20924e+1,0,0,0,0,0,0,1.27686e+0,2.19745e+0,4.45295e-3,0,0,0,0,0,5.22082e+1
"Rest South America","URY","Uruguay",2.27483e-2,1.69643e-3,3.16522e-1,2.51208e-4,2.21639e-1,0,0,3.01449e-3,4.57615e+0,2.86854e-1,2.80181e-1,0,0,0,0,0,0,3.30000e-4,0,0,0,0,0,0,0,0,0,0,0,0,0,0,0,7.00296e+2,1.39216e+1,3.36235e+1,0,0,0,0,0,9.24859e-1,0,0,0,0,0,0,0,1.47210e+1,1.52352e+1,0,0,0,0,0,0,7.84432e+2
"Rest South America","VEN","Venezuela",3.99284e-1,6.04499e-1,9.51115e-1,0,8.21913e+0,1.26839e-2,0,1.75846e-3,7.75895e+0,2.23719e+0,7.11743e+2,0,0,0,0,0,2.97169e-1,8.72300e-2,0,0,0,0,0,0,0,0,0,0,0,0,0,0,0,7.69543e+2,2.22144e+1,1.98558e+1,0,0,0,0,3.09384e+1,3.79802e+0,6.50944e+1,0,0,0,0,0,0,6.74950e+1,1.02682e+2,0,0,0,0,0,0,1.81393e+3
"Northern_Africa","DZA","Algeria",4.21059e-1,7.47713e-1,1.65044e-1,0,2.16774e+0,1.00776e-2,9.67151e-3,0,1.85447e+1,3.21472e+1,1.13978e+3,0,0,0,0,0,1.75116e-1,1.86900e-1,0,0,0,0,0,0,0,0,0,0,0,0,0,0,0,1.57905e+2,6.44267e+0,7.59907e-2,0,0,0,0,0,1.00178e-1,0,0,0,0,0,0,0,3.96018e+1,8.49633e+1,0,0,0,0,0,0,1.48344e+3
"Northern_Africa","EGY","Egypt",2.16645e-1,7.64796e-2,1.32127e+0,2.05152e-3,2.36508e+0,0,2.11014e-2,2.60000e-2,4.70183e+1,8.95272e+1,2.86551e+2,0,0,0,0,0,2.90400e-3,1.31680e-1,0,0,0,0,0,0,0,0,0,0,0,0,0,0,0,2.61071e+2,8.06061e+0,1.77220e+2,0,0,0,0,0,2.78161e-1,0,0,0,0,0,0,0,7.55058e+1,1.82306e+2,0,0,0,0,0,0,1.13170e+3
"Northern_Africa","ESH","Western Sahara",1.54031e-3,6.93797e-5,4.11231e-4,2.11215e-5,7.24992e-3,3.85120e-6,6.49600e-6,0,4.94690e-3,0,2.56986e-3,0,0,0,0,0,0,0,0,0,0,0,0,0,0,0,0,0,0,0,0,0,0,9.08262e+0,2.58339e-1,0,0,0,0,0,0,6.89310e-5,0,0,0,0,0,0,0,1.65931e-1,8.38631e-1,0,0,0,0,0,0,1.03624e+1
"Northern_Africa","LBY","Libyan Arab Jamahiriya",4.41590e-2,3.26113e-1,4.91531e-2,4.18681e-5,1.55593e+0,0,0,0,1.98469e+0,4.32671e+0,6.22636e+2,0,0,0,0,0,1.34970e+0,0,0,0,0,0,0,0,0,0,0,0,0,0,0,0,0,4.68362e+1,1.70615e+0,0,0,0,0,0,0,1.32192e-2,0,0,0,0,0,0,0,1.40386e+1,1.82581e+1,0,0,0,0,0,0,7.13125e+2
"Northern_Africa","MAR","Morocco",1.92287e-2,4.98229e-3,2.46979e-1,0,4.32537e-1,4.34381e-3,2.08084e-2,0,2.34588e+1,1.68198e+1,9.37337e+0,0,0,0,0,0,0,0,0,0,0,0,0,0,0,0,0,0,0,0,0,0,0,2.31017e+2,8.00925e+0,7.43387e-1,0,0,0,0,0,2.81617e-1,0,0,0,0,0,0,0,2.96858e+1,9.12572e+1,0,0,0,0,0,0,4.11375e+2
"Northern_Africa","TUN","Tunisia",7.15753e-2,2.72236e-3,8.54945e-2,0,2.84335e-1,6.60257e-3,1.26022e-2,0,6.52463e+0,9.30902e+0,4.43236e+1,0,0,0,0,0,0,1.35100e-2,0,0,0,0,0,0,0,0,0,0,0,0,0,0,0,7.30542e+1,3.00596e+0,0,0,0,0,0,0,3.40860e-2,0,0,0,0,0,0,0,1.48826e+1,2.78986e+1,0,0,0,0,0,0,1.79510e+2
"Western_Africa","BEN","Benin",7.53624e-4,0,1.13044e-3,0,1.16136e-1,0,0,0,1.87719e+1,1.25387e+1,8.14706e-1,0,0,0,0,0,0,0,0,0,0,0,0,0,0,0,0,0,0,0,0,0,0,3.68298e+1,2.38779e+0,1.16464e+0,0,0,0,0,2.62464e+1,3.15616e-1,5.92450e+1,0,0,0,0,0,0,2.60509e+0,1.88681e+1,0,0,0,0,0,0,1.79906e+2
"Western_Africa","BFA","Burkina Faso",1.67233e-3,7.53266e-5,5.20629e-4,1.90003e-4,4.99838e-2,4.18320e-6,7.05600e-6,0,3.08403e+1,2.67514e+1,7.06361e-3,0,0,0,0,0,0,0,0,0,0,0,0,0,0,0,0,0,0,0,0,0,0,1.66945e+2,7.43885e+0,3.73345e+0,0,0,0,0,2.47200e+1,7.86812e-1,0,0,0,0,0,0,0,1.54864e+0,3.14711e+1,0,0,0,0,0,0,2.94295e+2
"Western_Africa","CAF","Central African Republic",9.81420e-4,4.42058e-5,2.03664e-4,1.11289e-4,1.95743e-2,2.45265e-6,4.13700e-6,0,1.07831e+1,2.84954e+0,3.47043e-3,0,0,0,0,0,0,0,0,0,0,0,0,0,0,0,0,0,0,0,0,0,0,8.16431e+1,2.84073e+0,1.38766e+0,0,0,0,0,9.03624e+2,1.40416e-1,2.48309e+2,0,0,0,0,0,0,3.94022e+0,1.13306e+1,0,0,0,0,0,0,1.26687e+3
"Western_Africa","CIV","Cote d'Ivoire",5.69344e-3,4.27690e-3,1.63285e-2,0,2.88478e-1,2.43253e-3,1.02576e-2,0,2.65031e+1,4.41703e+1,2.60653e+0,0,0,0,0,0,0,0,0,0,0,0,0,0,0,0,0,0,0,0,0,0,0,4.04233e+1,2.05340e+0,2.29954e+1,0,0,0,0,1.46184e+1,9.26227e-1,2.01797e+2,0,0,0,0,0,0,1.68239e+1,4.10696e+1,0,0,0,0,0,0,4.14315e+2
"Western_Africa","CMR","Cameroon",1.63285e-3,0,8.16426e-3,0,4.83758e-1,0,0,0,2.47491e+1,6.74429e+0,1.99899e+2,0,0,0,0,0,0,0,0,0,0,0,0,0,0,0,0,0,0,0,0,0,0,1.73488e+2,7.03015e+0,3.30394e+0,0,0,0,0,9.53520e+1,5.65979e-1,9.77500e+1,0,0,0,0,0,0,1.63075e+1,4.82306e+1,0,0,0,0,0,0,6.73914e+2
"Western_Africa","COD","Congo_the Democratic Republic of the",4.39614e-3,5.02416e-4,5.14558e-2,0,2.10807e-1,0,0,0,1.39217e+2,7.70083e+0,4.32131e+0,0,0,0,0,0,0,0,0,0,0,0,0,0,0,0,0,0,0,0,0,0,0,4.26209e+0,2.06396e-1,6.49225e+1,0,0,0,0,5.40624e+2,3.24908e+0,1.37727e+3,0,0,0,0,0,0,4.04049e+1,1.26864e+2,0,0,0,0,0,0,2.30931e+3
"Western_Africa","COG","Congo",1.25604e-4,1.25604e-4,1.38164e-3,6.90822e-4,9.21054e-2,0,0,0,3.51301e+0,1.71932e+1,5.94319e+1,0,0,0,0,0,0,0,0,0,0,0,0,0,0,0,0,0,0,0,0,0,0,6.74658e+1,3.12854e+0,1.46199e-1,0,0,0,0,1.18939e+1,1.47324e-1,5.77198e+1,0,0,0,0,0,0,3.77502e+0,9.68285e+0,0,0,0,0,0,0,2.34192e+2
"Western_Africa","CPV","Cape Verde",4.43202e-4,1.99615e-5,7.88910e-5,1.21825e-5,4.37079e-3,1.10805e-6,1.86900e-6,0,2.35753e-2,7.53480e-3,8.37789e-4,0,0,0,0,0,0,0,0,0,0,0,0,0,0,0,0,0,0,0,0,0,0,9.38638e-1,2.22822e-1,0,0,0,0,0,0,1.46259e-2,0,0,0,0,0,0,0,3.18038e-1,1.47110e+0,0,0,0,0,0,0,3.00210e+0
"Western_Africa","GAB","Gabon",5.14976e-3,0,1.69984e-2,0,6.56631e-2,0,0,0,1.57971e+0,7.40729e-1,1.04531e+2,0,0,0,0,0,0,0,0,0,0,0,0,0,0,0,0,0,0,0,0,0,0,1.88081e+0,2.33059e-1,4.79071e-2,0,0,0,0,2.73624e-1,3.35140e-2,4.71566e+0,0,0,0,0,0,0,3.38386e+0,4.09606e+0,0,0,0,0,0,0,1.21604e+2
"Western_Africa","GHA","Ghana",1.00483e-3,1.29791e-3,3.33812e-1,0,4.29505e-1,2.08503e-3,4.10306e-3,0,4.63418e+1,3.13467e+1,2.41929e-1,0,0,0,0,0,0,0,0,0,0,0,0,0,0,0,0,0,0,0,0,0,0,5.36932e+1,2.63916e+0,1.25715e+1,0,0,0,0,6.65424e+1,6.14552e-1,1.98043e+1,0,0,0,0,0,0,1.58344e+1,5.53211e+1,0,0,0,0,0,0,3.05723e+2
"Western_Africa","GIN","Guinea",3.14172e-3,1.23388e-4,1.80430e-3,2.32833e-4,1.00006e-1,6.85165e-6,1.15570e-5,0,3.33738e+1,1.58059e+1,1.36367e-2,0,0,0,0,0,0,0,0,0,0,0,0,0,0,0,0,0,0,0,0,0,0,3.22105e+1,1.18631e+0,6.76981e+1,0,0,0,0,5.69040e+1,5.04352e-1,7.44940e+1,0,0,0,0,0,0,4.68692e+0,2.27459e+1,0,0,0,0,0,0,3.09729e+2
"Western_Africa","GMB","Gambia",1.15610e-3,5.20742e-5,1.99839e-4,3.00190e-5,2.99807e-2,2.89255e-6,4.87900e-6,0,1.40919e+0,2.38547e+0,2.32232e-3,0,0,0,0,0,0,0,0,0,0,0,0,0,0,0,0,0,0,0,0,0,0,1.20500e+1,4.76980e-1,2.51100e+0,0,0,0,0,2.99232e+0,3.19703e-2,0,0,0,0,0,0,0,6.84535e-1,2.96075e+0,0,0,0,0,0,0,2.55360e+1
"Western_Africa","GNB","Guinea-Bissau",4.33655e-4,1.95299e-5,1.52982e-4,2.33625e-5,8.65893e-3,1.08315e-6,1.82700e-6,0,1.64700e+0,6.38848e-2,1.43216e-3,0,0,0,0,0,0,0,0,0,0,0,0,0,0,0,0,0,0,0,0,0,0,1.27325e+1,7.24203e-1,9.08584e+0,0,0,0,0,5.26560e+0,9.80736e-2,0,0,0,0,0,0,0,5.83818e-1,3.62760e+0,0,0,0,0,0,0,3.38392e+1
"Western_Africa","GNQ","Equatorial Guinea",2.76292e-4,3.61672e-5,1.35747e-4,3.05090e-5,7.27801e-3,2.00860e-6,3.38800e-6,0,1.56770e+0,5.02867e-1,9.35675e-1,0,0,0,0,0,0,0,0,0,0,0,0,0,0,0,0,0,0,0,0,0,0,3.48589e-1,2.01150e-2,0,0,0,0,0,0,7.29070e-3,0,0,0,0,0,0,0,3.49515e-1,1.16479e+0,0,0,0,0,0,0,4.90431e+0
"Western_Africa","LBR","Liberia",6.17696e-3,2.42592e-4,2.04213e-3,2.05568e-4,1.17852e-1,1.34750e-5,2.27290e-5,0,9.80685e+0,8.08755e+0,1.70240e-2,0,0,0,0,0,0,0,0,0,0,0,0,0,0,0,0,0,0,0,0,0,0,3.89291e+0,3.29920e-1,3.85289e+0,0,0,0,0,7.19952e-1,2.59173e-1,6.01297e-2,0,0,0,0,0,0,2.28546e+0,9.32230e+0,0,0,0,0,0,0,3.87607e+1
"Western_Africa","MLI","Mali",2.17071e-3,9.77740e-5,4.22169e-4,6.45609e-5,6.74549e-2,5.42820e-6,9.15600e-6,0,1.36881e+1,5.69940e-1,5.18602e-3,0,0,0,0,0,0,0,0,0,0,0,0,0,0,0,0,0,0,0,0,0,0,2.12250e+2,8.40515e+0,3.15526e+1,0,0,0,0,3.69288e+1,5.03017e-1,2.35600e+1,0,0,0,0,0,0,3.31052e+0,3.36156e+1,0,0,0,0,0,0,3.64459e+2
"Western_Africa","MRT","Mauritania",1.51744e-3,5.88843e-5,8.71976e-4,1.01785e-4,5.96328e-2,7.99820e-6,5.51600e-6,0,3.95959e+0,6.73840e+0,7.08927e-3,0,0,0,0,0,0,0,0,0,0,0,0,0,0,0,0,0,0,0,0,0,0,1.17057e+2,5.08548e+0,1.09030e+0,0,0,0,0,5.47032e-3,9.59301e-2,0,0,0,0,0,0,0,1.47620e+0,8.68009e+0,0,0,0,0,0,0,1.44257e+2
"Western_Africa","NER","Niger",4.03405e-3,1.40863e-4,3.45902e-3,2.42180e-5,3.07264e-2,1.25097e-4,1.31950e-5,0,1.86720e+1,2.27599e+1,5.14172e-3,0,0,0,0,0,0,0,0,0,0,0,0,0,0,0,0,0,0,0,0,0,0,1.06897e+2,5.06086e+0,4.55943e+0,0,0,0,0,7.93464e-1,7.69347e-1,0,0,0,0,0,0,0,2.10471e+0,2.86314e+1,0,0,0,0,0,0,1.90292e+2
"Western_Africa","NGA","Nigeria",1.90921e-1,9.49189e-2,1.34271e-1,0,3.16676e+0,1.65902e-2,1.72914e-2,0,1.81983e+2,5.90897e+1,9.80500e+2,0,0,0,0,0,0,0,0,0,0,0,0,0,0,0,0,0,0,0,0,0,0,7.39727e+2,2.53038e+1,1.11983e+2,0,0,0,0,8.85384e+1,5.86534e+0,1.30295e+1,0,0,0,0,0,0,3.86274e+1,3.23310e+2,0,0,0,0,0,0,2.57158e+3
"Western_Africa","SEN","Senegal",1.28865e-3,8.55102e-4,1.73187e-2,0,1.11535e-1,6.95009e-4,1.02577e-2,0,1.60788e+1,2.87820e+1,3.15943e-1,0,0,0,0,0,0,0,0,0,0,0,0,0,0,0,0,0,0,0,0,0,0,1.10548e+2,4.92482e+0,1.18116e+1,0,0,0,0,2.24278e+1,2.53709e-1,0,0,0,0,0,0,0,8.18912e+0,3.11448e+1,0,0,0,0,0,0,2.34618e+2
"Western_Africa","SHN","Saint Helena",7.72110e-6,1.60190e-6,5.10600e-6,6.97200e-6,3.33691e-4,7.47000e-8,0,0,1.53496e-4,0,1.56015e-6,0,0,0,0,0,0,0,0,0,0,0,0,0,0,0,0,0,0,0,0,0,0,6.31840e-2,4.99719e-3,0,0,0,0,0,0,0,0,0,0,0,0,0,0,6.33642e-3,3.06924e-2,0,0,0,0,0,0,1.05720e-1
"Western_Africa","SLE","Sierra Leone",4.99833e-3,1.96303e-4,1.51069e-3,1.76264e-4,3.80790e-2,1.09021e-5,1.83890e-5,0,1.75068e+1,1.65276e+1,1.19660e-2,0,0,0,0,0,0,0,0,0,0,0,0,0,0,0,0,0,0,0,0,0,0,1.18355e+1,5.63385e-1,3.46705e+1,0,0,0,0,1.33034e+1,4.07170e-1,7.14476e+0,0,0,0,0,0,0,3.21196e+0,1.52683e+1,0,0,0,0,0,0,1.20496e+2
"Western_Africa","STP","Sao Tome and Principe",3.57410e-4,1.60979e-5,6.04260e-5,5.36749e-6,3.28441e-3,8.92250e-7,1.50500e-6,0,2.69398e-3,4.29065e-1,4.94047e-4,0,0,0,0,0,0,0,0,0,0,0,0,0,0,0,0,0,0,0,0,0,0,1.68026e-1,1.49261e-2,0,0,0,0,0,0,1.13133e-3,0,0,0,0,0,0,0,1.62571e-1,4.31605e-1,0,0,0,0,0,0,1.21424e+0
"Western_Africa","TCD","Chad",1.61008e-3,7.25213e-5,2.92398e-4,3.44171e-5,1.23225e-2,4.02550e-6,6.79000e-6,0,1.60686e+1,2.05647e+1,3.96044e-3,0,0,0,0,0,0,0,0,0,0,0,0,0,0,0,0,0,0,0,0,0,0,1.75691e+2,6.74841e+0,3.03963e+0,0,0,0,0,1.12884e+2,3.04493e-1,0,0,0,0,0,0,0,2.23737e+0,2.18965e+1,0,0,0,0,0,0,3.59453e+2
"Western_Africa","TGO","Togo",1.38164e-3,0,0,0,6.99009e-2,0,0,0,1.61551e+1,1.70032e+1,0,0,0,0,0,0,0,0,0,0,0,0,0,0,0,0,0,0,0,0,0,0,0,1.81850e+1,1.08204e+0,2.84139e+0,0,0,0,0,2.64024e+1,2.07430e-1,1.15036e+1,0,0,0,0,0,0,2.42923e+0,1.43065e+1,0,0,0,0,0,0,1.10187e+2
"Eastern_Africa","BDI","Burundi",4.31795e-4,1.94469e-5,1.31568e-4,4.16001e-5,1.86512e-2,1.07900e-6,1.82000e-6,0,1.87164e+1,1.45486e+1,2.07477e-3,0,0,0,0,0,0,0,0,0,0,0,0,0,0,0,0,0,0,0,0,0,0,2.18287e+1,8.00075e-1,1.12499e+0,0,0,0,0,0,3.76112e-1,0,0,0,0,0,0,0,3.52788e-1,1.82285e+1,0,0,0,0,0,0,7.59975e+1
"Eastern_Africa","COM","Comoros",8.08137e-5,1.05784e-5,4.31490e-5,1.57565e-5,3.45528e-3,5.85150e-7,9.87000e-7,0,1.89084e-2,1.55745e+0,5.26309e-4,0,0,0,0,0,0,0,0,0,0,0,0,0,0,0,0,0,0,0,0,0,0,2.15979e+0,1.06387e-1,2.11452e+0,0,0,0,0,0,1.03155e-2,0,0,0,0,0,0,0,3.65678e-1,1.79957e+0,0,0,0,0,0,0,8.13675e+0
"Eastern_Africa","DJI","Djibouti",1.65386e-3,7.44925e-5,1.56815e-3,4.98344e-5,1.10011e-2,4.13755e-6,6.97900e-6,0,3.14621e-2,1.80510e+0,9.10952e-3,0,0,0,0,0,0,0,0,0,0,0,0,0,0,0,0,0,0,0,0,0,0,1.08811e+1,4.61800e-1,0,0,0,0,0,0,1.81743e-6,0,0,0,0,0,0,0,6.50014e-1,1.87423e+0,0,0,0,0,0,0,1.57272e+1
"Eastern_Africa","ERI","Eritrea",4.37628e-4,6.69888e-4,1.66812e-3,0,1.49249e-2,0,0,0,5.97948e+0,7.92387e+0,1.17397e-1,0,0,0,0,0,0,0,0,0,0,0,0,0,0,0,0,0,0,0,0,0,0,6.46096e+1,2.32549e+0,0,0,0,0,0,1.64558e+0,1.00869e-1,0,0,0,0,0,0,0,6.73041e-1,1.09305e+1,0,0,0,0,0,0,9.43236e+1
"Eastern_Africa","ETH","Ethiopia",2.70048e-3,2.51208e-4,1.10179e-2,0,1.36062e-1,0,0,0,1.26298e+2,9.59399e+0,8.15248e-2,0,0,0,0,0,0,0,0,0,0,0,0,0,0,0,0,0,0,0,0,0,0,1.17748e+3,4.73784e+1,0,0,0,0,0,1.75939e+2,4.86761e+0,0,0,0,0,0,0,0,8.37444e+0,1.73600e+2,0,0,0,0,0,0,1.72377e+3
"Eastern_Africa","KEN","Kenya",1.53400e-3,3.57162e-3,5.83640e-2,5.98712e-3,4.53804e-1,6.85378e-3,2.93076e-3,0,5.59518e+1,1.52174e+2,5.35226e-1,0,0,0,0,0,0,0,0,0,0,0,0,0,0,0,0,0,0,0,0,0,0,5.38585e+2,1.76881e+1,2.39536e+0,0,0,0,0,3.00192e+0,9.27658e-1,0,0,0,0,0,0,0,5.30627e+0,7.93695e+1,0,0,0,0,0,0,8.56468e+2
"Eastern_Africa","MDG","Madagascar",5.64514e-3,2.52486e-4,1.51105e-3,2.25242e-4,9.49357e-2,2.44290e-5,2.36600e-5,0,2.07769e+1,2.13663e+1,1.17579e-2,0,0,0,0,0,0,0,0,0,0,0,0,0,0,0,0,0,0,0,0,0,0,3.54267e+2,1.24179e+1,2.11939e+2,0,0,0,0,3.47856e+1,8.60499e-1,2.24937e+1,6.06912e-2,0,0,0,0,0,5.32537e+0,4.34139e+1,0,0,0,0,0,0,7.27821e+2
"Eastern_Africa","MUS","Mauritius",5.02925e-3,2.19058e-4,2.82724e-3,5.42265e-5,4.41245e-2,5.56718e-5,2.05240e-5,0,3.17093e-1,9.49900e-2,1.45939e-2,0,0,0,0,0,0,0,0,0,0,0,0,0,0,0,0,0,0,0,0,0,0,1.93034e+0,1.07393e-1,5.28631e-3,0,0,0,0,0,1.20433e-1,0,0,0,0,0,0,0,2.10269e+0,4.73853e+0,0,0,0,0,0,0,9.48368e+0
"Eastern_Africa","MYT","Mayotte",0,0,0,0,0,0,0,0,0,0,0,0,0,0,0,0,0,0,0,0,0,0,0,0,0,0,0,0,0,0,0,0,0,0,0,0,0,0,0,0,0,0,0,0,0,0,0,0,0,1.34179e-1,3.62941e-1,0,0,0,0,0,0,4.97120e-1
"Eastern_Africa","REU","Reunion",3.47787e-3,1.56654e-4,9.39138e-4,2.00226e-4,5.89821e-2,8.70255e-6,1.46790e-5,0,1.94660e-1,0,1.19314e-2,0,0,0,0,0,0,0,0,0,0,0,0,0,0,0,0,0,0,0,0,0,0,1.10676e+0,1.71034e-1,6.60788e-3,0,0,0,0,0,4.40642e-2,0,0,0,0,0,0,0,2.11164e+0,2.68354e+0,0,0,0,0,0,0,6.39401e+0
"Eastern_Africa","RWA","Rwanda",3.77901e-3,1.70216e-4,8.74455e-4,1.72641e-4,5.43856e-2,9.45370e-6,1.59460e-5,0,2.01722e+1,1.12236e+0,9.14032e-3,0,0,0,0,0,0,0,0,0,0,0,0,0,0,0,0,0,0,0,0,0,0,2.66045e+1,9.47505e-1,5.94710e-1,0,0,0,0,1.20972e+0,4.20460e-1,0,0,0,0,0,0,0,4.49962e-1,2.34098e+1,0,0,0,0,0,0,7.49998e+1
"Eastern_Africa","SDN","Sudan",2.15900e-3,2.09340e-4,2.75073e-2,0,3.37590e-1,0,0,0,5.74635e+1,1.75731e+2,2.02258e+0,0,0,0,0,0,0,0,0,0,0,0,0,0,0,0,0,0,0,0,0,0,0,1.05294e+3,3.42365e+1,2.47796e-1,0,0,0,0,4.63824e+2,1.59285e+0,0,0,0,0,0,0,0,2.31693e+1,9.38795e+1,0,0,0,0,0,0,1.90547e+3
"Eastern_Africa","SOM","Somalia",2.28325e-3,2.98908e-4,1.50314e-3,3.75954e-4,1.18733e-1,1.66042e-5,2.80070e-5,0,2.08632e+1,3.45670e+1,1.97836e-2,0,0,0,0,0,0,0,0,0,0,0,0,0,0,0,0,0,0,0,0,0,0,5.03697e+2,2.23497e+1,5.28631e-1,0,0,0,0,5.20344e-3,1.77593e-1,0,0,0,0,0,0,0,3.21724e+0,2.48611e+1,0,0,0,0,0,0,6.10409e+2
"Eastern_Africa","SYC","Seychelles",2.87376e-3,1.29443e-4,6.67707e-4,5.70000e-8,7.60653e-3,7.18780e-6,1.21240e-5,0,7.20820e-3,0,4.15667e-3,0,0,0,0,0,0,0,0,0,0,0,0,0,0,0,0,0,0,0,0,0,0,1.34565e-1,4.93686e-2,0,0,0,0,0,0,5.05440e-6,0,0,0,0,0,0,0,1.85950e-1,3.31856e-1,0,0,0,0,0,0,7.24407e-1
"Eastern_Africa","UGA","Uganda",3.90143e-3,1.75732e-4,8.33412e-4,9.45325e-5,7.17839e-2,9.76080e-6,1.64640e-5,0,1.00099e+2,4.97976e+1,9.32606e-3,0,0,0,0,0,0,0,0,0,0,0,0,0,0,0,0,0,0,0,0,0,0,2.18432e+2,6.69565e+0,3.13875e+0,0,0,0,0,8.30184e+1,1.14157e+0,0,0,0,0,0,0,0,2.43899e+0,5.52353e+1,0,0,0,0,0,0,5.20084e+2
"Southern_Africa","AGO","Angola",9.04347e-4,3.51692e-3,2.57028e-2,0,2.26460e-1,0,0,0,8.04923e+0,5.76589e+1,2.52090e+2,0,0,0,0,0,0,0,0,0,0,0,0,0,0,0,0,0,0,0,0,0,0,1.35089e+2,4.55327e+0,9.91183e-1,0,0,0,0,2.43528e+2,1.94482e-1,7.22874e+0,0,0,0,0,0,0,7.23905e+0,3.93696e+1,0,0,0,0,0,0,7.56248e+2
"Southern_Africa","BWA","Botswana",5.36084e-3,1.39776e-4,1.21172e-2,1.17970e-5,7.84553e-2,4.80057e-4,1.30970e-5,0,3.05312e+0,9.26504e+0,7.28166e-3,0,0,0,0,0,0,0,0,0,0,0,0,0,0,0,0,0,0,0,0,0,0,1.08910e+2,2.79723e+0,0,0,0,0,0,5.47920e+1,3.49704e-2,0,1.44281e+0,0,0,0,0,0,8.36243e-1,5.25838e+0,0,0,0,0,0,0,1.86493e+2
"Southern_Africa","LSO","Lesotho",6.78506e-4,3.05606e-5,1.93419e-4,6.51775e-5,2.45668e-2,1.69735e-6,2.86300e-6,0,6.56647e+0,5.61571e+0,2.24084e-3,0,0,0,0,0,0,0,0,0,0,0,0,0,0,0,0,0,0,0,0,0,0,3.47685e+1,7.81347e-1,0,0,0,0,0,0,3.81762e-2,0,9.19488e-1,0,0,0,0,0,5.35741e-1,6.12454e+0,0,0,0,0,0,0,5.53777e+1
"Southern_Africa","MOZ","Mozambique",4.68922e-4,0,9.62964e-3,0,5.38308e-2,0,0,0,5.10219e+1,3.01579e+1,0,0,0,0,0,0,0,0,0,0,0,0,0,0,0,0,0,0,0,0,0,0,0,5.15373e+1,2.00225e+0,1.65197e+1,0,0,0,0,1.33195e+2,1.29642e+0,1.67028e+1,2.39563e+0,0,0,0,0,0,4.08626e+0,5.79258e+1,0,0,0,0,0,0,3.66905e+2
"Southern_Africa","MWI","Malawi",2.45700e-3,1.06120e-4,1.06473e-3,7.13830e-5,5.84009e-2,3.23730e-5,9.94000e-6,0,1.67540e+1,2.58345e+1,5.25502e-3,0,0,0,0,0,0,0,0,0,0,0,0,0,0,0,0,0,0,0,0,0,0,4.97155e+1,1.64890e+0,3.78301e+0,0,0,0,0,2.56344e+1,9.69637e-1,0,0,0,0,0,0,0,1.33664e+0,2.96436e+1,0,0,0,0,0,0,1.55388e+2
"Southern_Africa","NAM","Namibia",1.19568e-3,0,2.01627e-4,1.10950e-3,1.40900e-1,0,2.93076e-4,0,2.89335e-1,2.77693e+0,0,0,0,0,0,0,0,0,0,0,0,0,0,0,0,0,0,0,0,0,0,0,0,1.15157e+2,2.85741e+0,0,0,0,0,0,1.40508e+1,5.42374e-2,0,0,0,0,0,0,0,1.46344e+0,4.03232e+0,0,0,0,0,0,0,1.40825e+2
"Southern_Africa","SWZ","Swaziland",1.21616e-3,7.79660e-5,4.29323e-3,3.61805e-5,3.71196e-2,1.67000e-4,7.30100e-6,0,2.38291e+0,1.86756e+0,4.15205e-3,0,0,0,0,0,0,0,0,0,0,0,0,0,0,0,0,0,0,0,0,0,0,3.12209e+1,7.59268e-1,6.60788e-2,0,0,0,0,0,9.78572e-2,0,0,0,0,0,0,0,5.74114e-1,1.44486e+1,0,0,0,0,0,0,5.14644e+1
"Southern_Africa","TZA","Tanzania_United Republic of",9.79710e-3,7.11756e-4,1.35234e-2,0,1.54574e-1,0,0,0,6.93783e+1,4.01321e+1,1.53422e-1,0,0,0,0,0,0,0,0,0,0,0,0,0,0,0,0,0,0,0,0,0,0,4.44655e+2,1.52705e+1,4.52641e+1,0,0,0,0,1.81464e+2,3.61714e+0,5.16820e+1,0,0,0,0,0,0,4.66134e+0,9.08378e+1,0,0,0,0,0,0,9.47294e+2
"Southern_Africa","ZAF","South Africa",9.22743e-1,8.58720e-2,5.71629e+0,6.07085e-3,5.53465e+0,4.89856e-2,0,0,5.68953e+1,9.96904e+2,4.61868e+0,0,0,0,0,0,5.44300e-2,1.79740e+0,0,0,0,0,0,0,0,0,0,0,0,0,0,0,0,7.72655e+2,1.94922e+1,2.14756e-1,0,0,0,0,7.41696e+0,2.44341e+0,3.02227e+0,9.46618e+1,0,0,0,0,0,1.44384e+2,1.76214e+2,0,0,0,0,0,0,2.29309e+3
"Southern_Africa","ZMB","Zambia",1.98873e-3,1.63285e-3,1.36481e-1,0,1.40334e-1,4.24751e-3,0,0,1.96109e+1,5.08224e+1,1.52742e-1,0,0,0,0,0,0,0,0,0,0,0,0,0,0,0,0,0,0,0,0,0,0,9.81800e+1,3.05998e+0,1.71805e+0,0,0,0,0,3.60864e+2,2.50636e-1,1.60895e+2,0,0,0,0,0,0,6.24521e+0,2.79740e+1,0,0,0,0,0,0,7.30058e+2
"Southern_Africa","ZWE","Zimbabwe",2.63773e-2,4.81482e-3,2.84284e-1,0,2.94027e-1,2.77878e-2,0,0,2.52567e+1,2.03491e+1,0,0,0,0,0,0,0,2.84830e-1,0,0,0,0,0,0,0,0,0,0,0,0,0,0,0,2.59890e+2,6.69300e+0,1.65197e-2,0,0,0,0,3.66216e+1,5.68675e-1,0,0,0,0,0,0,0,5.42652e+0,3.21693e+1,0,0,0,0,0,0,3.87914e+2
"OECD_Europe","AUT","Austria",4.75451e-1,6.11891e-2,8.98732e-1,4.60548e-4,3.92583e+0,1.21564e-2,2.63769e-3,2.21900e-3,4.07107e+1,2.11198e+1,3.84122e+1,0,0,0,0,0,9.04200e-2,3.68130e-1,0,0,0,0,0,0,0,0,0,0,0,0,0,0,0,1.88413e+2,6.01999e+1,0,0,0,0,0,0,5.53752e-1,0,1.20857e+0,0,0,0,0,0,9.41141e+1,3.70092e+1,3.16864e-3,2.96427e-1,0,0,0,0,4.87878e+2
"OECD_Europe","BEL","Belgium",3.97010e-1,1.05749e-1,1.13495e+0,7.11756e-4,5.50305e+0,1.62426e-2,5.83221e-2,0,3.00427e+1,1.04514e+2,7.40188e+1,0,0,0,0,0,1.17000e-4,8.71440e-1,0,0,0,0,0,0,0,0,0,0,0,0,0,0,0,2.19946e+2,7.41535e+1,0,0,0,0,0,0,3.92788e-1,0,2.71488e-1,0,0,0,0,0,6.54504e+1,6.78691e+1,4.15433e+0,0,0,0,0,0,6.48901e+2
"OECD_Europe","CHE","Switzerland",4.95871e-1,8.04423e-3,5.57771e-1,2.80516e-3,4.85891e+0,2.25878e-3,4.68922e-3,0,6.51923e+0,3.18109e-1,3.04668e+1,0,0,0,0,0,6.61158e-2,5.50000e-3,0,0,0,0,0,0,0,0,0,0,0,0,0,0,0,1.41332e+2,3.79966e+1,0,0,0,0,0,0,1.20389e-1,2.74378e+0,0,0,0,0,0,0,3.08352e+1,1.26188e+1,1.14612e-5,5.02776e-1,0,0,0,0,2.69455e+2
"OECD_Europe","DEU","Germany",5.82652e+0,7.16229e-1,8.15321e+0,2.25041e-2,4.53132e+1,2.12591e-1,2.15411e-1,0,2.32072e+2,1.39102e+3,3.09574e+2,0,0,0,0,0,4.83673e+0,2.85493e+0,0,0,0,0,0,0,0,0,0,0,0,0,0,0,0,1.59806e+3,5.15262e+2,0,0,0,0,0,0,4.49822e+0,0,1.68878e+0,0,0,0,0,0,1.61953e+3,1.75523e+2,0,0,0,0,0,0,5.91537e+3
"OECD_Europe","DNK","Denmark",7.40285e-1,3.13708e-2,4.48839e-1,2.47021e-3,2.96278e+0,2.03290e-2,1.53571e-1,4.27053e-3,1.05331e+1,1.91866e-1,9.54352e+0,0,0,0,0,0,0,0,0,0,0,0,0,0,0,0,0,0,0,0,0,0,0,1.83970e+2,8.99414e+1,0,0,0,0,0,0,9.25359e-1,0,0,0,0,0,0,0,7.48884e+1,9.08827e+0,0,0,0,0,0,0,3.83446e+2
"OECD_Europe","ESP","Spain",6.05559e-1,1.60379e-1,2.40889e+0,2.18760e-2,1.31752e+1,3.24016e-2,4.49285e-1,0,4.87152e+1,1.86328e+2,2.44866e+1,0,0,0,0,0,6.16066e-1,6.37230e-1,0,0,0,0,0,0,0,0,0,0,0,0,0,0,0,5.07858e+2,2.46235e+2,2.37981e+1,0,0,0,0,0,2.12891e+0,0,2.01290e+1,0,0,0,0,0,2.52556e+2,1.32250e+2,8.09530e-1,0,0,0,0,0,1.46340e+3
"OECD_Europe","FIN","Finland",1.18895e+0,2.08921e-2,3.29604e+0,2.09339e-3,3.19759e+0,1.14677e-2,2.72561e-2,0,1.53071e+1,1.96175e+0,2.93151e+0,0,0,0,0,0,6.13770e-2,3.40340e-1,0,0,0,0,0,0,0,0,0,0,0,0,0,0,0,1.05890e+2,2.82805e+1,0,0,0,0,0,0,3.84483e-1,4.86288e-1,6.63408e-2,0,0,0,0,0,1.28083e+2,1.53401e+2,0,2.34400e-1,0,0,0,0,4.45172e+2
"OECD_Europe","FRA","France",1.91889e+0,3.74064e-1,4.54177e+0,1.17021e-2,3.39759e+1,8.14899e-2,1.98999e-1,0,1.98132e+2,2.20404e+2,6.68019e+2,0,0,0,0,0,1.36247e+0,2.10967e+0,0,0,0,0,0,0,0,0,0,0,0,0,0,0,0,1.61944e+3,4.11115e+2,3.54697e+0,0,0,0,0,0,6.13633e+0,0,1.14466e+0,0,0,0,0,0,4.75449e+2,1.67610e+2,2.42626e+1,2.33646e+0,0,0,0,0,3.84217e+3
"OECD_Europe","FRO","Faroe Islands",0,0,0,0,0,0,0,0,0,0,0,0,0,0,0,0,0,0,0,0,0,0,0,0,0,0,0,0,0,0,0,0,0,5.86176e-1,2.42928e-2,0,0,0,0,0,0,1.26990e-5,0,0,0,0,0,0,0,8.09462e-1,4.10034e-2,3.35325e-2,0,0,0,0,0,1.49448e+0
"OECD_Europe","GBR","United Kingdom",1.47220e+0,8.66359e-1,3.95830e+0,4.80853e-2,3.75295e+1,1.34130e-1,3.18866e-1,0,1.62167e+2,9.48678e+2,6.86625e+2,0,0,0,0,0,1.82720e+0,8.04050e-1,0,0,0,0,0,0,0,0,0,0,0,0,0,0,0,1.15195e+3,2.17767e+2,0,0,0,0,0,0,2.94128e+0,0,1.14022e+0,0,0,0,0,0,2.48677e+3,1.14258e+2,7.84508e+0,0,0,0,0,0,5.82710e+3
"OECD_Europe","GIB","Gibraltar",2.51208e-4,0,0,0,1.06458e-2,0,0,0,0,0,0,0,0,0,0,0,0,0,0,0,0,0,0,0,0,0,0,0,0,0,0,0,0,0,0,0,0,0,0,0,0,0,0,0,0,0,0,0,0,1.56955e-1,2.58129e-2,8.65724e-3,0,0,0,0,0,2.02322e-1
"OECD_Europe","GRC","Greece",2.24699e-1,3.65452e-2,5.93655e-1,7.99678e-3,3.72158e+0,9.98763e-3,9.17329e-2,0,8.38854e+0,3.44431e+1,8.58849e+0,0,0,0,0,0,3.97850e-3,4.21300e-2,0,0,0,0,0,0,0,0,0,0,0,0,0,0,0,1.40700e+2,3.12984e+1,5.45688e+0,0,0,0,0,0,1.11325e+0,7.46496e-2,2.07295e+0,0,0,0,0,0,8.47478e+1,1.61392e+1,5.22690e-5,0,0,0,0,0,3.37756e+2
"OECD_Europe","GRL","Greenland",0,0,0,0,0,0,0,0,0,0,0,0,0,0,0,0,0,0,0,0,0,0,0,0,0,0,0,0,0,0,0,0,0,1.68000e-1,2.86054e-3,0,0,0,0,0,0,0,0,0,0,0,0,0,0,6.70033e-1,1.99053e-1,1.25726e-2,0,0,0,0,0,1.05252e+0
"OECD_Europe","IRL","Ireland",8.99287e-2,3.89372e-3,2.81608e-1,5.44284e-4,1.68964e+0,6.42885e-3,1.46538e-3,0,3.14593e+1,1.45375e+0,2.17100e+1,0,0,0,0,0,0,0,0,0,0,0,0,0,0,0,0,0,0,0,0,0,0,4.11291e+2,6.72192e+1,0,0,0,0,0,0,2.14133e-1,0,1.09505e-1,0,0,0,0,0,7.28978e+1,7.16610e+0,0,0,0,0,0,0,6.15594e+2
"OECD_Europe","ISL","Iceland",1.25604e-4,0,4.30194e-2,1.88406e-4,1.84523e-1,0,5.86152e-3,0,3.70134e-2,0,0,0,0,0,0,0,0,7.34800e-2,0,0,0,0,0,0,0,0,0,0,0,0,0,0,0,1.08733e+1,1.50980e+0,0,0,0,0,0,0,1.29250e-4,0,0,0,0,0,0,0,3.16687e+0,4.70335e-1,9.93530e-2,0,0,0,0,0,1.64640e+1
"OECD_Europe","ITA","Italy",1.08641e+0,3.01686e-1,2.74236e+0,8.81320e-3,3.06058e+1,3.80517e-2,1.67933e-1,4.82319e-2,2.04597e+1,1.41257e+1,2.98115e+2,0,0,0,0,0,5.32234e-1,1.23309e+0,0,0,0,0,0,0,0,0,0,0,0,0,0,0,0,6.83819e+2,2.57341e+2,5.82067e+1,0,0,0,0,0,5.03853e+0,4.67467e-1,5.88600e+0,0,0,0,0,0,6.49304e+2,1.31105e+2,9.73506e+0,0,0,0,0,0,2.17037e+3
"OECD_Europe","LUX","Luxembourg",2.74529e-2,0,2.17042e-1,0,5.72153e-1,1.56377e-3,0,0,2.89456e-1,0,3.52068e+0,0,0,0,0,0,0,3.10170e-1,0,0,0,0,0,0,0,0,0,0,0,0,0,0,0,1.44230e+1,2.14245e+1,0,0,0,0,0,0,2.30747e-2,0,2.61696e-1,0,0,0,0,0,2.94648e+0,4.12978e-1,0,0,0,0,0,0,4.44303e+1
"OECD_Europe","NLD","Netherlands",8.65151e-1,2.13364e-1,6.51525e-1,1.59099e-3,8.48599e+0,2.95379e-3,2.21565e-1,0,9.27734e+0,4.89079e+0,2.97724e+2,0,0,0,0,0,2.81702e+0,2.66770e-1,0,0,0,0,0,0,0,0,0,0,0,0,0,0,0,3.91118e+2,1.78735e+2,0,0,0,0,0,0,3.04003e-1,0,1.76676e-2,0,0,0,0,0,5.08367e+2,3.69125e+1,0,0,0,0,0,0,1.44087e+3
"OECD_Europe","NOR","Norway",1.31926e-1,2.89480e-1,9.72287e-1,3.76813e-3,2.99984e+0,5.38633e-3,2.14825e-1,0,8.33651e+0,8.33168e+0,1.77827e+2,0,0,0,0,0,2.27338e+0,1.02185e+0,0,0,0,0,0,0,0,0,0,0,0,0,0,0,0,8.75002e+1,1.76800e+1,0,0,0,0,0,0,1.16192e-1,0,0,0,0,0,0,0,2.04886e+2,4.17535e+1,3.55627e+0,0,0,0,0,0,5.57900e+2
"OECD_Europe","PRT","Portugal",1.76890e-1,3.04118e-2,1.05137e+0,8.58293e-4,2.40592e+0,1.05088e-2,1.52400e-2,0,6.58165e+0,3.86127e+0,3.85061e+0,0,0,0,0,0,8.45460e-2,8.06400e-2,0,0,0,0,0,0,0,0,0,0,0,0,0,0,0,1.29766e+2,5.75647e+1,9.97396e+0,0,0,0,0,0,3.57130e-1,0,2.30345e+0,0,0,0,0,0,1.56279e+2,4.54695e+1,2.56968e-2,1.78800e-1,0,0,0,0,4.20068e+2
"OECD_Europe","SWE","Sweden",1.06531e+0,2.74677e-2,4.96754e+0,9.83898e-3,6.35750e+0,1.45952e-2,5.94945e-2,6.65700e-3,2.09944e+1,2.24601e+0,8.08092e+0,0,0,0,0,0,1.80185e-1,2.78410e-1,0,0,0,0,0,0,0,0,0,0,0,0,0,0,0,1.22003e+2,3.84778e+1,0,0,0,0,0,0,6.45038e-1,4.89504e-1,1.94873e-1,0,0,0,0,0,1.22397e+2,1.89712e+2,8.56863e-3,0,0,0,0,0,5.18217e+2
"Central Europe","ALB","Albania",4.22867e-3,6.69887e-3,8.80065e-2,0,2.00699e-1,0,0,0,1.65894e+1,7.40553e+0,1.71007e+1,0,0,0,0,0,0,5.06000e-2,0,0,0,0,0,0,0,0,0,0,0,0,0,0,0,5.32926e+1,8.90837e+0,9.09480e-1,0,0,0,0,0,3.24202e-1,0,5.53488e-1,0,0,0,0,0,2.63259e+0,4.70338e+0,1.94750e-2,0,0,0,0,0,1.12789e+2
"Central Europe","BGR","Bulgaria",2.63438e-1,2.04316e-2,8.72446e-1,0,1.84561e+0,0,0,0,2.91671e+1,4.08426e+1,6.61306e+0,0,0,0,0,0,2.21004e-1,2.61700e-1,0,0,0,0,0,0,0,0,0,0,0,0,0,0,0,2.36074e+2,4.09154e+1,4.03203e+0,0,0,0,0,0,2.40907e+0,0,1.27298e+0,0,0,0,0,0,3.16183e+2,4.49748e+1,0,0,0,0,0,0,7.25969e+2
"Central Europe","BIH","Bosnia and Herzegovina",9.79977e-2,0,4.30231e-3,0,5.98066e-1,0,0,0,1.97005e+1,9.76561e+1,6.36294e+0,0,0,0,0,0,8.77100e-5,3.41329e-2,0,0,0,0,0,0,0,0,0,0,0,0,0,0,0,6.89174e+1,1.16690e+1,0,0,0,0,0,0,3.53670e-1,0,0,0,0,0,0,0,3.41628e+0,6.68216e+0,2.36318e-2,0,0,0,0,0,2.15516e+2
"Central Europe","CYP","Cyprus",0,8.35685e-4,4.06119e-2,0,2.24105e-1,0,0,0,1.57842e-1,9.49900e-2,1.51868e-1,0,0,0,0,0,0,0,0,0,0,0,0,0,0,0,0,0,0,0,0,0,0,7.07704e+0,2.56313e+0,0,0,0,0,0,0,9.90904e-3,0,0,0,0,0,0,0,4.94874e+0,3.31788e+0,0,0,0,0,0,0,1.85870e+1
"Central Europe","CZE","Czech Republic",6.14366e-1,4.35009e-2,5.27729e+0,0,1.85434e+0,4.64735e-3,0,0,1.25155e+2,2.72625e+2,1.39708e+1,0,0,0,0,0,3.28131e-1,6.46030e-1,0,0,0,0,0,0,0,0,0,0,0,0,0,0,0,3.47452e+2,5.39711e+1,0,0,0,0,0,0,2.09165e+0,0,3.44568e+0,0,0,0,0,0,7.10320e+1,5.22700e+1,0,0,0,0,0,0,9.50782e+2
"Central Europe","EST","Estonia",2.73846e-1,0,5.15367e-1,0,5.37275e-1,1.41459e-1,5.04355e-3,0,6.77079e+0,2.06733e+1,2.73653e+0,0,0,0,0,0,0,0,0,0,0,0,0,0,0,0,0,0,0,0,0,0,0,6.54032e+1,1.12858e+1,2.46772e+0,0,0,0,0,0,2.16699e-1,0,0,0,0,0,0,0,1.52541e+1,7.77336e+0,0,0,0,0,0,0,1.34055e+2
"Central Europe","HRV","Croatia",6.16307e-2,1.99893e-1,6.51015e-1,0,1.05937e+0,4.60548e-4,0,0,1.05294e+1,6.51421e+0,3.08564e+1,0,0,0,0,0,2.13188e-2,6.34005e-1,0,0,0,0,0,0,0,0,0,0,0,0,0,0,0,7.30012e+1,1.48290e+1,0,0,0,0,0,0,7.27262e-1,0,7.45128e-1,0,0,0,0,0,1.59013e+1,1.91107e+1,0,0,0,0,0,0,1.74842e+2
"Central Europe","HUN","Hungary",4.12192e-1,3.93533e-2,5.72840e-1,0,2.30903e+0,4.19098e-2,3.16522e-2,0,4.44895e+1,3.91168e+1,4.57021e+1,0,0,0,0,0,8.91690e-2,2.46040e-1,0,0,0,0,0,0,0,0,0,0,0,0,0,0,0,2.12481e+2,5.82168e+1,3.54697e+0,0,0,0,0,0,3.92438e+0,0,1.11530e+0,0,0,0,0,0,7.13402e+1,4.23370e+1,0,0,0,0,0,0,5.26013e+2
"Central Europe","LTU","Lithuania",7.07142e-2,2.74078e-2,4.88013e+0,0,1.11693e+0,3.07532e-2,3.60254e-3,0,1.27549e+1,1.80642e-2,8.23631e+0,0,0,0,0,0,9.84186e-2,0,0,0,0,0,0,0,0,0,0,0,0,0,0,0,0,1.94999e+2,3.24877e+1,0,0,0,0,0,0,7.54630e-1,0,9.26520e-1,0,0,0,0,0,3.16171e+1,1.30769e+1,6.94380e-4,0,0,0,0,0,3.01100e+2
"Central Europe","LVA","Latvia",4.92773e-2,0,1.48396e+0,0,8.90575e-1,4.59982e-2,1.36583e-2,0,2.19000e+1,7.59920e-2,7.79685e+0,0,0,0,0,0,0,0,0,0,0,0,0,0,0,0,0,0,0,0,0,0,0,1.31855e+2,1.93919e+1,0,0,0,0,0,0,4.09249e-1,0,1.43976e-1,0,0,0,0,0,1.72601e+1,7.30986e+0,0,0,0,0,0,0,2.08626e+2
"Central Europe","MKD","Macedonia, the former Yugoslav Republic of",6.16933e-2,0,7.55280e-2,0,2.40763e-1,0,0,0,6.34592e+0,7.34881e+0,3.30363e-1,0,0,0,0,0,2.32273e-2,1.10441e+0,0,0,0,0,0,0,0,0,0,0,0,0,0,0,0,4.58313e+1,4.97671e+0,2.82848e+0,0,0,0,0,0,2.24691e-1,0,4.02912e-1,0,0,0,0,0,3.58793e+0,5.08436e+0,2.63750e-2,0,0,0,0,0,7.84935e+1
"Central Europe","MLT","Malta",3.09788e-3,0,0,0,9.68845e-2,0,0,0,8.58294e-3,0,0,0,0,0,0,0,0,0,0,0,0,0,0,0,0,0,0,0,0,0,0,0,0,1.38049e+0,7.49565e-1,0,0,0,0,0,0,1.39603e-3,0,0,0,0,0,0,0,4.87719e+0,4.23119e-1,0,0,0,0,0,0,7.54032e+0
"Central Europe","POL","Poland",2.62107e+0,4.42373e-1,3.96425e+0,0,5.72050e+0,1.54579e-1,4.71852e-2,0,3.06469e+2,4.34063e+3,1.55698e+2,0,0,0,0,0,5.35276e-1,1.34010e+0,0,0,0,0,0,0,0,0,0,0,0,0,0,0,0,9.75087e+2,1.74314e+2,0,0,0,0,0,0,7.26090e+0,0,2.36333e+0,0,0,0,0,0,2.98084e+2,1.34708e+2,2.86687e-1,0,0,0,0,0,6.40972e+3
"Central Europe","ROU","Romania",7.50392e-1,6.41501e-2,1.70968e+0,0,1.92493e+0,0,0,0,6.04739e+1,1.06386e+2,8.48334e+2,0,0,0,0,0,1.42562e+0,1.22512e+0,0,0,0,0,0,0,0,0,0,0,0,0,0,0,0,6.55331e+2,1.37789e+2,1.30965e+1,0,0,0,0,0,5.72187e+0,0,0,0,0,0,0,0,7.93703e+1,9.56916e+1,1.52737e-2,0,0,0,0,0,2.00931e+3
"Central Europe","SCG","Serbia and Montenegro",4.40113e-1,0,1.74914e-1,0,1.15437e+0,0,0,0,4.34181e+1,6.76282e+1,9.48946e+1,0,0,0,0,0,6.18755e-2,2.73350e-1,0,0,0,0,0,0,0,0,0,0,0,0,0,0,0,2.55638e+2,5.43714e+1,0,0,0,0,0,0,2.34058e+0,0,0,0,0,0,0,0,1.07144e+1,4.44154e+1,7.70350e-2,0,0,0,0,0,5.75602e+2
"Central Europe","SVK","Slovakia",1.23002e-1,3.01609e-2,7.50317e-1,0,6.91949e-1,0,0,0,6.92895e+0,7.52458e+0,3.79371e+1,0,0,0,0,0,1.28492e-1,5.11560e-1,0,0,0,0,0,0,0,0,0,0,0,0,0,0,0,1.49703e+2,2.88323e+1,0,0,0,0,0,0,2.01168e+0,0,3.28008e-1,0,0,0,0,0,2.19082e+1,3.96910e+1,0,4.62932e-2,0,0,0,0,2.97147e+2
"Central Europe","SVN","Slovenia",0,3.93192e-3,1.32685e-1,0,1.12750e+0,0,0,0,6.88480e+0,2.69623e+1,1.59737e+0,0,0,0,0,0,2.55855e-1,1.73128e-1,0,0,0,0,0,0,0,0,0,0,0,0,0,0,0,5.98563e+1,1.12305e+1,0,0,0,0,0,0,1.44081e-1,0,0,0,0,0,0,0,1.72345e+1,9.71091e+0,0,0,0,0,0,0,1.35314e+2
"Turkey","TUR","Turkey",2.87181e-1,6.37817e-2,8.16837e-1,4.18681e-3,3.34059e+0,3.98144e-2,8.46989e-2,0,1.43241e+2,1.67300e+2,1.51118e+1,0,0,0,0,0,4.89171e-1,2.88520e-1,0,0,0,0,0,0,0,0,0,0,0,0,0,0,0,9.77073e+2,1.62738e+2,2.37285e+1,0,0,0,0,0,3.06962e+1,0,1.36877e+0,0,0,0,0,0,1.96232e+2,2.54967e+2,0,0,0,0,0,0,1.97787e+3
"Ukraine +","BLR","Belarus",1.71478e-1,5.64709e-2,1.48686e+0,0,1.63555e+0,1.37884e-1,2.30563e-2,6.03975e-4,9.23122e+0,8.35912e-2,1.52200e+1,0,0,0,0,0,4.71900e-2,0,0,0,0,0,0,0,0,0,0,0,0,0,0,0,0,5.80259e+2,8.47394e+1,0,0,0,0,0,0,2.09950e+0,0,3.53496e-2,0,0,0,0,0,1.00707e+2,3.21836e+1,0,0,0,0,0,0,8.28118e+2
"Ukraine +","MDA","Moldova, Republic of",9.43407e-2,0,5.03801e-1,0,7.54239e-1,0,0,0,6.57958e+0,5.02320e-3,9.24443e-1,0,0,0,0,0,0,0,0,0,0,0,0,0,0,0,0,0,0,0,0,0,0,9.28426e+1,8.59706e+0,0,0,0,0,0,0,8.20419e-1,0,7.17192e-2,0,0,0,0,0,4.31221e+0,1.65315e+1,3.54891e-2,0,0,0,0,0,1.32072e+2
"Ukraine +","UKR","Ukraine",1.65784e+0,5.47122e-1,2.78153e+0,0,6.77129e+0,2.10541e-1,0,7.21752e-2,8.36321e+1,7.71839e+2,1.16859e+3,0,0,0,0,0,1.67287e+0,6.17760e+0,0,0,0,0,0,0,0,0,0,0,0,0,0,0,0,2.17339e+3,3.27462e+2,1.02248e+1,0,0,0,0,0,1.38983e+1,0,1.47019e+0,0,0,0,0,0,2.47255e+2,1.59455e+2,0,0,0,0,0,0,4.97711e+3
"Asia-Stan","KAZ","Kazakhstan",5.51591e-1,1.82811e-1,1.09384e-1,0,1.96034e+0,1.22487e-1,5.04355e-3,0,4.70533e+0,1.12311e+3,3.30571e+2,0,0,0,0,0,3.19620e-2,2.21031e+0,0,0,0,0,0,0,0,0,0,0,0,0,0,0,0,1.09107e+3,7.74677e+1,3.55574e+1,0,0,0,0,0,1.06160e+1,2.99002e+1,1.69930e+2,0,0,0,0,0,8.46873e+1,5.29825e+1,0,0,0,0,0,0,3.01577e+3
"Asia-Stan","KGZ","Kyrgyzstan",3.12712e-2,0,0,0,7.45065e-1,0,0,0,1.88406e-1,2.43675e+1,2.31148e+0,0,0,0,0,0,0,0,0,0,0,0,0,0,0,0,0,0,0,0,0,0,0,1.91933e+2,9.19855e+0,5.77028e-1,0,0,0,0,0,5.21174e-1,1.21546e-1,7.02504e+0,0,0,0,0,0,4.64677e+0,2.23783e+1,0,0,0,0,0,0,2.64045e+2
"Asia-Stan","TJK","Tajikistan",1.54862e-2,0,0,0,6.67206e-1,0,0,0,0,8.92187e+0,5.20973e+0,0,0,0,0,0,0,0,0,0,0,0,0,0,0,0,0,0,0,0,0,0,0,1.22332e+2,1.05969e+1,3.03486e+0,0,0,0,0,0,1.25607e-1,0,5.88312e-2,0,0,0,0,0,4.95850e+0,2.09393e+1,0,0,0,0,0,0,1.76860e+2
"Asia-Stan","TKM","Turkmenistan",1.01668e-1,1.39714e-1,0,0,6.69633e-1,0,0,0,0,0,1.09164e+3,0,0,0,0,0,7.80000e-4,0,0,0,0,0,0,0,0,0,0,0,0,0,0,0,0,1.13907e+2,1.11953e+1,8.48387e+0,0,0,0,0,0,2.95410e-1,2.89723e-2,2.30890e-1,0,0,0,0,0,6.52735e+0,1.95856e+1,0,0,0,0,0,0,1.25280e+3
"Asia-Stan","UZB","Uzbekistan",3.88410e-1,1.22553e-1,0,0,1.88927e+0,0,0,0,0,9.22857e+0,6.52265e+2,0,0,0,0,0,0,0,0,0,0,0,0,0,0,0,0,0,0,0,0,0,0,5.24968e+2,4.43339e+1,5.52075e+1,0,0,0,0,0,8.26460e-1,2.81986e-2,1.03032e+0,0,0,0,0,0,1.93613e+1,9.57332e+1,0,0,0,0,0,0,1.40538e+3
"Russia +","ARM","Armenia",1.94941e-2,0,5.76110e-3,0,6.05537e-1,0,0,0,6.13114e-1,0,2.22997e+0,0,0,0,0,0,0,0,0,0,0,0,0,0,0,0,0,0,0,0,0,0,0,5.17556e+1,8.17117e+0,0,0,0,0,0,0,1.05953e-1,0,4.99584e-2,0,0,0,0,0,8.54658e+0,5.64102e+0,0,0,0,0,0,0,7.77442e+1
"Russia +","AZE","Azerbaijan",1.05155e-1,4.32580e-2,1.97688e-1,0,1.36513e+0,0,0,0,1.12925e+0,0,2.46245e+2,0,0,0,0,0,1.71270e-2,0,0,0,0,0,0,0,0,0,0,0,0,0,0,0,0,1.73300e+2,2.42246e+1,4.19778e-1,0,0,0,0,0,4.52306e-1,0,5.09352e-2,0,0,0,0,0,1.70200e+1,4.41650e+1,0,0,0,0,0,0,5.08735e+2
"Russia +","GEO","Georgia",5.03171e-2,0,1.08130e-1,0,4.44822e-1,3.02626e-1,0,0,1.62728e+1,9.77287e+0,6.66669e+0,0,0,0,0,0,0,2.62675e-1,0,0,0,0,0,0,0,0,0,0,0,0,0,0,0,1.04913e+2,1.84818e+1,0,0,0,0,0,0,1.92038e-1,0,1.49743e-1,0,0,0,0,0,1.73280e+1,1.46542e+1,0,0,0,0,0,0,1.89599e+2
"Russia +","RUS","Russian Federation",9.17192e+0,1.04090e+0,1.47263e+1,0,4.11797e+1,1.86848e+0,2.91084e+0,4.27628e-1,3.20883e+2,3.25677e+3,1.41562e+4,0,0,0,0,0,7.75966e+0,6.54730e+0,0,0,0,0,0,0,0,0,0,0,0,0,0,0,0,5.25774e+3,8.49995e+2,1.11308e+2,0,0,0,0,0,3.82890e+1,9.22224e+1,3.48168e+2,0,0,0,0,0,1.05445e+3,1.20884e+3,0,0,0,0,0,0,2.67805e+4
"Middle_East","ARE","United Arab Emirates",4.15173e-1,3.37874e-2,4.54854e-1,0,1.54367e+0,0,0,0,4.99882e-2,1.35079e-1,6.13407e+2,0,0,0,0,0,0,0,0,0,0,0,0,0,0,0,0,0,0,0,0,0,0,9.38519e+0,5.54920e-1,0,0,0,0,0,0,1.10497e-3,0,0,0,0,0,0,0,8.30254e+0,6.80179e+0,0,0,0,0,0,0,6.41085e+2
"Middle_East","BHR","Bahrain",2.12975e-1,1.37051e-1,8.19775e-2,0,2.37016e-1,0,0,0,9.62964e-3,1.02718e-2,6.89981e+1,0,0,0,0,0,7.09665e-1,0,0,0,0,0,0,0,0,0,0,0,0,0,0,0,0,5.73826e-1,2.06616e-2,0,0,0,0,0,0,7.27329e-6,0,0,0,0,0,0,0,2.38352e+0,3.32727e+0,0,0,0,0,0,0,7.67020e+1
"Middle_East","IRN","Iran, Islamic Republic of",3.96202e-1,7.58673e-2,1.22305e+0,0,8.55664e+0,0,0,0,1.08598e+1,2.21322e+1,6.88831e+2,0,0,0,0,0,3.54366e-3,0,0,0,0,0,0,0,0,0,0,0,0,0,0,0,0,6.07795e+2,2.49671e+1,1.40462e+2,0,0,0,0,0,0,0,8.41536e-3,0,0,0,0,0,9.38220e+1,2.27536e+2,0,0,0,0,0,0,1.82667e+3
"Middle_East","IRQ","Iraq",8.93045e-2,8.21467e-2,2.54851e-1,0,4.00314e+0,0,0,0,6.20483e-1,1.04489e+0,7.76001e+2,0,0,0,0,0,3.43200e-2,0,0,0,0,0,0,0,0,0,0,0,0,0,0,0,0,1.20805e+2,6.25342e+0,1.49707e+1,0,0,0,0,0,1.64218e+0,0,9.08832e-1,0,0,0,0,0,6.02041e+1,6.11366e+1,0,0,0,0,0,0,1.04805e+3
"Middle_East","ISR","Israel",6.04695e-2,1.92680e-2,1.38499e-1,0,1.34333e+0,1.73752e-3,0,0,3.69904e-1,0,3.07236e+0,0,0,0,0,0,1.33925e-1,0,0,0,0,0,0,0,0,0,0,0,0,0,0,0,0,2.90244e+1,1.97262e+0,0,0,0,0,0,0,1.69395e-1,0,0,0,0,0,0,0,2.65587e+1,1.73605e+1,0,0,0,0,0,0,8.02251e+1
"Middle_East","JOR","Jordan",8.24863e-3,7.27040e-3,5.23350e-2,0,6.02661e-1,0,0,0,1.80318e-1,9.73567e-1,6.38256e-1,0,0,0,0,0,0,0,0,0,0,0,0,0,0,0,0,0,0,0,0,0,0,9.07886e+0,6.16304e-1,0,0,0,0,0,0,3.70551e-2,0,0,0,0,0,0,0,6.34787e+0,1.08864e+1,0,0,0,0,0,0,2.94292e+1
"Middle_East","KWT","Kuwait",1.65447e-1,1.12424e-1,1.40928e-1,0,1.41068e+0,0,0,0,5.65009e-1,2.14774e-1,2.81171e+2,0,0,0,0,0,9.90000e-2,0,0,0,0,0,0,0,0,0,0,0,0,0,0,0,0,3.08430e+0,9.55421e-2,0,0,0,0,0,0,1.43918e-3,0,0,0,0,0,0,0,1.16364e+1,1.13721e+1,0,0,0,0,0,0,3.10069e+2
"Middle_East","LBN","Lebanon",0,3.09694e-3,6.02898e-3,0,8.36064e-1,0,0,0,1.25281e+0,1.13988e+0,7.96720e-1,0,0,0,0,0,0,0,0,0,0,0,0,0,0,0,0,0,0,0,0,0,0,5.97322e+0,7.86240e-1,0,0,0,0,0,0,4.62837e-2,0,0,0,0,0,0,0,8.55028e+0,1.19329e+1,0,0,0,0,0,0,3.13235e+1
"Middle_East","OMN","Oman",1.78776e-1,1.20580e-2,7.53624e-3,0,5.58732e-1,0,0,0,2.15661e-1,1.28059e-1,2.15126e+2,0,0,0,0,0,0,0,0,0,0,0,0,0,0,0,0,0,0,0,0,0,0,1.30611e+1,5.62898e-1,0,0,0,0,0,0,2.41591e-3,0,0,0,0,0,0,0,2.42376e+0,5.97163e+0,0,0,0,0,0,0,2.38249e+2
"Middle_East","QAT","Qatar",3.12699e-1,6.32643e-2,7.46088e-2,2.07247e-3,3.04163e-1,0,0,0,4.58180e-2,5.69940e-3,1.77704e+2,0,0,0,0,0,8.52390e-2,0,0,0,0,0,0,0,0,0,0,0,0,0,0,0,0,2.15950e+0,1.25072e-1,0,0,0,0,0,0,9.76678e-4,0,0,0,0,0,0,0,2.67400e+0,6.31254e+0,0,0,0,0,0,0,1.89870e+2
"Middle_East","SAU","Saudi Arabia",2.45252e+0,6.80302e-1,5.34320e-1,1.05127e-2,8.94148e+0,0,0,0,2.48487e-1,2.18863e-1,1.13192e+3,0,0,0,0,0,2.97480e+0,0,0,0,0,0,0,0,0,0,0,0,0,0,0,0,0,8.37174e+1,4.36009e+0,0,0,0,0,0,0,1.63432e+0,0,0,0,0,0,0,0,5.51426e+1,5.55680e+1,0,0,0,0,0,0,1.34841e+3
"Middle_East","SYR","Syrian Arab Republic",1.70377e-2,2.96222e-2,2.28096e-1,0,1.46961e+0,0,0,0,4.20277e+0,9.49900e-2,3.72511e+1,0,0,0,0,0,0,0,0,0,0,0,0,0,0,0,0,0,0,0,0,0,0,9.67712e+1,3.52721e+0,5.96444e-3,0,0,0,0,0,2.14799e+0,0,1.32211e-1,0,0,0,0,0,1.68297e+1,3.84710e+1,0,0,0,0,0,0,2.01179e+2
"Middle_East","YEM","Yemen",1.35120e-2,8.60262e-3,0,0,8.29486e-1,0,0,0,2.51687e+0,4.36954e+0,2.46969e+0,0,0,0,0,0,0,0,0,0,0,0,0,0,0,0,0,0,0,0,0,0,0,7.77106e+1,3.57648e+0,0,0,0,0,0,0,6.65834e-1,0,0,0,0,0,0,0,3.09918e+0,3.70361e+1,0,0,0,0,0,0,1.32296e+2
"India +","AFG","Afghanistan",3.50077e-3,0,6.48541e-2,1.76874e-4,3.80960e-1,0,5.37262e-3,0,6.93065e+0,5.42867e+0,4.99912e+1,0,0,0,0,0,0,0,0,0,0,0,0,0,0,0,0,0,0,0,0,0,0,1.57018e+2,8.94804e+0,4.27809e+1,0,0,0,0,0,4.95081e-1,0,0,0,0,0,0,0,6.31064e+0,7.47411e+1,0,0,0,0,0,0,3.53100e+2
"India +","BGD","Bangladesh",8.27924e-2,3.47670e-3,5.74010e-2,0,2.10971e-1,8.51384e-3,2.81353e-2,0,1.56632e+2,2.24607e+1,5.73182e+1,0,0,0,0,0,0,0,0,0,0,0,0,0,0,0,0,0,0,0,0,0,0,6.62573e+2,6.32936e+1,2.71186e+3,0,0,0,0,2.44224e-1,1.11460e+1,1.83831e+1,0,0,0,0,0,0,6.93063e+1,4.23563e+2,0,0,0,0,0,0,4.19717e+3
"India +","BTN","Bhutan",7.56996e-5,0,6.60525e-3,7.93135e-5,4.57088e-3,0,1.02403e-4,0,1.35770e+1,4.52632e-1,0,0,0,0,0,0,0,0,0,0,0,0,0,0,0,0,0,0,0,0,0,0,0,1.28203e+1,1.35533e+0,9.98220e+0,0,0,0,0,0,2.62465e-1,0,0,0,0,0,0,0,2.59488e-1,5.70454e+0,0,0,0,0,0,0,4.44254e+1
"India +","IND","India",1.58127e+0,3.13607e-1,1.14522e+1,0,1.06848e+1,5.16574e-1,1.45659e-1,1.63286e-3,1.55076e+3,1.43079e+3,2.58616e+2,0,0,0,0,0,3.63263e-1,9.52510e-1,0,0,0,0,0,0,0,0,0,0,0,0,0,0,0,1.10399e+4,9.68592e+2,4.60126e+3,0,0,0,0,2.55288e+1,1.86652e+2,6.98496e+1,5.11128e-1,0,0,0,0,0,4.53379e+2,2.85544e+3,0,0,4.50000e+1,0,0,0,2.35123e+4
"India +","IOT","British Indian Ocean Territory",0,0,0,0,0,0,0,0,0,0,0,0,0,0,0,0,0,0,0,0,0,0,0,0,0,0,0,0,0,0,0,0,0,0,0,0,0,0,0,0,0,0,0,0,0,0,0,0,0,0,0,0,0,0,0,0,0,0,
"India +","LKA","Sri Lanka",0,4.39781e-3,6.60426e-1,2.51208e-3,4.29932e-1,4.69133e-3,5.86152e-4,0,2.53846e+1,2.65972e+0,4.53268e-1,0,0,0,0,0,0,0,0,0,0,0,0,0,0,0,0,0,0,0,0,0,0,1.20620e+2,1.01540e+1,3.00631e+2,0,0,0,0,1.57243e-1,2.49508e-1,1.65532e+0,0,0,0,0,0,0,2.59394e+1,7.55020e+1,0,0,0,0,0,0,5.64508e+2
"India +","MDV","Maldives",3.20435e-4,0,1.03989e-3,1.83325e-5,5.47159e-3,0,4.11957e-4,0,8.34559e-3,4.48224e-2,0,0,0,0,0,0,0,0,0,0,0,0,0,0,0,0,0,0,0,0,0,0,0,0,0,0,0,0,0,0,0,7.65750e-3,0,0,0,0,0,0,0,3.14819e-1,6.78880e-1,0,0,0,0,0,0,1.06179e+0
"India +","NPL","Nepal",2.51208e-4,0,6.15879e-2,0,6.47751e-2,0,0,0,5.53309e+1,4.29735e+0,0,0,0,0,0,0,0,0,0,0,0,0,0,0,0,0,0,0,0,0,0,0,0,3.64783e+2,3.10292e+1,3.98893e+2,0,0,0,0,7.83168e-1,6.52081e+0,3.49683e-1,0,0,0,0,0,0,1.87561e+0,7.22772e+1,0,0,0,0,0,0,9.36267e+2
"India +","PAK","Pakistan",1.72795e-1,1.19444e-2,6.28606e-1,0,2.42645e+0,3.63143e-2,0,0,1.20671e+2,3.65846e+1,4.29738e+2,0,0,0,0,0,0,0,0,0,0,0,0,0,0,0,0,0,0,0,0,0,0,1.91426e+3,1.40779e+2,8.60797e+2,0,0,0,0,1.24584e+0,6.67322e+0,8.29124e-2,9.33528e-2,0,0,0,0,0,6.69319e+1,3.81953e+2,0,0,0,0,0,0,3.96309e+3
"Korea","KOR","Korea, Republic of",1.76556e-1,1.10080e-1,1.59561e+0,1.27069e-2,4.14356e+0,4.39592e-2,2.32409e-1,0,1.52307e+2,3.46359e+2,1.28314e+1,0,0,0,0,0,2.19811e-1,9.68200e-1,0,0,0,0,0,0,0,0,0,0,0,0,0,0,0,2.18440e+2,1.16689e+1,5.62563e+2,0,0,0,0,0,5.23844e-1,0,3.10896e-1,0,0,0,0,0,6.31323e+1,2.42133e+2,0,0,0,0,0,0,1.61777e+3
"Korea","PRK","Korea, Democratic People's Republic of",1.80753e-1,1.50725e-3,7.99343e+0,0,9.16752e-1,0,0,0,8.28003e+1,5.60960e+2,4.15058e-1,0,0,0,0,0,0,1.10000e-1,0,0,0,0,0,0,0,0,0,0,0,0,0,0,0,7.21354e+1,1.15793e+1,2.09007e+2,0,0,0,0,0,4.25900e+0,0,3.62088e+1,0,0,0,0,0,2.41782e+1,9.16086e+1,1.61031e-1,0,0,0,0,0,1.10251e+3
"China +","CHN","China",3.29603e+0,1.38333e+0,6.54679e+1,1.18068e-2,1.65056e+1,9.15150e-1,0,8.50298e-1,4.58187e+3,8.75049e+3,8.42314e+2,0,0,0,0,0,4.08611e+0,6.86066e+0,0,0,0,0,0,0,0,0,0,0,0,0,0,0,0,5.62422e+3,1.00002e+3,1.72299e+4,0,0,0,0,5.88000e+0,1.25097e+1,1.29712e+1,6.55920e+1,0,0,0,0,0,7.73272e+2,4.98157e+3,5.88952e+0,0,9.00000e+1,0,0,0,4.40759e+4
"China +","HKG","Hong Kong",1.13123e-1,0,1.25101e-1,0,4.49598e-1,0,0,0,2.75282e-1,0,2.30367e+0,0,0,0,0,0,0,0,0,0,0,0,0,0,0,0,0,0,0,0,0,0,0,0,0,0,0,0,0,0,0,0,0,0,0,0,0,0,0,3.18596e+1,2.49800e+1,1.62802e-1,0,0,0,0,0,6.02692e+1
"China +","MAC","Macao",3.98968e-4,0,2.33254e-3,1.77431e-4,2.11568e-2,0,1.10038e-3,0,1.90877e-2,0,0,0,0,0,0,0,0,0,0,0,0,0,0,0,0,0,0,0,0,0,0,0,0,0,0,0,0,0,0,0,0,0,0,0,0,0,0,0,0,1.86115e+0,1.35587e+0,9.45347e-3,0,0,0,0,0,3.27072e+0
"China +","MNG","Mongolia",6.05421e-2,0,9.75189e-2,1.01229e-3,5.64641e-1,0,7.12145e-3,0,9.50551e+0,1.54512e+1,0,0,0,0,0,0,0,0,0,0,0,0,0,0,0,0,0,0,0,0,0,0,0,2.66781e+2,1.28162e+1,0,0,0,0,0,0,1.11101e-1,4.48267e-1,3.77544e+1,0,0,0,0,0,1.77642e+0,8.11102e+0,1.40599e-2,0,0,0,0,0,3.53500e+2
"China +","TWN","Taiwan_Province of China",1.44843e-1,1.09785e-1,1.57382e+0,1.06590e-3,4.30612e+0,6.77632e-3,5.45121e-2,0,1.42265e+0,2.62944e+1,2.44414e+1,0,0,0,0,0,3.63330e-1,4.29010e-1,0,0,0,0,0,0,0,0,0,0,0,0,0,0,0,1.98081e+1,4.32370e+1,0,0,0,0,0,0,0,0,0,0,0,0,0,0,6.42514e+1,9.84753e+1,3.47142e-1,0,0,0,0,0,2.85267e+2
"Southeastern Asia","BRN","Brunei Darussalam",5.11628e-2,8.69600e-2,1.19324e-2,0,1.92663e-1,0,0,0,4.31878e-2,1.36850e-2,1.34158e+2,0,0,0,0,0,0,0,0,0,0,0,0,0,0,0,0,0,0,0,0,0,0,3.04606e-1,1.72066e-1,2.24885e-1,0,0,0,0,0,7.95842e-3,1.87020e+1,0,0,0,0,0,0,1.18674e+0,1.01463e+0,3.39418e-2,0,0,0,0,0,1.56205e+2
"Southeastern Asia","KHM","Cambodia",4.27557e-4,0,3.74683e-2,8.06737e-4,3.40840e-2,0,5.98808e-4,0,4.69810e+1,2.03089e+0,0,0,0,0,0,0,0,0,0,0,0,0,0,0,0,0,0,0,0,0,0,0,0,1.14901e+2,1.42394e+1,3.37852e+2,0,0,0,0,4.56408e+1,1.20548e+1,0,0,0,0,0,0,0,3.49974e+0,3.60419e+1,1.05405e-1,0,0,0,0,0,6.13421e+2
"Southeastern Asia","LAO","Lao People's Democratic Republic",1.90030e-4,0,1.65384e-2,3.55111e-4,1.79669e-2,0,2.93020e-4,0,2.23538e+1,1.08138e+0,0,0,0,0,0,0,0,0,0,0,0,0,0,0,0,0,0,0,0,0,0,0,0,8.05508e+1,1.05409e+1,1.11773e+2,0,0,0,0,6.15816e+1,6.15720e+0,3.05510e+1,0,0,0,0,0,0,1.40338e+0,1.54370e+1,0,0,0,0,0,0,3.41466e+2
"Southeastern Asia","MMR","Myanmar",8.83342e-2,1.88406e-2,9.85154e-2,0,4.73901e-1,0,0,4.18680e-5,8.22107e+1,4.73782e+1,2.79372e+1,0,0,0,0,0,0,0,0,0,0,0,0,0,0,0,0,0,0,0,0,0,0,5.84522e+2,6.40006e+1,1.17650e+3,0,0,0,0,4.35864e+1,5.26305e+1,1.33702e+3,0,0,0,0,0,0,2.60550e+1,1.66837e+2,0,0,0,0,0,0,3.60935e+3
"Southeastern Asia","MYS","Malaysia",9.01317e-2,1.10364e-1,4.37437e-1,0,3.48271e+0,0,0,0,2.15330e+1,3.21066e+1,3.08850e+2,0,0,0,0,0,1.29728e+0,0,0,0,0,0,0,0,0,0,0,0,0,0,0,0,0,4.33284e+1,1.68915e+1,2.11075e+2,0,0,0,0,3.46560e+1,7.12954e+0,1.65036e+2,0,0,0,0,0,0,3.93237e+1,8.44766e+1,5.75572e-1,0,0,0,0,0,9.70400e+2
"Southeastern Asia","PHL","Philippines",9.55323e-2,5.21571e-2,1.06872e+0,8.37360e-5,1.23740e+0,0,5.80291e-2,0,7.97801e+1,8.77960e+1,2.89266e+0,0,0,0,0,0,7.34280e-4,3.46680e-1,0,0,0,0,0,0,0,0,0,0,0,0,0,0,0,2.97791e+2,5.44087e+1,1.05101e+3,0,0,0,0,5.14944e+0,5.00873e+1,7.45076e+0,0,0,0,0,0,0,8.78571e+1,2.77673e+2,0,0,0,0,0,0,2.00475e+3
"Southeastern Asia","SGP","Singapore",1.84261e-3,6.77432e-2,2.85121e-2,0,6.47677e-1,0,0,0,2.69181e-2,2.84970e+0,1.23206e+1,0,0,0,0,0,1.55100e-1,0,0,0,0,0,0,0,0,0,0,0,0,0,0,0,0,5.51010e-1,1.61809e+0,0,0,0,0,0,9.73968e-1,1.09212e-4,0,0,0,0,0,0,0,5.67413e+0,1.29660e+1,3.17273e+0,0,0,0,0,0,4.10541e+1
"Southeastern Asia","THA","Thailand",1.98363e-1,1.79493e-2,3.27147e+0,0,3.41853e+0,0,1.41849e-1,0,1.24277e+2,3.07045e+2,6.07809e+1,0,0,0,0,0,2.16234e-1,0,0,0,0,0,0,0,0,0,0,0,0,0,0,0,0,6.63111e+2,4.82820e+1,2.29632e+3,0,0,0,0,5.40936e+1,6.01664e+1,1.85973e+1,0,0,0,0,0,0,1.15910e+2,2.40385e+2,1.46676e+0,0,0,0,0,0,3.99770e+3
"Southeastern Asia","TLS","Timor-Leste",0,0,2.97165e-3,0,0,0,0,0,2.00320e-1,0,0,0,0,0,0,0,0,0,0,0,0,0,0,0,0,0,0,0,0,0,0,0,0,5.29267e+0,8.23507e-1,6.23814e+0,0,0,0,0,0,3.41285e-1,0,0,0,0,0,0,0,1.19782e-1,2.87876e+0,3.28281e-3,0,0,0,0,0,1.59007e+1
"Southeastern Asia","VNM","Viet Nam",4.79952e-2,0,7.19669e-1,2.49114e-3,7.04044e-1,4.10306e-3,0,4.01934e-3,1.63143e+2,1.16670e+2,1.30928e+1,0,0,0,0,0,0,0,0,0,0,0,0,0,0,0,0,0,0,0,0,0,0,3.12116e+2,7.84678e+1,1.73933e+3,0,0,0,0,2.10185e+1,4.63898e+1,9.02224e-1,0,0,0,0,0,0,3.70623e+1,2.67362e+2,0,0,0,0,0,0,2.79704e+3
"Indonesia +","IDN","Indonesia",1.46699e-1,4.12930e-1,7.24442e-1,6.38487e-3,5.99181e+0,0,5.18745e-2,0,5.54429e+2,1.07218e+2,8.40047e+2,0,0,0,0,0,8.66100e-3,0,0,0,0,0,0,0,0,0,0,0,0,0,0,0,0,9.20516e+2,7.43077e+1,2.68150e+3,0,0,0,0,1.22724e+2,1.52277e+2,5.53955e+2,0,3.79850e+3,0,0,0,0,2.53455e+2,7.72680e+2,3.46852e+0,0,0,0,0,0,1.08424e+4
"Indonesia +","PNG","Papua New Guinea",5.80101e-3,0,2.02367e-2,6.40051e-4,5.69529e-2,0,6.18495e-3,0,1.93471e+1,3.39388e-1,1.12018e+1,0,0,0,0,0,0,0,0,0,0,0,0,0,0,0,0,0,0,0,0,0,0,6.98489e+0,3.99334e+0,1.02929e-1,0,0,0,0,2.83128e+1,2.20059e-1,5.48372e+1,0,0,0,0,0,0,1.96720e+0,1.67739e+1,5.73984e-2,0,0,0,0,0,1.44228e+2
"Japan","JPN","Japan",6.50643e+0,5.94526e-1,1.22075e+1,5.49517e-2,1.62456e+1,1.37612e-1,1.21744e+0,8.79228e-3,2.01292e+1,3.81860e+2,3.10984e+1,0,0,0,0,0,3.86889e+0,7.11024e+0,0,0,0,0,0,0,0,0,0,0,0,0,0,0,0,4.94493e+2,2.23260e+2,1.42623e+3,0,0,0,0,0,7.60754e-1,7.38768e+0,3.16128e+0,0,0,0,0,0,3.47519e+2,3.58738e+2,1.57890e+2,7.00532e-1,0,0,0,0,3.50118e+3
"Oceania","ASM","American Samoa",0,0,0,0,0,0,0,0,6.80310e-5,0,0,0,0,0,0,0,0,0,0,0,0,0,0,0,0,0,0,0,0,0,0,0,0,1.80816e-2,1.49590e-1,0,0,0,0,0,0,3.09957e-5,0,0,0,0,0,0,0,1.86017e-1,4.78712e-2,0,0,0,0,0,0,4.01659e-1
"Oceania","ATF","French Southern Territories",0,0,0,0,0,0,0,0,0,0,0,0,0,0,0,0,0,0,0,0,0,0,0,0,0,0,0,0,0,0,0,0,0,0,0,0,0,0,0,0,0,0,0,0,0,0,0,0,0,0,0,0,0,0,0,0,0,0,
"Oceania","AUS","Australia",1.92688e+0,3.13974e-1,3.25006e+0,2.43253e-2,1.76151e+1,1.08505e-1,2.24789e-1,3.76812e-4,3.56640e+1,7.65038e+2,2.79119e+2,0,0,0,0,0,8.78293e-2,5.17410e-1,0,0,0,0,0,0,0,0,0,0,0,0,0,0,0,2.64270e+3,1.85478e+2,4.30123e+1,0,0,0,0,5.18928e+2,2.87303e+1,6.29467e+1,1.34628e+2,0,0,0,0,0,4.26050e+2,5.19881e+1,4.80362e-3,0,6.00000e-1,0,0,0,5.19895e+3
"Oceania","CCK","Cocos (Keeling) Islands",0,0,0,0,0,0,0,0,0,0,0,0,0,0,0,0,0,0,0,0,0,0,0,0,0,0,0,0,0,0,0,0,0,0,0,0,0,0,0,0,0,0,0,0,0,0,0,0,0,0,0,0,0,0,0,0,0,0,
"Oceania","COK","Cook Islands",0,0,0,0,0,0,0,0,7.43406e-3,0,0,0,0,0,0,0,0,0,0,0,0,0,0,0,0,0,0,0,0,0,0,0,0,5.74216e-2,5.24313e-2,0,0,0,0,0,0,3.38704e-3,0,0,0,0,0,0,0,0,2.62840e-2,0,0,0,0,0,0,1.46958e-1
"Oceania","CXR","Christmas Island",0,0,0,0,0,0,0,0,0,0,0,0,0,0,0,0,0,0,0,0,0,0,0,0,0,0,0,0,0,0,0,0,0,0,0,0,0,0,0,0,0,0,0,0,0,0,0,0,0,0,0,0,0,0,0,0,0,0,
"Oceania","FJI","Fiji",3.23165e-3,0,4.62914e-3,3.65193e-4,4.34156e-2,0,2.65923e-3,0,8.66884e-1,1.68503e-1,0,0,0,0,0,0,0,0,0,0,0,0,0,0,0,0,0,0,0,0,0,0,0,1.73843e+1,2.56878e+0,3.39973e+0,0,0,0,0,0,3.09547e-1,0,0,0,0,0,0,0,1.87417e+0,1.98474e+0,0,0,0,0,0,0,2.86110e+1
"Oceania","FSM","Micronesia, Federated States of",0,0,0,0,0,0,0,0,0,2.22180e-2,0,0,0,0,0,0,0,0,0,0,0,0,0,0,0,0,0,0,0,0,0,0,0,5.46480e-1,2.10332e-2,2.38577e-2,0,0,0,0,0,0,0,0,0,0,0,0,0,1.76861e-1,9.35237e-2,0,0,0,0,0,0,8.83974e-1
"Oceania","GUM","Guam",0,0,0,0,0,0,0,0,1.82696e-3,0,0,0,0,0,0,0,0,0,0,0,0,0,0,0,0,0,0,0,0,0,0,0,0,4.17877e-2,1.69411e-1,0,0,0,0,0,0,8.32382e-4,0,0,0,0,0,0,0,1.02569e+0,9.16609e-1,0,0,0,0,0,0,2.15616e+0
"Oceania","HMD","Heard Island and McDonald Islands",0,0,0,0,0,0,0,0,0,0,0,0,0,0,0,0,0,0,0,0,0,0,0,0,0,0,0,0,0,0,0,0,0,0,0,0,0,0,0,0,0,0,0,0,0,0,0,0,0,0,0,0,0,0,0,0,0,0,
"Oceania","KIR","Kiribati",5.34210e-5,0,3.04626e-4,3.63281e-5,1.43740e-3,0,4.66270e-5,0,9.39901e-3,1.96742e-2,0,0,0,0,0,0,0,0,0,0,0,0,0,0,0,0,0,0,0,0,0,0,0,1.00000e-2,4.69490e-2,0,0,0,0,0,0,3.88400e-3,0,0,0,0,0,0,0,1.43660e-1,2.05330e-1,0,0,0,0,0,0,4.40775e-1
"Oceania","MHL","Marshall Islands",0,0,0,0,0,0,0,0,0,0,0,0,0,0,0,0,0,0,0,0,0,0,0,0,0,0,0,0,0,0,0,0,0,0,0,0,0,0,0,0,0,0,0,0,0,0,0,0,0,1.42034e-1,4.72581e-2,0,0,0,0,0,0,1.89292e-1
"Oceania","MNP","Northern Mariana Islands",0,0,0,0,0,0,0,0,2.55396e-3,0,0,0,0,0,0,0,0,0,0,0,0,0,0,0,0,0,0,0,0,0,0,0,0,0,1.52587e-5,0,0,0,0,0,0,1.16361e-3,0,0,0,0,0,0,0,1.48108e-1,2.91351e-2,0,0,0,0,0,0,1.80976e-1
"Oceania","NCL","New Caledonia",9.12146e-4,0,4.06299e-3,2.88529e-5,4.81847e-2,0,1.26436e-3,0,3.65515e-2,3.05900e-2,0,0,0,0,0,0,0,0,0,0,0,0,0,0,0,0,0,0,0,0,0,0,0,7.62279e+0,9.37726e-1,0,0,0,0,0,0,3.09630e-3,0,0,0,0,0,0,0,1.03978e+0,2.04145e-1,0,0,0,0,0,0,9.92913e+0
"Oceania","NFK","Norfolk Island",0,0,0,0,0,0,0,0,0,0,0,0,0,0,0,0,0,0,0,0,0,0,0,0,0,0,0,0,0,0,0,0,0,0,0,0,0,0,0,0,0,0,0,0,0,0,0,0,0,0,4.04712e-3,0,0,0,0,0,0,4.04712e-3
"Oceania","NIU","Niue",0,0,0,0,0,0,0,0,1.59044e-4,4.83000e-4,0,0,0,0,0,0,0,0,0,0,0,0,0,0,0,0,0,0,0,0,0,0,0,2.33466e-2,1.92850e-2,0,0,0,0,0,0,7.24623e-5,0,0,0,0,0,0,0,4.69747e-3,4.45638e-3,0,0,0,0,0,0,5.25000e-2
"Oceania","NRU","Nauru",0,0,0,0,0,0,0,0,0,0,0,0,0,0,0,0,0,0,0,0,0,0,0,0,0,0,0,0,0,0,0,0,0,2.20000e-3,6.52216e-3,0,0,0,0,0,0,0,0,0,0,0,0,0,0,5.82743e-2,1.11611e-2,0,0,0,0,0,0,7.81575e-2
"Oceania","NZL","New Zealand",1.42681e-1,2.34267e-2,6.83209e-1,2.90982e-3,2.98539e+0,8.37360e-5,1.84638e-2,6.53142e-3,2.27011e+0,8.98027e+0,2.33637e+1,0,0,0,0,0,0,0,0,0,0,0,0,0,0,0,0,0,0,0,0,0,0,1.12638e+3,9.15691e+1,0,0,0,0,0,0,8.05858e-1,0,0,0,0,0,0,0,8.41707e+1,8.72564e+0,0,0,0,0,0,0,1.35013e+3
"Oceania","PCN","Pitcairn",0,0,0,0,0,0,0,0,0,0,0,0,0,0,0,0,0,0,0,0,0,0,0,0,0,0,0,0,0,0,0,0,0,0,0,0,0,0,0,0,0,0,0,0,0,0,0,0,0,0,1.04210e-3,0,0,0,0,0,0,1.04210e-3
"Oceania","PLW","Palau",0,0,0,0,0,0,0,0,0,0,0,0,0,0,0,0,0,0,0,0,0,0,0,0,0,0,0,0,0,0,0,0,0,0,0,0,0,0,0,0,0,0,0,0,0,0,0,0,0,0,4.99712e-2,0,0,0,0,0,0,4.99712e-2
"Oceania","PYF","French Polynesia",3.22051e-3,0,2.31203e-3,5.18565e-5,6.58438e-2,0,2.73379e-3,0,4.00956e-2,0,0,0,0,0,0,0,0,0,0,0,0,0,0,0,0,0,0,0,0,0,0,0,0,6.85169e-1,4.20542e-1,0,0,0,0,0,0,2.85366e-3,0,0,0,0,0,0,0,1.22009e+0,6.98586e-1,0,0,0,0,0,0,3.14150e+0
"Oceania","SLB","Solomon Islands",6.71202e-4,0,1.50256e-3,4.53154e-5,9.04717e-3,0,5.52419e-4,0,4.64981e-1,5.66076e-2,0,0,0,0,0,0,0,0,0,0,0,0,0,0,0,0,0,0,0,0,0,0,0,9.72256e+1,2.77244e+0,7.03803e-1,0,0,0,0,0,1.07631e-2,0,0,0,0,0,0,0,1.57749e-1,4.68959e-1,0,0,0,0,0,0,1.01873e+2
"Oceania","TKL","Tokelau",0,0,0,0,0,0,0,0,3.23436e-4,0,0,0,0,0,0,0,0,0,0,0,0,0,0,0,0,0,0,0,0,0,0,0,0,1.00000e-3,3.20383e-3,0,0,0,0,0,0,1.47361e-4,0,0,0,0,0,0,0,0,8.02683e-3,0,0,0,0,0,0,1.27015e-2
"Oceania","TON","Tonga",0,0,0,0,6.97068e-3,0,0,0,6.38553e-3,1.80642e-2,0,0,0,0,0,0,0,0,0,0,0,0,0,0,0,0,0,0,0,0,0,0,0,8.74782e-1,1.10055e+0,0,0,0,0,0,0,2.90932e-3,0,0,0,0,0,0,0,2.06428e-1,4.48191e-1,0,0,0,0,0,0,2.66428e+0
"Oceania","TUV","Tuvalu",0,0,0,0,0,0,0,0,0,0,0,0,0,0,0,0,0,0,0,0,0,0,0,0,0,0,0,0,0,0,0,0,0,9.14800e-3,2.72731e-2,0,0,0,0,0,0,0,0,0,0,0,0,0,0,1.34511e-2,6.65008e-2,0,0,0,0,0,0,1.16373e-1
"Oceania","VUT","Vanuatu",3.70414e-4,0,8.32977e-4,4.00065e-5,9.53935e-3,0,4.98589e-4,0,1.38725e-1,2.46974e-2,0,0,0,0,0,0,0,0,0,0,0,0,0,0,0,0,0,0,0,0,0,0,0,6.42108e+0,1.23442e+0,0,0,0,0,0,0,2.26588e-2,0,0,0,0,0,0,0,1.46824e-1,7.08537e-1,0,0,0,0,0,0,8.70822e+0
"Oceania","WLF","Wallis and Futuna",0,0,0,0,0,0,0,0,1.72047e-3,0,0,0,0,0,0,0,0,0,0,0,0,0,0,0,0,0,0,0,0,0,0,0,0,6.51712e-2,7.17230e-2,0,0,0,0,0,0,7.83862e-4,0,0,0,0,0,0,0,0,5.81614e-2,0,0,0,0,0,0,1.97560e-1
"Oceania","WSM","Samoa",2.45290e-4,0,8.50905e-4,1.85625e-4,1.62232e-2,0,3.66898e-4,0,2.50975e-1,2.90444e-2,0,0,0,0,0,0,0,0,0,0,0,0,0,0,0,0,0,0,0,0,0,0,0,1.45791e+0,2.13774e+0,0,0,0,0,0,0,1.93745e-3,0,0,0,0,0,0,0,2.39923e-1,9.71948e-1,0,0,0,0,0,0,5.10735e+0
"Antartica","ATA","Antarctica",0,0,0,0,0,0,0,0,0,0,0,0,0,0,0,0,0,0,0,0,0,0,0,0,0,0,0,0,0,0,0,0,0,0,0,0,0,0,0,0,0,0,0,0,0,0,0,0,0,0,0,0,0,0,0,0,0,0,
"Int. Shipping","SEA","Int. Shipping",0,0,0,0,0,0,0,0,0,0,6.06878e+0,0,2.85836e+1,0,0,0,0,0,0,0,0,0,0,0,0,0,0,0,0,0,0,0,0,0,0,0,0,0,0,0,0,0,0,0,0,0,0,0,0,0,0,0,0,0,0,0,0,3.46524e+1
"Int. Aviation","AIR","Int. Aviation",0,0,0,0,0,0,0,0,0,0,0,1.78236e+0,0,0,0,0,0,0,0,0,0,0,0,0,0,0,0,0,0,0,0,0,0,0,0,0,0,0,0,0,0,0,0,0,0,0,0,0,0,0,0,0,0,0,0,0,0,1.78236e+0

"TOTALS",,,7.75994e+1,3.13552e+1,3.41531e+2,1.61833e+0,7.30678e+2,7.93047e+0,1.01527e+1,2.07209e+0,1.26931e+4,3.37359e+4,4.36036e+4,1.78236e+0,2.85836e+1,0,0,0,7.12516e+1,5.81141e+1,0,0,0,0,0,0,0,0,0,0,0,0,0,0,0,8.68195e+4,1.08349e+4,4.08655e+4,0,0,0,0,5.60089e+3,1.14012e+3,7.35419e+3,1.11541e+3,3.79850e+3,0,0,0,0,2.40120e+4,2.18577e+4,2.35465e+2,4.49369e+0,1.50600e+2,0,0,0,02.95185e+5