Content:,Emissions by country and main source category ,,,,,,,,,,,,,,,,,,,,,,,,,,,,,,,,,,,,,,,,,,,,,,,,,,,,,,,,,,,,
Compound:,CH4,,,,,,,,,,,,,,,,,,,,,,,,,,,,,,,,,,,,,,,,,,,,,,,,,,,,,,,,,,,,
Year: ,2008,,,,,,,,,,,,,,,,,,,,,,,,,,,,,,,,,,,,,,,,,,,,,,,,,,,,,,,,,,,,
Unit:,Gg CH4,,,,,,,,,,,,,,,,,,,,,,,,,,,,,,,,,,,,,,,,,,,,,,,,,,,,,,,,,,,,
Source:,"European Commission, Joint Research Centre (JRC)/PBL Netherlands Environmental Assessment Agency. Emission Database for Global Atmospheric Research (EDGAR), release version 4.2. http://edgar.jrc.ec.europe.eu, 2010 ",,,,,,,,,,,,,,,,,,,,,,,,,,,,,,,,,,,,,,,,,,,,,,,,,,,,,,,,,,,,
Dataset:,v4.2_EM_CH4_300911(edgar),,,,,,,,,,,,,,,,,,,,,,,,,,,,,,,,,,,,,,,,,,,,,,,,,,,,,,,,,,,,
Date calculated:,"November 30, 1999, 12:00 am",,,,,,,,,,,,,,,,,,,,,,,,,,,,,,,,,,,,,,,,,,,,,,,,,,,,,,,,,,,,
,,,,,,,,,,,,,,,,,,,,,,,,,,,,,,,,,,,,,,,,,,,,,,,,,,,,,,,,,,,,,
,,,Public electricity and heat production,Other Energy Industries,Manufacturing Industries and Construction,Domestic aviation,Road transportation,Rail transportation,Inland navigation,Other transportation,Residential and other sectors,Fugitive emissions from solid fuels,Fugitive emissions from oil and gas,Memo: International aviation,Memo: International navigation,Cement production,Lime production,Production of other minerals,Production of chemicals,Production of metals,Production of pulp/paper/food/drink,Production of halocarbons and SF6,Refrigeration and Air Conditioning,Foam Blowing,Fire Extinguishers,Aerosols,F-gas as Solvent,Semiconductor/Electronics Manufacture,Electrical Equipment,Other F-gas use,Non-energy use of lubricants/waxes (CO2),Solvent and other product use: paint,Solvent and other product use: degrease,Solvent and other product use: chemicals,Solvent and other product use: other,Enteric fermentation,Manure management,Rice cultivation,Direct soil emissions,Manure in pasture/range/paddock,Indirect N2O from agriculture,Other direct soil emissions,Savanna burning,Agricultural waste burning,Forest fires,Grassland fires,Peat fires and decay of drained peatland,Other vegetation fires,Other biomass burning,Forest Fires-Post burn decay,Forest Land: net carbon stock change,Solid waste disposal on land,Wastewater handling,Waste incineration,Other waste handling,Fossil fuel fires,Indirect N2O from non-agricultural NOx,Indirect N2O from non-agricultural NH3,Other sources,,
,,,,,,,,,,,,,,,,,,,,,,,,,,,,,,,,,,,,,,,,,,,,,,,,,,,,,,,,,,,,,
World Region,ISO_A3,Country,1A1a,1A1bc,1A2,1A3a,1A3b,1A3c,1A3d,1A3e,1A4,1B1,1B2,1C1,1C2,2A1,2A2,2A7,2B,2C,2D,2E,2F1,2F2,2F3,2F4,2F5,2F7,2F8,2F9,2G,3A,3B,3C,3D,4A,4B,4C,4D1,4D2,4D3,4D4,4E,4F,5A,5C,5D,5F,5F1,5F2,5FL,6A,6B,6C,6D,7A,7B,7C,7D,TOTAL ,
Canada,CAN,Canada,3.87E+00,2.52E+00,1.20E+01,1.12E-01,8.98E+00,3.55E-01,4.98E-01,1.34E-01,5.70E+01,9.38E+01,1.98E+03,0,0,0,0,0,3.51E+00,1.34E-01,0,0,0,0,0,0,0,0,0,0,0,0,0,0,0,1.09E+03,2.79E+02,0,0,0,0,0,0,7.94E+00,1.03E+01,2.33E+00,0,0,0,0,0,1.36E+03,2.11E+02,2.33E-01,1.38E+01,0,0,0,0,5.14E+03,
USA,SPM,Saint Pierre and Miquelon,0,0,6.25E-03,0,0,0,5.35E-05,1.23E-04,0,0,0,0,0,0,0,0,0,0,0,0,0,0,0,0,0,0,0,0,0,0,0,0,0,3.73E-03,2.62E-03,0,0,0,0,0,0,0,0,0,0,0,0,0,0,5.35E-02,1.29E-02,9.27E-04,5.71E-04,0,0,0,0,8.07E-02,
USA,UMI,United States Minor Outlying Islands,0,0,0,0,0,0,0,0,0,0,0,0,0,0,0,0,0,0,0,0,0,0,0,0,0,0,0,0,0,0,0,0,0,0,0,0,0,0,0,0,0,0,0,0,0,0,0,0,0,0,0,0,0,0,0,0,0,0,
USA,USA,United States,5.57E+01,8.72E+00,5.85E+01,1.18E+00,9.89E+01,1.75E+00,1.04E+00,7.51E-01,3.01E+02,4.14E+03,5.79E+03,0,0,0,0,0,2.40E+01,7.64E-01,0,0,0,0,0,0,0,0,0,0,0,0,0,0,0,6.72E+03,2.20E+03,4.18E+02,0,0,0,0,3.86E-01,3.81E+01,8.11E+00,9.29E+00,0,0,0,0,0,5.23E+03,8.87E+02,0,8.29E+01,1.50E+01,0,0,0,2.61E+04,
Mexico,MEX,Mexico,3.70E+00,2.02E+00,3.75E+00,4.60E-04,2.01E+01,1.00E-01,2.60E-01,0,7.61E+01,4.45E+01,1.73E+03,0,0,0,0,0,6.65E+00,2.66E-01,0,0,0,0,0,0,0,0,0,0,0,0,0,0,0,2.30E+03,2.33E+02,6.05E+00,0,0,0,0,2.29E+01,3.30E+01,3.88E+01,1.44E-01,0,0,0,0,0,4.74E+02,5.04E+02,0,0,0,0,0,0,5.51E+03,
Rest Central America,ABW,Aruba,1.73E-03,0,1.01E-02,0,7.76E-03,0,0,4.29E-07,2.50E-02,1.47E-02,6.46E-03,0,0,0,0,0,0,0,0,0,0,0,0,0,0,0,0,0,0,0,0,0,0,3.39E-02,4.19E-03,0,0,0,0,0,0,0,0,0,0,0,0,0,0,4.94E-01,4.37E-01,0,0,0,0,0,0,1.04E+00,
Rest Central America,AIA,Anguilla,2.13E-04,0,1.24E-03,0,0,0,0,0,1.02E-04,9.15E-02,0,0,0,0,0,0,0,0,0,0,0,0,0,0,0,0,0,0,0,0,0,0,0,0,0,0,0,0,0,0,0,0,0,0,0,0,0,0,0,1.26E-02,3.99E-02,0,0,0,0,0,0,1.45E-01,
Rest Central America,ANT,Netherlands Antilles,0,8.93E-02,1.78E-02,1.39E-03,7.50E-02,0,0,0,3.51E-02,2.35E-02,2.74E+00,0,0,0,0,0,0,0,0,0,0,0,0,0,0,0,0,0,0,0,0,0,0,1.85E-01,8.77E-03,0,0,0,0,0,0,0,0,0,0,0,0,0,0,1.70E+00,7.89E-01,0,0,0,0,0,0,5.67E+00,
Rest Central America,ATG,Antigua and Barbuda,4.51E-03,0,8.79E-03,2.21E-05,1.58E-02,0,0,4.36E-06,1.21E-02,0,1.37E-02,0,0,0,0,0,0,0,0,0,0,0,0,0,0,0,0,0,0,0,0,0,0,1.18E+00,2.63E-02,0,0,0,0,0,0,1.62E-03,0,0,0,0,0,0,0,3.82E-01,3.23E-01,0,0,0,0,0,0,1.97E+00,
Rest Central America,BHS,Bahamas,2.93E-02,0,4.30E-02,1.13E-03,1.19E-01,0,4.72E-04,1.12E-03,9.31E-02,9.15E-02,1.04E-01,0,0,0,0,0,0,0,0,0,0,0,0,0,0,0,0,0,0,0,0,0,0,1.66E-01,3.85E-02,0,0,0,0,0,0,2.30E-03,0,0,0,0,0,0,0,7.98E+00,1.42E+00,0,0,0,0,0,0,1.01E+01,
Rest Central America,BLZ,Belize,1.28E-02,0,2.83E-02,1.08E-05,6.58E-02,0,1.59E-04,3.65E-04,1.04E+00,6.40E-02,2.35E-02,0,0,0,0,0,0,0,0,0,0,0,0,0,0,0,0,0,0,0,0,0,0,3.86E+00,1.33E-01,3.10E-01,0,0,0,0,4.10E-01,4.73E-01,0,0,0,0,0,0,0,1.35E+00,1.42E+00,0,0,0,0,0,0,9.20E+00,
Rest Central America,BMU,Bermuda,8.07E-03,0,7.21E-03,8.37E-05,1.57E-02,0,1.15E-04,2.64E-04,6.36E-03,0,1.52E-02,0,0,0,0,0,0,0,0,0,0,0,0,0,0,0,0,0,0,0,0,0,0,6.34E-02,2.67E-03,0,0,0,0,0,0,4.16E-05,0,0,0,0,0,0,0,1.01E+00,2.73E-01,0,0,0,0,0,0,1.40E+00,
Rest Central America,BRB,Barbados,1.03E-02,1.52E-03,3.02E-02,4.85E-05,3.91E-02,0,1.15E-04,2.43E-04,2.36E-02,2.74E-02,2.82E-01,0,0,0,0,0,0,0,0,0,0,0,0,0,0,0,0,0,0,0,0,0,0,7.20E-01,8.23E-02,0,0,0,0,0,0,1.09E-01,0,0,0,0,0,0,0,2.06E+00,1.55E+00,0,0,0,0,0,0,4.93E+00,
Rest Central America,CRI,Costa Rica,2.48E-02,2.72E-03,5.83E-01,0,3.80E-01,0,4.25E-03,0,2.12E+00,1.83E-01,9.16E+00,0,0,0,0,0,0,0,0,0,0,0,0,0,0,0,0,0,0,0,0,0,0,5.64E+01,2.90E+00,6.10E+00,0,0,0,0,5.62E-01,1.14E+00,0,0,0,0,0,0,0,3.22E+00,2.04E+01,0,0,0,0,0,0,1.03E+02,
Rest Central America,CUB,Cuba,4.48E-01,1.88E-03,1.27E+00,0,9.89E-02,0,0,0,5.25E+00,4.76E+00,2.86E+01,0,0,0,0,0,0,0,0,0,0,0,0,0,0,0,0,0,0,0,0,0,0,2.14E+02,8.26E+00,5.01E+00,0,0,0,0,7.82E+00,4.21E+00,0,0,0,0,0,0,0,6.71E+01,5.42E+01,0,0,0,0,0,0,4.01E+02,
Rest Central America,CYM,Cayman Islands,5.71E-03,0,5.01E-03,1.64E-05,1.32E-02,0,0,2.90E-06,6.86E-03,0,9.47E-03,0,0,0,0,0,0,0,0,0,0,0,0,0,0,0,0,0,0,0,0,0,0,7.79E-02,4.12E-03,0,0,0,0,0,0,1.12E-05,0,0,0,0,0,0,0,9.53E-01,1.98E-01,0,0,0,0,0,0,1.27E+00,
Rest Central America,DMA,Dominica,2.38E-03,0,7.92E-03,4.23E-06,2.07E-02,0,3.00E-05,6.91E-05,1.49E-03,1.83E-02,3.41E-03,0,0,0,0,0,0,0,0,0,0,0,0,0,0,0,0,0,0,0,0,0,0,8.94E-01,2.21E-02,0,0,0,0,0,0,2.37E-03,0,0,0,0,0,0,0,5.28E-01,3.71E-01,0,0,0,0,0,0,1.87E+00,
Rest Central America,DOM,Dominican Republic,1.22E-01,4.31E-03,6.18E-01,0,5.05E-01,0,0,2.63E-02,1.64E+01,3.64E+01,7.03E-01,0,0,0,0,0,0,0,0,0,0,0,0,0,0,0,0,0,0,0,0,0,0,1.48E+02,4.71E+00,2.07E+01,0,0,0,0,6.55E-01,2.00E+00,0,0,0,0,0,0,0,4.98E+01,3.90E+01,5.72E-01,0,0,0,0,0,3.20E+02,
Rest Central America,GLP,Guadeloupe,1.49E-02,0,4.88E-02,3.58E-04,7.00E-02,0,0,2.12E-05,5.04E-01,1.89E-01,4.88E-02,0,0,0,0,0,0,0,0,0,0,0,0,0,0,0,0,0,0,0,0,0,0,4.31E+00,1.17E-01,0,0,0,0,0,0,2.07E-01,0,0,0,0,0,0,0,3.52E+00,2.07E+00,0,0,0,0,0,0,1.11E+01,
Rest Central America,GRD,Grenada,4.47E-03,0,1.04E-02,2.31E-05,2.60E-02,0,2.61E-04,5.95E-04,4.94E-02,1.57E-01,6.54E-03,0,0,0,0,0,0,0,0,0,0,0,0,0,0,0,0,0,0,0,0,0,0,3.47E-01,1.28E-02,0,0,0,0,0,0,4.63E-03,0,0,0,0,0,0,0,4.68E-01,5.79E-01,0,0,0,0,0,0,1.67E+00,
Rest Central America,GTM,Guatemala,1.43E-01,0,9.72E-02,0,5.58E-01,0,0,1.25E-04,5.10E+01,5.30E+00,1.72E+00,0,0,0,0,0,0,0,0,0,0,0,0,0,0,0,0,0,0,0,0,0,0,1.46E+02,3.66E+00,1.72E+00,0,0,0,0,3.05E+00,6.87E+00,6.62E+00,0,0,0,0,0,0,2.02E+01,5.58E+01,0,0,0,0,0,0,3.03E+02,
Rest Central America,HND,Honduras,2.08E-01,0,2.20E-01,0,4.94E-01,0,0,0,1.85E+01,2.41E+00,0,0,0,0,0,0,0,0,0,0,0,0,0,0,0,0,0,0,0,0,0,0,0,1.90E+02,4.08E+00,4.26E-01,0,0,0,0,7.01E-01,2.40E+00,0,0,0,0,0,0,0,8.27E+00,3.02E+01,0,0,0,0,0,0,2.58E+02,
Rest Central America,HTI,Haiti,5.93E-03,0,4.37E-01,0,1.49E-01,0,0,2.61E-02,2.07E+01,2.14E+01,0,0,0,0,0,0,0,0,0,0,0,0,0,0,0,0,0,0,0,0,0,0,0,9.56E+01,3.97E+00,6.36E+00,0,0,0,0,2.71E-01,8.84E-01,0,0,0,0,0,0,0,1.95E+01,4.46E+01,0,0,0,0,0,0,2.14E+02,
Rest Central America,JAM,Jamaica,2.08E-01,1.80E-04,2.32E-02,0,4.00E-01,0,0,4.13E-02,2.72E+00,3.66E+00,2.98E-01,0,0,0,0,0,0,0,0,0,0,0,0,0,0,0,0,0,0,0,0,0,0,2.98E+01,8.76E-01,2.45E-03,0,0,0,0,0,8.29E-01,0,0,0,0,0,0,0,1.18E+01,1.26E+01,0,0,0,0,0,0,6.32E+01,
Rest Central America,KNA,Saint Kitts and Nevis,2.25E-03,0,4.41E-03,2.97E-05,4.99E-03,0,9.55E-05,2.20E-04,2.98E-03,0,2.98E-03,0,0,0,0,0,0,0,0,0,0,0,0,0,0,0,0,0,0,0,0,0,0,4.62E-01,1.17E-02,0,0,0,0,0,0,3.17E-02,0,0,0,0,0,0,0,6.95E-01,2.56E-01,0,0,0,0,0,0,1.47E+00,
Rest Central America,LCA,Saint Lucia,8.06E-03,0,1.65E-02,6.65E-06,2.59E-02,0,3.13E-05,7.21E-05,1.76E-02,3.03E-02,1.05E-02,0,0,0,0,0,0,0,0,0,0,0,0,0,0,0,0,0,0,0,0,0,0,8.57E-01,3.48E-02,0,0,0,0,0,0,8.89E-03,0,0,0,0,0,0,0,1.98E-01,8.06E-01,0,0,0,0,0,0,2.01E+00,
Rest Central America,MSR,Montserrat,8.30E-04,0,5.23E-04,4.67E-06,5.13E-03,0,2.78E-03,2.42E-04,7.62E-02,0,1.79E-03,0,0,0,0,0,0,0,0,0,0,0,0,0,0,0,0,0,0,0,0,0,0,6.20E-01,1.37E-02,0,0,0,0,0,0,4.87E-05,0,0,0,0,0,0,0,9.06E-03,3.41E-02,0,0,0,0,0,0,7.65E-01,
Rest Central America,MTQ,Martinique,2.25E-02,0,4.50E-02,3.26E-04,6.58E-02,0,1.83E-05,7.48E-05,8.42E-02,1.64E-01,5.55E-02,0,0,0,0,0,0,0,0,0,0,0,0,0,0,0,0,0,0,0,0,0,0,1.67E+00,5.51E-02,0,0,0,0,0,0,7.49E-02,0,0,0,0,0,0,0,5.66E+00,1.73E+00,0,0,0,0,0,0,9.62E+00,
Rest Central America,NIC,Nicaragua,2.19E-01,8.78E-04,2.94E-01,0,2.30E-01,0,1.17E-02,0,1.82E+01,8.23E-01,1.84E-01,0,0,0,0,0,0,0,0,0,0,0,0,0,0,0,0,0,0,0,0,0,0,1.96E+02,5.15E+00,1.37E+01,0,0,0,0,4.25E-01,2.00E+00,0,0,0,0,0,0,0,2.85E+01,2.93E+01,0,0,0,0,0,0,2.95E+02,
Rest Central America,PAN,Panama,5.28E-02,0,1.55E-01,0,8.86E-01,0,0,6.55E-02,4.74E+00,4.57E-01,0,0,0,0,0,0,0,0,0,0,0,0,0,0,0,0,0,0,0,0,0,0,0,1.14E+02,2.66E+00,8.07E+00,0,0,0,0,3.05E-01,8.18E-01,0,0,0,0,0,0,0,1.33E+01,1.48E+01,0,0,0,0,0,0,1.61E+02,
Rest Central America,PRI,Puerto Rico,0,0,2.46E-03,0,0,0,7.56E-05,1.74E-04,0,0,0,0,0,0,0,0,0,0,0,0,0,0,0,0,0,0,0,0,0,0,0,0,0,2.24E+01,7.05E-01,0,0,0,0,0,0,1.39E-02,0,0,0,0,0,0,0,6.77E+01,1.70E+01,0,0,0,0,0,0,1.08E+02,
Rest Central America,SLV,El Salvador,1.66E-01,7.11E-04,3.62E-01,0,2.82E-01,0,0,0,1.72E+01,4.48E+00,2.27E-01,0,0,0,0,0,0,0,0,0,0,0,0,0,0,0,0,0,0,0,0,0,0,7.46E+01,2.47E+00,4.30E-01,0,0,0,0,6.31E-01,2.11E+00,0,0,0,0,0,0,0,1.57E+01,3.03E+01,0,0,0,0,0,0,1.49E+02,
Rest Central America,TCA,Turks and Caicos Islands,4.96E-04,0,2.90E-03,0,5.07E-04,0,3.00E-05,6.91E-05,7.77E-04,1.02E-02,7.01E-05,0,0,0,0,0,0,0,0,0,0,0,0,0,0,0,0,0,0,0,0,0,0,0,0,0,0,0,0,0,0,0,0,0,0,0,0,0,0,1.29E-01,1.19E-01,0,0,0,0,0,0,2.63E-01,
Rest Central America,TTO,Trinidad and Tobago,3.67E-01,4.08E-01,1.39E-01,0,2.84E-01,0,0,0,6.86E-01,1.74E-01,5.57E+02,0,0,0,0,0,1.52E+01,0,0,0,0,0,0,0,0,0,0,0,0,0,0,0,0,2.41E+00,3.81E-01,1.61E-01,0,0,0,0,0,4.33E-01,0,0,0,0,0,0,0,1.31E+01,5.45E+01,0,0,0,0,0,0,6.45E+02,
Rest Central America,VCT,Saint Vincent and the Grenadines,4.80E-03,0,1.21E-02,7.14E-06,9.77E-03,0,0,1.01E-06,2.74E-02,3.27E-02,5.11E-03,0,0,0,0,0,0,0,0,0,0,0,0,0,0,0,0,0,0,0,0,0,0,4.09E-01,1.82E-02,0,0,0,0,0,0,1.36E-02,0,0,0,0,0,0,0,7.07E-01,5.43E-01,0,0,0,0,0,0,1.78E+00,
Rest Central America,VGB,Virgin Islands_British,1.30E-03,0,2.30E-03,3.54E-06,4.78E-03,0,0,0,2.48E-03,5.67E-03,1.82E-03,0,0,0,0,0,0,0,0,0,0,0,0,0,0,0,0,0,0,0,0,0,0,4.97E-01,2.81E-02,0,0,0,0,0,0,0,0,0,0,0,0,0,0,2.58E-01,8.55E-02,0,0,0,0,0,0,8.87E-01,
Rest Central America,VIR,Virgin Islands_USA,0,0,0,0,0,0,0,0,0,0,0,0,0,0,0,0,0,0,0,0,0,0,0,0,0,0,0,0,0,0,0,0,0,4.42E-02,8.57E-03,0,0,0,0,0,0,9.77E-02,0,0,0,0,0,0,0,1.48E+00,4.76E-01,0,0,0,0,0,0,2.10E+00,
Brazil,BRA,Brazil,4.92E+00,1.75E+01,4.20E+01,3.78E-02,1.92E+01,9.76E-02,3.31E-01,0,1.48E+02,7.66E+02,9.72E+02,0,0,0,0,0,2.53E+00,3.88E+00,0,0,0,0,0,0,0,0,0,0,0,0,0,0,0,1.40E+04,3.18E+02,4.57E+02,0,0,0,0,1.45E+01,2.62E+02,1.33E+02,3.70E-02,0,0,0,0,0,6.47E+02,2.26E+03,9.93E+00,3.67E+00,0,0,0,0,2.01E+04,
Rest South America,ARG,Argentina,1.65E+00,8.20E-01,2.93E+00,1.89E-02,6.79E+00,0,1.14E-02,0,4.39E+00,2.84E+01,7.78E+02,0,0,0,0,0,1.27E+00,1.54E-01,0,0,0,0,0,0,0,0,0,0,0,0,0,0,0,3.27E+03,6.14E+01,2.25E+01,0,0,0,0,5.18E+00,6.51E+01,1.50E+01,3.67E+01,0,0,0,0,0,8.90E+01,2.72E+02,0,0,0,0,0,0,4.66E+03,
Rest South America,BOL,Bolivia,2.05E-01,7.24E-02,6.36E-01,1.91E-03,4.87E-01,3.45E-03,2.93E-03,0,1.09E+01,1.55E+00,4.32E+02,0,0,0,0,0,0,0,0,0,0,0,0,0,0,0,0,0,0,0,0,0,0,4.34E+02,1.23E+01,3.18E+01,0,0,0,0,4.73E-01,4.68E+00,7.75E+00,0,0,0,0,0,0,1.93E+01,4.44E+01,0,0,0,0,0,0,1.00E+03,
Rest South America,BVT,Bouvet Island,0,0,0,0,0,0,0,0,0,0,0,0,0,0,0,0,0,0,0,0,0,0,0,0,0,0,0,0,0,0,0,0,0,0,0,0,0,0,0,0,0,0,0,0,0,0,0,0,0,0,0,0,0,0,0,0,0,0,
Rest South America,CHL,Chile,6.16E-01,1.00E-01,2.70E+00,1.92E-02,1.73E+00,8.15E-03,5.01E-01,0,3.77E+01,2.88E+01,1.31E+02,0,0,0,0,0,8.62E+00,0,0,0,0,0,0,0,0,0,0,0,0,0,0,0,0,3.52E+02,1.41E+01,2.55E+00,0,0,0,0,0,1.77E+00,5.71E-01,9.22E+00,0,0,0,0,0,1.10E+01,2.54E+02,0,0,0,0,0,0,8.57E+02,
Rest South America,COL,Colombia,3.35E-01,2.38E-01,3.08E+00,7.52E-04,3.79E+00,5.90E-03,6.70E-02,0,2.55E+01,2.02E+02,3.41E+02,0,0,0,0,0,5.75E-02,3.80E-02,0,0,0,0,0,0,0,0,0,0,0,0,0,0,0,1.81E+03,4.38E+01,7.89E+01,0,0,0,0,6.07E+01,1.21E+01,8.98E+01,0,0,0,0,0,0,1.12E+02,2.18E+02,0,0,0,0,0,0,3.00E+03,
Rest South America,ECU,Ecuador,9.33E-02,2.13E-02,2.83E-01,2.09E-05,1.71E+00,0,1.15E-01,0,7.07E+00,8.05E+00,1.43E+02,0,0,0,0,0,7.47E-05,0,0,0,0,0,0,0,0,0,0,0,0,0,0,0,0,3.49E+02,9.24E+00,9.42E+01,0,0,0,0,6.77E-03,4.47E+00,7.07E-02,0,0,0,0,0,0,2.36E+01,6.29E+01,0,0,0,0,0,0,7.04E+02,
Rest South America,FLK,Falkland Islands (Malvinas),8.10E-04,0,3.53E-04,5.14E-06,8.23E-04,0,1.30E-05,3.00E-05,3.01E-04,9.15E-03,8.65E-04,0,0,0,0,0,0,0,0,0,0,0,0,0,0,0,0,0,0,0,0,0,0,3.76E+00,7.46E-02,0,0,0,0,0,0,0,0,0,0,0,0,0,0,2.93E-02,1.36E-02,1.11E-04,2.05E-05,0,0,0,0,3.89E+00,
Rest South America,GUF,French Guiana,8.08E-03,0,2.23E-02,3.13E-04,1.86E-02,0,4.82E-05,1.12E-04,4.70E-01,5.85E-01,2.52E-02,0,0,0,0,0,0,0,0,0,0,0,0,0,0,0,0,0,0,0,0,0,0,5.37E-01,3.14E-02,1.46E+00,0,0,0,0,0,1.06E-02,4.39E-01,0,0,0,0,0,0,1.08E+00,9.81E-01,3.44E-03,6.35E-04,0,0,0,0,5.66E+00,
Rest South America,GUY,Guyana,3.05E-02,0,7.81E-02,4.88E-05,4.53E-02,0,0,7.16E-07,3.01E+00,3.66E-01,3.84E-02,0,0,0,0,0,0,0,0,0,0,0,0,0,0,0,0,0,0,0,0,0,0,7.00E+00,6.06E-01,3.50E+01,0,0,0,0,2.11E+00,1.30E+00,1.01E+01,0,0,0,0,0,0,1.65E+00,4.26E+00,5.05E-03,9.32E-04,0,0,0,0,6.56E+01,
Rest South America,PER,Peru,5.82E-01,9.93E-02,4.27E-01,4.18E-05,1.52E+00,0,3.22E-03,4.89E-03,2.44E+01,7.30E+00,7.26E+01,0,0,0,0,0,3.00E-04,2.53E-01,0,0,0,0,0,0,0,0,0,0,0,0,0,0,0,3.93E+02,1.30E+01,1.31E+02,0,0,0,0,2.81E-01,5.28E+00,2.08E+00,0,0,0,0,0,0,4.27E+01,1.29E+02,0,0,0,0,0,0,8.23E+02,
Rest South America,PRY,Paraguay,0,0,1.83E+00,0,2.98E-01,0,0,7.94E-04,2.10E+01,6.22E+01,2.19E-04,0,0,0,0,0,0,0,0,0,0,0,0,0,0,0,0,0,0,0,0,0,0,5.07E+02,1.20E+01,4.62E+00,0,0,0,0,1.21E+01,6.88E+00,5.43E+00,1.53E+00,0,0,0,0,0,2.51E+01,3.19E+01,0,0,0,0,0,0,6.91E+02,
Rest South America,SGS,South Georgia and the South Sandwich Islands,0,0,0,0,0,0,0,0,0,0,0,0,0,0,0,0,0,0,0,0,0,0,0,0,0,0,0,0,0,0,0,0,0,0,0,0,0,0,0,0,0,0,0,0,0,0,0,0,0,0,0,0,0,0,0,0,0,0,
Rest South America,SUR,Suriname,1.93E-02,0,5.01E-02,7.03E-05,3.72E-02,0,2.58E-04,5.57E-04,1.83E-01,6.95E-01,4.28E-02,0,0,0,0,0,0,0,0,0,0,0,0,0,0,0,0,0,0,0,0,0,0,6.83E+00,2.59E-01,1.51E+01,0,0,0,0,0,2.08E-01,0,0,0,0,0,0,0,2.34E+00,2.49E+00,7.63E-03,1.41E-03,0,0,0,0,2.83E+01,
Rest South America,URY,Uruguay,5.97E-02,9.33E-03,6.46E-01,8.36E-05,2.60E-01,0,0,0,3.93E+00,1.08E+01,1.39E+01,0,0,0,0,0,0,2.20E-04,0,0,0,0,0,0,0,0,0,0,0,0,0,0,0,8.24E+02,1.50E+01,6.77E+01,0,0,0,0,0,2.24E+00,0,1.08E+00,0,0,0,0,0,2.32E+01,1.70E+01,0,0,0,0,0,0,9.80E+02,
Rest South America,VEN,Venezuela,5.46E-01,1.11E+00,1.28E+00,0,1.19E+01,2.26E-03,0,6.90E-03,1.12E+01,1.08E+02,1.06E+03,0,0,0,0,0,3.18E+00,1.62E-01,0,0,0,0,0,0,0,0,0,0,0,0,0,0,0,1.13E+03,3.01E+01,3.77E+01,0,0,0,0,6.77E+01,5.32E+00,1.56E+02,0,0,0,0,0,0,1.33E+02,1.32E+02,0,0,0,0,0,0,2.89E+03,
Northern_Africa,DZA,Algeria,1.11E+00,5.04E-01,2.92E-01,0,2.37E+00,0,0,2.86E-02,2.97E+01,6.08E+01,1.70E+03,0,0,0,0,0,2.28E-01,1.32E-01,0,0,0,0,0,0,0,0,0,0,0,0,0,0,0,2.17E+02,8.93E+00,2.55E-02,0,0,0,0,0,1.46E-01,0,0,0,0,0,0,0,1.08E+02,1.32E+02,0,0,0,0,0,0,2.26E+03,
Northern_Africa,EGY,Egypt,1.49E+00,6.91E-01,1.94E+00,1.24E-02,4.37E+00,0,1.18E-01,0,6.42E+01,1.24E+02,1.17E+03,0,0,0,0,0,2.29E-02,2.50E-01,0,0,0,0,0,0,0,0,0,0,0,0,0,0,0,5.32E+02,1.59E+01,1.76E+02,0,0,0,0,2.14E-02,6.27E-01,0,0,0,0,0,0,0,1.32E+02,2.49E+02,0,0,0,0,0,0,2.48E+03,
Northern_Africa,ESH,Western Sahara,1.14E-03,6.68E-05,1.64E-02,7.37E-05,8.95E-03,3.18E-06,0,0,2.46E-02,0,4.06E-02,0,0,0,0,0,0,0,0,0,0,0,0,0,0,0,0,0,0,0,0,0,0,1.08E+01,2.96E-01,0,0,0,0,0,0,7.08E-05,0,0,0,0,0,0,0,5.20E-01,1.62E+00,0,0,0,0,0,0,1.34E+01,
Northern_Africa,LBY,Libyan Arab Jamahiriya,7.10E-01,5.63E-02,6.02E-02,1.02E-04,2.15E+00,0,0,0,2.17E+00,9.25E+00,7.49E+02,0,0,0,0,0,2.01E+00,0,0,0,0,0,0,0,0,0,0,0,0,0,0,0,0,3.83E+01,1.71E+00,0,0,0,0,0,0,9.42E-03,6.29E-03,0,0,0,0,0,0,3.12E+01,2.40E+01,0,0,0,0,0,0,8.60E+02,
Northern_Africa,MAR,Morocco,8.24E-02,1.03E-02,3.40E-01,0,3.80E-01,0,0,0,4.29E+00,9.45E+00,4.87E+01,0,0,0,0,0,0,0,0,0,0,0,0,0,0,0,0,0,0,0,0,0,0,2.54E+02,1.02E+01,0,0,0,0,0,0,1.53E-01,0,4.51E-02,0,0,0,0,0,7.49E+01,1.34E+02,0,0,0,0,0,0,5.36E+02,
Northern_Africa,TUN,Tunisia,4.74E-01,2.76E-03,8.86E-02,0,4.03E-01,0,0,4.81E-03,9.71E+00,2.14E+01,1.53E+02,0,0,0,0,0,0,3.85E-03,0,0,0,0,0,0,0,0,0,0,0,0,0,0,0,1.00E+02,4.77E+00,0,0,0,0,0,0,7.37E-02,0,0,0,0,0,0,0,1.21E+00,3.92E+01,0,0,0,0,0,0,3.31E+02,
Western_Africa,BEN,Benin,2.87E-03,0,6.52E-03,0,4.79E-01,0,0,0,2.41E+01,2.07E+01,1.94E-03,0,0,0,0,0,0,0,0,0,0,0,0,0,0,0,0,0,0,0,0,0,0,7.26E+01,3.28E+00,4.86E+00,0,0,0,0,7.32E+01,6.62E-01,8.77E+01,0,0,0,0,0,0,9.51E+00,4.03E+01,0,0,0,0,0,0,3.37E+02,
Western_Africa,BFA,Burkina Faso,2.52E-03,1.24E-04,6.04E-01,6.98E-04,1.02E-01,3.83E-06,0,0,7.71E+01,5.07E+01,1.86E-01,0,0,0,0,0,0,0,0,0,0,0,0,0,0,0,0,0,0,0,0,0,0,3.95E+02,2.06E+01,6.54E+00,0,0,0,0,3.14E+01,1.17E+00,0,0,0,0,0,0,0,6.76E+00,5.56E+01,0,0,0,0,0,0,6.46E+02,
Western_Africa,CAF,Central African Republic,7.38E-04,4.32E-05,1.79E-01,3.72E-04,3.95E-02,1.88E-06,0,0,7.90E+00,1.70E+01,5.46E-02,0,0,0,0,0,0,0,0,0,0,0,0,0,0,0,0,0,0,0,0,0,0,1.56E+02,5.04E+00,1.85E+00,0,0,0,0,3.36E+03,1.85E-01,1.06E+03,0,0,0,0,0,0,8.00E+00,1.94E+01,0,0,0,0,0,0,4.64E+03,
Western_Africa,CIV,Cote d'Ivoire,1.52E-01,3.47E-03,2.15E-02,0,1.88E-01,6.94E-03,1.46E-02,0,4.13E+01,1.00E+02,2.87E+01,0,0,0,0,0,0,0,0,0,0,0,0,0,0,0,0,0,0,0,0,0,0,6.77E+01,3.11E+00,0,0,0,0,0,3.19E+01,1.54E+00,3.25E+02,0,0,0,0,0,0,7.83E+00,8.25E+01,0,0,0,0,0,0,6.90E+02,
Western_Africa,CMR,Cameroon,2.53E-03,4.81E-03,6.76E-01,2.93E-04,4.23E-01,2.78E-03,1.76E-03,0,3.69E+01,2.18E+01,6.63E+01,0,0,0,0,0,0,0,0,0,0,0,0,0,0,0,0,0,0,0,0,0,0,2.68E+02,9.88E+00,5.33E+00,0,0,0,0,3.07E+02,9.03E-01,1.18E+02,0,0,0,0,0,0,3.00E+01,8.42E+01,0,0,0,0,0,0,9.49E+02,
Western_Africa,COD,Congo_the Democratic Republic of the,0,2.93E-04,5.42E+00,0,1.76E-01,0,0,0,2.71E+02,1.79E+01,5.19E+00,0,0,0,0,0,0,0,0,0,0,0,0,0,0,0,0,0,0,0,0,0,0,7.09E+00,3.02E-01,5.34E+01,0,0,0,0,7.66E+02,3.42E+00,1.87E+03,0,0,0,0,0,0,4.20E+01,2.66E+02,0,0,0,0,0,0,3.31E+03,
Western_Africa,COG,Congo,3.06E-03,0,2.51E-03,1.59E-03,1.38E-01,0,0,0,6.66E+00,6.23E+01,1.09E+02,0,0,0,0,0,0,0,0,0,0,0,0,0,0,0,0,0,0,0,0,0,0,5.37E+01,2.95E+00,0,0,0,0,0,1.63E+01,1.60E-01,3.74E+01,0,0,0,0,0,0,9.78E+00,1.86E+01,0,0,0,0,0,0,3.17E+02,
Western_Africa,CPV,Cape Verde,5.89E-04,3.41E-05,2.30E-02,7.06E-05,9.90E-03,1.47E-06,0,0,5.66E-02,8.42E-02,2.55E-02,0,0,0,0,0,0,0,0,0,0,0,0,0,0,0,0,0,0,0,0,0,0,1.93E+00,6.51E-01,0,0,0,0,0,0,2.22E-02,0,0,0,0,0,0,0,1.45E+00,2.36E+00,0,0,0,0,0,0,6.61E+00,
Western_Africa,GAB,Gabon,4.26E-02,2.51E-03,3.11E-01,0,4.55E-02,0,0,0,1.07E-01,1.76E+00,1.32E+02,0,0,0,0,0,0,0,0,0,0,0,0,0,0,0,0,0,0,0,0,0,0,2.83E+00,3.59E-01,6.36E-02,0,0,0,0,6.55E+00,4.62E-02,8.84E+01,0,0,0,0,0,0,9.96E+00,7.01E+00,0,0,0,0,0,0,2.50E+02,
Western_Africa,GHA,Ghana,8.94E-02,2.01E-03,1.41E+00,0,7.49E-01,6.77E-03,1.38E-02,6.27E-04,7.81E+01,6.37E+01,3.87E-01,0,0,0,0,0,0,0,0,0,0,0,0,0,0,0,0,0,0,0,0,0,0,8.46E+01,4.10E+00,1.54E+01,0,0,0,0,5.40E+02,1.20E+00,1.43E+02,0,0,0,0,0,0,3.60E+01,1.03E+02,0,0,0,0,0,0,1.07E+03,
Western_Africa,GIN,Guinea,2.33E-03,1.03E-04,4.29E-01,7.46E-04,1.17E-01,5.12E-06,0,0,4.32E+01,3.02E+01,1.89E-01,0,0,0,0,0,0,0,0,0,0,0,0,0,0,0,0,0,0,0,0,0,0,1.39E+02,5.38E+00,5.86E+01,0,0,0,0,5.28E+02,8.23E-01,7.21E+02,0,0,0,0,0,0,1.53E+01,4.47E+01,0,0,0,0,0,0,1.59E+03,
Western_Africa,GMB,Gambia,1.08E-03,6.35E-05,6.91E-02,1.13E-04,4.58E-02,2.42E-06,0,0,2.54E+00,5.49E+00,4.50E-02,0,0,0,0,0,0,0,0,0,0,0,0,0,0,0,0,0,0,0,0,0,0,1.36E+01,5.43E-01,3.59E+00,0,0,0,0,8.59E+00,4.32E-02,0,0,0,0,0,0,0,1.99E+00,5.94E+00,0,0,0,0,0,0,4.25E+01,
Western_Africa,GNB,Guinea-Bissau,8.64E-04,4.77E-05,7.33E-02,1.80E-04,2.67E-02,2.01E-06,0,0,1.83E+00,5.03E-02,5.64E-02,0,0,0,0,0,0,0,0,0,0,0,0,0,0,0,0,0,0,0,0,0,0,2.08E+01,1.12E+00,9.70E+00,0,0,0,0,1.47E+01,1.23E-01,0,0,0,0,0,0,0,2.07E+00,7.47E+00,0,0,0,0,0,0,5.80E+01,
Western_Africa,GNQ,Equatorial Guinea,3.16E-04,4.75E-05,2.29E-02,1.28E-04,1.33E-02,1.90E-06,0,0,1.62E+00,7.82E-01,1.18E+02,0,0,0,0,0,1.68E+00,0,0,0,0,0,0,0,0,0,0,0,0,0,0,0,0,3.90E-01,2.53E-02,0,0,0,0,0,0,1.89E-02,0,0,0,0,0,0,0,2.19E+00,5.91E+00,0,0,0,0,0,0,1.31E+02,
Western_Africa,LBR,Liberia,1.61E-03,7.28E-05,1.47E-01,1.68E-04,4.12E-02,2.58E-06,0,0,2.30E+01,1.98E+01,7.96E-02,0,0,0,0,0,0,0,0,0,0,0,0,0,0,0,0,0,0,0,0,0,0,3.47E+00,3.63E-01,1.44E+00,0,0,0,0,8.66E+00,1.96E-01,3.26E-01,0,0,0,0,0,0,6.01E+00,1.36E+01,0,0,0,0,0,0,7.72E+01,
Western_Africa,MLI,Mali,2.48E-03,1.17E-04,6.14E-01,2.60E-04,1.25E-01,4.97E-06,0,0,2.14E+01,1.14E+01,9.74E-02,0,0,0,0,0,0,0,0,0,0,0,0,0,0,0,0,0,0,0,0,0,0,4.17E+02,1.61E+01,5.03E+01,0,0,0,0,1.57E+02,1.33E+00,8.30E+01,0,0,0,0,0,0,1.12E+01,6.14E+01,0,0,0,0,0,0,8.30E+02,
Western_Africa,MRT,Mauritania,6.30E-03,2.75E-04,1.55E-01,1.84E-03,3.51E-01,1.40E-05,0,0,6.54E+00,1.59E+01,5.44E-01,0,0,0,0,0,0,0,0,0,0,0,0,0,0,0,0,0,0,0,0,0,0,2.16E+02,9.65E+00,0,0,0,0,0,1.07E-01,7.15E-02,0,0,0,0,0,0,0,6.80E+00,1.57E+01,0,0,0,0,0,0,2.72E+02,
Western_Africa,NER,Niger,5.48E-03,2.13E-04,6.39E-01,1.30E-04,7.09E-02,9.59E-06,0,0,3.66E+01,5.09E+01,1.24E-01,0,0,0,0,0,0,0,0,0,0,0,0,0,0,0,0,0,0,0,0,0,0,1.33E+02,4.92E+00,3.50E-01,0,0,0,0,1.05E+00,2.05E+00,0,0,0,0,0,0,0,7.66E+00,6.01E+01,0,0,0,0,0,0,2.98E+02,
Western_Africa,NGA,Nigeria,4.15E-01,5.39E-01,1.13E+01,0,7.98E+00,4.34E-03,7.32E-03,0,2.48E+02,9.94E+01,1.53E+03,0,0,0,0,0,7.20E-04,0,0,0,0,0,0,0,0,0,0,0,0,0,0,0,0,8.51E+02,4.12E+01,3.48E+02,0,0,0,0,6.50E+02,1.30E+01,7.62E+01,0,0,0,0,0,0,8.64E+01,6.17E+02,0,0,0,0,0,0,4.58E+03,
Western_Africa,SEN,Senegal,9.36E-02,3.76E-04,6.93E-02,6.06E-04,1.53E-01,0,1.49E-02,0,2.27E+01,4.59E+01,2.68E+00,0,0,0,0,0,0,0,0,0,0,0,0,0,0,0,0,0,0,0,0,0,0,1.74E+02,7.94E+00,1.54E+01,0,0,0,0,8.76E+01,3.20E-01,0,0,0,0,0,0,0,1.99E+01,5.84E+01,0,0,0,0,0,0,4.35E+02,
Western_Africa,SHN,Saint Helena,0,0,2.12E-04,0,1.24E-03,0,0,0,3.25E-04,0,2.12E-03,0,0,0,0,0,0,0,0,0,0,0,0,0,0,0,0,0,0,0,0,0,0,4.44E-02,4.17E-03,0,0,0,0,0,0,0,0,0,0,0,0,0,0,1.88E-02,1.96E-02,0,0,0,0,0,0,9.09E-02,
Western_Africa,SLE,Sierra Leone,3.37E-03,1.49E-04,2.60E-01,4.84E-04,4.51E-02,7.38E-06,0,0,1.98E+01,3.32E+01,1.48E-01,0,0,0,0,0,0,0,0,0,0,0,0,0,0,0,0,0,0,0,0,0,0,1.47E+01,7.23E-01,1.55E+01,0,0,0,0,9.53E+01,3.13E-01,1.31E+01,0,0,0,0,0,0,3.84E+00,2.39E+01,0,0,0,0,0,0,2.21E+02,
Western_Africa,STP,Sao Tome and Principe,5.11E-04,2.99E-05,7.18E-03,3.36E-05,8.02E-03,1.30E-06,0,0,1.91E-02,7.82E-01,1.49E-02,0,0,0,0,0,0,0,0,0,0,0,0,0,0,0,0,0,0,0,0,0,0,2.38E-01,2.02E-02,0,0,0,0,0,0,1.96E-03,0,0,0,0,0,0,0,3.28E-01,6.54E-01,0,0,0,0,0,0,2.07E+00,
Western_Africa,TCD,Chad,6.54E-04,3.70E-05,4.46E-01,5.49E-05,9.50E-03,1.61E-06,0,0,2.66E+01,3.50E+01,3.71E+01,0,0,0,0,0,0,0,0,0,0,0,0,0,0,0,0,0,0,0,0,0,0,3.13E+02,1.20E+01,1.77E+01,0,0,0,0,3.72E+02,8.81E-01,0,0,0,0,0,0,0,7.37E+00,4.14E+01,0,0,0,0,0,0,8.63E+02,
Western_Africa,TGO,Togo,9.32E-03,0,8.95E-03,0,4.49E-01,0,0,0,2.78E+01,4.97E+01,0,0,0,0,0,0,0,0,0,0,0,0,0,0,0,0,0,0,0,0,0,0,0,2.67E+01,1.63E+00,4.45E+00,0,0,0,0,7.56E+01,4.41E-01,5.71E+01,0,0,0,0,0,0,8.05E+00,2.75E+01,0,0,0,0,0,0,2.79E+02,
Eastern_Africa,BDI,Burundi,8.59E-04,4.24E-05,3.41E-01,2.66E-04,3.92E-02,1.73E-06,0,0,3.23E+01,2.72E+01,7.07E-02,0,0,0,0,0,0,0,0,0,0,0,0,0,0,0,0,0,0,0,0,0,0,2.03E+01,7.79E-01,5.27E+00,0,0,0,0,0,3.64E-01,0,0,0,0,0,0,0,1.39E+00,3.02E+01,0,0,0,0,0,0,1.18E+02,
Eastern_Africa,COM,Comoros,1.50E-04,2.04E-05,3.61E-02,9.48E-05,8.47E-03,8.25E-07,0,0,1.66E-01,3.43E+00,1.63E-02,0,0,0,0,0,0,0,0,0,0,0,0,0,0,0,0,0,0,0,0,0,0,2.16E+00,9.83E-02,1.78E+00,0,0,0,0,0,1.33E-02,0,0,0,0,0,0,0,1.03E+00,3.67E+00,0,0,0,0,0,0,1.24E+01,
Eastern_Africa,DJI,Djibouti,2.32E-03,1.32E-04,4.96E-02,3.24E-04,3.09E-02,6.38E-06,0,0,2.04E-01,4.22E+00,2.68E-01,0,0,0,0,0,0,0,0,0,0,0,0,0,0,0,0,0,0,0,0,0,0,1.75E+01,7.03E-01,0,0,0,0,0,5.16E-03,1.82E-06,0,0,0,0,0,0,0,2.06E+00,3.96E+00,0,0,0,0,0,0,2.90E+01,
Eastern_Africa,ERI,Eritrea,1.36E-03,0,7.52E-04,0,2.33E-02,0,0,0,1.44E+01,1.14E+01,0,0,0,0,0,0,0,0,0,0,0,0,0,0,0,0,0,0,0,0,0,0,0,8.34E+01,2.85E+00,0,0,0,0,0,3.70E-01,1.07E-01,0,0,0,0,0,0,0,1.92E+00,1.76E+01,0,0,0,0,0,0,1.32E+02,
Eastern_Africa,ETH,Ethiopia,4.33E-03,0,6.42E-02,0,2.70E-01,0,0,0,3.75E+02,1.05E+02,0,0,0,0,0,0,0,0,0,0,0,0,0,0,0,0,0,0,0,0,0,0,0,1.52E+03,5.62E+01,0,0,0,0,0,4.49E+02,9.31E+00,0,0,0,0,0,0,0,2.67E+01,3.31E+02,0,0,0,0,0,0,2.87E+03,
Eastern_Africa,KEN,Kenya,5.39E-01,1.55E-02,6.70E-02,9.36E-03,5.18E-01,7.46E-03,2.93E-04,0,9.59E+01,2.70E+02,4.34E-01,0,0,0,0,0,0,0,0,0,0,0,0,0,0,0,0,0,0,0,0,0,0,6.92E+02,2.16E+01,3.01E+00,0,0,0,0,1.91E+01,9.65E-01,0,0,0,0,0,0,0,2.86E+01,1.74E+02,0,0,0,0,0,0,1.31E+03,
Eastern_Africa,MDG,Madagascar,7.46E-03,4.35E-04,8.47E-01,1.05E-03,1.84E-01,1.55E-05,0,0,4.59E+01,9.41E+01,3.25E-01,0,0,0,0,0,0,0,0,0,0,0,0,0,0,0,0,0,0,0,0,0,0,4.38E+02,1.54E+01,2.00E+02,0,0,0,0,2.24E+00,1.16E+00,2.09E+00,9.53E-02,0,0,0,0,0,1.43E+01,7.77E+01,0,0,0,0,0,0,8.92E+02,
Eastern_Africa,MUS,Mauritius,9.21E-03,4.40E-04,7.06E-02,3.54E-04,1.01E-01,1.89E-05,0,0,9.86E-01,2.74E-02,4.84E-01,0,0,0,0,0,0,0,0,0,0,0,0,0,0,0,0,0,0,0,0,0,0,1.88E+00,2.56E-01,0,0,0,0,0,0,8.40E-02,0,0,0,0,0,0,0,4.29E+00,5.67E+00,0,0,0,0,0,0,1.39E+01,
Eastern_Africa,MYT,Mayotte,0,0,0,0,0,0,0,0,0,0,0,0,0,0,0,0,0,0,0,0,0,0,0,0,0,0,0,0,0,0,0,0,0,0,0,0,0,0,0,0,0,0,0,0,0,0,0,0,0,2.16E-01,3.61E-01,0,0,0,0,0,0,5.78E-01,
Eastern_Africa,REU,Reunion,5.83E-03,3.26E-04,4.07E-02,1.22E-03,7.92E-02,1.25E-05,0,0,2.73E-01,0,4.14E-01,0,0,0,0,0,0,0,0,0,0,0,0,0,0,0,0,0,0,0,0,0,0,1.95E+00,4.41E-01,5.09E-03,0,0,0,0,0,4.77E-02,0,0,0,0,0,0,0,4.49E+00,5.41E+00,0,0,0,0,0,0,1.32E+01,
Eastern_Africa,RWA,Rwanda,2.49E-03,1.36E-04,4.08E-01,4.97E-04,6.06E-02,6.69E-06,0,0,1.90E+01,2.38E+01,2.25E-01,0,0,0,0,0,0,0,0,0,0,0,0,0,0,0,0,0,0,0,0,0,0,4.51E+01,1.97E+00,2.83E+00,0,0,0,0,2.38E-02,5.92E-01,0,0,0,0,0,0,0,2.76E+00,3.38E+01,0,0,0,0,0,0,1.31E+02,
Eastern_Africa,SDN,Sudan,4.58E-02,2.07E-02,1.21E+00,0,1.10E+00,1.73E-03,5.85E-04,0,8.37E+01,1.61E+02,6.03E+01,0,0,0,0,0,0,0,0,0,0,0,0,0,0,0,0,0,0,0,0,0,0,1.97E+03,7.03E+01,2.84E-01,0,0,0,0,2.18E+03,2.55E+00,0,0,0,0,0,0,0,9.71E+01,1.79E+02,0,0,0,0,0,0,4.81E+03,
Eastern_Africa,SOM,Somalia,1.07E-03,1.03E-04,3.75E-01,4.07E-04,5.19E-02,4.17E-06,0,0,4.25E+01,8.20E+01,1.12E-01,0,0,0,0,0,0,0,0,0,0,0,0,0,0,0,0,0,0,0,0,0,0,5.60E+02,2.50E+01,0,0,0,0,0,3.17E+00,1.04E-01,0,0,0,0,0,0,0,6.11E+00,3.58E+01,0,0,0,0,0,0,7.55E+02,
Eastern_Africa,SYC,Seychelles,4.53E-03,2.69E-04,7.08E-03,2.42E-07,1.37E-02,7.82E-06,0,0,2.18E-02,0,1.29E-01,0,0,0,0,0,0,0,0,0,0,0,0,0,0,0,0,0,0,0,0,0,0,9.47E-02,5.96E-02,0,0,0,0,0,0,5.05E-06,0,0,0,0,0,0,0,4.02E-01,3.70E-01,0,0,0,0,0,0,1.10E+00,
Eastern_Africa,UGA,Uganda,5.24E-03,3.11E-04,1.31E+00,4.20E-04,2.08E-01,9.84E-06,0,0,1.40E+02,8.07E+01,2.50E-01,0,0,0,0,0,0,0,0,0,0,0,0,0,0,0,0,0,0,0,0,0,0,3.24E+02,1.19E+01,1.61E+01,0,0,0,0,3.00E+02,2.43E+00,0,0,0,0,0,0,0,8.57E+00,1.13E+02,0,0,0,0,0,0,9.98E+02,
Southern_Africa,AGO,Angola,9.44E-03,6.63E-03,2.23E-01,1.42E-03,6.50E-01,0,0,0,2.15E+01,9.77E+01,4.05E+02,0,0,0,0,0,0,0,0,0,0,0,0,0,0,0,0,0,0,0,0,0,0,1.78E+02,5.48E+00,2.34E+00,0,0,0,0,3.46E+00,4.81E-01,8.57E+00,0,0,0,0,0,0,2.61E+01,7.39E+01,0,0,0,0,0,0,8.23E+02,
Southern_Africa,BWA,Botswana,1.13E-02,3.19E-05,1.78E-01,7.37E-05,3.28E-01,1.57E-05,0,0,3.04E+00,1.81E+01,1.23E-02,0,0,0,0,0,0,0,0,0,0,0,0,0,0,0,0,0,0,0,0,0,0,1.43E+02,3.98E+00,0,0,0,0,0,8.69E-02,4.25E-02,0,3.50E-03,0,0,0,0,0,6.97E+00,8.43E+00,0,0,0,0,0,0,1.85E+02,
Southern_Africa,LSO,Lesotho,4.36E-04,2.56E-05,7.88E-02,2.15E-04,2.58E-02,1.29E-06,0,0,7.41E+00,8.49E+00,3.12E-02,0,0,0,0,0,0,0,0,0,0,0,0,0,0,0,0,0,0,0,0,0,0,3.20E+01,8.61E-01,0,0,0,0,0,0,3.67E-02,0,1.66E-01,0,0,0,0,0,1.74E+00,8.44E+00,0,0,0,0,0,0,5.92E+01,
Southern_Africa,MOZ,Mozambique,5.77E-04,1.25E-04,7.74E-01,0,2.08E-01,0,1.14E-02,0,6.41E+01,4.07E+01,9.85E+01,0,0,0,0,0,0,0,0,0,0,0,0,0,0,0,0,0,0,0,0,0,0,5.10E+01,2.18E+00,2.31E+01,0,0,0,0,9.24E-01,1.72E+00,3.78E-01,3.72E-02,0,0,0,0,0,2.24E+01,9.95E+01,0,0,0,0,0,0,4.06E+02,
Southern_Africa,MWI,Malawi,2.73E-03,1.52E-04,5.80E-01,4.30E-04,9.12E-02,8.56E-06,0,0,2.11E+01,4.27E+01,1.23E-01,0,0,0,0,0,0,0,0,0,0,0,0,0,0,0,0,0,0,0,0,0,0,4.45E+01,1.88E+00,3.47E+00,0,0,0,0,2.34E+01,2.43E+00,0,0,0,0,0,0,0,5.18E+00,5.45E+01,0,0,0,0,0,0,2.00E+02,
Southern_Africa,NAM,Namibia,2.88E-04,0,1.33E-02,6.90E-04,2.21E-01,0,7.90E-03,0,7.85E-01,4.99E+00,0,0,0,0,0,0,0,0,0,0,0,0,0,0,0,0,0,0,0,0,0,0,0,2.11E+02,4.83E+00,0,0,0,0,0,1.07E+00,7.60E-02,0,2.13E-04,0,0,0,0,0,4.46E+00,8.38E+00,0,0,0,0,0,0,2.35E+02,
Southern_Africa,SWZ,Swaziland,2.35E-03,8.82E-05,4.83E-02,1.77E-04,6.48E-02,5.05E-06,0,0,2.64E+00,4.35E+00,7.79E-02,0,0,0,0,0,0,0,0,0,0,0,0,0,0,0,0,0,0,0,0,0,0,3.43E+01,8.07E-01,6.36E-03,0,0,0,0,0,9.74E-02,0,7.73E-02,0,0,0,0,0,1.89E+00,1.71E+01,0,0,0,0,0,0,6.15E+01,
Southern_Africa,TZA,Tanzania_United Republic of,7.50E-04,0,2.27E+00,0,4.06E-01,0,0,0,9.82E+01,1.42E+02,2.59E+01,0,0,0,0,0,0,0,0,0,0,0,0,0,0,0,0,0,0,0,0,0,0,6.47E+02,2.19E+01,4.59E+01,0,0,0,0,7.39E+00,5.15E+00,4.58E+00,0,0,0,0,0,0,1.66E+01,1.91E+02,0,0,0,0,0,0,1.21E+03,
Southern_Africa,ZAF,South Africa,1.73E+00,6.64E-02,5.36E+00,2.16E-02,4.86E+00,2.74E-02,0,0,1.03E+02,1.30E+03,9.55E+01,0,0,0,0,0,2.50E-01,4.53E+00,0,0,0,0,0,0,0,0,0,0,0,0,0,0,0,9.44E+02,2.21E+01,1.78E-01,0,0,0,0,5.74E-01,1.98E+00,1.35E+00,9.41E+01,0,0,0,0,0,2.96E+02,3.29E+02,0,0,0,0,0,0,3.20E+03,
Southern_Africa,ZMB,Zambia,1.18E-03,6.27E-04,1.11E+00,0,2.05E-01,0,0,6.52E-03,3.14E+01,8.45E+01,1.31E-01,0,0,0,0,0,0,0,0,0,0,0,0,0,0,0,0,0,0,0,0,0,0,1.06E+02,3.78E+00,1.42E+00,0,0,0,0,0,3.33E-01,0,0,0,0,0,0,0,1.16E+01,5.10E+01,0,0,0,0,0,0,2.91E+02,
Southern_Africa,ZWE,Zimbabwe,4.73E-02,4.60E-04,2.36E-01,0,1.92E-01,3.89E-03,0,0,3.15E+01,1.71E+01,6.90E-05,0,0,0,0,0,0,2.13E-01,0,0,0,0,0,0,0,0,0,0,0,0,0,0,0,2.73E+02,7.66E+00,3.18E-02,0,0,0,0,3.38E-01,4.01E-01,0,0,0,0,0,0,0,1.60E+01,5.62E+01,0,0,0,0,0,0,4.03E+02,
OECD_Europe,AUT,Austria,2.45E+00,1.63E-01,1.75E+00,3.09E-03,1.40E+00,1.02E-02,4.10E-03,1.02E-02,3.79E+01,1.91E+00,5.14E+01,0,0,0,0,0,1.65E-01,4.36E-01,0,0,0,0,0,0,0,0,0,0,0,0,0,0,0,1.49E+02,4.06E+01,0,0,0,0,0,0,3.60E-01,0,1.15E-02,0,0,0,0,0,5.53E+01,4.55E+01,1.52E-03,7.44E+00,0,0,0,0,3.95E+02,
OECD_Europe,BEL,Belgium,2.24E+00,1.05E-01,1.32E+00,1.05E-04,1.26E+00,7.11E-03,3.54E-02,0,6.90E+00,2.90E+00,5.18E+01,0,0,0,0,0,4.98E-01,4.48E-01,0,0,0,0,0,0,0,0,0,0,0,0,0,0,0,1.90E+02,7.29E+01,0,0,0,0,0,0,2.60E-01,0,8.06E-02,0,0,0,0,0,2.83E+01,8.49E+01,2.47E-01,1.03E+01,0,0,0,0,4.54E+02,
OECD_Europe,CHE,Switzerland,8.24E-01,2.02E-02,7.53E-01,1.21E-03,2.02E+00,2.08E-03,2.63E-03,0,1.57E+01,3.54E-01,3.12E+01,0,0,0,0,0,7.08E-02,0,0,0,0,0,0,0,0,0,0,0,0,0,0,0,0,1.19E+02,3.34E+01,0,0,0,0,0,0,9.52E-02,2.02E-02,0,0,0,0,0,0,1.67E+01,1.23E+01,1.21E-05,3.54E+00,0,0,0,0,2.36E+02,
OECD_Europe,DEU,Germany,1.19E+01,4.53E-01,5.34E+00,3.86E-02,1.23E+01,7.89E-02,8.72E-02,2.76E-03,1.21E+02,3.24E+02,2.56E+02,0,0,0,0,0,5.94E+00,1.88E+00,0,0,0,0,0,0,0,0,0,0,0,0,0,0,0,1.03E+03,3.48E+02,0,0,0,0,0,0,3.37E+00,0,0,0,0,0,0,0,4.55E+02,1.73E+02,0,3.73E-02,0,0,0,0,2.75E+03,
OECD_Europe,DNK,Denmark,2.33E+00,9.80E-02,3.64E-01,8.15E-04,1.16E+00,1.32E-02,4.07E-02,4.39E-03,1.65E+01,2.45E-01,4.14E+01,0,0,0,0,0,0,0,0,0,0,0,0,0,0,0,0,0,0,0,0,0,0,1.32E+02,1.11E+02,0,0,0,0,0,0,6.77E-01,0,0,0,0,0,0,0,5.53E+01,9.42E+00,0,3.96E+00,0,0,0,0,3.74E+02,
OECD_Europe,ESP,Spain,3.49E+00,5.21E-01,3.22E+00,4.98E-02,6.66E+00,1.24E-01,3.86E-01,2.76E-03,4.17E+01,6.00E+01,4.37E+01,0,0,0,0,0,8.30E-01,5.12E-01,0,0,0,0,0,0,0,0,0,0,0,0,0,0,0,6.10E+02,3.26E+02,2.58E+01,0,0,0,0,0,1.84E+00,0,1.70E+00,0,0,0,0,0,4.52E+02,1.26E+02,2.97E-02,3.25E+01,0,0,0,0,1.74E+03,
OECD_Europe,FIN,Finland,4.31E+00,9.88E-02,4.41E+00,3.16E-03,1.22E+00,6.42E-03,5.73E-02,3.76E-04,2.02E+01,2.90E+00,6.51E+00,0,0,0,0,0,8.33E-02,5.09E-01,0,0,0,0,0,0,0,0,0,0,0,0,0,0,0,7.20E+01,2.08E+01,0,0,0,0,0,0,3.11E-01,0,5.47E-01,0,0,0,0,0,9.82E+01,2.19E+02,0,2.09E+00,0,0,0,0,4.53E+02,
OECD_Europe,FRA,France,3.44E+00,3.83E-01,4.37E+00,2.89E-02,1.02E+01,3.49E-02,9.04E-02,0,1.48E+02,1.45E+01,1.50E+03,0,0,0,0,0,1.59E+00,1.32E+00,0,0,0,0,0,0,0,0,0,0,0,0,0,0,0,1.36E+03,3.44E+02,3.29E+00,0,0,0,0,0,5.04E+00,0,3.12E-01,0,0,0,0,0,3.34E+02,1.91E+02,2.46E+00,2.19E+01,0,0,0,0,3.95E+03,
OECD_Europe,FRO,Faroe Islands,0,0,0,0,0,0,0,0,0,0,0,0,0,0,0,0,0,0,0,0,0,0,0,0,0,0,0,0,0,0,0,0,0,6.13E-01,2.49E-02,0,0,0,0,0,0,8.86E-06,0,0,0,0,0,0,0,1.07E+00,4.04E-02,2.90E-03,2.63E-02,0,0,0,0,1.77E+00,
OECD_Europe,GBR,United Kingdom,6.85E+00,1.01E+00,2.43E+00,1.63E-02,1.05E+01,1.21E-01,4.79E-01,0,2.76E+01,9.06E+01,5.19E+02,0,0,0,0,0,1.07E+00,1.61E-01,0,0,0,0,0,0,0,0,0,0,0,0,0,0,0,9.82E+02,1.68E+02,0,0,0,0,0,0,1.73E+00,0,1.16E-01,0,0,0,0,0,9.82E+02,1.09E+02,2.24E-01,1.11E+01,0,0,0,0,2.91E+03,
OECD_Europe,GIB,Gibraltar,0,0,0,0,1.39E-02,0,0,0,0,0,0,0,0,0,0,0,0,0,0,0,0,0,0,0,0,0,0,0,0,0,0,0,0,0,0,0,0,0,0,0,0,0,0,0,0,0,0,0,0,2.47E-01,2.44E-02,9.00E-04,8.18E-03,0,0,0,0,2.94E-01,
OECD_Europe,GRC,Greece,8.09E-01,8.58E-02,7.13E-01,7.19E-03,6.38E+00,6.50E-03,1.74E-01,2.93E-04,1.30E+01,5.53E+01,1.16E+01,0,0,0,0,0,3.37E-03,0,0,0,0,0,0,0,0,0,0,0,0,0,0,0,0,1.41E+02,3.06E+01,4.87E+00,0,0,0,0,0,3.79E-01,0,2.35E-01,0,0,0,0,0,1.12E+02,1.39E+01,4.21E-04,2.27E-01,0,0,0,0,3.91E+02,
OECD_Europe,GRL,Greenland,0,0,0,0,0,0,0,0,0,0,0,0,0,0,0,0,0,0,0,0,0,0,0,0,0,0,0,0,0,0,0,0,0,1.53E-01,2.79E-03,0,0,0,0,0,0,0,0,0,0,0,0,0,0,9.37E-01,2.13E-01,1.51E-03,1.37E-02,0,0,0,0,1.32E+00,
OECD_Europe,IRL,Ireland,3.66E-01,6.33E-03,4.78E-01,8.78E-04,1.04E+00,7.46E-03,6.44E-03,5.02E-04,9.79E+00,7.08E-01,8.13E+01,0,0,0,0,0,0,0,0,0,0,0,0,0,0,0,0,0,0,0,0,0,0,4.68E+02,7.13E+01,0,0,0,0,0,0,1.46E-01,0,3.89E-02,0,0,0,0,0,4.67E+01,6.23E+00,0,6.77E-01,0,0,0,0,6.86E+02,
OECD_Europe,ISL,Iceland,2.63E-03,0,5.18E-02,1.46E-04,5.25E-02,0,4.97E-03,0,5.35E-02,0,0,0,0,0,0,0,0,1.66E-01,0,0,0,0,0,0,0,0,0,0,0,0,0,0,0,8.71E+00,1.25E+00,0,0,0,0,0,0,6.74E-05,0,0,0,0,0,0,0,6.76E+00,4.23E-01,5.55E-04,7.46E-03,0,0,0,0,1.75E+01,
OECD_Europe,ITA,Italy,6.21E+00,3.50E-01,2.76E+00,1.63E-02,2.04E+01,1.23E-02,4.71E-01,0,3.08E+01,1.71E+01,2.19E+02,0,0,0,0,0,8.59E-01,1.19E+00,0,0,0,0,0,0,0,0,0,0,0,0,0,0,0,4.95E+02,1.99E+02,4.76E+01,0,0,0,0,0,1.67E+00,0,0,0,0,0,0,0,6.27E+02,7.80E+01,1.30E+00,3.25E+01,0,0,0,0,1.78E+03,
OECD_Europe,LUX,Luxembourg,7.31E-02,0,5.78E-02,2.09E-05,3.15E-01,0,0,1.38E-03,9.97E-02,0,5.56E+00,0,0,0,0,0,0,5.90E-02,0,0,0,0,0,0,0,0,0,0,0,0,0,0,0,1.22E+01,3.27E+01,0,0,0,0,0,0,1.06E-02,0,4.68E-01,0,0,0,0,0,2.31E+00,4.67E-01,0,2.38E-01,0,0,0,0,5.46E+01,
OECD_Europe,NLD,Netherlands,3.59E+00,2.94E-01,4.62E-01,1.05E-03,2.80E+00,4.86E-03,7.11E-02,0,7.30E+00,2.88E+00,2.42E+02,0,0,0,0,0,2.64E+00,3.29E-01,0,0,0,0,0,0,0,0,0,0,0,0,0,0,0,3.02E+02,1.53E+02,0,0,0,0,0,0,2.00E-01,0,3.46E-02,0,0,0,0,0,2.17E+02,3.89E+01,0,5.85E+00,0,0,0,0,9.80E+02,
OECD_Europe,NOR,Norway,3.82E-01,5.62E-01,9.27E-01,7.19E-03,1.13E+00,2.43E-03,2.32E-01,1.88E-03,1.05E+01,5.31E+01,5.76E+02,0,0,0,0,0,2.26E+00,6.81E-01,0,0,0,0,0,0,0,0,0,0,0,0,0,0,0,8.28E+01,1.62E+01,0,0,0,0,0,0,9.44E-02,0,0,0,0,0,0,0,4.19E+01,4.90E+01,5.25E+00,1.66E+00,0,0,0,0,8.43E+02,
OECD_Europe,PRT,Portugal,8.01E-01,6.64E-02,1.97E+00,1.96E-03,1.98E+00,3.99E-03,7.02E-03,1.88E-03,2.07E+01,1.47E+00,5.17E+01,0,0,0,0,0,1.08E-01,2.85E-02,0,0,0,0,0,0,0,0,0,0,0,0,0,0,0,1.47E+02,5.95E+01,3.27E+00,0,0,0,0,0,9.31E-02,0,4.80E-01,0,0,0,0,0,2.76E+02,5.37E+01,3.52E-01,1.12E+00,0,0,0,0,6.20E+02,
OECD_Europe,SWE,Sweden,5.65E+00,5.12E-02,5.33E+00,5.83E-03,2.10E+00,6.94E-04,2.28E-02,4.04E-03,2.16E+01,1.55E+00,2.35E+01,0,0,0,0,0,3.46E-01,1.82E-01,0,0,0,0,0,0,0,0,0,0,0,0,0,0,0,1.23E+02,2.92E+01,0,0,0,0,0,0,3.97E-01,0,2.28E-02,0,0,0,0,0,7.36E+01,2.54E+02,4.34E-02,1.68E+00,0,0,0,0,5.43E+02,
Central Europe,ALB,Albania,1.39E-04,5.35E-03,2.92E-02,0,2.02E-01,5.91E-03,1.52E-02,0,9.62E+00,5.68E+00,1.54E+01,0,0,0,0,0,0,7.22E-02,0,0,0,0,0,0,0,0,0,0,0,0,0,0,0,6.70E+01,1.07E+01,0,0,0,0,0,0,1.44E-01,0,2.38E-02,0,0,0,0,0,5.66E+00,5.28E+00,2.62E-03,8.75E-03,0,0,0,0,1.20E+02,
Central Europe,BGR,Bulgaria,3.10E-01,2.27E-02,3.95E-01,2.72E-04,2.42E+00,6.81E-03,0,1.08E-02,2.52E+01,3.28E+01,1.16E+01,0,0,0,0,0,1.72E-01,8.27E-02,0,0,0,0,0,0,0,0,0,0,0,0,0,0,0,7.71E+01,1.39E+01,5.17E-01,0,0,0,0,0,1.04E+00,0,0,0,0,0,0,0,3.94E+02,2.51E+01,0,0,0,0,0,0,5.85E+02,
Central Europe,BIH,Bosnia and Herzegovina,1.07E-01,6.02E-03,8.43E-02,2.00E-03,4.21E-01,0,0,0,7.03E+00,5.44E+01,7.07E+00,0,0,0,0,0,9.97E-04,8.99E-04,0,0,0,0,0,0,0,0,0,0,0,0,0,0,0,4.91E+01,1.15E+01,0,0,0,0,0,0,2.77E-01,0,1.41E-01,0,0,0,0,0,8.24E+00,6.16E+00,3.75E-03,1.25E-02,0,0,0,0,1.45E+02,
Central Europe,CYP,Cyprus,8.60E-04,0,6.34E-02,0,2.29E-01,0,0,0,4.61E-02,3.66E-01,0,0,0,0,0,0,0,0,0,0,0,0,0,0,0,0,0,0,0,0,0,0,0,7.67E+00,3.36E+00,0,0,0,0,0,0,5.99E-03,0,0,0,0,0,0,0,1.38E+01,3.63E+00,0,0,0,0,0,0,2.92E+01,
Central Europe,CZE,Czech Republic,1.12E+00,5.71E-02,1.63E+00,0,2.43E+00,0,0,9.75E-03,4.11E+01,1.45E+02,5.22E+01,0,0,0,0,0,1.84E-01,2.93E-01,0,0,0,0,0,0,0,0,0,0,0,0,0,0,0,1.44E+02,2.04E+01,0,0,0,0,0,0,2.03E+00,0,1.10E-01,0,0,0,0,0,1.07E+02,4.63E+01,2.88E-01,1.01E+00,0,0,0,0,5.65E+02,
Central Europe,EST,Estonia,2.41E-01,1.19E-02,3.60E-01,2.09E-05,2.65E-01,4.51E-03,2.05E-03,0,7.98E+00,1.54E+01,1.96E+01,0,0,0,0,0,0,0,0,0,0,0,0,0,0,0,0,0,0,0,0,0,0,2.52E+01,3.86E+00,1.84E+00,0,0,0,0,0,2.39E-01,0,0,0,0,0,0,0,2.14E+01,7.66E+00,0,3.14E+00,0,0,0,0,1.07E+02,
Central Europe,HRV,Croatia,1.60E-01,4.42E-02,2.23E-01,1.38E-03,1.15E+00,6.09E-03,1.26E-02,3.61E-04,9.24E+00,3.11E-01,1.02E+02,0,0,0,0,0,5.25E-02,0,0,0,0,0,0,0,0,0,0,0,0,0,0,0,0,5.49E+01,1.07E+01,0,0,0,0,0,0,7.35E-01,0,0,0,0,0,0,0,3.95E+01,1.29E+01,2.94E-05,0,0,0,0,0,2.32E+02,
Central Europe,HUN,Hungary,1.10E+00,4.11E-02,3.18E-01,0,1.03E+00,1.06E-02,1.61E-03,0,8.20E+00,8.58E+00,8.31E+01,0,0,0,0,0,2.04E-01,1.05E-01,0,0,0,0,0,0,0,0,0,0,0,0,0,0,0,8.44E+01,2.28E+01,5.92E-01,0,0,0,0,0,3.48E+00,0,1.61E-01,0,0,0,0,0,1.06E+02,3.26E+01,1.22E-01,0,0,0,0,0,3.53E+02,
Central Europe,LTU,Lithuania,2.30E-01,3.40E-02,1.65E-01,4.18E-05,1.08E+00,1.28E-02,1.76E-03,1.13E-03,1.59E+01,9.15E-02,6.66E+01,0,0,0,0,0,1.15E-01,0,0,0,0,0,0,0,0,0,0,0,0,0,0,0,0,7.81E+01,1.36E+01,0,0,0,0,0,0,8.24E-01,0,5.50E-02,0,0,0,0,0,5.58E+01,1.31E+01,1.13E-03,0,0,0,0,0,2.46E+02,
Central Europe,LVA,Latvia,2.47E-01,0,4.68E-01,2.09E-05,4.75E-01,1.37E-02,5.85E-04,0,2.97E+01,8.23E-01,5.27E+01,0,0,0,0,0,0,0,0,0,0,0,0,0,0,0,0,0,0,0,0,0,0,3.23E+01,5.42E+00,0,0,0,0,0,0,4.42E-01,0,9.43E-01,0,0,0,0,0,2.41E+01,4.39E+00,1.50E-04,4.58E-02,0,0,0,0,1.52E+02,
Central Europe,MKD,"Macedonia, the former Yugoslav Republic of",6.59E-02,1.73E-04,7.81E-02,0,2.80E-01,1.22E-03,0,0,3.88E+00,7.95E+00,9.73E+00,0,0,0,0,0,1.66E-03,5.50E-02,0,0,0,0,0,0,0,0,0,0,0,0,0,0,0,2.49E+01,3.42E+00,2.83E-01,0,0,0,0,0,1.42E-01,0,3.74E-01,0,0,0,0,0,6.31E+00,8.05E+00,2.35E-03,7.84E-03,0,0,0,0,6.55E+01,
Central Europe,MLT,Malta,1.99E-03,0,0,0,2.13E-02,0,0,0,5.23E-03,0,0,0,0,0,0,0,0,0,0,0,0,0,0,0,0,0,0,0,0,0,0,0,0,1.54E+00,6.95E-01,0,0,0,0,0,0,1.20E-03,0,0,0,0,0,0,0,8.51E+00,3.75E-01,0,0,0,0,0,0,1.11E+01,
Central Europe,POL,Poland,2.50E+00,1.98E-01,3.42E+00,0,8.73E+00,2.62E-02,1.46E-03,1.41E-02,2.25E+02,1.56E+03,1.56E+02,0,0,0,0,0,2.14E-01,2.67E-01,0,0,0,0,0,0,0,0,0,0,0,0,0,0,0,5.95E+02,1.36E+02,0,0,0,0,0,0,5.87E+00,0,9.02E-01,0,0,0,0,0,3.19E+02,9.57E+01,1.44E-01,1.15E+00,0,0,0,0,3.11E+03,
Central Europe,ROU,Romania,4.70E-01,1.85E-01,6.60E-01,2.57E-03,2.16E+00,3.17E-02,2.28E-02,2.09E-03,1.26E+02,5.12E+01,4.13E+02,0,0,0,0,0,7.69E-01,7.60E-01,0,0,0,0,0,0,0,0,0,0,0,0,0,0,0,3.26E+02,9.01E+01,1.91E+00,0,0,0,0,0,2.56E+00,0,1.08E-01,0,0,0,0,0,1.96E+02,6.61E+01,1.81E-02,0,0,0,0,0,1.28E+03,
Central Europe,SCG,Serbia and Montenegro,3.09E-01,5.50E-03,2.38E-01,0,8.33E-01,0,0,0,3.36E+01,3.10E+01,8.05E+01,0,0,0,0,0,5.68E-02,1.03E+00,0,0,0,0,0,0,0,0,0,0,0,0,0,0,0,9.23E+01,2.69E+01,0,0,0,0,0,0,2.27E+00,0,0,0,0,0,0,0,1.92E+01,3.20E+01,7.41E-03,2.47E-02,0,0,0,0,3.20E+02,
Central Europe,SVK,Slovakia,3.42E-01,6.00E-02,6.74E-01,0,3.47E-01,0,0,2.29E-02,3.21E+00,1.17E+01,2.76E+01,0,0,0,0,0,6.86E-02,3.18E-01,0,0,0,0,0,0,0,0,0,0,0,0,0,0,0,5.31E+01,1.02E+01,0,0,0,0,0,0,8.06E-01,0,1.15E+00,0,0,0,0,0,4.40E+01,3.75E+01,7.05E-02,9.49E-02,0,0,0,0,1.91E+02,
Central Europe,SVN,Slovenia,1.12E-01,5.02E-04,2.05E-01,2.09E-05,3.72E-01,2.08E-03,0,0,1.12E+01,3.71E+01,4.90E+00,0,0,0,0,0,3.45E-01,1.09E-02,0,0,0,0,0,0,0,0,0,0,0,0,0,0,0,4.45E+01,5.91E+00,0,0,0,0,0,0,1.37E-01,0,0,0,0,0,0,0,2.03E+01,1.36E+01,0,1.30E-05,0,0,0,0,1.39E+02,
Turkey,TUR,Turkey,3.20E+00,1.63E-01,1.83E+00,1.64E-02,9.44E+00,2.82E-02,1.50E-01,6.56E-03,1.98E+02,2.28E+02,2.64E+02,0,0,0,0,0,3.58E-01,3.84E-01,0,0,0,0,0,0,0,0,0,0,0,0,0,0,0,8.53E+02,2.33E+02,3.27E+01,0,0,0,0,0,2.81E+01,0,5.71E-02,0,0,0,0,0,1.41E+03,3.37E+02,0,9.34E-01,0,0,0,0,3.60E+03,
Ukraine +,BLR,Belarus,1.48E+00,8.23E-02,4.22E-01,5.77E-02,8.09E-01,7.26E-02,9.38E-03,1.26E-04,3.08E+01,3.66E-01,1.72E+01,0,0,0,0,0,6.03E-02,0,0,0,0,0,0,0,0,0,0,0,0,0,0,0,0,3.41E+02,5.04E+01,0,0,0,0,0,0,1.64E+00,0,2.09E-02,0,0,0,0,0,2.59E+02,2.67E+01,0,1.81E-01,0,0,0,0,7.31E+02,
Ukraine +,MDA,"Moldova, Republic of",8.42E-02,0,1.36E-02,0,3.99E-02,1.04E-02,0,2.93E-04,1.89E+00,7.96E+00,7.45E+01,0,0,0,0,0,0,0,0,0,0,0,0,0,0,0,0,0,0,0,0,0,0,2.62E+01,9.94E+00,0,0,0,0,0,0,3.85E-01,0,0,0,0,0,0,0,7.00E+00,3.28E+01,2.52E-03,8.39E-03,0,0,0,0,1.61E+02,
Ukraine +,UKR,Ukraine,1.53E+00,3.08E-01,2.60E+00,8.15E-04,3.80E+00,5.20E-02,3.16E-02,1.26E-01,3.19E+01,4.34E+02,1.79E+03,0,0,0,0,0,8.10E-02,6.22E+00,0,0,0,0,0,0,0,0,0,0,0,0,0,0,0,3.80E+02,9.31E+01,6.37E+00,0,0,0,0,0,9.89E+00,0,2.66E-01,0,0,0,0,0,3.81E+02,1.13E+02,0,5.80E-01,0,0,0,0,3.25E+03,
Asia-Stan,KAZ,Kazakhstan,7.04E-01,6.06E-01,3.23E+00,2.16E-03,1.20E+00,9.84E-02,2.23E-03,0,6.74E+00,6.97E+02,1.35E+03,0,0,0,0,0,8.73E-03,2.32E+00,0,0,0,0,0,0,0,0,0,0,0,0,0,0,0,5.97E+02,4.41E+01,1.53E+01,0,0,0,0,0,7.15E+00,2.04E-01,5.62E+01,0,0,0,0,0,2.07E+02,3.93E+01,0,5.74E-01,0,0,0,0,3.03E+03,
Asia-Stan,KGZ,Kyrgyzstan,2.95E-02,0,1.12E-01,4.76E-04,9.34E-02,0,0,0,3.09E-01,2.36E+00,9.28E+00,0,0,0,0,0,0,0,0,0,0,0,0,0,0,0,0,0,0,0,0,0,0,1.20E+02,7.07E+00,1.23E+00,0,0,0,0,0,4.54E-01,0,0,0,0,0,0,0,4.53E+00,2.88E+01,0,6.96E-02,0,0,0,0,1.74E+02,
Asia-Stan,TJK,Tajikistan,1.40E-02,0,1.00E-04,0,1.50E+00,0,0,0,1.36E+00,2.58E+00,2.00E+01,0,0,0,0,0,0,0,0,0,0,0,0,0,0,0,0,0,0,0,0,0,0,1.34E+02,1.10E+01,8.07E+00,0,0,0,0,0,3.06E-01,0,0,0,0,0,0,0,6.76E+00,2.93E+01,0,5.58E-02,0,0,0,0,2.15E+02,
Asia-Stan,TKM,Turkmenistan,5.88E-01,2.96E-01,1.00E-04,0,6.53E-01,0,0,0,2.52E+00,0,1.20E+03,0,0,0,0,0,8.16E-05,0,0,0,0,0,0,0,0,0,0,0,0,0,0,0,0,3.05E+02,1.42E+01,0,0,0,0,0,0,9.65E-01,0,0,0,0,0,0,0,1.27E+01,3.16E+01,0,1.59E-01,0,0,0,0,1.57E+03,
Asia-Stan,UZB,Uzbekistan,5.45E-01,2.04E-01,3.48E-01,4.37E-03,2.22E+00,1.13E-02,0,5.81E-02,6.65E+00,5.39E+00,1.29E+03,0,0,0,0,0,0,0,0,0,0,0,0,0,0,0,0,0,0,0,0,0,0,6.67E+02,5.31E+01,2.78E+00,0,0,0,0,0,2.09E+00,0,0,0,0,0,0,0,3.88E+01,1.38E+02,0,3.90E-01,0,0,0,0,2.21E+03,
Russia +,ARM,Armenia,2.33E-02,0,3.51E-02,0,2.50E-01,0,0,0,1.76E-01,0,8.49E+01,0,0,0,0,0,0,0,0,0,0,0,0,0,0,0,0,0,0,0,0,0,0,4.77E+01,7.47E+00,0,0,0,0,0,0,1.47E-01,0,0,0,0,0,0,0,8.55E+00,4.72E+00,0,1.05E-01,0,0,0,0,1.54E+02,
Russia +,AZE,Azerbaijan,2.20E-01,8.33E-02,3.16E-02,2.41E-04,6.66E-01,0,0,0,7.35E-01,0,4.66E+02,0,0,0,0,0,1.67E-02,0,0,0,0,0,0,0,0,0,0,0,0,0,0,0,0,2.24E+02,3.40E+01,3.03E-01,0,0,0,0,0,6.16E-01,0,0,0,0,0,0,0,2.79E+01,5.23E+01,0,2.28E-01,0,0,0,0,8.07E+02,
Russia +,GEO,Georgia,2.29E-02,1.02E-02,1.81E-02,0,2.01E-01,6.70E-04,0,5.85E-03,1.96E+01,1.55E-01,6.78E+01,0,0,0,0,0,0,2.27E-02,0,0,0,0,0,0,0,0,0,0,0,0,0,0,0,9.41E+01,1.78E+01,0,0,0,0,0,0,1.20E-01,0,2.34E-02,0,0,0,0,0,1.55E+01,8.67E+00,0,1.02E-01,0,0,0,0,2.24E+02,
Russia +,RUS,Russian Federation,1.90E+01,3.60E+00,7.17E+00,1.22E-01,2.14E+01,3.40E-01,3.05E-01,1.57E+00,1.99E+02,2.77E+03,1.63E+04,0,0,0,0,0,1.00E+01,5.86E+00,0,0,0,0,0,0,0,0,0,0,0,0,0,0,0,1.64E+03,2.75E+02,4.36E+01,0,0,0,0,0,2.75E+01,1.43E-01,3.12E-01,0,0,0,0,0,2.11E+03,8.79E+02,0,0,0,0,0,0,2.44E+04,
Middle_East,ARE,United Arab Emirates,4.61E+00,8.97E-02,8.56E-01,0,1.51E+00,0,0,0,5.28E-01,2.33E-01,1.07E+03,0,0,0,0,0,0,0,0,0,0,0,0,0,0,0,0,0,0,0,0,0,0,2.70E+01,1.53E+00,0,0,0,0,0,0,2.49E-04,0,0,0,0,0,0,0,3.50E+01,1.86E+01,0,4.12E-01,0,0,0,0,1.16E+03,
Middle_East,BHR,Bahrain,6.44E-01,2.39E-01,1.24E-01,0,2.18E-01,0,0,0,2.13E-02,9.46E-02,1.39E+02,0,0,0,0,0,8.31E-01,0,0,0,0,0,0,0,0,0,0,0,0,0,0,0,0,7.48E-01,2.56E-02,0,0,0,0,0,0,1.12E-05,0,0,0,0,0,0,0,6.61E+00,3.78E+00,0,6.05E-02,0,0,0,0,1.52E+02,
Middle_East,IRN,"Iran, Islamic Republic of",3.79E+00,8.08E-01,2.79E+00,0,3.52E+00,0,0,0,1.94E+01,3.44E+01,3.51E+03,0,0,0,0,0,1.02E+01,6.85E-02,0,0,0,0,0,0,0,0,0,0,0,0,0,0,0,8.14E+02,2.85E+01,1.47E+02,0,0,0,0,2.45E-04,0,0,5.09E-02,0,0,0,0,0,2.57E+02,3.80E+02,0,3.28E+00,0,0,0,0,5.22E+03,
Middle_East,IRQ,Iraq,3.90E-01,1.03E-01,8.36E-01,0,5.92E+00,0,0,0,1.14E+00,1.37E+00,7.17E+02,0,0,0,0,0,8.58E-03,0,0,0,0,0,0,0,0,0,0,0,0,0,0,0,0,1.11E+02,5.14E+00,4.74E+01,0,0,0,0,0,2.80E+00,0,6.84E-03,0,0,0,0,0,8.23E+01,1.04E+02,0,5.54E-01,0,0,0,0,1.08E+03,
Middle_East,ISR,Israel,4.58E-01,7.56E-02,3.95E-02,0,1.03E+00,2.00E-03,0,0,1.22E+00,2.61E-01,4.62E+01,0,0,0,0,0,0,0,0,0,0,0,0,0,0,0,0,0,0,0,0,0,0,5.06E+01,2.56E+00,0,0,0,0,0,0,1.84E-01,0,0,0,0,0,0,0,5.56E+01,2.78E+01,0,5.93E-01,0,0,0,0,1.87E+02,
Middle_East,JOR,Jordan,1.81E-01,1.72E-02,1.03E-01,0,5.09E-01,0,0,1.38E-03,4.33E-01,3.48E+00,2.77E+01,0,0,0,0,0,0,0,0,0,0,0,0,0,0,0,0,0,0,0,0,0,0,2.13E+01,1.09E+00,0,0,0,0,0,0,3.43E-02,0,0,0,0,0,0,0,2.31E+01,2.67E+01,0,2.53E-01,0,0,0,0,1.05E+02,
Middle_East,KWT,Kuwait,5.47E-01,5.83E-01,1.99E-01,0,1.11E+00,0,0,0,4.91E-02,2.47E-01,5.60E+02,0,0,0,0,0,4.02E-01,0,0,0,0,0,0,0,0,0,0,0,0,0,0,0,0,7.30E+00,2.16E-01,0,0,0,0,0,0,2.84E-03,0,0,0,0,0,0,0,2.75E+01,1.17E+01,0,2.62E-01,0,0,0,0,6.10E+02,
Middle_East,LBN,Lebanon,9.22E-02,0,9.62E-02,0,5.97E-01,0,0,0,1.57E+00,1.55E+00,1.76E+00,0,0,0,0,0,0,0,0,0,0,0,0,0,0,0,0,0,0,0,0,0,0,1.19E+01,1.08E+00,0,0,0,0,0,0,9.32E-02,0,0,0,0,0,0,0,1.86E+01,1.43E+01,0,1.74E-01,0,0,0,0,5.19E+01,
Middle_East,OMN,Oman,9.98E-01,3.30E-01,2.25E-01,0,4.83E-01,0,0,0,4.39E-01,4.93E-01,6.87E+02,0,0,0,0,0,0,0,0,0,0,0,0,0,0,0,0,0,0,0,0,0,0,2.50E+01,1.05E+00,0,0,0,0,0,0,4.58E-03,0,0,0,0,0,0,0,1.73E+01,1.01E+01,0,1.63E-01,0,0,0,0,7.44E+02,
Middle_East,QAT,Qatar,8.11E-01,8.67E-01,2.87E-01,2.14E-03,4.39E-01,0,0,0,4.47E-02,6.80E-02,1.32E+03,0,0,0,0,0,1.76E+00,0,0,0,0,0,0,0,0,0,0,0,0,0,0,0,0,4.92E+00,3.12E-01,0,0,0,0,0,0,3.85E-03,0,0,0,0,0,0,0,8.48E+00,1.67E+01,0,9.15E-02,0,0,0,0,1.36E+03,
Middle_East,SAU,Saudi Arabia,5.69E+00,1.92E+00,1.58E+00,6.06E-04,1.07E+01,0,0,0,4.00E-01,3.50E+00,2.33E+03,0,0,0,0,0,1.18E+01,0,0,0,0,0,0,0,0,0,0,0,0,0,0,0,0,8.72E+01,5.72E+00,0,0,0,0,0,0,1.95E+00,0,0,0,0,0,0,0,1.86E+02,1.05E+02,0,1.75E+00,0,0,0,0,2.76E+03,
Middle_East,SYR,Syrian Arab Republic,2.83E-01,4.95E-02,2.78E-01,2.82E-03,8.77E-01,0,0,0,6.84E+00,9.15E-02,2.62E+02,0,0,0,0,0,0,0,0,0,0,0,0,0,0,0,0,0,0,0,0,0,0,1.99E+02,6.50E+00,0,0,0,0,0,0,3.36E+00,0,4.51E-02,0,0,0,0,0,4.68E+01,6.90E+01,0,4.63E-01,0,0,0,0,5.95E+02,
Middle_East,YEM,Yemen,3.81E-02,1.11E-01,1.01E-01,0,1.01E+00,0,0,0,4.26E+00,4.66E+00,9.99E+01,0,0,0,0,0,0,0,0,0,0,0,0,0,0,0,0,0,0,0,0,0,0,1.79E+02,5.92E+00,0,0,0,0,0,0,9.01E-01,0,0,0,0,0,0,0,1.46E+01,8.59E+01,0,1.65E-01,0,0,0,0,3.96E+02,
India +,AFG,Afghanistan,9.80E-04,0,1.11E-01,2.37E-04,1.25E-01,0,8.88E-04,3.49E-04,1.41E+01,9.44E+00,2.01E+01,0,0,0,0,0,0,0,0,0,0,0,0,0,0,0,0,0,0,0,0,0,0,2.80E+02,1.63E+01,3.81E+01,0,0,0,0,0,4.80E-01,0,0,0,0,0,0,0,1.62E+01,1.39E+02,0,2.24E-01,0,0,0,0,5.34E+02,
India +,BGD,Bangladesh,6.26E-01,4.97E-03,2.91E-01,0,1.05E+00,2.29E-02,4.41E-02,0,1.85E+02,3.90E+01,3.12E+02,0,0,0,0,0,0,0,0,0,0,0,0,0,0,0,0,0,0,0,0,0,0,8.78E+02,7.56E+01,2.24E+03,0,0,0,0,1.17E-03,1.62E+01,9.72E-02,0,0,0,0,0,0,2.28E+02,6.85E+02,0,0,0,0,0,0,4.66E+03,
India +,BTN,Bhutan,4.76E-04,0,9.69E-03,3.44E-04,2.12E-02,0,2.16E-04,6.10E-05,1.71E+01,3.70E+00,9.82E-03,0,0,0,0,0,0,2.71E-02,0,0,0,0,0,0,0,0,0,0,0,0,0,0,0,1.35E+01,1.38E+00,9.50E+00,0,0,0,0,0,1.78E-01,2.16E+00,0,0,0,0,0,0,8.35E-01,8.88E+00,0,7.73E-03,0,0,0,0,5.73E+01,
India +,IND,India,9.89E+00,1.86E+00,5.14E+01,1.00E-03,3.33E+01,4.97E-01,3.51E-01,6.90E-03,1.99E+03,2.17E+03,7.11E+02,0,0,0,0,0,2.14E+00,2.70E+00,0,0,0,0,0,0,0,0,0,0,0,0,0,0,0,1.26E+04,1.11E+03,4.07E+03,0,0,0,0,1.24E+01,2.50E+02,1.70E+01,3.31E+00,0,0,0,0,0,1.27E+03,4.42E+03,0,5.24E+01,4.50E+01,0,0,0,2.89E+04,
India +,IOT,British Indian Ocean Territory,0,0,0,0,0,0,0,0,0,0,0,0,0,0,0,0,0,0,0,0,0,0,0,0,0,0,0,0,0,0,0,0,0,0,0,0,0,0,0,0,0,0,0,0,0,0,0,0,0,0,0,0,0,0,0,0,0,0,
India +,LKA,Sri Lanka,4.62E-02,4.91E-03,2.08E+00,4.14E-03,1.81E+00,4.51E-03,0,1.25E-04,2.09E+01,2.38E+00,4.99E-01,0,0,0,0,0,0,0,0,0,0,0,0,0,0,0,0,0,0,0,0,0,0,6.77E+01,6.09E+00,2.89E+02,0,0,0,0,0,2.22E-01,0,0,0,0,0,0,0,4.83E+01,1.02E+02,0,0,0,0,0,0,5.41E+02,
India +,MDV,Maldives,5.38E-03,0,5.87E-03,1.42E-04,9.61E-02,0,1.49E-03,3.32E-04,5.25E-03,6.74E-02,7.09E-02,0,0,0,0,0,0,0,0,0,0,0,0,0,0,0,0,0,0,0,0,0,0,0,0,0,0,0,0,0,0,2.78E-02,0,0,0,0,0,0,0,6.87E-01,1.28E+00,0,5.42E-03,0,0,0,0,2.25E+00,
India +,NPL,Nepal,0,0,2.12E-01,0,2.54E-01,0,0,0,6.20E+01,6.98E+00,0,0,0,0,0,0,0,0,0,0,0,0,0,0,0,0,0,0,0,0,0,0,0,4.88E+02,4.31E+01,3.61E+02,0,0,0,0,3.34E-01,9.22E+00,4.66E-02,0,0,0,0,0,0,9.19E+00,1.18E+02,0,0,0,0,0,0,1.10E+03,
India +,PAK,Pakistan,6.80E-01,6.41E-02,6.82E+00,0,9.64E+00,4.96E-02,0,8.90E-05,1.92E+02,6.48E+01,1.53E+03,0,0,0,0,0,0,0,0,0,0,0,0,0,0,0,0,0,0,0,0,0,0,3.32E+03,2.42E+02,8.96E+02,0,0,0,0,1.08E+00,1.08E+01,0,2.27E+00,0,0,0,0,0,2.04E+02,6.86E+02,0,2.42E+00,0,0,0,0,7.17E+03,
Korea,KOR,"Korea, Republic of",3.65E+00,4.21E-01,6.34E+00,5.75E-03,2.14E+01,3.73E-02,2.56E-01,1.30E-02,2.94E+01,5.56E+01,2.17E+02,0,0,0,0,0,2.41E+00,2.78E+00,0,0,0,0,0,0,0,0,0,0,0,0,0,0,0,2.80E+02,2.24E+01,2.98E+02,0,0,0,0,0,3.16E-01,0,0,0,0,0,0,0,9.90E+01,4.41E+02,0,0,0,0,0,0,1.48E+03,
Korea,PRK,"Korea, Democratic People's Republic of",6.81E-02,4.01E-04,4.62E+00,0,2.76E-01,0,0,0,6.54E+01,4.56E+02,1.02E-01,0,0,0,0,0,1.65E-02,9.90E-03,0,0,0,0,0,0,0,0,0,0,0,0,0,0,0,5.09E+01,7.82E+00,1.46E+02,0,0,0,0,0,3.04E+00,0,0,0,0,0,0,0,4.27E+01,1.14E+02,1.79E-01,0,0,0,0,0,8.91E+02,
China +,CHN,China,2.74E+01,5.27E+00,1.41E+02,2.12E-01,5.39E+01,1.38E+00,3.63E+00,8.88E-01,3.75E+03,2.84E+04,2.74E+03,0,0,0,0,0,3.54E+01,2.55E+01,0,0,0,0,0,0,0,0,0,0,0,0,0,0,0,1.08E+04,1.68E+03,1.50E+04,0,0,0,0,7.54E+00,1.60E+01,4.28E+00,1.68E+01,0,0,0,0,0,3.79E+03,6.54E+03,2.48E+01,7.64E+00,9.00E+01,0,0,0,7.32E+04,
China +,HKG,Hong Kong,5.60E-01,0,5.22E-01,0,2.25E-01,0,1.83E-04,0,2.73E-01,0,3.46E+01,0,0,0,0,0,0,0,0,0,0,0,0,0,0,0,0,0,0,0,0,0,0,0,0,0,0,0,0,0,0,0,0,0,0,0,0,0,0,7.10E+01,3.42E+01,2.96E-01,0,0,0,0,0,1.42E+02,
China +,MAC,Macao,8.33E-04,0,6.63E-03,2.73E-04,2.40E-02,0,6.98E-04,2.11E-04,1.20E-02,0,1.36E-01,0,0,0,0,0,0,0,0,0,0,0,0,0,0,0,0,0,0,0,0,0,0,0,0,0,0,0,0,0,0,0,0,0,0,0,0,0,0,4.61E+00,1.85E+00,2.11E-02,0,0,0,0,0,6.66E+00,
China +,MNG,Mongolia,7.93E-02,8.36E-04,9.17E-02,1.02E-03,4.32E-01,1.76E-02,2.48E-03,0,5.27E+00,1.91E+01,3.55E-01,0,0,0,0,0,0,0,0,0,0,0,0,0,0,0,0,0,0,0,0,0,0,2.72E+02,1.43E+01,0,0,0,0,0,0,1.51E-02,0,3.74E-01,0,0,0,0,0,3.78E+00,1.14E+01,2.28E-02,0,0,0,0,0,3.27E+02,
China +,TWN,Taiwan_Province of China,3.68E+00,2.23E-01,3.03E+00,2.93E-03,7.39E+00,6.25E-03,7.02E-02,0,9.63E-01,5.36E+00,4.41E+01,0,0,0,0,0,5.16E-01,7.06E-01,0,0,0,0,0,0,0,0,0,0,0,0,0,0,0,1.71E+01,3.58E+01,0,0,0,0,0,1.45E-02,0,0,0,0,0,0,0,0,1.74E+02,1.14E+02,7.31E-01,0,0,0,0,0,4.08E+02,
Southeastern Asia,BRN,Brunei Darussalam,1.90E-01,6.92E-02,5.34E-02,0,1.71E-01,0,0,0,4.75E-02,2.74E-02,2.16E+02,0,0,0,0,0,0,0,0,0,0,0,0,0,0,0,0,0,0,0,0,0,0,3.40E-01,3.35E-01,0,0,0,0,0,0,5.15E-03,0,0,0,0,0,0,0,2.64E+00,1.99E+00,6.94E-02,2.37E-02,0,0,0,0,2.22E+02,
Southeastern Asia,KHM,Cambodia,3.51E-03,0,5.66E-02,1.78E-03,3.77E-02,0,1.10E-03,0,4.86E+01,8.96E+00,5.70E-04,0,0,0,0,0,0,0,0,0,0,0,0,0,0,0,0,0,0,0,0,0,0,1.89E+02,2.81E+01,5.31E+02,0,0,0,0,2.07E+02,2.69E+01,4.32E+02,0,0,0,0,0,0,1.40E+01,6.81E+01,4.04E-01,1.38E-01,0,0,0,0,1.56E+03,
Southeastern Asia,LAO,Lao People's Democratic Republic,8.90E-04,0,3.02E-02,6.77E-04,4.54E-02,0,1.91E-04,7.86E-05,2.70E+01,1.12E+01,2.50E-02,0,0,0,0,0,0,0,0,0,0,0,0,0,0,0,0,0,0,0,0,0,0,1.29E+02,1.65E+01,1.25E+02,0,0,0,0,2.57E+01,9.93E+00,2.04E+01,0,0,0,0,0,0,5.56E+00,2.68E+01,0,0,0,0,0,0,3.97E+02,
Southeastern Asia,MMR,Myanmar,1.36E-01,2.43E-02,4.85E-01,0,5.54E-01,0,3.37E-03,1.31E-04,1.73E+02,3.23E+01,2.83E+02,0,0,0,0,0,0,0,0,0,0,0,0,0,0,0,0,0,0,0,0,0,0,9.56E+02,1.08E+02,1.64E+03,0,0,0,0,3.96E+00,1.00E+02,2.16E+01,0,0,0,0,0,0,6.52E+01,2.62E+02,0,0,0,0,0,0,3.64E+03,
Southeastern Asia,MYS,Malaysia,2.53E+00,1.28E+00,1.81E+00,0,7.46E+00,0,0,7.32E-03,1.81E+01,5.39E+01,1.02E+03,0,0,0,0,0,1.84E+00,0,0,0,0,0,0,0,0,0,0,0,0,0,0,0,0,5.11E+01,2.25E+01,1.64E+02,0,0,0,0,9.07E+00,7.87E+00,3.22E+01,0,0,0,0,0,0,1.39E+02,1.42E+02,1.86E+00,2.29E+00,0,0,0,0,1.68E+03,
Southeastern Asia,PHL,Philippines,4.18E-01,7.91E-02,2.65E+00,3.87E-03,3.52E+00,0,1.60E-01,0,7.37E+01,1.32E+02,6.82E+01,0,0,0,0,0,1.28E-03,3.32E-01,0,0,0,0,0,0,0,0,0,0,0,0,0,0,0,4.12E+02,8.49E+01,1.12E+03,0,0,0,0,1.26E+00,6.95E+01,0,0,0,0,0,0,0,2.60E+02,4.56E+02,0,4.59E+00,0,0,0,0,2.68E+03,
Southeastern Asia,SGP,Singapore,5.25E-01,1.53E-01,1.30E-02,0,6.04E-01,0,0,0,1.78E-02,3.11E+00,6.15E+01,0,0,0,0,0,3.47E-01,0,0,0,0,0,0,0,0,0,0,0,0,0,0,0,0,2.70E-01,8.76E-01,0,0,0,0,0,4.15E-01,1.08E-05,0,0,0,0,0,0,0,1.49E+01,2.13E+01,7.21E+00,0,0,0,0,0,1.11E+02,
Southeastern Asia,THA,Thailand,4.29E+00,5.59E-01,1.16E+01,0,1.01E+01,1.60E-02,2.70E-02,0,1.21E+02,4.25E+02,4.57E+02,0,0,0,0,0,5.28E-01,0,0,0,0,0,0,0,0,0,0,0,0,0,0,0,0,4.25E+02,8.15E+01,2.26E+03,0,0,0,0,5.06E+01,8.17E+01,2.62E+01,0,0,0,0,0,0,2.95E+02,3.89E+02,3.18E+00,3.92E+00,0,0,0,0,4.65E+03,
Southeastern Asia,TLS,Timor-Leste,0,0,3.49E-03,0,0,0,0,0,3.43E-01,0,3.63E-02,0,0,0,0,0,0,0,0,0,0,0,0,0,0,0,0,0,0,0,0,0,0,1.53E+01,1.90E+00,1.11E+01,0,0,0,0,0,4.17E-01,0,0,0,0,0,0,0,1.95E-01,3.93E+00,5.26E-03,1.80E-03,0,0,0,0,3.32E+01,
Southeastern Asia,VNM,Viet Nam,1.17E+00,0,2.92E+00,3.97E-03,5.02E+00,2.29E-03,0,4.44E-02,2.69E+02,1.31E+03,1.71E+02,0,0,0,0,0,0,0,0,0,0,0,0,0,0,0,0,0,0,0,0,0,0,6.36E+02,1.99E+02,1.82E+03,0,0,0,0,7.03E+00,8.57E+01,3.83E+00,0,0,0,0,0,0,1.22E+02,4.38E+02,0,0,0,0,0,0,5.07E+03,
Indonesia +,IDN,Indonesia,1.85E+00,1.77E+00,1.81E+01,2.09E-02,2.13E+01,0,3.80E-01,0,2.95E+02,1.14E+03,1.27E+03,0,0,0,0,0,2.37E+00,1.78E-02,0,0,0,0,0,0,0,0,0,0,0,0,0,0,0,1.08E+03,1.05E+02,2.75E+03,0,0,0,0,9.93E+01,2.03E+02,4.74E+02,0,2.31E+02,0,0,0,0,1.02E+03,1.55E+03,1.17E+01,1.44E+01,0,0,0,0,1.03E+04,
Indonesia +,PNG,Papua New Guinea,1.22E-02,0,3.53E-02,6.73E-04,4.21E-02,0,2.88E-03,8.16E-04,1.94E+01,5.36E-01,2.33E+01,0,0,0,0,0,0,0,0,0,0,0,0,0,0,0,0,0,0,0,0,0,0,6.66E+00,7.14E+00,9.52E-02,0,0,0,0,2.31E-01,1.55E-01,1.80E+00,0,0,0,0,0,0,3.97E+00,3.15E+01,9.92E-02,0,0,0,0,0,9.49E+01,
Japan,JPN,Japan,1.19E+01,5.65E-01,1.35E+01,7.26E-02,1.17E+01,3.69E-02,1.07E+00,0,1.80E+01,5.59E+01,4.79E+01,0,0,0,0,0,4.65E+00,7.64E+00,0,0,0,0,0,0,0,0,0,0,0,0,0,0,0,4.82E+02,1.61E+02,7.72E+02,0,0,0,0,0,6.81E-01,9.65E-04,8.88E-02,0,0,0,0,0,1.45E+02,1.98E+02,1.90E+01,7.40E-01,0,0,0,0,1.95E+03,
Oceania,ASM,American Samoa,0,0,0,0,0,0,0,0,2.16E-05,0,0,0,0,0,0,0,0,0,0,0,0,0,0,0,0,0,0,0,0,0,0,0,0,1.62E-02,1.26E-01,0,0,0,0,0,0,1.02E-05,0,0,0,0,0,0,0,3.49E-01,8.20E-02,0,0,0,0,0,0,5.73E-01,
Oceania,ATF,French Southern Territories,0,0,0,0,0,0,0,0,0,0,0,0,0,0,0,0,0,0,0,0,0,0,0,0,0,0,0,0,0,0,0,0,0,0,0,0,0,0,0,0,0,0,0,0,0,0,0,0,0,0,0,0,0,0,0,0,0,0,
Oceania,AUS,Australia,4.12E+00,8.69E-01,5.69E+00,4.45E-02,9.44E+00,1.14E-01,1.99E-01,3.54E-02,1.94E+01,1.56E+03,2.58E+02,0,0,0,0,0,2.79E-01,7.24E-01,0,0,0,0,0,0,0,0,0,0,0,0,0,0,0,2.95E+03,1.95E+02,1.42E+01,0,0,0,0,1.28E+02,2.31E+01,1.93E+01,4.32E+01,0,0,0,0,0,5.25E+02,6.52E+01,7.01E-03,0,6.00E-01,0,0,0,5.82E+03,
Oceania,CCK,Cocos (Keeling) Islands,0,0,0,0,0,0,0,0,0,0,0,0,0,0,0,0,0,0,0,0,0,0,0,0,0,0,0,0,0,0,0,0,0,0,0,0,0,0,0,0,0,0,0,0,0,0,0,0,0,0,0,0,0,0,0,0,0,0,
Oceania,COK,Cook Islands,0,0,1.57E-03,0,0,0,0,0,1.30E-03,0,0,0,0,0,0,0,0,0,0,0,0,0,0,0,0,0,0,0,0,0,0,0,0,4.79E-02,9.62E-02,0,0,0,0,0,0,7.38E-04,0,0,0,0,0,0,0,0,2.72E-02,0,0,0,0,0,0,1.75E-01,
Oceania,CXR,Christmas Island,0,0,0,0,0,0,0,0,0,0,0,0,0,0,0,0,0,0,0,0,0,0,0,0,0,0,0,0,0,0,0,0,0,0,0,0,0,0,0,0,0,0,0,0,0,0,0,0,0,0,0,0,0,0,0,0,0,0,
Oceania,FJI,Fiji,4.82E-03,0,7.46E-03,1.21E-03,2.94E-02,0,1.32E-03,3.89E-04,4.09E-01,2.13E-01,9.65E-02,0,0,0,0,0,0,0,0,0,0,0,0,0,0,0,0,0,0,0,0,0,0,2.12E+01,3.57E+00,1.48E+00,0,0,0,0,0,1.05E-01,0,0,0,0,0,0,0,3.95E+00,2.57E+00,0,0,0,0,0,0,3.37E+01,
Oceania,FSM,"Micronesia, Federated States of",0,0,0,0,0,0,0,0,1.36E-03,3.01E-02,0,0,0,0,0,0,0,0,0,0,0,0,0,0,0,0,0,0,0,0,0,0,0,7.41E-01,1.32E-01,1.82E-02,0,0,0,0,0,6.71E-04,0,0,0,0,0,0,0,3.17E-01,1.53E-01,0,0,0,0,0,0,1.39E+00,
Oceania,GUM,Guam,0,0,0,0,0,0,0,0,1.77E-03,0,0,0,0,0,0,0,0,0,0,0,0,0,0,0,0,0,0,0,0,0,0,0,0,2.04E-02,6.30E-02,0,0,0,0,0,0,7.34E-04,0,0,0,0,0,0,0,1.76E+00,1.36E+00,0,0,0,0,0,0,3.21E+00,
Oceania,HMD,Heard Island and McDonald Islands,0,0,0,0,0,0,0,0,0,0,0,0,0,0,0,0,0,0,0,0,0,0,0,0,0,0,0,0,0,0,0,0,0,0,0,0,0,0,0,0,0,0,0,0,0,0,0,0,0,0,0,0,0,0,0,0,0,0,
Oceania,KIR,Kiribati,5.86E-05,0,3.91E-04,4.33E-05,6.19E-04,0,2.23E-05,7.83E-06,7.88E-03,3.01E-02,1.69E-03,0,0,0,0,0,0,0,0,0,0,0,0,0,0,0,0,0,0,0,0,0,0,1.30E-02,3.59E-02,0,0,0,0,0,0,2.42E-03,0,0,0,0,0,0,0,2.87E-01,3.46E-01,0,0,0,0,0,0,7.25E-01,
Oceania,MHL,Marshall Islands,0,0,0,0,0,0,0,0,0,0,0,0,0,0,0,0,0,0,0,0,0,0,0,0,0,0,0,0,0,0,0,0,0,0,0,0,0,0,0,0,0,0,0,0,0,0,0,0,0,2.62E-01,8.21E-02,0,0,0,0,0,0,3.44E-01,
Oceania,MNP,Northern Mariana Islands,0,0,0,0,0,0,0,0,0,0,0,0,0,0,0,0,0,0,0,0,0,0,0,0,0,0,0,0,0,0,0,0,0,0,0,0,0,0,0,0,0,0,0,0,0,0,0,0,0,4.00E-01,1.36E-01,0,0,0,0,0,0,5.37E-01,
Oceania,NCL,New Caledonia,1.47E-03,0,7.25E-03,8.76E-05,1.93E-02,0,6.04E-04,2.32E-04,3.22E-02,4.87E-02,8.45E-02,0,0,0,0,0,0,0,0,0,0,0,0,0,0,0,0,0,0,0,0,0,0,6.59E+00,7.82E-01,0,0,0,0,0,0,1.97E-03,0,0,0,0,0,0,0,2.19E+00,3.12E-01,0,0,0,0,0,0,1.01E+01,
Oceania,NFK,Norfolk Island,0,0,0,0,0,0,0,0,0,0,0,0,0,0,0,0,0,0,0,0,0,0,0,0,0,0,0,0,0,0,0,0,0,0,0,0,0,0,0,0,0,0,0,0,0,0,0,0,0,0,4.07E-03,0,0,0,0,0,0,4.07E-03,
Oceania,NIU,Niue,0,0,0,0,0,0,0,0,9.61E-05,2.79E-04,0,0,0,0,0,0,0,0,0,0,0,0,0,0,0,0,0,0,0,0,0,0,0,9.77E-03,2.78E-02,0,0,0,0,0,0,4.78E-05,0,0,0,0,0,0,0,6.68E-03,1.29E-03,0,0,0,0,0,0,4.60E-02,
Oceania,NRU,Nauru,0,0,0,0,0,0,0,0,0,0,0,0,0,0,0,0,0,0,0,0,0,0,0,0,0,0,0,0,0,0,0,0,0,2.80E-03,8.18E-03,0,0,0,0,0,0,0,0,0,0,0,0,0,0,1.13E-01,1.91E-02,0,0,0,0,0,0,1.43E-01,
Oceania,NZL,New Zealand,4.20E-01,3.63E-02,9.50E-01,6.67E-03,1.01E+00,0,0,1.15E-02,4.02E+00,1.81E+01,2.89E+01,0,0,0,0,0,1.08E+00,0,0,0,0,0,0,0,0,0,0,0,0,0,0,0,0,1.06E+03,1.31E+02,0,0,0,0,0,0,2.88E-01,1.11E+00,0,0,0,0,0,0,5.22E+01,1.10E+01,0,0,0,0,0,0,1.31E+03,
Oceania,PCN,Pitcairn,0,0,0,0,0,0,0,0,0,0,0,0,0,0,0,0,0,0,0,0,0,0,0,0,0,0,0,0,0,0,0,0,0,0,0,0,0,0,0,0,0,0,0,0,0,0,0,0,0,0,1.02E-03,0,0,0,0,0,0,1.02E-03,
Oceania,PLW,Palau,0,0,0,0,0,0,0,0,0,0,0,0,0,0,0,0,0,0,0,0,0,0,0,0,0,0,0,0,0,0,0,0,0,0,0,0,0,0,0,0,0,0,0,0,0,0,0,0,0,0,6.30E-02,0,0,0,0,0,0,6.30E-02,
Oceania,PYF,French Polynesia,2.28E-03,0,3.13E-03,9.40E-05,1.87E-02,0,7.11E-04,2.51E-04,1.28E-02,0,5.38E-02,0,0,0,0,0,0,0,0,0,0,0,0,0,0,0,0,0,0,0,0,0,0,8.34E-01,3.42E-01,0,0,0,0,0,0,1.81E-03,0,0,0,0,0,0,0,2.10E+00,1.07E+00,0,0,0,0,0,0,4.44E+00,
Oceania,SLB,Solomon Islands,6.49E-04,0,2.13E-03,7.92E-05,3.36E-03,0,3.33E-04,9.86E-05,5.40E-01,1.09E-01,1.05E-02,0,0,0,0,0,0,0,0,0,0,0,0,0,0,0,0,0,0,0,0,0,0,6.35E+01,2.11E+00,3.44E-01,0,0,0,0,0,6.49E-03,0,0,0,0,0,0,0,4.89E-01,1.01E+00,0,0,0,0,0,0,6.81E+01,
Oceania,TKL,Tokelau,0,0,0,0,0,0,0,0,1.86E-04,0,0,0,0,0,0,0,0,0,0,0,0,0,0,0,0,0,0,0,0,0,0,0,0,1.00E-03,3.20E-03,0,0,0,0,0,0,8.46E-05,0,0,0,0,0,0,0,0,6.60E-03,0,0,0,0,0,0,1.11E-02,
Oceania,TON,Tonga,0,0,1.24E-03,0,3.66E-03,0,0,0,2.54E-03,2.31E-02,1.30E-02,0,0,0,0,0,0,0,0,0,0,0,0,0,0,0,0,0,0,0,0,0,0,1.01E+00,9.97E-01,0,0,0,0,0,0,1.27E-03,0,0,0,0,0,0,0,3.42E-01,4.49E-01,0,0,0,0,0,0,2.84E+00,
Oceania,TUV,Tuvalu,0,0,0,0,0,0,0,0,0,0,0,0,0,0,0,0,0,0,0,0,0,0,0,0,0,0,0,0,0,0,0,0,0,1.35E-02,4.15E-02,0,0,0,0,0,0,0,0,0,0,0,0,0,0,2.96E-02,7.18E-02,0,0,0,0,0,0,1.56E-01,
Oceania,VUT,Vanuatu,2.95E-04,0,9.63E-04,2.77E-05,2.03E-03,0,1.24E-04,3.85E-05,1.17E-01,4.42E-02,5.15E-03,0,0,0,0,0,0,0,0,0,0,0,0,0,0,0,0,0,0,0,0,0,0,9.46E+00,1.22E+00,0,0,0,0,0,0,1.31E-02,0,0,0,0,0,0,0,3.57E-01,1.30E+00,0,0,0,0,0,0,1.25E+01,
Oceania,WLF,Wallis and Futuna,0,0,0,0,0,0,0,0,9.06E-04,0,0,0,0,0,0,0,0,0,0,0,0,0,0,0,0,0,0,0,0,0,0,0,0,6.65E-02,7.60E-02,0,0,0,0,0,0,4.52E-04,0,0,0,0,0,0,0,0,8.77E-02,0,0,0,0,0,0,2.32E-01,
Oceania,WSM,Samoa,2.87E-04,0,8.45E-04,1.69E-04,5.06E-03,0,1.77E-04,6.98E-05,2.55E-01,4.20E-02,8.10E-03,0,0,0,0,0,0,0,0,0,0,0,0,0,0,0,0,0,0,0,0,0,0,1.87E+00,2.47E+00,0,0,0,0,0,0,1.14E-03,0,0,0,0,0,0,0,3.70E-01,1.14E+00,0,0,0,0,0,0,6.16E+00,
Antartica,ATA,Antarctica,0,0,0,0,0,0,0,0,0,0,0,0,0,0,0,0,0,0,0,0,0,0,0,0,0,0,0,0,0,0,0,0,0,0,0,0,0,0,0,0,0,0,0,0,0,0,0,0,0,0,0,0,0,0,0,0,0,0,
Int. Shipping,SEA,Int. Shipping,0,0,0,0,0,0,0,0,0,0,1.76E+01,0,5.31E+01,0,0,0,0,0,0,0,0,0,0,0,0,0,0,0,0,0,0,0,0,0,0,0,0,0,0,0,0,0,0,0,0,0,0,0,0,0,0,0,0,0,0,0,0,7.07E+01,
Int. Aviation,AIR,Int. Aviation,0,0,0,0,0,0,0,0,0,0,0,3.21E+00,0,0,0,0,0,0,0,0,0,0,0,0,0,0,0,0,0,0,0,0,0,0,0,0,0,0,0,0,0,0,0,0,0,0,0,0,0,0,0,0,0,0,0,0,0,3.21E+00,
,,,,,,,,,,,,,,,,,,,,,,,,,,,,,,,,,,,,,,,,,,,,,,,,,,,,,,,,,,,,,
TOTALS,,,2.65E+02,6.45E+01,5.19E+02,2.22E+00,5.89E+02,5.74E+00,1.20E+01,3.97E+00,1.23E+04,5.20E+04,6.87E+04,3.21E+00,5.31E+01,0,0,0,1.75E+02,7.70E+01,0,0,0,0,0,0,0,0,0,0,0,0,0,0,0,1.00E+05,1.15E+04,3.75E+04,0,0,0,0,1.09E+04,1.58E+03,6.24E+03,2.86E+02,2.31E+02,0,0,0,0,2.90E+04,3.11E+04,9.09E+01,3.43E+02,1.51E+02,0,0,0,3.64E+05,
,,,,,,,,,,,,,,,,,,,,,,,,,,,,,,,,,,,,,,,,,,,,,,,,,,,,,,,,,,,,,
