"Content:","Emissions by country and main source category" 
"Compound:","CH4"
"Year: ","1991"
"Unit:","Gg CH4"
"Source:","European Commission, Joint Research Centre (JRC)/PBL Netherlands Environmental Assessment Agency. Emission Database for Global Atmospheric Research (EDGAR), release version 4.2. http://edgar.jrc.ec.europe.eu, 2010" 
"Dataset:","v4.2_EM_CH4_300911(edgar)"
"Date calculated:","November 30, 1999, 12:00 am"

,,,"Public electricity and heat production","Other Energy Industries","Manufacturing Industries and Construction","Domestic aviation","Road transportation","Rail transportation","Inland navigation","Other transportation","Residential and other sectors","Fugitive emissions from solid fuels","Fugitive emissions from oil and gas","Memo: International aviation","Memo: International navigation","Cement production","Lime production","Production of other minerals","Production of chemicals","Production of metals","Production of pulp/paper/food/drink","Production of halocarbons and SF6","Refrigeration and Air Conditioning","Foam Blowing","Fire Extinguishers","Aerosols","F-gas as Solvent","Semiconductor/Electronics Manufacture","Electrical Equipment","Other F-gas use","Non-energy use of lubricants/waxes (CO2)","Solvent and other product use: paint","Solvent and other product use: degrease","Solvent and other product use: chemicals","Solvent and other product use: other","Enteric fermentation","Manure management","Rice cultivation","Direct soil emissions","Manure in pasture/range/paddock","Indirect N2O from agriculture","Other direct soil emissions","Savanna burning","Agricultural waste burning","Forest fires","Grassland fires","Peat fires and decay of drained peatland","Other vegetation fires","Other biomass burning","Forest Fires-Post burn decay","Forest Land: net carbon stock change","Solid waste disposal on land","Wastewater handling","Waste incineration","Other waste handling","Fossil fuel fires","Indirect N2O from non-agricultural NOx","Indirect N2O from non-agricultural NH3","Other sources",

"World Region","ISO_A3","Country","1A1a","1A1bc","1A2","1A3a","1A3b","1A3c","1A3d","1A3e","1A4","1B1","1B2","1C1","1C2","2A1","2A2","2A7","2B","2C","2D","2E","2F1","2F2","2F3","2F4","2F5","2F7","2F8","2F9","2G","3A","3B","3C","3D","4A","4B","4C","4D1","4D2","4D3","4D4","4E","4F","5A","5C","5D","5F","5F1","5F2","5FL","6A","6B","6C","6D","7A","7B","7C","7D","TOTAL" 
"Canada","CAN","Canada",1.93960e+0,1.47460e+0,9.46256e+0,6.47698e-2,1.81342e+1,3.31172e-1,4.49872e-1,1.34564e-1,3.75730e+1,1.37867e+2,1.45772e+3,0,0,0,0,0,6.59767e+0,3.28700e-1,0,0,0,0,0,0,0,0,0,0,0,0,0,0,0,6.73753e+2,2.21456e+2,0,0,0,0,0,0,8.27169e+0,1.22434e+2,1.02398e+2,0,0,0,0,0,8.92427e+2,1.76415e+2,4.05711e+0,6.43020e+0,0,0,0,0,3.87971e+3
"USA","SPM","Saint Pierre and Miquelon",0,0,0,0,0,0,0,0,0,0,0,0,0,0,0,0,0,0,0,0,0,0,0,0,0,0,0,0,0,0,0,0,0,1.11226e-3,5.80434e-4,0,0,0,0,0,0,0,0,0,0,0,0,0,0,4.35085e-2,1.06378e-2,8.36907e-4,3.06819e-4,0,0,0,0,5.69827e-2
"USA","UMI","United States Minor Outlying Islands",0,0,0,0,0,0,0,0,0,0,0,0,0,0,0,0,0,0,0,0,0,0,0,0,0,0,0,0,0,0,0,0,0,0,0,0,0,0,0,0,0,0,0,0,0,0,0,0,0,0,0,0,0,0,0,0,0,0,
"USA","USA","United States",7.03236e+1,8.10760e+0,3.56291e+1,1.27980e+0,1.93707e+2,1.73787e+0,1.06709e+0,9.32566e-1,4.63005e+2,4.22950e+3,6.78118e+3,0,0,0,0,0,2.66253e+1,1.48107e+0,0,0,0,0,0,0,0,0,0,0,0,0,0,0,0,5.99967e+3,1.86502e+3,3.80009e+2,0,0,0,0,1.07112e+0,3.41672e+1,9.85200e+1,3.44592e+1,0,0,0,0,0,8.81863e+3,7.92400e+2,0,1.90005e+1,1.50000e+1,0,0,0,2.98725e+4
"Mexico","MEX","Mexico",3.41073e-1,1.28811e+0,4.63731e+0,0,2.40373e+1,9.74748e-2,0,0,7.33701e+1,4.67788e+1,8.14817e+2,0,0,0,0,0,1.10882e+0,2.47959e-1,0,0,0,0,0,0,0,0,0,0,0,0,0,0,0,2.23434e+3,1.66483e+2,1.23230e+1,0,0,0,0,4.43904e+1,2.76540e+1,1.13589e+2,2.49288e-1,0,0,0,0,0,2.95750e+2,4.48448e+2,0,0,0,0,0,0,4.30995e+3
"Rest Central America","ABW","Aruba",2.10374e-3,0,9.10298e-3,3.06900e-6,4.05557e-2,0,0,0,1.44214e-2,9.42400e-3,1.62627e-3,0,0,0,0,0,0,0,0,0,0,0,0,0,0,0,0,0,0,0,0,0,0,3.39370e-2,4.18740e-3,0,0,0,0,0,0,0,0,0,0,0,0,0,0,3.00021e-1,3.22046e-1,0,0,0,0,0,0,7.37428e-1
"Rest Central America","AIA","Anguilla",1.59570e-4,0,8.31930e-4,0,0,0,0,0,4.52000e-5,1.31719e-1,0,0,0,0,0,0,0,0,0,0,0,0,0,0,0,0,0,0,0,0,0,0,0,0,0,0,0,0,0,0,0,0,0,0,0,0,0,0,0,6.21704e-3,2.72946e-2,0,0,0,0,0,0,1.66267e-1
"Rest Central America","ANT","Netherlands Antilles",0,7.77123e-3,2.09759e-2,1.08857e-3,1.44664e-1,0,0,0,2.15621e-2,1.93750e-2,2.79000e+0,0,0,0,0,0,0,0,0,0,0,0,0,0,0,0,0,0,0,0,0,0,0,1.68585e-1,8.09000e-3,0,0,0,0,0,0,0,0,0,0,0,0,0,0,1.37771e+0,8.17857e-1,0,0,0,0,0,0,5.37768e+0
"Rest Central America","ATG","Antigua and Barbuda",2.48597e-3,0,5.98536e-3,2.18620e-5,1.36177e-2,0,0,0,1.84195e-2,0,1.35128e-2,0,0,0,0,0,0,0,0,0,0,0,0,0,0,0,0,0,0,0,0,0,0,1.10383e+0,2.32588e-2,0,0,0,0,0,0,1.23315e-3,0,0,0,0,0,0,0,2.38171e-1,2.82491e-1,0,0,0,0,0,0,1.70303e+0
"Rest Central America","BHS","Bahamas",1.35836e-2,0,2.75224e-2,8.95041e-4,7.81607e-2,0,0,0,1.95425e-1,6.82310e-2,1.68413e-1,0,0,0,0,0,0,0,0,0,0,0,0,0,0,0,0,0,0,0,0,0,0,1.64132e-1,2.32949e-2,0,0,0,0,0,0,1.37710e-2,0,0,0,0,0,0,0,4.98860e+0,1.18973e+0,0,0,0,0,0,0,6.93176e+0
"Rest Central America","BLZ","Belize",5.46069e-3,0,1.71506e-2,1.19135e-5,2.96747e-2,0,0,0,1.00585e+0,4.73680e-2,1.07541e-2,0,0,0,0,0,0,0,0,0,0,0,0,0,0,0,0,0,0,0,0,0,0,3.28840e+0,1.20722e-1,8.18141e-1,0,0,0,0,1.31314e+0,3.63846e-1,0,0,0,0,0,0,0,6.78670e-1,9.58375e-1,0,0,0,0,0,0,8.65756e+0
"Rest Central America","BMU","Bermuda",5.65150e-3,0,5.78219e-3,1.20317e-4,1.43938e-2,0,0,0,3.36136e-2,0,1.65879e-2,0,0,0,0,0,0,0,0,0,0,0,0,0,0,0,0,0,0,0,0,0,0,7.76107e-2,3.65400e-3,0,0,0,0,0,0,3.84424e-5,0,0,0,0,0,0,0,7.32009e-1,2.66286e-1,0,0,0,0,0,0,1.15575e+0
"Rest Central America","BRB","Barbados",8.27630e-3,1.67472e-4,2.48442e-2,6.34959e-5,3.61650e-2,0,0,0,3.73099e-2,2.63500e-2,4.73127e-1,0,0,0,0,0,0,0,0,0,0,0,0,0,0,0,0,0,0,0,0,0,0,2.26130e+0,9.56740e-2,0,0,0,0,0,0,1.74479e-1,0,0,0,0,0,0,0,1.42874e+0,1.47864e+0,0,0,0,0,0,0,6.04514e+0
"Rest Central America","CRI","Costa Rica",9.75875e-3,2.28321e-3,3.02538e-1,0,2.22759e-1,0,0,3.93141e-2,6.31327e+0,1.00595e+0,1.03067e-1,0,0,0,0,0,0,0,0,0,0,0,0,0,0,0,0,0,0,0,0,0,0,1.37845e+2,3.22476e+0,7.03340e+0,0,0,0,0,2.40672e+0,1.07322e+0,0,0,0,0,0,0,0,4.98404e+0,1.43439e+1,0,0,0,0,0,0,1.78910e+2
"Rest Central America","CUB","Cuba",2.74389e-1,3.56518e-3,5.51339e+0,0,6.27203e-1,0,0,0,4.10197e+1,6.67585e+0,2.88735e+0,0,0,0,0,0,0,0,0,0,0,0,0,0,0,0,0,0,0,0,0,0,0,2.77440e+2,9.57401e+0,5.91523e+1,0,0,0,0,1.74578e+1,2.39047e+1,3.82160e+0,0,0,0,0,0,0,5.67952e+1,6.50255e+1,0,0,0,0,0,0,5.70173e+2
"Rest Central America","CYM","Cayman Islands",3.22666e-3,0,2.60177e-3,1.40605e-5,1.07868e-2,0,0,0,1.94161e-2,0,9.37328e-3,0,0,0,0,0,0,0,0,0,0,0,0,0,0,0,0,0,0,0,0,0,0,8.61985e-2,4.49002e-3,0,0,0,0,0,0,1.54535e-5,0,0,0,0,0,0,0,5.87778e-1,1.20344e-1,0,0,0,0,0,0,8.44245e-1
"Rest Central America","DMA","Dominica",1.55904e-3,0,6.46916e-3,2.93600e-6,4.84944e-3,0,0,0,3.76225e-3,2.31260e-2,1.53462e-3,0,0,0,0,0,0,0,0,0,0,0,0,0,0,0,0,0,0,0,0,0,0,9.02011e-1,2.09670e-2,0,0,0,0,0,0,2.05012e-3,0,0,0,0,0,0,0,4.04107e-1,3.61127e-1,0,0,0,0,0,0,1.73157e+0
"Rest Central America","DOM","Dominican Republic",3.91579e-2,0,3.56588e-1,0,5.51829e-1,0,0,2.09340e-3,1.13525e+1,1.04253e+1,5.08937e-1,0,0,0,0,0,0,0,0,0,0,0,0,0,0,0,0,0,0,0,0,0,0,1.69056e+2,4.60990e+0,3.44308e+1,0,0,0,0,2.19535e+0,2.43567e+0,1.74005e+0,0,0,0,0,0,0,2.72417e+1,3.33364e+1,3.32344e-1,0,0,0,0,0,2.98615e+2
"Rest Central America","GLP","Guadeloupe",1.06442e-2,0,3.72368e-2,3.69655e-4,7.29612e-2,0,0,0,4.04134e-1,1.41918e-1,5.26682e-2,0,0,0,0,0,0,0,0,0,0,0,0,0,0,0,0,0,0,0,0,0,0,4.17455e+0,1.14673e-1,0,0,0,0,0,0,1.95037e-1,0,0,0,0,0,0,0,2.78698e+0,2.03211e+0,0,0,0,0,0,0,1.00233e+1
"Rest Central America","GRD","Grenada",2.53459e-3,0,8.69857e-3,2.27765e-5,6.11974e-3,0,0,0,8.66794e-3,9.13880e-2,4.33692e-3,0,0,0,0,0,0,0,0,0,0,0,0,0,0,0,0,0,0,0,0,0,0,3.33661e-1,1.27894e-2,0,0,0,0,0,0,4.10865e-3,0,0,0,0,0,0,0,2.81403e-1,4.42526e-1,0,0,0,0,0,0,1.19626e+0
"Rest Central America","GTM","Guatemala",2.03747e-1,2.26094e-3,3.61781e-1,0,3.44917e-1,0,0,0,3.28387e+1,2.56060e+0,5.85431e-1,0,0,0,0,0,0,0,0,0,0,0,0,0,0,0,0,0,0,0,0,0,0,1.23685e+2,3.29208e+0,2.39776e+0,0,0,0,0,1.02034e+1,4.18157e+0,1.23651e+1,0,0,0,0,0,0,1.03021e+1,3.90527e+1,0,0,0,0,0,0,2.42377e+2
"Rest Central America","HND","Honduras",8.79228e-4,3.76812e-4,3.70447e-1,0,1.51308e-1,0,0,0,1.53131e+1,8.23050e-1,1.07792e-1,0,0,0,0,0,0,0,0,0,0,0,0,0,0,0,0,0,0,0,0,0,0,1.25229e+2,3.72246e+0,3.03715e+0,0,0,0,0,1.35518e+1,1.36169e+0,1.28840e+1,0,0,0,0,0,0,4.06295e+0,2.07123e+1,0,0,0,0,0,0,2.01329e+2
"Rest Central America","HTI","Haiti",1.51981e-2,0,1.00358e-1,0,4.81660e-2,0,0,9.04350e-3,1.07178e+1,2.50573e+1,0,0,0,0,0,0,0,0,0,0,0,0,0,0,0,0,0,0,0,0,0,0,0,7.12994e+1,2.74170e+0,8.71910e+0,0,0,0,0,0,1.03409e+0,0,0,0,0,0,0,0,1.19018e+1,3.27399e+1,0,0,0,0,0,0,1.64384e+2
"Rest Central America","JAM","Jamaica",2.63956e-1,0,2.37392e-2,4.18681e-5,1.94269e-1,8.68761e-4,0,1.24348e-2,3.22008e+0,7.31600e+0,2.98410e-1,0,0,0,0,0,0,0,0,0,0,0,0,0,0,0,0,0,0,0,0,0,0,2.92197e+1,8.31166e-1,3.02262e-2,0,0,0,0,0,8.32299e-1,0,0,0,0,0,0,0,8.71337e+0,1.12596e+1,0,0,0,0,0,0,6.22162e+1
"Rest Central America","KNA","Saint Kitts and Nevis",1.35302e-3,0,3.64536e-3,3.14365e-5,3.96892e-3,0,0,0,9.38164e-2,0,1.77127e-3,0,0,0,0,0,0,0,0,0,0,0,0,0,0,0,0,0,0,0,0,0,0,3.36028e-1,8.71000e-3,0,0,0,0,0,0,5.95134e-2,0,0,0,0,0,0,0,5.24864e-1,2.51647e-1,0,0,0,0,0,0,1.28535e+0
"Rest Central America","LCA","Saint Lucia",3.93365e-3,0,1.25523e-2,6.09899e-6,1.41035e-2,0,0,0,2.48444e-2,2.72490e-2,4.79300e-3,0,0,0,0,0,0,0,0,0,0,0,0,0,0,0,0,0,0,0,0,0,0,8.71678e-1,3.17660e-2,0,0,0,0,0,0,8.26249e-3,0,0,0,0,0,0,0,1.48052e-1,6.26635e-1,0,0,0,0,0,0,1.77388e+0
"Rest Central America","MSR","Montserrat",4.49694e-4,0,9.74988e-4,3.50549e-6,3.45029e-3,0,0,0,2.21985e-3,0,8.51210e-4,0,0,0,0,0,0,0,0,0,0,0,0,0,0,0,0,0,0,0,0,0,0,6.06361e-1,1.33425e-2,0,0,0,0,0,0,4.23367e-5,0,0,0,0,0,0,0,1.00703e-2,5.22129e-2,0,0,0,0,0,0,6.89979e-1
"Rest Central America","MTQ","Martinique",1.25236e-2,0,3.45276e-2,2.64346e-4,4.92779e-2,0,0,0,9.73184e-2,1.36710e-1,4.93565e-2,0,0,0,0,0,0,0,0,0,0,0,0,0,0,0,0,0,0,0,0,0,0,2.62741e+0,9.01140e-2,0,0,0,0,0,0,6.29553e-2,0,0,0,0,0,0,0,4.36998e+0,1.73935e+0,0,0,0,0,0,0,9.26979e+0
"Rest Central America","NIC","Nicaragua",2.41135e-2,1.14371e-3,2.44692e-1,4.18681e-5,1.12882e-1,0,1.46538e-3,0,1.09017e+1,2.37770e+0,1.65161e-1,0,0,0,0,0,0,0,0,0,0,0,0,0,0,0,0,0,0,0,0,0,0,1.27420e+2,3.88719e+0,5.85633e+0,0,0,0,0,1.37930e+1,1.17346e+0,0,0,0,0,0,0,0,1.72156e+1,1.87749e+1,0,0,0,0,0,0,2.01950e+2
"Rest Central America","PAN","Panama",3.84603e-2,1.08953e-3,1.32470e-1,0,3.01022e-1,0,0,2.36135e-2,5.04479e+0,2.74350e-1,3.01355e-1,0,0,0,0,0,0,0,0,0,0,0,0,0,0,0,0,0,0,0,0,0,0,9.06851e+1,2.10920e+0,1.36745e+1,0,0,0,0,2.37653e+0,6.75130e-1,0,0,0,0,0,0,0,7.24163e+0,1.08054e+1,0,0,0,0,0,0,1.33685e+2
"Rest Central America","PRI","Puerto Rico",0,0,0,0,0,0,0,0,0,0,0,0,0,0,0,0,0,0,0,0,0,0,0,0,0,0,0,0,0,0,0,0,0,3.96604e+1,1.10164e+0,0,0,0,0,0,0,2.53047e-1,2.90578e-1,0,0,0,0,0,0,3.17380e+1,1.61953e+1,0,0,0,0,0,0,8.92391e+1
"Rest Central America","SLV","El Salvador",1.18725e-1,1.21063e-3,3.29626e-1,0,2.22595e-1,0,0,0,1.38826e+1,1.46320e+0,2.10944e-1,0,0,0,0,0,0,0,0,0,0,0,0,0,0,0,0,0,0,0,0,0,0,7.24363e+1,2.17449e+0,2.36869e+0,0,0,0,0,2.50056e-1,1.73287e+0,0,0,0,0,0,0,0,1.22416e+1,2.42912e+1,0,0,0,0,0,0,1.31724e+2
"Rest Central America","TCA","Turks and Caicos Islands",2.35498e-4,0,1.11808e-3,0,0,0,0,0,3.11936e-4,4.30900e-3,0,0,0,0,0,0,0,0,0,0,0,0,0,0,0,0,0,0,0,0,0,0,0,0,0,0,0,0,0,0,0,0,0,0,0,0,0,0,0,5.82391e-2,4.98471e-2,0,0,0,0,0,0,1.14061e-1
"Rest Central America","TTO","Trinidad and Tobago",2.09926e-1,1.10082e-1,2.92658e-2,0,4.45020e-1,0,0,2.38648e-3,7.45192e-1,1.60952e-1,1.12317e+2,0,0,0,0,0,1.04163e+0,0,0,0,0,0,0,0,0,0,0,0,0,0,0,0,0,2.93971e+0,2.26237e-1,7.55655e-1,0,0,0,0,0,3.97516e-1,0,0,0,0,0,0,0,8.41729e+0,1.91522e+1,0,0,0,0,0,0,1.46950e+2
"Rest Central America","VCT","Saint Vincent and the Grenadines",2.65456e-3,0,9.86086e-3,3.40100e-6,4.99700e-3,0,0,0,2.95593e-2,2.60710e-2,2.52990e-3,0,0,0,0,0,0,0,0,0,0,0,0,0,0,0,0,0,0,0,0,0,0,4.53679e-1,1.96250e-2,0,0,0,0,0,0,1.53763e-2,0,0,0,0,0,0,0,3.28254e-1,5.22322e-1,0,0,0,0,0,0,1.41493e+0
"Rest Central America","VGB","Virgin Islands_British",7.29041e-4,0,1.53549e-3,4.35399e-6,4.31623e-3,0,0,0,3.25245e-3,2.57300e-3,1.20609e-3,0,0,0,0,0,0,0,0,0,0,0,0,0,0,0,0,0,0,0,0,0,0,4.96562e-1,2.75868e-2,0,0,0,0,0,0,0,0,0,0,0,0,0,0,1.28679e-1,6.71209e-2,0,0,0,0,0,0,7.33565e-1
"Rest Central America","VIR","Virgin Islands_USA",0,0,0,0,0,0,0,0,0,0,0,0,0,0,0,0,0,0,0,0,0,0,0,0,0,0,0,0,0,0,0,0,0,4.42400e-2,8.65573e-3,0,0,0,0,0,0,9.34710e-2,0,0,0,0,0,0,0,1.00489e+0,4.82471e-1,0,0,0,0,0,0,1.63373e+0
"Brazil","BRA","Brazil",1.17121e+0,9.73509e+0,2.17395e+1,4.31030e-2,1.41567e+1,9.19465e-2,3.04505e-1,0,1.35992e+2,6.73550e+2,2.52657e+2,0,0,0,0,0,1.65266e+0,2.63652e+0,0,0,0,0,0,0,0,0,0,0,0,0,0,0,0,9.27959e+3,2.34551e+2,3.46741e+2,0,0,0,0,4.87728e+2,1.28907e+2,1.83807e+3,1.10784e+0,0,0,0,0,0,5.45514e+2,1.46277e+3,6.41405e+0,1.70779e+0,0,0,0,0,1.54468e+4
"Rest South America","ARG","Argentina",6.25121e-1,6.09098e-1,1.88100e+0,1.35443e-2,6.51285e+0,0,2.93076e-3,0,4.32620e+0,2.41147e+1,6.25776e+2,0,0,0,0,0,2.90320e-1,1.15913e-1,0,0,0,0,0,0,0,0,0,0,0,0,0,0,0,3.53819e+3,6.49707e+1,1.25410e+1,0,0,0,0,1.31446e+1,2.77070e+1,4.03784e+1,8.69712e+1,0,0,0,0,0,1.30551e+2,2.14059e+2,0,0,0,0,0,0,4.79278e+3
"Rest South America","BOL","Bolivia",6.71663e-2,3.59646e-2,2.31340e-1,1.88406e-3,4.30603e-1,3.64880e-3,2.93076e-3,0,1.07060e+1,1.18885e+0,1.25279e+2,0,0,0,0,0,0,0,0,0,0,0,0,0,0,0,0,0,0,0,0,0,0,3.58121e+2,1.03179e+1,1.67116e+1,0,0,0,0,1.41804e+2,2.18149e+0,3.07591e+2,0,0,0,0,0,0,1.14736e+1,3.30526e+1,0,0,0,0,0,0,1.01920e+3
"Rest South America","BVT","Bouvet Island",0,0,0,0,0,0,0,0,0,0,0,0,0,0,0,0,0,0,0,0,0,0,0,0,0,0,0,0,0,0,0,0,0,0,0,0,0,0,0,0,0,0,0,0,0,0,0,0,0,0,0,0,0,0,0,0,0,0,
"Rest South America","CHL","Chile",1.78347e-1,9.07961e-2,1.56753e+0,6.20730e-3,1.72302e+0,3.30129e-3,1.13420e-1,0,2.65468e+1,5.34439e+1,5.73653e+1,0,0,0,0,0,1.47945e+0,1.52152e-2,0,0,0,0,0,0,0,0,0,0,0,0,0,0,0,2.68334e+2,6.15127e+0,4.33048e+0,0,0,0,0,0,2.12961e+0,2.08598e+0,4.73064e+0,0,0,0,0,0,3.27058e+1,1.15559e+2,0,0,0,0,0,0,5.78560e+2
"Rest South America","COL","Colombia",2.11660e-1,1.33455e-1,2.37356e+0,5.02416e-4,4.90778e+0,2.25877e-3,3.34106e-2,8.37360e-4,5.46861e+1,5.25174e+1,2.08544e+2,0,0,0,0,0,7.68000e-2,2.80700e-2,0,0,0,0,0,0,0,0,0,0,0,0,0,0,0,1.50234e+3,3.78274e+1,1.20831e+2,0,0,0,0,2.34612e+1,1.13616e+1,1.06665e+2,0,0,0,0,0,0,6.10945e+1,1.68206e+2,0,0,0,0,0,0,2.35530e+3
"Rest South America","ECU","Ecuador",4.42731e-3,4.54686e-2,4.48531e-1,1.46538e-4,1.55327e+0,0,7.91305e-2,0,1.24098e+1,1.60038e+1,8.05264e+1,0,0,0,0,0,6.46200e-5,0,0,0,0,0,0,0,0,0,0,0,0,0,0,0,0,2.63408e+2,9.56263e+0,9.06028e+1,0,0,0,0,1.20259e+0,3.38976e+0,1.09677e+0,0,0,0,0,0,0,1.44152e+1,4.74230e+1,0,0,0,0,0,0,5.42171e+2
"Rest South America","FLK","Falkland Islands (Malvinas)",4.08309e-4,0,1.99485e-4,4.84999e-6,6.10027e-4,0,0,0,1.80367e-3,1.08810e-2,5.68507e-4,0,0,0,0,0,0,0,0,0,0,0,0,0,0,0,0,0,0,0,0,0,0,4.02140e+0,7.97965e-2,0,0,0,0,0,0,0,0,0,0,0,0,0,0,9.73520e-3,9.59597e-3,4.06470e-5,9.76948e-6,0,0,0,0,4.13505e+0
"Rest South America","GUF","French Guiana",4.54101e-3,0,1.23956e-2,2.58212e-4,1.76204e-2,0,0,0,2.35264e-1,2.01190e-1,4.30408e-2,0,0,0,0,0,0,0,0,0,0,0,0,0,0,0,0,0,0,0,0,0,0,8.53568e-1,3.46776e-2,9.69273e-1,0,0,0,0,0,2.24846e-2,6.93600e-1,0,0,0,0,0,0,6.58039e-1,5.72607e-1,2.31103e-3,2.85208e-4,0,0,0,0,4.32116e+0
"Rest South America","GUY","Guyana",1.83230e-2,0,6.58378e-2,7.46465e-5,2.68680e-2,0,0,0,3.21144e+0,6.40150e-2,1.77951e-2,0,0,0,0,0,0,0,0,0,0,0,0,0,0,0,0,0,0,0,0,0,0,1.07356e+1,3.17105e-1,2.44927e+1,0,0,0,0,3.15840e+0,1.06589e+0,1.80173e+1,0,0,0,0,0,0,1.12404e+0,3.90654e+0,3.46443e-3,4.60700e-4,0,0,0,0,6.62258e+1
"Rest South America","PER","Peru",9.34656e-2,6.35623e-2,2.83698e-1,6.28019e-5,1.20619e+0,0,9.67148e-3,0,3.07271e+1,7.21464e+0,3.57239e+1,0,0,0,0,0,3.00000e-4,1.17785e-1,0,0,0,0,0,0,0,0,0,0,0,0,0,0,0,2.99587e+2,1.00082e+1,5.45724e+1,0,0,0,0,9.20640e-1,3.42049e+0,3.90939e+1,0,0,0,0,0,0,4.26496e+1,1.04569e+2,0,0,0,0,0,0,6.30262e+2
"Rest South America","PRY","Paraguay",1.57382e-1,8.79228e-4,1.31005e+0,0,1.92361e-1,8.79228e-3,8.79228e-4,5.44284e-4,1.94367e+1,1.95703e+1,7.44266e-2,0,0,0,0,0,0,0,0,0,0,0,0,0,0,0,0,0,0,0,0,0,0,4.33826e+2,1.10909e+1,4.85363e+0,0,0,0,0,7.15008e+1,2.55068e+0,7.79058e+1,8.27736e+0,0,0,0,0,0,1.29759e+1,2.07195e+1,0,0,0,0,0,0,6.84453e+2
"Rest South America","SGS","South Georgia and the South Sandwich Islands",0,0,0,0,0,0,0,0,0,0,0,0,0,0,0,0,0,0,0,0,0,0,0,0,0,0,0,0,0,0,0,0,0,0,0,0,0,0,0,0,0,0,0,0,0,0,0,0,0,0,0,0,0,0,0,0,0,0,
"Rest South America","SUR","Suriname",1.44392e-2,0,3.91777e-2,8.57390e-5,4.37980e-2,0,0,0,1.93142e-1,5.73407e-1,1.37542e+0,0,0,0,0,0,0,0,0,0,0,0,0,0,0,0,0,0,0,0,0,0,0,5.04895e+0,3.07285e-1,2.24679e+1,0,0,0,0,0,1.90899e-1,1.39067e+1,0,0,0,0,0,0,1.50143e+0,2.21664e+0,5.08912e-3,6.23192e-4,0,0,0,0,4.78850e+1
"Rest South America","URY","Uruguay",1.52665e-2,5.78091e-3,3.33395e-1,3.14010e-4,2.88231e-1,0,0,1.63285e-3,3.94885e+0,3.67684e-1,3.52091e-1,0,0,0,0,0,0,3.02500e-4,0,0,0,0,0,0,0,0,0,0,0,0,0,0,0,6.98761e+2,1.41748e+1,3.79119e+1,0,0,0,0,0,9.23194e-1,0,0,0,0,0,0,0,1.66633e+1,1.53826e+1,0,0,0,0,0,0,7.89130e+2
"Rest South America","VEN","Venezuela",3.22035e-1,9.95439e-1,1.05286e+0,0,8.75481e+0,1.39002e-3,0,5.02416e-4,8.30328e+0,3.84459e+1,8.84229e+2,0,0,0,0,0,3.20282e-1,9.11185e-2,0,0,0,0,0,0,0,0,0,0,0,0,0,0,0,8.46813e+2,2.36327e+1,2.20884e+1,0,0,0,0,3.55800e+1,3.61210e+0,7.48612e+1,0,0,0,0,0,0,8.32709e+1,1.14587e+2,0,0,0,0,0,0,2.14696e+3
"Northern_Africa","DZA","Algeria",5.02292e-1,6.93801e-1,2.36590e-1,0,2.76197e+0,0,0,1.51143e-2,2.13891e+1,3.78013e+1,1.20610e+3,0,0,0,0,0,2.09268e-1,1.40000e-1,0,0,0,0,0,0,0,0,0,0,0,0,0,0,0,1.62656e+2,6.68800e+0,8.49226e-2,0,0,0,0,0,1.39444e-1,0,0,0,0,0,0,0,5.31823e+1,9.81069e+1,0,0,0,0,0,0,1.59071e+3
"Northern_Africa","EGY","Egypt",4.29172e-1,1.04816e-1,1.52416e+0,5.10789e-3,2.72616e+0,0,0,0,5.19800e+1,9.68167e+1,3.64233e+2,0,0,0,0,0,3.66300e-3,1.75631e-1,0,0,0,0,0,0,0,0,0,0,0,0,0,0,0,3.41770e+2,1.06939e+1,1.74597e+2,0,0,0,0,0,4.16632e-1,0,0,0,0,0,0,0,9.50536e+1,2.00142e+2,0,0,0,0,0,0,1.34067e+3
"Northern_Africa","ESH","Western Sahara",9.39828e-4,6.55161e-5,3.94071e-4,5.87719e-5,8.35784e-3,3.27435e-6,0,0,6.82581e-3,0,3.75639e-3,0,0,0,0,0,0,0,0,0,0,0,0,0,0,0,0,0,0,0,0,0,0,9.37905e+0,2.68636e-1,0,0,0,0,0,0,8.15670e-5,0,0,0,0,0,0,0,2.36575e-1,1.00754e+0,0,0,0,0,0,0,1.09123e+1
"Northern_Africa","LBY","Libyan Arab Jamahiriya",5.30778e-2,3.55211e-1,4.90275e-2,4.18681e-5,1.64493e+0,0,0,0,2.07390e+0,5.42931e+0,7.19186e+2,0,0,0,0,0,1.36290e+0,0,0,0,0,0,0,0,0,0,0,0,0,0,0,0,0,4.88451e+1,1.88700e+0,0,0,0,0,0,0,1.16889e-2,0,0,0,0,0,0,0,1.78567e+1,1.94916e+1,0,0,0,0,0,0,8.18246e+2
"Northern_Africa","MAR","Morocco",2.45688e-2,4.35427e-3,3.60567e-1,0,4.27578e-1,0,0,0,2.49155e+1,1.43618e+1,4.96671e+0,0,0,0,0,0,0,0,0,0,0,0,0,0,0,0,0,0,0,0,0,0,0,2.35236e+2,8.62613e+0,9.70544e-1,0,0,0,0,0,3.14476e-1,0,0,0,0,0,0,0,3.93554e+1,1.02496e+2,0,0,0,0,0,0,4.32060e+2
"Northern_Africa","TUN","Tunisia",7.36920e-2,2.70263e-3,1.01488e-1,0,3.57461e-1,0,0,0,7.17465e+0,9.78515e+0,4.71483e+1,0,0,0,0,0,0,1.38600e-2,0,0,0,0,0,0,0,0,0,0,0,0,0,0,0,8.36174e+1,3.52005e+0,0,0,0,0,0,0,9.13435e-2,0,0,0,0,0,0,0,1.93477e+1,3.20859e+1,0,0,0,0,0,0,2.03320e+2
"Western_Africa","BEN","Benin",7.53624e-4,0,7.53624e-4,0,2.40700e-2,0,0,0,2.02191e+1,1.37175e+1,4.39195e-1,0,0,0,0,0,0,0,0,0,0,0,0,0,0,0,0,0,0,0,0,0,0,4.20747e+1,2.28198e+0,1.16162e+0,0,0,0,0,2.78352e+1,3.73168e-1,6.28354e+1,0,0,0,0,0,0,3.73303e+0,2.20237e+1,0,0,0,0,0,0,1.96720e+2
"Western_Africa","BFA","Burkina Faso",1.29770e-3,7.31355e-5,8.71590e-4,5.98045e-4,5.90835e-2,3.65615e-6,0,0,3.43888e+1,3.04382e+1,1.06623e-2,0,0,0,0,0,0,0,0,0,0,0,0,0,0,0,0,0,0,0,0,0,0,1.98987e+2,8.83711e+0,2.72966e+0,0,0,0,0,2.62200e+1,8.99290e-1,0,0,0,0,0,0,0,2.32851e+0,3.51508e+1,0,0,0,0,0,0,3.40052e+2
"Western_Africa","CAF","Central African Republic",5.69540e-4,3.96242e-5,1.78962e-4,2.86560e-4,2.17895e-2,1.97955e-6,0,0,1.10567e+1,2.73203e+0,4.83298e-3,0,0,0,0,0,0,0,0,0,0,0,0,0,0,0,0,0,0,0,0,0,0,1.01359e+2,3.49540e+0,8.68941e-1,0,0,0,0,9.58368e+2,1.19373e-1,2.63357e+2,0,0,0,0,0,0,4.78061e+0,1.28592e+1,0,0,0,0,0,0,1.35902e+3
"Western_Africa","CIV","Cote d'Ivoire",4.21396e-3,2.92201e-3,1.70822e-2,0,2.29595e-1,3.12754e-3,1.05507e-2,0,2.91117e+1,5.08462e+1,7.64317e-1,0,0,0,0,0,0,0,0,0,0,0,0,0,0,0,0,0,0,0,0,0,0,5.05688e+1,2.43981e+0,2.54698e+1,0,0,0,0,1.55045e+1,1.11246e+0,2.14023e+2,0,0,0,0,0,0,2.23279e+1,5.05838e+1,0,0,0,0,0,0,4.63020e+2
"Western_Africa","CMR","Cameroon",1.38164e-3,0,5.77779e-3,0,3.51081e-1,0,0,0,2.87287e+1,7.40745e+0,1.20969e+2,0,0,0,0,0,0,0,0,0,0,0,0,0,0,0,0,0,0,0,0,0,0,2.00589e+2,7.61000e+0,1.51648e+0,0,0,0,0,1.01131e+2,5.45555e-1,1.03673e+2,0,0,0,0,0,0,2.27361e+1,5.56722e+1,0,0,0,0,0,0,6.50937e+2
"Western_Africa","COD","Congo_the Democratic Republic of the",6.28020e-4,6.69888e-4,5.02835e-2,0,1.60787e-1,0,0,0,1.68988e+2,8.40203e+0,4.14878e+0,0,0,0,0,0,0,0,0,0,0,0,0,0,0,0,0,0,0,0,0,0,0,4.45852e+0,2.11530e-1,7.43073e+1,0,0,0,0,8.55960e+2,3.95336e+0,2.18069e+3,0,0,0,0,0,0,4.76611e+1,1.49433e+2,0,0,0,0,0,0,3.49843e+3
"Western_Africa","COG","Congo",0,1.25604e-4,2.13527e-3,6.07086e-4,7.75833e-2,0,0,0,3.70686e+0,1.95703e+1,6.41352e+1,0,0,0,0,0,0,0,0,0,0,0,0,0,0,0,0,0,0,0,0,0,0,7.66636e+1,3.72672e+0,2.72966e-1,0,0,0,0,1.88323e+1,1.33320e-1,9.13920e+1,0,0,0,0,0,0,5.00911e+0,1.09633e+1,0,0,0,0,0,0,2.94486e+2
"Western_Africa","CPV","Cape Verde",4.57293e-4,3.18056e-5,1.22436e-4,5.66275e-5,8.40425e-3,1.58945e-6,0,0,3.59776e-2,5.92100e-3,2.07149e-3,0,0,0,0,0,0,0,0,0,0,0,0,0,0,0,0,0,0,0,0,0,0,1.48575e+0,4.05600e-1,0,0,0,0,0,0,2.15949e-2,0,0,0,0,0,0,0,4.86023e-1,1.68025e+0,0,0,0,0,0,0,4.13227e+0
"Western_Africa","GAB","Gabon",2.65443e-2,2.84702e-3,7.87120e-3,0,5.98172e-2,0,0,0,1.65806e+0,9.07184e-1,1.36437e+2,0,0,0,0,0,0,0,0,0,0,0,0,0,0,0,0,0,0,0,0,0,0,2.57836e+0,3.04298e-1,6.06590e-2,0,0,0,0,4.33224e-1,3.85547e-2,7.46640e+0,0,0,0,0,0,0,4.71556e+0,4.83656e+0,0,0,0,0,0,0,1.59533e+2
"Western_Africa","GHA","Ghana",0,1.38164e-3,3.80664e-1,0,5.08780e-1,1.91127e-3,3.80999e-3,0,4.23931e+1,3.96893e+1,2.60660e-1,0,0,0,0,0,0,0,0,0,0,0,0,0,0,0,0,0,0,0,0,0,0,6.01373e+1,2.95187e+0,1.43914e+1,0,0,0,0,7.05744e+1,8.80618e-1,2.10045e+1,0,0,0,0,0,0,2.07075e+1,6.49080e+1,0,0,0,0,0,0,3.38795e+2
"Western_Africa","GIN","Guinea",2.06633e-3,1.15926e-4,1.95091e-3,6.55652e-4,1.15661e-1,5.79340e-6,0,0,3.67656e+1,1.88113e+1,1.99145e-2,0,0,0,0,0,0,0,0,0,0,0,0,0,0,0,0,0,0,0,0,0,0,5.40086e+1,1.97570e+0,5.05181e+1,0,0,0,0,6.03528e+1,4.85675e-1,7.90092e+1,0,0,0,0,0,0,6.85714e+0,2.63317e+1,0,0,0,0,0,0,3.35256e+2
"Western_Africa","GMB","Gambia",8.02715e-4,5.63363e-5,1.99026e-4,9.28473e-5,3.93238e-2,2.81370e-6,0,0,1.71243e+0,2.97488e+0,3.92925e-3,0,0,0,0,0,0,0,0,0,0,0,0,0,0,0,0,0,0,0,0,0,0,1.33648e+1,5.15097e-1,2.03208e+0,0,0,0,0,3.17352e+0,3.33256e-2,0,0,0,0,0,0,0,9.86335e-1,3.55343e+0,0,0,0,0,0,0,2.83903e+1
"Western_Africa","GNB","Guinea-Bissau",7.01081e-4,4.54342e-5,4.38297e-4,1.70201e-4,2.43926e-2,2.27005e-6,0,0,1.67389e+0,5.70400e-2,5.17222e-3,0,0,0,0,0,0,0,0,0,0,0,0,0,0,0,0,0,0,0,0,0,0,1.54650e+1,8.24353e-1,9.31116e+0,0,0,0,0,5.58480e+0,1.03763e-1,0,0,0,0,0,0,0,8.39581e-1,4.43516e+0,0,0,0,0,0,0,3.83256e+1
"Western_Africa","GNQ","Equatorial Guinea",2.40646e-4,4.66501e-5,1.67571e-4,1.13714e-4,1.13930e-2,2.33230e-6,0,0,1.58325e+0,5.84443e-1,8.53944e+0,0,0,0,0,0,0,0,0,0,0,0,0,0,0,0,0,0,0,0,0,0,0,3.63483e-1,2.18830e-2,0,0,0,0,0,0,1.69928e-2,0,0,0,0,0,0,0,4.83322e-1,1.34804e+0,0,0,0,0,0,0,1.29528e+1
"Western_Africa","LBR","Liberia",9.94689e-4,5.71745e-5,5.34588e-4,1.46685e-4,3.44511e-2,2.85520e-6,0,0,1.18309e+1,9.12764e+0,6.24152e-3,0,0,0,0,0,0,0,0,0,0,0,0,0,0,0,0,0,0,0,0,0,0,3.51347e+0,3.05373e-1,1.64076e+0,0,0,0,0,7.63584e-1,1.27157e-1,6.37738e-2,0,0,0,0,0,0,2.88592e+0,9.94463e+0,0,0,0,0,0,0,4.02456e+1
"Western_Africa","MLI","Mali",1.61018e-3,1.12793e-4,4.61814e-4,2.13767e-4,9.46232e-2,5.63570e-6,0,0,1.58574e+1,6.35760e+0,9.34001e-3,0,0,0,0,0,0,0,0,0,0,0,0,0,0,0,0,0,0,0,0,0,0,2.44056e+2,9.43815e+0,3.98833e+1,0,0,0,0,3.91680e+1,7.81973e-1,2.49880e+1,0,0,0,0,0,0,4.41816e+0,3.82005e+1,0,0,0,0,0,0,4.23255e+2
"Western_Africa","MRT","Mauritania",1.78757e-3,9.81226e-5,1.54752e-3,5.16234e-4,1.20662e-1,8.68730e-6,0,0,4.45600e+0,8.33202e+0,1.83937e-2,0,0,0,0,0,0,0,0,0,0,0,0,0,0,0,0,0,0,0,0,0,0,1.40530e+2,6.06450e+0,2.24438e+0,0,0,0,0,5.80176e-3,1.02815e-1,0,0,0,0,0,0,0,2.29245e+0,9.91360e+0,0,0,0,0,0,0,1.74085e+2
"Western_Africa","NER","Niger",4.17520e-3,2.16734e-4,2.66292e-3,1.08306e-4,5.86570e-2,1.19306e-4,0,0,2.26393e+1,2.70744e+1,1.22979e-2,0,0,0,0,0,0,0,0,0,0,0,0,0,0,0,0,0,0,0,0,0,0,1.22580e+2,5.65433e+0,3.18460e+0,0,0,0,0,8.41560e-1,1.29468e+0,0,0,0,0,0,0,0,2.89289e+0,3.35851e+1,0,0,0,0,0,0,2.19825e+2
"Western_Africa","NGA","Nigeria",1.61867e-1,2.07194e-1,1.29079e-1,0,3.87670e+0,5.56009e-3,9.37846e-3,0,1.95093e+2,6.44726e+1,1.46194e+3,0,0,0,0,0,7.20000e-4,0,0,0,0,0,0,0,0,0,0,0,0,0,0,0,0,6.95644e+2,2.98623e+1,2.38101e+2,0,0,0,0,9.39048e+1,9.07712e+0,1.38190e+1,0,0,0,0,0,0,5.34460e+1,3.83409e+2,0,0,0,0,0,0,3.24316e+3
"Western_Africa","SEN","Senegal",2.66238e-3,2.09340e-4,9.54590e-3,0,8.61632e-2,0,6.15460e-3,0,1.70799e+1,2.88067e+1,9.84255e-1,0,0,0,0,0,0,0,0,0,0,0,0,0,0,0,0,0,0,0,0,0,0,1.26576e+2,5.77617e+0,1.09641e+1,0,0,0,0,2.37871e+1,2.21026e-1,0,0,0,0,0,0,0,1.03932e+1,3.65922e+1,0,0,0,0,0,0,2.61285e+2
"Western_Africa","SHN","Saint Helena",1.55682e-5,2.53565e-6,1.10280e-5,1.57410e-5,3.57791e-4,1.20350e-7,0,0,2.12687e-4,0,1.35180e-6,0,0,0,0,0,0,0,0,0,0,0,0,0,0,0,0,0,0,0,0,0,0,6.02659e-2,5.03817e-3,0,0,0,0,0,0,0,0,0,0,0,0,0,0,9.19406e-3,3.04403e-2,0,0,0,0,0,0,1.05555e-1
"Western_Africa","SLE","Sierra Leone",3.74440e-3,2.09015e-4,1.94422e-3,5.96314e-4,5.00291e-2,1.04497e-5,0,0,1.66866e+1,1.77294e+1,1.97501e-2,0,0,0,0,0,0,0,0,0,0,0,0,0,0,0,0,0,0,0,0,0,0,1.18541e+1,5.89243e-1,3.43093e+1,0,0,0,0,1.41096e+1,4.34347e-1,7.57792e+0,0,0,0,0,0,0,4.19033e+0,1.69605e+1,0,0,0,0,0,0,1.24518e+2
"Western_Africa","STP","Sao Tome and Principe",4.07709e-4,2.84026e-5,1.02591e-4,2.79061e-5,6.97950e-3,1.41930e-6,0,0,4.64063e-3,5.02789e-1,1.35502e-3,0,0,0,0,0,0,0,0,0,0,0,0,0,0,0,0,0,0,0,0,0,0,1.81998e-1,1.73875e-2,0,0,0,0,0,0,1.62070e-3,0,0,0,0,0,0,0,2.05055e-1,4.88284e-1,0,0,0,0,0,0,1.41068e+0
"Western_Africa","TCD","Chad",1.08306e-3,7.23345e-5,3.45360e-4,1.12618e-4,1.50389e-2,3.61465e-6,0,0,1.73033e+1,2.13024e+1,6.12421e-3,0,0,0,0,0,0,0,0,0,0,0,0,0,0,0,0,0,0,0,0,0,0,2.18288e+2,7.68196e+0,7.35490e+0,0,0,0,0,1.19724e+2,4.07919e-1,0,0,0,0,0,0,0,3.00194e+0,2.42734e+1,0,0,0,0,0,0,4.19360e+2
"Western_Africa","TGO","Togo",3.88644e-3,0,2.26087e-3,0,7.24549e-2,0,0,0,1.81160e+1,2.05762e+1,0,0,0,0,0,0,0,0,0,0,0,0,0,0,0,0,0,0,0,0,0,0,0,2.15957e+1,1.49176e+0,3.85185e+0,0,0,0,0,2.80008e+1,2.67272e-1,1.22012e+1,0,0,0,0,0,0,3.45122e+0,1.59961e+1,0,0,0,0,0,0,1.25627e+2
"Eastern_Africa","BDI","Burundi",6.87953e-4,3.88814e-5,4.53372e-4,2.74779e-4,4.55426e-2,1.94220e-6,0,0,2.12288e+1,1.59132e+1,6.45151e-3,0,0,0,0,0,0,0,0,0,0,0,0,0,0,0,0,0,0,0,0,0,0,2.16711e+1,8.25378e-1,1.97142e+0,0,0,0,0,0,4.07191e-1,0,0,0,0,0,0,0,5.29084e-1,2.06798e+1,0,0,0,0,0,0,8.32794e+1
"Eastern_Africa","COM","Comoros",1.14085e-4,1.92021e-5,9.70590e-5,8.64285e-5,7.58152e-3,9.58650e-7,0,0,2.29633e-2,1.86666e+0,1.48447e-3,0,0,0,0,0,0,0,0,0,0,0,0,0,0,0,0,0,0,0,0,0,0,2.08272e+0,9.53007e-2,2.04724e+0,0,0,0,0,0,1.14126e-2,0,0,0,0,0,0,0,4.90934e-1,2.16973e+0,0,0,0,0,0,0,8.79634e+0
"Eastern_Africa","DJI","Djibouti",2.26084e-3,1.52952e-4,3.57766e-3,3.15043e-4,2.77057e-2,7.64430e-6,0,0,8.05980e-2,2.53847e+0,2.89117e-2,0,0,0,0,0,0,0,0,0,0,0,0,0,0,0,0,0,0,0,0,0,0,1.35621e+1,5.57378e-1,0,0,0,0,0,0,1.81743e-6,0,0,0,0,0,0,0,9.47697e-1,2.55654e+0,0,0,0,0,0,0,2.03057e+1
"Eastern_Africa","ERI","Eritrea",5.08089e-4,1.52247e-4,2.33285e-3,0,1.51286e-2,0,0,0,5.97907e+0,9.27362e+0,1.13698e-1,0,0,0,0,0,0,0,0,0,0,0,0,0,0,0,0,0,0,0,0,0,0,6.63974e+1,2.35984e+0,0,0,0,0,0,1.74530e+0,8.32837e-2,0,0,0,0,0,0,0,8.84942e-1,1.23875e+1,0,0,0,0,0,0,9.92428e+1
"Eastern_Africa","ETH","Ethiopia",2.76329e-3,5.70920e-5,1.98991e-2,0,1.31324e-1,0,0,0,1.86784e+2,1.09740e+1,7.89512e-2,0,0,0,0,0,0,0,0,0,0,0,0,0,0,0,0,0,0,0,0,0,0,1.21452e+3,4.87453e+1,0,0,0,0,0,1.86602e+2,4.61679e+0,0,0,0,0,0,0,0,1.13727e+1,1.92752e+2,0,0,0,0,0,0,1.85660e+3
"Eastern_Africa","KEN","Kenya",8.55574e-4,3.59296e-3,7.90887e-2,5.33817e-3,4.25158e-1,4.17004e-3,5.86152e-4,0,6.31709e+1,1.73755e+2,5.67029e-1,0,0,0,0,0,0,0,0,0,0,0,0,0,0,0,0,0,0,0,0,0,0,5.86473e+2,1.92235e+1,1.97142e+0,0,0,0,0,3.18384e+0,1.05525e+0,0,0,0,0,0,0,0,8.43491e+0,9.72440e+1,0,0,0,0,0,0,9.55598e+2
"Eastern_Africa","MDG","Madagascar",3.65567e-3,2.50270e-4,1.41130e-3,6.52427e-4,1.13536e-1,2.07103e-5,0,0,2.91586e+1,3.45681e+1,1.81371e-2,0,0,0,0,0,0,0,0,0,0,0,0,0,0,0,0,0,0,0,0,0,0,3.56901e+2,1.25306e+1,1.93727e+2,0,0,0,0,5.50776e+1,8.61388e-1,3.56150e+1,9.60936e-2,0,0,0,0,0,7.18641e+0,4.98872e+1,0,0,0,0,0,0,7.75747e+2
"Eastern_Africa","MUS","Mauritius",4.79533e-3,3.20330e-4,3.36751e-3,2.36467e-4,7.97012e-2,5.76369e-5,0,0,2.81829e-1,9.14500e-2,3.30503e-2,0,0,0,0,0,0,0,0,0,0,0,0,0,0,0,0,0,0,0,0,0,0,1.60812e+0,1.49603e-1,3.03295e-4,0,0,0,0,0,1.11568e-1,0,0,0,0,0,0,0,2.52270e+0,4.96953e+0,0,0,0,0,0,0,9.85664e+0
"Eastern_Africa","MYT","Mayotte",0,0,0,0,0,0,0,0,0,0,0,0,0,0,0,0,0,0,0,0,0,0,0,0,0,0,0,0,0,0,0,0,0,0,0,0,0,0,0,0,0,0,0,0,0,0,0,0,0,1.56914e-1,3.63345e-1,0,0,0,0,0,0,5.20259e-1
"Eastern_Africa","REU","Reunion",3.49011e-3,2.30782e-4,1.64983e-3,8.99070e-4,1.07638e-1,1.15370e-5,0,0,2.13792e-1,0,2.72824e-2,0,0,0,0,0,0,0,0,0,0,0,0,0,0,0,0,0,0,0,0,0,0,1.26951e+0,3.21741e-1,6.06590e-3,0,0,0,0,0,4.19953e-2,0,0,0,0,0,0,0,2.89455e+0,3.28638e+0,0,0,0,0,0,0,8.17524e+0
"Eastern_Africa","RWA","Rwanda",2.52811e-3,1.62958e-4,1.10636e-3,5.29494e-4,6.37713e-2,8.14645e-6,0,0,1.12663e+1,1.01401e+0,1.35787e-2,0,0,0,0,0,0,0,0,0,0,0,0,0,0,0,0,0,0,0,0,0,0,2.71149e+1,1.01939e+0,1.03120e+0,0,0,0,0,1.91539e+0,5.11971e-1,0,0,0,0,0,0,0,6.15204e-1,2.73727e+1,0,0,0,0,0,0,7.19428e+1
"Eastern_Africa","SDN","Sudan",5.10496e-3,2.51208e-4,3.29083e-2,0,3.49489e-1,0,0,0,6.22691e+1,1.83449e+2,2.99785e+0,0,0,0,0,0,0,0,0,0,0,0,0,0,0,0,0,0,0,0,0,0,0,1.09798e+3,3.83185e+1,1.21318e-1,0,0,0,0,4.91952e+2,1.77281e+0,0,0,0,0,0,0,0,3.21008e+1,1.12820e+2,0,0,0,0,0,0,2.02417e+3
"Eastern_Africa","SOM","Somalia",9.21171e-4,1.08344e-4,6.19908e-4,4.08191e-4,5.33287e-2,5.41575e-6,0,0,2.31096e+1,3.83129e+1,1.11434e-2,0,0,0,0,0,0,0,0,0,0,0,0,0,0,0,0,0,0,0,0,0,0,4.54075e+2,2.05786e+1,6.06590e-1,0,0,0,0,5.51880e-3,1.19360e-1,0,0,0,0,0,0,0,3.87291e+0,3.25511e+1,0,0,0,0,0,0,5.73298e+2
"Eastern_Africa","SYC","Seychelles",2.48818e-3,1.74620e-4,8.77680e-4,2.64500e-7,1.21602e-2,8.72745e-6,0,0,1.47938e-2,0,8.67105e-3,0,0,0,0,0,0,0,0,0,0,0,0,0,0,0,0,0,0,0,0,0,0,1.78072e-1,5.82081e-2,0,0,0,0,0,0,5.05440e-6,0,0,0,0,0,0,0,2.50823e-1,3.49666e-1,0,0,0,0,0,0,8.75948e-1
"Eastern_Africa","UGA","Uganda",3.11078e-3,2.18327e-4,9.88836e-4,3.35760e-4,1.09069e-1,1.09145e-5,0,0,1.06729e+2,5.28627e+1,1.80658e-2,0,0,0,0,0,0,0,0,0,0,0,0,0,0,0,0,0,0,0,0,0,0,2.19400e+2,7.71121e+0,6.82414e+0,0,0,0,0,8.80512e+1,1.53876e+0,0,0,0,0,0,0,0,3.28040e+0,6.51980e+1,0,0,0,0,0,0,5.51728e+2
"Southern_Africa","AGO","Angola",9.04347e-4,4.14493e-3,4.18407e-2,0,2.28997e-1,0,0,0,9.04481e+0,6.16373e+1,2.63157e+2,0,0,0,0,0,0,0,0,0,0,0,0,0,0,0,0,0,0,0,0,0,0,1.28067e+2,4.37545e+0,6.06590e-1,0,0,0,0,3.85560e+2,1.93735e-1,5.58160e+0,0,0,0,0,0,0,9.99999e+0,4.42338e+1,0,0,0,0,0,0,9.12734e+2
"Southern_Africa","BWA","Botswana",6.49665e-3,2.42725e-4,9.34220e-3,6.24395e-5,1.65947e-1,5.19095e-4,0,0,3.13919e+0,1.48644e+1,2.00681e-2,0,0,0,0,0,0,0,0,0,0,0,0,0,0,0,0,0,0,0,0,0,0,1.13511e+2,2.93871e+0,0,0,0,0,0,8.67552e+1,4.12925e-2,0,2.28446e+0,0,0,0,0,0,1.78961e+0,6.69004e+0,0,0,0,0,0,0,2.32216e+2
"Southern_Africa","LSO","Lesotho",3.77090e-4,2.64646e-5,1.65906e-4,1.61358e-4,2.58066e-2,1.31970e-6,0,0,4.71757e+0,5.99363e+0,3.02889e-3,0,0,0,0,0,0,0,0,0,0,0,0,0,0,0,0,0,0,0,0,0,0,3.41347e+1,7.24054e-1,0,0,0,0,0,0,2.35882e-2,0,1.45584e+0,0,0,0,0,0,8.02018e-1,6.72077e+0,0,0,0,0,0,0,5.46018e+1
"Southern_Africa","MOZ","Mozambique",2.36848e-3,0,1.00065e-2,0,8.11427e-2,0,6.74075e-3,0,5.44882e+1,2.82851e+1,0,0,0,0,0,0,0,0,0,0,0,0,0,0,0,0,0,0,0,0,0,0,0,5.27295e+1,2.09066e+0,1.62263e+1,0,0,0,0,2.10893e+2,1.27420e+0,2.64466e+1,3.79320e+0,0,0,0,0,0,5.90523e+0,6.52890e+1,0,0,0,0,0,0,4.67521e+2
"Southern_Africa","MWI","Malawi",2.42009e-3,1.63581e-4,7.88684e-4,3.30242e-4,1.09295e-1,1.51115e-5,0,0,1.96316e+1,3.17945e+1,1.26263e-2,0,0,0,0,0,0,0,0,0,0,0,0,0,0,0,0,0,0,0,0,0,0,4.05940e+1,1.46317e+0,4.97405e+0,0,0,0,0,4.05888e+1,1.17628e+0,0,0,0,0,0,0,0,1.95553e+0,3.50505e+1,0,0,0,0,0,0,1.77354e+2
"Southern_Africa","NAM","Namibia",1.48970e-3,0,2.51208e-4,5.65218e-4,1.70430e-1,0,4.98229e-3,0,3.88269e-1,3.25534e+0,0,0,0,0,0,0,0,0,0,0,0,0,0,0,0,0,0,0,0,0,0,0,0,1.31542e+2,3.24730e+0,0,0,0,0,0,2.22473e+1,6.24888e-2,0,0,0,0,0,0,0,1.88738e+0,4.62481e+0,0,0,0,0,0,0,1.67433e+2
"Southern_Africa","SWZ","Swaziland",8.80603e-4,9.57031e-5,1.68673e-3,1.35420e-4,5.65090e-2,8.24329e-5,0,0,2.29078e+0,1.97154e+0,7.97779e-3,0,0,0,0,0,0,0,0,0,0,0,0,0,0,0,0,0,0,0,0,0,0,3.52963e+1,8.63238e-1,6.06590e-2,0,0,0,0,0,8.98683e-2,0,0,0,0,0,0,0,8.90143e-1,1.20368e+1,0,0,0,0,0,0,5.35667e+1
"Southern_Africa","TZA","Tanzania_United Republic of",1.01739e-2,7.11756e-4,1.44444e-2,0,1.59902e-1,0,0,0,7.24692e+1,4.29585e+1,1.60288e-1,0,0,0,0,0,0,0,0,0,0,0,0,0,0,0,0,0,0,0,0,0,0,4.68593e+2,1.61668e+1,5.59580e+1,0,0,0,0,2.87328e+2,3.60483e+0,8.18312e+1,0,0,0,0,0,0,7.28799e+0,1.08215e+2,0,0,0,0,0,0,1.14476e+3
"Southern_Africa","ZAF","South Africa",1.05809e+0,8.37974e-2,5.43819e+0,7.59904e-3,7.36137e+0,2.09340e-3,0,0,7.38253e+1,1.00293e+3,4.35230e+1,0,0,0,0,0,5.44300e-2,1.78937e+0,0,0,0,0,0,0,0,0,0,0,0,0,0,0,0,8.77364e+2,2.25928e+1,1.97142e-1,0,0,0,0,1.17434e+1,2.30232e+0,4.78526e+0,9.49858e+1,0,0,0,0,0,1.70764e+2,2.41495e+2,0,0,0,0,0,0,2.56230e+3
"Southern_Africa","ZMB","Zambia",1.28116e-3,2.00966e-3,1.08126e-1,0,1.94129e-1,5.56009e-3,0,0,2.37141e+1,5.67235e+1,1.56619e-1,0,0,0,0,0,0,0,0,0,0,0,0,0,0,0,0,0,0,0,0,0,0,1.15730e+2,3.73335e+0,2.04724e+0,0,0,0,0,5.71368e+2,2.48433e-1,2.54748e+2,0,0,0,0,0,0,7.76011e+0,3.12467e+1,0,0,0,0,0,0,1.06779e+3
"Southern_Africa","ZWE","Zimbabwe",6.63466e-2,1.54911e-3,3.80873e-1,0,2.84879e-1,1.37201e-2,0,0,2.65291e+1,3.18925e+1,6.90000e-5,0,0,0,0,0,0,2.33952e-1,0,0,0,0,0,0,0,0,0,0,0,0,0,0,0,2.50581e+2,6.53216e+0,3.03295e-2,0,0,0,0,5.79840e+1,4.11981e-1,0,0,0,0,0,0,0,7.81194e+0,3.87963e+1,0,0,0,0,0,0,4.21551e+2
"OECD_Europe","AUT","Austria",6.99731e-1,1.07217e-1,1.14795e+0,7.11756e-4,3.70320e+0,9.03513e-3,2.05153e-3,4.01933e-3,4.10476e+1,1.34681e+1,3.98463e+1,0,0,0,0,0,1.18800e-1,3.08840e-1,0,0,0,0,0,0,0,0,0,0,0,0,0,0,0,1.78319e+2,5.55799e+1,0,0,0,0,0,0,4.75220e-1,0,1.90670e+0,0,0,0,0,0,1.00019e+2,3.95251e+1,3.25800e-3,1.79320e+0,0,0,0,0,4.78085e+2
"OECD_Europe","BEL","Belgium",7.45255e-1,1.22083e-1,1.51822e+0,1.25604e-4,5.30894e+0,1.87652e-2,5.80290e-2,0,2.01591e+1,2.95651e+1,6.78286e+1,0,0,0,0,0,1.92000e-4,9.35380e-1,0,0,0,0,0,0,0,0,0,0,0,0,0,0,0,2.33732e+2,8.65284e+1,0,0,0,0,0,0,3.16678e-1,0,4.28328e-1,0,0,0,0,0,7.27006e+1,7.04248e+1,3.27301e+0,2.14646e+0,0,0,0,0,5.95810e+2
"OECD_Europe","CHE","Switzerland",3.81130e-1,8.09187e-3,4.55771e-1,2.78423e-3,4.51060e+0,1.91127e-3,3.80999e-3,0,9.15812e+0,2.87016e-1,3.84057e+1,0,0,0,0,0,6.45569e-2,5.50000e-3,0,0,0,0,0,0,0,0,0,0,0,0,0,0,0,1.37213e+2,3.56123e+1,0,0,0,0,0,0,1.29693e-1,4.32878e+0,0,0,0,0,0,0,3.44371e+1,1.30984e+1,1.20038e-5,1.21327e+0,0,0,0,0,2.79318e+2
"OECD_Europe","DEU","Germany",6.30303e+0,6.77478e-1,5.74232e+0,2.52464e-2,4.42150e+1,1.70401e-1,1.98706e-1,0,1.50143e+2,1.05567e+3,3.10302e+2,0,0,0,0,0,5.66778e+0,2.44529e+0,0,0,0,0,0,0,0,0,0,0,0,0,0,0,0,1.43654e+3,4.31127e+2,0,0,0,0,0,0,3.83304e+0,0,2.66424e+0,0,0,0,0,0,1.58530e+3,1.57303e+2,0,6.06000e-3,0,0,0,0,5.19833e+3
"OECD_Europe","DNK","Denmark",1.04472e+0,4.34546e-2,4.35634e-1,1.27697e-3,2.92006e+0,1.70277e-2,5.39260e-2,1.19324e-2,1.01693e+1,1.14696e-1,1.88641e+1,0,0,0,0,0,0,0,0,0,0,0,0,0,0,0,0,0,0,0,0,0,0,1.70234e+2,9.09921e+1,0,0,0,0,0,0,9.01058e-1,0,0,0,0,0,0,0,8.15480e+1,8.24651e+0,0,1.67430e+0,0,0,0,0,3.87272e+2
"OECD_Europe","ESP","Spain",6.62529e-1,2.00838e-1,3.93447e+0,2.48277e-2,1.74291e+1,3.96155e-2,5.21968e-1,0,4.69925e+1,1.50195e+2,3.07376e+1,0,0,0,0,0,6.35736e-1,6.18230e-1,0,0,0,0,0,0,0,0,0,0,0,0,0,0,0,5.75355e+2,2.47007e+2,2.56232e+1,0,0,0,0,0,1.98694e+0,0,3.17568e+1,0,0,0,0,0,2.85362e+2,1.32020e+2,6.24713e-1,7.91512e+0,0,0,0,0,1.55964e+3
"OECD_Europe","FIN","Finland",1.46323e+0,5.69028e-2,3.26580e+0,2.99357e-3,3.57967e+0,1.04251e-2,3.34107e-2,0,1.91056e+1,2.30319e+0,5.84297e+0,0,0,0,0,0,7.70520e-2,4.02745e-1,0,0,0,0,0,0,0,0,0,0,0,0,0,0,0,9.09290e+1,2.43628e+1,0,0,0,0,0,0,3.08411e-1,7.67184e-1,1.04662e-1,0,0,0,0,0,1.45413e+2,1.68017e+2,0,6.52000e-1,0,0,0,0,4.66698e+2
"OECD_Europe","FRA","France",2.22827e+0,4.05936e-1,4.57353e+0,1.84428e-2,3.34253e+1,7.61036e-2,8.85087e-2,0,2.27962e+2,8.11497e+1,6.56375e+2,0,0,0,0,0,1.45084e+0,2.10214e+0,0,0,0,0,0,0,0,0,0,0,0,0,0,0,0,1.54626e+3,3.78276e+2,5.82470e+0,0,0,0,0,0,6.28818e+0,0,1.80588e+0,0,0,0,0,0,5.02437e+2,1.77411e+2,1.95291e+1,6.78168e+0,0,0,0,0,3.65447e+3
"OECD_Europe","FRO","Faroe Islands",0,0,0,0,0,0,0,0,0,0,0,0,0,0,0,0,0,0,0,0,0,0,0,0,0,0,0,0,0,0,0,0,0,6.06984e-1,2.47870e-2,0,0,0,0,0,0,1.12007e-5,0,0,0,0,0,0,0,8.83455e-1,4.11047e-2,2.60562e-2,1.40274e-2,0,0,0,0,1.59643e+0
"OECD_Europe","GBR","United Kingdom",1.68930e+0,8.50921e-1,3.41584e+0,2.89726e-2,3.99486e+1,1.13634e-1,3.97118e-1,0,1.03171e+2,7.52014e+2,7.11417e+2,0,0,0,0,0,2.02733e+0,1.08907e+0,0,0,0,0,0,0,0,0,0,0,0,0,0,0,0,1.14998e+3,2.11006e+2,0,0,0,0,0,0,2.35098e+0,0,1.79887e+0,0,0,0,0,0,2.48007e+3,1.12653e+2,5.91241e+0,2.32920e+0,0,0,0,0,5.58227e+3
"OECD_Europe","GIB","Gibraltar",0,0,0,0,2.74325e-2,0,0,0,0,0,0,0,0,0,0,0,0,0,0,0,0,0,0,0,0,0,0,0,0,0,0,0,0,0,0,0,0,0,0,0,0,0,0,0,0,0,0,0,0,1.75744e-1,2.47643e-2,7.04852e-3,4.21468e-3,0,0,0,0,2.39204e-1
"OECD_Europe","GRC","Greece",3.11782e-1,5.27376e-2,8.61480e-1,1.02786e-2,5.13263e+0,8.94511e-3,1.73208e-1,0,1.28314e+1,4.69620e+1,7.86993e+0,0,0,0,0,0,3.63000e-3,2.47500e-2,0,0,0,0,0,0,0,0,0,0,0,0,0,0,0,1.39572e+2,2.95205e+1,4.43005e+0,0,0,0,0,0,8.76838e-1,1.17773e-1,3.27048e+0,0,0,0,0,0,9.55599e+1,1.67488e+1,7.44000e-5,1.00261e-1,0,0,0,0,3.64439e+2
"OECD_Europe","GRL","Greenland",0,0,0,0,0,0,0,0,0,0,0,0,0,0,0,0,0,0,0,0,0,0,0,0,0,0,0,0,0,0,0,0,0,1.72000e-1,2.92864e-3,0,0,0,0,0,0,0,0,0,0,0,0,0,0,7.53171e-1,2.00963e-1,1.07481e-2,6.71312e-3,0,0,0,0,1.14652e+0
"OECD_Europe","IRL","Ireland",1.35442e-1,2.88619e-3,2.83202e-1,3.97746e-4,1.66413e+0,8.86137e-3,7.32690e-3,0,2.62598e+1,7.27678e-1,2.79999e+1,0,0,0,0,0,0,0,0,0,0,0,0,0,0,0,0,0,0,0,0,0,0,4.53674e+2,6.86916e+1,0,0,0,0,0,0,1.87496e-1,0,1.72762e-1,0,0,0,0,0,8.36412e+1,8.07319e+0,0,1.86691e-1,0,0,0,0,6.71717e+2
"OECD_Europe","ISL","Iceland",1.25604e-4,0,3.70259e-2,2.30274e-4,2.21425e-1,0,4.98229e-3,0,6.76607e-2,0,0,0,0,0,0,0,0,6.29481e-2,0,0,0,0,0,0,0,0,0,0,0,0,0,0,0,9.97775e+0,1.52932e+0,0,0,0,0,0,0,1.46754e-4,0,0,0,0,0,0,0,3.72978e+0,4.81931e-1,7.52084e-2,3.62806e-3,0,0,0,0,1.61922e+1
"OECD_Europe","ITA","Italy",7.93288e-1,3.02028e-1,2.75489e+0,4.62641e-3,3.64030e+1,3.52717e-2,1.21334e-1,2.23575e-2,1.96450e+1,1.23702e+1,3.43276e+2,0,0,0,0,0,8.96913e-1,1.16742e+0,0,0,0,0,0,0,0,0,0,0,0,0,0,0,0,6.41189e+2,2.42102e+2,5.60593e+1,0,0,0,0,0,3.32431e+0,7.37520e-1,9.28608e+0,0,0,0,0,0,6.95980e+2,1.26202e+2,8.00638e+0,3.18194e+0,0,0,0,0,2.20386e+3
"OECD_Europe","LUX","Luxembourg",3.85604e-2,0,1.82995e-1,2.09339e-5,8.09381e-1,1.39002e-3,0,0,1.62971e-1,0,3.62759e+0,0,0,0,0,0,0,3.19690e-1,0,0,0,0,0,0,0,0,0,0,0,0,0,0,0,1.51948e+1,2.84407e+1,0,0,0,0,0,0,1.54511e-2,0,4.12872e-1,0,0,0,0,0,3.39711e+0,3.99093e-1,0,1.45454e-2,0,0,0,0,5.30172e+1
"OECD_Europe","NLD","Netherlands",1.56789e+0,3.13356e-1,6.42940e-1,2.17714e-3,7.85863e+0,6.60257e-3,5.27537e-2,0,9.03422e+0,4.62100e+0,2.98298e+2,0,0,0,0,0,3.24363e+0,2.76500e-1,0,0,0,0,0,0,0,0,0,0,0,0,0,0,0,3.83918e+2,1.71270e+2,0,0,0,0,0,0,2.39972e-1,0,2.78736e-2,0,0,0,0,0,5.42283e+2,4.26820e+1,0,3.25000e-1,0,0,0,0,1.46666e+3
"OECD_Europe","NOR","Norway",1.88992e-1,2.83958e-1,8.27321e-1,1.80032e-3,2.93085e+0,5.56009e-3,1.66467e-1,0,8.39840e+0,5.84051e+0,3.03882e+2,0,0,0,0,0,2.26423e+0,1.03044e+0,0,0,0,0,0,0,0,0,0,0,0,0,0,0,0,8.78403e+1,1.69737e+1,0,0,0,0,0,0,1.26426e-1,0,0,0,0,0,0,0,2.07726e+2,4.45989e+1,5.30781e+0,6.68048e-1,0,0,0,0,6.89062e+2
"OECD_Europe","PRT","Portugal",2.99360e-1,2.72603e-2,1.91127e+0,2.00967e-3,3.57743e+0,1.04251e-2,1.26022e-2,0,2.00595e+1,4.01341e+0,3.81541e+0,0,0,0,0,0,1.20798e-1,2.58500e-2,0,0,0,0,0,0,0,0,0,0,0,0,0,0,0,1.44777e+2,5.61203e+1,9.16091e+0,0,0,0,0,0,2.59846e-1,0,3.63408e+0,0,0,0,0,0,1.79079e+2,5.05637e+1,1.41404e-1,1.82000e-1,0,0,0,0,4.77794e+2
"OECD_Europe","SWE","Sweden",1.33621e+0,3.45266e-2,5.29001e+0,8.89694e-3,6.09933e+0,6.60257e-3,3.04799e-2,3.89373e-3,1.75175e+1,2.55587e+0,2.09298e+1,0,0,0,0,0,2.03126e-1,2.55043e-1,0,0,0,0,0,0,0,0,0,0,0,0,0,0,0,1.21915e+2,3.50312e+1,0,0,0,0,0,0,4.63450e-1,7.72320e-1,3.07440e-1,0,0,0,0,0,1.23762e+2,1.97079e+2,2.14016e-2,7.06768e-1,0,0,0,0,5.34329e+2
"Central Europe","ALB","Albania",0,5.19163e-3,7.36458e-2,0,9.66363e-2,0,0,0,1.51276e+1,2.65424e+0,1.33142e+1,0,0,0,0,0,0,3.77575e-2,0,0,0,0,0,0,0,0,0,0,0,0,0,0,0,6.37052e+1,9.26077e+0,2.18768e-1,0,0,0,0,0,1.53588e-1,0,8.73216e-1,0,0,0,0,0,3.26744e+0,5.35983e+0,1.43011e-2,3.74184e-3,0,0,0,0,1.14166e+2
"Central Europe","BGR","Bulgaria",3.58068e-1,2.08121e-2,3.20659e-1,0,1.11015e+0,1.26714e-2,2.93076e-4,0,1.22230e+1,2.89808e+1,5.28187e+0,0,0,0,0,0,8.84500e-2,1.51210e-1,0,0,0,0,0,0,0,0,0,0,0,0,0,0,0,2.01072e+2,3.61022e+1,2.24237e+0,0,0,0,0,0,2.51729e+0,0,2.00834e+0,0,0,0,0,0,3.90453e+2,3.59259e+1,0,0,0,0,0,0,7.18869e+2
"Central Europe","BIH","Bosnia and Herzegovina",8.32755e-2,0,1.17440e-1,0,5.20377e-1,0,0,0,1.99026e+1,9.12641e+1,6.19023e+0,0,0,0,0,0,8.23400e-4,1.73568e-2,0,0,0,0,0,0,0,0,0,0,0,0,0,0,0,6.24198e+1,1.09350e+1,0,0,0,0,0,0,3.57121e-1,0,0,0,0,0,0,0,4.22435e+0,6.36536e+0,1.67937e-2,5.48604e-3,0,0,0,0,2.02420e+2
"Central Europe","CYP","Cyprus",0,1.53021e-3,6.35556e-2,0,2.38867e-1,0,0,0,1.27697e-1,9.14500e-2,2.03023e-1,0,0,0,0,0,0,0,0,0,0,0,0,0,0,0,0,0,0,0,0,0,0,7.79276e+0,3.26731e+0,0,0,0,0,0,0,7.88883e-3,0,0,0,0,0,0,0,6.48693e+0,3.47848e+0,0,0,0,0,0,0,2.17595e+1
"Central Europe","CZE","Czech Republic",5.55727e-1,5.01748e-2,2.42135e+0,0,1.90550e+0,0,0,0,9.08742e+1,1.68562e+2,1.49443e+1,0,0,0,0,0,1.98774e-1,5.18350e-1,0,0,0,0,0,0,0,0,0,0,0,0,0,0,0,3.38978e+2,5.46278e+1,0,0,0,0,0,0,2.00185e+0,0,5.43600e+0,0,0,0,0,0,7.97638e+1,5.02752e+1,0,2.78294e-1,0,0,0,0,8.11392e+2
"Central Europe","EST","Estonia",2.14355e-1,3.38084e-3,1.31612e-1,0,7.12540e-1,8.19566e-3,1.75846e-3,0,9.77281e+0,1.67237e+1,2.63673e+1,0,0,0,0,0,0,0,0,0,0,0,0,0,0,0,0,0,0,0,0,0,0,6.34997e+1,1.04099e+1,2.14940e+0,0,0,0,0,0,2.02542e-1,0,0,0,0,0,0,0,1.77669e+1,7.50757e+0,0,3.00000e-2,0,0,0,0,1.55502e+2
"Central Europe","HRV","Croatia",7.05836e-2,7.30451e-2,1.25051e-1,7.11755e-4,8.80089e-1,8.07634e-3,1.05508e-2,3.39132e-3,1.08347e+1,2.37931e+0,6.58850e+1,0,0,0,0,0,5.51129e-2,4.90595e-1,0,0,0,0,0,0,0,0,0,0,0,0,0,0,0,6.58220e+1,1.39210e+1,0,0,0,0,0,0,7.26310e-1,0,1.17554e+0,0,0,0,0,0,1.88492e+1,1.63139e+1,0,0,0,0,0,0,1.97624e+2
"Central Europe","HUN","Hungary",3.73249e-1,4.59010e-2,3.55727e-1,0,2.59288e+0,2.48466e-2,5.27536e-3,0,3.76196e+1,2.50263e+1,3.76957e+1,0,0,0,0,0,8.41200e-2,1.10410e-1,0,0,0,0,0,0,0,0,0,0,0,0,0,0,0,1.84809e+2,5.19944e+1,2.35723e+0,0,0,0,0,0,4.31175e+0,0,1.75958e+0,0,0,0,0,0,8.36738e+1,3.86160e+1,6.78000e-3,0,0,0,0,0,4.71462e+2
"Central Europe","LTU","Lithuania",1.56599e-1,2.74151e-2,2.25857e-1,0,1.88998e+0,2.15453e-2,8.79228e-4,0,1.73114e+1,1.73910e-2,5.83142e+1,0,0,0,0,0,9.46275e-2,0,0,0,0,0,0,0,0,0,0,0,0,0,0,0,0,1.89469e+2,3.09283e+1,0,0,0,0,0,0,7.10575e-1,0,1.46172e+0,0,0,0,0,0,3.88580e+1,1.25948e+1,7.56069e-4,0,0,0,0,0,3.52083e+2
"Central Europe","LVA","Latvia",1.48393e-1,9.21096e-4,6.54627e-2,0,1.13959e+0,2.97116e-2,2.93076e-3,1.08857e-3,2.81366e+1,7.34700e-2,5.35685e+1,0,0,0,0,0,0,0,0,0,0,0,0,0,0,0,0,0,0,0,0,0,0,1.30763e+2,1.87046e+1,0,0,0,0,0,0,3.84864e-1,0,2.27146e-1,0,0,0,0,0,2.04975e+1,7.37718e+0,6.34508e-6,0,0,0,0,0,2.61121e+2
"Central Europe","MKD","Macedonia, the former Yugoslav Republic of",5.65637e-2,1.73752e-4,6.95176e-2,0,2.57323e-1,1.21627e-3,0,0,6.46267e+0,8.01947e+0,2.57892e-1,0,0,0,0,0,1.10398e-1,8.58260e-1,0,0,0,0,0,0,0,0,0,0,0,0,0,0,0,4.19904e+1,4.92001e+0,2.37637e+0,0,0,0,0,0,2.34099e-1,0,6.35664e-1,0,0,0,0,0,4.32798e+0,6.49925e+0,1.98985e-2,4.16300e-3,0,0,0,0,7.71013e+1
"Central Europe","MLT","Malta",5.85426e-3,0,0,0,1.12477e-1,0,0,0,1.08857e-2,0,0,0,0,0,0,0,0,0,0,0,0,0,0,0,0,0,0,0,0,0,0,0,0,1.72039e+0,7.71792e-1,0,0,0,0,0,0,9.78166e-4,0,0,0,0,0,0,0,6.01378e+0,4.24189e-1,0,0,0,0,0,0,9.06034e+0
"Central Europe","POL","Poland",2.13907e+0,1.46484e-1,2.60999e+0,0,6.31228e+0,6.34319e-2,1.75845e-2,0,1.98876e+2,3.06934e+3,1.69125e+2,0,0,0,0,0,3.52384e-1,7.86952e-1,0,0,0,0,0,0,0,0,0,0,0,0,0,0,0,8.05253e+2,1.62426e+2,0,0,0,0,0,0,7.18138e+0,0,3.72840e+0,0,0,0,0,0,3.38426e+2,1.22620e+2,2.54985e-1,3.16243e-1,0,0,0,0,4.88998e+3
"Central Europe","ROU","Romania",6.82617e-1,8.22205e-2,1.15091e+0,0,2.79883e+0,2.93076e-4,1.12248e-1,2.26087e-2,3.07479e+1,7.21398e+1,6.26711e+2,0,0,0,0,0,6.53166e-1,5.56625e-1,0,0,0,0,0,0,0,0,0,0,0,0,0,0,0,5.33315e+2,1.24384e+2,5.90674e+0,0,0,0,0,0,5.33409e+0,0,0,0,0,0,0,0,9.86376e+1,6.53612e+1,1.57530e-2,0,0,0,0,0,1.56861e+3
"Central Europe","SCG","Serbia and Montenegro",3.29706e-1,2.73526e-3,2.56735e-1,0,8.22103e-1,0,0,0,3.96193e+1,6.00718e+1,9.49418e+1,0,0,0,0,0,2.48295e-1,1.26000e-1,0,0,0,0,0,0,0,0,0,0,0,0,0,0,0,2.32205e+2,5.12182e+1,0,0,0,0,0,0,2.34126e+0,0,0,0,0,0,0,0,1.29786e+1,4.03128e+1,5.58722e-2,1.18788e-2,0,0,0,0,5.35542e+2
"Central Europe","SVK","Slovakia",1.23925e-1,3.18095e-2,7.38300e-1,0,7.15640e-1,0,0,0,5.78067e+0,6.59808e+0,3.48757e+1,0,0,0,0,0,9.58235e-2,4.37360e-1,0,0,0,0,0,0,0,0,0,0,0,0,0,0,0,1.47485e+2,2.71941e+1,0,0,0,0,0,0,1.99649e+0,0,5.17488e-1,0,0,0,0,0,2.66341e+1,3.67507e+1,0,8.00000e-2,0,0,0,0,2.90055e+2
"Central Europe","SVN","Slovenia",6.17200e-2,9.36214e-4,1.63229e-1,4.18681e-5,1.12066e+0,1.56377e-3,0,0,9.26060e+0,3.24897e+1,2.23414e+0,0,0,0,0,0,2.18480e-1,1.35849e-1,0,0,0,0,0,0,0,0,0,0,0,0,0,0,0,5.39972e+1,9.33201e+0,0,0,0,0,0,0,1.48320e-1,0,0,0,0,0,0,0,1.96422e+1,9.88748e+0,0,3.58999e-6,0,0,0,0,1.38694e+2
"Turkey","TUR","Turkey",6.86144e-1,6.38469e-2,1.33697e+0,5.71498e-3,4.58829e+0,3.53366e-2,6.15459e-2,0,1.49451e+2,1.68412e+2,4.46406e+1,0,0,0,0,0,3.41589e-1,3.87333e-1,0,0,0,0,0,0,0,0,0,0,0,0,0,0,0,9.11803e+2,1.63718e+2,1.57221e+1,0,0,0,0,0,3.28187e+1,0,1.36877e+0,0,0,0,0,0,2.73171e+2,2.85904e+2,0,5.70244e-1,0,0,0,0,2.05509e+3
"Ukraine +","BLR","Belarus",5.67064e-1,3.68857e-2,3.80034e-1,0,2.85708e+0,8.80609e-2,9.37846e-3,4.18680e-3,2.07198e+1,8.01350e-2,2.34331e+1,0,0,0,0,0,4.46449e-2,0,0,0,0,0,0,0,0,0,0,0,0,0,0,0,0,5.68273e+2,8.30547e+1,0,0,0,0,0,0,1.96216e+0,0,2.82792e-2,0,0,0,0,0,1.26679e+2,3.09688e+1,0,6.11060e-2,0,0,0,0,8.59247e+2
"Ukraine +","MDA","Moldova, Republic of",1.54199e-1,1.25604e-4,1.23888e-1,0,7.51566e-1,0,0,2.02641e-2,7.76924e+0,4.80500e-3,6.94132e+1,0,0,0,0,0,0,0,0,0,0,0,0,0,0,0,0,0,0,0,0,0,0,8.88312e+1,8.26468e+0,0,0,0,0,0,0,7.02160e-1,0,5.73744e-2,0,0,0,0,0,5.50257e+0,1.67574e+1,2.74952e-2,3.88016e-3,0,0,0,0,1.98384e+2
"Ukraine +","UKR","Ukraine",3.56205e+0,2.72504e-1,6.53882e+0,0,1.30433e+1,1.41956e-1,0,1.22798e-1,7.84974e+1,7.47870e+2,1.77406e+3,0,0,0,0,0,1.66195e+0,5.41158e+0,0,0,0,0,0,0,0,0,0,0,0,0,0,0,0,2.09471e+3,3.25996e+2,8.91176e+0,0,0,0,0,0,1.26332e+1,0,1.17614e+0,0,0,0,0,0,2.94887e+2,1.62395e+2,0,2.36042e-1,0,0,0,0,5.53212e+3
"Asia-Stan","KAZ","Kazakhstan",7.70062e-1,1.90307e-1,6.61131e+0,5.78933e-3,3.64607e+0,1.14329e-1,2.93076e-3,0,6.92757e+0,1.04642e+3,5.07225e+2,0,0,0,0,0,2.76660e-2,1.93469e+0,0,0,0,0,0,0,0,0,0,0,0,0,0,0,0,1.05199e+3,7.36112e+1,3.14038e+1,0,0,0,0,0,9.96963e+0,2.39203e+1,1.35943e+2,0,0,0,0,0,1.02248e+2,5.40798e+1,0,2.47069e-1,0,0,0,0,3.05728e+3
"Asia-Stan","KGZ","Kyrgyzstan",5.14934e-2,0,5.15395e-1,1.61191e-3,6.62754e-1,0,0,0,1.06470e+0,1.98387e+1,1.03573e+1,0,0,0,0,0,0,0,0,0,0,0,0,0,0,0,0,0,0,0,0,0,0,1.86539e+2,8.84470e+0,5.11027e-1,0,0,0,0,0,4.68191e-1,9.72336e-2,5.62008e+0,0,0,0,0,0,5.62411e+0,2.41971e+1,0,3.38459e-2,0,0,0,0,2.64427e+2
"Asia-Stan","TJK","Tajikistan",2.73398e-2,0,0,0,9.71453e-1,0,0,0,5.99109e+0,4.56591e+0,2.07751e+1,0,0,0,0,0,0,0,0,0,0,0,0,0,0,0,0,0,0,0,0,0,0,1.21840e+2,1.07292e+1,2.68360e+0,0,0,0,0,0,1.13975e-1,0,4.70664e-2,0,0,0,0,0,5.95673e+0,2.45978e+1,0,2.51982e-2,0,0,0,0,1.98324e+2
"Asia-Stan","TKM","Turkmenistan",1.60689e-1,1.97868e-1,0,0,8.89087e-1,0,0,0,6.29026e+0,0,1.24051e+3,0,0,0,0,0,4.98000e-4,0,0,0,0,0,0,0,0,0,0,0,0,0,0,0,0,1.09858e+2,1.12531e+1,7.50838e+0,0,0,0,0,0,2.59472e-1,2.31778e-2,1.84711e-1,0,0,0,0,0,7.80790e+0,2.18214e+1,0,5.45012e-2,0,0,0,0,1.40682e+3
"Asia-Stan","UZB","Uzbekistan",5.84938e-1,1.43858e-1,0,2.11433e-3,3.83212e+0,0,0,0,2.39853e+1,8.42162e+0,8.05580e+2,0,0,0,0,0,0,0,0,0,0,0,0,0,0,0,0,0,0,0,0,0,0,5.06809e+2,4.39281e+1,4.88187e+1,0,0,0,0,0,7.49011e-1,2.25586e-2,8.24256e-1,0,0,0,0,0,2.40132e+1,1.02741e+2,0,1.83454e-1,0,0,0,0,1.57064e+3
"Russia +","ARM","Armenia",4.11562e-2,0,1.09443e-1,0,9.12317e-1,0,0,0,6.22472e+0,0,5.01896e+1,0,0,0,0,0,0,0,0,0,0,0,0,0,0,0,0,0,0,0,0,0,0,5.04198e+1,6.84658e+0,0,0,0,0,0,0,9.98070e-2,0,3.99672e-2,0,0,0,0,0,1.04227e+1,5.38324e+0,0,4.44712e-2,0,0,0,0,1.30734e+2
"Russia +","AZE","Azerbaijan",1.77772e-1,3.03543e-2,2.41620e-1,0,1.54448e+0,0,0,4.89856e-3,2.74591e+0,0,2.56128e+2,0,0,0,0,0,3.48420e-2,0,0,0,0,0,0,0,0,0,0,0,0,0,0,0,0,1.68449e+2,2.86746e+1,3.65810e-1,0,0,0,0,0,4.24909e-1,0,4.07472e-2,0,0,0,0,0,2.03751e+1,4.66564e+1,0,9.17104e-2,0,0,0,0,5.25986e+2
"Russia +","GEO","Georgia",5.34152e-2,0,2.12834e-1,0,5.52585e-1,5.53494e-3,0,2.17713e-3,1.49354e+1,4.79149e+0,5.77709e+1,0,0,0,0,0,0,2.23353e-1,0,0,0,0,0,0,0,0,0,0,0,0,0,0,0,1.02439e+2,1.59502e+1,0,0,0,0,0,0,1.59698e-1,0,1.19794e-1,0,0,0,0,0,2.04006e+1,1.33144e+1,0,5.14088e-2,0,0,0,0,2.30983e+2
"Russia +","RUS","Russian Federation",1.84442e+1,2.00669e+0,7.04685e+0,1.65473e-1,4.42381e+1,9.24363e-1,8.74535e-1,1.88150e+0,7.01635e+2,2.51933e+3,1.64951e+4,0,0,0,0,0,7.60559e+0,5.28240e+0,0,0,0,0,0,0,0,0,0,0,0,0,0,0,0,5.06246e+3,8.16129e+2,9.69008e+1,0,0,0,0,0,3.53325e+1,7.37760e+1,2.78544e+2,0,0,0,0,0,1.24807e+3,1.22523e+3,0,0,0,0,0,0,2.86410e+4
"Middle_East","ARE","United Arab Emirates",6.22658e-1,3.92304e-2,6.92748e-1,0,2.08389e+0,0,0,0,7.08322e-2,1.56736e-1,6.59986e+2,0,0,0,0,0,0,0,0,0,0,0,0,0,0,0,0,0,0,0,0,0,0,1.28003e+1,7.62601e-1,0,0,0,0,0,0,1.99751e-3,0,0,0,0,0,0,0,1.18346e+1,8.63634e+0,0,1.36521e-1,0,0,0,0,6.97825e+2
"Middle_East","BHR","Bahrain",2.35304e-1,1.39305e-1,6.90822e-2,0,2.99633e-1,0,0,0,1.52818e-2,9.88900e-3,6.87424e+1,0,0,0,0,0,8.30875e-1,0,0,0,0,0,0,0,0,0,0,0,0,0,0,0,0,8.60322e-1,3.04310e-2,0,0,0,0,0,0,1.14135e-5,0,0,0,0,0,0,0,3.08191e+0,3.82015e+0,0,2.65513e-2,0,0,0,0,7.81611e+1
"Middle_East","IRN","Iran, Islamic Republic of",8.01212e-1,1.51238e-1,1.67493e+0,0,1.11255e+1,0,0,0,1.22426e+1,2.04378e+1,1.59002e+3,0,0,0,0,0,1.67764e-1,0,0,0,0,0,0,0,0,0,0,0,0,0,0,0,0,6.46868e+2,2.60355e+1,1.58824e+2,0,0,0,0,0,0,0,8.41536e-3,0,0,0,0,0,1.20404e+2,2.71732e+2,0,1.38408e+0,0,0,0,0,2.86188e+3
"Middle_East","IRQ","Iraq",1.02744e-1,4.32272e-2,5.04259e-1,0,3.32045e+0,0,0,0,4.37312e-1,1.18885e+0,2.76260e+2,0,0,0,0,0,0,0,0,0,0,0,0,0,0,0,0,0,0,0,0,0,0,8.17100e+1,3.44678e+0,2.34416e+1,0,0,0,0,0,1.98488e+0,0,9.08832e-1,0,0,0,0,0,6.97268e+1,6.94078e+1,0,3.07115e-1,0,0,0,0,5.32790e+2
"Middle_East","ISR","Israel",9.06995e-2,4.41550e-2,1.24306e-1,0,1.83231e+0,3.30129e-3,0,0,4.46941e-1,2.96653e-1,2.68818e+0,0,0,0,0,0,1.43825e-1,0,0,0,0,0,0,0,0,0,0,0,0,0,0,0,0,3.33446e+1,1.66459e+0,0,0,0,0,0,0,1.67590e-1,0,0,0,0,0,0,0,3.27210e+1,1.90080e+1,0,2.87166e-1,0,0,0,0,9.28634e+1
"Middle_East","JOR","Jordan",1.57565e-2,1.35367e-2,4.45893e-2,0,6.69103e-1,0,0,0,3.31700e-1,1.38548e+0,3.37913e+0,0,0,0,0,0,0,0,0,0,0,0,0,0,0,0,0,0,0,0,0,0,0,1.70036e+1,8.55860e-1,0,0,0,0,0,0,7.68613e-2,0,0,0,0,0,0,0,8.86632e+0,1.34943e+1,0,1.04687e-1,0,0,0,0,4.62409e+1
"Middle_East","KWT","Kuwait",2.19413e-2,3.23835e-2,5.00323e-2,0,1.11273e+0,0,0,0,8.26894e-2,2.06770e-1,6.60483e+1,0,0,0,0,0,1.25400e-1,0,0,0,0,0,0,0,0,0,0,0,0,0,0,0,0,3.62239e-1,1.11000e-2,0,0,0,0,0,0,1.11283e-4,0,0,0,0,0,0,0,1.53410e+1,9.30070e+0,0,1.02168e-1,1.88748e+1,0,0,0,1.11672e+2
"Middle_East","LBN","Lebanon",0,1.06499e-3,1.20580e-2,0,9.38424e-1,0,0,0,1.27686e+0,1.09740e+0,8.95665e-1,0,0,0,0,0,0,0,0,0,0,0,0,0,0,0,0,0,0,0,0,0,0,8.04107e+0,7.69674e-1,0,0,0,0,0,0,7.00462e-2,0,0,0,0,0,0,0,1.02642e+1,1.14820e+1,0,8.10436e-2,0,0,0,0,3.49295e+1
"Middle_East","OMN","Oman",2.12605e-1,9.88503e-2,2.11978e-1,0,6.96705e-1,0,0,0,1.93045e-1,1.89565e-1,2.60023e+2,0,0,0,0,0,0,0,0,0,0,0,0,0,0,0,0,0,0,0,0,0,0,1.48787e+1,6.59983e-1,0,0,0,0,0,0,3.41214e-3,0,0,0,0,0,0,0,4.85592e+0,7.83120e+0,0,7.57156e-2,0,0,0,0,2.89931e+2
"Middle_East","QAT","Qatar",3.81218e-1,1.82537e-1,5.76941e-2,1.92592e-3,3.75047e-1,0,0,0,4.88748e-2,5.48700e-3,2.02842e+2,0,0,0,0,0,7.74510e-2,0,0,0,0,0,0,0,0,0,0,0,0,0,0,0,0,3.06683e+0,2.21126e-1,0,0,0,0,0,0,1.90037e-3,0,0,0,0,0,0,0,3.60726e+0,7.85709e+0,0,3.24900e-2,0,0,0,0,2.18759e+2
"Middle_East","SAU","Saudi Arabia",3.03482e+0,9.31710e-1,6.58919e-1,1.81621e-2,9.85345e+0,0,0,0,4.20983e-1,3.27949e-1,1.44088e+3,0,0,0,0,0,3.39345e+0,0,0,0,0,0,0,0,0,0,0,0,0,0,0,0,0,8.32501e+1,4.53419e+0,0,0,0,0,0,0,2.98141e+0,0,0,0,0,0,0,0,7.92224e+1,7.23082e+1,0,7.56536e-1,0,0,0,0,1.70257e+3
"Middle_East","SYR","Syrian Arab Republic",1.14593e-1,3.10674e-2,2.63811e-1,0,2.19020e+0,0,0,0,5.21125e+0,9.14500e-2,2.46793e+2,0,0,0,0,0,0,0,0,0,0,0,0,0,0,0,0,0,0,0,0,0,0,1.17960e+2,4.11635e+0,5.45789e-3,0,0,0,0,0,2.43336e+0,0,1.32211e-1,0,0,0,0,0,2.19573e+1,4.41473e+1,0,2.06154e-1,0,0,0,0,4.45653e+2
"Middle_East","YEM","Yemen",7.73469e-3,7.16015e-3,0,0,1.63868e+0,0,0,0,2.35172e+0,4.66395e+0,2.46764e+1,0,0,0,0,0,0,0,0,0,0,0,0,0,0,0,0,0,0,0,0,0,0,9.71396e+1,4.21390e+0,0,0,0,0,0,0,4.32869e-1,0,0,0,0,0,0,0,4.63204e+0,4.52611e+1,0,6.60252e-2,0,0,0,0,1.85091e+2
"India +","AFG","Afghanistan",3.44684e-3,0,7.28325e-2,1.74241e-4,3.53563e-1,0,2.89977e-3,0,7.24327e+0,2.27074e+1,1.24945e+1,0,0,0,0,0,0,0,0,0,0,0,0,0,0,0,0,0,0,0,0,0,0,1.83702e+2,9.09864e+0,4.52663e+1,0,0,0,0,0,4.49185e-1,0,0,0,0,0,0,0,7.53682e+0,7.77491e+1,0,8.59116e-2,0,0,0,0,3.66766e+2
"India +","BGD","Bangladesh",1.37888e-1,2.56777e-3,6.81610e-2,0,3.49222e-1,1.25102e-2,2.96007e-2,0,1.63057e+2,2.37660e+1,9.22377e+1,0,0,0,0,0,0,0,0,0,0,0,0,0,0,0,0,0,0,0,0,0,0,7.28244e+2,6.82292e+1,2.41786e+3,0,0,0,0,2.44224e-1,1.17884e+1,1.83831e+1,0,0,0,0,0,0,9.84699e+1,4.69866e+2,0,0,0,0,0,0,4.09274e+3
"India +","BTN","Bhutan",2.40209e-4,0,7.78407e-3,2.38788e-4,1.20172e-2,0,1.51564e-4,0,1.40281e+1,8.59057e-1,4.65162e-3,0,0,0,0,0,0,0,0,0,0,0,0,0,0,0,0,0,0,0,0,0,0,1.33499e+1,1.38397e+0,6.80304e+0,0,0,0,0,0,1.91900e-1,0,0,0,0,0,0,0,3.45049e-1,6.38237e+0,0,2.96732e-3,0,0,0,0,4.33714e+1
"India +","IND","India",2.67780e+0,3.87125e-1,1.20648e+1,0,1.52858e+1,4.62555e-1,1.45365e-1,4.27054e-3,1.72240e+3,1.17967e+3,4.25678e+2,0,0,0,0,0,7.35297e-1,1.48669e+0,0,0,0,0,0,0,0,0,0,0,0,0,0,0,0,1.18792e+4,1.02676e+3,4.42516e+3,0,0,0,0,2.55288e+1,2.07397e+2,6.98496e+1,5.11128e-1,0,0,0,0,0,5.92518e+2,3.15309e+3,0,2.15246e+1,4.50000e+1,0,0,0,2.48076e+4
"India +","IOT","British Indian Ocean Territory",0,0,0,0,0,0,0,0,0,0,0,0,0,0,0,0,0,0,0,0,0,0,0,0,0,0,0,0,0,0,0,0,0,0,0,0,0,0,0,0,0,0,0,0,0,0,0,0,0,0,0,0,0,0,0,0,0,0,
"India +","LKA","Sri Lanka",3.34860e-3,4.03441e-3,7.31268e-1,1.57005e-3,5.17409e-1,3.99630e-3,2.93076e-4,0,3.51339e+1,1.00595e+0,4.37612e-1,0,0,0,0,0,0,0,0,0,0,0,0,0,0,0,0,0,0,0,0,0,0,1.02826e+2,8.95759e+0,2.59360e+2,0,0,0,0,1.57243e-1,2.33802e-1,1.65532e+0,0,0,0,0,0,0,3.10231e+1,8.19712e+1,0,0,0,0,0,0,5.24023e+2
"India +","MDV","Maldives",3.77234e-4,0,1.24695e-3,2.45955e-5,6.33292e-3,0,2.61604e-4,0,1.07975e-2,4.64690e-2,4.82615e-3,0,0,0,0,0,0,0,0,0,0,0,0,0,0,0,0,0,0,0,0,0,0,0,0,0,0,0,0,0,0,8.01758e-3,0,0,0,0,0,0,0,3.89193e-1,7.45935e-1,0,2.34605e-3,0,0,0,0,1.21583e+0
"India +","NPL","Nepal",0,0,6.96683e-2,0,8.96832e-2,0,0,0,5.67440e+1,4.64119e+0,0,0,0,0,0,0,0,0,0,0,0,0,0,0,0,0,0,0,0,0,0,0,0,3.73263e+2,3.22152e+1,3.88179e+2,0,0,0,0,7.83168e-1,7.93348e+0,3.49683e-1,0,0,0,0,0,0,2.72565e+0,8.09024e+1,0,0,0,0,0,0,9.47895e+2
"India +","PAK","Pakistan",2.99801e-1,1.24490e-2,8.50464e-1,0,2.53285e+0,4.86506e-2,0,4.18680e-5,1.32413e+2,4.71496e+1,5.89645e+2,0,0,0,0,0,0,0,0,0,0,0,0,0,0,0,0,0,0,0,0,0,0,2.15549e+3,1.54651e+2,7.87718e+2,0,0,0,0,1.24584e+0,7.06330e+0,8.29124e-2,9.33528e-2,0,0,0,0,0,9.08209e+1,4.43678e+2,0,1.01176e+0,0,0,0,0,4.41481e+3
"Korea","KOR","Korea, Republic of",3.66463e-1,1.92024e-1,3.16185e+0,3.88744e-2,8.92121e+0,5.10834e-2,5.28123e-1,0,9.92295e+1,2.24202e+2,3.96604e+1,0,0,0,0,0,5.85715e-1,1.88102e+0,0,0,0,0,0,0,0,0,0,0,0,0,0,0,0,1.94117e+2,1.49386e+1,4.97147e+2,0,0,0,0,0,4.31455e-1,0,3.10896e-1,0,0,0,0,0,9.30028e+1,2.89282e+2,0,0,0,0,0,0,1.46805e+3
"Korea","PRK","Korea, Democratic People's Republic of",1.14743e-1,1.84219e-3,6.65111e+0,0,1.09430e+0,0,0,0,6.91164e+1,4.80722e+2,4.97321e-1,0,0,0,0,0,0,1.10000e-1,0,0,0,0,0,0,0,0,0,0,0,0,0,0,0,5.91612e+1,1.35337e+1,1.73344e+2,0,0,0,0,0,5.06192e+0,0,3.62088e+1,0,0,0,0,0,3.13847e+1,1.00189e+2,1.75302e-1,0,0,0,0,0,9.77366e+2
"China +","CHN","China",5.27878e+0,1.87916e+0,7.43315e+1,2.39485e-2,2.52452e+1,1.16358e+0,8.54024e-1,3.01450e-3,4.92620e+3,1.08815e+4,9.44559e+2,0,0,0,0,0,6.92076e+0,9.40340e+0,0,0,0,0,0,0,0,0,0,0,0,0,0,0,0,7.21783e+3,1.12737e+3,1.62138e+4,0,0,0,0,5.88000e+0,1.38505e+1,1.29712e+1,6.55920e+1,0,0,0,0,0,1.15730e+3,5.46988e+3,8.41808e+0,2.70988e+0,9.00000e+1,0,0,0,4.82630e+4
"China +","HKG","Hong Kong",1.91726e-1,0,8.62480e-2,0,6.64047e-1,0,0,0,2.67955e-1,0,3.44826e+0,0,0,0,0,0,0,0,0,0,0,0,0,0,0,0,0,0,0,0,0,0,0,0,0,0,0,0,0,0,0,0,0,0,0,0,0,0,0,4.22140e+1,2.88157e+1,1.99196e-1,0,0,0,0,0,7.58871e+1
"China +","MAC","Macao",4.75147e-4,0,2.94609e-3,2.37670e-4,2.48552e-2,0,7.25004e-4,0,3.27545e-2,0,5.07974e-2,0,0,0,0,0,0,0,0,0,0,0,0,0,0,0,0,0,0,0,0,0,0,0,0,0,0,0,0,0,0,0,0,0,0,0,0,0,0,2.51664e+0,1.59625e+0,1.22661e-2,0,0,0,0,0,4.23794e+0
"China +","MNG","Mongolia",6.82231e-2,0,1.05289e-1,1.00524e-3,4.89711e-1,7.95492e-4,3.92288e-3,0,1.09477e+1,4.32272e+1,2.53523e-3,0,0,0,0,0,0,0,0,0,0,0,0,0,0,0,0,0,0,0,0,0,0,3.01459e+2,1.46007e+1,0,0,0,0,0,0,3.92046e-2,4.48267e-1,3.77544e+1,0,0,0,0,0,2.24951e+0,9.03003e+0,1.57922e-2,0,0,0,0,0,4.20443e+2
"China +","TWN","Taiwan_Province of China",3.33688e-1,1.62438e-1,2.03485e+0,2.17360e-3,8.34658e+0,5.56007e-3,6.21321e-2,0,1.07091e+0,9.26853e+0,2.42724e+1,0,0,0,0,0,4.22730e-1,6.09748e-1,0,0,0,0,0,0,0,0,0,0,0,0,0,0,0,2.06695e+1,4.57148e+1,0,0,0,0,0,0,0,0,0,0,0,0,0,0,8.79227e+1,1.02528e+2,4.40098e-1,0,0,0,0,0,3.03867e+2
"Southeastern Asia","BRN","Brunei Darussalam",8.29404e-2,7.69115e-2,1.11788e-2,0,2.45059e-1,0,0,0,4.43289e-2,1.64610e-2,1.53418e+2,0,0,0,0,0,0,0,0,0,0,0,0,0,0,0,0,0,0,0,0,0,0,3.31292e-1,1.25353e-1,1.57020e-1,0,0,0,0,0,5.36040e-3,1.87020e+1,0,0,0,0,0,0,1.44849e+0,1.25235e+0,4.05737e-2,1.03606e-2,0,0,0,0,1.75968e+2
"Southeastern Asia","KHM","Cambodia",5.65844e-4,0,4.53081e-2,1.22917e-3,4.70308e-2,0,4.86563e-4,0,4.68726e+1,2.34295e+0,2.31955e-2,0,0,0,0,0,0,0,0,0,0,0,0,0,0,0,0,0,0,0,0,0,0,1.47498e+2,1.79033e+1,3.61036e+2,0,0,0,0,4.56408e+1,1.37205e+1,0,0,0,0,0,0,0,4.47586e+0,3.53612e+1,1.26888e-1,4.53172e-2,0,0,0,0,6.75142e+2
"Southeastern Asia","LAO","Lao People's Democratic Republic",2.31590e-4,0,1.90871e-2,4.83924e-4,2.22863e-2,0,2.14746e-4,0,2.30139e+1,1.34160e+0,1.38592e-2,0,0,0,0,0,0,0,0,0,0,0,0,0,0,0,0,0,0,0,0,0,0,9.73464e+1,1.22001e+1,9.20165e+1,0,0,0,0,6.15816e+1,5.33678e+0,3.05510e+1,0,0,0,0,0,0,1.92651e+0,1.64647e+1,0,0,0,0,0,0,3.41835e+2
"Southeastern Asia","MMR","Myanmar",7.58205e-2,1.52818e-2,3.86023e-2,0,2.72676e-1,0,0,8.37360e-5,8.43710e+1,3.64047e+1,2.10551e+1,0,0,0,0,0,0,0,0,0,0,0,0,0,0,0,0,0,0,0,0,0,0,5.59375e+2,5.91418e+1,1.07469e+3,0,0,0,0,4.35864e+1,4.96476e+1,1.33702e+3,0,0,0,0,0,0,3.02529e+1,1.88320e+2,0,0,0,0,0,0,3.48426e+3
"Southeastern Asia","MYS","Malaysia",3.87681e-1,3.79200e-1,7.62877e-1,0,5.02961e+0,0,0,0,2.06125e+1,3.61590e+1,4.20079e+2,0,0,0,0,0,1.29778e+0,0,0,0,0,0,0,0,0,0,0,0,0,0,0,0,0,4.84230e+1,2.13452e+1,2.01849e+2,0,0,0,0,3.46560e+1,7.66449e+0,1.65036e+2,0,0,0,0,0,0,5.46734e+1,9.50014e+1,7.92772e-1,9.55616e-1,0,0,0,0,1.11511e+3
"Southeastern Asia","PHL","Philippines",5.95244e-2,8.49698e-2,1.61315e+0,6.28019e-5,1.52558e+0,0,9.26118e-2,0,7.61333e+1,9.49496e+1,3.17769e+0,0,0,0,0,0,1.25478e-3,3.73420e-1,0,0,0,0,0,0,0,0,0,0,0,0,0,0,0,2.80882e+2,5.88261e+1,9.72822e+2,0,0,0,0,5.14944e+0,5.29581e+1,7.45076e+0,0,0,0,0,0,0,1.19134e+2,3.23341e+2,0,1.88943e+0,0,0,0,0,2.00046e+3
"Southeastern Asia","SGP","Singapore",3.21125e-4,1.78303e-1,1.58680e-2,0,7.55839e-1,0,0,0,2.09824e-2,3.65800e+0,1.99745e+1,0,0,0,0,0,1.92012e-1,0,0,0,0,0,0,0,0,0,0,0,0,0,0,0,0,2.81286e-1,8.73679e-1,0,0,0,0,0,9.73968e-1,1.31499e-5,0,0,0,0,0,0,0,7.32534e+0,1.43731e+1,4.01968e+0,0,0,0,0,0,5.26429e+1
"Southeastern Asia","THA","Thailand",5.76263e-1,4.27919e-2,4.30477e+0,0,5.74173e+0,2.01553e-2,1.05214e-1,0,1.34850e+2,4.79330e+2,1.25616e+2,0,0,0,0,0,2.73918e-1,2.65320e-3,0,0,0,0,0,0,0,0,0,0,0,0,0,0,0,7.03874e+2,5.32913e+1,2.11815e+3,0,0,0,0,5.40936e+1,6.59187e+1,1.85973e+1,0,0,0,0,0,0,1.58120e+2,2.62284e+2,1.94572e+0,1.71574e+0,0,0,0,0,4.18886e+3
"Southeastern Asia","TLS","Timor-Leste",0,0,3.41238e-3,0,0,0,0,0,2.61631e-1,0,0,0,0,0,0,0,0,0,0,0,0,0,0,0,0,0,0,0,0,0,0,0,0,7.29515e+0,1.24508e+0,7.27999e+0,0,0,0,0,0,4.44955e-1,0,0,0,0,0,0,0,1.38260e-1,2.59929e+0,3.59264e-3,7.06860e-4,0,0,0,0,1.92721e+1
"Southeastern Asia","VNM","Viet Nam",3.05494e-2,0,5.38507e-1,2.32367e-3,1.00547e+0,1.92593e-3,0,4.89855e-3,1.79909e+2,1.05832e+2,4.07519e+1,0,0,0,0,0,0,0,0,0,0,0,0,0,0,0,0,0,0,0,0,0,0,3.46301e+2,8.17136e+1,1.76491e+3,0,0,0,0,2.10185e+1,5.39397e+1,9.02224e-1,0,0,0,0,0,0,4.72499e+1,2.96829e+2,0,0,0,0,0,0,2.94094e+3
"Indonesia +","IDN","Indonesia",2.37334e-1,1.67800e+0,1.05432e+1,1.38793e-2,9.03367e+0,0,2.63476e-1,0,4.80602e+2,1.52072e+2,1.29243e+3,0,0,0,0,0,1.77520e-2,0,0,0,0,0,0,0,0,0,0,0,0,0,0,0,0,9.80554e+2,9.22457e+1,2.51353e+3,0,0,0,0,2.49564e+2,1.65142e+2,1.12651e+3,0,1.02359e+4,0,0,0,0,3.77563e+2,9.23332e+2,4.90719e+0,5.51504e+0,0,0,0,0,1.86217e+4
"Indonesia +","PNG","Papua New Guinea",6.29396e-3,0,2.30623e-2,7.61401e-4,5.83885e-2,0,3.55019e-3,0,1.93859e+1,3.70636e-1,6.43934e+0,0,0,0,0,0,0,0,0,0,0,0,0,0,0,0,0,0,0,0,0,0,0,6.11968e+0,4.19042e+0,9.13568e-2,0,0,0,0,6.84240e+1,1.76057e-1,1.32525e+2,0,0,0,0,0,0,2.36683e+0,2.08006e+1,6.44747e-2,0,0,0,0,0,2.61046e+2
"Japan","JPN","Japan",8.08542e+0,5.67744e-1,1.54063e+1,5.54332e-2,1.89332e+1,5.33420e-2,1.23883e+0,0,2.06318e+1,2.23306e+2,3.69784e+1,0,0,0,0,0,4.62186e+0,7.63625e+0,0,0,0,0,0,0,0,0,0,0,0,0,0,0,0,5.35163e+2,2.19367e+2,1.14667e+3,0,0,0,0,0,6.89406e-1,7.38768e+0,3.16128e+0,0,0,0,0,0,3.68233e+2,3.59921e+2,1.32327e+2,6.88000e-1,0,0,0,0,3.11112e+3
"Oceania","ASM","American Samoa",0,0,0,0,0,0,0,0,3.02463e-5,0,0,0,0,0,0,0,0,0,0,0,0,0,0,0,0,0,0,0,0,0,0,0,0,1.60816e-2,1.25840e-1,0,0,0,0,0,0,1.37806e-5,0,0,0,0,0,0,0,2.36265e-1,5.59070e-2,0,0,0,0,0,0,4.34138e-1
"Oceania","ATF","French Southern Territories",0,0,0,0,0,0,0,0,0,0,0,0,0,0,0,0,0,0,0,0,0,0,0,0,0,0,0,0,0,0,0,0,0,0,0,0,0,0,0,0,0,0,0,0,0,0,0,0,0,0,0,0,0,0,0,0,0,0,
"Oceania","AUS","Australia",2.18467e+0,4.35596e-1,3.69160e+0,2.71095e-2,1.92151e+1,9.78225e-2,1.48882e-1,4.01933e-3,3.92248e+1,8.61071e+2,3.37036e+2,0,0,0,0,0,1.10932e-1,5.64490e-1,0,0,0,0,0,0,0,0,0,0,0,0,0,0,0,2.87352e+3,1.87733e+2,3.26877e+1,0,0,0,0,5.88120e+2,2.10038e+1,7.13383e+1,1.52578e+2,0,0,0,0,0,4.95042e+2,5.64781e+1,5.32289e-3,0,6.00000e-1,0,0,0,5.74292e+3
"Oceania","CCK","Cocos (Keeling) Islands",0,0,0,0,0,0,0,0,0,0,0,0,0,0,0,0,0,0,0,0,0,0,0,0,0,0,0,0,0,0,0,0,0,0,0,0,0,0,0,0,0,0,0,0,0,0,0,0,0,0,0,0,0,0,0,0,0,0,
"Oceania","COK","Cook Islands",0,0,0,0,0,0,0,0,4.48299e-3,0,0,0,0,0,0,0,0,0,0,0,0,0,0,0,0,0,0,0,0,0,0,0,0,6.55165e-2,5.22466e-2,0,0,0,0,0,0,2.04250e-3,0,0,0,0,0,0,0,0,2.32999e-2,0,0,0,0,0,0,1.47588e-1
"Oceania","CXR","Christmas Island",0,0,0,0,0,0,0,0,0,0,0,0,0,0,0,0,0,0,0,0,0,0,0,0,0,0,0,0,0,0,0,0,0,0,0,0,0,0,0,0,0,0,0,0,0,0,0,0,0,0,0,0,0,0,0,0,0,0,
"Oceania","FJI","Fiji",4.08103e-3,0,5.21004e-3,4.91381e-4,5.39178e-2,0,1.84978e-3,0,6.38891e-1,1.66346e-1,5.02787e-2,0,0,0,0,0,0,0,0,0,0,0,0,0,0,0,0,0,0,0,0,0,0,1.90426e+1,2.98717e+0,3.35660e+0,0,0,0,0,0,1.91630e-1,0,0,0,0,0,0,0,2.23822e+0,2.06550e+0,0,0,0,0,0,0,3.08028e+1
"Oceania","FSM","Micronesia, Federated States of",0,0,0,0,0,0,0,0,0,2.13900e-2,0,0,0,0,0,0,0,0,0,0,0,0,0,0,0,0,0,0,0,0,0,0,0,6.49443e-1,2.49949e-2,2.18315e-2,0,0,0,0,0,0,0,0,0,0,0,0,0,2.15074e-1,1.08652e-1,0,0,0,0,0,0,1.04139e+0
"Oceania","GUM","Guam",0,0,0,0,0,0,0,0,1.34768e-3,0,0,0,0,0,0,0,0,0,0,0,0,0,0,0,0,0,0,0,0,0,0,0,0,1.60811e-2,4.93930e-2,0,0,0,0,0,0,6.14016e-4,0,0,0,0,0,0,0,1.21453e+0,9.89297e-1,0,0,0,0,0,0,2.27126e+0
"Oceania","HMD","Heard Island and McDonald Islands",0,0,0,0,0,0,0,0,0,0,0,0,0,0,0,0,0,0,0,0,0,0,0,0,0,0,0,0,0,0,0,0,0,0,0,0,0,0,0,0,0,0,0,0,0,0,0,0,0,0,0,0,0,0,0,0,0,0,
"Oceania","KIR","Kiribati",7.30890e-5,0,3.58341e-4,5.64469e-5,1.97194e-3,0,3.69250e-5,0,7.17747e-3,2.11110e-2,1.31725e-3,0,0,0,0,0,0,0,0,0,0,0,0,0,0,0,0,0,0,0,0,0,0,9.00000e-3,2.48876e-2,0,0,0,0,0,0,2.65147e-3,0,0,0,0,0,0,0,1.74242e-1,2.50247e-1,0,0,0,0,0,0,4.93130e-1
"Oceania","MHL","Marshall Islands",0,0,0,0,0,0,0,0,0,0,0,0,0,0,0,0,0,0,0,0,0,0,0,0,0,0,0,0,0,0,0,0,0,0,0,0,0,0,0,0,0,0,0,0,0,0,0,0,0,1.82413e-1,5.86143e-2,0,0,0,0,0,0,2.41027e-1
"Oceania","MNP","Northern Mariana Islands",0,0,0,0,0,0,0,0,1.89309e-3,0,0,0,0,0,0,0,0,0,0,0,0,0,0,0,0,0,0,0,0,0,0,0,0,0,1.52587e-5,0,0,0,0,0,0,8.62516e-4,0,0,0,0,0,0,0,1.95289e-1,4.55953e-2,0,0,0,0,0,0,2.43655e-1
"Oceania","NCL","New Caledonia",1.47014e-3,0,4.68553e-3,3.70125e-5,5.70076e-2,0,8.78808e-4,0,1.17368e-1,3.28290e-2,6.11400e-2,0,0,0,0,0,0,0,0,0,0,0,0,0,0,0,0,0,0,0,0,0,0,7.22346e+0,8.69107e-1,0,0,0,0,0,0,1.57834e-3,0,0,0,0,0,0,0,1.36186e+0,2.19284e-1,0,0,0,0,0,0,9.95070e+0
"Oceania","NFK","Norfolk Island",0,0,0,0,0,0,0,0,0,0,0,0,0,0,0,0,0,0,0,0,0,0,0,0,0,0,0,0,0,0,0,0,0,0,0,0,0,0,0,0,0,0,0,0,0,0,0,0,0,0,4.07340e-3,0,0,0,0,0,0,4.07340e-3
"Oceania","NIU","Niue",0,0,0,0,0,0,0,0,1.30183e-4,3.72000e-4,0,0,0,0,0,0,0,0,0,0,0,0,0,0,0,0,0,0,0,0,0,0,0,9.27974e-3,2.19820e-2,0,0,0,0,0,0,5.93127e-5,0,0,0,0,0,0,0,1.84497e-3,2.91912e-3,0,0,0,0,0,0,3.65873e-2
"Oceania","NRU","Nauru",0,0,0,0,0,0,0,0,0,0,0,0,0,0,0,0,0,0,0,0,0,0,0,0,0,0,0,0,0,0,0,0,0,2.60000e-3,7.62827e-3,0,0,0,0,0,0,0,0,0,0,0,0,0,0,7.17785e-2,1.29219e-2,0,0,0,0,0,0,9.49287e-2
"Oceania","NZL","New Zealand",1.64206e-1,2.74235e-2,7.08994e-1,4.77295e-3,3.14459e+0,0,0,8.79228e-3,2.59736e+0,9.02400e+0,2.81086e+1,0,0,0,0,0,1.01660e+0,0,0,0,0,0,0,0,0,0,0,0,0,0,0,0,0,1.01615e+3,8.94402e+1,0,0,0,0,0,0,3.92380e-1,0,0,0,0,0,0,0,9.48263e+1,9.07471e+0,0,0,0,0,0,0,1.25468e+3
"Oceania","PCN","Pitcairn",0,0,0,0,0,0,0,0,0,0,0,0,0,0,0,0,0,0,0,0,0,0,0,0,0,0,0,0,0,0,0,0,0,0,0,0,0,0,0,0,0,0,0,0,0,0,0,0,0,0,1.04325e-3,0,0,0,0,0,0,1.04325e-3
"Oceania","PLW","Palau",0,0,0,0,0,0,0,0,0,0,0,0,0,0,0,0,0,0,0,0,0,0,0,0,0,0,0,0,0,0,0,0,0,0,0,0,0,0,0,0,0,0,0,0,0,0,0,0,0,0,5.48470e-2,0,0,0,0,0,0,5.48470e-2
"Oceania","PYF","French Polynesia",2.95361e-3,0,2.40407e-3,5.14064e-5,6.03700e-2,0,1.42512e-3,0,4.61720e-2,0,4.57515e-2,0,0,0,0,0,0,0,0,0,0,0,0,0,0,0,0,0,0,0,0,0,0,5.45413e-1,4.35825e-1,0,0,0,0,0,0,2.44950e-3,0,0,0,0,0,0,0,1.53448e+0,7.77605e-1,0,0,0,0,0,0,3.45490e+0
"Oceania","SLB","Solomon Islands",8.90313e-4,0,1.82776e-3,6.78369e-5,1.19192e-2,0,4.07673e-4,0,4.99777e-1,6.62160e-2,8.82694e-3,0,0,0,0,0,0,0,0,0,0,0,0,0,0,0,0,0,0,0,0,0,0,7.08306e+1,2.22931e+0,0,0,0,0,0,0,4.02167e-3,0,0,0,0,0,0,0,2.36879e-1,5.70035e-1,0,0,0,0,0,0,7.44608e+1
"Oceania","TKL","Tokelau",0,0,0,0,0,0,0,0,2.55946e-4,0,0,0,0,0,0,0,0,0,0,0,0,0,0,0,0,0,0,0,0,0,0,0,0,1.00000e-3,3.20383e-3,0,0,0,0,0,0,1.16612e-4,0,0,0,0,0,0,0,0,7.15904e-3,0,0,0,0,0,0,1.17354e-2
"Oceania","TON","Tonga",0,0,0,0,1.76097e-2,0,0,0,3.09696e-3,2.01190e-2,5.05230e-3,0,0,0,0,0,0,0,0,0,0,0,0,0,0,0,0,0,0,0,0,0,0,8.67359e-1,1.13859e+0,0,0,0,0,0,0,1.41102e-3,0,0,0,0,0,0,0,2.44536e-1,4.03449e-1,0,0,0,0,0,0,2.70122e+0
"Oceania","TUV","Tuvalu",0,0,0,0,0,0,0,0,0,0,0,0,0,0,0,0,0,0,0,0,0,0,0,0,0,0,0,0,0,0,0,0,0,1.29050e-2,3.82639e-2,0,0,0,0,0,0,0,0,0,0,0,0,0,0,1.85295e-2,6.69623e-2,0,0,0,0,0,0,1.36661e-1
"Oceania","VUT","Vanuatu",3.22631e-4,0,9.03369e-4,3.91824e-5,8.23283e-3,0,2.42186e-4,0,1.27235e-1,2.77140e-2,5.00854e-3,0,0,0,0,0,0,0,0,0,0,0,0,0,0,0,0,0,0,0,0,0,0,8.25213e+0,1.12228e+0,0,0,0,0,0,0,1.71627e-2,0,0,0,0,0,0,0,1.73843e-1,8.09664e-1,0,0,0,0,0,0,1.05448e+1
"Oceania","WLF","Wallis and Futuna",0,0,0,0,0,0,0,0,1.26687e-3,0,0,0,0,0,0,0,0,0,0,0,0,0,0,0,0,0,0,0,0,0,0,0,0,6.57792e-2,7.40786e-2,0,0,0,0,0,0,5.77200e-4,0,0,0,0,0,0,0,0,7.18377e-2,0,0,0,0,0,0,2.13540e-1
"Oceania","WSM","Samoa",2.67305e-4,0,9.04722e-4,2.30528e-4,1.76912e-2,0,2.38567e-4,0,2.51143e-1,2.78380e-2,6.60204e-3,0,0,0,0,0,0,0,0,0,0,0,0,0,0,0,0,0,0,0,0,0,0,1.65898e+0,2.20536e+0,0,0,0,0,0,0,1.38911e-3,0,0,0,0,0,0,0,2.64221e-1,9.98869e-1,0,0,0,0,0,0,5.43374e+0
"Antartica","ATA","Antarctica",0,0,0,0,0,0,0,0,0,0,0,0,0,0,0,0,0,0,0,0,0,0,0,0,0,0,0,0,0,0,0,0,0,0,0,0,0,0,0,0,0,0,0,0,0,0,0,0,0,0,0,0,0,0,0,0,0,0,
"Int. Shipping","SEA","Int. Shipping",0,0,0,0,0,0,0,0,0,0,7.55434e+0,0,3.42404e+1,0,0,0,0,0,0,0,0,0,0,0,0,0,0,0,0,0,0,0,0,0,0,0,0,0,0,0,0,0,0,0,0,0,0,0,0,0,0,0,0,0,0,0,0,4.17948e+1
"Int. Aviation","AIR","Int. Aviation",0,0,0,0,0,0,0,0,0,0,0,1.98794e+0,0,0,0,0,0,0,0,0,0,0,0,0,0,0,0,0,0,0,0,0,0,0,0,0,0,0,0,0,0,0,0,0,0,0,0,0,0,0,0,0,0,0,0,0,0,1.98794e+0

"TOTALS",,,1.56803e+2,3.89599e+1,3.09741e+2,1.95387e+0,7.90669e+2,6.26278e+0,8.61995e+0,3.30489e+0,1.33393e+4,3.29530e+4,5.08216e+4,1.98794e+0,3.42404e+1,0,0,0,9.04515e+1,5.80190e+1,0,0,0,0,0,0,0,0,0,0,0,0,0,0,0,9.10273e+4,1.09689e+4,3.82933e+4,0,0,0,0,7.06143e+3,1.18683e+3,9.50145e+3,1.13746e+3,1.02359e+4,0,0,0,0,2.68690e+4,2.40821e+4,2.07661e+2,9.91020e+1,1.69475e+2,0,0,0,03.19455e+5