"Content:","Emissions by country and main source category" 
"Compound:","CH4"
"Year: ","1983"
"Unit:","Gg CH4"
"Source:","European Commission, Joint Research Centre (JRC)/PBL Netherlands Environmental Assessment Agency. Emission Database for Global Atmospheric Research (EDGAR), release version 4.2. http://edgar.jrc.ec.europe.eu, 2010" 
"Dataset:","v4.2_EM_CH4_300911(edgar)"
"Date calculated:","November 30, 1999, 12:00 am"

,,,"Public electricity and heat production","Other Energy Industries","Manufacturing Industries and Construction","Domestic aviation","Road transportation","Rail transportation","Inland navigation","Other transportation","Residential and other sectors","Fugitive emissions from solid fuels","Fugitive emissions from oil and gas","Memo: International aviation","Memo: International navigation","Cement production","Lime production","Production of other minerals","Production of chemicals","Production of metals","Production of pulp/paper/food/drink","Production of halocarbons and SF6","Refrigeration and Air Conditioning","Foam Blowing","Fire Extinguishers","Aerosols","F-gas as Solvent","Semiconductor/Electronics Manufacture","Electrical Equipment","Other F-gas use","Non-energy use of lubricants/waxes (CO2)","Solvent and other product use: paint","Solvent and other product use: degrease","Solvent and other product use: chemicals","Solvent and other product use: other","Enteric fermentation","Manure management","Rice cultivation","Direct soil emissions","Manure in pasture/range/paddock","Indirect N2O from agriculture","Other direct soil emissions","Savanna burning","Agricultural waste burning","Forest fires","Grassland fires","Peat fires and decay of drained peatland","Other vegetation fires","Other biomass burning","Forest Fires-Post burn decay","Forest Land: net carbon stock change","Solid waste disposal on land","Wastewater handling","Waste incineration","Other waste handling","Fossil fuel fires","Indirect N2O from non-agricultural NOx","Indirect N2O from non-agricultural NH3","Other sources",

"World Region","ISO_A3","Country","1A1a","1A1bc","1A2","1A3a","1A3b","1A3c","1A3d","1A3e","1A4","1B1","1B2","1C1","1C2","2A1","2A2","2A7","2B","2C","2D","2E","2F1","2F2","2F3","2F4","2F5","2F7","2F8","2F9","2G","3A","3B","3C","3D","4A","4B","4C","4D1","4D2","4D3","4D4","4E","4F","5A","5C","5D","5F","5F1","5F2","5FL","6A","6B","6C","6D","7A","7B","7C","7D","TOTAL" 
"Canada","CAN","Canada",1.34318e+0,9.36923e-1,9.28805e+0,6.45185e-2,1.98247e+1,3.16924e-1,4.10306e-1,5.56007e-2,4.54924e+1,7.94695e+1,1.05018e+3,0,0,0,0,0,4.85042e+0,4.06957e-1,0,0,0,0,0,0,0,0,0,0,0,0,0,0,0,6.70549e+2,2.32052e+2,0,0,0,0,0,0,7.18902e+0,1.22434e+2,1.02398e+2,0,0,0,0,0,7.89871e+2,1.49774e+2,5.43012e+0,0,0,0,0,0,3.29234e+3
"USA","SPM","Saint Pierre and Miquelon",0,0,0,0,0,0,0,0,0,0,0,0,0,0,0,0,0,0,0,0,0,0,0,0,0,0,0,0,0,0,0,0,0,4.28630e-4,3.41244e-5,0,0,0,0,0,0,0,0,0,0,0,0,0,0,3.63042e-2,1.02279e-2,7.64666e-4,0,0,0,0,0,4.77595e-2
"USA","UMI","United States Minor Outlying Islands",0,0,0,0,0,0,0,0,0,0,0,0,0,0,0,0,0,0,0,0,0,0,0,0,0,0,0,0,0,0,0,0,0,0,0,0,0,0,0,0,0,0,0,0,0,0,0,0,0,0,0,0,0,0,0,0,0,0,
"USA","USA","United States",1.42184e+1,6.90452e+0,7.27112e+1,9.98844e-1,2.24818e+2,1.82318e+0,2.28306e-1,4.79179e-1,5.86822e+2,3.34089e+3,6.21580e+3,0,0,0,0,0,1.85967e+1,1.57006e+0,0,0,0,0,0,0,0,0,0,0,0,0,0,0,0,6.70011e+3,1.84818e+3,3.46572e+2,0,0,0,0,6.42672e-1,3.52679e+1,5.91120e+1,2.06753e+1,0,0,0,0,0,7.98560e+3,6.65827e+2,0,0,1.50000e+1,0,0,0,2.81629e+4
"Mexico","MEX","Mexico",1.87992e-1,8.19987e-1,4.20422e+0,0,1.50702e+1,0,0,9.38514e-1,7.02256e+1,5.79851e+1,1.55672e+3,0,0,0,0,0,1.11913e+0,2.82557e-1,0,0,0,0,0,0,0,0,0,0,0,0,0,0,0,2.09933e+3,1.48879e+2,2.24788e+1,0,0,0,0,2.21950e+1,2.60807e+1,5.67941e+1,1.24646e-1,0,0,0,0,0,2.03145e+2,3.88487e+2,0,0,0,0,0,0,4.67506e+3
"Rest Central America","ABW","Aruba",2.16021e-3,0,1.05368e-2,2.34799e-6,1.78585e-2,0,0,0,1.54493e-2,9.46660e-3,4.03750e-4,0,0,0,0,0,0,0,0,0,0,0,0,0,0,0,0,0,0,0,0,0,0,3.39370e-2,4.18740e-3,0,0,0,0,0,0,0,0,0,0,0,0,0,0,2.35477e-1,3.06814e-1,0,0,0,0,0,0,6.36293e-1
"Rest Central America","AIA","Anguilla",1.89810e-4,0,8.59770e-4,0,0,0,0,0,5.58000e-5,1.88041e-1,0,0,0,0,0,0,0,0,0,0,0,0,0,0,0,0,0,0,0,0,0,0,0,0,0,0,0,0,0,0,0,0,0,0,0,0,0,0,0,5.93895e-3,2.91460e-2,0,0,0,0,0,0,2.24231e-1
"Rest Central America","ANT","Netherlands Antilles",0,5.89368e-2,4.67247e-2,1.02576e-3,1.57856e-1,0,0,0,3.20291e-2,1.93304e-2,6.33825e+0,0,0,0,0,0,0,0,0,0,0,0,0,0,0,0,0,0,0,0,0,0,0,2.79146e-1,1.43360e-2,0,0,0,0,0,0,0,0,0,0,0,0,0,0,1.20266e+0,7.72983e-1,0,0,0,0,0,0,8.92328e+0
"Rest Central America","ATG","Antigua and Barbuda",3.17172e-3,0,7.79206e-3,4.33100e-6,7.54746e-3,0,7.89110e-5,0,3.33491e-2,0,6.74637e-2,0,0,0,0,0,0,0,0,0,0,0,0,0,0,0,0,0,0,0,0,0,0,1.09345e+0,2.29686e-2,0,0,0,0,0,0,1.62831e-3,0,0,0,0,0,0,0,1.75038e-1,2.86752e-1,0,0,0,0,0,0,1.69925e+0
"Rest Central America","BHS","Bahamas",1.49974e-2,0,2.82093e-2,3.71259e-4,6.75337e-2,0,7.05124e-4,0,3.56928e-1,5.93814e-2,6.79841e-1,0,0,0,0,0,0,0,0,0,0,0,0,0,0,0,0,0,0,0,0,0,0,1.86219e-1,2.32762e-2,0,0,0,0,0,0,1.03178e-2,0,0,0,0,0,0,0,3.30783e+0,9.93600e-1,0,0,0,0,0,0,5.72921e+0
"Rest Central America","BLZ","Belize",5.40011e-3,0,1.87951e-2,1.93300e-6,1.34724e-2,0,1.43815e-4,0,9.48704e-1,4.69689e-2,4.80744e-2,0,0,0,0,0,0,0,0,0,0,0,0,0,0,0,0,0,0,0,0,0,0,2.83887e+0,9.55270e-2,4.00562e-1,0,0,0,0,6.56568e-1,3.56745e-1,0,0,0,0,0,0,0,4.89028e-1,8.63608e-1,0,0,0,0,0,0,6.78246e+0
"Rest Central America","BMU","Bermuda",5.80430e-3,0,7.15137e-3,7.09281e-5,1.08668e-2,0,1.07121e-4,0,9.79753e-2,0,1.23661e-1,0,0,0,0,0,0,0,0,0,0,0,0,0,0,0,0,0,0,0,0,0,0,7.30586e-2,4.11400e-3,0,0,0,0,0,0,4.72059e-5,0,0,0,0,0,0,0,6.08725e-1,2.57574e-1,0,0,0,0,0,0,1.18916e+0
"Rest Central America","BRB","Barbados",9.21294e-3,0,3.08739e-2,2.05670e-5,2.60806e-2,0,2.77018e-4,0,7.48353e-2,2.72413e-2,5.18006e-1,0,0,0,0,0,0,0,0,0,0,0,0,0,0,0,0,0,0,0,0,0,0,1.41069e+0,9.03100e-2,0,0,0,0,0,0,2.09136e-1,0,0,0,0,0,0,0,1.11246e+0,1.40768e+0,0,0,0,0,0,0,4.91683e+0
"Rest Central America","CRI","Costa Rica",6.55708e-3,3.10030e-3,2.06828e-1,0,1.15100e-1,0,0,2.97682e-2,5.27747e+0,1.26938e+0,8.68976e-2,0,0,0,0,0,0,0,0,0,0,0,0,0,0,0,0,0,0,0,0,0,0,1.44573e+2,3.22802e+0,1.23717e+1,0,0,0,0,1.20338e+0,1.04767e+0,0,0,0,0,0,0,0,3.22684e+0,1.17144e+1,0,0,0,0,0,0,1.84360e+2
"Rest Central America","CUB","Cuba",1.03678e+0,1.04328e-2,3.81861e+0,0,9.20145e-1,0,1.06680e-1,5.17488e-2,3.68576e+1,6.54221e+0,3.87943e+0,0,0,0,0,0,0,0,0,0,0,0,0,0,0,0,0,0,0,0,0,0,0,2.96874e+2,9.66801e+0,6.80612e+1,0,0,0,0,8.72904e+0,2.10056e+1,1.91080e+0,0,0,0,0,0,0,4.10537e+1,6.32315e+1,0,0,0,0,0,0,5.63757e+2
"Rest Central America","CYM","Cayman Islands",1.49242e-3,0,2.38052e-3,1.45300e-6,3.11814e-3,0,3.13810e-5,0,2.22347e-2,0,2.49576e-2,0,0,0,0,0,0,0,0,0,0,0,0,0,0,0,0,0,0,0,0,0,0,4.58695e-1,1.77169e-2,0,0,0,0,0,0,4.05787e-6,0,0,0,0,0,0,0,4.32301e-1,8.55749e-2,0,0,0,0,0,0,1.04851e+0
"Rest Central America","DMA","Dominica",2.16579e-3,0,8.98500e-3,1.18100e-6,2.28425e-3,0,2.87280e-5,0,5.77723e-3,2.84991e-2,8.50710e-3,0,0,0,0,0,0,0,0,0,0,0,0,0,0,0,0,0,0,0,0,0,0,5.51463e-1,1.61000e-2,0,0,0,0,0,0,2.28000e-3,0,0,0,0,0,0,0,2.99629e-1,3.93698e-1,0,0,0,0,0,0,1.31942e+0
"Rest Central America","DOM","Dominican Republic",9.08327e-2,0,1.02217e+0,0,3.97022e-1,0,0,1.50725e-3,1.27648e+1,1.98219e+1,4.64937e-1,0,0,0,0,0,0,0,0,0,0,0,0,0,0,0,0,0,0,0,0,0,0,1.34894e+2,3.66362e+0,4.59112e+1,0,0,0,0,1.09769e+0,3.82719e+0,8.70060e-1,0,0,0,0,0,0,1.85060e+1,3.14045e+1,2.73510e-1,0,0,0,0,0,2.75011e+2
"Rest Central America","GLP","Guadeloupe",1.15539e-2,0,4.15955e-2,1.34627e-4,3.86843e-2,0,3.24534e-4,0,4.20417e-1,1.12474e-1,2.22136e-1,0,0,0,0,0,0,0,0,0,0,0,0,0,0,0,0,0,0,0,0,0,0,5.38081e+0,1.47988e-1,0,0,0,0,0,0,1.93793e-1,0,0,0,0,0,0,0,2.13666e+0,1.86898e+0,0,0,0,0,0,0,1.05756e+1
"Rest Central America","GRD","Grenada",2.83631e-3,0,1.11146e-2,5.70849e-6,2.21823e-3,0,2.72650e-5,0,1.05794e-2,9.75788e-2,1.37137e-2,0,0,0,0,0,0,0,0,0,0,0,0,0,0,0,0,0,0,0,0,0,0,4.66150e-1,1.42713e-2,0,0,0,0,0,0,4.31135e-3,0,0,0,0,0,0,0,1.87166e-1,4.44145e-1,0,0,0,0,0,0,1.25412e+0
"Rest Central America","GTM","Guatemala",6.73886e-2,1.90367e-3,2.54180e-1,0,2.53012e-1,0,0,0,2.76704e+1,2.24584e+0,9.29997e-1,0,0,0,0,0,0,0,0,0,0,0,0,0,0,0,0,0,0,0,0,0,0,1.24139e+2,3.26626e+0,2.07887e+0,0,0,0,0,5.10168e+0,2.77022e+0,6.18256e+0,0,0,0,0,0,0,7.47375e+0,3.18640e+1,0,0,0,0,0,0,2.14299e+2
"Rest Central America","HND","Honduras",5.27537e-3,1.75846e-3,3.26864e-1,0,1.09987e-1,0,0,0,1.33502e+1,6.83515e-1,8.35420e-2,0,0,0,0,0,0,0,0,0,0,0,0,0,0,0,0,0,0,0,0,0,0,1.29532e+2,3.51983e+0,3.68449e+0,0,0,0,0,6.77592e+0,1.34448e+0,6.44191e+0,0,0,0,0,0,0,2.56055e+0,1.66209e+1,0,0,0,0,0,0,1.85041e+2
"Rest Central America","HTI","Haiti",8.41547e-3,0,1.84847e-1,0,3.68116e-2,0,0,6.65700e-3,1.37008e+1,2.65594e+1,0,0,0,0,0,0,0,0,0,0,0,0,0,0,0,0,0,0,0,0,0,0,0,8.12861e+1,3.12594e+0,8.45067e+0,0,0,0,0,0,1.43818e+0,0,0,0,0,0,0,0,8.02726e+0,2.70947e+1,0,0,0,0,0,0,1.69920e+2
"Rest Central America","JAM","Jamaica",2.17946e-1,6.69888e-4,1.01865e-1,4.18681e-5,1.87133e-1,0,0,0,1.29142e+0,1.26938e+0,1.83693e-1,0,0,0,0,0,0,0,0,0,0,0,0,0,0,0,0,0,0,0,0,0,0,2.28873e+1,7.46967e-1,1.46704e-1,0,0,0,0,0,7.23263e-1,0,0,0,0,0,0,0,6.63470e+0,1.04827e+1,0,0,0,0,0,0,4.48739e+1
"Rest Central America","KNA","Saint Kitts and Nevis",1.59359e-3,0,5.16980e-3,1.52365e-5,2.32660e-3,0,1.89490e-5,0,1.33372e-1,0,1.19366e-2,0,0,0,0,0,0,0,0,0,0,0,0,0,0,0,0,0,0,0,0,0,0,3.96155e-1,9.95600e-3,0,0,0,0,0,0,8.18482e-2,0,0,0,0,0,0,0,3.47760e-1,2.77167e-1,0,0,0,0,0,0,1.26732e+0
"Rest Central America","LCA","Saint Lucia",4.17371e-3,0,1.49479e-2,1.64000e-6,6.84702e-3,0,5.66090e-5,0,3.33997e-2,2.98893e-2,2.36889e-2,0,0,0,0,0,0,0,0,0,0,0,0,0,0,0,0,0,0,0,0,0,0,8.26879e-1,2.94502e-2,0,0,0,0,0,0,7.61829e-3,0,0,0,0,0,0,0,1.18378e-1,5.60834e-1,0,0,0,0,0,0,1.65616e+0
"Rest Central America","MSR","Montserrat",4.62164e-4,0,1.41303e-3,1.40550e-6,1.67737e-3,0,1.39860e-5,0,3.88529e-3,0,4.72571e-3,0,0,0,0,0,0,0,0,0,0,0,0,0,0,0,0,0,0,0,0,0,0,5.63470e-1,1.18150e-2,0,0,0,0,0,0,4.90142e-5,0,0,0,0,0,0,0,9.41954e-3,5.10224e-2,0,0,0,0,0,0,6.47955e-1
"Rest Central America","MTQ","Martinique",1.22837e-2,0,4.06391e-2,6.88060e-5,2.12489e-2,0,1.75469e-4,0,1.11890e-1,1.23926e-1,1.52718e-1,0,0,0,0,0,0,0,0,0,0,0,0,0,0,0,0,0,0,0,0,0,0,2.84130e+0,9.55100e-2,0,0,0,0,0,0,7.42314e-2,0,0,0,0,0,0,0,3.38202e+0,1.72726e+0,0,0,0,0,0,0,8.58327e+0
"Rest Central America","NIC","Nicaragua",1.64607e-2,8.89507e-4,2.38587e-1,1.46538e-4,1.22838e-1,0,2.93076e-3,0,8.40346e+0,1.95290e+0,1.42627e-1,0,0,0,0,0,0,0,0,0,0,0,0,0,0,0,0,0,0,0,0,0,0,1.21776e+2,3.60983e+0,7.43658e+0,0,0,0,0,6.89640e+0,1.16402e+0,0,0,0,0,0,0,0,1.38118e+1,1.51888e+1,0,0,0,0,0,0,1.80764e+2
"Rest Central America","PAN","Panama",6.70499e-2,5.30755e-3,1.60020e-1,0,2.84246e-1,0,0,1.51981e-2,5.05082e+0,9.76450e-2,4.55827e-1,0,0,0,0,0,0,0,0,0,0,0,0,0,0,0,0,0,0,0,0,0,0,8.90486e+1,1.99372e+0,1.65295e+1,0,0,0,0,1.18826e+0,8.98401e-1,0,0,0,0,0,0,0,5.37898e+0,9.19283e+0,0,0,0,0,0,0,1.30366e+2
"Rest Central America","PRI","Puerto Rico",0,0,0,0,0,0,0,0,0,0,0,0,0,0,0,0,0,0,0,0,0,0,0,0,0,0,0,0,0,0,0,0,0,3.56988e+1,9.44641e-1,1.06478e-1,0,0,0,0,0,3.90889e-1,1.45289e-1,0,0,0,0,0,0,2.23822e+1,1.50332e+1,0,0,0,0,0,0,7.47016e+1
"Rest Central America","SLV","El Salvador",9.60759e-3,1.43627e-3,2.07546e-1,0,1.57682e-1,0,0,0,1.87368e+1,1.95290e-1,1.64190e-1,0,0,0,0,0,0,0,0,0,0,0,0,0,0,0,0,0,0,0,0,0,0,5.12013e+1,1.90628e+0,2.12957e+0,0,0,0,0,1.25033e-1,1.33771e+0,0,0,0,0,0,0,0,9.75690e+0,2.11392e+1,0,0,0,0,0,0,1.07069e+2
"Rest Central America","TCA","Turks and Caicos Islands",2.31780e-4,0,1.04994e-3,0,0,0,0,0,6.80000e-5,3.40930e-3,0,0,0,0,0,0,0,0,0,0,0,0,0,0,0,0,0,0,0,0,0,0,0,0,0,0,0,0,0,0,0,0,0,0,0,0,0,0,0,4.02898e-2,3.89477e-2,0,0,0,0,0,0,8.39965e-2
"Rest Central America","TTO","Trinidad and Tobago",1.34413e-1,1.02115e-1,1.37327e-2,0,5.08030e-1,0,0,0,6.03011e-1,1.39914e-1,1.11592e+2,0,0,0,0,0,0,0,0,0,0,0,0,0,0,0,0,0,0,0,0,0,0,4.58136e+0,2.31340e-1,1.66479e-1,0,0,0,0,0,3.00300e-1,0,0,0,0,0,0,0,7.03700e+0,1.32357e+1,0,0,0,0,0,0,1.38646e+2
"Rest Central America","VCT","Saint Vincent and the Grenadines",3.11093e-3,0,1.24644e-2,4.66499e-7,1.99245e-3,0,1.62750e-5,0,4.35765e-2,2.53877e-2,9.17026e-3,0,0,0,0,0,0,0,0,0,0,0,0,0,0,0,0,0,0,0,0,0,0,5.69455e-1,2.00340e-2,0,0,0,0,0,0,2.27990e-2,0,0,0,0,0,0,0,1.79903e-1,4.42060e-1,0,0,0,0,0,0,1.32997e+0
"Rest Central America","VGB","Virgin Islands_British",6.41642e-4,0,1.49477e-3,2.18750e-6,2.62702e-3,0,2.17630e-5,0,7.49086e-3,2.05220e-3,8.39812e-3,0,0,0,0,0,0,0,0,0,0,0,0,0,0,0,0,0,0,0,0,0,0,5.50702e-1,3.52481e-2,0,0,0,0,0,0,0,0,0,0,0,0,0,0,7.96340e-2,5.32003e-2,0,0,0,0,0,0,7.41513e-1
"Rest Central America","VIR","Virgin Islands_USA",0,0,0,0,0,0,0,0,0,0,0,0,0,0,0,0,0,0,0,0,0,0,0,0,0,0,0,0,0,0,0,0,0,6.01000e-2,1.68643e-2,0,0,0,0,0,0,8.90703e-2,0,0,0,0,0,0,0,7.69137e-1,4.70812e-1,0,0,0,0,0,0,1.40598e+0
"Brazil","BRA","Brazil",8.23280e-1,5.81456e+0,2.25776e+1,4.13864e-2,1.17741e+1,1.02553e-1,6.16338e-1,0,1.98059e+2,7.27250e+2,1.57135e+2,0,0,0,0,0,1.28873e+0,1.60747e+0,0,0,0,0,0,0,0,0,0,0,0,0,0,0,0,7.34830e+3,1.95402e+2,4.97971e+2,0,0,0,0,5.19528e+2,1.09850e+2,1.95792e+3,1.18008e+0,0,0,0,0,0,3.66936e+2,1.21453e+3,4.87430e+0,0,0,0,0,0,1.33436e+4
"Rest South America","ARG","Argentina",4.77396e-1,3.49991e-1,2.14176e+0,1.43398e-2,6.21692e+0,0,4.01514e-2,0,5.23882e+0,2.95691e+1,4.23174e+2,0,0,0,0,0,2.02250e-1,9.00989e-2,0,0,0,0,0,0,0,0,0,0,0,0,0,0,0,3.46592e+3,6.75843e+1,1.55661e+1,0,0,0,0,1.40018e+1,2.92229e+1,4.30113e+1,9.26424e+1,0,0,0,0,0,1.04550e+2,1.81038e+2,0,0,0,0,0,0,4.48105e+3
"Rest South America","BOL","Bolivia",4.26011e-2,2.58326e-2,2.22779e-1,1.82126e-3,3.31507e-1,1.73752e-3,0,0,1.17078e+1,9.76450e-1,9.69437e+1,0,0,0,0,0,0,0,0,0,0,0,0,0,0,0,0,0,0,0,0,0,0,3.65918e+2,9.80701e+0,7.36898e+0,0,0,0,0,1.51054e+2,1.34728e+0,3.27651e+2,0,0,0,0,0,0,8.02368e+0,2.74747e+1,0,0,0,0,0,0,1.00890e+3
"Rest South America","BVT","Bouvet Island",0,0,0,0,0,0,0,0,0,0,0,0,0,0,0,0,0,0,0,0,0,0,0,0,0,0,0,0,0,0,0,0,0,0,0,0,0,0,0,0,0,0,0,0,0,0,0,0,0,0,0,0,0,0,0,0,0,0,
"Rest South America","CHL","Chile",1.14546e-1,8.51046e-2,1.06524e+0,0,1.13388e+0,4.60131e-3,3.66345e-2,0,1.72250e+1,3.77155e+1,5.46185e+1,0,0,0,0,0,0,1.02091e-2,0,0,0,0,0,0,0,0,0,0,0,0,0,0,0,3.01718e+2,6.33110e+0,5.13800e+0,0,0,0,0,0,1.21833e+0,2.22202e+0,5.03904e+0,0,0,0,0,0,2.45236e+1,9.64032e+1,0,0,0,0,0,0,5.54603e+2
"Rest South America","COL","Colombia",2.00949e-1,1.35657e-1,1.66076e+0,0,3.92749e+0,3.03124e-3,1.14299e-2,0,5.04374e+1,2.67102e+1,1.74519e+2,0,0,0,0,0,2.10984e-2,2.07200e-2,0,0,0,0,0,0,0,0,0,0,0,0,0,0,0,1.42623e+3,3.48397e+1,1.37621e+2,0,0,0,0,2.49912e+1,9.86999e+0,1.13621e+2,0,0,0,0,0,0,4.20041e+1,1.40318e+2,0,0,0,0,0,0,2.18714e+3
"Rest South America","ECU","Ecuador",1.99490e-2,4.45838e-2,2.29932e-1,8.37360e-5,1.00397e+0,0,1.15765e-1,0,1.50333e+1,1.47321e+1,5.01678e+1,0,0,0,0,0,5.16600e-5,0,0,0,0,0,0,0,0,0,0,0,0,0,0,0,0,2.05249e+2,8.91488e+0,3.53886e+1,0,0,0,0,1.28102e+0,2.18322e+0,1.16831e+0,0,0,0,0,0,0,9.24140e+0,3.88447e+1,0,0,0,0,0,0,3.83619e+2
"Rest South America","FLK","Falkland Islands (Malvinas)",2.33046e-4,0,2.31312e-4,1.60400e-6,2.41630e-4,0,1.77100e-6,0,3.24359e-3,6.85170e-3,2.62173e-3,0,0,0,0,0,0,0,0,0,0,0,0,0,0,0,0,0,0,0,0,0,0,3.91143e+0,7.71312e-2,0,0,0,0,0,0,0,0,0,0,0,0,0,0,8.60372e-3,8.54745e-3,3.03566e-5,0,0,0,0,0,4.01917e+0
"Rest South America","GUF","French Guiana",3.42842e-3,0,9.72635e-3,6.27874e-5,8.08587e-3,0,6.63530e-5,0,1.57907e-1,1.36504e-1,1.00199e-1,0,0,0,0,0,0,0,0,0,0,0,0,0,0,0,0,0,0,0,0,0,0,6.66341e-1,3.29380e-2,1.63098e-1,0,0,0,0,0,5.96073e-3,7.38820e-1,0,0,0,0,0,0,4.42000e-1,3.78068e-1,1.67013e-3,0,0,0,0,0,2.84488e+0
"Rest South America","GUY","Guyana",3.02140e-2,0,9.27854e-2,8.29286e-5,3.70615e-2,0,2.97136e-4,0,3.38864e+0,1.58880e-3,2.74240e-1,0,0,0,0,0,0,0,0,0,0,0,0,0,0,0,0,0,0,0,0,0,0,8.77546e+0,3.82432e-1,2.84515e+1,0,0,0,0,3.36432e+0,1.23466e+0,1.91923e+1,0,0,0,0,0,0,1.05940e+0,3.99668e+0,3.44461e-3,0,0,0,0,0,7.02852e+1
"Rest South America","PER","Peru",9.29448e-2,6.91077e-2,6.89902e-1,8.37360e-5,1.32127e+0,0,4.36683e-2,0,3.77471e+1,1.89201e+1,4.85852e+1,0,0,0,0,0,1.29180e-4,7.80690e-2,0,0,0,0,0,0,0,0,0,0,0,0,0,0,0,2.92329e+2,9.56493e+0,7.61835e+1,0,0,0,0,9.80688e-1,3.54928e+0,4.16439e+1,0,0,0,0,0,0,3.08350e+1,8.66650e+1,0,0,0,0,0,0,6.49299e+2
"Rest South America","PRY","Paraguay",2.97681e-2,1.94380e-2,8.04368e-1,0,1.16118e-1,1.50725e-2,8.79228e-4,0,1.46857e+1,8.88570e+0,5.67881e-2,0,0,0,0,0,0,0,0,0,0,0,0,0,0,0,0,0,0,0,0,0,0,4.07009e+2,8.61169e+0,5.72955e+0,0,0,0,0,7.61640e+1,1.95685e+0,8.29850e+1,8.81712e+0,0,0,0,0,0,8.09859e+0,1.57103e+1,0,0,0,0,0,0,6.39696e+2
"Rest South America","SGS","South Georgia and the South Sandwich Islands",0,0,0,0,0,0,0,0,0,0,0,0,0,0,0,0,0,0,0,0,0,0,0,0,0,0,0,0,0,0,0,0,0,0,0,0,0,0,0,0,0,0,0,0,0,0,0,0,0,0,0,0,0,0,0,0,0,0,
"Rest South America","SUR","Suriname",1.61985e-2,0,4.55049e-2,3.01710e-5,2.99896e-2,0,2.45413e-4,0,2.99220e-1,7.55574e-1,8.37550e-1,0,0,0,0,0,0,0,0,0,0,0,0,0,0,0,0,0,0,0,0,0,0,3.01311e+0,1.94477e-1,3.20504e+1,0,0,0,0,0,2.40901e-1,1.48131e+1,0,0,0,0,0,0,1.17247e+0,2.15887e+0,4.20473e-3,0,0,0,0,0,5.56318e+1
"Rest South America","URY","Uruguay",1.77800e-2,2.50290e-3,2.03227e-1,2.30273e-4,2.38324e-1,0,0,5.14977e-3,4.42847e+0,1.99058e-1,3.32315e-1,0,0,0,0,0,0,3.05375e-4,0,0,0,0,0,0,0,0,0,0,0,0,0,0,0,7.13954e+2,1.39279e+1,3.03291e+1,0,0,0,0,0,1.03929e+0,0,0,0,0,0,0,0,1.40878e+1,1.50045e+1,0,0,0,0,0,0,7.93770e+2
"Rest South America","VEN","Venezuela",4.93348e-1,5.27446e-1,7.40729e-1,0,8.43615e+0,2.64104e-2,0,6.28020e-4,5.79824e+0,1.42551e+0,6.67003e+2,0,0,0,0,0,1.75898e-1,7.46416e-2,0,0,0,0,0,0,0,0,0,0,0,0,0,0,0,6.98065e+2,1.98780e+1,2.77182e+1,0,0,0,0,3.79008e+1,2.46594e+0,7.97436e+1,0,0,0,0,0,0,5.99798e+1,9.47312e+1,0,0,0,0,0,0,1.70519e+3
"Northern_Africa","DZA","Algeria",3.50653e-1,8.57947e-1,1.41179e-1,0,1.76110e+0,1.00776e-2,8.49921e-3,0,1.73722e+1,2.94867e+1,8.81493e+2,0,0,0,0,0,1.49540e-1,1.66740e-1,0,0,0,0,0,0,0,0,0,0,0,0,0,0,0,1.67713e+2,6.65910e+0,7.79971e-2,0,0,0,0,0,6.45148e-2,0,0,0,0,0,0,0,3.27500e+1,7.57965e+1,0,0,0,0,0,0,1.21486e+3
"Northern_Africa","EGY","Egypt",9.86718e-2,6.73189e-2,1.17435e+0,3.20291e-3,1.88615e+0,0,1.90499e-2,2.72561e-2,4.43202e+1,8.70959e+1,2.35828e+2,0,0,0,0,0,2.47500e-3,1.32279e-1,0,0,0,0,0,0,0,0,0,0,0,0,0,0,0,2.48233e+2,7.70458e+0,1.87638e+2,0,0,0,0,0,2.71369e-1,0,0,0,0,0,0,0,6.53891e+1,1.72170e+2,0,0,0,0,0,0,1.05206e+3
"Northern_Africa","ESH","Western Sahara",1.24485e-3,6.55990e-5,2.67246e-4,1.96920e-5,6.14155e-3,3.64370e-6,1.22920e-5,0,5.97423e-3,0,2.70065e-3,0,0,0,0,0,0,0,0,0,0,0,0,0,0,0,0,0,0,0,0,0,0,8.60790e+0,2.45182e-1,0,0,0,0,0,0,6.26130e-5,0,0,0,0,0,0,0,1.27972e-1,7.74157e-1,0,0,0,0,0,0,9.77170e+0
"Northern_Africa","LBY","Libyan Arab Jamahiriya",8.60116e-2,1.61406e-1,6.34717e-2,4.18681e-5,1.50903e+0,0,0,0,1.97470e+0,3.27491e+0,5.10608e+2,0,0,0,0,0,6.45150e-1,0,0,0,0,0,0,0,0,0,0,0,0,0,0,0,0,5.16101e+1,1.87501e+0,0,0,0,0,0,0,1.74491e-2,0,0,0,0,0,0,0,1.16331e+1,1.73348e+1,0,0,0,0,0,0,6.00793e+2
"Northern_Africa","MAR","Morocco",1.49250e-2,4.81482e-3,2.07665e-1,0,4.31534e-1,3.82255e-3,2.63768e-2,0,2.29759e+1,1.61271e+1,9.39620e+0,0,0,0,0,0,0,0,0,0,0,0,0,0,0,0,0,0,0,0,0,0,0,2.01954e+2,6.84547e+0,2.94655e-1,0,0,0,0,0,1.71476e-1,0,0,0,0,0,0,0,2.52580e+1,8.50962e+1,0,0,0,0,0,0,3.68808e+2
"Northern_Africa","TUN","Tunisia",4.82760e-2,4.91030e-3,8.32337e-2,0,2.51558e-1,5.56009e-3,1.11369e-2,0,6.11796e+0,8.78805e+0,3.56318e+1,0,0,0,0,0,0,1.33000e-2,0,0,0,0,0,0,0,0,0,0,0,0,0,0,0,6.80268e+1,2.72452e+0,0,0,0,0,0,0,4.88304e-2,0,0,0,0,0,0,0,1.27281e+1,2.61468e+1,0,0,0,0,0,0,1.60631e+2
"Western_Africa","BEN","Benin",2.13527e-3,0,1.38164e-3,0,5.23146e-2,0,0,0,1.84210e+1,1.19127e+1,5.05075e-2,0,0,0,0,0,0,0,0,0,0,0,0,0,0,0,0,0,0,0,0,0,0,4.02733e+1,2.42978e+0,1.28089e+0,0,0,0,0,3.18120e+1,2.74352e-1,7.18148e+1,0,0,0,0,0,0,2.06619e+0,1.74225e+1,0,0,0,0,0,0,1.97814e+2
"Western_Africa","BFA","Burkina Faso",1.25487e-3,6.61261e-5,3.03303e-4,1.84106e-4,4.24074e-2,3.67275e-6,1.23900e-5,0,2.91427e+1,2.50926e+1,6.89370e-3,0,0,0,0,0,0,0,0,0,0,0,0,0,0,0,0,0,0,0,0,0,0,1.35720e+2,6.08223e+0,3.72653e+0,0,0,0,0,2.99640e+1,5.71418e-1,0,0,0,0,0,0,0,1.22416e+0,2.90648e+1,0,0,0,0,0,0,2.60639e+2
"Western_Africa","CAF","Central African Republic",7.47986e-4,3.94167e-5,1.18695e-4,9.49154e-5,1.67389e-2,2.18705e-6,7.38500e-6,0,9.67634e+0,2.69007e+0,3.43994e-3,0,0,0,0,0,0,0,0,0,0,0,0,0,0,0,0,0,0,0,0,0,0,7.84441e+1,2.70533e+0,1.59461e+0,0,0,0,0,1.09529e+3,1.37145e-1,3.00975e+2,0,0,0,0,0,0,3.52294e+0,1.06606e+1,0,0,0,0,0,0,1.50572e+3
"Western_Africa","CIV","Cote d'Ivoire",2.75010e-3,3.67029e-3,3.11079e-2,0,3.15954e-1,2.25878e-3,9.67152e-3,0,2.63202e+1,4.09133e+1,2.72752e+0,0,0,0,0,0,0,0,0,0,0,0,0,0,0,0,0,0,0,0,0,0,0,3.68947e+1,1.83314e+0,1.81766e+1,0,0,0,0,1.77194e+1,7.87128e-1,2.44603e+2,0,0,0,0,0,0,1.42510e+1,3.62080e+1,0,0,0,0,0,0,4.40799e+2
"Western_Africa","CMR","Cameroon",3.01449e-3,0,6.90822e-3,0,3.89942e-1,0,0,0,2.42422e+1,6.44457e+0,1.42444e+2,0,0,0,0,0,0,0,0,0,0,0,0,0,0,0,0,0,0,0,0,0,0,1.40380e+2,5.17238e+0,3.03322e+0,0,0,0,0,1.15579e+2,5.59250e-1,1.18483e+2,0,0,0,0,0,0,1.26617e+1,4.48602e+1,0,0,0,0,0,0,6.14260e+2
"Western_Africa","COD","Congo_the Democratic Republic of the",4.14492e-3,1.13044e-3,4.31240e-2,0,2.27627e-1,0,0,0,1.28636e+2,7.46219e+0,3.35909e+0,0,0,0,0,0,0,0,0,0,0,0,0,0,0,0,0,0,0,0,0,0,0,4.13537e+0,1.80065e-1,5.51180e+1,0,0,0,0,9.46080e+2,2.95877e+0,2.41026e+3,0,0,0,0,0,0,3.72271e+1,1.15656e+2,0,0,0,0,0,0,3.71135e+3
"Western_Africa","COG","Congo",1.25604e-4,1.25604e-4,2.26087e-3,9.21094e-4,9.76111e-2,0,0,0,3.32781e+0,1.60138e+1,5.78098e+1,0,0,0,0,0,0,0,0,0,0,0,0,0,0,0,0,0,0,0,0,0,0,6.08941e+1,2.80462e+0,2.77323e-1,0,0,0,0,2.08145e+1,1.27654e-1,1.01007e+2,0,0,0,0,0,0,2.84851e+0,8.70605e+0,0,0,0,0,0,0,2.74732e+2
"Western_Africa","CPV","Cape Verde",8.37052e-4,4.41104e-5,1.13259e-4,2.62299e-5,9.03939e-3,2.44850e-6,8.26700e-6,0,1.25986e-2,8.60600e-3,2.05774e-3,0,0,0,0,0,0,0,0,0,0,0,0,0,0,0,0,0,0,0,0,0,0,7.70231e-1,1.70183e-1,0,0,0,0,0,0,5.63672e-3,0,0,0,0,0,0,0,2.60281e-1,1.35791e+0,0,0,0,0,0,0,2.59758e+0
"Western_Africa","GAB","Gabon",4.89855e-3,0,3.37037e-2,0,4.09945e-2,0,0,0,1.50699e+0,6.54122e-1,1.00781e+2,0,0,0,0,0,0,0,0,0,0,0,0,0,0,0,0,0,0,0,0,0,0,1.26839e+0,1.77902e-1,6.93308e-2,0,0,0,0,4.78824e-1,2.90591e-2,8.25248e+0,0,0,0,0,0,0,2.69191e+0,3.71579e+0,0,0,0,0,0,0,1.19705e+2
"Western_Africa","GHA","Ghana",6.28020e-4,7.11756e-4,3.18698e-1,0,3.36512e-1,1.39002e-3,2.63768e-3,0,4.51592e+1,2.61689e+1,1.32363e-1,0,0,0,0,0,0,0,0,0,0,0,0,0,0,0,0,0,0,0,0,0,0,5.06512e+1,2.46847e+0,6.93308e+0,0,0,0,0,8.06568e+1,3.87963e-1,2.40054e+1,0,0,0,0,0,0,1.42446e+1,5.01547e+1,0,0,0,0,0,0,3.01623e+2
"Western_Africa","GIN","Guinea",2.30643e-3,1.06547e-4,1.12126e-3,2.02302e-4,8.36960e-2,5.91790e-6,1.99640e-5,0,3.15685e+1,1.39534e+1,1.30904e-2,0,0,0,0,0,0,0,0,0,0,0,0,0,0,0,0,0,0,0,0,0,0,5.13997e+1,1.84147e+0,8.95968e+1,0,0,0,0,6.89760e+1,5.87841e-1,9.02972e+1,0,0,0,0,0,0,3.84891e+0,2.15315e+1,0,0,0,0,0,0,3.73702e+2
"Western_Africa","GMB","Gambia",9.84112e-4,5.18584e-5,1.28832e-4,2.84319e-5,2.87687e-2,2.88010e-6,9.71600e-6,0,1.28015e+0,2.14789e+0,2.57183e-3,0,0,0,0,0,0,0,0,0,0,0,0,0,0,0,0,0,0,0,0,0,0,1.16480e+1,4.50480e-1,2.56524e+0,0,0,0,0,3.62688e+0,2.82915e-2,0,0,0,0,0,0,0,5.49297e-1,2.63657e+0,0,0,0,0,0,0,2.49653e+1
"Western_Africa","GNB","Guinea-Bissau",3.19780e-4,1.68490e-5,9.12870e-5,2.13630e-5,7.16050e-3,9.33750e-7,3.15700e-6,0,1.70475e+0,6.82191e-2,1.37345e-3,0,0,0,0,0,0,0,0,0,0,0,0,0,0,0,0,0,0,0,0,0,0,1.19290e+1,6.81552e-1,2.07992e+1,0,0,0,0,6.38256e+0,1.41156e-1,0,0,0,0,0,0,0,4.76102e-1,3.25941e+0,0,0,0,0,0,0,4.54510e+1
"Western_Africa","GNQ","Equatorial Guinea",2.05373e-4,3.16230e-5,7.69170e-5,2.56980e-5,5.93108e-3,1.75545e-6,5.92200e-6,0,1.56718e+0,3.93890e-1,7.57142e-1,0,0,0,0,0,0,0,0,0,0,0,0,0,0,0,0,0,0,0,0,0,0,3.41992e-1,1.91030e-2,0,0,0,0,0,0,6.34214e-3,0,0,0,0,0,0,0,2.91169e-1,1.19645e+0,0,0,0,0,0,0,4.57956e+0
"Western_Africa","LBR","Liberia",7.66462e-3,3.54078e-4,2.08772e-3,3.05530e-4,1.65482e-1,1.96710e-5,6.63600e-5,0,6.89985e+0,6.82208e+0,2.76228e-2,0,0,0,0,0,0,0,0,0,0,0,0,0,0,0,0,0,0,0,0,0,0,3.82291e+0,2.99121e-1,4.13189e+0,0,0,0,0,8.72664e-1,2.58664e-1,7.28824e-2,0,0,0,0,0,0,1.94447e+0,8.57212e+0,0,0,0,0,0,0,3.39003e+1
"Western_Africa","MLI","Mali",2.24540e-3,1.18325e-4,3.35409e-4,7.46590e-5,7.89587e-2,6.57360e-6,2.21760e-5,0,1.28937e+1,4.88225e-1,6.97843e-3,0,0,0,0,0,0,0,0,0,0,0,0,0,0,0,0,0,0,0,0,0,0,2.55585e+2,9.91681e+0,3.25855e+1,0,0,0,0,4.47624e+1,5.14696e-1,2.85580e+1,0,0,0,0,0,0,2.80123e+0,3.09489e+1,0,0,0,0,0,0,4.19143e+2
"Western_Africa","MRT","Mauritania",1.51760e-3,6.89896e-5,8.33278e-4,1.22201e-4,6.78315e-2,5.51445e-6,1.29290e-5,0,3.65543e+0,5.91427e+0,9.23378e-3,0,0,0,0,0,0,0,0,0,0,0,0,0,0,0,0,0,0,0,0,0,0,1.13365e+2,4.90165e+0,7.10640e-1,0,0,0,0,6.63072e-3,5.83433e-2,0,0,0,0,0,0,0,1.11252e+0,7.96267e+0,0,0,0,0,0,0,1.37767e+2
"Western_Africa","NER","Niger",4.12544e-3,1.69843e-4,4.21854e-3,2.83260e-5,3.47701e-2,4.07129e-5,3.18290e-5,0,1.66399e+1,1.96965e+1,6.89189e-3,0,0,0,0,0,0,0,0,0,0,0,0,0,0,0,0,0,0,0,0,0,0,1.92382e+2,8.40967e+0,3.84785e+0,0,0,0,0,9.61776e-1,7.47416e-1,0,0,0,0,0,0,0,1.74954e+0,2.61266e+1,0,0,0,0,0,0,2.70612e+2
"Western_Africa","NGA","Nigeria",2.75823e-1,6.66354e-2,1.83424e-1,0,3.29183e+0,4.33751e-3,2.75491e-2,0,1.71479e+2,5.53637e+1,8.75034e+2,0,0,0,0,0,0,0,0,0,0,0,0,0,0,0,0,0,0,0,0,0,0,7.17730e+2,2.19933e+1,1.06709e+2,0,0,0,0,1.07318e+2,3.60038e+0,1.57930e+1,0,0,0,0,0,0,3.31984e+1,2.93370e+2,0,0,0,0,0,0,2.40544e+3
"Western_Africa","SEN","Senegal",0,4.31379e-4,1.58701e-2,0,1.31970e-1,1.04251e-3,1.14299e-2,0,1.51722e+1,2.89029e+1,7.75306e-2,0,0,0,0,0,0,0,0,0,0,0,0,0,0,0,0,0,0,0,0,0,0,9.41341e+1,4.03269e+0,9.01299e+0,0,0,0,0,2.71848e+1,1.65107e-1,0,0,0,0,0,0,0,7.23404e+0,2.82006e+1,0,0,0,0,0,0,2.14278e+2
"Western_Africa","SHN","Saint Helena",7.84440e-6,1.60605e-6,4.70700e-6,7.16350e-6,3.13183e-4,7.88500e-8,0,0,1.56730e-4,0,1.48680e-6,0,0,0,0,0,0,0,0,0,0,0,0,0,0,0,0,0,0,0,0,0,0,7.55768e-2,5.76322e-3,0,0,0,0,0,0,0,0,0,0,0,0,0,0,4.73424e-3,2.75023e-2,0,0,0,0,0,0,1.14069e-1
"Western_Africa","SLE","Sierra Leone",3.64016e-3,1.68162e-4,8.97654e-4,1.62773e-4,3.03903e-2,9.34165e-6,3.15140e-5,0,1.73287e+1,1.50271e+1,1.13937e-2,0,0,0,0,0,0,0,0,0,0,0,0,0,0,0,0,0,0,0,0,0,0,1.25492e+1,5.72281e-1,3.99474e+1,0,0,0,0,1.61254e+1,4.14631e-1,8.66048e+0,0,0,0,0,0,0,2.74886e+0,1.44433e+1,0,0,0,0,0,0,1.27864e+2
"Western_Africa","STP","Sao Tome and Principe",2.93894e-4,1.54878e-5,3.77100e-5,5.09150e-6,2.94737e-3,8.59050e-7,2.89800e-6,0,3.97717e-3,3.90977e-1,5.28368e-4,0,0,0,0,0,0,0,0,0,0,0,0,0,0,0,0,0,0,0,0,0,0,1.53912e-1,1.36442e-2,0,0,0,0,0,0,1.71560e-3,0,0,0,0,0,0,0,1.42980e-1,4.02109e-1,0,0,0,0,0,0,1.11315e+0
"Western_Africa","TCD","Chad",1.35400e-3,7.13510e-5,1.84293e-4,3.78974e-5,1.12455e-2,3.96325e-6,1.33700e-5,0,1.55780e+1,2.03341e+1,4.33111e-3,0,0,0,0,0,0,0,0,0,0,0,0,0,0,0,0,0,0,0,0,0,0,2.01876e+2,7.69028e+0,6.63842e+0,0,0,0,0,1.36829e+2,2.92338e-1,0,0,0,0,0,0,0,1.87210e+0,2.07852e+1,0,0,0,0,0,0,4.11913e+2
"Western_Africa","TGO","Togo",1.50725e-3,0,0,0,5.77696e-2,0,0,0,1.55140e+1,1.59161e+1,0,0,0,0,0,0,0,0,0,0,0,0,0,0,0,0,0,0,0,0,0,0,0,1.36328e+1,8.28677e-1,3.76120e+0,0,0,0,0,3.20016e+1,2.10000e-1,1.39441e+1,0,0,0,0,0,0,1.92976e+0,1.32642e+1,0,0,0,0,0,0,1.11062e+2
"Eastern_Africa","BDI","Burundi",2.94530e-4,1.55210e-5,6.92010e-5,3.74630e-5,1.44434e-2,8.59050e-7,2.90500e-6,0,1.71881e+1,1.38428e+1,1.84067e-3,0,0,0,0,0,0,0,0,0,0,0,0,0,0,0,0,0,0,0,0,0,0,1.98441e+1,7.37403e-1,6.06644e-1,0,0,0,0,0,3.33750e-1,0,0,0,0,0,0,0,2.80616e-1,1.75432e+1,0,0,0,0,0,0,7.03934e+1
"Eastern_Africa","COM","Comoros",8.08110e-5,1.24417e-5,3.25920e-5,1.88280e-5,3.86430e-3,6.88900e-7,2.33100e-6,0,1.91816e-2,1.43207e+0,6.88163e-4,0,0,0,0,0,0,0,0,0,0,0,0,0,0,0,0,0,0,0,0,0,0,2.43344e+0,1.24007e-1,2.07992e+0,0,0,0,0,0,1.00829e-2,0,0,0,0,0,0,0,2.99783e-1,1.62175e+0,0,0,0,0,0,0,8.02494e+0
"Eastern_Africa","DJI","Djibouti",1.89385e-3,9.97992e-5,1.53656e-3,6.93539e-5,1.34934e-2,5.54440e-6,1.87040e-5,0,2.81771e-2,1.36087e+0,1.35632e-2,0,0,0,0,0,0,0,0,0,0,0,0,0,0,0,0,0,0,0,0,0,0,9.41764e+0,4.11700e-1,0,0,0,0,0,0,8.20873e-7,0,0,0,0,0,0,0,5.31177e-1,1.58272e+0,0,0,0,0,0,0,1.33630e+1
"Eastern_Africa","ERI","Eritrea",5.31485e-4,7.00337e-4,7.86450e-4,0,1.23698e-2,0,0,0,5.96195e+0,6.98039e+0,1.17312e-1,0,0,0,0,0,0,0,0,0,0,0,0,0,0,0,0,0,0,0,0,0,0,6.25105e+1,2.24767e+0,0,0,0,0,0,1.99464e+0,1.02520e-1,0,0,0,0,0,0,0,5.70113e-1,1.00875e+1,0,0,0,0,0,0,9.05870e+1
"Eastern_Africa","ETH","Ethiopia",2.73637e-3,2.62626e-4,7.50339e-3,0,1.12341e-1,0,0,0,1.17040e+2,9.08099e+0,8.14693e-2,0,0,0,0,0,0,0,0,0,0,0,0,0,0,0,0,0,0,0,0,0,0,1.09670e+3,4.40600e+1,0,0,0,0,0,2.13259e+2,4.89850e+0,0,0,0,0,0,0,0,7.01507e+0,1.61783e+2,0,0,0,0,0,0,1.65404e+3
"Eastern_Africa","KEN","Kenya",6.66573e-4,1.98056e-3,4.22867e-2,5.69405e-3,2.86262e-1,7.29761e-3,2.93076e-3,0,5.15830e+1,1.39925e+2,5.23088e-1,0,0,0,0,0,0,0,0,0,0,0,0,0,0,0,0,0,0,0,0,0,0,5.26713e+2,1.73092e+1,1.95859e+0,0,0,0,0,3.63888e+0,8.97282e-1,0,0,0,0,0,0,0,4.07476e+0,7.06214e+1,0,0,0,0,0,0,8.17591e+2
"Eastern_Africa","MDG","Madagascar",6.79566e-3,3.56116e-4,1.50491e-3,3.10158e-4,1.28314e-1,2.24291e-5,6.67380e-5,0,1.77270e+1,1.29255e+1,1.84365e-2,0,0,0,0,0,0,0,0,0,0,0,0,0,0,0,0,0,0,0,0,0,0,3.57651e+2,1.21839e+1,2.17768e+2,0,0,0,0,6.08760e+1,8.31750e-1,3.93638e+1,1.06210e-1,0,0,0,0,0,4.54519e+0,4.00800e+1,0,0,0,0,0,0,7.64215e+2
"Eastern_Africa","MUS","Mauritius",3.36823e-3,1.74952e-4,1.38961e-3,4.33149e-5,3.30220e-2,1.30873e-5,3.27880e-5,0,2.66586e-1,9.76450e-2,1.29546e-2,0,0,0,0,0,0,0,0,0,0,0,0,0,0,0,0,0,0,0,0,0,0,1.53925e+0,9.36679e-2,4.15985e-3,0,0,0,0,0,1.04202e-1,0,0,0,0,0,0,0,1.93937e+0,4.45000e+0,0,0,0,0,0,0,8.54588e+0
"Eastern_Africa","MYT","Mayotte",0,0,0,0,0,0,0,0,0,0,0,0,0,0,0,0,0,0,0,0,0,0,0,0,0,0,0,0,0,0,0,0,0,0,0,0,0,0,0,0,0,0,0,0,0,0,0,0,0,1.23474e-1,3.61357e-1,0,0,0,0,0,0,4.84831e-1
"Eastern_Africa","REU","Reunion",2.76832e-3,1.45885e-4,5.88417e-4,1.91391e-4,5.25536e-2,8.10080e-6,2.73350e-5,0,1.93356e-1,0,1.23510e-2,0,0,0,0,0,0,0,0,0,0,0,0,0,0,0,0,0,0,0,0,0,0,1.10175e+0,1.76880e-1,0,0,0,0,0,0,4.23845e-2,0,0,0,0,0,0,0,1.77168e+0,2.32174e+0,0,0,0,0,0,0,5.67643e+0
"Eastern_Africa","RWA","Rwanda",1.96188e-3,1.03385e-4,3.51363e-4,1.14138e-4,3.14391e-2,5.74360e-6,1.93760e-5,0,1.82581e+1,1.30675e+0,6.17103e-3,0,0,0,0,0,0,0,0,0,0,0,0,0,0,0,0,0,0,0,0,0,0,2.69096e+1,1.02017e+0,4.33317e-1,0,0,0,0,2.11699e+0,4.32555e-1,0,0,0,0,0,0,0,3.65907e-1,2.13523e+1,0,0,0,0,0,0,7.22358e+1
"Eastern_Africa","SDN","Sudan",1.29995e-3,2.09340e-4,2.83865e-2,0,3.35597e-1,0,0,0,5.20486e+1,1.72441e+2,1.65295e+0,0,0,0,0,0,0,0,0,0,0,0,0,0,0,0,0,0,0,0,0,0,0,1.10675e+3,3.53779e+1,4.36783e-1,0,0,0,0,5.62224e+2,1.17447e+0,0,0,0,0,0,0,0,1.93982e+1,8.48481e+1,0,0,0,0,0,0,2.03671e+3
"Eastern_Africa","SOM","Somalia",1.80269e-3,2.77594e-4,9.23538e-4,3.51050e-4,1.05635e-1,1.54214e-5,5.20240e-5,0,1.95937e+1,3.33929e+1,2.04241e-2,0,0,0,0,0,0,0,0,0,0,0,0,0,0,0,0,0,0,0,0,0,0,4.75225e+2,2.11807e+1,1.73327e-1,0,0,0,0,6.30720e-3,1.41632e-1,0,0,0,0,0,0,0,2.82811e+0,2.20573e+1,0,0,0,0,0,0,5.74728e+2
"Eastern_Africa","SYC","Seychelles",2.28621e-3,1.20479e-4,4.21935e-4,6.25001e-8,5.77799e-3,6.68980e-6,2.25750e-5,0,9.59213e-3,0,4.29972e-3,0,0,0,0,0,0,0,0,0,0,0,0,0,0,0,0,0,0,0,0,0,0,1.21109e-1,4.13160e-2,0,0,0,0,0,0,5.05440e-6,0,0,0,0,0,0,0,1.59349e-1,3.18483e-1,0,0,0,0,0,0,6.62789e-1
"Eastern_Africa","UGA","Uganda",2.75769e-3,1.45325e-4,4.58874e-4,7.43471e-5,5.69469e-2,8.07175e-6,2.72300e-5,0,9.42897e+1,4.58283e+1,8.57481e-3,0,0,0,0,0,0,0,0,0,0,0,0,0,0,0,0,0,0,0,0,0,0,2.02048e+2,6.14125e+0,2.94655e+0,0,0,0,0,1.00630e+2,1.29325e+0,0,0,0,0,0,0,0,2.09386e+0,5.01265e+1,0,0,0,0,0,0,5.05467e+2
"Southern_Africa","AGO","Angola",8.66668e-4,3.09824e-3,1.26441e-2,0,1.56098e-1,0,0,0,7.56891e+0,5.63412e+1,2.37147e+2,0,0,0,0,0,0,0,0,0,0,0,0,0,0,0,0,0,0,0,0,0,0,1.29427e+2,4.31029e+0,1.55994e+0,0,0,0,0,4.26144e+2,1.66878e-1,8.21862e+0,0,0,0,0,0,0,6.09143e+0,3.63908e+1,0,0,0,0,0,0,9.13539e+2
"Southern_Africa","BWA","Botswana",3.02945e-3,7.80574e-5,1.14000e-2,6.76200e-6,4.22636e-2,9.76926e-5,1.46230e-5,0,2.90144e+0,7.67286e+0,4.54402e-3,0,0,0,0,0,0,0,0,0,0,0,0,0,0,0,0,0,0,0,0,0,0,1.27113e+2,3.16805e+0,0,0,0,0,0,9.58872e+1,2.39175e-2,0,2.52504e+0,0,0,0,0,0,5.38389e-1,4.48793e+0,0,0,0,0,0,0,2.44379e+2
"Southern_Africa","LSO","Lesotho",5.41133e-4,2.85147e-5,1.23519e-4,5.78375e-5,2.22018e-2,1.58115e-6,5.34100e-6,0,6.25969e+0,5.27343e+0,2.32482e-3,0,0,0,0,0,0,0,0,0,0,0,0,0,0,0,0,0,0,0,0,0,0,3.35070e+1,7.02489e-1,0,0,0,0,0,0,3.51913e-2,0,1.60908e+0,0,0,0,0,0,4.02633e-1,5.71723e+0,0,0,0,0,0,0,5.35320e+1
"Southern_Africa","MOZ","Mozambique",6.44767e-4,1.14172e-3,3.60065e-2,0,1.23042e-1,0,0,0,4.81828e+1,3.23453e+1,8.00723e-2,0,0,0,0,0,0,0,0,0,0,0,0,0,0,0,0,0,0,0,0,0,0,4.92430e+1,1.89343e+0,1.73327e+1,0,0,0,0,2.33093e+2,1.18038e+0,2.92305e+1,4.19232e+0,0,0,0,0,0,3.36019e+0,5.37887e+1,0,0,0,0,0,0,4.74083e+2
"Southern_Africa","MWI","Malawi",2.06710e-3,1.00924e-4,1.52511e-3,6.84174e-5,5.35660e-2,1.61927e-5,1.89140e-5,0,1.53155e+1,2.27781e+1,5.55663e-3,0,0,0,0,0,0,0,0,0,0,0,0,0,0,0,0,0,0,0,0,0,0,4.19326e+1,1.43544e+0,3.51854e+0,0,0,0,0,4.48608e+1,9.67021e-1,0,0,0,0,0,0,0,1.08467e+0,2.70791e+1,0,0,0,0,0,0,1.59035e+2
"Southern_Africa","NAM","Namibia",1.07841e-3,0,1.81851e-4,9.42028e-4,1.27080e-1,0,0,0,3.03226e-1,2.51865e+0,0,0,0,0,0,0,0,0,0,0,0,0,0,0,0,0,0,0,0,0,0,0,0,1.05286e+2,2.60728e+0,0,0,0,0,0,2.45880e+1,5.32969e-2,0,0,0,0,0,0,0,1.27980e+0,3.71159e+0,0,0,0,0,0,0,1.40477e+2
"Southern_Africa","SWZ","Swaziland",8.66316e-4,7.91654e-5,3.14634e-3,3.77260e-5,3.62448e-2,2.89369e-5,1.48330e-5,0,2.26144e+0,1.67328e+0,4.68838e-3,0,0,0,0,0,0,0,0,0,0,0,0,0,0,0,0,0,0,0,0,0,0,3.11254e+1,7.51325e-1,7.95570e-2,0,0,0,0,0,7.65059e-2,0,0,0,0,0,0,0,4.40704e-1,1.29783e+1,0,0,0,0,0,0,4.94316e+1
"Southern_Africa","TZA","Tanzania_United Republic of",9.42030e-3,8.37360e-4,1.18487e-2,0,1.47316e-1,0,2.93076e-4,0,6.59416e+1,3.88005e+1,1.49253e-1,0,0,0,0,0,0,0,0,0,0,0,0,0,0,0,0,0,0,0,0,0,0,4.58113e+2,1.57986e+1,3.88252e+1,0,0,0,0,3.17568e+2,2.80205e+0,9.04468e+1,0,0,0,0,0,0,3.58266e+0,8.24382e+1,0,0,0,0,0,0,1.11464e+3
"Southern_Africa","ZAF","South Africa",8.44400e-1,9.03785e-2,5.57684e+0,6.40580e-3,5.26222e+0,7.01708e-2,0,0,4.91872e+1,8.39647e+2,4.63939e+0,0,0,0,0,0,5.44300e-2,9.70921e-1,0,0,0,0,0,0,0,0,0,0,0,0,0,0,0,8.29441e+2,2.10914e+1,2.25325e-1,0,0,0,0,1.29797e+1,1.69907e+0,5.28912e+0,9.50784e+1,0,0,0,0,0,1.30597e+2,1.69289e+2,0,0,0,0,0,0,2.17204e+3
"Southern_Africa","ZMB","Zambia",2.18132e-3,2.09340e-3,1.22483e-1,0,1.51395e-1,4.59502e-3,0,0,1.77962e+1,4.72623e+1,1.87262e-1,0,0,0,0,0,0,0,0,0,0,0,0,0,0,0,0,0,0,0,0,0,0,9.01921e+1,2.88354e+0,1.21502e+0,0,0,0,0,6.31512e+2,1.95025e-1,2.81568e+2,0,0,0,0,0,0,5.42537e+0,2.61225e+1,0,0,0,0,0,0,1.10464e+3
"Southern_Africa","ZWE","Zimbabwe",3.92719e-3,3.97746e-3,3.51523e-1,0,3.09231e-1,2.52652e-2,0,0,2.26224e+1,1.65434e+1,0,0,0,0,0,0,0,1.08662e-1,0,0,0,0,0,0,0,0,0,0,0,0,0,0,0,2.34733e+2,6.26482e+0,6.44776e-2,0,0,0,0,6.40872e+1,3.72622e-1,0,0,0,0,0,0,0,4.41373e+0,2.89091e+1,0,0,0,0,0,0,3.78813e+2
"OECD_Europe","AUT","Austria",2.95535e-1,5.42898e-2,6.99216e-1,3.76812e-4,4.24477e+0,1.32785e-2,2.34461e-3,1.75846e-3,3.52400e+1,2.14187e+1,3.85831e+1,0,0,0,0,0,7.78800e-2,3.64840e-1,0,0,0,0,0,0,0,0,0,0,0,0,0,0,0,1.82442e+2,6.01006e+1,0,0,0,0,0,0,6.08690e-1,0,2.21906e+0,0,0,0,0,0,8.92212e+1,3.63111e+1,3.10353e-3,0,0,0,0,0,4.71902e+2
"OECD_Europe","BEL","Belgium",3.55361e-1,1.02149e-1,1.01253e+0,2.53301e-3,5.13918e+0,2.11077e-2,6.30113e-2,0,2.74215e+1,1.12499e+2,7.98069e+1,0,0,0,0,0,1.20000e-4,8.44336e-1,0,0,0,0,0,0,0,0,0,0,0,0,0,0,0,2.13865e+2,7.19143e+1,0,0,0,0,0,0,4.36990e-1,0,4.98504e-1,0,0,0,0,0,6.21321e+1,6.71959e+1,4.64933e+0,0,0,0,0,0,6.47960e+2
"OECD_Europe","CHE","Switzerland",3.39312e-1,7.93385e-3,5.76216e-1,2.23994e-3,5.00543e+0,1.91127e-3,3.80998e-3,0,6.23594e+0,9.40723e-2,2.51266e+1,0,0,0,0,0,5.82851e-2,5.21819e-3,0,0,0,0,0,0,0,0,0,0,0,0,0,0,0,1.42195e+2,4.01061e+1,0,0,0,0,0,0,1.26100e-1,5.03808e+0,0,0,0,0,0,0,2.92896e+1,1.18172e+1,1.11294e-5,8.83012e-2,0,0,0,0,2.66117e+2
"OECD_Europe","DEU","Germany",7.25382e+0,8.20156e-1,9.01063e+0,2.24203e-2,4.52034e+1,2.24731e-1,2.36512e-1,0,2.01958e+2,1.53393e+3,3.05018e+2,0,0,0,0,0,4.59285e+0,2.49673e+0,0,0,0,0,0,0,0,0,0,0,0,0,0,0,0,1.55363e+3,5.03213e+2,0,0,0,0,0,0,4.36227e+0,0,3.10080e+0,0,0,0,0,0,1.57418e+3,1.83805e+2,0,0,0,0,0,0,5.93305e+3
"OECD_Europe","DNK","Denmark",5.40748e-1,1.90005e-2,3.46810e-1,2.49115e-3,2.82108e+0,2.24140e-2,8.88022e-2,0,9.54672e+0,3.43742e-2,2.08565e+0,0,0,0,0,0,0,0,0,0,0,0,0,0,0,0,0,0,0,0,0,0,0,2.04168e+2,9.52598e+1,0,0,0,0,0,0,7.83764e-1,0,0,0,0,0,0,0,7.13354e+1,8.98426e+0,0,0,0,0,0,0,3.96040e+2
"OECD_Europe","ESP","Spain",6.05394e-1,1.35329e-1,2.44301e+0,2.47859e-2,1.19279e+1,3.16941e-2,4.96178e-1,7.53624e-4,5.03080e+1,1.89961e+2,1.37936e+1,0,0,0,0,0,6.12639e-1,6.56735e-1,0,0,0,0,0,0,0,0,0,0,0,0,0,0,0,5.02218e+2,2.16082e+2,1.30960e+1,0,0,0,0,0,2.09223e+0,0,3.69600e+1,0,0,0,0,0,2.35314e+2,1.29107e+2,8.94122e-1,0,0,0,0,0,1.40676e+3
"OECD_Europe","FIN","Finland",1.05625e-1,2.38229e-2,6.66842e-1,2.05154e-3,2.75689e+0,1.40739e-2,2.19807e-2,0,6.54502e+1,2.10556e+0,2.20589e+0,0,0,0,0,0,5.28300e-2,2.46856e-1,0,0,0,0,0,0,0,0,0,0,0,0,0,0,0,1.12212e+2,3.18293e+1,0,0,0,0,0,0,4.59975e-1,8.92896e-1,1.21807e-1,0,0,0,0,0,1.19698e+2,1.33361e+2,0,0,0,0,0,0,4.72228e+2
"OECD_Europe","FRA","France",1.48410e+0,4.22042e-1,4.55944e+0,1.17440e-2,3.31958e+1,9.50425e-2,2.09549e-1,1.25604e-4,1.93938e+2,3.07591e+2,7.00856e+2,0,0,0,0,0,2.05365e+0,1.96758e+0,0,0,0,0,0,0,0,0,0,0,0,0,0,0,0,1.63415e+3,4.16299e+2,2.24686e+0,0,0,0,0,0,6.23789e+0,0,2.10173e+0,0,0,0,0,0,4.46074e+2,1.72068e+2,2.68066e+1,0,0,0,0,0,3.95237e+3
"OECD_Europe","FRO","Faroe Islands",0,0,0,0,0,0,0,0,0,0,0,0,0,0,0,0,0,0,0,0,0,0,0,0,0,0,0,0,0,0,0,0,0,5.95449e-1,2.58354e-2,0,0,0,0,0,0,1.31235e-5,0,0,0,0,0,0,0,7.75830e-1,4.03419e-2,3.75588e-2,0,0,0,0,0,1.47503e+0
"OECD_Europe","GBR","United Kingdom",1.46627e+0,8.13747e-1,3.92975e+0,4.16168e-2,3.39802e+1,1.41313e-1,3.37916e-1,0,1.52484e+2,1.10642e+3,7.03148e+2,0,0,0,0,0,1.71683e+0,7.64786e-1,0,0,0,0,0,0,0,0,0,0,0,0,0,0,0,1.08648e+3,2.22690e+2,0,0,0,0,0,0,2.74538e+0,0,2.09357e+0,0,0,0,0,0,2.45541e+3,1.15266e+2,8.59483e+0,0,0,0,0,0,5.89852e+3
"OECD_Europe","GIB","Gibraltar",3.76812e-4,0,0,0,8.41750e-3,0,0,0,0,0,0,0,0,0,0,0,0,0,0,0,0,0,0,0,0,0,0,0,0,0,0,0,0,0,0,0,0,0,0,0,0,0,0,0,0,0,0,0,0,1.47961e-1,2.67569e-2,9.58674e-3,0,0,0,0,0,1.93099e-1
"OECD_Europe","GRC","Greece",1.75974e-1,3.08478e-2,5.33137e-1,8.33173e-3,3.14847e+0,9.64011e-3,1.31005e-1,0,8.29974e+0,2.71429e+1,7.21887e+0,0,0,0,0,0,5.31270e-3,1.45484e-2,0,0,0,0,0,0,0,0,0,0,0,0,0,0,0,1.44267e+2,3.37656e+1,4.81470e+0,0,0,0,0,0,1.20195e+0,1.37064e-1,3.80616e+0,0,0,0,0,0,7.88192e+1,1.58778e+1,5.09085e-5,0,0,0,0,0,3.29409e+2
"OECD_Europe","GRL","Greenland",0,0,0,0,0,0,0,0,0,0,0,0,0,0,0,0,0,0,0,0,0,0,0,0,0,0,0,0,0,0,0,0,0,1.79408e-1,3.05478e-3,0,0,0,0,0,0,0,0,0,0,0,0,0,0,6.27075e-1,1.95613e-1,1.32934e-2,0,0,0,0,0,1.01844e+0
"OECD_Europe","IRL","Ireland",1.44433e-1,1.83399e-3,2.50044e-1,8.37360e-5,1.76331e+0,6.08133e-3,5.86152e-4,0,2.96387e+1,1.76709e+0,2.17160e+1,0,0,0,0,0,0,0,0,0,0,0,0,0,0,0,0,0,0,0,0,0,0,3.97408e+2,6.74969e+1,0,0,0,0,0,0,2.43741e-1,0,2.01062e-1,0,0,0,0,0,6.73682e+1,6.68668e+0,0,0,0,0,0,0,5.94692e+2
"OECD_Europe","ISL","Iceland",2.51208e-4,0,3.09928e-2,3.76812e-4,1.64270e-1,0,4.68922e-3,0,5.18200e-2,0,0,0,0,0,0,0,0,6.79969e-2,0,0,0,0,0,0,0,0,0,0,0,0,0,0,0,1.08813e+1,1.34731e+0,0,0,0,0,0,0,1.16251e-4,0,0,0,0,0,0,0,2.90122e+0,4.50849e-1,1.05746e-1,0,0,0,0,0,1.60069e+1
"OECD_Europe","ITA","Italy",7.66211e-1,2.87541e-1,3.01362e+0,1.13881e-2,2.92324e+1,3.30129e-2,1.65881e-1,5.42610e-2,1.87980e+1,1.51964e+1,2.64880e+2,0,0,0,0,0,5.23292e-1,1.02375e+0,0,0,0,0,0,0,0,0,0,0,0,0,0,0,0,6.15953e+2,2.41654e+2,5.87393e+1,0,0,0,0,0,5.63772e+0,8.58336e-1,1.08074e+1,0,0,0,0,0,6.34836e+2,1.31769e+2,1.07701e+1,0,0,0,0,0,2.04501e+3
"OECD_Europe","LUX","Luxembourg",2.88554e-2,0,2.08490e-1,0,5.59021e-1,1.21626e-3,2.93076e-4,0,4.74321e-1,0,3.29777e+0,0,0,0,0,0,0,2.71110e-1,0,0,0,0,0,0,0,0,0,0,0,0,0,0,0,1.40652e+1,2.10802e+1,0,0,0,0,0,0,2.72689e-2,0,4.80528e-1,0,0,0,0,0,2.78451e+0,4.27869e-1,0,0,0,0,0,0,4.37066e+1
"OECD_Europe","NLD","Netherlands",6.72062e-1,1.43071e-1,6.25523e-1,1.06763e-3,9.10495e+0,9.38261e-3,8.20610e-2,0,7.68459e+0,2.94525e+0,2.48479e+2,0,0,0,0,0,3.03145e+0,2.16020e-1,0,0,0,0,0,0,0,0,0,0,0,0,0,0,0,4.04707e+2,1.63523e+2,0,0,0,0,0,0,2.91666e-1,0,3.24408e-2,0,0,0,0,0,4.78437e+2,3.47867e+1,0,0,0,0,0,0,1.35477e+3
"OECD_Europe","NOR","Norway",4.63060e-2,1.63555e-1,8.10835e-1,3.11917e-3,2.55563e+0,4.17004e-3,2.04861e-1,0,7.85495e+0,9.45351e+0,1.50019e+2,0,0,0,0,0,2.41706e+0,8.58815e-1,0,0,0,0,0,0,0,0,0,0,0,0,0,0,0,8.88740e+1,1.77229e+1,0,0,0,0,0,0,1.20025e-1,0,0,0,0,0,0,0,1.91283e+2,3.62143e+1,3.77806e+0,0,0,0,0,0,5.12384e+2
"OECD_Europe","PRT","Portugal",1.42782e-1,3.62217e-2,7.93573e-1,3.93559e-3,2.13315e+0,1.01613e-2,1.40676e-2,0,6.04454e+0,3.07539e+0,4.28584e+0,0,0,0,0,0,1.95120e-2,6.61558e-2,0,0,0,0,0,0,0,0,0,0,0,0,0,0,0,1.27468e+2,6.14775e+1,8.50597e+0,0,0,0,0,0,3.56794e-1,0,4.22952e+0,0,0,0,0,0,1.45571e+2,3.47347e+1,2.86061e-2,1.78800e-1,0,0,0,0,3.99176e+2
"OECD_Europe","SWE","Sweden",6.92637e-1,2.63703e-2,4.66270e+0,8.33172e-3,6.02366e+0,1.14676e-2,3.95652e-2,0,1.65390e+1,2.35340e+0,3.92288e+0,0,0,0,0,0,1.55819e-1,1.60060e-1,0,0,0,0,0,0,0,0,0,0,0,0,0,0,0,1.33517e+2,4.25178e+1,0,0,0,0,0,0,6.62093e-1,8.98848e-1,3.57816e-1,0,0,0,0,0,1.16482e+2,1.63059e+2,8.25126e-3,0,0,0,0,0,4.92099e+2
"Central Europe","ALB","Albania",4.06120e-3,6.57326e-3,8.75878e-2,0,2.31667e-1,0,0,0,1.56775e+1,6.36380e+0,1.70954e+1,0,0,0,0,0,0,1.74733e-2,0,0,0,0,0,0,0,0,0,0,0,0,0,0,0,5.23625e+1,8.78919e+0,1.15553e+0,0,0,0,0,0,3.33649e-1,0,1.01626e+0,0,0,0,0,0,2.31384e+0,4.37261e+0,2.05054e-2,0,0,0,0,0,1.09848e+2
"Central Europe","BGR","Bulgaria",2.16588e-1,2.05656e-2,8.32545e-1,0,1.98243e+0,0,0,0,2.86669e+1,3.82078e+1,6.85878e+0,0,0,0,0,0,1.73479e-1,2.53770e-1,0,0,0,0,0,0,0,0,0,0,0,0,0,0,0,2.47280e+2,4.26356e+1,5.00729e+0,0,0,0,0,0,2.23658e+0,0,2.33736e+0,0,0,0,0,0,2.75727e+2,4.62633e+1,0,0,0,0,0,0,6.98700e+2
"Central Europe","BIH","Bosnia and Herzegovina",7.90189e-2,0,7.29277e-3,0,4.63035e-1,0,0,0,2.89983e+1,8.62912e+1,5.24572e+0,0,0,0,0,0,8.59200e-5,3.29276e-2,0,0,0,0,0,0,0,0,0,0,0,0,0,0,0,7.23629e+1,1.19502e+1,0,0,0,0,0,0,3.75211e-1,0,0,0,0,0,0,0,2.95989e+0,6.29176e+0,2.52464e-2,0,0,0,0,0,2.15083e+2
"Central Europe","CYP","Cyprus",0,1.14551e-3,2.54976e-2,0,1.91202e-1,0,0,0,1.23510e-1,9.76450e-2,1.48447e-1,0,0,0,0,0,0,0,0,0,0,0,0,0,0,0,0,0,0,0,0,0,0,6.26092e+0,2.34205e+0,0,0,0,0,0,0,1.12584e-2,0,0,0,0,0,0,0,4.29723e+0,3.22526e+0,0,0,0,0,0,0,1.67242e+1
"Central Europe","CZE","Czech Republic",6.18161e-1,4.43383e-2,5.11367e+0,0,1.78722e+0,4.27054e-3,0,0,1.20389e+2,2.96705e+2,1.11537e+1,0,0,0,0,0,4.06777e-1,6.51630e-1,0,0,0,0,0,0,0,0,0,0,0,0,0,0,0,3.45547e+2,5.62104e+1,0,0,0,0,0,0,2.13828e+0,0,6.32640e+0,0,0,0,0,0,6.40666e+1,4.75716e+1,0,0,0,0,0,0,9.58733e+2
"Central Europe","EST","Estonia",2.63053e-1,0,4.86036e-1,0,5.37959e-1,1.60383e-1,5.04355e-3,0,6.66705e+0,2.00406e+1,2.63639e+0,0,0,0,0,0,0,0,0,0,0,0,0,0,0,0,0,0,0,0,0,0,0,6.22387e+1,1.17680e+1,2.74117e+0,0,0,0,0,0,2.29977e-1,0,0,0,0,0,0,0,1.38942e+1,7.46318e+0,0,0,0,0,0,0,1.29132e+2
"Central Europe","HRV","Croatia",8.57367e-2,1.38819e-1,5.50992e-1,0,8.25992e-1,8.79228e-4,0,0,1.05284e+1,6.17686e+0,2.58908e+1,0,0,0,0,0,1.15478e-2,3.51716e-1,0,0,0,0,0,0,0,0,0,0,0,0,0,0,0,7.66014e+1,1.57095e+1,0,0,0,0,0,0,7.63517e-1,0,1.36812e+0,0,0,0,0,0,1.41047e+1,1.59197e+1,0,0,0,0,0,0,1.69029e+2
"Central Europe","HUN","Hungary",4.02300e-1,3.28810e-2,6.14323e-1,0,2.04481e+0,4.34590e-2,3.54623e-2,0,4.28974e+1,4.66397e+1,4.30092e+1,0,0,0,0,0,8.65290e-2,2.44496e-1,0,0,0,0,0,0,0,0,0,0,0,0,0,0,0,2.32958e+2,6.40203e+1,4.01225e+0,0,0,0,0,0,3.81923e+0,0,2.04785e+0,0,0,0,0,0,6.44448e+1,4.39242e+1,0,0,0,0,0,0,5.51277e+2
"Central Europe","LTU","Lithuania",5.20945e-2,2.94565e-2,4.88017e+0,0,1.11220e+0,3.07532e-2,3.60254e-3,0,1.19979e+1,1.85691e-2,7.58154e+0,0,0,0,0,0,5.89313e-2,0,0,0,0,0,0,0,0,0,0,0,0,0,0,0,0,1.85335e+2,3.24030e+1,0,0,0,0,0,0,7.99243e-1,0,1.70119e+0,0,0,0,0,0,2.78102e+1,1.18732e+1,6.45570e-4,0,0,0,0,0,2.85687e+2
"Central Europe","LVA","Latvia",3.93413e-2,0,1.42399e+0,0,8.44761e-1,4.59982e-2,1.29394e-2,0,2.16836e+1,8.50670e-2,7.38626e+0,0,0,0,0,0,0,0,0,0,0,0,0,0,0,0,0,0,0,0,0,0,0,1.24941e+2,1.83436e+1,0,0,0,0,0,0,4.36180e-1,0,2.64360e-1,0,0,0,0,0,1.56229e+1,6.94023e+0,0,0,0,0,0,0,1.98071e+2
"Central Europe","MKD","Macedonia, the former Yugoslav Republic of",4.97454e-2,0,7.70736e-2,0,1.87629e-1,0,0,0,6.34567e+0,6.52656e+0,4.08025e-1,0,0,0,0,0,1.38788e-2,4.27615e-1,0,0,0,0,0,0,0,0,0,0,0,0,0,0,0,4.69483e+1,5.20517e+0,2.94018e+0,0,0,0,0,0,2.49892e-1,0,7.39800e-1,0,0,0,0,0,3.16720e+0,4.71676e+0,2.87720e-2,0,0,0,0,0,7.80323e+1
"Central Europe","MLT","Malta",9.37846e-4,0,0,0,7.31842e-2,0,0,0,7.32690e-3,0,0,0,0,0,0,0,0,0,0,0,0,0,0,0,0,0,0,0,0,0,0,0,0,1.16082e+0,6.21153e-1,0,0,0,0,0,0,1.93135e-3,0,0,0,0,0,0,0,4.31563e+0,4.20104e-1,0,0,0,0,0,0,6.60108e+0
"Central Europe","POL","Poland",2.30332e+0,2.66001e-1,3.28426e+0,0,5.70479e+0,1.95547e-1,4.42544e-2,0,2.47801e+2,4.45979e+3,1.39920e+2,0,0,0,0,0,5.18504e-1,1.19046e+0,0,0,0,0,0,0,0,0,0,0,0,0,0,0,0,9.76541e+2,1.67347e+2,0,0,0,0,0,0,6.81500e+0,0,4.33944e+0,0,0,0,0,0,2.73503e+2,1.23996e+2,2.92210e-1,0,0,0,0,0,6.41385e+3
"Central Europe","ROU","Romania",5.56686e-1,5.99884e-2,1.55665e+0,0,2.54366e+0,0,0,0,7.56178e+1,1.00175e+2,1.23689e+3,0,0,0,0,0,1.06430e+0,1.03331e+0,0,0,0,0,0,0,0,0,0,0,0,0,0,0,0,6.20106e+2,1.25867e+2,8.82695e+0,0,0,0,0,0,5.16794e+0,0,0,0,0,0,0,0,6.88008e+1,9.26578e+1,1.40495e-2,0,0,0,0,0,2.34094e+3
"Central Europe","SCG","Serbia and Montenegro",3.83692e-1,0,1.25171e-1,0,8.91743e-1,0,0,0,4.35219e+1,5.97543e+1,9.29467e+1,0,0,0,0,0,4.81626e-2,2.54730e-1,0,0,0,0,0,0,0,0,0,0,0,0,0,0,0,2.68578e+2,5.53113e+1,0,0,0,0,0,0,2.46304e+0,0,0,0,0,0,0,0,9.42946e+0,4.02500e+1,8.33103e-2,0,0,0,0,0,5.74041e+2
"Central Europe","SVK","Slovakia",1.30471e-1,2.87745e-2,7.66059e-1,0,6.29835e-1,0,0,0,7.81070e+0,7.50150e+0,3.69243e+1,0,0,0,0,0,1.24175e-1,4.39291e-1,0,0,0,0,0,0,0,0,0,0,0,0,0,0,0,1.48924e+2,2.96459e+1,0,0,0,0,0,0,1.80449e+0,0,6.02256e-1,0,0,0,0,0,1.94847e+1,3.67593e+1,0,2.10133e-2,0,0,0,0,2.91597e+2
"Central Europe","SVN","Slovenia",0,2.74089e-3,1.17466e-1,0,8.80168e-1,0,0,0,6.88454e+0,2.39765e+1,9.72688e-1,0,0,0,0,0,3.29601e-1,7.79424e-2,0,0,0,0,0,0,0,0,0,0,0,0,0,0,0,6.31423e+1,1.16207e+1,0,0,0,0,0,0,1.55875e-1,0,0,0,0,0,0,0,1.52568e+1,9.91457e+0,0,0,0,0,0,0,1.33332e+2
"Turkey","TUR","Turkey",1.23598e-1,5.40007e-2,7.93147e-1,2.53301e-3,3.07033e+0,3.88932e-2,7.61997e-2,0,1.34629e+2,1.18879e+2,6.49769e+0,0,0,0,0,0,4.67821e-1,2.46548e-1,0,0,0,0,0,0,0,0,0,0,0,0,0,0,0,1.09376e+3,1.74210e+2,3.19751e+1,0,0,0,0,0,2.64894e+1,0,3.65016e+0,0,0,0,0,0,1.63968e+2,2.25586e+2,0,0,0,0,0,0,1.98452e+3
"Ukraine +","BLR","Belarus",1.34607e-1,5.74793e-2,2.31884e+0,0,1.63627e+0,1.37884e-1,2.30563e-2,6.03975e-4,8.74048e+0,7.89104e-2,1.50130e+1,0,0,0,0,0,4.69590e-2,0,0,0,0,0,0,0,0,0,0,0,0,0,0,0,0,5.51340e+2,8.18156e+1,0,0,0,0,0,0,2.26433e+0,0,7.07016e-3,0,0,0,0,0,8.72205e+1,2.94966e+1,0,0,0,0,0,0,7.80332e+2
"Ukraine +","MDA","Moldova, Republic of",7.33406e-2,0,4.39087e-1,0,7.11764e-1,0,0,0,5.19765e+0,4.73330e-3,1.10026e+0,0,0,0,0,0,0,0,0,0,0,0,0,0,0,0,0,0,0,0,0,0,0,8.79020e+1,8.44229e+0,0,0,0,0,0,0,8.18810e-1,0,1.43438e-2,0,0,0,0,0,3.70411e+0,1.54739e+1,3.70766e-2,0,0,0,0,0,1.23919e+2
"Ukraine +","UKR","Ukraine",1.29866e+0,5.13233e-1,3.09081e+0,0,6.69107e+0,2.10541e-1,0,7.21752e-2,6.78927e+1,7.83711e+2,1.08906e+3,0,0,0,0,0,1.61061e+0,5.82800e+0,0,0,0,0,0,0,0,0,0,0,0,0,0,0,0,2.06407e+3,3.23061e+2,1.13283e+1,0,0,0,0,0,1.42674e+1,0,2.94048e-1,0,0,0,0,0,2.21982e+2,1.51740e+2,0,0,0,0,0,0,4.74673e+3
"Asia-Stan","KAZ","Kazakhstan",4.95892e-1,1.69930e-1,1.84142e-1,0,1.97330e+0,1.22487e-1,5.04355e-3,0,4.70144e+0,1.20725e+3,3.12526e+2,0,0,0,0,0,2.29500e-2,1.91042e+0,0,0,0,0,0,0,0,0,0,0,0,0,0,0,0,1.05448e+3,7.90183e+1,3.90031e+1,0,0,0,0,0,1.10924e+1,5.97984e+0,3.39864e+1,0,0,0,0,0,7.54429e+1,4.96350e+1,0,0,0,0,0,0,2.87801e+3
"Asia-Stan","KGZ","Kyrgyzstan",2.45981e-2,0,1.42461e-1,0,7.53298e-1,0,0,0,1.88406e-1,2.36922e+1,2.00956e+0,0,0,0,0,0,0,0,0,0,0,0,0,0,0,0,0,0,0,0,0,0,0,1.87339e+2,9.26721e+0,6.35850e-1,0,0,0,0,0,5.34237e-1,2.43086e-2,1.40503e+0,0,0,0,0,0,4.16088e+0,2.09922e+1,0,0,0,0,0,0,2.51170e+2
"Asia-Stan","TJK","Tajikistan",1.13293e-2,0,0,0,6.74575e-1,0,0,0,0,8.69135e+0,4.45669e+0,0,0,0,0,0,0,0,0,0,0,0,0,0,0,0,0,0,0,0,0,0,0,1.18452e+2,9.61517e+0,3.34313e+0,0,0,0,0,0,1.28791e-1,0,1.17665e-2,0,0,0,0,0,4.44218e+0,1.82933e+1,0,0,0,0,0,0,1.68120e+2
"Asia-Stan","TKM","Turkmenistan",7.43779e-2,1.23778e-1,0,0,6.77033e-1,0,0,0,0,0,9.18011e+2,0,0,0,0,0,9.96816e-4,0,0,0,0,0,0,0,0,0,0,0,0,0,0,0,0,1.11188e+2,1.13006e+1,9.37386e+0,0,0,0,0,0,2.97659e-1,5.79456e-3,4.61784e-2,0,0,0,0,0,5.87551e+0,1.81606e+1,0,0,0,0,0,0,1.07514e+3
"Asia-Stan","UZB","Uzbekistan",3.11377e-1,1.11244e-1,0,0,1.91015e+0,0,0,0,0,8.96370e+0,5.30343e+2,0,0,0,0,0,0,0,0,0,0,0,0,0,0,0,0,0,0,0,0,0,0,5.02566e+2,4.49068e+1,6.09628e+1,0,0,0,0,0,8.52898e-1,5.63952e-3,2.06066e-1,0,0,0,0,0,1.69885e+1,8.94897e+1,0,0,0,0,0,0,1.25762e+3
"Russia +","ARM","Armenia",1.42614e-2,0,5.91156e-3,0,6.10992e-1,0,0,0,5.37067e-1,0,2.59792e+0,0,0,0,0,0,0,0,0,0,0,0,0,0,0,0,0,0,0,0,0,0,0,4.98890e+1,7.97738e+0,0,0,0,0,0,0,1.11186e-1,0,9.99192e-3,0,0,0,0,0,7.53965e+0,5.20596e+0,0,0,0,0,0,0,7.44993e+1
"Russia +","AZE","Azerbaijan",7.69282e-2,4.40304e-2,1.82672e-1,0,1.00278e+0,0,0,0,9.38497e-1,0,2.03288e+2,0,0,0,0,0,2.67480e-2,0,0,0,0,0,0,0,0,0,0,0,0,0,0,0,0,1.65457e+2,2.39423e+1,4.65922e-1,0,0,0,0,0,4.71264e-1,0,1.01868e-2,0,0,0,0,0,1.52628e+1,4.38048e+1,0,0,0,0,0,0,4.54974e+2
"Russia +","GEO","Georgia",3.74967e-2,0,2.98937e-1,0,4.39688e-1,3.40474e-1,0,0,1.59748e+1,9.53226e+0,6.57798e+0,0,0,0,0,0,0,2.03229e-1,0,0,0,0,0,0,0,0,0,0,0,0,0,0,0,1.00507e+2,1.91465e+1,0,0,0,0,0,0,1.89808e-1,0,2.99496e-2,0,0,0,0,0,1.54078e+1,1.46828e+1,0,0,0,0,0,0,1.83369e+2
"Russia +","RUS","Russian Federation",7.41830e+0,9.56098e-1,1.84383e+1,0,3.30491e+1,1.86848e+0,2.88343e+0,3.10690e-1,3.13901e+2,3.26872e+3,1.22607e+4,0,0,0,0,0,5.16990e+0,5.88693e+0,0,0,0,0,0,0,0,0,0,0,0,0,0,0,0,5.02033e+3,8.17591e+2,1.23789e+2,0,0,0,0,0,3.98567e+1,1.84445e+1,6.96360e+1,0,0,0,0,0,9.51280e+2,1.07889e+3,0,0,0,0,0,0,2.40391e+4
"Middle_East","ARE","United Arab Emirates",2.91925e-1,2.67537e-2,1.81456e-1,0,1.67824e+0,0,0,0,3.69348e-2,9.55928e-2,5.89987e+2,0,0,0,0,0,0,0,0,0,0,0,0,0,0,0,0,0,0,0,0,0,0,7.53251e+0,4.39278e-1,0,0,0,0,0,0,1.15079e-3,0,0,0,0,0,0,0,6.30415e+0,4.26730e+0,0,0,0,0,0,0,6.10842e+2
"Middle_East","BHR","Bahrain",1.82330e-1,1.13042e-1,4.60548e-2,0,2.07063e-1,0,0,0,7.32690e-3,1.35710e-3,6.04999e+1,0,0,0,0,0,0,0,0,0,0,0,0,0,0,0,0,0,0,0,0,0,0,4.25835e-1,1.55944e-2,0,0,0,0,0,0,7.42248e-6,0,0,0,0,0,0,0,2.03667e+0,1.54251e+0,0,0,0,0,0,0,6.50777e+1
"Middle_East","IRN","Iran, Islamic Republic of",3.80096e-1,7.06968e-2,1.11507e+0,0,7.53530e+0,0,0,0,1.10722e+1,2.12772e+1,1.14450e+3,0,0,0,0,0,3.54366e-3,0,0,0,0,0,0,0,0,0,0,0,0,0,0,0,0,5.13486e+2,2.10041e+1,1.34456e+2,0,0,0,0,0,0,0,2.24412e-2,0,0,0,0,0,7.95061e+1,2.02889e+2,0,0,0,0,0,0,2.13732e+3
"Middle_East","IRQ","Iraq",0,7.75784e-2,1.80367e-1,0,3.35098e+0,0,0,0,5.98922e-1,9.76450e-1,4.59150e+2,0,0,0,0,0,0,0,0,0,0,0,0,0,0,0,0,0,0,0,0,0,0,1.36782e+2,6.52685e+0,1.53261e+1,0,0,0,0,0,1.37292e+0,0,2.42352e+0,0,0,0,0,0,5.24328e+1,5.72233e+1,0,0,0,0,0,0,7.36422e+2
"Middle_East","ISR","Israel",3.23607e-2,6.67708e-3,1.21082e-1,0,1.13681e+0,2.78004e-3,0,0,2.78423e-1,0,3.52412e+0,0,0,0,0,0,1.07525e-1,0,0,0,0,0,0,0,0,0,0,0,0,0,0,0,0,2.63273e+1,2.16459e+0,0,0,0,0,0,0,2.52888e-1,0,0,0,0,0,0,0,2.33962e+1,1.66457e+1,0,0,0,0,0,0,7.39964e+1
"Middle_East","JOR","Jordan",9.22558e-3,7.39020e-3,4.40869e-2,0,5.53301e-1,0,0,0,2.89931e-1,8.90721e-1,6.74192e-1,0,0,0,0,0,0,0,0,0,0,0,0,0,0,0,0,0,0,0,0,0,0,9.38533e+0,6.29795e-1,0,0,0,0,0,0,1.04427e-1,0,0,0,0,0,0,0,5.12628e+0,9.60023e+0,0,0,0,0,0,0,2.73149e+1
"Middle_East","KWT","Kuwait",2.77940e-1,1.87080e-1,1.01990e-1,0,1.33624e+0,0,0,0,3.11708e-1,2.20777e-1,2.60714e+2,0,0,0,0,0,0,0,0,0,0,0,0,0,0,0,0,0,0,0,0,0,0,2.77384e+0,8.30301e-2,0,0,0,0,0,0,4.03501e-4,0,0,0,0,0,0,0,1.00204e+1,9.64386e+0,0,0,0,0,0,0,2.85671e+2
"Middle_East","LBN","Lebanon",0,1.69099e-3,5.27538e-3,0,7.72742e-1,0,0,0,1.20374e+0,1.17174e+0,5.35972e-1,0,0,0,0,0,0,0,0,0,0,0,0,0,0,0,0,0,0,0,0,0,0,5.77029e+0,6.35300e-1,0,0,0,0,0,0,3.15348e-2,0,0,0,0,0,0,0,7.55131e+0,1.19823e+1,0,0,0,0,0,0,2.96619e+1
"Middle_East","OMN","Oman",9.94131e-2,8.91789e-3,1.75845e-3,0,3.93595e-1,0,0,0,1.77926e-1,1.06714e-1,3.18927e+2,0,0,0,0,0,0,0,0,0,0,0,0,0,0,0,0,0,0,0,0,0,0,1.22064e+1,5.21853e-1,0,0,0,0,0,0,1.51516e-3,0,0,0,0,0,0,0,1.48368e+0,4.95888e+0,0,0,0,0,0,0,3.38888e+2
"Middle_East","QAT","Qatar",2.35386e-1,6.86298e-2,6.02481e-2,1.65379e-3,2.99663e-1,0,0,0,4.02955e-2,5.85870e-3,1.25527e+2,0,0,0,0,0,5.39550e-2,0,0,0,0,0,0,0,0,0,0,0,0,0,0,0,0,8.89519e-1,6.63470e-2,0,0,0,0,0,0,4.56112e-4,0,0,0,0,0,0,0,2.22363e+0,4.72460e+0,0,0,0,0,0,0,1.34197e+2
"Middle_East","SAU","Saudi Arabia",1.83282e+0,5.87901e-1,1.61954e+0,1.10352e-2,7.99447e+0,0,0,0,2.34252e-1,2.57683e-1,1.79382e+3,0,0,0,0,0,2.46330e+0,0,0,0,0,0,0,0,0,0,0,0,0,0,0,0,0,7.74711e+1,3.75124e+0,0,0,0,0,0,0,6.20060e-1,0,0,0,0,0,0,0,4.38565e+1,4.64900e+1,0,0,0,0,0,0,1.98101e+3
"Middle_East","SYR","Syrian Arab Republic",1.28685e-2,3.12678e-2,2.20603e-1,0,1.25399e+0,0,0,0,3.93313e+0,1.95290e-1,4.73297e+1,0,0,0,0,0,0,0,0,0,0,0,0,0,0,0,0,0,0,0,0,0,0,1.07851e+2,3.96933e+0,6.26837e-3,0,0,0,0,0,2.02885e+0,0,3.52560e-1,0,0,0,0,0,1.41589e+1,3.49202e+1,0,0,0,0,0,0,2.16264e+2
"Middle_East","YEM","Yemen",9.87115e-3,9.97332e-3,0,0,5.97173e-1,0,0,0,2.32493e+0,4.10109e+0,1.75964e+0,0,0,0,0,0,0,0,0,0,0,0,0,0,0,0,0,0,0,0,0,0,0,7.53032e+1,3.33385e+0,0,0,0,0,0,0,6.20646e-1,0,0,0,0,0,0,0,2.44258e+0,3.38274e+1,0,0,0,0,0,0,1.24330e+2
"India +","AFG","Afghanistan",3.91320e-3,0,1.09060e-1,1.39079e-4,3.28343e-1,0,3.83522e-3,0,9.35296e+0,1.15082e+1,4.41520e+1,0,0,0,0,0,0,0,0,0,0,0,0,0,0,0,0,0,0,0,0,0,0,2.64497e+2,1.50709e+1,4.63971e+1,0,0,0,0,0,5.39998e-1,0,0,0,0,0,0,0,5.61450e+0,7.18526e+1,0,0,0,0,0,0,4.69431e+2
"India +","BGD","Bangladesh",4.89096e-2,3.20703e-3,7.12593e-2,0,1.24624e-1,9.55637e-3,3.07729e-2,0,1.51383e+2,2.16615e+1,3.82347e+1,0,0,0,0,0,0,0,0,0,0,0,0,0,0,0,0,0,0,0,0,0,0,6.28621e+2,6.27292e+1,2.60165e+3,0,0,0,0,2.44224e-1,1.04012e+1,1.83831e+1,0,0,0,0,0,0,5.43683e+1,3.93351e+2,0,0,0,0,0,0,3.98132e+3
"India +","BTN","Bhutan",9.51780e-5,0,9.80644e-3,6.64025e-5,4.10893e-3,0,6.70460e-5,0,1.32305e+1,4.46252e-1,0,0,0,0,0,0,0,0,0,0,0,0,0,0,0,0,0,0,0,0,0,0,0,1.16857e+1,1.19947e+0,8.98008e+0,0,0,0,0,0,2.59049e-1,0,0,0,0,0,0,0,2.23642e-1,5.34362e+0,0,0,0,0,0,0,4.13825e+1
"India +","IND","India",1.11155e+0,2.16327e-1,8.00659e+0,0,8.13797e+0,6.03176e-1,1.12834e-1,0,1.49989e+3,1.05651e+3,1.80745e+2,0,0,0,0,0,2.72007e-1,7.45990e-1,0,0,0,0,0,0,0,0,0,0,0,0,0,0,0,1.04595e+4,9.24520e+2,4.79417e+3,0,0,0,0,2.55288e+1,1.90204e+2,6.98496e+1,5.11128e-1,0,0,0,0,0,3.90975e+2,2.68132e+3,0,0,4.50000e+1,0,0,0,2.23379e+4
"India +","IOT","British Indian Ocean Territory",0,0,0,0,0,0,0,0,0,0,0,0,0,0,0,0,0,0,0,0,0,0,0,0,0,0,0,0,0,0,0,0,0,0,0,0,0,0,0,0,0,0,0,0,0,0,0,0,0,0,0,0,0,0,0,0,0,0,
"India +","LKA","Sri Lanka",2.91653e-2,3.71285e-3,5.82508e-1,1.67472e-3,3.80964e-1,5.38633e-3,1.75846e-3,0,2.50121e+1,3.41757e+0,4.08835e-1,0,0,0,0,0,0,0,0,0,0,0,0,0,0,0,0,0,0,0,0,0,0,1.15403e+2,9.57736e+0,2.94201e+2,0,0,0,0,1.57243e-1,2.30340e-1,1.65532e+0,0,0,0,0,0,0,2.32534e+1,7.19615e+1,0,0,0,0,0,0,5.46283e+2
"India +","MDV","Maldives",9.09738e-5,0,1.26480e-3,3.46649e-6,1.08684e-3,0,5.35710e-5,0,4.73471e-3,4.45195e-2,0,0,0,0,0,0,0,0,0,0,0,0,0,0,0,0,0,0,0,0,0,0,0,0,0,0,0,0,0,0,0,7.28523e-3,0,0,0,0,0,0,0,2.63621e-1,6.37766e-1,0,0,0,0,0,0,9.60426e-1
"India +","NPL","Nepal",2.51208e-4,0,7.31433e-2,0,5.52710e-2,0,0,0,5.55609e+1,4.21115e+0,0,0,0,0,0,0,0,0,0,0,0,0,0,0,0,0,0,0,0,0,0,0,0,3.56771e+2,3.00208e+1,4.18536e+2,0,0,0,0,7.83168e-1,6.54207e+0,3.49683e-1,0,0,0,0,0,0,1.49692e+0,6.75014e+1,0,0,0,0,0,0,9.41902e+2
"India +","PAK","Pakistan",1.50119e-1,5.97287e-3,4.42210e-1,0,1.83332e+0,3.82255e-2,0,0,1.07848e+2,2.92489e+1,3.80812e+2,0,0,0,0,0,0,0,0,0,0,0,0,0,0,0,0,0,0,0,0,0,0,1.64023e+3,1.16895e+2,8.80576e+2,0,0,0,0,1.24584e+0,6.75495e+0,8.29124e-2,9.33528e-2,0,0,0,0,0,5.62455e+1,3.50194e+2,0,0,0,0,0,0,3.57270e+3
"Korea","KOR","Korea, Republic of",4.77128e-2,1.30124e-1,1.45873e+0,1.07810e-2,2.68298e+0,3.96092e-2,2.04273e-1,0,1.21276e+2,2.84080e+2,8.09397e+0,0,0,0,0,0,3.52674e-1,8.54571e-1,0,0,0,0,0,0,0,0,0,0,0,0,0,0,0,1.66583e+2,1.09320e+1,5.89623e+2,0,0,0,0,0,6.23261e-1,0,8.29056e-1,0,0,0,0,0,5.05461e+1,2.23443e+2,0,0,0,0,0,0,1.46181e+3
"Korea","PRK","Korea, Democratic People's Republic of",1.37323e-1,1.80869e-3,7.44263e+0,0,1.24883e+0,0,0,0,7.80572e+1,5.30897e+2,4.93826e-1,0,0,0,0,0,0,8.69124e-2,0,0,0,0,0,0,0,0,0,0,0,0,0,0,0,6.32468e+1,1.06007e+1,2.20321e+2,0,0,0,0,0,3.86417e+0,0,9.65592e+1,0,0,0,0,0,2.03480e+1,8.74669e+1,1.43305e-1,0,0,0,0,0,1.12092e+3
"China +","CHN","China",2.63701e+0,1.25780e+0,6.17476e+1,9.14816e-3,1.35739e+1,8.96394e-1,0,5.49687e-1,4.04292e+3,7.55080e+3,7.15419e+2,0,0,0,0,0,2.41004e+0,5.04028e+0,0,0,0,0,0,0,0,0,0,0,0,0,0,0,0,5.07208e+3,8.98985e+2,1.84442e+4,0,0,0,0,1.56802e+1,1.18440e+1,3.45891e+1,1.74914e+2,0,0,0,0,0,6.29637e+2,4.63426e+3,4.53989e+0,0,9.00000e+1,0,0,0,4.24080e+4
"China +","HKG","Hong Kong",5.42525e-2,0,1.15430e-1,0,4.52208e-1,0,0,0,2.89726e-1,0,1.58412e+0,0,0,0,0,0,0,0,0,0,0,0,0,0,0,0,0,0,0,0,0,0,0,0,0,0,0,0,0,0,0,0,0,0,0,0,0,0,0,2.73648e+1,2.29304e+1,1.44487e-1,0,0,0,0,0,5.29355e+1
"China +","MAC","Macao",4.27482e-4,0,2.77642e-3,1.47711e-4,1.87191e-2,0,7.00224e-4,0,3.06947e-2,0,0,0,0,0,0,0,0,0,0,0,0,0,0,0,0,0,0,0,0,0,0,0,0,0,0,0,0,0,0,0,0,0,0,0,0,0,0,0,0,1.63436e+0,1.19914e+0,8.13527e-3,0,0,0,0,0,2.89510e+0
"China +","MNG","Mongolia",5.62553e-3,0,1.93400e-1,8.78425e-4,5.28750e-1,0,6.85087e-3,0,4.02977e+0,2.85690e+1,0,0,0,0,0,0,0,0,0,0,0,0,0,0,0,0,0,0,0,0,0,0,0,2.79321e+2,1.25009e+1,0,0,0,0,0,0,1.27076e-1,1.19539e+0,1.00675e+2,0,0,0,0,0,1.57756e+0,7.54480e+0,1.19732e-2,0,0,0,0,0,4.36288e+2
"China +","TWN","Taiwan_Province of China",6.55989e-2,1.02373e-1,1.72016e+0,9.82300e-4,3.44260e+0,7.29760e-3,2.22738e-2,0,1.70815e+0,3.32141e+1,2.77449e+1,0,0,0,0,0,0,3.90470e-1,0,0,0,0,0,0,0,0,0,0,0,0,0,0,0,1.97795e+1,4.15118e+1,0,0,0,0,0,0,0,0,0,0,0,0,0,0,5.37079e+1,9.70804e+1,2.98791e-1,0,0,0,0,0,2.80797e+2
"Southeastern Asia","BRN","Brunei Darussalam",4.50080e-2,9.08118e-2,5.27536e-3,0,1.51464e-1,0,0,0,4.70856e-2,1.22139e-2,1.56233e+2,0,0,0,0,0,0,0,0,0,0,0,0,0,0,0,0,0,0,0,0,0,0,7.25984e-1,1.50873e-1,5.53910e-1,0,0,0,0,0,1.54038e-2,4.98726e+1,0,0,0,0,0,0,1.06888e+0,8.88767e-1,3.16660e-2,0,0,0,0,0,2.09893e+2
"Southeastern Asia","KHM","Cambodia",5.12095e-4,0,5.23113e-2,8.88942e-4,4.04574e-2,0,6.63656e-4,0,4.62082e+1,1.71610e+0,0,0,0,0,0,0,0,0,0,0,0,0,0,0,0,0,0,0,0,0,0,0,0,8.92367e+1,1.10888e+1,3.69803e+2,0,0,0,0,1.21711e+2,1.24772e+1,0,0,0,0,0,0,0,3.03667e+0,3.62054e+1,9.38490e-2,0,0,0,0,0,6.91672e+2
"Southeastern Asia","LAO","Lao People's Democratic Republic",2.31149e-4,0,2.43370e-2,2.87008e-4,1.56750e-2,0,2.38133e-4,0,2.20109e+1,1.03945e+0,0,0,0,0,0,0,0,0,0,0,0,0,0,0,0,0,0,0,0,0,0,0,0,7.08860e+1,1.02842e+1,1.24534e+2,0,0,0,0,1.64220e+2,5.78574e+0,8.14708e+1,0,0,0,0,0,0,1.18386e+0,1.48038e+1,0,0,0,0,0,0,4.96259e+2
"Southeastern Asia","MMR","Myanmar",4.51148e-2,1.04251e-2,1.00609e-1,0,4.29478e-1,0,0,0,7.58376e+1,4.73040e+1,1.79661e+1,0,0,0,0,0,0,0,0,0,0,0,0,0,0,0,0,0,0,0,0,0,0,5.56639e+2,6.04178e+1,1.22229e+3,0,0,0,0,1.16230e+2,5.29305e+1,3.56538e+3,0,0,0,0,0,0,2.28886e+1,1.54942e+2,0,0,0,0,0,0,5.89341e+3
"Southeastern Asia","MYS","Malaysia",3.90664e-2,3.60483e-2,4.65112e-1,0,2.81391e+0,0,0,0,2.18002e+1,3.03676e+1,1.97826e+2,0,0,0,0,0,6.71700e-3,0,0,0,0,0,0,0,0,0,0,0,0,0,0,0,0,4.39509e+1,1.65707e+1,2.27579e+2,0,0,0,0,9.24192e+1,7.17554e+0,4.40089e+2,0,0,0,0,0,0,3.20862e+1,7.76824e+1,5.07439e-1,0,0,0,0,0,1.19142e+3
"Southeastern Asia","PHL","Philippines",1.04444e-1,6.75933e-2,1.39174e+0,1.25604e-4,1.24502e+0,0,7.03382e-2,0,7.90690e+1,8.24426e+1,3.84438e+0,0,0,0,0,0,3.28138e-2,2.87440e-1,0,0,0,0,0,0,0,0,0,0,0,0,0,0,0,2.97173e+2,5.87721e+1,1.01711e+3,0,0,0,0,1.37321e+1,4.61638e+1,1.98696e+1,0,0,0,0,0,0,7.49366e+1,2.49358e+2,0,0,0,0,0,0,1.94567e+3
"Southeastern Asia","SGP","Singapore",1.30832e-3,6.95115e-2,2.96007e-2,0,6.07047e-1,0,0,0,2.36160e-2,2.92935e+0,1.41474e+1,0,0,0,0,0,0,0,0,0,0,0,0,0,0,0,0,0,0,0,0,0,0,8.88624e-1,2.40170e+0,0,0,0,0,0,2.59728e+0,4.14550e-4,0,0,0,0,0,0,0,4.88275e+0,1.21534e+1,2.94260e+0,0,0,0,0,0,4.36746e+1
"Southeastern Asia","THA","Thailand",1.05067e-1,3.35709e-3,2.95703e+0,0,2.92743e+0,0,6.53560e-2,0,1.19539e+2,2.24775e+2,2.74143e+1,0,0,0,0,0,8.16000e-4,0,0,0,0,0,0,0,0,0,0,0,0,0,0,0,0,6.65122e+2,4.78850e+1,2.49248e+3,0,0,0,0,1.44247e+2,6.08385e+1,4.95924e+1,0,0,0,0,0,0,9.77390e+1,2.27670e+2,1.31045e+0,0,0,0,0,0,4.16467e+3
"Southeastern Asia","TLS","Timor-Leste",0,0,4.34184e-3,0,0,0,0,0,1.86860e-1,0,0,0,0,0,0,0,0,0,0,0,0,0,0,0,0,0,0,0,0,0,0,0,0,4.73276e+0,6.35054e-1,5.89963e+0,0,0,0,0,0,3.20767e-1,0,0,0,0,0,0,0,1.14303e-1,2.85322e+0,3.07183e-3,0,0,0,0,0,1.47500e+1
"Southeastern Asia","VNM","Viet Nam",4.40950e-2,0,5.55840e-1,2.13526e-3,5.84692e-1,6.61514e-3,0,0,1.61977e+2,1.17882e+2,1.34598e+1,0,0,0,0,0,0,0,0,0,0,0,0,0,0,0,0,0,0,0,0,0,0,2.63239e+2,7.36430e+1,1.79602e+3,0,0,0,0,5.60496e+1,4.45062e+1,2.40591e+0,0,0,0,0,0,0,3.22749e+1,2.51223e+2,0,0,0,0,0,0,2.81387e+3
"Indonesia +","IDN","Indonesia",7.20669e-2,2.26149e-1,8.12824e-1,6.40579e-3,5.26601e+0,5.02416e-4,5.62706e-2,0,5.87952e+2,1.02581e+2,6.96451e+2,0,0,0,0,0,3.69300e-3,0,0,0,0,0,0,0,0,0,0,0,0,0,0,0,0,8.70574e+2,5.48981e+1,2.59274e+3,0,0,0,0,1.52765e+2,1.36081e+2,6.89540e+2,0,4.21606e+3,0,0,0,0,2.00167e+2,6.99682e+2,2.85066e+0,0,0,0,0,0,1.10088e+4
"Indonesia +","PNG","Papua New Guinea",6.44680e-3,0,2.81696e-2,5.43182e-4,5.03723e-2,0,3.76358e-3,0,1.93517e+1,3.26929e-1,1.14181e+1,0,0,0,0,0,0,0,0,0,0,0,0,0,0,0,0,0,0,0,0,0,0,7.24021e+0,3.82365e+0,8.52169e-2,0,0,0,0,3.30312e+1,2.63096e-1,6.39764e+1,0,0,0,0,0,0,1.75743e+0,1.45178e+1,5.33851e-2,0,0,0,0,0,1.55934e+2
"Japan","JPN","Japan",5.38162e+0,6.22253e-1,1.13071e+1,4.76667e-2,1.59812e+1,1.45431e-1,1.09933e+0,7.41063e-3,1.99369e+1,4.08196e+2,2.97440e+1,0,0,0,0,0,3.85124e+0,6.60924e+0,0,0,0,0,0,0,0,0,0,0,0,0,0,0,0,4.68250e+2,2.12891e+2,1.49037e+3,0,0,0,0,0,7.01675e-1,1.97002e+1,8.43024e+0,0,0,0,0,0,3.18682e+2,3.58790e+2,1.71598e+2,6.94932e-1,0,0,0,0,3.55304e+3
"Oceania","ASM","American Samoa",0,0,0,0,0,0,0,0,1.19944e-4,0,0,0,0,0,0,0,0,0,0,0,0,0,0,0,0,0,0,0,0,0,0,0,0,1.70816e-2,1.37660e-1,0,0,0,0,0,0,5.46481e-5,0,0,0,0,0,0,0,1.64593e-1,4.37084e-2,0,0,0,0,0,0,3.63218e-1
"Oceania","ATF","French Southern Territories",0,0,0,0,0,0,0,0,0,0,0,0,0,0,0,0,0,0,0,0,0,0,0,0,0,0,0,0,0,0,0,0,0,0,0,0,0,0,0,0,0,0,0,0,0,0,0,0,0,0,0,0,0,0,0,0,0,0,
"Oceania","AUS","Australia",1.06991e+0,2.70214e-1,4.32433e+0,2.21481e-2,1.62599e+1,9.86852e-2,2.51459e-1,0,3.56657e+1,7.48292e+2,2.49692e+2,0,0,0,0,0,5.32632e-3,4.27330e-1,0,0,0,0,0,0,0,0,0,0,0,0,0,0,0,2.43930e+3,1.78686e+2,3.30234e+1,0,0,0,0,3.80544e+2,3.58377e+1,4.61592e+1,9.87264e+1,0,0,0,0,0,3.92923e+2,4.89270e+1,4.47744e-3,0,6.00000e-1,0,0,0,4.71111e+3
"Oceania","CCK","Cocos (Keeling) Islands",0,0,0,0,0,0,0,0,0,0,0,0,0,0,0,0,0,0,0,0,0,0,0,0,0,0,0,0,0,0,0,0,0,0,0,0,0,0,0,0,0,0,0,0,0,0,0,0,0,0,0,0,0,0,0,0,0,0,
"Oceania","COK","Cook Islands",0,0,0,0,0,0,0,0,8.58024e-3,0,0,0,0,0,0,0,0,0,0,0,0,0,0,0,0,0,0,0,0,0,0,0,0,1.04728e-1,5.74282e-2,0,0,0,0,0,0,3.90926e-3,0,0,0,0,0,0,0,0,2.80263e-2,0,0,0,0,0,0,2.02672e-1
"Oceania","CXR","Christmas Island",0,0,0,0,0,0,0,0,0,0,0,0,0,0,0,0,0,0,0,0,0,0,0,0,0,0,0,0,0,0,0,0,0,0,0,0,0,0,0,0,0,0,0,0,0,0,0,0,0,0,0,0,0,0,0,0,0,0,
"Oceania","FJI","Fiji",5.63012e-3,0,7.59621e-3,4.87616e-4,6.22588e-2,0,2.71518e-3,0,5.95143e-1,1.68843e-1,0,0,0,0,0,0,0,0,0,0,0,0,0,0,0,0,0,0,0,0,0,0,0,1.57904e+1,2.16184e+0,2.79569e+0,0,0,0,0,0,1.98955e-1,0,0,0,0,0,0,0,1.70710e+0,1.63048e+0,0,0,0,0,0,0,2.51272e+1
"Oceania","FSM","Micronesia, Federated States of",0,0,0,0,0,0,0,0,0,2.28390e-2,0,0,0,0,0,0,0,0,0,0,0,0,0,0,0,0,0,0,0,0,0,0,0,4.97450e-1,1.91467e-2,2.63271e-2,0,0,0,0,0,0,0,0,0,0,0,0,0,1.59244e-1,8.86793e-2,0,0,0,0,0,0,8.13686e-1
"Oceania","GUM","Guam",0,0,0,0,0,0,0,0,2.02943e-3,0,0,0,0,0,0,0,0,0,0,0,0,0,0,0,0,0,0,0,0,0,0,0,0,6.97844e-2,1.69591e-1,0,0,0,0,0,0,9.24630e-4,0,0,0,0,0,0,0,9.12735e-1,8.99845e-1,0,0,0,0,0,0,2.05491e+0
"Oceania","HMD","Heard Island and McDonald Islands",0,0,0,0,0,0,0,0,0,0,0,0,0,0,0,0,0,0,0,0,0,0,0,0,0,0,0,0,0,0,0,0,0,0,0,0,0,0,0,0,0,0,0,0,0,0,0,0,0,0,0,0,0,0,0,0,0,0,
"Oceania","KIR","Kiribati",1.05501e-4,0,4.58193e-4,5.57460e-5,2.36497e-3,0,6.14810e-5,0,1.13258e-2,1.86353e-2,0,0,0,0,0,0,0,0,0,0,0,0,0,0,0,0,0,0,0,0,0,0,0,1.00000e-2,4.43177e-2,0,0,0,0,0,0,4.69568e-3,0,0,0,0,0,0,0,1.29805e-1,1.75287e-1,0,0,0,0,0,0,3.97113e-1
"Oceania","MHL","Marshall Islands",0,0,0,0,0,0,0,0,0,0,0,0,0,0,0,0,0,0,0,0,0,0,0,0,0,0,0,0,0,0,0,0,0,0,0,0,0,0,0,0,0,0,0,0,0,0,0,0,0,1.24628e-1,4.00270e-2,0,0,0,0,0,0,1.64655e-1
"Oceania","MNP","Northern Mariana Islands",0,0,0,0,0,0,0,0,2.93750e-3,0,0,0,0,0,0,0,0,0,0,0,0,0,0,0,0,0,0,0,0,0,0,0,0,0,1.52587e-5,0,0,0,0,0,0,1.33836e-3,0,0,0,0,0,0,0,1.33954e-1,2.29148e-2,0,0,0,0,0,0,1.61160e-1
"Oceania","NCL","New Caledonia",1.21073e-3,0,5.25336e-3,2.56500e-5,4.65411e-2,0,1.03617e-3,0,6.05469e-2,2.89956e-2,0,0,0,0,0,0,0,0,0,0,0,0,0,0,0,0,0,0,0,0,0,0,0,7.13297e+0,9.23155e-1,0,0,0,0,0,0,3.81460e-3,0,0,0,0,0,0,0,9.47212e-1,1.92376e-1,0,0,0,0,0,0,9.34314e+0
"Oceania","NFK","Norfolk Island",0,0,0,0,0,0,0,0,0,0,0,0,0,0,0,0,0,0,0,0,0,0,0,0,0,0,0,0,0,0,0,0,0,0,0,0,0,0,0,0,0,0,0,0,0,0,0,0,0,0,4.02741e-3,0,0,0,0,0,0,4.02741e-3
"Oceania","NIU","Niue",0,0,0,0,0,0,0,0,1.79599e-4,5.95800e-4,0,0,0,0,0,0,0,0,0,0,0,0,0,0,0,0,0,0,0,0,0,0,0,3.19491e-2,1.82750e-2,0,0,0,0,0,0,8.18272e-5,0,0,0,0,0,0,0,4.73756e-3,5.65636e-3,0,0,0,0,0,0,6.14753e-2
"Oceania","NRU","Nauru",0,0,0,0,0,0,0,0,0,0,0,0,0,0,0,0,0,0,0,0,0,0,0,0,0,0,0,0,0,0,0,0,0,2.20000e-3,6.34674e-3,0,0,0,0,0,0,0,0,0,0,0,0,0,0,5.35914e-2,1.04213e-2,0,0,0,0,0,0,7.25594e-2
"Oceania","NZL","New Zealand",1.37463e-1,1.94760e-2,6.39083e-1,2.61675e-3,2.55702e+0,1.25604e-4,1.75846e-2,3.14010e-3,3.05400e+0,1.02841e+1,1.58199e+1,0,0,0,0,0,0,0,0,0,0,0,0,0,0,0,0,0,0,0,0,0,0,1.08861e+3,8.55684e+1,0,0,0,0,0,0,7.33805e-1,0,0,0,0,0,0,0,7.88709e+1,8.63997e+0,0,0,0,0,0,0,1.29496e+3
"Oceania","PCN","Pitcairn",0,0,0,0,0,0,0,0,0,0,0,0,0,0,0,0,0,0,0,0,0,0,0,0,0,0,0,0,0,0,0,0,0,0,0,0,0,0,0,0,0,0,0,0,0,0,0,0,0,0,1.06094e-3,0,0,0,0,0,0,1.06094e-3
"Oceania","PLW","Palau",0,0,0,0,0,0,0,0,0,0,0,0,0,0,0,0,0,0,0,0,0,0,0,0,0,0,0,0,0,0,0,0,0,0,0,0,0,0,0,0,0,0,0,0,0,0,0,0,0,0,4.38615e-2,0,0,0,0,0,0,4.38615e-2
"Oceania","PYF","French Polynesia",2.58417e-3,0,2.26413e-3,3.19259e-5,4.38513e-2,0,1.38145e-3,0,3.47168e-2,0,0,0,0,0,0,0,0,0,0,0,0,0,0,0,0,0,0,0,0,0,0,0,0,4.97069e-1,4.31618e-1,0,0,0,0,0,0,4.07705e-3,0,0,0,0,0,0,0,1.04603e+0,6.46675e-1,0,0,0,0,0,0,2.71030e+0
"Oceania","SLB","Solomon Islands",1.00936e-3,0,2.18120e-3,5.28644e-5,1.11996e-2,0,4.87102e-4,0,4.30124e-1,5.36220e-2,0,0,0,0,0,0,0,0,0,0,0,0,0,0,0,0,0,0,0,0,0,0,0,9.13957e+1,2.61961e+0,8.05485e-1,0,0,0,0,0,1.39579e-2,0,0,0,0,0,0,0,1.20593e-1,4.05847e-1,0,0,0,0,0,0,9.58599e+1
"Oceania","TKL","Tokelau",0,0,0,0,0,0,0,0,3.62508e-4,0,0,0,0,0,0,0,0,0,0,0,0,0,0,0,0,0,0,0,0,0,0,0,0,1.10000e-3,3.48036e-3,0,0,0,0,0,0,1.65163e-4,0,0,0,0,0,0,0,0,8.95276e-3,0,0,0,0,0,0,1.40608e-2
"Oceania","TON","Tonga",0,0,0,0,1.42316e-2,0,0,0,8.26644e-3,1.82712e-2,0,0,0,0,0,0,0,0,0,0,0,0,0,0,0,0,0,0,0,0,0,0,0,7.35142e-1,1.04088e+0,0,0,0,0,0,0,3.76628e-3,0,0,0,0,0,0,0,1.81321e-1,5.02088e-1,0,0,0,0,0,0,2.50396e+0
"Oceania","TUV","Tuvalu",0,0,0,0,0,0,0,0,0,0,0,0,0,0,0,0,0,0,0,0,0,0,0,0,0,0,0,0,0,0,0,0,0,7.05700e-3,1.97128e-2,0,0,0,0,0,0,0,0,0,0,0,0,0,0,1.15708e-2,6.52176e-2,0,0,0,0,0,0,1.03558e-1
"Oceania","VUT","Vanuatu",5.24818e-4,0,1.16790e-3,3.76230e-5,9.55075e-3,0,3.63622e-4,0,1.41128e-1,2.33355e-2,0,0,0,0,0,0,0,0,0,0,0,0,0,0,0,0,0,0,0,0,0,0,0,5.91406e+0,1.17995e+0,0,0,0,0,0,0,2.42742e-2,0,0,0,0,0,0,0,1.26633e-1,6.57144e-1,0,0,0,0,0,0,8.07817e+0
"Oceania","WLF","Wallis and Futuna",0,0,0,0,0,0,0,0,1.99377e-3,0,0,0,0,0,0,0,0,0,0,0,0,0,0,0,0,0,0,0,0,0,0,0,0,6.06318e-2,6.22810e-2,0,0,0,0,0,0,9.08384e-4,0,0,0,0,0,0,0,0,5.38456e-2,0,0,0,0,0,0,1.79661e-1
"Oceania","WSM","Samoa",3.67569e-4,0,1.29592e-3,1.85272e-4,1.73935e-2,0,3.49419e-4,0,2.51160e-1,2.74068e-2,0,0,0,0,0,0,0,0,0,0,0,0,0,0,0,0,0,0,0,0,0,0,0,1.34196e+0,1.42363e+0,0,0,0,0,0,0,2.21389e-3,0,0,0,0,0,0,0,2.35810e-1,9.54438e-1,0,0,0,0,0,0,4.25621e+0
"Antartica","ATA","Antarctica",0,0,0,0,0,0,0,0,0,0,0,0,0,0,0,0,0,0,0,0,0,0,0,0,0,0,0,0,0,0,0,0,0,0,0,0,0,0,0,0,0,0,0,0,0,0,0,0,0,0,0,0,0,0,0,0,0,0,
"Int. Shipping","SEA","Int. Shipping",0,0,0,0,0,0,0,0,0,0,5.18390e+0,0,2.43938e+1,0,0,0,0,0,0,0,0,0,0,0,0,0,0,0,0,0,0,0,0,0,0,0,0,0,0,0,0,0,0,0,0,0,0,0,0,0,0,0,0,0,0,0,0,2.95777e+1
"Int. Aviation","AIR","Int. Aviation",0,0,0,0,0,0,0,0,0,0,0,1.52029e+0,0,0,0,0,0,0,0,0,0,0,0,0,0,0,0,0,0,0,0,0,0,0,0,0,0,0,0,0,0,0,0,0,0,0,0,0,0,0,0,0,0,0,0,0,0,1.52029e+0

"TOTALS",,,6.67911e+1,2.72829e+1,3.20455e+2,1.41297e+0,6.98922e+2,8.13420e+0,8.88284e+0,2.61181e+0,1.19274e+4,3.16705e+4,4.09291e+4,1.52029e+0,2.43938e+1,0,0,0,6.21692e+1,4.90512e+1,0,0,0,0,0,0,0,0,0,0,0,0,0,0,0,8.42134e+4,1.05389e+4,4.25415e+4,0,0,0,0,7.78397e+3,1.09339e+3,1.20159e+4,1.01499e+3,4.21606e+3,0,0,0,0,2.24042e+4,2.03726e+4,2.51331e+2,9.83046e-1,1.50600e+2,0,0,0,02.92396e+5