"Content:","Emissions by country and main source category" 
"Compound:","CH4"
"Year: ","1996"
"Unit:","Gg CH4"
"Source:","European Commission, Joint Research Centre (JRC)/PBL Netherlands Environmental Assessment Agency. Emission Database for Global Atmospheric Research (EDGAR), release version 4.2. http://edgar.jrc.ec.europe.eu, 2010" 
"Dataset:","v4.2_EM_CH4_300911(edgar)"
"Date calculated:","November 30, 1999, 12:00 am"

,,,"Public electricity and heat production","Other Energy Industries","Manufacturing Industries and Construction","Domestic aviation","Road transportation","Rail transportation","Inland navigation","Other transportation","Residential and other sectors","Fugitive emissions from solid fuels","Fugitive emissions from oil and gas","Memo: International aviation","Memo: International navigation","Cement production","Lime production","Production of other minerals","Production of chemicals","Production of metals","Production of pulp/paper/food/drink","Production of halocarbons and SF6","Refrigeration and Air Conditioning","Foam Blowing","Fire Extinguishers","Aerosols","F-gas as Solvent","Semiconductor/Electronics Manufacture","Electrical Equipment","Other F-gas use","Non-energy use of lubricants/waxes (CO2)","Solvent and other product use: paint","Solvent and other product use: degrease","Solvent and other product use: chemicals","Solvent and other product use: other","Enteric fermentation","Manure management","Rice cultivation","Direct soil emissions","Manure in pasture/range/paddock","Indirect N2O from agriculture","Other direct soil emissions","Savanna burning","Agricultural waste burning","Forest fires","Grassland fires","Peat fires and decay of drained peatland","Other vegetation fires","Other biomass burning","Forest Fires-Post burn decay","Forest Land: net carbon stock change","Solid waste disposal on land","Wastewater handling","Waste incineration","Other waste handling","Fossil fuel fires","Indirect N2O from non-agricultural NOx","Indirect N2O from non-agricultural NH3","Other sources",

"World Region","ISO_A3","Country","1A1a","1A1bc","1A2","1A3a","1A3b","1A3c","1A3d","1A3e","1A4","1B1","1B2","1C1","1C2","2A1","2A2","2A7","2B","2C","2D","2E","2F1","2F2","2F3","2F4","2F5","2F7","2F8","2F9","2G","3A","3B","3C","3D","4A","4B","4C","4D1","4D2","4D3","4D4","4E","4F","5A","5C","5D","5F","5F1","5F2","5FL","6A","6B","6C","6D","7A","7B","7C","7D","TOTAL" 
"Canada","CAN","Canada",2.72374e+0,1.83219e+0,1.09011e+1,8.12866e-2,1.31003e+1,3.16403e-1,3.83930e-1,2.23910e-1,4.27317e+1,1.21529e+2,1.96018e+3,0,0,0,0,0,6.49635e+0,1.31020e-1,0,0,0,0,0,0,0,0,0,0,0,0,0,0,0,8.16702e+2,2.44246e+2,0,0,0,0,0,0,8.81326e+0,1.05989e+2,8.86440e+1,0,0,0,0,0,1.03131e+3,1.95143e+2,2.37690e+0,8.50776e+0,0,0,0,0,4.66236e+3
"USA","SPM","Saint Pierre and Miquelon",0,0,0,0,0,0,0,0,0,0,0,0,0,0,0,0,0,0,0,0,0,0,0,0,0,0,0,0,0,0,0,0,0,9.57986e-4,4.95721e-4,0,0,0,0,0,0,0,0,0,0,0,0,0,0,4.73425e-2,1.14349e-2,8.51168e-4,4.40508e-4,0,0,0,0,6.15228e-2
"USA","UMI","United States Minor Outlying Islands",0,0,0,0,0,0,0,0,0,0,0,0,0,0,0,0,0,0,0,0,0,0,0,0,0,0,0,0,0,0,0,0,0,0,0,0,0,0,0,0,0,0,0,0,0,0,0,0,0,0,0,0,0,0,0,0,0,0,
"USA","USA","United States",8.01387e+1,8.83428e+0,3.08967e+1,1.33626e+0,1.37656e+2,1.89442e+0,9.09706e-1,8.49250e-1,3.77563e+2,3.96636e+3,6.97515e+3,0,0,0,0,0,3.28029e+1,1.44123e+0,0,0,0,0,0,0,0,0,0,0,0,0,0,0,0,6.52565e+3,1.98874e+3,3.38737e+2,0,0,0,0,6.42672e-1,3.37561e+1,5.91120e+1,2.06753e+1,0,0,0,0,0,7.01371e+3,8.59460e+2,0,3.78030e+1,1.50000e+1,0,0,0,2.85091e+4
"Mexico","MEX","Mexico",5.32899e-1,1.34376e+0,4.60030e+0,0,2.16028e+1,1.02340e-1,0,2.53301e-2,7.63020e+1,3.06454e+1,1.34113e+3,0,0,0,0,0,1.51196e+0,2.56740e-1,0,0,0,0,0,0,0,0,0,0,0,0,0,0,0,2.10510e+3,2.16171e+2,1.13282e+1,0,0,0,0,3.88416e+1,3.22310e+1,9.93909e+1,2.18131e-1,0,0,0,0,0,3.58452e+2,4.69272e+2,0,0,0,0,0,0,4.80905e+3
"Rest Central America","ABW","Aruba",1.46502e-3,0,8.43138e-3,0,3.19781e-2,0,0,1.68000e-7,1.42422e-3,9.23800e-3,1.19850e-3,0,0,0,0,0,0,0,0,0,0,0,0,0,0,0,0,0,0,0,0,0,0,3.39370e-2,4.18740e-3,0,0,0,0,0,0,0,0,0,0,0,0,0,0,3.61263e-1,3.54687e-1,0,0,0,0,0,0,8.07810e-1
"Rest Central America","AIA","Anguilla",1.77630e-4,0,1.02237e-3,0,0,0,0,0,9.66000e-5,1.02796e-1,0,0,0,0,0,0,0,0,0,0,0,0,0,0,0,0,0,0,0,0,0,0,0,0,0,0,0,0,0,0,0,0,0,0,0,0,0,0,0,6.84312e-3,3.04052e-2,0,0,0,0,0,0,1.41341e-1
"Rest Central America","ANT","Netherlands Antilles",0,1.03094e-3,1.65797e-2,1.42351e-3,1.19118e-1,0,0,0,2.97263e-2,1.75460e-2,3.43057e+0,0,0,0,0,0,0,0,0,0,0,0,0,0,0,0,0,0,0,0,0,0,0,1.50405e-1,7.47200e-3,0,0,0,0,0,0,0,0,0,0,0,0,0,0,1.50396e+0,7.95869e-1,0,0,0,0,0,0,6.07370e+0
"Rest Central America","ATG","Antigua and Barbuda",3.17809e-3,0,7.25858e-3,2.04780e-5,1.40435e-2,0,0,1.98000e-6,1.72463e-2,0,1.29046e-2,0,0,0,0,0,0,0,0,0,0,0,0,0,0,0,0,0,0,0,0,0,0,1.12580e+0,2.44914e-2,0,0,0,0,0,0,1.36436e-3,0,0,0,0,0,0,0,2.74989e-1,2.86796e-1,0,0,0,0,0,0,1.76810e+0
"Rest Central America","BHS","Bahamas",1.88887e-2,0,3.22394e-2,9.54335e-4,9.17509e-2,0,0,6.97410e-5,2.01355e-1,7.48960e-2,1.79128e-1,0,0,0,0,0,0,0,0,0,0,0,0,0,0,0,0,0,0,0,0,0,0,1.61130e-1,4.51083e-2,0,0,0,0,0,0,1.34729e-2,0,0,0,0,0,0,0,5.76034e+0,1.26581e+0,0,0,0,0,0,0,7.84515e+0
"Rest Central America","BLZ","Belize",5.63879e-3,0,2.15326e-2,7.74000e-6,2.12214e-2,0,0,7.47000e-7,1.06395e+0,5.12120e-2,7.17922e-3,0,0,0,0,0,0,0,0,0,0,0,0,0,0,0,0,0,0,0,0,0,0,2.42394e+0,1.09839e-1,7.55646e-1,0,0,0,0,1.14900e+0,4.06889e-1,0,0,0,0,0,0,0,8.70226e-1,1.08564e+0,0,0,0,0,0,0,7.97193e+0
"Rest Central America","BMU","Bermuda",6.03351e-3,0,6.57283e-3,9.29875e-5,1.22536e-2,0,0,1.39500e-6,2.52557e-2,0,1.31159e-2,0,0,0,0,0,0,0,0,0,0,0,0,0,0,0,0,0,0,0,0,0,0,6.62530e-2,2.66760e-3,0,0,0,0,0,0,2.55991e-5,0,0,0,0,0,0,0,8.07234e-1,2.68421e-1,0,0,0,0,0,0,1.20793e+0
"Rest Central America","BRB","Barbados",8.36675e-3,1.67472e-4,2.70774e-2,5.00220e-5,3.13611e-2,0,0,3.95100e-6,3.23959e-2,2.72490e-2,3.81779e-1,0,0,0,0,0,0,0,0,0,0,0,0,0,0,0,0,0,0,0,0,0,0,2.07882e+0,9.55850e-2,0,0,0,0,0,0,1.58607e-1,0,0,0,0,0,0,0,1.57212e+0,1.49232e+0,0,0,0,0,0,0,5.90589e+0
"Rest Central America","CRI","Costa Rica",1.84723e-2,3.54256e-3,2.51011e-1,0,4.53668e-1,0,6.74075e-3,0,2.39034e+0,4.57250e-1,2.49928e+0,0,0,0,0,0,0,0,0,0,0,0,0,0,0,0,0,0,0,0,0,0,0,1.03091e+2,2.76621e+0,7.50426e+0,0,0,0,0,2.10593e+0,1.21391e+0,0,0,0,0,0,0,0,6.40304e+0,1.60587e+1,0,0,0,0,0,0,1.45224e+2
"Rest Central America","CUB","Cuba",3.52627e-1,1.71515e-3,3.42710e+0,0,3.87359e-1,0,0,0,2.57833e+1,5.21265e+0,3.96544e+0,0,0,0,0,0,0,0,0,0,0,0,0,0,0,0,0,0,0,0,0,0,0,2.53907e+2,9.32431e+0,8.08261e+1,0,0,0,0,1.52758e+1,1.28983e+1,3.34390e+0,0,0,0,0,0,0,5.77900e+1,6.00604e+1,0,0,0,0,0,0,5.32556e+2
"Rest Central America","CYM","Cayman Islands",4.26114e-3,0,3.65099e-3,1.34480e-5,1.13632e-2,0,0,1.29900e-6,1.76201e-2,0,9.15061e-3,0,0,0,0,0,0,0,0,0,0,0,0,0,0,0,0,0,0,0,0,0,0,7.78915e-2,4.11750e-3,0,0,0,0,0,0,1.11551e-5,0,0,0,0,0,0,0,6.93855e-1,1.46783e-1,0,0,0,0,0,0,9.68719e-1
"Rest Central America","DMA","Dominica",1.78590e-3,0,7.41839e-3,3.30149e-6,6.83860e-3,0,0,0,4.48851e-3,2.29400e-2,1.79313e-3,0,0,0,0,0,0,0,0,0,0,0,0,0,0,0,0,0,0,0,0,0,0,8.94046e-1,2.21270e-2,0,0,0,0,0,0,2.22760e-3,0,0,0,0,0,0,0,4.54677e-1,3.66521e-1,0,0,0,0,0,0,1.78487e+0
"Rest Central America","DOM","Dominican Republic",6.60913e-2,0,5.03378e-1,0,7.89437e-1,0,0,4.39614e-3,1.25862e+1,3.20075e+1,5.52264e-1,0,0,0,0,0,0,0,0,0,0,0,0,0,0,0,0,0,0,0,0,0,0,1.72670e+2,5.15267e+0,3.44239e+1,0,0,0,0,1.92094e+0,2.20521e+0,1.52259e+0,0,0,0,0,0,0,3.21239e+1,3.50211e+1,3.94233e-1,0,0,0,0,0,3.31944e+2
"Rest Central America","GLP","Guadeloupe",1.20750e-2,0,4.21252e-2,3.46359e-4,7.10758e-2,0,0,9.57600e-6,3.78841e-1,1.65695e-1,5.01514e-2,0,0,0,0,0,0,0,0,0,0,0,0,0,0,0,0,0,0,0,0,0,0,5.23623e+0,1.21078e-1,0,0,0,0,0,0,1.79127e-1,0,0,0,0,0,0,0,3.08444e+0,1.96655e+0,0,0,0,0,0,0,1.13077e+1
"Rest Central America","GRD","Grenada",3.09963e-3,0,9.84711e-3,2.62795e-5,8.84433e-3,0,0,8.34000e-7,1.00982e-2,9.13880e-2,5.10200e-3,0,0,0,0,0,0,0,0,0,0,0,0,0,0,0,0,0,0,0,0,0,0,3.42523e-1,1.39487e-2,0,0,0,0,0,0,4.20236e-3,0,0,0,0,0,0,0,3.35281e-1,5.19523e-1,0,0,0,0,0,0,1.34388e+0
"Rest Central America","GTM","Guatemala",2.75556e-1,9.62964e-4,4.63563e-1,0,5.41659e-1,0,0,4.18680e-5,3.32772e+1,2.83495e+0,1.97307e+0,0,0,0,0,0,0,0,0,0,0,0,0,0,0,0,0,0,0,0,0,0,0,1.36022e+2,3.57121e+0,1.54000e+0,0,0,0,0,8.92800e+0,5.41866e+0,1.08195e+1,0,0,0,0,0,0,1.27360e+1,4.22300e+1,0,0,0,0,0,0,2.60633e+2
"Rest Central America","HND","Honduras",6.65701e-3,1.25604e-4,3.88703e-1,0,2.31681e-1,0,0,0,1.54632e+1,1.28030e+0,0,0,0,0,0,0,0,0,0,0,0,0,0,0,0,0,0,0,0,0,0,0,0,1.22821e+2,3.37732e+0,1.95763e+0,0,0,0,0,1.18579e+1,1.63070e+0,1.12730e+1,0,0,0,0,0,0,5.15768e+0,2.30896e+1,0,0,0,0,0,0,1.98535e+2
"Rest Central America","HTI","Haiti",8.79228e-3,0,1.06638e-1,0,6.78819e-2,0,0,1.30628e-2,1.41261e+1,2.99041e+1,0,0,0,0,0,0,0,0,0,0,0,0,0,0,0,0,0,0,0,0,0,0,0,8.03338e+1,3.12504e+0,6.29053e+0,0,0,0,0,0,9.32907e-1,0,0,0,0,0,0,0,1.38055e+1,3.65373e+1,0,0,0,0,0,0,1.85252e+2
"Rest Central America","JAM","Jamaica",2.40343e-1,3.49553e-4,3.54768e-2,2.09339e-5,3.60674e-1,0,0,1.35652e-2,3.11053e+0,8.23050e+0,2.29275e-1,0,0,0,0,0,0,0,0,0,0,0,0,0,0,0,0,0,0,0,0,0,0,2.99462e+1,8.91255e-1,2.74069e-3,0,0,0,0,0,8.13599e-1,0,0,0,0,0,0,0,1.01625e+1,1.17652e+1,0,0,0,0,0,0,6.58022e+1
"Rest Central America","KNA","Saint Kitts and Nevis",1.72908e-3,0,4.00099e-3,3.57964e-5,4.71049e-3,0,0,0,9.75803e-2,0,2.08782e-3,0,0,0,0,0,0,0,0,0,0,0,0,0,0,0,0,0,0,0,0,0,0,3.24190e-1,9.80600e-3,0,0,0,0,0,0,6.15539e-2,0,0,0,0,0,0,0,6.65886e-1,2.48734e-1,0,0,0,0,0,0,1.42031e+0
"Rest Central America","LCA","Saint Lucia",4.61435e-3,0,1.47167e-2,5.91699e-6,1.42447e-2,0,0,3.21000e-7,2.50549e-2,2.79000e-2,4.79006e-3,0,0,0,0,0,0,0,0,0,0,0,0,0,0,0,0,0,0,0,0,0,0,8.58990e-1,3.39454e-2,0,0,0,0,0,0,8.51759e-3,0,0,0,0,0,0,0,1.60444e-1,6.75389e-1,0,0,0,0,0,0,1.82861e+0
"Rest Central America","MSR","Montserrat",5.39980e-4,0,9.26292e-4,3.64200e-6,3.72877e-3,0,0,0,2.28046e-3,0,9.18266e-4,0,0,0,0,0,0,0,0,0,0,0,0,0,0,0,0,0,0,0,0,0,0,6.20505e-1,1.38480e-2,0,0,0,0,0,0,4.62834e-5,0,0,0,0,0,0,0,1.20907e-2,4.94946e-2,0,0,0,0,0,0,7.04382e-1
"Rest Central America","MTQ","Martinique",1.73006e-2,0,3.96559e-2,3.35285e-4,6.50728e-2,0,0,1.49520e-5,1.13318e-1,1.48056e-1,6.33281e-2,0,0,0,0,0,0,0,0,0,0,0,0,0,0,0,0,0,0,0,0,0,0,2.09381e+0,7.28870e-2,0,0,0,0,0,0,6.98921e-2,0,0,0,0,0,0,0,4.85478e+0,1.73078e+0,0,0,0,0,0,0,9.26923e+0
"Rest Central America","NIC","Nicaragua",2.84699e-2,1.27466e-3,2.69816e-1,2.09339e-5,1.39498e-1,0,9.08537e-3,0,1.26438e+1,2.74350e+0,1.61291e-1,0,0,0,0,0,0,0,0,0,0,0,0,0,0,0,0,0,0,0,0,0,0,1.36556e+2,3.88648e+0,8.79629e+0,0,0,0,0,1.20689e+1,1.63442e+0,0,0,0,0,0,0,0,1.94266e+1,2.18411e+1,0,0,0,0,0,0,2.20206e+2
"Rest Central America","PAN","Panama",1.98947e-2,3.03404e-3,1.35862e-1,0,4.18912e-1,0,0,3.37875e-2,5.67922e+0,3.65800e-1,5.48790e-1,0,0,0,0,0,0,0,0,0,0,0,0,0,0,0,0,0,0,0,0,0,0,9.43674e+1,2.15679e+0,1.21895e+1,0,0,0,0,2.07946e+0,7.58962e-1,0,0,0,0,0,0,0,8.78753e+0,1.19162e+1,0,0,0,0,0,0,1.39461e+2
"Rest Central America","PRI","Puerto Rico",0,0,0,0,0,0,0,0,0,0,0,0,0,0,0,0,0,0,0,0,0,0,0,0,0,0,0,0,0,0,0,0,0,2.73127e+1,8.47816e-1,0,0,0,0,0,0,1.21534e-1,2.54252e-1,0,0,0,0,0,0,4.22096e+1,1.87116e+1,0,0,0,0,0,0,8.94576e+1
"Rest Central America","SLV","El Salvador",1.09543e-1,8.79228e-4,2.65240e-1,0,3.29289e-1,0,0,0,1.56915e+1,1.55465e+0,2.11830e-1,0,0,0,0,0,0,0,0,0,0,0,0,0,0,0,0,0,0,0,0,0,0,7.44428e+1,2.08501e+0,1.39644e+0,0,0,0,0,2.18810e-1,2.02666e+0,0,0,0,0,0,0,0,1.55069e+1,2.60985e+1,0,0,0,0,0,0,1.39938e+2
"Rest Central America","TCA","Turks and Caicos Islands",2.71230e-4,0,1.56096e-3,0,0,0,0,0,1.47600e-4,5.67300e-3,0,0,0,0,0,0,0,0,0,0,0,0,0,0,0,0,0,0,0,0,0,0,0,0,0,0,0,0,0,0,0,0,0,0,0,0,0,0,0,7.08012e-2,6.47153e-2,0,0,0,0,0,0,1.43169e-1
"Rest Central America","TTO","Trinidad and Tobago",2.13212e-1,1.04881e-1,3.60902e-2,0,3.25700e-1,0,0,0,7.86073e-1,1.71027e-1,1.24298e+2,0,0,0,0,0,3.54062e+0,0,0,0,0,0,0,0,0,0,0,0,0,0,0,0,0,2.74880e+0,2.40477e-1,6.13392e-1,0,0,0,0,0,4.29061e-1,0,0,0,0,0,0,0,9.21368e+0,2.81007e+1,0,0,0,0,0,0,1.70822e+2
"Rest Central America","VCT","Saint Vincent and the Grenadines",3.40706e-3,0,1.11765e-2,4.69950e-6,7.19593e-3,0,0,4.53000e-7,2.81887e-2,2.92640e-2,3.57576e-3,0,0,0,0,0,0,0,0,0,0,0,0,0,0,0,0,0,0,0,0,0,0,4.74133e-1,2.03100e-2,0,0,0,0,0,0,1.28906e-2,0,0,0,0,0,0,0,4.37875e-1,5.33249e-1,0,0,0,0,0,0,1.56127e+0
"Rest Central America","VGB","Virgin Islands_British",9.29773e-4,0,1.88750e-3,4.34199e-6,4.47947e-3,0,0,0,3.21413e-3,2.20100e-3,1.24775e-3,0,0,0,0,0,0,0,0,0,0,0,0,0,0,0,0,0,0,0,0,0,0,4.96543e-1,2.81093e-2,0,0,0,0,0,0,0,0,0,0,0,0,0,0,1.68948e-1,8.03517e-2,0,0,0,0,0,0,7.87916e-1
"Rest Central America","VIR","Virgin Islands_USA",0,0,0,0,0,0,0,0,0,0,0,0,0,0,0,0,0,0,0,0,0,0,0,0,0,0,0,0,0,0,0,0,0,4.42400e-2,8.57493e-3,0,0,0,0,0,0,9.45273e-2,0,0,0,0,0,0,0,1.09724e+0,4.88404e-1,0,0,0,0,0,0,1.73299e+0
"Brazil","BRA","Brazil",1.84386e+0,9.95606e+0,2.51327e+1,5.44702e-2,2.04963e+1,6.95009e-2,4.03565e-1,0,1.06816e+2,5.63792e+2,3.43952e+2,0,0,0,0,0,1.83716e+0,2.50461e+0,0,0,0,0,0,0,0,0,0,0,0,0,0,0,0,1.05682e+4,2.32103e+2,2.46527e+2,0,0,0,0,4.34712e+2,1.52005e+2,1.63826e+3,9.87408e-1,0,0,0,0,0,6.47970e+2,1.68639e+3,7.44978e+0,2.45192e+0,0,0,0,0,1.66939e+4
"Rest South America","ARG","Argentina",8.99471e-1,5.07007e-1,2.62608e+0,2.85121e-2,9.51021e+0,0,2.72560e-2,3.16941e-2,7.07418e+0,3.22858e+1,8.28106e+2,0,0,0,0,0,2.83701e-1,1.34640e-1,0,0,0,0,0,0,0,0,0,0,0,0,0,0,0,3.32690e+3,6.26991e+1,2.51882e+1,0,0,0,0,1.17158e+1,3.51581e+1,3.59892e+1,7.75176e+1,0,0,0,0,0,1.51410e+2,2.20458e+2,0,0,0,0,0,0,4.82855e+3
"Rest South America","BOL","Bolivia",1.02716e-1,3.11655e-2,4.10426e-1,2.84702e-3,5.18962e-1,4.69133e-3,3.80999e-3,0,9.42858e+0,1.64610e+0,1.37193e+2,0,0,0,0,0,0,0,0,0,0,0,0,0,0,0,0,0,0,0,0,0,0,3.91231e+2,1.16508e+1,1.70967e+1,0,0,0,0,1.26391e+2,2.83947e+0,2.74162e+2,0,0,0,0,0,0,1.45494e+1,3.63378e+1,0,0,0,0,0,0,1.02360e+3
"Rest South America","BVT","Bouvet Island",0,0,0,0,0,0,0,0,0,0,0,0,0,0,0,0,0,0,0,0,0,0,0,0,0,0,0,0,0,0,0,0,0,0,0,0,0,0,0,0,0,0,0,0,0,0,0,0,0,0,0,0,0,0,0,0,0,0,
"Rest South America","CHL","Chile",4.81669e-1,9.24717e-2,1.57746e+0,9.80210e-3,2.62228e+0,2.43253e-3,1.25143e-1,0,3.39391e+1,3.70120e+1,8.29380e+1,0,0,0,0,0,1.57720e+0,2.01300e-2,0,0,0,0,0,0,0,0,0,0,0,0,0,0,0,2.99619e+2,8.46300e+0,4.17628e+0,0,0,0,0,0,1.94461e+0,1.85923e+0,4.21632e+0,0,0,0,0,0,4.02558e+1,1.98468e+2,0,0,0,0,0,0,7.19400e+2
"Rest South America","COL","Colombia",2.98883e-1,2.15996e-1,3.08580e+0,4.60548e-4,5.81693e+0,4.31240e-4,4.65991e-2,1.75846e-3,5.30329e+1,7.50118e+1,2.61400e+2,0,0,0,0,0,1.11849e-1,2.84200e-2,0,0,0,0,0,0,0,0,0,0,0,0,0,0,0,1.64118e+3,4.09931e+1,1.01340e+2,0,0,0,0,2.09112e+1,1.28186e+1,9.50708e+1,0,0,0,0,0,0,7.61497e+1,1.81387e+2,0,0,0,0,0,0,2.56891e+3
"Rest South America","ECU","Ecuador",2.02195e-2,5.05946e-2,5.14769e-1,1.46538e-4,1.61401e+0,0,8.17684e-2,0,1.17214e+1,6.49295e+0,1.36477e+2,0,0,0,0,0,7.47000e-5,0,0,0,0,0,0,0,0,0,0,0,0,0,0,0,0,3.35085e+2,1.10549e+1,1.12998e+2,0,0,0,0,1.07189e+0,3.66802e+0,9.77568e-1,0,0,0,0,0,0,1.81887e+1,5.21543e+1,0,0,0,0,0,0,6.92171e+2
"Rest South America","FLK","Falkland Islands (Malvinas)",5.72520e-4,0,2.90103e-4,5.08850e-6,6.72663e-4,0,0,0,1.78719e-3,8.15300e-3,6.16199e-4,0,0,0,0,0,0,0,0,0,0,0,0,0,0,0,0,0,0,0,0,0,0,3.75108e+0,7.44104e-2,0,0,0,0,0,0,0,0,0,0,0,0,0,0,1.44630e-2,1.51685e-2,7.99597e-5,1.40263e-5,0,0,0,0,3.86731e+0
"Rest South America","GUF","French Guiana",5.87660e-3,0,1.54933e-2,2.59192e-4,1.84253e-2,0,0,1.54140e-5,2.75959e-1,2.53332e-1,4.32081e-2,0,0,0,0,0,0,0,0,0,0,0,0,0,0,0,0,0,0,0,0,0,0,5.20338e-1,3.08672e-2,1.16153e+0,0,0,0,0,0,2.63621e-2,6.18202e-1,0,0,0,0,0,0,7.90039e-1,6.82267e-1,2.57492e-3,4.09480e-4,0,0,0,0,4.44516e+0
"Rest South America","GUY","Guyana",2.14622e-2,0,7.29836e-2,8.32330e-5,3.12670e-2,0,0,3.78000e-7,3.14644e+0,1.18885e-1,2.04792e-2,0,0,0,0,0,0,0,0,0,0,0,0,0,0,0,0,0,0,0,0,0,0,1.07103e+1,4.43737e-1,3.97385e+1,0,0,0,0,2.81496e+0,1.35408e+0,1.60589e+1,0,0,0,0,0,0,1.25457e+0,4.08701e+0,4.15052e-3,6.61436e-4,0,0,0,0,7.98785e+1
"Rest South America","PER","Peru",1.14523e-1,9.12678e-2,3.10409e-1,4.18681e-5,1.42133e+0,0,1.46538e-2,0,2.76560e+1,7.90962e+0,3.83204e+1,0,0,0,0,0,3.00000e-4,2.32290e-1,0,0,0,0,0,0,0,0,0,0,0,0,0,0,0,3.53918e+2,1.09536e+1,6.52393e+1,0,0,0,0,8.20560e-1,3.87439e+0,3.48446e+1,0,0,0,0,0,0,5.02477e+1,1.10605e+2,0,0,0,0,0,0,7.06574e+2
"Rest South America","PRY","Paraguay",6.49373e-2,0,2.16102e+0,0,3.65792e-1,8.79228e-3,0,4.60548e-4,1.87738e+1,1.81986e+1,4.14857e-2,0,0,0,0,0,0,0,0,0,0,0,0,0,0,0,0,0,0,0,0,0,0,5.54084e+2,1.32425e+1,5.74239e+0,0,0,0,0,6.37296e+1,3.38632e+0,6.94356e+1,7.37760e+0,0,0,0,0,0,1.67760e+1,2.34421e+1,0,0,0,0,0,0,7.96831e+2
"Rest South America","SGS","South Georgia and the South Sandwich Islands",0,0,0,0,0,0,0,0,0,0,0,0,0,0,0,0,0,0,0,0,0,0,0,0,0,0,0,0,0,0,0,0,0,0,0,0,0,0,0,0,0,0,0,0,0,0,0,0,0,0,0,0,0,0,0,0,0,0,
"Rest South America","SUR","Suriname",1.53326e-2,0,4.34047e-2,6.97810e-5,3.71424e-2,0,0,4.37400e-6,1.93594e-1,6.23689e-1,3.70107e-2,0,0,0,0,0,0,0,0,0,0,0,0,0,0,0,0,0,0,0,0,0,0,5.09532e+0,1.99666e-1,2.06543e+1,0,0,0,0,0,1.98716e-1,1.23950e+1,0,0,0,0,0,0,1.72029e+0,2.33140e+0,5.51334e-3,8.94732e-4,0,0,0,0,4.35514e+1
"Rest South America","URY","Uruguay",1.40546e-2,4.90395e-3,2.47147e-1,1.67472e-4,4.05328e-1,0,0,0,3.94586e+0,1.82900e-1,4.93916e-1,0,0,0,0,0,0,2.75000e-4,0,0,0,0,0,0,0,0,0,0,0,0,0,0,0,7.89488e+2,1.49125e+1,4.95430e+1,0,0,0,0,0,1.52491e+0,0,0,0,0,0,0,0,1.88867e+1,1.56994e+1,0,0,0,0,0,0,8.95349e+2
"Rest South America","VEN","Venezuela",3.40576e-1,1.55011e+0,1.17925e+0,0,1.02576e+1,0,0,0,8.00314e+0,6.39333e+1,1.16359e+3,0,0,0,0,0,3.30838e+0,9.90000e-2,0,0,0,0,0,0,0,0,0,0,0,0,0,0,0,8.33519e+2,2.44692e+1,2.25780e+1,0,0,0,0,3.17136e+1,3.37611e+0,6.67216e+1,0,0,0,0,0,0,1.01127e+2,1.23453e+2,0,0,0,0,0,0,2.45922e+3
"Northern_Africa","DZA","Algeria",5.77659e-1,6.60514e-1,2.08680e-1,0,2.44152e+0,0,0,2.37392e-2,2.41018e+1,4.48767e+1,1.50946e+3,0,0,0,0,0,1.91342e-1,1.24250e-1,0,0,0,0,0,0,0,0,0,0,0,0,0,0,0,1.69241e+2,6.73484e+0,8.28588e-2,0,0,0,0,0,1.72640e-1,0,0,0,0,0,0,0,6.75939e+1,1.07821e+2,0,0,0,0,0,0,1.93432e+3
"Northern_Africa","EGY","Egypt",5.83722e-1,1.50375e-1,1.65488e+0,9.39937e-3,3.07964e+0,0,0,0,5.64963e+1,1.08062e+2,4.45569e+2,0,0,0,0,0,5.76000e-3,2.41110e-1,0,0,0,0,0,0,0,0,0,0,0,0,0,0,0,3.60003e+2,1.18820e+1,1.98754e+2,0,0,0,0,0,4.89724e-1,0,0,0,0,0,0,0,1.15141e+2,2.14604e+2,0,0,0,0,0,0,1.51673e+3
"Northern_Africa","ESH","Western Sahara",8.36336e-4,6.15653e-5,1.06395e-2,5.63390e-5,7.92243e-3,2.92990e-6,0,0,1.74489e-2,0,4.40377e-3,0,0,0,0,0,0,0,0,0,0,0,0,0,0,0,0,0,0,0,0,0,0,9.64186e+0,2.75542e-1,0,0,0,0,0,0,8.78850e-5,0,0,0,0,0,0,0,3.08285e-1,1.16241e+0,0,0,0,0,0,0,1.14296e+1
"Northern_Africa","LBY","Libyan Arab Jamahiriya",1.29462e-1,2.66508e-1,6.37651e-2,6.28019e-5,2.57746e+0,0,0,0,2.12458e+0,7.37837e+0,6.56789e+2,0,0,0,0,0,1.37940e+0,0,0,0,0,0,0,0,0,0,0,0,0,0,0,0,0,4.58852e+1,1.95860e+0,0,0,0,0,0,0,7.97139e-3,0,0,0,0,0,0,0,2.15710e+1,2.45243e+1,0,0,0,0,0,0,7.64656e+2
"Northern_Africa","MAR","Morocco",3.97795e-2,5.10790e-3,3.60651e-1,0,3.91610e-1,0,4.54268e-2,0,4.12676e+0,1.50383e+1,3.52908e+0,0,0,0,0,0,0,0,0,0,0,0,0,0,0,0,0,0,0,0,0,0,0,2.11534e+2,8.53346e+0,1.27050e+0,0,0,0,0,0,3.48931e-1,0,0,0,0,0,0,0,5.05233e+1,1.12658e+2,0,0,0,0,0,0,4.08406e+2
"Northern_Africa","TUN","Tunisia",2.56961e-1,2.92707e-3,9.81805e-2,0,4.02585e-1,0,0,2.26087e-3,8.53832e+0,1.21628e+1,9.35966e+1,0,0,0,0,0,0,1.33000e-2,0,0,0,0,0,0,0,0,0,0,0,0,0,0,0,9.13247e+1,3.77381e+0,0,0,0,0,0,0,1.04606e-1,0,0,0,0,0,0,0,2.48100e+1,3.53112e+1,0,0,0,0,0,0,2.70398e+2
"Western_Africa","BEN","Benin",7.53624e-4,0,6.04783e-3,0,1.60854e-1,3.47504e-4,0,0,2.18027e+1,1.05168e+1,1.78164e-1,0,0,0,0,0,0,0,0,0,0,0,0,0,0,0,0,0,0,0,0,0,0,4.89701e+1,2.62056e+0,1.65718e+0,0,0,0,0,3.57888e+1,4.44462e-1,8.07908e+1,0,0,0,0,0,0,5.19171e+0,2.66448e+1,0,0,0,0,0,0,2.34774e+2
"Western_Africa","BFA","Burkina Faso",2.29534e-3,7.95846e-5,3.90933e-1,6.41344e-4,5.89606e-2,3.78895e-6,0,0,3.89962e+1,3.65059e+1,1.44393e-2,0,0,0,0,0,0,0,0,0,0,0,0,0,0,0,0,0,0,0,0,0,0,2.42412e+2,1.12320e+1,6.46299e+0,0,0,0,0,3.37104e+1,9.41522e-1,0,0,0,0,0,0,0,3.30264e+0,3.93113e+1,0,0,0,0,0,0,4.13342e+2
"Western_Africa","CAF","Central African Republic",5.42695e-4,3.95869e-5,1.35081e-1,2.94824e-4,2.37912e-2,1.88410e-6,0,0,9.76410e+0,3.01785e+0,6.01086e-3,0,0,0,0,0,0,0,0,0,0,0,0,0,0,0,0,0,0,0,0,0,0,1.18098e+2,3.90777e+0,1.57432e+0,0,0,0,0,1.23221e+3,1.51453e-1,3.38599e+2,0,0,0,0,0,0,5.54943e+0,1.48133e+1,0,0,0,0,0,0,1.72785e+3
"Western_Africa","CIV","Cote d'Ivoire",6.46958e-2,5.54464e-3,2.10177e-2,0,2.17806e-1,3.47504e-3,1.28953e-2,0,3.60802e+1,5.89853e+1,1.30472e+1,0,0,0,0,0,0,0,0,0,0,0,0,0,0,0,0,0,0,0,0,0,0,5.77144e+1,2.48343e+0,1.75090e+1,0,0,0,0,1.99342e+1,1.03694e+0,2.75176e+2,0,0,0,0,0,0,2.72574e+1,6.04139e+1,0,0,0,0,0,0,5.69963e+2
"Western_Africa","CMR","Cameroon",1.13044e-3,0,9.31604e-1,0,3.90981e-1,0,0,0,3.27798e+1,8.23050e+0,7.91115e+1,0,0,0,0,0,0,0,0,0,0,0,0,0,0,0,0,0,0,0,0,0,0,2.01095e+2,7.49960e+0,1.58813e+0,0,0,0,0,1.30027e+2,6.85845e-1,1.33294e+2,0,0,0,0,0,0,2.77443e+1,6.41217e+1,0,0,0,0,0,0,6.87501e+2
"Western_Africa","COD","Congo_the Democratic Republic of the",5.02416e-4,2.93076e-4,3.10669e+0,0,1.49178e-1,0,0,0,2.17005e+2,1.05056e+1,4.38172e+0,0,0,0,0,0,0,0,0,0,0,0,0,0,0,0,0,0,0,0,0,0,0,4.78058e+0,2.25189e-1,6.36631e+1,0,0,0,0,6.98304e+2,3.68899e+0,1.77902e+3,0,0,0,0,0,0,5.07465e+1,1.76866e+2,0,0,0,0,0,0,3.01244e+3
"Western_Africa","COG","Congo",1.25604e-4,1.25604e-4,1.13044e-3,6.28019e-4,5.87355e-2,0,0,0,4.76940e+0,2.29539e+1,9.79852e+1,0,0,0,0,0,0,0,0,0,0,0,0,0,0,0,0,0,0,0,0,0,0,6.72667e+1,3.57307e+0,2.20957e-1,0,0,0,0,1.53631e+1,1.58469e-1,7.45552e+1,0,0,0,0,0,0,6.09008e+0,1.26324e+1,0,0,0,0,0,0,3.05629e+2
"Western_Africa","CPV","Cape Verde",4.59654e-4,3.34739e-5,1.59755e-2,6.10220e-5,8.26230e-3,1.59360e-6,0,0,5.03015e-2,4.65000e-3,2.71588e-3,0,0,0,0,0,0,0,0,0,0,0,0,0,0,0,0,0,0,0,0,0,0,1.64565e+0,3.36174e-1,0,0,0,0,0,0,1.82838e-2,0,0,0,0,0,0,0,7.05246e-1,1.80863e+0,0,0,0,0,0,0,4.59645e+0
"Western_Africa","GAB","Gabon",3.00612e-2,1.84219e-3,2.24413e-1,0,4.96257e-2,0,0,0,1.82793e+0,1.21721e+0,1.77142e+2,0,0,0,0,0,0,0,0,0,0,0,0,0,0,0,0,0,0,0,0,0,0,2.75914e+0,3.19061e-1,5.52391e-2,0,0,0,0,3.53424e-1,3.99395e-2,6.09103e+0,0,0,0,0,0,0,6.38808e+0,5.67636e+0,0,0,0,0,0,0,2.02175e+2
"Western_Africa","GHA","Ghana",1.25604e-4,1.38164e-3,4.36766e-1,0,5.95337e-1,3.47504e-3,7.03381e-3,0,7.69162e+1,4.89258e+1,2.62216e-1,0,0,0,0,0,0,0,0,0,0,0,0,0,0,0,0,0,0,0,0,0,0,6.43415e+1,2.98968e+0,1.45003e+1,0,0,0,0,9.07392e+1,9.93940e-1,2.70055e+1,0,0,0,0,0,0,2.74350e+1,7.73986e+1,0,0,0,0,0,0,4.32552e+2
"Western_Africa","GIN","Guinea",2.28587e-3,1.12706e-4,3.00211e-1,6.46129e-4,1.08784e-1,5.36595e-6,0,0,4.32415e+1,2.46147e+1,2.40968e-2,0,0,0,0,0,0,0,0,0,0,0,0,0,0,0,0,0,0,0,0,0,0,7.36480e+1,2.83947e+0,5.67841e+1,0,0,0,0,7.75968e+1,6.04721e-1,1.01585e+2,0,0,0,0,0,0,9.60649e+0,3.06039e+1,0,0,0,0,0,0,4.21561e+2
"Western_Africa","GMB","Gambia",7.20648e-4,5.48008e-5,4.47371e-2,9.31840e-5,3.47600e-2,2.60620e-6,0,0,1.85870e+0,3.86651e+0,4.74092e-3,0,0,0,0,0,0,0,0,0,0,0,0,0,0,0,0,0,0,0,0,0,0,1.33333e+1,4.97802e-1,2.34766e+0,0,0,0,0,4.08024e+0,3.13489e-2,0,0,0,0,0,0,0,1.29803e+0,4.17066e+0,0,0,0,0,0,0,3.15693e+1
"Western_Africa","GNB","Guinea-Bissau",8.21721e-4,4.45253e-5,4.76108e-2,1.66392e-4,2.17819e-2,2.11650e-6,0,0,1.74697e+0,5.12740e-2,6.31257e-3,0,0,0,0,0,0,0,0,0,0,0,0,0,0,0,0,0,0,0,0,0,0,1.76535e+1,9.41272e-1,9.03161e+0,0,0,0,0,7.18032e+0,1.11769e-1,0,0,0,0,0,0,0,1.17642e+0,5.10446e+0,0,0,0,0,0,0,4.30743e+1
"Western_Africa","GNQ","Equatorial Guinea",2.27769e-4,4.34920e-5,1.58922e-2,1.08937e-4,1.02204e-2,2.07085e-6,0,0,1.60236e+0,6.15629e-1,3.58617e+1,0,0,0,0,0,0,0,0,0,0,0,0,0,0,0,0,0,0,0,0,0,0,3.75979e-1,2.34680e-2,0,0,0,0,0,0,1.83511e-2,0,0,0,0,0,0,0,6.69746e-1,1.79732e+0,0,0,0,0,0,0,4.09910e+1
"Western_Africa","LBR","Liberia",1.09128e-3,5.94239e-5,8.85729e-2,1.53965e-4,3.47752e-2,2.82615e-6,0,0,1.05279e+1,8.36219e+0,8.07019e-3,0,0,0,0,0,0,0,0,0,0,0,0,0,0,0,0,0,0,0,0,0,0,3.45574e+0,3.01592e-1,1.00518e+0,0,0,0,0,9.81744e-1,1.00513e-1,8.19944e-2,0,0,0,0,0,0,3.31741e+0,1.05569e+1,0,0,0,0,0,0,3.88239e+1
"Western_Africa","MLI","Mali",1.73502e-3,1.09954e-4,4.02884e-1,2.14679e-4,8.23507e-2,5.23315e-6,0,0,1.80056e+1,7.70741e+0,1.13045e-2,0,0,0,0,0,0,0,0,0,0,0,0,0,0,0,0,0,0,0,0,0,0,2.90197e+2,1.12593e+1,4.52962e+1,0,0,0,0,5.03592e+1,8.18244e-1,3.21273e+1,0,0,0,0,0,0,5.86484e+0,4.36782e+1,0,0,0,0,0,0,5.05812e+2
"Western_Africa","MRT","Mauritania",6.47146e-3,3.04456e-4,9.48001e-2,1.61449e-3,3.39143e-1,1.44959e-5,0,0,5.11970e+0,1.01894e+1,7.09619e-2,0,0,0,0,0,0,0,0,0,0,0,0,0,0,0,0,0,0,0,0,0,0,1.42396e+2,6.42682e+0,2.40290e+0,0,0,0,0,7.45944e-3,1.55414e-1,0,0,0,0,0,0,0,3.30103e+0,1.11796e+1,0,0,0,0,0,0,1.81691e+2
"Western_Africa","NER","Niger",3.55981e-3,2.07587e-4,3.99082e-1,1.06362e-4,5.86226e-2,9.88115e-6,0,0,2.74353e+1,3.42076e+1,1.46596e-2,0,0,0,0,0,0,0,0,0,0,0,0,0,0,0,0,0,0,0,0,0,0,1.42680e+2,6.40029e+0,2.90006e+0,0,0,0,0,1.08199e+0,1.34050e+0,0,0,0,0,0,0,0,3.85113e+0,3.97331e+1,0,0,0,0,0,0,2.60106e+2
"Western_Africa","NGA","Nigeria",1.58485e-1,2.60304e-1,8.36225e+0,0,3.50352e+0,3.99630e-3,6.74075e-3,0,2.22883e+2,7.34933e+1,1.95694e+3,0,0,0,0,0,7.20000e-4,0,0,0,0,0,0,0,0,0,0,0,0,0,0,0,0,7.46502e+2,3.24686e+1,2.28963e+2,0,0,0,0,1.20734e+2,1.03614e+1,1.77670e+1,0,0,0,0,0,0,7.31046e+1,4.45309e+2,0,0,0,0,0,0,3.94082e+3
"Western_Africa","SEN","Senegal",8.78072e-2,2.93076e-4,1.34396e-2,0,8.48300e-2,0,7.61999e-3,0,2.00752e+1,3.11844e+1,1.86663e+0,0,0,0,0,0,0,0,0,0,0,0,0,0,0,0,0,0,0,0,0,0,0,1.45278e+2,6.44954e+0,1.01916e+1,0,0,0,0,3.05832e+1,2.49313e-1,0,0,0,0,0,0,0,1.30561e+1,4.27126e+1,0,0,0,0,0,0,3.01841e+2
"Western_Africa","SHN","Saint Helena",0,0,1.98186e-4,0,6.73051e-4,0,0,0,2.95021e-4,0,2.65717e-5,0,0,0,0,0,0,0,0,0,0,0,0,0,0,0,0,0,0,0,0,0,0,4.56546e-2,4.19302e-3,0,0,0,0,0,0,0,0,0,0,0,0,0,0,1.24593e-2,2.73935e-2,0,0,0,0,0,0,9.08933e-2
"Western_Africa","SLE","Sierra Leone",3.02138e-3,1.46055e-4,1.62000e-1,4.13558e-4,3.63963e-2,6.95125e-6,0,0,1.67829e+1,2.07646e+1,1.72030e-2,0,0,0,0,0,0,0,0,0,0,0,0,0,0,0,0,0,0,0,0,0,0,1.39905e+1,6.66250e-1,2.36957e+1,0,0,0,0,1.81409e+1,3.58262e-1,9.74304e+0,0,0,0,0,0,0,4.69930e+0,1.85365e+1,0,0,0,0,0,0,1.27597e+2
"Western_Africa","STP","Sao Tome and Principe",3.73125e-4,2.73817e-5,5.09946e-3,2.74454e-5,6.26508e-3,1.30310e-6,0,0,1.12373e-2,5.95169e-1,1.62590e-3,0,0,0,0,0,0,0,0,0,0,0,0,0,0,0,0,0,0,0,0,0,0,1.94171e-1,1.55617e-2,0,0,0,0,0,0,2.36935e-3,0,0,0,0,0,0,0,2.41753e-1,5.25757e-1,0,0,0,0,0,0,1.59944e+0
"Western_Africa","TCD","Chad",5.78520e-4,3.52709e-5,2.80025e-1,5.38945e-5,7.40072e-3,1.67660e-6,0,0,2.00221e+1,2.50902e+1,3.72228e-3,0,0,0,0,0,0,0,0,0,0,0,0,0,0,0,0,0,0,0,0,0,0,2.33543e+2,8.62924e+0,8.60351e+0,0,0,0,0,1.53931e+2,4.51739e-1,0,0,0,0,0,0,0,3.88917e+0,2.79084e+1,0,0,0,0,0,0,4.82360e+2
"Western_Africa","TGO","Togo",2.00013e-3,0,6.15459e-3,0,1.46595e-1,0,0,0,2.04213e+1,3.16417e+1,0,0,0,0,0,0,0,0,0,0,0,0,0,0,0,0,0,0,0,0,0,0,0,1.72082e+1,1.18876e+0,7.92683e+0,0,0,0,0,3.60024e+1,4.36836e-1,1.56869e+1,0,0,0,0,0,0,4.44148e+0,1.89586e+1,0,0,0,0,0,0,1.54068e+2
"Eastern_Africa","BDI","Burundi",1.09469e-3,3.82588e-5,2.40355e-1,2.64694e-4,3.96603e-2,1.82185e-6,0,0,2.53120e+1,2.04199e+1,7.89812e-3,0,0,0,0,0,0,0,0,0,0,0,0,0,0,0,0,0,0,0,0,0,0,1.63760e+1,6.60000e-1,2.07147e+0,0,0,0,0,0,3.81114e-1,0,0,0,0,0,0,0,7.46244e-1,2.40796e+1,0,0,0,0,0,0,9.03357e+1
"Eastern_Africa","COM","Comoros",1.55153e-4,1.77371e-5,2.42035e-2,8.06823e-5,6.40995e-3,8.42450e-7,0,0,5.22175e-2,2.37816e+0,1.70696e-3,0,0,0,0,0,0,0,0,0,0,0,0,0,0,0,0,0,0,0,0,0,0,2.23513e+0,1.03146e-1,1.93337e+0,0,0,0,0,0,1.23195e-2,0,0,0,0,0,0,0,6.15381e-1,2.56067e+0,0,0,0,0,0,0,9.92297e+0
"Eastern_Africa","DJI","Djibouti",2.18048e-3,1.40299e-4,2.65004e-2,2.90057e-4,2.64553e-2,6.67735e-6,0,0,1.07331e-1,3.15437e+0,3.31092e-2,0,0,0,0,0,0,0,0,0,0,0,0,0,0,0,0,0,0,0,0,0,0,1.61074e+1,6.47475e-1,0,0,0,0,0,0,1.81743e-6,0,0,0,0,0,0,0,1.29538e+0,2.91220e+0,0,0,0,0,0,0,2.43128e+1
"Eastern_Africa","ERI","Eritrea",1.22444e-3,3.34944e-4,1.75845e-3,0,4.32645e-2,0,0,0,7.70152e+0,1.11569e+1,1.78841e-1,0,0,0,0,0,0,0,0,0,0,0,0,0,0,0,0,0,0,0,0,0,0,6.78227e+1,2.37313e+0,0,0,0,0,0,2.24395e+0,7.20142e-2,0,0,0,0,0,0,0,1.09658e+0,1.38543e+1,0,0,0,0,0,0,1.06547e+2
"Eastern_Africa","ETH","Ethiopia",2.51208e-3,2.09340e-4,2.38648e-2,0,2.14708e-1,0,0,0,2.97649e+2,1.14313e+1,1.91450e-1,0,0,0,0,0,0,0,0,0,0,0,0,0,0,0,0,0,0,0,0,0,0,1.20595e+3,4.52809e+1,0,0,0,0,0,2.39916e+2,7.64037e+0,0,0,0,0,0,0,0,1.46935e+1,2.28013e+2,0,0,0,0,0,0,2.05100e+3
"Eastern_Africa","KEN","Kenya",4.25487e-1,8.89230e-3,7.54044e-2,1.00274e-2,4.47913e-1,6.60259e-3,8.79228e-4,0,8.30505e+1,1.97349e+2,4.62974e-1,0,0,0,0,0,0,0,0,0,0,0,0,0,0,0,0,0,0,0,0,0,0,5.55450e+2,1.77044e+1,1.75384e+0,0,0,0,0,4.09368e+0,8.47606e-1,0,0,0,0,0,0,0,1.27226e+1,1.20021e+2,0,0,0,0,0,0,9.94431e+2
"Eastern_Africa","MDG","Madagascar",4.06396e-3,2.88052e-4,5.56270e-1,7.68369e-4,1.15302e-1,1.37158e-5,0,0,3.71155e+1,5.66990e+1,2.59639e-2,0,0,0,0,0,0,0,0,0,0,0,0,0,0,0,0,0,0,0,0,0,0,3.59724e+2,1.28431e+1,1.84419e+2,0,0,0,0,4.49328e+1,8.92039e-1,2.90544e+1,7.83912e-2,0,0,0,0,0,9.07308e+0,5.70730e+1,0,0,0,0,0,0,7.92607e+2
"Eastern_Africa","MUS","Mauritius",5.18604e-3,3.76546e-4,4.68172e-2,2.82291e-4,9.54400e-2,1.79280e-5,0,0,3.47141e-1,9.14500e-2,4.84532e-2,0,0,0,0,0,0,0,0,0,0,0,0,0,0,0,0,0,0,0,0,0,0,1.58028e+0,1.99418e-1,0,0,0,0,0,0,1.04115e-1,0,0,0,0,0,0,0,2.99183e+0,5.14773e+0,0,0,0,0,0,0,1.06585e+1
"Eastern_Africa","MYT","Mayotte",0,0,0,0,0,0,0,0,0,0,0,0,0,0,0,0,0,0,0,0,0,0,0,0,0,0,0,0,0,0,0,0,0,0,0,0,0,0,0,0,0,0,0,0,0,0,0,0,0,1.75305e-1,3.62013e-1,0,0,0,0,0,0,5.37318e-1
"Eastern_Africa","REU","Reunion",4.70604e-3,2.75585e-4,2.77831e-2,1.08160e-3,1.23432e-1,1.31223e-5,0,0,2.50231e-1,0,4.05806e-2,0,0,0,0,0,0,0,0,0,0,0,0,0,0,0,0,0,0,0,0,0,0,1.51736e+0,3.58329e-1,5.52391e-3,0,0,0,0,0,3.82802e-2,0,0,0,0,0,0,0,3.53263e+0,3.97680e+0,0,0,0,0,0,0,9.87702e+0
"Eastern_Africa","RWA","Rwanda",2.63992e-3,1.40195e-4,2.19926e-1,4.50783e-4,5.31545e-2,6.67320e-6,0,0,2.01009e+1,1.16678e+0,1.18671e-1,0,0,0,0,0,0,0,0,0,0,0,0,0,0,0,0,0,0,0,0,0,0,2.10557e+1,8.01090e-1,2.76196e-1,0,0,0,0,1.56254e+0,3.09315e-1,0,0,0,0,0,0,0,7.77993e-1,3.23980e+1,0,0,0,0,0,0,7.88435e+1
"Eastern_Africa","SDN","Sudan",4.72078e-3,2.09340e-4,1.72371e+0,0,3.50660e-1,0,0,0,8.00860e+1,2.13444e+2,3.37381e+0,0,0,0,0,0,0,0,0,0,0,0,0,0,0,0,0,0,0,0,0,0,0,1.49930e+3,5.51199e+1,4.06008e-1,0,0,0,0,6.32496e+2,2.12982e+0,0,0,0,0,0,0,0,4.47407e+1,1.33846e+2,0,0,0,0,0,0,2.66702e+3
"Eastern_Africa","SOM","Somalia",9.40794e-4,9.26073e-5,2.46003e-1,3.53748e-4,4.48738e-2,4.40730e-6,0,0,2.84963e+1,4.90776e+1,1.18566e-2,0,0,0,0,0,0,0,0,0,0,0,0,0,0,0,0,0,0,0,0,0,0,5.28066e+2,2.29622e+1,1.65718e-1,0,0,0,0,7.09560e-3,1.28732e-1,0,0,0,0,0,0,0,4.43855e+0,3.17064e+1,0,0,0,0,0,0,6.65352e+2
"Eastern_Africa","SYC","Seychelles",2.20890e-3,1.67930e-4,3.63328e-3,2.46000e-7,1.20335e-2,7.99290e-6,0,0,1.64215e-2,0,1.04086e-2,0,0,0,0,0,0,0,0,0,0,0,0,0,0,0,0,0,0,0,0,0,0,1.26795e-1,5.74497e-2,0,0,0,0,0,0,5.05440e-6,0,0,0,0,0,0,0,3.18544e-1,3.61215e-1,0,0,0,0,0,0,9.08891e-1
"Eastern_Africa","UGA","Uganda",2.76739e-3,2.10451e-4,8.32260e-1,3.33918e-4,1.04366e-1,1.00181e-5,0,0,1.17581e+2,6.01093e+1,2.16360e-2,0,0,0,0,0,0,0,0,0,0,0,0,0,0,0,0,0,0,0,0,0,0,2.30553e+2,8.24968e+0,8.00968e+0,0,0,0,0,1.13208e+2,1.66975e+0,0,0,0,0,0,0,0,4.44376e+0,7.64972e+1,0,0,0,0,0,0,6.21282e+2
"Southern_Africa","AGO","Angola",4.14493e-4,4.52175e-3,1.63343e-1,0,1.92560e-1,0,0,0,1.53776e+1,6.93191e+1,3.75266e+2,0,0,0,0,0,0,0,0,0,0,0,0,0,0,0,0,0,0,0,0,0,0,1.45518e+2,4.56451e+0,1.10478e+0,0,0,0,0,3.14544e+2,2.21323e-1,4.21822e+0,0,0,0,0,0,0,1.26553e+1,5.22276e+1,0,0,0,0,0,0,9.95377e+2
"Southern_Africa","BWA","Botswana",4.93468e-3,2.47008e-4,7.29879e-2,6.40140e-5,1.57463e-1,1.17611e-5,0,0,3.96943e+0,1.50034e+1,2.09102e-2,0,0,0,0,0,0,0,0,0,0,0,0,0,0,0,0,0,0,0,0,0,0,1.12052e+2,3.06015e+0,0,0,0,0,0,7.07736e+1,6.72125e-2,0,1.86365e+0,0,0,0,0,0,3.13812e+0,7.37547e+0,0,0,0,0,0,0,2.17560e+2
"Southern_Africa","LSO","Lesotho",3.43147e-4,2.60952e-5,6.62938e-2,1.64149e-4,2.29886e-2,1.24085e-6,0,0,5.49972e+0,6.49388e+0,3.70835e-3,0,0,0,0,0,0,0,0,0,0,0,0,0,0,0,0,0,0,0,0,0,0,3.12228e+1,6.90095e-1,0,0,0,0,0,0,5.50421e-2,0,1.18766e+0,0,0,0,0,0,1.08424e+0,7.32435e+0,0,0,0,0,0,0,5.36513e+1
"Southern_Africa","MOZ","Mozambique",8.18646e-4,0,5.83780e-1,0,8.72127e-2,0,6.74075e-3,0,6.26431e+1,2.99975e+1,0,0,0,0,0,0,0,0,0,0,0,0,0,0,0,0,0,0,0,0,0,0,0,4.91260e+1,2.03856e+0,1.98861e+1,0,0,0,0,1.72044e+2,1.64144e+0,2.15744e+1,3.09432e+0,0,0,0,0,0,8.53874e+0,7.34062e+1,0,0,0,0,0,0,4.44669e+2
"Southern_Africa","MWI","Malawi",2.38675e-3,1.60954e-4,3.99352e-1,3.29215e-4,9.51274e-2,7.66090e-6,0,0,1.91428e+1,3.26228e+1,1.54384e-2,0,0,0,0,0,0,0,0,0,0,0,0,0,0,0,0,0,0,0,0,0,0,3.79000e+1,1.52268e+0,5.68963e+0,0,0,0,0,3.31128e+1,1.29185e+0,0,0,0,0,0,0,0,2.66309e+0,4.10912e+1,0,0,0,0,0,0,1.75550e+2
"Southern_Africa","NAM","Namibia",6.90911e-4,0,9.88923e-3,8.99100e-4,2.11360e-1,0,2.93076e-3,0,3.79212e-1,3.82041e+0,0,0,0,0,0,0,0,0,0,0,0,0,0,0,0,0,0,0,0,0,0,0,0,1.16692e+2,2.90479e+0,0,0,0,0,0,1.81490e+1,6.40442e-2,0,0,0,0,0,0,0,2.47063e+0,5.53015e+0,0,0,0,0,0,0,1.50236e+2
"Southern_Africa","SWZ","Swaziland",8.10568e-4,1.05551e-4,3.92249e-2,1.50442e-4,6.32262e-2,5.02565e-6,0,0,2.45568e+0,2.41065e+0,1.09081e-2,0,0,0,0,0,0,0,0,0,0,0,0,0,0,0,0,0,0,0,0,0,0,3.25370e+1,8.01036e-1,7.87159e-3,0,0,0,0,0,9.62598e-2,0,0,0,0,0,0,0,1.21861e+0,1.68506e+1,0,0,0,0,0,0,5.64921e+1
"Southern_Africa","TZA","Tanzania_United Republic of",1.33685e-2,6.69888e-4,1.13073e+0,0,1.86745e-1,0,0,0,8.26223e+1,4.84221e+1,1.40012e-1,0,0,0,0,0,0,0,0,0,0,0,0,0,0,0,0,0,0,0,0,0,0,4.96821e+2,1.69795e+1,7.08443e+1,0,0,0,0,2.34391e+2,4.13067e+0,6.67556e+1,0,0,0,0,0,0,1.10677e+1,1.32227e+2,0,0,0,0,0,0,1.16573e+3
"Southern_Africa","ZAF","South Africa",1.32280e+0,5.79453e-2,5.17593e+0,1.25604e-2,8.15327e+0,3.06201e-2,0,1.63285e-3,8.21918e+1,1.06953e+3,5.30375e+1,0,0,0,0,0,9.35300e-2,2.48710e+0,0,0,0,0,0,0,0,0,0,0,0,0,0,0,0,8.45756e+2,2.21828e+1,1.79527e-1,0,0,0,0,9.58008e+0,2.59177e+0,3.90379e+0,9.48238e+1,0,0,0,0,0,2.01766e+2,2.68725e+2,0,0,0,0,0,0,2.67161e+3
"Southern_Africa","ZMB","Zambia",8.62481e-4,1.38164e-3,8.57233e-1,0,1.18875e-1,3.30129e-3,0,0,3.04663e+1,6.32119e+1,1.23541e-1,0,0,0,0,0,0,0,0,0,0,0,0,0,0,0,0,0,0,0,0,0,0,8.52107e+1,3.10707e+0,1.36579e+0,0,0,0,0,4.66128e+2,3.05703e-1,2.07822e+2,0,0,0,0,0,0,8.95384e+0,3.58828e+1,0,0,0,0,0,0,9.03559e+2
"Southern_Africa","ZWE","Zimbabwe",5.09548e-2,9.62964e-4,2.67411e-1,0,4.81664e-1,1.63285e-3,0,0,3.21807e+1,2.43786e+1,6.90000e-5,0,0,0,0,0,0,3.34892e-1,0,0,0,0,0,0,0,0,0,0,0,0,0,0,0,2.53525e+2,6.68031e+0,2.76196e-2,0,0,0,0,4.73016e+1,5.77589e-1,0,0,0,0,0,0,0,1.06328e+1,4.55845e+1,0,0,0,0,0,0,4.22026e+2
"OECD_Europe","AUT","Austria",1.23867e+0,9.61798e-2,1.09213e+0,6.90822e-4,2.37482e+0,7.38135e-3,1.75846e-3,4.18680e-3,3.82423e+1,7.58540e+0,4.66746e+1,0,0,0,0,0,1.15830e-1,2.38700e-1,0,0,0,0,0,0,0,0,0,0,0,0,0,0,0,1.68057e+2,5.22111e+1,0,0,0,0,0,0,3.65375e-1,0,9.34200e-1,0,0,0,0,0,8.54064e+1,4.06087e+1,2.74800e-3,4.93400e+0,0,0,0,0,4.50192e+2
"OECD_Europe","BEL","Belgium",9.75474e-1,1.25402e-1,1.29675e+0,1.71658e-3,4.06345e+0,1.32052e-2,1.26316e-1,0,1.52291e+1,1.05199e+1,6.08812e+1,0,0,0,0,0,2.44632e-1,7.37720e-1,0,0,0,0,0,0,0,0,0,0,0,0,0,0,0,2.30269e+2,9.21418e+1,0,0,0,0,0,0,2.51559e-1,0,2.09863e-1,0,0,0,0,0,5.76537e+1,7.65777e+1,2.03334e+0,4.54544e+0,0,0,0,0,5.57897e+2
"OECD_Europe","CHE","Switzerland",5.04848e-1,1.11927e-2,5.69526e-1,1.61191e-3,2.83081e+0,1.56377e-3,1.46538e-3,0,8.87891e+0,1.00466e+0,3.55245e+1,0,0,0,0,0,7.07996e-2,0,0,0,0,0,0,0,0,0,0,0,0,0,0,0,0,1.30695e+2,3.41430e+1,0,0,0,0,0,0,1.17080e-1,2.12088e+0,0,0,0,0,0,0,3.61400e+1,1.11188e+1,1.20228e-5,1.81850e+0,0,0,0,0,2.65553e+2
"OECD_Europe","DEU","Germany",7.40764e+0,6.46442e-1,4.47394e+0,2.69630e-2,2.86594e+1,1.23796e-1,1.52986e-1,2.84702e-3,8.71473e+1,7.05198e+2,3.63273e+2,0,0,0,0,0,3.80053e+0,1.96706e+0,0,0,0,0,0,0,0,0,0,0,0,0,0,0,0,1.22633e+3,3.58690e+2,0,0,0,0,0,0,3.43136e+0,0,1.30541e+0,0,0,0,0,0,1.30606e+3,1.42569e+2,0,2.62158e-2,0,0,0,0,4.24129e+3
"OECD_Europe","DNK","Denmark",1.59056e+0,6.59781e-2,4.01422e-1,1.29791e-3,2.37001e+0,1.70277e-2,5.59776e-2,7.53625e-3,9.19777e+0,2.44968e-1,2.90151e+1,0,0,0,0,0,0,0,0,0,0,0,0,0,0,0,0,0,0,0,0,0,0,1.62603e+2,9.75813e+1,0,0,0,0,0,0,7.82017e-1,0,0,0,0,0,0,0,7.57067e+1,8.69952e+0,0,2.34536e+0,0,0,0,0,3.90686e+2
"OECD_Europe","ESP","Spain",9.90618e-1,2.70416e-1,3.03295e+0,2.70886e-2,1.61296e+1,6.28982e-2,5.97875e-1,0,4.16972e+1,1.26323e+2,3.89523e+1,0,0,0,0,0,7.73364e-1,4.38706e-1,0,0,0,0,0,0,0,0,0,0,0,0,0,0,0,5.62769e+2,2.70008e+2,2.55948e+1,0,0,0,0,0,1.85436e+0,0,1.55594e+1,0,0,0,0,0,3.20852e+2,1.19630e+2,2.85200e-1,1.51434e+1,0,0,0,0,1.56099e+3
"OECD_Europe","FIN","Finland",2.06560e+0,5.92116e-2,4.03735e+0,2.76329e-3,2.71847e+0,9.55637e-3,3.83928e-2,5.86152e-4,1.98152e+1,2.95884e+0,5.04991e+0,0,0,0,0,0,8.33220e-2,4.45450e-1,0,0,0,0,0,0,0,0,0,0,0,0,0,0,0,8.21566e+1,2.33117e+1,0,0,0,0,0,0,2.78717e-1,3.75893e-1,5.12784e-2,0,0,0,0,0,1.42635e+2,1.88934e+2,0,1.10400e+0,0,0,0,0,4.76132e+2
"OECD_Europe","FRA","France",2.27270e+0,4.29126e-1,4.48923e+0,1.96361e-2,2.52694e+1,6.04658e-2,9.49569e-2,0,1.88353e+2,3.39511e+1,1.38968e+3,0,0,0,0,0,1.59625e+0,1.92945e+0,0,0,0,0,0,0,0,0,0,0,0,0,0,0,0,1.46675e+3,3.85728e+2,5.36272e+0,0,0,0,0,0,5.45770e+0,0,8.84808e-1,0,0,0,0,0,5.23692e+2,1.82596e+2,1.27363e+1,1.12211e+1,0,0,0,0,4.24257e+3
"OECD_Europe","FRO","Faroe Islands",0,0,0,0,0,0,0,0,0,0,0,0,0,0,0,0,0,0,0,0,0,0,0,0,0,0,0,0,0,0,0,0,0,6.13384e-1,2.49390e-2,0,0,0,0,0,0,9.69408e-6,0,0,0,0,0,0,0,9.41099e-1,4.31663e-2,1.70385e-2,2.01396e-2,0,0,0,0,1.65978e+0
"OECD_Europe","GBR","United Kingdom",3.46258e+0,1.15295e+0,3.19894e+0,2.90564e-2,2.85233e+1,1.04252e-1,3.60484e-1,0,7.05908e+1,3.23782e+2,7.94148e+2,0,0,0,0,0,2.42115e+0,9.99810e-1,0,0,0,0,0,0,0,0,0,0,0,0,0,0,0,1.12672e+3,2.06722e+2,0,0,0,0,0,0,2.17180e+0,0,8.81376e-1,0,0,0,0,0,2.25904e+3,1.01594e+2,2.71422e+0,3.34409e+0,0,0,0,0,4.93197e+3
"OECD_Europe","GIB","Gibraltar",0,0,0,0,3.16527e-2,0,0,0,0,0,0,0,0,0,0,0,0,0,0,0,0,0,0,0,0,0,0,0,0,0,0,0,0,0,0,0,0,0,0,0,0,0,0,0,0,0,0,0,0,1.95292e-1,2.47173e-2,4.89195e-3,6.05108e-3,0,0,0,0,2.62605e-1
"OECD_Europe","GRC","Greece",3.78096e-1,6.42438e-2,8.35243e-1,9.02255e-3,6.95093e+0,8.25011e-3,1.38332e-1,0,1.30498e+1,4.89222e+1,9.51793e+0,0,0,0,0,0,3.36600e-3,0,0,0,0,0,0,0,0,0,0,0,0,0,0,0,0,1.39900e+2,2.92661e+1,7.04466e+0,0,0,0,0,0,4.24683e-1,5.77008e-2,1.60234e+0,0,0,0,0,0,9.86191e+1,1.48698e+1,1.76400e-4,1.43948e-1,0,0,0,0,3.71805e+2
"OECD_Europe","GRL","Greenland",0,0,0,0,0,0,0,0,0,0,0,0,0,0,0,0,0,0,0,0,0,0,0,0,0,0,0,0,0,0,0,0,0,1.76000e-1,2.99675e-3,0,0,0,0,0,0,0,0,0,0,0,0,0,0,8.26025e-1,2.07780e-1,7.85716e-3,9.63820e-3,0,0,0,0,1.23030e+0
"OECD_Europe","IRL","Ireland",2.03409e-1,2.98107e-3,2.55407e-1,3.97746e-4,1.62137e+0,1.37264e-2,9.37843e-3,0,1.60761e+1,7.08000e-1,4.29930e+1,0,0,0,0,0,0,0,0,0,0,0,0,0,0,0,0,0,0,0,0,0,0,4.63735e+2,7.16185e+1,0,0,0,0,0,0,1.72523e-1,0,8.46456e-2,0,0,0,0,0,9.32786e+1,8.05273e+0,0,3.30851e-1,0,0,0,0,6.99157e+2
"OECD_Europe","ISL","Iceland",2.63768e-3,0,4.36579e-2,2.30274e-4,1.97239e-1,0,4.39614e-3,0,8.26851e-2,0,0,0,0,0,0,0,0,7.92000e-2,0,0,0,0,0,0,0,0,0,0,0,0,0,0,0,9.49141e+0,1.44075e+0,0,0,0,0,0,0,7.78046e-5,0,0,0,0,0,0,0,4.22984e+0,4.65791e-1,3.32818e-2,5.20888e-3,0,0,0,0,1.60764e+1
"OECD_Europe","ITA","Italy",8.77780e-1,3.28582e-1,2.45366e+0,5.73590e-3,3.96811e+1,3.09279e-2,1.33056e-1,1.08020e-2,2.36292e+1,1.11927e+1,3.29339e+2,0,0,0,0,0,9.57319e-1,9.63847e-1,0,0,0,0,0,0,0,0,0,0,0,0,0,0,0,6.03399e+2,2.28438e+2,5.97212e+1,0,0,0,0,0,1.82795e+0,3.61344e-1,4.54968e+0,0,0,0,0,0,8.24767e+2,1.11920e+2,6.25714e+0,1.18008e+1,0,0,0,0,2.26265e+3
"OECD_Europe","LUX","Luxembourg",2.91880e-2,0,1.14440e-1,0,5.37238e-1,3.47504e-4,0,0,1.00286e-1,0,4.16646e+0,0,0,0,0,0,0,6.68500e-2,0,0,0,0,0,0,0,0,0,0,0,0,0,0,0,1.48854e+1,2.53326e+1,0,0,0,0,0,0,1.06023e-2,0,2.02294e-1,0,0,0,0,0,3.05848e+0,4.21085e-1,0,4.45696e-2,0,0,0,0,4.89698e+1
"OECD_Europe","NLD","Netherlands",2.22686e+0,3.90967e-1,4.79325e-1,2.09340e-3,5.92481e+0,9.03513e-3,5.36329e-2,0,8.35702e+0,3.76639e+0,3.10230e+2,0,0,0,0,0,3.14984e+0,2.85040e-1,0,0,0,0,0,0,0,0,0,0,0,0,0,0,0,3.56791e+2,1.69913e+2,0,0,0,0,0,0,2.28681e-1,0,1.36567e-2,0,0,0,0,0,4.89103e+2,4.11822e+1,0,1.95000e+0,0,0,0,0,1.39406e+3
"OECD_Europe","NOR","Norway",2.03479e-1,4.21629e-1,9.91355e-1,5.02416e-3,2.34201e+0,4.51757e-3,1.92844e-1,0,1.05051e+1,4.24157e+0,4.90879e+2,0,0,0,0,0,2.42531e+0,1.21770e+0,0,0,0,0,0,0,0,0,0,0,0,0,0,0,0,9.19183e+1,1.72730e+1,0,0,0,0,0,0,9.89858e-2,0,0,0,0,0,0,0,1.37276e+2,5.24134e+1,1.19959e+1,9.59132e-1,0,0,0,0,8.25365e+2
"OECD_Europe","PRT","Portugal",2.64672e-1,8.54835e-2,1.93248e+0,3.45411e-3,3.68541e+0,8.86137e-3,1.40676e-2,0,2.02151e+1,1.57230e+0,4.30720e+0,0,0,0,0,0,8.05456e-2,2.99600e-2,0,0,0,0,0,0,0,0,0,0,0,0,0,0,0,1.47052e+2,5.52219e+1,6.89841e+0,0,0,0,0,0,1.47960e-1,0,1.78051e+0,0,0,0,0,0,2.17252e+2,5.17791e+1,5.18925e-1,8.18800e-1,0,0,0,0,5.13669e+2
"OECD_Europe","SWE","Sweden",3.13885e+0,4.28071e-2,5.94020e+0,5.46377e-3,4.77374e+0,6.95009e-3,2.34461e-2,0,1.79538e+1,3.11351e+0,2.50866e+1,0,0,0,0,0,2.24179e-1,1.83211e-1,0,0,0,0,0,0,0,0,0,0,0,0,0,0,0,1.29927e+2,3.52822e+1,0,0,0,0,0,0,4.51196e-1,3.78394e-1,1.50634e-1,0,0,0,0,0,1.17442e+2,2.06005e+2,6.09314e-2,9.90036e-1,0,0,0,0,5.51180e+2
"Central Europe","ALB","Albania",0,1.92593e-3,1.83801e-2,0,2.20553e-1,0,0,0,1.05951e+1,4.38979e-1,1.09136e+1,0,0,0,0,0,0,3.43079e-2,0,0,0,0,0,0,0,0,0,0,0,0,0,0,0,8.12116e+1,1.14908e+1,0,0,0,0,0,0,1.60561e-1,0,4.27824e-1,0,0,0,0,0,3.76592e+0,5.39021e+0,1.12697e-2,5.37228e-3,0,0,0,0,1.24686e+2
"Central Europe","BGR","Bulgaria",3.67970e-1,2.13401e-2,3.08795e-1,2.09339e-5,1.44006e+0,7.81259e-3,1.75846e-3,1.25604e-4,1.46016e+1,3.41277e+1,7.57522e+0,0,0,0,0,0,2.05342e-1,1.72300e-1,0,0,0,0,0,0,0,0,0,0,0,0,0,0,0,9.52315e+1,1.95646e+1,6.36214e-1,0,0,0,0,0,1.08204e+0,0,9.84000e-1,0,0,0,0,0,4.41639e+2,3.61206e+1,0,0,0,0,0,0,6.54088e+2
"Central Europe","BIH","Bosnia and Herzegovina",3.08777e-2,0,8.58294e-3,8.37360e-4,2.27739e-1,6.95009e-4,0,0,5.97457e+0,9.20210e+0,2.57324e+0,0,0,0,0,0,9.25430e-4,1.32000e-3,0,0,0,0,0,0,0,0,0,0,0,0,0,0,0,3.36778e+1,5.56567e+0,0,0,0,0,0,0,2.26183e-1,0,0,0,0,0,0,0,4.66878e+0,6.64413e+0,1.39782e-2,7.87644e-3,0,0,0,0,6.88253e+1
"Central Europe","CYP","Cyprus",3.60187e-4,1.43978e-3,7.49018e-2,0,2.27032e-1,0,0,0,1.66844e-1,3.65800e-1,2.01752e-1,0,0,0,0,0,0,0,0,0,0,0,0,0,0,0,0,0,0,0,0,0,0,8.62997e+0,4.10151e+0,0,0,0,0,0,0,1.17062e-2,0,0,0,0,0,0,0,8.43631e+0,3.47732e+0,0,0,0,0,0,0,2.56949e+1
"Central Europe","CZE","Czech Republic",8.60523e-1,4.96925e-2,1.64462e+0,1.46538e-4,2.84857e+0,2.34565e-2,0,1.59098e-3,5.57838e+1,1.12703e+2,6.26377e+1,0,0,0,0,0,1.68367e-1,4.21680e-1,0,0,0,0,0,0,0,0,0,0,0,0,0,0,0,1.99237e+2,3.65154e+1,0,0,0,0,0,0,2.03084e+0,0,2.66328e+0,0,0,0,0,0,9.01059e+1,4.24145e+1,0,4.93188e-1,0,0,0,0,6.10603e+2
"Central Europe","EST","Estonia",1.94812e-1,1.16811e-3,2.02746e-1,0,4.25878e-1,6.51259e-3,2.05153e-3,0,1.55624e+1,1.20505e+1,1.42270e+1,0,0,0,0,0,0,0,0,0,0,0,0,0,0,0,0,0,0,0,0,0,0,3.13586e+1,5.42361e+0,2.03783e+0,0,0,0,0,0,1.76003e-1,0,0,0,0,0,0,0,1.90373e+1,5.47324e+0,0,1.26088e-1,0,0,0,0,1.06306e+2
"Central Europe","HRV","Croatia",7.68809e-2,6.37876e-2,1.57698e-1,5.44284e-4,9.75424e-1,5.21256e-3,8.79229e-3,3.01449e-3,1.13897e+1,1.08099e+0,7.29305e+1,0,0,0,0,0,6.00040e-2,5.56149e-2,0,0,0,0,0,0,0,0,0,0,0,0,0,0,0,4.42985e+1,1.13487e+1,0,0,0,0,0,0,7.44309e-1,0,5.75976e-1,0,0,0,0,0,2.21053e+1,1.69405e+1,0,0,0,0,0,0,1.82822e+2
"Central Europe","HUN","Hungary",3.94949e-1,4.71317e-2,3.19181e-1,0,2.07417e+0,1.80702e-2,2.93076e-4,0,1.71104e+1,1.87799e+1,9.70416e+1,0,0,0,0,0,9.27947e-2,1.19470e-1,0,0,0,0,0,0,0,0,0,0,0,0,0,0,0,1.09058e+2,3.38087e+1,7.58094e-1,0,0,0,0,0,3.07508e+0,0,8.62104e-1,0,0,0,0,0,9.33016e+1,3.66473e+1,4.06800e-2,0,0,0,0,0,4.13549e+2
"Central Europe","LTU","Lithuania",7.37504e-2,1.63704e-2,8.49984e-2,0,1.04431e+0,1.45952e-2,1.46538e-3,0,1.71160e+1,1.73910e-2,6.22073e+1,0,0,0,0,0,4.18324e-2,0,0,0,0,0,0,0,0,0,0,0,0,0,0,0,0,8.91511e+1,1.60132e+1,0,0,0,0,0,0,7.94371e-1,0,7.16184e-1,0,0,0,0,0,4.48666e+1,9.87967e+0,8.64834e-4,0,0,0,0,0,2.42040e+2
"Central Europe","LVA","Latvia",2.55633e-1,2.93076e-4,1.62019e-1,0,8.28480e-1,1.37264e-2,0,0,2.99193e+1,4.57250e-1,3.39242e+1,0,0,0,0,0,0,0,0,0,0,0,0,0,0,0,0,0,0,0,0,0,0,4.93405e+1,7.87549e+0,0,0,0,0,0,0,3.09716e-1,0,1.11290e-1,0,0,0,0,0,2.27717e+1,4.83141e+0,2.69646e-4,0,0,0,0,0,1.50801e+2
"Central Europe","MKD","Macedonia, the former Yugoslav Republic of",5.88245e-2,0,5.99801e-2,0,3.69004e-1,1.39002e-3,0,0,6.48276e+0,8.21960e+0,7.18274e-1,0,0,0,0,0,4.19393e-3,2.17580e-2,0,0,0,0,0,0,0,0,0,0,0,0,0,0,0,3.55931e+1,4.33410e+0,1.01404e+0,0,0,0,0,0,1.69612e-1,0,3.11448e-1,0,0,0,0,0,4.92715e+0,8.58403e+0,1.33274e-2,5.97692e-3,0,0,0,0,7.08886e+1
"Central Europe","MLT","Malta",2.20754e-3,0,0,0,1.10925e-1,0,0,0,1.77939e-2,0,0,0,0,0,0,0,0,0,0,0,0,0,0,0,0,0,0,0,0,0,0,0,0,1.78537e+0,6.50635e-1,0,0,0,0,0,0,8.14475e-4,0,0,0,0,0,0,0,7.35394e+0,4.12021e-1,0,0,0,0,0,0,1.03337e+1
"Central Europe","POL","Poland",1.42021e+0,1.86805e-1,3.69861e+0,0,7.27667e+0,4.10766e-2,5.56845e-3,4.18680e-5,2.92295e+2,2.07841e+3,1.70825e+2,0,0,0,0,0,2.87953e-1,7.35370e-1,0,0,0,0,0,0,0,0,0,0,0,0,0,0,0,6.20968e+2,1.31153e+2,0,0,0,0,0,0,6.76058e+0,0,1.82681e+0,0,0,0,0,0,3.40105e+2,1.06094e+2,2.58783e-1,5.60440e-1,0,0,0,0,3.76291e+3
"Central Europe","ROU","Romania",7.97979e-1,1.90311e-1,9.99065e-1,4.18681e-5,2.30891e+0,5.79682e-2,4.36683e-2,2.05153e-3,7.87612e+1,7.06064e+1,5.79467e+2,0,0,0,0,0,5.69042e-1,5.60585e-1,0,0,0,0,0,0,0,0,0,0,0,0,0,0,0,3.83859e+2,8.45007e+1,2.07927e+0,0,0,0,0,0,4.03238e+0,0,0,0,0,0,0,0,1.17314e+2,6.79724e+1,1.64498e-2,0,0,0,0,0,1.39414e+3
"Central Europe","SCG","Serbia and Montenegro",3.52400e-1,0,3.54078e-1,0,1.11701e+0,0,0,0,3.09867e+1,3.62609e+1,8.55915e+1,0,0,0,0,0,1.08877e-1,2.90570e-1,0,0,0,0,0,0,0,0,0,0,0,0,0,0,0,1.94164e+2,4.71402e+1,0,0,0,0,0,0,2.03042e+0,0,0,0,0,0,0,0,1.47524e+1,4.12576e+1,4.09016e-2,1.70547e-2,0,0,0,0,4.54465e+2
"Central Europe","SVK","Slovakia",2.29066e-1,2.28235e-1,4.37778e-1,0,6.78052e-1,0,0,0,2.81123e+0,5.75227e+0,3.66416e+1,0,0,0,0,0,8.61751e-2,3.53240e-1,0,0,0,0,0,0,0,0,0,0,0,0,0,0,0,8.91104e+1,1.68403e+1,0,0,0,0,0,0,1.00624e+0,0,2.53536e-1,0,0,0,0,0,3.15050e+1,3.05085e+1,0,1.26000e-1,0,0,0,0,2.16568e+2
"Central Europe","SVN","Slovenia",5.46000e-2,1.56387e-3,1.40019e-1,2.09339e-5,1.76318e+0,2.08503e-3,0,0,7.30876e+0,3.05587e+1,2.83785e+0,0,0,0,0,0,1.87928e-1,3.19000e-2,0,0,0,0,0,0,0,0,0,0,0,0,0,0,0,4.71727e+1,7.44419e+0,0,0,0,0,0,0,1.34832e-1,0,0,0,0,0,0,0,1.96388e+1,9.64595e+0,0,6.36212e-6,0,0,0,0,1.26923e+2
"Turkey","TUR","Turkey",1.19978e+0,8.41151e-2,2.10278e+0,1.98664e-2,6.79656e+0,4.49892e-2,6.56490e-2,1.25604e-3,1.29843e+2,1.74043e+2,7.93950e+1,0,0,0,0,0,4.65859e-1,4.41335e-1,0,0,0,0,0,0,0,0,0,0,0,0,0,0,0,8.90678e+2,1.73417e+2,1.90444e+1,0,0,0,0,0,3.08838e+1,0,9.12528e-1,0,0,0,0,0,5.36783e+2,3.06701e+2,0,8.18716e-1,0,0,0,0,2.35374e+3
"Ukraine +","BLR","Belarus",8.27734e-1,1.93430e-2,1.54859e-1,0,1.20086e+0,6.18957e-2,5.56844e-3,2.13526e-3,2.31804e+1,8.85360e-2,2.13359e+1,0,0,0,0,0,3.47012e-2,0,0,0,0,0,0,0,0,0,0,0,0,0,0,0,0,3.98660e+2,6.12062e+1,0,0,0,0,0,0,1.68296e+0,0,1.06051e-1,0,0,0,0,0,1.45239e+2,2.55432e+1,0,8.77312e-2,0,0,0,0,6.79437e+2
"Ukraine +","MDA","Moldova, Republic of",7.49828e-2,0,1.90039e-2,0,2.11515e-1,4.77506e-3,0,5.65218e-3,3.95055e+0,5.30100e-3,6.93994e+1,0,0,0,0,0,0,0,0,0,0,0,0,0,0,0,0,0,0,0,0,0,0,6.52769e+1,1.44264e+1,0,0,0,0,0,0,6.57130e-1,0,2.15155e-1,0,0,0,0,0,6.14580e+0,1.54182e+1,1.35965e-2,5.57084e-3,0,0,0,0,1.75830e+2
"Ukraine +","UKR","Ukraine",2.20763e+0,1.87136e-1,2.40088e+0,8.79227e-4,5.54968e+0,4.83031e-2,0,1.30754e-1,6.51123e+1,4.47132e+2,2.16738e+3,0,0,0,0,0,2.30577e-1,3.58146e+0,0,0,0,0,0,0,0,0,0,0,0,0,0,0,0,1.30379e+3,2.24866e+2,8.01324e+0,0,0,0,0,0,8.77596e+0,0,4.41048e+0,0,0,0,0,0,3.11551e+2,1.36131e+2,0,3.38891e-1,0,0,0,0,4.69184e+3
"Asia-Stan","KAZ","Kazakhstan",4.98086e-1,1.75293e-1,3.73142e+0,2.36265e-3,1.98805e+0,3.16229e-2,5.86152e-4,0,4.52170e+0,5.09384e+2,4.04040e+2,0,0,0,0,0,9.28500e-3,9.14090e-1,0,0,0,0,0,0,0,0,0,0,0,0,0,0,0,6.68764e+2,4.23166e+1,2.24098e+1,0,0,0,0,0,4.80860e+0,8.97024e+1,5.09784e+2,0,0,0,0,0,1.18475e+2,4.67875e+1,0,3.54724e-1,0,0,0,0,2.42870e+3
"Asia-Stan","KGZ","Kyrgyzstan",3.43987e-2,0,5.92851e-2,1.50725e-3,2.44952e-1,0,0,0,3.04799e-1,2.20112e+0,9.45708e+0,0,0,0,0,0,0,0,0,0,0,0,0,0,0,0,0,0,0,0,0,0,0,1.10579e+2,6.18429e+0,1.39899e+0,0,0,0,0,0,4.44777e-1,3.64632e-1,2.10754e+1,0,0,0,0,0,6.26680e+0,2.52987e+1,0,4.85936e-2,0,0,0,0,1.83964e+2
"Asia-Stan","TJK","Tajikistan",1.85057e-2,0,1.00000e-4,0,1.87447e+0,0,0,0,2.56860e-1,1.48306e-1,1.99204e+1,0,0,0,0,0,0,0,0,0,0,0,0,0,0,0,0,0,0,0,0,0,0,9.82846e+1,7.56025e+0,3.10887e+0,0,0,0,0,0,1.91412e-1,0,1.76496e-1,0,0,0,0,0,6.39380e+0,2.55819e+1,0,3.61777e-2,0,0,0,0,1.63552e+2
"Asia-Stan","TKM","Turkmenistan",1.32135e-1,1.57507e-1,1.00000e-4,0,5.66888e-1,0,0,0,2.43190e+0,0,5.61116e+2,0,0,0,0,0,2.80080e-4,0,0,0,0,0,0,0,0,0,0,0,0,0,0,0,0,1.40875e+2,1.20642e+1,8.29032e+0,0,0,0,0,0,2.47433e-1,8.69184e-2,6.92664e-1,0,0,0,0,0,8.89251e+0,2.48201e+1,0,7.82484e-2,0,0,0,0,7.60452e+2
"Asia-Stan","UZB","Uzbekistan",4.59858e-1,2.02306e-1,2.19223e-1,6.95009e-3,1.91340e+0,2.32828e-2,0,5.38004e-2,6.34580e+0,3.41111e+0,9.66034e+2,0,0,0,0,0,0,0,0,0,0,0,0,0,0,0,0,0,0,0,0,0,0,4.50559e+2,3.63901e+1,4.79284e+1,0,0,0,0,0,1.24767e+0,8.45952e-2,3.09096e+0,0,0,0,0,0,2.81773e+1,1.12367e+2,0,2.63390e-1,0,0,0,0,1.65878e+3
"Russia +","ARM","Armenia",2.58744e-2,0,8.75041e-3,0,1.77825e-2,0,0,0,1.53446e-1,0,5.94045e+1,0,0,0,0,0,0,0,0,0,0,0,0,0,0,0,0,0,0,0,0,0,0,4.02446e+1,5.68931e+0,0,0,0,0,0,0,1.10509e-1,0,1.49878e-1,0,0,0,0,0,1.12115e+1,4.89780e+0,0,6.38484e-2,0,0,0,0,1.21978e+2
"Russia +","AZE","Azerbaijan",3.67182e-2,1.15137e-2,9.97715e-2,0,7.95485e-1,1.81498e-3,0,1.46538e-3,7.41483e-1,0,1.88093e+2,0,0,0,0,0,1.28190e-2,0,0,0,0,0,0,0,0,0,0,0,0,0,0,0,0,1.41729e+2,2.20683e+1,8.25606e-1,0,0,0,0,0,3.50569e-1,0,1.52803e-1,0,0,0,0,0,2.22904e+1,4.63884e+1,0,1.31671e-1,0,0,0,0,4.23731e+2
"Russia +","GEO","Georgia",1.29372e-2,0,5.72482e-2,0,6.48508e-1,2.08503e-3,0,8.37360e-5,2.95478e+1,2.16876e-1,5.62473e+1,0,0,0,0,0,0,2.20000e-2,0,0,0,0,0,0,0,0,0,0,0,0,0,0,0,7.63377e+1,1.32656e+1,0,0,0,0,0,0,1.74760e-1,0,4.49232e-1,0,0,0,0,0,1.95386e+1,1.11530e+1,0,7.38092e-2,0,0,0,0,2.07748e+2
"Russia +","RUS","Russian Federation",1.53066e+1,1.83873e+0,5.31567e+0,9.36339e-2,2.84312e+1,3.88163e-1,3.49347e-1,1.27434e+0,4.09648e+2,1.74917e+3,1.39032e+4,0,0,0,0,0,3.67012e+0,3.53403e+0,0,0,0,0,0,0,0,0,0,0,0,0,0,0,0,3.10035e+3,5.34136e+2,5.44623e+1,0,0,0,0,0,2.47870e+1,2.76667e+2,1.04453e+3,0,0,0,0,0,1.43048e+3,7.70503e+2,0,0,0,0,0,0,2.33581e+4
"Middle_East","ARE","United Arab Emirates",1.03415e+0,7.74559e-2,8.07132e-1,0,2.48170e+0,0,0,0,2.89076e-1,1.56736e-1,8.34016e+2,0,0,0,0,0,0,0,0,0,0,0,0,0,0,0,0,0,0,0,0,0,0,1.79513e+1,1.14303e+0,0,0,0,0,0,0,6.26517e-4,0,0,0,0,0,0,0,1.64257e+1,1.23828e+1,0,1.96007e-1,0,0,0,0,8.86962e+2
"Middle_East","BHR","Bahrain",2.73536e-1,1.47697e-1,6.72818e-2,0,3.47365e-1,0,0,0,1.96779e-2,8.23050e-2,8.57364e+1,0,0,0,0,0,8.84483e-1,0,0,0,0,0,0,0,0,0,0,0,0,0,0,0,0,8.05657e-1,3.07159e-2,0,0,0,0,0,0,1.10495e-5,0,0,0,0,0,0,0,3.99134e+0,6.37588e+0,0,3.81204e-2,0,0,0,0,9.88005e+1
"Middle_East","IRN","Iran, Islamic Republic of",1.29049e+0,2.41988e-1,1.46195e+0,0,1.48710e+1,0,0,0,1.54075e+1,2.35393e+1,1.92861e+3,0,0,0,0,0,3.72364e-1,1.87000e-1,0,0,0,0,0,0,0,0,0,0,0,0,0,0,0,7.65058e+2,2.99507e+1,1.48540e+2,0,0,0,0,0,0,0,5.61024e-3,0,0,0,0,0,1.54699e+2,3.19189e+2,0,1.98717e+0,0,0,0,0,3.40541e+3
"Middle_East","IRQ","Iraq",2.31236e-1,7.95304e-2,6.16214e-1,0,4.59718e+0,0,0,0,8.24800e-1,1.37175e+0,3.30393e+2,0,0,0,0,0,8.58000e-3,0,0,0,0,0,0,0,0,0,0,0,0,0,0,0,0,8.17019e+1,3.58725e+0,2.97080e+1,0,0,0,0,0,2.14722e+0,0,6.05904e-1,0,0,0,0,0,7.00367e+1,7.66002e+1,0,4.40932e-1,0,0,0,0,6.02951e+2
"Middle_East","ISR","Israel",1.56248e-1,3.76699e-2,1.14258e-1,0,2.23910e+0,0,0,0,8.66249e-1,3.66692e-1,3.15044e+0,0,0,0,0,0,1.50425e-1,0,0,0,0,0,0,0,0,0,0,0,0,0,0,0,0,4.57356e+1,2.02826e+0,0,0,0,0,0,0,1.66513e-1,0,0,0,0,0,0,0,4.05767e+1,2.22754e+1,0,4.12292e-1,0,0,0,0,1.18276e+2
"Middle_East","JOR","Jordan",3.15827e-2,1.49726e-2,6.82866e-2,0,8.15500e-1,0,0,6.28020e-4,3.92161e-1,1.78145e+0,6.87963e+0,0,0,0,0,0,0,0,0,0,0,0,0,0,0,0,0,0,0,0,0,0,0,2.00486e+1,1.08512e+0,0,0,0,0,0,0,6.60333e-2,0,0,0,0,0,0,0,1.23472e+1,1.72632e+1,0,1.50302e-1,0,0,0,0,6.09447e+1
"Middle_East","KWT","Kuwait",2.32205e-1,3.45596e-1,9.80130e-2,0,1.75399e+0,0,0,0,2.64606e-1,2.06770e-1,4.57523e+2,0,0,0,0,0,1.58400e-1,0,0,0,0,0,0,0,0,0,0,0,0,0,0,0,0,3.82707e+0,1.12142e-1,0,0,0,0,0,0,2.14695e-3,0,0,0,0,0,0,0,1.83541e+1,1.05856e+1,0,1.46685e-1,0,0,0,0,4.93610e+2
"Middle_East","LBN","Lebanon",1.01919e-2,0,1.36155e-1,0,1.57014e+0,0,0,0,1.46606e+0,1.28030e+0,8.12000e-1,0,0,0,0,0,0,0,0,0,0,0,0,0,0,0,0,0,0,0,0,0,0,8.77494e+0,8.67855e-1,0,0,0,0,0,0,9.26328e-2,0,0,0,0,0,0,0,1.24722e+1,1.25934e+1,0,1.16356e-1,0,0,0,0,4.01923e+1
"Middle_East","OMN","Oman",3.24292e-1,1.62532e-1,1.03205e-1,0,7.83836e-1,0,0,0,3.00767e-1,2.71777e-1,3.01521e+2,0,0,0,0,0,0,0,0,0,0,0,0,0,0,0,0,0,0,0,0,0,0,1.90568e+1,8.19497e-1,0,0,0,0,0,0,3.74648e-3,0,0,0,0,0,0,0,8.30496e+0,9.33126e+0,0,1.08707e-1,0,0,0,0,3.41092e+2
"Middle_East","QAT","Qatar",4.95047e-1,2.38732e-1,6.73656e-2,3.87279e-3,4.50625e-1,0,0,0,3.70237e-2,3.00080e-2,2.52163e+2,0,0,0,0,0,1.03917e-1,0,0,0,0,0,0,0,0,0,0,0,0,0,0,0,0,4.73631e+0,3.12102e-1,0,0,0,0,0,0,2.50629e-3,0,0,0,0,0,0,0,4.53566e+0,9.19260e+0,0,4.66468e-2,0,0,0,0,2.72416e+2
"Middle_East","SAU","Saudi Arabia",3.77679e+0,1.66827e+0,1.06022e+0,1.36686e-2,1.15969e+1,0,0,0,3.13382e-1,1.72512e+0,1.60494e+3,0,0,0,0,0,5.17120e+0,0,0,0,0,0,0,0,0,0,0,0,0,0,0,0,0,9.72117e+1,5.15653e+0,0,0,0,0,0,0,1.23437e+0,0,0,0,0,0,0,0,1.08543e+2,8.82299e+1,0,1.08618e+0,0,0,0,0,1.93172e+3
"Middle_East","SYR","Syrian Arab Republic",1.83195e-1,3.87084e-2,3.30591e-1,2.97264e-3,1.79799e+0,0,0,0,6.67465e+0,9.14500e-2,3.13374e+2,0,0,0,0,0,0,0,0,0,0,0,0,0,0,0,0,0,0,0,0,0,0,1.11339e+2,4.01985e+0,4.95134e-3,0,0,0,0,0,3.72143e+0,0,8.81400e-2,0,0,0,0,0,2.85081e+1,5.22073e+1,0,2.95980e-1,0,0,0,0,5.22679e+2
"Middle_East","YEM","Yemen",9.83307e-3,8.23491e-3,2.49952e-2,0,1.79001e+0,0,0,0,2.95566e+0,4.66395e+0,6.07418e+1,0,0,0,0,0,0,0,0,0,0,0,0,0,0,0,0,0,0,0,0,0,0,1.05394e+2,4.69505e+0,0,0,0,0,0,0,5.43422e-1,0,0,0,0,0,0,0,6.88161e+0,5.54014e+1,0,9.47940e-2,0,0,0,0,2.43204e+2
"India +","AFG","Afghanistan",1.55371e-3,0,8.20769e-2,2.05617e-4,1.98867e-1,0,1.15131e-3,2.59911e-4,9.61829e+0,6.14945e+0,1.14228e+1,0,0,0,0,0,0,0,0,0,0,0,0,0,0,0,0,0,0,0,0,0,0,2.39366e+2,1.27456e+1,4.16684e+1,0,0,0,0,0,4.25864e-1,0,0,0,0,0,0,0,9.36964e+0,7.89070e+1,0,1.23346e-1,0,0,0,0,4.10080e+2
"India +","BGD","Bangladesh",1.80735e-1,3.58111e-3,1.31131e-1,0,6.47556e-1,1.96340e-2,4.51337e-2,0,1.64318e+2,2.52247e+1,1.37583e+2,0,0,0,0,0,0,0,0,0,0,0,0,0,0,0,0,0,0,0,0,0,0,8.05778e+2,7.26711e+1,2.22619e+3,0,0,0,0,2.44224e-1,1.19340e+1,1.83831e+1,0,0,0,0,0,0,1.29849e+2,5.32809e+2,0,0,0,0,0,0,4.12601e+3
"India +","BTN","Bhutan",4.44278e-4,0,8.86255e-3,3.83062e-4,2.04123e-2,0,1.95783e-4,4.08510e-5,1.42430e+1,1.10233e+1,7.87449e-3,0,0,0,0,0,0,1.32000e-2,0,0,0,0,0,0,0,0,0,0,0,0,0,0,0,1.32020e+1,1.39761e+0,7.14314e+0,0,0,0,0,0,2.46910e-1,0,0,0,0,0,0,0,4.46855e-1,7.19452e+0,0,4.26024e-3,0,0,0,0,5.49530e+1
"India +","IND","India",4.52978e+0,4.97681e-1,4.20601e+1,0,1.97997e+1,1.91274e-1,1.28661e-1,1.63285e-3,1.74867e+3,1.38415e+3,5.09847e+2,0,0,0,0,0,1.16408e+0,1.84494e+0,0,0,0,0,0,0,0,0,0,0,0,0,0,0,0,1.24274e+4,1.08396e+3,4.16958e+3,0,0,0,0,2.55288e+1,2.25613e+2,6.98496e+1,5.11128e-1,0,0,0,0,0,7.53299e+2,3.53067e+3,0,3.09035e+1,4.50000e+1,0,0,0,2.60752e+4
"India +","IOT","British Indian Ocean Territory",0,0,0,0,0,0,0,0,0,0,0,0,0,0,0,0,0,0,0,0,0,0,0,0,0,0,0,0,0,0,0,0,0,0,0,0,0,0,0,0,0,0,0,0,0,0,0,0,0,0,0,0,0,0,0,0,0,0,
"India +","LKA","Sri Lanka",2.55065e-2,4.43134e-3,8.34220e-1,4.29147e-3,7.87950e-1,4.17004e-3,5.86152e-3,0,3.70436e+1,2.65205e+0,5.47939e-1,0,0,0,0,0,0,0,0,0,0,0,0,0,0,0,0,0,0,0,0,0,0,1.06293e+2,9.07851e+0,1.95473e+2,0,0,0,0,1.57243e-1,2.93204e-1,1.65532e+0,0,0,0,0,0,0,3.61629e+1,8.81862e+1,0,0,0,0,0,0,4.79210e+2
"India +","MDV","Maldives",1.39035e-3,0,1.96671e-3,9.26629e-5,2.69440e-2,0,8.28583e-4,1.60407e-4,2.08546e-2,4.34310e-2,1.96072e-2,0,0,0,0,0,0,0,0,0,0,0,0,0,0,0,0,0,0,0,0,0,0,0,0,0,0,0,0,0,0,7.81339e-3,0,0,0,0,0,0,0,4.45335e-1,8.47512e-1,0,3.36828e-3,0,0,0,0,1.41930e+0
"India +","NPL","Nepal",0,0,7.70371e-2,0,1.55130e-1,0,0,0,5.87184e+1,5.34387e+0,0,0,0,0,0,0,0,0,0,0,0,0,0,0,0,0,0,0,0,0,0,0,0,4.10633e+2,3.55883e+1,3.78539e+2,0,0,0,0,7.83168e-1,8.78351e+0,3.49683e-1,0,0,0,0,0,0,3.97409e+0,9.03839e+1,0,0,0,0,0,0,9.93328e+2
"India +","PAK","Pakistan",3.00581e-1,4.19842e-2,4.04080e+0,0,3.22482e+0,4.30905e-2,0,3.34944e-4,1.64031e+2,5.68633e+1,7.32889e+2,0,0,0,0,0,0,0,0,0,0,0,0,0,0,0,0,0,0,0,0,0,0,2.48305e+3,1.80604e+2,7.52319e+2,0,0,0,0,1.24584e+0,8.46012e+0,8.29124e-2,9.33528e-2,0,0,0,0,0,1.19577e+2,5.22244e+2,0,1.45261e+0,0,0,0,0,5.03056e+3
"Korea","KOR","Korea, Republic of",1.29949e+0,3.37330e-1,4.80111e+0,4.25796e-2,1.56103e+1,5.31683e-2,1.03280e+0,3.31594e-2,2.99617e+1,8.28857e+1,1.08060e+2,0,0,0,0,0,1.40918e+0,2.35923e+0,0,0,0,0,0,0,0,0,0,0,0,0,0,0,0,3.12890e+2,1.92831e+1,3.86454e+2,0,0,0,0,0,3.97366e-1,0,2.07262e-1,0,0,0,0,0,1.28101e+2,3.75379e+2,0,0,0,0,0,0,1.47060e+3
"Korea","PRK","Korea, Democratic People's Republic of",7.27415e-2,9.37839e-4,4.19345e+0,0,5.33180e-1,0,0,0,5.82421e+1,3.88100e+2,2.53259e-1,0,0,0,0,0,0,1.10000e-1,0,0,0,0,0,0,0,0,0,0,0,0,0,0,0,4.13621e+1,6.40170e+0,1.54029e+2,0,0,0,0,0,1.92842e+0,0,2.41392e+1,0,0,0,0,0,3.63395e+1,1.07021e+2,1.69526e-1,0,0,0,0,0,8.22896e+2
"China +","CHN","China",9.28182e+0,2.58622e+0,9.59908e+1,5.68568e-2,4.28801e+1,1.08517e+0,1.15648e+0,7.20130e-3,4.52904e+3,1.41546e+4,1.19276e+3,0,0,0,0,0,1.05543e+1,1.34410e+1,0,0,0,0,0,0,0,0,0,0,0,0,0,0,0,8.53343e+3,1.25369e+3,1.45438e+4,0,0,0,0,3.92016e+0,1.51073e+1,8.64726e+0,4.37280e+1,0,0,0,0,0,1.71496e+3,5.79315e+3,1.23063e+1,3.89064e+0,9.00000e+1,0,0,0,5.20701e+4
"China +","HKG","Hong Kong",4.26673e-1,0,1.04168e-1,0,7.48077e-1,0,0,0,2.48486e-1,0,2.48689e+1,0,0,0,0,0,0,0,0,0,0,0,0,0,0,0,0,0,0,0,0,0,0,0,0,0,0,0,0,0,0,0,0,0,0,0,0,0,0,5.18891e+1,3.15393e+1,2.30834e-1,0,0,0,0,0,1.10056e+2
"China +","MAC","Macao",5.44136e-4,0,3.43767e-3,4.07028e-4,3.65935e-2,0,8.69834e-4,1.78848e-4,3.80024e-2,0,7.95263e-2,0,0,0,0,0,0,0,0,0,0,0,0,0,0,0,0,0,0,0,0,0,0,0,0,0,0,0,0,0,0,0,0,0,0,0,0,0,0,3.21836e+0,1.71605e+0,1.42904e-2,0,0,0,0,0,5.10826e+0
"China +","MNG","Mongolia",7.10895e-2,0,1.78188e-1,9.22788e-4,4.31883e-1,1.67472e-3,2.56728e-3,6.60852e-4,6.98457e+0,2.28663e+0,2.23184e-3,0,0,0,0,0,0,0,0,0,0,0,0,0,0,0,0,0,0,0,0,0,0,3.35175e+2,1.63785e+1,0,0,0,0,0,0,1.02601e-2,2.98843e-1,2.51688e+1,0,0,0,0,0,2.65907e+0,9.63822e+0,1.72936e-2,0,0,0,0,0,3.99307e+2
"China +","TWN","Taiwan_Province of China",6.06680e-1,1.78255e-1,2.49153e+0,7.79570e-3,1.18372e+1,1.73752e-3,8.90951e-2,0,9.97471e-1,5.77045e+0,3.13065e+1,0,0,0,0,0,4.89990e-1,5.64370e-1,0,0,0,0,0,0,0,0,0,0,0,0,0,0,0,2.30916e+1,4.85311e+1,0,0,0,0,0,0,0,0,0,0,0,0,0,0,1.14299e+2,1.08923e+2,5.48124e-1,0,0,0,0,0,3.49734e+2
"Southeastern Asia","BRN","Brunei Darussalam",1.29623e-1,8.93462e-2,1.65797e-2,0,3.01682e-1,0,0,0,4.68236e-2,1.59960e-2,1.68786e+2,0,0,0,0,0,0,0,0,0,0,0,0,0,0,0,0,0,0,0,0,0,0,3.41404e-1,9.28766e-2,6.99496e-2,0,0,0,0,0,3.09758e-3,1.24685e+1,0,0,0,0,0,0,1.76176e+0,1.46053e+0,4.79976e-2,1.48750e-2,0,0,0,0,1.85647e+2
"Southeastern Asia","KHM","Cambodia",6.73967e-4,0,4.44152e-2,1.39319e-3,6.51228e-2,0,4.33027e-4,1.05105e-4,4.71338e+1,7.13310e+0,6.31566e-4,0,0,0,0,0,0,0,0,0,0,0,0,0,0,0,0,0,0,0,0,0,0,1.70845e+2,2.30577e+1,3.67421e+2,0,0,0,0,3.04272e+1,1.63414e+1,0,0,0,0,0,0,0,5.78314e+0,4.49604e+1,1.73205e-1,6.50628e-2,0,0,0,0,7.13454e+2
"Southeastern Asia","LAO","Lao People's Democratic Republic",4.52575e-4,0,2.04583e-2,7.95440e-4,3.73436e-2,0,2.33926e-4,5.66850e-5,2.35621e+1,6.64140e+0,2.07225e-2,0,0,0,0,0,0,0,0,0,0,0,0,0,0,0,0,0,0,0,0,0,0,1.18242e+2,1.45842e+1,8.65892e+1,0,0,0,0,4.10544e+1,5.67112e+0,2.03674e+1,0,0,0,0,0,0,2.65449e+0,1.90858e+1,0,0,0,0,0,0,3.38532e+2
"Southeastern Asia","MMR","Myanmar",1.53976e-1,2.06435e-2,3.93685e-1,0,4.32236e-1,0,2.05153e-3,8.37360e-5,9.29992e+1,1.93797e+1,3.68471e+1,0,0,0,0,0,2.93250e-1,0,0,0,0,0,0,0,0,0,0,0,0,0,0,0,0,6.06193e+2,6.71581e+1,1.25422e+3,0,0,0,0,2.90568e+1,6.49992e+1,8.91344e+2,0,0,0,0,0,0,3.61139e+1,2.09823e+2,0,0,0,0,0,0,3.30943e+3
"Southeastern Asia","MYS","Malaysia",1.24839e+0,4.18931e-1,1.17624e+0,0,7.50879e+0,0,0,0,2.00063e+1,4.06652e+1,6.74424e+2,0,0,0,0,0,1.29797e+0,0,0,0,0,0,0,0,0,0,0,0,0,0,0,0,0,4.52584e+1,2.48854e+1,1.82190e+2,0,0,0,0,2.31046e+1,8.34565e+0,1.10024e+2,0,0,0,0,0,0,7.84252e+1,1.10210e+2,1.14137e+0,1.37200e+0,0,0,0,0,1.33170e+3
"Southeastern Asia","PHL","Philippines",9.91643e-2,1.29203e-1,5.12223e+0,6.07085e-3,3.21705e+0,0,1.69398e-1,0,1.56495e+2,1.02865e+2,5.32929e+0,0,0,0,0,0,1.27878e-3,3.32080e-1,0,0,0,0,0,0,0,0,0,0,0,0,0,0,0,3.28135e+2,6.68250e+1,1.02614e+3,0,0,0,0,3.43296e+0,5.82345e+1,4.96733e+0,0,0,0,0,0,0,1.53629e+2,3.60728e+2,0,2.71271e+0,0,0,0,0,2.27857e+3
"Southeastern Asia","SGP","Singapore",5.80072e-2,1.82186e-1,7.99678e-3,0,8.73600e-1,0,0,0,8.84059e-3,3.20075e+0,3.84173e+1,0,0,0,0,0,2.41512e-1,0,0,0,0,0,0,0,0,0,0,0,0,0,0,0,0,2.22502e-1,7.10805e-1,0,0,0,0,0,6.49296e-1,1.29456e-5,0,0,0,0,0,0,0,9.48709e+0,1.67592e+1,5.18079e+0,0,0,0,0,0,7.59999e+1
"Southeastern Asia","THA","Thailand",1.31297e+0,1.56096e-1,7.21534e+0,0,9.72039e+0,2.32828e-2,3.66345e-2,0,1.23237e+2,3.24902e+2,2.12726e+2,0,0,0,0,0,3.47040e-1,8.80000e-4,0,0,0,0,0,0,0,0,0,0,0,0,0,0,0,6.00503e+2,6.16394e+1,2.02298e+3,0,0,0,0,3.60624e+1,7.36639e+1,1.23978e+1,0,0,0,0,0,0,2.07317e+2,2.95989e+2,2.40004e+0,2.46332e+0,0,0,0,0,3.99509e+3
"Southeastern Asia","TLS","Timor-Leste",0,0,3.12165e-3,0,0,0,0,0,2.43422e-1,0,0,0,0,0,0,0,0,0,0,0,0,0,0,0,0,0,0,0,0,0,0,0,0,1.15630e+1,1.60913e+0,5.10374e+0,0,0,0,0,0,3.99610e-1,0,0,0,0,0,0,0,1.54662e-1,2.98985e+0,3.81966e-3,1.01486e-3,0,0,0,0,2.20713e+1
"Southeastern Asia","VNM","Viet Nam",8.33732e-2,0,9.31479e-1,3.72624e-3,1.67320e+0,0,0,1.09276e-2,2.06617e+2,1.77462e+2,6.09865e+1,0,0,0,0,0,0,0,0,0,0,0,0,0,0,0,0,0,0,0,0,0,0,3.92310e+2,1.10492e+2,1.78599e+3,0,0,0,0,1.40124e+1,6.79640e+1,6.01467e-1,0,0,0,0,0,0,6.26094e+1,3.34625e+2,0,0,0,0,0,0,3.21637e+3
"Indonesia +","IDN","Indonesia",1.33954e+0,2.01038e+0,1.20287e+1,2.02641e-2,1.35163e+1,0,4.46941e-1,0,4.02027e+2,2.34037e+2,1.48098e+3,0,0,0,0,0,6.50973e-1,2.31000e-2,0,0,0,0,0,0,0,0,0,0,0,0,0,0,0,1.05065e+3,1.03437e+2,2.54790e+3,0,0,0,0,3.31512e+1,1.89189e+2,1.49641e+2,0,1.44044e+3,0,0,0,0,5.45002e+2,1.12556e+3,6.86543e+0,7.91808e+0,0,0,0,0,9.34684e+3
"Indonesia +","PNG","Papua New Guinea",5.69783e-3,0,2.25911e-2,9.12668e-4,5.64715e-2,0,3.05458e-3,6.05058e-4,1.93372e+1,4.03651e-1,1.27763e+0,0,0,0,0,0,0,0,0,0,0,0,0,0,0,0,0,0,0,0,0,0,0,6.05760e+0,5.98406e+0,9.06754e-2,0,0,0,0,9.43776e+0,1.33603e-1,1.82791e+1,0,0,0,0,0,0,2.94539e+0,2.34857e+1,8.11850e-2,0,0,0,0,0,8.76030e+1
"Japan","JPN","Japan",9.20298e+0,5.92047e-1,1.42888e+1,7.20548e-2,1.73872e+1,4.67394e-2,1.35636e+0,0,2.19091e+1,1.81774e+2,3.92164e+1,0,0,0,0,0,4.97181e+0,6.94019e+0,0,0,0,0,0,0,0,0,0,0,0,0,0,0,0,5.39173e+2,2.04913e+2,9.87228e+2,0,0,0,0,0,5.09978e-1,4.92528e+0,2.10756e+0,0,0,0,0,0,2.78916e+2,2.93014e+2,9.58587e+1,6.24000e-1,0,0,0,0,2.70503e+3
"Oceania","ASM","American Samoa",0,0,0,0,0,0,0,0,2.16044e-5,0,0,0,0,0,0,0,0,0,0,0,0,0,0,0,0,0,0,0,0,0,0,0,0,1.62360e-2,1.25873e-1,0,0,0,0,0,0,9.84323e-6,0,0,0,0,0,0,0,2.75569e-1,6.41910e-2,0,0,0,0,0,0,4.81900e-1
"Oceania","ATF","French Southern Territories",0,0,0,0,0,0,0,0,0,0,0,0,0,0,0,0,0,0,0,0,0,0,0,0,0,0,0,0,0,0,0,0,0,0,0,0,0,0,0,0,0,0,0,0,0,0,0,0,0,0,0,0,0,0,0,0,0,0,
"Oceania","AUS","Australia",2.27366e+0,5.78235e-1,4.86324e+0,4.02351e-2,1.95539e+1,8.76549e-2,1.72036e-1,7.45250e-3,4.04811e+1,8.78622e+2,3.94381e+2,0,0,0,0,0,2.31791e-1,7.03000e-1,0,0,0,0,0,0,0,0,0,0,0,0,0,0,0,2.76631e+3,1.94737e+2,4.93167e+1,0,0,0,0,3.45960e+2,3.37938e+1,4.19629e+1,8.97504e+1,0,0,0,0,0,4.81216e+2,5.98380e+1,5.81981e-3,0,6.00000e-1,0,0,0,5.40549e+3
"Oceania","CCK","Cocos (Keeling) Islands",0,0,0,0,0,0,0,0,0,0,0,0,0,0,0,0,0,0,0,0,0,0,0,0,0,0,0,0,0,0,0,0,0,0,0,0,0,0,0,0,0,0,0,0,0,0,0,0,0,0,0,0,0,0,0,0,0,0,
"Oceania","COK","Cook Islands",0,0,0,0,0,0,0,0,1.41851e-3,0,0,0,0,0,0,0,0,0,0,0,0,0,0,0,0,0,0,0,0,0,0,0,0,6.30328e-2,1.18591e-1,0,0,0,0,0,0,6.46291e-4,0,0,0,0,0,0,0,0,2.41199e-2,0,0,0,0,0,0,2.07808e-1
"Oceania","CXR","Christmas Island",0,0,0,0,0,0,0,0,0,0,0,0,0,0,0,0,0,0,0,0,0,0,0,0,0,0,0,0,0,0,0,0,0,0,0,0,0,0,0,0,0,0,0,0,0,0,0,0,0,0,0,0,0,0,0,0,0,0,
"Oceania","FJI","Fiji",2.41530e-3,0,5.39945e-3,1.01604e-3,4.60105e-2,0,1.39082e-3,2.83746e-4,5.18001e-1,1.79986e-1,4.92186e-2,0,0,0,0,0,0,0,0,0,0,0,0,0,0,0,0,0,0,0,0,0,0,2.33362e+1,3.52995e+0,2.08204e+0,0,0,0,0,0,1.45127e-1,0,0,0,0,0,0,0,2.70835e+0,2.33692e+0,0,0,0,0,0,0,3.49423e+1
"Oceania","FSM","Micronesia, Federated States of",0,0,0,0,0,0,0,0,1.35721e-3,2.38700e-2,0,0,0,0,0,0,0,0,0,0,0,0,0,0,0,0,0,0,0,0,0,0,0,7.40667e-1,1.31745e-1,1.98053e-2,0,0,0,0,0,6.18365e-4,0,0,0,0,0,0,0,2.61687e-1,1.24427e-1,0,0,0,0,0,0,1.30418e+0
"Oceania","GUM","Guam",0,0,0,0,0,0,0,0,9.62625e-4,0,0,0,0,0,0,0,0,0,0,0,0,0,0,0,0,0,0,0,0,0,0,0,0,1.63811e-2,4.98995e-2,0,0,0,0,0,0,4.38582e-4,0,0,0,0,0,0,0,1.39577e+0,1.10084e+0,0,0,0,0,0,0,2.56430e+0
"Oceania","HMD","Heard Island and McDonald Islands",0,0,0,0,0,0,0,0,0,0,0,0,0,0,0,0,0,0,0,0,0,0,0,0,0,0,0,0,0,0,0,0,0,0,0,0,0,0,0,0,0,0,0,0,0,0,0,0,0,0,0,0,0,0,0,0,0,0,
"Oceania","KIR","Kiribati",5.03880e-5,0,3.38409e-4,5.78510e-5,1.61453e-3,0,2.61030e-5,5.75100e-6,5.25221e-3,2.33120e-2,1.24039e-3,0,0,0,0,0,0,0,0,0,0,0,0,0,0,0,0,0,0,0,0,0,0,9.50000e-3,2.62702e-2,0,0,0,0,0,0,1.94605e-3,0,0,0,0,0,0,0,2.07813e-1,2.71750e-1,0,0,0,0,0,0,5.49177e-1
"Oceania","MHL","Marshall Islands",0,0,0,0,0,0,0,0,0,0,0,0,0,0,0,0,0,0,0,0,0,0,0,0,0,0,0,0,0,0,0,0,0,0,0,0,0,0,0,0,0,0,0,0,0,0,0,0,0,2.17146e-1,6.59452e-2,0,0,0,0,0,0,2.83091e-1
"Oceania","MNP","Northern Mariana Islands",0,0,0,0,0,0,0,0,0,0,0,0,0,0,0,0,0,0,0,0,0,0,0,0,0,0,0,0,0,0,0,0,0,0,0,0,0,0,0,0,0,0,0,0,0,0,0,0,0,2.56608e-1,6.89917e-2,0,0,0,0,0,0,3.25600e-1
"Oceania","NCL","New Caledonia",1.52422e-3,0,8.14377e-3,8.23284e-5,5.88515e-2,0,7.75026e-4,1.77057e-4,9.87895e-2,3.56810e-2,7.26319e-2,0,0,0,0,0,0,0,0,0,0,0,0,0,0,0,0,0,0,0,0,0,0,6.49791e+0,8.02422e-1,0,0,0,0,0,0,1.48398e-3,0,0,0,0,0,0,0,1.64934e+0,2.41341e-1,0,0,0,0,0,0,9.46916e+0
"Oceania","NFK","Norfolk Island",0,0,0,0,0,0,0,0,0,0,0,0,0,0,0,0,0,0,0,0,0,0,0,0,0,0,0,0,0,0,0,0,0,0,0,0,0,0,0,0,0,0,0,0,0,0,0,0,0,0,4.07340e-3,0,0,0,0,0,0,4.07340e-3
"Oceania","NIU","Niue",0,0,0,0,0,0,0,0,9.61404e-5,3.72000e-4,0,0,0,0,0,0,0,0,0,0,0,0,0,0,0,0,0,0,0,0,0,0,0,9.37974e-3,2.31920e-2,0,0,0,0,0,0,4.38026e-5,0,0,0,0,0,0,0,4.53910e-3,3.37939e-3,0,0,0,0,0,0,4.10022e-2
"Oceania","NRU","Nauru",0,0,0,0,0,0,0,0,0,0,0,0,0,0,0,0,0,0,0,0,0,0,0,0,0,0,0,0,0,0,0,0,0,2.80000e-3,8.18133e-3,0,0,0,0,0,0,0,0,0,0,0,0,0,0,8.32264e-2,1.46393e-2,0,0,0,0,0,0,1.08847e-1
"Oceania","NZL","New Zealand",1.88162e-1,3.28399e-2,7.14560e-1,5.90339e-3,2.86505e+0,8.37360e-5,0,9.67152e-3,2.14239e+0,1.28651e+1,2.92816e+1,0,0,0,0,0,4.73110e+0,0,0,0,0,0,0,0,0,0,0,0,0,0,0,0,0,1.02727e+3,1.03162e+2,0,0,0,0,0,0,2.84905e-1,0,0,0,0,0,0,0,8.94989e+1,1.00880e+1,0,0,0,0,0,0,1.28314e+3
"Oceania","PCN","Pitcairn",0,0,0,0,0,0,0,0,0,0,0,0,0,0,0,0,0,0,0,0,0,0,0,0,0,0,0,0,0,0,0,0,0,0,0,0,0,0,0,0,0,0,0,0,0,0,0,0,0,0,1.03012e-3,0,0,0,0,0,0,1.03012e-3
"Oceania","PLW","Palau",0,0,0,0,0,0,0,0,0,0,0,0,0,0,0,0,0,0,0,0,0,0,0,0,0,0,0,0,0,0,0,0,0,0,0,0,0,0,0,0,0,0,0,0,0,0,0,0,0,0,6.04722e-2,0,0,0,0,0,0,6.04722e-2
"Oceania","PYF","French Polynesia",1.93684e-3,0,2.12324e-3,9.32174e-5,4.70544e-2,0,9.68310e-4,2.06115e-4,3.02246e-2,0,4.09801e-2,0,0,0,0,0,0,0,0,0,0,0,0,0,0,0,0,0,0,0,0,0,0,5.57400e-1,4.68980e-1,0,0,0,0,0,0,2.05065e-3,0,0,0,0,0,0,0,1.71425e+0,8.55378e-1,0,0,0,0,0,0,3.72164e+0
"Oceania","SLB","Solomon Islands",7.24875e-4,0,1.81268e-3,9.09115e-5,1.15550e-2,0,3.48208e-4,7.10580e-5,4.95957e-1,7.75620e-2,9.81653e-3,0,0,0,0,0,0,0,0,0,0,0,0,0,0,0,0,0,0,0,0,0,0,6.48336e+1,2.13326e+0,0,0,0,0,0,0,3.45662e-3,0,0,0,0,0,0,0,3.14991e-1,6.77650e-1,0,0,0,0,0,0,6.85609e+1
"Oceania","TKL","Tokelau",0,0,0,0,0,0,0,0,1.85680e-4,0,0,0,0,0,0,0,0,0,0,0,0,0,0,0,0,0,0,0,0,0,0,0,0,1.00000e-3,3.20383e-3,0,0,0,0,0,0,8.45978e-5,0,0,0,0,0,0,0,0,7.49689e-3,0,0,0,0,0,0,1.19710e-2
"Oceania","TON","Tonga",0,0,0,0,2.23037e-2,0,0,0,3.03723e-3,2.13900e-2,7.44011e-3,0,0,0,0,0,0,0,0,0,0,0,0,0,0,0,0,0,0,0,0,0,0,9.08488e-1,9.92456e-1,0,0,0,0,0,0,1.38379e-3,0,0,0,0,0,0,0,2.75121e-1,4.04056e-1,0,0,0,0,0,0,2.63568e+0
"Oceania","TUV","Tuvalu",0,0,0,0,0,0,0,0,0,0,0,0,0,0,0,0,0,0,0,0,0,0,0,0,0,0,0,0,0,0,0,0,0,1.28000e-2,3.85722e-2,0,0,0,0,0,0,0,0,0,0,0,0,0,0,2.32841e-2,7.35872e-2,0,0,0,0,0,0,1.48243e-1
"Oceania","VUT","Vanuatu",2.16739e-4,0,8.19303e-4,3.40695e-5,5.31033e-3,0,1.37123e-4,2.84130e-5,1.11881e-1,3.13720e-2,3.70894e-3,0,0,0,0,0,0,0,0,0,0,0,0,0,0,0,0,0,0,0,0,0,0,9.67515e+0,1.19940e+0,0,0,0,0,0,0,1.15497e-2,0,0,0,0,0,0,0,2.26411e-1,9.38198e-1,0,0,0,0,0,0,1.22042e+1
"Oceania","WLF","Wallis and Futuna",0,0,0,0,0,0,0,0,9.05508e-4,0,0,0,0,0,0,0,0,0,0,0,0,0,0,0,0,0,0,0,0,0,0,0,0,6.64232e-2,7.59984e-2,0,0,0,0,0,0,4.12560e-4,0,0,0,0,0,0,0,0,8.33867e-2,0,0,0,0,0,0,2.27126e-1
"Oceania","WSM","Samoa",2.87957e-4,0,8.44653e-4,2.53856e-4,1.82504e-2,0,2.08411e-4,4.89930e-5,2.49447e-1,3.07520e-2,7.83987e-3,0,0,0,0,0,0,0,0,0,0,0,0,0,0,0,0,0,0,0,0,0,0,1.65262e+0,2.08842e+0,0,0,0,0,0,0,1.09578e-3,0,0,0,0,0,0,0,2.80158e-1,1.02462e+0,0,0,0,0,0,0,5.35484e+0
"Antartica","ATA","Antarctica",0,0,0,0,0,0,0,0,0,0,0,0,0,0,0,0,0,0,0,0,0,0,0,0,0,0,0,0,0,0,0,0,0,0,0,0,0,0,0,0,0,0,0,0,0,0,0,0,0,0,0,0,0,0,0,0,0,0,
"Int. Shipping","SEA","Int. Shipping",0,0,0,0,0,0,0,0,0,0,1.04877e+1,0,3.76449e+1,0,0,0,0,0,0,0,0,0,0,0,0,0,0,0,0,0,0,0,0,0,0,0,0,0,0,0,0,0,0,0,0,0,0,0,0,0,0,0,0,0,0,0,0,4.81326e+1
"Int. Aviation","AIR","Int. Aviation",0,0,0,0,0,0,0,0,0,0,0,2.23501e+0,0,0,0,0,0,0,0,0,0,0,0,0,0,0,0,0,0,0,0,0,0,0,0,0,0,0,0,0,0,0,0,0,0,0,0,0,0,0,0,0,0,0,0,0,0,2.23501e+0

"TOTALS",,,1.87661e+2,4.46631e+1,3.85922e+2,2.11672e+0,7.28892e+2,5.29261e+0,9.24127e+0,2.80127e+0,1.27759e+4,3.24050e+4,5.47246e+4,2.23501e+0,3.76449e+1,0,0,0,1.08558e+2,5.54417e+1,0,0,0,0,0,0,0,0,0,0,0,0,0,0,0,9.15610e+4,1.08378e+4,3.58504e+4,0,0,0,0,6.54879e+3,1.29374e+3,7.49940e+3,2.10978e+3,1.44044e+3,0,0,0,0,2.70217e+4,2.58498e+4,1.72357e+2,1.70639e+2,1.50600e+2,0,0,0,03.11982e+5