"Content:","Emissions by country and main source category" 
"Compound:","CH4"
"Year: ","1994"
"Unit:","Gg CH4"
"Source:","European Commission, Joint Research Centre (JRC)/PBL Netherlands Environmental Assessment Agency. Emission Database for Global Atmospheric Research (EDGAR), release version 4.2. http://edgar.jrc.ec.europe.eu, 2010" 
"Dataset:","v4.2_EM_CH4_300911(edgar)"
"Date calculated:","November 30, 1999, 12:00 am"

,,,"Public electricity and heat production","Other Energy Industries","Manufacturing Industries and Construction","Domestic aviation","Road transportation","Rail transportation","Inland navigation","Other transportation","Residential and other sectors","Fugitive emissions from solid fuels","Fugitive emissions from oil and gas","Memo: International aviation","Memo: International navigation","Cement production","Lime production","Production of other minerals","Production of chemicals","Production of metals","Production of pulp/paper/food/drink","Production of halocarbons and SF6","Refrigeration and Air Conditioning","Foam Blowing","Fire Extinguishers","Aerosols","F-gas as Solvent","Semiconductor/Electronics Manufacture","Electrical Equipment","Other F-gas use","Non-energy use of lubricants/waxes (CO2)","Solvent and other product use: paint","Solvent and other product use: degrease","Solvent and other product use: chemicals","Solvent and other product use: other","Enteric fermentation","Manure management","Rice cultivation","Direct soil emissions","Manure in pasture/range/paddock","Indirect N2O from agriculture","Other direct soil emissions","Savanna burning","Agricultural waste burning","Forest fires","Grassland fires","Peat fires and decay of drained peatland","Other vegetation fires","Other biomass burning","Forest Fires-Post burn decay","Forest Land: net carbon stock change","Solid waste disposal on land","Wastewater handling","Waste incineration","Other waste handling","Fossil fuel fires","Indirect N2O from non-agricultural NOx","Indirect N2O from non-agricultural NH3","Other sources",

"World Region","ISO_A3","Country","1A1a","1A1bc","1A2","1A3a","1A3b","1A3c","1A3d","1A3e","1A4","1B1","1B2","1C1","1C2","2A1","2A2","2A7","2B","2C","2D","2E","2F1","2F2","2F3","2F4","2F5","2F7","2F8","2F9","2G","3A","3B","3C","3D","4A","4B","4C","4D1","4D2","4D3","4D4","4E","4F","5A","5C","5D","5F","5F1","5F2","5FL","6A","6B","6C","6D","7A","7B","7C","7D","TOTAL" 
"Canada","CAN","Canada",2.58848e+0,1.66997e+0,1.08310e+1,6.80773e-2,1.47386e+1,3.57234e-1,4.00048e-1,1.94017e-1,3.85055e+1,1.22652e+2,1.76840e+3,0,0,0,0,0,6.35180e+0,1.29610e-1,0,0,0,0,0,0,0,0,0,0,0,0,0,0,0,7.25947e+2,2.27534e+2,0,0,0,0,0,0,7.24791e+0,4.69642e+2,3.92784e+2,0,0,0,0,0,9.90868e+2,1.83046e+2,3.00547e+0,7.67672e+0,0,0,0,0,4.97464e+3
"USA","SPM","Saint Pierre and Miquelon",0,0,0,0,0,0,0,0,0,0,0,0,0,0,0,0,0,0,0,0,0,0,0,0,0,0,0,0,0,0,0,0,0,8.77260e-4,4.92084e-4,0,0,0,0,0,0,0,0,0,0,0,0,0,0,4.60510e-2,1.11159e-2,8.42744e-4,3.87032e-4,0,0,0,0,5.97661e-2
"USA","UMI","United States Minor Outlying Islands",0,0,0,0,0,0,0,0,0,0,0,0,0,0,0,0,0,0,0,0,0,0,0,0,0,0,0,0,0,0,0,0,0,0,0,0,0,0,0,0,0,0,0,0,0,0,0,0,0,0,0,0,0,0,0,0,0,0,
"USA","USA","United States",7.79068e+1,8.25468e+0,3.05707e+1,1.31083e+0,1.55157e+2,1.78565e+0,8.46700e-1,8.90783e-1,3.47669e+2,4.10634e+3,6.89312e+3,0,0,0,0,0,3.22575e+1,1.49236e+0,0,0,0,0,0,0,0,0,0,0,0,0,0,0,0,6.33860e+3,1.95446e+3,4.21264e+2,0,0,0,0,4.28448e-1,3.74947e+1,3.94085e+1,1.37834e+1,0,0,0,0,0,7.95590e+3,8.33632e+2,0,3.02820e+1,1.50000e+1,0,0,0,2.92979e+4
"Mexico","MEX","Mexico",4.53247e-1,1.26306e+0,4.21211e+0,0,2.52324e+1,1.04077e-1,0,3.16941e-2,7.53165e+1,3.63695e+1,8.46736e+2,0,0,0,0,0,1.09109e+0,1.95430e-1,0,0,0,0,0,0,0,0,0,0,0,0,0,0,0,2.18283e+3,1.80537e+2,1.19787e+1,0,0,0,0,3.32928e+1,2.98231e+1,8.51923e+1,1.86970e-1,0,0,0,0,0,3.34786e+2,4.50279e+2,0,0,0,0,0,0,4.29991e+3
"Rest Central America","ABW","Aruba",2.51050e-3,0,9.85364e-3,2.22300e-6,4.48493e-2,0,0,2.58000e-7,1.79665e-2,8.95900e-3,1.30306e-3,0,0,0,0,0,0,0,0,0,0,0,0,0,0,0,0,0,0,0,0,0,0,3.39370e-2,4.18740e-3,0,0,0,0,0,0,0,0,0,0,0,0,0,0,3.33597e-1,3.46489e-1,0,0,0,0,0,0,8.03655e-1
"Rest Central America","AIA","Anguilla",1.70550e-4,0,8.70630e-4,0,0,0,0,0,9.46000e-5,1.05989e-1,0,0,0,0,0,0,0,0,0,0,0,0,0,0,0,0,0,0,0,0,0,0,0,0,0,0,0,0,0,0,0,0,0,0,0,0,0,0,0,6.03883e-3,2.78289e-2,0,0,0,0,0,0,1.40992e-1
"Rest Central America","ANT","Netherlands Antilles",0,1.73203e-3,1.65797e-2,1.33978e-3,1.18880e-1,0,0,0,2.80515e-2,5.67300e-3,3.40636e+0,0,0,0,0,0,0,0,0,0,0,0,0,0,0,0,0,0,0,0,0,0,0,1.48872e-1,7.54500e-3,0,0,0,0,0,0,0,0,0,0,0,0,0,0,1.45474e+0,8.08133e-1,0,0,0,0,0,0,5.99790e+0
"Rest Central America","ATG","Antigua and Barbuda",2.76586e-3,0,6.57272e-3,2.30920e-5,1.43683e-2,0,0,2.27100e-6,1.69934e-2,0,1.38299e-2,0,0,0,0,0,0,0,0,0,0,0,0,0,0,0,0,0,0,0,0,0,0,1.14056e+0,2.40468e-2,0,0,0,0,0,0,1.31676e-3,0,0,0,0,0,0,0,2.60152e-1,2.85571e-1,0,0,0,0,0,0,1.76620e+0
"Rest Central America","BHS","Bahamas",1.52251e-2,0,3.35047e-2,8.25163e-4,7.38731e-2,0,0,6.29010e-5,1.71294e-1,7.14240e-2,1.56471e-1,0,0,0,0,0,0,0,0,0,0,0,0,0,0,0,0,0,0,0,0,0,0,1.52012e-1,2.16690e-2,0,0,0,0,0,0,1.64184e-2,0,0,0,0,0,0,0,5.47813e+0,1.23837e+0,0,0,0,0,0,0,7.42928e+0
"Rest Central America","BLZ","Belize",5.45370e-3,0,1.81729e-2,9.23401e-6,2.29672e-2,0,0,9.06000e-7,1.03341e+0,4.82980e-2,8.06597e-3,0,0,0,0,0,0,0,0,0,0,0,0,0,0,0,0,0,0,0,0,0,0,3.37962e+0,1.20730e-1,7.92674e-1,0,0,0,0,9.84864e-1,3.86191e-1,0,0,0,0,0,0,0,8.03590e-1,1.03328e+0,0,0,0,0,0,0,8.63733e+0
"Rest Central America","BMU","Bermuda",5.87243e-3,0,6.19103e-3,9.68996e-5,1.27145e-2,0,0,1.62000e-6,2.40160e-2,0,1.41381e-2,0,0,0,0,0,0,0,0,0,0,0,0,0,0,0,0,0,0,0,0,0,0,7.06515e-2,3.26920e-3,0,0,0,0,0,0,2.68014e-5,0,0,0,0,0,0,0,7.78102e-1,2.67699e-1,0,0,0,0,0,0,1.18278e+0
"Rest Central America","BRB","Barbados",8.29076e-3,1.67472e-4,2.69260e-2,5.82565e-5,3.37830e-2,0,0,4.77000e-6,3.21233e-2,2.42420e-2,4.58529e-1,0,0,0,0,0,0,0,0,0,0,0,0,0,0,0,0,0,0,0,0,0,0,2.08742e+0,9.13850e-2,0,0,0,0,0,0,1.37847e-1,0,0,0,0,0,0,0,1.51277e+0,1.47122e+0,0,0,0,0,0,0,5.88477e+0
"Rest Central America","CRI","Costa Rica",2.91888e-2,2.93091e-3,2.32931e-1,0,4.86955e-1,0,5.86152e-3,0,2.27319e+0,3.65800e-1,6.90993e-1,0,0,0,0,0,0,0,0,0,0,0,0,0,0,0,0,0,0,0,0,0,0,1.21790e+2,3.08558e+0,6.11218e+0,0,0,0,0,1.80509e+0,1.15782e+0,0,0,0,0,0,0,0,5.81568e+0,1.53383e+1,0,0,0,0,0,0,1.59193e+2
"Rest Central America","CUB","Cuba",3.32127e-1,1.05159e-3,3.70364e+0,0,3.27942e-1,0,0,0,2.54141e+1,4.38960e+0,3.42551e+0,0,0,0,0,0,0,0,0,0,0,0,0,0,0,0,0,0,0,0,0,0,0,2.67340e+2,1.03424e+1,6.07546e+1,0,0,0,0,1.30934e+1,1.32830e+1,2.86620e+0,0,0,0,0,0,0,5.79013e+1,5.94366e+1,0,0,0,0,0,0,5.22612e+2
"Rest Central America","CYM","Cayman Islands",3.84661e-3,0,3.04281e-3,1.42710e-5,1.09434e-2,0,0,1.40100e-6,1.60184e-2,0,9.21049e-3,0,0,0,0,0,0,0,0,0,0,0,0,0,0,0,0,0,0,0,0,0,0,7.78915e-2,4.11749e-3,0,0,0,0,0,0,1.11551e-5,0,0,0,0,0,0,0,6.58960e-1,1.35972e-1,0,0,0,0,0,0,9.20029e-1
"Rest Central America","DMA","Dominica",1.69838e-3,0,6.47665e-3,3.04100e-6,5.80041e-3,0,0,0,4.07231e-3,2.33120e-2,1.70868e-3,0,0,0,0,0,0,0,0,0,0,0,0,0,0,0,0,0,0,0,0,0,0,8.94163e-1,2.21270e-2,0,0,0,0,0,0,2.13033e-3,0,0,0,0,0,0,0,4.36352e-1,3.65383e-1,0,0,0,0,0,0,1.76323e+0
"Rest Central America","DOM","Dominican Republic",6.39171e-2,0,5.33398e-1,0,7.18598e-1,0,0,3.60064e-3,1.22395e+1,2.80752e+1,5.92698e-1,0,0,0,0,0,0,0,0,0,0,0,0,0,0,0,0,0,0,0,0,0,0,1.71286e+2,4.84351e+0,3.14708e+1,0,0,0,0,1.64652e+0,2.18539e+0,1.30506e+0,0,0,0,0,0,0,3.01264e+1,3.44680e+1,3.66902e-1,0,0,0,0,0,3.19925e+2
"Rest Central America","GLP","Guadeloupe",1.17705e-2,0,4.03888e-2,3.64457e-4,7.47348e-2,0,0,1.10700e-5,3.89752e-1,1.43654e-1,5.44872e-2,0,0,0,0,0,0,0,0,0,0,0,0,0,0,0,0,0,0,0,0,0,0,3.93404e+0,1.19529e-1,0,0,0,0,0,0,1.87016e-1,0,0,0,0,0,0,0,2.99420e+0,2.01656e+0,0,0,0,0,0,0,9.96650e+0
"Rest Central America","GRD","Grenada",2.99033e-3,0,8.66976e-3,2.69305e-5,8.05179e-3,0,0,9.33000e-7,9.58522e-3,9.13880e-2,5.34610e-3,0,0,0,0,0,0,0,0,0,0,0,0,0,0,0,0,0,0,0,0,0,0,3.39903e-1,1.39266e-2,0,0,0,0,0,0,4.18976e-3,0,0,0,0,0,0,0,3.16254e-1,4.49721e-1,0,0,0,0,0,0,1.25005e+0
"Rest Central America","GTM","Guatemala",2.46501e-1,8.79228e-4,4.12275e-1,0,4.44913e-1,0,0,0,3.22025e+1,2.74350e+0,1.02801e+0,0,0,0,0,0,0,0,0,0,0,0,0,0,0,0,0,0,0,0,0,0,0,1.36156e+2,3.50756e+0,1.75998e+0,0,0,0,0,7.65264e+0,4.41553e+0,9.27384e+0,0,0,0,0,0,0,1.17244e+1,4.15612e+1,0,0,0,0,0,0,2.53130e+2
"Rest Central America","HND","Honduras",9.67150e-3,1.25604e-4,3.78236e-1,0,2.37924e-1,0,0,0,1.53812e+1,1.09740e+0,0,0,0,0,0,0,0,0,0,0,0,0,0,0,0,0,0,0,0,0,0,0,0,1.27491e+2,3.43998e+0,2.00556e+0,0,0,0,0,1.01638e+1,1.46150e+0,9.66280e+0,0,0,0,0,0,0,4.73545e+0,2.20594e+1,0,0,0,0,0,0,1.98124e+2
"Rest Central America","HTI","Haiti",1.00483e-3,0,1.01237e-1,0,1.37924e-2,0,0,2.63768e-3,1.15126e+1,2.89896e+1,0,0,0,0,0,0,0,0,0,0,0,0,0,0,0,0,0,0,0,0,0,0,0,7.81831e+1,2.96845e+0,7.23093e+0,0,0,0,0,0,9.88802e-1,0,0,0,0,0,0,0,1.32777e+1,3.50218e+1,0,0,0,0,0,0,1.78292e+2
"Rest Central America","JAM","Jamaica",2.54839e-1,4.25280e-4,4.28874e-2,2.09339e-5,2.45830e-1,0,0,1.18068e-2,3.00729e+0,7.77325e+0,2.82866e-1,0,0,0,0,0,0,0,0,0,0,0,0,0,0,0,0,0,0,0,0,0,0,3.10635e+1,8.91210e-1,1.18696e-2,0,0,0,0,0,7.58708e-1,0,0,0,0,0,0,0,9.64515e+0,1.15932e+1,0,0,0,0,0,0,6.55829e+1
"Rest Central America","KNA","Saint Kitts and Nevis",1.67817e-3,0,3.57038e-3,3.58885e-5,4.87973e-3,0,0,0,8.54560e-2,0,2.17030e-3,0,0,0,0,0,0,0,0,0,0,0,0,0,0,0,0,0,0,0,0,0,0,3.15190e-1,8.62500e-3,0,0,0,0,0,0,5.37864e-2,0,0,0,0,0,0,0,6.16976e-1,2.54049e-1,0,0,0,0,0,0,1.34642e+0
"Rest Central America","LCA","Saint Lucia",4.49248e-3,0,1.28146e-2,6.44599e-6,1.50378e-2,0,0,3.72000e-7,2.46310e-2,2.72490e-2,5.12348e-3,0,0,0,0,0,0,0,0,0,0,0,0,0,0,0,0,0,0,0,0,0,0,8.66876e-1,3.32950e-2,0,0,0,0,0,0,8.39310e-3,0,0,0,0,0,0,0,1.56433e-1,6.54737e-1,0,0,0,0,0,0,1.80909e+0
"Rest Central America","MSR","Montserrat",5.35048e-4,0,9.65166e-4,3.52099e-6,3.72296e-3,0,0,0,2.12812e-3,0,9.19611e-4,0,0,0,0,0,0,0,0,0,0,0,0,0,0,0,0,0,0,0,0,0,0,6.20505e-1,1.38480e-2,0,0,0,0,0,0,4.57349e-5,0,0,0,0,0,0,0,1.16937e-2,5.23438e-2,0,0,0,0,0,0,7.06711e-1
"Rest Central America","MTQ","Martinique",1.65995e-2,0,3.97901e-2,3.56758e-4,6.78668e-2,0,0,1.71360e-5,1.12089e-1,1.33796e-1,6.87068e-2,0,0,0,0,0,0,0,0,0,0,0,0,0,0,0,0,0,0,0,0,0,0,2.23617e+0,7.83408e-2,0,0,0,0,0,0,6.73975e-2,0,0,0,0,0,0,0,4.69846e+0,1.73520e+0,0,0,0,0,0,0,9.25479e+0
"Rest Central America","NIC","Nicaragua",1.27563e-2,1.10382e-3,1.95767e-1,2.09339e-5,1.28568e-1,0,7.61999e-3,0,1.18117e+1,2.65205e+0,1.77606e-1,0,0,0,0,0,0,0,0,0,0,0,0,0,0,0,0,0,0,0,0,0,0,1.64343e+2,4.42716e+0,7.92674e+0,0,0,0,0,1.03447e+1,1.21414e+0,0,0,0,0,0,0,0,1.84179e+1,2.05425e+1,0,0,0,0,0,0,2.42204e+2
"Rest Central America","PAN","Panama",3.29395e-2,1.17965e-3,1.32345e-1,0,3.86885e-1,0,0,2.92657e-2,5.59808e+0,2.74350e-1,3.14006e-1,0,0,0,0,0,0,0,0,0,0,0,0,0,0,0,0,0,0,0,0,0,0,9.48266e+1,2.20163e+0,1.33295e+1,0,0,0,0,1.78241e+0,8.06737e-1,0,0,0,0,0,0,0,8.18496e+0,1.17443e+1,0,0,0,0,0,0,1.39645e+2
"Rest Central America","PRI","Puerto Rico",0,0,0,0,0,0,0,0,0,0,0,0,0,0,0,0,0,0,0,0,0,0,0,0,0,0,0,0,0,0,0,0,0,3.06827e+1,9.29058e-1,0,0,0,0,0,0,1.70988e-1,2.17933e-1,0,0,0,0,0,0,3.73801e+1,1.78152e+1,0,0,0,0,0,0,8.71960e+1
"Rest Central America","SLV","El Salvador",1.21321e-1,7.53624e-4,2.80271e-1,0,3.11820e-1,0,0,0,1.48240e+1,1.55465e+0,2.31672e-1,0,0,0,0,0,0,0,0,0,0,0,0,0,0,0,0,0,0,0,0,0,0,7.31624e+1,2.09017e+0,2.03284e+0,0,0,0,0,1.87550e-1,1.59034e+0,0,0,0,0,0,0,0,1.39965e+1,2.53208e+1,0,0,0,0,0,0,1.35705e+2
"Rest Central America","TCA","Turks and Caicos Islands",2.66927e-4,0,1.27601e-3,0,0,0,0,0,3.71975e-4,5.39400e-3,0,0,0,0,0,0,0,0,0,0,0,0,0,0,0,0,0,0,0,0,0,0,0,0,0,0,0,0,0,0,0,0,0,0,0,0,0,0,0,6.52118e-2,5.87574e-2,0,0,0,0,0,0,1.31278e-1
"Rest Central America","TTO","Trinidad and Tobago",2.21507e-1,1.09672e-1,2.90564e-2,0,3.51296e-1,0,0,1.25604e-4,7.93745e-1,1.69198e-1,1.14861e+2,0,0,0,0,0,2.34490e+0,0,0,0,0,0,0,0,0,0,0,0,0,0,0,0,0,2.64236e+0,2.13687e-1,6.41233e-1,0,0,0,0,0,4.26903e-1,0,0,0,0,0,0,0,8.88044e+0,2.30676e+1,0,0,0,0,0,0,1.54752e+2
"Rest Central America","VCT","Saint Vincent and the Grenadines",3.28759e-3,0,9.82946e-3,5.17349e-6,7.32740e-3,0,0,5.07000e-7,2.84907e-2,2.80860e-2,3.72083e-3,0,0,0,0,0,0,0,0,0,0,0,0,0,0,0,0,0,0,0,0,0,0,4.70927e-1,2.00490e-2,0,0,0,0,0,0,1.33885e-2,0,0,0,0,0,0,0,3.98208e-1,5.31068e-1,0,0,0,0,0,0,1.51439e+0
"Rest Central America","VGB","Virgin Islands_British",8.37980e-4,0,1.61041e-3,3.99249e-6,4.25464e-3,0,0,0,2.81976e-3,1.92200e-3,1.18884e-3,0,0,0,0,0,0,0,0,0,0,0,0,0,0,0,0,0,0,0,0,0,0,4.96543e-1,2.81093e-2,0,0,0,0,0,0,0,0,0,0,0,0,0,0,1.53052e-1,7.57365e-2,0,0,0,0,0,0,7.66078e-1
"Rest Central America","VIR","Virgin Islands_USA",0,0,0,0,0,0,0,0,0,0,0,0,0,0,0,0,0,0,0,0,0,0,0,0,0,0,0,0,0,0,0,0,0,4.42400e-2,8.57493e-3,0,0,0,0,0,0,9.39992e-2,0,0,0,0,0,0,0,1.06297e+0,4.86869e-1,0,0,0,0,0,0,1.69665e+0
"Brazil","BRA","Brazil",1.46379e+0,9.80450e+0,2.43798e+1,4.39405e-2,1.58078e+1,7.03695e-2,3.27659e-1,0,1.16976e+2,6.58549e+2,2.88870e+2,0,0,0,0,0,1.86107e+0,2.70004e+0,0,0,0,0,0,0,0,0,0,0,0,0,0,0,0,1.04420e+4,2.43402e+2,3.49170e+2,0,0,0,0,2.96880e+2,1.49951e+2,1.11881e+3,6.74328e-1,0,0,0,0,0,6.05121e+2,1.60357e+3,7.01499e+0,2.15427e+0,0,0,0,0,1.59396e+4
"Rest South America","ARG","Argentina",5.33524e-1,4.56862e-1,2.35952e+0,2.01803e-2,9.05416e+0,0,5.56844e-3,2.52045e-2,6.40726e+0,2.96114e+1,7.15406e+2,0,0,0,0,0,3.09918e-1,1.20768e-1,0,0,0,0,0,0,0,0,0,0,0,0,0,0,0,3.47919e+3,6.56695e+1,1.92370e+1,0,0,0,0,8.00112e+0,3.00517e+1,2.45779e+1,5.29392e+1,0,0,0,0,0,1.42768e+2,2.26047e+2,0,0,0,0,0,0,4.81279e+3
"Rest South America","BOL","Bolivia",9.94519e-2,3.28245e-2,2.95486e-1,2.11433e-3,4.33589e-1,3.82255e-3,3.22384e-3,0,1.07479e+1,1.46320e+0,1.81383e+2,0,0,0,0,0,0,0,0,0,0,0,0,0,0,0,0,0,0,0,0,0,0,3.77051e+2,1.11376e+1,1.85548e+1,0,0,0,0,8.63160e+1,2.58807e+0,1.87231e+2,0,0,0,0,0,0,1.32640e+1,3.50331e+1,0,0,0,0,0,0,9.25640e+2
"Rest South America","BVT","Bouvet Island",0,0,0,0,0,0,0,0,0,0,0,0,0,0,0,0,0,0,0,0,0,0,0,0,0,0,0,0,0,0,0,0,0,0,0,0,0,0,0,0,0,0,0,0,0,0,0,0,0,0,0,0,0,0,0,0,0,0,
"Rest South America","CHL","Chile",2.98789e-1,8.86091e-2,1.40470e+0,7.87930e-3,2.25647e+0,2.25878e-3,1.01991e-1,0,3.01184e+1,3.95406e+1,6.81664e+1,0,0,0,0,0,1.52833e+0,1.91169e-2,0,0,0,0,0,0,0,0,0,0,0,0,0,0,0,2.87445e+2,7.66794e+0,4.14755e+0,0,0,0,0,0,1.99242e+0,1.26974e+0,2.87952e+0,0,0,0,0,0,3.70435e+1,1.79186e+2,0,0,0,0,0,0,6.65165e+2
"Rest South America","COL","Colombia",2.73724e-1,1.41023e-1,3.03556e+0,3.97746e-4,4.77889e+0,2.57488e-4,3.80999e-2,1.38164e-3,5.36643e+1,5.88212e+1,2.18530e+2,0,0,0,0,0,1.11143e-1,2.16300e-2,0,0,0,0,0,0,0,0,0,0,0,0,0,0,0,1.60328e+3,4.02992e+1,1.06286e+2,0,0,0,0,1.42807e+1,1.20886e+1,6.49257e+1,0,0,0,0,0,0,6.99640e+1,1.77817e+2,0,0,0,0,0,0,2.42836e+3
"Rest South America","ECU","Ecuador",7.62893e-3,4.91140e-2,4.40285e-1,1.46538e-4,1.51343e+0,0,6.09598e-2,0,1.22200e+1,5.85280e+0,1.22863e+2,0,0,0,0,0,7.23600e-5,0,0,0,0,0,0,0,0,0,0,0,0,0,0,0,0,3.17529e+2,1.03470e+1,1.13551e+2,0,0,0,0,7.32024e-1,3.77971e+0,6.67604e-1,0,0,0,0,0,0,1.66968e+1,5.03276e+1,0,0,0,0,0,0,6.56638e+2
"Rest South America","FLK","Falkland Islands (Malvinas)",4.46532e-4,0,2.36067e-4,4.16300e-6,5.69695e-4,0,0,0,1.34010e-3,8.15300e-3,5.22984e-4,0,0,0,0,0,0,0,0,0,0,0,0,0,0,0,0,0,0,0,0,0,0,3.98676e+0,7.90521e-2,0,0,0,0,0,0,0,0,0,0,0,0,0,0,1.18494e-2,1.32465e-2,6.55018e-5,1.23236e-5,0,0,0,0,4.10225e+0
"Rest South America","GUF","French Guiana",5.23729e-3,0,1.55774e-2,2.52210e-4,1.72807e-2,0,0,1.58850e-5,2.53604e-1,2.35042e-1,4.29272e-2,0,0,0,0,0,0,0,0,0,0,0,0,0,0,0,0,0,0,0,0,0,0,4.87718e-1,2.67743e-2,1.05462e+0,0,0,0,0,0,2.18541e-2,4.22192e-1,0,0,0,0,0,0,7.44250e-1,6.35036e-1,2.46523e-3,3.59772e-4,0,0,0,0,3.96521e+0
"Rest South America","GUY","Guyana",2.15678e-2,0,6.66113e-2,9.20224e-5,3.55350e-2,0,0,4.71000e-7,3.16844e+0,1.82900e-1,2.34137e-2,0,0,0,0,0,0,0,0,0,0,0,0,0,0,0,0,0,0,0,0,0,0,1.45486e+1,4.57612e-1,3.09965e+1,0,0,0,0,1.92245e+0,1.22385e+0,1.09670e+1,0,0,0,0,0,0,1.18657e+0,4.07138e+0,3.88062e-3,5.81144e-4,0,0,0,0,6.88770e+1
"Rest South America","PER","Peru",9.14333e-2,5.45389e-2,2.59582e-1,4.18681e-5,1.26354e+0,0,2.05153e-2,0,2.83231e+1,8.13880e+0,3.30494e+1,0,0,0,0,0,3.00000e-4,1.96450e-1,0,0,0,0,0,0,0,0,0,0,0,0,0,0,0,3.16194e+2,1.00503e+1,7.75689e+1,0,0,0,0,5.60400e-1,3.71739e+0,2.37966e+1,0,0,0,0,0,0,4.68631e+1,1.07350e+2,0,0,0,0,0,0,6.57498e+2
"Rest South America","PRY","Paraguay",1.20831e-1,0,1.83491e+0,0,3.10264e-1,8.79228e-3,0,5.02416e-4,1.71685e+1,2.03933e+1,6.86197e-2,0,0,0,0,0,0,0,0,0,0,0,0,0,0,0,0,0,0,0,0,0,0,5.15701e+2,1.26147e+1,6.41233e+0,0,0,0,0,4.35216e+1,2.79239e+0,4.74197e+1,5.03832e+0,0,0,0,0,0,1.52344e+1,2.21348e+1,0,0,0,0,0,0,7.10775e+2
"Rest South America","SGS","South Georgia and the South Sandwich Islands",0,0,0,0,0,0,0,0,0,0,0,0,0,0,0,0,0,0,0,0,0,0,0,0,0,0,0,0,0,0,0,0,0,0,0,0,0,0,0,0,0,0,0,0,0,0,0,0,0,0,0,0,0,0,0,0,0,0,
"Rest South America","SUR","Suriname",1.49048e-2,0,4.31134e-2,7.66929e-5,3.92047e-2,0,0,5.07300e-6,1.93040e-1,6.16373e-1,1.61455e+0,0,0,0,0,0,0,0,0,0,0,0,0,0,0,0,0,0,0,0,0,0,0,5.23302e+0,2.45792e-1,1.92536e+1,0,0,0,0,0,1.86213e-1,8.46464e+0,0,0,0,0,0,0,1.64345e+0,2.28182e+0,5.27948e-3,7.86116e-4,0,0,0,0,3.98358e+1
"Rest South America","URY","Uruguay",1.82010e-2,8.47294e-4,2.97556e-1,3.97746e-4,3.78855e-1,0,0,2.51208e-4,3.94174e+0,2.76234e-1,2.00367e-3,0,0,0,0,0,0,2.75000e-4,0,0,0,0,0,0,0,0,0,0,0,0,0,0,0,7.80032e+2,1.49790e+1,4.61080e+1,0,0,0,0,0,1.13273e+0,0,0,0,0,0,0,0,1.79794e+1,1.60707e+1,0,0,0,0,0,0,8.81218e+2
"Rest South America","VEN","Venezuela",3.80258e-1,1.22018e+0,1.05767e+0,0,9.70403e+0,8.68761e-4,0,2.51208e-4,8.47036e+0,7.49870e+1,9.71815e+2,0,0,0,0,0,1.60093e+0,8.91000e-2,0,0,0,0,0,0,0,0,0,0,0,0,0,0,0,8.22949e+2,2.55126e+1,2.25114e+1,0,0,0,0,2.16576e+1,3.41146e+0,4.55661e+1,0,0,0,0,0,0,9.43313e+1,1.20746e+2,0,0,0,0,0,0,2.22601e+3
"Northern_Africa","DZA","Algeria",5.62476e-1,6.36916e-1,2.36582e-1,0,2.61893e+0,0,0,2.11433e-2,2.31223e+1,4.27364e+1,1.32112e+3,0,0,0,0,0,2.10431e-1,1.33000e-1,0,0,0,0,0,0,0,0,0,0,0,0,0,0,0,1.67318e+2,6.96077e+0,8.18051e-2,0,0,0,0,0,4.61312e-2,0,0,0,0,0,0,0,6.18584e+1,1.04551e+2,0,0,0,0,0,0,1.73221e+3
"Northern_Africa","EGY","Egypt",5.45723e-1,1.32619e-1,1.49984e+0,9.52498e-3,2.81566e+0,0,0,0,5.51908e+1,1.02593e+2,4.14731e+2,0,0,0,0,0,4.78200e-3,2.30050e-1,0,0,0,0,0,0,0,0,0,0,0,0,0,0,0,3.52585e+2,1.16944e+1,2.04554e+2,0,0,0,0,0,4.44641e-1,0,0,0,0,0,0,0,1.07186e+2,2.09206e+2,0,0,0,0,0,0,1.46342e+3
"Northern_Africa","ESH","Western Sahara",6.98283e-4,5.57677e-5,9.14693e-3,4.83350e-5,7.39283e-3,2.78465e-6,0,0,1.61756e-2,0,3.56602e-3,0,0,0,0,0,0,0,0,0,0,0,0,0,0,0,0,0,0,0,0,0,0,9.52370e+0,2.73027e-1,0,0,0,0,0,0,8.47260e-5,0,0,0,0,0,0,0,2.79758e-1,1.09748e+0,0,0,0,0,0,0,1.12111e+1
"Northern_Africa","LBY","Libyan Arab Jamahiriya",9.62210e-2,3.47664e-1,5.79453e-2,6.28019e-5,2.31578e+0,0,0,0,2.09536e+0,6.64494e+0,6.02010e+2,0,0,0,0,0,1.36950e+0,0,0,0,0,0,0,0,0,0,0,0,0,0,0,0,0,4.29652e+1,1.76340e+0,0,0,0,0,0,0,8.20347e-3,0,0,0,0,0,0,0,2.01157e+1,2.24486e+1,0,0,0,0,0,0,7.02238e+2
"Northern_Africa","MAR","Morocco",3.29324e-2,5.31724e-3,2.75492e-1,0,4.37753e-1,0,4.51337e-2,0,4.17166e+0,1.62363e+1,3.44080e+0,0,0,0,0,0,0,0,0,0,0,0,0,0,0,0,0,0,0,0,0,0,0,1.99307e+2,7.91867e+0,1.53564e+0,0,0,0,0,0,3.39517e-1,0,0,0,0,0,0,0,4.59740e+1,1.08146e+2,0,0,0,0,0,0,3.87867e+2
"Northern_Africa","TUN","Tunisia",1.97550e-1,2.95678e-3,9.17328e-2,0,4.05094e-1,0,0,8.79228e-4,8.13464e+0,1.06997e+1,6.79601e+1,0,0,0,0,0,0,1.19700e-2,0,0,0,0,0,0,0,0,0,0,0,0,0,0,0,8.48112e+1,3.52770e+0,0,0,0,0,0,0,3.12535e-2,0,0,0,0,0,0,0,2.25825e+1,3.42535e+1,0,0,0,0,0,0,2.32711e+2
"Western_Africa","BEN","Benin",6.28020e-4,0,8.79228e-4,0,2.21928e-2,0,0,0,2.12805e+1,1.47234e+1,2.87674e-1,0,0,0,0,0,0,0,0,0,0,0,0,0,0,0,0,0,0,0,0,0,0,4.83456e+1,2.58895e+0,1.25434e+0,0,0,0,0,3.10176e+1,4.02459e-1,7.00196e+1,0,0,0,0,0,0,4.56302e+0,2.47640e+1,0,0,0,0,0,0,2.19271e+2
"Western_Africa","BFA","Burkina Faso",1.21784e-3,7.50569e-5,3.38959e-1,6.04238e-4,5.71293e-2,3.75160e-6,0,0,3.76684e+1,3.45690e+1,1.21920e-2,0,0,0,0,0,0,0,0,0,0,0,0,0,0,0,0,0,0,0,0,0,0,2.23713e+2,1.01904e+1,4.47776e+0,0,0,0,0,2.92152e+1,8.20570e-1,0,0,0,0,0,0,0,2.89718e+0,3.74330e+1,0,0,0,0,0,0,3.81395e+2
"Western_Africa","CAF","Central African Republic",4.79000e-4,3.81593e-5,1.17930e-1,2.65211e-4,2.12182e-2,1.90485e-6,0,0,1.10585e+1,2.96310e+0,5.18680e-3,0,0,0,0,0,0,0,0,0,0,0,0,0,0,0,0,0,0,0,0,0,0,1.09370e+2,3.68728e+0,8.74023e-1,0,0,0,0,1.06790e+3,1.28525e-1,2.93454e+2,0,0,0,0,0,0,5.20504e+0,1.40428e+1,0,0,0,0,0,0,1.50883e+3
"Western_Africa","CIV","Cote d'Ivoire",8.91053e-3,4.38108e-3,1.76683e-2,0,2.02075e-1,2.95379e-3,1.08438e-2,0,3.57557e+1,5.57845e+1,1.40522e+0,0,0,0,0,0,0,0,0,0,0,0,0,0,0,0,0,0,0,0,0,0,0,5.44205e+1,2.62487e+0,2.37719e+1,0,0,0,0,1.72764e+1,1.13883e+0,2.38483e+2,0,0,0,0,0,0,2.52816e+1,5.64786e+1,0,0,0,0,0,0,5.12668e+2
"Western_Africa","CMR","Cameroon",1.13044e-3,0,9.04726e-1,0,4.21973e-1,0,0,0,3.19454e+1,8.04760e+0,6.96062e+1,0,0,0,0,0,0,0,0,0,0,0,0,0,0,0,0,0,0,0,0,0,0,2.02499e+2,7.46945e+0,1.43518e+0,0,0,0,0,1.12690e+2,5.89899e-1,1.15525e+2,0,0,0,0,0,0,2.57744e+1,6.06504e+1,0,0,0,0,0,0,6.37561e+2
"Western_Africa","COD","Congo_the Democratic Republic of the",5.02416e-4,2.93076e-4,2.91996e+0,0,1.49757e-1,0,0,0,2.05932e+2,9.50004e+0,3.88183e+0,0,0,0,0,0,0,0,0,0,0,0,0,0,0,0,0,0,0,0,0,0,0,4.66951e+0,2.21229e-1,8.42450e+1,0,0,0,0,9.01032e+2,4.28376e+0,2.29548e+3,0,0,0,0,0,0,4.97353e+1,1.65832e+2,0,0,0,0,0,0,3.72788e+3
"Western_Africa","COG","Congo",1.25604e-4,0,1.13044e-3,5.86152e-4,6.66550e-2,0,0,0,4.51215e+0,2.14907e+1,6.62800e+1,0,0,0,0,0,0,0,0,0,0,0,0,0,0,0,0,0,0,0,0,0,0,7.02499e+1,3.72189e+0,2.72683e-1,0,0,0,0,1.98233e+1,1.43342e-1,9.61996e+1,0,0,0,0,0,0,5.70361e+0,1.18751e+1,0,0,0,0,0,0,3.00341e+2
"Western_Africa","CPV","Cape Verde",3.94873e-4,3.14446e-5,1.39396e-2,5.39825e-5,7.93030e-3,1.56870e-6,0,0,4.87287e-2,5.11500e-3,2.28285e-3,0,0,0,0,0,0,0,0,0,0,0,0,0,0,0,0,0,0,0,0,0,0,1.64584e+0,4.28156e-1,0,0,0,0,0,0,1.87588e-2,0,0,0,0,0,0,0,6.12634e-1,1.76189e+0,0,0,0,0,0,0,4.54576e+0
"Western_Africa","GAB","Gabon",2.16876e-2,2.17714e-3,2.18634e-1,0,4.65952e-2,0,0,0,1.79360e+0,1.12211e+0,1.47389e+2,0,0,0,0,0,0,0,0,0,0,0,0,0,0,0,0,0,0,0,0,0,0,2.76846e+0,3.24843e-1,5.74071e-2,0,0,0,0,4.56024e-1,3.89713e-2,7.85944e+0,0,0,0,0,0,0,5.70197e+0,5.34489e+0,0,0,0,0,0,0,1.73145e+2
"Western_Africa","GHA","Ghana",8.79228e-4,1.54912e-3,4.14827e-1,0,5.39699e-1,2.78004e-3,5.86152e-3,0,7.65439e+1,4.66395e+1,2.85932e-1,0,0,0,0,0,0,0,0,0,0,0,0,0,0,0,0,0,0,0,0,0,0,6.01015e+1,2.94280e+0,1.16106e+1,0,0,0,0,7.86408e+1,8.69706e-1,2.34049e+1,0,0,0,0,0,0,2.46004e+1,7.25067e+1,0,0,0,0,0,0,3.99112e+2
"Western_Africa","GIN","Guinea",1.79150e-3,1.09539e-4,2.58919e-1,6.00664e-4,1.06248e-1,5.47385e-6,0,0,2.88975e+1,6.03570e+0,2.09665e-2,0,0,0,0,0,0,0,0,0,0,0,0,0,0,0,0,0,0,0,0,0,0,6.56523e+1,2.49585e+0,5.09886e+1,0,0,0,0,6.72504e+1,5.16452e-1,8.80396e+1,0,0,0,0,0,0,8.40403e+0,2.88475e+1,0,0,0,0,0,0,3.47517e+2
"Western_Africa","GMB","Gambia",7.10744e-4,5.72451e-5,3.82563e-2,9.05700e-5,3.72874e-2,2.85935e-6,0,0,1.83163e+0,3.54736e+0,4.44270e-3,0,0,0,0,0,0,0,0,0,0,0,0,0,0,0,0,0,0,0,0,0,0,1.34572e+1,5.24150e-1,1.89444e+0,0,0,0,0,3.53640e+0,2.83611e-2,0,0,0,0,0,0,0,1.18417e+0,3.91383e+0,0,0,0,0,0,0,2.99984e+1
"Western_Africa","GNB","Guinea-Bissau",5.93701e-4,4.33218e-5,4.11438e-2,1.58730e-4,2.17735e-2,2.16215e-6,0,0,1.73875e+0,5.38160e-2,5.49657e-3,0,0,0,0,0,0,0,0,0,0,0,0,0,0,0,0,0,0,0,0,0,0,1.68284e+1,9.00502e-1,9.37170e+0,0,0,0,0,6.22296e+0,1.11391e-1,0,0,0,0,0,0,0,1.03495e+0,4.82529e+0,0,0,0,0,0,0,4.11570e+1
"Western_Africa","GNQ","Equatorial Guinea",1.94629e-4,4.14046e-5,1.38505e-2,9.71130e-5,9.87209e-3,2.06670e-6,0,0,1.60000e+0,6.25425e-1,3.05330e+1,0,0,0,0,0,0,0,0,0,0,0,0,0,0,0,0,0,0,0,0,0,0,3.71280e-1,2.29240e-2,0,0,0,0,0,0,1.74028e-2,0,0,0,0,0,0,0,5.83758e-1,1.64460e+0,0,0,0,0,0,0,3.54225e+1
"Western_Africa","LBR","Liberia",8.83521e-4,5.56017e-5,7.35117e-2,1.38596e-4,3.36268e-2,2.77635e-6,0,0,9.71235e+0,7.54921e+0,6.76221e-3,0,0,0,0,0,0,0,0,0,0,0,0,0,0,0,0,0,0,0,0,0,0,3.45574e+0,3.01592e-1,6.27480e-1,0,0,0,0,8.50848e-1,7.04203e-2,7.10600e-2,0,0,0,0,0,0,3.14803e+0,1.01278e+1,0,0,0,0,0,0,3.60295e+1
"Western_Africa","MLI","Mali",1.30365e-3,1.04750e-4,3.49611e-1,1.90745e-4,8.23946e-2,5.23730e-6,0,0,1.75182e+1,7.14135e+0,9.65552e-3,0,0,0,0,0,0,0,0,0,0,0,0,0,0,0,0,0,0,0,0,0,0,2.68763e+2,1.03334e+1,4.07591e+1,0,0,0,0,4.36440e+1,8.92479e-1,2.78440e+1,0,0,0,0,0,0,5.25255e+0,4.13971e+1,0,0,0,0,0,0,4.63989e+2
"Western_Africa","MRT","Mauritania",4.82123e-3,2.90081e-4,8.28709e-2,1.48429e-3,3.31295e-1,1.52761e-5,0,0,4.96092e+0,9.45593e+0,6.05649e-2,0,0,0,0,0,0,0,0,0,0,0,0,0,0,0,0,0,0,0,0,0,0,1.33983e+2,6.05589e+0,2.38239e+0,0,0,0,0,6.46488e-3,1.71629e-1,0,0,0,0,0,0,0,2.87707e+0,1.06510e+1,0,0,0,0,0,0,1.71026e+2
"Western_Africa","NER","Niger",3.39090e-3,2.02018e-4,3.41057e-1,9.72575e-5,5.65209e-2,3.23649e-5,0,0,2.58610e+1,3.16142e+1,1.27722e-2,0,0,0,0,0,0,0,0,0,0,0,0,0,0,0,0,0,0,0,0,0,0,1.35603e+2,6.12048e+0,4.01850e+0,0,0,0,0,9.37728e-1,1.31506e+0,0,0,0,0,0,0,0,3.44273e+0,3.71110e+1,0,0,0,0,0,0,2.46437e+2
"Western_Africa","NGA","Nigeria",1.60441e-1,2.53285e-1,7.90190e+0,0,3.11483e+0,4.69133e-3,7.91308e-3,0,2.14473e+2,6.93133e+1,1.51623e+3,0,0,0,0,0,7.20000e-4,0,0,0,0,0,0,0,0,0,0,0,0,0,0,0,0,7.42450e+2,3.17450e+1,2.30679e+2,0,0,0,0,1.04635e+2,1.00292e+1,1.53979e+1,0,0,0,0,0,0,6.52176e+1,4.19165e+2,0,0,0,0,0,0,3.43078e+3
"Western_Africa","SEN","Senegal",8.00911e-2,8.37360e-5,1.16812e-2,0,7.69279e-2,0,6.15460e-3,0,1.98016e+1,2.94469e+1,1.38295e+0,0,0,0,0,0,0,0,0,0,0,0,0,0,0,0,0,0,0,0,0,0,0,1.38090e+2,6.22020e+0,1.11513e+1,0,0,0,0,2.65056e+1,2.63980e-1,0,0,0,0,0,0,0,1.19361e+1,4.01776e+1,0,0,0,0,0,0,2.85151e+2
"Western_Africa","SHN","Saint Helena",1.84419e-5,2.92990e-6,1.98690e-4,1.69985e-5,6.69854e-4,1.32800e-7,0,0,4.29373e-4,0,9.56725e-6,0,0,0,0,0,0,0,0,0,0,0,0,0,0,0,0,0,0,0,0,0,0,4.55946e-2,4.36684e-3,0,0,0,0,0,0,0,0,0,0,0,0,0,0,1.10132e-2,2.83888e-2,0,0,0,0,0,0,9.07094e-2
"Western_Africa","SLE","Sierra Leone",2.21432e-3,1.34584e-4,1.46818e-1,3.76576e-4,3.30412e-2,6.72715e-6,0,0,1.61218e+1,1.86640e+1,1.41780e-2,0,0,0,0,0,0,0,0,0,0,0,0,0,0,0,0,0,0,0,0,0,0,1.32257e+1,6.38874e-1,2.82041e+1,0,0,0,0,1.57222e+1,3.85116e-1,8.44424e+0,0,0,0,0,0,0,4.56565e+0,1.77701e+1,0,0,0,0,0,0,1.23939e+2
"Western_Africa","STP","Sao Tome and Principe",3.34302e-4,2.66762e-5,4.50811e-3,2.53240e-5,6.24240e-3,1.33215e-6,0,0,1.06902e-2,5.61317e-1,1.41803e-3,0,0,0,0,0,0,0,0,0,0,0,0,0,0,0,0,0,0,0,0,0,0,1.88592e-1,1.45729e-2,0,0,0,0,0,0,2.16977e-3,0,0,0,0,0,0,0,2.28775e-1,5.09900e-1,0,0,0,0,0,0,1.52857e+0
"Western_Africa","TCD","Chad",4.40035e-4,3.33204e-5,2.41463e-1,5.11864e-5,6.97050e-3,1.66415e-6,0,0,1.92691e+1,2.38200e+1,3.14533e-3,0,0,0,0,0,0,0,0,0,0,0,0,0,0,0,0,0,0,0,0,0,0,2.25086e+2,8.15515e+0,7.46292e+0,0,0,0,0,1.33409e+2,5.05455e-1,0,0,0,0,0,0,0,3.53017e+0,2.62829e+1,0,0,0,0,0,0,4.47773e+2
"Western_Africa","TGO","Togo",4.25598e-3,0,4.39614e-3,0,7.98673e-2,0,0,0,1.99981e+1,2.66120e+1,0,0,0,0,0,0,0,0,0,0,0,0,0,0,0,0,0,0,0,0,0,0,0,1.62697e+1,1.25729e+0,7.56339e+0,0,0,0,0,3.12024e+1,3.54039e-1,1.35952e+1,0,0,0,0,0,0,4.03002e+0,1.76458e+1,0,0,0,0,0,0,1.38616e+2
"Eastern_Africa","BDI","Burundi",6.08345e-4,3.76197e-5,2.15685e-1,2.62655e-4,4.17308e-2,1.87995e-6,0,0,2.33306e+1,1.82379e+1,6.95446e-3,0,0,0,0,0,0,0,0,0,0,0,0,0,0,0,0,0,0,0,0,0,0,2.02023e+1,7.89700e-1,1.86573e+0,0,0,0,0,0,3.30499e-1,0,0,0,0,0,0,0,6.61061e-1,2.26830e+1,0,0,0,0,0,0,8.83660e+1
"Eastern_Africa","COM","Comoros",9.59568e-5,1.72806e-5,2.09375e-2,7.55259e-5,6.41207e-3,8.63200e-7,0,0,4.94147e-2,2.13571e+0,1.48847e-3,0,0,0,0,0,0,0,0,0,0,0,0,0,0,0,0,0,0,0,0,0,0,2.14519e+0,9.78665e-2,2.00925e+0,0,0,0,0,0,1.19111e-2,0,0,0,0,0,0,0,5.67475e-1,2.40079e+0,0,0,0,0,0,0,9.44664e+0
"Eastern_Africa","DJI","Djibouti",1.77806e-3,1.36809e-4,2.37182e-2,2.74696e-4,2.54879e-2,6.83920e-6,0,0,9.84096e-2,2.88963e+0,2.88495e-2,0,0,0,0,0,0,0,0,0,0,0,0,0,0,0,0,0,0,0,0,0,0,1.44083e+1,5.88753e-1,0,0,0,0,0,0,1.81743e-6,0,0,0,0,0,0,0,1.16813e+0,2.72153e+0,0,0,0,0,0,0,2.19550e+1
"Eastern_Africa","ERI","Eritrea",1.87177e-3,3.34944e-4,1.88406e-3,0,3.51769e-2,0,0,0,7.20978e+0,1.01509e+1,1.97441e-1,0,0,0,0,0,0,0,0,0,0,0,0,0,0,0,0,0,0,0,0,0,0,5.75888e+1,2.02308e+0,0,0,0,0,0,1.94477e+0,1.06577e-1,0,0,0,0,0,0,0,1.00234e+0,1.31606e+1,0,0,0,0,0,0,9.34236e+1
"Eastern_Africa","ETH","Ethiopia",2.51208e-3,2.09340e-4,1.98455e-2,0,1.81315e-1,0,0,0,2.84444e+2,1.13398e+1,1.89655e-1,0,0,0,0,0,0,0,0,0,0,0,0,0,0,0,0,0,0,0,0,0,0,1.14687e+3,4.35599e+1,0,0,0,0,0,2.07926e+2,5.23054e+0,0,0,0,0,0,0,0,1.32542e+1,2.13275e+2,0,0,0,0,0,0,1.92629e+3
"Eastern_Africa","KEN","Kenya",4.22340e-1,8.30329e-3,8.00097e-2,1.07182e-2,3.92249e-1,5.56007e-3,5.86152e-4,0,8.05803e+1,1.87107e+2,5.44182e-1,0,0,0,0,0,0,0,0,0,0,0,0,0,0,0,0,0,0,0,0,0,0,6.02783e+2,1.90219e+1,1.54999e+0,0,0,0,0,3.54792e+0,1.05108e+0,0,0,0,0,0,0,0,1.08763e+1,1.12437e+2,0,0,0,0,0,0,1.02042e+3
"Eastern_Africa","MDG","Madagascar",3.42301e-3,2.68978e-4,4.79766e-1,6.76303e-4,1.12897e-1,1.52580e-5,0,0,3.39600e+1,4.65480e+1,2.17141e-2,0,0,0,0,0,0,0,0,0,0,0,0,0,0,0,0,0,0,0,0,0,0,3.59122e+2,1.27102e+1,1.88142e+2,0,0,0,0,5.79768e+1,8.70212e-1,3.74898e+1,1.01150e-1,0,0,0,0,0,8.32750e+0,5.41849e+1,0,0,0,0,0,0,8.00052e+2
"Eastern_Africa","MUS","Mauritius",4.27062e-3,3.35988e-4,4.16443e-2,2.40229e-4,8.54545e-2,2.13292e-5,0,0,3.22681e-1,9.14500e-2,3.86569e-2,0,0,0,0,0,0,0,0,0,0,0,0,0,0,0,0,0,0,0,0,0,0,1.60993e+0,1.88673e-1,0,0,0,0,0,0,9.54521e-2,0,0,0,0,0,0,0,2.80044e+0,4.96160e+0,0,0,0,0,0,0,1.02408e+1
"Eastern_Africa","MYT","Mayotte",0,0,0,0,0,0,0,0,0,0,0,0,0,0,0,0,0,0,0,0,0,0,0,0,0,0,0,0,0,0,0,0,0,0,0,0,0,0,0,0,0,0,0,0,0,0,0,0,0,1.68989e-1,3.62616e-1,0,0,0,0,0,0,5.31605e-1
"Eastern_Africa","REU","Reunion",3.60839e-3,2.69908e-4,2.46421e-2,1.02295e-3,1.26697e-1,1.34916e-5,0,0,2.43048e-1,0,3.55636e-2,0,0,0,0,0,0,0,0,0,0,0,0,0,0,0,0,0,0,0,0,0,0,1.46763e+0,3.31668e-1,5.74071e-3,0,0,0,0,0,3.54843e-2,0,0,0,0,0,0,0,3.31665e+0,3.69327e+0,0,0,0,0,0,0,9.28530e+0
"Eastern_Africa","RWA","Rwanda",1.85347e-3,1.34360e-4,1.96323e-1,4.28841e-4,5.14552e-2,6.71470e-6,0,0,9.39339e+0,1.07796e+0,1.16597e-1,0,0,0,0,0,0,0,0,0,0,0,0,0,0,0,0,0,0,0,0,0,0,2.34647e+1,9.08013e-1,2.43980e-1,0,0,0,0,2.01619e+0,2.58572e-1,0,0,0,0,0,0,0,7.24103e-1,2.96338e+1,0,0,0,0,0,0,6.80875e+1
"Eastern_Africa","SDN","Sudan",2.81411e-3,1.25604e-4,1.48623e+0,0,3.59342e-1,0,0,0,7.58124e+1,2.12255e+2,3.08873e+0,0,0,0,0,0,0,0,0,0,0,0,0,0,0,0,0,0,0,0,0,0,0,1.42239e+3,5.18687e+1,2.87036e-1,0,0,0,0,5.48160e+2,2.14815e+0,0,0,0,0,0,0,0,3.92726e+1,1.25953e+2,0,0,0,0,0,0,2.48308e+3
"Eastern_Africa","SOM","Somalia",6.90313e-4,8.99720e-5,2.24330e-1,3.28605e-4,4.45409e-2,4.49860e-6,0,0,2.65406e+1,4.48012e+1,1.03112e-2,0,0,0,0,0,0,0,0,0,0,0,0,0,0,0,0,0,0,0,0,0,0,5.03989e+2,2.19780e+1,1.57870e-1,0,0,0,0,6.14952e-3,2.10142e-1,0,0,0,0,0,0,0,4.23164e+0,3.17090e+1,0,0,0,0,0,0,6.33904e+2
"Eastern_Africa","SYC","Seychelles",2.01730e-3,1.62464e-4,3.28140e-3,2.44500e-7,1.19147e-2,8.12155e-6,0,0,1.61744e-2,0,8.99933e-3,0,0,0,0,0,0,0,0,0,0,0,0,0,0,0,0,0,0,0,0,0,0,1.50103e-1,5.91717e-2,0,0,0,0,0,0,5.05440e-6,0,0,0,0,0,0,0,2.94867e-1,3.59447e-1,0,0,0,0,0,0,9.06151e-1
"Eastern_Africa","UGA","Uganda",2.55584e-3,2.05852e-4,7.17002e-1,3.03916e-4,9.92226e-2,1.02920e-5,0,0,1.15175e+2,5.81659e+1,1.89667e-2,0,0,0,0,0,0,0,0,0,0,0,0,0,0,0,0,0,0,0,0,0,0,2.21496e+2,7.90331e+0,7.89348e+0,0,0,0,0,9.81120e+1,1.76243e+0,0,0,0,0,0,0,0,3.94628e+0,7.15429e+1,0,0,0,0,0,0,5.86836e+2
"Southern_Africa","AGO","Angola",3.01450e-4,4.35427e-3,1.46621e-1,0,2.49713e-1,0,0,0,1.48100e+1,6.52953e+1,2.54231e+2,0,0,0,0,0,0,0,0,0,0,0,0,0,0,0,0,0,0,0,0,0,0,1.29792e+2,4.20629e+0,3.44442e+0,0,0,0,0,4.05864e+2,2.15582e-1,4.26880e+0,0,0,0,0,0,0,1.16210e+1,4.91810e+1,0,0,0,0,0,0,9.43331e+2
"Southern_Africa","BWA","Botswana",5.22399e-3,2.39970e-4,6.01033e-2,6.00554e-5,1.55188e-1,1.30240e-4,0,0,4.15951e+0,1.63656e+1,2.07990e-2,0,0,0,0,0,0,0,0,0,0,0,0,0,0,0,0,0,0,0,0,0,0,1.03233e+2,2.75523e+0,0,0,0,0,0,9.13224e+1,5.88574e-2,0,2.40480e+0,0,0,0,0,0,2.58769e+0,7.18906e+0,0,0,0,0,0,0,2.30318e+2
"Southern_Africa","LSO","Lesotho",3.14762e-4,2.53482e-5,5.92478e-2,1.48385e-4,2.29529e-2,1.26575e-6,0,0,5.23175e+0,6.33476e+0,3.22991e-3,0,0,0,0,0,0,0,0,0,0,0,0,0,0,0,0,0,0,0,0,0,0,3.54009e+1,7.52301e-1,0,0,0,0,0,0,5.57778e-2,0,1.53247e+0,0,0,0,0,0,9.72319e-1,7.09397e+0,0,0,0,0,0,0,5.74601e+1
"Southern_Africa","MOZ","Mozambique",8.18646e-4,0,6.07548e-1,0,7.72674e-2,0,6.74075e-3,0,6.04361e+1,2.91765e+1,0,0,0,0,0,0,0,0,0,0,0,0,0,0,0,0,0,0,0,0,0,0,0,4.79749e+1,1.95136e+0,1.73657e+1,0,0,0,0,2.21993e+2,1.30569e+0,2.78385e+1,3.99264e+0,0,0,0,0,0,7.32335e+0,7.08246e+1,0,0,0,0,0,0,4.90875e+2
"Southern_Africa","MWI","Malawi",1.91010e-3,1.47076e-4,3.53136e-1,2.87959e-4,9.20082e-2,9.55380e-6,0,0,1.96416e+1,3.36499e+1,1.26413e-2,0,0,0,0,0,0,0,0,0,0,0,0,0,0,0,0,0,0,0,0,0,0,3.79478e+1,1.42222e+0,3.88934e+0,0,0,0,0,4.27248e+1,9.26536e-1,0,0,0,0,0,0,0,2.39524e+0,3.78245e+1,0,0,0,0,0,0,1.80882e+2
"Southern_Africa","NAM","Namibia",2.15317e-3,0,2.93076e-4,7.32690e-4,1.82563e-1,0,6.15460e-3,0,4.12478e-1,3.61832e+0,0,0,0,0,0,0,0,0,0,0,0,0,0,0,0,0,0,0,0,0,0,0,0,1.19118e+2,2.95537e+0,0,0,0,0,0,2.34182e+1,6.70049e-2,0,0,0,0,0,0,0,2.22135e+0,5.09073e+0,0,0,0,0,0,0,1.57094e+2
"Southern_Africa","SWZ","Swaziland",7.37005e-4,1.02825e-4,3.40256e-2,1.41557e-4,6.09495e-2,2.27757e-5,0,0,2.45487e+0,2.23144e+0,9.53597e-3,0,0,0,0,0,0,0,0,0,0,0,0,0,0,0,0,0,0,0,0,0,0,3.04401e+1,7.66467e-1,2.87036e-2,0,0,0,0,0,9.08418e-2,0,0,0,0,0,0,0,1.09217e+0,1.66922e+1,0,0,0,0,0,0,5.39023e+1
"Southern_Africa","TZA","Tanzania_United Republic of",1.38416e-2,6.69888e-4,1.09497e+0,0,1.75155e-1,0,0,0,7.93230e+1,4.74678e+1,1.61347e-1,0,0,0,0,0,0,0,0,0,0,0,0,0,0,0,0,0,0,0,0,0,0,4.86201e+2,1.66279e+1,5.06617e+1,0,0,0,0,3.02448e+2,3.04337e+0,8.61356e+1,0,0,0,0,0,0,9.42813e+0,1.22451e+2,0,0,0,0,0,0,1.20523e+3
"Southern_Africa","ZAF","South Africa",1.17802e+0,4.36683e-2,4.60174e+0,9.48309e-3,7.78877e+0,4.17027e-2,0,1.17231e-3,8.58858e+1,1.03795e+3,5.72651e+1,0,0,0,0,0,5.44300e-2,2.35447e+0,0,0,0,0,0,0,0,0,0,0,0,0,0,0,0,8.19588e+2,2.12841e+1,1.86573e-1,0,0,0,0,1.23614e+1,2.77646e+0,5.03712e+0,9.50321e+1,0,0,0,0,0,1.88461e+2,2.55596e+2,0,0,0,0,0,0,2.59749e+3
"Southern_Africa","ZMB","Zambia",1.11369e-3,2.00966e-3,8.43168e-1,0,1.59104e-1,4.51757e-3,0,0,3.00617e+1,6.12293e+1,1.48139e-1,0,0,0,0,0,0,0,0,0,0,0,0,0,0,0,0,0,0,0,0,0,0,9.97025e+1,3.42922e+0,1.03046e+0,0,0,0,0,6.01440e+2,2.59014e-1,2.68158e+2,0,0,0,0,0,0,8.57530e+0,3.40371e+1,0,0,0,0,0,0,1.10908e+3
"Southern_Africa","ZWE","Zimbabwe",6.33677e-2,1.04670e-3,2.53553e-1,0,3.14252e-1,8.58294e-3,0,0,2.92215e+1,2.70980e+1,6.90000e-5,0,0,0,0,0,0,2.46011e-1,0,0,0,0,0,0,0,0,0,0,0,0,0,0,0,2.01945e+2,5.46893e+0,2.87036e-2,0,0,0,0,6.10368e+1,5.32640e-1,0,0,0,0,0,0,0,9.48567e+0,4.31452e+1,0,0,0,0,0,0,3.78849e+2
"OECD_Europe","AUT","Austria",1.02827e+0,1.13701e-1,1.04021e+0,6.28020e-4,2.79263e+0,8.86137e-3,1.75846e-3,3.72625e-3,3.38746e+1,9.44412e+0,4.41340e+1,0,0,0,0,0,1.09890e-1,2.25540e-1,0,0,0,0,0,0,0,0,0,0,0,0,0,0,0,1.70026e+2,5.46986e+1,0,0,0,0,0,0,3.88437e-1,0,2.61624e+0,0,0,0,0,0,9.47069e+1,3.91072e+1,2.95200e-3,4.11400e+0,0,0,0,0,4.58438e+2
"OECD_Europe","BEL","Belgium",8.66125e-1,1.14848e-1,1.38535e+0,1.98873e-3,4.83602e+0,1.42477e-2,9.31981e-2,0,1.39297e+1,1.23827e+1,6.82147e+1,0,0,0,0,0,2.37000e-4,7.27500e-1,0,0,0,0,0,0,0,0,0,0,0,0,0,0,0,2.26234e+2,9.06502e+1,0,0,0,0,0,0,2.63595e-1,0,5.87712e-1,0,0,0,0,0,6.86965e+1,7.66685e+1,2.50714e+0,3.58586e+0,0,0,0,0,5.71760e+2
"OECD_Europe","CHE","Switzerland",4.73159e-1,1.08631e-2,5.74795e-1,1.65378e-3,3.36627e+0,1.56377e-3,1.75846e-3,0,7.83810e+0,2.86752e-1,3.64340e+1,0,0,0,0,0,6.90986e-2,0,0,0,0,0,0,0,0,0,0,0,0,0,0,0,0,1.31678e+2,3.47204e+1,0,0,0,0,0,0,1.11074e-1,5.93952e+0,0,0,0,0,0,0,3.67926e+1,1.14386e+1,1.20152e-5,1.49776e+0,0,0,0,0,2.71236e+2
"OECD_Europe","DEU","Germany",6.64304e+0,7.04547e-1,4.66344e+0,2.64396e-2,3.36874e+1,1.37245e-1,2.10428e-1,2.84702e-3,9.64033e+1,7.72268e+2,3.53591e+2,0,0,0,0,0,6.32524e+0,1.97561e+0,0,0,0,0,0,0,0,0,0,0,0,0,0,0,0,1.22032e+3,3.73337e+2,0,0,0,0,0,0,3.17570e+0,0,3.65568e+0,0,0,0,0,0,1.46746e+3,1.56976e+2,0,1.51306e-2,0,0,0,0,4.50158e+3
"OECD_Europe","DNK","Denmark",1.20132e+0,5.33810e-2,4.10330e-1,1.23511e-3,2.70011e+0,1.70277e-2,5.07022e-2,1.06763e-2,9.66399e+0,1.64976e-1,2.38329e+1,0,0,0,0,0,0,0,0,0,0,0,0,0,0,0,0,0,0,0,0,0,0,1.61607e+2,9.80624e+1,0,0,0,0,0,0,7.07154e-1,0,0,0,0,0,0,0,8.02793e+1,9.62827e+0,0,2.07694e+0,0,0,0,0,3.90468e+2
"OECD_Europe","ESP","Spain",7.78254e-1,2.21224e-1,3.25325e+0,2.03688e-2,1.74892e+1,4.50018e-2,5.80583e-1,0,4.60951e+1,1.39098e+2,3.37195e+1,0,0,0,0,0,6.68011e-1,5.30330e-1,0,0,0,0,0,0,0,0,0,0,0,0,0,0,0,5.59533e+2,2.60158e+2,1.70512e+1,0,0,0,0,0,1.44086e+0,0,4.35720e+1,0,0,0,0,0,3.06483e+2,1.19136e+2,4.04240e-1,1.22521e+1,0,0,0,0,1.56253e+3
"OECD_Europe","FIN","Finland",1.72263e+0,5.60898e-2,3.87498e+0,2.78422e-3,3.13826e+0,1.19889e-2,3.98583e-2,4.60548e-4,1.93368e+1,2.96826e+0,4.86831e+0,0,0,0,0,0,7.92712e-2,5.04671e-1,0,0,0,0,0,0,0,0,0,0,0,0,0,0,0,8.66136e+1,2.36670e+1,0,0,0,0,0,0,2.65355e-1,1.05269e+0,1.43604e-1,0,0,0,0,0,1.47398e+2,1.86084e+2,0,8.36000e-1,0,0,0,0,4.82664e+2
"OECD_Europe","FRA","France",2.12339e+0,4.14764e-1,4.30163e+0,1.94058e-2,2.98402e+1,5.68169e-2,8.96813e-2,0,1.75471e+2,4.24287e+1,6.75558e+2,0,0,0,0,0,1.60766e+0,2.07608e+0,0,0,0,0,0,0,0,0,0,0,0,0,0,0,0,1.45291e+3,3.80375e+2,6.95341e+0,0,0,0,0,0,5.01562e+0,0,2.47776e+0,0,0,0,0,0,5.23321e+2,1.82282e+2,1.53580e+1,9.44532e+0,0,0,0,0,3.51213e+3
"OECD_Europe","FRO","Faroe Islands",0,0,0,0,0,0,0,0,0,0,0,0,0,0,0,0,0,0,0,0,0,0,0,0,0,0,0,0,0,0,0,0,0,6.13384e-1,2.49390e-2,0,0,0,0,0,0,1.01249e-5,0,0,0,0,0,0,0,9.22754e-1,4.20392e-2,2.03833e-2,1.76947e-2,0,0,0,0,1.64120e+0
"OECD_Europe","GBR","United Kingdom",2.79864e+0,1.02163e+0,3.65794e+0,2.90772e-2,3.33411e+1,1.08074e-1,3.46122e-1,0,8.85771e+1,2.76392e+2,7.40687e+2,0,0,0,0,0,2.17059e+0,9.67750e-1,0,0,0,0,0,0,0,0,0,0,0,0,0,0,0,1.13991e+3,2.09769e+2,0,0,0,0,0,0,1.89650e+0,0,2.46816e+0,0,0,0,0,0,2.33921e+3,1.06982e+2,3.83801e+0,2.93813e+0,0,0,0,0,4.95711e+3
"OECD_Europe","GIB","Gibraltar",0,0,0,0,3.50032e-2,0,0,0,0,0,0,0,0,0,0,0,0,0,0,0,0,0,0,0,0,0,0,0,0,0,0,0,0,0,0,0,0,0,0,0,0,0,0,0,0,0,0,0,0,1.87830e-1,2.47457e-2,5.73950e-3,5.31652e-3,0,0,0,0,2.58635e-1
"OECD_Europe","GRC","Greece",3.92972e-1,5.66994e-2,7.93464e-1,9.92271e-3,6.29032e+0,9.46635e-3,1.70570e-1,0,1.28414e+1,5.00752e+1,6.43944e+0,0,0,0,0,0,3.36600e-3,0,0,0,0,0,0,0,0,0,0,0,0,0,0,0,0,1.38378e+2,2.94542e+1,5.93085e+0,0,0,0,0,0,5.30269e-1,1.61592e-1,4.48728e+0,0,0,0,0,0,9.49112e+1,1.48699e+1,1.35600e-4,1.26473e-1,0,0,0,0,3.65932e+2
"OECD_Europe","GRL","Greenland",0,0,0,0,0,0,0,0,0,0,0,0,0,0,0,0,0,0,0,0,0,0,0,0,0,0,0,0,0,0,0,0,0,1.76000e-1,2.99675e-3,0,0,0,0,0,0,0,0,0,0,0,0,0,0,8.00331e-1,2.05197e-1,9.06853e-3,8.46816e-3,0,0,0,0,1.20206e+0
"OECD_Europe","IRL","Ireland",1.59190e-1,3.01334e-3,2.33188e-1,4.39615e-4,1.63666e+0,1.04251e-2,9.37842e-3,0,1.68363e+1,7.27678e-1,3.30432e+1,0,0,0,0,0,0,0,0,0,0,0,0,0,0,0,0,0,0,0,0,0,0,4.62732e+2,7.12054e+1,0,0,0,0,0,0,1.41230e-1,0,2.37043e-1,0,0,0,0,0,8.94617e+1,8.58003e+0,0,2.73187e-1,0,0,0,0,6.85290e+2
"OECD_Europe","ISL","Iceland",2.63768e-3,0,4.07459e-2,1.46538e-4,1.96194e-1,0,7.32690e-3,0,7.67168e-2,0,0,0,0,0,0,0,0,7.26033e-2,0,0,0,0,0,0,0,0,0,0,0,0,0,0,0,9.64175e+0,1.42717e+0,0,0,0,0,0,0,7.39857e-5,0,0,0,0,0,0,0,4.04646e+0,4.89778e-1,4.80431e-2,4.57656e-3,0,0,0,0,1.60542e+1
"OECD_Europe","ITA","Italy",1.14061e+0,3.00580e-1,2.65158e+0,6.95008e-3,3.94873e+1,3.42292e-2,1.26609e-1,1.20580e-2,2.34472e+1,1.22401e+1,3.31625e+2,0,0,0,0,0,7.94501e-1,9.59275e-1,0,0,0,0,0,0,0,0,0,0,0,0,0,0,0,6.00080e+2,2.22284e+2,6.03310e+1,0,0,0,0,0,2.09963e+0,1.01194e+0,1.27414e+1,0,0,0,0,0,7.72667e+2,1.13173e+2,7.04564e+0,8.35324e+0,0,0,0,0,2.21261e+3
"OECD_Europe","LUX","Luxembourg",3.57553e-2,0,1.72816e-1,0,6.95822e-1,1.73752e-4,0,0,9.02799e-2,0,3.75562e+0,0,0,0,0,0,0,2.62290e-1,0,0,0,0,0,0,0,0,0,0,0,0,0,0,0,1.46426e+1,3.43398e+1,0,0,0,0,0,0,1.20282e-2,0,5.66520e-1,0,0,0,0,0,3.24653e+0,4.06583e-1,0,8.17696e-2,0,0,0,0,5.83086e+1
"OECD_Europe","NLD","Netherlands",1.83164e+0,3.45558e-1,5.35676e-1,1.50725e-3,6.59308e+0,6.08133e-3,4.57199e-2,0,9.02457e+0,4.19636e+0,2.94118e+2,0,0,0,0,0,3.30989e+0,2.61520e-1,0,0,0,0,0,0,0,0,0,0,0,0,0,0,0,3.67927e+2,1.75344e+2,0,0,0,0,0,0,2.07251e-1,0,3.82440e-2,0,0,0,0,0,5.19904e+2,3.98930e+1,0,1.30000e+0,0,0,0,0,1.42488e+3
"OECD_Europe","NOR","Norway",1.90625e-1,5.38566e-1,9.27122e-1,2.03060e-3,2.59636e+0,6.42885e-3,1.82880e-1,0,1.03035e+1,5.38708e+0,3.95671e+2,0,0,0,0,0,2.39345e+0,1.22206e+0,0,0,0,0,0,0,0,0,0,0,0,0,0,0,0,9.03533e+1,1.70426e+1,0,0,0,0,0,0,1.00165e-1,0,0,0,0,0,0,0,1.62555e+2,4.96439e+1,1.02511e+1,8.42696e-1,0,0,0,0,7.50210e+2
"OECD_Europe","PRT","Portugal",2.55372e-1,6.12350e-2,1.93523e+0,1.40258e-3,3.78075e+0,9.55637e-3,1.52400e-2,0,2.00650e+1,2.90119e+0,3.84714e+0,0,0,0,0,0,1.24102e-1,3.13600e-2,0,0,0,0,0,0,0,0,0,0,0,0,0,0,0,1.45453e+2,5.51435e+1,6.16092e+0,0,0,0,0,0,1.64408e-1,0,4.98624e+0,0,0,0,0,0,2.00507e+2,5.13185e+1,4.10977e-1,6.24800e-1,0,0,0,0,4.97797e+2
"OECD_Europe","SWE","Sweden",2.50503e+0,4.43082e-2,5.31045e+0,5.84058e-3,5.46073e+0,6.77632e-3,1.90500e-2,0,1.66020e+1,2.84649e+0,2.43653e+1,0,0,0,0,0,2.22231e-1,2.48785e-1,0,0,0,0,0,0,0,0,0,0,0,0,0,0,0,1.32488e+2,3.60870e+1,0,0,0,0,0,0,3.65397e-1,1.05965e+0,4.21848e-1,0,0,0,0,0,1.14802e+2,2.05639e+2,4.96151e-2,8.76728e-1,0,0,0,0,5.49426e+2
"Central Europe","ALB","Albania",0,5.44283e-3,1.44445e-2,0,2.01488e-1,0,0,0,1.17498e+1,5.62276e-1,1.34697e+1,0,0,0,0,0,0,3.71404e-2,0,0,0,0,0,0,0,0,0,0,0,0,0,0,0,8.49961e+1,1.13366e+1,0,0,0,0,0,0,2.06908e-1,0,1.19813e+0,0,0,0,0,0,3.54877e+0,5.22588e+0,1.23347e-2,4.72008e-3,0,0,0,0,1.32570e+2
"Central Europe","BGR","Bulgaria",3.26550e-1,1.95188e-2,2.71173e-1,6.28019e-5,1.49692e+0,1.44151e-2,1.17230e-3,1.25604e-4,1.26960e+1,3.16746e+1,6.90622e+0,0,0,0,0,0,1.72615e-1,1.69870e-1,0,0,0,0,0,0,0,0,0,0,0,0,0,0,0,1.06654e+2,1.98834e+1,2.11414e-1,0,0,0,0,0,1.91218e+0,0,2.75568e+0,0,0,0,0,0,4.28931e+2,3.41204e+1,0,0,0,0,0,0,6.48217e+2
"Central Europe","BIH","Bosnia and Herzegovina",6.52303e-3,0,1.26441e-2,7.95492e-4,2.15160e-1,6.95009e-4,0,0,6.71814e+0,8.57564e+0,3.25991e+0,0,0,0,0,0,9.05740e-4,1.32000e-3,0,0,0,0,0,0,0,0,0,0,0,0,0,0,0,4.50393e+1,8.07396e+0,0,0,0,0,0,0,2.40571e-1,0,0,0,0,0,0,0,4.50027e+0,6.58576e+0,1.25452e-2,6.92028e-3,0,0,0,0,8.32511e+1
"Central Europe","CYP","Cyprus",1.23315e-4,1.93427e-3,6.88728e-2,0,2.32839e-1,0,0,0,1.29791e-1,4.57250e-1,2.40479e-1,0,0,0,0,0,0,0,0,0,0,0,0,0,0,0,0,0,0,0,0,0,0,8.31133e+0,4.04547e+0,0,0,0,0,0,0,1.32120e-2,0,0,0,0,0,0,0,7.62201e+0,3.46536e+0,0,0,0,0,0,0,2.45887e+1
"Central Europe","CZE","Czech Republic",6.71721e-1,5.15648e-2,2.02825e+0,0,2.61378e+0,0,0,3.76812e-4,6.16808e+1,1.13010e+2,1.18921e+1,0,0,0,0,0,2.12459e-1,4.54720e-1,0,0,0,0,0,0,0,0,0,0,0,0,0,0,0,2.12778e+2,3.71759e+1,0,0,0,0,0,0,2.03492e+0,0,7.45848e+0,0,0,0,0,0,8.71734e+1,4.68081e+1,0,4.07232e-1,0,0,0,0,5.86452e+2
"Central Europe","EST","Estonia",2.33272e-1,6.95009e-4,6.78702e-2,2.09339e-5,4.61361e-1,6.16507e-3,1.17230e-3,0,7.10350e+0,1.20207e+1,1.20904e+1,0,0,0,0,0,0,0,0,0,0,0,0,0,0,0,0,0,0,0,0,0,0,3.87928e+1,6.27883e+0,2.13715e+0,0,0,0,0,0,1.54421e-1,0,0,0,0,0,0,0,2.00467e+1,5.78938e+0,0,3.48120e-2,0,0,0,0,1.05219e+2
"Central Europe","HRV","Croatia",8.64570e-2,7.44979e-2,1.03154e-1,5.86151e-4,8.80170e-1,5.38632e-3,8.79228e-3,3.26571e-3,9.06583e+0,1.71136e+0,7.25893e+1,0,0,0,0,0,5.65754e-2,7.88744e-2,0,0,0,0,0,0,0,0,0,0,0,0,0,0,0,4.86653e+1,1.23211e+1,0,0,0,0,0,0,7.06716e-1,0,1.61294e+0,0,0,0,0,0,2.05520e+1,1.69514e+1,0,0,0,0,0,0,1.85474e+2
"Central Europe","HUN","Hungary",3.32856e-1,4.14100e-2,2.67909e-1,0,2.39329e+0,1.87652e-2,1.17230e-3,0,2.26400e+1,1.78583e+1,3.96855e+1,0,0,0,0,0,9.22800e-2,1.28570e-1,0,0,0,0,0,0,0,0,0,0,0,0,0,0,0,1.17575e+2,3.39310e+1,1.22963e+0,0,0,0,0,0,3.25536e+0,0,2.41440e+0,0,0,0,0,0,8.95519e+1,3.52486e+1,2.71200e-2,0,0,0,0,0,3.66693e+2
"Central Europe","LTU","Lithuania",5.81505e-2,1.56419e-2,1.08853e-1,0,7.20190e-1,2.17190e-2,2.93076e-4,0,1.52467e+1,1.73910e-2,5.78884e+1,0,0,0,0,0,7.40140e-2,0,0,0,0,0,0,0,0,0,0,0,0,0,0,0,0,1.11193e+2,1.80997e+1,0,0,0,0,0,0,6.56865e-1,0,2.00561e+0,0,0,0,0,0,4.26589e+1,9.07316e+0,8.21328e-4,0,0,0,0,0,2.57840e+2
"Central Europe","LVA","Latvia",1.14404e-1,4.60548e-4,1.09654e-1,0,9.90643e-1,1.32052e-2,0,0,2.85669e+1,1.09740e-1,4.00939e+1,0,0,0,0,0,0,0,0,0,0,0,0,0,0,0,0,0,0,0,0,0,0,6.21274e+1,8.80254e+0,0,0,0,0,0,0,2.87593e-1,0,3.11664e-1,0,0,0,0,0,2.20192e+1,5.25560e+0,2.53804e-5,0,0,0,0,0,1.68803e+2
"Central Europe","MKD","Macedonia, the former Yugoslav Republic of",5.67730e-2,0,5.25025e-2,0,3.54042e-1,6.95009e-4,0,0,6.51441e+0,7.88803e+0,4.46900e-2,0,0,0,0,0,7.71578e-3,2.65804e-2,0,0,0,0,0,0,0,0,0,0,0,0,0,0,0,3.63600e+1,4.76287e+0,4.42257e-1,0,0,0,0,0,1.95882e-1,0,8.72184e-1,0,0,0,0,0,4.70329e+0,7.36844e+0,1.56392e-2,5.25136e-3,0,0,0,0,6.96713e+1
"Central Europe","MLT","Malta",4.31420e-3,0,0,0,1.34979e-1,0,0,0,1.13044e-2,0,0,0,0,0,0,0,0,0,0,0,0,0,0,0,0,0,0,0,0,0,0,0,0,1.62113e+0,7.87989e-1,0,0,0,0,0,0,9.72117e-4,0,0,0,0,0,0,0,6.78256e+0,4.17803e-1,0,0,0,0,0,0,9.76105e+0
"Central Europe","POL","Poland",1.95958e+0,1.64462e-1,2.81932e+0,0,7.21365e+0,4.98544e-2,2.34461e-3,0,2.89232e+2,2.43173e+3,1.71307e+2,0,0,0,0,0,1.54394e-1,7.85428e-1,0,0,0,0,0,0,0,0,0,0,0,0,0,0,0,6.66100e+2,1.40964e+2,0,0,0,0,0,0,6.01580e+0,0,5.11584e+0,0,0,0,0,0,3.38565e+2,1.07591e+2,2.63456e-1,4.62764e-1,0,0,0,0,4.17050e+3
"Central Europe","ROU","Romania",7.79440e-1,2.22096e-1,8.78353e-1,1.04670e-4,1.96117e+0,5.25043e-2,3.78068e-2,1.50725e-3,3.37960e+1,6.78936e+1,5.80807e+2,0,0,0,0,0,9.59543e-1,4.77317e-1,0,0,0,0,0,0,0,0,0,0,0,0,0,0,0,4.20837e+2,9.01817e+1,1.18617e+0,0,0,0,0,0,5.17376e+0,0,0,0,0,0,0,0,1.08767e+2,6.45410e+1,1.61710e-2,0,0,0,0,0,1.37857e+3
"Central Europe","SCG","Serbia and Montenegro",2.91008e-1,0,1.49846e-1,0,6.21291e-1,0,0,0,3.23693e+1,5.10084e+1,8.40017e+1,0,0,0,0,0,4.02284e-2,1.26000e-1,0,0,0,0,0,0,0,0,0,0,0,0,0,0,0,1.82842e+2,4.33418e+1,0,0,0,0,0,0,2.40881e+0,0,0,0,0,0,0,0,1.40255e+1,2.59583e+1,4.62268e-2,1.49843e-2,0,0,0,0,4.37245e+2
"Central Europe","SVK","Slovakia",1.57608e-1,1.57603e-1,5.26377e-1,0,8.15470e-1,0,0,0,2.83163e+0,5.99729e+0,3.46782e+1,0,0,0,0,0,9.21144e-2,3.59441e-1,0,0,0,0,0,0,0,0,0,0,0,0,0,0,0,9.29956e+1,1.74786e+1,0,0,0,0,0,0,1.12189e+0,0,7.10040e-1,0,0,0,0,0,2.95375e+1,2.89357e+1,0,7.64000e-2,0,0,0,0,2.16471e+2
"Central Europe","SVN","Slovenia",5.73633e-2,6.66367e-4,1.46044e-1,2.09339e-5,1.58690e+0,2.25878e-3,0,0,7.72398e+0,3.07701e+1,2.47200e+0,0,0,0,0,0,1.60557e-1,2.70512e-2,0,0,0,0,0,0,0,0,0,0,0,0,0,0,0,4.57794e+1,7.41670e+0,0,0,0,0,0,0,1.52918e-1,0,0,0,0,0,0,0,1.99653e+1,7.01374e+0,0,5.25328e-6,0,0,0,0,1.23275e+2
"Turkey","TUR","Turkey",7.68556e-1,7.39427e-2,1.20191e+0,1.23511e-2,5.71358e+0,3.83029e-2,5.83221e-2,1.38164e-3,1.29624e+2,1.73753e+2,6.22094e+1,0,0,0,0,0,4.46660e-1,3.92907e-1,0,0,0,0,0,0,0,0,0,0,0,0,0,0,0,9.22625e+2,1.92385e+2,1.47339e+1,0,0,0,0,0,2.90425e+1,0,1.36877e+0,0,0,0,0,0,4.08376e+2,2.94327e+2,0,7.19328e-1,0,0,0,0,2.23787e+3
"Ukraine +","BLR","Belarus",6.71296e-1,2.11852e-2,1.69140e-1,9.90178e-3,1.45158e+0,6.97395e-2,6.74075e-3,2.67955e-3,2.52365e+1,8.69240e-2,2.00219e+1,0,0,0,0,0,2.65461e-2,0,0,0,0,0,0,0,0,0,0,0,0,0,0,0,0,4.65817e+2,6.96256e+1,0,0,0,0,0,0,1.73461e+0,0,2.82792e-2,0,0,0,0,0,1.40944e+2,2.53053e+1,0,7.70812e-2,0,0,0,0,7.51306e+2
"Ukraine +","MDA","Moldova, Republic of",9.13412e-2,0,2.44111e-2,0,2.61308e-1,5.64381e-3,0,2.88889e-3,3.56291e+0,5.20800e-3,6.94275e+1,0,0,0,0,0,0,0,0,0,0,0,0,0,0,0,0,0,0,0,0,0,0,8.11859e+1,1.61199e+1,0,0,0,0,0,0,5.61576e-1,0,5.73744e-2,0,0,0,0,0,5.99417e+0,1.57071e+1,1.67443e-2,4.89456e-3,0,0,0,0,1.93029e+2
"Ukraine +","UKR","Ukraine",2.71955e+0,3.36502e-1,2.94822e+0,1.25604e-4,5.83554e+0,6.16819e-2,0,1.20496e-1,8.30168e+1,5.52069e+2,2.05439e+3,0,0,0,0,0,1.11008e+0,3.45588e+0,0,0,0,0,0,0,0,0,0,0,0,0,0,0,0,1.65980e+3,2.70800e+2,8.00360e+0,0,0,0,0,0,1.11985e+1,0,1.17614e+0,0,0,0,0,0,3.09099e+2,1.41502e+2,0,2.97751e-1,0,0,0,0,5.10794e+3
"Asia-Stan","KAZ","Kazakhstan",7.16076e-1,1.84487e-1,4.43794e+0,2.65440e-3,2.14481e+0,3.71830e-2,8.79228e-4,0,5.19685e+0,7.15435e+2,3.97168e+2,0,0,0,0,0,9.47700e-3,8.76280e-1,0,0,0,0,0,0,0,0,0,0,0,0,0,0,0,9.82586e+2,6.49212e+1,2.80425e+1,0,0,0,0,0,6.43960e+0,2.39203e+1,1.35943e+2,0,0,0,0,0,1.12141e+2,4.90418e+1,0,3.11662e-1,0,0,0,0,2.52956e+3
"Asia-Stan","KGZ","Kyrgyzstan",1.29247e-2,0,2.16709e-1,2.93075e-4,1.11763e-1,0,0,0,3.86861e-1,4.92506e+0,9.66611e+0,0,0,0,0,0,0,0,0,0,0,0,0,0,0,0,0,0,0,0,0,0,0,1.50296e+2,7.47092e+0,8.08918e-1,0,0,0,0,0,3.48392e-1,9.72336e-2,5.62008e+0,0,0,0,0,0,6.10398e+0,2.47622e+1,0,4.26944e-2,0,0,0,0,2.10870e+2
"Asia-Stan","TJK","Tajikistan",1.28116e-2,0,0,0,1.88141e+0,0,0,0,5.26071e-1,1.02735e+0,1.98136e+1,0,0,0,0,0,0,0,0,0,0,0,0,0,0,0,0,0,0,0,0,0,0,1.09753e+2,8.95716e+0,3.50531e+0,0,0,0,0,0,1.05905e-1,0,4.70664e-2,0,0,0,0,0,6.33133e+0,2.50998e+1,0,3.17859e-2,0,0,0,0,1.77093e+2
"Asia-Stan","TKM","Turkmenistan",1.55121e-1,1.67891e-1,0,0,5.91546e-1,0,0,0,2.08378e+0,0,6.26929e+2,0,0,0,0,0,3.75600e-4,0,0,0,0,0,0,0,0,0,0,0,0,0,0,0,0,1.33816e+2,1.21444e+1,9.97665e+0,0,0,0,0,0,3.58245e-1,2.31778e-2,1.84711e-1,0,0,0,0,0,8.53986e+0,2.38808e+1,0,6.87496e-2,0,0,0,0,8.18920e+2
"Asia-Stan","UZB","Uzbekistan",5.69112e-1,1.33015e-1,0,1.98872e-3,2.83005e+0,0,0,0,1.28600e+1,6.60602e+0,9.03745e+2,0,0,0,0,0,0,0,0,0,0,0,0,0,0,0,0,0,0,0,0,0,0,4.86416e+2,4.02434e+1,4.50297e+1,0,0,0,0,0,8.85289e-1,2.25586e-2,8.24256e-1,0,0,0,0,0,2.66734e+1,1.07689e+2,0,2.31416e-1,0,0,0,0,1.63476e+3
"Russia +","ARM","Armenia",1.02577e-2,0,1.68728e-2,0,4.88631e-2,0,0,0,8.17264e-1,0,5.69766e+1,0,0,0,0,0,0,0,0,0,0,0,0,0,0,0,0,0,0,0,0,0,0,4.12010e+1,5.62758e+0,0,0,0,0,0,0,8.78308e-2,0,3.99672e-2,0,0,0,0,0,1.09902e+1,4.94485e+0,0,5.60976e-2,0,0,0,0,1.20817e+2
"Russia +","AZE","Azerbaijan",6.20484e-2,1.05926e-2,1.47082e-1,0,1.45925e+0,2.07246e-3,2.93076e-4,1.46538e-3,1.05528e+0,0,2.20066e+2,0,0,0,0,0,7.55700e-3,0,0,0,0,0,0,0,0,0,0,0,0,0,0,0,0,1.37569e+2,2.23788e+1,3.63800e-1,0,0,0,0,0,3.50929e-1,0,4.07472e-2,0,0,0,0,0,2.18806e+1,4.56031e+1,0,1.15687e-1,0,0,0,0,4.51114e+2
"Russia +","GEO","Georgia",2.64899e-2,0,9.76384e-2,0,2.39461e-1,5.63125e-3,0,1.13044e-3,1.06060e+1,2.54055e+0,5.61799e+1,0,0,0,0,0,0,5.50000e-2,0,0,0,0,0,0,0,0,0,0,0,0,0,0,0,7.39794e+1,1.39358e+1,0,0,0,0,0,0,1.39402e-1,0,1.19794e-1,0,0,0,0,0,2.02271e+1,1.16228e+1,0,6.48488e-2,0,0,0,0,1.89841e+2
"Russia +","RUS","Russian Federation",1.64432e+1,1.51338e+0,5.24141e+0,1.07910e-1,3.48326e+1,4.08318e-1,4.69801e-1,1.34995e+0,5.12373e+2,1.95949e+3,1.47269e+4,0,0,0,0,0,5.78509e+0,3.87366e+0,0,0,0,0,0,0,0,0,0,0,0,0,0,0,0,3.94011e+3,6.69584e+2,7.02134e+1,0,0,0,0,0,2.75377e+1,7.37760e+1,2.78544e+2,0,0,0,0,0,1.35917e+3,8.12129e+2,0,0,0,0,0,0,2.44998e+4
"Middle_East","ARE","United Arab Emirates",9.52440e-1,4.76039e-2,7.14226e-1,0,2.16954e+0,0,0,0,3.34481e-1,1.56736e-1,7.04269e+2,0,0,0,0,0,0,0,0,0,0,0,0,0,0,0,0,0,0,0,0,0,0,1.56801e+1,9.63626e-1,0,0,0,0,0,0,8.94070e-4,0,0,0,0,0,0,0,1.44773e+1,9.89664e+0,0,1.72212e-1,0,0,0,0,7.49835e+2
"Middle_East","BHR","Bahrain",2.66898e-1,1.39905e-1,6.09180e-2,0,3.54088e-1,0,0,0,1.73752e-2,4.29970e-2,8.19546e+1,0,0,0,0,0,8.30875e-1,0,0,0,0,0,0,0,0,0,0,0,0,0,0,0,0,8.33182e-1,3.02364e-2,0,0,0,0,0,0,1.51407e-5,0,0,0,0,0,0,0,3.61380e+0,4.14247e+0,0,3.34928e-2,0,0,0,0,9.23209e+1
"Middle_East","IRN","Iran, Islamic Republic of",1.22363e+0,2.17411e-1,1.52395e+0,0,1.41538e+1,0,0,0,1.48363e+1,2.45623e+1,1.80398e+3,0,0,0,0,0,1.67764e-1,5.50000e-3,0,0,0,0,0,0,0,0,0,0,0,0,0,0,0,7.34971e+2,2.86811e+1,1.45083e+2,0,0,0,0,0,0,0,8.41536e-3,0,0,0,0,0,1.40932e+2,2.96118e+2,0,1.74593e+0,0,0,0,0,3.20821e+3
"Middle_East","IRQ","Iraq",2.31236e-1,8.30630e-2,6.39701e-1,0,4.81421e+0,0,0,0,8.57457e-1,1.28030e+0,3.22163e+2,0,0,0,0,0,8.58000e-3,0,0,0,0,0,0,0,0,0,0,0,0,0,0,0,0,1.07399e+2,4.34952e+0,4.20048e+1,0,0,0,0,0,2.14644e+0,0,9.08832e-1,0,0,0,0,0,7.01063e+1,7.31412e+1,0,3.87406e-1,0,0,0,0,6.30521e+2
"Middle_East","ISR","Israel",1.28650e-1,5.74137e-2,1.04963e-1,0,2.17345e+0,0,0,0,7.00242e-1,3.31716e-1,3.70731e+0,0,0,0,0,0,1.47125e-1,0,0,0,0,0,0,0,0,0,0,0,0,0,0,0,0,4.37818e+1,1.96441e+0,0,0,0,0,0,0,1.21957e-1,0,0,0,0,0,0,0,3.71928e+1,2.10048e+1,0,3.62241e-1,0,0,0,0,1.11779e+2
"Middle_East","JOR","Jordan",2.47318e-2,1.29593e-2,6.45185e-2,0,7.59366e-1,0,0,0,4.40105e-1,1.58026e+0,6.21429e+0,0,0,0,0,0,0,0,0,0,0,0,0,0,0,0,0,0,0,0,0,0,0,1.90040e+1,1.03407e+0,0,0,0,0,0,0,7.30627e-2,0,0,0,0,0,0,0,1.07878e+1,1.59908e+1,0,1.32056e-1,0,0,0,0,5.61180e+1
"Middle_East","KWT","Kuwait",1.83726e-1,3.58528e-1,1.24474e-1,0,1.66475e+0,0,0,0,2.20854e-1,2.06770e-1,4.59664e+2,0,0,0,0,0,1.38600e-1,0,0,0,0,0,0,0,0,0,0,0,0,0,0,0,0,2.33452e+0,7.04101e-2,0,0,0,0,0,0,1.11423e-3,0,0,0,0,0,0,0,1.73827e+1,1.02795e+1,0,1.28878e-1,0,0,0,0,4.92758e+2
"Middle_East","LBN","Lebanon",0,0,1.02577e-1,0,1.39339e+0,0,0,0,1.38210e+0,1.28030e+0,8.01500e-1,0,0,0,0,0,0,0,0,0,0,0,0,0,0,0,0,0,0,0,0,0,0,8.24064e+0,8.92221e-1,0,0,0,0,0,0,8.34115e-2,0,0,0,0,0,0,0,1.15066e+1,1.22281e+1,0,1.02231e-1,0,0,0,0,3.80131e+1
"Middle_East","OMN","Oman",3.16993e-1,7.23480e-2,6.71563e-2,0,7.79861e-1,0,0,0,2.67416e-1,2.09157e-1,2.66628e+2,0,0,0,0,0,0,0,0,0,0,0,0,0,0,0,0,0,0,0,0,0,0,1.79288e+1,7.70445e-1,0,0,0,0,0,0,3.68221e-3,0,0,0,0,0,0,0,6.83483e+0,8.86969e+0,0,9.55104e-2,0,0,0,0,3.02844e+2
"Middle_East","QAT","Qatar",4.49830e-1,2.14867e-1,6.43930e-2,2.93076e-3,4.29290e-1,0,0,0,3.45135e-2,3.00080e-2,2.19073e+2,0,0,0,0,0,1.17876e-1,0,0,0,0,0,0,0,0,0,0,0,0,0,0,0,0,4.40330e+0,2.88043e-1,0,0,0,0,0,0,1.93031e-3,0,0,0,0,0,0,0,4.16658e+0,9.25022e+0,0,4.09840e-2,0,0,0,0,2.38568e+2
"Middle_East","SAU","Saudi Arabia",3.67792e+0,1.26087e+0,8.06628e-1,1.39194e-2,1.24535e+1,0,0,0,3.92722e-1,4.10967e-1,1.57134e+3,0,0,0,0,0,5.08540e+0,0,0,0,0,0,0,0,0,0,0,0,0,0,0,0,0,9.39213e+1,4.88559e+0,0,0,0,0,0,0,2.81749e+0,0,0,0,0,0,0,0,9.68542e+1,8.24627e+1,0,9.54320e-1,0,0,0,0,1.87734e+3
"Middle_East","SYR","Syrian Arab Republic",1.52030e-1,3.33684e-2,3.05595e-1,0,1.88223e+0,0,0,0,6.33669e+0,9.14500e-2,2.93102e+2,0,0,0,0,0,0,0,0,0,0,0,0,0,0,0,0,0,0,0,0,0,0,9.67549e+1,3.54884e+0,5.15396e-3,0,0,0,0,0,3.51802e+0,0,1.32211e-1,0,0,0,0,0,2.57254e+1,4.93267e+1,0,2.60050e-1,0,0,0,0,4.81175e+2
"Middle_East","YEM","Yemen",1.75039e-2,7.69857e-3,0,0,1.58944e+0,0,0,0,2.83672e+0,4.66395e+0,6.36488e+1,0,0,0,0,0,0,0,0,0,0,0,0,0,0,0,0,0,0,0,0,0,0,9.98811e+1,4.48911e+0,0,0,0,0,0,0,6.02084e-1,0,0,0,0,0,0,0,5.90268e+0,5.14280e+1,0,8.32864e-2,0,0,0,0,2.35150e+2
"India +","AFG","Afghanistan",1.98389e-3,0,7.73869e-2,1.87212e-4,1.92229e-1,0,1.34568e-3,2.13807e-4,8.50087e+0,6.04772e+0,1.20851e+1,0,0,0,0,0,0,0,0,0,0,0,0,0,0,0,0,0,0,0,0,0,0,1.96118e+2,1.01795e+1,4.45545e+1,0,0,0,0,0,4.90685e-1,0,0,0,0,0,0,0,8.54375e+0,7.81901e+1,0,1.08372e-1,0,0,0,0,3.65092e+2
"India +","BGD","Bangladesh",1.59391e-1,3.49738e-3,5.68567e-2,0,4.71159e-1,1.47689e-2,3.42899e-2,0,1.61167e+2,2.46439e+1,1.18301e+2,0,0,0,0,0,0,0,0,0,0,0,0,0,0,0,0,0,0,0,0,0,0,7.76383e+2,7.16084e+1,2.23964e+3,0,0,0,0,2.44224e-1,1.11537e+1,1.83831e+1,0,0,0,0,0,0,1.17204e+2,5.07486e+2,0,0,0,0,0,0,4.04696e+3
"India +","BTN","Bhutan",4.80085e-4,0,7.69961e-3,2.47995e-4,1.46019e-2,0,1.56408e-4,2.45820e-5,1.40637e+1,1.44124e+1,6.74676e-3,0,0,0,0,0,0,2.20000e-3,0,0,0,0,0,0,0,0,0,0,0,0,0,0,0,1.24773e+1,1.29811e+0,6.93070e+0,0,0,0,0,0,2.18936e-1,0,0,0,0,0,0,0,4.04988e-1,6.82709e+0,0,3.74308e-3,0,0,0,0,5.66692e+1
"India +","IND","India",3.34871e+0,4.45658e-1,4.21395e+1,0,1.78909e+1,2.79726e-1,1.72329e-1,1.50725e-3,1.76303e+3,1.25458e+3,4.39865e+2,0,0,0,0,0,7.62979e-1,1.71290e+0,0,0,0,0,0,0,0,0,0,0,0,0,0,0,0,1.22420e+4,1.06126e+3,4.24554e+3,0,0,0,0,2.55288e+1,2.17463e+2,6.98496e+1,5.11128e-1,0,0,0,0,0,6.85809e+2,3.37131e+3,0,2.71520e+1,4.50000e+1,0,0,0,2.55156e+4
"India +","IOT","British Indian Ocean Territory",0,0,0,0,0,0,0,0,0,0,0,0,0,0,0,0,0,0,0,0,0,0,0,0,0,0,0,0,0,0,0,0,0,0,0,0,0,0,0,0,0,0,0,0,0,0,0,0,0,0,0,0,0,0,0,0,0,0,
"India +","LKA","Sri Lanka",4.96890e-3,4.56529e-3,4.74572e-1,3.20289e-3,6.53014e-1,4.86505e-3,0,0,3.65819e+1,1.37175e+0,5.21406e-1,0,0,0,0,0,0,0,0,0,0,0,0,0,0,0,0,0,0,0,0,0,0,1.10119e+2,9.45318e+0,2.77046e+2,0,0,0,0,1.57243e-1,3.08836e-1,1.65532e+0,0,0,0,0,0,0,3.41117e+1,8.58918e+1,0,0,0,0,0,0,5.58364e+2
"India +","MDV","Maldives",1.15023e-3,0,1.68765e-3,5.50339e-5,1.74018e-2,0,5.82043e-4,9.05310e-5,1.55861e-2,4.52600e-2,1.54153e-2,0,0,0,0,0,0,0,0,0,0,0,0,0,0,0,0,0,0,0,0,0,0,0,0,0,0,0,0,0,0,8.48796e-3,0,0,0,0,0,0,0,4.25151e-1,7.98631e-1,0,2.95938e-3,0,0,0,0,1.33246e+0
"India +","NPL","Nepal",0,0,7.74559e-2,0,1.19792e-1,0,0,0,5.73149e+1,5.06485e+0,0,0,0,0,0,0,0,0,0,0,0,0,0,0,0,0,0,0,0,0,0,0,0,3.89809e+2,3.36673e+1,3.56932e+2,0,0,0,0,7.83168e-1,7.72372e+0,3.49683e-1,0,0,0,0,0,0,3.40985e+0,8.63364e+1,0,0,0,0,0,0,9.41589e+2
"India +","PAK","Pakistan",2.97371e-1,5.37917e-2,3.83968e+0,0,2.77139e+0,4.46543e-2,0,4.18680e-5,1.40668e+2,4.97878e+1,6.80271e+2,0,0,0,0,0,0,0,0,0,0,0,0,0,0,0,0,0,0,0,0,0,0,2.30809e+3,1.64765e+2,7.43399e+2,0,0,0,0,1.24584e+0,7.85571e+0,8.29124e-2,9.33528e-2,0,0,0,0,0,1.07795e+2,4.91469e+2,0,1.27627e+0,0,0,0,0,4.70381e+3
"Korea","KOR","Korea, Republic of",7.21022e-1,2.51507e-1,4.19457e+0,3.98373e-2,1.30925e+1,5.31680e-2,7.96874e-1,3.24058e-2,4.36026e+1,1.11235e+2,7.56936e+1,0,0,0,0,0,1.31207e+0,2.26737e+0,0,0,0,0,0,0,0,0,0,0,0,0,0,0,0,2.64815e+2,1.76638e+1,4.23694e+2,0,0,0,0,0,4.17560e-1,0,3.10896e-1,0,0,0,0,0,1.13940e+2,3.48194e+2,0,0,0,0,0,0,1.42233e+3
"Korea","PRK","Korea, Democratic People's Republic of",8.97107e-2,9.04351e-4,5.16639e+0,0,5.42789e-1,0,0,0,6.54096e+1,3.90179e+2,2.42443e-1,0,0,0,0,0,0,1.10000e-1,0,0,0,0,0,0,0,0,0,0,0,0,0,0,0,6.03569e+1,8.57400e+0,1.61644e+2,0,0,0,0,0,4.34226e+0,0,3.62088e+1,0,0,0,0,0,3.46767e+1,1.04466e+2,1.71543e-1,0,0,0,0,0,8.72181e+2
"China +","CHN","China",7.54714e+0,2.52353e+0,8.61644e+1,3.47922e-2,3.44743e+1,1.09986e+0,9.54550e-1,4.81482e-3,4.31217e+3,1.23998e+4,1.02871e+3,0,0,0,0,0,7.22780e+0,1.20600e+1,0,0,0,0,0,0,0,0,0,0,0,0,0,0,0,7.76947e+3,1.23152e+3,1.43638e+4,0,0,0,0,5.88000e+0,1.37337e+1,1.29712e+1,6.55920e+1,0,0,0,0,0,1.46624e+3,5.66013e+3,1.07223e+1,3.41833e+0,9.00000e+1,0,0,0,4.85862e+4
"China +","HKG","Hong Kong",1.73182e-1,0,1.29916e-1,0,8.71923e-1,0,0,0,2.57697e-1,0,9.11813e+0,0,0,0,0,0,0,0,0,0,0,0,0,0,0,0,0,0,0,0,0,0,0,0,0,0,0,0,0,0,0,0,0,0,0,0,0,0,0,4.81791e+1,3.08199e+1,2.19705e-1,0,0,0,0,0,8.97696e+1
"China +","MAC","Macao",6.58667e-4,0,3.31815e-3,2.91775e-4,3.16006e-2,0,7.61719e-4,1.19484e-4,3.32224e-2,0,7.53274e-2,0,0,0,0,0,0,0,0,0,0,0,0,0,0,0,0,0,0,0,0,0,0,0,0,0,0,0,0,0,0,0,0,0,0,0,0,0,0,2.95849e+0,1.67353e+0,1.38119e-2,0,0,0,0,0,4.79113e+0
"China +","MNG","Mongolia",5.96437e-2,0,6.53238e-2,8.29276e-4,4.37699e-1,3.76812e-4,3.22920e-3,5.22036e-4,7.11667e+0,3.17472e+1,2.50809e-3,0,0,0,0,0,0,0,0,0,0,0,0,0,0,0,0,0,0,0,0,0,0,2.86397e+2,1.43444e+1,0,0,0,0,0,0,8.78272e-3,4.48267e-1,3.77544e+1,0,0,0,0,0,2.49445e+0,9.40020e+0,1.55420e-2,0,0,0,0,0,3.90297e+2
"China +","TWN","Taiwan_Province of China",4.94458e-1,1.61346e-1,2.44677e+0,4.38900e-3,1.07372e+1,6.08133e-3,8.08889e-2,0,9.44255e-1,7.75040e+0,2.65751e+1,0,0,0,0,0,4.50390e-1,5.52430e-1,0,0,0,0,0,0,0,0,0,0,0,0,0,0,0,2.19439e+1,4.56542e+1,0,0,0,0,0,0,0,0,0,0,0,0,0,0,1.03521e+2,1.06308e+2,5.04388e-1,0,0,0,0,0,3.28135e+2
"Southeastern Asia","BRN","Brunei Darussalam",1.16560e-1,7.90469e-2,1.58261e-2,0,2.86035e-1,0,0,0,4.27921e-2,1.64610e-2,1.59461e+2,0,0,0,0,0,0,0,0,0,0,0,0,0,0,0,0,0,0,0,0,0,0,3.26066e-1,9.72094e-2,1.26731e-1,0,0,0,0,0,4.80937e-3,1.87020e+1,0,0,0,0,0,0,1.63578e+0,1.37733e+0,4.46935e-2,1.30693e-2,0,0,0,0,1.82346e+2
"Southeastern Asia","KHM","Cambodia",8.59630e-4,0,4.34886e-2,1.10786e-3,5.59214e-2,0,4.65108e-4,7.46160e-5,4.57889e+1,3.27118e+0,2.98437e-2,0,0,0,0,0,0,0,0,0,0,0,0,0,0,0,0,0,0,0,0,0,0,1.67825e+2,2.20711e+1,3.01703e+2,0,0,0,0,4.56408e+1,1.22121e+1,0,0,0,0,0,0,0,5.15275e+0,4.08497e+1,1.50461e-1,5.71644e-2,0,0,0,0,6.44854e+2
"Southeastern Asia","LAO","Lao People's Democratic Republic",3.16178e-4,0,1.80802e-2,5.76862e-4,2.91955e-2,0,2.28480e-4,3.66450e-5,2.36784e+1,1.43035e+0,1.98565e-2,0,0,0,0,0,0,0,0,0,0,0,0,0,0,0,0,0,0,0,0,0,0,1.10011e+2,1.38280e+1,9.76739e+1,0,0,0,0,6.15816e+1,6.25724e+0,3.05510e+1,0,0,0,0,0,0,2.33669e+0,1.79676e+1,0,0,0,0,0,0,3.65384e+2
"Southeastern Asia","MMR","Myanmar",1.15655e-1,2.01170e-2,3.83762e-1,0,3.83039e-1,0,2.05153e-3,8.37360e-5,9.11818e+1,1.46322e+1,2.93272e+1,0,0,0,0,0,2.93250e-1,0,0,0,0,0,0,0,0,0,0,0,0,0,0,0,0,5.77633e+2,6.19133e+1,1.28737e+3,0,0,0,0,4.35864e+1,6.51697e+1,1.33702e+3,0,0,0,0,0,0,3.33384e+1,2.01007e+2,0,0,0,0,0,0,3.74338e+3
"Southeastern Asia","MYS","Malaysia",8.54463e-1,4.36305e-1,8.80023e-1,0,6.22601e+0,0,0,0,2.02978e+1,3.85338e+1,5.17888e+2,0,0,0,0,0,1.29784e+0,0,0,0,0,0,0,0,0,0,0,0,0,0,0,0,0,4.79441e+1,2.51796e+1,1.94059e+2,0,0,0,0,3.46560e+1,8.23384e+0,1.65036e+2,0,0,0,0,0,0,6.78453e+1,1.03836e+2,9.83716e-1,1.20545e+0,0,0,0,0,1.23539e+3
"Southeastern Asia","PHL","Philippines",1.24413e-1,9.66650e-2,1.49833e+0,4.16586e-3,2.60212e+0,0,1.14886e-1,0,7.53990e+1,1.02578e+2,4.77251e+0,0,0,0,0,0,1.27578e-3,3.37335e-1,0,0,0,0,0,0,0,0,0,0,0,0,0,0,0,2.93983e+2,6.07253e+1,9.84220e+2,0,0,0,0,5.14944e+0,5.49363e+1,7.45076e+0,0,0,0,0,0,0,1.39306e+2,3.44693e+2,0,2.38340e+0,0,0,0,0,2.08038e+3
"Southeastern Asia","SGP","Singapore",6.39090e-2,2.01294e-1,1.87988e-2,0,7.91859e-1,0,0,0,8.20855e-3,3.20075e+0,3.53703e+1,0,0,0,0,0,2.15112e-1,0,0,0,0,0,0,0,0,0,0,0,0,0,0,0,0,2.11562e-1,6.82389e-1,0,0,0,0,0,9.73968e-1,1.31499e-5,0,0,0,0,0,0,0,8.53340e+0,1.56972e+1,4.70920e+0,0,0,0,0,0,7.06780e+1
"Southeastern Asia","THA","Thailand",8.65754e-1,4.89532e-2,4.86303e+0,0,7.99906e+0,1.91127e-2,9.55429e-2,0,1.26325e+2,3.88424e+2,1.69188e+2,0,0,0,0,0,3.03618e-1,9.11900e-4,0,0,0,0,0,0,0,0,0,0,0,0,0,0,0,7.54874e+2,5.90389e+1,2.01652e+3,0,0,0,0,5.40936e+1,6.57921e+1,1.85973e+1,0,0,0,0,0,0,1.87608e+2,2.77752e+2,2.21840e+0,2.16429e+0,0,0,0,0,4.13679e+3
"Southeastern Asia","TLS","Timor-Leste",0,0,3.28104e-3,0,0,0,0,0,2.30237e-1,0,4.81978e+0,0,0,0,0,0,0,0,0,0,0,0,0,0,0,0,0,0,0,0,0,0,0,1.11122e+1,1.39915e+0,4.34119e+0,0,0,0,0,0,3.76803e-1,0,0,0,0,0,0,0,1.48658e-1,2.84549e+0,3.84702e-3,8.91660e-4,0,0,0,0,2.52816e+1
"Southeastern Asia","VNM","Viet Nam",4.14930e-2,0,6.12361e-1,2.88889e-3,1.87355e+0,9.21096e-4,0,7.66185e-3,1.95747e+2,1.16323e+2,4.86054e+1,0,0,0,0,0,0,0,0,0,0,0,0,0,0,0,0,0,0,0,0,0,0,3.72192e+2,1.02250e+2,1.74994e+3,0,0,0,0,2.10185e+1,6.11815e+1,9.02224e-1,0,0,0,0,0,0,5.56115e+1,3.19626e+2,0,0,0,0,0,0,3.04593e+3
"Indonesia +","IDN","Indonesia",8.99397e-1,1.89513e+0,1.16553e+1,1.99082e-2,1.11605e+1,0,3.49346e-1,0,4.30990e+2,2.00207e+2,1.41802e+3,0,0,0,0,0,2.72932e-2,1.10000e-2,0,0,0,0,0,0,0,0,0,0,0,0,0,0,0,1.01224e+3,1.06705e+2,2.45460e+3,0,0,0,0,2.01418e+2,1.73737e+2,9.09187e+2,0,8.58607e+3,0,0,0,0,4.73430e+2,1.02144e+3,5.96894e+0,6.95684e+0,0,0,0,0,1.70270e+4
"Indonesia +","PNG","Papua New Guinea",7.04068e-3,0,2.24022e-2,7.36201e-4,5.94588e-2,0,2.94713e-3,4.59897e-4,1.93629e+1,3.69644e-1,5.20363e+0,0,0,0,0,0,0,0,0,0,0,0,0,0,0,0,0,0,0,0,0,0,0,6.16723e+0,5.38900e+0,9.43738e-2,0,0,0,0,5.66256e+1,1.40270e-1,1.09677e+2,0,0,0,0,0,0,2.70214e+0,2.23814e+1,7.73409e-2,0,0,0,0,0,2.28283e+2
"Japan","JPN","Japan",8.93931e+0,5.96131e-1,1.39792e+1,6.53769e-2,1.79583e+1,4.86504e-2,1.23678e+0,0,2.10495e+1,1.94669e+2,3.85395e+1,0,0,0,0,0,4.47171e+0,6.87334e+0,0,0,0,0,0,0,0,0,0,0,0,0,0,0,0,5.48901e+2,2.14139e+2,1.15561e+3,0,0,0,0,0,5.45410e-1,7.38768e+0,3.16128e+0,0,0,0,0,0,3.12927e+2,3.15309e+2,1.11012e+2,6.28000e-1,0,0,0,0,2.97805e+3
"Oceania","ASM","American Samoa",0,0,0,0,0,0,0,0,2.37649e-5,0,0,0,0,0,0,0,0,0,0,0,0,0,0,0,0,0,0,0,0,0,0,0,0,1.62360e-2,1.25873e-1,0,0,0,0,0,0,1.08275e-5,0,0,0,0,0,0,0,2.62434e-1,6.10578e-2,0,0,0,0,0,0,4.65635e-1
"Oceania","ATF","French Southern Territories",0,0,0,0,0,0,0,0,0,0,0,0,0,0,0,0,0,0,0,0,0,0,0,0,0,0,0,0,0,0,0,0,0,0,0,0,0,0,0,0,0,0,0,0,0,0,0,0,0,0,0,0,0,0,0,0,0,0,
"Oceania","AUS","Australia",2.10544e+0,4.91601e-1,3.88943e+0,3.20499e-2,2.10509e+1,9.03513e-2,1.18403e-1,6.36393e-3,4.19261e+1,8.13197e+2,3.57693e+2,0,0,0,0,0,1.69716e-1,7.12200e-1,0,0,0,0,0,0,0,0,0,0,0,0,0,0,0,2.79552e+3,1.95266e+2,4.57757e+1,0,0,0,0,7.26504e+2,2.03005e+1,8.81216e+1,1.88479e+2,0,0,0,0,0,5.09211e+2,5.93555e+1,5.62104e-3,0,6.00000e-1,0,0,0,5.87062e+3
"Oceania","CCK","Cocos (Keeling) Islands",0,0,0,0,0,0,0,0,0,0,0,0,0,0,0,0,0,0,0,0,0,0,0,0,0,0,0,0,0,0,0,0,0,0,0,0,0,0,0,0,0,0,0,0,0,0,0,0,0,0,0,0,0,0,0,0,0,0,
"Oceania","COK","Cook Islands",0,0,0,0,0,0,0,0,1.58602e-3,0,0,0,0,0,0,0,0,0,0,0,0,0,0,0,0,0,0,0,0,0,0,0,0,8.28032e-2,8.32109e-2,0,0,0,0,0,0,7.22607e-4,0,0,0,0,0,0,0,0,2.38820e-2,0,0,0,0,0,0,1.92205e-1
"Oceania","CXR","Christmas Island",0,0,0,0,0,0,0,0,0,0,0,0,0,0,0,0,0,0,0,0,0,0,0,0,0,0,0,0,0,0,0,0,0,0,0,0,0,0,0,0,0,0,0,0,0,0,0,0,0,0,0,0,0,0,0,0,0,0,
"Oceania","FJI","Fiji",2.70980e-3,0,4.88622e-3,7.84538e-4,4.59899e-2,0,1.29970e-3,2.03655e-4,5.70947e-1,1.74127e-1,4.99719e-2,0,0,0,0,0,0,0,0,0,0,0,0,0,0,0,0,0,0,0,0,0,0,2.24500e+1,3.51816e+0,2.02808e+0,0,0,0,0,0,1.73048e-1,0,0,0,0,0,0,0,2.50646e+0,2.33133e+0,0,0,0,0,0,0,3.38580e+1
"Oceania","FSM","Micronesia, Federated States of",0,0,0,0,0,0,0,0,0,2.25990e-2,0,0,0,0,0,0,0,0,0,0,0,0,0,0,0,0,0,0,0,0,0,0,0,6.88667e-1,2.65043e-2,2.06159e-2,0,0,0,0,0,0,0,0,0,0,0,0,0,2.44856e-1,1.18901e-1,0,0,0,0,0,0,1.12214e+0
"Oceania","GUM","Guam",0,0,0,0,0,0,0,0,1.05889e-3,0,0,0,0,0,0,0,0,0,0,0,0,0,0,0,0,0,0,0,0,0,0,0,0,1.63311e-2,4.98985e-2,0,0,0,0,0,0,4.82441e-4,0,0,0,0,0,0,0,1.32613e+0,1.05734e+0,0,0,0,0,0,0,2.45125e+0
"Oceania","HMD","Heard Island and McDonald Islands",0,0,0,0,0,0,0,0,0,0,0,0,0,0,0,0,0,0,0,0,0,0,0,0,0,0,0,0,0,0,0,0,0,0,0,0,0,0,0,0,0,0,0,0,0,0,0,0,0,0,0,0,0,0,0,0,0,0,
"Oceania","KIR","Kiribati",6.95730e-5,0,3.36225e-4,4.72524e-5,1.71223e-3,0,2.71250e-5,4.29300e-6,5.39578e-3,2.22270e-2,1.33879e-3,0,0,0,0,0,0,0,0,0,0,0,0,0,0,0,0,0,0,0,0,0,0,9.00000e-3,2.48876e-2,0,0,0,0,0,0,2.05023e-3,0,0,0,0,0,0,0,1.92976e-1,2.62172e-1,0,0,0,0,0,0,5.22244e-1
"Oceania","MHL","Marshall Islands",0,0,0,0,0,0,0,0,0,0,0,0,0,0,0,0,0,0,0,0,0,0,0,0,0,0,0,0,0,0,0,0,0,0,0,0,0,0,0,0,0,0,0,0,0,0,0,0,0,2.02341e-1,6.37600e-2,0,0,0,0,0,0,2.66101e-1
"Oceania","MNP","Northern Mariana Islands",0,0,0,0,0,0,0,0,1.49294e-3,0,0,0,0,0,0,0,0,0,0,0,0,0,0,0,0,0,0,0,0,0,0,0,0,0,1.52587e-5,0,0,0,0,0,0,6.80198e-4,0,0,0,0,0,0,0,2.32181e-1,5.82514e-2,0,0,0,0,0,0,2.92621e-1
"Oceania","NCL","New Caledonia",1.69430e-3,0,4.35640e-3,6.59185e-5,6.08947e-2,0,8.03033e-4,1.27794e-4,1.05791e-1,3.42860e-2,7.65193e-2,0,0,0,0,0,0,0,0,0,0,0,0,0,0,0,0,0,0,0,0,0,0,6.63635e+0,8.08282e-1,0,0,0,0,0,0,1.27578e-3,0,0,0,0,0,0,0,1.54458e+0,2.31905e-1,0,0,0,0,0,0,9.50693e+0
"Oceania","NFK","Norfolk Island",0,0,0,0,0,0,0,0,0,0,0,0,0,0,0,0,0,0,0,0,0,0,0,0,0,0,0,0,0,0,0,0,0,0,0,0,0,0,0,0,0,0,0,0,0,0,0,0,0,0,4.07340e-3,0,0,0,0,0,0,4.07340e-3
"Oceania","NIU","Niue",0,0,0,0,0,0,0,0,1.05754e-4,3.72000e-4,0,0,0,0,0,0,0,0,0,0,0,0,0,0,0,0,0,0,0,0,0,0,0,9.37974e-3,2.31720e-2,0,0,0,0,0,0,4.81831e-5,0,0,0,0,0,0,0,2.82292e-3,3.20303e-3,0,0,0,0,0,0,3.91036e-2
"Oceania","NRU","Nauru",0,0,0,0,0,0,0,0,0,0,0,0,0,0,0,0,0,0,0,0,0,0,0,0,0,0,0,0,0,0,0,0,0,2.80000e-3,8.18133e-3,0,0,0,0,0,0,0,0,0,0,0,0,0,0,7.87373e-2,1.39271e-2,0,0,0,0,0,0,1.03646e-1
"Oceania","NZL","New Zealand",1.56705e-1,3.15037e-2,7.32651e-1,6.00806e-3,3.22594e+0,8.37360e-5,0,1.06763e-2,2.13774e+0,1.05345e+1,2.75499e+1,0,0,0,0,0,1.99410e+0,0,0,0,0,0,0,0,0,0,0,0,0,0,0,0,0,1.03355e+3,9.82013e+1,0,0,0,0,0,0,3.04300e-1,0,0,0,0,0,0,0,9.60919e+1,9.69772e+0,0,0,0,0,0,0,1.28423e+3
"Oceania","PCN","Pitcairn",0,0,0,0,0,0,0,0,0,0,0,0,0,0,0,0,0,0,0,0,0,0,0,0,0,0,0,0,0,0,0,0,0,0,0,0,0,0,0,0,0,0,0,0,0,0,0,0,0,0,1.03380e-3,0,0,0,0,0,0,1.03380e-3
"Oceania","PLW","Palau",0,0,0,0,0,0,0,0,0,0,0,0,0,0,0,0,0,0,0,0,0,0,0,0,0,0,0,0,0,0,0,0,0,0,0,0,0,0,0,0,0,0,0,0,0,0,0,0,0,0,5.82729e-2,0,0,0,0,0,0,5.82729e-2
"Oceania","PYF","French Polynesia",2.59052e-3,0,2.14555e-3,7.41035e-5,4.83684e-2,0,9.54919e-4,1.50513e-4,2.79073e-2,0,4.28454e-2,0,0,0,0,0,0,0,0,0,0,0,0,0,0,0,0,0,0,0,0,0,0,5.68083e-1,5.07375e-1,0,0,0,0,0,0,2.08995e-3,0,0,0,0,0,0,0,1.66273e+0,8.24185e-1,0,0,0,0,0,0,3.68950e+0
"Oceania","SLB","Solomon Islands",9.65778e-4,0,1.77627e-3,7.17235e-5,1.18475e-2,0,3.33837e-4,5.23110e-5,4.95018e-1,7.33460e-2,1.02237e-2,0,0,0,0,0,0,0,0,0,0,0,0,0,0,0,0,0,0,0,0,0,0,6.08285e+1,2.02661e+0,0,0,0,0,0,0,3.49225e-3,0,0,0,0,0,0,0,2.83177e-1,6.32830e-1,0,0,0,0,0,0,6.43682e+1
"Oceania","TKL","Tokelau",0,0,0,0,0,0,0,0,2.04247e-4,0,0,0,0,0,0,0,0,0,0,0,0,0,0,0,0,0,0,0,0,0,0,0,0,1.00000e-3,3.20383e-3,0,0,0,0,0,0,9.30574e-5,0,0,0,0,0,0,0,0,7.43686e-3,0,0,0,0,0,0,1.19380e-2
"Oceania","TON","Tonga",0,0,0,0,2.56945e-2,0,0,0,4.06674e-3,2.07700e-2,7.25411e-3,0,0,0,0,0,0,0,0,0,0,0,0,0,0,0,0,0,0,0,0,0,0,9.23651e-1,1.09992e+0,0,0,0,0,0,0,1.85285e-3,0,0,0,0,0,0,0,2.62732e-1,4.01581e-1,0,0,0,0,0,0,2.74752e+0
"Oceania","TUV","Tuvalu",0,0,0,0,0,0,0,0,0,0,0,0,0,0,0,0,0,0,0,0,0,0,0,0,0,0,0,0,0,0,0,0,0,1.28000e-2,3.81337e-2,0,0,0,0,0,0,0,0,0,0,0,0,0,0,2.14314e-2,7.17510e-2,0,0,0,0,0,0,1.44116e-1
"Oceania","VUT","Vanuatu",2.46164e-4,0,8.11638e-4,2.78491e-5,5.63923e-3,0,1.37452e-4,2.15820e-5,1.14131e-1,2.98220e-2,4.00319e-3,0,0,0,0,0,0,0,0,0,0,0,0,0,0,0,0,0,0,0,0,0,0,9.58147e+0,1.18750e+0,0,0,0,0,0,0,1.27046e-2,0,0,0,0,0,0,0,2.03104e-1,8.85706e-1,0,0,0,0,0,0,1.20253e+1
"Oceania","WLF","Wallis and Futuna",0,0,0,0,0,0,0,0,9.96060e-4,0,0,0,0,0,0,0,0,0,0,0,0,0,0,0,0,0,0,0,0,0,0,0,0,6.64232e-2,7.59984e-2,0,0,0,0,0,0,4.53816e-4,0,0,0,0,0,0,0,0,8.06723e-2,0,0,0,0,0,0,2.24544e-1
"Oceania","WSM","Samoa",3.04480e-4,0,8.42322e-4,1.92698e-4,1.80072e-2,0,2.09552e-4,3.34770e-5,2.48963e-1,3.01940e-2,7.87787e-3,0,0,0,0,0,0,0,0,0,0,0,0,0,0,0,0,0,0,0,0,0,0,1.67602e+0,2.19316e+0,0,0,0,0,0,0,1.12799e-3,0,0,0,0,0,0,0,2.73164e-1,1.01222e+0,0,0,0,0,0,0,5.46232e+0
"Antartica","ATA","Antarctica",0,0,0,0,0,0,0,0,0,0,0,0,0,0,0,0,0,0,0,0,0,0,0,0,0,0,0,0,0,0,0,0,0,0,0,0,0,0,0,0,0,0,0,0,0,0,0,0,0,0,0,0,0,0,0,0,0,0,
"Int. Shipping","SEA","Int. Shipping",0,0,0,0,0,0,0,0,0,0,8.95061e+0,0,3.60041e+1,0,0,0,0,0,0,0,0,0,0,0,0,0,0,0,0,0,0,0,0,0,0,0,0,0,0,0,0,0,0,0,0,0,0,0,0,0,0,0,0,0,0,0,0,4.49547e+1
"Int. Aviation","AIR","Int. Aviation",0,0,0,0,0,0,0,0,0,0,0,2.08594e+0,0,0,0,0,0,0,0,0,0,0,0,0,0,0,0,0,0,0,0,0,0,0,0,0,0,0,0,0,0,0,0,0,0,0,0,0,0,0,0,0,0,0,0,0,0,2.08594e+0

"TOTALS",,,1.75513e+2,4.17132e+1,3.61557e+2,2.00071e+0,7.49000e+2,5.36528e+0,8.45671e+0,2.79557e+0,1.24513e+4,3.15266e+4,5.12412e+4,2.08594e+0,3.60041e+1,0,0,0,1.01407e+2,5.39769e+1,0,0,0,0,0,0,0,0,0,0,0,0,0,0,0,9.15243e+4,1.09369e+4,3.60168e+4,0,0,0,0,7.21461e+3,1.22505e+3,8.77787e+3,1.43196e+3,8.58607e+3,0,0,0,0,2.72392e+4,2.49312e+4,1.87584e+2,1.42296e+2,1.50600e+2,0,0,0,03.15123e+5