"Content:","Emissions by country and main source category" 
"Compound:","CH4"
"Year: ","2005"
"Unit:","Gg CH4"
"Source:","European Commission, Joint Research Centre (JRC)/PBL Netherlands Environmental Assessment Agency. Emission Database for Global Atmospheric Research (EDGAR), release version 4.2. http://edgar.jrc.ec.europe.eu, 2010" 
"Dataset:","v4.2_EM_CH4_300911(edgar)"
"Date calculated:","November 30, 1999, 12:00 am"

,,,"Public electricity and heat production","Other Energy Industries","Manufacturing Industries and Construction","Domestic aviation","Road transportation","Rail transportation","Inland navigation","Other transportation","Residential and other sectors","Fugitive emissions from solid fuels","Fugitive emissions from oil and gas","Memo: International aviation","Memo: International navigation","Cement production","Lime production","Production of other minerals","Production of chemicals","Production of metals","Production of pulp/paper/food/drink","Production of halocarbons and SF6","Refrigeration and Air Conditioning","Foam Blowing","Fire Extinguishers","Aerosols","F-gas as Solvent","Semiconductor/Electronics Manufacture","Electrical Equipment","Other F-gas use","Non-energy use of lubricants/waxes (CO2)","Solvent and other product use: paint","Solvent and other product use: degrease","Solvent and other product use: chemicals","Solvent and other product use: other","Enteric fermentation","Manure management","Rice cultivation","Direct soil emissions","Manure in pasture/range/paddock","Indirect N2O from agriculture","Other direct soil emissions","Savanna burning","Agricultural waste burning","Forest fires","Grassland fires","Peat fires and decay of drained peatland","Other vegetation fires","Other biomass burning","Forest Fires-Post burn decay","Forest Land: net carbon stock change","Solid waste disposal on land","Wastewater handling","Waste incineration","Other waste handling","Fossil fuel fires","Indirect N2O from non-agricultural NOx","Indirect N2O from non-agricultural NH3","Other sources",

"World Region","ISO_A3","Country","1A1a","1A1bc","1A2","1A3a","1A3b","1A3c","1A3d","1A3e","1A4","1B1","1B2","1C1","1C2","2A1","2A2","2A7","2B","2C","2D","2E","2F1","2F2","2F3","2F4","2F5","2F7","2F8","2F9","2G","3A","3B","3C","3D","4A","4B","4C","4D1","4D2","4D3","4D4","4E","4F","5A","5C","5D","5F","5F1","5F2","5FL","6A","6B","6C","6D","7A","7B","7C","7D","TOTAL" 
"Canada","CAN","Canada",4.10518e+0,2.49078e+0,1.26167e+1,1.05796e-1,9.20392e+0,3.09644e-1,5.50088e-1,1.80116e-1,4.98956e+1,8.76127e+1,2.11435e+3,0,0,0,0,0,4.33285e+0,1.37930e-1,0,0,0,0,0,0,0,0,0,0,0,0,0,0,0,9.59228e+2,2.76708e+2,0,0,0,0,0,0,8.55556e+0,1.23370e+2,2.79504e+1,0,0,0,0,0,1.26008e+3,2.13073e+2,2.65941e-1,1.24738e+1,0,0,0,0,5.16759e+3
"USA","SPM","Saint Pierre and Miquelon",0,0,6.26411e-3,0,0,0,4.76684e-5,1.39774e-4,0,0,0,0,0,0,0,0,0,0,0,0,0,0,0,0,0,0,0,0,0,0,0,0,0,3.95315e-3,2.56215e-3,0,0,0,0,0,0,0,0,0,0,0,0,0,0,5.20430e-2,1.28731e-2,9.16194e-4,5.63812e-4,0,0,0,0,7.93629e-2
"USA","UMI","United States Minor Outlying Islands",0,0,0,0,0,0,0,0,0,0,0,0,0,0,0,0,0,0,0,0,0,0,0,0,0,0,0,0,0,0,0,0,0,0,0,0,0,0,0,0,0,0,0,0,0,0,0,0,0,0,0,0,0,0,0,0,0,0,
"USA","USA","United States",6.06226e+1,8.42252e+0,5.75687e+1,1.42958e+0,1.09096e+2,2.09309e+0,1.16015e+0,6.81424e-1,2.94885e+2,4.02128e+3,5.58788e+3,0,0,0,0,0,2.70494e+1,9.78540e-1,0,0,0,0,0,0,0,0,0,0,0,0,0,0,0,6.54324e+3,2.12324e+3,3.69160e+2,0,0,0,0,2.35694e+0,3.63512e+1,4.93872e+1,5.65176e+1,0,0,0,0,0,5.32501e+3,8.72823e+2,0,7.16476e+1,1.50000e+1,0,0,0,2.56379e+4
"Mexico","MEX","Mexico",3.14585e+0,1.70444e+0,3.51759e+0,3.97099e-4,2.04253e+1,1.05643e-1,2.42858e-1,0,7.65612e+1,6.49959e+1,1.59322e+3,0,0,0,0,0,3.58959e+0,2.89043e-1,0,0,0,0,0,0,0,0,0,0,0,0,0,0,0,2.26249e+3,2.30557e+2,6.82302e+0,0,0,0,0,5.71152e+1,3.01385e+1,9.67096e+1,3.60048e-1,0,0,0,0,0,4.68238e+2,5.02395e+2,0,0,0,0,0,0,5.42262e+3
"Rest Central America","ABW","Aruba",1.66584e-3,0,9.71223e-3,0,6.76071e-3,0,0,2.01353e-7,1.65477e-2,1.34540e-2,4.70178e-3,0,0,0,0,0,0,0,0,0,0,0,0,0,0,0,0,0,0,0,0,0,0,3.39370e-2,4.18740e-3,0,0,0,0,0,0,0,0,0,0,0,0,0,0,4.64920e-1,4.05187e-1,0,0,0,0,0,0,9.61074e-1
"Rest Central America","AIA","Anguilla",2.03790e-4,0,1.18815e-3,0,0,0,0,0,1.02371e-4,9.14500e-2,0,0,0,0,0,0,0,0,0,0,0,0,0,0,0,0,0,0,0,0,0,0,0,0,0,0,0,0,0,0,0,0,0,0,0,0,0,0,0,1.11466e-2,4.06080e-2,0,0,0,0,0,0,1.44699e-1
"Rest Central America","ANT","Netherlands Antilles",0,8.97856e-2,1.66782e-2,1.08857e-3,7.44663e-2,0,0,0,3.34726e-2,2.25990e-2,3.06857e+0,0,0,0,0,0,0,0,0,0,0,0,0,0,0,0,0,0,0,0,0,0,0,1.77070e-1,8.39500e-3,0,0,0,0,0,0,0,0,0,0,0,0,0,0,1.64189e+0,7.77361e-1,0,0,0,0,0,0,5.91138e+0
"Rest Central America","ATG","Antigua and Barbuda",4.19345e-3,0,8.54286e-3,2.21520e-5,1.64263e-2,0,0,2.10900e-6,1.07313e-2,0,1.22012e-2,0,0,0,0,0,0,0,0,0,0,0,0,0,0,0,0,0,0,0,0,0,0,1.15590e+0,2.55041e-2,0,0,0,0,0,0,1.61080e-3,0,0,0,0,0,0,0,3.45210e-1,3.07276e-1,0,0,0,0,0,0,1.88762e+0
"Rest Central America","BHS","Bahamas",2.45892e-2,0,4.12346e-2,9.02098e-4,1.13250e-1,0,4.75929e-4,1.49115e-3,8.37072e-2,9.14500e-2,8.66314e-2,0,0,0,0,0,0,0,0,0,0,0,0,0,0,0,0,0,0,0,0,0,0,1.58754e-1,3.79950e-2,0,0,0,0,0,0,1.66597e-2,0,0,0,0,0,0,0,7.32730e+0,1.37295e+0,0,0,0,0,0,0,9.35739e+0
"Rest Central America","BLZ","Belize",1.15931e-2,0,2.67249e-2,9.89500e-6,6.72615e-2,0,1.31233e-4,3.87022e-4,1.00976e+0,6.14420e-2,2.09927e-2,0,0,0,0,0,0,0,0,0,0,0,0,0,0,0,0,0,0,0,0,0,0,3.85883e+0,1.28957e-1,4.15314e-1,0,0,0,0,4.10664e-1,3.72578e-1,0,0,0,0,0,0,0,1.20753e+0,1.33674e+0,0,0,0,0,0,0,8.92891e+0
"Rest Central America","BMU","Bermuda",7.04884e-3,0,7.11660e-3,9.39870e-5,1.55462e-2,0,1.43006e-4,4.60339e-4,1.49686e-2,0,1.31869e-2,0,0,0,0,0,0,0,0,0,0,0,0,0,0,0,0,0,0,0,0,0,0,6.61867e-2,2.66760e-3,0,0,0,0,0,0,3.25902e-5,0,0,0,0,0,0,0,9.51058e-1,2.70123e-1,0,0,0,0,0,0,1.34863e+0
"Rest Central America","BRB","Barbados",1.01387e-2,1.50725e-3,3.03533e-2,5.53929e-5,4.22683e-2,0,9.24348e-5,2.64168e-4,1.50914e-2,2.68770e-2,3.58144e-1,0,0,0,0,0,0,0,0,0,0,0,0,0,0,0,0,0,0,0,0,0,0,8.20950e-1,7.37145e-2,0,0,0,0,0,0,1.06615e-1,0,0,0,0,0,0,0,1.90143e+0,1.52912e+0,0,0,0,0,0,0,4.91662e+0
"Rest Central America","CRI","Costa Rica",4.17073e-2,2.22426e-3,3.53210e-1,0,4.17300e-1,0,1.75750e-3,0,1.78139e+0,8.23050e-1,8.71597e+0,0,0,0,0,0,0,0,0,0,0,0,0,0,0,0,0,0,0,0,0,0,0,7.14501e+1,2.73395e+0,6.55011e+0,0,0,0,0,6.14184e-1,1.27127e+0,0,0,0,0,0,0,0,1.90959e+0,1.92801e+1,0,0,0,0,0,0,1.15946e+2
"Rest Central America","CUB","Cuba",5.10134e-1,2.46912e-3,1.35004e+0,0,1.02165e-1,0,0,0,1.13488e+1,5.66990e+0,2.24250e+1,0,0,0,0,0,0,0,0,0,0,0,0,0,0,0,0,0,0,0,0,0,0,2.22921e+2,8.35881e+0,3.97612e+1,0,0,0,0,6.45576e+0,4.11454e+0,0,0,0,0,0,0,0,6.39374e+1,5.46693e+1,0,0,0,0,0,0,4.41627e+2
"Rest Central America","CYM","Cayman Islands",5.06580e-3,0,4.70831e-3,1.44435e-5,1.35893e-2,0,0,1.37400e-6,4.49067e-3,0,8.36577e-3,0,0,0,0,0,0,0,0,0,0,0,0,0,0,0,0,0,0,0,0,0,0,7.78915e-2,4.11749e-3,0,0,0,0,0,0,1.11551e-5,0,0,0,0,0,0,0,8.64934e-1,1.86389e-1,0,0,0,0,0,0,1.16958e+0
"Rest Central America","DMA","Dominica",2.16919e-3,0,7.85794e-3,3.35199e-6,1.70364e-2,0,1.55884e-5,4.53705e-5,1.28803e-3,2.22270e-2,2.96149e-3,0,0,0,0,0,0,0,0,0,0,0,0,0,0,0,0,0,0,0,0,0,0,8.94046e-1,2.21270e-2,0,0,0,0,0,0,2.23725e-3,0,0,0,0,0,0,0,5.02930e-1,3.67127e-1,0,0,0,0,0,0,1.84207e+0
"Rest Central America","DOM","Dominican Republic",9.95195e-2,3.59480e-3,5.56734e-1,0,6.29766e-1,0,0,1.65110e-2,1.39931e+1,3.55740e+1,7.12701e-1,0,0,0,0,0,0,0,0,0,0,0,0,0,0,0,0,0,0,0,0,0,0,1.43783e+2,4.60517e+0,3.32760e+1,0,0,0,0,1.12126e+0,1.90962e+0,0,0,0,0,0,0,0,4.42036e+1,3.76621e+1,5.39857e-1,0,0,0,0,0,3.18687e+2
"Rest Central America","GLP","Guadeloupe",1.39291e-2,0,4.80710e-2,3.61522e-4,6.38479e-2,0,0,1.02660e-5,4.97440e-1,1.85566e-1,4.39022e-2,0,0,0,0,0,0,0,0,0,0,0,0,0,0,0,0,0,0,0,0,0,0,4.52446e+0,1.17480e-1,0,0,0,0,0,0,2.37406e-1,0,0,0,0,0,0,0,3.33170e+0,2.03076e+0,0,0,0,0,0,0,1.10949e+1
"Rest Central America","GRD","Grenada",3.92739e-3,0,1.02988e-2,2.42420e-5,2.14697e-2,0,2.47262e-4,8.42331e-4,4.06153e-2,1.51807e-1,5.85838e-3,0,0,0,0,0,0,0,0,0,0,0,0,0,0,0,0,0,0,0,0,0,0,3.47176e-1,1.23507e-2,0,0,0,0,0,0,4.50836e-3,0,0,0,0,0,0,0,4.41350e-1,5.71396e-1,0,0,0,0,0,0,1.61187e+0
"Rest Central America","GTM","Guatemala",4.52348e-1,0,6.15714e-1,0,5.36278e-1,0,0,7.52400e-4,4.38239e+1,2.83495e+0,2.24319e+0,0,0,0,0,0,0,0,0,0,0,0,0,0,0,0,0,0,0,0,0,0,0,1.46363e+2,3.59714e+0,1.72059e+0,0,0,0,0,3.82488e+1,6.30139e+0,8.31028e+1,0,0,0,0,0,0,1.79340e+1,5.23926e+1,0,0,0,0,0,0,4.00167e+2
"Rest Central America","HND","Honduras",8.52851e-2,0,2.86706e-1,0,3.56926e-1,0,0,0,1.62954e+1,1.62781e+0,0,0,0,0,0,0,0,0,0,0,0,0,0,0,0,0,0,0,0,0,0,0,0,1.79778e+2,3.91228e+0,6.68063e-1,0,0,0,0,8.02656e+0,2.13018e+0,0,0,0,0,0,0,0,7.28332e+0,2.81752e+1,0,0,0,0,0,0,2.48626e+2
"Rest Central America","HTI","Haiti",6.15459e-3,0,4.19212e-1,0,1.90275e-1,0,0,1.96878e-2,1.63623e+1,1.79242e+1,0,0,0,0,0,0,0,0,0,0,0,0,0,0,0,0,0,0,0,0,0,0,0,9.60860e+1,4.00732e+0,6.28905e+0,0,0,0,0,3.85392e-2,8.66908e-1,0,0,0,0,0,0,0,1.77190e+1,4.27114e+1,0,0,0,0,0,0,2.02640e+2
"Rest Central America","JAM","Jamaica",2.09056e-1,1.80370e-4,2.94878e-2,2.09000e-5,4.77766e-1,0,0,2.24466e-2,2.53545e+0,3.74945e+0,1.23216e-1,0,0,0,0,0,0,0,0,0,0,0,0,0,0,0,0,0,0,0,0,0,0,2.97601e+1,8.76252e-1,1.77992e-3,0,0,0,0,0,5.82108e-1,0,0,0,0,0,0,0,1.13211e+1,1.23761e+1,0,0,0,0,0,0,6.20645e+1
"Rest Central America","KNA","Saint Kitts and Nevis",1.99271e-3,0,4.27328e-3,3.22379e-5,4.35245e-3,0,8.12289e-5,2.37728e-4,4.82424e-2,0,2.57574e-3,0,0,0,0,0,0,0,0,0,0,0,0,0,0,0,0,0,0,0,0,0,0,4.09446e-1,1.05100e-2,0,0,0,0,0,0,3.01554e-2,0,0,0,0,0,0,0,8.51717e-1,2.52049e-1,0,0,0,0,0,0,1.61567e+0
"Rest Central America","LCA","Saint Lucia",7.14746e-3,0,1.61513e-2,6.23649e-6,2.23236e-2,0,2.74093e-5,8.04444e-5,1.70616e-2,2.94500e-2,9.11247e-3,0,0,0,0,0,0,0,0,0,0,0,0,0,0,0,0,0,0,0,0,0,0,8.57072e-1,3.44180e-2,0,0,0,0,0,0,8.58875e-3,0,0,0,0,0,0,0,1.83149e-1,7.75920e-1,0,0,0,0,0,0,1.96051e+0
"Rest Central America","MSR","Montserrat",6.85233e-4,0,4.64760e-4,3.99500e-6,4.31231e-3,0,1.90232e-3,2.79642e-4,6.83825e-2,0,1.46836e-3,0,0,0,0,0,0,0,0,0,0,0,0,0,0,0,0,0,0,0,0,0,0,6.20405e-1,1.37480e-2,0,0,0,0,0,0,4.62834e-5,0,0,0,0,0,0,0,8.40668e-3,3.79123e-2,0,0,0,0,0,0,7.58017e-1
"Rest Central America","MTQ","Martinique",2.06288e-2,0,4.47119e-2,3.49767e-4,5.86708e-2,0,1.19169e-5,5.07516e-5,6.68079e-2,1.63618e-1,4.82350e-2,0,0,0,0,0,0,0,0,0,0,0,0,0,0,0,0,0,0,0,0,0,0,1.67062e+0,5.51006e-2,0,0,0,0,0,0,7.43838e-2,0,0,0,0,0,0,0,5.27904e+0,1.71391e+0,0,0,0,0,0,0,9.19614e+0
"Rest Central America","NIC","Nicaragua",8.42371e-2,2.02160e-3,2.77558e-1,0,2.07207e-1,0,4.09640e-3,0,1.75423e+1,1.28030e+0,2.12005e-1,0,0,0,0,0,0,0,0,0,0,0,0,0,0,0,0,0,0,0,0,0,0,1.90989e+2,4.94692e+0,1.13559e+1,0,0,0,0,5.55192e+0,1.91817e+0,0,0,0,0,0,0,0,2.58395e+1,2.76030e+1,0,0,0,0,0,0,2.87814e+2
"Rest Central America","PAN","Panama",2.61684e-2,0,1.37313e-1,0,4.44278e-1,0,0,5.90634e-2,5.29882e+0,4.57250e-1,0,0,0,0,0,0,0,0,0,0,0,0,0,0,0,0,0,0,0,0,0,0,0,1.04651e+2,2.46005e+0,1.30527e+1,0,0,0,0,3.64560e-1,8.29982e-1,0,0,0,0,0,0,0,1.17556e+1,1.40339e+1,0,0,0,0,0,0,1.53571e+2
"Rest Central America","PRI","Puerto Rico",0,0,2.33816e-3,0,0,0,2.74093e-5,1.01634e-4,0,0,0,0,0,0,0,0,0,0,0,0,0,0,0,0,0,0,0,0,0,0,0,0,0,2.58097e+1,6.89152e-1,0,0,0,0,0,0,1.37688e-2,0,0,0,0,0,0,0,6.13260e+1,1.79184e+1,0,0,0,0,0,0,1.05759e+2
"Rest Central America","SLV","El Salvador",1.45900e-1,6.68800e-4,3.20451e-1,0,2.98674e-1,0,0,0,1.66805e+1,1.73755e+0,2.71344e-1,0,0,0,0,0,0,0,0,0,0,0,0,0,0,0,0,0,0,0,0,0,0,7.40770e+1,2.41883e+0,4.27181e-1,0,0,0,0,3.60984e-1,1.86275e+0,0,0,0,0,0,0,0,2.22256e+1,2.92688e+1,0,0,0,0,0,0,1.50096e+2
"Rest Central America","TCA","Turks and Caicos Islands",4.27050e-4,0,2.48982e-3,0,4.22391e-4,0,1.23981e-6,3.49032e-6,2.56273e-4,8.77300e-3,5.17182e-5,0,0,0,0,0,0,0,0,0,0,0,0,0,0,0,0,0,0,0,0,0,0,0,0,0,0,0,0,0,0,0,0,0,0,0,0,0,0,1.10464e-1,1.04355e-1,0,0,0,0,0,0,2.27244e-1
"Rest Central America","TTO","Trinidad and Tobago",3.18961e-1,3.44562e-1,6.86774e-2,0,2.30233e-1,0,0,0,7.08722e-1,1.73755e-1,4.49244e+2,0,0,0,0,0,1.16811e+1,0,0,0,0,0,0,0,0,0,0,0,0,0,0,0,0,2.37072e+0,3.70418e-1,1.21035e-1,0,0,0,0,0,3.82944e-1,0,0,0,0,0,0,0,1.16987e+1,5.05860e+1,0,0,0,0,0,0,5.28300e+2
"Rest Central America","VCT","Saint Vincent and the Grenadines",4.37620e-3,0,1.19080e-2,5.08400e-6,8.63915e-3,0,0,4.83000e-7,2.49982e-2,3.20850e-2,4.54830e-3,0,0,0,0,0,0,0,0,0,0,0,0,0,0,0,0,0,0,0,0,0,0,4.06915e-1,1.81480e-2,0,0,0,0,0,0,1.30529e-2,0,0,0,0,0,0,0,6.24899e-1,5.42300e-1,0,0,0,0,0,0,1.69188e+0
"Rest Central America","VGB","Virgin Islands_British",1.12924e-3,0,2.21135e-3,3.91950e-6,4.09301e-3,0,0,0,1.24156e-3,5.20800e-3,1.56059e-3,0,0,0,0,0,0,0,0,0,0,0,0,0,0,0,0,0,0,0,0,0,0,4.96543e-1,2.81092e-2,0,0,0,0,0,0,0,0,0,0,0,0,0,0,2.33059e-1,8.53229e-2,0,0,0,0,0,0,8.58481e-1
"Rest Central America","VIR","Virgin Islands_USA",0,0,0,0,0,0,0,0,0,0,0,0,0,0,0,0,0,0,0,0,0,0,0,0,0,0,0,0,0,0,0,0,0,4.42400e-2,8.57493e-3,0,0,0,0,0,0,9.76957e-2,0,0,0,0,0,0,0,1.35398e+0,4.77717e-1,0,0,0,0,0,0,1.98221e+0
"Brazil","BRA","Brazil",4.19737e+0,1.07935e+1,3.60074e+1,4.05072e-2,1.75195e+1,9.22624e-2,3.18866e-1,0,1.39008e+2,7.59821e+2,8.43930e+2,0,0,0,0,0,2.39431e+0,3.41823e+0,0,0,0,0,0,0,0,0,0,0,0,0,0,0,0,1.30881e+4,2.95867e+2,3.30507e+2,0,0,0,0,4.80168e+2,2.16636e+2,4.41635e+3,1.22866e+0,0,0,0,0,0,7.19461e+2,2.06594e+3,9.31820e+0,3.44057e+0,0,0,0,0,2.34446e+4
"Rest South America","ARG","Argentina",1.33804e+0,7.42011e-1,2.33211e+0,1.57214e-2,7.29331e+0,0,5.86152e-3,0,6.97659e+0,3.91155e+1,8.00405e+2,0,0,0,0,0,1.07653e+0,1.33330e-1,0,0,0,0,0,0,0,0,0,0,0,0,0,0,0,3.27717e+3,6.15378e+1,1.92232e+1,0,0,0,0,7.20720e+0,5.63436e+1,2.08266e+1,5.10240e+1,0,0,0,0,0,1.58605e+2,2.56523e+2,0,0,0,0,0,0,4.76789e+3
"Rest South America","BOL","Bolivia",1.65317e-1,6.50961e-2,6.48425e-1,1.92593e-3,4.12995e-1,3.64880e-3,2.93076e-3,0,9.60182e+0,2.10335e+0,3.30021e+2,0,0,0,0,0,0,0,0,0,0,0,0,0,0,0,0,0,0,0,0,0,0,4.25827e+2,1.20581e+1,2.23083e+1,0,0,0,0,3.15408e+1,4.25841e+0,5.19241e+2,0,0,0,0,0,0,2.07697e+1,4.20577e+1,0,0,0,0,0,0,1.42109e+3
"Rest South America","BVT","Bouvet Island",0,0,0,0,0,0,0,0,0,0,0,0,0,0,0,0,0,0,0,0,0,0,0,0,0,0,0,0,0,0,0,0,0,0,0,0,0,0,0,0,0,0,0,0,0,0,0,0,0,0,0,0,0,0,0,0,0,0,
"Rest South America","CHL","Chile",5.81983e-1,1.21408e-1,1.98299e+0,1.38358e-2,2.12736e+0,3.12246e-3,4.55285e-1,0,3.70686e+1,2.89850e+1,1.41746e+2,0,0,0,0,0,6.97630e+0,0,0,0,0,0,0,0,0,0,0,0,0,0,0,0,0,3.22657e+2,1.24257e+1,2.96653e+0,0,0,0,0,0,2.64322e+0,1.40568e-1,2.27076e+0,0,0,0,0,0,5.58841e+1,2.47456e+2,0,0,0,0,0,0,8.66506e+2
"Rest South America","COL","Colombia",2.95495e-1,2.72066e-1,2.90508e+0,7.94202e-4,3.67561e+0,4.94076e-3,5.91052e-2,0,2.90876e+1,1.70489e+2,3.23905e+2,0,0,0,0,0,5.74645e-2,3.22700e-2,0,0,0,0,0,0,0,0,0,0,0,0,0,0,0,1.70367e+3,4.16033e+1,1.06206e+2,0,0,0,0,1.72030e+1,1.49102e+1,2.55286e+1,0,0,0,0,0,0,1.00947e+2,2.08923e+2,0,0,0,0,0,0,2.74978e+3
"Rest South America","ECU","Ecuador",9.46293e-2,2.88420e-2,5.16523e-1,6.26999e-5,1.55269e+0,0,1.06810e-1,0,8.53638e+0,8.77920e+0,1.40313e+2,0,0,0,0,0,7.47000e-5,0,0,0,0,0,0,0,0,0,0,0,0,0,0,0,0,3.59797e+2,9.44268e+0,9.74198e+1,0,0,0,0,5.37312e-1,3.80101e+0,5.59742e+0,0,0,0,0,0,0,2.46167e+1,5.95397e+1,0,0,0,0,0,0,7.20680e+2
"Rest South America","FLK","Falkland Islands (Malvinas)",6.99009e-4,0,3.45513e-4,4.58850e-6,7.06210e-4,0,1.19169e-5,3.48996e-5,3.25425e-4,9.61000e-3,7.34100e-4,0,0,0,0,0,0,0,0,0,0,0,0,0,0,0,0,0,0,0,0,0,0,3.75922e+0,7.45571e-2,0,0,0,0,0,0,0,0,0,0,0,0,0,0,2.62548e-2,1.28401e-2,1.05076e-4,1.93988e-5,0,0,0,0,3.88547e+0
"Rest South America","GUF","French Guiana",7.27195e-3,0,2.12744e-2,2.74015e-4,1.67481e-2,0,4.05181e-5,1.19428e-4,4.00908e-1,4.97488e-1,2.23646e-2,0,0,0,0,0,0,0,0,0,0,0,0,0,0,0,0,0,0,0,0,0,0,5.37093e-1,3.14128e-2,1.05964e+0,0,0,0,0,0,1.98078e-2,3.50166e-1,0,0,0,0,0,0,9.71481e-1,9.08401e-1,3.20154e-3,5.91052e-4,0,0,0,0,4.84829e+0
"Rest South America","GUY","Guyana",2.97752e-2,0,7.81256e-2,7.87136e-5,4.34814e-2,0,0,3.72000e-7,3.03405e+0,2.06584e-1,3.59430e-2,0,0,0,0,0,0,0,0,0,0,0,0,0,0,0,0,0,0,0,0,0,0,7.00288e+0,6.02237e-1,3.50073e+1,0,0,0,0,1.64890e+0,1.25631e+0,7.85604e+0,0,0,0,0,0,0,1.54269e+0,4.22220e+0,4.80886e-3,8.87788e-4,0,0,0,0,6.25723e+1
"Rest South America","PER","Peru",3.30017e-1,9.55597e-2,4.30582e-1,2.09000e-5,1.06594e+0,0,8.77800e-3,0,2.61337e+1,8.39658e+0,4.97490e+1,0,0,0,0,0,3.00000e-4,2.23750e-1,0,0,0,0,0,0,0,0,0,0,0,0,0,0,0,3.81332e+2,1.26807e+1,1.01270e+2,0,0,0,0,2.11222e+0,4.84898e+0,1.56658e+1,0,0,0,0,0,0,6.67496e+1,1.23017e+2,0,0,0,0,0,0,7.94111e+2
"Rest South America","PRY","Paraguay",0,0,1.74407e+0,0,2.44031e-1,0,5.86152e-4,7.52400e-4,2.04479e+1,2.00275e+1,8.58287e-3,0,0,0,0,0,0,0,0,0,0,0,0,0,0,0,0,0,0,0,0,0,0,5.36825e+2,1.23237e+1,3.97515e+0,0,0,0,0,6.28296e+1,5.28522e+0,2.82323e+1,7.92864e+0,0,0,0,0,0,2.27343e+1,2.97014e+1,0,0,0,0,0,0,7.52309e+2
"Rest South America","SGS","South Georgia and the South Sandwich Islands",0,0,0,0,0,0,0,0,0,0,0,0,0,0,0,0,0,0,0,0,0,0,0,0,0,0,0,0,0,0,0,0,0,0,0,0,0,0,0,0,0,0,0,0,0,0,0,0,0,0,0,0,0,0,0,0,0,0,
"Rest South America","SUR","Suriname",1.83996e-2,0,4.99259e-2,7.51886e-5,3.49946e-2,0,2.22309e-4,6.21000e-4,1.76489e-1,6.40150e-1,4.07286e-2,0,0,0,0,0,0,0,0,0,0,0,0,0,0,0,0,0,0,0,0,0,0,6.82518e+0,2.64201e-1,1.55187e+1,0,0,0,0,0,1.80842e-1,3.55885e+0,0,0,0,0,0,0,2.13956e+0,2.46017e+0,7.03924e-3,1.29956e-3,0,0,0,0,3.19174e+1
"Rest South America","URY","Uruguay",1.79105e-2,9.23920e-3,1.85843e-1,6.26999e-5,2.48648e-1,0,0,0,3.92414e+0,9.14500e+0,9.56951e+0,0,0,0,0,0,0,2.20000e-4,0,0,0,0,0,0,0,0,0,0,0,0,0,0,0,8.05637e+2,1.46816e+1,5.62494e+1,0,0,0,0,0,1.80417e+0,0,3.03504e-1,0,0,0,0,0,2.20108e+1,1.67496e+1,0,0,0,0,0,0,9.40536e+2
"Rest South America","VEN","Venezuela",5.21275e-1,1.22904e+0,1.18791e+0,0,1.01335e+1,2.08164e-3,0,5.18483e-3,1.06376e+1,1.25500e+2,1.07101e+3,0,0,0,0,0,3.18400e+0,1.56200e-1,0,0,0,0,0,0,0,0,0,0,0,0,0,0,0,1.07006e+3,2.79917e+1,2.56308e+1,0,0,0,0,4.13544e+1,5.07301e+0,9.53292e+1,0,0,0,0,0,0,1.27928e+2,1.40494e+2,0,0,0,0,0,0,2.75743e+3
"Northern_Africa","DZA","Algeria",1.00664e+0,5.53083e-1,2.45243e-1,0,2.51764e+0,0,0,1.92593e-2,2.83789e+1,5.97339e+1,1.69851e+3,0,0,0,0,0,2.27524e-1,1.39160e-1,0,0,0,0,0,0,0,0,0,0,0,0,0,0,0,2.03341e+2,8.51440e+0,2.54516e-2,0,0,0,0,0,1.25067e-1,7.93440e-2,0,0,0,0,0,0,9.65364e+1,1.25637e+2,0,0,0,0,0,0,2.22559e+3
"Northern_Africa","EGY","Egypt",1.37206e+0,5.67636e-1,2.00682e+0,1.03455e-2,4.12221e+0,0,1.30500e-1,0,6.21525e+1,1.19542e+2,9.93244e+2,0,0,0,0,0,1.59600e-2,2.30840e-1,0,0,0,0,0,0,0,0,0,0,0,0,0,0,0,5.00526e+2,1.52609e+1,1.89268e+2,0,0,0,0,0,6.56409e-1,0,0,0,0,0,0,0,1.53401e+2,2.41268e+2,0,0,0,0,0,0,2.28377e+3
"Northern_Africa","ESH","Western Sahara",1.05673e-3,6.36942e-5,1.50336e-2,5.92764e-5,8.41263e-3,2.95480e-6,0,0,2.21505e-2,0,2.67169e-2,0,0,0,0,0,0,0,0,0,0,0,0,0,0,0,0,0,0,0,0,0,0,1.06240e+1,2.91220e-1,0,0,0,0,0,0,6.76550e-5,0,0,0,0,0,0,0,4.59753e-1,1.47771e+0,0,0,0,0,0,0,1.29262e+1
"Northern_Africa","LBY","Libyan Arab Jamahiriya",5.58046e-1,1.61403e-1,9.26706e-2,6.28019e-5,1.80797e+0,0,0,0,2.15957e+0,8.85794e+0,6.73926e+2,0,0,0,0,0,1.64353e+0,0,0,0,0,0,0,0,0,0,0,0,0,0,0,0,0,3.83119e+1,1.71109e+0,0,0,0,0,0,0,1.03822e-2,3.33691e-3,0,0,0,0,0,0,2.84429e+1,2.58633e+1,0,0,0,0,0,0,7.83550e+2
"Northern_Africa","MAR","Morocco",8.20584e-2,1.27072e-2,3.51413e-1,0,5.43131e-1,0,0,0,4.03213e+0,9.19509e+0,2.75100e+1,0,0,0,0,0,0,0,0,0,0,0,0,0,0,0,0,0,0,0,0,0,0,2.50267e+2,1.00662e+1,0,0,0,0,0,0,2.07740e-1,0,3.98304e-1,0,0,0,0,0,7.38576e+1,1.28303e+2,0,0,0,0,0,0,5.04826e+2
"Northern_Africa","TUN","Tunisia",3.84154e-1,2.75976e-3,9.30050e-2,0,4.26004e-1,0,0,1.25400e-4,9.43508e+0,1.88387e+1,1.43346e+2,0,0,0,0,0,0,3.85000e-3,0,0,0,0,0,0,0,0,0,0,0,0,0,0,0,9.42655e+1,4.55375e+0,0,0,0,0,0,0,7.79093e-2,0,0,0,0,0,0,0,3.57035e+1,3.80287e+1,0,0,0,0,0,0,3.45159e+2
"Western_Africa","BEN","Benin",2.76329e-3,0,4.89060e-3,0,4.48349e-1,0,0,0,2.36520e+1,1.86558e+1,6.74075e-4,0,0,0,0,0,0,0,0,0,0,0,0,0,0,0,0,0,0,0,0,0,0,6.63001e+1,2.94538e+0,3.67776e+0,0,0,0,0,2.11255e+1,6.73880e-1,2.54021e+1,0,0,0,0,0,0,8.96084e+0,3.65934e+1,0,0,0,0,0,0,2.08443e+2
"Western_Africa","BFA","Burkina Faso",2.23730e-3,1.16030e-4,5.43330e-1,6.28603e-4,9.40128e-2,3.70180e-6,0,0,4.46619e+1,4.66076e+1,1.21843e-1,0,0,0,0,0,0,0,0,0,0,0,0,0,0,0,0,0,0,0,0,0,0,3.52453e+2,1.78571e+1,6.29929e+0,0,0,0,0,3.29088e+1,1.10054e+0,0,0,0,0,0,0,0,5.67870e+0,5.10155e+1,0,0,0,0,0,0,5.59345e+2
"Western_Africa","CAF","Central African Republic",6.78142e-4,4.08194e-5,1.68484e-1,3.09262e-4,3.61255e-2,1.87580e-6,0,0,7.87398e+0,1.09740e+1,3.59521e-2,0,0,0,0,0,0,0,0,0,0,0,0,0,0,0,0,0,0,0,0,0,0,1.53044e+2,4.91896e+0,1.84525e+0,0,0,0,0,7.76856e+2,1.83154e-1,2.44283e+2,0,0,0,0,0,0,7.22958e+0,1.82578e+1,0,0,0,0,0,0,1.22571e+3
"Western_Africa","CIV","Cote d'Ivoire",1.85608e-1,7.60039e-3,1.52152e-2,0,1.40049e-1,6.24492e-3,1.17040e-2,0,3.90667e+1,9.19072e+1,2.58583e+1,0,0,0,0,0,0,0,0,0,0,0,0,0,0,0,0,0,0,0,0,0,0,6.61573e+1,3.05616e+0,0,0,0,0,0,2.20238e+1,1.62377e+0,2.30200e+2,0,0,0,0,0,0,3.68146e+1,7.69458e+1,0,0,0,0,0,0,5.94020e+2
"Western_Africa","CMR","Cameroon",2.63768e-3,0,1.15443e+0,0,4.33333e-1,0,0,0,3.57564e+1,9.60225e+0,5.93023e+1,0,0,0,0,0,0,0,0,0,0,0,0,0,0,0,0,0,0,0,0,0,0,2.57056e+2,9.57684e+0,5.16669e+0,0,0,0,0,1.10467e+2,9.39722e-1,4.20981e+1,0,0,0,0,0,0,4.13651e+1,7.94366e+1,0,0,0,0,0,0,6.52357e+2
"Western_Africa","COD","Congo_the Democratic Republic of the",5.02416e-4,2.93076e-4,4.89587e+0,0,1.57894e-1,0,0,0,2.57009e+2,1.61130e+1,4.97190e+0,0,0,0,0,0,0,0,0,0,0,0,0,0,0,0,0,0,0,0,0,0,0,6.30809e+0,2.75400e-1,5.31940e+1,0,0,0,0,6.09456e+2,3.42585e+0,1.49138e+3,0,0,0,0,0,0,5.87639e+1,2.40943e+2,0,0,0,0,0,0,2.74689e+3
"Western_Africa","COG","Congo",3.18197e-3,0,8.77800e-4,1.17040e-3,1.05625e-1,0,0,0,6.09601e+0,5.62417e+1,1.20878e+2,0,0,0,0,0,0,0,0,0,0,0,0,0,0,0,0,0,0,0,0,0,0,5.37531e+1,2.94545e+0,0,0,0,0,0,3.05424e+1,1.57865e-1,7.00196e+1,0,0,0,0,0,0,8.49979e+0,1.69944e+1,0,0,0,0,0,0,3.66239e+2
"Western_Africa","CPV","Cape Verde",6.01189e-4,3.61797e-5,2.10931e-2,6.04600e-5,1.02891e-2,1.50645e-6,0,0,6.19048e-2,8.42270e-2,1.70802e-2,0,0,0,0,0,0,0,0,0,0,0,0,0,0,0,0,0,0,0,0,0,0,1.84584e+0,6.31007e-1,0,0,0,0,0,0,1.79862e-2,0,0,0,0,0,0,0,1.23101e+0,2.18891e+0,0,0,0,0,0,0,6.11004e+0
"Western_Africa","GAB","Gabon",3.50436e-2,1.50480e-3,2.83989e-1,0,5.22998e-2,0,0,0,1.93271e+0,1.64610e+0,1.62925e+2,0,0,0,0,0,0,0,0,0,0,0,0,0,0,0,0,0,0,0,0,0,0,2.83437e+0,3.58639e-1,6.36292e-2,0,0,0,0,1.28450e+0,4.48489e-2,1.72659e+1,0,0,0,0,0,0,9.18776e+0,6.74871e+0,0,0,0,0,0,0,2.04665e+2
"Western_Africa","GHA","Ghana",4.11981e-2,3.17680e-3,1.32397e+0,0,7.82247e-1,6.59186e-3,1.34596e-2,2.50800e-4,7.79461e+1,5.98997e+1,4.48122e-1,0,0,0,0,0,0,0,0,0,0,0,0,0,0,0,0,0,0,0,0,0,0,8.05810e+1,3.86129e+0,1.51437e+1,0,0,0,0,7.46712e+1,1.19260e+0,1.97465e+1,0,0,0,0,0,0,4.28774e+1,9.64774e+1,0,0,0,0,0,0,4.75016e+2
"Western_Africa","GIN","Guinea",2.21162e-3,1.01272e-4,3.94986e-1,6.67220e-4,1.11524e-1,5.34935e-6,0,0,4.25930e+1,2.84666e+1,1.25403e-1,0,0,0,0,0,0,0,0,0,0,0,0,0,0,0,0,0,0,0,0,0,0,1.20123e+2,4.65098e+0,5.86183e+1,0,0,0,0,7.13376e+1,7.55866e-1,9.73692e+1,0,0,0,0,0,0,1.58852e+1,4.09297e+1,0,0,0,0,0,0,4.81364e+2
"Western_Africa","GMB","Gambia",9.99528e-4,6.05278e-5,6.26290e-2,9.92345e-5,4.29224e-2,2.63110e-6,0,0,2.42850e+0,4.84685e+0,2.97637e-2,0,0,0,0,0,0,0,0,0,0,0,0,0,0,0,0,0,0,0,0,0,0,1.34073e+1,5.30230e-1,2.27792e+0,0,0,0,0,4.99296e+0,4.58156e-2,0,0,0,0,0,0,0,1.79823e+0,5.45979e+0,0,0,0,0,0,0,3.59241e+1
"Western_Africa","GNB","Guinea-Bissau",7.86505e-4,4.50732e-5,6.62127e-2,1.69007e-4,2.46826e-2,2.11650e-6,0,0,1.77472e+0,4.57250e-2,3.71347e-2,0,0,0,0,0,0,0,0,0,0,0,0,0,0,0,0,0,0,0,0,0,0,2.00879e+1,1.07586e+0,8.27179e+0,0,0,0,0,1.07275e+1,1.20066e-1,0,0,0,0,0,0,0,1.79557e+0,6.81066e+0,0,0,0,0,0,0,5.08389e+1
"Western_Africa","GNQ","Equatorial Guinea",3.17104e-4,4.95303e-5,2.09933e-2,1.12571e-4,1.34048e-2,2.03350e-6,0,0,1.61240e+0,7.16596e-1,1.08586e+2,0,0,0,0,0,1.61000e+0,0,0,0,0,0,0,0,0,0,0,0,0,0,0,0,0,3.90474e-1,2.53200e-2,0,0,0,0,0,0,1.88791e-2,0,0,0,0,0,0,0,1.75801e+0,5.74486e+0,0,0,0,0,0,0,1.20497e+2
"Western_Africa","LBR","Liberia",1.42526e-3,6.62921e-5,1.38785e-1,1.53915e-4,3.74185e-2,2.73900e-6,0,0,2.05812e+1,1.75585e+1,5.20142e-2,0,0,0,0,0,0,0,0,0,0,0,0,0,0,0,0,0,0,0,0,0,0,3.46574e+0,3.47592e-1,1.44000e+0,0,0,0,0,7.87848e-1,1.51577e-1,2.97255e-2,0,0,0,0,0,0,5.38578e+0,1.27528e+1,0,0,0,0,0,0,6.27306e+1
"Western_Africa","MLI","Mali",2.25965e-3,1.08871e-4,5.54348e-1,2.23077e-4,8.11363e-2,5.16260e-6,0,0,2.06094e+1,1.03338e+1,6.39625e-2,0,0,0,0,0,0,0,0,0,0,0,0,0,0,0,0,0,0,0,0,0,0,3.92081e+2,1.51982e+1,5.26850e+1,0,0,0,0,6.05352e+1,1.15487e+0,3.20273e+1,0,0,0,0,0,0,9.91013e+0,5.64532e+1,0,0,0,0,0,0,6.51690e+2
"Western_Africa","MRT","Mauritania",5.92288e-3,2.67932e-4,1.41154e-1,1.66185e-3,3.34470e-1,1.45001e-5,0,0,6.19650e+0,1.44491e+1,3.59731e-1,0,0,0,0,0,0,0,0,0,0,0,0,0,0,0,0,0,0,0,0,0,0,2.04091e+2,9.11508e+0,0,0,0,0,0,7.09704e-1,6.95044e-2,0,0,0,0,0,0,0,5.73774e+0,1.43947e+1,0,0,0,0,0,0,2.55606e+2
"Western_Africa","NER","Niger",5.01443e-3,1.99881e-4,5.71911e-1,1.12041e-4,6.53601e-2,9.93095e-6,0,0,3.40337e+1,4.62356e+1,8.17221e-2,0,0,0,0,0,0,0,0,0,0,0,0,0,0,0,0,0,0,0,0,0,0,1.30823e+2,4.87853e+0,1.78162e+0,0,0,0,0,3.74592e+0,1.64392e+0,0,0,0,0,0,0,0,6.44920e+0,5.44138e+1,0,0,0,0,0,0,2.84729e+2
"Western_Africa","NGA","Nigeria",3.50797e-1,4.17955e-1,1.05255e+1,0,7.47673e+0,6.76533e-3,1.14114e-2,0,2.40226e+2,9.28806e+1,1.72215e+3,0,0,0,0,0,7.20000e-4,0,0,0,0,0,0,0,0,0,0,0,0,0,0,0,0,8.10632e+2,3.90406e+1,2.94587e+2,0,0,0,0,8.42976e+1,1.27182e+1,9.91032e+0,0,0,0,0,0,0,1.16477e+2,5.75791e+2,0,0,0,0,0,0,4.01750e+3
"Western_Africa","SEN","Senegal",9.69279e-2,3.76200e-4,5.54686e-2,0,1.30010e-1,0,9.65580e-3,0,2.13533e+1,3.12759e+1,1.95132e+0,0,0,0,0,0,0,0,0,0,0,0,0,0,0,0,0,0,0,0,0,0,0,1.67284e+2,7.62654e+0,1.24459e+1,0,0,0,0,4.81800e+1,4.20135e-1,0,0,0,0,0,0,0,1.98176e+1,5.41963e+1,0,0,0,0,0,0,3.64843e+2
"Western_Africa","SHN","Saint Helena",0,0,2.06439e-4,0,1.31919e-3,0,0,0,3.20140e-4,0,1.39290e-3,0,0,0,0,0,0,0,0,0,0,0,0,0,0,0,0,0,0,0,0,0,0,4.44422e-2,4.16823e-3,0,0,0,0,0,0,0,0,0,0,0,0,0,0,1.74763e-2,2.20514e-2,0,0,0,0,0,0,9.13768e-2
"Western_Africa","SLE","Sierra Leone",3.12186e-3,1.42490e-4,2.29001e-1,4.22117e-4,4.28480e-2,7.01765e-6,0,0,1.95615e+1,3.07272e+1,9.79965e-2,0,0,0,0,0,0,0,0,0,0,0,0,0,0,0,0,0,0,0,0,0,0,1.46758e+1,7.22549e-1,1.55400e+1,0,0,0,0,5.93064e+0,2.91209e-1,8.13212e-1,0,0,0,0,0,0,6.46506e+0,2.26371e+1,0,0,0,0,0,0,1.17738e+2
"Western_Africa","STP","Sao Tome and Principe",4.73504e-4,2.85271e-5,6.58642e-3,2.88760e-5,7.54984e-3,1.31555e-6,0,0,1.94259e-2,7.45488e-1,9.80664e-3,0,0,0,0,0,0,0,0,0,0,0,0,0,0,0,0,0,0,0,0,0,0,2.30908e-1,1.99078e-2,0,0,0,0,0,0,1.86373e-3,0,0,0,0,0,0,0,3.01150e-1,6.18797e-1,0,0,0,0,0,0,1.96202e+0
"Western_Africa","TCD","Chad",6.01395e-4,3.51961e-5,3.98670e-1,5.25154e-5,8.78823e-3,1.63925e-6,0,0,2.48984e+1,3.24694e+1,2.00628e+1,0,0,0,0,0,0,0,0,0,0,0,0,0,0,0,0,0,0,0,0,0,0,2.95775e+2,1.14023e+1,1.39984e+1,0,0,0,0,1.71355e+2,8.04572e-1,0,0,0,0,0,0,0,6.11386e+0,3.77386e+1,0,0,0,0,0,0,6.15027e+2
"Western_Africa","TGO","Togo",2.75852e-3,0,8.66076e-3,0,1.72811e-1,0,0,0,2.36862e+1,4.65480e+1,0,0,0,0,0,0,0,0,0,0,0,0,0,0,0,0,0,0,0,0,0,0,0,2.62969e+1,1.58930e+0,4.45404e+0,0,0,0,0,2.40624e+1,4.20738e-1,1.81567e+1,0,0,0,0,0,0,7.01308e+0,2.52943e+1,0,0,0,0,0,0,1.77706e+2
"Eastern_Africa","BDI","Burundi",7.42887e-4,3.86075e-5,3.07927e-1,2.61929e-4,3.51951e-2,1.80940e-6,0,0,3.06909e+1,2.56498e+1,4.60678e-2,0,0,0,0,0,0,0,0,0,0,0,0,0,0,0,0,0,0,0,0,0,0,1.82419e+1,7.15679e-1,2.48154e+0,0,0,0,0,0,3.82113e-1,0,0,0,0,0,0,0,1.17825e+0,2.88256e+1,0,0,0,0,0,0,1.08556e+2
"Eastern_Africa","COM","Comoros",1.34603e-4,1.91688e-5,3.29020e-2,8.38094e-5,7.81714e-3,8.46600e-7,0,0,1.36177e-1,3.14030e+0,1.06968e-2,0,0,0,0,0,0,0,0,0,0,0,0,0,0,0,0,0,0,0,0,0,0,2.17639e+0,9.96779e-2,1.78162e+0,0,0,0,0,0,1.37779e-2,0,0,0,0,0,0,0,8.97852e-1,3.37099e+0,0,0,0,0,0,0,1.16684e+1
"Eastern_Africa","DJI","Djibouti",2.15187e-3,1.27061e-4,4.63640e-2,2.99022e-4,2.91256e-2,6.72300e-6,0,0,1.66481e-1,3.97699e+0,1.76567e-1,0,0,0,0,0,0,0,0,0,0,0,0,0,0,0,0,0,0,0,0,0,0,1.73974e+1,6.97720e-1,0,0,0,0,0,5.16936e-3,1.68839e-6,0,0,0,0,0,0,0,1.84946e+0,3.77586e+0,0,0,0,0,0,0,2.81237e+1
"Eastern_Africa","ERI","Eritrea",1.05401e-3,0,1.25400e-3,0,1.70640e-2,0,0,0,9.61790e+0,1.04253e+1,0,0,0,0,0,0,0,0,0,0,0,0,0,0,0,0,0,0,0,0,0,0,0,8.20711e+1,2.80853e+0,0,0,0,0,0,1.04376e+0,1.06418e-1,0,0,0,0,0,0,0,1.65816e+0,1.67050e+1,0,0,0,0,0,0,1.24456e+2
"Eastern_Africa","ETH","Ethiopia",3.76812e-4,0,4.71504e-2,0,2.89548e-1,0,0,0,3.49827e+2,1.99361e+1,0,0,0,0,0,0,0,0,0,0,0,0,0,0,0,0,0,0,0,0,0,0,0,1.50772e+3,5.56486e+1,0,0,0,0,0,2.51712e+2,1.01511e+1,0,0,0,0,0,0,0,2.29316e+1,3.03621e+2,0,0,0,0,0,0,2.52189e+3
"Eastern_Africa","KEN","Kenya",5.35117e-1,7.99652e-3,6.83848e-2,6.90814e-3,4.62226e-1,6.59186e-3,8.77800e-4,0,9.23885e+1,2.49659e+2,4.45520e-1,0,0,0,0,0,0,0,0,0,0,0,0,0,0,0,0,0,0,0,0,0,0,6.56773e+2,2.07076e+1,2.02341e+0,0,0,0,0,1.06094e+1,9.66649e-1,0,0,0,0,0,0,0,2.36202e+1,1.61472e+2,0,0,0,0,0,0,1.21975e+3
"Eastern_Africa","MDG","Madagascar",6.90923e-3,4.14336e-4,7.68781e-1,8.06966e-4,1.73158e-1,1.37697e-5,0,0,4.22180e+1,8.32195e+1,2.15510e-1,0,0,0,0,0,0,0,0,0,0,0,0,0,0,0,0,0,0,0,0,0,0,3.38381e+2,1.23605e+1,1.94050e+2,0,0,0,0,8.00040e+1,1.09482e+0,7.48476e+1,3.40296e+0,0,0,0,0,0,1.26196e+1,7.16356e+1,0,0,0,0,0,0,9.15000e+2
"Eastern_Africa","MUS","Mauritius",8.51284e-3,4.23607e-4,6.68528e-2,2.88579e-4,1.07961e-1,1.76624e-5,0,0,8.43484e-1,9.14500e-3,3.19158e-1,0,0,0,0,0,0,0,0,0,0,0,0,0,0,0,0,0,0,0,0,0,0,1.87560e+0,2.55503e-1,0,0,0,0,0,0,9.86812e-2,0,0,0,0,0,0,0,3.92677e+0,5.49938e+0,0,0,0,0,0,0,1.30118e+1
"Eastern_Africa","MYT","Mayotte",0,0,0,0,0,0,0,0,0,0,0,0,0,0,0,0,0,0,0,0,0,0,0,0,0,0,0,0,0,0,0,0,0,0,0,0,0,0,0,0,0,0,0,0,0,0,0,0,0,1.99847e-1,3.60990e-1,0,0,0,0,0,0,5.60837e-1
"Eastern_Africa","REU","Reunion",5.53517e-3,3.21691e-4,3.82330e-2,1.11919e-3,1.03018e-1,1.32011e-5,0,0,2.64829e-1,0,2.75519e-1,0,0,0,0,0,0,0,0,0,0,0,0,0,0,0,0,0,0,0,0,0,0,1.89035e+0,4.35579e-1,5.09033e-3,0,0,0,0,0,4.22210e-2,0,0,0,0,0,0,0,4.26727e+0,4.75963e+0,0,0,0,0,0,0,1.20887e+1
"Eastern_Africa","RWA","Rwanda",2.32492e-3,1.32729e-4,3.76268e-1,4.58577e-4,5.70810e-2,6.73545e-6,0,0,1.88335e+1,1.82900e+1,1.84318e-1,0,0,0,0,0,0,0,0,0,0,0,0,0,0,0,0,0,0,0,0,0,0,4.13686e+1,1.68874e+0,1.76889e+0,0,0,0,0,6.74352e-1,5.99605e-1,0,0,0,0,0,0,0,1.94110e+0,3.42239e+1,0,0,0,0,0,0,1.20009e+2
"Eastern_Africa","SDN","Sudan",3.48954e-2,1.31670e-2,1.11105e+0,0,8.55015e-1,1.73470e-3,5.85200e-4,0,8.27205e+1,1.87838e+2,4.00218e+1,0,0,0,0,0,0,0,0,0,0,0,0,0,0,0,0,0,0,0,0,0,0,1.92603e+3,6.82301e+1,7.48279e-1,0,0,0,0,8.07336e+2,2.50819e+0,0,0,0,0,0,0,0,7.99781e+1,1.67374e+2,0,0,0,0,0,0,3.36480e+3
"Eastern_Africa","SOM","Somalia",9.95402e-4,1.00106e-4,3.37079e-1,3.68741e-4,4.96204e-2,4.43635e-6,0,0,3.89600e+1,7.28856e+1,7.42857e-2,0,0,0,0,0,0,0,0,0,0,0,0,0,0,0,0,0,0,0,0,0,0,5.69597e+2,2.53220e+1,0,0,0,0,0,1.30150e+0,1.70236e-1,0,0,0,0,0,0,0,5.53746e+0,3.46939e+1,0,0,0,0,0,0,7.48930e+2
"Eastern_Africa","SYC","Seychelles",3.76428e-3,2.27943e-4,6.34975e-3,2.44000e-7,1.52918e-2,8.06760e-6,0,0,1.94090e-2,0,8.30984e-2,0,0,0,0,0,0,0,0,0,0,0,0,0,0,0,0,0,0,0,0,0,0,9.46695e-2,5.96278e-2,0,0,0,0,0,0,5.05440e-6,0,0,0,0,0,0,0,3.86669e-1,3.52734e-1,0,0,0,0,0,0,1.02186e+0
"Eastern_Africa","UGA","Uganda",4.53237e-3,2.74464e-4,1.17615e+0,3.57003e-4,1.80194e-1,1.01509e-5,0,0,1.33760e+2,7.44403e+1,1.61876e-1,0,0,0,0,0,0,0,0,0,0,0,0,0,0,0,0,0,0,0,0,0,0,3.00012e+2,1.10041e+1,1.29804e+1,0,0,0,0,1.54910e+2,2.33699e+0,0,0,0,0,0,0,0,7.27302e+0,1.03672e+2,0,0,0,0,0,0,8.01913e+2
"Southern_Africa","AGO","Angola",6.98359e-3,6.48369e-3,2.24456e-1,5.16230e-3,3.96750e-1,0,0,0,1.97581e+1,9.01697e+1,3.92398e+2,0,0,0,0,0,0,0,0,0,0,0,0,0,0,0,0,0,0,0,0,0,0,1.77702e+2,5.47119e+0,1.57800e+0,0,0,0,0,6.58258e-1,4.13842e-1,1.63412e+0,0,0,0,0,0,0,2.07614e+1,6.77978e+1,0,0,0,0,0,0,7.78983e+2
"Southern_Africa","BWA","Botswana",1.04042e-2,2.74430e-5,1.47364e-1,6.65705e-5,3.26970e-1,1.31685e-4,0,0,2.90153e+0,1.93310e+1,1.10116e-2,0,0,0,0,0,0,0,0,0,0,0,0,0,0,0,0,0,0,0,0,0,0,1.41558e+2,3.91787e+0,0,0,0,0,0,3.78504e+1,3.42731e-2,0,1.52328e+0,0,0,0,0,0,5.96180e+0,8.22875e+0,0,0,0,0,0,0,2.21803e+2
"Southern_Africa","LSO","Lesotho",4.23200e-4,2.56262e-5,7.63299e-2,1.74329e-4,2.51493e-2,1.24915e-6,0,0,7.36109e+0,7.95615e+0,2.08240e-2,0,0,0,0,0,0,0,0,0,0,0,0,0,0,0,0,0,0,0,0,0,0,3.01521e+1,7.38359e-1,0,0,0,0,0,0,2.77920e-2,0,1.78320e+0,0,0,0,0,0,1.57739e+0,8.18199e+0,0,0,0,0,0,0,5.79009e+1
"Southern_Africa","MOZ","Mozambique",7.44267e-4,0,7.37241e-1,0,1.34372e-1,0,8.48540e-3,0,6.38926e+1,3.79063e+1,6.10542e+1,0,0,0,0,0,0,0,0,0,0,0,0,0,0,0,0,0,0,0,0,0,0,5.10486e+1,2.18188e+0,2.29065e+1,0,0,0,0,2.09602e+2,2.06661e+0,8.58636e+1,8.47104e+0,0,0,0,0,0,1.77958e+1,9.10688e+1,0,0,0,0,0,0,6.54739e+2
"Southern_Africa","MWI","Malawi",2.57281e-3,1.48466e-4,5.32678e-1,3.37663e-4,8.46503e-2,7.59450e-6,0,0,2.06794e+1,3.98356e+1,8.17785e-2,0,0,0,0,0,0,0,0,0,0,0,0,0,0,0,0,0,0,0,0,0,0,4.39296e+1,1.85260e+0,5.40847e+0,0,0,0,0,2.56464e+1,1.42919e+0,0,0,0,0,0,0,0,4.35597e+0,5.21616e+1,0,0,0,0,0,0,1.96001e+2
"Southern_Africa","NAM","Namibia",4.36496e-4,0,1.24648e-2,6.27400e-4,2.56174e-1,0,7.02240e-3,0,6.79156e-1,4.80525e+0,0,0,0,0,0,0,0,0,0,0,0,0,0,0,0,0,0,0,0,0,0,0,0,1.78710e+2,4.18901e+0,0,0,0,0,0,4.96656e+1,7.25783e-2,0,7.80072e-3,0,0,0,0,0,3.86861e+0,7.78509e+0,0,0,0,0,0,0,2.50060e+2
"Southern_Africa","SWZ","Swaziland",2.20503e-3,8.89345e-5,4.65569e-2,1.56127e-4,6.25255e-2,5.07130e-6,0,0,2.44416e+0,4.01914e+0,5.20987e-2,0,0,0,0,0,0,0,0,0,0,0,0,0,0,0,0,0,0,0,0,0,0,3.07700e+1,7.40327e-1,6.36292e-3,0,0,0,0,0,1.07257e-1,0,0,0,0,0,0,0,1.73139e+0,1.69682e+1,0,0,0,0,0,0,5.69504e+1
"Southern_Africa","TZA","Tanzania_United Republic of",1.19742e-3,0,1.84927e+0,0,3.41702e-1,0,0,0,9.37753e+1,1.33530e+2,1.53707e+1,0,0,0,0,0,0,0,0,0,0,0,0,0,0,0,0,0,0,0,0,0,0,6.40570e+2,2.16587e+1,4.51767e+1,0,0,0,0,2.75208e+2,4.59987e+0,1.70333e+2,0,0,0,0,0,0,2.13353e+1,1.76721e+2,0,0,0,0,0,0,1.60047e+3
"Southern_Africa","ZAF","South Africa",1.66787e+0,7.15198e-2,5.79535e+0,2.07753e-2,5.54704e+0,2.30355e-2,0,0,9.65536e+1,1.25874e+3,8.52056e+1,0,0,0,0,0,2.49930e-1,3.90234e+0,0,0,0,0,0,0,0,0,0,0,0,0,0,0,0,9.22460e+2,2.25867e+1,1.78162e-1,0,0,0,0,5.22552e+0,2.61955e+0,1.23130e+1,9.67130e+1,0,0,0,0,0,2.71995e+2,3.21914e+2,0,0,0,0,0,0,3.11378e+3
"Southern_Africa","ZMB","Zambia",1.11369e-3,1.29580e-3,1.05655e+0,0,1.69290e-1,4.68369e-3,0,0,3.12864e+1,7.95088e+1,1.14298e-1,0,0,0,0,0,0,0,0,0,0,0,0,0,0,0,0,0,0,0,0,0,0,1.06016e+2,3.78002e+0,1.32349e+0,0,0,0,0,4.73136e+2,2.44027e-1,2.55109e+2,0,0,0,0,0,0,1.06197e+1,4.67512e+1,0,0,0,0,0,0,1.00912e+3
"Southern_Africa","ZWE","Zimbabwe",4.68807e-2,5.43400e-4,2.50591e-1,0,2.15852e-1,4.40781e-3,0,0,3.18281e+1,2.00220e+1,6.90000e-5,0,0,0,0,0,0,2.70020e-1,0,0,0,0,0,0,0,0,0,0,0,0,0,0,0,2.72324e+2,7.21792e+0,3.18146e-2,0,0,0,0,5.80656e+1,3.79832e-1,0,0,0,0,0,0,0,1.51017e+1,5.41432e+1,0,0,0,0,0,0,4.59903e+2
"OECD_Europe","AUT","Austria",1.75090e+0,1.30943e-1,1.70443e+0,2.31990e-3,1.71815e+0,1.00613e-2,6.14460e-3,6.52080e-3,3.50411e+1,1.87844e+0,4.62029e+1,0,0,0,0,0,1.15830e-1,3.51260e-1,0,0,0,0,0,0,0,0,0,0,0,0,0,0,0,1.52617e+2,4.40525e+1,0,0,0,0,0,0,3.90802e-1,0,7.81224e-2,0,0,0,0,0,6.45194e+1,4.53726e+1,1.83000e-3,6.73920e+0,0,0,0,0,4.02691e+2
"OECD_Europe","BEL","Belgium",1.52979e+0,8.84960e-2,1.23238e+0,1.04602e-4,1.67638e+0,7.28574e-3,6.40794e-2,0,6.77679e+0,4.88747e+0,4.29317e+1,0,0,0,0,0,4.68660e-1,5.51670e-1,0,0,0,0,0,0,0,0,0,0,0,0,0,0,0,1.96008e+2,7.52205e+1,0,0,0,0,0,0,2.85148e-1,0,1.51418e-1,0,0,0,0,0,3.26474e+1,8.46145e+1,2.65882e-1,8.86364e+0,0,0,0,0,4.58271e+2
"OECD_Europe","CHE","Switzerland",6.97622e-1,1.85927e-2,8.33604e-1,8.98701e-4,2.02425e+0,1.73470e-3,2.63340e-3,0,1.19355e+1,3.54000e-1,2.93340e+1,0,0,0,0,0,7.07996e-2,0,0,0,0,0,0,0,0,0,0,0,0,0,0,0,0,1.20095e+2,3.26301e+1,0,0,0,0,0,0,9.54549e-2,7.89792e-2,0,0,0,0,0,0,2.25985e+1,1.20136e+1,1.20570e-5,3.12778e+0,0,0,0,0,2.35913e+2
"OECD_Europe","DEU","Germany",9.34480e+0,4.34329e-1,5.01532e+0,3.62006e-2,1.23579e+1,7.59799e-2,9.39246e-2,2.75880e-3,1.02290e+2,3.90060e+2,2.68161e+2,0,0,0,0,0,5.83505e+0,1.98078e+0,0,0,0,0,0,0,0,0,0,0,0,0,0,0,0,1.05922e+3,3.47424e+2,0,0,0,0,0,0,3.74801e+0,0,4.44288e-1,0,0,0,0,0,5.63983e+2,1.70601e+2,0,3.68280e-2,0,0,0,0,2.94114e+3
"OECD_Europe","DNK","Denmark",2.30207e+0,9.77586e-2,3.59245e-1,6.06099e-4,1.35781e+0,1.28368e-2,3.97936e-2,1.11606e-2,1.37637e+1,2.45040e-1,4.39284e+1,0,0,0,0,0,0,0,0,0,0,0,0,0,0,0,0,0,0,0,0,0,0,1.37539e+2,1.08059e+2,0,0,0,0,0,0,7.57408e-1,0,0,0,0,0,0,0,5.75071e+1,9.36219e+0,0,3.55327e+0,0,0,0,0,3.78896e+2
"OECD_Europe","ESP","Spain",2.96283e+0,3.40444e-1,3.34295e+0,4.92445e-2,8.50338e+0,1.23164e-1,4.51775e-1,0,4.11628e+1,8.15611e+1,5.21134e+1,0,0,0,0,0,8.17366e-1,4.68480e-1,0,0,0,0,0,0,0,0,0,0,0,0,0,0,0,6.33087e+2,3.22648e+2,2.61800e+1,0,0,0,0,0,1.29537e+0,0,1.58578e+1,0,0,0,0,0,3.89444e+2,1.20687e+2,2.85100e-2,2.81544e+1,0,0,0,0,1.72928e+3
"OECD_Europe","FIN","Finland",3.42562e+0,7.86000e-2,4.64112e+0,3.17681e-3,1.53506e+0,7.28574e-3,6.08608e-2,7.52400e-4,2.04784e+1,2.94751e+0,5.69771e+0,0,0,0,0,0,8.33220e-2,5.03089e-1,0,0,0,0,0,0,0,0,0,0,0,0,0,0,0,7.46506e+1,2.12661e+1,0,0,0,0,0,0,3.13512e-1,0,2.45856e-1,0,0,0,0,0,1.00989e+2,2.25953e+2,0,1.87600e+0,0,0,0,0,4.64757e+2
"OECD_Europe","FRA","France",3.57582e+0,2.89029e-1,4.20781e+0,2.89048e-2,9.68339e+0,3.74695e-2,9.04148e-2,0,1.51849e+2,2.01756e+1,1.45104e+3,0,0,0,0,0,1.65619e+0,1.63751e+0,0,0,0,0,0,0,0,0,0,0,0,0,0,0,0,1.38901e+3,3.57868e+2,3.93800e+0,0,0,0,0,0,5.45889e+0,0,1.73621e+0,0,0,0,0,0,3.34639e+2,1.89524e+2,2.51164e+0,1.92083e+1,0,0,0,0,3.94817e+3
"OECD_Europe","FRO","Faroe Islands",0,0,0,0,0,0,0,0,0,0,0,0,0,0,0,0,0,0,0,0,0,0,0,0,0,0,0,0,0,0,0,0,0,6.13384e-1,2.49390e-2,0,0,0,0,0,0,9.69408e-6,0,0,0,0,0,0,0,1.02474e+0,4.22216e-2,2.84651e-3,2.58774e-2,0,0,0,0,1.73402e+0
"OECD_Europe","GBR","United Kingdom",6.71748e+0,1.22549e+0,2.28731e+0,1.71798e-2,9.82557e+0,1.14490e-1,3.73065e-1,0,2.68949e+1,9.74198e+1,5.81556e+2,0,0,0,0,0,1.07593e+0,4.93500e-1,0,0,0,0,0,0,0,0,0,0,0,0,0,0,0,1.01465e+3,1.79541e+2,0,0,0,0,0,0,1.91387e+0,0,1.50571e-1,0,0,0,0,0,1.04179e+3,1.11427e+2,2.22753e-1,8.26484e+0,0,0,0,0,3.08596e+3
"OECD_Europe","GIB","Gibraltar",0,0,0,0,1.45332e-2,0,0,0,0,0,0,0,0,0,0,0,0,0,0,0,0,0,0,0,0,0,0,0,0,0,0,0,0,0,0,0,0,0,0,0,0,0,0,0,0,0,0,0,0,2.32069e-1,2.43240e-2,8.73660e-4,7.94236e-3,0,0,0,0,2.79742e-1
"OECD_Europe","GRC","Greece",6.95712e-1,8.41798e-2,6.97302e-1,8.46457e-3,7.22335e+0,7.19601e-3,1.88727e-1,8.36000e-5,1.28633e+1,5.80314e+1,1.15557e+1,0,0,0,0,0,3.36600e-3,0,0,0,0,0,0,0,0,0,0,0,0,0,0,0,0,1.38163e+2,2.98696e+1,5.08200e+0,0,0,0,0,0,4.35405e-1,0,7.69296e-1,0,0,0,0,0,1.11674e+2,1.36108e+1,3.60000e-4,2.09182e-1,0,0,0,0,3.91172e+2
"OECD_Europe","GRL","Greenland",0,0,0,0,0,0,0,0,0,0,0,0,0,0,0,0,0,0,0,0,0,0,0,0,0,0,0,0,0,0,0,0,0,1.55535e-1,2.83385e-3,0,0,0,0,0,0,0,0,0,0,0,0,0,0,9.10241e-1,2.12395e-1,1.43732e-3,1.30665e-2,0,0,0,0,1.29551e+0
"OECD_Europe","IRL","Ireland",2.86977e-1,6.43748e-3,4.18500e-1,9.61400e-4,1.02914e+0,6.93880e-3,5.26680e-3,0,9.68911e+0,7.08000e-1,7.43767e+1,0,0,0,0,0,0,0,0,0,0,0,0,0,0,0,0,0,0,0,0,0,0,4.85903e+2,7.38589e+1,0,0,0,0,0,0,1.59771e-1,0,1.45128e-2,0,0,0,0,0,5.92511e+1,6.05550e+0,0,5.90340e-1,0,0,0,0,7.12361e+2
"OECD_Europe","ISL","Iceland",2.67955e-3,0,5.98848e-2,1.46300e-4,5.84107e-2,0,1.75560e-3,0,6.67651e-2,0,0,0,0,0,0,0,0,1.32000e-1,0,0,0,0,0,0,0,0,0,0,0,0,0,0,0,8.96079e+0,1.27070e+0,0,0,0,0,0,0,7.11893e-5,0,0,0,0,0,0,0,5.01697e+0,4.13945e-1,1.39500e-5,7.06208e-3,0,0,0,0,1.59912e+1
"OECD_Europe","ITA","Italy",5.68519e+0,3.74513e-1,3.05453e+0,1.50271e-2,2.36538e+1,1.71735e-2,4.62987e-1,0,2.95442e+1,1.43431e+1,2.15862e+2,0,0,0,0,0,9.43930e-1,1.02929e+0,0,0,0,0,0,0,0,0,0,0,0,0,0,0,0,5.21068e+2,2.02162e+2,4.86200e+1,0,0,0,0,0,1.84551e+0,2.45227e-1,2.09726e+0,0,0,0,0,0,7.33982e+2,7.80924e+1,1.24295e+0,2.73128e+1,0,0,0,0,1.91165e+3
"OECD_Europe","LUX","Luxembourg",7.20816e-2,0,6.24032e-2,2.09339e-5,3.63640e-1,1.73470e-4,0,1.37940e-3,1.23136e-1,0,4.68670e+0,0,0,0,0,0,0,5.90100e-2,0,0,0,0,0,0,0,0,0,0,0,0,0,0,0,1.26269e+1,2.87599e+1,0,0,0,0,0,0,1.12130e-2,0,3.92280e-1,0,0,0,0,0,2.37113e+0,4.55522e-1,0,1.71079e-1,0,0,0,0,5.01566e+1
"OECD_Europe","NLD","Netherlands",3.59580e+0,3.80992e-1,5.40222e-1,1.52570e-3,3.21290e+0,5.89798e-3,6.02756e-2,0,7.13315e+0,3.50196e+0,2.27441e+2,0,0,0,0,0,3.58257e+0,3.17520e-1,0,0,0,0,0,0,0,0,0,0,0,0,0,0,0,2.93520e+2,1.45686e+2,0,0,0,0,0,0,2.24244e-1,0,6.44688e-2,0,0,0,0,0,2.84321e+2,4.15219e+1,0,4.87500e+0,0,0,0,0,1.01999e+3
"OECD_Europe","NOR","Norway",3.05598e-1,5.22165e-1,9.03460e-1,5.41310e-3,1.18412e+0,2.42858e-3,2.39054e-1,3.34400e-4,1.13201e+1,2.40827e+1,5.69000e+2,0,0,0,0,0,2.32316e+0,9.40500e-1,0,0,0,0,0,0,0,0,0,0,0,0,0,0,0,8.49324e+1,1.63279e+1,0,0,0,0,0,0,1.00017e-1,0,0,0,0,0,0,0,5.65525e+1,4.84677e+1,4.49617e+0,1.48308e+0,0,0,0,0,8.23188e+2
"OECD_Europe","PRT","Portugal",7.78708e-1,8.06448e-2,1.92638e+0,3.46940e-3,2.40720e+0,4.33675e-3,4.97420e-3,4.18000e-5,2.05937e+1,1.34520e+0,4.97375e+1,0,0,0,0,0,1.07613e-1,2.93300e-2,0,0,0,0,0,0,0,0,0,0,0,0,0,0,0,1.42888e+2,5.73200e+1,4.81800e+0,0,0,0,0,0,7.92012e-2,0,3.79224e+1,0,0,0,0,0,2.74938e+2,5.35575e+1,2.94212e-1,9.87600e-1,0,0,0,0,6.49824e+2
"OECD_Europe","SWE","Sweden",5.28053e+0,4.43030e-2,4.95609e+0,8.05212e-3,2.01049e+0,6.93880e-4,4.15492e-2,3.89373e-3,1.79356e+1,1.85023e+0,2.44271e+1,0,0,0,0,0,3.36011e-1,1.84426e-1,0,0,0,0,0,0,0,0,0,0,0,0,0,0,0,1.21364e+2,2.95473e+1,0,0,0,0,0,0,4.03403e-1,0,2.27400e-2,0,0,0,0,0,9.35970e+1,2.44503e+2,3.76758e-2,1.50606e+0,0,0,0,0,5.48060e+2
"Central Europe","ALB","Albania",1.25604e-4,4.76520e-3,2.98995e-2,0,2.53912e-1,3.47504e-3,1.26000e-2,0,7.63602e+0,5.18093e+0,1.31127e+1,0,0,0,0,0,0,3.93580e-2,0,0,0,0,0,0,0,0,0,0,0,0,0,0,0,7.01302e+1,1.08093e+1,0,0,0,0,0,0,1.51629e-1,0,1.34861e-1,0,0,0,0,0,5.04956e+0,5.39521e+0,2.39896e-3,7.99652e-3,0,0,0,0,1.17955e+2
"Central Europe","BGR","Bulgaria",2.76134e-1,2.50777e-2,4.44154e-1,2.71699e-4,2.11342e+0,5.71280e-3,5.86152e-4,9.15420e-3,2.50194e+1,2.96488e+1,1.11578e+1,0,0,0,0,0,1.71897e-1,1.26120e-1,0,0,0,0,0,0,0,0,0,0,0,0,0,0,0,7.97052e+1,1.54940e+1,9.90000e-1,0,0,0,0,0,1.67788e+0,0,3.13848e+0,0,0,0,0,0,4.09865e+2,2.86220e+1,0,0,0,0,0,0,6.08491e+2
"Central Europe","BIH","Bosnia and Herzegovina",9.11885e-2,4.94494e-3,6.76555e-2,1.86312e-3,4.82453e-1,0,0,0,7.06363e+0,4.37772e+1,5.85813e+0,0,0,0,0,0,9.97430e-4,1.10000e-3,0,0,0,0,0,0,0,0,0,0,0,0,0,0,0,4.53247e+1,9.62270e+0,0,0,0,0,0,0,3.46757e-1,0,6.15480e-1,0,0,0,0,0,7.17328e+0,6.48876e+0,3.43899e-3,1.14633e-2,0,0,0,0,1.26936e+2
"Central Europe","CYP","Cyprus",8.45567e-4,0,4.93243e-2,0,2.46781e-1,0,0,0,1.21520e-1,1.82900e-1,0,0,0,0,0,0,0,0,0,0,0,0,0,0,0,0,0,0,0,0,0,0,0,8.83145e+0,4.06791e+0,0,0,0,0,0,0,6.76140e-3,0,0,0,0,0,0,0,1.23629e+1,3.53529e+0,0,0,0,0,0,0,2.94057e+1
"Central Europe","CZE","Czech Republic",1.07729e+0,5.60367e-2,1.69278e+0,0,2.58106e+0,0,0,3.39131e-3,4.26971e+1,1.40389e+2,4.95880e+1,0,0,0,0,0,2.08442e-1,3.98370e-1,0,0,0,0,0,0,0,0,0,0,0,0,0,0,0,1.58216e+2,2.35812e+1,0,0,0,0,0,0,2.17563e+0,0,1.18193e-1,0,0,0,0,0,1.03362e+2,4.68193e+1,1.48472e-1,8.80000e-1,0,0,0,0,5.73993e+2
"Central Europe","EST","Estonia",2.88984e-1,8.41215e-3,1.98603e-1,2.09000e-5,2.92847e-1,7.02254e-3,2.34080e-3,0,1.12274e+1,1.39304e+1,1.75432e+1,0,0,0,0,0,0,0,0,0,0,0,0,0,0,0,0,0,0,0,0,0,0,2.47330e+1,3.83858e+0,1.83700e+0,0,0,0,0,0,2.06393e-1,0,0,0,0,0,0,0,2.20250e+1,7.28789e+0,0,1.91970e+0,0,0,0,0,1.05347e+2
"Central Europe","HRV","Croatia",1.09928e-1,4.82188e-2,2.05249e-1,1.17040e-3,1.29919e+0,5.72479e-3,9.65580e-3,1.25604e-4,1.05428e+1,3.10930e-1,9.28270e+1,0,0,0,0,0,5.94832e-2,0,0,0,0,0,0,0,0,0,0,0,0,0,0,0,0,4.88784e+1,1.15158e+1,0,0,0,0,0,0,8.08140e-1,0,1.34885e+0,0,0,0,0,0,3.21960e+1,1.49034e+1,1.20684e-5,0,0,0,0,0,2.15070e+2
"Central Europe","HUN","Hungary",1.11952e+0,3.72804e-2,3.06729e-1,6.26999e-5,1.26897e+0,1.04437e-2,2.63721e-3,0,2.04732e+1,8.38474e+0,7.97896e+1,0,0,0,0,0,1.99941e-1,1.06530e-1,0,0,0,0,0,0,0,0,0,0,0,0,0,0,0,9.00295e+1,2.97874e+1,5.87400e-1,0,0,0,0,0,4.02549e+0,0,6.98904e-1,0,0,0,0,0,1.06580e+2,3.26778e+1,1.01700e-1,0,0,0,0,0,3.76188e+2
"Central Europe","LTU","Lithuania",2.50999e-1,3.41463e-2,1.89830e-1,2.09000e-5,8.73981e-1,1.28368e-2,1.46300e-3,6.27000e-4,1.67204e+1,9.14500e-2,6.61919e+1,0,0,0,0,0,9.20000e-2,0,0,0,0,0,0,0,0,0,0,0,0,0,0,0,0,7.49893e+1,1.29782e+1,0,0,0,0,0,0,7.92867e-1,0,4.93872e-1,0,0,0,0,0,5.28598e+1,1.35658e+1,1.06061e-3,0,0,0,0,0,2.40141e+2
"Central Europe","LVA","Latvia",2.50946e-1,0,3.16861e-1,0,4.96668e-1,1.43980e-2,8.79228e-4,5.44284e-4,2.93098e+1,7.31600e-1,4.83117e+1,0,0,0,0,0,0,0,0,0,0,0,0,0,0,0,0,0,0,0,0,0,0,3.48924e+1,5.69706e+0,0,0,0,0,0,0,3.96376e-1,0,3.07056e-1,0,0,0,0,0,2.26366e+1,4.46235e+0,1.31176e-4,2.62560e-2,0,0,0,0,1.47852e+2
"Central Europe","MKD","Macedonia, the former Yugoslav Republic of",6.64864e-2,3.46940e-4,5.25306e-2,0,2.83835e-1,1.21627e-3,0,0,5.09012e+0,6.96828e+0,9.63529e+0,0,0,0,0,0,1.65933e-3,5.50000e-2,0,0,0,0,0,0,0,0,0,0,0,0,0,0,0,2.68603e+1,3.58693e+0,5.25800e-1,0,0,0,0,0,1.90241e-1,0,2.36074e-1,0,0,0,0,0,5.92896e+0,8.01381e+0,2.31374e-3,7.71248e-3,0,0,0,0,6.75069e+1
"Central Europe","MLT","Malta",4.12781e-3,0,0,0,4.76103e-2,0,0,0,5.43400e-3,0,0,0,0,0,0,0,0,0,0,0,0,0,0,0,0,0,0,0,0,0,0,0,0,1.60015e+0,6.95901e-1,0,0,0,0,0,0,1.22237e-3,0,0,0,0,0,0,0,8.90819e+0,3.72217e-1,0,0,0,0,0,0,1.16349e+1
"Central Europe","POL","Poland",2.22683e+0,1.77330e-1,3.30058e+0,0,7.88395e+0,3.19480e-2,1.02553e-2,1.01156e-2,2.14842e+2,1.81362e+3,1.56553e+2,0,0,0,0,0,1.38709e-1,4.83560e-1,0,0,0,0,0,0,0,0,0,0,0,0,0,0,0,5.78489e+2,1.46941e+2,0,0,0,0,0,0,5.98780e+0,0,8.65728e-1,0,0,0,0,0,3.35085e+2,9.41375e+1,1.35588e-1,1.00000e+0,0,0,0,0,3.36192e+3
"Central Europe","ROU","Romania",4.57960e-1,2.62695e-1,8.70900e-1,2.50799e-4,2.90411e+0,1.43064e-2,1.22892e-2,6.40356e-3,1.00484e+2,4.69011e+1,4.17797e+2,0,0,0,0,0,1.11972e+0,6.38880e-1,0,0,0,0,0,0,0,0,0,0,0,0,0,0,0,3.33468e+2,7.74023e+1,7.45800e-1,0,0,0,0,0,5.37658e+0,0,0,0,0,0,0,0,1.77146e+2,7.13717e+1,1.77039e-2,0,0,0,0,0,1.23700e+3
"Central Europe","SCG","Serbia and Montenegro",1.05971e-1,0,3.00667e-1,0,1.15869e+0,0,0,0,3.33341e+1,2.79012e+1,8.05472e+1,0,0,0,0,0,5.67854e-2,6.21250e-1,0,0,0,0,0,0,0,0,0,0,0,0,0,0,0,1.25470e+2,3.38800e+1,0,0,0,0,0,0,2.53550e+0,0,0,0,0,0,0,0,1.79549e+1,3.62435e+1,7.02972e-3,2.34324e-2,0,0,0,0,3.60140e+2
"Central Europe","SVK","Slovakia",2.85095e-1,6.85039e-2,6.94933e-1,2.71700e-4,4.37901e-1,0,0,2.51218e-2,2.47201e+0,8.74287e+0,2.68458e+1,0,0,0,0,0,7.09210e-2,3.73494e-1,0,0,0,0,0,0,0,0,0,0,0,0,0,0,0,5.96241e+1,1.20220e+1,0,0,0,0,0,0,1.01375e+0,0,6.47472e-1,0,0,0,0,0,4.11814e+1,3.88429e+1,7.16070e-2,8.32000e-2,0,0,0,0,1.93503e+2
"Central Europe","SVN","Slovenia",1.18992e-1,3.76200e-4,2.39045e-1,2.09000e-5,4.13354e-1,2.08164e-3,0,0,1.11823e+1,3.70808e+1,4.04495e+0,0,0,0,0,0,3.33500e-1,9.90000e-3,0,0,0,0,0,0,0,0,0,0,0,0,0,0,0,4.67640e+1,6.64058e+0,0,0,0,0,0,0,1.47061e-1,0,0,0,0,0,0,0,2.28306e+1,1.21064e+1,0,1.13520e-5,0,0,0,0,1.41914e+2
"Turkey","TUR","Turkey",2.46856e+0,1.14316e-1,3.32435e+0,1.93325e-2,8.34805e+0,4.26818e-2,1.32277e-1,4.30540e-3,1.17103e+2,1.49773e+2,2.14140e+2,0,0,0,0,0,3.95654e-1,3.88447e-1,0,0,0,0,0,0,0,0,0,0,0,0,0,0,0,7.62997e+2,2.06149e+2,2.50464e+1,0,0,0,0,0,3.42596e+1,0,1.63898e+0,0,0,0,0,0,1.21137e+3,3.25847e+2,0,9.58568e-1,0,0,0,0,3.06452e+3
"Ukraine +","BLR","Belarus",1.33961e+0,2.06512e-2,3.39599e-1,2.00757e-2,7.32555e-1,8.32274e-2,9.37846e-3,1.25604e-4,2.70374e+1,9.14500e-2,1.57914e+1,0,0,0,0,0,5.75627e-2,0,0,0,0,0,0,0,0,0,0,0,0,0,0,0,0,3.35907e+2,5.05707e+1,0,0,0,0,0,0,1.50914e+0,0,6.40536e-1,0,0,0,0,0,2.07270e+2,2.72737e+1,0,1.55548e-1,0,0,0,0,6.68850e+2
"Ukraine +","MDA","Moldova, Republic of",8.75982e-2,0,1.42371e-2,0,1.33382e-1,5.55386e-3,0,2.80060e-3,2.89824e+0,7.95615e+0,6.93519e+1,0,0,0,0,0,0,0,0,0,0,0,0,0,0,0,0,0,0,0,0,0,0,3.61077e+1,1.02079e+1,0,0,0,0,0,0,8.39973e-1,0,1.47922e+0,0,0,0,0,0,6.69308e+0,3.27324e+1,2.35585e-3,7.85280e-3,0,0,0,0,1.68520e+2
"Ukraine +","UKR","Ukraine",1.61653e+0,2.94053e-1,2.90502e+0,6.06100e-4,4.02339e+0,5.37924e-2,3.86232e-2,1.40030e-1,4.26603e+1,4.03302e+2,1.65231e+3,0,0,0,0,0,2.28603e-1,5.75957e+0,0,0,0,0,0,0,0,0,0,0,0,0,0,0,0,6.38365e+2,1.24364e+2,6.69991e+0,0,0,0,0,0,1.20678e+1,0,8.65392e+0,0,0,0,0,0,3.57412e+2,1.16611e+2,0,5.48780e-1,0,0,0,0,3.37806e+3
"Asia-Stan","KAZ","Kazakhstan",6.40718e-1,3.94742e-1,2.77840e+0,1.63020e-3,1.12931e+0,9.57376e-2,2.34461e-3,0,5.34768e+0,5.39048e+2,1.14564e+3,0,0,0,0,0,8.73300e-3,2.13817e+0,0,0,0,0,0,0,0,0,0,0,0,0,0,0,0,5.04652e+2,3.95175e+1,1.78454e+1,0,0,0,0,0,5.30647e+0,5.94432e-1,1.00714e+2,0,0,0,0,0,1.81442e+2,3.99583e+1,0,5.25144e-1,0,0,0,0,2.58778e+3
"Asia-Stan","KGZ","Kyrgyzstan",2.07382e-2,0,1.06506e-1,1.33978e-3,1.32737e-1,0,0,0,2.66302e-1,1.64757e+0,9.38756e+0,0,0,0,0,0,0,0,0,0,0,0,0,0,0,0,0,0,0,0,0,0,0,1.14744e+2,6.93303e+0,1.37528e+0,0,0,0,0,0,5.17534e-1,0,8.57112e-1,0,0,0,0,0,7.23065e+0,2.77266e+1,0,6.58460e-2,0,0,0,0,1.71012e+2
"Asia-Stan","TJK","Tajikistan",1.05089e-2,0,1.00000e-4,0,1.47723e+0,0,0,0,7.34008e-1,1.25024e+0,1.96250e+1,0,0,0,0,0,0,0,0,0,0,0,0,0,0,0,0,0,0,0,0,0,0,1.12899e+2,9.54516e+0,4.52084e+0,0,0,0,0,0,3.07915e-1,0,2.03604e-2,0,0,0,0,0,6.53608e+0,2.80220e+1,0,5.17120e-2,0,0,0,0,1.85000e+2
"Asia-Stan","TKM","Turkmenistan",4.38765e-1,2.61041e-1,1.00000e-4,0,6.33407e-1,0,0,0,2.23087e+0,0,1.07340e+3,0,0,0,0,0,8.16000e-5,0,0,0,0,0,0,0,0,0,0,0,0,0,0,0,0,2.72972e+2,1.42162e+1,0,0,0,0,0,0,1.01493e+0,0,5.21088e-1,0,0,0,0,0,1.11987e+1,2.98136e+1,0,1.34416e-1,0,0,0,0,1.40684e+3
"Asia-Stan","UZB","Uzbekistan",5.04036e-1,2.02605e-1,3.03146e-1,4.89060e-3,1.83947e+0,1.30103e-2,0,5.30442e-2,5.54428e+0,3.58180e+0,1.20403e+3,0,0,0,0,0,0,0,0,0,0,0,0,0,0,0,0,0,0,0,0,0,0,5.75546e+2,4.60687e+1,1.24918e+1,0,0,0,0,0,2.03748e+0,0,2.15066e+0,0,0,0,0,0,3.55337e+1,1.31997e+2,0,3.68532e-1,0,0,0,0,2.02227e+3
"Russia +","ARM","Armenia",1.69147e-2,0,2.41604e-2,0,5.29369e-2,0,0,0,1.49904e-1,0,7.13030e+1,0,0,0,0,0,0,0,0,0,0,0,0,0,0,0,0,0,0,0,0,0,0,4.47880e+1,6.78841e+0,0,0,0,0,0,0,1.35777e-1,0,1.59103e-1,0,0,0,0,0,1.26054e+1,4.84449e+0,0,9.54436e-2,0,0,0,0,1.40963e+2
"Russia +","AZE","Azerbaijan",1.61067e-1,1.17424e-1,8.37379e-2,8.37360e-5,6.57149e-1,0,0,0,7.71350e-1,0,2.61123e+2,0,0,0,0,0,1.66650e-2,0,0,0,0,0,0,0,0,0,0,0,0,0,0,0,0,2.04726e+2,3.10789e+1,7.23215e-1,0,0,0,0,0,6.64058e-1,0,2.48232e-1,0,0,0,0,0,2.53100e+1,5.04120e+1,0,2.08054e-1,0,0,0,0,5.76300e+2
"Russia +","GEO","Georgia",1.37076e-2,1.99386e-2,8.19280e-3,0,2.49073e-1,6.69888e-4,0,1.08802e-3,1.93790e+1,6.18640e-2,5.61833e+1,0,0,0,0,0,0,2.75000e-2,0,0,0,0,0,0,0,0,0,0,0,0,0,0,0,8.97672e+1,1.67236e+1,0,0,0,0,0,0,2.08744e-1,0,2.41992e-2,0,0,0,0,0,1.82930e+1,9.08824e+0,0,9.86708e-2,0,0,0,0,2.10148e+2
"Russia +","RUS","Russian Federation",1.82432e+1,2.73880e+0,5.35404e+0,1.08534e-1,2.12272e+1,3.75042e-1,3.59898e-1,1.47425e+0,1.91686e+2,2.54666e+3,1.51839e+4,0,0,0,0,0,9.10559e+0,5.68012e+0,0,0,0,0,0,0,0,0,0,0,0,0,0,0,0,2.02053e+3,3.40143e+2,4.28920e+1,0,0,0,0,0,2.67010e+1,1.26917e+2,2.78832e+2,0,0,0,0,0,1.85240e+3,8.71448e+2,0,0,0,0,0,0,2.35468e+4
"Middle_East","ARE","United Arab Emirates",3.13421e+0,8.29312e-2,6.45517e-1,0,2.70486e+0,0,0,0,4.63843e-1,2.24874e-1,1.00084e+3,0,0,0,0,0,0,0,0,0,0,0,0,0,0,0,0,0,0,0,0,0,0,2.71776e+1,1.61623e+0,0,0,0,0,0,0,2.19089e-4,0,0,0,0,0,0,0,2.87939e+1,1.82175e+1,0,3.48869e-1,0,0,0,0,1.08426e+3
"Middle_East","BHR","Bahrain",5.29281e-1,1.94232e-1,7.23558e-2,0,3.80875e-1,0,0,0,2.57070e-2,9.14500e-2,1.16233e+2,0,0,0,0,0,9.20000e-1,0,0,0,0,0,0,0,0,0,0,0,0,0,0,0,0,8.03287e-1,2.82376e-2,0,0,0,0,0,0,1.11992e-5,0,0,0,0,0,0,0,5.87397e+0,7.14695e+0,0,5.56900e-2,0,0,0,0,1.32355e+2
"Middle_East","IRN","Iran, Islamic Republic of",3.80824e+0,7.62949e-1,2.15614e+0,0,2.63489e+1,0,0,0,1.80495e+1,3.03355e+1,3.09269e+3,0,0,0,0,0,4.49615e+0,6.38000e-2,0,0,0,0,0,0,0,0,0,0,0,0,0,0,0,8.22462e+2,2.87230e+1,1.43202e+2,0,0,0,0,1.72178e-3,0,0,3.56976e-1,0,0,0,0,0,2.27009e+2,3.72323e+2,0,2.96814e+0,0,0,0,0,4.77575e+3
"Middle_East","IRQ","Iraq",3.78784e-1,9.00024e-2,7.39567e-1,0,5.20013e+0,0,0,0,1.16944e+0,1.37175e+0,6.59414e+2,0,0,0,0,0,8.58000e-3,0,0,0,0,0,0,0,0,0,0,0,0,0,0,0,0,1.08765e+2,5.05890e+0,2.43217e+1,0,0,0,0,0,2.72627e+0,0,8.10600e-2,0,0,0,0,0,7.71419e+1,9.66508e+1,0,5.95900e-1,0,0,0,0,9.83714e+2
"Middle_East","ISR","Israel",3.88597e-1,8.01188e-2,3.89158e-2,0,1.42389e+0,2.78004e-3,0,0,1.03045e+0,2.61498e-1,2.89264e+1,0,0,0,0,0,0,0,0,0,0,0,0,0,0,0,0,0,0,0,0,0,0,4.95508e+1,2.43634e+0,0,0,0,0,0,0,1.96311e-1,0,7.69392e-2,0,0,0,0,0,5.29373e+1,2.64850e+1,0,5.67076e-1,0,0,0,0,1.64402e+2
"Middle_East","JOR","Jordan",1.08648e-1,1.53853e-2,1.15744e-1,0,5.78682e-1,0,0,1.37940e-3,4.61466e-1,3.10930e+0,1.86980e+1,0,0,0,0,0,0,0,0,0,0,0,0,0,0,0,0,0,0,0,0,0,0,1.75939e+1,1.01103e+0,0,0,0,0,0,0,5.45579e-2,0,0,0,0,0,0,0,2.00244e+1,2.52289e+1,0,2.29333e-1,0,0,0,0,8.72307e+1
"Middle_East","KWT","Kuwait",5.07311e-1,5.21830e-1,2.02772e-1,0,1.46525e+0,0,0,0,3.92920e-2,2.33740e-1,5.68491e+2,0,0,0,0,0,3.16800e-1,0,0,0,0,0,0,0,0,0,0,0,0,0,0,0,0,7.02114e+0,2.07568e-1,0,0,0,0,0,0,2.40567e-3,0,0,0,0,0,0,0,2.43962e+1,1.28227e+1,0,2.32082e-1,0,0,0,0,6.16460e+2
"Middle_East","LBN","Lebanon",7.19910e-2,0,1.54994e-1,0,8.09747e-1,0,0,0,1.56277e+0,1.46320e+0,1.50500e+0,0,0,0,0,0,0,0,0,0,0,0,0,0,0,0,0,0,0,0,0,0,0,1.10212e+1,1.03068e+0,0,0,0,0,0,0,1.01276e-1,0,0,0,0,0,0,0,1.70366e+1,1.37829e+1,0,1.62586e-1,0,0,0,0,4.87030e+1
"Middle_East","OMN","Oman",6.85148e-1,3.15757e-1,1.79657e-1,0,6.80338e-1,0,0,0,3.76113e-1,4.40603e-1,6.40004e+2,0,0,0,0,0,0,0,0,0,0,0,0,0,0,0,0,0,0,0,0,0,0,2.43025e+1,1.01716e+0,0,0,0,0,0,0,4.08246e-3,0,0,0,0,0,0,0,1.50107e+1,9.92849e+0,0,1.53294e-1,0,0,0,0,6.93098e+2
"Middle_East","QAT","Qatar",6.31746e-1,6.37591e-1,1.77232e-1,2.19807e-3,5.94700e-1,0,0,0,3.58470e-2,6.62160e-2,8.65012e+2,0,0,0,0,0,1.80579e+0,0,0,0,0,0,0,0,0,0,0,0,0,0,0,0,0,2.92246e+0,2.82927e-1,0,0,0,0,0,0,3.78107e-3,0,0,0,0,0,0,0,7.10934e+0,1.58701e+1,0,7.91536e-2,0,0,0,0,8.95231e+2
"Middle_East","SAU","Saudi Arabia",5.25260e+0,1.68910e+0,1.37790e+0,1.22683e-2,1.08222e+1,0,0,0,3.73901e-1,3.19774e+0,2.15230e+3,0,0,0,0,0,1.16181e+1,0,0,0,0,0,0,0,0,0,0,0,0,0,0,0,0,8.46599e+1,5.46333e+0,0,0,0,0,0,0,1.95276e+0,0,0,0,0,0,0,0,1.63820e+2,1.07001e+2,0,1.60864e+0,0,0,0,0,2.55115e+3
"Middle_East","SYR","Syrian Arab Republic",3.04632e-1,4.50323e-2,2.31322e-1,4.43081e-3,1.25631e+0,0,0,0,6.86741e+0,9.14500e-2,2.83892e+2,0,0,0,0,0,0,0,0,0,0,0,0,0,0,0,0,0,0,0,0,0,0,1.57397e+2,5.44060e+0,0,0,0,0,0,0,3.74674e+0,0,4.51776e-2,0,0,0,0,0,4.17339e+1,6.49928e+1,0,4.29316e-1,0,0,0,0,5.66478e+2
"Middle_East","YEM","Yemen",3.88182e-2,7.18043e-2,7.78734e-2,0,1.29639e+0,0,0,0,3.69806e+0,4.66395e+0,9.69893e+1,0,0,0,0,0,0,0,0,0,0,0,0,0,0,0,0,0,0,0,0,0,0,1.68348e+2,5.64400e+0,0,0,0,0,0,0,6.04836e-1,0,0,0,0,0,0,0,1.23534e+1,7.69122e+1,0,1.47254e-1,0,0,0,0,3.70846e+2
"India +","AFG","Afghanistan",1.01465e-3,0,9.97232e-2,1.94338e-4,1.69764e-1,0,1.09855e-3,2.54049e-4,1.28894e+1,8.88896e+0,1.72882e+1,0,0,0,0,0,0,0,0,0,0,0,0,0,0,0,0,0,0,0,0,0,0,2.79353e+2,1.62727e+1,4.05639e+1,0,0,0,0,0,4.66318e-1,0,3.45792e-2,0,0,0,0,0,1.38838e+1,1.19353e+2,0,1.98870e-1,0,0,0,0,5.09464e+2
"India +","BGD","Bangladesh",4.38351e-1,4.86561e-3,2.22334e-1,0,9.06790e-1,1.47689e-2,3.42899e-2,0,1.78340e+2,2.90382e+1,2.51358e+2,0,0,0,0,0,0,0,0,0,0,0,0,0,0,0,0,0,0,0,0,0,0,8.77666e+2,7.55735e+1,2.19918e+3,0,0,0,0,7.86912e-2,1.52086e+1,6.56057e+0,0,0,0,0,0,0,1.99084e+2,6.51905e+2,0,0,0,0,0,0,4.48561e+3
"India +","BTN","Bhutan",4.49542e-4,0,9.16617e-3,2.86592e-4,2.27254e-2,0,1.62995e-4,3.51510e-5,1.63822e+1,3.49080e+0,8.48898e-3,0,0,0,0,0,0,2.20000e-2,0,0,0,0,0,0,0,0,0,0,0,0,0,0,0,1.34675e+1,1.38199e+0,4.38529e+0,0,0,0,0,0,1.89281e-1,6.14842e-1,0,0,0,0,0,0,6.95078e-1,8.51835e+0,0,6.85684e-3,0,0,0,0,4.91955e+1
"India +","IND","India",8.65072e+0,1.51155e+0,4.73343e+1,0,2.84947e+1,5.05452e-1,1.87849e-1,2.00640e-3,1.85776e+3,1.83118e+3,6.86506e+2,0,0,0,0,0,1.88293e+0,2.54088e+0,0,0,0,0,0,0,0,0,0,0,0,0,0,0,0,1.26433e+4,1.10898e+3,3.89625e+3,0,0,0,0,2.13055e+1,2.31556e+2,2.92570e+1,5.70720e+0,0,0,0,0,0,1.10388e+3,4.24249e+3,0,4.74520e+1,4.50000e+1,0,0,0,2.78417e+4
"India +","IOT","British Indian Ocean Territory",0,0,0,0,0,0,0,0,0,0,0,0,0,0,0,0,0,0,0,0,0,0,0,0,0,0,0,0,0,0,0,0,0,0,0,0,0,0,0,0,0,0,0,0,0,0,0,0,0,0,0,0,0,0,0,0,0,0,
"India +","LKA","Sri Lanka",3.43815e-2,5.19116e-3,2.08476e+0,2.84240e-3,1.76698e+0,4.16328e-3,2.92600e-4,8.36000e-5,2.14790e+1,3.84090e+0,5.33939e-1,0,0,0,0,0,0,0,0,0,0,0,0,0,0,0,0,0,0,0,0,0,0,6.31125e+1,5.49781e+0,2.47779e+2,0,0,0,0,4.39584e-1,2.36241e-1,0,0,0,0,0,0,0,4.45349e+1,9.87417e+1,0,0,0,0,0,0,4.90095e+2
"India +","MDV","Maldives",3.77942e-3,0,4.85841e-3,7.63379e-5,7.74211e-2,0,7.65618e-4,1.54665e-4,6.08643e-3,6.33640e-2,5.26903e-2,0,0,0,0,0,0,0,0,0,0,0,0,0,0,0,0,0,0,0,0,0,0,0,0,0,0,0,0,0,0,8.25875e-3,0,0,0,0,0,0,0,5.94660e-1,1.16649e+0,0,4.95336e-3,0,0,0,0,1.98356e+0
"India +","NPL","Nepal",0,0,1.93994e-1,0,2.34000e-1,0,0,0,6.14213e+1,6.52063e+0,0,0,0,0,0,0,0,0,0,0,0,0,0,0,0,0,0,0,0,0,0,0,0,4.62773e+2,4.09514e+1,3.60127e+2,0,0,0,0,2.50296e+0,9.80102e+0,3.48595e-1,0,0,0,0,0,0,7.64652e+0,1.10188e+2,0,0,0,0,0,0,1.06271e+3
"India +","PAK","Pakistan",7.63745e-1,5.49119e-2,6.36139e+0,0,6.36032e+0,4.85716e-2,0,4.18680e-5,1.79540e+2,7.49473e+1,1.35428e+3,0,0,0,0,0,0,0,0,0,0,0,0,0,0,0,0,0,0,0,0,0,0,3.09898e+3,2.24656e+2,8.07040e+2,0,0,0,0,1.30421e+0,1.02077e+1,0,2.74368e+0,0,0,0,0,0,1.78743e+2,6.55302e+2,0,2.20742e+0,0,0,0,0,6.60354e+3
"Korea","KOR","Korea, Republic of",2.97427e+0,3.74524e-1,4.77851e+0,3.39336e-2,2.05714e+1,4.52757e-2,2.52514e-1,1.86428e-2,2.92525e+1,5.04057e+1,1.97066e+2,0,0,0,0,0,2.23857e+0,2.80001e+0,0,0,0,0,0,0,0,0,0,0,0,0,0,0,0,2.40084e+2,2.25083e+1,3.21332e+2,0,0,0,0,0,4.08129e-1,0,2.95464e-1,0,0,0,0,0,1.83097e+2,4.44634e+2,0,0,0,0,0,0,1.52317e+3
"Korea","PRK","Korea, Democratic People's Republic of",8.14456e-2,4.68161e-4,4.94954e+0,0,3.07267e-1,0,0,0,6.75055e+1,4.87063e+2,1.29277e-1,0,0,0,0,0,1.65000e-2,9.90000e-3,0,0,0,0,0,0,0,0,0,0,0,0,0,0,0,4.99851e+1,7.73452e+0,1.42885e+2,0,0,0,0,0,3.10572e+0,0,2.91432e+0,0,0,0,0,0,4.09817e+1,1.11233e+2,1.76074e-1,0,0,0,0,0,9.19078e+2
"China +","CHN","China",2.00129e+1,3.97849e+0,1.02910e+2,1.58129e-1,4.92868e+1,1.92419e+0,2.70596e+0,5.80645e-1,3.49256e+3,2.31150e+4,2.06682e+3,0,0,0,0,0,1.82685e+1,2.47055e+1,0,0,0,0,0,0,0,0,0,0,0,0,0,0,0,9.82368e+3,1.55052e+3,1.32153e+4,0,0,0,0,9.11304e+0,1.48931e+1,5.17600e+0,2.02810e+1,0,0,0,0,0,3.20316e+3,6.36909e+3,2.14937e+1,6.61344e+0,9.00000e+1,0,0,0,6.32282e+4
"China +","HKG","Hong Kong",5.46419e-1,0,2.95735e-1,0,2.94268e-1,0,2.93076e-4,0,2.67311e-1,0,3.46400e+1,0,0,0,0,0,0,0,0,0,0,0,0,0,0,0,0,0,0,0,0,0,0,0,0,0,0,0,0,0,0,0,0,0,0,0,0,0,0,6.49751e+1,3.32270e+1,2.81083e-1,0,0,0,0,0,1.34527e+2
"China +","MAC","Macao",6.79512e-4,0,6.48170e-3,2.91043e-4,2.33563e-2,0,6.77341e-4,1.44195e-4,6.24179e-3,0,1.08858e-1,0,0,0,0,0,0,0,0,0,0,0,0,0,0,0,0,0,0,0,0,0,0,0,0,0,0,0,0,0,0,0,0,0,0,0,0,0,0,4.03679e+0,1.81016e+0,1.85982e-2,0,0,0,0,0,6.01227e+0
"China +","MNG","Mongolia",7.05476e-2,0,6.12510e-2,1.00702e-3,3.64931e-1,1.22181e-2,3.49451e-3,0,4.76143e+0,1.24520e+1,6.09190e-2,0,0,0,0,0,0,0,0,0,0,0,0,0,0,0,0,0,0,0,0,0,0,2.52084e+2,1.38485e+1,0,0,0,0,0,0,1.37989e-2,0,1.48817e+0,0,0,0,0,0,3.44995e+0,1.08982e+1,2.12018e-2,0,0,0,0,0,2.99592e+2
"China +","TWN","Taiwan_Province of China",3.29039e+0,2.55228e-1,2.93875e+0,4.38900e-3,9.67233e+0,6.07230e-3,1.01532e-1,0,1.09876e+0,5.58279e+0,4.44311e+1,0,0,0,0,0,4.86360e-1,8.48890e-1,0,0,0,0,0,0,0,0,0,0,0,0,0,0,0,1.72849e+1,3.26574e+1,0,0,0,0,0,5.06760e-1,0,0,0,0,0,0,0,0,1.60351e+2,1.14645e+2,6.98906e-1,0,0,0,0,0,3.94861e+2
"Southeastern Asia","BRN","Brunei Darussalam",1.63997e-1,6.92626e-2,1.53159e-2,0,2.03113e-1,0,0,0,4.81336e-2,2.44280e-2,1.87357e+2,0,0,0,0,0,0,0,0,0,0,0,0,0,0,0,0,0,0,0,0,0,0,3.74468e-1,2.90220e-1,0,0,0,0,0,0,4.62483e-3,2.47744e+1,0,0,0,0,0,0,2.38033e+0,1.86323e+0,6.35048e-2,2.17110e-2,0,0,0,0,2.17654e+2
"Southeastern Asia","KHM","Cambodia",2.48401e-2,0,5.28765e-2,1.37077e-3,3.10371e-1,0,1.04343e-3,0,4.60818e+1,8.41340e+0,5.87700e-4,0,0,0,0,0,0,0,0,0,0,0,0,0,0,0,0,0,0,0,0,0,0,1.81750e+2,2.60013e+1,4.52613e+2,0,0,0,0,5.22216e+1,2.44086e+1,1.09045e+2,0,0,0,0,0,0,1.09280e+1,6.27566e+1,3.45467e-1,1.18108e-1,0,0,0,0,9.75074e+2
"Southeastern Asia","LAO","Lao People's Democratic Republic",8.67851e-4,0,2.76300e-2,6.19218e-4,4.82568e-2,0,1.96140e-4,4.83540e-5,2.60790e+1,1.01946e+1,2.19543e-2,0,0,0,0,0,0,0,0,0,0,0,0,0,0,0,0,0,0,0,0,0,0,1.27610e+2,1.50154e+1,1.09925e+2,0,0,0,0,1.03901e+2,9.07613e+0,8.27560e+1,0,0,0,0,0,0,4.57852e+0,2.49307e+1,0,0,0,0,0,0,5.14166e+2
"Southeastern Asia","MMR","Myanmar",1.30903e-1,2.40751e-2,4.72507e-1,0,5.57387e-1,0,1.17230e-3,8.37360e-5,1.69619e+2,3.06502e+1,2.61990e+2,0,0,0,0,0,0,0,0,0,0,0,0,0,0,0,0,0,0,0,0,0,0,8.72222e+2,9.40336e+1,1.47095e+3,0,0,0,0,6.79272e+1,8.17358e+1,3.70913e+2,0,0,0,0,0,0,5.56389e+1,2.48428e+2,0,0,0,0,0,0,3.72529e+3
"Southeastern Asia","MYS","Malaysia",2.26192e+0,1.00316e+0,1.54618e+0,0,9.47845e+0,0,0,3.55300e-3,1.85100e+1,4.80565e+1,9.77302e+2,0,0,0,0,0,1.81203e+0,0,0,0,0,0,0,0,0,0,0,0,0,0,0,0,0,4.77756e+1,2.08647e+1,1.64043e+2,0,0,0,0,3.74688e+1,8.13405e+0,1.33083e+2,0,0,0,0,0,0,1.28461e+2,1.38486e+2,1.68220e+0,2.07040e+0,0,0,0,0,1.74204e+3
"Southeastern Asia","PHL","Philippines",3.80551e-1,1.30918e-1,2.22443e+0,5.26680e-3,3.68102e+0,0,1.14886e-1,0,7.36218e+1,1.23988e+2,6.14897e+1,0,0,0,0,0,1.27878e-3,3.32080e-1,0,0,0,0,0,0,0,0,0,0,0,0,0,0,0,4.10275e+2,8.75773e+1,1.03360e+3,0,0,0,0,4.83648e+0,6.46685e+1,0,0,0,0,0,0,0,2.28267e+2,4.32721e+2,0,4.13764e+0,0,0,0,0,2.53205e+3
"Southeastern Asia","SGP","Singapore",4.28964e-1,1.65076e-1,1.14950e-2,0,7.57730e-1,0,0,0,1.73735e-2,3.20075e+0,6.11652e+1,0,0,0,0,0,3.27312e-1,0,0,0,0,0,0,0,0,0,0,0,0,0,0,0,0,2.69932e-1,8.76352e-1,0,0,0,0,0,2.04350e-1,1.07722e-5,0,0,0,0,0,0,0,1.34446e+1,2.06270e+1,6.81076e+0,0,0,0,0,0,1.08307e+2
"Southeastern Asia","THA","Thailand",3.65751e+0,3.90058e-1,9.78542e+0,0,9.62525e+0,1.71735e-2,2.57583e-2,0,1.24852e+2,3.76341e+2,3.90602e+2,0,0,0,0,0,5.22210e-1,0,0,0,0,0,0,0,0,0,0,0,0,0,0,0,0,3.75504e+2,7.35574e+1,2.10269e+3,0,0,0,0,4.45920e+1,7.50007e+1,2.31261e+1,0,0,0,0,0,0,2.66416e+2,3.81020e+2,2.92120e+0,3.59533e+0,0,0,0,0,4.26424e+3
"Southeastern Asia","TLS","Timor-Leste",0,0,3.05997e-3,0,0,0,0,0,3.30111e-1,0,2.24481e-2,0,0,0,0,0,0,0,0,0,0,0,0,0,0,0,0,0,0,0,0,0,0,1.49147e+1,1.77634e+0,1.07072e+1,0,0,0,0,0,5.38583e-1,0,0,0,0,0,0,0,1.69293e-1,3.75685e+0,4.70888e-3,1.60988e-3,0,0,0,0,3.22249e+1
"Southeastern Asia","VNM","Viet Nam",8.70654e-1,0,2.30552e+0,3.59480e-3,4.70183e+0,1.75846e-3,0,3.84978e-2,2.35656e+2,9.15595e+2,1.80827e+2,0,0,0,0,0,0,0,0,0,0,0,0,0,0,0,0,0,0,0,0,0,0,5.18514e+2,1.74643e+2,1.81901e+3,0,0,0,0,2.46672e+1,8.51480e+1,1.34239e+1,0,0,0,0,0,0,1.02365e+2,4.14841e+2,0,0,0,0,0,0,4.49261e+3
"Indonesia +","IDN","Indonesia",1.62467e+0,1.63061e+0,1.33306e+1,1.27490e-2,2.30090e+1,0,4.36266e-1,0,3.22510e+2,6.95136e+2,1.28690e+3,0,0,0,0,0,2.26977e+0,1.76000e-2,0,0,0,0,0,0,0,0,0,0,0,0,0,0,0,9.93131e+2,9.74640e+1,2.56457e+3,0,0,0,0,8.29562e+2,1.96621e+2,2.92876e+3,0,2.26489e+3,0,0,0,0,8.77845e+2,1.51794e+3,1.03248e+1,1.27074e+1,0,0,0,0,1.46407e+4
"Indonesia +","PNG","Papua New Guinea",8.94211e-3,0,3.20031e-2,7.58227e-4,3.48024e-2,0,2.77486e-3,5.71809e-4,1.93753e+1,5.07284e-1,1.83003e+1,0,0,0,0,0,0,0,0,0,0,0,0,0,0,0,0,0,0,0,0,0,0,6.56951e+0,7.20659e+0,9.51754e-2,0,0,0,0,6.58488e-1,1.51565e-1,5.12924e+0,0,0,0,0,0,0,3.66879e+0,2.92910e+1,9.46237e-2,0,0,0,0,0,9.11277e+1
"Japan","JPN","Japan",1.10955e+1,5.19877e-1,1.47457e+1,7.62641e-2,1.41680e+1,3.69491e-2,1.16513e+0,0,2.20831e+1,5.76027e+1,4.44150e+1,0,0,0,0,0,5.01897e+0,7.58839e+0,0,0,0,0,0,0,0,0,0,0,0,0,0,0,0,5.01280e+2,1.77908e+2,7.56856e+2,0,0,0,0,0,6.57570e-1,3.71059e-2,3.39024e+0,0,0,0,0,0,1.74994e+2,1.99460e+2,1.83304e+1,7.36000e-1,0,0,0,0,2.01217e+3
"Oceania","ASM","American Samoa",0,0,0,0,0,0,0,0,2.16044e-5,0,0,0,0,0,0,0,0,0,0,0,0,0,0,0,0,0,0,0,0,0,0,0,0,1.62360e-2,1.25873e-1,0,0,0,0,0,0,9.84323e-6,0,0,0,0,0,0,0,3.14501e-1,7.74549e-2,0,0,0,0,0,0,5.34096e-1
"Oceania","ATF","French Southern Territories",0,0,0,0,0,0,0,0,0,0,0,0,0,0,0,0,0,0,0,0,0,0,0,0,0,0,0,0,0,0,0,0,0,0,0,0,0,0,0,0,0,0,0,0,0,0,0,0,0,0,0,0,0,0,0,0,0,0,
"Oceania","AUS","Australia",3.81275e+0,6.73236e-1,5.37541e+0,3.82679e-2,9.42514e+0,1.18391e-1,1.05336e-1,1.36686e-2,3.18152e+1,1.48252e+3,2.66527e+2,0,0,0,0,0,2.72037e-1,6.98090e-1,0,0,0,0,0,0,0,0,0,0,0,0,0,0,0,2.81760e+3,1.97164e+2,1.55948e+1,0,0,0,0,2.74320e+2,3.43029e+1,4.13625e+1,9.26736e+1,0,0,0,0,0,4.77088e+2,6.55971e+1,6.71429e-3,0,6.00000e-1,0,0,0,5.81771e+3
"Oceania","CCK","Cocos (Keeling) Islands",0,0,0,0,0,0,0,0,0,0,0,0,0,0,0,0,0,0,0,0,0,0,0,0,0,0,0,0,0,0,0,0,0,0,0,0,0,0,0,0,0,0,0,0,0,0,0,0,0,0,0,0,0,0,0,0,0,0,
"Oceania","COK","Cook Islands",0,0,2.82015e-3,0,0,0,0,0,1.29676e-3,0,0,0,0,0,0,0,0,0,0,0,0,0,0,0,0,0,0,0,0,0,0,0,0,4.75328e-2,9.05700e-2,0,0,0,0,0,0,5.90822e-4,0,0,0,0,0,0,0,0,2.63524e-2,0,0,0,0,0,0,1.69163e-1
"Oceania","CXR","Christmas Island",0,0,0,0,0,0,0,0,0,0,0,0,0,0,0,0,0,0,0,0,0,0,0,0,0,0,0,0,0,0,0,0,0,0,0,0,0,0,0,0,0,0,0,0,0,0,0,0,0,0,0,0,0,0,0,0,0,0,
"Oceania","FJI","Fiji",3.50099e-3,0,6.71845e-3,8.88064e-4,2.41571e-2,0,1.23868e-3,2.61900e-4,3.88084e-1,2.06956e-1,7.31809e-2,0,0,0,0,0,0,0,0,0,0,0,0,0,0,0,0,0,0,0,0,0,0,2.11989e+1,3.56011e+0,1.47748e+0,0,0,0,0,0,1.16132e-1,0,0,0,0,0,0,0,3.63073e+0,2.47206e+0,0,0,0,0,0,0,3.31604e+1
"Oceania","FSM","Micronesia, Federated States of",0,0,0,0,0,0,0,0,1.35721e-3,2.84270e-2,0,0,0,0,0,0,0,0,0,0,0,0,0,0,0,0,0,0,0,0,0,0,0,7.40667e-1,1.31745e-1,1.81844e-2,0,0,0,0,0,6.18365e-4,0,0,0,0,0,0,0,2.96794e-1,1.46301e-1,0,0,0,0,0,0,1.36409e+0
"Oceania","GUM","Guam",0,0,0,0,0,0,0,0,1.44545e-3,0,0,0,0,0,0,0,0,0,0,0,0,0,0,0,0,0,0,0,0,0,0,0,0,1.97210e-2,6.30316e-2,0,0,0,0,0,0,6.58566e-4,0,0,0,0,0,0,0,1.66217e+0,1.29237e+0,0,0,0,0,0,0,3.03939e+0
"Oceania","HMD","Heard Island and McDonald Islands",0,0,0,0,0,0,0,0,0,0,0,0,0,0,0,0,0,0,0,0,0,0,0,0,0,0,0,0,0,0,0,0,0,0,0,0,0,0,0,0,0,0,0,0,0,0,0,0,0,0,0,0,0,0,0,0,0,0,
"Oceania","KIR","Kiribati",5.44740e-5,0,3.82866e-4,4.81209e-5,6.64920e-4,0,2.35620e-5,5.33100e-6,6.43224e-3,2.79000e-2,1.46361e-3,0,0,0,0,0,0,0,0,0,0,0,0,0,0,0,0,0,0,0,0,0,0,1.24000e-2,3.42894e-2,0,0,0,0,0,0,2.35282e-3,0,0,0,0,0,0,0,2.70574e-1,3.19777e-1,0,0,0,0,0,0,6.76369e-1
"Oceania","MHL","Marshall Islands",0,0,0,0,0,0,0,0,0,0,0,0,0,0,0,0,0,0,0,0,0,0,0,0,0,0,0,0,0,0,0,0,0,0,0,0,0,0,0,0,0,0,0,0,0,0,0,0,0,2.40122e-1,7.69749e-2,0,0,0,0,0,0,3.17097e-1
"Oceania","MNP","Northern Mariana Islands",0,0,0,0,0,0,0,0,0,0,0,0,0,0,0,0,0,0,0,0,0,0,0,0,0,0,0,0,0,0,0,0,0,0,0,0,0,0,0,0,0,0,0,0,0,0,0,0,0,3.61882e-1,1.24973e-1,0,0,0,0,0,0,4.86855e-1
"Oceania","NCL","New Caledonia",1.35703e-3,0,7.41984e-3,7.08868e-5,2.06440e-2,0,6.81415e-4,1.59273e-4,2.36375e-2,4.59110e-2,7.31809e-2,0,0,0,0,0,0,0,0,0,0,0,0,0,0,0,0,0,0,0,0,0,0,6.58739e+0,7.81532e-1,0,0,0,0,0,0,2.02461e-3,0,0,0,0,0,0,0,2.00783e+0,2.93052e-1,0,0,0,0,0,0,9.84489e+0
"Oceania","NFK","Norfolk Island",0,0,0,0,0,0,0,0,0,0,0,0,0,0,0,0,0,0,0,0,0,0,0,0,0,0,0,0,0,0,0,0,0,0,0,0,0,0,0,0,0,0,0,0,0,0,0,0,0,0,4.07340e-3,0,0,0,0,0,0,4.07340e-3
"Oceania","NIU","Niue",0,0,0,0,0,0,0,0,9.61404e-5,2.79000e-4,0,0,0,0,0,0,0,0,0,0,0,0,0,0,0,0,0,0,0,0,0,0,0,9.57974e-3,2.56020e-2,0,0,0,0,0,0,4.38026e-5,0,0,0,0,0,0,0,6.53253e-3,2.12109e-3,0,0,0,0,0,0,4.42543e-2
"Oceania","NRU","Nauru",0,0,0,0,0,0,0,0,0,0,0,0,0,0,0,0,0,0,0,0,0,0,0,0,0,0,0,0,0,0,0,0,0,2.80000e-3,8.18133e-3,0,0,0,0,0,0,0,0,0,0,0,0,0,0,1.04965e-1,1.80529e-2,0,0,0,0,0,0,1.33999e-1
"Oceania","NZL","New Zealand",3.68009e-1,3.26609e-2,8.36197e-1,8.27640e-3,1.04246e+0,0,0,1.56750e-2,3.99334e+0,1.90765e+1,2.18240e+1,0,0,0,0,0,1.01660e+0,0,0,0,0,0,0,0,0,0,0,0,0,0,0,0,0,1.06191e+3,1.24370e+2,0,0,0,0,0,0,2.72323e-1,7.12022e-1,0,0,0,0,0,0,6.38390e+1,1.09821e+1,0,0,0,0,0,0,1.31030e+3
"Oceania","PCN","Pitcairn",0,0,0,0,0,0,0,0,0,0,0,0,0,0,0,0,0,0,0,0,0,0,0,0,0,0,0,0,0,0,0,0,0,0,0,0,0,0,0,0,0,0,0,0,0,0,0,0,0,0,1.03020e-3,0,0,0,0,0,0,1.03020e-3
"Oceania","PLW","Palau",0,0,0,0,0,0,0,0,0,0,0,0,0,0,0,0,0,0,0,0,0,0,0,0,0,0,0,0,0,0,0,0,0,0,0,0,0,0,0,0,0,0,0,0,0,0,0,0,0,0,6.23060e-2,0,0,0,0,0,0,6.23060e-2
"Oceania","PYF","French Polynesia",1.90143e-3,0,3.11651e-3,8.27189e-5,1.76615e-2,0,8.76029e-4,1.92267e-4,1.08462e-2,0,4.39084e-2,0,0,0,0,0,0,0,0,0,0,0,0,0,0,0,0,0,0,0,0,0,0,7.89441e-1,3.54177e-1,0,0,0,0,0,0,1.79297e-3,0,0,0,0,0,0,0,1.95917e+0,1.01468e+0,0,0,0,0,0,0,4.19784e+0
"Oceania","SLB","Solomon Islands",6.33759e-4,0,2.14485e-3,7.66789e-5,3.89319e-3,0,3.15791e-4,6.67860e-5,5.19826e-1,1.00595e-1,9.36713e-3,0,0,0,0,0,0,0,0,0,0,0,0,0,0,0,0,0,0,0,0,0,0,6.43617e+1,2.08986e+0,3.18226e-1,0,0,0,0,0,6.58613e-3,0,0,0,0,0,0,0,4.18989e-1,9.17399e-1,0,0,0,0,0,0,6.87497e+1
"Oceania","TKL","Tokelau",0,0,0,0,0,0,0,0,1.85680e-4,0,0,0,0,0,0,0,0,0,0,0,0,0,0,0,0,0,0,0,0,0,0,0,0,1.00000e-3,3.20383e-3,0,0,0,0,0,0,8.45978e-5,0,0,0,0,0,0,0,0,6.81835e-3,0,0,0,0,0,0,1.12925e-2
"Oceania","TON","Tonga",0,0,1.27060e-3,0,4.33334e-3,0,0,0,2.54096e-3,2.30330e-2,6.44522e-3,0,0,0,0,0,0,0,0,0,0,0,0,0,0,0,0,0,0,0,0,0,0,1.01165e+0,9.97451e-1,0,0,0,0,0,0,1.15769e-3,0,0,0,0,0,0,0,3.22899e-1,4.37099e-1,0,0,0,0,0,0,2.80788e+0
"Oceania","TUV","Tuvalu",0,0,0,0,0,0,0,0,0,0,0,0,0,0,0,0,0,0,0,0,0,0,0,0,0,0,0,0,0,0,0,0,0,1.35000e-2,4.15071e-2,0,0,0,0,0,0,0,0,0,0,0,0,0,0,2.79438e-2,7.27462e-2,0,0,0,0,0,0,1.55697e-1
"Oceania","VUT","Vanuatu",2.68205e-4,0,9.82218e-4,2.86385e-5,2.28560e-3,0,1.24243e-4,2.66310e-5,1.15194e-1,4.03310e-2,4.53720e-3,0,0,0,0,0,0,0,0,0,0,0,0,0,0,0,0,0,0,0,0,0,0,9.36812e+0,1.21656e+0,0,0,0,0,0,0,1.34438e-2,0,0,0,0,0,0,0,3.12070e-1,1.20813e+0,0,0,0,0,0,0,1.22821e+1
"Oceania","WLF","Wallis and Futuna",0,0,0,0,0,0,0,0,9.05508e-4,0,0,0,0,0,0,0,0,0,0,0,0,0,0,0,0,0,0,0,0,0,0,0,0,6.64412e-2,7.59998e-2,0,0,0,0,0,0,4.12560e-4,0,0,0,0,0,0,0,0,8.54454e-2,0,0,0,0,0,0,2.29205e-1
"Oceania","WSM","Samoa",2.71897e-4,0,9.03783e-4,2.05863e-4,5.92229e-3,0,1.87376e-4,4.49400e-5,2.50692e-1,3.80990e-2,7.31809e-3,0,0,0,0,0,0,0,0,0,0,0,0,0,0,0,0,0,0,0,0,0,0,1.81568e+0,2.46457e+0,0,0,0,0,0,0,1.13641e-3,0,0,0,0,0,0,0,3.42445e-1,1.10596e+0,0,0,0,0,0,0,6.03344e+0
"Antartica","ATA","Antarctica",0,0,0,0,0,0,0,0,0,0,0,0,0,0,0,0,0,0,0,0,0,0,0,0,0,0,0,0,0,0,0,0,0,0,0,0,0,0,0,0,0,0,0,0,0,0,0,0,0,0,0,0,0,0,0,0,0,0,
"Int. Shipping","SEA","Int. Shipping",0,0,0,0,0,0,0,0,0,0,1.52966e+1,0,4.80247e+1,0,0,0,0,0,0,0,0,0,0,0,0,0,0,0,0,0,0,0,0,0,0,0,0,0,0,0,0,0,0,0,0,0,0,0,0,0,0,0,0,0,0,0,0,6.33213e+1
"Int. Aviation","AIR","Int. Aviation",0,0,0,0,0,0,0,0,0,0,0,2.97135e+0,0,0,0,0,0,0,0,0,0,0,0,0,0,0,0,0,0,0,0,0,0,0,0,0,0,0,0,0,0,0,0,0,0,0,0,0,0,0,0,0,0,0,0,0,0,2.97135e+0

"TOTALS",,,2.42923e+2,5.26742e+1,4.55673e+2,2.37750e+0,6.20472e+2,6.62657e+0,1.10418e+1,3.44504e+0,1.16230e+4,4.47373e+4,6.35615e+4,2.97135e+0,4.80247e+1,0,0,0,1.47075e+2,7.50686e+1,0,0,0,0,0,0,0,0,0,0,0,0,0,0,0,9.69034e+4,1.12829e+4,3.44499e+4,0,0,0,0,6.84953e+3,1.48006e+3,1.22930e+4,8.54463e+2,2.26489e+3,0,0,0,0,2.79330e+4,3.00378e+4,8.30150e+1,2.99206e+2,1.50600e+2,0,0,0,03.46472e+5