"Content:","Emissions by country and main source category" 
"Compound:","CH4"
"Year: ","1970"
"Unit:","Gg CH4"
"Source:","European Commission, Joint Research Centre (JRC)/PBL Netherlands Environmental Assessment Agency. Emission Database for Global Atmospheric Research (EDGAR), release version 4.2. http://edgar.jrc.ec.europe.eu, 2010" 
"Dataset:","v4.2_EM_CH4_300911(edgar)"
"Date calculated:","November 30, 1999, 12:00 am"

,,,"Public electricity and heat production","Other Energy Industries","Manufacturing Industries and Construction","Domestic aviation","Road transportation","Rail transportation","Inland navigation","Other transportation","Residential and other sectors","Fugitive emissions from solid fuels","Fugitive emissions from oil and gas","Memo: International aviation","Memo: International navigation","Cement production","Lime production","Production of other minerals","Production of chemicals","Production of metals","Production of pulp/paper/food/drink","Production of halocarbons and SF6","Refrigeration and Air Conditioning","Foam Blowing","Fire Extinguishers","Aerosols","F-gas as Solvent","Semiconductor/Electronics Manufacture","Electrical Equipment","Other F-gas use","Non-energy use of lubricants/waxes (CO2)","Solvent and other product use: paint","Solvent and other product use: degrease","Solvent and other product use: chemicals","Solvent and other product use: other","Enteric fermentation","Manure management","Rice cultivation","Direct soil emissions","Manure in pasture/range/paddock","Indirect N2O from agriculture","Other direct soil emissions","Savanna burning","Agricultural waste burning","Forest fires","Grassland fires","Peat fires and decay of drained peatland","Other vegetation fires","Other biomass burning","Forest Fires-Post burn decay","Forest Land: net carbon stock change","Solid waste disposal on land","Wastewater handling","Waste incineration","Other waste handling","Fossil fuel fires","Indirect N2O from non-agricultural NOx","Indirect N2O from non-agricultural NH3","Other sources",

"World Region","ISO_A3","Country","1A1a","1A1bc","1A2","1A3a","1A3b","1A3c","1A3d","1A3e","1A4","1B1","1B2","1C1","1C2","2A1","2A2","2A7","2B","2C","2D","2E","2F1","2F2","2F3","2F4","2F5","2F7","2F8","2F9","2G","3A","3B","3C","3D","4A","4B","4C","4D1","4D2","4D3","4D4","4E","4F","5A","5C","5D","5F","5F1","5F2","5FL","6A","6B","6C","6D","7A","7B","7C","7D","TOTAL" 
"Canada","CAN","Canada",6.16595e-1,9.98654e-1,9.45719e+0,4.17842e-2,4.07601e+1,3.41944e-1,3.98876e-1,0,5.82104e+1,5.76403e+1,1.17393e+3,0,0,0,0,0,3.54996e+0,2.05243e+0,0,0,0,0,0,0,0,0,0,0,0,0,0,0,0,6.61541e+2,2.34446e+2,0,0,0,0,0,0,3.89150e+0,1.06901e+2,8.94072e+1,0,0,0,0,0,5.91311e+2,1.62508e+2,6.54760e+0,0,0,0,0,0,3.20455e+3
"USA","SPM","Saint Pierre and Miquelon",0,0,0,0,0,0,0,0,0,0,0,0,0,0,0,0,0,0,0,0,0,0,0,0,0,0,0,0,0,0,0,0,0,4.28630e-4,3.41244e-5,0,0,0,0,0,0,0,0,0,0,0,0,0,0,2.60684e-2,9.03958e-3,6.09019e-4,0,0,0,0,0,3.61797e-2
"USA","UMI","United States Minor Outlying Islands",0,0,0,0,0,0,0,0,0,0,0,0,0,0,0,0,0,0,0,0,0,0,0,0,0,0,0,0,0,0,0,0,0,0,0,0,0,0,0,0,0,0,0,0,0,0,0,0,0,0,0,0,0,0,0,0,0,0,
"USA","USA","United States",1.06031e+1,8.51649e+0,7.24179e+1,9.25701e-1,4.99192e+2,2.22785e+0,1.33994e+0,7.06188e-1,3.18050e+2,3.79219e+3,7.99296e+3,0,0,0,0,0,1.29756e+1,4.04066e+0,0,0,0,0,0,0,0,0,0,0,0,0,0,0,0,6.44810e+3,1.88070e+3,3.59433e+2,0,0,0,0,4.28448e-1,3.20914e+1,3.94085e+1,1.37834e+1,0,0,0,0,0,6.23653e+3,5.56210e+2,0,0,1.50000e+1,0,0,0,2.82978e+4
"Mexico","MEX","Mexico",1.14615e-1,3.11798e-1,2.61047e+0,0,7.40979e+0,0,0,3.64881e-1,6.09670e+1,3.75616e+1,6.84999e+2,0,0,0,0,0,4.13702e-1,2.42834e+0,0,0,0,0,0,0,0,0,0,0,0,0,0,0,0,1.53612e+3,1.11219e+2,3.11277e+1,0,0,0,0,1.10976e+1,2.18617e+1,2.83967e+1,6.23232e-2,0,0,0,0,0,9.62907e+1,2.71367e+2,0,0,0,0,0,0,2.90472e+3
"Rest Central America","ABW","Aruba",1.50207e-3,0,7.26810e-3,0,0,0,0,0,3.23000e-4,1.13590e-2,0,0,0,0,0,0,0,0,0,0,0,0,0,0,0,0,0,0,0,0,0,0,0,3.39370e-2,4.18740e-3,0,0,0,0,0,0,0,0,0,0,0,0,0,0,1.62266e-1,2.67105e-1,0,0,0,0,0,0,4.87947e-1
"Rest Central America","AIA","Anguilla",1.76700e-4,0,8.55060e-4,0,0,0,0,0,3.80000e-5,3.76697e-1,0,0,0,0,0,0,0,0,0,0,0,0,0,0,0,0,0,0,0,0,0,0,0,0,0,0,0,0,0,0,0,0,0,0,0,0,0,0,0,4.87854e-3,2.22117e-2,0,0,0,0,0,0,4.04857e-1
"Rest Central America","ANT","Netherlands Antilles",0,1.34464e-1,1.79739e-1,1.10950e-3,1.54898e-1,0,0,0,3.83093e-2,2.26070e-2,1.07438e+1,0,0,0,0,0,0,0,0,0,0,0,0,0,0,0,0,0,0,0,0,0,0,3.55151e-1,1.39280e-2,0,0,0,0,0,0,0,0,0,0,0,0,0,0,9.07998e-1,6.87143e-1,0,0,0,0,0,0,1.32392e+1
"Rest Central America","ATG","Antigua and Barbuda",2.17037e-3,0,7.71694e-3,0,2.27443e-3,0,0,0,3.36875e-2,0,1.02717e-1,0,0,0,0,0,0,0,0,0,0,0,0,0,0,0,0,0,0,0,0,0,0,5.73551e-1,1.52538e-2,0,0,0,0,0,0,1.21297e-2,0,0,0,0,0,0,0,1.51638e-1,2.56710e-1,0,0,0,0,0,0,1.15785e+0
"Rest Central America","BHS","Bahamas",7.45267e-3,0,2.63763e-2,0,2.17080e-2,0,0,0,2.15336e-1,3.57050e-2,1.01242e+0,0,0,0,0,0,0,0,0,0,0,0,0,0,0,0,0,0,0,0,0,0,0,3.95038e-1,2.59690e-2,0,0,0,0,0,0,8.40597e-3,0,0,0,0,0,0,0,2.03133e+0,6.78264e-1,0,0,0,0,0,0,4.45801e+0
"Rest Central America","BLZ","Belize",4.01855e-3,0,1.74820e-2,0,3.26618e-3,0,0,0,5.67443e-1,4.91360e-2,5.88719e-2,0,0,0,0,0,0,0,0,0,0,0,0,0,0,0,0,0,0,0,0,0,0,1.92700e+0,6.72240e-2,3.69382e-1,0,0,0,0,3.28296e-1,2.17504e-1,0,0,0,0,0,0,0,3.56244e-1,6.28843e-1,0,0,0,0,0,0,4.59471e+0
"Rest Central America","BMU","Bermuda",2.07804e-3,0,6.88840e-3,0,2.49725e-3,0,0,0,3.06194e-2,0,1.39356e-1,0,0,0,0,0,0,0,0,0,0,0,0,0,0,0,0,0,0,0,0,0,0,8.31105e-2,3.17204e-3,0,0,0,0,0,0,5.45933e-5,0,0,0,0,0,0,0,4.43151e-1,2.40017e-1,0,0,0,0,0,0,9.50944e-1
"Rest Central America","BRB","Barbados",7.03149e-3,0,3.03468e-2,0,4.95992e-3,0,0,0,2.79955e-2,1.80190e-2,2.89725e-1,0,0,0,0,0,0,0,0,0,0,0,0,0,0,0,0,0,0,0,0,0,0,1.49134e+0,6.33900e-2,0,0,0,0,0,0,4.29844e-1,0,0,0,0,0,0,0,9.05496e-1,1.49552e+0,0,0,0,0,0,0,4.76366e+0
"Rest Central America","CRI","Costa Rica",6.47571e-3,2.60021e-3,1.75427e-1,0,9.95099e-2,0,0,1.51981e-2,5.36978e+0,1.09150e+0,1.12417e-1,0,0,0,0,0,0,0,0,0,0,0,0,0,0,0,0,0,0,0,0,0,0,9.47485e+1,2.19592e+0,9.00627e+0,0,0,0,0,6.01704e-1,7.87060e-1,0,0,0,0,0,0,0,1.60179e+0,7.92456e+0,0,0,0,0,0,0,1.23739e+2
"Rest Central America","CUB","Cuba",8.72837e-1,6.40061e-3,3.35186e+0,0,7.04527e-1,0,1.01697e-1,2.63768e-2,4.22067e+1,7.09475e+0,1.59413e+0,0,0,0,0,0,0,0,0,0,0,0,0,0,0,0,0,0,0,0,0,0,0,3.63672e+2,1.02590e+1,1.10503e+2,0,0,0,0,4.36440e+0,2.48839e+1,9.55400e-1,0,0,0,0,0,0,2.39012e+1,5.31313e+1,0,0,0,0,0,0,6.47630e+2
"Rest Central America","CYM","Cayman Islands",5.77909e-4,0,2.12868e-3,0,6.51262e-4,0,0,0,6.58847e-3,0,2.56837e-2,0,0,0,0,0,0,0,0,0,0,0,0,0,0,0,0,0,0,0,0,0,0,2.06053e-1,8.15739e-3,0,0,0,0,0,0,5.15478e-6,0,0,0,0,0,0,0,2.85370e-1,4.59856e-2,0,0,0,0,0,0,5.81201e-1
"Rest Central America","DMA","Dominica",1.88674e-3,0,9.02817e-3,0,3.63282e-4,0,0,0,2.10665e-3,2.43460e-2,6.99486e-3,0,0,0,0,0,0,0,0,0,0,0,0,0,0,0,0,0,0,0,0,0,0,2.32666e-1,1.20312e-2,0,0,0,0,0,0,1.80867e-3,0,0,0,0,0,0,0,1.68801e-1,3.14911e-1,0,0,0,0,0,0,7.74944e-1
"Rest Central America","DOM","Dominican Republic",1.24976e-3,0,7.16655e-1,0,3.48149e-1,0,0,1.25604e-4,9.44346e+0,1.62633e+1,0,0,0,0,0,0,0,0,0,0,0,0,0,0,0,0,0,0,0,0,0,0,0,7.19315e+1,2.54355e+0,4.48437e+1,0,0,0,0,5.48832e-1,2.81432e+0,4.35023e-1,0,0,0,0,0,0,7.62329e+0,2.26841e+1,1.24425e-1,0,0,0,0,0,1.80322e+2
"Rest Central America","GLP","Guadeloupe",8.40207e-3,0,3.97537e-2,0,4.30337e-3,0,0,0,8.94434e-1,1.52366e-1,1.27367e-1,0,0,0,0,0,0,0,0,0,0,0,0,0,0,0,0,0,0,0,0,0,0,4.14329e+0,1.04962e-1,0,0,0,0,0,0,5.48914e-1,0,0,0,0,0,0,0,1.49444e+0,1.99223e+0,0,0,0,0,0,0,9.51045e+0
"Rest Central America","GRD","Grenada",2.30589e-3,0,1.09275e-2,0,3.89243e-4,0,0,0,3.42085e-3,1.09076e-1,1.21240e-2,0,0,0,0,0,0,0,0,0,0,0,0,0,0,0,0,0,0,0,0,0,0,4.67690e-1,1.43441e-2,0,0,0,0,0,0,6.07986e-3,0,0,0,0,0,0,0,1.35333e-1,4.49524e-1,0,0,0,0,0,0,1.21121e+0
"Rest Central America","GTM","Guatemala",1.95977e-2,2.48985e-3,4.77295e-1,0,1.79974e-1,0,0,0,1.74120e+1,6.98560e+0,2.17314e-1,0,0,0,0,0,0,0,0,0,0,0,0,0,0,0,0,0,0,0,0,0,0,8.79386e+1,2.81598e+0,2.34495e+0,0,0,0,0,2.55096e+0,1.50655e+0,3.09128e+0,0,0,0,0,0,0,4.14699e+0,2.34914e+1,0,0,0,0,0,0,1.53181e+2
"Rest Central America","HND","Honduras",5.40096e-3,2.55395e-3,1.70696e-1,0,8.50698e-2,0,0,0,1.07430e+1,5.45750e-1,1.52056e-1,0,0,0,0,0,0,0,0,0,0,0,0,0,0,0,0,0,0,0,0,0,0,8.50314e+1,2.99022e+0,2.32420e+0,0,0,0,0,3.38784e+0,7.34414e-1,3.22096e+0,0,0,0,0,0,0,1.10851e+0,1.10148e+1,0,0,0,0,0,0,1.21517e+2
"Rest Central America","HTI","Haiti",4.77295e-3,1.25604e-4,1.66676e-1,0,2.16068e-2,0,0,2.76329e-3,1.22152e+1,2.34672e+1,0,0,0,0,0,0,0,0,0,0,0,0,0,0,0,0,0,0,0,0,0,0,0,6.62149e+1,3.48870e+0,7.88568e+0,0,0,0,0,0,1.44316e+0,0,0,0,0,0,0,0,4.49296e+0,2.13538e+1,0,0,0,0,0,0,1.40758e+2
"Rest Central America","JAM","Jamaica",2.77645e-1,3.29185e-3,7.59904e-2,1.04670e-4,3.03422e-1,1.12939e-2,0,0,2.04473e+0,1.63725e+0,4.54149e-1,0,0,0,0,0,0,0,0,0,0,0,0,0,0,0,0,0,0,0,0,0,0,1.82761e+1,6.22714e-1,8.40447e-2,0,0,0,0,0,1.23518e+0,0,0,0,0,0,0,0,4.56223e+0,9.51918e+0,0,0,0,0,0,0,3.91073e+1
"Rest Central America","KNA","Saint Kitts and Nevis",1.15295e-3,0,5.24796e-3,0,4.95103e-4,0,0,0,1.50224e-1,0,1.32139e-2,0,0,0,0,0,0,0,0,0,0,0,0,0,0,0,0,0,0,0,0,0,0,4.26583e-1,1.04289e-2,0,0,0,0,0,0,9.78721e-2,0,0,0,0,0,0,0,2.25527e-1,3.21213e-1,0,0,0,0,0,0,1.25196e+0
"Rest Central America","LCA","Saint Lucia",3.11821e-3,0,1.43584e-2,0,1.64774e-3,0,0,0,1.88315e-2,3.12280e-2,2.94049e-2,0,0,0,0,0,0,0,0,0,0,0,0,0,0,0,0,0,0,0,0,0,0,6.26703e-1,2.52950e-2,0,0,0,0,0,0,6.60472e-3,0,0,0,0,0,0,0,8.47875e-2,4.73824e-1,0,0,0,0,0,0,1.31580e+0
"Rest Central America","MSR","Montserrat",3.18860e-4,0,1.44880e-3,0,3.00896e-4,0,0,0,1.26143e-3,0,4.41416e-3,0,0,0,0,0,0,0,0,0,0,0,0,0,0,0,0,0,0,0,0,0,0,4.32701e-1,1.15920e-2,0,0,0,0,0,0,9.67616e-6,0,0,0,0,0,0,0,7.08888e-3,5.02637e-2,0,0,0,0,0,0,5.09399e-1
"Rest Central America","MTQ","Martinique",9.14663e-3,0,3.97090e-2,0,4.56910e-3,0,0,0,6.40977e-2,1.65464e-1,1.66190e-1,0,0,0,0,0,0,0,0,0,0,0,0,0,0,0,0,0,0,0,0,0,0,2.76668e+0,9.35380e-2,0,0,0,0,0,0,1.45495e-1,0,0,0,0,0,0,0,2.11331e+0,1.71467e+0,0,0,0,0,0,0,7.28287e+0
"Rest Central America","NIC","Nicaragua",1.69837e-2,9.35599e-4,2.00719e-1,1.46538e-4,1.13353e-1,0,1.75846e-3,0,6.53579e+0,1.41895e+0,1.26085e-1,0,0,0,0,0,0,0,0,0,0,0,0,0,0,0,0,0,0,0,0,0,0,1.50245e+2,3.94106e+0,5.25020e+0,0,0,0,0,3.44832e+0,8.88113e-1,0,0,0,0,0,0,0,8.24381e+0,1.03780e+1,0,0,0,0,0,0,1.90809e+2
"Rest Central America","PAN","Panama",4.78202e-3,6.54865e-3,7.49019e-2,0,2.76423e-1,0,0,7.41063e-3,4.29422e+0,1.09150e-1,1.08680e+0,0,0,0,0,0,0,0,0,0,0,0,0,0,0,0,0,0,0,0,0,0,0,7.27565e+1,1.68533e+0,1.93199e+1,0,0,0,0,5.94144e-1,5.72215e-1,0,0,0,0,0,0,0,3.00964e+0,6.86991e+0,0,0,0,0,0,0,1.10668e+2
"Rest Central America","PRI","Puerto Rico",0,0,0,0,0,0,0,0,0,0,0,0,0,0,0,0,0,0,0,0,0,0,0,0,0,0,0,0,0,0,0,0,0,3.19208e+1,8.25555e-1,1.45262e-1,0,0,0,0,0,1.58660e+0,7.26444e-2,0,0,0,0,0,0,1.25270e+1,1.37538e+1,0,0,0,0,0,0,6.08317e+1
"Rest Central America","SLV","El Salvador",6.78262e-3,1.01321e-3,1.56785e-1,0,1.15047e-1,0,0,6.28020e-4,1.49930e+1,4.36600e-1,1.29187e-1,0,0,0,0,0,0,0,0,0,0,0,0,0,0,0,0,0,0,0,0,0,0,6.50359e+1,2.20254e+0,2.46946e+0,0,0,0,0,6.25176e-2,8.80400e-1,0,0,0,0,0,0,0,5.90004e+0,1.42253e+1,0,0,0,0,0,0,1.06615e+2
"Rest Central America","TCA","Turks and Caicos Islands",1.88670e-4,0,9.12990e-4,0,0,0,0,0,4.04000e-5,2.07200e-3,0,0,0,0,0,0,0,0,0,0,0,0,0,0,0,0,0,0,0,0,0,0,0,0,0,0,0,0,0,0,0,0,0,0,0,0,0,0,0,3.36337e-2,2.95893e-2,0,0,0,0,0,0,6.64371e-2
"Rest Central America","TTO","Trinidad and Tobago",7.19373e-2,9.05197e-2,5.40096e-3,0,2.31987e-1,0,0,0,1.32336e+0,1.45373e-1,5.68844e+1,0,0,0,0,0,3.22090e-1,0,0,0,0,0,0,0,0,0,0,0,0,0,0,0,0,4.09633e+0,1.68930e-1,7.76116e-1,0,0,0,0,0,7.76368e-1,0,0,0,0,0,0,0,4.72220e+0,6.37772e+0,0,0,0,0,0,0,7.59928e+1
"Rest Central America","VCT","Saint Vincent and the Grenadines",2.57504e-3,0,1.21977e-2,0,4.23062e-4,0,0,0,2.53207e-2,2.22740e-2,9.91621e-3,0,0,0,0,0,0,0,0,0,0,0,0,0,0,0,0,0,0,0,0,0,0,4.65433e-1,1.31300e-2,0,0,0,0,0,0,1.46437e-2,0,0,0,0,0,0,0,1.02847e-1,4.27686e-1,0,0,0,0,0,0,1.09645e+0
"Rest Central America","VGB","Virgin Islands_British",3.07340e-4,0,1.34124e-3,0,3.53501e-4,0,0,0,1.69685e-3,1.29500e-3,5.88211e-3,0,0,0,0,0,0,0,0,0,0,0,0,0,0,0,0,0,0,0,0,0,0,4.78220e-1,2.87101e-2,0,0,0,0,0,0,0,0,0,0,0,0,0,0,3.65685e-2,4.44176e-2,0,0,0,0,0,0,5.98792e-1
"Rest Central America","VIR","Virgin Islands_USA",0,0,0,0,0,0,0,0,0,0,0,0,0,0,0,0,0,0,0,0,0,0,0,0,0,0,0,0,0,0,0,0,0,6.79310e-2,1.15789e-2,0,0,0,0,0,0,5.98496e-2,0,0,0,0,0,0,0,3.65584e-1,2.66256e-1,0,0,0,0,0,0,7.71199e-1
"Brazil","BRA","Brazil",2.13206e-1,1.86649e-1,1.01770e+1,1.71868e-2,1.18684e+1,1.05824e-1,1.96653e-1,0,3.06959e+2,3.59549e+2,5.85970e+1,0,0,0,0,0,7.74638e-1,4.28204e+0,0,0,0,0,0,0,0,0,0,0,0,0,0,0,0,4.65303e+3,1.36480e+2,5.92851e+2,0,0,0,0,5.83152e+2,5.40393e+1,2.19767e+3,1.32458e+0,0,0,0,0,0,1.69531e+2,7.48691e+2,2.54186e+0,0,0,0,0,0,9.89224e+3
"Rest South America","ARG","Argentina",2.61101e-1,2.03599e-1,2.12702e+0,8.26892e-3,4.80274e+0,1.67472e-3,1.88155e-1,5.27538e-2,5.59346e+0,6.87468e+1,2.34796e+2,0,0,0,0,0,1.90093e-1,4.08104e-1,0,0,0,0,0,0,0,0,0,0,0,0,0,0,0,3.21851e+3,6.49358e+1,2.11668e+1,0,0,0,0,1.57164e+1,1.68990e+1,4.82781e+1,1.03987e+2,0,0,0,0,0,6.85652e+1,1.68262e+2,0,0,0,0,0,0,4.04370e+3
"Rest South America","BOL","Bolivia",1.15556e-2,7.66104e-3,7.39808e-2,6.07085e-4,2.53576e-1,0,0,0,3.45833e+0,4.36600e-1,2.62916e+1,0,0,0,0,0,0,0,0,0,0,0,0,0,0,0,0,0,0,0,0,0,0,1.76291e+2,5.46481e+0,1.14342e+1,0,0,0,0,1.69548e+2,9.49451e-1,3.67771e+2,0,0,0,0,0,0,4.49315e+0,1.96388e+1,0,0,0,0,0,0,7.86124e+2
"Rest South America","BVT","Bouvet Island",0,0,0,0,0,0,0,0,0,0,0,0,0,0,0,0,0,0,0,0,0,0,0,0,0,0,0,0,0,0,0,0,0,0,0,0,0,0,0,0,0,0,0,0,0,0,0,0,0,0,0,0,0,0,0,0,0,0,
"Rest South America","CHL","Chile",5.65889e-2,9.24061e-2,5.93828e-1,0,1.40186e+0,2.04693e-2,2.43253e-2,0,1.55179e+1,4.23219e+1,8.78416e+1,0,0,0,0,0,0,9.84179e-2,0,0,0,0,0,0,0,0,0,0,0,0,0,0,0,2.54973e+2,5.42629e+0,5.22945e+0,0,0,0,0,0,1.63011e+0,2.49413e+0,5.65608e+0,0,0,0,0,0,1.53629e+1,8.09199e+1,0,0,0,0,0,0,5.19661e+2
"Rest South America","COL","Colombia",3.86048e-2,1.23391e-1,1.00207e+0,0,2.12623e+0,1.20371e-3,0,2.22319e-2,4.94062e+1,3.71112e+1,1.03962e+2,0,0,0,0,0,9.66370e-3,1.97400e-2,0,0,0,0,0,0,0,0,0,0,0,0,0,0,0,1.15964e+3,2.74021e+1,9.28825e+1,0,0,0,0,2.80512e+1,5.45617e+0,1.27534e+2,0,0,0,0,0,0,2.26809e+1,1.00667e+2,0,0,0,0,0,0,1.75814e+3
"Rest South America","ECU","Ecuador",3.10508e-3,9.93253e-3,1.69189e-1,0,4.69867e-1,0,0,2.05991e-2,1.62660e+1,5.06341e+1,1.93871e+1,0,0,0,0,0,3.27600e-5,0,0,0,0,0,0,0,0,0,0,0,0,0,0,0,0,1.46733e+2,5.60193e+0,3.98759e+1,0,0,0,0,1.43789e+0,2.60249e+0,1.31138e+0,0,0,0,0,0,0,4.28991e+0,2.64629e+1,0,0,0,0,0,0,3.15275e+2
"Rest South America","FLK","Falkland Islands (Malvinas)",9.87840e-5,0,2.27985e-4,0,5.49290e-5,0,0,0,8.88862e-4,7.65900e-3,2.93234e-3,0,0,0,0,0,0,0,0,0,0,0,0,0,0,0,0,0,0,0,0,0,0,3.94907e+0,7.74295e-2,0,0,0,0,0,0,0,0,0,0,0,0,0,0,7.50918e-3,9.49895e-3,2.90943e-5,0,0,0,0,0,4.05540e+0
"Rest South America","GUF","French Guiana",1.89437e-3,0,8.36417e-3,0,1.54052e-3,0,0,0,7.21383e-2,1.15366e-1,9.23773e-2,0,0,0,0,0,0,0,0,0,0,0,0,0,0,0,0,0,0,0,0,0,0,1.57132e-1,1.39442e-2,2.07517e-3,0,0,0,0,0,1.61312e-3,8.29328e-1,0,0,0,0,0,0,2.92175e-1,2.29118e-1,1.14712e-3,0,0,0,0,0,1.81821e+0
"Rest South America","GUY","Guyana",2.02773e-2,0,9.26350e-2,0,9.41296e-3,0,0,0,2.95441e+0,1.99800e-3,3.59455e-1,0,0,0,0,0,0,0,0,0,0,0,0,0,0,0,0,0,0,0,0,0,0,1.26005e+1,5.84081e-1,5.07640e+1,0,0,0,0,3.77616e+0,1.34221e+0,2.15424e+1,0,0,0,0,0,0,8.30788e-1,3.52274e+0,3.26422e-3,0,0,0,0,0,9.84043e+1
"Rest South America","PER","Peru",1.02457e-1,4.56502e-2,5.91219e-1,7.11755e-4,1.29730e+0,0,3.13592e-2,0,3.55027e+1,2.27459e+1,6.37950e+1,0,0,0,0,0,3.00000e-4,6.01593e-2,0,0,0,0,0,0,0,0,0,0,0,0,0,0,0,3.10421e+2,9.60866e+0,6.87776e+1,0,0,0,0,1.10076e+0,3.87580e+0,4.67432e+1,0,0,0,0,0,0,1.60060e+1,7.18781e+1,0,0,0,0,0,0,6.52584e+2
"Rest South America","PRY","Paraguay",4.78552e-2,8.79228e-4,3.88243e-1,0,7.38951e-2,1.63285e-2,2.05153e-3,0,1.07521e+1,6.22155e+0,4.71969e-2,0,0,0,0,0,0,0,0,0,0,0,0,0,0,0,0,0,0,0,0,0,0,2.51104e+2,5.68582e+0,4.77291e+0,0,0,0,0,8.54904e+1,7.93648e-1,9.31443e+1,9.89688e+0,0,0,0,0,0,4.07894e+0,1.05807e+1,0,0,0,0,0,0,4.83097e+2
"Rest South America","SGS","South Georgia and the South Sandwich Islands",0,0,0,0,0,0,0,0,0,0,0,0,0,0,0,0,0,0,0,0,0,0,0,0,0,0,0,0,0,0,0,0,0,0,0,0,0,0,0,0,0,0,0,0,0,0,0,0,0,0,0,0,0,0,0,0,0,0,
"Rest South America","SUR","Suriname",1.21038e-2,0,4.36064e-2,0,1.12908e-2,0,0,0,5.08157e-1,9.03651e-1,5.20754e-1,0,0,0,0,0,0,0,0,0,0,0,0,0,0,0,0,0,0,0,0,0,0,2.12982e+0,1.45682e-1,2.11252e+1,0,0,0,0,0,1.75518e-1,1.66274e+1,0,0,0,0,0,0,8.51672e-1,1.76881e+0,3.30592e-3,0,0,0,0,0,4.48270e+1
"Rest South America","URY","Uruguay",8.42430e-3,2.52550e-3,1.22506e-1,5.02417e-4,2.95166e-1,0,0,7.53624e-3,4.26252e+0,1.09150e-1,4.66807e-1,0,0,0,0,0,0,6.89559e-4,0,0,0,0,0,0,0,0,0,0,0,0,0,0,0,6.28776e+2,1.27809e+1,1.91344e+1,0,0,0,0,0,8.29519e-1,0,0,0,0,0,0,0,1.04940e+1,1.43257e+1,0,0,0,0,0,0,6.91616e+2
"Rest South America","VEN","Venezuela",1.84894e-1,7.14031e-1,6.17761e-1,0,3.69367e+0,3.12754e-3,0,4.77294e-3,4.72154e+0,1.85518e+0,9.17384e+2,0,0,0,0,0,2.69116e-1,2.46015e-1,0,0,0,0,0,0,0,0,0,0,0,0,0,0,0,4.73303e+2,1.43198e+1,2.69773e+1,0,0,0,0,4.25424e+1,2.28369e+0,8.95016e+1,0,0,0,0,0,0,3.04081e+1,6.48461e+1,0,0,0,0,0,0,1.67388e+3
"Northern_Africa","DZA","Algeria",3.12930e-2,7.82917e-2,3.56715e-2,0,5.15324e-1,6.08133e-3,7.61998e-3,0,1.25969e+1,2.08487e+1,4.04015e+2,0,0,0,0,0,8.06390e-2,6.05500e-2,0,0,0,0,0,0,0,0,0,0,0,0,0,0,0,1.01186e+2,3.98440e+0,2.85722e-1,0,0,0,0,0,9.52089e-2,0,0,0,0,0,0,0,1.52265e+1,5.31999e+1,0,0,0,0,0,0,6.12254e+2
"Northern_Africa","EGY","Egypt",3.78571e-4,2.25818e-2,7.18120e-1,8.37360e-4,6.69230e-1,0,1.43607e-2,2.14783e-2,3.87609e+1,8.89127e+1,1.88322e+2,0,0,0,0,0,3.30000e-4,1.32119e-1,0,0,0,0,0,0,0,0,0,0,0,0,0,0,0,2.30616e+2,6.79375e+0,2.64147e+2,0,0,0,0,0,2.33850e-1,0,0,0,0,0,0,0,3.72708e+1,1.32775e+2,0,0,0,0,0,0,9.89412e+2
"Northern_Africa","ESH","Western Sahara",5.22564e-5,3.52507e-5,1.38720e-5,3.00590e-5,2.55642e-3,0,0,0,9.38848e-3,0,2.33491e-3,0,0,0,0,0,0,0,0,0,0,0,0,0,0,0,0,0,0,0,0,0,0,5.47574e+0,1.63314e-1,0,0,0,0,0,0,3.41010e-5,0,0,0,0,0,0,0,4.29432e-2,2.14221e-1,0,0,0,0,0,0,5.91066e+0
"Northern_Africa","LBY","Libyan Arab Jamahiriya",0,7.91968e-2,1.15137e-2,4.18681e-5,2.99634e-1,0,0,0,1.45940e+0,1.62541e-1,1.36860e+3,0,0,0,0,0,6.45150e-1,0,0,0,0,0,0,0,0,0,0,0,0,0,0,0,0,2.99546e+1,1.11120e+0,0,0,0,0,0,0,6.57078e-3,0,0,0,0,0,0,0,3.49205e+0,8.23701e+0,0,0,0,0,0,0,1.41406e+3
"Northern_Africa","MAR","Morocco",4.62222e-3,1.42304e-3,8.81323e-2,0,3.77063e-1,2.08503e-3,1.40677e-2,0,2.07498e+1,1.11573e+1,5.50286e+0,0,0,0,0,0,0,0,0,0,0,0,0,0,0,0,0,0,0,0,0,0,0,2.80219e+2,9.57815e+0,1.66845e+0,0,0,0,0,0,1.75882e-1,0,0,0,0,0,0,0,1.28850e+1,6.16885e+1,0,0,0,0,0,0,4.04112e+2
"Northern_Africa","TUN","Tunisia",7.53624e-4,4.48454e-3,3.96071e-2,0,1.23094e-1,2.95379e-3,8.79228e-3,0,5.12689e+0,7.64050e+0,1.13432e+1,0,0,0,0,0,0,1.13400e-2,0,0,0,0,0,0,0,0,0,0,0,0,0,0,0,6.66109e+1,2.50774e+0,0,0,0,0,0,0,3.68417e-2,0,0,0,0,0,0,0,6.36494e+0,2.06971e+1,0,0,0,0,0,0,1.20519e+2
"Western_Africa","BEN","Benin",0,0,5.02416e-4,0,4.84006e-2,0,0,0,1.75804e+1,1.02601e+1,0,0,0,0,0,0,0,0,0,0,0,0,0,0,0,0,0,0,0,0,0,0,0,2.31243e+1,1.42355e+0,6.88234e-1,0,0,0,0,3.02208e+1,2.44404e-1,6.82244e+1,0,0,0,0,0,0,6.75873e-1,1.23167e+1,0,0,0,0,0,0,1.64808e+2
"Western_Africa","BFA","Burkina Faso",5.69859e-5,3.14108e-5,1.51290e-5,1.98771e-4,2.04216e-2,0,0,0,2.47006e+1,2.07314e+1,6.42598e-3,0,0,0,0,0,0,0,0,0,0,0,0,0,0,0,0,0,0,0,0,0,0,1.10328e+2,4.22771e+0,8.40479e+0,0,0,0,0,2.84664e+1,5.38866e-1,0,0,0,0,0,0,0,6.24931e-1,2.16364e+1,0,0,0,0,0,0,2.19686e+2
"Western_Africa","CAF","Central African Republic",2.26452e-5,5.32190e-6,6.01200e-6,1.14969e-4,5.33970e-3,0,0,0,6.80627e+0,2.16620e+0,2.13888e-3,0,0,0,0,0,0,0,0,0,0,0,0,0,0,0,0,0,0,0,0,0,0,2.62227e+1,9.03176e-1,2.64866e+0,0,0,0,0,1.04052e+3,1.45255e-1,2.85926e+2,0,0,0,0,0,0,2.03161e+0,8.31902e+0,0,0,0,0,0,0,1.37570e+3
"Western_Africa","CIV","Cote d'Ivoire",5.60821e-3,1.09694e-3,2.76329e-2,0,2.18572e-1,2.08503e-3,8.49920e-3,0,2.42513e+1,3.00163e+1,2.95204e-1,0,0,0,0,0,0,0,0,0,0,0,0,0,0,0,0,0,0,0,0,0,0,2.27141e+1,1.03704e+0,1.71495e+1,0,0,0,0,1.68334e+1,5.30254e-1,2.32370e+2,0,0,0,0,0,0,5.29370e+0,2.08269e+1,0,0,0,0,0,0,3.71581e+2
"Western_Africa","CMR","Cameroon",1.25604e-3,0,3.14010e-3,0,1.67148e-1,0,0,0,2.39086e+1,5.34835e+0,9.80000e-2,0,0,0,0,0,0,0,0,0,0,0,0,0,0,0,0,0,0,0,0,0,0,1.02234e+2,3.77539e+0,3.46202e+0,0,0,0,0,1.09800e+2,4.48467e-1,1.12560e+2,0,0,0,0,0,0,4.19711e+0,2.85790e+1,0,0,0,0,0,0,3.94582e+2
"Western_Africa","COD","Congo_the Democratic Republic of the",0,1.63286e-3,8.36942e-2,0,1.60348e-1,0,0,0,8.62706e+1,6.87730e+0,4.05244e-1,0,0,0,0,0,0,0,0,0,0,0,0,0,0,0,0,0,0,0,0,0,0,1.89415e+0,1.01513e-1,5.08876e+1,0,0,0,0,1.53173e+3,2.14413e+0,3.90232e+3,0,0,0,0,0,0,2.40299e+1,8.75162e+1,0,0,0,0,0,0,5.69442e+3
"Western_Africa","COG","Congo",1.21417e-3,0,5.52657e-3,0,5.31002e-2,0,0,0,3.27563e+0,1.25523e+1,4.45364e+1,0,0,0,0,0,0,0,0,0,0,0,0,0,0,0,0,0,0,0,0,0,0,5.09287e+1,2.30273e+0,4.17111e-1,0,0,0,0,3.37008e+1,1.65848e-1,1.63540e+2,0,0,0,0,0,0,1.11989e+0,5.37271e+0,0,0,0,0,0,0,3.17972e+2
"Western_Africa","CPV","Cape Verde",8.86959e-5,4.63220e-6,2.35470e-5,1.04976e-4,9.88448e-3,0,0,0,1.48316e-2,1.02860e-2,4.48175e-3,0,0,0,0,0,0,0,0,0,0,0,0,0,0,0,0,0,0,0,0,0,0,9.03190e-1,1.04149e-1,0,0,0,0,0,0,2.27691e-3,0,0,0,0,0,0,0,1.42588e-1,9.89728e-1,0,0,0,0,0,0,2.18164e+0
"Western_Africa","GAB","Gabon",3.26571e-3,0,1.53237e-2,0,0,0,0,0,1.32530e+0,4.69234e-1,2.14150e+1,0,0,0,0,0,0,0,0,0,0,0,0,0,0,0,0,0,0,0,0,0,0,6.24117e-1,1.28809e-1,7.61229e-2,0,0,0,0,7.75248e-1,1.45837e-2,1.33613e+1,0,0,0,0,0,0,8.03718e-1,2.70893e+0,0,0,0,0,0,0,4.17209e+1
"Western_Africa","GHA","Ghana",1.38164e-3,8.37360e-4,1.99334e-1,0,3.34140e-1,2.60628e-3,3.51691e-3,0,2.88209e+1,1.76823e+1,2.36815e-1,0,0,0,0,0,0,0,0,0,0,0,0,0,0,0,0,0,0,0,0,0,0,4.27815e+1,2.09432e+0,1.14706e+1,0,0,0,0,7.66224e+1,5.23548e-1,2.28052e+1,0,0,0,0,0,0,8.56562e+0,3.69216e+1,0,0,0,0,0,0,2.49067e+2
"Western_Africa","GIN","Guinea",1.51677e-4,4.61805e-4,2.39490e-5,3.06854e-4,3.96906e-2,0,0,0,3.05794e+1,1.17880e+1,1.19902e-2,0,0,0,0,0,0,0,0,0,0,0,0,0,0,0,0,0,0,0,0,0,0,4.37741e+1,1.53804e+0,8.24544e+1,0,0,0,0,6.55272e+1,4.56254e-1,8.57820e+1,0,0,0,0,0,0,1.76055e+0,1.66544e+1,0,0,0,0,0,0,3.40367e+2
"Western_Africa","GMB","Gambia",4.46889e-5,1.36990e-6,1.18650e-5,5.25604e-5,1.38195e-2,0,0,0,9.73747e-1,1.60277e+0,2.38624e-3,0,0,0,0,0,0,0,0,0,0,0,0,0,0,0,0,0,0,0,0,0,0,9.32871e+0,3.36183e-1,5.90213e+0,0,0,0,0,3.44568e+0,3.76014e-2,0,0,0,0,0,0,0,2.40580e-1,1.67767e+0,0,0,0,0,0,0,2.35614e+1
"Western_Africa","GNB","Guinea-Bissau",1.45218e-5,1.62659e-5,3.85500e-6,2.72945e-5,3.42477e-3,0,0,0,1.35829e+0,1.36641e-1,1.28160e-3,0,0,0,0,0,0,0,0,0,0,0,0,0,0,0,0,0,0,0,0,0,0,8.52169e+0,4.56310e-1,6.25668e+0,0,0,0,0,6.06336e+0,4.70663e-2,0,0,0,0,0,0,0,2.52907e-1,2.71665e+0,0,0,0,0,0,0,2.58144e+1
"Western_Africa","GNQ","Equatorial Guinea",1.09971e-5,0,5.78700e-6,3.65400e-5,2.21544e-3,0,0,0,1.26527e+0,3.04621e-1,2.94853e-1,0,0,0,0,0,0,0,0,0,0,0,0,0,0,0,0,0,0,0,0,0,0,2.75520e-1,1.50210e-2,0,0,0,0,0,0,6.97452e-3,0,0,0,0,0,0,0,2.53158e-1,1.19199e+0,0,0,0,0,0,0,3.60967e+0
"Western_Africa","LBR","Liberia",5.55807e-4,7.21440e-4,8.77590e-5,4.90315e-4,8.60063e-2,0,0,0,5.72465e+0,4.08506e+0,2.78815e-2,0,0,0,0,0,0,0,0,0,0,0,0,0,0,0,0,0,0,0,0,0,0,2.47894e+0,1.94897e-1,3.34488e+0,0,0,0,0,8.29032e-1,1.72510e-1,6.92376e-2,0,0,0,0,0,0,9.75924e-1,5.49333e+0,0,0,0,0,0,0,2.34842e+1
"Western_Africa","MLI","Mali",1.01967e-4,1.75389e-5,2.70690e-5,1.36051e-4,3.80495e-2,0,0,0,1.04511e+1,3.90801e+0,6.48365e-3,0,0,0,0,0,0,0,0,0,0,0,0,0,0,0,0,0,0,0,0,0,0,2.41103e+2,9.50829e+0,3.58716e+1,0,0,0,0,4.25256e+1,3.67940e-1,2.71300e+1,0,0,0,0,0,0,1.27588e+0,2.21316e+1,0,0,0,0,0,0,3.94318e+2
"Western_Africa","MRT","Mauritania",1.06045e-4,2.61819e-4,1.09462e-4,1.85888e-4,3.44287e-2,0,0,0,2.99805e+0,3.63296e+0,9.02652e-3,0,0,0,0,0,0,0,0,0,0,0,0,0,0,0,0,0,0,0,0,0,0,1.32173e+2,5.55310e+0,2.29411e-1,0,0,0,0,6.29904e-3,9.54745e-2,0,0,0,0,0,0,0,2.52555e-1,5.33148e+0,0,0,0,0,0,0,1.50317e+2
"Western_Africa","NER","Niger",3.31743e-4,4.05630e-5,3.61460e-4,6.57065e-5,2.17778e-2,0,0,0,1.08090e+1,1.22998e+1,8.56636e-3,0,0,0,0,0,0,0,0,0,0,0,0,0,0,0,0,0,0,0,0,0,0,1.93061e+2,7.78684e+0,3.42031e+0,0,0,0,0,9.13680e-1,4.57420e-1,0,0,0,0,0,0,0,6.62058e-1,1.74594e+1,0,0,0,0,0,0,2.46901e+2
"Western_Africa","NGA","Nigeria",1.22135e-2,1.44645e-2,4.02770e-2,0,5.75367e-1,9.64640e-3,1.52399e-2,0,1.43110e+2,4.59500e+1,6.09535e+2,0,0,0,0,0,0,0,0,0,0,0,0,0,0,0,0,0,0,0,0,0,0,4.69167e+2,1.40003e+1,5.35828e+1,0,0,0,0,1.01952e+2,4.92739e+0,1.50035e+1,0,0,0,0,0,0,1.49159e+1,2.03208e+2,0,0,0,0,0,0,1.67602e+3
"Western_Africa","SEN","Senegal",0,9.48094e-4,1.31088e-2,0,8.60251e-2,1.04251e-3,7.32690e-3,0,1.22678e+1,2.94705e+1,1.50458e-1,0,0,0,0,0,0,0,0,0,0,0,0,0,0,0,0,0,0,0,0,0,0,1.05398e+2,4.21304e+0,1.83529e+1,0,0,0,0,2.58264e+1,1.77505e-1,0,0,0,0,0,0,0,4.46229e+0,1.88658e+1,0,0,0,0,0,0,2.19293e+2
"Western_Africa","SHN","Saint Helena",0,0,0,0,0,0,0,0,0,0,0,0,0,0,0,0,0,0,0,0,0,0,0,0,0,0,0,0,0,0,0,0,0,5.44317e-2,4.30014e-3,0,0,0,0,0,0,0,0,0,0,0,0,0,0,3.45714e-3,2.26749e-2,0,0,0,0,0,0,8.48639e-2
"Western_Africa","SLE","Sierra Leone",2.43663e-4,2.52144e-4,3.84720e-5,1.94331e-4,1.41841e-2,0,0,0,1.89728e+1,1.14950e+1,1.06448e-2,0,0,0,0,0,0,0,0,0,0,0,0,0,0,0,0,0,0,0,0,0,0,1.00653e+1,4.32290e-1,4.37984e+1,0,0,0,0,1.53190e+1,3.69360e-1,8.22800e+0,0,0,0,0,0,0,1.25447e+0,1.16757e+1,0,0,0,0,0,0,1.21636e+2
"Western_Africa","STP","Sao Tome and Principe",1.33440e-5,0,3.54300e-6,8.40799e-6,1.37712e-3,0,0,0,4.48927e-3,2.81274e-1,4.92558e-4,0,0,0,0,0,0,0,0,0,0,0,0,0,0,0,0,0,0,0,0,0,0,1.35576e-1,1.57950e-2,0,0,0,0,0,0,1.90179e-3,0,0,0,0,0,0,0,7.12799e-2,3.17949e-1,0,0,0,0,0,0,8.30160e-1
"Western_Africa","TCD","Chad",6.47238e-5,0,1.71810e-5,4.04290e-5,5.50339e-3,0,0,0,1.19559e+1,1.41600e+1,4.25902e-3,0,0,0,0,0,0,0,0,0,0,0,0,0,0,0,0,0,0,0,0,0,0,1.94535e+2,7.21555e+0,8.55079e+0,0,0,0,0,1.29986e+2,3.04765e-1,0,0,0,0,0,0,0,7.26216e-1,1.55789e+1,0,0,0,0,0,0,3.83023e+2
"Western_Africa","TGO","Togo",3.14010e-3,0,0,0,3.02481e-2,0,0,0,1.35185e+1,1.33163e+1,0,0,0,0,0,0,0,0,0,0,0,0,0,0,0,0,0,0,0,0,0,0,0,1.24745e+1,7.42435e-1,5.21389e+0,0,0,0,0,3.04032e+1,1.38429e-1,1.32464e+1,0,0,0,0,0,0,6.94655e-1,8.13132e+0,0,0,0,0,0,0,9.79130e+1
"Eastern_Africa","BDI","Burundi",1.17003e-5,5.89380e-6,3.10500e-6,3.19484e-5,6.10640e-3,0,0,0,1.40551e+1,1.27715e+1,1.50080e-3,0,0,0,0,0,0,0,0,0,0,0,0,0,0,0,0,0,0,0,0,0,0,2.69111e+1,8.58702e-1,7.32031e-1,0,0,0,0,0,2.73564e-1,0,0,0,0,0,0,0,1.34630e-1,1.42040e+1,0,0,0,0,0,0,6.99483e+1
"Eastern_Africa","COM","Comoros",5.40810e-6,0,2.84700e-6,2.81265e-5,1.83568e-3,0,0,0,1.22388e-2,9.16527e-1,6.41782e-4,0,0,0,0,0,0,0,0,0,0,0,0,0,0,0,0,0,0,0,0,0,0,2.49854e+0,1.33508e-1,1.87700e+0,0,0,0,0,0,7.35219e-3,0,0,0,0,0,0,0,1.38011e-1,1.17895e+0,0,0,0,0,0,0,6.76464e+0
"Eastern_Africa","DJI","Djibouti",1.43342e-4,7.57638e-4,3.80550e-5,1.59399e-4,1.03333e-2,0,0,0,9.58993e-2,4.84071e-1,2.11659e-2,0,0,0,0,0,0,0,0,0,0,0,0,0,0,0,0,0,0,0,0,0,0,5.38304e+0,2.39960e-1,0,0,0,0,0,0,0,0,0,0,0,0,0,0,2.00841e-1,6.41760e-1,0,0,0,0,0,0,7.07817e+0
"Eastern_Africa","ERI","Eritrea",5.37037e-4,7.30786e-4,1.28438e-3,0,1.13836e-2,0,0,0,5.93180e+0,5.61534e+0,1.06112e-1,0,0,0,0,0,0,0,0,0,0,0,0,0,0,0,0,0,0,0,0,0,0,6.21674e+1,2.17445e+0,0,0,0,0,0,1.89490e+0,1.19292e-1,0,0,0,0,0,0,0,2.75083e-1,7.25258e+0,0,0,0,0,0,0,8.55509e+1
"Eastern_Africa","ETH","Ethiopia",5.04210e-3,2.74045e-4,9.51756e-3,0,1.05211e-1,0,0,0,8.82485e+1,7.31305e+0,7.36978e-2,0,0,0,0,0,0,0,0,0,0,0,0,0,0,0,0,0,0,0,0,0,0,1.09196e+3,4.19170e+1,0,0,0,0,0,2.02596e+2,5.68911e+0,0,0,0,0,0,0,0,3.37125e+0,1.15231e+2,0,0,0,0,0,0,1.55652e+3
"Eastern_Africa","KEN","Kenya",7.10853e-4,3.34829e-3,2.57907e-2,4.14493e-3,2.02344e-1,3.03522e-2,2.63769e-3,0,3.67172e+1,1.00091e+2,6.75690e-1,0,0,0,0,0,0,0,0,0,0,0,0,0,0,0,0,0,0,0,0,0,0,3.72377e+2,1.15945e+1,1.21797e+0,0,0,0,0,3.45696e+0,6.28863e-1,0,0,0,0,0,0,0,1.40204e+0,4.34158e+1,0,0,0,0,0,0,5.71846e+2
"Eastern_Africa","MDG","Madagascar",3.08694e-4,1.10432e-4,2.36294e-4,5.28758e-4,6.13581e-2,0,0,0,1.07972e+1,1.92670e+0,1.71724e-2,0,0,0,0,0,0,0,0,0,0,0,0,0,0,0,0,0,0,0,0,0,0,3.03788e+2,1.00066e+1,2.03614e+2,0,0,0,0,9.85608e+1,6.92875e-1,6.37323e+1,1.71958e-1,0,0,0,0,0,2.07425e+0,2.80839e+1,0,0,0,0,0,0,7.23529e+2
"Eastern_Africa","MUS","Mauritius",1.58880e-4,2.08493e-4,5.76020e-5,7.18380e-5,1.63063e-2,0,0,0,2.60305e-1,1.09150e-1,1.27494e-2,0,0,0,0,0,0,0,0,0,0,0,0,0,0,0,0,0,0,0,0,0,0,2.29763e+0,7.48630e-2,5.48502e-2,0,0,0,0,0,1.01546e-1,0,0,0,0,0,0,0,1.25245e+0,3.86186e+0,0,0,0,0,0,0,8.04221e+0
"Eastern_Africa","MYT","Mayotte",0,0,0,0,0,0,0,0,0,0,0,0,0,0,0,0,0,0,0,0,0,0,0,0,0,0,0,0,0,0,0,0,0,0,0,0,0,0,0,0,0,0,0,0,0,0,0,0,0,9.64976e-2,3.57132e-1,0,0,0,0,0,0,4.53630e-1
"Eastern_Africa","REU","Reunion",1.00107e-4,5.82084e-5,2.65770e-5,2.19501e-4,1.99851e-2,0,0,0,2.00549e-1,0,9.17936e-3,0,0,0,0,0,0,0,0,0,0,0,0,0,0,0,0,0,0,0,0,0,0,1.11032e+0,1.37431e-1,0,0,0,0,0,0,3.97275e-2,0,0,0,0,0,0,0,1.07107e+0,1.59225e+0,0,0,0,0,0,0,4.18091e+0
"Eastern_Africa","RWA","Rwanda",3.62952e-5,1.02391e-5,9.63600e-6,5.33170e-5,6.08971e-3,0,0,0,1.53650e+1,2.09176e+0,2.34697e-3,0,0,0,0,0,0,0,0,0,0,0,0,0,0,0,0,0,0,0,0,0,0,2.49002e+1,8.83136e-1,1.49326e-1,0,0,0,0,3.42744e+0,3.09840e-1,0,0,0,0,0,0,0,1.42686e-1,1.47091e+1,0,0,0,0,0,0,6.19870e+1
"Eastern_Africa","SDN","Sudan",5.27537e-4,2.09340e-4,2.28599e-2,0,2.02646e-1,0,0,0,4.05171e+1,1.40258e+2,7.76106e-1,0,0,0,0,0,0,0,0,0,0,0,0,0,0,0,0,0,0,0,0,0,0,7.01908e+2,2.34422e+1,1.06780e+0,0,0,0,0,5.34096e+2,7.54155e-1,0,0,0,0,0,0,0,7.74999e+0,6.12085e+1,0,0,0,0,0,0,1.51200e+3
"Eastern_Africa","SOM","Somalia",1.07109e-4,2.82496e-5,5.63730e-5,4.82272e-4,4.48266e-2,0,0,0,1.24397e+1,2.27288e+1,1.69053e-2,0,0,0,0,0,0,0,0,0,0,0,0,0,0,0,0,0,0,0,0,0,0,3.85471e+2,1.69311e+1,7.29946e-2,0,0,0,0,5.99184e-3,1.20154e-1,0,0,0,0,0,0,0,1.45842e+0,1.50690e+1,0,0,0,0,0,0,4.54360e+2
"Eastern_Africa","SYC","Seychelles",8.19654e-5,3.68011e-5,2.17590e-5,3.95000e-8,1.86301e-3,0,0,0,1.24645e-2,0,3.17740e-3,0,0,0,0,0,0,0,0,0,0,0,0,0,0,0,0,0,0,0,0,0,0,9.09344e-2,1.74751e-2,0,0,0,0,0,0,1.37794e-5,0,0,0,0,0,0,0,7.78985e-2,2.19738e-1,0,0,0,0,0,0,4.23705e-1
"Eastern_Africa","UGA","Uganda",1.69237e-4,5.20277e-5,4.49280e-5,1.85729e-4,3.68317e-2,0,0,0,6.72360e+1,2.97182e+1,1.07767e-2,0,0,0,0,0,0,0,0,0,0,0,0,0,0,0,0,0,0,0,0,0,0,1.70562e+2,4.95521e+0,3.25347e+0,0,0,0,0,9.55968e+1,1.53056e+0,0,0,0,0,0,0,0,9.70839e-1,3.39656e+1,0,0,0,0,0,0,4.07837e+2
"Southern_Africa","AGO","Angola",2.63768e-4,2.00966e-3,8.28986e-3,0,1.42121e-1,0,0,0,5.39787e+0,5.30469e+1,2.06459e+2,0,0,0,0,0,0,0,0,0,0,0,0,0,0,0,0,0,0,0,0,0,0,1.01851e+2,3.08428e+0,5.21389e+0,0,0,0,0,6.89976e+2,2.18885e-1,1.22705e+1,0,0,0,0,0,0,2.95729e+0,3.25437e+1,0,0,0,0,0,0,1.11317e+3
"Southern_Africa","BWA","Botswana",2.36671e-4,6.35700e-6,5.77089e-3,1.46090e-5,3.04821e-2,0,0,0,2.84892e+0,3.63075e+0,6.52491e-3,0,0,0,0,0,0,0,0,0,0,0,0,0,0,0,0,0,0,0,0,0,0,7.84761e+1,1.95975e+0,0,0,0,0,0,1.55246e+2,3.70825e-2,0,4.08792e+0,0,0,0,0,0,9.76810e-2,2.73451e+0,0,0,0,0,0,0,2.49162e+2
"Southern_Africa","LSO","Lesotho",2.45736e-5,1.94123e-5,6.52200e-6,1.06919e-4,1.07109e-2,0,0,0,5.55154e+0,4.51763e+0,2.16033e-3,0,0,0,0,0,0,0,0,0,0,0,0,0,0,0,0,0,0,0,0,0,0,3.58476e+1,7.28362e-1,0,0,0,0,0,0,5.78149e-2,0,2.60520e+0,0,0,0,0,0,9.37250e-2,4.37370e+0,0,0,0,0,0,0,5.37886e+1
"Southern_Africa","MOZ","Mozambique",0,2.43977e-3,1.56586e-1,0,1.64568e-1,0,0,0,3.02552e+1,3.99872e+1,2.21331e-1,0,0,0,0,0,0,0,0,0,0,0,0,0,0,0,0,0,0,0,0,0,0,4.93841e+1,1.80251e+0,1.60379e+1,0,0,0,0,3.77376e+2,1.03075e+0,4.73253e+1,6.78768e+0,0,0,0,0,0,1.03865e+0,3.76274e+1,0,0,0,0,0,0,6.09198e+2
"Southern_Africa","MWI","Malawi",1.20458e-4,1.36800e-6,1.03523e-3,1.31326e-4,3.21887e-2,0,0,0,1.51835e+1,1.74989e+1,6.46144e-3,0,0,0,0,0,0,0,0,0,0,0,0,0,0,0,0,0,0,0,0,0,0,2.14911e+1,9.01707e-1,4.08770e+0,0,0,0,0,7.26312e+1,7.04008e-1,0,0,0,0,0,0,0,3.85270e-1,1.89519e+1,0,0,0,0,0,0,1.51875e+2
"Southern_Africa","NAM","Namibia",3.44651e-4,0,1.33413e-4,0,9.32308e-2,0,0,0,8.11929e-2,1.71399e+0,0,0,0,0,0,0,0,0,0,0,0,0,0,0,0,0,0,0,0,0,0,0,0,1.42234e+2,3.44211e+0,0,0,0,0,0,3.98112e+1,4.15109e-2,0,0,0,0,0,0,0,6.25151e-1,2.63592e+0,0,0,0,0,0,0,1.90679e+2
"Southern_Africa","SWZ","Swaziland",6.62045e-5,6.48000e-7,2.74307e-3,5.42470e-5,1.73822e-2,0,0,0,1.85500e+0,1.38997e+0,4.34701e-3,0,0,0,0,0,0,0,0,0,0,0,0,0,0,0,0,0,0,0,0,0,0,2.82962e+1,6.54308e-1,5.02620e-1,0,0,0,0,0,5.38290e-2,0,0,0,0,0,0,0,1.12122e-1,1.09777e+1,0,0,0,0,0,0,4.38663e+1
"Southern_Africa","TZA","Tanzania_United Republic of",8.54106e-3,9.21096e-4,9.16909e-3,0,1.87911e-1,0,2.93076e-4,0,5.45310e+1,3.84208e+1,2.17347e-1,0,0,0,0,0,0,0,0,0,0,0,0,0,0,0,0,0,0,0,0,0,0,3.49886e+2,1.18509e+1,3.14920e+1,0,0,0,0,5.14152e+2,1.60124e+0,1.46431e+2,0,0,0,0,0,0,1.00829e+0,5.10399e+1,0,0,0,0,0,0,1.20084e+3
"Southern_Africa","ZAF","South Africa",6.12089e-1,6.71659e-2,4.19016e+0,3.72625e-3,3.95739e+0,2.75994e-1,0,0,5.89084e+1,3.77266e+2,4.33334e+0,0,0,0,0,0,5.23900e-2,9.72088e+0,0,0,0,0,0,0,0,0,0,0,0,0,0,0,0,7.23576e+2,1.92665e+1,2.71122e-1,0,0,0,0,2.10146e+1,1.81129e+0,8.56320e+0,9.56801e+1,0,0,0,0,0,8.27792e+1,1.24310e+2,0,0,0,0,0,0,1.53666e+3
"Southern_Africa","ZMB","Zambia",4.68084e-3,0,1.93154e-1,0,1.86699e-1,1.62239e-3,2.93076e-4,0,1.19969e+1,3.55208e+1,0,0,0,0,0,0,0,0,0,0,0,0,0,0,0,0,0,0,0,0,0,0,0,6.54118e+1,1.89865e+0,2.31497e-1,0,0,0,0,1.02245e+3,1.85055e-1,4.55865e+2,0,0,0,0,0,0,2.15582e+0,1.72531e+1,0,0,0,0,0,0,1.61336e+3
"Southern_Africa","ZWE","Zimbabwe",9.05247e-3,0,2.30693e-1,0,2.47270e-1,3.18951e-2,0,0,2.04782e+1,2.94450e+1,0,0,0,0,0,0,0,1.12462e+0,0,0,0,0,0,0,0,0,0,0,0,0,0,0,0,2.22287e+2,6.03249e+0,5.52673e-1,0,0,0,0,1.03762e+2,3.23299e-1,0,0,0,0,0,0,0,1.91381e+0,1.81676e+1,0,0,0,0,0,0,4.04605e+2
"OECD_Europe","AUT","Austria",9.94993e-2,3.49771e-2,4.03691e-1,1.88406e-4,3.04824e+0,3.12335e-2,6.44767e-3,6.28020e-4,3.80837e+1,2.36975e+1,3.01114e+1,0,0,0,0,0,4.71900e-2,3.25780e-1,0,0,0,0,0,0,0,0,0,0,0,0,0,0,0,1.69335e+2,5.45959e+1,0,0,0,0,0,0,4.41928e-1,0,1.76220e+0,0,0,0,0,0,7.05782e+1,3.70225e+1,2.65884e-3,0,0,0,0,0,4.29629e+2
"OECD_Europe","BEL","Belgium",2.41231e-1,5.57680e-2,1.50634e+0,0,4.10511e+0,2.74675e-2,8.29402e-2,0,7.95420e+1,1.74141e+2,3.43742e+1,0,0,0,0,0,1.08000e-4,2.17831e+0,0,0,0,0,0,0,0,0,0,0,0,0,0,0,0,1.96526e+2,5.52585e+1,0,0,0,0,0,0,4.96100e-1,0,3.95880e-1,0,0,0,0,0,4.90718e+1,6.82934e+1,6.23135e+0,0,0,0,0,0,6.72527e+2
"OECD_Europe","CHE","Switzerland",1.21933e-3,1.03831e-2,4.08297e-1,2.30274e-4,3.84637e+0,3.64880e-3,1.37746e-2,0,9.91929e+0,3.62933e-1,4.90220e+0,0,0,0,0,0,8.68646e-2,9.71412e-3,0,0,0,0,0,0,0,0,0,0,0,0,0,0,0,1.36772e+2,3.80464e+1,0,0,0,0,0,0,9.96678e-2,4.00070e+0,0,0,0,0,0,0,2.34341e+1,1.03874e+1,9.75315e-6,0,0,0,0,0,2.32305e+2
"OECD_Europe","DEU","Germany",3.38244e+0,8.07501e-1,1.14493e+1,9.62963e-4,3.15140e+1,4.33990e-1,2.57907e-1,0,3.29601e+2,2.10810e+3,1.43320e+2,0,0,0,0,0,4.10916e+0,7.04157e+0,0,0,0,0,0,0,0,0,0,0,0,0,0,0,0,1.40789e+3,4.57978e+2,0,0,0,0,0,0,3.57908e+0,0,2.46240e+0,0,0,0,0,0,1.30252e+3,2.18525e+2,0,0,0,0,0,0,6.03297e+3
"OECD_Europe","DNK","Denmark",3.81410e-1,8.79000e-4,4.58915e-1,0,2.60102e+0,1.44214e-2,1.11369e-1,0,6.66301e+0,2.09344e-1,9.62970e-1,0,0,0,0,0,0,0,0,0,0,0,0,0,0,0,0,0,0,0,0,0,0,1.94111e+2,9.16998e+1,0,0,0,0,0,0,7.60958e-1,0,0,0,0,0,0,0,5.76392e+1,1.06808e+1,0,0,0,0,0,0,3.66295e+2
"OECD_Europe","ESP","Spain",1.23069e-1,6.77490e-2,1.75766e+0,1.12625e-2,5.57800e+0,1.04138e-1,4.08254e-1,5.02416e-4,1.53320e+2,1.53786e+2,9.11552e+0,0,0,0,0,0,4.50713e-1,1.31443e+0,0,0,0,0,0,0,0,0,0,0,0,0,0,0,0,4.59943e+2,1.49180e+2,2.55644e+1,0,0,0,0,0,1.92963e+0,0,2.93496e+1,0,0,0,0,0,1.67260e+2,1.01975e+2,1.08532e+0,0,0,0,0,0,1.26232e+3
"OECD_Europe","FIN","Finland",4.35259e-2,2.18970e-2,4.63083e-1,1.10950e-3,1.85735e+0,1.94603e-2,2.46184e-2,0,7.54053e+1,2.72875e+0,8.47016e-1,0,0,0,0,0,1.85190e-2,6.86420e-1,0,0,0,0,0,0,0,0,0,0,0,0,0,0,0,1.26064e+2,3.37817e+1,0,0,0,0,0,0,3.86696e-1,7.09056e-1,9.67296e-2,0,0,0,0,0,9.33993e+1,1.38310e+2,0,0,0,0,0,0,4.74865e+2
"OECD_Europe","FRA","France",1.46286e+0,3.30372e-1,7.30614e+0,1.21417e-3,2.20322e+1,1.35290e-1,1.55037e-1,0,3.06186e+2,7.88355e+2,4.47116e+2,0,0,0,0,0,1.35153e+0,6.51967e+0,0,0,0,0,0,0,0,0,0,0,0,0,0,0,0,1.42246e+3,3.83853e+2,8.56130e+0,0,0,0,0,0,4.53522e+0,0,1.66903e+0,0,0,0,0,0,3.39226e+2,1.71189e+2,3.43344e+1,0,0,0,0,0,3.94678e+3
"OECD_Europe","FRO","Faroe Islands",0,0,0,0,0,0,0,0,0,0,0,0,0,0,0,0,0,0,0,0,0,0,0,0,0,0,0,0,0,0,0,0,0,6.41200e-1,2.84776e-2,0,0,0,0,0,0,1.51062e-5,0,0,0,0,0,0,0,6.72973e-1,4.11291e-2,5.31671e-2,0,0,0,0,0,1.43696e+0
"OECD_Europe","GBR","United Kingdom",1.36274e+0,5.38974e-1,9.46165e+0,3.05427e-2,2.48415e+1,2.19596e-1,3.31762e-1,0,3.79713e+2,1.53368e+3,3.23112e+2,0,0,0,0,0,1.38461e+0,2.53465e+0,0,0,0,0,0,0,0,0,0,0,0,0,0,0,0,1.01607e+3,2.25660e+2,0,0,0,0,0,0,1.87441e+0,0,1.66255e+0,0,0,0,0,0,2.05865e+3,1.23976e+2,1.17549e+1,0,0,0,0,0,5.71686e+3
"OECD_Europe","GIB","Gibraltar",3.76812e-4,0,0,0,8.41750e-3,0,0,0,0,0,0,0,0,0,0,0,0,0,0,0,0,0,0,0,0,0,0,0,0,0,0,0,0,0,0,0,0,0,0,0,0,0,0,0,0,0,0,0,0,1.10542e-1,2.84728e-2,1.23406e-2,0,0,0,0,0,1.60150e-1
"OECD_Europe","GRC","Greece",3.83143e-2,1.13607e-2,2.49366e-1,4.87761e-3,1.29235e+0,2.04211e-2,1.11369e-2,0,8.39670e+0,7.08230e+0,1.92513e+0,0,0,0,0,0,4.38900e-3,1.62184e-1,0,0,0,0,0,0,0,0,0,0,0,0,0,0,0,1.49119e+2,3.06957e+1,6.29156e+0,0,0,0,0,0,1.13196e+0,1.08845e-1,3.02256e+0,0,0,0,0,0,5.55927e+1,1.44508e+1,4.00119e-5,0,0,0,0,0,2.79611e+2
"OECD_Europe","GRL","Greenland",0,0,0,0,0,0,0,0,0,0,0,0,0,0,0,0,0,0,0,0,0,0,0,0,0,0,0,0,0,0,0,0,0,2.58400e-1,4.39978e-3,0,0,0,0,0,0,0,0,0,0,0,0,0,0,4.22432e-1,1.47623e-1,1.55876e-2,0,0,0,0,0,8.48443e-1
"OECD_Europe","IRL","Ireland",3.28287e-2,2.52000e-4,2.03897e-1,7.95493e-4,1.10720e+0,7.12385e-3,0,0,2.60955e+1,2.90187e+0,2.17758e+0,0,0,0,0,0,0,0,0,0,0,0,0,0,0,0,0,0,0,0,0,0,0,3.32021e+2,6.26953e+1,0,0,0,0,0,0,1.99520e-1,0,1.59667e-1,0,0,0,0,0,5.08243e+1,5.84156e+0,0,0,0,0,0,0,4.84268e+2
"OECD_Europe","ISL","Iceland",1.13044e-3,0,8.03865e-3,6.28019e-5,9.56104e-2,0,3.51691e-3,0,3.38440e-2,0,0,0,0,0,0,0,0,1.53542e-1,0,0,0,0,0,0,0,0,0,0,0,0,0,0,0,1.07745e+1,1.09908e+0,0,0,0,0,0,0,8.84015e-5,0,0,0,0,0,0,0,2.00773e+0,3.96864e-1,1.16009e-1,0,0,0,0,0,1.46900e+1
"OECD_Europe","ITA","Italy",6.64654e-1,2.29660e-1,3.64453e+0,1.44026e-2,2.11481e+1,4.22553e-2,1.28074e-1,4.22028e-2,4.39065e+1,2.17436e+1,1.28026e+2,0,0,0,0,0,1.11297e+0,2.14436e+0,0,0,0,0,0,0,0,0,0,0,0,0,0,0,0,6.84187e+2,2.66315e+2,6.88886e+1,0,0,0,0,0,6.40412e+0,6.81600e-1,8.58240e+0,0,0,0,0,0,5.16064e+2,1.39975e+2,1.40641e+1,0,0,0,0,0,1.92801e+3
"OECD_Europe","LUX","Luxembourg",1.41723e-2,0,1.52088e-1,0,1.84651e-1,2.95378e-3,0,0,1.01754e+0,0,4.57138e-1,0,0,0,0,0,0,5.63430e-1,0,0,0,0,0,0,0,0,0,0,0,0,0,0,0,1.31760e+1,1.53429e+1,0,0,0,0,0,0,4.41922e-2,0,3.81600e-1,0,0,0,0,0,2.22297e+0,4.42999e-1,0,0,0,0,0,0,3.40027e+1
"OECD_Europe","NLD","Netherlands",2.60064e-1,2.26083e-1,8.28358e-1,3.97745e-3,5.66535e+0,1.12940e-2,3.04799e-1,0,2.72882e+1,2.57048e+0,1.39987e+2,0,0,0,0,0,2.51205e+0,2.07200e-1,0,0,0,0,0,0,0,0,0,0,0,0,0,0,0,2.84076e+2,1.04348e+2,0,0,0,0,0,0,3.03053e-1,0,2.57616e-2,0,0,0,0,0,3.59508e+2,3.39475e+1,0,0,0,0,0,0,9.62074e+2
"OECD_Europe","NOR","Norway",1.15556e-2,5.19127e-3,4.18428e-1,3.34944e-4,1.68055e+0,5.73381e-3,2.37978e-1,0,1.05825e+1,8.99413e+0,1.87106e+0,0,0,0,0,0,1.53214e+0,4.79917e+0,0,0,0,0,0,0,0,0,0,0,0,0,0,0,0,8.00837e+1,1.76417e+1,0,0,0,0,0,0,1.01241e-1,0,0,0,0,0,0,0,1.48305e+2,4.60851e+1,4.58606e+0,0,0,0,0,0,3.26942e+2
"OECD_Europe","PRT","Portugal",1.52999e-1,1.00881e-2,6.32318e-1,4.73108e-3,1.15267e+0,1.42037e-2,1.31884e-2,0,6.70548e+0,4.08091e+0,4.33274e+0,0,0,0,0,0,2.76000e-4,3.52346e-1,0,0,0,0,0,0,0,0,0,0,0,0,0,0,0,1.10599e+2,4.12891e+1,1.66049e+1,0,0,0,0,0,6.33068e-1,0,3.35856e+0,0,0,0,0,0,1.07836e+2,2.27030e+1,3.28328e-2,0,0,0,0,0,3.20508e+2
"OECD_Europe","SWE","Sweden",8.42223e-2,1.56745e-2,4.14822e+0,9.12722e-3,4.85680e+0,1.92383e-2,6.33045e-2,0,9.82790e+0,3.71324e+0,7.12331e+0,0,0,0,0,0,1.04633e-1,7.62861e-1,0,0,0,0,0,0,0,0,0,0,0,0,0,0,0,1.29063e+2,3.93855e+1,0,0,0,0,0,0,6.37758e-1,7.13760e-1,2.84136e-1,0,0,0,0,0,9.50223e+1,1.84229e+2,7.52067e-3,0,0,0,0,0,4.80071e+2
"Central Europe","ALB","Albania",9.62964e-4,4.14492e-3,5.00741e-2,0,1.66984e-1,0,0,0,1.39781e+1,2.46228e+0,1.49319e+1,0,0,0,0,0,0,1.94790e-1,0,0,0,0,0,0,0,0,0,0,0,0,0,0,0,3.90128e+1,5.80529e+0,1.99896e+0,0,0,0,0,0,1.86067e-1,0,8.07024e-1,0,0,0,0,0,1.26632e+0,3.09764e+0,1.96090e-2,0,0,0,0,0,8.39829e+1
"Central Europe","BGR","Bulgaria",1.62017e-1,1.26944e-2,4.30990e-1,0,2.06224e+0,2.42834e-3,0,0,2.26148e+1,3.29139e+1,3.35439e+0,0,0,0,0,0,9.96572e-2,6.09238e-1,0,0,0,0,0,0,0,0,0,0,0,0,0,0,0,1.86811e+2,2.84320e+1,6.84904e+0,0,0,0,0,0,1.98534e+0,0,1.85614e+0,0,0,0,0,0,1.42795e+2,4.23377e+1,0,0,0,0,0,0,4.73329e+2
"Central Europe","BIH","Bosnia and Herzegovina",2.66170e-2,0,1.46216e-1,0,3.73644e-1,0,0,0,1.82117e+1,4.39246e+1,2.92930e-1,0,0,0,0,0,5.72800e-5,5.27672e-2,0,0,0,0,0,0,0,0,0,0,0,0,0,0,0,7.10221e+1,1.02467e+1,0,0,0,0,0,0,4.04793e-1,0,0,0,0,0,0,0,1.41937e+0,4.98544e+0,2.18113e-2,0,0,0,0,0,1.51129e+2
"Central Europe","CYP","Cyprus",0,0,1.54493e-2,0,1.81267e-1,0,0,0,2.24412e-1,1.09150e-1,0,0,0,0,0,0,0,0,0,0,0,0,0,0,0,0,0,0,0,0,0,0,0,7.65801e+0,2.51086e+0,0,0,0,0,0,0,2.33506e-2,0,0,0,0,0,0,0,2.75552e+0,2.73875e+0,0,0,0,0,0,0,1.62168e+1
"Central Europe","CZE","Czech Republic",2.52616e-1,2.93912e-2,5.33246e+0,0,1.69355e+0,5.98712e-3,0,0,1.48360e+2,3.00542e+2,4.22996e+0,0,0,0,0,0,2.81879e-1,4.71450e-1,0,0,0,0,0,0,0,0,0,0,0,0,0,0,0,2.66141e+2,4.75922e+1,0,0,0,0,0,0,2.19412e+0,0,5.02392e+0,0,0,0,0,0,3.95813e+1,3.36612e+1,0,0,0,0,0,0,8.55393e+2
"Central Europe","EST","Estonia",2.64983e-1,0,2.90664e-1,0,3.41976e-1,2.35506e-1,4.22428e-3,0,6.60157e+0,1.93905e+1,2.81049e+0,0,0,0,0,0,0,0,0,0,0,0,0,0,0,0,0,0,0,0,0,0,0,4.87372e+1,1.00215e+1,1.82774e+0,0,0,0,0,0,1.97109e-1,0,0,0,0,0,0,0,8.97014e+0,5.46975e+0,0,0,0,0,0,0,1.05163e+2
"Central Europe","HRV","Croatia",1.43149e-2,2.26341e-2,7.96429e-2,0,6.56076e-1,1.08019e-2,0,0,1.05253e+1,5.49718e+0,1.55443e+1,0,0,0,0,0,4.67935e-3,4.83968e+0,0,0,0,0,0,0,0,0,0,0,0,0,0,0,0,7.21575e+1,1.23777e+1,0,0,0,0,0,0,8.04644e-1,0,1.08646e+0,0,0,0,0,0,7.68617e+0,1.08631e+1,0,0,0,0,0,0,1.42170e+2
"Central Europe","HUN","Hungary",1.76336e-1,8.85882e-3,6.17571e-1,0,1.02779e+0,6.14413e-2,4.13238e-2,0,3.92167e+1,4.70392e+1,4.90109e+1,0,0,0,0,0,1.05900e-3,2.31055e-1,0,0,0,0,0,0,0,0,0,0,0,0,0,0,0,2.15668e+2,5.32323e+1,9.31788e+0,0,0,0,0,0,2.29697e+0,0,1.62622e+0,0,0,0,0,0,4.05787e+1,3.48240e+1,0,0,0,0,0,0,4.94977e+2
"Central Europe","LTU","Lithuania",3.83220e-2,1.21839e-2,4.42178e+0,0,6.99475e-1,2.11904e-2,3.01734e-3,0,1.16741e+1,2.07570e-2,4.06500e+0,0,0,0,0,0,2.82141e-2,0,0,0,0,0,0,0,0,0,0,0,0,0,0,0,0,1.44646e+2,2.68522e+1,0,0,0,0,0,0,7.75357e-1,0,1.35094e+0,0,0,0,0,0,1.52968e+1,8.37285e+0,3.85314e-4,0,0,0,0,0,2.18278e+2
"Central Europe","LVA","Latvia",5.45622e-2,0,1.09278e+0,0,5.35653e-1,3.16950e-2,1.15017e-2,0,2.15256e+1,1.31979e-1,6.32130e+0,0,0,0,0,0,0,0,0,0,0,0,0,0,0,0,0,0,0,0,0,0,0,9.63056e+1,1.55958e+1,0,0,0,0,0,0,4.14667e-1,0,2.09930e-1,0,0,0,0,0,1.02740e+1,5.71945e+0,0,0,0,0,0,0,1.58225e+2
"Central Europe","MKD","Macedonia, the former Yugoslav Republic of",1.67565e-2,0,5.32735e-2,0,1.49201e-1,0,0,0,6.34175e+0,3.34592e+0,1.88079e+1,0,0,0,0,0,1.48570e-4,4.10401e+0,0,0,0,0,0,0,0,0,0,0,0,0,0,0,0,5.10879e+1,4.80229e+0,3.07809e+0,0,0,0,0,0,2.83878e-1,0,5.87496e-1,0,0,0,0,0,1.63396e+0,2.50397e+0,2.85056e-2,0,0,0,0,0,9.68250e+1
"Central Europe","MLT","Malta",0,0,0,0,6.05336e-2,0,0,0,1.33977e-2,0,0,0,0,0,0,0,0,0,0,0,0,0,0,0,0,0,0,0,0,0,0,0,0,9.72397e-1,4.75174e-1,0,0,0,0,0,0,1.10335e-3,0,0,0,0,0,0,0,2.69309e+0,4.31543e-1,0,0,0,0,0,0,4.64724e+0
"Central Europe","POL","Poland",1.69178e+0,1.47971e-1,3.28638e+0,0,3.35515e+0,4.11139e-1,6.03736e-2,0,2.17774e+2,2.98102e+3,7.72788e+1,0,0,0,0,0,2.37134e-1,2.38441e+0,0,0,0,0,0,0,0,0,0,0,0,0,0,0,0,8.80186e+2,1.65866e+2,0,0,0,0,0,0,6.08029e+0,0,3.44592e+0,0,0,0,0,0,1.75776e+2,1.08007e+2,3.13109e-1,0,0,0,0,0,4.62732e+3
"Central Europe","ROU","Romania",5.85741e-1,3.53780e-2,8.28693e-1,0,2.95614e+0,3.76812e-3,0,0,5.69775e+1,7.75111e+1,7.16094e+2,0,0,0,0,0,5.71399e-1,2.00400e+0,0,0,0,0,0,0,0,0,0,0,0,0,0,0,0,4.71909e+2,7.69490e+1,1.11098e+1,0,0,0,0,0,3.58331e+0,0,0,0,0,0,0,0,3.75897e+1,8.53175e+1,7.78575e-3,0,0,0,0,0,1.54403e+3
"Central Europe","SCG","Serbia and Montenegro",1.06288e-1,0,2.39533e-1,0,7.23177e-1,0,0,0,4.04111e+1,3.34985e+1,5.07904e+1,0,0,0,0,0,2.39719e-2,1.14520e-1,0,0,0,0,0,0,0,0,0,0,0,0,0,0,0,2.51865e+2,4.13897e+1,0,0,0,0,0,0,2.62707e+0,0,0,0,0,0,0,0,4.89015e+0,3.29180e+1,8.09048e-2,0,0,0,0,0,4.59678e+2
"Central Europe","SVK","Slovakia",5.07440e-2,1.84726e-2,8.83624e-1,0,8.89867e-1,0,0,0,1.49421e+1,7.64554e+0,2.08099e+1,0,0,0,0,0,3.23383e-2,1.73106e+0,0,0,0,0,0,0,0,0,0,0,0,0,0,0,0,1.17648e+2,2.26574e+1,0,0,0,0,0,0,1.27950e+0,0,4.78272e-1,0,0,0,0,0,1.18448e+1,1.69190e+1,0,0,0,0,0,0,2.17831e+2
"Central Europe","SVN","Slovenia",0,1.15946e-3,9.08031e-3,0,6.97233e-1,0,0,0,6.88589e+0,1.24070e+1,2.74854e-1,0,0,0,0,0,2.86813e-1,6.11380e-1,0,0,0,0,0,0,0,0,0,0,0,0,0,0,0,5.51794e+1,8.88671e+0,0,0,0,0,0,0,1.74850e-1,0,0,0,0,0,0,0,7.86332e+0,6.65576e+0,0,0,0,0,0,0,9.99334e+1
"Turkey","TUR","Turkey",3.71592e-2,1.32727e-2,2.22487e-1,7.11755e-4,1.34034e+0,7.45515e-2,7.56136e-2,0,9.24502e+1,7.91342e+1,7.89473e+0,0,0,0,0,0,2.96983e-1,3.22318e-1,0,0,0,0,0,0,0,0,0,0,0,0,0,0,0,9.30034e+2,1.51060e+2,3.74009e+1,0,0,0,0,0,1.77791e+1,0,1.36877e+0,0,0,0,0,0,8.02539e+1,1.61631e+2,0,0,0,0,0,0,1.56139e+3
"Ukraine +","BLR","Belarus",1.15063e-1,1.46219e-2,2.01491e+0,0,1.03850e+0,9.71880e-2,1.93110e-2,4.31412e-4,8.26225e+0,6.35660e-2,1.05892e+1,0,0,0,0,0,1.61370e-2,0,0,0,0,0,0,0,0,0,0,0,0,0,0,0,0,4.27878e+2,5.98295e+1,0,0,0,0,0,0,1.93094e+0,0,2.12102e-2,0,0,0,0,0,4.45689e+1,2.09278e+1,0,0,0,0,0,0,5.77388e+2
"Ukraine +","MDA","Moldova, Republic of",3.48831e-2,0,3.31766e-1,0,4.55408e-1,0,0,0,4.81154e+0,3.81100e-3,3.78273e+0,0,0,0,0,0,0,0,0,0,0,0,0,0,0,0,0,0,0,0,0,0,0,6.77328e+1,7.04043e+0,0,0,0,0,0,0,8.20956e-1,0,4.30320e-2,0,0,0,0,0,1.80681e+0,1.15877e+1,3.25753e-2,0,0,0,0,0,9.84845e+1
"Ukraine +","UKR","Ukraine",8.36825e-1,5.42879e-1,1.53952e+0,0,4.14462e+0,1.45073e-1,0,5.15538e-2,6.31388e+1,7.45159e+2,5.63508e+2,0,0,0,0,0,8.60142e-1,1.24398e+1,0,0,0,0,0,0,0,0,0,0,0,0,0,0,0,1.59459e+3,2.86881e+2,7.53684e+0,0,0,0,0,0,1.47011e+1,0,8.82120e-1,0,0,0,0,0,1.35025e+2,1.08571e+2,0,0,0,0,0,0,3.54055e+3
"Asia-Stan","KAZ","Kazakhstan",3.02596e-1,1.86978e-1,2.74925e-1,0,1.26722e+0,8.43994e-2,4.22428e-3,0,5.45978e+0,1.82185e+3,2.31018e+2,0,0,0,0,0,1.04340e-2,3.88480e+0,0,0,0,0,0,0,0,0,0,0,0,0,0,0,0,8.74649e+2,7.09083e+1,2.54516e+1,0,0,0,0,0,1.21345e+1,1.79400e+1,1.01959e+2,0,0,0,0,0,4.32204e+1,3.88413e+1,0,0,0,0,0,0,3.24944e+3
"Asia-Stan","KGZ","Kyrgyzstan",1.39664e-2,0,4.84344e-1,0,4.87792e-1,0,0,0,2.64108e-1,2.28212e+1,1.61125e+0,0,0,0,0,0,0,0,0,0,0,0,0,0,0,0,0,0,0,0,0,0,0,1.60412e+2,8.20324e+0,4.12300e-1,0,0,0,0,0,5.30114e-1,7.29264e-2,4.21512e+0,0,0,0,0,0,2.47819e+0,1.51899e+1,0,0,0,0,0,0,2.17197e+2
"Asia-Stan","TJK","Tajikistan",6.14343e-3,0,0,0,4.36817e-1,0,0,0,9.16915e-2,8.33334e+0,3.69386e+0,0,0,0,0,0,0,0,0,0,0,0,0,0,0,0,0,0,0,0,0,0,0,9.74429e+1,8.52526e+0,2.17647e+0,0,0,0,0,0,1.36770e-1,0,3.52992e-2,0,0,0,0,0,2.59723e+0,1.05435e+1,0,0,0,0,0,0,1.34019e+2
"Asia-Stan","TKM","Turkmenistan",4.03321e-2,1.49912e-1,0,0,4.38406e-1,0,0,0,8.41590e-1,0,3.85455e+2,0,0,0,0,0,1.23415e-3,0,0,0,0,0,0,0,0,0,0,0,0,0,0,0,0,9.39807e+1,1.08126e+1,6.10521e+0,0,0,0,0,0,2.94721e-1,1.73832e-2,1.38533e-1,0,0,0,0,0,3.62004e+0,1.33781e+1,0,0,0,0,0,0,5.15274e+2
"Asia-Stan","UZB","Uzbekistan",2.15897e-1,1.34455e-1,0,0,1.23690e+0,0,0,0,2.45831e+0,8.65510e+0,2.42521e+2,0,0,0,0,0,0,0,0,0,0,0,0,0,0,0,0,0,0,0,0,0,0,3.99883e+2,3.56595e+1,3.96046e+1,0,0,0,0,0,8.02470e-1,1.69190e-2,6.18192e-1,0,0,0,0,0,9.32119e+0,6.03385e+1,0,0,0,0,0,0,8.01465e+2
"Russia +","ARM","Armenia",7.73338e-3,0,3.51898e-3,0,3.94143e-1,0,0,0,1.35322e-1,0,8.31991e+0,0,0,0,0,0,0,0,0,0,0,0,0,0,0,0,0,0,0,0,0,0,0,4.03831e+1,5.70331e+0,0,0,0,0,0,0,1.11686e-1,0,2.99760e-2,0,0,0,0,0,4.05067e+0,3.62150e+0,0,0,0,0,0,0,6.27608e+1
"Russia +","AZE","Azerbaijan",4.17151e-2,1.12007e-2,1.01834e-1,0,6.08574e-1,0,0,0,2.05987e-1,0,9.44600e+1,0,0,0,0,0,1.04910e-2,0,0,0,0,0,0,0,0,0,0,0,0,0,0,0,0,1.46324e+2,2.07226e+1,3.11107e-1,0,0,0,0,0,5.36273e-1,0,3.05616e-2,0,0,0,0,0,9.35232e+0,3.19348e+1,0,0,0,0,0,0,3.04651e+2
"Russia +","GEO","Georgia",2.14243e-2,0,3.28415e-1,0,2.72522e-1,5.41262e-1,0,0,1.57603e+1,9.15019e+0,1.19457e+1,0,0,0,0,0,0,2.53208e+0,0,0,0,0,0,0,0,0,0,0,0,0,0,0,0,8.09752e+1,2.00510e+1,0,0,0,0,0,0,1.91488e-1,0,8.98464e-2,0,0,0,0,0,9.74559e+0,1.47198e+1,0,0,0,0,0,0,1.66325e+2
"Russia +","RUS","Russian Federation",5.17760e+0,9.07552e-1,1.34396e+1,0,1.99851e+1,1.64929e+0,2.44037e+0,2.16305e-1,2.98885e+2,3.59882e+3,5.85986e+3,0,0,0,0,0,2.99309e+0,1.10560e+1,0,0,0,0,0,0,0,0,0,0,0,0,0,0,0,3.96603e+3,5.97000e+2,8.27353e+1,0,0,0,0,0,4.01927e+1,5.53344e+1,2.08906e+2,0,0,0,0,0,5.90429e+2,7.62789e+2,0,0,0,0,0,0,1.61188e+4
"Middle_East","ARE","United Arab Emirates",2.67955e-3,0,3.39968e-2,0,1.20725e-1,0,0,0,1.29555e-2,1.32090e-2,6.03256e+2,0,0,0,0,0,0,0,0,0,0,0,0,0,0,0,0,0,0,0,0,0,0,7.12023e+0,3.56738e-1,0,0,0,0,0,0,0,0,0,0,0,0,0,0,1.21065e+0,8.72036e-1,0,0,0,0,0,0,6.13000e+2
"Middle_East","BHR","Bahrain",2.17714e-2,9.07282e-2,7.53624e-3,0,3.87459e-2,0,0,0,5.23350e-3,4.36600e-3,3.53358e+1,0,0,0,0,0,0,0,0,0,0,0,0,0,0,0,0,0,0,0,0,0,0,2.91256e-1,9.35300e-3,0,0,0,0,0,0,6.80400e-7,0,0,0,0,0,0,0,9.39210e-1,9.43217e-1,0,0,0,0,0,0,3.76872e+1
"Middle_East","IRN","Iran, Islamic Republic of",8.66038e-2,1.19789e-1,4.40409e-1,0,1.81307e+0,0,0,0,4.56909e+0,9.39420e+0,1.70170e+3,0,0,0,0,0,3.54366e-3,0,0,0,0,0,0,0,0,0,0,0,0,0,0,0,0,4.30815e+2,1.75979e+1,1.43364e+2,0,0,0,0,0,0,0,8.41536e-3,0,0,0,0,0,3.78021e+1,1.29089e+2,0,0,0,0,0,0,2.47681e+3
"Middle_East","IRQ","Iraq",1.97198e-2,1.79614e-2,7.28504e-2,0,6.53402e-1,0,0,0,4.44429e-1,7.64050e-1,6.59810e+2,0,0,0,0,0,0,0,0,0,0,0,0,0,0,0,0,0,0,0,0,0,0,1.73855e+2,7.52148e+0,2.84452e+1,0,0,0,0,0,1.47627e+0,0,9.08832e-1,0,0,0,0,0,2.40788e+1,3.91666e+1,0,0,0,0,0,0,9.37234e+2
"Middle_East","ISR","Israel",8.53688e-3,5.22513e-3,9.39517e-2,0,7.51623e-1,1.39002e-3,0,0,2.58116e-1,0,1.60866e+1,0,0,0,0,0,1.14620e-1,0,0,0,0,0,0,0,0,0,0,0,0,0,0,0,0,1.85560e+1,8.98712e-1,0,0,0,0,0,0,1.25502e-1,0,0,0,0,0,0,0,1.25152e+1,1.25400e+1,0,0,0,0,0,0,6.19554e+1
"Middle_East","JOR","Jordan",2.51208e-4,3.89373e-3,5.90339e-3,0,1.49840e-1,0,0,0,2.19850e-1,6.06208e-1,1.52485e-1,0,0,0,0,0,0,0,0,0,0,0,0,0,0,0,0,0,0,0,0,0,0,7.62417e+0,5.11694e-1,0,0,0,0,0,0,9.48128e-2,0,0,0,0,0,0,0,2.18731e+0,5.67294e+0,0,0,0,0,0,0,1.72294e+1
"Middle_East","KWT","Kuwait",4.70669e-2,4.10223e-1,8.08472e-2,0,6.23363e-1,0,0,0,4.04026e-1,3.08950e-2,1.03278e+3,0,0,0,0,0,0,0,0,0,0,0,0,0,0,0,0,0,0,0,0,0,0,1.51225e+0,5.18650e-2,0,0,0,0,0,0,4.23554e-6,0,0,0,0,0,0,0,4.15702e+0,3.25028e+0,0,0,0,0,0,0,1.04335e+3
"Middle_East","LBN","Lebanon",0,3.38294e-3,5.71499e-2,0,5.05390e-1,0,0,0,1.11820e+0,1.30980e+0,6.94451e-1,0,0,0,0,0,0,0,0,0,0,0,0,0,0,0,0,0,0,0,0,0,0,7.33842e+0,4.14015e-1,0,0,0,0,0,0,5.32929e-2,0,0,0,0,0,0,0,3.98931e+0,1.04877e+1,0,0,0,0,0,0,2.59712e+1
"Middle_East","OMN","Oman",5.02416e-4,0,7.53624e-4,0,3.97320e-2,0,0,0,5.80049e-2,5.04310e-2,2.10446e+2,0,0,0,0,0,0,0,0,0,0,0,0,0,0,0,0,0,0,0,0,0,0,4.05809e+0,1.79865e-1,0,0,0,0,0,0,3.12724e-3,0,0,0,0,0,0,0,2.17680e-1,2.63477e+0,0,0,0,0,0,0,2.17689e+2
"Middle_East","QAT","Qatar",2.21063e-2,1.25604e-4,1.45282e-2,0,5.04377e-2,0,0,0,2.85982e-2,6.54900e-3,2.24478e+2,0,0,0,0,0,2.71590e-2,0,0,0,0,0,0,0,0,0,0,0,0,0,0,0,0,9.45623e-1,4.71020e-2,0,0,0,0,0,0,0,0,0,0,0,0,0,0,9.21485e-1,8.86314e-1,0,0,0,0,0,0,2.27428e+2
"Middle_East","SAU","Saudi Arabia",6.85798e-2,2.51876e-1,7.62417e-2,1.10770e-3,7.18085e-1,0,0,0,7.87118e-2,3.62711e-1,1.44193e+3,0,0,0,0,0,2.46330e+0,0,0,0,0,0,0,0,0,0,0,0,0,0,0,0,0,2.76364e+1,1.19301e+0,3.79269e-1,0,0,0,0,0,3.32710e-1,0,0,0,0,0,0,0,1.20410e+1,2.38907e+1,0,0,0,0,0,0,1.51142e+3
"Middle_East","SYR","Syrian Arab Republic",3.76812e-3,2.84703e-3,6.49791e-2,0,3.94131e-1,0,0,0,1.96306e+0,5.14300e-3,2.14046e+1,0,0,0,0,0,0,0,0,0,0,0,0,0,0,0,0,0,0,0,0,0,0,5.80947e+1,2.26700e+0,2.48801e-1,0,0,0,0,0,1.05853e+0,0,1.32211e-1,0,0,0,0,0,6.50922e+0,2.33274e+1,0,0,0,0,0,0,1.15476e+2
"Middle_East","YEM","Yemen",8.79228e-4,7.03385e-3,0,0,2.66137e-1,0,0,0,2.43755e+0,3.49280e+0,1.25142e+0,0,0,0,0,0,0,0,0,0,0,0,0,0,0,0,0,0,0,0,0,0,0,6.67676e+1,2.96961e+0,0,0,0,0,0,0,9.25275e-1,0,0,0,0,0,0,0,9.50516e-1,2.59154e+1,0,0,0,0,0,0,1.04984e+2
"India +","AFG","Afghanistan",4.30173e-4,0,5.88801e-2,0,1.06178e-1,0,7.43491e-4,0,9.36660e+0,5.43369e+0,4.05801e+1,0,0,0,0,0,0,0,0,0,0,0,0,0,0,0,0,0,0,0,0,0,0,2.85268e+2,1.56718e+1,7.28345e+1,0,0,0,0,0,6.07150e-1,0,0,0,0,0,0,0,2.84992e+0,5.30326e+1,0,0,0,0,0,0,4.85811e+2
"India +","BGD","Bangladesh",2.49174e-2,3.80999e-3,6.09180e-2,0,1.23040e-1,1.39002e-3,4.68921e-3,0,1.26979e+2,1.57602e+1,9.12574e+0,0,0,0,0,0,0,0,0,0,0,0,0,0,0,0,0,0,0,0,0,0,0,6.75690e+2,6.72679e+1,3.13124e+3,0,0,0,0,2.44224e-1,9.46919e+0,1.83831e+1,0,0,0,0,0,0,1.81371e+1,2.75336e+2,0,0,0,0,0,0,4.34785e+3
"India +","BTN","Bhutan",1.45470e-6,0,4.87533e-3,0,2.11257e-4,0,1.92500e-6,0,1.10422e+1,3.69092e-1,0,0,0,0,0,0,0,0,0,0,0,0,0,0,0,0,0,0,0,0,0,0,0,8.22865e+0,8.72234e-1,8.29304e+0,0,0,0,0,0,1.90750e-1,0,0,0,0,0,0,0,1.32471e-1,4.12420e+0,0,0,0,0,0,0,3.32577e+1
"India +","IND","India",2.84477e-1,1.22869e-1,4.34079e+0,0,5.72595e+0,7.45020e-1,8.73367e-2,0,1.16640e+3,8.13120e+2,5.25768e+1,0,0,0,0,0,2.40207e-1,3.34652e+0,0,0,0,0,0,0,0,0,0,0,0,0,0,0,0,8.51019e+3,7.55915e+2,5.13817e+3,0,0,0,0,2.55288e+1,1.57595e+2,6.98496e+1,5.11128e-1,0,0,0,0,0,2.24160e+2,1.99414e+3,0,0,3.94200e+1,0,0,0,1.89625e+4
"India +","IOT","British Indian Ocean Territory",0,0,0,0,0,0,0,0,0,0,0,0,0,0,0,0,0,0,0,0,0,0,0,0,0,0,0,0,0,0,0,0,0,0,0,0,0,0,0,0,0,0,0,0,0,0,0,0,0,0,0,0,0,0,0,0,0,0,
"India +","LKA","Sri Lanka",1.13044e-4,2.31949e-3,5.33105e-1,3.97746e-4,3.46178e-1,3.64880e-3,8.79228e-4,0,2.30665e+1,9.79020e-2,4.10871e-1,0,0,0,0,0,0,0,0,0,0,0,0,0,0,0,0,0,0,0,0,0,0,1.02093e+2,8.65202e+0,3.31533e+2,0,0,0,0,1.57243e-1,1.50775e-1,1.65532e+0,0,0,0,0,0,0,1.44029e+1,5.68002e+1,0,0,0,0,0,0,5.39907e+2
"India +","MDV","Maldives",1.32312e-5,0,6.12720e-4,0,5.23235e-4,0,1.35240e-5,0,3.63706e-3,3.82210e-2,0,0,0,0,0,0,0,0,0,0,0,0,0,0,0,0,0,0,0,0,0,0,0,0,0,0,0,0,0,0,0,5.66304e-3,0,0,0,0,0,0,0,1.13738e-1,4.61427e-1,0,0,0,0,0,0,6.23848e-1
"India +","NPL","Nepal",5.14976e-4,0,9.21096e-3,0,3.89684e-2,0,0,0,4.54403e+1,3.21981e+0,0,0,0,0,0,0,0,0,0,0,0,0,0,0,0,0,0,0,0,0,0,0,0,2.52214e+2,2.09896e+1,4.46852e+2,0,0,0,0,7.83168e-1,5.78684e+0,3.49683e-1,0,0,0,0,0,0,6.07014e-1,5.05867e+1,0,0,0,0,0,0,8.26878e+2
"India +","PAK","Pakistan",6.11616e-2,4.12117e-3,2.67076e-1,0,7.43481e-1,3.00591e-2,0,0,8.64081e+1,2.33331e+1,1.55399e+2,0,0,0,0,0,0,0,0,0,0,0,0,0,0,0,0,0,0,0,0,0,0,1.22820e+3,9.09262e+1,8.19318e+2,0,0,0,0,1.24584e+0,5.23948e+0,8.29124e-2,9.33528e-2,0,0,0,0,0,2.95320e+1,2.49737e+2,0,0,0,0,0,0,2.69062e+3
"Korea","KOR","Korea, Republic of",9.79875e-3,2.52447e-2,6.89315e-1,0,1.08152e+0,2.42834e-3,6.27183e-2,1.43063e-1,6.84791e+1,2.01315e+2,3.08483e+0,0,0,0,0,0,9.85005e-2,7.73647e-1,0,0,0,0,0,0,0,0,0,0,0,0,0,0,0,7.74307e+1,4.11375e+0,7.08823e+2,0,0,0,0,0,9.57145e-1,0,3.10896e-1,0,0,0,0,0,1.80436e+1,1.50210e+2,0,0,0,0,0,0,1.23565e+3
"Korea","PRK","Korea, Democratic People's Republic of",7.19333e-2,0,3.55371e+0,0,5.13388e-1,0,0,0,5.05976e+1,2.67040e+2,9.54591e-4,0,0,0,0,0,0,9.82478e-1,0,0,0,0,0,0,0,0,0,0,0,0,0,0,0,4.38019e+1,5.28897e+0,2.21328e+2,0,0,0,0,0,2.56507e+0,0,3.62088e+1,0,0,0,0,0,9.33918e+0,7.32333e+1,7.26108e-2,0,0,0,0,0,7.14597e+2
"China +","CHN","China",8.92619e-1,2.45306e-1,3.61056e+1,0,5.47540e+0,5.36664e-1,0,2.93076e-1,2.58026e+3,4.38475e+3,2.33002e+2,0,0,0,0,0,3.36708e+0,1.29055e+1,0,0,0,0,0,0,0,0,0,0,0,0,0,0,0,4.44262e+3,5.56884e+2,2.09860e+4,0,0,0,0,5.88000e+0,8.12953e+0,1.29712e+1,6.55920e+1,0,0,0,0,0,3.58213e+2,3.40820e+3,2.34705e+0,0,9.00000e+1,0,0,0,3.71947e+4
"China +","HKG","Hong Kong",3.76812e-5,0,1.01362e-1,0,1.91956e-1,0,4.33752e-2,0,2.88052e-1,0,3.56209e-1,0,0,0,0,0,0,0,0,0,0,0,0,0,0,0,0,0,0,0,0,0,0,0,0,0,0,0,0,0,0,0,0,0,0,0,0,0,0,1.48187e+1,1.76596e+1,7.81300e-2,0,0,0,0,0,3.35374e+1
"China +","MAC","Macao",3.29283e-5,0,1.13143e-3,0,6.33521e-3,0,1.32090e-4,0,2.57959e-2,0,0,0,0,0,0,0,0,0,0,0,0,0,0,0,0,0,0,0,0,0,0,0,0,0,0,0,0,0,0,0,0,0,0,0,0,0,0,0,0,1.17679e+0,1.11055e+0,6.40193e-3,0,0,0,0,0,2.32717e+0
"China +","MNG","Mongolia",7.01344e-4,0,4.61575e-2,0,2.22033e-1,0,1.88148e-3,0,7.26281e+0,7.11138e+0,0,0,0,0,0,0,0,0,0,0,0,0,0,0,0,0,0,0,0,0,0,0,0,2.49773e+2,1.16128e+1,0,0,0,0,0,0,6.81274e-2,4.48267e-1,3.77544e+1,0,0,0,0,0,7.66603e-1,5.61645e+0,8.38402e-3,0,0,0,0,0,3.20693e+2
"China +","TWN","Taiwan_Province of China",4.54614e-2,2.63688e-2,9.64908e-1,0,7.13003e-1,1.68058e-2,2.93076e-3,0,3.54289e+0,5.76491e+1,1.78282e+1,0,0,0,0,0,0,6.59055e-1,0,0,0,0,0,0,0,0,0,0,0,0,0,0,0,1.45505e+1,3.23664e+1,0,0,0,0,0,0,0,0,0,0,0,0,0,0,2.32024e+1,7.83274e+1,1.41793e-1,0,0,0,0,0,2.30037e+2
"Southeastern Asia","BRN","Brunei Darussalam",1.63704e-2,0,2.76329e-3,0,4.14628e-2,0,0,0,4.86612e-2,1.02490e-2,5.43766e+1,0,0,0,0,0,0,0,0,0,0,0,0,0,0,0,0,0,0,0,0,0,0,1.02473e+0,1.26384e-1,1.37169e+0,0,0,0,0,0,3.27322e-2,1.87020e+1,0,0,0,0,0,0,5.16145e-1,6.06647e-1,1.92397e-2,0,0,0,0,0,7.68957e+1
"Southeastern Asia","KHM","Cambodia",4.12470e-6,0,2.49095e-2,0,2.41009e-3,0,2.49480e-5,0,5.67035e+1,1.42920e+0,0,0,0,0,0,0,0,0,0,0,0,0,0,0,0,0,0,0,0,0,0,0,0,1.57443e+2,1.61058e+1,6.28425e+2,0,0,0,0,4.56408e+1,2.00525e+1,0,0,0,0,0,0,0,2.18707e+0,2.84110e+1,7.24256e-2,0,0,0,0,0,9.56498e+2
"Southeastern Asia","LAO","Lao People's Democratic Republic",8.40501e-5,0,1.22094e-2,0,1.91847e-2,0,1.83848e-4,0,2.10693e+1,8.39728e-1,0,0,0,0,0,0,0,0,0,0,0,0,0,0,0,0,0,0,0,0,0,0,0,5.81772e+1,7.67970e+0,1.34721e+2,0,0,0,0,6.15816e+1,5.22881e+0,3.05510e+1,0,0,0,0,0,0,5.88888e-1,1.17113e+1,0,0,0,0,0,0,3.32180e+2
"Southeastern Asia","MMR","Myanmar",6.67869e-3,3.47402e-3,9.61708e-2,0,3.05989e-1,0,0,0,5.75882e+1,4.19695e+1,1.26061e+1,0,0,0,0,0,0,0,0,0,0,0,0,0,0,0,0,0,0,0,0,0,0,4.06635e+2,3.28844e+1,1.47773e+3,0,0,0,0,4.35864e+1,4.11436e+1,1.33702e+3,0,0,0,0,0,0,1.31515e+1,1.18812e+2,0,0,0,0,0,0,3.58354e+3
"Southeastern Asia","MYS","Malaysia",1.38708e-3,2.97263e-3,2.47691e-1,0,1.16618e+0,0,0,0,2.50155e+1,2.55411e+1,1.40840e+1,0,0,0,0,0,9.90000e-4,0,0,0,0,0,0,0,0,0,0,0,0,0,0,0,0,3.49672e+1,9.48411e+0,2.94301e+2,0,0,0,0,3.46560e+1,7.00178e+0,1.65036e+2,0,0,0,0,0,0,1.35994e+1,5.64186e+1,2.21647e-1,0,0,0,0,0,6.81746e+2
"Southeastern Asia","PHL","Philippines",6.09173e-2,5.73191e-2,1.83185e+0,2.72141e-4,1.72623e+0,0,1.16351e-1,0,8.28676e+1,5.99170e+1,2.38556e+0,0,0,0,0,0,1.51281e-2,4.98461e-1,0,0,0,0,0,0,0,0,0,0,0,0,0,0,0,3.51457e+2,5.17326e+1,1.24180e+3,0,0,0,0,5.14944e+0,3.99609e+1,7.45076e+0,0,0,0,0,0,0,3.84511e+1,1.72173e+2,0,0,0,0,0,0,2.05765e+3
"Southeastern Asia","SGP","Singapore",3.99496e-5,1.72180e-2,9.50402e-3,0,3.21315e-1,0,0,0,4.30494e-2,3.27450e+0,7.51725e+0,0,0,0,0,0,0,0,0,0,0,0,0,0,0,0,0,0,0,0,0,0,0,1.50792e+0,2.98349e+0,0,0,0,0,0,9.73968e-1,9.90698e-4,0,0,0,0,0,0,0,2.91955e+0,1.00141e+1,1.75727e+0,0,0,0,0,0,3.13402e+1
"Southeastern Asia","THA","Thailand",1.06747e-2,2.25490e-2,1.81279e+0,0,1.46536e+0,0,7.91308e-3,0,1.06743e+2,2.51901e+2,1.45715e+0,0,0,0,0,0,0,0,0,0,0,0,0,0,0,0,0,0,0,0,0,0,0,6.23948e+2,5.20834e+1,2.05841e+3,0,0,0,0,5.40936e+1,3.73961e+1,1.85973e+1,0,0,0,0,0,0,4.38479e+1,1.49674e+2,6.00774e-1,0,0,0,0,0,3.40207e+3
"Southeastern Asia","TLS","Timor-Leste",0,0,2.18862e-3,0,0,0,0,0,1.50697e-1,0,0,0,0,0,0,0,0,0,0,0,0,0,0,0,0,0,0,0,0,0,0,0,0,1.29573e+1,1.17534e+0,2.77509e+0,0,0,0,0,0,2.22493e-1,0,0,0,0,0,0,0,9.97063e-2,2.21199e+0,3.04216e-3,0,0,0,0,0,1.95978e+1
"Southeastern Asia","VNM","Viet Nam",1.38332e-2,0,0,0,1.67640e+0,0,0,0,1.30692e+2,6.90927e+1,1.22382e+1,0,0,0,0,0,0,0,0,0,0,0,0,0,0,0,0,0,0,0,0,0,0,2.14957e+2,6.21884e+1,1.81792e+3,0,0,0,0,2.10185e+1,3.28366e+1,9.02224e-1,0,0,0,0,0,0,2.02078e+1,1.94584e+2,0,0,0,0,0,0,2.57833e+3
"Indonesia +","IDN","Indonesia",1.69362e-2,6.23008e-2,2.08628e-1,2.03059e-3,2.23398e+0,2.59582e-3,1.17230e-2,0,7.30381e+2,9.79079e+1,2.31975e+2,0,0,0,0,0,2.21082e-2,0,0,0,0,0,0,0,0,0,0,0,0,0,0,0,0,6.12562e+2,3.82110e+1,2.82015e+3,0,0,0,0,1.62072e+1,9.63118e+1,7.31544e+1,0,7.28499e+2,0,0,0,0,8.64645e+1,4.96087e+2,1.19513e+0,0,0,0,0,0,6.03166e+3
"Indonesia +","PNG","Papua New Guinea",8.80400e-4,0,1.33801e-2,0,2.40845e-2,0,9.76402e-4,0,1.47811e+1,2.52673e-1,0,0,0,0,0,0,0,0,0,0,0,0,0,0,0,0,0,0,0,0,0,0,0,4.73021e+0,3.02973e+0,2.29936e-1,0,0,0,0,4.71888e+0,2.24939e-1,9.13920e+0,0,0,0,0,0,0,6.58353e-1,7.28563e+0,3.06279e-2,0,0,0,0,0,4.51206e+1
"Japan","JPN","Japan",1.34255e+0,4.20938e-1,9.01750e+0,2.08293e-2,9.80850e+0,2.80681e-1,9.53083e-1,1.15556e-2,8.09545e+1,1.04133e+3,2.21225e+1,0,0,0,0,0,5.05253e+0,1.23754e+1,0,0,0,0,0,0,0,0,0,0,0,0,0,0,0,3.12644e+2,1.62792e+2,2.38649e+3,0,0,0,0,0,6.97184e-1,7.38768e+0,3.16128e+0,0,0,0,0,0,2.09327e+2,3.80386e+2,2.00550e+2,6.70668e-1,0,0,0,0,4.84780e+3
"Oceania","ASM","American Samoa",0,0,0,0,0,0,0,0,3.91785e-5,0,0,0,0,0,0,0,0,0,0,0,0,0,0,0,0,0,0,0,0,0,0,0,0,2.29382e-2,1.15156e-1,0,0,0,0,0,0,1.78502e-5,0,0,0,0,0,0,0,1.22817e-1,3.05156e-2,0,0,0,0,0,0,2.91484e-1
"Oceania","ATF","French Southern Territories",0,0,0,0,0,0,0,0,0,0,0,0,0,0,0,0,0,0,0,0,0,0,0,0,0,0,0,0,0,0,0,0,0,0,0,0,0,0,0,0,0,0,0,0,0,0,0,0,0,0,0,0,0,0,0,0,0,0,
"Oceania","AUS","Australia",4.92258e-1,6.00489e-2,3.76628e+0,1.33350e-2,1.04467e+1,7.63168e-2,2.54976e-1,0,4.62816e+1,5.56872e+2,3.92298e+1,0,0,0,0,0,2.72700e-3,1.33734e+0,0,0,0,0,0,0,0,0,0,0,0,0,0,0,0,2.79221e+3,2.05435e+2,2.12119e+1,0,0,0,0,3.45960e+2,1.80404e+1,4.19629e+1,8.97504e+1,0,0,0,0,0,2.79784e+2,3.62426e+1,3.59986e-3,0,6.00000e-1,0,0,0,4.49004e+3
"Oceania","CCK","Cocos (Keeling) Islands",0,0,0,0,0,0,0,0,0,0,0,0,0,0,0,0,0,0,0,0,0,0,0,0,0,0,0,0,0,0,0,0,0,0,0,0,0,0,0,0,0,0,0,0,0,0,0,0,0,0,0,0,0,0,0,0,0,0,
"Oceania","COK","Cook Islands",0,0,0,0,0,0,0,0,8.28258e-3,0,0,0,0,0,0,0,0,0,0,0,0,0,0,0,0,0,0,0,0,0,0,0,0,5.52962e-2,3.44033e-2,0,0,0,0,0,0,3.77364e-3,0,0,0,0,0,0,0,0,2.41225e-2,0,0,0,0,0,0,1.25878e-1
"Oceania","CXR","Christmas Island",0,0,0,0,0,0,0,0,0,0,0,0,0,0,0,0,0,0,0,0,0,0,0,0,0,0,0,0,0,0,0,0,0,0,0,0,0,0,0,0,0,0,0,0,0,0,0,0,0,0,0,0,0,0,0,0,0,0,
"Oceania","FJI","Fiji",7.98288e-4,0,3.57244e-3,0,3.87013e-2,0,9.35277e-4,0,7.54938e-1,1.47149e-1,0,0,0,0,0,0,0,0,0,0,0,0,0,0,0,0,0,0,0,0,0,0,0,1.05854e+1,1.58688e+0,4.09611e+0,0,0,0,0,0,2.96106e-1,0,0,0,0,0,0,0,1.05774e+0,1.25534e+0,0,0,0,0,0,0,1.98236e+1
"Oceania","FSM","Micronesia, Federated States of",0,0,0,0,0,0,0,0,0,2.55300e-2,0,0,0,0,0,0,0,0,0,0,0,0,0,0,0,0,0,0,0,0,0,0,0,5.46480e-1,2.10332e-2,1.89635e-2,0,0,0,0,0,0,0,0,0,0,0,0,0,1.15019e-1,6.43138e-2,0,0,0,0,0,0,7.91339e-1
"Oceania","GUM","Guam",0,0,0,0,0,0,0,0,1.87025e-3,0,0,0,0,0,0,0,0,0,0,0,0,0,0,0,0,0,0,0,0,0,0,0,0,3.68437e-1,1.12618e-1,0,0,0,0,0,0,8.52108e-4,0,0,0,0,0,0,0,4.69141e-1,4.79042e-1,0,0,0,0,0,0,1.43196e+0
"Oceania","HMD","Heard Island and McDonald Islands",0,0,0,0,0,0,0,0,0,0,0,0,0,0,0,0,0,0,0,0,0,0,0,0,0,0,0,0,0,0,0,0,0,0,0,0,0,0,0,0,0,0,0,0,0,0,0,0,0,0,0,0,0,0,0,0,0,0,
"Oceania","KIR","Kiribati",9.79500e-6,0,2.18508e-4,0,9.70759e-4,0,1.49030e-5,0,1.10614e-2,1.20990e-2,0,0,0,0,0,0,0,0,0,0,0,0,0,0,0,0,0,0,0,0,0,0,0,1.00000e-2,3.88797e-2,0,0,0,0,0,0,4.80992e-3,0,0,0,0,0,0,0,7.99264e-2,6.39147e-2,0,0,0,0,0,0,2.21905e-1
"Oceania","MHL","Marshall Islands",0,0,0,0,0,0,0,0,0,0,0,0,0,0,0,0,0,0,0,0,0,0,0,0,0,0,0,0,0,0,0,0,0,0,0,0,0,0,0,0,0,0,0,0,0,0,0,0,0,9.25860e-2,2.35782e-2,0,0,0,0,0,0,1.16164e-1
"Oceania","MNP","Northern Mariana Islands",0,0,0,0,0,0,0,0,2.15195e-3,0,0,0,0,0,0,0,0,0,0,0,0,0,0,0,0,0,0,0,0,0,0,0,0,0,2.05992e-5,0,0,0,0,0,0,9.80451e-4,0,0,0,0,0,0,0,9.91785e-2,1.57742e-2,0,0,0,0,0,0,1.18106e-1
"Oceania","NCL","New Caledonia",2.88259e-4,0,1.86407e-3,0,3.78747e-2,0,5.11630e-4,0,1.65678e-1,2.58630e-2,0,0,0,0,0,0,0,0,0,0,0,0,0,0,0,0,0,0,0,0,0,0,0,7.00134e+0,6.60104e-1,0,0,0,0,0,0,3.08371e-3,0,0,0,0,0,0,0,5.71744e-1,1.26336e-1,0,0,0,0,0,0,8.59469e+0
"Oceania","NFK","Norfolk Island",0,0,0,0,0,0,0,0,0,0,0,0,0,0,0,0,0,0,0,0,0,0,0,0,0,0,0,0,0,0,0,0,0,1.32341e-1,4.15046e-3,0,0,0,0,0,0,0,0,0,0,0,0,0,0,0,3.94200e-3,0,0,0,0,0,0,1.40433e-1
"Oceania","NIU","Niue",0,0,0,0,0,0,0,0,7.23705e-5,9.99000e-4,0,0,0,0,0,0,0,0,0,0,0,0,0,0,0,0,0,0,0,0,0,0,0,2.09667e-2,2.02110e-2,0,0,0,0,0,0,3.29728e-5,0,0,0,0,0,0,0,3.36365e-3,6.41091e-3,0,0,0,0,0,0,5.20566e-2
"Oceania","NRU","Nauru",0,0,0,0,0,0,0,0,0,0,0,0,0,0,0,0,0,0,0,0,0,0,0,0,0,0,0,0,0,0,0,0,0,1.35000e-3,3.90855e-3,0,0,0,0,0,0,0,0,0,0,0,0,0,0,3.84133e-2,8.66492e-3,0,0,0,0,0,0,5.23368e-2
"Oceania","NZL","New Zealand",1.09218e-2,7.03291e-3,3.26989e-1,5.23350e-4,1.80110e+0,4.18680e-4,1.40676e-2,5.40096e-3,1.62466e+1,1.71914e+1,3.43027e+0,0,0,0,0,0,0,0,0,0,0,0,0,0,0,0,0,0,0,0,0,0,0,9.99005e+2,8.43315e+1,0,0,0,0,0,0,6.13460e-1,0,0,0,0,0,0,0,6.16358e+1,8.41889e+0,0,0,0,0,0,0,1.19304e+3
"Oceania","PCN","Pitcairn",0,0,0,0,0,0,0,0,0,0,0,0,0,0,0,0,0,0,0,0,0,0,0,0,0,0,0,0,0,0,0,0,0,0,0,0,0,0,0,0,0,0,0,0,0,0,0,0,0,0,1.14720e-3,0,0,0,0,0,0,1.14720e-3
"Oceania","PLW","Palau",0,0,0,0,0,0,0,0,0,0,0,0,0,0,0,0,0,0,0,0,0,0,0,0,0,0,0,0,0,0,0,0,0,0,0,0,0,0,0,0,0,0,0,0,0,0,0,0,0,0,2.84164e-2,0,0,0,0,0,0,2.84164e-2
"Oceania","PYF","French Polynesia",1.08291e-4,0,7.10119e-4,0,8.10175e-3,0,1.46601e-4,0,2.09958e-2,0,0,0,0,0,0,0,0,0,0,0,0,0,0,0,0,0,0,0,0,0,0,0,0,6.69659e-1,1.86630e-1,0,0,0,0,0,0,5.51664e-3,0,0,0,0,0,0,0,5.72172e-1,4.72496e-1,0,0,0,0,0,0,1.93654e+0
"Oceania","SLB","Solomon Islands",7.79160e-5,0,9.61447e-4,0,3.79054e-3,0,9.13710e-5,0,2.78066e-1,3.98490e-2,0,0,0,0,0,0,0,0,0,0,0,0,0,0,0,0,0,0,0,0,0,0,0,7.47453e+1,2.04636e+0,2.68523e-1,0,0,0,0,0,7.87186e-3,0,0,0,0,0,0,0,5.51661e-2,2.29238e-1,0,0,0,0,0,0,7.76753e+1
"Oceania","TKL","Tokelau",0,0,0,0,0,0,0,0,3.15159e-4,0,0,0,0,0,0,0,0,0,0,0,0,0,0,0,0,0,0,0,0,0,0,0,0,8.70000e-4,2.64261e-3,0,0,0,0,0,0,1.43590e-4,0,0,0,0,0,0,0,0,1.38259e-2,0,0,0,0,0,0,1.77973e-2
"Oceania","TON","Tonga",0,0,0,0,4.65060e-3,0,0,0,9.80508e-3,1.80190e-2,0,0,0,0,0,0,0,0,0,0,0,0,0,0,0,0,0,0,0,0,0,0,0,3.61934e-1,4.51842e-1,0,0,0,0,0,0,4.46731e-3,0,0,0,0,0,0,0,1.04539e-1,5.76889e-1,0,0,0,0,0,0,1.53215e+0
"Oceania","TUV","Tuvalu",0,0,0,0,0,0,0,0,0,0,0,0,0,0,0,0,0,0,0,0,0,0,0,0,0,0,0,0,0,0,0,0,0,5.50000e-3,1.60861e-2,0,0,0,0,0,0,0,0,0,0,0,0,0,0,4.04298e-3,4.89037e-2,0,0,0,0,0,0,7.45328e-2
"Oceania","VUT","Vanuatu",8.72397e-5,0,5.56944e-4,0,5.29084e-3,0,1.13120e-4,0,1.12816e-1,1.71310e-2,0,0,0,0,0,0,0,0,0,0,0,0,0,0,0,0,0,0,0,0,0,0,0,4.52958e+0,9.38142e-1,0,0,0,0,0,0,1.97375e-2,0,0,0,0,0,0,0,5.67475e-2,4.32352e-1,0,0,0,0,0,0,6.11256e+0
"Oceania","WLF","Wallis and Futuna",0,0,0,0,0,0,0,0,2.25786e-3,0,0,0,0,0,0,0,0,0,0,0,0,0,0,0,0,0,0,0,0,0,0,0,0,6.05753e-2,2.85525e-2,0,0,0,0,0,0,1.02871e-3,0,0,0,0,0,0,0,0,5.13451e-2,0,0,0,0,0,0,1.43759e-1
"Oceania","WSM","Samoa",4.59210e-5,0,6.44577e-4,0,7.30237e-3,0,9.07970e-5,0,2.13712e-1,2.20890e-2,0,0,0,0,0,0,0,0,0,0,0,0,0,0,0,0,0,0,0,0,0,0,0,1.26153e+0,5.79771e-1,0,0,0,0,0,0,1.48497e-3,0,0,0,0,0,0,0,1.65930e-1,7.55353e-1,0,0,0,0,0,0,3.00796e+0
"Antartica","ATA","Antarctica",0,0,0,0,0,0,0,0,0,0,0,0,0,0,0,0,0,0,0,0,0,0,0,0,0,0,0,0,0,0,0,0,0,0,0,0,0,0,0,0,0,0,0,0,0,0,0,0,0,0,0,0,0,0,0,0,0,0,
"Int. Shipping","SEA","Int. Shipping",0,0,0,0,0,0,0,0,0,0,1.41078e+0,0,3.09312e+1,0,0,0,0,0,0,0,0,0,0,0,0,0,0,0,0,0,0,0,0,0,0,0,0,0,0,0,0,0,0,0,0,0,0,0,0,0,0,0,0,0,0,0,0,3.23420e+1
"Int. Aviation","AIR","Int. Aviation",0,0,0,0,0,0,0,0,0,0,0,1.18101e+0,0,0,0,0,0,0,0,0,0,0,0,0,0,0,0,0,0,0,0,0,0,0,0,0,0,0,0,0,0,0,0,0,0,0,0,0,0,0,0,0,0,0,0,0,0,1.18101e+0

"TOTALS",,,3.66510e+1,1.83674e+1,2.57707e+2,1.13196e+0,8.23953e+2,9.28169e+0,8.74744e+0,2.01766e+0,1.02837e+4,2.85128e+4,3.08603e+4,1.18101e+0,3.09312e+1,0,0,0,4.91626e+1,1.34903e+2,0,0,0,0,0,0,0,0,0,0,0,0,0,0,0,7.07127e+4,9.03305e+3,4.77382e+4,0,0,0,0,8.85317e+3,8.49562e+2,1.07739e+4,9.55905e+2,7.28499e+2,0,0,0,0,1.61779e+4,1.53696e+4,2.89131e+2,6.70668e-1,1.45020e+2,0,0,0,02.52658e+5