"Content:","Emissions by country and main source category" 
"Compound:","CH4"
"Year: ","1977"
"Unit:","Gg CH4"
"Source:","European Commission, Joint Research Centre (JRC)/PBL Netherlands Environmental Assessment Agency. Emission Database for Global Atmospheric Research (EDGAR), release version 4.2. http://edgar.jrc.ec.europe.eu, 2010" 
"Dataset:","v4.2_EM_CH4_300911(edgar)"
"Date calculated:","November 30, 1999, 12:00 am"

,,,"Public electricity and heat production","Other Energy Industries","Manufacturing Industries and Construction","Domestic aviation","Road transportation","Rail transportation","Inland navigation","Other transportation","Residential and other sectors","Fugitive emissions from solid fuels","Fugitive emissions from oil and gas","Memo: International aviation","Memo: International navigation","Cement production","Lime production","Production of other minerals","Production of chemicals","Production of metals","Production of pulp/paper/food/drink","Production of halocarbons and SF6","Refrigeration and Air Conditioning","Foam Blowing","Fire Extinguishers","Aerosols","F-gas as Solvent","Semiconductor/Electronics Manufacture","Electrical Equipment","Other F-gas use","Non-energy use of lubricants/waxes (CO2)","Solvent and other product use: paint","Solvent and other product use: degrease","Solvent and other product use: chemicals","Solvent and other product use: other","Enteric fermentation","Manure management","Rice cultivation","Direct soil emissions","Manure in pasture/range/paddock","Indirect N2O from agriculture","Other direct soil emissions","Savanna burning","Agricultural waste burning","Forest fires","Grassland fires","Peat fires and decay of drained peatland","Other vegetation fires","Other biomass burning","Forest Fires-Post burn decay","Forest Land: net carbon stock change","Solid waste disposal on land","Wastewater handling","Waste incineration","Other waste handling","Fossil fuel fires","Indirect N2O from non-agricultural NOx","Indirect N2O from non-agricultural NH3","Other sources",

"World Region","ISO_A3","Country","1A1a","1A1bc","1A2","1A3a","1A3b","1A3c","1A3d","1A3e","1A4","1B1","1B2","1C1","1C2","2A1","2A2","2A7","2B","2C","2D","2E","2F1","2F2","2F3","2F4","2F5","2F7","2F8","2F9","2G","3A","3B","3C","3D","4A","4B","4C","4D1","4D2","4D3","4D4","4E","4F","5A","5C","5D","5F","5F1","5F2","5FL","6A","6B","6C","6D","7A","7B","7C","7D","TOTAL" 
"Canada","CAN","Canada",7.36188e-1,1.23444e+0,8.47010e+0,5.72754e-2,3.20987e+1,3.44898e-1,3.82758e-1,0,4.71027e+1,6.79405e+1,9.34087e+2,0,0,0,0,0,4.36397e+0,1.18327e+0,0,0,0,0,0,0,0,0,0,0,0,0,0,0,0,7.22449e+2,2.03313e+2,0,0,0,0,0,0,6.10667e+0,1.01419e+2,8.48232e+1,0,0,0,0,0,7.26459e+2,1.54653e+2,6.24242e+0,0,0,0,0,0,3.10347e+3
"USA","SPM","Saint Pierre and Miquelon",0,0,0,0,0,0,0,0,0,0,0,0,0,0,0,0,0,0,0,0,0,0,0,0,0,0,0,0,0,0,0,0,0,4.28630e-4,3.41244e-5,0,0,0,0,0,0,0,0,0,0,0,0,0,0,3.20609e-2,1.00921e-2,7.19251e-4,0,0,0,0,0,4.33350e-2
"USA","UMI","United States Minor Outlying Islands",0,0,0,0,0,0,0,0,0,0,0,0,0,0,0,0,0,0,0,0,0,0,0,0,0,0,0,0,0,0,0,0,0,0,0,0,0,0,0,0,0,0,0,0,0,0,0,0,0,0,0,0,0,0,0,0,0,0,
"USA","USA","United States",1.30463e+1,9.37119e+0,7.00304e+1,9.59425e-1,3.66161e+2,2.50342e+0,7.11592e-1,5.15814e-1,4.45071e+2,3.17418e+3,6.65968e+3,0,0,0,0,0,1.64216e+1,3.30624e+0,0,0,0,0,0,0,0,0,0,0,0,0,0,0,0,6.79903e+3,1.81900e+3,3.99088e+2,0,0,0,0,8.56896e-1,4.42839e+1,7.88160e+1,2.75664e+1,0,0,0,0,0,7.23827e+3,6.26690e+2,0,0,1.50000e+1,0,0,0,2.78106e+4
"Mexico","MEX","Mexico",2.06640e-1,4.62657e-1,3.30121e+0,0,1.03632e+1,0,0,7.70580e-1,6.64745e+1,5.14926e+1,8.02669e+2,0,0,0,0,0,5.92179e-1,1.12371e+0,0,0,0,0,0,0,0,0,0,0,0,0,0,0,0,1.79861e+3,1.24462e+2,3.36212e+1,0,0,0,0,2.21950e+1,2.20661e+1,5.67941e+1,1.24646e-1,0,0,0,0,0,1.45620e+2,3.24447e+2,0,0,0,0,0,0,3.46540e+3
"Rest Central America","ABW","Aruba",1.70250e-3,0,7.09974e-3,2.15000e-7,2.82887e-3,0,0,0,3.59933e-3,1.00861e-2,7.05000e-5,0,0,0,0,0,0,0,0,0,0,0,0,0,0,0,0,0,0,0,0,0,0,3.39370e-2,4.18740e-3,0,0,0,0,0,0,0,0,0,0,0,0,0,0,2.01167e-1,2.91119e-1,0,0,0,0,0,0,5.55797e-1
"Rest Central America","AIA","Anguilla",1.85250e-4,0,8.03760e-4,0,0,0,0,0,3.80000e-5,2.37844e-1,0,0,0,0,0,0,0,0,0,0,0,0,0,0,0,0,0,0,0,0,0,0,0,0,0,0,0,0,0,0,0,0,0,0,0,0,0,0,0,4.67202e-3,2.42023e-2,0,0,0,0,0,0,2.67745e-1
"Rest Central America","ANT","Netherlands Antilles",0,1.04890e-1,1.39044e-1,9.21094e-4,1.83499e-1,0,0,0,3.07730e-2,2.14286e-2,7.15754e+0,0,0,0,0,0,0,0,0,0,0,0,0,0,0,0,0,0,0,0,0,0,0,2.89600e-1,1.41100e-2,0,0,0,0,0,0,0,0,0,0,0,0,0,0,1.08519e+0,7.34191e-1,0,0,0,0,0,0,9.76119e+0
"Rest Central America","ATG","Antigua and Barbuda",3.28534e-3,0,7.26422e-3,0,5.11082e-3,0,0,0,4.35266e-2,0,1.36317e-1,0,0,0,0,0,0,0,0,0,0,0,0,0,0,0,0,0,0,0,0,0,0,5.84611e-1,1.42203e-2,0,0,0,0,0,0,1.59069e-2,0,0,0,0,0,0,0,1.59894e-1,2.75772e-1,0,0,0,0,0,0,1.24591e+0
"Rest Central America","BHS","Bahamas",1.37368e-2,0,2.49246e-2,0,4.87364e-2,0,0,0,3.23853e-1,2.72918e-2,1.34355e+0,0,0,0,0,0,0,0,0,0,0,0,0,0,0,0,0,0,0,0,0,0,0,2.18002e-1,2.85575e-2,0,0,0,0,0,0,1.49676e-2,0,0,0,0,0,0,0,2.57143e+0,8.40046e-1,0,0,0,0,0,0,5.45509e+0
"Rest Central America","BLZ","Belize",4.92226e-3,0,1.64381e-2,0,7.43883e-3,0,0,0,7.26576e-1,4.63472e-2,7.81359e-2,0,0,0,0,0,0,0,0,0,0,0,0,0,0,0,0,0,0,0,0,0,0,2.65588e+0,8.87585e-2,6.42540e-1,0,0,0,0,6.56568e-1,3.00457e-1,0,0,0,0,0,0,0,4.19210e-1,7.48435e-1,0,0,0,0,0,0,6.39171e+0
"Rest Central America","BMU","Bermuda",4.24796e-3,0,6.50022e-3,0,5.41493e-3,0,0,0,4.08500e-2,0,1.85115e-1,0,0,0,0,0,0,0,0,0,0,0,0,0,0,0,0,0,0,0,0,0,0,6.06087e-2,3.09300e-3,0,0,0,0,0,0,3.48666e-5,0,0,0,0,0,0,0,5.30981e-1,2.51705e-1,0,0,0,0,0,0,1.08855e+0
"Rest Central America","BRB","Barbados",8.35794e-3,0,2.86312e-2,0,1.12595e-2,0,0,0,3.53694e-2,2.83039e-2,5.38734e-1,0,0,0,0,0,0,0,0,0,0,0,0,0,0,0,0,0,0,0,0,0,0,1.18711e+0,7.51500e-2,0,0,0,0,0,0,3.09013e-1,0,0,0,0,0,0,0,1.02420e+0,1.42774e+0,0,0,0,0,0,0,4.67386e+0
"Rest Central America","CRI","Costa Rica",1.60257e-2,2.60390e-3,1.91589e-1,0,1.44441e-1,0,0,2.98937e-2,5.31641e+0,1.13251e+0,9.64390e-2,0,0,0,0,0,0,0,0,0,0,0,0,0,0,0,0,0,0,0,0,0,0,1.19371e+2,2.67971e+0,1.32617e+1,0,0,0,0,1.20338e+0,9.95019e-1,0,0,0,0,0,0,0,2.35510e+0,9.99455e+0,0,0,0,0,0,0,1.56790e+2
"Rest Central America","CUB","Cuba",8.86726e-1,9.35854e-3,3.46143e+0,0,9.20346e-1,0,9.37846e-2,5.47632e-2,3.27048e+1,8.33935e+0,2.72336e+0,0,0,0,0,0,0,0,0,0,0,0,0,0,0,0,0,0,0,0,0,0,0,3.14614e+2,9.76590e+0,7.71410e+1,0,0,0,0,8.72904e+0,1.82489e+1,1.91080e+0,0,0,0,0,0,0,3.22056e+1,5.85770e+1,0,0,0,0,0,0,5.70386e+2
"Rest Central America","CYM","Cayman Islands",1.04133e-3,0,2.00357e-3,0,1.42956e-3,0,0,0,8.22038e-3,0,3.40922e-2,0,0,0,0,0,0,0,0,0,0,0,0,0,0,0,0,0,0,0,0,0,0,2.61557e-1,1.23682e-2,0,0,0,0,0,0,5.76884e-6,0,0,0,0,0,0,0,3.48866e-1,6.69592e-2,0,0,0,0,0,0,7.36543e-1
"Rest Central America","DMA","Dominica",2.04399e-3,0,8.48724e-3,0,8.32760e-4,0,0,0,2.50852e-3,2.92462e-2,9.28231e-3,0,0,0,0,0,0,0,0,0,0,0,0,0,0,0,0,0,0,0,0,0,0,4.12901e-1,1.58995e-2,0,0,0,0,0,0,1.86246e-3,0,0,0,0,0,0,0,2.27693e-1,3.80999e-1,0,0,0,0,0,0,1.09176e+0
"Rest Central America","DOM","Dominican Republic",8.00286e-2,0,7.22515e-1,0,4.79621e-1,0,0,8.79228e-4,1.13092e+1,1.75023e+1,4.52157e-1,0,0,0,0,0,0,0,0,0,0,0,0,0,0,0,0,0,0,0,0,0,0,1.17421e+2,3.46243e+0,5.47829e+1,0,0,0,0,1.09769e+0,3.62997e+0,8.70060e-1,0,0,0,0,0,0,1.27135e+1,2.77800e+1,2.06155e-1,0,0,0,0,0,2.52511e+2
"Rest Central America","GLP","Guadeloupe",9.41935e-3,0,3.73962e-2,0,9.90304e-3,0,0,0,5.29731e-1,1.15624e-1,1.69087e-1,0,0,0,0,0,0,0,0,0,0,0,0,0,0,0,0,0,0,0,0,0,0,4.82326e+0,1.35087e-1,0,0,0,0,0,0,3.00659e-1,0,0,0,0,0,0,0,1.89223e+0,1.89910e+0,0,0,0,0,0,0,9.92150e+0
"Rest Central America","GRD","Grenada",2.56782e-3,0,1.02730e-2,0,8.78963e-4,0,0,0,4.34118e-3,1.02885e-1,1.61016e-2,0,0,0,0,0,0,0,0,0,0,0,0,0,0,0,0,0,0,0,0,0,0,4.76706e-1,1.39818e-2,0,0,0,0,0,0,5.94873e-3,0,0,0,0,0,0,0,1.68197e-1,4.36614e-1,0,0,0,0,0,0,1.23850e+0
"Rest Central America","GTM","Guatemala",5.79996e-2,2.13915e-3,4.61971e-1,0,2.71650e-1,0,0,0,2.58321e+1,7.61867e+0,2.05822e-1,0,0,0,0,0,0,0,0,0,0,0,0,0,0,0,0,0,0,0,0,0,0,8.55100e+1,2.63679e+0,2.26009e+0,0,0,0,0,5.10168e+0,2.68697e+0,6.18256e+0,0,0,0,0,0,0,5.82981e+0,2.77594e+1,0,0,0,0,0,0,1.72418e+2
"Rest Central America","HND","Honduras",6.02898e-3,2.38647e-3,2.25878e-1,0,9.86659e-2,0,0,0,1.19845e+1,6.17730e-1,1.23001e-1,0,0,0,0,0,0,0,0,0,0,0,0,0,0,0,0,0,0,0,0,0,0,9.91838e+1,2.96828e+0,4.53887e+0,0,0,0,0,6.77592e+0,1.01812e+0,6.44191e+0,0,0,0,0,0,0,1.74431e+0,1.38155e+1,0,0,0,0,0,0,1.49545e+2
"Rest Central America","HTI","Haiti",4.01933e-3,1.25604e-4,1.59392e-1,0,3.60113e-2,0,0,5.40096e-3,1.46195e+1,3.03717e+1,0,0,0,0,0,0,0,0,0,0,0,0,0,0,0,0,0,0,0,0,0,0,0,6.53564e+1,3.86383e+0,7.47139e+0,0,0,0,0,0,1.37798e+0,0,0,0,0,0,0,0,6.21843e+0,2.41635e+1,0,0,0,0,0,0,1.53648e+2
"Rest Central America","JAM","Jamaica",2.20581e-1,7.11756e-4,1.42686e-1,6.28019e-5,2.00322e-1,0,0,0,1.78275e+0,1.85319e+0,1.68698e-1,0,0,0,0,0,0,0,0,0,0,0,0,0,0,0,0,0,0,0,0,0,0,1.87867e+1,6.80890e-1,1.12070e-1,0,0,0,0,0,9.94095e-1,0,0,0,0,0,0,0,6.00133e+0,1.00305e+1,0,0,0,0,0,0,4.09746e+1
"Rest Central America","KNA","Saint Kitts and Nevis",1.42395e-3,0,4.93454e-3,0,1.11754e-3,0,0,0,1.60838e-1,0,1.75313e-2,0,0,0,0,0,0,0,0,0,0,0,0,0,0,0,0,0,0,0,0,0,0,4.05684e-1,1.00455e-2,0,0,0,0,0,0,1.04078e-1,0,0,0,0,0,0,0,2.89055e-1,3.22061e-1,0,0,0,0,0,0,1.31677e+0
"Rest Central America","LCA","Saint Lucia",3.74448e-3,0,1.35005e-2,0,3.75548e-3,0,0,0,2.16554e-2,3.18288e-2,3.90220e-2,0,0,0,0,0,0,0,0,0,0,0,0,0,0,0,0,0,0,0,0,0,0,6.33157e-1,2.28026e-2,0,0,0,0,0,0,7.18740e-3,0,0,0,0,0,0,0,1.02912e-1,5.19873e-1,0,0,0,0,0,0,1.39944e+0
"Rest Central America","MSR","Montserrat",3.95591e-4,0,1.36229e-3,0,6.89674e-4,0,0,0,1.62400e-3,0,5.85397e-3,0,0,0,0,0,0,0,0,0,0,0,0,0,0,0,0,0,0,0,0,0,0,5.29555e-1,1.22000e-2,0,0,0,0,0,0,5.04266e-5,0,0,0,0,0,0,0,8.48561e-3,5.41258e-2,0,0,0,0,0,0,6.14342e-1
"Rest Central America","MTQ","Martinique",1.12951e-2,0,3.73708e-2,0,1.04054e-2,0,0,0,7.48850e-2,1.28502e-1,2.20612e-1,0,0,0,0,0,0,0,0,0,0,0,0,0,0,0,0,0,0,0,0,0,0,3.02903e+0,1.04473e-1,0,0,0,0,0,0,1.09546e-1,0,0,0,0,0,0,0,2.86186e+0,1.77770e+0,0,0,0,0,0,0,8.36567e+0
"Rest Central America","NIC","Nicaragua",1.20883e-2,9.02340e-4,2.94458e-1,2.51208e-4,1.81979e-1,0,2.93076e-3,0,7.40135e+0,1.75023e+0,1.97226e-1,0,0,0,0,0,0,0,0,0,0,0,0,0,0,0,0,0,0,0,0,0,0,1.70365e+2,4.55461e+0,4.57622e+0,0,0,0,0,6.89640e+0,1.06691e+0,0,0,0,0,0,0,0,1.19375e+1,1.29447e+1,0,0,0,0,0,0,2.22183e+2
"Rest Central America","PAN","Panama",1.41791e-2,6.60941e-3,1.43900e-1,0,3.31186e-1,0,0,1.33140e-2,5.08204e+0,1.02955e-1,7.93119e-1,0,0,0,0,0,0,0,0,0,0,0,0,0,0,0,0,0,0,0,0,0,0,8.39980e+1,1.88836e+0,2.05463e+1,0,0,0,0,1.18826e+0,9.86754e-1,0,0,0,0,0,0,0,4.20179e+0,8.08271e+0,0,0,0,0,0,0,1.27380e+2
"Rest Central America","PRI","Puerto Rico",0,0,0,0,0,0,0,0,0,0,0,0,0,0,0,0,0,0,0,0,0,0,0,0,0,0,0,0,0,0,0,0,0,3.43232e+1,1.05407e+0,1.27013e-1,0,0,0,0,0,8.59446e-1,1.45289e-1,0,0,0,0,0,0,1.70534e+1,1.45708e+1,0,0,0,0,0,0,6.81333e+1
"Rest Central America","SLV","El Salvador",1.65467e-2,1.83570e-3,2.38759e-1,0,1.74412e-1,0,0,2.51208e-4,1.84675e+1,2.05910e-1,2.03541e-1,0,0,0,0,0,0,0,0,0,0,0,0,0,0,0,0,0,0,0,0,0,0,6.96745e+1,2.46523e+0,2.33481e+0,0,0,0,0,1.25033e-1,1.48473e+0,0,0,0,0,0,0,0,8.20176e+0,1.82856e+1,0,0,0,0,0,0,1.21880e+2
"Rest Central America","TCA","Turks and Caicos Islands",1.97790e-4,0,8.58210e-4,0,0,0,0,0,4.04000e-5,2.47790e-3,0,0,0,0,0,0,0,0,0,0,0,0,0,0,0,0,0,0,0,0,0,0,0,0,0,0,0,0,0,0,0,0,0,0,0,0,0,0,0,3.17509e-2,2.78834e-2,0,0,0,0,0,0,6.32086e-2
"Rest Central America","TTO","Trinidad and Tobago",9.26756e-2,1.15319e-1,8.87600e-3,0,3.42474e-1,0,0,0,1.01697e+0,1.31992e-1,8.00542e+1,0,0,0,0,0,3.93056e-1,0,0,0,0,0,0,0,0,0,0,0,0,0,0,0,0,5.03726e+0,2.13060e-1,1.40648e+0,0,0,0,0,0,5.76098e-1,0,0,0,0,0,0,0,5.70039e+0,7.46612e+0,0,0,0,0,0,0,1.02555e+2
"Rest Central America","VCT","Saint Vincent and the Grenadines",2.87069e-3,0,1.14672e-2,0,9.56867e-4,0,0,0,2.35999e-2,2.58260e-2,1.31713e-2,0,0,0,0,0,0,0,0,0,0,0,0,0,0,0,0,0,0,0,0,0,0,5.00077e-1,1.65350e-2,0,0,0,0,0,0,1.30344e-2,0,0,0,0,0,0,0,1.45969e-1,4.20667e-1,0,0,0,0,0,0,1.17417e+0
"Rest Central America","VGB","Virgin Islands_British",4.17136e-4,0,1.26138e-3,0,8.06801e-4,0,0,0,2.10603e-3,1.53560e-3,7.80163e-3,0,0,0,0,0,0,0,0,0,0,0,0,0,0,0,0,0,0,0,0,0,0,4.58952e-1,3.16639e-2,0,0,0,0,0,0,0,0,0,0,0,0,0,0,6.02340e-2,4.91423e-2,0,0,0,0,0,0,6.13921e-1
"Rest Central America","VIR","Virgin Islands_USA",0,0,0,0,0,0,0,0,0,0,0,0,0,0,0,0,0,0,0,0,0,0,0,0,0,0,0,0,0,0,0,0,0,6.35700e-2,1.23321e-2,0,0,0,0,0,0,7.90366e-2,0,0,0,0,0,0,0,5.88353e-1,4.02666e-1,0,0,0,0,0,0,1.14596e+0
"Brazil","BRA","Brazil",3.40550e-1,8.77045e-1,1.30874e+1,3.13173e-2,1.58683e+1,9.61017e-2,4.22615e-1,0,2.67380e+2,5.32824e+2,6.46960e+1,0,0,0,0,0,1.14984e+0,3.13549e+0,0,0,0,0,0,0,0,0,0,0,0,0,0,0,0,6.38109e+3,1.77490e+2,6.43432e+2,0,0,0,0,3.39288e+2,8.33126e+1,1.27867e+3,7.70664e-1,0,0,0,0,0,2.64919e+2,9.02155e+2,3.93080e+0,0,0,0,0,0,1.09750e+4
"Rest South America","ARG","Argentina",4.10562e-1,2.24088e-1,2.09223e+0,1.22882e-2,4.98681e+0,1.67472e-4,1.47124e-1,1.13044e-2,4.75594e+0,3.96172e+1,3.07805e+2,0,0,0,0,0,2.35376e-1,2.57189e-1,0,0,0,0,0,0,0,0,0,0,0,0,0,0,0,3.91118e+3,7.46480e+1,1.69227e+1,0,0,0,0,9.14400e+0,2.08963e+1,2.80889e+1,6.05016e+1,0,0,0,0,0,8.76655e+1,1.77235e+2,0,0,0,0,0,0,4.74684e+3
"Rest South America","BOL","Bolivia",2.75699e-2,1.39839e-2,1.89997e-1,1.63285e-3,3.61219e-1,1.73752e-3,0,0,4.71809e+0,1.23546e+0,8.78486e+1,0,0,0,0,0,0,0,0,0,0,0,0,0,0,0,0,0,0,0,0,0,0,2.54915e+2,7.72114e+0,1.29442e+1,0,0,0,0,9.86472e+1,1.55637e+0,2.13976e+2,0,0,0,0,0,0,6.12087e+0,2.31656e+1,0,0,0,0,0,0,7.13444e+2
"Rest South America","BVT","Bouvet Island",0,0,0,0,0,0,0,0,0,0,0,0,0,0,0,0,0,0,0,0,0,0,0,0,0,0,0,0,0,0,0,0,0,0,0,0,0,0,0,0,0,0,0,0,0,0,0,0,0,0,0,0,0,0,0,0,0,0,
"Rest South America","CHL","Chile",5.68702e-2,7.90975e-2,7.45428e-1,0,9.25899e-1,1.20915e-2,3.10661e-2,0,1.53970e+1,4.06934e+1,1.25787e+2,0,0,0,0,0,0,4.83802e-2,0,0,0,0,0,0,0,0,0,0,0,0,0,0,0,2.75126e+2,5.66903e+0,6.63085e+0,0,0,0,0,0,1.76247e+0,1.45114e+0,3.29088e+0,0,0,0,0,0,2.00377e+1,9.20580e+1,0,0,0,0,0,0,5.89802e+2
"Rest South America","COL","Colombia",1.38742e-1,8.15093e-2,1.29909e+0,0,3.11753e+0,6.50002e-3,8.20610e-3,0,4.95404e+1,3.22138e+1,1.25504e+2,0,0,0,0,0,1.11589e-2,1.91800e-2,0,0,0,0,0,0,0,0,0,0,0,0,0,0,0,1.41862e+3,3.36827e+1,1.20764e+2,0,0,0,0,1.63210e+1,8.31304e+0,7.42016e+1,0,0,0,0,0,0,3.23705e+1,1.21932e+2,0,0,0,0,0,0,2.03815e+3
"Rest South America","ECU","Ecuador",2.92366e-2,2.48666e-2,2.54013e-1,0,8.63982e-1,0,0,4.54686e-2,1.47372e+1,1.42209e+1,4.31515e+1,0,0,0,0,0,4.62600e-5,0,0,0,0,0,0,0,0,0,0,0,0,0,0,0,0,1.72137e+2,7.24883e+0,4.42247e+1,0,0,0,0,8.36592e-1,2.83884e+0,7.62960e-1,0,0,0,0,0,0,6.44866e+0,3.25067e+1,0,0,0,0,0,0,3.40332e+2
"Rest South America","FLK","Falkland Islands (Malvinas)",1.93779e-4,0,2.14797e-4,0,1.16688e-4,0,0,0,1.14824e-3,7.22430e-3,3.89146e-3,0,0,0,0,0,0,0,0,0,0,0,0,0,0,0,0,0,0,0,0,0,0,3.86665e+0,7.58101e-2,0,0,0,0,0,0,0,0,0,0,0,0,0,0,8.18034e-3,8.92995e-3,3.00355e-5,0,0,0,0,0,3.97239e+0
"Rest South America","GUF","French Guiana",2.54417e-3,0,7.88472e-3,0,3.49403e-3,0,0,0,1.11807e-1,1.14088e-1,1.22603e-1,0,0,0,0,0,0,0,0,0,0,0,0,0,0,0,0,0,0,0,0,0,0,1.34065e-1,1.28667e-2,2.80177e-2,0,0,0,0,0,3.67222e-3,4.82501e-1,0,0,0,0,0,0,3.64100e-1,2.91605e-1,1.36611e-3,0,0,0,0,0,1.68061e+0
"Rest South America","GUY","Guyana",2.91701e-2,0,8.71835e-2,0,2.10371e-2,0,0,0,3.01264e+0,1.98930e-3,4.77100e-1,0,0,0,0,0,0,0,0,0,0,0,0,0,0,0,0,0,0,0,0,0,0,1.27666e+1,7.35489e-1,5.62299e+1,0,0,0,0,2.19708e+0,1.29973e+0,1.25338e+1,0,0,0,0,0,0,9.99510e-1,3.78063e+0,3.55386e-3,0,0,0,0,0,9.41754e+1
"Rest South America","PER","Peru",1.33068e-1,5.60123e-2,6.81948e-1,2.93076e-4,1.36226e+0,0,3.39968e-2,0,3.62668e+1,1.83852e+1,6.66024e+1,0,0,0,0,0,3.41880e-4,1.68820e-1,0,0,0,0,0,0,0,0,0,0,0,0,0,0,0,3.02427e+2,9.70714e+0,5.93142e+1,0,0,0,0,6.40440e-1,4.20752e+0,2.71959e+1,0,0,0,0,0,0,2.33273e+1,7.71818e+1,0,0,0,0,0,0,6.27692e+2
"Rest South America","PRY","Paraguay",4.40871e-2,1.38164e-3,4.61219e-1,0,1.08134e-1,1.38164e-2,1.17230e-3,0,1.23494e+1,7.41276e+0,6.77432e-2,0,0,0,0,0,0,0,0,0,0,0,0,0,0,0,0,0,0,0,0,0,0,3.47017e+2,7.83285e+0,6.27596e+0,0,0,0,0,4.97400e+1,1.15974e+0,5.41936e+1,5.75808e+0,0,0,0,0,0,5.56603e+0,1.28520e+1,0,0,0,0,0,0,5.10855e+2
"Rest South America","SGS","South Georgia and the South Sandwich Islands",0,0,0,0,0,0,0,0,0,0,0,0,0,0,0,0,0,0,0,0,0,0,0,0,0,0,0,0,0,0,0,0,0,0,0,0,0,0,0,0,0,0,0,0,0,0,0,0,0,0,0,0,0,0,0,0,0,0,
"Rest South America","SUR","Suriname",1.81613e-2,0,4.12067e-2,0,2.55619e-2,0,0,0,3.13507e-1,7.42009e-1,9.35290e-1,0,0,0,0,0,0,0,0,0,0,0,0,0,0,0,0,0,0,0,0,0,0,1.42126e+0,1.52073e-1,2.40948e+1,0,0,0,0,0,1.86403e-1,9.67436e+0,0,0,0,0,0,0,1.01295e+0,1.97109e+0,3.79322e-3,0,0,0,0,0,4.05925e+1
"Rest South America","URY","Uruguay",9.10801e-3,2.56623e-3,1.76306e-1,7.53624e-4,2.47281e-1,0,0,6.78261e-3,4.36919e+0,1.04839e-1,4.81189e-1,0,0,0,0,0,0,8.69878e-4,0,0,0,0,0,0,0,0,0,0,0,0,0,0,0,6.91046e+2,1.38481e+1,2.72646e+1,0,0,0,0,0,9.01906e-1,0,0,0,0,0,0,0,1.23833e+1,1.47736e+1,0,0,0,0,0,0,7.65617e+2
"Rest South America","VEN","Venezuela",2.29644e-1,5.19775e-1,7.28253e-1,0,6.57432e+0,4.10055e-2,0,5.02416e-4,5.97505e+0,2.33737e+0,6.56778e+2,0,0,0,0,0,3.12246e-1,2.27258e-1,0,0,0,0,0,0,0,0,0,0,0,0,0,0,0,5.83045e+2,1.67643e+1,3.10062e+1,0,0,0,0,2.47512e+1,2.76982e+0,5.20751e+1,0,0,0,0,0,0,4.50707e+1,8.11715e+1,0,0,0,0,0,0,1.51038e+3
"Northern_Africa","DZA","Algeria",1.00418e-1,2.21488e-1,7.05476e-2,0,9.48311e-1,1.02514e-2,1.02577e-2,0,1.49223e+1,2.42293e+1,9.76195e+2,0,0,0,0,0,1.14400e-1,5.76100e-2,0,0,0,0,0,0,0,0,0,0,0,0,0,0,0,1.23506e+2,4.72739e+0,1.08064e-1,0,0,0,0,0,6.85075e-2,0,0,0,0,0,0,0,2.29975e+1,5.99375e+1,0,0,0,0,0,0,1.22822e+3
"Northern_Africa","EGY","Egypt",8.87639e-3,2.63027e-2,9.77912e-1,1.00483e-3,1.05988e+0,0,1.67053e-2,2.53720e-2,4.06871e+1,8.72772e+1,2.12703e+2,0,0,0,0,0,2.14500e-3,1.51707e-1,0,0,0,0,0,0,0,0,0,0,0,0,0,0,0,2.40625e+2,7.16888e+0,2.15372e+2,0,0,0,0,0,2.39230e-1,0,0,0,0,0,0,0,5.02050e+1,1.52297e+2,0,0,0,0,0,0,1.00884e+3
"Northern_Africa","ESH","Western Sahara",3.66490e-4,6.53134e-5,2.76015e-4,5.54240e-5,4.27672e-3,0,0,0,7.35119e-3,0,4.75469e-4,0,0,0,0,0,0,0,0,0,0,0,0,0,0,0,0,0,0,0,0,0,0,7.51244e+0,2.23951e-1,0,0,0,0,0,0,4.42800e-5,0,0,0,0,0,0,0,6.81686e-2,4.58157e-1,0,0,0,0,0,0,8.27563e+0
"Northern_Africa","LBY","Libyan Arab Jamahiriya",5.23797e-2,6.49430e-2,3.68020e-2,4.18681e-5,8.90643e-1,0,0,0,1.91426e+0,2.07002e+0,7.75065e+2,0,0,0,0,0,6.45150e-1,0,0,0,0,0,0,0,0,0,0,0,0,0,0,0,0,3.81229e+1,1.30791e+0,0,0,0,0,0,0,7.90815e-3,0,0,0,0,0,0,0,7.04576e+0,1.21073e+1,0,0,0,0,0,0,8.39331e+2
"Northern_Africa","MAR","Morocco",1.43439e-2,3.30758e-3,1.47752e-1,0,4.67667e-1,2.78004e-3,1.75845e-2,0,2.18762e+1,1.79522e+1,8.47993e+0,0,0,0,0,0,0,0,0,0,0,0,0,0,0,0,0,0,0,0,0,0,0,2.44572e+2,8.54394e+0,1.17544e+0,0,0,0,0,0,1.46564e-1,0,0,0,0,0,0,0,1.84429e+1,7.37060e+1,0,0,0,0,0,0,3.95549e+2
"Northern_Africa","TUN","Tunisia",2.82335e-2,3.01573e-3,5.50984e-2,0,1.84121e-1,3.64880e-3,9.96457e-3,0,5.44286e+0,8.03049e+0,2.14767e+1,0,0,0,0,0,0,1.23200e-2,0,0,0,0,0,0,0,0,0,0,0,0,0,0,0,8.10876e+1,3.06432e+0,0,0,0,0,0,0,3.78157e-2,0,0,0,0,0,0,0,9.31354e+0,2.39146e+1,0,0,0,0,0,0,1.52664e+2
"Western_Africa","BEN","Benin",3.76812e-4,0,8.79228e-4,0,6.47997e-2,0,0,0,1.78899e+1,1.09132e+1,0,0,0,0,0,0,0,0,0,0,0,0,0,0,0,0,0,0,0,0,0,0,0,3.11058e+1,1.81341e+0,1.68732e+0,0,0,0,0,3.26088e+1,2.33237e-1,7.36100e+1,0,0,0,0,0,0,1.26372e+0,1.47609e+1,0,0,0,0,0,0,1.85952e+2
"Western_Africa","BFA","Burkina Faso",3.99672e-4,6.33041e-5,3.94371e-4,2.74123e-4,3.36510e-2,0,0,0,2.71188e+1,2.26512e+1,1.32178e-3,0,0,0,0,0,0,0,0,0,0,0,0,0,0,0,0,0,0,0,0,0,0,1.03770e+2,4.43806e+0,6.04781e+0,0,0,0,0,3.07128e+1,5.68463e-1,0,0,0,0,0,0,0,8.55484e-1,2.47043e+1,0,0,0,0,0,0,2.20903e+2
"Western_Africa","CAF","Central African Republic",1.58820e-4,1.70873e-5,9.44370e-5,2.21181e-4,8.81123e-3,0,0,0,8.36957e+0,2.38918e+0,4.39247e-4,0,0,0,0,0,0,0,0,0,0,0,0,0,0,0,0,0,0,0,0,0,0,3.84032e+1,1.35368e+0,3.41256e+0,0,0,0,0,1.12267e+3,1.72019e-1,3.08502e+2,0,0,0,0,0,0,2.88441e+0,9.53599e+0,0,0,0,0,0,0,1.49770e+3
"Western_Africa","CIV","Cote d'Ivoire",3.78928e-3,1.92059e-3,2.13946e-2,0,3.06223e-1,2.78004e-3,1.08438e-2,0,2.52542e+1,3.49017e+1,4.70970e-1,0,0,0,0,0,0,0,0,0,0,0,0,0,0,0,0,0,0,0,0,0,0,2.94842e+1,1.48039e+0,2.17360e+1,0,0,0,0,1.81622e+1,7.45127e-1,2.50716e+2,0,0,0,0,0,0,9.48369e+0,2.81187e+1,0,0,0,0,0,0,4.20900e+2
"Western_Africa","CMR","Cameroon",2.38648e-3,0,4.01934e-3,0,2.55457e-1,0,0,0,2.43478e+1,5.76548e+0,2.60643e-1,0,0,0,0,0,0,0,0,0,0,0,0,0,0,0,0,0,0,0,0,0,0,1.26003e+2,4.90608e+0,4.66382e+0,0,0,0,0,1.18469e+2,5.31351e-1,1.21448e+2,0,0,0,0,0,0,7.63627e+0,3.57794e+1,0,0,0,0,0,0,4.50072e+2
"Western_Africa","COD","Congo_the Democratic Republic of the",3.26571e-3,7.53621e-4,7.24316e-2,0,1.78289e-1,0,0,0,1.04712e+2,7.34340e+0,2.93710e+0,0,0,0,0,0,0,0,0,0,0,0,0,0,0,0,0,0,0,0,0,0,0,3.25422e+0,1.56530e-1,5.25155e+1,0,0,0,0,8.33448e+2,2.51595e+0,2.12330e+3,0,0,0,0,0,0,3.33148e+1,9.98291e+1,0,0,0,0,0,0,3.26358e+3
"Western_Africa","COG","Congo",1.80032e-3,0,4.39614e-3,5.86152e-4,6.65003e-2,0,0,0,3.53852e+0,1.40019e+1,5.03763e+1,0,0,0,0,0,0,0,0,0,0,0,0,0,0,0,0,0,0,0,0,0,0,5.76908e+1,2.63887e+0,7.39387e-1,0,0,0,0,1.83367e+1,1.43423e-1,8.89848e+1,0,0,0,0,0,0,1.72469e+0,6.72147e+0,0,0,0,0,0,0,2.44970e+2
"Western_Africa","CPV","Cape Verde",6.22064e-4,4.86497e-5,3.28545e-4,1.96990e-4,1.63864e-2,0,0,0,1.38689e-2,8.34110e-3,9.18156e-4,0,0,0,0,0,0,0,0,0,0,0,0,0,0,0,0,0,0,0,0,0,0,7.61771e-1,9.50059e-2,0,0,0,0,0,0,2.43065e-3,0,0,0,0,0,0,0,2.02530e-1,1.17790e+0,0,0,0,0,0,0,2.28035e+0
"Western_Africa","GAB","Gabon",2.00966e-3,0,3.08986e-2,0,3.74517e-2,0,0,0,1.28968e+0,4.69475e-1,1.14544e+2,0,0,0,0,0,0,0,0,0,0,0,0,0,0,0,0,0,0,0,0,0,0,1.04746e+0,1.87959e-1,5.68759e-2,0,0,0,0,4.21824e-1,2.39888e-2,7.26988e+0,0,0,0,0,0,0,1.74714e+0,3.11495e+0,0,0,0,0,0,0,1.30243e+2
"Western_Africa","GHA","Ghana",1.63285e-3,1.88406e-3,3.00570e-1,0,4.48179e-1,1.91127e-3,4.68922e-3,0,3.40543e+1,2.33708e+1,3.64110e-1,0,0,0,0,0,0,0,0,0,0,0,0,0,0,0,0,0,0,0,0,0,0,4.41857e+1,2.38810e+0,2.44566e+1,0,0,0,0,8.26728e+1,4.62174e-1,2.46051e+1,0,0,0,0,0,0,1.19074e+1,4.32940e+1,0,0,0,0,0,0,2.92520e+2
"Western_Africa","GIN","Guinea",8.98098e-4,5.20411e-4,1.11478e-3,5.47045e-4,6.53693e-2,0,0,0,3.01736e+1,1.22817e+1,2.46516e-3,0,0,0,0,0,0,0,0,0,0,0,0,0,0,0,0,0,0,0,0,0,0,5.07183e+1,1.80697e+0,8.54280e+1,0,0,0,0,7.06992e+1,5.30671e-1,9.25548e+1,0,0,0,0,0,0,2.69560e+0,1.93202e+1,0,0,0,0,0,0,3.66280e+2
"Western_Africa","GMB","Gambia",3.13435e-4,2.34257e-5,1.59738e-4,1.01836e-4,2.27845e-2,0,0,0,1.10381e+0,1.80388e+0,4.97610e-4,0,0,0,0,0,0,0,0,0,0,0,0,0,0,0,0,0,0,0,0,0,0,1.10790e+1,4.09270e-1,4.20882e+0,0,0,0,0,3.71760e+0,2.98665e-2,0,0,0,0,0,0,0,3.72713e-1,2.11531e+0,0,0,0,0,0,0,2.48642e+1
"Western_Africa","GNB","Guinea-Bissau",1.01848e-4,2.54387e-5,1.02366e-4,4.33210e-5,5.65193e-3,0,0,0,1.58731e+0,9.19615e-2,2.62802e-4,0,0,0,0,0,0,0,0,0,0,0,0,0,0,0,0,0,0,0,0,0,0,1.02945e+1,5.72150e-1,1.51669e+1,0,0,0,0,6.54216e+0,9.80670e-2,0,0,0,0,0,0,0,3.47895e-1,2.85915e+0,0,0,0,0,0,0,3.75663e+1
"Western_Africa","GNQ","Equatorial Guinea",6.51177e-5,1.06738e-5,7.73970e-5,6.96475e-5,3.67581e-3,0,0,0,1.39914e+0,2.63879e-1,5.25175e-1,0,0,0,0,0,0,0,0,0,0,0,0,0,0,0,0,0,0,0,0,0,0,3.22697e-1,1.73470e-2,0,0,0,0,0,0,5.82156e-3,0,0,0,0,0,0,0,2.72697e-1,1.20432e+0,0,0,0,0,0,0,4.01498e+0
"Western_Africa","LBR","Liberia",3.29097e-3,9.05852e-4,2.42621e-3,8.54678e-4,1.41840e-1,0,0,0,7.70936e+0,5.22900e+0,5.74304e-3,0,0,0,0,0,0,0,0,0,0,0,0,0,0,0,0,0,0,0,0,0,0,3.08035e+0,2.36454e-1,4.00711e+0,0,0,0,0,8.94480e-1,2.29192e-1,7.47048e-2,0,0,0,0,0,0,1.42920e+0,6.92073e+0,0,0,0,0,0,0,2.99656e+1
"Western_Africa","MLI","Mali",7.15148e-4,6.96935e-5,4.03038e-4,2.62060e-4,6.26889e-2,0,0,0,1.11853e+1,4.45753e+0,1.34666e-3,0,0,0,0,0,0,0,0,0,0,0,0,0,0,0,0,0,0,0,0,0,0,2.04085e+2,7.99730e+0,3.37464e+1,0,0,0,0,4.58808e+1,4.53162e-1,2.92720e+1,0,0,0,0,0,0,1.95719e+0,2.62091e+1,0,0,0,0,0,0,3.65309e+2
"Western_Africa","MRT","Mauritania",6.54559e-4,3.00565e-4,1.26967e-3,3.19931e-4,5.66849e-2,6.96600e-6,0,0,3.25404e+0,4.73830e+0,1.86350e-3,0,0,0,0,0,0,0,0,0,0,0,0,0,0,0,0,0,0,0,0,0,0,1.08028e+2,4.74610e+0,3.03338e-1,0,0,0,0,6.79656e-3,4.12353e-2,0,0,0,0,0,0,0,5.90332e-1,6.63766e+0,0,0,0,0,0,0,1.28407e+2
"Western_Africa","NER","Niger",2.05309e-3,1.37387e-4,2.69966e-3,1.24083e-4,3.60838e-2,2.32240e-5,0,0,1.35909e+1,1.64690e+1,1.76168e-3,0,0,0,0,0,0,0,0,0,0,0,0,0,0,0,0,0,0,0,0,0,0,1.57321e+2,6.89293e+0,4.36049e+0,0,0,0,0,9.85824e-1,4.79676e-1,0,0,0,0,0,0,0,1.11801e+0,2.17778e+1,0,0,0,0,0,0,2.23039e+2
"Western_Africa","NGA","Nigeria",3.81136e-2,2.85124e-2,1.11871e-1,0,2.15011e+0,6.39953e-3,2.19806e-2,0,1.44763e+2,5.03322e+1,1.19025e+3,0,0,0,0,0,0,0,0,0,0,0,0,0,0,0,0,0,0,0,0,0,0,6.11548e+2,1.81896e+1,4.62941e+1,0,0,0,0,1.10002e+2,3.21537e+0,1.61881e+1,0,0,0,0,0,0,2.35206e+1,2.45840e+2,0,0,0,0,0,0,2.46250e+3
"Western_Africa","SEN","Senegal",0,8.18694e-4,2.10595e-2,0,1.25773e-1,1.04251e-3,1.08438e-2,0,1.38275e+1,2.91363e+1,2.06753e-1,0,0,0,0,0,0,0,0,0,0,0,0,0,0,0,0,0,0,0,0,0,0,1.03097e+2,4.29031e+0,1.20008e+1,0,0,0,0,2.78640e+1,1.61443e-1,0,0,0,0,0,0,0,5.86851e+0,2.32212e+1,0,0,0,0,0,0,2.19834e+2
"Western_Africa","SHN","Saint Helena",1.55097e-5,2.07085e-6,7.57500e-6,5.73800e-6,0,1.07900e-7,1.82000e-7,0,1.30454e-4,0,0,0,0,0,0,0,0,0,0,0,0,0,0,0,0,0,0,0,0,0,0,0,0,6.22446e-2,5.74903e-3,0,0,0,0,0,0,0,0,0,0,0,0,0,0,3.95778e-3,2.29471e-2,0,0,0,0,0,0,9.50601e-2
"Western_Africa","SLE","Sierra Leone",1.44275e-3,3.30987e-4,1.00255e-3,2.92960e-4,2.35360e-2,0,0,0,1.83577e+1,1.35139e+1,2.17485e-3,0,0,0,0,0,0,0,0,0,0,0,0,0,0,0,0,0,0,0,0,0,0,1.13994e+1,5.02073e-1,4.91811e+1,0,0,0,0,1.65283e+1,4.66012e-1,8.87740e+0,0,0,0,0,0,0,2.04787e+0,1.31911e+1,0,0,0,0,0,0,1.34094e+2
"Western_Africa","STP","Sao Tome and Principe",9.36039e-5,6.53210e-6,4.74630e-5,1.55040e-5,2.28451e-3,0,0,0,6.07805e-3,3.25652e-1,1.01290e-4,0,0,0,0,0,0,0,0,0,0,0,0,0,0,0,0,0,0,0,0,0,0,1.23695e-1,1.72133e-2,0,0,0,0,0,0,3.12859e-3,0,0,0,0,0,0,0,1.08578e-1,3.46961e-1,0,0,0,0,0,0,9.33855e-1
"Western_Africa","TCD","Chad",4.53938e-4,3.16936e-5,2.53215e-4,5.22115e-5,9.13985e-3,0,0,0,1.33108e+1,1.67537e+1,8.70412e-4,0,0,0,0,0,0,0,0,0,0,0,0,0,0,0,0,0,0,0,0,0,0,1.79509e+2,6.78017e+0,3.18505e+0,0,0,0,0,1.40249e+2,3.24066e-1,0,0,0,0,0,0,0,1.29902e+0,1.83763e+1,0,0,0,0,0,0,3.79798e+2
"Western_Africa","TGO","Togo",2.63768e-3,0,0,0,5.37028e-2,0,0,0,1.41873e+1,1.42078e+1,0,0,0,0,0,0,0,0,0,0,0,0,0,0,0,0,0,0,0,0,0,0,0,1.51631e+1,9.24527e-1,2.95755e+0,0,0,0,0,3.28032e+1,1.11004e-1,1.42922e+1,0,0,0,0,0,0,1.15575e+0,1.01821e+1,0,0,0,0,0,0,1.06041e+2
"Eastern_Africa","BDI","Burundi",8.20791e-5,1.23691e-5,7.92210e-5,3.94380e-5,1.00548e-2,0,0,0,1.45905e+1,1.22563e+1,3.09019e-4,0,0,0,0,0,0,0,0,0,0,0,0,0,0,0,0,0,0,0,0,0,0,3.14895e+1,1.01982e+0,7.77304e-1,0,0,0,0,0,2.98775e-1,0,0,0,0,0,0,0,1.86352e-1,1.61825e+1,0,0,0,0,0,0,7.68116e+1
"Eastern_Africa","COM","Comoros",3.20292e-5,5.24975e-6,4.28880e-5,4.92590e-5,3.03399e-3,0,0,0,1.61094e-2,1.23071e+0,1.31824e-4,0,0,0,0,0,0,0,0,0,0,0,0,0,0,0,0,0,0,0,0,0,0,2.80706e+0,1.50594e-1,1.95274e+0,0,0,0,0,0,8.82975e-3,0,0,0,0,0,0,0,2.13169e-1,1.34753e+0,0,0,0,0,0,0,7.73004e+0
"Eastern_Africa","DJI","Djibouti",1.00530e-3,9.24017e-4,2.48893e-3,2.66278e-4,1.72071e-2,0,0,0,6.53026e-2,8.68417e-1,4.29632e-3,0,0,0,0,0,0,0,0,0,0,0,0,0,0,0,0,0,0,0,0,0,0,7.67584e+0,3.46100e-1,0,0,0,0,0,0,0,0,0,0,0,0,0,0,3.37573e-1,1.10836e+0,0,0,0,0,0,0,1.04278e+1
"Eastern_Africa","ERI","Eritrea",6.53925e-4,3.65393e-4,1.01482e-3,0,1.10753e-2,0,0,0,5.91441e+0,6.33676e+0,8.69870e-2,0,0,0,0,0,0,0,0,0,0,0,0,0,0,0,0,0,0,0,0,0,0,5.93865e+1,2.14032e+0,0,0,0,0,0,2.04449e+0,8.76572e-2,0,0,0,0,0,0,0,4.17043e-1,8.61636e+0,0,0,0,0,0,0,8.50436e+1
"Eastern_Africa","ETH","Ethiopia",3.03244e-3,1.37022e-4,8.53107e-3,0,1.00809e-1,0,0,0,1.00513e+2,8.13345e+0,6.04093e-2,0,0,0,0,0,0,0,0,0,0,0,0,0,0,0,0,0,0,0,0,0,0,1.03717e+3,4.15642e+1,0,0,0,0,0,2.18590e+2,4.07091e+0,0,0,0,0,0,0,0,5.13277e+0,1.37278e+2,0,0,0,0,0,0,1.55263e+3
"Eastern_Africa","KEN","Kenya",7.68454e-4,3.25331e-3,4.05283e-2,6.59420e-3,2.85770e-1,1.80598e-2,2.93076e-3,0,4.29827e+1,1.17575e+2,6.76496e-1,0,0,0,0,0,0,0,0,0,0,0,0,0,0,0,0,0,0,0,0,0,0,4.03367e+2,1.30244e+1,1.27023e+0,0,0,0,0,3.72984e+0,7.60563e-1,0,0,0,0,0,0,0,2.43974e+0,5.58605e+1,0,0,0,0,0,0,6.42044e+2
"Eastern_Africa","MDG","Madagascar",2.20739e-3,2.74730e-4,2.36632e-3,9.89495e-4,1.01264e-1,1.16120e-5,0,0,1.26234e+1,1.81735e+0,3.54043e-3,0,0,0,0,0,0,0,0,0,0,0,0,0,0,0,0,0,0,0,0,0,0,3.15358e+2,1.04215e+1,2.27500e+2,0,0,0,0,5.36280e+1,7.84050e-1,3.46780e+1,9.35640e-2,0,0,0,0,0,3.30110e+0,3.40534e+1,0,0,0,0,0,0,6.94369e+2
"Eastern_Africa","MUS","Mauritius",1.11853e-3,3.12674e-4,1.19719e-3,1.29425e-4,2.70264e-2,1.16000e-6,0,0,2.82578e-1,1.02955e-1,2.59929e-3,0,0,0,0,0,0,0,0,0,0,0,0,0,0,0,0,0,0,0,0,0,0,1.76951e+0,7.39830e-2,8.72097e-3,0,0,0,0,0,1.19394e-1,0,0,0,0,0,0,0,1.69593e+0,4.29761e+0,0,0,0,0,0,0,8.38307e+0
"Eastern_Africa","MYT","Mayotte",0,0,0,0,0,0,0,0,0,0,0,0,0,0,0,0,0,0,0,0,0,0,0,0,0,0,0,0,0,0,0,0,0,0,0,0,0,0,0,0,0,0,0,0,0,0,0,0,0,1.09332e-1,3.56594e-1,0,0,0,0,0,0,4.65926e-1
"Eastern_Africa","REU","Reunion",7.02091e-4,1.14618e-4,5.49654e-4,3.76488e-4,3.29923e-2,0,0,0,1.93576e-1,0,1.88109e-3,0,0,0,0,0,0,0,0,0,0,0,0,0,0,0,0,0,0,0,0,0,0,1.23471e+0,2.17271e-1,0,0,0,0,0,0,4.62933e-2,0,0,0,0,0,0,0,1.44235e+0,1.90969e+0,0,0,0,0,0,0,5.08051e+0
"Eastern_Africa","RWA","Rwanda",2.54568e-4,2.93085e-5,1.79571e-4,7.77069e-5,1.00631e-2,0,0,0,1.87937e+1,1.55476e+0,4.80669e-4,0,0,0,0,0,0,0,0,0,0,0,0,0,0,0,0,0,0,0,0,0,0,2.42895e+1,8.92544e-1,2.35087e-1,0,0,0,0,1.86497e+0,3.59489e-1,0,0,0,0,0,0,0,2.32758e-1,1.75596e+1,0,0,0,0,0,0,6.57935e+1
"Eastern_Africa","SDN","Sudan",6.16410e-4,2.93076e-4,5.02416e-2,0,2.36233e-1,0,0,0,4.37319e+1,1.51962e+2,1.30885e+0,0,0,0,0,0,0,0,0,0,0,0,0,0,0,0,0,0,0,0,0,0,0,8.57032e+2,2.80070e+1,2.23712e+0,0,0,0,0,5.76264e+2,1.06421e+0,0,0,0,0,0,0,0,1.32961e+1,7.24916e+1,0,0,0,0,0,0,1.74768e+3
"Eastern_Africa","SOM","Somalia",6.34203e-4,1.33107e-4,9.90288e-4,8.60886e-4,7.39844e-2,0,0,0,1.47618e+1,2.53994e+1,3.47362e-3,0,0,0,0,0,0,0,0,0,0,0,0,0,0,0,0,0,0,0,0,0,0,4.37061e+2,1.94124e+1,8.34180e-1,0,0,0,0,6.46488e-3,1.44020e-1,0,0,0,0,0,0,0,2.03748e+0,1.89186e+1,0,0,0,0,0,0,5.18656e+2
"Eastern_Africa","SYC","Seychelles",5.74853e-4,8.16072e-5,3.80982e-4,3.60000e-8,3.19065e-3,0,0,0,1.01018e-2,0,6.45534e-4,0,0,0,0,0,0,0,0,0,0,0,0,0,0,0,0,0,0,0,0,0,0,1.22917e-1,2.41571e-2,0,0,0,0,0,0,5.08607e-6,0,0,0,0,0,0,0,1.09506e-1,2.81642e-1,0,0,0,0,0,0,5.53202e-1
"Eastern_Africa","UGA","Uganda",1.18691e-3,1.41503e-4,7.25073e-4,3.59850e-4,6.07740e-2,0,0,0,8.05324e+1,3.77915e+1,2.23177e-3,0,0,0,0,0,0,0,0,0,0,0,0,0,0,0,0,0,0,0,0,0,0,1.98292e+2,5.96295e+0,3.71589e+0,0,0,0,0,1.03145e+2,1.48628e+0,0,0,0,0,0,0,0,1.57470e+0,4.17058e+1,0,0,0,0,0,0,4.74272e+2
"Southern_Africa","AGO","Angola",4.52174e-4,2.51208e-3,9.00163e-3,0,1.48329e-1,0,0,0,6.76167e+0,5.34336e+1,2.29686e+2,0,0,0,0,0,0,0,0,0,0,0,0,0,0,0,0,0,0,0,0,0,0,1.10295e+2,3.61030e+0,3.79172e+0,0,0,0,0,3.75432e+2,1.88221e-1,1.00803e+1,0,0,0,0,0,0,4.54621e+0,3.23487e+1,0,0,0,0,0,0,8.30334e+2
"Southern_Africa","BWA","Botswana",3.04850e-3,5.59637e-5,3.65064e-2,2.50585e-5,5.02456e-2,4.30808e-4,0,0,2.39123e+0,6.38438e+0,1.36446e-3,0,0,0,0,0,0,0,0,0,0,0,0,0,0,0,0,0,0,0,0,0,0,1.43466e+2,3.37626e+0,0,0,0,0,0,8.44728e+1,4.42031e-2,0,2.22434e+0,0,0,0,0,0,2.43075e-1,3.51266e+0,0,0,0,0,0,0,2.46207e+2
"Southern_Africa","LSO","Lesotho",1.72347e-4,3.39072e-5,1.35708e-4,2.07156e-4,1.76427e-2,0,0,0,5.67985e+0,4.42417e+0,4.48500e-4,0,0,0,0,0,0,0,0,0,0,0,0,0,0,0,0,0,0,0,0,0,0,2.92872e+1,6.28692e-1,0,0,0,0,0,0,5.24446e-2,0,1.41754e+0,0,0,0,0,0,2.06371e-1,4.96569e+0,0,0,0,0,0,0,4.66806e+1
"Southern_Africa","MOZ","Mozambique",0,1.75330e-3,7.82932e-2,0,1.33807e-1,0,0,0,3.89967e+1,3.74129e+1,1.34513e-1,0,0,0,0,0,0,0,0,0,0,0,0,0,0,0,0,0,0,0,0,0,0,5.15263e+1,1.84420e+0,1.51669e+1,0,0,0,0,2.05344e+2,1.08579e+0,2.57502e+1,3.69336e+0,0,0,0,0,0,1.91570e+0,4.54342e+1,0,0,0,0,0,0,4.28519e+2
"Southern_Africa","MWI","Malawi",1.12057e-3,5.47788e-5,6.73701e-3,2.33454e-4,5.30610e-2,7.54780e-5,0,0,1.39962e+1,1.94523e+1,1.33708e-3,0,0,0,0,0,0,0,0,0,0,0,0,0,0,0,0,0,0,0,0,0,0,3.13792e+1,1.21000e+0,8.53139e+0,0,0,0,0,3.95208e+1,9.82971e-1,0,0,0,0,0,0,0,6.82574e-1,2.30288e+1,0,0,0,0,0,0,1.38847e+2
"Southern_Africa","NAM","Namibia",9.54714e-4,0,1.60993e-4,0,1.12504e-1,0,0,0,1.63581e-1,2.00525e+0,0,0,0,0,0,0,0,0,0,0,0,0,0,0,0,0,0,0,0,0,0,0,0,1.33784e+2,3.31391e+0,0,0,0,0,0,2.16619e+1,4.75380e-2,0,0,0,0,0,0,0,9.49155e-1,3.16170e+0,0,0,0,0,0,0,1.65201e+2
"Southern_Africa","SWZ","Swaziland",1.17340e-3,3.40755e-5,1.73996e-2,9.29561e-5,2.86687e-2,2.04372e-4,0,0,1.89317e+0,1.99538e+0,9.08370e-4,0,0,0,0,0,0,0,0,0,0,0,0,0,0,0,0,0,0,0,0,0,0,3.10702e+1,7.28220e-1,3.60214e-1,0,0,0,0,0,5.44837e-2,0,0,0,0,0,0,0,2.54267e-1,1.23100e+1,0,0,0,0,0,0,4.87144e+1
"Southern_Africa","TZA","Tanzania_United Republic of",9.67150e-3,5.86152e-4,6.65700e-3,0,1.76187e-1,0,2.93076e-4,0,5.97846e+1,3.72697e+1,1.78547e-1,0,0,0,0,0,0,0,0,0,0,0,0,0,0,0,0,0,0,0,0,0,0,3.94274e+2,1.39306e+1,4.60695e+1,0,0,0,0,2.79768e+2,2.71846e+0,7.96756e+1,0,0,0,0,0,0,1.92800e+0,6.62430e+1,0,0,0,0,0,0,9.82034e+2
"Southern_Africa","ZAF","South Africa",8.27722e-1,8.78896e-2,6.37265e+0,5.98712e-3,4.70932e+0,1.45449e-1,0,0,5.93756e+1,5.08477e+2,4.69150e+0,0,0,0,0,0,5.35300e-2,5.37890e+0,0,0,0,0,0,0,0,0,0,0,0,0,0,0,0,8.20961e+2,2.05695e+1,2.46462e-1,0,0,0,0,1.14343e+1,2.46452e+0,4.65936e+0,9.49627e+1,0,0,0,0,0,1.07481e+2,1.49781e+2,0,0,0,0,0,0,1.80269e+3
"Southern_Africa","ZMB","Zambia",3.49598e-3,3.89372e-3,1.84560e-1,0,1.98464e-1,1.98873e-3,5.86152e-4,0,1.51311e+1,4.12651e+1,2.15900e-1,0,0,0,0,0,0,0,0,0,0,0,0,0,0,0,0,0,0,0,0,0,0,8.05319e+1,2.75036e+0,4.17090e-1,0,0,0,0,5.56344e+2,3.18638e-1,2.48044e+2,0,0,0,0,0,0,3.79102e+0,2.18155e+1,0,0,0,0,0,0,9.71018e+2
"Southern_Africa","ZWE","Zimbabwe",5.18298e-3,0,1.96110e-1,0,2.70599e-1,2.32681e-2,0,0,1.93437e+1,2.13693e+1,0,0,0,0,0,0,0,7.22632e-1,0,0,0,0,0,0,0,0,0,0,0,0,0,0,0,2.75670e+2,7.53520e+0,8.68306e-2,0,0,0,0,5.64576e+1,3.88911e-1,0,0,0,0,0,0,0,3.07548e+0,2.30515e+1,0,0,0,0,0,0,4.08197e+2
"OECD_Europe","AUT","Austria",1.56964e-1,5.22918e-2,4.99207e-1,2.51208e-4,4.39970e+0,1.82251e-2,6.44768e-3,1.08857e-3,2.43932e+1,2.22821e+1,3.71156e+1,0,0,0,0,0,6.76500e-2,3.25920e-1,0,0,0,0,0,0,0,0,0,0,0,0,0,0,0,1.76159e+2,5.89242e+1,0,0,0,0,0,0,5.67413e-1,0,1.61383e+0,0,0,0,0,0,8.08845e+1,3.91644e+1,2.97692e-3,0,0,0,0,0,4.46635e+2
"OECD_Europe","BEL","Belgium",3.12408e-1,2.31241e-1,1.53203e+0,1.88406e-3,5.54953e+0,2.46958e-2,6.68213e-2,0,3.47861e+1,1.44330e+2,7.39160e+1,0,0,0,0,0,1.20000e-4,1.31291e+0,0,0,0,0,0,0,0,0,0,0,0,0,0,0,0,2.04832e+2,6.66686e+1,0,0,0,0,0,0,4.70645e-1,0,3.62544e-1,0,0,0,0,0,5.64245e+1,6.96083e+1,5.60640e+0,0,0,0,0,0,6.66037e+2
"OECD_Europe","CHE","Switzerland",1.04448e-3,9.17944e-3,3.41810e-1,2.11434e-3,4.68749e+0,1.73752e-3,2.34461e-3,0,7.43550e+0,7.56085e-3,1.43841e+1,0,0,0,0,0,9.99429e-2,1.22543e-2,0,0,0,0,0,0,0,0,0,0,0,0,0,0,0,1.43513e+2,4.04540e+1,0,0,0,0,0,0,1.05808e-1,3.66384e+0,0,0,0,0,0,0,2.71364e+1,1.11535e+1,1.04968e-5,4.68560e-3,0,0,0,0,2.53017e+2
"OECD_Europe","DEU","Germany",5.95102e+0,8.78123e-1,9.79017e+0,6.28019e-4,4.26084e+1,3.32766e-1,2.78130e-1,0,2.07688e+2,1.70131e+3,2.72888e+2,0,0,0,0,0,4.93076e+0,4.45330e+0,0,0,0,0,0,0,0,0,0,0,0,0,0,0,0,1.45876e+3,4.78683e+2,0,0,0,0,0,0,4.49921e+0,0,2.25509e+0,0,0,0,0,0,1.47897e+3,2.04232e+2,0,0,0,0,0,0,5.87851e+3
"OECD_Europe","DNK","Denmark",3.75384e-1,1.57827e-2,5.51887e-1,4.85669e-3,3.02725e+0,1.87652e-2,1.08731e-1,0,3.65213e+0,6.71715e-3,1.05515e+0,0,0,0,0,0,0,0,0,0,0,0,0,0,0,0,0,0,0,0,0,0,0,2.13778e+2,8.99004e+1,0,0,0,0,0,0,9.11279e-1,0,0,0,0,0,0,0,6.55141e+1,9.53764e+0,0,0,0,0,0,0,3.88458e+2
"OECD_Europe","ESP","Spain",2.84454e-1,1.27513e-1,2.05326e+0,2.53302e-2,1.06683e+1,5.87700e-2,3.68103e-1,6.28020e-4,3.61882e+1,1.55166e+2,1.33848e+1,0,0,0,0,0,6.46964e-1,1.15129e+0,0,0,0,0,0,0,0,0,0,0,0,0,0,0,0,4.60167e+2,1.91944e+2,2.42145e+1,0,0,0,0,0,2.28769e+0,0,2.68800e+1,0,0,0,0,0,2.03950e+2,1.21353e+2,1.05994e+0,0,0,0,0,0,1.25198e+3
"OECD_Europe","FIN","Finland",1.28610e-1,2.55813e-2,4.45488e-1,1.73752e-3,2.53615e+0,1.63327e-2,2.49115e-2,0,5.49172e+1,2.39319e+0,3.91942e+0,0,0,0,0,0,8.85096e-2,5.58631e-1,0,0,0,0,0,0,0,0,0,0,0,0,0,0,0,1.16129e+2,3.20607e+1,0,0,0,0,0,0,3.82839e-1,6.49344e-1,8.85840e-2,0,0,0,0,0,1.07790e+2,1.29832e+2,0,0,0,0,0,0,4.51987e+2
"OECD_Europe","FRA","France",1.43062e+0,4.50435e-1,5.30920e+0,9.69243e-3,3.07780e+1,9.66210e-2,1.94602e-1,0,2.13994e+2,4.81769e+2,8.76712e+2,0,0,0,0,0,2.09946e+0,4.21103e+0,0,0,0,0,0,0,0,0,0,0,0,0,0,0,0,1.56442e+3,4.12506e+2,3.95848e+0,0,0,0,0,0,5.69996e+0,0,1.52849e+0,0,0,0,0,0,3.98558e+2,1.77783e+2,3.10868e+1,0,0,0,0,0,4.21260e+3
"OECD_Europe","FRO","Faroe Islands",0,0,0,0,0,0,0,0,0,0,0,0,0,0,0,0,0,0,0,0,0,0,0,0,0,0,0,0,0,0,0,0,0,6.40812e-1,2.59793e-2,0,0,0,0,0,0,1.39644e-5,0,0,0,0,0,0,0,7.28061e-1,3.89864e-2,4.51377e-2,0,0,0,0,0,1.47899e+0
"OECD_Europe","GBR","United Kingdom",1.51688e+0,5.44467e-1,5.75982e+0,3.73253e-2,3.01600e+1,1.60746e-1,3.68397e-1,0,2.15096e+2,1.17327e+3,6.04784e+2,0,0,0,0,0,1.65213e+0,1.39133e+0,0,0,0,0,0,0,0,0,0,0,0,0,0,0,0,1.03717e+3,2.27400e+2,0,0,0,0,0,0,2.24550e+0,0,1.52256e+0,0,0,0,0,0,2.28159e+3,1.30236e+2,1.03848e+1,0,0,0,0,0,5.72528e+3
"OECD_Europe","GIB","Gibraltar",1.25604e-4,0,0,0,6.03457e-3,0,0,0,0,0,0,0,0,0,0,0,0,0,0,0,0,0,0,0,0,0,0,0,0,0,0,0,0,0,0,0,0,0,0,0,0,0,0,0,0,0,0,0,0,1.30329e-1,2.78280e-2,1.21105e-2,0,0,0,0,0,1.76428e-1
"OECD_Europe","GRC","Greece",1.22843e-1,2.50822e-2,3.80959e-1,5.63124e-3,2.34720e+0,9.28634e-3,1.18403e-1,0,8.52688e+0,2.08834e+1,3.63589e+0,0,0,0,0,0,4.42200e-3,1.07831e-1,0,0,0,0,0,0,0,0,0,0,0,0,0,0,0,1.63516e+2,3.71237e+1,6.52615e+0,0,0,0,0,0,1.07365e+0,9.96816e-2,2.76816e+0,0,0,0,0,0,6.74579e+1,1.56489e+1,4.77477e-5,0,0,0,0,0,3.30382e+2
"OECD_Europe","GRL","Greenland",0,0,0,0,0,0,0,0,0,0,0,0,0,0,0,0,0,0,0,0,0,0,0,0,0,0,0,0,0,0,0,0,0,1.15376e-1,1.96451e-3,0,0,0,0,0,0,0,0,0,0,0,0,0,0,5.48791e-1,1.76410e-1,1.45443e-2,0,0,0,0,0,8.57086e-1
"OECD_Europe","IRL","Ireland",2.74445e-2,4.72015e-3,1.93388e-1,5.86152e-4,1.59951e+0,8.16637e-3,0,0,2.18019e+1,1.78375e+0,2.96671e+0,0,0,0,0,0,0,0,0,0,0,0,0,0,0,0,0,0,0,0,0,0,0,3.91111e+2,6.83791e+1,0,0,0,0,0,0,2.42172e-1,0,1.46225e-1,0,0,0,0,0,5.82836e+1,5.27385e+0,0,0,0,0,0,0,5.51822e+2
"OECD_Europe","ISL","Iceland",1.75846e-3,0,1.48213e-2,3.76812e-4,1.36645e-1,0,3.51691e-3,0,3.56233e-2,0,0,0,0,0,0,0,0,1.93692e-1,0,0,0,0,0,0,0,0,0,0,0,0,0,0,0,1.21118e+1,1.29689e+0,0,0,0,0,0,0,1.09742e-4,0,0,0,0,0,0,0,2.44326e+0,4.20500e-1,1.18101e-1,0,0,0,0,0,1.67770e+1
"OECD_Europe","ITA","Italy",6.37140e-1,2.80672e-1,3.63925e+0,1.77101e-2,2.58309e+1,2.81897e-2,1.55038e-1,5.42610e-2,2.08485e+1,1.76972e+1,2.36145e+2,0,0,0,0,0,1.19381e+0,1.77297e+0,0,0,0,0,0,0,0,0,0,0,0,0,0,0,0,6.40502e+2,2.51442e+2,6.63313e+1,0,0,0,0,0,5.43092e+0,6.24240e-1,7.85976e+0,0,0,0,0,0,5.99082e+2,1.49468e+2,1.26565e+1,0,0,0,0,0,2.04170e+3
"OECD_Europe","LUX","Luxembourg",3.29502e-2,0,2.46846e-1,0,4.16633e-1,1.73752e-3,0,0,3.88606e-1,0,2.93848e+0,0,0,0,0,0,0,4.17620e-1,0,0,0,0,0,0,0,0,0,0,0,0,0,0,0,1.35286e+1,1.85432e+1,0,0,0,0,0,0,3.66418e-2,0,3.49464e-1,0,0,0,0,0,2.54280e+0,4.63327e-1,0,0,0,0,0,0,3.99069e+1
"OECD_Europe","NLD","Netherlands",8.57611e-1,2.09591e-1,5.93688e-1,4.14493e-3,7.95876e+0,7.47133e-3,3.86860e-1,0,6.48813e+0,4.31588e+0,2.98756e+2,0,0,0,0,0,2.98645e+0,2.26100e-1,0,0,0,0,0,0,0,0,0,0,0,0,0,0,0,3.41698e+2,1.34961e+2,0,0,0,0,0,0,2.96479e-1,0,2.35920e-2,0,0,0,0,0,4.26535e+2,3.72476e+1,0,0,0,0,0,0,1.26355e+3
"OECD_Europe","NOR","Norway",6.44768e-3,7.78127e-2,7.46245e-1,2.21901e-3,2.34920e+0,5.03881e-3,2.58493e-1,0,6.09789e+0,8.79317e+0,4.85541e+1,0,0,0,0,0,1.69381e+0,3.00745e+0,0,0,0,0,0,0,0,0,0,0,0,0,0,0,0,8.21646e+1,1.73936e+1,0,0,0,0,0,0,1.29952e-1,0,0,0,0,0,0,0,1.70810e+2,3.17870e+1,4.29162e+0,0,0,0,0,0,3.78169e+2
"OECD_Europe","PRT","Portugal",8.48988e-2,1.64751e-2,7.07971e-1,5.14976e-3,1.90082e+0,9.66943e-3,1.26023e-2,0,4.91308e+0,3.55623e+0,4.56148e+0,0,0,0,0,0,3.60000e-4,1.87878e-1,0,0,0,0,0,0,0,0,0,0,0,0,0,0,0,1.09490e+2,4.51746e+1,1.22321e+1,0,0,0,0,0,4.07705e-1,0,3.07584e+0,0,0,0,0,0,1.26078e+2,2.78540e+1,3.21823e-2,0,0,0,0,0,3.40301e+2
"OECD_Europe","SWE","Sweden",8.99978e-2,3.08540e-2,4.35907e+0,8.98068e-3,6.28630e+0,1.44215e-2,2.72560e-2,0,1.13693e+1,2.40979e+0,6.18470e+0,0,0,0,0,0,1.29968e-1,5.69514e-1,0,0,0,0,0,0,0,0,0,0,0,0,0,0,0,1.27997e+2,4.15144e+1,0,0,0,0,0,0,7.25945e-1,6.53664e-1,2.60208e-1,0,0,0,0,0,1.07827e+2,1.76470e+2,7.90245e-3,0,0,0,0,0,4.86936e+2
"Central Europe","ALB","Albania",2.05153e-3,6.53142e-3,3.85605e-2,0,2.30246e-1,0,0,0,1.43595e+1,3.38305e+0,1.85509e+1,0,0,0,0,0,0,1.29510e-1,0,0,0,0,0,0,0,0,0,0,0,0,0,0,0,4.35427e+1,7.16498e+0,1.42648e+0,0,0,0,0,0,2.85648e-1,0,7.39080e-1,0,0,0,0,0,1.77215e+0,3.68535e+0,2.11832e-2,0,0,0,0,0,9.53379e+1
"Central Europe","BGR","Bulgaria",1.68603e-1,1.86564e-2,4.09260e-1,0,1.98243e+0,1.67472e-4,0,0,2.13675e+1,3.10094e+1,5.58534e+0,0,0,0,0,0,1.13415e-1,4.21703e-1,0,0,0,0,0,0,0,0,0,0,0,0,0,0,0,2.28980e+2,3.97105e+1,6.13386e+0,0,0,0,0,0,2.20018e+0,0,1.69985e+0,0,0,0,0,0,2.06811e+2,4.31395e+1,0,0,0,0,0,0,5.89752e+2
"Central Europe","BIH","Bosnia and Herzegovina",4.21579e-2,0,1.65434e-1,0,5.00838e-1,0,0,0,8.12936e+0,5.28552e+1,7.32546e-1,0,0,0,0,0,7.16000e-5,6.65657e-2,0,0,0,0,0,0,0,0,0,0,0,0,0,0,0,7.56309e+1,1.18691e+1,0,0,0,0,0,0,3.79286e-1,0,0,0,0,0,0,0,2.12693e+0,5.72116e+0,2.57256e-2,0,0,0,0,0,1.58245e+2
"Central Europe","CYP","Cyprus",0,1.12416e-3,2.51208e-2,0,1.49667e-1,0,0,0,1.89243e-1,1.02955e-1,1.13417e-1,0,0,0,0,0,0,0,0,0,0,0,0,0,0,0,0,0,0,0,0,0,0,4.62771e+0,1.77001e+0,0,0,0,0,0,0,1.47393e-2,0,0,0,0,0,0,0,3.46557e+0,2.93924e+0,0,0,0,0,0,0,1.33988e+1
"Central Europe","CZE","Czech Republic",3.43629e-1,4.06958e-2,5.29391e+0,0,2.29644e+0,4.85669e-3,0,0,1.34901e+2,3.22572e+2,8.45632e+0,0,0,0,0,0,3.56510e-1,6.10260e-1,0,0,0,0,0,0,0,0,0,0,0,0,0,0,0,3.10262e+2,5.33945e+1,0,0,0,0,0,0,2.26973e+0,0,4.60104e+0,0,0,0,0,0,5.03155e+1,4.30489e+1,0,0,0,0,0,0,9.38768e+2
"Central Europe","EST","Estonia",2.79645e-1,0,4.40949e-1,0,5.27057e-1,2.09139e-1,4.60254e-3,0,6.58704e+0,2.11235e+1,3.50747e+0,0,0,0,0,0,0,0,0,0,0,0,0,0,0,0,0,0,0,0,0,0,0,5.84126e+1,1.09541e+1,2.55340e+0,0,0,0,0,0,2.31274e-1,0,0,0,0,0,0,0,1.15571e+1,6.49419e+0,0,0,0,0,0,0,1.22882e+2
"Central Europe","HRV","Croatia",2.50469e-2,4.48604e-2,6.61989e-2,0,8.96376e-1,2.05153e-3,0,0,1.48319e+1,5.11264e+0,2.65882e+1,0,0,0,0,0,4.27542e-3,2.27319e+0,0,0,0,0,0,0,0,0,0,0,0,0,0,0,0,7.88954e+1,1.50941e+1,0,0,0,0,0,0,7.64110e-1,0,9.94968e-1,0,0,0,0,0,1.06832e+1,1.41146e+1,0,0,0,0,0,0,1.70391e+2
"Central Europe","HUN","Hungary",3.30724e-1,2.28723e-2,6.83286e-1,0,2.11605e+0,5.54293e-2,2.96007e-2,0,3.54917e+1,4.13281e+1,6.99802e+1,0,0,0,0,0,7.65300e-2,2.90122e-1,0,0,0,0,0,0,0,0,0,0,0,0,0,0,0,2.13338e+2,5.94594e+1,9.94970e+0,0,0,0,0,0,3.50323e+0,0,1.48930e+0,0,0,0,0,0,5.20467e+1,4.14215e+1,0,0,0,0,0,0,5.31612e+2
"Central Europe","LTU","Lithuania",3.41055e-2,2.74835e-2,4.51149e+0,0,1.08025e+0,2.84262e-2,3.28753e-3,0,1.14189e+1,1.95789e-2,5.61972e+0,0,0,0,0,0,4.45326e-2,0,0,0,0,0,0,0,0,0,0,0,0,0,0,0,0,1.73677e+2,3.00986e+1,0,0,0,0,0,0,8.55966e-1,0,1.23720e+0,0,0,0,0,0,2.13138e+1,1.04440e+1,5.38206e-4,0,0,0,0,0,2.60415e+2
"Central Europe","LVA","Latvia",3.35861e-2,0,1.23297e+0,0,8.23890e-1,4.25176e-2,1.29394e-2,0,2.15232e+1,1.06480e-1,7.99706e+0,0,0,0,0,0,0,0,0,0,0,0,0,0,0,0,0,0,0,0,0,0,0,1.16804e+2,1.75928e+1,0,0,0,0,0,0,4.47271e-1,0,1.92254e-1,0,0,0,0,0,1.29765e+1,6.53110e+0,0,0,0,0,0,0,1.86316e+2
"Central Europe","MKD","Macedonia, the former Yugoslav Republic of",2.65400e-2,0,6.74001e-2,0,2.03569e-1,0,0,0,6.54467e+0,3.98127e+0,3.53561e+0,0,0,0,0,0,1.84370e-4,2.82103e+0,0,0,0,0,0,0,0,0,0,0,0,0,0,0,0,4.91843e+1,5.27662e+0,2.95995e+0,0,0,0,0,0,2.56948e-1,0,5.38032e-1,0,0,0,0,0,2.37663e+0,3.29024e+0,3.09635e-2,0,0,0,0,0,8.10939e+1
"Central Europe","MLT","Malta",0,0,0,0,6.87944e-2,0,0,0,1.38164e-2,0,0,0,0,0,0,0,0,0,0,0,0,0,0,0,0,0,0,0,0,0,0,0,0,1.34543e+0,5.62169e-1,0,0,0,0,0,0,1.42756e-3,0,0,0,0,0,0,0,3.34956e+0,4.13075e-1,0,0,0,0,0,0,5.75427e+0
"Central Europe","POL","Poland",2.47287e+0,2.52590e-1,3.88227e+0,0,5.36919e+0,3.28610e-1,6.79935e-2,0,2.33313e+2,3.84865e+3,1.21777e+2,0,0,0,0,0,5.22671e-1,1.89650e+0,0,0,0,0,0,0,0,0,0,0,0,0,0,0,0,1.08391e+3,1.97208e+2,0,0,0,0,0,0,6.46145e+0,0,3.15576e+0,0,0,0,0,0,2.27878e+2,1.23387e+2,3.36158e-1,0,0,0,0,0,5.86087e+3
"Central Europe","ROU","Romania",5.64713e-1,4.59459e-2,1.39567e+0,0,3.94336e+0,0,0,0,5.51781e+1,7.91501e+1,8.47831e+2,0,0,0,0,0,1.03835e+0,1.63884e+0,0,0,0,0,0,0,0,0,0,0,0,0,0,0,0,5.84973e+2,1.11704e+2,7.06108e+0,0,0,0,0,0,5.50999e+0,0,0,0,0,0,0,0,5.16620e+1,9.20234e+1,1.13161e-2,0,0,0,0,0,1.84373e+3
"Central Europe","SCG","Serbia and Montenegro",1.75651e-1,0,2.57940e-1,0,9.63532e-1,0,0,0,4.73449e+1,3.83566e+1,8.23962e+1,0,0,0,0,0,9.86888e-2,1.67370e-1,0,0,0,0,0,0,0,0,0,0,0,0,0,0,0,2.76376e+2,5.16604e+1,0,0,0,0,0,0,2.48034e+0,0,0,0,0,0,0,0,7.07516e+0,3.71062e+1,8.82486e-2,0,0,0,0,0,5.44547e+2
"Central Europe","SVK","Slovakia",5.53914e-2,2.79726e-2,9.67821e-1,0,9.98583e-1,0,0,0,1.37742e+1,7.54966e+0,2.90756e+1,0,0,0,0,0,5.61843e-2,1.01016e+0,0,0,0,0,0,0,0,0,0,0,0,0,0,0,0,1.34121e+2,2.72421e+1,0,0,0,0,0,0,1.66796e+0,0,4.38000e-1,0,0,0,0,0,1.54890e+1,2.53351e+1,0,0,0,0,0,0,2.57809e+2
"Central Europe","SVN","Slovenia",0,1.65637e-3,1.26417e-2,0,9.55693e-1,0,0,0,1.03425e+1,1.48336e+1,4.91941e-1,0,0,0,0,0,2.96479e-1,4.45512e-1,0,0,0,0,0,0,0,0,0,0,0,0,0,0,0,6.44223e+1,1.09001e+1,0,0,0,0,0,0,1.59589e-1,0,0,0,0,0,0,0,1.11867e+1,8.61939e+0,0,0,0,0,0,0,1.22668e+2
"Turkey","TUR","Turkey",9.14016e-2,4.84403e-2,5.35156e-1,2.95169e-3,3.43386e+0,8.73416e-2,1.91379e-1,0,1.12988e+2,1.06253e+2,6.15276e+0,0,0,0,0,0,3.85293e-1,4.23709e-1,0,0,0,0,0,0,0,0,0,0,0,0,0,0,0,9.90373e+2,1.67271e+2,2.94354e+1,0,0,0,0,0,2.54114e+1,0,1.36877e+0,0,0,0,0,0,1.21220e+2,1.92890e+2,0,0,0,0,0,0,1.75856e+3
"Ukraine +","BLR","Belarus",1.11707e-1,5.37482e-2,2.67626e+0,0,1.60104e+0,1.27667e-1,2.10402e-2,4.31412e-4,8.32343e+0,7.00792e-2,1.55055e+1,0,0,0,0,0,2.31660e-2,0,0,0,0,0,0,0,0,0,0,0,0,0,0,0,0,5.15969e+2,6.87864e+1,0,0,0,0,0,0,2.06178e+0,0,1.41401e-2,0,0,0,0,0,6.49028e+1,2.59433e+1,0,0,0,0,0,0,7.06191e+2
"Ukraine +","MDA","Moldova, Republic of",4.66574e-2,0,4.19157e-1,0,6.98957e-1,0,0,0,4.41867e+0,4.22290e-3,4.53268e+0,0,0,0,0,0,0,0,0,0,0,0,0,0,0,0,0,0,0,0,0,0,0,8.23374e+1,7.98538e+0,0,0,0,0,0,0,8.60186e-1,0,2.86872e-2,0,0,0,0,0,2.72393e+0,1.35526e+1,3.74393e-2,0,0,0,0,0,1.17646e+2
"Ukraine +","UKR","Ukraine",9.75616e-1,9.79355e-1,1.89600e+0,0,6.41956e+0,1.94610e-1,0,5.15538e-2,5.91603e+1,8.40324e+2,7.39188e+2,0,0,0,0,0,1.35965e+0,9.49907e+0,0,0,0,0,0,0,0,0,0,0,0,0,0,0,0,1.92933e+3,3.07437e+2,1.05561e+1,0,0,0,0,0,1.56371e+1,0,5.88072e-1,0,0,0,0,0,1.78291e+2,1.32880e+2,0,0,0,0,0,0,4.23477e+3
"Asia-Stan","KAZ","Kazakhstan",4.76162e-1,3.42269e-1,3.19440e-1,0,1.94931e+0,1.13219e-1,4.60254e-3,0,4.65762e+0,1.70281e+3,3.73283e+2,0,0,0,0,0,1.53660e-2,3.96459e+0,0,0,0,0,0,0,0,0,0,0,0,0,0,0,0,1.00369e+3,7.61870e+1,3.59458e+1,0,0,0,0,0,1.28561e+1,1.19602e+1,6.79728e+1,0,0,0,0,0,5.95125e+1,4.56187e+1,0,0,0,0,0,0,3.40167e+3
"Asia-Stan","KGZ","Kyrgyzstan",1.86674e-2,0,5.72751e-1,0,7.49181e-1,0,0,0,1.88406e-1,2.54147e+1,2.21351e+0,0,0,0,0,0,0,0,0,0,0,0,0,0,0,0,0,0,0,0,0,0,0,1.80007e+2,8.78258e+0,5.85916e-1,0,0,0,0,0,5.90238e-1,4.86192e-2,2.81016e+0,0,0,0,0,0,3.32302e+0,1.83820e+1,0,0,0,0,0,0,2.43687e+2
"Asia-Stan","TJK","Tajikistan",7.22556e-3,0,0,0,6.70891e-1,0,0,0,0,9.40970e+0,5.05916e+0,0,0,0,0,0,0,0,0,0,0,0,0,0,0,0,0,0,0,0,0,0,0,1.12155e+2,9.24211e+0,3.07696e+0,0,0,0,0,0,1.42346e-1,0,2.35327e-2,0,0,0,0,0,3.55219e+0,1.42677e+1,0,0,0,0,0,0,1.57607e+2
"Asia-Stan","TKM","Turkmenistan",4.74364e-2,2.81669e-1,0,0,6.73333e-1,0,0,0,0,0,6.25802e+2,0,0,0,0,0,1.10500e-3,0,0,0,0,0,0,0,0,0,0,0,0,0,0,0,0,1.06471e+2,1.11067e+1,8.62699e+0,0,0,0,0,0,3.13665e-1,1.15891e-2,9.23568e-2,0,0,0,0,0,4.74161e+0,1.59760e+1,0,0,0,0,0,0,7.74145e+2
"Asia-Stan","UZB","Uzbekistan",2.44610e-1,2.43997e-1,0,0,1.89971e+0,0,0,0,0,9.56846e+0,3.94209e+2,0,0,0,0,0,0,0,0,0,0,0,0,0,0,0,0,0,0,0,0,0,0,4.73663e+2,4.07236e+1,5.60755e+1,0,0,0,0,0,8.87595e-1,1.12795e-2,4.12128e-1,0,0,0,0,0,1.29280e+1,7.69472e+1,0,0,0,0,0,0,1.06781e+3
"Russia +","ARM","Armenia",9.09557e-3,0,5.30787e-3,0,6.05781e-1,0,0,0,3.66603e-1,0,9.98393e+0,0,0,0,0,0,0,0,0,0,0,0,0,0,0,0,0,0,0,0,0,0,0,4.71875e+1,6.69576e+0,0,0,0,0,0,0,1.26842e-1,0,1.99838e-2,0,0,0,0,0,5.76079e+0,4.57223e+0,0,0,0,0,0,0,7.53338e+1
"Russia +","AZE","Azerbaijan",4.90630e-2,4.11723e-2,1.48863e-1,0,9.31059e-1,0,0,0,4.32804e-1,0,1.46699e+2,0,0,0,0,0,1.50960e-2,0,0,0,0,0,0,0,0,0,0,0,0,0,0,0,0,1.61581e+2,2.52298e+1,4.34426e-1,0,0,0,0,0,5.56489e-1,0,2.03736e-2,0,0,0,0,0,1.22648e+1,3.87286e+1,0,0,0,0,0,0,3.87132e+2
"Russia +","GEO","Georgia",2.51023e-2,0,4.22157e-1,0,4.22055e-1,4.42142e-1,0,0,1.56362e+1,1.03497e+1,1.49482e+1,0,0,0,0,0,0,1.05202e+0,0,0,0,0,0,0,0,0,0,0,0,0,0,0,0,9.48806e+1,2.71478e+1,0,0,0,0,0,0,1.97289e-1,0,5.98968e-2,0,0,0,0,0,1.24455e+1,1.48144e+1,0,0,0,0,0,0,1.92843e+2
"Russia +","RUS","Russian Federation",6.10558e+0,1.82485e+0,1.87421e+1,0,3.07698e+1,1.76316e+0,2.67445e+0,2.55368e-1,3.07353e+2,3.78409e+3,8.40170e+3,0,0,0,0,0,4.57743e+0,9.55171e+0,0,0,0,0,0,0,0,0,0,0,0,0,0,0,0,4.71984e+3,7.09587e+2,1.15204e+2,0,0,0,0,0,4.27077e+1,3.68890e+1,1.39270e+2,0,0,0,0,0,7.71946e+2,9.41445e+2,0,0,0,0,0,0,2.00463e+4
"Middle_East","ARE","United Arab Emirates",8.58317e-2,5.27538e-3,1.34187e-1,0,5.22279e-1,0,0,0,1.57413e-2,4.19149e-2,1.19057e+3,0,0,0,0,0,0,0,0,0,0,0,0,0,0,0,0,0,0,0,0,0,0,4.85057e+0,2.32168e-1,0,0,0,0,0,0,3.67392e-5,0,0,0,0,0,0,0,2.88581e+0,2.55133e+0,0,0,0,0,0,0,1.20190e+3
"Middle_East","BHR","Bahrain",6.38443e-2,8.85056e-2,3.88116e-2,0,1.11749e-1,0,0,0,5.44284e-3,4.11820e-3,5.42095e+1,0,0,0,0,0,0,0,0,0,0,0,0,0,0,0,0,0,0,0,0,0,0,3.44516e-1,1.35881e-2,0,0,0,0,0,0,2.94114e-6,0,0,0,0,0,0,0,1.38715e+0,1.23861e+0,0,0,0,0,0,0,5.75059e+1
"Middle_East","IRN","Iran, Islamic Republic of",2.80408e-1,2.06959e-1,9.69663e-1,0,5.73892e+0,0,0,0,9.37150e+0,2.00858e+1,2.34862e+3,0,0,0,0,0,3.54366e-3,0,0,0,0,0,0,0,0,0,0,0,0,0,0,0,0,4.70657e+2,1.93611e+1,1.38900e+2,0,0,0,0,0,0,0,8.41536e-3,0,0,0,0,0,5.81420e+1,1.63267e+2,0,0,0,0,0,0,3.23561e+3
"Middle_East","IRQ","Iraq",2.21063e-2,1.72078e-2,1.55581e-1,0,1.37628e+0,0,0,0,6.27810e-1,8.23640e-1,9.65342e+2,0,0,0,0,0,0,0,0,0,0,0,0,0,0,0,0,0,0,0,0,0,0,1.39107e+2,5.91213e+0,2.18320e+1,0,0,0,0,0,1.03023e+0,0,9.08832e-1,0,0,0,0,0,3.72721e+1,4.86952e+1,0,0,0,0,0,0,1.22312e+3
"Middle_East","ISR","Israel",6.84541e-3,7.03380e-3,1.12290e-1,0,8.62094e-1,1.56377e-3,0,0,2.70049e-1,0,3.13540e+0,0,0,0,0,0,1.13564e-1,0,0,0,0,0,0,0,0,0,0,0,0,0,0,0,0,2.47836e+1,1.75871e+0,0,0,0,0,0,0,1.86594e-1,0,0,0,0,0,0,0,1.79657e+1,1.52419e+1,0,0,0,0,0,0,6.44453e+1
"Middle_East","JOR","Jordan",9.99642e-3,5.19889e-3,9.42030e-3,0,3.17016e-1,0,0,0,2.07766e-1,8.01199e-1,3.07552e-1,0,0,0,0,0,0,0,0,0,0,0,0,0,0,0,0,0,0,0,0,0,0,8.01264e+0,5.72868e-1,0,0,0,0,0,0,8.16635e-2,0,0,0,0,0,0,0,3.46207e+0,7.27972e+0,0,0,0,0,0,0,2.10671e+1
"Middle_East","KWT","Kuwait",6.15035e-2,1.33614e-1,8.91788e-2,0,7.79631e-1,0,0,0,3.76603e-1,2.91415e-2,4.95907e+2,0,0,0,0,0,0,0,0,0,0,0,0,0,0,0,0,0,0,0,0,0,0,1.99390e+0,6.40413e-2,0,0,0,0,0,0,2.07306e-5,0,0,0,0,0,0,0,6.97071e+0,6.92078e+0,0,0,0,0,0,0,5.13326e+2
"Middle_East","LBN","Lebanon",0,8.76651e-3,2.69211e-2,0,5.01873e-1,0,0,0,1.27163e+0,1.33841e+0,7.30281e-1,0,0,0,0,0,0,0,0,0,0,0,0,0,0,0,0,0,0,0,0,0,0,4.63740e+0,2.83176e-1,0,0,0,0,0,0,5.55032e-2,0,0,0,0,0,0,0,6.03010e+0,1.16973e+1,0,0,0,0,0,0,2.65813e+1
"Middle_East","OMN","Oman",1.54493e-2,0,1.63285e-3,0,2.60741e-1,0,0,0,1.17337e-1,7.09517e-2,7.30880e+2,0,0,0,0,0,0,0,0,0,0,0,0,0,0,0,0,0,0,0,0,0,0,8.61008e+0,3.62865e-1,0,0,0,0,0,0,2.19618e-3,0,0,0,0,0,0,0,6.03978e-1,3.52194e+0,0,0,0,0,0,0,7.44447e+2
"Middle_East","QAT","Qatar",8.32861e-2,2.17127e-2,2.51626e-2,1.59099e-3,1.49205e-1,0,0,0,1.71582e-2,6.17730e-3,2.33595e+2,0,0,0,0,0,3.90060e-2,0,0,0,0,0,0,0,0,0,0,0,0,0,0,0,0,1.27933e+0,6.79010e-2,0,0,0,0,0,0,2.06951e-4,0,0,0,0,0,0,0,1.55988e+0,1.94642e+0,0,0,0,0,0,0,2.38792e+2
"Middle_East","SAU","Saudi Arabia",3.67729e-1,5.23407e-1,2.13024e-1,5.58030e-3,2.58851e+0,0,0,0,1.07810e-1,4.64519e-1,3.22075e+3,0,0,0,0,0,2.46330e+0,0,0,0,0,0,0,0,0,0,0,0,0,0,0,0,0,4.82988e+1,2.15504e+0,9.93613e-2,0,0,0,0,0,3.31645e-1,0,0,0,0,0,0,0,2.46084e+1,3.32368e+1,0,0,0,0,0,0,3.33622e+3
"Middle_East","SYR","Syrian Arab Republic",9.79711e-3,1.33397e-2,1.62532e-1,0,9.16589e-1,0,0,0,2.74837e+0,2.05910e-1,4.62814e+1,0,0,0,0,0,0,0,0,0,0,0,0,0,0,0,0,0,0,0,0,0,0,6.92860e+1,2.70280e+0,1.71906e-2,0,0,0,0,0,1.50009e+0,0,1.32211e-1,0,0,0,0,0,9.85342e+0,2.85050e+1,0,0,0,0,0,0,1.62335e+2
"Middle_East","YEM","Yemen",3.14010e-3,8.03865e-3,0,0,3.92467e-1,0,0,0,2.47012e+0,3.80933e+0,9.70058e-1,0,0,0,0,0,0,0,0,0,0,0,0,0,0,0,0,0,0,0,0,0,0,7.03178e+1,3.14636e+0,0,0,0,0,0,0,8.72455e-1,0,0,0,0,0,0,0,1.53933e+0,2.98017e+1,0,0,0,0,0,0,1.13331e+2
"India +","AFG","Afghanistan",2.50735e-3,0,6.76142e-2,0,1.14775e-1,0,2.56345e-3,0,9.97092e+0,6.35197e+0,4.31473e+1,0,0,0,0,0,0,0,0,0,0,0,0,0,0,0,0,0,0,0,0,0,0,2.85702e+2,1.53297e+1,6.87953e+1,0,0,0,0,0,6.66347e-1,0,0,0,0,0,0,0,4.17171e+0,6.35785e+1,0,0,0,0,0,0,4.97902e+2
"India +","BGD","Bangladesh",2.61019e-2,4.35983e-3,9.00580e-2,0,1.56781e-1,4.69131e-3,1.69984e-2,0,1.43820e+2,1.99059e+1,1.61959e+1,0,0,0,0,0,0,0,0,0,0,0,0,0,0,0,0,0,0,0,0,0,0,7.02412e+2,6.88094e+1,2.89660e+3,0,0,0,0,2.44224e-1,1.00426e+1,1.83831e+1,0,0,0,0,0,0,2.99617e+1,3.28104e+2,0,0,0,0,0,0,4.23478e+3
"India +","BTN","Bhutan",8.49210e-6,0,5.63972e-3,0,2.30099e-4,0,6.72000e-6,0,1.18106e+1,3.81985e-1,0,0,0,0,0,0,0,0,0,0,0,0,0,0,0,0,0,0,0,0,0,0,0,9.71119e+0,1.01816e+0,8.68130e+0,0,0,0,0,0,2.21374e-1,0,0,0,0,0,0,0,1.75598e-1,4.71805e+0,0,0,0,0,0,0,3.67241e+1
"India +","IND","India",4.99295e-1,1.41787e-1,6.24356e+0,0,5.74443e+0,6.70400e-1,5.68568e-2,0,1.32513e+3,9.62287e+2,8.31122e+1,0,0,0,0,0,3.48062e-1,1.94968e+0,0,0,0,0,0,0,0,0,0,0,0,0,0,0,0,9.21440e+3,8.17047e+2,5.06684e+3,0,0,0,0,2.55288e+1,1.73473e+2,6.98496e+1,5.11128e-1,0,0,0,0,0,3.01648e+2,2.34305e+3,0,0,4.19400e+1,0,0,0,2.04405e+4
"India +","IOT","British Indian Ocean Territory",0,0,0,0,0,0,0,0,0,0,0,0,0,0,0,0,0,0,0,0,0,0,0,0,0,0,0,0,0,0,0,0,0,0,0,0,0,0,0,0,0,0,0,0,0,0,0,0,0,0,0,0,0,0,0,0,0,0,
"India +","LKA","Sri Lanka",3.01450e-4,1.87569e-3,5.58225e-1,1.94686e-3,3.14948e-1,6.42885e-3,8.79228e-4,0,2.42487e+1,1.03897e-1,3.98635e-1,0,0,0,0,0,0,0,0,0,0,0,0,0,0,0,0,0,0,0,0,0,0,1.09134e+2,8.77846e+0,3.25859e+2,0,0,0,0,1.57243e-1,2.46419e-1,1.65532e+0,0,0,0,0,0,0,1.94144e+1,6.47252e+1,0,0,0,0,0,0,5.55605e+2
"India +","MDV","Maldives",7.71273e-5,0,7.23666e-4,0,5.96571e-4,0,4.76000e-5,0,3.77330e-3,4.33458e-2,0,0,0,0,0,0,0,0,0,0,0,0,0,0,0,0,0,0,0,0,0,0,0,0,0,0,0,0,0,0,0,6.75476e-3,0,0,0,0,0,0,0,1.78963e-1,5.55410e-1,0,0,0,0,0,0,7.89692e-1
"India +","NPL","Nepal",5.52658e-4,0,1.53237e-2,0,3.40695e-2,0,0,0,5.17432e+1,3.69713e+0,0,0,0,0,0,0,0,0,0,0,0,0,0,0,0,0,0,0,0,0,0,0,0,3.19013e+2,2.66165e+1,4.33727e+2,0,0,0,0,7.83168e-1,5.91242e+0,3.49683e-1,0,0,0,0,0,0,9.52614e-1,5.86081e+1,0,0,0,0,0,0,9.01452e+2
"India +","PAK","Pakistan",1.24949e-1,4.04837e-3,3.10032e-1,0,1.08309e+0,1.58115e-2,0,0,9.71581e+1,2.31297e+1,2.25057e+2,0,0,0,0,0,0,0,0,0,0,0,0,0,0,0,0,0,0,0,0,0,0,1.43090e+3,1.03434e+2,9.29434e+2,0,0,0,0,1.24584e+0,6.20176e+0,8.29124e-2,9.33528e-2,0,0,0,0,0,4.14823e+1,2.93971e+2,0,0,0,0,0,0,3.15373e+3
"Korea","KOR","Korea, Republic of",2.72950e-2,7.22820e-2,9.71339e-1,8.22706e-3,1.21610e+0,3.34944e-4,1.38625e-1,2.80725e-1,1.03421e+2,2.57028e+2,6.80326e+0,0,0,0,0,0,4.71742e-1,6.05565e-1,0,0,0,0,0,0,0,0,0,0,0,0,0,0,0,1.11336e+2,5.14216e+0,6.52816e+2,0,0,0,0,0,8.62056e-1,0,3.10896e-1,0,0,0,0,0,3.24083e+1,1.86499e+2,0,0,0,0,0,0,1.36042e+3
"Korea","PRK","Korea, Democratic People's Republic of",1.21053e-1,1.00483e-4,4.26078e+0,0,8.56045e-1,0,0,0,5.99640e+1,3.29517e+2,3.28806e-2,0,0,0,0,0,0,4.52340e-1,0,0,0,0,0,0,0,0,0,0,0,0,0,0,0,5.43857e+1,8.35192e+0,2.44834e+2,0,0,0,0,0,3.23276e+0,0,3.62088e+1,0,0,0,0,0,1.44767e+1,8.27880e+1,1.08200e-1,0,0,0,0,0,8.39590e+2
"China +","CHN","China",1.73710e+0,8.53018e-1,5.36956e+1,0,1.06368e+1,7.80252e-1,0,5.01034e-1,3.44002e+3,5.98953e+3,6.43383e+2,0,0,0,0,0,3.95287e+0,8.48785e+0,0,0,0,0,0,0,0,0,0,0,0,0,0,0,0,4.63978e+3,8.45571e+2,2.12884e+4,0,0,0,0,5.88000e+0,9.38060e+0,1.29712e+1,6.55920e+1,0,0,0,0,0,4.71167e+2,3.91953e+3,3.00895e+0,0,9.00000e+1,0,0,0,4.15048e+4
"China +","HKG","Hong Kong",3.76812e-5,0,1.76850e-1,0,2.34463e-1,0,6.41836e-2,0,2.94332e-1,0,6.64218e-1,0,0,0,0,0,0,0,0,0,0,0,0,0,0,0,0,0,0,0,0,0,0,0,0,0,0,0,0,0,0,0,0,0,0,0,0,0,0,1.98341e+1,2.09169e+1,1.09892e-1,0,0,0,0,0,4.22950e+1
"China +","MAC","Macao",3.58921e-4,0,3.46392e-3,0,7.08112e-3,0,5.96092e-4,0,2.36548e-3,0,0,0,0,0,0,0,0,0,0,0,0,0,0,0,0,0,0,0,0,0,0,0,0,0,0,0,0,0,0,0,0,0,0,0,0,0,0,0,0,1.46830e+0,1.08274e+0,6.97788e-3,0,0,0,0,0,2.57189e+0
"China +","MNG","Mongolia",4.08791e-3,0,9.37965e-3,0,2.39655e-1,0,6.42553e-3,0,7.39529e+0,1.78381e+1,0,0,0,0,0,0,0,0,0,0,0,0,0,0,0,0,0,0,0,0,0,0,0,2.77986e+2,1.23653e+1,0,0,0,0,0,0,8.97755e-2,4.48267e-1,3.77544e+1,0,0,0,0,0,1.18775e+0,6.51184e+0,1.15542e-2,0,0,0,0,0,3.61847e+2
"China +","TWN","Taiwan_Province of China",4.70297e-2,6.25876e-2,1.04600e+0,0,1.85007e+0,1.87067e-2,7.32690e-3,0,1.60012e+0,4.18924e+1,3.24127e+1,0,0,0,0,0,0,5.26044e-1,0,0,0,0,0,0,0,0,0,0,0,0,0,0,0,1.84704e+1,3.71865e+1,0,0,0,0,0,0,0,0,0,0,0,0,0,0,3.67865e+1,8.98636e+1,2.18956e-1,0,0,0,0,0,2.61989e+2
"Southeastern Asia","BRN","Brunei Darussalam",1.63704e-2,9.91017e-2,1.00483e-3,0,8.58871e-2,0,0,0,4.62399e-2,9.98140e-3,1.66549e+2,0,0,0,0,0,0,0,0,0,0,0,0,0,0,0,0,0,0,0,0,0,0,8.86475e-1,1.26509e-1,1.01727e+0,0,0,0,0,0,2.46353e-2,1.87020e+1,0,0,0,0,0,0,8.21529e-1,7.43722e-1,2.77861e-2,0,0,0,0,0,1.89158e+2
"Southeastern Asia","KHM","Cambodia",1.02526e-4,0,2.89750e-2,0,2.60532e-3,0,9.23790e-5,0,4.87716e+1,1.56614e+0,0,0,0,0,0,0,0,0,0,0,0,0,0,0,0,0,0,0,0,0,0,0,0,6.38617e+1,7.24518e+0,2.44531e+2,0,0,0,0,4.56408e+1,7.32804e+0,0,0,0,0,0,0,0,2.53399e+0,3.23029e+1,7.32531e-2,0,0,0,0,0,4.53886e+2
"Southeastern Asia","LAO","Lao People's Democratic Republic",4.89911e-4,0,1.46665e-2,0,2.07546e-2,0,6.57594e-4,0,2.14569e+1,9.72616e-1,0,0,0,0,0,0,0,0,0,0,0,0,0,0,0,0,0,0,0,0,0,0,0,5.18509e+1,6.78203e+0,1.06660e+2,0,0,0,0,6.15816e+1,4.31692e+0,3.05510e+1,0,0,0,0,0,0,8.96332e-1,1.33597e+1,0,0,0,0,0,0,2.98465e+2
"Southeastern Asia","MMR","Myanmar",2.06929e-2,6.07086e-3,9.71337e-2,0,3.72573e-1,0,0,0,6.57815e+1,4.48598e+1,2.02256e+1,0,0,0,0,0,0,0,0,0,0,0,0,0,0,0,0,0,0,0,0,0,0,4.57471e+2,4.77790e+1,1.37552e+3,0,0,0,0,4.35864e+1,4.39753e+1,1.33702e+3,0,0,0,0,0,0,1.80603e+1,1.36843e+2,0,0,0,0,0,0,3.59162e+3
"Southeastern Asia","MYS","Malaysia",2.12353e-4,4.35427e-3,2.76538e-1,0,1.54555e+0,0,0,0,2.36735e+1,2.76949e+1,7.24545e+1,0,0,0,0,0,6.51900e-3,0,0,0,0,0,0,0,0,0,0,0,0,0,0,0,0,4.04404e+1,1.24939e+1,2.72330e+2,0,0,0,0,3.46560e+1,7.79213e+0,1.65036e+2,0,0,0,0,0,0,2.15363e+1,6.77918e+1,3.52657e-1,0,0,0,0,0,7.48085e+2
"Southeastern Asia","PHL","Philippines",8.51082e-2,5.77970e-2,1.68205e+0,3.97746e-4,1.67087e+0,0,7.94236e-2,0,8.36790e+1,6.91539e+1,2.52271e+0,0,0,0,0,0,1.85185e-2,4.72890e-1,0,0,0,0,0,0,0,0,0,0,0,0,0,0,0,2.72630e+2,4.40269e+1,1.27269e+3,0,0,0,0,5.14944e+0,4.97593e+1,7.45076e+0,0,0,0,0,0,0,5.52494e+1,2.12323e+2,0,0,0,0,0,0,2.07870e+3
"Southeastern Asia","SGP","Singapore",1.23990e-4,3.15329e-2,2.54557e-2,0,4.61271e-1,0,0,0,2.40330e-2,3.08865e+0,1.13029e+1,0,0,0,0,0,0,0,0,0,0,0,0,0,0,0,0,0,0,0,0,0,0,1.36099e+0,3.66924e+0,0,0,0,0,0,9.73968e-1,1.00726e-3,0,0,0,0,0,0,0,3.83433e+0,1.10036e+1,2.27852e+0,0,0,0,0,0,3.80556e+1
"Southeastern Asia","THA","Thailand",9.07296e-3,1.78498e-2,2.26187e+0,0,2.53315e+0,0,4.98229e-3,0,1.18641e+2,2.78851e+2,2.23197e+0,0,0,0,0,0,0,0,0,0,0,0,0,0,0,0,0,0,0,0,0,0,0,6.03798e+2,3.94650e+1,2.43555e+3,0,0,0,0,5.40936e+1,5.02758e+1,1.85973e+1,0,0,0,0,0,0,6.59690e+1,1.93462e+2,9.61922e-1,0,0,0,0,0,3.86672e+3
"Southeastern Asia","TLS","Timor-Leste",0,0,2.53533e-3,0,0,0,0,0,1.61853e-1,0,0,0,0,0,0,0,0,0,0,0,0,0,0,0,0,0,0,0,0,0,0,0,0,8.80664e+0,7.28888e-1,4.67295e+0,0,0,0,0,0,2.61463e-1,0,0,0,0,0,0,0,1.15098e-1,2.49753e+0,3.15681e-3,0,0,0,0,0,1.72501e+1
"Southeastern Asia","VNM","Viet Nam",2.35633e-2,0,1.42351e-3,0,2.90945e-1,0,0,0,1.58688e+2,1.14466e+2,1.22382e+1,0,0,0,0,0,0,0,0,0,0,0,0,0,0,0,0,0,0,0,0,0,0,2.17623e+2,5.79021e+1,1.91531e+3,0,0,0,0,2.10185e+1,3.74445e+1,9.02224e-1,0,0,0,0,0,0,2.69777e+1,2.23923e+2,0,0,0,0,0,0,2.78681e+3
"Indonesia +","IDN","Indonesia",2.61553e-2,1.49560e-1,3.93475e-1,5.33817e-3,3.77769e+0,2.17714e-3,2.72560e-2,0,6.56696e+2,7.39329e+1,7.86459e+2,0,0,0,0,0,1.70245e-2,0,0,0,0,0,0,0,0,0,0,0,0,0,0,0,0,6.90993e+2,3.80500e+1,2.61095e+3,0,0,0,0,1.03481e+2,1.04228e+2,4.67092e+2,0,3.68457e+3,0,0,0,0,1.32019e+2,5.91642e+2,1.88327e+0,0,0,0,0,0,9.94639e+3
"Indonesia +","PNG","Papua New Guinea",5.13156e-3,0,2.20019e-2,0,2.80480e-2,0,3.78653e-3,0,1.73857e+1,2.92078e-1,0,0,0,0,0,0,0,0,0,0,0,0,0,0,0,0,0,0,0,0,0,0,0,7.67152e+0,3.51045e+0,1.58162e-1,0,0,0,0,2.59536e+1,2.55700e-1,5.02676e+1,0,0,0,0,0,0,1.32900e+0,1.08942e+1,4.43836e-2,0,0,0,0,0,1.17821e+2
"Japan","JPN","Japan",3.95114e+0,6.88370e-1,9.63995e+0,4.04653e-2,1.38691e+1,2.11804e-1,1.58056e+0,1.97198e-2,3.07106e+1,5.42792e+2,3.19552e+1,0,0,0,0,0,5.57608e+0,1.04380e+1,0,0,0,0,0,0,0,0,0,0,0,0,0,0,0,3.73556e+2,1.82801e+2,2.01328e+3,0,0,0,0,0,4.47362e-1,7.38768e+0,3.16128e+0,0,0,0,0,0,2.69604e+2,3.81506e+2,1.93342e+2,6.83732e-1,0,0,0,0,4.07724e+3
"Oceania","ASM","American Samoa",0,0,0,0,0,0,0,0,3.28443e-5,0,0,0,0,0,0,0,0,0,0,0,0,0,0,0,0,0,0,0,0,0,0,0,0,2.09586e-2,1.21292e-1,0,0,0,0,0,0,1.49642e-5,0,0,0,0,0,0,0,1.45935e-1,3.71092e-2,0,0,0,0,0,0,3.25343e-1
"Oceania","ATF","French Southern Territories",0,0,0,0,0,0,0,0,0,0,0,0,0,0,0,0,0,0,0,0,0,0,0,0,0,0,0,0,0,0,0,0,0,0,0,0,0,0,0,0,0,0,0,0,0,0,0,0,0,0,0,0,0,0,0,0,0,0,
"Oceania","AUS","Australia",8.98335e-1,2.51633e-1,4.51362e+0,2.10596e-2,1.45753e+1,1.07707e-1,2.87508e-1,0,3.58771e+1,5.69813e+2,1.32274e+2,0,0,0,0,0,5.15772e-3,9.19186e-1,0,0,0,0,0,0,0,0,0,0,0,0,0,0,0,2.96670e+3,2.00391e+2,4.37070e+1,0,0,0,0,6.57312e+2,2.24358e+1,7.97300e+1,1.70527e+2,0,0,0,0,0,3.41230e+2,4.33600e+1,4.00586e-3,0,6.00000e-1,0,0,0,5.28554e+3
"Oceania","CCK","Cocos (Keeling) Islands",0,0,0,0,0,0,0,0,0,0,0,0,0,0,0,0,0,0,0,0,0,0,0,0,0,0,0,0,0,0,0,0,0,0,0,0,0,0,0,0,0,0,0,0,0,0,0,0,0,0,0,0,0,0,0,0,0,0,
"Oceania","COK","Cook Islands",0,0,0,0,0,0,0,0,8.74569e-3,0,0,0,0,0,0,0,0,0,0,0,0,0,0,0,0,0,0,0,0,0,0,0,0,1.98988e-1,6.36057e-2,0,0,0,0,0,0,3.98464e-3,0,0,0,0,0,0,0,0,2.63760e-2,0,0,0,0,0,0,3.01700e-1
"Oceania","CXR","Christmas Island",0,0,0,0,0,0,0,0,0,0,0,0,0,0,0,0,0,0,0,0,0,0,0,0,0,0,0,0,0,0,0,0,0,0,0,0,0,0,0,0,0,0,0,0,0,0,0,0,0,0,0,0,0,0,0,0,0,0,
"Oceania","FJI","Fiji",8.70139e-3,0,4.86294e-3,0,4.35522e-2,0,3.27019e-3,0,6.73964e-1,1.52792e-1,0,0,0,0,0,0,0,0,0,0,0,0,0,0,0,0,0,0,0,0,0,0,0,1.32296e+1,2.10238e+0,3.20088e+0,0,0,0,0,0,2.66657e-1,0,0,0,0,0,0,0,1.39840e+0,1.50015e+0,0,0,0,0,0,0,2.25852e+1
"Oceania","FSM","Micronesia, Federated States of",0,0,0,0,0,0,0,0,0,2.40810e-2,0,0,0,0,0,0,0,0,0,0,0,0,0,0,0,0,0,0,0,0,0,0,0,3.66295e-1,1.41001e-2,2.75049e-2,0,0,0,0,0,0,0,0,0,0,0,0,0,1.38532e-1,7.76862e-2,0,0,0,0,0,0,6.48199e-1
"Oceania","GUM","Guam",0,0,0,0,0,0,0,0,2.22227e-3,0,0,0,0,0,0,0,0,0,0,0,0,0,0,0,0,0,0,0,0,0,0,0,0,1.19710e-1,1.23733e-1,0,0,0,0,0,0,1.01249e-3,0,0,0,0,0,0,0,6.78189e-1,7.82029e-1,0,0,0,0,0,0,1.70690e+0
"Oceania","HMD","Heard Island and McDonald Islands",0,0,0,0,0,0,0,0,0,0,0,0,0,0,0,0,0,0,0,0,0,0,0,0,0,0,0,0,0,0,0,0,0,0,0,0,0,0,0,0,0,0,0,0,0,0,0,0,0,0,0,0,0,0,0,0,0,0,
"Oceania","KIR","Kiribati",1.06797e-4,0,2.62905e-4,0,1.06485e-3,0,5.14640e-5,0,1.31332e-2,1.30875e-2,0,0,0,0,0,0,0,0,0,0,0,0,0,0,0,0,0,0,0,0,0,0,0,1.00000e-2,4.14232e-2,0,0,0,0,0,0,5.78694e-3,0,0,0,0,0,0,0,1.26948e-1,1.21225e-1,0,0,0,0,0,0,3.33089e-1
"Oceania","MHL","Marshall Islands",0,0,0,0,0,0,0,0,0,0,0,0,0,0,0,0,0,0,0,0,0,0,0,0,0,0,0,0,0,0,0,0,0,0,0,0,0,0,0,0,0,0,0,0,0,0,0,0,0,1.06725e-1,2.99706e-2,0,0,0,0,0,0,1.36696e-1
"Oceania","MNP","Northern Mariana Islands",0,0,0,0,0,0,0,0,2.99736e-3,0,0,0,0,0,0,0,0,0,0,0,0,0,0,0,0,0,0,0,0,0,0,0,0,0,1.67846e-5,0,0,0,0,0,0,1.36563e-3,0,0,0,0,0,0,0,1.18025e-1,1.78326e-2,0,0,0,0,0,0,1.40237e-1
"Oceania","NCL","New Caledonia",1.78936e-3,0,1.01213e-2,0,4.13194e-2,0,2.33064e-3,0,4.92726e-2,2.61401e-2,0,0,0,0,0,0,0,0,0,0,0,0,0,0,0,0,0,0,0,0,0,0,0,6.49989e+0,6.68430e-1,0,0,0,0,0,0,2.74885e-3,0,0,0,0,0,0,0,7.89549e-1,1.60016e-1,0,0,0,0,0,0,8.25161e+0
"Oceania","NFK","Norfolk Island",0,0,0,0,0,0,0,0,0,0,0,0,0,0,0,0,0,0,0,0,0,0,0,0,0,0,0,0,0,0,0,0,0,0,0,0,0,0,0,0,0,0,0,0,0,0,0,0,0,0,3.98799e-3,0,0,0,0,0,0,3.98799e-3
"Oceania","NIU","Niue",0,0,0,0,0,0,0,0,1.20409e-4,8.37600e-4,0,0,0,0,0,0,0,0,0,0,0,0,0,0,0,0,0,0,0,0,0,0,0,4.99414e-2,1.81310e-2,0,0,0,0,0,0,5.48597e-5,0,0,0,0,0,0,0,3.93193e-3,6.81370e-3,0,0,0,0,0,0,7.98309e-2
"Oceania","NRU","Nauru",0,0,0,0,0,0,0,0,0,0,0,0,0,0,0,0,0,0,0,0,0,0,0,0,0,0,0,0,0,0,0,0,0,1.50000e-3,4.32335e-3,0,0,0,0,0,0,0,0,0,0,0,0,0,0,4.68510e-2,9.64108e-3,0,0,0,0,0,0,6.23154e-2
"Oceania","NZL","New Zealand",1.37676e-1,1.81707e-2,6.83392e-1,3.20290e-3,2.27420e+0,0,5.56844e-3,8.79228e-3,8.60760e+0,1.32201e+1,1.37809e+1,0,0,0,0,0,0,0,0,0,0,0,0,0,0,0,0,0,0,0,0,0,0,1.02762e+3,7.64690e+1,0,0,0,0,0,0,8.89469e-1,0,0,0,0,0,0,0,7.32581e+1,8.85648e+0,0,0,0,0,0,0,1.22583e+3
"Oceania","PCN","Pitcairn",0,0,0,0,0,0,0,0,0,0,0,0,0,0,0,0,0,0,0,0,0,0,0,0,0,0,0,0,0,0,0,0,0,0,0,0,0,0,0,0,0,0,0,0,0,0,0,0,0,0,1.07686e-3,0,0,0,0,0,0,1.07686e-3
"Oceania","PLW","Palau",0,0,0,0,0,0,0,0,0,0,0,0,0,0,0,0,0,0,0,0,0,0,0,0,0,0,0,0,0,0,0,0,0,0,0,0,0,0,0,0,0,0,0,0,0,0,0,0,0,0,3.54222e-2,0,0,0,0,0,0,3.54222e-2
"Oceania","PYF","French Polynesia",1.18040e-3,0,1.45187e-3,0,8.95857e-3,0,5.42388e-4,0,1.39885e-2,0,0,0,0,0,0,0,0,0,0,0,0,0,0,0,0,0,0,0,0,0,0,0,0,5.07445e-1,2.68335e-1,0,0,0,0,0,0,6.11843e-3,0,0,0,0,0,0,0,8.14620e-1,5.57908e-1,0,0,0,0,0,0,2.18055e+0
"Oceania","SLB","Solomon Islands",8.49318e-4,0,1.19145e-3,0,4.26496e-3,0,3.18738e-4,0,3.52136e-1,4.94184e-2,0,0,0,0,0,0,0,0,0,0,0,0,0,0,0,0,0,0,0,0,0,0,0,8.14973e+1,2.33003e+0,6.66993e-1,0,0,0,0,0,1.26593e-2,0,0,0,0,0,0,0,7.39086e-2,2.99341e-1,0,0,0,0,0,0,8.52884e+1
"Oceania","TKL","Tokelau",0,0,0,0,0,0,0,0,3.81141e-4,0,0,0,0,0,0,0,0,0,0,0,0,0,0,0,0,0,0,0,0,0,0,0,0,9.00000e-4,2.76943e-3,0,0,0,0,0,0,1.73652e-4,0,0,0,0,0,0,0,0,1.20087e-2,0,0,0,0,0,0,1.62329e-2
"Oceania","TON","Tonga",0,0,0,0,5.03170e-3,0,0,0,1.05539e-2,1.86366e-2,0,0,0,0,0,0,0,0,0,0,0,0,0,0,0,0,0,0,0,0,0,0,0,6.39919e-1,9.71509e-1,0,0,0,0,0,0,4.80850e-3,0,0,0,0,0,0,0,1.41255e-1,5.74786e-1,0,0,0,0,0,0,2.36650e+0
"Oceania","TUV","Tuvalu",0,0,0,0,0,0,0,0,0,0,0,0,0,0,0,0,0,0,0,0,0,0,0,0,0,0,0,0,0,0,0,0,0,5.60000e-3,1.64504e-2,0,0,0,0,0,0,0,0,0,0,0,0,0,0,5.41858e-3,5.31889e-2,0,0,0,0,0,0,8.06578e-2
"Oceania","VUT","Vanuatu",5.08496e-4,0,7.36623e-4,0,5.90646e-3,0,3.93687e-4,0,1.28389e-1,2.04863e-2,0,0,0,0,0,0,0,0,0,0,0,0,0,0,0,0,0,0,0,0,0,0,0,6.36242e+0,1.06934e+0,0,0,0,0,0,0,2.18723e-2,0,0,0,0,0,0,0,9.54255e-2,5.53436e-1,0,0,0,0,0,0,8.25892e+0
"Oceania","WLF","Wallis and Futuna",0,0,0,0,0,0,0,0,2.26401e-3,0,0,0,0,0,0,0,0,0,0,0,0,0,0,0,0,0,0,0,0,0,0,0,0,5.01497e-2,3.07517e-2,0,0,0,0,0,0,1.03151e-3,0,0,0,0,0,0,0,0,5.45795e-2,0,0,0,0,0,0,1.38776e-1
"Oceania","WSM","Samoa",2.67671e-4,0,7.94841e-4,0,7.94122e-3,0,3.11416e-4,0,2.49066e-1,2.43602e-2,0,0,0,0,0,0,0,0,0,0,0,0,0,0,0,0,0,0,0,0,0,0,0,1.46929e+0,6.69829e-1,0,0,0,0,0,0,2.48531e-3,0,0,0,0,0,0,0,2.14521e-1,8.89857e-1,0,0,0,0,0,0,3.52873e+0
"Antartica","ATA","Antarctica",0,0,0,0,0,0,0,0,0,0,0,0,0,0,0,0,0,0,0,0,0,0,0,0,0,0,0,0,0,0,0,0,0,0,0,0,0,0,0,0,0,0,0,0,0,0,0,0,0,0,0,0,0,0,0,0,0,0,
"Int. Shipping","SEA","Int. Shipping",0,0,0,0,0,0,0,0,0,0,3.48096e+0,0,3.09772e+1,0,0,0,0,0,0,0,0,0,0,0,0,0,0,0,0,0,0,0,0,0,0,0,0,0,0,0,0,0,0,0,0,0,0,0,0,0,0,0,0,0,0,0,0,3.44582e+1
"Int. Aviation","AIR","Int. Aviation",0,0,0,0,0,0,0,0,0,0,0,1.35819e+0,0,0,0,0,0,0,0,0,0,0,0,0,0,0,0,0,0,0,0,0,0,0,0,0,0,0,0,0,0,0,0,0,0,0,0,0,0,0,0,0,0,0,0,0,0,1.35819e+0

"TOTALS",,,5.16450e+1,2.44432e+1,2.88359e+2,1.30496e+0,7.96977e+2,9.26993e+0,9.62403e+0,2.65393e+0,1.08729e+4,2.97023e+4,3.96340e+4,1.35819e+0,3.09772e+1,0,0,0,6.18898e+1,9.58067e+1,0,0,0,0,0,0,0,0,0,0,0,0,0,0,0,7.90869e+4,9.86833e+3,4.73574e+4,0,0,0,0,6.98706e+3,9.65989e+2,7.90955e+3,8.76936e+2,3.68457e+3,0,0,0,0,1.94979e+4,1.77728e+4,2.78695e+2,6.88418e-1,1.47540e+2,0,0,0,02.76018e+5