"Content:","Emissions by country and main source category" 
"Compound:","CH4"
"Year: ","1971"
"Unit:","Gg CH4"
"Source:","European Commission, Joint Research Centre (JRC)/PBL Netherlands Environmental Assessment Agency. Emission Database for Global Atmospheric Research (EDGAR), release version 4.2. http://edgar.jrc.ec.europe.eu, 2010" 
"Dataset:","v4.2_EM_CH4_300911(edgar)"
"Date calculated:","November 30, 1999, 12:00 am"

,,,"Public electricity and heat production","Other Energy Industries","Manufacturing Industries and Construction","Domestic aviation","Road transportation","Rail transportation","Inland navigation","Other transportation","Residential and other sectors","Fugitive emissions from solid fuels","Fugitive emissions from oil and gas","Memo: International aviation","Memo: International navigation","Cement production","Lime production","Production of other minerals","Production of chemicals","Production of metals","Production of pulp/paper/food/drink","Production of halocarbons and SF6","Refrigeration and Air Conditioning","Foam Blowing","Fire Extinguishers","Aerosols","F-gas as Solvent","Semiconductor/Electronics Manufacture","Electrical Equipment","Other F-gas use","Non-energy use of lubricants/waxes (CO2)","Solvent and other product use: paint","Solvent and other product use: degrease","Solvent and other product use: chemicals","Solvent and other product use: other","Enteric fermentation","Manure management","Rice cultivation","Direct soil emissions","Manure in pasture/range/paddock","Indirect N2O from agriculture","Other direct soil emissions","Savanna burning","Agricultural waste burning","Forest fires","Grassland fires","Peat fires and decay of drained peatland","Other vegetation fires","Other biomass burning","Forest Fires-Post burn decay","Forest Land: net carbon stock change","Solid waste disposal on land","Wastewater handling","Waste incineration","Other waste handling","Fossil fuel fires","Indirect N2O from non-agricultural NOx","Indirect N2O from non-agricultural NH3","Other sources",

"World Region","ISO_A3","Country","1A1a","1A1bc","1A2","1A3a","1A3b","1A3c","1A3d","1A3e","1A4","1B1","1B2","1C1","1C2","2A1","2A2","2A7","2B","2C","2D","2E","2F1","2F2","2F3","2F4","2F5","2F7","2F8","2F9","2G","3A","3B","3C","3D","4A","4B","4C","4D1","4D2","4D3","4D4","4E","4F","5A","5C","5D","5F","5F1","5F2","5FL","6A","6B","6C","6D","7A","7B","7C","7D","TOTAL" 
"Canada","CAN","Canada",6.60388e-1,1.05649e+0,9.41954e+0,4.29775e-2,3.96831e+1,3.62100e-1,4.18513e-1,0,5.31039e+1,5.86142e+1,1.16656e+3,0,0,0,0,0,3.59900e+0,1.88991e+0,0,0,0,0,0,0,0,0,0,0,0,0,0,0,0,6.68436e+2,2.31143e+2,0,0,0,0,0,0,5.39759e+0,1.24262e+2,1.03927e+2,0,0,0,0,0,6.09832e+2,1.60462e+2,6.56026e+0,0,0,0,0,0,3.24543e+3
"USA","SPM","Saint Pierre and Miquelon",0,0,0,0,0,0,0,0,0,0,0,0,0,0,0,0,0,0,0,0,0,0,0,0,0,0,0,0,0,0,0,0,0,4.28630e-4,3.41244e-5,0,0,0,0,0,0,0,0,0,0,0,0,0,0,2.68591e-2,9.22285e-3,6.30599e-4,0,0,0,0,0,3.71753e-2
"USA","UMI","United States Minor Outlying Islands",0,0,0,0,0,0,0,0,0,0,0,0,0,0,0,0,0,0,0,0,0,0,0,0,0,0,0,0,0,0,0,0,0,0,0,0,0,0,0,0,0,0,0,0,0,0,0,0,0,0,0,0,0,0,0,0,0,0,
"USA","USA","United States",1.11399e+1,8.59609e+0,6.56764e+1,9.56391e-1,4.89489e+2,2.14375e+0,1.39387e+0,7.26159e-1,4.04366e+2,3.19934e+3,7.42758e+3,0,0,0,0,0,1.24393e+1,3.65406e+0,0,0,0,0,0,0,0,0,0,0,0,0,0,0,0,6.52880e+3,2.00946e+3,3.55036e+2,0,0,0,0,6.42672e-1,3.78343e+1,5.91120e+1,2.06753e+1,0,0,0,0,0,6.37680e+3,5.64062e+2,0,0,1.50000e+1,0,0,0,2.75949e+4
"Mexico","MEX","Mexico",1.27292e-1,3.14881e-1,2.61047e+0,0,7.40979e+0,0,0,3.64881e-1,6.09670e+1,3.75829e+1,7.05593e+2,0,0,0,0,0,3.36689e-1,2.20033e+0,0,0,0,0,0,0,0,0,0,0,0,0,0,0,0,1.51218e+3,1.05266e+2,3.15016e+1,0,0,0,0,1.66464e+1,2.11265e+1,4.25954e+1,9.34848e-2,0,0,0,0,0,1.02413e+2,2.77673e+2,0,0,0,0,0,0,2.92700e+3
"Rest Central America","ABW","Aruba",1.50207e-3,0,7.26810e-3,0,0,0,0,0,3.23000e-4,1.11568e-2,0,0,0,0,0,0,0,0,0,0,0,0,0,0,0,0,0,0,0,0,0,0,0,3.39370e-2,4.18740e-3,0,0,0,0,0,0,0,0,0,0,0,0,0,0,1.68024e-1,2.71369e-1,0,0,0,0,0,0,4.97767e-1
"Rest Central America","AIA","Anguilla",1.76700e-4,0,8.55060e-4,0,0,0,0,0,3.80000e-5,3.64725e-1,0,0,0,0,0,0,0,0,0,0,0,0,0,0,0,0,0,0,0,0,0,0,0,0,0,0,0,0,0,0,0,0,0,0,0,0,0,0,0,5.25364e-3,2.24450e-2,0,0,0,0,0,0,3.93493e-1
"Rest Central America","ANT","Netherlands Antilles",0,1.43170e-1,1.79739e-1,1.10950e-3,1.54898e-1,0,0,0,3.83093e-2,2.20934e-2,1.07438e+1,0,0,0,0,0,0,0,0,0,0,0,0,0,0,0,0,0,0,0,0,0,0,3.60251e-1,1.41400e-2,0,0,0,0,0,0,0,0,0,0,0,0,0,0,9.36166e-1,6.95003e-1,0,0,0,0,0,0,1.32887e+1
"Rest Central America","ATG","Antigua and Barbuda",2.17037e-3,0,7.71694e-3,0,2.27439e-3,0,0,0,7.47117e-2,0,1.02717e-1,0,0,0,0,0,0,0,0,0,0,0,0,0,0,0,0,0,0,0,0,0,0,5.88921e-1,1.65250e-2,0,0,0,0,0,0,3.94792e-2,0,0,0,0,0,0,0,1.53761e-1,2.70052e-1,0,0,0,0,0,0,1.25833e+0
"Rest Central America","BHS","Bahamas",7.45267e-3,0,2.63763e-2,0,2.17076e-2,0,0,0,3.74337e-1,3.70303e-2,1.01242e+0,0,0,0,0,0,0,0,0,0,0,0,0,0,0,0,0,0,0,0,0,0,0,3.91468e-1,2.62670e-2,0,0,0,0,0,0,1.08395e-3,0,0,0,0,0,0,0,2.12791e+0,7.00509e-1,0,0,0,0,0,0,4.72657e+0
"Rest Central America","BLZ","Belize",4.01855e-3,0,1.74820e-2,0,3.26615e-3,0,0,0,5.50592e-1,4.91413e-2,5.88719e-2,0,0,0,0,0,0,0,0,0,0,0,0,0,0,0,0,0,0,0,0,0,0,2.04931e+0,7.23455e-2,6.36169e-1,0,0,0,0,4.92432e-1,2.06270e-1,0,0,0,0,0,0,0,3.69634e-1,6.36969e-1,0,0,0,0,0,0,5.14650e+0
"Rest Central America","BMU","Bermuda",2.07804e-3,0,6.88840e-3,0,2.49716e-3,0,0,0,3.06081e-2,0,1.39356e-1,0,0,0,0,0,0,0,0,0,0,0,0,0,0,0,0,0,0,0,0,0,0,8.58883e-2,3.53512e-3,0,0,0,0,0,0,4.70172e-5,0,0,0,0,0,0,0,4.56359e-1,2.42079e-1,0,0,0,0,0,0,9.69336e-1
"Rest Central America","BRB","Barbados",7.03149e-3,0,3.03468e-2,0,4.95987e-3,0,0,0,2.79955e-2,2.85893e-2,2.89725e-1,0,0,0,0,0,0,0,0,0,0,0,0,0,0,0,0,0,0,0,0,0,0,1.52849e+0,6.69800e-2,0,0,0,0,0,0,3.64537e-1,0,0,0,0,0,0,0,9.32755e-1,1.46256e+0,0,0,0,0,0,0,4.74397e+0
"Rest Central America","CRI","Costa Rica",6.47571e-3,2.60021e-3,1.75427e-1,0,9.95099e-2,0,0,1.51981e-2,5.36978e+0,1.08265e+0,1.12417e-1,0,0,0,0,0,0,0,0,0,0,0,0,0,0,0,0,0,0,0,0,0,0,9.93651e+1,2.30056e+0,7.26174e+0,0,0,0,0,9.02544e-1,7.65511e-1,0,0,0,0,0,0,0,1.69741e+0,8.22683e+0,0,0,0,0,0,0,1.27384e+2
"Rest Central America","CUB","Cuba",8.72837e-1,6.40061e-3,3.35186e+0,0,7.04527e-1,0,1.01697e-1,2.63768e-2,2.97390e+1,7.03723e+0,1.59763e+0,0,0,0,0,0,0,0,0,0,0,0,0,0,0,0,0,0,0,0,0,0,0,3.32721e+2,9.70820e+0,9.37821e+1,0,0,0,0,6.54672e+0,1.65721e+1,1.43310e+0,0,0,0,0,0,0,2.50189e+1,5.11609e+1,0,0,0,0,0,0,5.80380e+2
"Rest Central America","CYM","Cayman Islands",5.77909e-4,0,2.12868e-3,0,6.51241e-4,0,0,0,6.58847e-3,0,2.56837e-2,0,0,0,0,0,0,0,0,0,0,0,0,0,0,0,0,0,0,0,0,0,0,2.11970e-1,8.39255e-3,0,0,0,0,0,0,5.15478e-6,0,0,0,0,0,0,0,2.91940e-1,4.78672e-2,0,0,0,0,0,0,5.95805e-1
"Rest Central America","DMA","Dominica",1.88674e-3,0,9.02817e-3,0,3.63282e-4,0,0,0,2.10665e-3,2.43688e-2,6.99486e-3,0,0,0,0,0,0,0,0,0,0,0,0,0,0,0,0,0,0,0,0,0,0,2.57845e-1,1.25065e-2,0,0,0,0,0,0,1.73883e-3,0,0,0,0,0,0,0,1.74765e-1,3.24917e-1,0,0,0,0,0,0,8.16521e-1
"Rest Central America","DOM","Dominican Republic",1.24976e-3,0,7.16655e-1,0,3.48143e-1,0,0,1.25604e-4,1.00191e+1,1.61315e+1,0,0,0,0,0,0,0,0,0,0,0,0,0,0,0,0,0,0,0,0,0,0,0,8.53361e+1,2.80667e+0,3.93947e+1,0,0,0,0,8.23248e-1,3.19810e+0,6.52535e-1,0,0,0,0,0,0,8.19261e+0,2.36049e+1,1.31780e-1,0,0,0,0,0,1.91357e+2
"Rest Central America","GLP","Guadeloupe",8.40207e-3,0,3.97537e-2,0,4.30337e-3,0,0,0,8.51144e-1,1.50397e-1,1.27367e-1,0,0,0,0,0,0,0,0,0,0,0,0,0,0,0,0,0,0,0,0,0,0,4.19213e+0,1.05584e-1,0,0,0,0,0,0,5.20056e-1,0,0,0,0,0,0,0,1.56367e+0,1.99456e+0,0,0,0,0,0,0,9.55737e+0
"Rest Central America","GRD","Grenada",2.30589e-3,0,1.09275e-2,0,3.89243e-4,0,0,0,3.42085e-3,1.08192e-1,1.21240e-2,0,0,0,0,0,0,0,0,0,0,0,0,0,0,0,0,0,0,0,0,0,0,4.75301e-1,1.44881e-2,0,0,0,0,0,0,5.20101e-3,0,0,0,0,0,0,0,1.40761e-1,4.30748e-1,0,0,0,0,0,0,1.20386e+0
"Rest Central America","GTM","Guatemala",1.95977e-2,2.48985e-3,4.77295e-1,0,1.79972e-1,0,0,0,1.74120e+1,6.92896e+0,2.17314e-1,0,0,0,0,0,0,0,0,0,0,0,0,0,0,0,0,0,0,0,0,0,0,9.55225e+1,3.03719e+0,2.82287e+0,0,0,0,0,3.82632e+0,1.54918e+0,4.63692e+0,0,0,0,0,0,0,4.37154e+0,2.40452e+1,0,0,0,0,0,0,1.65049e+2
"Rest Central America","HND","Honduras",5.40096e-3,2.55395e-3,1.70696e-1,0,8.50698e-2,0,0,0,1.07430e+1,5.41325e-1,1.52056e-1,0,0,0,0,0,0,0,0,0,0,0,0,0,0,0,0,0,0,0,0,0,0,8.60593e+1,3.01627e+0,2.41376e+0,0,0,0,0,5.08200e+0,7.49958e-1,4.83140e+0,0,0,0,0,0,0,1.18601e+0,1.14035e+1,0,0,0,0,0,0,1.26442e+2
"Rest Central America","HTI","Haiti",4.77295e-3,1.25604e-4,1.66676e-1,0,2.16068e-2,0,0,2.76329e-3,1.22152e+1,2.32770e+1,0,0,0,0,0,0,0,0,0,0,0,0,0,0,0,0,0,0,0,0,0,0,0,6.90153e+1,3.78461e+0,7.77312e+0,0,0,0,0,0,1.48130e+0,0,0,0,0,0,0,0,4.76730e+0,2.17421e+1,0,0,0,0,0,0,1.44252e+2
"Rest Central America","JAM","Jamaica",2.77645e-1,3.53646e-3,7.59904e-2,1.04670e-4,3.03422e-1,1.12939e-2,0,0,2.04929e+0,1.62397e+0,4.54149e-1,0,0,0,0,0,0,0,0,0,0,0,0,0,0,0,0,0,0,0,0,0,0,1.81311e+1,6.47141e-1,6.54579e-2,0,0,0,0,0,1.23822e+0,0,0,0,0,0,0,0,4.81175e+0,9.63407e+0,0,0,0,0,0,0,3.93271e+1
"Rest Central America","KNA","Saint Kitts and Nevis",1.15295e-3,0,5.24796e-3,0,4.95103e-4,0,0,0,1.26135e-1,0,1.32139e-2,0,0,0,0,0,0,0,0,0,0,0,0,0,0,0,0,0,0,0,0,0,0,4.21024e-1,1.03089e-2,0,0,0,0,0,0,8.18126e-2,0,0,0,0,0,0,0,2.35515e-1,3.16091e-1,0,0,0,0,0,0,1.21100e+0
"Rest Central America","LCA","Saint Lucia",3.11821e-3,0,1.43584e-2,0,1.64774e-3,0,0,0,1.88716e-2,3.14886e-2,2.94049e-2,0,0,0,0,0,0,0,0,0,0,0,0,0,0,0,0,0,0,0,0,0,0,6.22472e-1,2.33200e-2,0,0,0,0,0,0,6.63144e-3,0,0,0,0,0,0,0,8.79349e-2,4.79015e-1,0,0,0,0,0,0,1.31826e+0
"Rest Central America","MSR","Montserrat",3.18860e-4,0,1.44880e-3,0,3.00896e-4,0,0,0,1.26145e-3,0,4.41416e-3,0,0,0,0,0,0,0,0,0,0,0,0,0,0,0,0,0,0,0,0,0,0,4.50939e-1,1.20940e-2,0,0,0,0,0,0,9.68708e-6,0,0,0,0,0,0,0,6.60011e-3,5.01822e-2,0,0,0,0,0,0,5.27569e-1
"Rest Central America","MTQ","Martinique",9.14663e-3,0,3.97090e-2,0,4.56910e-3,0,0,0,6.40977e-2,1.61847e-1,1.66190e-1,0,0,0,0,0,0,0,0,0,0,0,0,0,0,0,0,0,0,0,0,0,0,2.84421e+0,9.86150e-2,0,0,0,0,0,0,1.54499e-1,0,0,0,0,0,0,0,2.23572e+0,1.74619e+0,0,0,0,0,0,0,7.52480e+0
"Rest Central America","NIC","Nicaragua",1.69837e-2,9.35599e-4,2.00719e-1,1.46538e-4,1.13353e-1,0,1.75846e-3,0,6.53579e+0,1.40745e+0,1.26085e-1,0,0,0,0,0,0,0,0,0,0,0,0,0,0,0,0,0,0,0,0,0,0,1.37199e+2,3.73910e+0,5.35937e+0,0,0,0,0,5.17248e+0,9.27346e-1,0,0,0,0,0,0,0,8.78191e+0,1.07814e+1,0,0,0,0,0,0,1.80364e+2
"Rest Central America","PAN","Panama",4.78202e-3,6.34300e-3,7.49019e-2,0,2.76423e-1,0,0,7.41063e-3,4.37070e+0,1.08265e-1,1.08680e+0,0,0,0,0,0,0,0,0,0,0,0,0,0,0,0,0,0,0,0,0,0,0,7.70390e+1,1.73108e+0,1.95555e+1,0,0,0,0,8.91192e-1,6.23201e-1,0,0,0,0,0,0,0,3.18643e+0,7.05860e+0,0,0,0,0,0,0,1.16021e+2
"Rest Central America","PRI","Puerto Rico",0,0,0,0,0,0,0,0,0,0,0,0,0,0,0,0,0,0,0,0,0,0,0,0,0,0,0,0,0,0,0,0,0,3.23036e+1,8.50870e-1,1.43189e-1,0,0,0,0,0,1.23627e+0,1.08963e-1,0,0,0,0,0,0,1.32549e+1,1.37539e+1,0,0,0,0,0,0,6.16517e+1
"Rest Central America","SLV","El Salvador",6.78262e-3,1.30045e-3,1.56785e-1,0,1.15044e-1,0,0,6.28020e-4,1.52039e+1,4.33060e-1,1.29187e-1,0,0,0,0,0,0,0,0,0,0,0,0,0,0,0,0,0,0,0,0,0,0,5.85773e+1,2.08462e+0,2.98652e+0,0,0,0,0,9.37752e-2,1.02103e+0,0,0,0,0,0,0,0,6.20398e+0,1.47509e+1,0,0,0,0,0,0,1.01765e+2
"Rest Central America","TCA","Turks and Caicos Islands",1.88670e-4,0,9.12990e-4,0,0,0,0,0,4.04000e-5,2.05520e-3,0,0,0,0,0,0,0,0,0,0,0,0,0,0,0,0,0,0,0,0,0,0,0,0,0,0,0,0,0,0,0,0,0,0,0,0,0,0,0,3.45784e-2,2.89919e-2,0,0,0,0,0,0,6.67675e-2
"Rest Central America","TTO","Trinidad and Tobago",7.19373e-2,9.05185e-2,5.40096e-3,0,2.31987e-1,0,0,0,1.20909e+0,1.42249e-1,5.60996e+1,0,0,0,0,0,3.29624e-1,0,0,0,0,0,0,0,0,0,0,0,0,0,0,0,0,4.27580e+0,1.76240e-1,7.69131e-1,0,0,0,0,0,7.01371e-1,0,0,0,0,0,0,0,4.88134e+0,6.45037e+0,0,0,0,0,0,0,7.54347e+1
"Rest Central America","VCT","Saint Vincent and the Grenadines",2.57504e-3,0,1.21977e-2,0,4.23062e-4,0,0,0,2.46091e-2,2.25338e-2,9.91621e-3,0,0,0,0,0,0,0,0,0,0,0,0,0,0,0,0,0,0,0,0,0,0,4.54244e-1,1.35665e-2,0,0,0,0,0,0,1.41693e-2,0,0,0,0,0,0,0,1.12231e-1,4.32330e-1,0,0,0,0,0,0,1.09880e+0
"Rest Central America","VGB","Virgin Islands_British",3.07340e-4,0,1.34124e-3,0,3.53501e-4,0,0,0,1.69685e-3,1.28450e-3,5.88211e-3,0,0,0,0,0,0,0,0,0,0,0,0,0,0,0,0,0,0,0,0,0,0,3.94287e-1,2.69494e-2,0,0,0,0,0,0,0,0,0,0,0,0,0,0,4.01598e-2,4.50645e-2,0,0,0,0,0,0,5.17326e-1
"Rest Central America","VIR","Virgin Islands_USA",0,0,0,0,0,0,0,0,0,0,0,0,0,0,0,0,0,0,0,0,0,0,0,0,0,0,0,0,0,0,0,0,0,5.78220e-2,1.05090e-2,0,0,0,0,0,0,6.30180e-2,0,0,0,0,0,0,0,3.95374e-1,2.85819e-1,0,0,0,0,0,0,8.12542e-1
"Brazil","BRA","Brazil",2.13206e-1,1.86784e-1,1.01770e+1,1.71868e-2,1.18652e+1,1.05824e-1,1.96653e-1,0,3.06959e+2,3.53517e+2,5.12632e+1,0,0,0,0,0,6.44069e-1,3.92222e+0,0,0,0,0,0,0,0,0,0,0,0,0,0,0,0,4.81759e+3,1.40810e+2,5.58753e+2,0,0,0,0,2.86272e+2,5.48394e+1,1.07886e+3,6.50256e-1,0,0,0,0,0,1.80474e+2,7.69883e+2,2.66685e+0,0,0,0,0,0,8.62986e+3
"Rest South America","ARG","Argentina",2.61101e-1,2.04213e-1,2.12702e+0,8.26892e-3,4.79649e+0,1.67472e-3,1.88155e-1,5.27538e-2,5.59346e+0,6.77055e+1,2.39155e+2,0,0,0,0,0,1.76400e-1,3.75921e-1,0,0,0,0,0,0,0,0,0,0,0,0,0,0,0,3.29067e+3,6.64932e+1,1.57917e+1,0,0,0,0,7.71528e+0,1.85123e+1,2.37002e+1,5.10480e+1,0,0,0,0,0,7.12383e+1,1.68899e+2,0,0,0,0,0,0,4.03472e+3
"Rest South America","BOL","Bolivia",1.15556e-2,7.66185e-3,7.39808e-2,6.07085e-4,2.53199e-1,0,0,0,3.32422e+0,4.33060e-1,4.72259e+1,0,0,0,0,0,0,0,0,0,0,0,0,0,0,0,0,0,0,0,0,0,0,1.83160e+2,5.71374e+0,1.09437e+1,0,0,0,0,8.32320e+1,8.60045e-1,1.80547e+2,0,0,0,0,0,0,4.69383e+0,1.99560e+1,0,0,0,0,0,0,5.40437e+2
"Rest South America","BVT","Bouvet Island",0,0,0,0,0,0,0,0,0,0,0,0,0,0,0,0,0,0,0,0,0,0,0,0,0,0,0,0,0,0,0,0,0,0,0,0,0,0,0,0,0,0,0,0,0,0,0,0,0,0,0,0,0,0,0,0,0,0,
"Rest South America","CHL","Chile",5.65889e-2,9.24071e-2,5.93828e-1,0,1.39979e+0,2.04693e-2,2.43253e-2,0,1.55179e+1,4.22270e+1,1.26404e+2,0,0,0,0,0,0,8.95795e-2,0,0,0,0,0,0,0,0,0,0,0,0,0,0,0,2.40248e+2,5.26531e+0,5.58437e+0,0,0,0,0,0,1.68351e+0,1.22438e+0,2.77656e+0,0,0,0,0,0,1.60757e+1,8.18961e+1,0,0,0,0,0,0,5.41179e+2
"Rest South America","COL","Colombia",3.86048e-2,1.19476e-1,1.00207e+0,0,2.12347e+0,1.20371e-3,0,2.22319e-2,4.94062e+1,3.59520e+1,1.09951e+2,0,0,0,0,0,1.00575e-2,2.09300e-2,0,0,0,0,0,0,0,0,0,0,0,0,0,0,0,1.20447e+3,2.83632e+1,9.97920e+1,0,0,0,0,1.37707e+1,5.87677e+0,6.26069e+1,0,0,0,0,0,0,2.39860e+1,1.03912e+2,0,0,0,0,0,0,1.74143e+3
"Rest South America","ECU","Ecuador",3.35460e-3,1.02001e-2,1.69189e-1,0,4.69260e-1,0,0,2.05991e-2,1.59614e+1,4.70813e+1,1.16715e+1,0,0,0,0,0,3.51000e-5,0,0,0,0,0,0,0,0,0,0,0,0,0,0,0,0,1.45318e+2,5.63024e+0,2.56808e+1,0,0,0,0,7.05864e-1,2.39939e+0,6.43763e-1,0,0,0,0,0,0,4.53542e+0,2.72179e+1,0,0,0,0,0,0,2.87518e+2
"Rest South America","FLK","Falkland Islands (Malvinas)",9.87840e-5,0,2.27985e-4,0,5.49290e-5,0,0,0,8.88862e-4,7.59690e-3,2.93234e-3,0,0,0,0,0,0,0,0,0,0,0,0,0,0,0,0,0,0,0,0,0,0,3.96463e+0,7.77768e-2,0,0,0,0,0,0,0,0,0,0,0,0,0,0,7.63218e-3,9.42030e-3,2.93496e-5,0,0,0,0,0,4.07129e+0
"Rest South America","GUF","French Guiana",1.89437e-3,0,8.36417e-3,0,1.54052e-3,0,0,0,1.01195e-1,1.12375e-1,9.23773e-2,0,0,0,0,0,0,0,0,0,0,0,0,0,0,0,0,0,0,0,0,0,0,1.30085e-1,1.16567e-2,6.13667e-3,0,0,0,0,0,2.40128e-3,4.07109e-1,0,0,0,0,0,0,3.03805e-1,2.36397e-1,1.16839e-3,0,0,0,0,0,1.41651e+0
"Rest South America","GUY","Guyana",2.02773e-2,0,9.26350e-2,0,9.41296e-3,0,0,0,2.97251e+0,1.83500e-3,3.59455e-1,0,0,0,0,0,0,0,0,0,0,0,0,0,0,0,0,0,0,0,0,0,0,1.28678e+1,5.94623e-1,4.60086e+1,0,0,0,0,1.85378e+0,1.48499e+0,1.05754e+1,0,0,0,0,0,0,8.64029e-1,3.69178e+0,3.34007e-3,0,0,0,0,0,8.14005e+1
"Rest South America","PER","Peru",1.02457e-1,4.56574e-2,5.91219e-1,7.11755e-4,1.29562e+0,0,3.13592e-2,0,3.55027e+1,2.25663e+1,5.42810e+1,0,0,0,0,0,3.00000e-4,9.98834e-2,0,0,0,0,0,0,0,0,0,0,0,0,0,0,0,3.21647e+2,1.00391e+1,7.11953e+1,0,0,0,0,5.40384e-1,4.03560e+0,2.29466e+1,0,0,0,0,0,0,1.69306e+1,7.21995e+1,0,0,0,0,0,0,6.34051e+2
"Rest South America","PRY","Paraguay",4.78552e-2,8.79228e-4,3.88243e-1,0,7.37987e-2,1.63285e-2,2.05153e-3,0,1.08278e+1,6.17110e+0,4.71969e-2,0,0,0,0,0,0,0,0,0,0,0,0,0,0,0,0,0,0,0,0,0,0,2.60302e+2,5.78464e+0,4.64342e+0,0,0,0,0,4.19688e+1,8.44133e-1,4.57260e+1,4.85856e+0,0,0,0,0,0,4.26794e+0,1.08563e+1,0,0,0,0,0,0,3.96827e+2
"Rest South America","SGS","South Georgia and the South Sandwich Islands",0,0,0,0,0,0,0,0,0,0,0,0,0,0,0,0,0,0,0,0,0,0,0,0,0,0,0,0,0,0,0,0,0,0,0,0,0,0,0,0,0,0,0,0,0,0,0,0,0,0,0,0,0,0,0,0,0,0,
"Rest South America","SUR","Suriname",1.21038e-2,0,4.36064e-2,0,1.12908e-2,0,0,0,2.86411e-1,8.88544e-1,5.20754e-1,0,0,0,0,0,0,0,0,0,0,0,0,0,0,0,0,0,0,0,0,0,0,1.96194e+0,1.41195e-1,2.14009e+1,0,0,0,0,0,1.64359e-1,8.16272e+0,0,0,0,0,0,0,8.82820e-1,1.79086e+0,3.38446e-3,0,0,0,0,0,3.62709e+1
"Rest South America","URY","Uruguay",8.42430e-3,2.52550e-3,1.22506e-1,5.02417e-4,2.94781e-1,0,0,7.53624e-3,4.26252e+0,1.08265e-1,4.66782e-1,0,0,0,0,0,0,6.68053e-4,0,0,0,0,0,0,0,0,0,0,0,0,0,0,0,6.21444e+2,1.26032e+1,1.65787e+1,0,0,0,0,0,7.83070e-1,0,0,0,0,0,0,0,1.08216e+1,1.45050e+1,0,0,0,0,0,0,6.82010e+2
"Rest South America","VEN","Venezuela",1.75499e-1,7.19701e-1,6.17761e-1,0,3.68887e+0,3.12754e-3,0,4.77294e-3,4.75187e+0,1.84632e+0,8.86396e+2,0,0,0,0,0,2.09018e-1,2.23257e-1,0,0,0,0,0,0,0,0,0,0,0,0,0,0,0,4.90794e+2,1.46221e+1,2.31148e+1,0,0,0,0,2.08841e+1,2.30390e+0,4.39382e+1,0,0,0,0,0,0,3.23209e+1,6.67931e+1,0,0,0,0,0,0,1.59341e+3
"Northern_Africa","DZA","Algeria",3.51864e-2,7.82931e-2,3.56715e-2,0,5.15324e-1,6.08133e-3,7.61998e-3,0,1.32712e+1,2.21602e+1,4.70368e+2,0,0,0,0,0,8.35330e-2,4.93500e-2,0,0,0,0,0,0,0,0,0,0,0,0,0,0,0,1.03666e+2,4.05157e+0,1.37917e-1,0,0,0,0,0,8.48632e-2,0,0,0,0,0,0,0,1.61514e+1,5.39398e+1,0,0,0,0,0,0,6.84641e+2
"Northern_Africa","EGY","Egypt",3.78571e-4,2.25825e-2,7.18120e-1,8.37360e-4,6.69230e-1,0,1.43607e-2,2.14783e-2,3.92729e+1,8.95651e+1,1.78330e+2,0,0,0,0,0,3.63000e-4,1.21243e-1,0,0,0,0,0,0,0,0,0,0,0,0,0,0,0,2.32601e+2,6.84202e+0,2.59122e+2,0,0,0,0,0,2.38589e-1,0,0,0,0,0,0,0,3.90536e+1,1.35433e+2,0,0,0,0,0,0,9.82027e+2
"Northern_Africa","ESH","Western Sahara",5.22564e-5,3.52507e-5,1.38720e-5,3.00590e-5,2.55642e-3,0,0,0,9.38848e-3,0,2.33491e-3,0,0,0,0,0,0,0,0,0,0,0,0,0,0,0,0,0,0,0,0,0,0,5.61900e+0,1.68068e-1,0,0,0,0,0,0,3.54240e-5,0,0,0,0,0,0,0,4.57513e-2,2.25494e-1,0,0,0,0,0,0,6.07276e+0
"Northern_Africa","LBY","Libyan Arab Jamahiriya",0,7.92595e-2,1.15137e-2,4.18681e-5,2.99634e-1,0,0,0,1.51079e+0,1.28391e+0,1.07769e+3,0,0,0,0,0,6.45150e-1,0,0,0,0,0,0,0,0,0,0,0,0,0,0,0,0,2.75465e+1,9.86265e-1,0,0,0,0,0,0,4.09919e-3,0,0,0,0,0,0,0,3.91164e+0,8.82261e+0,0,0,0,0,0,0,1.12279e+3
"Northern_Africa","MAR","Morocco",4.62222e-3,1.42351e-3,8.81323e-2,0,3.77063e-1,2.08503e-3,1.40677e-2,0,2.10013e+1,1.12989e+1,5.80736e+0,0,0,0,0,0,0,0,0,0,0,0,0,0,0,0,0,0,0,0,0,0,0,2.85590e+2,9.72744e+0,2.05846e-1,0,0,0,0,0,2.01416e-1,0,0,0,0,0,0,0,1.35657e+1,6.33827e+1,0,0,0,0,0,0,4.11268e+2
"Northern_Africa","TUN","Tunisia",7.53624e-4,4.48454e-3,3.96071e-2,0,1.23094e-1,2.95379e-3,8.79228e-3,0,5.12787e+0,7.57855e+0,1.19102e+1,0,0,0,0,0,0,8.89000e-3,0,0,0,0,0,0,0,0,0,0,0,0,0,0,0,7.22044e+1,2.68207e+0,0,0,0,0,0,0,3.99458e-2,0,0,0,0,0,0,0,6.70156e+0,2.11700e+1,0,0,0,0,0,0,1.27603e+2
"Western_Africa","BEN","Benin",0,0,5.02416e-4,0,4.84006e-2,0,0,0,1.76941e+1,1.01769e+1,0,0,0,0,0,0,0,0,0,0,0,0,0,0,0,0,0,0,0,0,0,0,0,2.38851e+1,1.45950e+0,7.82214e-1,0,0,0,0,2.86320e+1,2.13863e-1,6.46306e+1,0,0,0,0,0,0,7.41840e-1,1.26123e+1,0,0,0,0,0,0,1.60877e+2
"Western_Africa","BFA","Burkina Faso",5.69859e-5,3.14108e-5,1.51290e-5,1.98771e-4,2.04216e-2,0,0,0,2.51792e+1,2.11509e+1,6.42598e-3,0,0,0,0,0,0,0,0,0,0,0,0,0,0,0,0,0,0,0,0,0,0,1.10077e+2,4.34612e+0,8.23383e+0,0,0,0,0,2.69688e+1,5.12861e-1,0,0,0,0,0,0,0,6.57675e-1,2.19939e+1,0,0,0,0,0,0,2.19148e+2
"Western_Africa","CAF","Central African Republic",2.26452e-5,5.32190e-6,6.01200e-6,1.14969e-4,5.33970e-3,0,0,0,6.95447e+0,2.19580e+0,2.13888e-3,0,0,0,0,0,0,0,0,0,0,0,0,0,0,0,0,0,0,0,0,0,0,2.76899e+1,9.51691e-1,2.67600e+0,0,0,0,0,9.85752e+2,1.49336e-1,2.70878e+2,0,0,0,0,0,0,2.16553e+0,8.48022e+0,0,0,0,0,0,0,1.30790e+3
"Western_Africa","CIV","Cote d'Ivoire",5.60821e-3,1.09694e-3,2.76329e-2,0,2.18572e-1,2.08503e-3,8.49920e-3,0,2.42804e+1,2.97729e+1,2.95204e-1,0,0,0,0,0,0,0,0,0,0,0,0,0,0,0,0,0,0,0,0,0,0,2.34349e+1,1.07029e+0,1.64845e+1,0,0,0,0,1.59475e+1,5.58856e-1,2.20143e+2,0,0,0,0,0,0,5.77292e+0,2.17309e+1,0,0,0,0,0,0,3.59755e+2
"Western_Africa","CMR","Cameroon",1.25604e-3,0,3.14010e-3,0,1.67148e-1,0,0,0,2.40378e+1,5.30499e+0,1.05000e-1,0,0,0,0,0,0,0,0,0,0,0,0,0,0,0,0,0,0,0,0,0,0,1.08343e+2,3.98373e+0,3.23178e+0,0,0,0,0,1.04021e+2,4.75759e-1,1.06638e+2,0,0,0,0,0,0,4.55687e+0,2.94640e+1,0,0,0,0,0,0,3.90334e+2
"Western_Africa","COD","Congo_the Democratic Republic of the",0,1.63286e-3,8.36942e-2,0,1.60348e-1,0,0,0,8.77599e+1,6.81630e+0,4.19244e-1,0,0,0,0,0,0,0,0,0,0,0,0,0,0,0,0,0,0,0,0,0,0,1.96644e+0,1.05646e-1,5.14614e+1,0,0,0,0,5.85672e+2,2.18456e+0,1.49206e+3,0,0,0,0,0,0,2.57901e+1,8.96269e+1,0,0,0,0,0,0,2.34411e+3
"Western_Africa","COG","Congo",1.21417e-3,0,5.52657e-3,0,5.31002e-2,0,0,0,3.30196e+0,1.24505e+1,4.52653e+1,0,0,0,0,0,0,0,0,0,0,0,0,0,0,0,0,0,0,0,0,0,0,5.22835e+1,2.36371e+0,6.17538e-1,0,0,0,0,1.28851e+1,1.61631e-1,6.25294e+1,0,0,0,0,0,0,1.17350e+0,5.50798e+0,0,0,0,0,0,0,1.98600e+2
"Western_Africa","CPV","Cape Verde",8.86959e-5,4.63220e-6,2.35470e-5,1.04976e-4,9.88448e-3,0,0,0,1.44669e-2,9.72550e-3,4.48175e-3,0,0,0,0,0,0,0,0,0,0,0,0,0,0,0,0,0,0,0,0,0,0,8.30939e-1,1.06315e-1,0,0,0,0,0,0,2.06056e-3,0,0,0,0,0,0,0,1.50681e-1,1.01582e+0,0,0,0,0,0,0,2.14460e+0
"Western_Africa","GAB","Gabon",3.26571e-3,0,1.53237e-2,0,0,0,0,0,1.31820e+0,4.69760e-1,3.07861e+1,0,0,0,0,0,0,0,0,0,0,0,0,0,0,0,0,0,0,0,0,0,0,6.70310e-1,1.34058e-1,8.23383e-2,0,0,0,0,2.96424e-1,1.59700e-2,5.10864e+0,0,0,0,0,0,0,8.78369e-1,2.75437e+0,0,0,0,0,0,0,4.25332e+1
"Western_Africa","GHA","Ghana",1.38164e-3,8.37360e-4,1.99334e-1,0,3.34140e-1,2.60628e-3,3.51691e-3,0,2.95099e+1,1.75389e+1,2.36815e-1,0,0,0,0,0,0,0,0,0,0,0,0,0,0,0,0,0,0,0,0,0,0,4.28421e+1,2.09785e+0,1.24948e+1,0,0,0,0,7.25904e+1,5.17422e-1,2.16043e+1,0,0,0,0,0,0,9.10140e+0,3.79405e+1,0,0,0,0,0,0,2.47016e+2
"Western_Africa","GIN","Guinea",1.51677e-4,4.61805e-4,2.39490e-5,3.06854e-4,3.96906e-2,0,0,0,3.05566e+1,1.18427e+1,1.19902e-2,0,0,0,0,0,0,0,0,0,0,0,0,0,0,0,0,0,0,0,0,0,0,4.36462e+1,1.52816e+0,8.26179e+1,0,0,0,0,6.20784e+1,4.68741e-1,8.12668e+1,0,0,0,0,0,0,1.89181e+0,1.69713e+1,0,0,0,0,0,0,3.32921e+2
"Western_Africa","GMB","Gambia",4.46889e-5,1.36990e-6,1.18650e-5,5.25604e-5,1.38195e-2,0,0,0,9.85808e-1,1.60764e+0,2.38624e-3,0,0,0,0,0,0,0,0,0,0,0,0,0,0,0,0,0,0,0,0,0,0,9.75653e+0,3.52080e-1,5.82544e+0,0,0,0,0,3.26424e+0,3.86898e-2,0,0,0,0,0,0,0,2.56392e-1,1.73193e+0,0,0,0,0,0,0,2.38351e+1
"Western_Africa","GNB","Guinea-Bissau",1.45218e-5,1.62659e-5,3.85500e-6,2.72945e-5,3.42477e-3,0,0,0,1.36777e+0,1.31606e-1,1.28160e-3,0,0,0,0,0,0,0,0,0,0,0,0,0,0,0,0,0,0,0,0,0,0,8.76426e+0,4.70430e-1,6.17538e+0,0,0,0,0,5.74416e+0,4.33830e-2,0,0,0,0,0,0,0,2.63886e-1,2.72885e+0,0,0,0,0,0,0,2.56945e+1
"Western_Africa","GNQ","Equatorial Guinea",1.09971e-5,0,5.78700e-6,3.65400e-5,2.21544e-3,0,0,0,1.28310e+0,2.98922e-1,3.15853e-1,0,0,0,0,0,0,0,0,0,0,0,0,0,0,0,0,0,0,0,0,0,0,2.83517e-1,1.52670e-2,0,0,0,0,0,0,7.26598e-3,0,0,0,0,0,0,0,2.62741e-1,1.18887e+0,0,0,0,0,0,0,3.65780e+0
"Western_Africa","LBR","Liberia",5.55807e-4,7.21440e-4,8.77590e-5,4.90315e-4,8.60063e-2,0,0,0,5.93727e+0,4.19312e+0,2.78815e-2,0,0,0,0,0,0,0,0,0,0,0,0,0,0,0,0,0,0,0,0,0,0,2.59579e+0,2.01660e-1,3.46615e+0,0,0,0,0,7.85400e-1,1.81042e-1,6.55955e-2,0,0,0,0,0,0,1.03740e+0,5.67335e+0,0,0,0,0,0,0,2.42525e+1
"Western_Africa","MLI","Mali",1.01967e-4,1.75389e-5,2.70690e-5,1.36051e-4,3.80495e-2,0,0,0,1.06201e+1,3.98448e+0,6.48365e-3,0,0,0,0,0,0,0,0,0,0,0,0,0,0,0,0,0,0,0,0,0,0,2.47680e+2,9.65275e+0,3.47880e+1,0,0,0,0,4.02864e+1,3.68979e-1,2.57020e+1,0,0,0,0,0,0,1.35610e+0,2.26643e+1,0,0,0,0,0,0,3.97148e+2
"Western_Africa","MRT","Mauritania",1.06045e-4,2.61819e-4,1.09462e-4,1.85888e-4,3.44287e-2,0,0,0,3.03187e+0,3.75885e+0,9.02652e-3,0,0,0,0,0,0,0,0,0,0,0,0,0,0,0,0,0,0,0,0,0,0,1.28059e+2,5.38802e+0,3.08769e-1,0,0,0,0,5.96760e-3,9.33192e-2,0,0,0,0,0,0,0,2.85582e-1,5.49613e+0,0,0,0,0,0,0,1.46472e+2
"Western_Africa","NER","Niger",3.31743e-4,4.05630e-5,3.61460e-4,6.57065e-5,2.17778e-2,0,0,0,1.09694e+1,1.24547e+1,8.56636e-3,0,0,0,0,0,0,0,0,0,0,0,0,0,0,0,0,0,0,0,0,0,0,1.96691e+2,7.94677e+0,3.51996e+0,0,0,0,0,8.65584e-1,4.61721e-1,0,0,0,0,0,0,0,7.12494e-1,1.80145e+1,0,0,0,0,0,0,2.51667e+2
"Western_Africa","NGA","Nigeria",1.22135e-2,1.44648e-2,4.02770e-2,0,5.75367e-1,9.64640e-3,1.52399e-2,0,1.41253e+2,4.55889e+1,8.72981e+2,0,0,0,0,0,0,0,0,0,0,0,0,0,0,0,0,0,0,0,0,0,0,4.86148e+2,1.44760e+1,6.29262e+1,0,0,0,0,9.65880e+1,4.73973e+0,1.42134e+1,0,0,0,0,0,0,1.59638e+1,2.08462e+2,0,0,0,0,0,0,1.96401e+3
"Western_Africa","SEN","Senegal",0,9.48094e-4,1.31088e-2,0,8.60251e-2,1.04251e-3,7.32690e-3,0,1.25282e+1,2.92316e+1,1.50458e-1,0,0,0,0,0,0,0,0,0,0,0,0,0,0,0,0,0,0,0,0,0,0,1.08012e+2,4.32667e+0,1.72293e+1,0,0,0,0,2.44656e+1,1.85197e-1,0,0,0,0,0,0,0,4.65399e+0,1.94210e+1,0,0,0,0,0,0,2.20313e+2
"Western_Africa","SHN","Saint Helena",5.85180e-6,7.17950e-7,2.44500e-6,1.79150e-6,0,4.98000e-8,1.68000e-7,0,6.35513e-5,0,0,0,0,0,0,0,0,0,0,0,0,0,0,0,0,0,0,0,0,0,0,0,0,5.68213e-2,4.55768e-3,0,0,0,0,0,0,0,0,0,0,0,0,0,0,3.52854e-3,2.27109e-2,0,0,0,0,0,0,8.76930e-2
"Western_Africa","SLE","Sierra Leone",2.43663e-4,2.52144e-4,3.84720e-5,1.94331e-4,1.41841e-2,0,0,0,1.87868e+1,1.16881e+1,1.06448e-2,0,0,0,0,0,0,0,0,0,0,0,0,0,0,0,0,0,0,0,0,0,0,1.02252e+1,4.35877e-1,4.69714e+1,0,0,0,0,1.45128e+1,3.92943e-1,7.79484e+0,0,0,0,0,0,0,1.36293e+0,1.18893e+1,0,0,0,0,0,0,1.24086e+2
"Western_Africa","STP","Sao Tome and Principe",1.33440e-5,0,3.54300e-6,8.40799e-6,1.37712e-3,0,0,0,5.11963e-3,2.84535e-1,4.92558e-4,0,0,0,0,0,0,0,0,0,0,0,0,0,0,0,0,0,0,0,0,0,0,1.28002e-1,1.47047e-2,0,0,0,0,0,0,2.34561e-3,0,0,0,0,0,0,0,7.70092e-2,3.21866e-1,0,0,0,0,0,0,8.35477e-1
"Western_Africa","TCD","Chad",6.47238e-5,0,1.71810e-5,4.04290e-5,5.50339e-3,0,0,0,1.22498e+1,1.46462e+1,4.25902e-3,0,0,0,0,0,0,0,0,0,0,0,0,0,0,0,0,0,0,0,0,0,0,1.96234e+2,7.37861e+0,1.12598e+1,0,0,0,0,1.23146e+2,3.26473e-1,0,0,0,0,0,0,0,7.93447e-1,1.59267e+1,0,0,0,0,0,0,3.81971e+2
"Western_Africa","TGO","Togo",3.14010e-3,0,0,0,3.02481e-2,0,0,0,1.38155e+1,1.32083e+1,0,0,0,0,0,0,0,0,0,0,0,0,0,0,0,0,0,0,0,0,0,0,0,1.14397e+1,7.14121e-1,5.41375e+0,0,0,0,0,2.88024e+1,1.41856e-1,1.25494e+1,0,0,0,0,0,0,7.46583e-1,8.29269e+0,0,0,0,0,0,0,9.51577e+1
"Eastern_Africa","BDI","Burundi",1.17003e-5,5.89380e-6,3.10500e-6,3.19484e-5,6.10640e-3,0,0,0,1.38105e+1,1.22399e+1,1.50080e-3,0,0,0,0,0,0,0,0,0,0,0,0,0,0,0,0,0,0,0,0,0,0,2.70143e+1,8.65999e-1,6.40180e-1,0,0,0,0,0,2.78417e-1,0,0,0,0,0,0,0,1.40033e-1,1.44498e+1,0,0,0,0,0,0,6.94467e+1
"Eastern_Africa","COM","Comoros",5.40810e-6,0,2.84700e-6,2.81265e-5,1.83568e-3,0,0,0,1.22001e-2,9.13206e-1,6.41782e-4,0,0,0,0,0,0,0,0,0,0,0,0,0,0,0,0,0,0,0,0,0,0,2.53262e+0,1.35341e-1,1.85261e+0,0,0,0,0,0,7.15973e-3,0,0,0,0,0,0,0,1.49354e-1,1.19732e+0,0,0,0,0,0,0,6.80233e+0
"Eastern_Africa","DJI","Djibouti",1.43342e-4,7.57638e-4,3.80550e-5,1.59399e-4,1.03333e-2,0,0,0,9.59814e-2,5.29728e-1,2.11659e-2,0,0,0,0,0,0,0,0,0,0,0,0,0,0,0,0,0,0,0,0,0,0,5.57904e+0,2.48320e-1,0,0,0,0,0,0,0,0,0,0,0,0,0,0,2.16498e-1,6.86669e-1,0,0,0,0,0,0,7.38883e+0
"Eastern_Africa","ERI","Eritrea",5.37037e-4,7.30786e-4,1.28438e-3,0,1.13836e-2,0,0,0,5.93890e+0,5.67268e+0,1.06112e-1,0,0,0,0,0,0,0,0,0,0,0,0,0,0,0,0,0,0,0,0,0,0,6.26458e+1,2.20988e+0,0,0,0,0,0,1.79518e+0,1.21341e-1,0,0,0,0,0,0,0,2.93899e-1,7.42930e+0,0,0,0,0,0,0,8.62270e+1
"Eastern_Africa","ETH","Ethiopia",5.04210e-3,2.74045e-4,9.51756e-3,0,1.05211e-1,0,0,0,9.03241e+1,7.25375e+0,7.36978e-2,0,0,0,0,0,0,0,0,0,0,0,0,0,0,0,0,0,0,0,0,0,0,1.09633e+3,4.24595e+1,0,0,0,0,0,1.91933e+2,5.78379e+0,0,0,0,0,0,0,0,3.60054e+0,1.18108e+2,0,0,0,0,0,0,1.55599e+3
"Eastern_Africa","KEN","Kenya",6.23651e-4,2.98455e-3,2.57907e-2,4.14493e-3,2.02344e-1,3.03522e-2,2.63769e-3,0,3.65761e+1,9.92790e+1,6.75690e-1,0,0,0,0,0,0,0,0,0,0,0,0,0,0,0,0,0,0,0,0,0,0,3.82774e+2,1.19303e+1,1.30301e+0,0,0,0,0,3.27480e+0,6.35586e-1,0,0,0,0,0,0,0,1.50896e+0,4.49397e+1,0,0,0,0,0,0,5.83166e+2
"Eastern_Africa","MDG","Madagascar",3.08694e-4,1.10432e-4,2.36294e-4,5.28758e-4,6.13581e-2,0,0,0,1.09220e+1,1.91108e+0,1.71724e-2,0,0,0,0,0,0,0,0,0,0,0,0,0,0,0,0,0,0,0,0,0,0,2.79256e+2,9.42394e+0,2.01986e+2,0,0,0,0,3.76848e+1,6.92289e-1,2.43685e+1,6.57480e-2,0,0,0,0,0,2.22103e+0,2.88380e+1,0,0,0,0,0,0,5.97449e+2
"Eastern_Africa","MUS","Mauritius",1.58880e-4,2.08493e-4,5.76020e-5,7.18380e-5,1.63063e-2,0,0,0,2.64420e-1,1.08265e-1,1.27494e-2,0,0,0,0,0,0,0,0,0,0,0,0,0,0,0,0,0,0,0,0,0,0,2.26950e+0,7.48930e-2,3.86990e-2,0,0,0,0,0,1.04240e-1,0,0,0,0,0,0,0,1.33149e+0,3.99715e+0,0,0,0,0,0,0,8.21820e+0
"Eastern_Africa","MYT","Mayotte",0,0,0,0,0,0,0,0,0,0,0,0,0,0,0,0,0,0,0,0,0,0,0,0,0,0,0,0,0,0,0,0,0,0,0,0,0,0,0,0,0,0,0,0,0,0,0,0,0,9.87807e-2,3.56663e-1,0,0,0,0,0,0,4.55444e-1
"Eastern_Africa","REU","Reunion",1.00107e-4,5.82084e-5,2.65770e-5,2.19501e-4,1.99851e-2,0,0,0,1.70369e-1,0,9.17936e-3,0,0,0,0,0,0,0,0,0,0,0,0,0,0,0,0,0,0,0,0,0,0,1.04135e+0,1.35284e-1,0,0,0,0,0,0,3.55829e-2,0,0,0,0,0,0,0,1.13411e+0,1.62331e+0,0,0,0,0,0,0,4.16958e+0
"Eastern_Africa","RWA","Rwanda",3.62952e-5,1.02391e-5,9.63600e-6,5.33170e-5,6.08971e-3,0,0,0,1.57692e+1,1.99142e+0,2.34697e-3,0,0,0,0,0,0,0,0,0,0,0,0,0,0,0,0,0,0,0,0,0,0,2.60648e+1,9.32139e-1,1.39975e-1,0,0,0,0,1.31052e+0,2.98595e-1,0,0,0,0,0,0,0,1.52563e-1,1.50527e+1,0,0,0,0,0,0,6.17205e+1
"Eastern_Africa","SDN","Sudan",5.27537e-4,2.09340e-4,2.28599e-2,0,2.02646e-1,0,0,0,4.07386e+1,1.39121e+2,8.14606e-1,0,0,0,0,0,0,0,0,0,0,0,0,0,0,0,0,0,0,0,0,0,0,7.21153e+2,2.41521e+1,1.03746e+0,0,0,0,0,5.05992e+2,7.36463e-1,0,0,0,0,0,0,0,8.42143e+0,6.28184e+1,0,0,0,0,0,0,1.50521e+3
"Eastern_Africa","SOM","Somalia",1.07109e-4,2.82496e-5,5.63730e-5,4.82272e-4,4.48266e-2,0,0,0,1.27193e+1,2.31169e+1,1.69053e-2,0,0,0,0,0,0,0,0,0,0,0,0,0,0,0,0,0,0,0,0,0,0,3.84333e+2,1.69863e+1,1.02923e-1,0,0,0,0,5.67648e-3,1.13276e-1,0,0,0,0,0,0,0,1.53426e+0,1.54084e+1,0,0,0,0,0,0,4.54382e+2
"Eastern_Africa","SYC","Seychelles",8.19654e-5,3.68011e-5,2.17590e-5,3.95000e-8,1.86301e-3,0,0,0,1.24775e-2,0,3.17740e-3,0,0,0,0,0,0,0,0,0,0,0,0,0,0,0,0,0,0,0,0,0,0,9.58828e-2,2.39778e-2,0,0,0,0,0,0,1.42531e-5,0,0,0,0,0,0,0,8.10609e-2,2.28602e-1,0,0,0,0,0,0,4.47196e-1
"Eastern_Africa","UGA","Uganda",1.69237e-4,5.20277e-5,4.49280e-5,1.85729e-4,3.68317e-2,0,0,0,6.87538e+1,3.08415e+1,1.07767e-2,0,0,0,0,0,0,0,0,0,0,0,0,0,0,0,0,0,0,0,0,0,0,1.71004e+2,5.01021e+0,4.94030e+0,0,0,0,0,9.05664e+1,1.51821e+0,0,0,0,0,0,0,0,1.05786e+0,3.49723e+1,0,0,0,0,0,0,4.08713e+2
"Southern_Africa","AGO","Angola",2.63768e-4,2.00966e-3,8.28986e-3,0,1.42121e-1,0,0,0,5.45613e+0,5.26168e+1,2.03800e+2,0,0,0,0,0,0,0,0,0,0,0,0,0,0,0,0,0,0,0,0,0,0,1.09207e+2,3.31974e+0,4.52861e+0,0,0,0,0,2.63808e+2,2.15282e-1,1.19578e+1,0,0,0,0,0,0,3.17132e+0,3.22425e+1,0,0,0,0,0,0,6.90476e+2
"Southern_Africa","BWA","Botswana",2.36671e-4,6.35700e-6,5.77089e-3,1.46090e-5,3.04821e-2,0,0,0,2.87055e+0,3.60681e+0,6.52491e-3,0,0,0,0,0,0,0,0,0,0,0,0,0,0,0,0,0,0,0,0,0,0,8.15973e+1,2.03576e+0,0,0,0,0,0,5.93592e+1,5.13876e-2,0,1.56305e+0,0,0,0,0,0,1.11390e-1,2.83579e+0,0,0,0,0,0,0,1.54074e+2
"Southern_Africa","LSO","Lesotho",2.45736e-5,1.94123e-5,6.52200e-6,1.06919e-4,1.07109e-2,0,0,0,5.59889e+0,4.53718e+0,2.16033e-3,0,0,0,0,0,0,0,0,0,0,0,0,0,0,0,0,0,0,0,0,0,0,3.32327e+1,7.20025e-1,0,0,0,0,0,0,6.09126e-2,0,9.96096e-1,0,0,0,0,0,1.05578e-1,4.44840e+0,0,0,0,0,0,0,4.97128e+1
"Southern_Africa","MOZ","Mozambique",0,2.46056e-3,1.56586e-1,0,1.64568e-1,0,0,0,3.09389e+1,3.96995e+1,2.21331e-1,0,0,0,0,0,0,0,0,0,0,0,0,0,0,0,0,0,0,0,0,0,0,5.26795e+1,1.91521e+0,1.60560e+1,0,0,0,0,1.44295e+2,1.03568e+0,1.80948e+1,2.59536e+0,0,0,0,0,0,1.12958e+0,3.85395e+1,0,0,0,0,0,0,3.47524e+2
"Southern_Africa","MWI","Malawi",1.20458e-4,1.36800e-6,1.03523e-3,1.31326e-4,3.21887e-2,0,0,0,1.58092e+1,1.71950e+1,6.46144e-3,0,0,0,0,0,0,0,0,0,0,0,0,0,0,0,0,0,0,0,0,0,0,2.16446e+1,8.91952e-1,6.58707e+0,0,0,0,0,2.77704e+1,8.59101e-1,0,0,0,0,0,0,0,4.16073e-1,1.95356e+1,0,0,0,0,0,0,1.10749e+2
"Southern_Africa","NAM","Namibia",3.54952e-4,0,1.37401e-4,0,9.60172e-2,0,0,0,9.45976e-2,1.77393e+0,0,0,0,0,0,0,0,0,0,0,0,0,0,0,0,0,0,0,0,0,0,0,0,1.44681e+2,3.49744e+0,0,0,0,0,0,1.52218e+1,4.23624e-2,0,0,0,0,0,0,0,6.66455e-1,2.70255e+0,0,0,0,0,0,0,1.68776e+2
"Southern_Africa","SWZ","Swaziland",6.62045e-5,6.48000e-7,2.74307e-3,5.42470e-5,1.73822e-2,0,0,0,1.88883e+0,1.37631e+0,4.34701e-3,0,0,0,0,0,0,0,0,0,0,0,0,0,0,0,0,0,0,0,0,0,0,2.85110e+1,6.59439e-1,4.87855e-1,0,0,0,0,0,5.11094e-2,0,0,0,0,0,0,0,1.27318e-1,1.11545e+1,0,0,0,0,0,0,4.42810e+1
"Southern_Africa","TZA","Tanzania_United Republic of",8.54107e-3,9.21096e-4,9.16909e-3,0,1.87911e-1,0,2.93076e-4,0,5.51642e+1,3.81093e+1,2.17347e-1,0,0,0,0,0,0,0,0,0,0,0,0,0,0,0,0,0,0,0,0,0,0,3.53241e+2,1.21076e+1,3.14945e+1,0,0,0,0,1.96586e+2,1.68565e+0,5.59892e+1,0,0,0,0,0,0,1.08963e+0,5.27896e+1,0,0,0,0,0,0,7.98681e+2
"Southern_Africa","ZAF","South Africa",6.12089e-1,6.71659e-2,4.19016e+0,3.72625e-3,3.95739e+0,2.75994e-1,0,0,5.96928e+1,3.72642e+2,4.61943e+0,0,0,0,0,0,5.25100e-2,8.65473e+0,0,0,0,0,0,0,0,0,0,0,0,0,0,0,0,7.20644e+2,1.88615e+1,2.67600e-1,0,0,0,0,8.03496e+0,2.28578e+0,3.27413e+0,9.47081e+1,0,0,0,0,0,8.61732e+1,1.27811e+2,0,0,0,0,0,0,1.51683e+3
"Southern_Africa","ZMB","Zambia",4.68084e-3,0,1.93154e-1,0,1.86699e-1,1.62239e-3,2.93076e-4,0,1.22207e+1,3.52384e+1,0,0,0,0,0,0,0,0,0,0,0,0,0,0,0,0,0,0,0,0,0,0,0,6.63901e+1,1.95239e+0,1.74969e-1,0,0,0,0,3.90936e+2,2.38755e-1,1.74304e+2,0,0,0,0,0,0,2.35997e+0,1.78370e+1,0,0,0,0,0,0,7.02039e+2
"Southern_Africa","ZWE","Zimbabwe",9.05247e-3,0,2.30693e-1,0,2.47270e-1,3.18951e-2,0,0,2.12964e+1,2.86208e+1,0,0,0,0,0,0,0,9.90311e-1,0,0,0,0,0,0,0,0,0,0,0,0,0,0,0,2.37373e+2,6.40875e+0,5.35199e-1,0,0,0,0,3.96720e+1,4.23619e-1,0,0,0,0,0,0,0,2.05312e+0,1.89554e+1,0,0,0,0,0,0,3.56847e+2
"OECD_Europe","AUT","Austria",1.18395e-1,3.79847e-2,4.22867e-1,1.88406e-4,3.44930e+0,3.06787e-2,7.03381e-3,7.11756e-4,2.86341e+1,2.41540e+1,3.03163e+1,0,0,0,0,0,5.01600e-2,3.22980e-1,0,0,0,0,0,0,0,0,0,0,0,0,0,0,0,1.71229e+2,5.63877e+1,0,0,0,0,0,0,4.90094e-1,0,7.95648e-1,0,0,0,0,0,7.19929e+1,3.70863e+1,2.71547e-3,0,0,0,0,0,4.25529e+2
"OECD_Europe","BEL","Belgium",1.81830e-1,5.29630e-2,1.38506e+0,0,4.26524e+0,2.64019e-2,8.44060e-2,0,6.00574e+1,1.67879e+2,3.59949e+1,0,0,0,0,0,1.08000e-4,2.03438e+0,0,0,0,0,0,0,0,0,0,0,0,0,0,0,0,1.95941e+2,5.97359e+1,0,0,0,0,0,0,5.04653e-1,0,1.78740e-1,0,0,0,0,0,5.01052e+1,6.91626e+1,6.15774e+0,0,0,0,0,0,6.53748e+2
"OECD_Europe","CHE","Switzerland",1.34641e-3,1.13044e-2,3.78821e-1,1.88406e-4,4.29269e+0,3.64880e-3,1.37746e-2,0,9.50710e+0,1.20537e-1,5.55281e+0,0,0,0,0,0,6.79576e-2,9.41116e-3,0,0,0,0,0,0,0,0,0,0,0,0,0,0,0,1.32294e+2,3.77362e+1,0,0,0,0,0,0,1.13051e-1,1.80638e+0,0,0,0,0,0,0,2.40341e+1,1.02194e+1,9.81885e-6,0,0,0,0,0,2.26162e+2
"OECD_Europe","DEU","Germany",3.60602e+0,8.59922e-1,1.06256e+1,8.37360e-4,3.47404e+1,4.15908e-1,2.79008e-1,0,2.80633e+2,2.08912e+3,1.62603e+2,0,0,0,0,0,4.06863e+0,6.38220e+0,0,0,0,0,0,0,0,0,0,0,0,0,0,0,0,1.39029e+3,4.69105e+2,0,0,0,0,0,0,4.11847e+0,0,1.11182e+0,0,0,0,0,0,1.32943e+3,2.15574e+2,0,0,0,0,0,0,6.00297e+3
"OECD_Europe","DNK","Denmark",3.72759e-1,7.95492e-4,4.09511e-1,0,2.70289e+0,1.66802e-2,1.15472e-1,0,4.85595e+0,7.52445e-3,9.28533e-1,0,0,0,0,0,0,0,0,0,0,0,0,0,0,0,0,0,0,0,0,0,0,1.88635e+2,9.15846e+1,0,0,0,0,0,0,8.40182e-1,0,0,0,0,0,0,0,5.88197e+1,1.04795e+1,0,0,0,0,0,0,3.59769e+2
"OECD_Europe","ESP","Spain",1.05958e-1,8.33046e-2,1.92598e+0,1.38164e-2,6.19578e+0,8.74160e-2,4.35218e-1,5.02416e-4,1.29600e+2,1.51556e+2,9.90031e+0,0,0,0,0,0,3.93021e-1,1.29351e+0,0,0,0,0,0,0,0,0,0,0,0,0,0,0,0,4.56801e+2,1.57911e+2,2.39671e+1,0,0,0,0,0,2.33102e+0,0,1.32521e+1,0,0,0,0,0,1.72000e+2,1.04301e+2,1.08084e+0,0,0,0,0,0,1.23323e+3
"OECD_Europe","FIN","Finland",3.44863e-2,2.20645e-2,4.31787e-1,1.13044e-3,1.99482e+0,1.70277e-2,2.49115e-2,0,7.24552e+1,2.68081e+0,1.06662e+0,0,0,0,0,0,6.53217e-2,6.03125e-1,0,0,0,0,0,0,0,0,0,0,0,0,0,0,0,1.24222e+2,3.38538e+1,0,0,0,0,0,0,4.11464e-1,3.20150e-1,4.36752e-2,0,0,0,0,0,9.53970e+1,1.36987e+2,0,0,0,0,0,0,4.70633e+2
"OECD_Europe","FRA","France",1.46964e+0,3.46247e-1,6.62816e+0,1.13043e-3,2.39471e+1,1.06820e-1,2.07498e-1,0,2.80027e+2,7.05988e+2,4.73375e+2,0,0,0,0,0,1.33223e+0,6.04569e+0,0,0,0,0,0,0,0,0,0,0,0,0,0,0,0,1.42779e+3,3.91210e+2,7.92365e+0,0,0,0,0,0,5.22694e+0,0,7.53576e-1,0,0,0,0,0,3.47765e+2,1.72887e+2,3.41633e+1,0,0,0,0,0,3.88719e+3
"OECD_Europe","FRO","Faroe Islands",0,0,0,0,0,0,0,0,0,0,0,0,0,0,0,0,0,0,0,0,0,0,0,0,0,0,0,0,0,0,0,0,0,6.10237e-1,2.77163e-2,0,0,0,0,0,0,1.41957e-5,0,0,0,0,0,0,0,6.81648e-1,4.07115e-2,5.17523e-2,0,0,0,0,0,1.41208e+0
"OECD_Europe","GBR","United Kingdom",1.42426e+0,5.36462e-1,8.53651e+0,3.31803e-2,2.60897e+1,2.04946e-1,3.03334e-1,0,3.32492e+2,1.53174e+3,3.63732e+2,0,0,0,0,0,1.43610e+0,2.29257e+0,0,0,0,0,0,0,0,0,0,0,0,0,0,0,0,1.02704e+3,2.29455e+2,0,0,0,0,0,0,2.09260e+0,0,7.50672e-1,0,0,0,0,0,2.09053e+3,1.22491e+2,1.15479e+1,0,0,0,0,0,5.75273e+3
"OECD_Europe","GIB","Gibraltar",3.76812e-4,0,0,0,8.41749e-3,0,0,0,0,0,0,0,0,0,0,0,0,0,0,0,0,0,0,0,0,0,0,0,0,0,0,0,0,0,0,0,0,0,0,0,0,0,0,0,0,0,0,0,0,1.13179e-1,2.83962e-2,1.22247e-2,0,0,0,0,0,1.62594e-1
"OECD_Europe","GRC","Greece",5.34802e-2,1.15423e-2,2.64110e-1,4.94042e-3,1.42331e+0,2.21775e-2,1.52400e-2,0,8.46877e+0,9.97050e+0,2.08387e+0,0,0,0,0,0,4.55400e-3,1.42153e-1,0,0,0,0,0,0,0,0,0,0,0,0,0,0,0,1.46040e+2,3.09720e+1,5.84467e+0,0,0,0,0,0,1.15537e+0,4.91472e-2,1.36471e+0,0,0,0,0,0,5.71640e+1,1.45484e+1,4.12623e-5,0,0,0,0,0,2.79603e+2
"OECD_Europe","GRL","Greenland",0,0,0,0,0,0,0,0,0,0,0,0,0,0,0,0,0,0,0,0,0,0,0,0,0,0,0,0,0,0,0,0,0,2.64240e-1,4.49921e-3,0,0,0,0,0,0,0,0,0,0,0,0,0,0,4.43015e-1,1.51986e-1,1.54503e-2,0,0,0,0,0,8.79190e-1
"OECD_Europe","IRL","Ireland",3.42439e-2,1.67472e-4,2.32744e-1,1.00483e-3,1.19510e+0,7.29761e-3,0,0,2.36683e+1,2.31203e+0,2.31157e+0,0,0,0,0,0,0,0,0,0,0,0,0,0,0,0,0,0,0,0,0,0,0,3.41675e+2,6.48812e+1,0,0,0,0,0,0,2.22836e-1,0,7.20912e-2,0,0,0,0,0,5.16992e+1,5.97655e+0,0,0,0,0,0,0,4.94290e+2
"OECD_Europe","ISL","Iceland",1.25604e-3,0,1.09275e-2,6.28019e-5,1.03693e-1,0,3.51691e-3,0,3.21986e-2,0,0,0,0,0,0,0,0,1.48753e-1,0,0,0,0,0,0,0,0,0,0,0,0,0,0,0,1.04886e+1,1.11824e+0,0,0,0,0,0,0,1.86230e-4,0,0,0,0,0,0,0,2.05865e+0,4.00953e-1,1.19109e-1,0,0,0,0,0,1.44861e+1
"OECD_Europe","ITA","Italy",5.75344e-1,2.25397e-1,3.57750e+0,1.51562e-2,2.23135e+1,4.31241e-2,1.41555e-1,3.61740e-2,3.31504e+1,2.12103e+1,1.35631e+2,0,0,0,0,0,1.13199e+0,2.01141e+0,0,0,0,0,0,0,0,0,0,0,0,0,0,0,0,6.37759e+2,2.49530e+2,6.86455e+1,0,0,0,0,0,6.41907e+0,3.07757e-1,3.87504e+0,0,0,0,0,0,5.28130e+2,1.40122e+2,1.38362e+1,0,0,0,0,0,1.86869e+3
"OECD_Europe","LUX","Luxembourg",1.19659e-2,0,1.77204e-1,0,2.06429e-1,2.95378e-3,0,0,7.26978e-1,0,7.18738e-1,0,0,0,0,0,0,5.36970e-1,0,0,0,0,0,0,0,0,0,0,0,0,0,0,0,1.30546e+1,1.57196e+1,0,0,0,0,0,0,4.34638e-2,0,1.72294e-1,0,0,0,0,0,2.26425e+0,4.50673e-1,0,0,0,0,0,0,3.40862e+1
"OECD_Europe","NLD","Netherlands",3.28333e-1,2.39446e-1,7.11211e-1,2.65862e-3,6.06239e+0,9.90389e-3,2.85163e-1,0,1.69742e+1,2.44779e+0,1.72488e+2,0,0,0,0,0,2.42100e+0,2.16650e-1,0,0,0,0,0,0,0,0,0,0,0,0,0,0,0,2.75241e+2,1.07405e+2,0,0,0,0,0,0,3.23112e-1,0,1.16316e-2,0,0,0,0,0,3.69207e+2,3.41552e+1,0,0,0,0,0,0,9.88530e+2
"OECD_Europe","NOR","Norway",9.04348e-3,4.73109e-3,4.22574e-1,2.51208e-4,1.77568e+0,5.21257e-3,2.30357e-1,0,9.72357e+0,8.57183e+0,2.49360e+0,0,0,0,0,0,1.22571e+0,4.36396e+0,0,0,0,0,0,0,0,0,0,0,0,0,0,0,0,7.93855e+1,1.76822e+1,0,0,0,0,0,0,1.04970e-1,0,0,0,0,0,0,0,1.51365e+2,4.20016e+1,4.57487e+0,0,0,0,0,0,3.23941e+2
"OECD_Europe","PRT","Portugal",1.08219e-1,1.23548e-2,6.45593e-1,5.21257e-3,1.33762e+0,1.43775e-2,1.14300e-2,0,5.96145e+0,3.82187e+0,4.44771e+0,0,0,0,0,0,2.88000e-4,3.25235e-1,0,0,0,0,0,0,0,0,0,0,0,0,0,0,0,1.06878e+2,4.17159e+1,1.65534e+1,0,0,0,0,0,6.29639e-1,0,1.51646e+0,0,0,0,0,0,1.10072e+2,2.35575e+1,3.27772e-2,0,0,0,0,0,3.17647e+2
"OECD_Europe","SWE","Sweden",8.06209e-2,1.60623e-2,4.03224e+0,9.33656e-3,4.95454e+0,1.63746e-2,5.12883e-2,0,9.59126e+0,2.64987e+0,7.18706e+0,0,0,0,0,0,1.10739e-1,6.84727e-1,0,0,0,0,0,0,0,0,0,0,0,0,0,0,0,1.23832e+2,4.04634e+1,0,0,0,0,0,0,6.79893e-1,3.22282e-1,1.28294e-1,0,0,0,0,0,9.70506e+1,1.81218e+2,7.57170e-3,0,0,0,0,0,4.73086e+2
"Central Europe","ALB","Albania",9.62964e-4,4.14492e-3,5.00741e-2,0,1.66984e-1,0,0,0,1.39781e+1,2.46050e+0,1.49269e+1,0,0,0,0,0,0,1.70732e-1,0,0,0,0,0,0,0,0,0,0,0,0,0,0,0,3.79307e+1,5.69802e+0,1.33761e+0,0,0,0,0,0,1.86384e-1,0,3.64392e-1,0,0,0,0,0,1.33142e+0,3.15776e+0,1.97350e-2,0,0,0,0,0,8.17844e+1
"Central Europe","BGR","Bulgaria",1.62017e-1,1.26944e-2,4.30990e-1,0,2.06224e+0,2.42834e-3,0,0,2.26148e+1,3.28515e+1,3.32560e+0,0,0,0,0,0,9.62473e-2,5.87890e-1,0,0,0,0,0,0,0,0,0,0,0,0,0,0,0,1.92977e+2,3.12301e+1,6.66842e+0,0,0,0,0,0,2.04520e+0,0,8.38080e-1,0,0,0,0,0,1.50754e+2,4.18915e+1,0,0,0,0,0,0,4.88551e+2
"Central Europe","BIH","Bosnia and Herzegovina",2.66170e-2,0,1.46216e-1,0,3.73644e-1,0,0,0,1.82117e+1,4.39203e+1,2.92954e-1,0,0,0,0,0,5.54900e-5,5.11215e-2,0,0,0,0,0,0,0,0,0,0,0,0,0,0,0,7.18815e+1,1.06159e+1,0,0,0,0,0,0,4.18029e-1,0,0,0,0,0,0,0,1.50729e+0,5.01393e+0,2.23041e-2,0,0,0,0,0,1.52482e+2
"Central Europe","CYP","Cyprus",0,0,1.54493e-2,0,1.81267e-1,0,0,0,2.24412e-1,1.08265e-1,0,0,0,0,0,0,0,0,0,0,0,0,0,0,0,0,0,0,0,0,0,0,0,7.80852e+0,2.45972e+0,0,0,0,0,0,0,3.68632e-2,0,0,0,0,0,0,0,2.86453e+0,2.76835e+0,0,0,0,0,0,0,1.64674e+1
"Central Europe","CZE","Czech Republic",2.52616e-1,2.93914e-2,5.33246e+0,0,1.69355e+0,5.98712e-3,0,0,1.48360e+2,3.00541e+2,4.33166e+0,0,0,0,0,0,2.79031e-1,4.96510e-1,0,0,0,0,0,0,0,0,0,0,0,0,0,0,0,2.73614e+2,4.86346e+1,0,0,0,0,0,0,2.23318e+0,0,2.26838e+0,0,0,0,0,0,4.06960e+1,3.45907e+1,0,0,0,0,0,0,8.63359e+2
"Central Europe","EST","Estonia",2.64983e-1,0,2.90664e-1,0,3.41976e-1,2.35506e-1,4.22428e-3,0,6.60157e+0,1.93907e+1,2.95370e+0,0,0,0,0,0,0,0,0,0,0,0,0,0,0,0,0,0,0,0,0,0,0,5.09649e+1,1.05541e+1,2.00445e+0,0,0,0,0,0,1.95950e-1,0,0,0,0,0,0,0,9.31213e+0,5.63862e+0,0,0,0,0,0,0,1.08754e+2
"Central Europe","HRV","Croatia",1.43149e-2,2.26345e-2,7.96429e-2,0,6.56076e-1,1.08019e-2,0,0,1.05253e+1,5.49487e+0,1.55445e+1,0,0,0,0,0,3.41660e-3,4.35423e+0,0,0,0,0,0,0,0,0,0,0,0,0,0,0,0,7.31472e+1,1.34199e+1,0,0,0,0,0,0,8.33655e-1,0,4.90560e-1,0,0,0,0,0,8.06778e+0,1.09295e+1,0,0,0,0,0,0,1.43594e+2
"Central Europe","HUN","Hungary",1.95972e-1,1.99907e-2,6.63524e-1,0,1.19234e+0,6.04407e-2,3.19453e-2,0,3.79589e+1,4.61887e+1,5.39159e+1,0,0,0,0,0,5.54700e-3,2.47122e-1,0,0,0,0,0,0,0,0,0,0,0,0,0,0,0,2.13401e+2,6.04468e+1,1.03557e+1,0,0,0,0,0,2.83921e+0,0,7.34256e-1,0,0,0,0,0,4.19733e+1,3.51123e+1,0,0,0,0,0,0,5.05342e+2
"Central Europe","LTU","Lithuania",3.83220e-2,1.21839e-2,4.42178e+0,0,6.99474e-1,2.11904e-2,3.01734e-3,0,1.16741e+1,2.05887e-2,4.10133e+0,0,0,0,0,0,3.03347e-2,0,0,0,0,0,0,0,0,0,0,0,0,0,0,0,0,1.51335e+2,3.00685e+1,0,0,0,0,0,0,7.66548e-1,0,6.09960e-1,0,0,0,0,0,1.60285e+1,8.72358e+0,4.02342e-4,0,0,0,0,0,2.28554e+2
"Central Europe","LVA","Latvia",5.45622e-2,0,1.09278e+0,0,5.35653e-1,3.16950e-2,1.15017e-2,0,2.15256e+1,1.28120e-1,6.59108e+0,0,0,0,0,0,0,0,0,0,0,0,0,0,0,0,0,0,0,0,0,0,0,1.01065e+2,1.68490e+1,0,0,0,0,0,0,4.08989e-1,0,9.47856e-2,0,0,0,0,0,1.06153e+1,5.86185e+0,0,0,0,0,0,0,1.64866e+2
"Central Europe","MKD","Macedonia, the former Yugoslav Republic of",1.67565e-2,0,5.32735e-2,0,1.49201e-1,0,0,0,6.34175e+0,3.33670e+0,1.69491e+1,0,0,0,0,0,1.43200e-4,3.61143e+0,0,0,0,0,0,0,0,0,0,0,0,0,0,0,0,5.07256e+1,4.93958e+0,3.07924e+0,0,0,0,0,0,2.92898e-1,0,2.65248e-1,0,0,0,0,0,1.73119e+0,2.57187e+0,2.88904e-2,0,0,0,0,0,9.40929e+1
"Central Europe","MLT","Malta",0,0,0,0,6.05336e-2,0,0,0,1.33977e-2,0,0,0,0,0,0,0,0,0,0,0,0,0,0,0,0,0,0,0,0,0,0,0,0,1.00949e+0,5.66478e-1,0,0,0,0,0,0,1.18579e-3,0,0,0,0,0,0,0,2.77025e+0,4.27401e-1,0,0,0,0,0,0,4.84874e+0
"Central Europe","POL","Poland",1.84261e+0,1.69867e-1,3.24130e+0,0,3.38275e+0,3.85803e-1,6.38905e-2,0,2.12674e+2,3.08269e+3,8.06465e+1,0,0,0,0,0,2.44953e-1,2.26364e+0,0,0,0,0,0,0,0,0,0,0,0,0,0,0,0,9.03992e+2,1.73049e+2,0,0,0,0,0,0,6.82439e+0,0,1.55590e+0,0,0,0,0,0,1.82287e+2,1.09446e+2,3.18330e-1,0,0,0,0,0,4.76508e+3
"Central Europe","ROU","Romania",5.74565e-1,3.53785e-2,8.28693e-1,0,2.95614e+0,3.76812e-3,0,0,5.69775e+1,7.57415e+1,7.21937e+2,0,0,0,0,0,5.20332e-1,1.87158e+0,0,0,0,0,0,0,0,0,0,0,0,0,0,0,0,4.95923e+2,8.33912e+1,1.07871e+1,0,0,0,0,0,4.63659e+0,0,0,0,0,0,0,0,3.92838e+1,8.58632e+1,8.04081e-3,0,0,0,0,0,1.58134e+3
"Central Europe","SCG","Serbia and Montenegro",1.06288e-1,0,2.39533e-1,0,7.23177e-1,0,0,0,4.04111e+1,3.34979e+1,5.35671e+1,0,0,0,0,0,9.11623e-3,1.30690e-1,0,0,0,0,0,0,0,0,0,0,0,0,0,0,0,2.56672e+2,4.48382e+1,0,0,0,0,0,0,2.71634e+0,0,0,0,0,0,0,0,5.17569e+0,3.34187e+1,8.19556e-2,0,0,0,0,0,4.71588e+2
"Central Europe","SVK","Slovakia",5.07440e-2,1.84718e-2,8.83624e-1,0,8.89868e-1,0,0,0,1.49421e+1,7.62806e+0,2.10179e+1,0,0,0,0,0,3.35781e-2,1.61101e+0,0,0,0,0,0,0,0,0,0,0,0,0,0,0,0,1.20638e+2,2.37207e+1,0,0,0,0,0,0,1.30130e+0,0,2.15942e-1,0,0,0,0,0,1.22947e+1,1.72906e+1,0,0,0,0,0,0,2.22536e+2
"Central Europe","SVN","Slovenia",0,1.15946e-3,9.08031e-3,0,6.97233e-1,0,0,0,6.88589e+0,1.24025e+1,2.86695e-1,0,0,0,0,0,2.72160e-1,5.41908e-1,0,0,0,0,0,0,0,0,0,0,0,0,0,0,0,5.64694e+1,9.40199e+0,0,0,0,0,0,0,1.80867e-1,0,0,0,0,0,0,0,8.27160e+0,6.92340e+0,0,0,0,0,0,0,1.02344e+2
"Turkey","TUR","Turkey",4.63999e-2,1.22673e-2,2.66699e-1,1.59099e-3,1.37947e+0,7.74594e-2,1.03749e-1,0,8.96385e+1,8.07820e+1,7.77617e+0,0,0,0,0,0,2.92452e-1,2.93496e-1,0,0,0,0,0,0,0,0,0,0,0,0,0,0,0,9.12494e+2,1.47976e+2,3.62847e+1,0,0,0,0,0,2.18849e+1,0,4.56264e-1,0,0,0,0,0,8.53336e+1,1.69224e+2,0,0,0,0,0,0,1.55432e+3
"Ukraine +","BLR","Belarus",1.15063e-1,1.46219e-2,2.01491e+0,0,1.03850e+0,9.71880e-2,1.93110e-2,4.31412e-4,8.26225e+0,6.44085e-2,1.06361e+1,0,0,0,0,0,1.71600e-2,0,0,0,0,0,0,0,0,0,0,0,0,0,0,0,0,4.48350e+2,6.48730e+1,0,0,0,0,0,0,1.90429e+0,0,1.41401e-2,0,0,0,0,0,4.70704e+1,2.16385e+1,0,0,0,0,0,0,6.06130e+2
"Ukraine +","MDA","Moldova, Republic of",3.48831e-2,0,3.31766e-1,0,4.55408e-1,0,0,0,4.81154e+0,3.85350e-3,4.06308e+0,0,0,0,0,0,0,0,0,0,0,0,0,0,0,0,0,0,0,0,0,0,0,7.08656e+1,7.27736e+0,0,0,0,0,0,0,8.16183e-1,0,2.86872e-2,0,0,0,0,0,1.92067e+0,1.19403e+1,3.32462e-2,0,0,0,0,0,1.02583e+2
"Ukraine +","UKR","Ukraine",8.36825e-1,5.42879e-1,1.53952e+0,0,4.14461e+0,1.45073e-1,0,5.15538e-2,6.31388e+1,7.45012e+2,5.67364e+2,0,0,0,0,0,8.83094e-1,1.17799e+1,0,0,0,0,0,0,0,0,0,0,0,0,0,0,0,1.67502e+3,2.99727e+2,8.31758e+0,0,0,0,0,0,1.45984e+1,0,5.88072e-1,0,0,0,0,0,1.40612e+2,1.11413e+2,0,0,0,0,0,0,3.64572e+3
"Asia-Stan","KAZ","Kazakhstan",3.02596e-1,1.86978e-1,2.74925e-1,0,1.26722e+0,8.43994e-2,4.22428e-3,0,5.45978e+0,1.80864e+3,2.31827e+2,0,0,0,0,0,1.10880e-2,3.66153e+0,0,0,0,0,0,0,0,0,0,0,0,0,0,0,0,9.17022e+2,7.83893e+1,2.79678e+1,0,0,0,0,0,1.19873e+1,1.19602e+1,6.79728e+1,0,0,0,0,0,4.53720e+1,4.00249e+1,0,0,0,0,0,0,3.25242e+3
"Asia-Stan","KGZ","Kyrgyzstan",1.39664e-2,0,4.84344e-1,0,4.87791e-1,0,0,0,2.64108e-1,2.28212e+1,1.67834e+0,0,0,0,0,0,0,0,0,0,0,0,0,0,0,0,0,0,0,0,0,0,0,1.68275e+2,8.55521e+0,4.53744e-1,0,0,0,0,0,5.25481e-1,4.86192e-2,2.81016e+0,0,0,0,0,0,2.58871e+0,1.56517e+1,0,0,0,0,0,0,2.24658e+2
"Asia-Stan","TJK","Tajikistan",6.14343e-3,0,0,0,4.36817e-1,0,0,0,9.16915e-2,8.33334e+0,3.87308e+0,0,0,0,0,0,0,0,0,0,0,0,0,0,0,0,0,0,0,0,0,0,0,1.01852e+2,8.75048e+0,2.38998e+0,0,0,0,0,0,1.35988e-1,0,2.35327e-2,0,0,0,0,0,2.72635e+0,1.10507e+1,0,0,0,0,0,0,1.39670e+2
"Asia-Stan","TKM","Turkmenistan",4.03321e-2,1.49911e-1,0,0,4.38406e-1,0,0,0,8.41590e-1,0,3.87324e+2,0,0,0,0,0,1.20067e-3,0,0,0,0,0,0,0,0,0,0,0,0,0,0,0,0,9.87155e+1,1.10172e+1,6.68882e+0,0,0,0,0,0,2.95355e-1,1.15891e-2,9.23568e-2,0,0,0,0,0,3.76469e+0,1.37418e+1,0,0,0,0,0,0,5.23123e+2
"Asia-Stan","UZB","Uzbekistan",2.15897e-1,1.34456e-1,0,0,1.23690e+0,0,0,0,2.45831e+0,8.65510e+0,2.43944e+2,0,0,0,0,0,0,0,0,0,0,0,0,0,0,0,0,0,0,0,0,0,0,4.19755e+2,3.69098e+1,4.34186e+1,0,0,0,0,0,8.04981e-1,1.12795e-2,4.12128e-1,0,0,0,0,0,9.75322e+0,6.25513e+1,0,0,0,0,0,0,8.30261e+2
"Russia +","ARM","Armenia",7.73338e-3,0,3.51898e-3,0,3.94143e-1,0,0,0,1.35322e-1,0,8.93416e+0,0,0,0,0,0,0,0,0,0,0,0,0,0,0,0,0,0,0,0,0,0,0,4.22749e+1,6.04259e+0,0,0,0,0,0,0,1.10628e-1,0,1.99838e-2,0,0,0,0,0,4.26613e+0,3.74499e+0,0,0,0,0,0,0,6.59341e+1
"Russia +","AZE","Azerbaijan",4.17151e-2,1.12007e-2,1.01834e-1,0,6.08573e-1,0,0,0,2.05987e-1,0,9.57683e+1,0,0,0,0,0,1.11450e-2,0,0,0,0,0,0,0,0,0,0,0,0,0,0,0,0,1.51714e+2,2.17119e+1,3.41076e-1,0,0,0,0,0,5.28977e-1,0,2.03736e-2,0,0,0,0,0,9.72501e+0,3.27380e+1,0,0,0,0,0,0,3.13528e+2
"Russia +","GEO","Georgia",2.14243e-2,0,3.28415e-1,0,2.72522e-1,5.41262e-1,0,0,1.57603e+1,9.15019e+0,1.27167e+1,0,0,0,0,0,0,2.30497e+0,0,0,0,0,0,0,0,0,0,0,0,0,0,0,0,8.49164e+1,2.15356e+1,0,0,0,0,0,0,1.89445e-1,0,5.98968e-2,0,0,0,0,0,1.00992e+1,1.47433e+1,0,0,0,0,0,0,1.72640e+2
"Russia +","RUS","Russian Federation",5.16860e+0,9.07552e-1,1.34396e+1,0,1.99851e+1,1.64929e+0,2.44037e+0,2.16305e-1,2.98885e+2,3.58908e+3,5.93120e+3,0,0,0,0,0,3.00136e+0,1.05475e+1,0,0,0,0,0,0,0,0,0,0,0,0,0,0,0,4.15838e+3,6.34872e+2,9.04327e+1,0,0,0,0,0,3.98110e+1,3.68890e+1,1.39270e+2,0,0,0,0,0,6.14173e+2,7.90841e+2,0,0,0,0,0,0,1.63812e+4
"Middle_East","ARE","United Arab Emirates",2.67955e-3,0,3.39968e-2,0,1.20725e-1,0,0,0,1.84129e-2,1.41662e-2,7.51409e+2,0,0,0,0,0,0,0,0,0,0,0,0,0,0,0,0,0,0,0,0,0,0,7.37808e+0,3.60858e-1,0,0,0,0,0,0,0,0,0,0,0,0,0,0,1.31863e+0,1.00159e+0,0,0,0,0,0,0,7.61658e+2
"Middle_East","BHR","Bahrain",2.17714e-2,9.07282e-2,7.53624e-3,0,3.87459e-2,0,0,0,5.23350e-3,4.33060e-3,3.53498e+1,0,0,0,0,0,0,0,0,0,0,0,0,0,0,0,0,0,0,0,0,0,0,3.01397e-1,9.76400e-3,0,0,0,0,0,0,6.80400e-7,0,0,0,0,0,0,0,9.86915e-1,9.58081e-1,0,0,0,0,0,0,3.77743e+1
"Middle_East","IRN","Iran, Islamic Republic of",8.73150e-2,1.05461e-1,4.40409e-1,0,1.81307e+0,0,0,0,4.56909e+0,9.36055e+0,1.86210e+3,0,0,0,0,0,3.54366e-3,0,0,0,0,0,0,0,0,0,0,0,0,0,0,0,0,4.30675e+2,1.75592e+1,1.28726e+2,0,0,0,0,0,0,0,2.80512e-3,0,0,0,0,0,4.00670e+1,1.33335e+2,0,0,0,0,0,0,2.62884e+3
"Middle_East","IRQ","Iraq",1.97198e-2,1.79614e-2,7.28504e-2,0,6.53402e-1,0,0,0,4.44429e-1,7.57855e-1,7.56698e+2,0,0,0,0,0,0,0,0,0,0,0,0,0,0,0,0,0,0,0,0,0,0,1.67370e+2,7.27145e+0,4.07882e+1,0,0,0,0,0,1.11944e+0,0,3.02952e-1,0,0,0,0,0,2.56755e+1,4.03469e+1,0,0,0,0,0,0,1.04154e+3
"Middle_East","ISR","Israel",8.53688e-3,5.22513e-3,9.39517e-2,0,7.51624e-1,1.39002e-3,0,0,2.58116e-1,0,1.60505e+1,0,0,0,0,0,1.15049e-1,0,0,0,0,0,0,0,0,0,0,0,0,0,0,0,0,1.82878e+1,9.90802e-1,0,0,0,0,0,0,1.72752e-1,0,0,0,0,0,0,0,1.32043e+1,1.28327e+1,0,0,0,0,0,0,6.27728e+1
"Middle_East","JOR","Jordan",2.51208e-4,3.89373e-3,5.90339e-3,0,1.49840e-1,0,0,0,3.36006e-1,6.52930e-1,1.52485e-1,0,0,0,0,0,0,0,0,0,0,0,0,0,0,0,0,0,0,0,0,0,0,7.96232e+0,5.82948e-1,0,0,0,0,0,0,1.74156e-1,0,0,0,0,0,0,0,2.35912e+0,5.89384e+0,0,0,0,0,0,0,1.82737e+1
"Middle_East","KWT","Kuwait",4.92817e-2,4.10223e-1,8.08472e-2,0,6.23360e-1,0,0,0,4.04026e-1,3.06445e-2,1.08688e+3,0,0,0,0,0,0,0,0,0,0,0,0,0,0,0,0,0,0,0,0,0,0,1.46923e+0,5.04755e-2,0,0,0,0,0,0,7.05621e-6,0,0,0,0,0,0,0,4.52121e+0,3.98996e+0,0,0,0,0,0,0,1.09851e+3
"Middle_East","LBN","Lebanon",0,3.38294e-3,5.71499e-2,0,5.05390e-1,0,0,0,1.12482e+0,1.29918e+0,7.04951e-1,0,0,0,0,0,0,0,0,0,0,0,0,0,0,0,0,0,0,0,0,0,0,7.36633e+0,4.18211e-1,0,0,0,0,0,0,5.56366e-2,0,0,0,0,0,0,0,4.26816e+0,1.07855e+1,0,0,0,0,0,0,2.65887e+1
"Middle_East","OMN","Oman",5.02416e-4,0,7.53624e-4,0,3.97320e-2,0,0,0,5.77709e-2,5.30682e-2,2.10446e+2,0,0,0,0,0,0,0,0,0,0,0,0,0,0,0,0,0,0,0,0,0,0,4.25996e+0,1.88364e-1,0,0,0,0,0,0,3.12724e-3,0,0,0,0,0,0,0,2.51304e-1,2.73128e+0,0,0,0,0,0,0,2.18032e+2
"Middle_East","QAT","Qatar",4.20754e-2,1.25604e-4,1.45282e-2,0,5.04377e-2,0,0,0,2.87320e-2,6.49590e-3,2.68400e+2,0,0,0,0,0,2.88750e-2,0,0,0,0,0,0,0,0,0,0,0,0,0,0,0,0,9.74638e-1,4.87340e-2,0,0,0,0,0,0,8.09868e-5,0,0,0,0,0,0,0,9.93362e-1,9.37482e-1,0,0,0,0,0,0,2.71526e+2
"Middle_East","SAU","Saudi Arabia",6.85798e-2,2.51876e-1,7.62417e-2,1.10770e-3,7.18084e-1,0,0,0,7.87118e-2,3.09858e-1,1.71880e+3,0,0,0,0,0,2.46330e+0,0,0,0,0,0,0,0,0,0,0,0,0,0,0,0,0,2.98868e+1,1.29070e+0,2.84395e-1,0,0,0,0,0,3.30446e-1,0,0,0,0,0,0,0,1.31762e+1,2.49538e+1,0,0,0,0,0,0,1.79269e+3
"Middle_East","SYR","Syrian Arab Republic",3.76812e-3,2.84703e-3,6.49791e-2,0,3.94132e-1,0,0,0,1.93443e+0,5.02790e-3,2.29664e+1,0,0,0,0,0,0,0,0,0,0,0,0,0,0,0,0,0,0,0,0,0,0,5.41145e+1,2.15451e+0,1.08519e-1,0,0,0,0,0,1.04563e+0,0,4.40712e-2,0,0,0,0,0,6.88404e+0,2.40164e+1,0,0,0,0,0,0,1.13739e+2
"Middle_East","YEM","Yemen",8.79228e-4,7.03383e-3,0,0,2.66137e-1,0,0,0,2.52731e+0,3.46448e+0,1.26892e+0,0,0,0,0,0,0,0,0,0,0,0,0,0,0,0,0,0,0,0,0,0,0,7.26904e+1,3.27947e+0,0,0,0,0,0,0,9.64307e-1,0,0,0,0,0,0,0,1.02093e+0,2.64609e+1,0,0,0,0,0,0,1.11951e+2
"India +","AFG","Afghanistan",4.30173e-4,0,5.88801e-2,0,1.06178e-1,0,7.43491e-4,0,9.45595e+0,5.60710e+0,4.08983e+1,0,0,0,0,0,0,0,0,0,0,0,0,0,0,0,0,0,0,0,0,0,0,2.85005e+2,1.55160e+1,7.11714e+1,0,0,0,0,0,6.12160e-1,0,0,0,0,0,0,0,3.01047e+0,5.43426e+1,0,0,0,0,0,0,4.85785e+2
"India +","BGD","Bangladesh",2.49174e-2,3.80999e-3,6.09180e-2,0,1.23040e-1,1.39002e-3,4.68921e-3,0,1.26102e+2,1.64975e+1,9.38482e+0,0,0,0,0,0,0,0,0,0,0,0,0,0,0,0,0,0,0,0,0,0,0,6.66727e+2,6.61806e+1,2.90355e+3,0,0,0,0,2.44224e-1,8.74692e+0,1.83831e+1,0,0,0,0,0,0,1.96569e+1,2.81204e+2,0,0,0,0,0,0,4.11689e+3
"India +","BTN","Bhutan",1.45470e-6,0,4.87533e-3,0,2.11257e-4,0,1.92500e-6,0,1.11569e+1,3.70877e-1,0,0,0,0,0,0,0,0,0,0,0,0,0,0,0,0,0,0,0,0,0,0,0,8.42633e+0,8.91012e-1,8.36263e+0,0,0,0,0,0,1.95096e-1,0,0,0,0,0,0,0,1.38192e-1,4.20101e+0,0,0,0,0,0,0,3.37472e+1
"India +","IND","India",2.84477e-1,1.22868e-1,4.34079e+0,0,5.72595e+0,7.45020e-1,8.73367e-2,0,1.18311e+3,8.11677e+2,5.25688e+1,0,0,0,0,0,2.21943e-1,3.05432e+0,0,0,0,0,0,0,0,0,0,0,0,0,0,0,0,8.61493e+3,7.68382e+2,5.10650e+3,0,0,0,0,2.55288e+1,1.54519e+2,6.98496e+1,5.11128e-1,0,0,0,0,0,2.34409e+2,2.03954e+3,0,0,3.97800e+1,0,0,0,1.91159e+4
"India +","IOT","British Indian Ocean Territory",0,0,0,0,0,0,0,0,0,0,0,0,0,0,0,0,0,0,0,0,0,0,0,0,0,0,0,0,0,0,0,0,0,0,0,0,0,0,0,0,0,0,0,0,0,0,0,0,0,0,0,0,0,0,0,0,0,0,
"India +","LKA","Sri Lanka",1.13044e-4,2.31949e-3,5.33105e-1,3.97746e-4,3.46178e-1,3.64880e-3,8.79228e-4,0,2.33232e+1,9.89432e-2,4.10871e-1,0,0,0,0,0,0,0,0,0,0,0,0,0,0,0,0,0,0,0,0,0,0,1.02818e+2,8.61607e+0,3.15603e+2,0,0,0,0,1.57243e-1,1.58749e-1,1.65532e+0,0,0,0,0,0,0,1.52680e+1,5.80662e+1,0,0,0,0,0,0,5.27063e+2
"India +","MDV","Maldives",1.32312e-5,0,6.12720e-4,0,5.23235e-4,0,1.35240e-5,0,3.51388e-3,3.90855e-2,0,0,0,0,0,0,0,0,0,0,0,0,0,0,0,0,0,0,0,0,0,0,0,0,0,0,0,0,0,0,0,5.44236e-3,0,0,0,0,0,0,0,1.20274e-1,4.73516e-1,0,0,0,0,0,0,6.42994e-1
"India +","NPL","Nepal",5.14976e-4,0,9.21096e-3,0,3.89684e-2,0,0,0,4.83748e+1,3.31573e+0,0,0,0,0,0,0,0,0,0,0,0,0,0,0,0,0,0,0,0,0,0,0,0,2.59720e+2,2.15337e+1,4.48519e+2,0,0,0,0,7.83168e-1,5.80362e+0,3.49683e-1,0,0,0,0,0,0,6.44078e-1,5.15302e+1,0,0,0,0,0,0,8.40622e+2
"India +","PAK","Pakistan",6.22143e-2,4.12117e-3,2.67076e-1,0,7.43481e-1,3.00591e-2,0,0,8.77881e+1,2.32597e+1,1.59148e+2,0,0,0,0,0,0,0,0,0,0,0,0,0,0,0,0,0,0,0,0,0,0,1.24763e+3,9.23865e+1,7.85574e+2,0,0,0,0,1.24584e+0,5.00478e+0,8.29124e-2,9.33528e-2,0,0,0,0,0,3.10639e+1,2.55244e+2,0,0,0,0,0,0,2.68963e+3
"Korea","KOR","Korea, Republic of",9.76816e-3,2.48134e-2,6.89315e-1,0,1.08158e+0,2.42834e-3,6.27183e-2,1.43063e-1,6.84691e+1,2.00866e+2,3.08483e+0,0,0,0,0,0,9.43869e-2,7.06434e-1,0,0,0,0,0,0,0,0,0,0,0,0,0,0,0,7.85664e+1,3.96036e+0,6.92726e+2,0,0,0,0,0,8.84817e-1,0,1.03630e-1,0,0,0,0,0,1.97599e+1,1.55528e+2,0,0,0,0,0,0,1.22676e+3
"Korea","PRK","Korea, Democratic People's Republic of",7.19334e-2,0,3.55371e+0,0,5.13388e-1,0,0,0,5.08079e+1,2.67055e+2,9.54591e-4,0,0,0,0,0,0,8.97700e-1,0,0,0,0,0,0,0,0,0,0,0,0,0,0,0,4.51528e+1,5.52181e+0,2.18228e+2,0,0,0,0,0,2.61818e+0,0,1.20698e+1,0,0,0,0,0,9.96407e+0,7.51863e+1,7.61787e-2,0,0,0,0,0,6.91718e+2
"China +","CHN","China",8.92619e-1,2.45305e-1,3.61056e+1,0,5.47540e+0,5.36664e-1,0,2.93076e-1,2.61517e+3,4.37370e+3,2.41088e+2,0,0,0,0,0,2.61947e+0,1.22471e+1,0,0,0,0,0,0,0,0,0,0,0,0,0,0,0,4.55085e+3,6.41228e+2,2.23292e+4,0,0,0,0,1.96003e+0,8.51946e+0,4.32363e+0,2.18642e+1,0,0,0,0,0,3.73934e+2,3.44040e+3,2.40434e+0,0,9.00000e+1,0,0,0,3.87531e+4
"China +","HKG","Hong Kong",3.76812e-5,0,1.01362e-1,0,1.91956e-1,0,4.33752e-2,0,2.88052e-1,0,3.66226e-1,0,0,0,0,0,0,0,0,0,0,0,0,0,0,0,0,0,0,0,0,0,0,0,0,0,0,0,0,0,0,0,0,0,0,0,0,0,0,1.54197e+1,1.79931e+1,8.03595e-2,0,0,0,0,0,3.44841e+1
"China +","MAC","Macao",3.29283e-5,0,1.13143e-3,0,6.33522e-3,0,1.32090e-4,0,2.57959e-2,0,0,0,0,0,0,0,0,0,0,0,0,0,0,0,0,0,0,0,0,0,0,0,0,0,0,0,0,0,0,0,0,0,0,0,0,0,0,0,0,1.23384e+0,1.12397e+0,6.55031e-3,0,0,0,0,0,2.39779e+0
"China +","MNG","Mongolia",7.01344e-4,0,4.61575e-2,0,2.22033e-1,0,1.88148e-3,0,7.45597e+0,7.12289e+0,0,0,0,0,0,0,0,0,0,0,0,0,0,0,0,0,0,0,0,0,0,0,0,2.61776e+2,1.19438e+1,0,0,0,0,0,0,8.02532e-2,1.49424e-1,1.25844e+1,0,0,0,0,0,8.20770e-1,5.70902e+0,8.77370e-3,0,0,0,0,0,3.07922e+2
"China +","TWN","Taiwan_Province of China",4.53263e-2,2.54262e-2,9.64908e-1,0,7.13003e-1,1.68058e-2,2.93076e-3,0,3.54289e+0,5.76491e+1,1.80361e+1,0,0,0,0,0,0,6.20679e-1,0,0,0,0,0,0,0,0,0,0,0,0,0,0,0,1.51754e+1,3.31061e+1,0,0,0,0,0,0,0,0,0,0,0,0,0,0,2.49061e+1,8.01910e+1,1.48695e-1,0,0,0,0,0,2.35144e+2
"Southeastern Asia","BRN","Brunei Darussalam",1.63704e-2,0,2.76329e-3,0,4.14628e-2,0,0,0,4.42786e-2,1.03861e-2,5.10164e+1,0,0,0,0,0,0,0,0,0,0,0,0,0,0,0,0,0,0,0,0,0,0,9.89244e-1,1.22311e-1,1.06786e+0,0,0,0,0,0,2.39774e-2,6.23410e+0,0,0,0,0,0,0,5.62134e-1,6.33008e-1,2.03043e-2,0,0,0,0,0,6.07846e+1
"Southeastern Asia","KHM","Cambodia",4.12470e-6,0,2.49095e-2,0,2.41009e-3,0,2.49480e-5,0,5.48010e+1,1.46407e+0,0,0,0,0,0,0,0,0,0,0,0,0,0,0,0,0,0,0,0,0,0,0,0,1.50040e+2,1.54081e+1,4.87617e+2,0,0,0,0,1.52138e+1,1.52267e+1,0,0,0,0,0,0,0,2.30187e+0,2.89415e+1,7.27090e-2,0,0,0,0,0,7.71113e+2
"Southeastern Asia","LAO","Lao People's Democratic Republic",8.40501e-5,0,1.22094e-2,0,1.91847e-2,0,1.83848e-4,0,2.10882e+1,8.51754e-1,0,0,0,0,0,0,0,0,0,0,0,0,0,0,0,0,0,0,0,0,0,0,0,5.61607e+1,7.49092e+0,1.33537e+2,0,0,0,0,2.05274e+1,5.06309e+0,1.01837e+1,0,0,0,0,0,0,6.28920e-1,1.19558e+1,0,0,0,0,0,0,2.67519e+2
"Southeastern Asia","MMR","Myanmar",6.66205e-3,3.47504e-3,9.61708e-2,0,3.05989e-1,0,0,0,5.84883e+1,4.16278e+1,1.34015e+1,0,0,0,0,0,0,0,0,0,0,0,0,0,0,0,0,0,0,0,0,0,0,4.17175e+2,3.42899e+1,1.44592e+3,0,0,0,0,1.45286e+1,4.09475e+1,4.45672e+2,0,0,0,0,0,0,1.39076e+1,1.21348e+2,0,0,0,0,0,0,2.64772e+3
"Southeastern Asia","MYS","Malaysia",1.40376e-3,2.97263e-3,2.47691e-1,0,1.16618e+0,0,0,0,2.50286e+1,2.53340e+1,2.21129e+1,0,0,0,0,0,1.05600e-3,0,0,0,0,0,0,0,0,0,0,0,0,0,0,0,0,3.53087e+1,8.66678e+0,3.02543e+2,0,0,0,0,1.15524e+1,7.39769e+0,5.50113e+1,0,0,0,0,0,0,1.45156e+1,5.81619e+1,2.33639e-1,0,0,0,0,0,5.67286e+2
"Southeastern Asia","PHL","Philippines",4.81605e-2,5.72230e-2,1.83185e+0,2.72141e-4,1.72622e+0,0,1.16351e-1,0,8.32705e+1,5.94260e+1,2.38556e+0,0,0,0,0,0,1.54961e-2,4.67633e-1,0,0,0,0,0,0,0,0,0,0,0,0,0,0,0,3.65343e+2,5.56784e+1,1.27581e+3,0,0,0,0,1.71650e+0,4.07318e+1,2.48370e+0,0,0,0,0,0,0,4.05467e+1,1.77229e+2,0,0,0,0,0,0,2.10889e+3
"Southeastern Asia","SGP","Singapore",3.76812e-5,1.60772e-2,9.50402e-3,0,3.21315e-1,0,0,0,4.30819e-2,3.24795e+0,7.53517e+0,0,0,0,0,0,0,0,0,0,0,0,0,0,0,0,0,0,0,0,0,0,0,1.41743e+0,3.12194e+0,0,0,0,0,0,3.24648e-1,1.43898e-3,0,0,0,0,0,0,0,3.03541e+0,1.01770e+1,1.80207e+0,0,0,0,0,0,3.10531e+1
"Southeastern Asia","THA","Thailand",1.06747e-2,2.25491e-2,1.81279e+0,0,1.46536e+0,0,7.91308e-3,0,1.08318e+2,2.49861e+2,1.45715e+0,0,0,0,0,0,0,0,0,0,0,0,0,0,0,0,0,0,0,0,0,0,0,6.00112e+2,4.30986e+1,2.11108e+3,0,0,0,0,1.80310e+1,3.90451e+1,6.19902e+0,0,0,0,0,0,0,4.62049e+1,1.55021e+2,6.31910e-1,0,0,0,0,0,3.38238e+3
"Southeastern Asia","TLS","Timor-Leste",0,0,2.18862e-3,0,0,0,0,0,1.57322e-1,0,0,0,0,0,0,0,0,0,0,0,0,0,0,0,0,0,0,0,0,0,0,0,0,1.35135e+1,1.25958e+0,2.73811e+0,0,0,0,0,0,2.33324e-1,0,0,0,0,0,0,0,1.02655e-1,2.25383e+0,3.11306e-3,0,0,0,0,0,2.02636e+1
"Southeastern Asia","VNM","Viet Nam",1.38332e-2,0,0,0,1.67640e+0,0,0,0,1.33904e+2,6.88564e+1,1.22382e+1,0,0,0,0,0,0,0,0,0,0,0,0,0,0,0,0,0,0,0,0,0,0,2.14920e+2,6.31534e+1,1.78291e+3,0,0,0,0,7.00608e+0,3.30784e+1,3.00737e-1,0,0,0,0,0,0,2.14810e+1,1.98978e+2,0,0,0,0,0,0,2.53851e+3
"Indonesia +","IDN","Indonesia",1.62385e-2,6.18404e-2,2.08628e-1,2.03059e-3,2.23398e+0,2.59582e-3,1.17230e-2,0,7.22416e+2,9.71049e+1,2.40537e+2,0,0,0,0,0,2.13869e-2,0,0,0,0,0,0,0,0,0,0,0,0,0,0,0,0,6.41651e+2,4.02530e+1,2.84192e+3,0,0,0,0,8.83920e+0,9.87942e+1,3.98956e+1,0,3.47732e+2,0,0,0,0,9.14749e+1,5.06210e+2,1.25614e+0,0,0,0,0,0,5.68064e+3
"Indonesia +","PNG","Papua New Guinea",8.80400e-4,0,1.33801e-2,0,2.40845e-2,0,9.76402e-4,0,1.51291e+1,2.54845e-1,0,0,0,0,0,0,0,0,0,0,0,0,0,0,0,0,0,0,0,0,0,0,0,5.17922e+0,3.08588e+0,3.01193e-1,0,0,0,0,2.35942e+0,2.28786e-1,4.56974e+0,0,0,0,0,0,0,7.68785e-1,7.81006e+0,3.35633e-2,0,0,0,0,0,3.97599e+1
"Japan","JPN","Japan",1.63790e+0,4.53258e-1,9.15107e+0,2.25668e-2,1.10041e+1,2.54750e-1,1.16820e+0,1.21836e-2,5.41771e+1,8.61282e+2,2.32795e+1,0,0,0,0,0,5.16631e+0,1.20827e+1,0,0,0,0,0,0,0,0,0,0,0,0,0,0,0,3.19610e+2,1.70264e+2,2.16634e+3,0,0,0,0,0,6.17999e-1,2.46254e+0,1.05377e+0,0,0,0,0,0,2.18146e+2,3.82690e+2,2.00081e+2,6.72532e-1,0,0,0,0,4.44163e+3
"Oceania","ASM","American Samoa",0,0,0,0,0,0,0,0,3.91473e-5,0,0,0,0,0,0,0,0,0,0,0,0,0,0,0,0,0,0,0,0,0,0,0,0,2.05892e-2,1.15574e-1,0,0,0,0,0,0,1.78359e-5,0,0,0,0,0,0,0,1.26007e-1,3.13442e-2,0,0,0,0,0,0,2.93571e-1
"Oceania","ATF","French Southern Territories",0,0,0,0,0,0,0,0,0,0,0,0,0,0,0,0,0,0,0,0,0,0,0,0,0,0,0,0,0,0,0,0,0,0,0,0,0,0,0,0,0,0,0,0,0,0,0,0,0,0,0,0,0,0,0,0,0,0,
"Oceania","AUS","Australia",4.89641e-1,7.39614e-2,3.85076e+0,1.38792e-2,1.09727e+1,6.26407e-2,2.72854e-1,0,4.59523e+1,5.41946e+2,5.01912e+1,0,0,0,0,0,3.20700e-3,1.28072e+0,0,0,0,0,0,0,0,0,0,0,0,0,0,0,0,2.90058e+3,2.10646e+2,2.12158e+1,0,0,0,0,2.42160e+2,2.01750e+1,2.93741e+1,6.28272e+1,0,0,0,0,0,2.88794e+2,3.78094e+1,3.68691e-3,0,6.00000e-1,0,0,0,4.46929e+3
"Oceania","CCK","Cocos (Keeling) Islands",0,0,0,0,0,0,0,0,0,0,0,0,0,0,0,0,0,0,0,0,0,0,0,0,0,0,0,0,0,0,0,0,0,0,0,0,0,0,0,0,0,0,0,0,0,0,0,0,0,0,0,0,0,0,0,0,0,0,
"Oceania","COK","Cook Islands",0,0,0,0,0,0,0,0,8.53344e-3,0,0,0,0,0,0,0,0,0,0,0,0,0,0,0,0,0,0,0,0,0,0,0,0,5.65603e-2,3.45979e-2,0,0,0,0,0,0,3.88795e-3,0,0,0,0,0,0,0,0,2.43550e-2,0,0,0,0,0,0,1.27935e-1
"Oceania","CXR","Christmas Island",0,0,0,0,0,0,0,0,0,0,0,0,0,0,0,0,0,0,0,0,0,0,0,0,0,0,0,0,0,0,0,0,0,0,0,0,0,0,0,0,0,0,0,0,0,0,0,0,0,0,0,0,0,0,0,0,0,0,
"Oceania","FJI","Fiji",7.98288e-4,0,3.57244e-3,0,3.87012e-2,0,9.35277e-4,0,6.67038e-1,1.47350e-1,0,0,0,0,0,0,0,0,0,0,0,0,0,0,0,0,0,0,0,0,0,0,0,1.08407e+1,1.67695e+0,3.34164e+0,0,0,0,0,0,2.57643e-1,0,0,0,0,0,0,0,1.11601e+0,1.30217e+0,0,0,0,0,0,0,1.93936e+1
"Oceania","FSM","Micronesia, Federated States of",0,0,0,0,0,0,0,0,0,2.53230e-2,0,0,0,0,0,0,0,0,0,0,0,0,0,0,0,0,0,0,0,0,0,0,0,5.95510e-1,2.29198e-2,2.43233e-2,0,0,0,0,0,0,0,0,0,0,0,0,0,1.20583e-1,6.59673e-2,0,0,0,0,0,0,8.54626e-1
"Oceania","GUM","Guam",0,0,0,0,0,0,0,0,1.94923e-3,0,0,0,0,0,0,0,0,0,0,0,0,0,0,0,0,0,0,0,0,0,0,0,0,2.81185e-1,8.63837e-2,0,0,0,0,0,0,8.88092e-4,0,0,0,0,0,0,0,4.90119e-1,5.15351e-1,0,0,0,0,0,0,1.37588e+0
"Oceania","HMD","Heard Island and McDonald Islands",0,0,0,0,0,0,0,0,0,0,0,0,0,0,0,0,0,0,0,0,0,0,0,0,0,0,0,0,0,0,0,0,0,0,0,0,0,0,0,0,0,0,0,0,0,0,0,0,0,0,0,0,0,0,0,0,0,0,
"Oceania","KIR","Kiribati",9.79500e-6,0,2.18508e-4,0,9.70760e-4,0,1.49030e-5,0,1.22044e-2,1.26615e-2,0,0,0,0,0,0,0,0,0,0,0,0,0,0,0,0,0,0,0,0,0,0,0,1.00000e-2,3.93182e-2,0,0,0,0,0,0,5.33072e-3,0,0,0,0,0,0,0,8.78296e-2,7.19415e-2,0,0,0,0,0,0,2.40500e-1
"Oceania","MHL","Marshall Islands",0,0,0,0,0,0,0,0,0,0,0,0,0,0,0,0,0,0,0,0,0,0,0,0,0,0,0,0,0,0,0,0,0,0,0,0,0,0,0,0,0,0,0,0,0,0,0,0,0,9.49347e-2,2.42925e-2,0,0,0,0,0,0,1.19227e-1
"Oceania","MNP","Northern Mariana Islands",0,0,0,0,0,0,0,0,2.33570e-3,0,0,0,0,0,0,0,0,0,0,0,0,0,0,0,0,0,0,0,0,0,0,0,0,0,1.83104e-5,0,0,0,0,0,0,1.06417e-3,0,0,0,0,0,0,0,1.01949e-1,1.61081e-2,0,0,0,0,0,0,1.21475e-1
"Oceania","NCL","New Caledonia",2.85933e-4,0,1.86407e-3,0,3.78746e-2,0,5.11630e-4,0,1.65323e-1,2.60937e-2,0,0,0,0,0,0,0,0,0,0,0,0,0,0,0,0,0,0,0,0,0,0,0,7.01716e+0,6.45586e-1,0,0,0,0,0,0,2.92156e-3,0,0,0,0,0,0,0,5.97948e-1,1.29202e-1,0,0,0,0,0,0,8.62477e+0
"Oceania","NFK","Norfolk Island",0,0,0,0,0,0,0,0,0,0,0,0,0,0,0,0,0,0,0,0,0,0,0,0,0,0,0,0,0,0,0,0,0,1.38356e-1,4.33912e-3,0,0,0,0,0,0,0,0,0,0,0,0,0,0,0,3.94857e-3,0,0,0,0,0,0,1.46644e-1
"Oceania","NIU","Niue",0,0,0,0,0,0,0,0,7.60740e-5,9.90900e-4,0,0,0,0,0,0,0,0,0,0,0,0,0,0,0,0,0,0,0,0,0,0,0,2.53245e-2,2.19760e-2,0,0,0,0,0,0,3.46602e-5,0,0,0,0,0,0,0,3.42529e-3,6.49786e-3,0,0,0,0,0,0,5.83253e-2
"Oceania","NRU","Nauru",0,0,0,0,0,0,0,0,0,0,0,0,0,0,0,0,0,0,0,0,0,0,0,0,0,0,0,0,0,0,0,0,0,1.40000e-3,4.13452e-3,0,0,0,0,0,0,0,0,0,0,0,0,0,0,4.00623e-2,8.83047e-3,0,0,0,0,0,0,5.44273e-2
"Oceania","NZL","New Zealand",1.03371e-2,8.08051e-3,3.28454e-1,5.44284e-4,1.87270e+0,2.51208e-4,1.37746e-2,5.40096e-3,1.58184e+1,1.49178e+1,3.67522e+0,0,0,0,0,0,0,0,0,0,0,0,0,0,0,0,0,0,0,0,0,0,0,9.56898e+2,8.37600e+1,0,0,0,0,0,0,7.43962e-1,0,0,0,0,0,0,0,6.31600e+1,8.38311e+0,0,0,0,0,0,0,1.14960e+3
"Oceania","PCN","Pitcairn",0,0,0,0,0,0,0,0,0,0,0,0,0,0,0,0,0,0,0,0,0,0,0,0,0,0,0,0,0,0,0,0,0,0,0,0,0,0,0,0,0,0,0,0,0,0,0,0,0,0,1.14375e-3,0,0,0,0,0,0,1.14375e-3
"Oceania","PLW","Palau",0,0,0,0,0,0,0,0,0,0,0,0,0,0,0,0,0,0,0,0,0,0,0,0,0,0,0,0,0,0,0,0,0,0,0,0,0,0,0,0,0,0,0,0,0,0,0,0,0,0,2.96283e-2,0,0,0,0,0,0,2.96283e-2
"Oceania","PYF","French Polynesia",1.08291e-4,0,7.10119e-4,0,8.10176e-3,0,1.46601e-4,0,2.11696e-2,0,0,0,0,0,0,0,0,0,0,0,0,0,0,0,0,0,0,0,0,0,0,0,0,6.34790e-1,2.05244e-1,0,0,0,0,0,0,5.59582e-3,0,0,0,0,0,0,0,6.15597e-1,4.86340e-1,0,0,0,0,0,0,1.97780e+0
"Oceania","SLB","Solomon Islands",7.79160e-5,0,9.61447e-4,0,3.79055e-3,0,9.13710e-5,0,2.90342e-1,4.10306e-2,0,0,0,0,0,0,0,0,0,0,0,0,0,0,0,0,0,0,0,0,0,0,0,7.33382e+1,2.04095e+0,4.26592e-1,0,0,0,0,0,9.18414e-3,0,0,0,0,0,0,0,5.79395e-2,2.37344e-1,0,0,0,0,0,0,7.64465e+1
"Oceania","TKL","Tokelau",0,0,0,0,0,0,0,0,3.22311e-4,0,0,0,0,0,0,0,0,0,0,0,0,0,0,0,0,0,0,0,0,0,0,0,0,8.80000e-4,2.67903e-3,0,0,0,0,0,0,1.46848e-4,0,0,0,0,0,0,0,0,1.38212e-2,0,0,0,0,0,0,1.78493e-2
"Oceania","TON","Tonga",0,0,0,0,4.65061e-3,0,0,0,1.01117e-2,1.79830e-2,0,0,0,0,0,0,0,0,0,0,0,0,0,0,0,0,0,0,0,0,0,0,0,3.57686e-1,4.09523e-1,0,0,0,0,0,0,4.60703e-3,0,0,0,0,0,0,0,1.11695e-1,5.78884e-1,0,0,0,0,0,0,1.49514e+0
"Oceania","TUV","Tuvalu",0,0,0,0,0,0,0,0,0,0,0,0,0,0,0,0,0,0,0,0,0,0,0,0,0,0,0,0,0,0,0,0,0,5.50000e-3,1.60861e-2,0,0,0,0,0,0,0,0,0,0,0,0,0,0,4.27166e-3,4.85612e-2,0,0,0,0,0,0,7.44190e-2
"Oceania","VUT","Vanuatu",8.72397e-5,0,5.56944e-4,0,5.29082e-3,0,1.13120e-4,0,1.16735e-1,1.77628e-2,0,0,0,0,0,0,0,0,0,0,0,0,0,0,0,0,0,0,0,0,0,0,0,5.06740e+0,9.65703e-1,0,0,0,0,0,0,1.99375e-2,0,0,0,0,0,0,0,6.15689e-2,4.48181e-1,0,0,0,0,0,0,6.70333e+0
"Oceania","WLF","Wallis and Futuna",0,0,0,0,0,0,0,0,2.26213e-3,0,0,0,0,0,0,0,0,0,0,0,0,0,0,0,0,0,0,0,0,0,0,0,0,6.15300e-2,2.85887e-2,0,0,0,0,0,0,1.03065e-3,0,0,0,0,0,0,0,0,5.23384e-2,0,0,0,0,0,0,1.45750e-1
"Oceania","WSM","Samoa",4.59210e-5,0,6.44577e-4,0,7.30237e-3,0,9.07970e-5,0,2.13971e-1,2.23870e-2,0,0,0,0,0,0,0,0,0,0,0,0,0,0,0,0,0,0,0,0,0,0,0,1.25791e+0,5.72618e-1,0,0,0,0,0,0,1.60270e-3,0,0,0,0,0,0,0,1.74452e-1,7.76519e-1,0,0,0,0,0,0,3.02754e+0
"Antartica","ATA","Antarctica",0,0,0,0,0,0,0,0,0,0,0,0,0,0,0,0,0,0,0,0,0,0,0,0,0,0,0,0,0,0,0,0,0,0,0,0,0,0,0,0,0,0,0,0,0,0,0,0,0,0,0,0,0,0,0,0,0,0,
"Int. Shipping","SEA","Int. Shipping",0,0,0,0,0,0,0,0,0,0,1.50343e+0,0,3.14596e+1,0,0,0,0,0,0,0,0,0,0,0,0,0,0,0,0,0,0,0,0,0,0,0,0,0,0,0,0,0,0,0,0,0,0,0,0,0,0,0,0,0,0,0,0,3.29631e+1
"Int. Aviation","AIR","Int. Aviation",0,0,0,0,0,0,0,0,0,0,0,1.21504e+0,0,0,0,0,0,0,0,0,0,0,0,0,0,0,0,0,0,0,0,0,0,0,0,0,0,0,0,0,0,0,0,0,0,0,0,0,0,0,0,0,0,0,0,0,0,1.21504e+0

"TOTALS",,,3.78602e+1,1.86753e+1,2.48511e+2,1.17230e+0,8.25621e+2,9.07303e+0,9.13108e+0,2.03232e+0,1.01752e+4,2.76559e+4,3.14096e+4,1.21504e+0,3.14596e+1,0,0,0,4.73003e+1,1.25598e+2,0,0,0,0,0,0,0,0,0,0,0,0,0,0,0,7.18720e+4,9.40207e+3,4.83768e+4,0,0,0,0,5.08180e+3,8.58613e+2,5.13905e+3,6.38647e+2,3.47732e+2,0,0,0,0,1.66299e+4,1.56412e+4,2.88346e+2,6.72532e-1,1.45380e+2,0,0,0,02.45021e+5