"Content:","Emissions by country and main source category" 
"Compound:","CH4"
"Year: ","2003"
"Unit:","Gg CH4"
"Source:","European Commission, Joint Research Centre (JRC)/PBL Netherlands Environmental Assessment Agency. Emission Database for Global Atmospheric Research (EDGAR), release version 4.2. http://edgar.jrc.ec.europe.eu, 2010" 
"Dataset:","v4.2_EM_CH4_300911(edgar)"
"Date calculated:","November 30, 1999, 12:00 am"

,,,"Public electricity and heat production","Other Energy Industries","Manufacturing Industries and Construction","Domestic aviation","Road transportation","Rail transportation","Inland navigation","Other transportation","Residential and other sectors","Fugitive emissions from solid fuels","Fugitive emissions from oil and gas","Memo: International aviation","Memo: International navigation","Cement production","Lime production","Production of other minerals","Production of chemicals","Production of metals","Production of pulp/paper/food/drink","Production of halocarbons and SF6","Refrigeration and Air Conditioning","Foam Blowing","Fire Extinguishers","Aerosols","F-gas as Solvent","Semiconductor/Electronics Manufacture","Electrical Equipment","Other F-gas use","Non-energy use of lubricants/waxes (CO2)","Solvent and other product use: paint","Solvent and other product use: degrease","Solvent and other product use: chemicals","Solvent and other product use: other","Enteric fermentation","Manure management","Rice cultivation","Direct soil emissions","Manure in pasture/range/paddock","Indirect N2O from agriculture","Other direct soil emissions","Savanna burning","Agricultural waste burning","Forest fires","Grassland fires","Peat fires and decay of drained peatland","Other vegetation fires","Other biomass burning","Forest Fires-Post burn decay","Forest Land: net carbon stock change","Solid waste disposal on land","Wastewater handling","Waste incineration","Other waste handling","Fossil fuel fires","Indirect N2O from non-agricultural NOx","Indirect N2O from non-agricultural NH3","Other sources",

"World Region","ISO_A3","Country","1A1a","1A1bc","1A2","1A3a","1A3b","1A3c","1A3d","1A3e","1A4","1B1","1B2","1C1","1C2","2A1","2A2","2A7","2B","2C","2D","2E","2F1","2F2","2F3","2F4","2F5","2F7","2F8","2F9","2G","3A","3B","3C","3D","4A","4B","4C","4D1","4D2","4D3","4D4","4E","4F","5A","5C","5D","5F","5F1","5F2","5FL","6A","6B","6C","6D","7A","7B","7C","7D","TOTAL" 
"Canada","CAN","Canada",4.18463e+0,2.59867e+0,1.21415e+1,9.26288e-2,9.98230e+0,2.89695e-1,5.25802e-1,1.61641e-1,4.58534e+1,8.24122e+1,2.14939e+3,0,0,0,0,0,4.88995e+0,1.39400e-1,0,0,0,0,0,0,0,0,0,0,0,0,0,0,0,8.67188e+2,2.75656e+2,0,0,0,0,0,0,7.88405e+0,3.74338e+2,2.83104e+1,0,0,0,0,0,1.20195e+3,2.12062e+2,6.33554e-1,1.15658e+1,0,0,0,0,5.29225e+3
"USA","SPM","Saint Pierre and Miquelon",0,0,6.25383e-3,0,0,0,7.36946e-5,1.23403e-4,0,0,0,0,0,0,0,0,0,0,0,0,0,0,0,0,0,0,0,0,0,0,0,0,0,3.96956e-3,2.53947e-3,0,0,0,0,0,0,0,0,0,0,0,0,0,0,5.11602e-2,1.25059e-2,8.98424e-4,5.52876e-4,0,0,0,0,7.80774e-2
"USA","UMI","United States Minor Outlying Islands",0,0,0,0,0,0,0,0,0,0,0,0,0,0,0,0,0,0,0,0,0,0,0,0,0,0,0,0,0,0,0,0,0,0,0,0,0,0,0,0,0,0,0,0,0,0,0,0,0,0,0,0,0,0,0,0,0,0,
"USA","USA","United States",5.98634e+1,8.63215e+0,5.39694e+1,1.40226e+0,1.15761e+2,1.75413e+0,9.57971e-1,6.90202e-1,2.90353e+2,3.71260e+3,6.69515e+3,0,0,0,0,0,2.81148e+1,1.00739e+0,0,0,0,0,0,0,0,0,0,0,0,0,0,0,0,6.42121e+3,2.06940e+3,3.28011e+2,0,0,0,0,1.23514e+0,3.43753e+1,5.83104e+1,2.88264e+1,0,0,0,0,0,5.39227e+3,8.67087e+2,0,6.41264e+1,1.50000e+1,0,0,0,2.62501e+4
"Mexico","MEX","Mexico",2.82335e+0,1.50915e+0,2.88382e+0,3.76200e-4,2.07166e+1,9.61024e-2,2.35543e-1,0,7.68792e+1,3.36683e+1,1.52417e+3,0,0,0,0,0,1.54832e+0,2.28539e-1,0,0,0,0,0,0,0,0,0,0,0,0,0,0,0,2.26068e+3,2.26218e+2,7.11967e+0,0,0,0,0,1.19837e+2,3.25826e+1,1.18335e+2,4.70904e-1,0,0,0,0,0,4.44349e+2,5.01612e+2,0,0,0,0,0,0,5.37596e+3
"Rest Central America","ABW","Aruba",1.62369e-3,0,9.46125e-3,0,6.64265e-3,0,0,1.06470e-7,1.68764e-2,1.22450e-2,2.07808e-3,0,0,0,0,0,0,0,0,0,0,0,0,0,0,0,0,0,0,0,0,0,0,3.39370e-2,4.18740e-3,0,0,0,0,0,0,0,0,0,0,0,0,0,0,4.44232e-1,3.88661e-1,0,0,0,0,0,0,9.19945e-1
"Rest Central America","AIA","Anguilla",1.98330e-4,0,1.15578e-3,0,0,0,0,0,1.01556e-4,9.14500e-2,0,0,0,0,0,0,0,0,0,0,0,0,0,0,0,0,0,0,0,0,0,0,0,0,0,0,0,0,0,0,0,0,0,0,0,0,0,0,0,1.02043e-2,4.10457e-2,0,0,0,0,0,0,1.44156e-1
"Rest Central America","ANT","Netherlands Antilles",0,7.04187e-2,1.64274e-2,8.16426e-4,9.76053e-2,0,0,0,3.26360e-2,2.20410e-2,2.47287e+0,0,0,0,0,0,0,0,0,0,0,0,0,0,0,0,0,0,0,0,0,0,0,1.69988e-1,8.06350e-3,0,0,0,0,0,0,0,0,0,0,0,0,0,0,1.61405e+0,7.74122e-1,0,0,0,0,0,0,5.27904e+0
"Rest Central America","ATG","Antigua and Barbuda",3.81078e-3,0,8.34881e-3,2.15640e-5,1.66269e-2,0,0,0,9.59437e-3,0,1.05347e-2,0,0,0,0,0,0,0,0,0,0,0,0,0,0,0,0,0,0,0,0,0,0,1.13526e+0,2.47782e-2,0,0,0,0,0,0,1.55765e-3,0,0,0,0,0,0,0,3.29202e-1,2.99190e-1,0,0,0,0,0,0,1.83892e+0
"Rest Central America","BHS","Bahamas",2.15876e-2,0,4.03677e-2,7.53912e-4,1.14692e-1,0,6.77042e-4,1.23244e-3,8.20021e-2,9.14500e-2,7.48517e-2,0,0,0,0,0,0,0,0,0,0,0,0,0,0,0,0,0,0,0,0,0,0,1.52662e-1,3.75850e-2,0,0,0,0,0,0,1.66446e-2,0,0,0,0,0,0,0,6.88927e+0,1.35001e+0,0,0,0,0,0,0,8.87379e+0
"Rest Central America","BLZ","Belize",1.05091e-2,0,2.58754e-2,9.53350e-6,6.82469e-2,0,1.89394e-4,3.17089e-4,9.81097e-1,5.93650e-2,1.81357e-2,0,0,0,0,0,0,0,0,0,0,0,0,0,0,0,0,0,0,0,0,0,0,3.59231e+0,1.25586e-1,5.37535e-1,0,0,0,0,5.88024e-1,3.54356e-1,0,0,0,0,0,0,0,1.11505e+0,1.27642e+0,0,0,0,0,0,0,8.75303e+0
"Rest Central America","BMU","Bermuda",6.06624e-3,0,6.98465e-3,1.01185e-4,1.53618e-2,0,1.83240e-4,3.41416e-4,1.53734e-2,0,1.12394e-2,0,0,0,0,0,0,0,0,0,0,0,0,0,0,0,0,0,0,0,0,0,0,6.87510e-2,2.66760e-3,0,0,0,0,0,0,4.35495e-5,0,0,0,0,0,0,0,9.16251e-1,2.70074e-1,0,0,0,0,0,0,1.31344e+0
"Rest Central America","BRB","Barbados",9.20731e-3,1.33978e-3,3.00549e-2,5.96099e-5,4.19165e-2,0,1.55121e-4,2.48869e-4,1.25080e-2,2.69700e-2,3.52511e-1,0,0,0,0,0,0,0,0,0,0,0,0,0,0,0,0,0,0,0,0,0,0,9.97435e-1,6.82740e-2,0,0,0,0,0,0,1.08099e-1,0,0,0,0,0,0,0,1.83090e+0,1.51547e+0,0,0,0,0,0,0,4.99515e+0
"Rest Central America","CRI","Costa Rica",1.28640e-1,2.95222e-3,1.19843e-1,0,4.43895e-1,0,1.14114e-2,0,1.56413e+0,5.48700e-1,8.44793e+0,0,0,0,0,0,0,0,0,0,0,0,0,0,0,0,0,0,0,0,0,0,0,8.01675e+1,2.53265e+0,6.40771e+0,0,0,0,0,9.76176e-1,1.36617e+0,0,0,0,0,0,0,0,8.64583e+0,1.86147e+1,0,0,0,0,0,0,1.29978e+2
"Rest Central America","CUB","Cuba",6.62941e-1,2.46870e-3,2.08008e+0,0,4.15293e-1,0,0,0,1.61521e+1,5.76135e+0,2.28541e+1,0,0,0,0,0,0,0,0,0,0,0,0,0,0,0,0,0,0,0,0,0,0,2.33196e+2,8.48585e+0,6.41814e+1,0,0,0,0,4.70304e+0,7.41463e+0,0,0,0,0,0,0,0,6.24430e+1,5.55335e+1,0,0,0,0,0,0,4.83886e+2
"Rest Central America","CYM","Cayman Islands",4.30650e-3,0,4.53346e-3,1.28450e-5,1.33442e-2,0,0,0,4.93430e-3,0,7.06076e-3,0,0,0,0,0,0,0,0,0,0,0,0,0,0,0,0,0,0,0,0,0,0,7.78915e-2,4.11749e-3,0,0,0,0,0,0,1.11551e-5,0,0,0,0,0,0,0,8.29179e-1,1.79886e-1,0,0,0,0,0,0,1.12528e+0
"Rest Central America","DMA","Dominica",2.02259e-3,0,7.74710e-3,2.78200e-6,1.52126e-2,0,2.59524e-5,4.32780e-5,1.40742e-3,2.24130e-2,2.55640e-3,0,0,0,0,0,0,0,0,0,0,0,0,0,0,0,0,0,0,0,0,0,0,8.94046e-1,2.21270e-2,0,0,0,0,0,0,2.23725e-3,0,0,0,0,0,0,0,4.97064e-1,3.65212e-1,0,0,0,0,0,0,1.83212e+0
"Rest Central America","DOM","Dominican Republic",9.52385e-2,5.43400e-4,5.86036e-1,0,7.01241e-1,0,0,5.39220e-3,1.25178e+1,3.47510e+1,6.15922e-1,0,0,0,0,0,0,0,0,0,0,0,0,0,0,0,0,0,0,0,0,0,0,1.40963e+2,4.54227e+0,3.96287e+1,0,0,0,0,5.32704e-1,1.95967e+0,0,0,0,0,0,0,0,4.17520e+1,3.70507e+1,5.02624e-1,0,0,0,0,0,3.16205e+2
"Rest Central America","GLP","Guadeloupe",1.28171e-2,0,4.72108e-2,3.62995e-4,6.25518e-2,0,0,0,4.78456e-1,1.82714e-1,3.79553e-2,0,0,0,0,0,0,0,0,0,0,0,0,0,0,0,0,0,0,0,0,0,0,4.97071e+0,1.21779e-1,0,0,0,0,0,0,2.37403e-1,0,0,0,0,0,0,0,3.25156e+0,2.01251e+0,0,0,0,0,0,0,1.14160e+1
"Rest Central America","GRD","Grenada",3.55932e-3,0,1.01445e-2,2.34650e-5,1.90870e-2,0,3.79208e-4,6.94724e-4,3.13801e-2,1.48986e-1,5.03178e-3,0,0,0,0,0,0,0,0,0,0,0,0,0,0,0,0,0,0,0,0,0,0,3.47077e-1,1.19707e-2,0,0,0,0,0,0,4.50836e-3,0,0,0,0,0,0,0,4.19562e-1,5.64640e-1,0,0,0,0,0,0,1.56704e+0
"Rest Central America","GTM","Guatemala",4.27256e-1,0,5.31445e-1,0,5.78549e-1,0,0,7.52400e-4,3.99860e+1,2.65205e+0,2.99483e+0,0,0,0,0,0,0,0,0,0,0,0,0,0,0,0,0,0,0,0,0,0,0,1.46309e+2,3.54314e+0,1.72059e+0,0,0,0,0,1.74883e+2,5.96306e+0,1.49913e+2,0,0,0,0,0,0,1.67139e+1,5.03736e+1,0,0,0,0,0,0,5.96590e+2
"Rest Central America","HND","Honduras",6.54398e-2,0,3.30178e-1,0,3.59149e-1,0,0,0,1.48274e+1,2.74350e-1,0,0,0,0,0,0,0,0,0,0,0,0,0,0,0,0,0,0,0,0,0,0,0,1.64051e+2,3.79862e+0,8.97079e-1,0,0,0,0,7.24728e+0,2.02676e+0,0,0,0,0,0,0,0,6.76724e+0,2.70948e+1,0,0,0,0,0,0,2.27740e+2
"Rest Central America","HTI","Haiti",6.40581e-3,0,3.98647e-1,0,9.38914e-2,0,0,1.88100e-2,1.41186e+1,1.64610e+1,0,0,0,0,0,0,0,0,0,0,0,0,0,0,0,0,0,0,0,0,0,0,0,9.69606e+1,4.04021e+0,6.22972e+0,0,0,0,0,2.79720e-2,8.75372e-1,0,0,0,0,0,0,0,1.68335e+1,4.14701e+1,0,0,0,0,0,0,1.97535e+2
"Rest Central America","JAM","Jamaica",1.98607e-1,3.65060e-4,5.18320e-2,2.09000e-5,4.60315e-1,2.08503e-3,0,1.93116e-2,2.36173e+0,4.20670e+0,2.31982e-1,0,0,0,0,0,0,0,0,0,0,0,0,0,0,0,0,0,0,0,0,0,0,3.00291e+1,8.76252e-1,1.18661e-3,0,0,0,0,0,5.45580e-1,0,0,0,0,0,0,0,1.10917e+1,1.21618e+1,0,0,0,0,0,0,6.22386e+1
"Rest Central America","KNA","Saint Kitts and Nevis",1.78538e-3,0,4.16989e-3,3.20465e-5,4.29862e-3,0,1.37490e-4,2.29919e-4,8.95634e-2,0,2.22776e-3,0,0,0,0,0,0,0,0,0,0,0,0,0,0,0,0,0,0,0,0,0,0,3.83347e-1,1.18840e-2,0,0,0,0,0,0,5.74432e-2,0,0,0,0,0,0,0,8.08060e-1,2.49253e-1,0,0,0,0,0,0,1.61243e+0
"Rest Central America","LCA","Saint Lucia",6.40159e-3,0,1.58266e-2,5.72949e-6,2.17897e-2,0,4.18270e-5,6.99108e-5,1.66205e-2,2.88920e-2,7.82797e-3,0,0,0,0,0,0,0,0,0,0,0,0,0,0,0,0,0,0,0,0,0,0,8.57022e-1,3.40680e-2,0,0,0,0,0,0,8.54304e-3,0,0,0,0,0,0,0,1.77485e-1,7.54766e-1,0,0,0,0,0,0,1.92936e+0
"Rest Central America","MSR","Montserrat",5.53023e-4,0,4.16403e-4,3.71000e-6,3.96678e-3,0,3.34472e-3,2.05372e-4,7.95563e-2,0,1.19157e-3,0,0,0,0,0,0,0,0,0,0,0,0,0,0,0,0,0,0,0,0,0,0,6.20405e-1,1.37480e-2,0,0,0,0,0,0,4.62834e-5,0,0,0,0,0,0,0,8.63579e-3,4.03670e-2,0,0,0,0,0,0,7.72440e-1
"Rest Central America","MTQ","Martinique",1.82722e-2,0,4.38380e-2,3.65852e-4,5.56171e-2,0,1.79261e-5,2.99622e-5,5.15220e-2,1.62781e-1,4.01678e-2,0,0,0,0,0,0,0,0,0,0,0,0,0,0,0,0,0,0,0,0,0,0,1.66200e+0,5.51006e-2,0,0,0,0,0,0,6.91050e-2,0,0,0,0,0,0,0,5.14578e+0,1.71692e+0,0,0,0,0,0,0,9.02152e+0
"Rest Central America","NIC","Nicaragua",6.01138e-2,1.84680e-3,1.70381e-1,0,2.02401e-1,0,4.68160e-3,0,1.69680e+1,1.73755e+0,2.17957e-1,0,0,0,0,0,0,0,0,0,0,0,0,0,0,0,0,0,0,0,0,0,0,1.89654e+2,4.86404e+0,1.10355e+1,0,0,0,0,5.68968e+0,2.04262e+0,0,0,0,0,0,0,0,2.43946e+1,2.63271e+1,0,0,0,0,0,0,2.83371e+2
"Rest Central America","PAN","Panama",3.62683e-2,0,1.01825e-1,0,4.64398e-1,0,0,7.67448e-2,5.67897e+0,3.65800e-1,0,0,0,0,0,0,0,0,0,0,0,0,0,0,0,0,0,0,0,0,0,0,0,9.81517e+1,2.32575e+0,1.59006e+1,0,0,0,0,1.32782e+0,8.34960e-1,0,0,0,0,0,0,0,1.10462e+1,1.35746e+1,0,0,0,0,0,0,1.49886e+2
"Rest Central America","PRI","Puerto Rico",0,0,2.30222e-3,0,0,0,3.98350e-5,8.28747e-5,0,0,0,0,0,0,0,0,0,0,0,0,0,0,0,0,0,0,0,0,0,0,0,0,0,2.88664e+1,7.05695e-1,0,0,0,0,0,0,1.41054e-2,0,0,0,0,0,0,0,5.75079e+1,1.86342e+1,0,0,0,0,0,0,1.05731e+2
"Rest Central America","SLV","El Salvador",1.37773e-1,6.68800e-4,3.07159e-1,0,3.01080e-1,0,0,0,1.62002e+1,1.64610e+0,2.57591e-1,0,0,0,0,0,0,0,0,0,0,0,0,0,0,0,0,0,0,0,0,0,0,7.31411e+1,2.37863e+0,3.93955e-1,0,0,0,0,5.40528e-1,1.85001e+0,0,0,0,0,0,0,0,2.09106e+1,2.88500e+1,0,0,0,0,0,0,1.46915e+2
"Rest Central America","TCA","Turks and Caicos Islands",3.99060e-4,0,2.32539e-3,0,4.40752e-4,0,2.05164e-6,3.32931e-6,2.52762e-4,7.96700e-3,2.27921e-5,0,0,0,0,0,0,0,0,0,0,0,0,0,0,0,0,0,0,0,0,0,0,0,0,0,0,0,0,0,0,0,0,0,0,0,0,0,0,9.89071e-2,9.43125e-2,0,0,0,0,0,0,2.04633e-1
"Rest Central America","TTO","Trinidad and Tobago",2.99116e-1,1.03526e-1,4.72758e-2,0,2.07272e-1,0,0,0,7.32481e-1,1.70097e-1,3.65882e+2,0,0,0,0,0,9.33512e+0,0,0,0,0,0,0,0,0,0,0,0,0,0,0,0,0,2.33316e+0,3.61502e-1,1.18661e-1,0,0,0,0,0,3.97953e-1,0,0,0,0,0,0,0,1.09168e+1,4.65408e+1,0,0,0,0,0,0,4.37446e+2
"Rest Central America","VCT","Saint Vincent and the Grenadines",3.98571e-3,0,1.17066e-2,3.19250e-6,8.50676e-3,0,0,0,2.34581e-2,3.14650e-2,3.93007e-3,0,0,0,0,0,0,0,0,0,0,0,0,0,0,0,0,0,0,0,0,0,0,4.05915e-1,1.81260e-2,0,0,0,0,0,0,1.21266e-2,0,0,0,0,0,0,0,5.82011e-1,5.43743e-1,0,0,0,0,0,0,1.64498e+0
"Rest Central America","VGB","Virgin Islands_British",1.01191e-3,0,2.15690e-3,4.20650e-6,4.05728e-3,0,0,0,1.17624e-3,4.65000e-3,1.36186e-3,0,0,0,0,0,0,0,0,0,0,0,0,0,0,0,0,0,0,0,0,0,0,4.96543e-1,2.81092e-2,0,0,0,0,0,0,0,0,0,0,0,0,0,0,2.19908e-1,8.57345e-2,0,0,0,0,0,0,8.44713e-1
"Rest Central America","VIR","Virgin Islands_USA",0,0,0,0,0,0,0,0,0,0,0,0,0,0,0,0,0,0,0,0,0,0,0,0,0,0,0,0,0,0,0,0,0,4.42400e-2,8.57493e-3,0,0,0,0,0,0,9.69916e-2,0,0,0,0,0,0,0,1.29422e+0,4.82238e-1,0,0,0,0,0,0,1.92626e+0
"Brazil","BRA","Brazil",3.39602e+0,9.84828e+0,3.33634e+1,4.11771e-2,1.70416e+1,9.22037e-2,3.17401e-1,0,1.33114e+2,6.60236e+2,7.29823e+2,0,0,0,0,0,2.34451e+0,3.31710e+0,0,0,0,0,0,0,0,0,0,0,0,0,0,0,0,1.23701e+4,2.79613e+2,2.48904e+2,0,0,0,0,3.47784e+2,2.10620e+2,2.19160e+3,1.98571e+0,0,0,0,0,0,7.92946e+2,1.90905e+3,8.80022e+0,3.24931e+0,0,0,0,0,1.99576e+4
"Rest South America","ARG","Argentina",1.20748e+0,5.42956e-1,3.55931e+0,1.43817e-2,9.08397e+0,0,2.93076e-3,0,7.07519e+0,2.52191e+1,7.55607e+2,0,0,0,0,0,6.35004e-1,1.22690e-1,0,0,0,0,0,0,0,0,0,0,0,0,0,0,0,3.32635e+3,6.16179e+1,1.57820e+1,0,0,0,0,9.13464e+0,4.99185e+1,2.50633e+1,9.76968e+1,0,0,0,0,0,1.79721e+2,2.44316e+2,0,0,0,0,0,0,4.81267e+3
"Rest South America","BOL","Bolivia",1.33025e-1,3.53100e-2,5.87497e-1,1.96780e-3,4.93718e-1,3.82255e-3,2.93076e-3,0,8.78090e+0,2.01190e+0,2.14807e+2,0,0,0,0,0,0,0,0,0,0,0,0,0,0,0,0,0,0,0,0,0,0,4.21886e+2,1.18623e+1,1.67312e+1,0,0,0,0,2.29781e+1,3.74698e+0,1.76861e+2,0,0,0,0,0,0,1.93522e+1,4.06223e+1,0,0,0,0,0,0,9.40898e+2
"Rest South America","BVT","Bouvet Island",0,0,0,0,0,0,0,0,0,0,0,0,0,0,0,0,0,0,0,0,0,0,0,0,0,0,0,0,0,0,0,0,0,0,0,0,0,0,0,0,0,0,0,0,0,0,0,0,0,0,0,0,0,0,0,0,0,0,
"Rest South America","CHL","Chile",1.03117e+0,1.55934e-1,1.60671e+0,1.17458e-2,2.13552e+0,3.46940e-3,3.31223e-1,0,3.65991e+1,3.12889e+1,1.40694e+2,0,0,0,0,0,5.88150e+0,0,0,0,0,0,0,0,0,0,0,0,0,0,0,0,0,3.04626e+2,1.13278e+1,3.34625e+0,0,0,0,0,0,2.47917e+0,1.78622e-1,1.92694e+0,0,0,0,0,0,5.23632e+1,2.41757e+2,0,0,0,0,0,0,8.37744e+2
"Rest South America","COL","Colombia",2.89838e-1,2.70261e-1,2.96214e+0,8.36001e-4,3.91017e+0,3.20606e-3,5.53014e-2,0,3.29404e+1,1.59697e+2,3.23749e+2,0,0,0,0,0,5.74645e-2,2.80700e-2,0,0,0,0,0,0,0,0,0,0,0,0,0,0,0,1.61910e+3,4.00346e+1,1.19312e+2,0,0,0,0,2.62152e+1,1.44989e+1,3.60128e+1,0,0,0,0,0,0,9.53947e+1,2.03727e+2,0,0,0,0,0,0,2.67826e+3
"Rest South America","ECU","Ecuador",7.05156e-2,1.34871e-2,5.36378e-1,6.26999e-5,1.84809e+0,0,1.42276e-1,0,9.32902e+0,9.26389e+0,1.20706e+2,0,0,0,0,0,7.47000e-5,0,0,0,0,0,0,0,0,0,0,0,0,0,0,0,0,3.48661e+2,9.55189e+0,9.25101e+1,0,0,0,0,5.15544e-1,3.38101e+0,2.70898e-1,0,0,0,0,0,0,2.30829e+1,5.75827e+1,0,0,0,0,0,0,6.77466e+2
"Rest South America","FLK","Falkland Islands (Malvinas)",5.68380e-4,0,3.35655e-4,4.38600e-6,6.51927e-4,0,1.59342e-5,2.66329e-5,3.09946e-4,9.88900e-3,5.82047e-4,0,0,0,0,0,0,0,0,0,0,0,0,0,0,0,0,0,0,0,0,0,0,3.75922e+0,7.45571e-2,0,0,0,0,0,0,0,0,0,0,0,0,0,0,2.39892e-2,1.45749e-2,1.00857e-4,1.86198e-5,0,0,0,0,3.88484e+0
"Rest South America","GUF","French Guiana",6.49187e-3,0,2.05875e-2,2.53711e-4,1.63013e-2,0,6.77187e-5,1.13593e-4,3.52412e-1,4.33473e-1,1.90770e-2,0,0,0,0,0,0,0,0,0,0,0,0,0,0,0,0,0,0,0,0,0,0,5.39208e-1,3.14128e-2,7.13155e-1,0,0,0,0,0,2.00223e-2,2.10474e-1,0,0,0,0,0,0,9.22749e-1,8.60322e-1,2.97415e-3,5.49072e-4,0,0,0,0,4.14964e+0
"Rest South America","GUY","Guyana",2.75405e-2,0,7.71184e-2,9.64555e-5,4.32446e-2,0,0,0,3.05920e+0,1.96478e-1,3.11865e-2,0,0,0,0,0,0,0,0,0,0,0,0,0,0,0,0,0,0,0,0,0,0,7.00399e+0,6.00487e-1,3.50073e+1,0,0,0,0,1.82218e+0,1.25631e+0,7.25084e+0,0,0,0,0,0,0,1.48873e+0,4.17813e+0,4.66705e-3,8.61608e-4,0,0,0,0,6.20484e+1
"Rest South America","PER","Peru",1.67444e-1,5.96235e-2,3.67547e-1,2.09000e-5,1.08114e+0,0,1.02410e-2,0,2.65544e+1,8.06543e+0,3.88454e+1,0,0,0,0,0,3.00000e-4,1.92390e-1,0,0,0,0,0,0,0,0,0,0,0,0,0,0,0,3.76289e+2,1.24492e+1,8.88237e+1,0,0,0,0,1.31045e+0,5.45808e+0,1.18347e+1,0,0,0,0,0,0,6.28837e+1,1.20585e+2,0,0,0,0,0,0,7.54978e+2
"Rest South America","PRY","Paraguay",0,0,1.66351e+0,0,2.88257e-1,0,1.17230e-3,5.01600e-4,2.09070e+1,1.82900e+1,2.20993e-2,0,0,0,0,0,0,0,0,0,0,0,0,0,0,0,0,0,0,0,0,0,0,5.64916e+2,1.26781e+1,3.59544e+0,0,0,0,0,3.77832e+1,5.05848e+0,3.49666e+1,1.60049e+1,0,0,0,0,0,2.13296e+1,2.82744e+1,0,0,0,0,0,0,7.65780e+2
"Rest South America","SGS","South Georgia and the South Sandwich Islands",0,0,0,0,0,0,0,0,0,0,0,0,0,0,0,0,0,0,0,0,0,0,0,0,0,0,0,0,0,0,0,0,0,0,0,0,0,0,0,0,0,0,0,0,0,0,0,0,0,0,0,0,0,0,0,0,0,0,
"Rest South America","SUR","Suriname",1.74520e-2,0,4.94900e-2,7.85335e-5,3.66736e-2,0,3.23765e-4,5.26953e-4,1.74234e-1,1.82900e-1,3.68605e-2,0,0,0,0,0,0,0,0,0,0,0,0,0,0,0,0,0,0,0,0,0,0,6.75626e+0,2.68819e-1,1.58515e+1,0,0,0,0,0,1.66933e-1,5.90097e+0,0,0,0,0,0,0,2.02549e+0,2.44059e+0,6.56825e-3,1.21260e-3,0,0,0,0,3.39168e+1
"Rest South America","URY","Uruguay",1.14585e-2,6.25990e-3,1.66657e-1,6.26999e-5,2.46349e-1,0,0,0,3.92529e+0,5.48700e+0,6.58364e+0,0,0,0,0,0,0,2.20000e-4,0,0,0,0,0,0,0,0,0,0,0,0,0,0,0,8.01575e+2,1.44503e+1,4.61860e+1,0,0,0,0,0,1.31744e+0,0,3.30168e-1,0,0,0,0,0,2.15279e+1,1.66808e+1,0,0,0,0,0,0,9.18494e+2
"Rest South America","VEN","Venezuela",6.22059e-1,1.06899e+0,1.10277e+0,0,9.64680e+0,1.90817e-3,0,5.10021e-3,1.01952e+1,1.18757e+2,1.01202e+3,0,0,0,0,0,3.18400e+0,1.46493e-1,0,0,0,0,0,0,0,0,0,0,0,0,0,0,0,1.02206e+3,2.66888e+1,1.62566e+1,0,0,0,0,4.82736e+1,4.87277e+0,1.83505e+2,0,0,0,0,0,0,1.22939e+2,1.47662e+2,0,0,0,0,0,0,2.72900e+3
"Northern_Africa","DZA","Algeria",1.01510e+0,6.41604e-1,2.02782e-1,0,2.57958e+0,0,0,1.36908e-2,2.73577e+1,5.47048e+1,1.64901e+3,0,0,0,0,0,2.27524e-1,1.41050e-1,0,0,0,0,0,0,0,0,0,0,0,0,0,0,0,1.92540e+2,8.19699e+0,2.54516e-2,0,0,0,0,0,1.50809e-1,4.34755e-2,0,0,0,0,0,0,8.94263e+1,1.22384e+2,0,0,0,0,0,0,2.14866e+3
"Northern_Africa","EGY","Egypt",1.15855e+0,4.47302e-1,1.93898e+0,9.40500e-3,3.85950e+0,0,1.96335e-1,0,6.06132e+1,1.16865e+2,7.33372e+2,0,0,0,0,0,1.09500e-2,2.28390e-1,0,0,0,0,0,0,0,0,0,0,0,0,0,0,0,4.87482e+2,1.48271e+1,1.94554e+2,0,0,0,0,0,5.91784e-1,0,0,0,0,0,0,0,1.44506e+2,2.37147e+2,0,0,0,0,0,0,1.99781e+3
"Northern_Africa","ESH","Western Sahara",9.24393e-4,5.63819e-5,1.43710e-2,5.37135e-5,7.37684e-3,2.86765e-6,0,0,2.31330e-2,0,1.36349e-2,0,0,0,0,0,0,0,0,0,0,0,0,0,0,0,0,0,0,0,0,0,0,1.04427e+1,2.88236e-1,0,0,0,0,0,0,7.08210e-5,0,0,0,0,0,0,0,4.23342e-1,1.39047e+0,0,0,0,0,0,0,1.26043e+1
"Northern_Africa","LBY","Libyan Arab Jamahiriya",3.41007e-1,2.41485e-1,7.55326e-2,4.18681e-5,2.68917e+0,0,0,0,2.17563e+0,8.55516e+0,5.59136e+2,0,0,0,0,0,1.39590e+0,0,0,0,0,0,0,0,0,0,0,0,0,0,0,0,0,3.83097e+1,1.71109e+0,0,0,0,0,0,0,1.03610e-2,2.22461e-2,0,0,0,0,0,0,2.67532e+1,2.68626e+1,0,0,0,0,0,0,6.68279e+2
"Northern_Africa","MAR","Morocco",7.62033e-2,4.09640e-3,2.99915e-1,0,3.03777e-1,0,0,0,3.97282e+0,8.71246e+0,1.26526e+1,0,0,0,0,0,0,0,0,0,0,0,0,0,0,0,0,0,0,0,0,0,0,2.45634e+2,9.94323e+0,4.32678e-1,0,0,0,0,0,3.12429e-1,0,2.28835e-1,0,0,0,0,0,6.81595e+1,1.25140e+2,0,0,0,0,0,0,4.75873e+2
"Northern_Africa","TUN","Tunisia",4.04599e-1,2.68360e-3,1.04166e-1,0,4.31605e-1,1.73752e-3,0,1.25400e-4,9.21305e+0,1.72841e+1,1.41669e+2,0,0,0,0,0,0,3.85000e-3,0,0,0,0,0,0,0,0,0,0,0,0,0,0,0,9.07589e+1,4.40875e+0,0,0,0,0,0,0,7.39571e-2,0,0,0,0,0,0,0,3.31815e+1,3.74091e+1,0,0,0,0,0,0,3.34947e+2
"Western_Africa","BEN","Benin",2.13527e-3,0,5.64300e-3,0,4.30218e-1,0,0,0,2.33663e+1,1.74670e+1,0,0,0,0,0,0,0,0,0,0,0,0,0,0,0,0,0,0,0,0,0,0,0,6.20639e+1,2.70752e+0,2.97784e+0,0,0,0,0,1.94647e+1,6.22056e-1,2.52171e+1,0,0,0,0,0,0,7.98149e+0,3.41079e+1,0,0,0,0,0,0,1.96414e+2
"Western_Africa","BFA","Burkina Faso",1.98945e-3,1.06638e-4,5.20547e-1,5.82965e-4,8.56064e-2,3.55655e-6,0,0,2.48522e+1,4.41183e+1,6.46129e-2,0,0,0,0,0,0,0,0,0,0,0,0,0,0,0,0,0,0,0,0,0,0,3.23999e+2,1.60461e+1,6.08295e+0,0,0,0,0,2.75616e+1,1.31489e+0,0,0,0,0,0,0,0,5.04677e+0,4.80851e+1,0,0,0,0,0,0,4.97780e+2
"Western_Africa","CAF","Central African Republic",6.03547e-4,3.67690e-5,1.64606e-1,2.83037e-4,3.22411e-2,1.85090e-6,0,0,7.86394e+0,5.48700e+0,1.86838e-2,0,0,0,0,0,0,0,0,0,0,0,0,0,0,0,0,0,0,0,0,0,0,1.49214e+2,4.80896e+0,1.84525e+0,0,0,0,0,7.77552e+2,1.82485e-1,2.69946e+2,0,0,0,0,0,0,6.93094e+0,1.74698e+1,0,0,0,0,0,0,1.24152e+3
"Western_Africa","CIV","Cote d'Ivoire",1.39721e-1,3.31195e-3,2.04402e-2,0,1.11816e-1,3.64287e-3,1.19966e-2,0,3.63544e+1,6.95020e+1,2.42077e+1,0,0,0,0,0,0,0,0,0,0,0,0,0,0,0,0,0,0,0,0,0,0,6.68560e+1,3.00716e+0,1.11468e+1,0,0,0,0,1.36349e+1,9.64510e-1,1.57556e+2,0,0,0,0,0,0,3.52213e+1,7.34313e+1,0,0,0,0,0,0,4.92173e+2
"Western_Africa","CMR","Cameroon",4.64736e-3,0,1.10477e+0,0,4.18682e-1,0,0,0,3.50753e+1,9.60225e+0,6.54637e+1,0,0,0,0,0,0,0,0,0,0,0,0,0,0,0,0,0,0,0,0,0,0,2.49661e+2,9.37587e+0,5.05216e+0,0,0,0,0,1.05898e+2,8.46268e-1,4.35356e+1,0,0,0,0,0,0,3.79010e+1,7.62520e+1,0,0,0,0,0,0,6.40191e+2
"Western_Africa","COD","Congo_the Democratic Republic of the",5.02416e-4,2.93076e-4,4.56719e+0,0,1.49877e-1,0,0,0,2.47788e+2,1.49792e+1,4.75717e+0,0,0,0,0,0,0,0,0,0,0,0,0,0,0,0,0,0,0,0,0,0,0,5.74026e+0,2.56511e-1,5.30667e+1,0,0,0,0,4.99464e+2,3.41894e+0,1.40488e+3,0,0,0,0,0,0,5.54211e+1,2.24439e+2,0,0,0,0,0,0,2.51893e+3
"Western_Africa","COG","Congo",0,1.25400e-4,1.50480e-3,8.36000e-4,8.51411e-2,0,0,0,5.45381e+0,5.24923e+1,9.34007e+1,0,0,0,0,0,0,0,0,0,0,0,0,0,0,0,0,0,0,0,0,0,0,5.38021e+1,2.93960e+0,2.54516e-1,0,0,0,0,1.81618e+1,1.58538e-1,6.22669e+1,0,0,0,0,0,0,7.87829e+0,1.59434e+1,0,0,0,0,0,0,3.12840e+2
"Western_Africa","CPV","Cape Verde",5.43298e-4,3.30921e-5,2.03728e-2,5.58085e-5,9.32373e-3,1.49400e-6,0,0,6.18992e-2,8.42270e-2,9.01156e-3,0,0,0,0,0,0,0,0,0,0,0,0,0,0,0,0,0,0,0,0,0,0,1.78242e+0,6.14243e-1,0,0,0,0,0,0,2.04987e-2,0,0,0,0,0,0,0,1.09730e+0,2.07284e+0,0,0,0,0,0,0,5.77277e+0
"Western_Africa","GAB","Gabon",2.94750e-2,1.33760e-3,2.65430e-1,0,5.93768e-2,0,0,0,3.81084e+0,1.54550e+0,1.82649e+2,0,0,0,0,0,0,0,0,0,0,0,0,0,0,0,0,0,0,0,0,0,0,2.83437e+0,3.58639e-1,6.36292e-2,0,0,0,0,5.43264e-1,4.47737e-2,8.88148e+0,0,0,0,0,0,0,8.65792e+0,6.57728e+0,0,0,0,0,0,0,2.16322e+2
"Western_Africa","GHA","Ghana",7.27248e-2,2.00640e-3,1.26909e+0,0,7.50577e-1,5.72451e-3,1.11188e-2,0,7.78391e+1,5.73391e+1,3.83240e-1,0,0,0,0,0,0,0,0,0,0,0,0,0,0,0,0,0,0,0,0,0,0,7.78852e+1,3.69028e+0,1.48892e+1,0,0,0,0,5.14800e+1,1.24930e+0,1.67307e+1,0,0,0,0,0,0,3.91178e+1,9.25278e+1,0,0,0,0,0,0,4.35243e+2
"Western_Africa","GIN","Guinea",2.02816e-3,9.43793e-5,3.82060e-1,6.41778e-4,1.02975e-1,5.47385e-6,0,0,4.21851e+1,2.71524e+1,6.74296e-2,0,0,0,0,0,0,0,0,0,0,0,0,0,0,0,0,0,0,0,0,0,0,1.07853e+2,4.16854e+0,5.86183e+1,0,0,0,0,5.93880e+1,7.53617e-1,6.83672e+1,0,0,0,0,0,0,1.44154e+1,3.83782e+1,0,0,0,0,0,0,4.21836e+2
"Western_Africa","GMB","Gambia",9.20766e-4,5.63819e-5,6.02776e-2,9.29750e-5,3.96141e-2,2.66430e-6,0,0,2.35441e+0,4.59445e+0,1.60154e-2,0,0,0,0,0,0,0,0,0,0,0,0,0,0,0,0,0,0,0,0,0,0,1.32596e+1,5.22570e-1,1.27258e+0,0,0,0,0,2.40960e+0,4.13519e-2,0,0,0,0,0,0,0,1.68425e+0,5.14559e+0,0,0,0,0,0,0,3.14014e+1
"Western_Africa","GNB","Guinea-Bissau",7.13331e-4,4.16743e-5,6.35062e-2,1.66434e-4,2.26106e-2,2.18290e-6,0,0,1.73688e+0,4.57250e-2,1.98063e-2,0,0,0,0,0,0,0,0,0,0,0,0,0,0,0,0,0,0,0,0,0,0,1.96878e+1,1.05053e+0,6.99921e+0,0,0,0,0,8.78184e+0,9.52408e-2,0,0,0,0,0,0,0,1.65179e+0,6.37413e+0,0,0,0,0,0,0,4.65300e+1
"Western_Africa","GNQ","Equatorial Guinea",2.86670e-4,4.53512e-5,2.02890e-2,1.09297e-4,1.21589e-2,2.12895e-6,0,0,1.61253e+0,6.72235e-1,8.34581e+1,0,0,0,0,0,1.49500e+0,0,0,0,0,0,0,0,0,0,0,0,0,0,0,0,0,3.90474e-1,2.53200e-2,0,0,0,0,0,0,1.88791e-2,3.92224e-2,0,0,0,0,0,0,1.47991e+0,5.63380e+0,0,0,0,0,0,0,9.48583e+1
"Western_Africa","LBR","Liberia",1.29956e-3,6.12830e-5,1.36410e-1,1.51366e-4,3.42733e-2,2.85935e-6,0,0,1.89714e+1,1.60175e+1,2.77486e-2,0,0,0,0,0,0,0,0,0,0,0,0,0,0,0,0,0,0,0,0,0,0,3.46574e+0,3.37592e-1,1.44000e+0,0,0,0,0,1.31350e+0,1.49203e-1,7.05432e-2,0,0,0,0,0,0,4.94302e+0,1.22725e+1,0,0,0,0,0,0,5.91809e+1
"Western_Africa","MLI","Mali",2.06307e-3,1.00509e-4,5.32234e-1,2.11489e-4,7.42132e-2,5.28295e-6,0,0,2.00682e+1,9.71748e+0,3.40983e-2,0,0,0,0,0,0,0,0,0,0,0,0,0,0,0,0,0,0,0,0,0,0,3.74461e+2,1.45470e+1,5.16669e+1,0,0,0,0,4.55592e+1,1.12169e+0,2.08842e+1,0,0,0,0,0,0,8.78849e+0,5.31973e+1,0,0,0,0,0,0,6.00655e+2
"Western_Africa","MRT","Mauritania",5.24776e-3,2.41468e-4,1.34552e-1,1.62062e-3,2.98655e-1,1.57869e-5,0,0,5.97789e+0,1.33929e+1,1.87116e-1,0,0,0,0,0,0,0,0,0,0,0,0,0,0,0,0,0,0,0,0,0,0,1.96590e+2,8.77756e+0,2.68515e+0,0,0,0,0,2.42112e-1,1.18924e-1,0,0,0,0,0,0,0,5.10473e+0,1.35616e+1,0,0,0,0,0,0,2.47078e+2
"Western_Africa","NER","Niger",4.57476e-3,1.83857e-4,5.47018e-1,1.06234e-4,5.95630e-2,3.37359e-5,0,0,3.25237e+1,4.32667e+1,4.33730e-2,0,0,0,0,0,0,0,0,0,0,0,0,0,0,0,0,0,0,0,0,0,0,1.05461e+2,4.84797e+0,3.18146e+0,0,0,0,0,2.34420e+0,1.67966e+0,0,0,0,0,0,0,0,5.74672e+0,5.06695e+1,0,0,0,0,0,0,2.50376e+2
"Western_Africa","NGA","Nigeria",2.79673e-1,3.59664e-1,1.00174e+1,0,6.86382e+0,6.93280e-3,1.14114e-2,0,2.35272e+2,8.85971e+1,1.78540e+3,0,0,0,0,0,7.20000e-4,0,0,0,0,0,0,0,0,0,0,0,0,0,0,0,0,7.78861e+2,3.73461e+1,2.59503e+2,0,0,0,0,7.57008e+1,1.15312e+1,1.29152e+1,0,0,0,0,0,0,1.04911e+2,5.47644e+2,0,0,0,0,0,0,3.95522e+3
"Western_Africa","SEN","Senegal",8.36039e-2,3.76200e-4,2.32826e-2,0,1.25341e-1,0,1.25823e-2,0,2.11995e+1,3.07272e+1,1.39902e+0,0,0,0,0,0,0,0,0,0,0,0,0,0,0,0,0,0,0,0,0,0,0,1.62850e+2,7.42208e+0,1.11733e+1,0,0,0,0,2.76888e+1,4.15008e-1,0,0,0,0,0,0,0,1.80584e+1,5.16910e+1,0,0,0,0,0,0,3.32869e+2
"Western_Africa","SHN","Saint Helena",0,0,2.03811e-4,0,1.04510e-3,0,0,0,3.17139e-4,0,6.11612e-4,0,0,0,0,0,0,0,0,0,0,0,0,0,0,0,0,0,0,0,0,0,0,4.44422e-2,4.16823e-3,0,0,0,0,0,0,0,0,0,0,0,0,0,0,1.65464e-2,2.37101e-2,0,0,0,0,0,0,9.10446e-2
"Western_Africa","SLE","Sierra Leone",2.85385e-3,1.32435e-4,2.17254e-1,3.97405e-4,3.94543e-2,6.88900e-6,0,0,1.94284e+1,2.92695e+1,5.25259e-2,0,0,0,0,0,0,0,0,0,0,0,0,0,0,0,0,0,0,0,0,0,0,1.46758e+1,7.22549e-1,1.55400e+1,0,0,0,0,1.74034e+1,2.91681e-1,2.50838e+0,0,0,0,0,0,0,5.57911e+0,2.17821e+1,0,0,0,0,0,0,1.27513e+2
"Western_Africa","STP","Sao Tome and Principe",4.22160e-4,2.57383e-5,6.35630e-3,2.70569e-5,6.74839e-3,1.31555e-6,0,0,2.46790e-2,7.12752e-1,5.10519e-3,0,0,0,0,0,0,0,0,0,0,0,0,0,0,0,0,0,0,0,0,0,0,2.24957e-1,1.96791e-2,0,0,0,0,0,0,1.88800e-3,0,0,0,0,0,0,0,2.84980e-1,5.95239e-1,0,0,0,0,0,0,1.88286e+0
"Western_Africa","TCD","Chad",5.35785e-4,3.18679e-5,3.81304e-1,5.13224e-5,7.88338e-3,1.65170e-6,0,0,2.38683e+1,3.07930e+1,4.84663e+0,0,0,0,0,0,0,0,0,0,0,0,0,0,0,0,0,0,0,0,0,0,0,2.84478e+2,1.09941e+1,1.20895e+1,0,0,0,0,2.05639e+2,7.30249e-1,0,0,0,0,0,0,0,5.42706e+0,3.52498e+1,0,0,0,0,0,0,6.14505e+2
"Western_Africa","TGO","Togo",1.50725e-3,0,9.66192e-3,0,1.65249e-1,0,0,0,2.31927e+1,4.40789e+1,0,0,0,0,0,0,0,0,0,0,0,0,0,0,0,0,0,0,0,0,0,0,0,2.59520e+1,1.55278e+0,4.45404e+0,0,0,0,0,1.28268e+1,4.44969e-1,4.51058e+0,0,0,0,0,0,0,6.38010e+0,2.38592e+1,0,0,0,0,0,0,1.47428e+2
"Eastern_Africa","BDI","Burundi",6.39110e-4,3.43163e-5,2.94359e-1,2.58153e-4,3.09978e-2,1.83430e-6,0,0,2.96236e+1,2.46120e+1,2.36308e-2,0,0,0,0,0,0,0,0,0,0,0,0,0,0,0,0,0,0,0,0,0,0,1.68171e+1,6.74648e-1,0,0,0,0,0,0,3.89084e-1,0,0,0,0,0,0,0,1.06097e+0,2.80792e+1,0,0,0,0,0,0,1.01607e+2
"Eastern_Africa","COM","Comoros",1.17396e-4,1.71561e-5,3.17042e-2,7.95644e-5,6.93221e-3,8.54900e-7,0,0,1.28827e-1,2.95275e+0,5.52388e-3,0,0,0,0,0,0,0,0,0,0,0,0,0,0,0,0,0,0,0,0,0,0,2.18816e+0,1.00887e-1,1.78162e+0,0,0,0,0,0,1.37779e-2,0,0,0,0,0,0,0,8.24640e-1,3.17530e+0,0,0,0,0,0,0,1.12103e+1
"Eastern_Africa","DJI","Djibouti",1.94286e-3,1.16441e-4,4.41931e-2,2.93153e-4,2.64426e-2,6.94710e-6,0,0,1.75662e-1,3.81173e+0,9.32683e-2,0,0,0,0,0,0,0,0,0,0,0,0,0,0,0,0,0,0,0,0,0,0,1.73054e+1,6.92600e-1,0,0,0,0,0,1.29235e-3,1.81743e-6,0,0,0,0,0,0,0,1.72022e+0,3.66200e+0,0,0,0,0,0,0,2.75351e+1
"Eastern_Africa","ERI","Eritrea",1.20931e-3,0,1.63020e-3,0,4.37466e-2,0,0,0,5.29360e+0,7.77325e+0,0,0,0,0,0,0,0,0,0,0,0,0,0,0,0,0,0,0,0,0,0,0,0,8.13291e+1,2.78172e+0,0,0,0,0,0,2.41512e+0,9.41947e-2,0,0,0,0,0,0,0,1.50538e+0,1.61390e+1,0,0,0,0,0,0,1.17378e+2
"Eastern_Africa","ETH","Ethiopia",5.02416e-4,0,3.83724e-2,0,3.00979e-1,0,0,0,3.37265e+2,1.92045e+1,0,0,0,0,0,0,0,0,0,0,0,0,0,0,0,0,0,0,0,0,0,0,0,1.50974e+3,5.56298e+1,0,0,0,0,0,1.88794e+2,8.34754e+0,0,0,0,0,0,0,0,2.09003e+1,2.85405e+2,0,0,0,0,0,0,2.42563e+3
"Eastern_Africa","KEN","Kenya",5.23287e-1,9.18533e-3,6.34524e-2,5.90332e-3,3.90054e-1,5.37757e-3,8.77800e-4,0,9.00509e+1,2.37038e+2,4.03982e-1,0,0,0,0,0,0,0,0,0,0,0,0,0,0,0,0,0,0,0,0,0,0,6.21513e+2,1.95638e+1,1.37439e+0,0,0,0,0,1.52405e+1,9.40436e-1,0,0,0,0,0,0,0,2.08256e+1,1.52710e+2,0,0,0,0,0,0,1.16066e+3
"Eastern_Africa","MDG","Madagascar",6.09680e-3,3.70251e-4,7.39812e-1,6.80123e-4,1.53304e-1,1.43720e-5,0,0,3.98644e+1,7.62209e+1,1.11139e-1,0,0,0,0,0,0,0,0,0,0,0,0,0,0,0,0,0,0,0,0,0,0,2.84768e+2,1.07241e+1,1.89393e+2,0,0,0,0,7.86936e+1,9.80450e-1,5.12088e+1,2.23577e+0,0,0,0,0,0,1.17793e+1,6.77727e+1,0,0,0,0,0,0,8.14652e+2
"Eastern_Africa","MUS","Mauritius",7.41317e-3,3.78995e-4,6.39523e-2,2.62384e-4,9.97355e-2,2.57626e-5,0,0,7.31168e-1,9.14500e-3,1.64645e-1,0,0,0,0,0,0,0,0,0,0,0,0,0,0,0,0,0,0,0,0,0,0,1.86148e+0,2.55503e-1,0,0,0,0,0,0,1.02887e-1,0,0,0,0,0,0,0,3.72344e+0,5.31455e+0,0,0,0,0,0,0,1.23346e+1
"Eastern_Africa","MYT","Mayotte",0,0,0,0,0,0,0,0,0,0,0,0,0,0,0,0,0,0,0,0,0,0,0,0,0,0,0,0,0,0,0,0,0,0,0,0,0,0,0,0,0,0,0,0,0,0,0,0,0,1.93058e-1,3.60956e-1,0,0,0,0,0,0,5.54014e-1
"Eastern_Africa","REU","Reunion",5.07885e-3,3.00302e-4,3.69856e-2,1.09270e-3,1.03000e-1,1.36328e-5,0,0,2.64061e-1,0,1.48360e-1,0,0,0,0,0,0,0,0,0,0,0,0,0,0,0,0,0,0,0,0,0,0,1.85279e+0,4.30139e-1,5.09033e-3,0,0,0,0,0,4.05786e-2,0,0,0,0,0,0,0,4.11172e+0,4.64875e+0,0,0,0,0,0,0,1.16480e+1
"Eastern_Africa","RWA","Rwanda",2.10487e-3,1.22570e-4,3.66973e-1,4.44041e-4,5.22239e-2,6.78525e-6,0,0,1.87646e+1,1.74670e+1,1.46837e-1,0,0,0,0,0,0,0,0,0,0,0,0,0,0,0,0,0,0,0,0,0,0,3.82539e+1,1.45569e+0,9.68436e-1,0,0,0,0,8.23992e-1,5.63975e-1,0,0,0,0,0,0,0,1.52574e+0,3.49446e+1,0,0,0,0,0,0,1.15337e+2
"Eastern_Africa","SDN","Sudan",3.96166e-2,1.15368e-2,1.22971e+0,0,6.57916e-1,1.73470e-3,5.85200e-4,0,8.31060e+1,2.17925e+2,3.48677e+1,0,0,0,0,0,0,0,0,0,0,0,0,0,0,0,0,0,0,0,0,0,0,1.88314e+3,6.68660e+1,1.01807e+0,0,0,0,0,6.69048e+2,2.43119e+0,0,0,0,0,0,0,0,7.05961e+1,1.59439e+2,0,0,0,0,0,0,3.19038e+3
"Eastern_Africa","SOM","Somalia",8.78055e-4,8.99554e-5,3.22700e-1,3.61337e-4,4.41774e-2,4.62725e-6,0,0,3.66090e+1,6.72260e+1,3.85134e-2,0,0,0,0,0,0,0,0,0,0,0,0,0,0,0,0,0,0,0,0,0,0,5.74467e+2,2.54842e+1,2.54516e-1,0,0,0,0,2.28574e+0,1.54874e-1,0,0,0,0,0,0,0,5.23859e+0,3.39858e+1,0,0,0,0,0,0,7.46112e+2
"Eastern_Africa","SYC","Seychelles",3.44900e-3,2.11189e-4,6.03779e-3,2.45500e-7,1.54270e-2,8.25435e-6,0,0,2.80885e-2,0,4.43813e-2,0,0,0,0,0,0,0,0,0,0,0,0,0,0,0,0,0,0,0,0,0,0,9.48483e-2,5.96278e-2,0,0,0,0,0,0,5.05440e-6,0,0,0,0,0,0,0,3.83064e-1,3.54215e-1,0,0,0,0,0,0,9.89364e-1
"Eastern_Africa","UGA","Uganda",4.11867e-3,2.52208e-4,1.12380e+0,3.36081e-4,1.64053e-1,1.03293e-5,0,0,1.29770e+2,7.05876e+1,8.58742e-2,0,0,0,0,0,0,0,0,0,0,0,0,0,0,0,0,0,0,0,0,0,0,2.85035e+2,1.04131e+1,1.09442e+1,0,0,0,0,9.57744e+1,2.32954e+0,0,0,0,0,0,0,0,6.55850e+0,9.71858e+1,0,0,0,0,0,0,7.09976e+2
"Southern_Africa","AGO","Angola",1.27111e-2,6.14916e-3,1.87847e-1,6.98060e-3,3.83966e-1,0,0,0,1.87119e+1,8.49570e+1,3.55939e+2,0,0,0,0,0,0,0,0,0,0,0,0,0,0,0,0,0,0,0,0,0,0,1.78989e+2,5.47119e+0,1.00152e+0,0,0,0,0,4.06560e+0,3.30909e-1,1.00928e+1,0,0,0,0,0,0,1.84427e+1,6.37705e+1,0,0,0,0,0,0,7.42370e+2
"Southern_Africa","BWA","Botswana",9.46061e-3,2.69344e-5,1.52443e-1,6.30219e-5,1.88708e-1,4.99450e-4,0,0,2.85021e+0,1.70604e+1,9.87610e-3,0,0,0,0,0,0,0,0,0,0,0,0,0,0,0,0,0,0,0,0,0,0,1.43229e+2,3.87537e+0,0,0,0,0,0,2.56104e+1,2.87770e-2,0,1.56334e+0,0,0,0,0,0,5.30778e+0,8.09471e+0,0,0,0,0,0,0,2.07981e+2
"Southern_Africa","LSO","Lesotho",3.91747e-4,2.39870e-5,7.55746e-2,1.55474e-4,2.33240e-2,1.20350e-6,0,0,7.32487e+0,7.64888e+0,1.12554e-2,0,0,0,0,0,0,0,0,0,0,0,0,0,0,0,0,0,0,0,0,0,0,3.24121e+1,6.26595e-1,0,0,0,0,0,0,3.16242e-2,0,4.58352e+0,0,0,0,0,0,1.47182e+0,8.00760e+0,0,0,0,0,0,0,6.22177e+1
"Southern_Africa","MOZ","Mozambique",1.25592e-3,0,7.28447e-1,0,1.51198e-1,0,9.65580e-3,0,6.38563e+1,3.69029e+1,1.50548e+1,0,0,0,0,0,0,0,0,0,0,0,0,0,0,0,0,0,0,0,0,0,0,5.10486e+1,2.18188e+0,2.27792e+1,0,0,0,0,2.04773e+2,1.99523e+0,5.96605e+1,3.07272e+0,0,0,0,0,0,1.52131e+1,8.54518e+1,0,0,0,0,0,0,5.62881e+2
"Southern_Africa","MWI","Malawi",2.34792e-3,1.37278e-4,5.15725e-1,2.88355e-4,7.75486e-2,8.95530e-6,0,0,2.04361e+1,3.81830e+1,4.36516e-2,0,0,0,0,0,0,0,0,0,0,0,0,0,0,0,0,0,0,0,0,0,0,4.29296e+1,1.81860e+0,7.12646e+0,0,0,0,0,2.60640e+1,1.47437e+0,0,0,0,0,0,0,0,3.91836e+0,5.07722e+1,0,0,0,0,0,0,1.93362e+2
"Southern_Africa","NAM","Namibia",1.31385e-3,0,1.12505e-2,5.64700e-4,2.51028e-1,0,6.43720e-3,0,6.07459e-1,4.61401e+0,0,0,0,0,0,0,0,0,0,0,0,0,0,0,0,0,0,0,0,0,0,0,0,1.58065e+2,3.77675e+0,0,0,0,0,0,4.81224e+1,7.22447e-2,0,0,0,0,0,0,0,3.51806e+0,7.33901e+0,0,0,0,0,0,0,2.26385e+2
"Southern_Africa","SWZ","Swaziland",2.04366e-3,8.39587e-5,4.58937e-2,1.46958e-4,5.84838e-2,1.18764e-5,0,0,2.38466e+0,3.69808e+0,2.84158e-2,0,0,0,0,0,0,0,0,0,0,0,0,0,0,0,0,0,0,0,0,0,0,2.74733e+1,6.81455e-1,6.36292e-3,0,0,0,0,0,1.04293e-1,0,0,0,0,0,0,0,1.62706e+0,1.68822e+1,0,0,0,0,0,0,5.29925e+1
"Southern_Africa","TZA","Tanzania_United Republic of",2.87633e-3,0,1.61106e+0,0,2.95202e-1,0,0,0,9.00835e+1,1.19821e+2,4.94550e+0,0,0,0,0,0,0,0,0,0,0,0,0,0,0,0,0,0,0,0,0,0,0,6.40181e+2,2.16443e+1,4.45404e+1,0,0,0,0,2.87568e+2,3.64188e+0,1.52272e+2,0,0,0,0,0,0,1.85456e+1,1.67079e+2,0,0,0,0,0,0,1.55223e+3
"Southern_Africa","ZAF","South Africa",1.59432e+0,6.87192e-2,5.65024e+0,1.69299e-2,6.05184e+0,3.81092e-2,0,0,8.76259e+1,1.22620e+3,6.28998e+1,0,0,0,0,0,2.49930e-1,4.30871e+0,0,0,0,0,0,0,0,0,0,0,0,0,0,0,0,8.88122e+2,2.28921e+1,1.78162e-1,0,0,0,0,3.27336e+0,2.24619e+0,9.92832e+0,9.67236e+1,0,0,0,0,0,2.55348e+2,3.16056e+2,0,0,0,0,0,0,2.98947e+3
"Southern_Africa","ZMB","Zambia",1.05507e-3,1.29580e-3,1.01976e+0,0,1.53886e-1,4.33675e-3,0,0,3.11476e+1,7.67367e+1,1.12606e-1,0,0,0,0,0,0,0,0,0,0,0,0,0,0,0,0,0,0,0,0,0,0,1.06016e+2,3.78002e+0,1.27258e+0,0,0,0,0,3.91632e+2,2.55864e-1,2.15750e+2,0,0,0,0,0,0,1.01461e+1,4.37488e+1,0,0,0,0,0,0,8.81779e+2
"Southern_Africa","ZWE","Zimbabwe",3.60926e-2,5.85200e-4,2.98327e-1,0,2.79273e-1,4.83208e-3,0,0,3.32393e+1,1.97090e+1,6.90000e-5,0,0,0,0,0,0,2.78260e-1,0,0,0,0,0,0,0,0,0,0,0,0,0,0,0,2.72325e+2,7.20709e+0,3.18146e-2,0,0,0,0,3.77952e+1,3.69572e-1,0,0,0,0,0,0,0,1.44042e+1,5.25405e+1,0,0,0,0,0,0,4.38519e+2
"OECD_Europe","AUT","Austria",1.51958e+0,1.11955e-1,1.52613e+0,1.69290e-3,1.83386e+0,8.23669e-3,1.46300e-3,6.60440e-3,3.38145e+1,7.55483e+0,4.76394e+1,0,0,0,0,0,1.15830e-1,3.01700e-1,0,0,0,0,0,0,0,0,0,0,0,0,0,0,0,1.54346e+2,4.62617e+1,0,0,0,0,0,0,3.40666e-1,0,1.46249e-1,0,0,0,0,0,6.79705e+1,4.46282e+1,2.03400e-3,6.35044e+0,0,0,0,0,4.14481e+2
"OECD_Europe","BEL","Belgium",1.43566e+0,1.21801e-1,1.32734e+0,1.04602e-4,2.16909e+0,7.45921e-3,7.51982e-2,0,7.05618e+0,5.19009e+0,4.43577e+1,0,0,0,0,0,4.48893e-1,5.94230e-1,0,0,0,0,0,0,0,0,0,0,0,0,0,0,0,2.04246e+2,7.65286e+1,0,0,0,0,0,0,2.76460e-1,0,2.71800e-1,0,0,0,0,0,3.42017e+1,8.53900e+1,6.07103e-1,7.90404e+0,0,0,0,0,4.72210e+2
"OECD_Europe","CHE","Switzerland",6.54775e-1,1.12139e-2,7.94003e-1,1.46300e-3,2.23751e+0,1.73470e-3,3.21860e-3,0,8.41681e+0,3.54000e-1,2.99826e+1,0,0,0,0,0,7.07996e-2,0,0,0,0,0,0,0,0,0,0,0,0,0,0,0,0,1.20124e+2,3.20851e+1,0,0,0,0,0,0,7.91361e-2,1.11662e-1,0,0,0,0,0,0,2.72401e+1,1.17563e+1,1.20494e-5,3.00322e+0,0,0,0,0,2.36928e+2
"OECD_Europe","DEU","Germany",9.36632e+0,5.58850e-1,4.01122e+0,3.58946e-2,1.52277e+1,8.89904e-2,6.90536e-2,2.75880e-3,1.01831e+2,3.91416e+2,2.99336e+2,0,0,0,0,0,4.81876e+0,2.01792e+0,0,0,0,0,0,0,0,0,0,0,0,0,0,0,0,1.09587e+3,3.50674e+2,0,0,0,0,0,0,3.23459e+0,0,4.42896e-1,0,0,0,0,0,7.13550e+2,1.65351e+2,0,3.72169e-2,0,0,0,0,3.15794e+3
"OECD_Europe","DNK","Denmark",2.13645e+0,9.36181e-2,3.55258e-1,6.68799e-4,1.54541e+0,1.21429e-2,3.95010e-2,3.63660e-3,1.19535e+1,2.45040e-1,3.66660e+1,0,0,0,0,0,0,0,0,0,0,0,0,0,0,0,0,0,0,0,0,0,0,1.46455e+2,1.06448e+2,0,0,0,0,0,0,7.44436e-1,0,0,0,0,0,0,0,6.43814e+1,9.18399e+0,0,3.28485e+0,0,0,0,0,3.83549e+2
"OECD_Europe","ESP","Spain",2.27593e+0,2.97619e-1,3.39299e+0,4.22905e-2,1.05973e+1,9.92248e-2,4.54115e-1,0,3.96240e+1,8.88925e+1,3.99134e+1,0,0,0,0,0,8.07036e-1,4.34950e-1,0,0,0,0,0,0,0,0,0,0,0,0,0,0,0,6.44395e+2,3.18319e+2,2.59600e+1,0,0,0,0,0,1.78276e+0,0,1.32031e+1,0,0,0,0,0,3.83512e+2,1.14814e+2,4.45932e-2,2.52630e+1,0,0,0,0,1.71412e+3
"OECD_Europe","FIN","Finland",3.99858e+0,8.03727e-2,4.79547e+0,3.15590e-3,1.78242e+0,7.45921e-3,6.20312e-2,1.00320e-3,2.06603e+1,2.94751e+0,4.73591e+0,0,0,0,0,0,8.33220e-2,5.23129e-1,0,0,0,0,0,0,0,0,0,0,0,0,0,0,0,7.62652e+1,2.17060e+1,0,0,0,0,0,0,2.93457e-1,6.12000e-2,1.11283e-1,0,0,0,0,0,1.11664e+2,2.26149e+2,0,1.63600e+0,0,0,0,0,4.77566e+2
"OECD_Europe","FRA","France",3.09831e+0,3.72305e-1,4.26043e+0,3.11409e-2,1.27720e+1,4.14593e-2,9.10000e-2,0,1.54910e+2,1.91199e+1,1.43354e+3,0,0,0,0,0,1.67100e+0,1.91903e+0,0,0,0,0,0,0,0,0,0,0,0,0,0,0,0,1.39103e+3,3.67421e+2,4.18000e+0,0,0,0,0,0,4.76117e+0,0,3.46056e+0,0,0,0,0,0,3.57732e+2,1.86243e+2,4.56128e+0,1.74340e+1,0,0,0,0,3.96865e+3
"OECD_Europe","FRO","Faroe Islands",0,0,0,0,0,0,0,0,0,0,0,0,0,0,0,0,0,0,0,0,0,0,0,0,0,0,0,0,0,0,0,0,0,6.13384e-1,2.49390e-2,0,0,0,0,0,0,9.69408e-6,0,0,0,0,0,0,0,1.00338e+0,4.34597e-2,6.11126e-3,2.54737e-2,0,0,0,0,1.71676e+0
"OECD_Europe","GBR","United Kingdom",6.35176e+0,1.26309e+0,2.44475e+0,1.47763e-2,1.29243e+1,1.08414e-1,3.37075e-1,0,3.51512e+1,1.42348e+2,6.92652e+2,0,0,0,0,0,1.08063e+0,7.20860e-1,0,0,0,0,0,0,0,0,0,0,0,0,0,0,0,1.02362e+3,1.85729e+2,0,0,0,0,0,0,1.94179e+0,0,8.93160e-1,0,0,0,0,0,1.15398e+3,1.11388e+2,4.13602e-1,7.26000e+0,0,0,0,0,3.38062e+3
"OECD_Europe","GIB","Gibraltar",0,0,0,0,2.23210e-2,0,0,0,0,0,0,0,0,0,0,0,0,0,0,0,0,0,0,0,0,0,0,0,0,0,0,0,0,0,0,0,0,0,0,0,0,0,0,0,0,0,0,0,0,2.23487e-1,2.44454e-2,1.85856e-3,7.74708e-3,0,0,0,0,2.79859e-1
"OECD_Europe","GRC","Greece",6.80557e-1,7.42336e-2,7.29426e-1,8.13039e-3,7.32266e+0,7.19601e-3,1.74975e-1,8.36000e-5,1.27285e+1,5.55801e+1,1.22665e+1,0,0,0,0,0,3.36600e-3,0,0,0,0,0,0,0,0,0,0,0,0,0,0,0,0,1.38381e+2,2.90608e+1,5.12600e+0,0,0,0,0,0,3.99873e-1,0,8.99376e-1,0,0,0,0,0,1.13111e+2,1.38343e+1,3.19200e-4,1.96841e-1,0,0,0,0,3.90585e+2
"OECD_Europe","GRL","Greenland",0,0,0,0,0,0,0,0,0,0,0,0,0,0,0,0,0,0,0,0,0,0,0,0,0,0,0,0,0,0,0,0,0,1.57687e-1,2.87374e-3,0,0,0,0,0,0,0,0,0,0,0,0,0,0,8.92679e-1,2.12229e-1,3.01933e-3,1.25855e-2,0,0,0,0,1.28107e+0
"OECD_Europe","IRL","Ireland",3.04014e-1,6.37764e-3,3.31644e-1,7.94201e-4,1.16016e+0,7.11227e-3,4.97420e-3,0,9.55514e+0,7.08000e-1,9.40162e+1,0,0,0,0,0,0,0,0,0,0,0,0,0,0,0,0,0,0,0,0,0,0,4.88418e+2,7.53630e+1,0,0,0,0,0,0,1.73893e-1,0,2.74560e-2,0,0,0,0,0,8.03743e+1,6.77916e+0,0,5.32676e-1,0,0,0,0,7.57763e+2
"OECD_Europe","ISL","Iceland",2.63768e-3,0,5.60705e-2,1.46300e-4,8.95030e-2,0,1.75560e-3,0,7.05981e-2,0,0,0,0,0,0,0,0,1.28888e-1,0,0,0,0,0,0,0,0,0,0,0,0,0,0,0,9.05336e+0,1.31180e+0,0,0,0,0,0,0,6.50579e-5,0,0,0,0,0,0,0,4.82676e+0,4.17993e-1,2.71794e-3,6.16552e-3,0,0,0,0,1.59685e+1
"OECD_Europe","ITA","Italy",3.77637e+0,3.28117e-1,3.13310e+0,1.45673e-2,2.89257e+1,2.32450e-2,4.69716e-1,0,2.76612e+1,1.36110e+1,2.42941e+2,0,0,0,0,0,8.81592e-1,9.31080e-1,0,0,0,0,0,0,0,0,0,0,0,0,0,0,0,5.44873e+2,2.05352e+2,4.81800e+1,0,0,0,0,0,1.51477e+0,2.17234e-1,5.60880e+0,0,0,0,0,0,7.86564e+2,8.81897e+1,2.56450e+0,2.38660e+1,0,0,0,0,2.02963e+3
"OECD_Europe","LUX","Luxembourg",6.21159e-2,0,5.47329e-2,2.09339e-5,4.06915e-1,1.73470e-4,0,1.00320e-3,1.47886e-1,0,4.71460e+0,0,0,0,0,0,0,5.90100e-2,0,0,0,0,0,0,0,0,0,0,0,0,0,0,0,1.31365e+1,2.74584e+1,0,0,0,0,0,0,1.12822e-2,0,3.31896e-1,0,0,0,0,0,2.64638e+0,4.46528e-1,0,2.32873e-1,0,0,0,0,4.97104e+1
"OECD_Europe","NLD","Netherlands",3.21528e+0,3.69190e-1,4.98962e-1,1.35850e-3,3.98159e+0,6.93880e-3,8.16354e-2,0,7.36567e+0,3.45238e+0,2.17668e+2,0,0,0,0,0,3.74186e+0,3.07790e-1,0,0,0,0,0,0,0,0,0,0,0,0,0,0,0,2.97624e+2,1.40828e+2,0,0,0,0,0,0,2.28309e-1,0,1.22419e-1,0,0,0,0,0,3.25108e+2,4.10261e+1,0,4.22500e+0,0,0,0,0,1.04985e+3
"OECD_Europe","NOR","Norway",3.17991e-1,5.08831e-1,9.12653e-1,6.49989e-3,1.35715e+0,2.42858e-3,2.22083e-1,1.67200e-4,1.20934e+1,4.76466e+1,5.85027e+2,0,0,0,0,0,2.33438e+0,1.01750e+0,0,0,0,0,0,0,0,0,0,0,0,0,0,0,0,8.60372e+1,1.63498e+1,0,0,0,0,0,0,9.74584e-2,0,0,0,0,0,0,0,6.91014e+1,4.75890e+1,8.33373e+0,1.36665e+0,0,0,0,0,8.80322e+2
"OECD_Europe","PRT","Portugal",6.70103e-1,9.95002e-2,1.97600e+0,3.26060e-3,2.97327e+0,5.37757e-3,1.90190e-2,0,2.02505e+1,1.27440e+0,4.09609e+1,0,0,0,0,0,1.07515e-1,2.94000e-2,0,0,0,0,0,0,0,0,0,0,0,0,0,0,0,1.39934e+2,5.64802e+1,5.65400e+0,0,0,0,0,0,1.06434e-1,0,1.59043e+1,0,0,0,0,0,2.73717e+2,5.43861e+1,4.44621e-1,1.66440e+0,0,0,0,0,6.16661e+2
"OECD_Europe","SWE","Sweden",4.69196e+0,3.74163e-2,4.93884e+0,8.74381e-3,2.37487e+0,4.33675e-3,5.06198e-2,3.76812e-3,1.58744e+1,1.69598e+0,2.42343e+1,0,0,0,0,0,3.29411e-1,1.64642e-1,0,0,0,0,0,0,0,0,0,0,0,0,0,0,0,1.20357e+2,2.98358e+1,0,0,0,0,0,0,4.32046e-1,0,0,0,0,0,0,0,9.75434e+1,2.35478e+2,5.33336e-2,1.39276e+0,0,0,0,0,5.39501e+2
"Central Europe","ALB","Albania",1.25604e-4,1.88100e-3,5.74813e-2,0,2.39172e-1,5.21257e-3,8.20612e-3,0,5.80997e+0,5.21881e+0,1.13419e+1,0,0,0,0,0,0,4.15800e-2,0,0,0,0,0,0,0,0,0,0,0,0,0,0,0,7.25268e+1,1.09314e+1,0,0,0,0,0,0,1.47554e-1,0,1.27351e+0,0,0,0,0,0,4.70570e+0,5.44927e+0,4.85049e-3,7.41340e-3,0,0,0,0,1.17771e+2
"Central Europe","BGR","Bulgaria",2.88236e-1,2.38260e-2,4.58522e-1,5.01600e-4,2.01712e+0,4.85716e-3,5.56844e-3,9.33016e-3,2.56800e+1,3.29702e+1,9.00621e+0,0,0,0,0,0,1.72513e-1,1.59160e-1,0,0,0,0,0,0,0,0,0,0,0,0,0,0,0,8.29742e+1,1.62821e+1,1.23860e+0,0,0,0,0,0,1.14015e+0,0,3.06288e+0,0,0,0,0,0,4.20297e+2,3.01347e+1,0,0,0,0,0,0,6.25926e+2
"Central Europe","BIH","Bosnia and Herzegovina",8.47241e-2,5.20410e-3,3.01129e-2,1.36071e-3,4.72220e-1,0,0,0,7.18887e+0,4.13052e+1,5.03877e+0,0,0,0,0,0,9.97430e-4,1.10000e-3,0,0,0,0,0,0,0,0,0,0,0,0,0,0,0,4.12922e+1,8.25034e+0,0,0,0,0,0,0,2.27591e-1,0,8.34672e+0,0,0,0,0,0,6.52830e+0,6.71654e+0,7.06315e-3,1.07952e-2,0,0,0,0,1.25508e+2
"Central Europe","CYP","Cyprus",2.72592e-4,2.92600e-3,6.83474e-2,0,2.31147e-1,0,0,0,1.39513e-1,2.74350e-1,2.57718e-1,0,0,0,0,0,0,0,0,0,0,0,0,0,0,0,0,0,0,0,0,0,0,9.36631e+0,4.53174e+0,0,0,0,0,0,0,1.31266e-2,0,0,0,0,0,0,0,1.14613e+1,3.50907e+0,0,0,0,0,0,0,2.98558e+1
"Central Europe","CZE","Czech Republic",1.07924e+0,5.12243e-2,1.45109e+0,0,2.97043e+0,0,0,0,4.24068e+1,1.48864e+2,5.59141e+1,0,0,0,0,0,1.85506e-1,4.48280e-1,0,0,0,0,0,0,0,0,0,0,0,0,0,0,0,1.65043e+2,2.54140e+1,0,0,0,0,0,0,1.65366e+0,0,1.10558e-1,0,0,0,0,0,9.85195e+1,4.73405e+1,3.11340e-1,7.94040e-1,0,0,0,0,5.92557e+2
"Central Europe","EST","Estonia",2.39151e-1,5.30024e-3,1.05775e-1,2.09000e-5,3.34561e-1,8.35643e-3,2.04820e-3,0,1.26537e+1,1.40729e+1,1.49468e+1,0,0,0,0,0,0,0,0,0,0,0,0,0,0,0,0,0,0,0,0,0,0,2.39459e+1,3.83092e+0,1.83700e+0,0,0,0,0,0,1.46873e-1,0,0,0,0,0,0,0,2.38583e+1,6.96798e+0,0,1.19161e+0,0,0,0,0,1.04147e+2
"Central Europe","HRV","Croatia",1.22790e-1,4.58778e-2,1.91013e-1,9.82298e-4,1.31840e+0,5.06650e-3,1.08262e-2,0,1.12902e+1,3.10930e-1,8.97657e+1,0,0,0,0,0,5.79813e-2,0,0,0,0,0,0,0,0,0,0,0,0,0,0,0,0,4.44719e+1,1.17840e+1,0,0,0,0,0,0,6.71065e-1,0,2.14579e+0,0,0,0,0,0,3.09513e+1,1.61339e+1,0,0,0,0,0,0,2.09278e+2
"Central Europe","HUN","Hungary",5.87334e-1,3.63281e-2,2.63391e-1,0,1.57847e+0,1.25257e-2,2.19764e-2,0,2.80304e+1,1.24222e+1,8.59798e+1,0,0,0,0,0,1.20216e-1,1.07430e-1,0,0,0,0,0,0,0,0,0,0,0,0,0,0,0,9.52422e+1,3.31611e+1,5.63200e-1,0,0,0,0,0,2.36634e+0,0,9.56856e-1,0,0,0,0,0,1.04131e+2,3.36021e+1,8.81400e-2,0,0,0,0,0,3.99271e+2
"Central Europe","LTU","Lithuania",2.07610e-1,2.66868e-2,1.80455e-1,4.17999e-5,7.89265e-1,1.28368e-2,1.17040e-3,3.34400e-4,1.74705e+1,9.14500e-2,6.67133e+1,0,0,0,0,0,9.44955e-2,0,0,0,0,0,0,0,0,0,0,0,0,0,0,0,0,7.19929e+1,1.24118e+1,0,0,0,0,0,0,7.42577e-1,0,1.23926e+0,0,0,0,0,0,5.17487e+1,1.42254e+1,1.01710e-3,0,0,0,0,0,2.37950e+2
"Central Europe","LVA","Latvia",4.14265e-1,0,1.87673e-1,0,5.25298e-1,1.40511e-2,1.05507e-2,1.08857e-3,2.83724e+1,9.14500e-1,4.54994e+1,0,0,0,0,0,0,0,0,0,0,0,0,0,0,0,0,0,0,0,0,0,0,3.46012e+1,5.90599e+0,0,0,0,0,0,0,3.04640e-1,0,1.71590e+0,0,0,0,0,0,2.32452e+1,4.55545e+0,1.61327e-4,8.89600e-3,0,0,0,0,1.46277e+2
"Central Europe","MKD","Macedonia, the former Yugoslav Republic of",6.67376e-2,3.46940e-4,5.64678e-2,0,2.73853e-1,1.21627e-3,0,0,5.68865e+0,7.31427e+0,9.60198e+0,0,0,0,0,0,1.65933e-3,5.50000e-2,0,0,0,0,0,0,0,0,0,0,0,0,0,0,0,2.73195e+1,3.65728e+0,6.75400e-1,0,0,0,0,0,1.46561e-1,0,2.23234e-1,0,0,0,0,0,5.70667e+0,7.95907e+0,4.87308e-3,7.44792e-3,0,0,0,0,6.87602e+1
"Central Europe","MLT","Malta",4.39412e-3,0,0,0,6.34558e-2,0,0,0,1.14950e-2,0,0,0,0,0,0,0,0,0,0,0,0,0,0,0,0,0,0,0,0,0,0,0,0,1.60852e+0,6.83037e-1,0,0,0,0,0,0,1.25301e-3,0,0,0,0,0,0,0,8.53334e+0,3.82537e-1,0,0,0,0,0,0,1.12880e+1
"Central Europe","POL","Poland",1.61973e+0,1.75786e-1,3.58165e+0,0,6.87853e+0,3.86230e-2,2.02190e-2,5.51760e-3,1.97728e+2,1.88063e+3,1.54621e+2,0,0,0,0,0,1.50633e-1,5.85440e-1,0,0,0,0,0,0,0,0,0,0,0,0,0,0,0,5.58870e+2,1.56936e+2,0,0,0,0,0,0,5.55991e+0,0,2.08070e+0,0,0,0,0,0,3.43651e+2,9.44304e+1,1.77413e-1,9.02320e-1,0,0,0,0,3.40864e+3
"Central Europe","ROU","Romania",4.93105e-1,2.48208e-1,1.06565e+0,4.18000e-5,2.84084e+0,3.37723e-2,1.96042e-2,1.74989e-2,8.05506e+1,4.91820e+1,4.60134e+2,0,0,0,0,0,1.37455e+0,5.75249e-1,0,0,0,0,0,0,0,0,0,0,0,0,0,0,0,3.20878e+2,7.07898e+1,2.31000e-2,0,0,0,0,0,3.60068e+0,0,0,0,0,0,0,0,1.63568e+2,7.17217e+1,1.74252e-2,0,0,0,0,0,1.22713e+3
"Central Europe","SCG","Serbia and Montenegro",3.65134e-1,0,3.47274e-1,0,9.35796e-1,0,0,0,3.52298e+1,3.62229e+1,8.16885e+1,0,0,0,0,0,5.67854e-2,3.26550e-1,0,0,0,0,0,0,0,0,0,0,0,0,0,0,0,1.39215e+2,3.78845e+1,0,0,0,0,0,0,1.63893e+0,0,0,0,0,0,0,0,1.72355e+1,4.00092e+1,1.45755e-2,2.22769e-2,0,0,0,0,3.91193e+2
"Central Europe","SVK","Slovakia",2.54877e-1,5.66584e-2,6.99670e-1,0,5.52145e-1,0,0,1.95206e-2,2.44425e+0,9.08566e+0,3.52051e+1,0,0,0,0,0,7.55210e-2,3.94116e-1,0,0,0,0,0,0,0,0,0,0,0,0,0,0,0,6.63561e+1,1.35767e+1,0,0,0,0,0,0,7.23074e-1,0,2.75256e-1,0,0,0,0,0,3.87281e+1,3.96986e+1,1.38330e-1,1.62800e-1,0,0,0,0,2.08446e+2
"Central Europe","SVN","Slovenia",1.17225e-1,3.01368e-3,2.05735e-1,2.09000e-5,8.15857e-1,2.08164e-3,0,0,1.12386e+1,3.70808e+1,3.98979e+0,0,0,0,0,0,3.45000e-1,9.90000e-3,0,0,0,0,0,0,0,0,0,0,0,0,0,0,0,4.82886e+1,7.18150e+0,0,0,0,0,0,0,1.09571e-1,0,0,0,0,0,0,0,2.20884e+1,1.13901e+1,0,1.02431e-5,0,0,0,0,1.42866e+2
"Turkey","TUR","Turkey",2.00794e+0,1.21090e-1,3.31294e+0,1.75560e-2,7.75273e+0,3.88572e-2,1.03031e-1,2.09000e-3,1.16218e+2,1.50757e+2,1.77340e+2,0,0,0,0,0,4.77266e-1,3.90472e-1,0,0,0,0,0,0,0,0,0,0,0,0,0,0,0,7.39960e+2,1.88126e+2,2.03502e+1,0,0,0,0,0,3.11709e+1,0,2.19360e+0,0,0,0,0,0,1.07811e+3,3.19395e+2,0,1.02241e+0,0,0,0,0,2.83887e+3
"Ukraine +","BLR","Belarus",1.16543e+0,1.63040e-2,3.21308e-1,0,7.33556e-1,9.01773e-2,9.37846e-3,1.25604e-4,2.49897e+1,9.14500e-2,1.62991e+1,0,0,0,0,0,5.68037e-2,0,0,0,0,0,0,0,0,0,0,0,0,0,0,0,0,3.24685e+2,5.10789e+1,0,0,0,0,0,0,1.33508e+0,0,1.02588e+0,0,0,0,0,0,1.79958e+2,2.76022e+1,0,1.25361e-1,0,0,0,0,6.29583e+2
"Ukraine +","MDA","Moldova, Republic of",6.40793e-2,0,1.18483e-2,0,1.78870e-1,2.08164e-3,0,1.75662e-3,3.50191e+0,7.95615e+0,6.63439e+1,0,0,0,0,0,0,0,0,0,0,0,0,0,0,0,0,0,0,0,0,0,0,4.06013e+1,1.04637e+1,0,0,0,0,0,0,4.75119e-1,0,3.00528e-1,0,0,0,0,0,6.53911e+0,3.32824e+1,4.86404e-3,7.43412e-3,0,0,0,0,1.69735e+2
"Ukraine +","UKR","Ukraine",2.07105e+0,2.43426e-1,2.64398e+0,1.25400e-4,3.62811e+0,4.85716e-2,0,2.51206e-1,5.98149e+1,4.14570e+2,1.91943e+3,0,0,0,0,0,5.00644e-1,5.28566e+0,0,0,0,0,0,0,0,0,0,0,0,0,0,0,0,7.68687e+2,1.48015e+2,7.01299e+0,0,0,0,0,0,6.57563e+0,0,3.53832e+0,0,0,0,0,0,3.45778e+2,1.22215e+2,0,4.70472e-1,0,0,0,0,3.81078e+3
"Asia-Stan","KAZ","Kazakhstan",6.29117e-1,2.80921e-1,2.11889e+0,1.25403e-3,5.05937e-1,8.09686e-2,2.05153e-3,0,4.54638e+0,5.30463e+2,9.21305e+2,0,0,0,0,0,8.73300e-3,2.05784e+0,0,0,0,0,0,0,0,0,0,0,0,0,0,0,0,4.46476e+2,3.59490e+1,1.98678e+1,0,0,0,0,0,5.64766e+0,1.42694e+0,1.31957e+2,0,0,0,0,0,1.63085e+2,4.13585e+1,0,4.90144e-1,0,0,0,0,2.30826e+3
"Asia-Stan","KGZ","Kyrgyzstan",2.17537e-2,0,1.29287e-1,1.92592e-3,1.41874e-1,0,0,0,3.96509e-1,1.94329e+0,9.41054e+0,0,0,0,0,0,0,0,0,0,0,0,0,0,0,0,0,0,0,0,0,0,0,1.12828e+2,6.92041e+0,1.45143e+0,0,0,0,0,0,5.42518e-1,0,1.25878e+0,0,0,0,0,0,6.97519e+0,2.71786e+1,0,6.36848e-2,0,0,0,0,1.69264e+2
"Asia-Stan","TJK","Tajikistan",8.49920e-3,0,1.00000e-4,0,1.30237e+0,0,0,0,4.51858e-1,5.38809e-1,1.96760e+1,0,0,0,0,0,0,0,0,0,0,0,0,0,0,0,0,0,0,0,0,0,0,9.93434e+1,8.51223e+0,2.71250e+0,0,0,0,0,0,2.94681e-1,0,6.76200e-2,0,0,0,0,0,6.44424e+0,2.76103e+1,0,4.87508e-2,0,0,0,0,1.67011e+2
"Asia-Stan","TKM","Turkmenistan",3.69585e-1,2.73121e-1,1.00000e-4,0,7.19168e-1,0,0,0,2.50758e+0,0,1.02856e+3,0,0,0,0,0,8.16000e-5,0,0,0,0,0,0,0,0,0,0,0,0,0,0,0,0,2.53751e+2,1.44582e+1,9.99343e+0,0,0,0,0,0,9.04035e-1,0,1.19880e+0,0,0,0,0,0,1.03832e+1,2.86902e+1,0,1.24236e-1,0,0,0,0,1.35193e+3
"Asia-Stan","UZB","Uzbekistan",5.33339e-1,2.18154e-1,3.18710e-1,6.83429e-3,2.47279e+0,1.82144e-2,0,5.63046e-2,4.51557e+0,1.65235e+0,1.15847e+3,0,0,0,0,0,0,0,0,0,0,0,0,0,0,0,0,0,0,0,0,0,0,5.11475e+2,4.13398e+1,2.87906e+1,0,0,0,0,0,1.97981e+0,0,2.59944e+0,0,0,0,0,0,3.37425e+1,1.27717e+2,0,3.46145e-1,0,0,0,0,1.91625e+3
"Russia +","ARM","Armenia",1.56586e-2,0,1.75560e-2,0,9.73586e-2,0,0,0,6.28096e-1,0,6.30352e+1,0,0,0,0,0,0,0,0,0,0,0,0,0,0,0,0,0,0,0,0,0,0,4.17720e+1,6.17868e+0,0,0,0,0,0,0,1.14751e-1,0,1.59005e-1,0,0,0,0,0,1.21693e+1,4.90865e+0,0,8.84948e-2,0,0,0,0,1.29185e+2
"Russia +","AZE","Azerbaijan",1.44180e-1,1.03539e-1,7.83708e-2,0,5.31346e-1,0,0,0,7.48071e-1,0,2.28314e+2,0,0,0,0,0,1.66650e-2,0,0,0,0,0,0,0,0,0,0,0,0,0,0,0,0,1.91805e+2,2.91569e+1,1.04256e+0,0,0,0,0,0,6.45786e-1,0,2.80200e-1,0,0,0,0,0,2.43138e+1,4.92964e+1,0,1.83229e-1,0,0,0,0,5.26660e+2
"Russia +","GEO","Georgia",6.42255e-3,9.90660e-3,6.22486e-2,0,2.64700e-1,6.69888e-4,0,9.20824e-4,1.93039e+1,1.23728e-1,4.89181e+1,0,0,0,0,0,0,2.75000e-2,0,0,0,0,0,0,0,0,0,0,0,0,0,0,0,9.03612e+1,1.59494e+1,0,0,0,0,0,0,2.22422e-1,0,2.94792e-2,0,0,0,0,0,1.83510e+1,9.60266e+0,0,9.54672e-2,0,0,0,0,2.03330e+2
"Russia +","RUS","Russian Federation",1.66366e+1,2.52969e+0,5.09268e+0,1.02264e-1,2.19141e+1,3.21961e-1,3.33857e-1,1.33768e+0,3.18050e+2,2.13575e+3,1.46335e+4,0,0,0,0,0,7.84900e+0,5.37406e+0,0,0,0,0,0,0,0,0,0,0,0,0,0,0,0,2.24661e+3,3.82655e+2,4.47704e+1,0,0,0,0,0,2.26204e+1,5.64528e+2,1.28220e+3,0,0,0,0,0,1.71610e+3,8.60607e+2,0,0,0,0,0,0,2.42688e+4
"Middle_East","ARE","United Arab Emirates",2.41237e+0,8.30984e-2,7.39442e-1,0,3.04299e+0,0,0,0,4.46803e-1,2.17465e-1,9.65666e+2,0,0,0,0,0,0,0,0,0,0,0,0,0,0,0,0,0,0,0,0,0,0,2.73704e+1,1.69121e+0,0,0,0,0,0,0,2.11172e-4,0,0,0,0,0,0,0,2.52586e+1,1.85066e+1,0,3.04143e-1,0,0,0,0,1.04574e+3
"Middle_East","BHR","Bahrain",4.71858e-1,1.84869e-1,6.62112e-2,0,3.57112e-1,0,0,0,2.29900e-2,9.14500e-2,1.07776e+2,0,0,0,0,0,9.20000e-1,0,0,0,0,0,0,0,0,0,0,0,0,0,0,0,0,8.89475e-1,3.07176e-2,0,0,0,0,0,0,1.04989e-5,0,0,0,0,0,0,0,5.42760e+0,8.83425e+0,0,5.21780e-2,0,0,0,0,1.25125e+2
"Middle_East","IRN","Iran, Islamic Republic of",3.17550e+0,4.50971e-1,2.07463e+0,0,2.36494e+1,0,0,0,1.70444e+1,2.83335e+1,2.76893e+3,0,0,0,0,0,6.89123e-1,5.53267e-2,0,0,0,0,0,0,0,0,0,0,0,0,0,0,0,8.19539e+2,2.87023e+1,1.39793e+2,0,0,0,0,5.73936e-4,0,0,2.47176e-1,0,0,0,0,0,2.09148e+2,3.68857e+2,0,2.77575e+0,0,0,0,0,4.41347e+3
"Middle_East","IRQ","Iraq",2.57012e-1,7.56443e-2,5.98116e-1,0,4.53843e+0,0,0,0,9.49778e-1,1.37175e+0,5.92051e+2,0,0,0,0,0,8.58000e-3,0,0,0,0,0,0,0,0,0,0,0,0,0,0,0,0,1.07707e+2,5.01474e+0,6.70549e+0,0,0,0,0,0,2.40587e+0,0,1.21706e-1,0,0,0,0,0,7.61283e+1,9.16571e+1,0,4.54384e-1,0,0,0,0,8.90045e+2
"Middle_East","ISR","Israel",2.73531e-1,6.56645e-2,4.54784e-2,0,1.43349e+0,3.12754e-3,0,0,1.19619e+0,2.70213e-1,5.53703e+0,0,0,0,0,0,0,0,0,0,0,0,0,0,0,0,0,0,0,0,0,0,0,4.83199e+1,2.37598e+0,0,0,0,0,0,0,1.91407e-1,0,6.19992e-2,0,0,0,0,0,5.36363e+1,2.55773e+1,0,5.34364e-1,0,0,0,0,1.39522e+2
"Middle_East","JOR","Jordan",2.03348e-2,1.61934e-2,8.45614e-2,0,6.42257e-1,0,0,8.77800e-4,4.53803e-1,2.92640e+0,1.26566e+1,0,0,0,0,0,0,0,0,0,0,0,0,0,0,0,0,0,0,0,0,0,0,1.52282e+1,9.78029e-1,0,0,0,0,0,0,5.17741e-2,0,0,0,0,0,0,0,1.81886e+1,2.41814e+1,0,2.08994e-1,0,0,0,0,7.56380e+1
"Middle_East","KWT","Kuwait",3.15065e-1,4.66549e-1,1.50647e-1,0,1.36104e+0,0,0,0,3.36490e-2,2.22487e-1,4.93658e+2,0,0,0,0,0,2.60700e-1,0,0,0,0,0,0,0,0,0,0,0,0,0,0,0,0,6.75807e+0,1.99944e-1,0,0,0,0,0,0,2.30330e-3,0,0,0,0,0,0,0,2.26332e+1,1.29367e+1,0,2.11462e-1,0,0,0,0,5.39209e+2
"Middle_East","LBN","Lebanon",1.06265e-1,0,1.57753e-1,0,8.09985e-1,0,0,0,1.57068e+0,1.46320e+0,1.33000e+0,0,0,0,0,0,0,0,0,0,0,0,0,0,0,0,0,0,0,0,0,0,0,9.84352e+0,9.98374e-1,0,0,0,0,0,0,1.00818e-1,0,1.79338e-2,0,0,0,0,0,1.60001e+1,1.34333e+1,0,1.55421e-1,0,0,0,0,4.59873e+1
"Middle_East","OMN","Oman",5.74186e-1,3.02967e-1,1.88811e-1,0,6.15571e-1,0,0,0,4.46154e-1,4.03031e-1,6.15147e+2,0,0,0,0,0,0,0,0,0,0,0,0,0,0,0,0,0,0,0,0,0,0,2.39478e+1,1.00058e+0,0,0,0,0,0,0,3.85114e-3,0,0,0,0,0,0,0,1.35782e+1,9.77657e+0,0,1.45816e-1,0,0,0,0,6.66131e+2
"Middle_East","QAT","Qatar",6.64843e-1,4.43386e-1,9.09568e-2,2.42835e-3,4.59613e-1,0,0,0,3.38010e-2,6.45730e-2,7.06796e+2,0,0,0,0,0,1.83837e+0,0,0,0,0,0,0,0,0,0,0,0,0,0,0,0,0,3.55769e+0,2.64972e-1,0,0,0,0,0,0,3.36864e-3,0,0,0,0,0,0,0,6.38072e+0,1.46682e+1,0,6.94012e-2,0,0,0,0,7.35339e+2
"Middle_East","SAU","Saudi Arabia",4.58316e+0,1.58285e+0,1.51646e+0,1.27490e-2,9.79024e+0,0,0,0,3.59062e-1,2.98146e+0,1.95070e+3,0,0,0,0,0,1.14862e+1,0,0,0,0,0,0,0,0,0,0,0,0,0,0,0,0,8.24648e+1,5.29301e+0,0,0,0,0,0,0,1.93084e+0,0,0,0,0,0,0,0,1.50801e+2,1.08195e+2,0,1.48076e+0,0,0,0,0,2.33318e+3
"Middle_East","SYR","Syrian Arab Republic",3.36718e-1,4.80439e-2,2.89590e-1,2.98869e-3,1.46928e+0,0,0,0,7.17321e+0,9.14500e-2,3.09430e+2,0,0,0,0,0,0,0,0,0,0,0,0,0,0,0,0,0,0,0,0,0,0,1.28978e+2,4.69617e+0,0,0,0,0,0,0,3.97278e+0,0,1.72200e-1,0,0,0,0,0,3.86953e+1,6.24867e+1,0,4.01804e-1,0,0,0,0,5.58244e+2
"Middle_East","YEM","Yemen",2.96018e-2,5.72698e-2,6.69636e-2,0,1.29617e+0,0,0,0,3.30245e+0,4.66395e+0,8.76190e+1,0,0,0,0,0,0,0,0,0,0,0,0,0,0,0,0,0,0,0,0,0,0,1.40210e+2,5.45405e+0,0,0,0,0,0,0,3.81142e-1,0,0,0,0,0,0,0,1.10090e+1,7.11702e+1,0,1.35121e-1,0,0,0,0,3.25395e+2
"India +","AFG","Afghanistan",8.54104e-4,0,9.35526e-2,1.61122e-4,1.44409e-1,0,1.26338e-3,1.96647e-4,1.21610e+1,8.27614e+0,1.53543e+1,0,0,0,0,0,0,0,0,0,0,0,0,0,0,0,0,0,0,0,0,0,0,2.78755e+2,1.62524e+1,4.27566e+1,0,0,0,0,0,3.76931e-1,0,1.78421e-2,0,0,0,0,0,1.26985e+1,1.05820e+2,0,1.76404e-1,0,0,0,0,4.92885e+2
"India +","BGD","Bangladesh",3.83623e-1,5.25017e-3,2.35167e-1,0,9.46557e-1,9.03513e-3,2.87214e-2,0,1.75855e+2,2.74762e+1,2.21723e+2,0,0,0,0,0,0,0,0,0,0,0,0,0,0,0,0,0,0,0,0,0,0,8.78011e+2,7.55735e+1,2.21442e+3,0,0,0,0,1.06889e-1,1.45621e+1,9.41460e+0,0,0,0,0,0,0,1.81432e+2,6.28120e+2,0,0,0,0,0,0,4.42831e+3
"India +","BTN","Bhutan",4.38614e-4,0,8.66464e-3,2.60884e-4,2.36520e-2,0,1.20309e-4,1.92210e-5,1.58632e+1,3.26344e+0,3.24684e-3,0,0,0,0,0,0,2.31000e-2,0,0,0,0,0,0,0,0,0,0,0,0,0,0,0,1.34703e+1,1.38168e+0,0,0,0,0,0,0,9.15642e-2,4.02710e-1,0,0,0,0,0,0,6.28500e-1,8.28614e+0,0,6.12064e-3,0,0,0,0,4.34531e+1
"India +","IND","India",7.93700e+0,1.38927e+0,4.47575e+1,0,2.81484e+1,4.97523e-1,1.35766e-1,1.20384e-2,1.84108e+3,1.74955e+3,6.82469e+2,0,0,0,0,0,1.80265e+0,2.39027e+0,0,0,0,0,0,0,0,0,0,0,0,0,0,0,0,1.26079e+4,1.10642e+3,3.81639e+3,0,0,0,0,3.14952e+1,2.35557e+2,1.88605e+1,4.76472e+0,0,0,0,0,0,1.02118e+3,4.10387e+3,0,4.30512e+1,4.50000e+1,0,0,0,2.73946e+4
"India +","IOT","British Indian Ocean Territory",0,0,0,0,0,0,0,0,0,0,0,0,0,0,0,0,0,0,0,0,0,0,0,0,0,0,0,0,0,0,0,0,0,0,0,0,0,0,0,0,0,0,0,0,0,0,0,0,0,0,0,0,0,0,0,0,0,0,
"India +","LKA","Sri Lanka",5.49646e-2,4.57156e-3,1.85686e+0,3.03049e-3,1.32867e+0,3.46940e-3,2.04820e-3,1.25400e-4,2.18135e+1,2.92640e+0,5.45774e-1,0,0,0,0,0,0,0,0,0,0,0,0,0,0,0,0,0,0,0,0,0,0,6.01154e+1,5.09722e+0,2.46696e+2,0,0,0,0,2.30081e-1,2.29456e-1,0,0,0,0,0,0,0,4.27182e+1,9.66630e+1,0,0,0,0,0,0,4.80289e+2
"India +","MDV","Maldives",3.63030e-3,0,4.65063e-3,3.22970e-5,8.07120e-2,0,2.43145e-4,3.98460e-5,7.43867e-3,6.07290e-2,2.00100e-2,0,0,0,0,0,0,0,0,0,0,0,0,0,0,0,0,0,0,0,0,0,0,0,0,0,0,0,0,0,0,9.73970e-3,0,0,0,0,0,0,0,5.54370e-1,1.09134e+0,0,4.65408e-3,0,0,0,0,1.83759e+0
"India +","NPL","Nepal",0,0,1.56792e-1,0,2.16967e-1,0,0,0,6.10995e+1,6.34241e+0,0,0,0,0,0,0,0,0,0,0,0,0,0,0,0,0,0,0,0,0,0,0,0,4.45999e+2,3.95298e+1,3.61612e+2,0,0,0,0,1.26437e+0,9.85571e+0,1.82682e-1,0,0,0,0,0,0,6.71925e+0,1.05832e+2,0,0,0,0,0,0,1.03881e+3
"India +","PAK","Pakistan",7.27298e-1,5.25385e-2,5.64132e+0,0,4.70926e+0,4.80512e-2,0,0,1.70981e+2,5.69566e+1,1.19423e+3,0,0,0,0,0,0,0,0,0,0,0,0,0,0,0,0,0,0,0,0,0,0,2.94797e+3,2.13472e+2,7.51596e+2,0,0,0,0,1.87843e+0,9.60850e+0,0,1.92554e+0,0,0,0,0,0,1.64342e+2,6.36165e+2,0,2.00342e+0,0,0,0,0,6.16231e+3
"Korea","KOR","Korea, Republic of",2.23929e+0,3.43104e-1,5.26859e+0,6.19141e-2,1.91591e+1,5.63778e-2,3.55801e-1,2.02312e-2,2.47642e+1,5.81732e+1,1.80127e+2,0,0,0,0,0,2.13207e+0,2.78277e+0,0,0,0,0,0,0,0,0,0,0,0,0,0,0,0,2.12868e+2,2.27782e+1,3.36858e+2,0,0,0,0,0,3.12446e-1,0,6.18336e-2,0,0,0,0,0,1.71717e+2,4.42371e+2,0,0,0,0,0,0,1.48245e+3
"Korea","PRK","Korea, Democratic People's Republic of",7.53792e-2,5.68479e-4,4.58709e+0,0,3.61740e-1,0,0,0,6.36350e+1,4.23962e+2,1.52489e-1,0,0,0,0,0,1.65000e-2,9.90000e-3,0,0,0,0,0,0,0,0,0,0,0,0,0,0,0,4.96871e+1,7.67602e+0,1.41432e+2,0,0,0,0,0,2.90374e+0,0,1.00680e+0,0,0,0,0,0,4.00947e+1,1.12380e+2,1.73185e-1,0,0,0,0,0,8.48154e+2
"China +","CHN","China",1.55124e+1,3.53907e+0,7.73183e+1,1.10770e-1,5.06977e+1,2.28816e+0,2.69631e+0,4.67324e-2,3.25531e+3,1.77190e+4,1.61166e+3,0,0,0,0,0,1.42131e+1,2.23449e+1,0,0,0,0,0,0,0,0,0,0,0,0,0,0,0,9.14803e+3,1.46977e+3,1.19139e+4,0,0,0,0,8.12040e+0,1.37055e+1,6.25827e+0,3.33192e+1,0,0,0,0,0,2.81329e+3,6.30106e+3,1.89251e+1,5.82312e+0,9.00000e+1,0,0,0,5.45969e+4
"China +","HKG","Hong Kong",4.38236e-1,0,2.18781e-1,0,4.63349e-1,0,5.86152e-4,0,2.77761e-1,0,3.50343e+1,0,0,0,0,0,0,0,0,0,0,0,0,0,0,0,0,0,0,0,0,0,0,0,0,0,0,0,0,0,0,0,0,0,0,0,0,0,0,6.21040e+1,3.25597e+1,2.61913e-1,0,0,0,0,0,1.31359e+2
"China +","MAC","Macao",5.55680e-4,0,5.64740e-3,3.06351e-4,2.64614e-2,0,6.30497e-4,1.01241e-4,7.60779e-3,0,3.52313e-2,0,0,0,0,0,0,0,0,0,0,0,0,0,0,0,0,0,0,0,0,0,0,0,0,0,0,0,0,0,0,0,0,0,0,0,0,0,0,3.74451e+0,1.80284e+0,1.64280e-2,0,0,0,0,0,5.64032e+0
"China +","MNG","Mongolia",7.74494e-2,0,4.97261e-2,9.95089e-4,3.55761e-1,8.71530e-3,4.10814e-3,0,5.19256e+0,9.71553e+0,5.64449e-2,0,0,0,0,0,0,0,0,0,0,0,0,0,0,0,0,0,0,0,0,0,0,2.45934e+2,1.36735e+1,0,0,0,0,0,0,1.39509e-2,0,5.53296e+0,0,0,0,0,0,3.26620e+0,1.05972e+1,1.95827e-2,0,0,0,0,0,2.94498e+2
"China +","TWN","Taiwan_Province of China",2.71346e+0,2.28190e-1,2.85350e+0,4.66069e-3,1.11658e+1,6.24520e-3,8.80726e-2,0,1.36068e+0,5.56214e+0,4.30416e+1,0,0,0,0,0,4.66560e-1,9.21970e-1,0,0,0,0,0,0,0,0,0,0,0,0,0,0,0,1.74736e+1,3.08842e+1,0,0,0,0,0,2.11452e-1,0,0,0,0,0,0,0,0,1.51926e+2,1.15282e+2,6.66939e-1,0,0,0,0,0,3.84857e+2
"Southeastern Asia","BRN","Brunei Darussalam",1.63034e-1,9.01208e-2,1.45615e-2,0,2.25959e-1,0,0,0,4.95755e-2,2.33120e-2,1.94801e+2,0,0,0,0,0,0,0,0,0,0,0,0,0,0,0,0,0,0,0,0,0,0,4.24225e-1,2.57298e-1,1.64177e-1,0,0,0,0,0,5.70256e-3,2.85348e+0,0,0,0,0,0,0,2.22654e+0,1.77925e+0,6.01650e-2,2.05692e-2,0,0,0,0,2.03159e+2
"Southeastern Asia","KHM","Cambodia",5.90203e-4,0,4.81479e-2,1.09705e-3,7.34871e-2,0,1.30690e-4,0,4.53652e+1,8.13905e+0,5.81826e-4,0,0,0,0,0,0,0,0,0,0,0,0,0,0,0,0,0,0,0,0,0,0,1.76836e+2,2.45577e+1,4.20542e+2,0,0,0,0,5.53776e+1,2.10613e+1,5.88560e+1,0,0,0,0,0,0,9.43909e+0,5.90272e+1,2.92629e-1,1.00044e-1,0,0,0,0,8.79718e+2
"Southeastern Asia","LAO","Lao People's Democratic Republic",8.58798e-4,0,2.58106e-2,5.96272e-4,4.65873e-2,0,1.92507e-4,2.92770e-5,2.57326e+1,9.52751e+0,8.44388e-3,0,0,0,0,0,0,0,0,0,0,0,0,0,0,0,0,0,0,0,0,0,0,1.23557e+2,1.40313e+1,1.12858e+2,0,0,0,0,2.59680e+1,8.64298e+0,4.59877e+1,0,0,0,0,0,0,4.06412e+0,2.35435e+1,0,0,0,0,0,0,3.93995e+2
"Southeastern Asia","MMR","Myanmar",1.44624e-1,2.15383e-2,4.43832e-1,0,5.67569e-1,0,0,4.18680e-5,1.67531e+2,2.87143e+1,1.78662e+2,0,0,0,0,0,0,0,0,0,0,0,0,0,0,0,0,0,0,0,0,0,0,7.74185e+2,8.50673e+1,1.35380e+3,0,0,0,0,2.19439e+1,8.04496e+1,4.77714e+2,0,0,0,0,0,0,5.06597e+1,2.40022e+2,0,0,0,0,0,0,3.45992e+3
"Southeastern Asia","MYS","Malaysia",1.92132e+0,7.58419e-1,1.23787e+0,0,9.17452e+0,0,0,1.50480e-3,1.87392e+1,4.29694e+1,8.42218e+2,0,0,0,0,0,1.78842e+0,0,0,0,0,0,0,0,0,0,0,0,0,0,0,0,0,4.51927e+1,1.97513e+1,1.63072e+2,0,0,0,0,7.14768e+0,8.15736e+0,5.47733e+1,0,0,0,0,0,0,1.17386e+2,1.36140e+2,1.54518e+0,1.90176e+0,0,0,0,0,1.47388e+3
"Southeastern Asia","PHL","Philippines",3.30987e-1,1.37815e-1,2.03646e+0,5.64300e-3,3.93664e+0,0,8.93885e-2,0,7.32641e+1,1.15561e+2,5.57635e+1,0,0,0,0,0,1.27878e-3,3.32080e-1,0,0,0,0,0,0,0,0,0,0,0,0,0,0,0,4.08626e+2,8.85021e+1,9.77140e+2,0,0,0,0,4.07520e+0,6.16334e+1,0,0,0,0,0,0,0,2.09767e+2,4.17963e+2,0,3.79078e+0,0,0,0,0,2.42296e+3
"Southeastern Asia","SGP","Singapore",3.20920e-1,1.13325e-1,9.90660e-3,0,7.25375e-1,0,0,0,2.05085e-2,3.20075e+0,5.82602e+1,0,0,0,0,0,3.14112e-1,0,0,0,0,0,0,0,0,0,0,0,0,0,0,0,0,2.69828e-1,8.76352e-1,0,0,0,0,0,6.19632e-2,1.07722e-5,0,0,0,0,0,0,0,1.26819e+1,2.01626e+1,6.35476e+0,0,0,0,0,0,1.03372e+2
"Southeastern Asia","THA","Thailand",3.24367e+0,3.13954e-1,8.50748e+0,0,9.80157e+0,1.83878e-2,2.54633e-2,0,1.27231e+2,3.29938e+2,3.63191e+2,0,0,0,0,0,5.18640e-1,0,0,0,0,0,0,0,0,0,0,0,0,0,0,0,0,3.77088e+2,6.84501e+1,1.98419e+3,0,0,0,0,2.20354e+1,8.67390e+1,7.59560e+0,0,0,0,0,0,0,2.51012e+2,3.76876e+2,2.72995e+0,3.35994e+0,0,0,0,0,4.02287e+3
"Southeastern Asia","TLS","Timor-Leste",0,0,2.81379e-3,0,0,0,0,0,3.15127e-1,0,0,0,0,0,0,0,0,0,0,0,0,0,0,0,0,0,0,0,0,0,0,0,0,1.47020e+1,1.67279e+0,1.03741e+1,0,0,0,0,0,5.12653e-1,0,0,0,0,0,0,0,1.59523e-1,3.62354e+0,4.15533e-3,1.42062e-3,0,0,0,0,3.13681e+1
"Southeastern Asia","VNM","Viet Nam",5.05882e-1,0,1.53640e+0,2.15269e-3,3.77498e+0,1.17230e-3,0,3.39834e-2,2.14624e+2,4.95113e+2,1.26999e+2,0,0,0,0,0,0,0,0,0,0,0,0,0,0,0,0,0,0,0,0,0,0,4.41081e+2,1.58819e+2,1.80999e+3,0,0,0,0,1.46767e+1,8.38929e+1,4.32677e+0,0,0,0,0,0,0,9.20743e+1,3.99002e+2,0,0,0,0,0,0,3.84645e+3
"Indonesia +","IDN","Indonesia",1.57962e+0,1.95578e+0,1.23171e+1,1.36268e-2,1.95995e+1,0,5.35166e-1,0,3.40692e+2,6.65719e+2,1.38870e+3,0,0,0,0,0,2.19946e+0,2.09000e-2,0,0,0,0,0,0,0,0,0,0,0,0,0,0,0,9.49629e+2,9.43815e+1,2.42026e+3,0,0,0,0,1.71758e+2,1.88077e+2,2.22217e+2,0,1.52533e+3,0,0,0,0,7.93944e+2,1.48897e+3,9.32081e+0,1.14718e+1,0,0,0,0,1.03087e+4
"Indonesia +","PNG","Papua New Guinea",7.97904e-3,0,3.01329e-2,8.48671e-4,3.94424e-2,0,2.63992e-3,4.29294e-4,1.93497e+1,4.87165e-1,5.20114e+0,0,0,0,0,0,0,0,0,0,0,0,0,0,0,0,0,0,0,0,0,0,0,6.53881e+0,7.40288e+0,9.51754e-2,0,0,0,0,8.77560e-1,1.48824e-1,8.34768e+0,0,0,0,0,0,0,3.52671e+0,2.78312e+1,9.00178e-2,0,0,0,0,0,7.99783e+1
"Japan","JPN","Japan",9.94091e+0,5.21736e-1,1.39336e+1,7.81242e-2,1.54510e+1,3.59083e-2,1.27662e+0,0,2.26480e+1,5.84640e+1,4.17019e+1,0,0,0,0,0,4.97173e+0,7.39007e+0,0,0,0,0,0,0,0,0,0,0,0,0,0,0,0,5.14056e+2,1.88414e+2,7.44090e+2,0,0,0,0,0,6.65135e-1,0,2.36112e+0,0,0,0,0,0,1.93428e+2,2.09722e+2,3.68795e+1,6.94000e-1,0,0,0,0,2.06672e+3
"Oceania","ASM","American Samoa",0,0,0,0,0,0,0,0,2.16044e-5,0,0,0,0,0,0,0,0,0,0,0,0,0,0,0,0,0,0,0,0,0,0,0,0,1.62360e-2,1.25873e-1,0,0,0,0,0,0,9.84323e-6,0,0,0,0,0,0,0,3.03747e-1,7.44049e-2,0,0,0,0,0,0,5.20292e-1
"Oceania","ATF","French Southern Territories",0,0,0,0,0,0,0,0,0,0,0,0,0,0,0,0,0,0,0,0,0,0,0,0,0,0,0,0,0,0,0,0,0,0,0,0,0,0,0,0,0,0,0,0,0,0,0,0,0,0,0,0,0,0,0,0,0,0,
"Oceania","AUS","Australia",3.25050e+0,5.88158e-1,4.75346e+0,4.14447e-2,1.13237e+1,8.64721e-2,1.16747e-1,1.23728e-2,4.07118e+1,1.38417e+3,2.94323e+2,0,0,0,0,0,2.68091e-1,6.76340e-1,0,0,0,0,0,0,0,0,0,0,0,0,0,0,0,2.70177e+3,1.98405e+2,1.38290e+1,0,0,0,0,2.77608e+2,3.52352e+1,1.06586e+2,3.56040e+2,0,0,0,0,0,4.81264e+2,6.59197e+1,6.51552e-3,0,6.00000e-1,0,0,0,5.97758e+3
"Oceania","CCK","Cocos (Keeling) Islands",0,0,0,0,0,0,0,0,0,0,0,0,0,0,0,0,0,0,0,0,0,0,0,0,0,0,0,0,0,0,0,0,0,0,0,0,0,0,0,0,0,0,0,0,0,0,0,0,0,0,0,0,0,0,0,0,0,0,
"Oceania","COK","Cook Islands",0,0,2.37302e-3,0,0,0,0,0,1.29676e-3,0,0,0,0,0,0,0,0,0,0,0,0,0,0,0,0,0,0,0,0,0,0,0,0,4.71744e-2,8.55327e-2,0,0,0,0,0,0,5.90822e-4,0,0,0,0,0,0,0,0,2.57019e-2,0,0,0,0,0,0,1.62670e-1
"Oceania","CXR","Christmas Island",0,0,0,0,0,0,0,0,0,0,0,0,0,0,0,0,0,0,0,0,0,0,0,0,0,0,0,0,0,0,0,0,0,0,0,0,0,0,0,0,0,0,0,0,0,0,0,0,0,0,0,0,0,0,0,0,0,0,
"Oceania","FJI","Fiji",3.56603e-3,0,6.65074e-3,6.68316e-4,3.27674e-2,0,1.16499e-3,1.87563e-4,3.80039e-1,2.03019e-1,2.94837e-2,0,0,0,0,0,0,0,0,0,0,0,0,0,0,0,0,0,0,0,0,0,0,2.11625e+1,3.56036e+0,1.47748e+0,0,0,0,0,0,1.11412e-1,0,0,0,0,0,0,0,3.41664e+0,2.41606e+0,0,0,0,0,0,0,3.28020e+1
"Oceania","FSM","Micronesia, Federated States of",0,0,0,0,0,0,0,0,1.35721e-3,2.75280e-2,0,0,0,0,0,0,0,0,0,0,0,0,0,0,0,0,0,0,0,0,0,0,0,7.40667e-1,1.31745e-1,1.81844e-2,0,0,0,0,0,6.18365e-4,0,0,0,0,0,0,0,2.85892e-1,1.41717e-1,0,0,0,0,0,0,1.34771e+0
"Oceania","GUM","Guam",0,0,0,0,0,0,0,0,1.16016e-3,0,0,0,0,0,0,0,0,0,0,0,0,0,0,0,0,0,0,0,0,0,0,0,0,1.90796e-2,6.30216e-2,0,0,0,0,0,0,5.28582e-4,0,0,0,0,0,0,0,1.60531e+0,1.24769e+0,0,0,0,0,0,0,2.93679e+0
"Oceania","HMD","Heard Island and McDonald Islands",0,0,0,0,0,0,0,0,0,0,0,0,0,0,0,0,0,0,0,0,0,0,0,0,0,0,0,0,0,0,0,0,0,0,0,0,0,0,0,0,0,0,0,0,0,0,0,0,0,0,0,0,0,0,0,0,0,0,
"Oceania","KIR","Kiribati",5.86110e-5,0,3.74787e-4,5.30099e-5,9.60326e-4,0,2.42410e-5,3.80100e-6,5.98773e-3,2.65980e-2,6.23429e-4,0,0,0,0,0,0,0,0,0,0,0,0,0,0,0,0,0,0,0,0,0,0,1.20000e-2,3.31833e-2,0,0,0,0,0,0,2.20251e-3,0,0,0,0,0,0,0,2.61094e-1,3.08771e-1,0,0,0,0,0,0,6.51935e-1
"Oceania","MHL","Marshall Islands",0,0,0,0,0,0,0,0,0,0,0,0,0,0,0,0,0,0,0,0,0,0,0,0,0,0,0,0,0,0,0,0,0,0,0,0,0,0,0,0,0,0,0,0,0,0,0,0,0,2.30544e-1,7.35510e-2,0,0,0,0,0,0,3.04095e-1
"Oceania","MNP","Northern Mariana Islands",0,0,0,0,0,0,0,0,0,0,0,0,0,0,0,0,0,0,0,0,0,0,0,0,0,0,0,0,0,0,0,0,0,0,0,0,0,0,0,0,0,0,0,0,0,0,0,0,0,3.38812e-1,1.12785e-1,0,0,0,0,0,0,4.51597e-1
"Oceania","NCL","New Caledonia",1.35078e-3,0,7.04631e-3,5.93653e-5,2.75685e-2,0,7.43225e-4,1.15230e-4,3.40379e-2,4.38960e-2,2.87788e-2,0,0,0,0,0,0,0,0,0,0,0,0,0,0,0,0,0,0,0,0,0,0,6.56505e+0,7.81032e-1,0,0,0,0,0,0,2.62694e-3,0,0,0,0,0,0,0,1.92354e+0,2.80599e-1,0,0,0,0,0,0,9.69644e+0
"Oceania","NFK","Norfolk Island",0,0,0,0,0,0,0,0,0,0,0,0,0,0,0,0,0,0,0,0,0,0,0,0,0,0,0,0,0,0,0,0,0,0,0,0,0,0,0,0,0,0,0,0,0,0,0,0,0,0,4.07340e-3,0,0,0,0,0,0,4.07340e-3
"Oceania","NIU","Niue",0,0,0,0,0,0,0,0,9.61404e-5,2.79000e-4,0,0,0,0,0,0,0,0,0,0,0,0,0,0,0,0,0,0,0,0,0,0,0,9.47974e-3,2.44120e-2,0,0,0,0,0,0,4.38026e-5,0,0,0,0,0,0,0,6.52078e-3,2.68060e-3,0,0,0,0,0,0,4.35121e-2
"Oceania","NRU","Nauru",0,0,0,0,0,0,0,0,0,0,0,0,0,0,0,0,0,0,0,0,0,0,0,0,0,0,0,0,0,0,0,0,0,2.80000e-3,8.18133e-3,0,0,0,0,0,0,0,0,0,0,0,0,0,0,1.00250e-1,1.73591e-2,0,0,0,0,0,0,1.28590e-1
"Oceania","NZL","New Zealand",3.21850e-1,3.62407e-2,8.45570e-1,8.63169e-3,1.33007e+0,0,0,1.47972e-2,3.78913e+0,1.92785e+1,2.52828e+1,0,0,0,0,0,9.77500e-1,0,0,0,0,0,0,0,0,0,0,0,0,0,0,0,0,1.05825e+3,1.18048e+2,0,0,0,0,0,0,2.80676e-1,1.23109e+0,0,0,0,0,0,0,7.07440e+1,1.09782e+1,0,0,0,0,0,0,1.31142e+3
"Oceania","PCN","Pitcairn",0,0,0,0,0,0,0,0,0,0,0,0,0,0,0,0,0,0,0,0,0,0,0,0,0,0,0,0,0,0,0,0,0,0,0,0,0,0,0,0,0,0,0,0,0,0,0,0,0,0,1.03470e-3,0,0,0,0,0,0,1.03470e-3
"Oceania","PLW","Palau",0,0,0,0,0,0,0,0,0,0,0,0,0,0,0,0,0,0,0,0,0,0,0,0,0,0,0,0,0,0,0,0,0,0,0,0,0,0,0,0,0,0,0,0,0,0,0,0,0,0,6.31484e-2,0,0,0,0,0,0,6.31484e-2
"Oceania","PYF","French Polynesia",1.80242e-3,0,2.99356e-3,7.84119e-5,2.24227e-2,0,1.05546e-3,1.67523e-4,1.12399e-2,0,1.64777e-2,0,0,0,0,0,0,0,0,0,0,0,0,0,0,0,0,0,0,0,0,0,0,7.91321e-1,3.62777e-1,0,0,0,0,0,0,1.82660e-3,0,0,0,0,0,0,0,1.90050e+0,9.75904e-1,0,0,0,0,0,0,4.08857e+0
"Oceania","SLB","Solomon Islands",6.15459e-4,0,2.06405e-3,7.77524e-5,5.03946e-3,0,2.99369e-4,4.81920e-5,5.23770e-1,9.51080e-2,3.60125e-3,0,0,0,0,0,0,0,0,0,0,0,0,0,0,0,0,0,0,0,0,0,0,6.48309e+1,2.07646e+0,2.95496e-1,0,0,0,0,0,6.35063e-3,0,0,0,0,0,0,0,3.91467e-1,8.58099e-1,0,0,0,0,0,0,6.90894e+1
"Oceania","TKL","Tokelau",0,0,0,0,0,0,0,0,1.85680e-4,0,0,0,0,0,0,0,0,0,0,0,0,0,0,0,0,0,0,0,0,0,0,0,0,1.00000e-3,3.20383e-3,0,0,0,0,0,0,8.45978e-5,0,0,0,0,0,0,0,0,6.96780e-3,0,0,0,0,0,0,1.14419e-2
"Oceania","TON","Tonga",0,0,1.21236e-3,0,6.66024e-3,0,0,0,2.54096e-3,2.28780e-2,2.11701e-3,0,0,0,0,0,0,0,0,0,0,0,0,0,0,0,0,0,0,0,0,0,0,1.01165e+0,9.97451e-1,0,0,0,0,0,0,1.15769e-3,0,0,0,0,0,0,0,3.10367e-1,4.29549e-1,0,0,0,0,0,0,2.78558e+0
"Oceania","TUV","Tuvalu",0,0,0,0,0,0,0,0,0,0,0,0,0,0,0,0,0,0,0,0,0,0,0,0,0,0,0,0,0,0,0,0,0,1.35000e-2,4.15071e-2,0,0,0,0,0,0,0,0,0,0,0,0,0,0,2.72430e-2,7.33505e-2,0,0,0,0,0,0,1.55601e-1
"Oceania","VUT","Vanuatu",2.61977e-4,0,9.50775e-4,3.00404e-5,2.97826e-3,0,1.21415e-4,1.94430e-5,1.15382e-1,3.81300e-2,1.75221e-3,0,0,0,0,0,0,0,0,0,0,0,0,0,0,0,0,0,0,0,0,0,0,9.65726e+0,1.21657e+0,0,0,0,0,0,0,1.34438e-2,0,0,0,0,0,0,0,2.93161e-1,1.14347e+0,0,0,0,0,0,0,1.24835e+1
"Oceania","WLF","Wallis and Futuna",0,0,0,0,0,0,0,0,9.05508e-4,0,0,0,0,0,0,0,0,0,0,0,0,0,0,0,0,0,0,0,0,0,0,0,0,6.64232e-2,7.59984e-2,0,0,0,0,0,0,4.12560e-4,0,0,0,0,0,0,0,0,8.39551e-2,0,0,0,0,0,0,2.27695e-1
"Oceania","WSM","Samoa",2.74455e-4,0,8.91162e-4,2.47103e-4,8.03306e-3,0,1.98513e-4,3.04890e-5,2.51047e-1,3.61150e-2,2.92052e-3,0,0,0,0,0,0,0,0,0,0,0,0,0,0,0,0,0,0,0,0,0,0,1.76976e+0,2.46357e+0,0,0,0,0,0,0,1.13641e-3,0,0,0,0,0,0,0,3.27735e-1,1.08568e+0,0,0,0,0,0,0,5.94763e+0
"Antartica","ATA","Antarctica",0,0,0,0,0,0,0,0,0,0,0,0,0,0,0,0,0,0,0,0,0,0,0,0,0,0,0,0,0,0,0,0,0,0,0,0,0,0,0,0,0,0,0,0,0,0,0,0,0,0,0,0,0,0,0,0,0,0,
"Int. Shipping","SEA","Int. Shipping",0,0,0,0,0,0,0,0,0,0,1.38669e+1,0,4.32881e+1,0,0,0,0,0,0,0,0,0,0,0,0,0,0,0,0,0,0,0,0,0,0,0,0,0,0,0,0,0,0,0,0,0,0,0,0,0,0,0,0,0,0,0,0,5.71550e+1
"Int. Aviation","AIR","Int. Aviation",0,0,0,0,0,0,0,0,0,0,0,2.58516e+0,0,0,0,0,0,0,0,0,0,0,0,0,0,0,0,0,0,0,0,0,0,0,0,0,0,0,0,0,0,0,0,0,0,0,0,0,0,0,0,0,0,0,0,0,0,2.58516e+0

"TOTALS",,,2.21276e+2,4.94214e+1,4.11338e+2,2.27954e+0,6.43245e+2,6.55443e+0,1.09351e+1,2.86305e+0,1.13639e+4,3.77134e+4,6.13955e+4,2.58516e+0,4.32881e+1,0,0,0,1.32284e+2,7.20796e+1,0,0,0,0,0,0,0,0,0,0,0,0,0,0,0,9.44171e+4,1.11253e+4,3.24007e+4,0,0,0,0,5.51328e+3,1.43825e+3,7.56379e+3,2.17927e+3,1.52533e+3,0,0,0,0,2.72748e+4,2.92882e+4,1.05107e+2,2.70155e+2,1.50600e+2,0,0,0,03.25323e+5