"Content:","Emissions by country and main source category" 
"Compound:","CH4"
"Year: ","1995"
"Unit:","Gg CH4"
"Source:","European Commission, Joint Research Centre (JRC)/PBL Netherlands Environmental Assessment Agency. Emission Database for Global Atmospheric Research (EDGAR), release version 4.2. http://edgar.jrc.ec.europe.eu, 2010" 
"Dataset:","v4.2_EM_CH4_300911(edgar)"
"Date calculated:","November 30, 1999, 12:00 am"

,,,"Public electricity and heat production","Other Energy Industries","Manufacturing Industries and Construction","Domestic aviation","Road transportation","Rail transportation","Inland navigation","Other transportation","Residential and other sectors","Fugitive emissions from solid fuels","Fugitive emissions from oil and gas","Memo: International aviation","Memo: International navigation","Cement production","Lime production","Production of other minerals","Production of chemicals","Production of metals","Production of pulp/paper/food/drink","Production of halocarbons and SF6","Refrigeration and Air Conditioning","Foam Blowing","Fire Extinguishers","Aerosols","F-gas as Solvent","Semiconductor/Electronics Manufacture","Electrical Equipment","Other F-gas use","Non-energy use of lubricants/waxes (CO2)","Solvent and other product use: paint","Solvent and other product use: degrease","Solvent and other product use: chemicals","Solvent and other product use: other","Enteric fermentation","Manure management","Rice cultivation","Direct soil emissions","Manure in pasture/range/paddock","Indirect N2O from agriculture","Other direct soil emissions","Savanna burning","Agricultural waste burning","Forest fires","Grassland fires","Peat fires and decay of drained peatland","Other vegetation fires","Other biomass burning","Forest Fires-Post burn decay","Forest Land: net carbon stock change","Solid waste disposal on land","Wastewater handling","Waste incineration","Other waste handling","Fossil fuel fires","Indirect N2O from non-agricultural NOx","Indirect N2O from non-agricultural NH3","Other sources",

"World Region","ISO_A3","Country","1A1a","1A1bc","1A2","1A3a","1A3b","1A3c","1A3d","1A3e","1A4","1B1","1B2","1C1","1C2","2A1","2A2","2A7","2B","2C","2D","2E","2F1","2F2","2F3","2F4","2F5","2F7","2F8","2F9","2G","3A","3B","3C","3D","4A","4B","4C","4D1","4D2","4D3","4D4","4E","4F","5A","5C","5D","5F","5F1","5F2","5FL","6A","6B","6C","6D","7A","7B","7C","7D","TOTAL" 
"Canada","CAN","Canada",2.70235e+0,1.72140e+0,1.09031e+1,7.37086e-2,1.35630e+1,3.23527e-1,3.75137e-1,2.13568e-1,4.22234e+1,1.18443e+2,1.88024e+3,0,0,0,0,0,6.40857e+0,1.32910e-1,0,0,0,0,0,0,0,0,0,0,0,0,0,0,0,7.71375e+2,2.38754e+2,0,0,0,0,0,0,7.64285e+0,4.94304e+2,4.13424e+2,0,0,0,0,0,1.01226e+3,1.94249e+2,2.68395e+0,8.09224e+0,0,0,0,0,5.22011e+3
"USA","SPM","Saint Pierre and Miquelon",0,0,0,0,0,0,0,0,0,0,0,0,0,0,0,0,0,0,0,0,0,0,0,0,0,0,0,0,0,0,0,0,0,9.20123e-4,4.93971e-4,0,0,0,0,0,0,0,0,0,0,0,0,0,0,4.67173e-2,1.12727e-2,8.48542e-4,4.13768e-4,0,0,0,0,6.06664e-2
"USA","UMI","United States Minor Outlying Islands",0,0,0,0,0,0,0,0,0,0,0,0,0,0,0,0,0,0,0,0,0,0,0,0,0,0,0,0,0,0,0,0,0,0,0,0,0,0,0,0,0,0,0,0,0,0,0,0,0,0,0,0,0,0,0,0,0,0,
"USA","USA","United States",7.66729e+1,8.58711e+0,3.16295e+1,1.27482e+0,1.41226e+2,1.86037e+0,9.72428e-1,8.38699e-1,3.75013e+2,4.02070e+3,6.86040e+3,0,0,0,0,0,3.32956e+1,1.49687e+0,0,0,0,0,0,0,0,0,0,0,0,0,0,0,0,6.46449e+3,1.99611e+3,3.83839e+2,0,0,0,0,2.14224e-1,3.03408e+1,1.97045e+1,6.89184e+0,0,0,0,0,0,7.41096e+3,8.70394e+2,0,3.40425e+1,1.50000e+1,0,0,0,2.87859e+4
"Mexico","MEX","Mexico",4.93852e-1,1.18438e+0,4.61200e+0,0,2.32649e+1,1.00776e-1,0,2.73817e-2,7.58658e+1,2.89099e+1,1.25276e+3,0,0,0,0,0,1.18657e+0,2.06940e-1,0,0,0,0,0,0,0,0,0,0,0,0,0,0,0,2.15005e+3,2.05833e+2,1.04641e+1,0,0,0,0,3.32928e+1,3.06086e+1,8.51923e+1,1.86970e-1,0,0,0,0,0,3.47536e+2,4.54276e+2,0,0,0,0,0,0,4.70605e+3
"Rest Central America","ABW","Aruba",2.56181e-3,0,1.10906e-2,2.30850e-6,4.34527e-2,0,0,2.70000e-7,1.73305e-2,9.05200e-3,2.04402e-3,0,0,0,0,0,0,0,0,0,0,0,0,0,0,0,0,0,0,0,0,0,0,3.39370e-2,4.18740e-3,0,0,0,0,0,0,0,0,0,0,0,0,0,0,3.47139e-1,3.52841e-1,0,0,0,0,0,0,8.23638e-1
"Rest Central America","AIA","Anguilla",1.72410e-4,0,1.00221e-3,0,0,0,0,0,9.56000e-5,1.04501e-1,0,0,0,0,0,0,0,0,0,0,0,0,0,0,0,0,0,0,0,0,0,0,0,0,0,0,0,0,0,0,0,0,0,0,0,0,0,0,0,6.34651e-3,2.84711e-2,0,0,0,0,0,0,1.40589e-1
"Rest Central America","ANT","Netherlands Antilles",0,1.18630e-3,1.64541e-2,1.40258e-3,1.20394e-1,0,0,0,2.86796e-2,1.72980e-2,3.41789e+0,0,0,0,0,0,0,0,0,0,0,0,0,0,0,0,0,0,0,0,0,0,0,1.49206e-1,7.63500e-3,0,0,0,0,0,0,0,0,0,0,0,0,0,0,1.48049e+0,8.02530e-1,0,0,0,0,0,0,6.04316e+0
"Rest Central America","ATG","Antigua and Barbuda",2.86869e-3,0,7.12534e-3,2.21520e-5,1.44989e-2,0,0,2.10900e-6,1.75230e-2,0,1.34144e-2,0,0,0,0,0,0,0,0,0,0,0,0,0,0,0,0,0,0,0,0,0,0,1.14909e+0,2.42614e-2,0,0,0,0,0,0,1.33670e-3,0,0,0,0,0,0,0,2.68614e-1,2.86318e-1,0,0,0,0,0,0,1.78507e+0
"Rest Central America","BHS","Bahamas",1.71055e-2,0,3.14727e-2,9.02098e-4,8.39864e-2,0,0,6.58260e-5,1.78322e-1,7.39040e-2,1.67145e-1,0,0,0,0,0,0,0,0,0,0,0,0,0,0,0,0,0,0,0,0,0,0,1.57026e-1,3.49900e-2,0,0,0,0,0,0,1.05404e-2,0,0,0,0,0,0,0,5.62311e+0,1.25247e+0,0,0,0,0,0,0,7.63104e+0
"Rest Central America","BLZ","Belize",5.84643e-3,0,2.09987e-2,9.89500e-6,2.58926e-2,0,0,9.42000e-7,9.67137e-1,4.94760e-2,8.78845e-3,0,0,0,0,0,0,0,0,0,0,0,0,0,0,0,0,0,0,0,0,0,0,2.34976e+0,1.03361e-1,8.90250e-1,0,0,0,0,9.84864e-1,3.40629e-1,0,0,0,0,0,0,0,8.39151e-1,1.05642e+0,0,0,0,0,0,0,7.64259e+0
"Rest Central America","BMU","Bermuda",5.91067e-3,0,6.54389e-3,9.39870e-5,1.24401e-2,0,0,1.45800e-6,2.48296e-2,0,1.33611e-2,0,0,0,0,0,0,0,0,0,0,0,0,0,0,0,0,0,0,0,0,0,0,6.84928e-2,3.19920e-3,0,0,0,0,0,0,2.68014e-5,0,0,0,0,0,0,0,7.92512e-1,2.68075e-1,0,0,0,0,0,0,1.19549e+0
"Rest Central America","BRB","Barbados",8.53865e-3,1.67472e-4,2.71673e-2,5.53929e-5,3.35066e-2,0,0,4.35600e-6,3.16744e-2,2.47070e-2,5.02387e-1,0,0,0,0,0,0,0,0,0,0,0,0,0,0,0,0,0,0,0,0,0,0,2.07138e+0,9.32850e-2,0,0,0,0,0,0,1.06754e-1,0,0,0,0,0,0,0,1.54196e+0,1.45542e+0,0,0,0,0,0,0,5.89700e+0
"Rest Central America","CRI","Costa Rica",3.27457e-2,3.66447e-3,2.42470e-1,0,4.61137e-1,0,6.44767e-3,0,2.38424e+0,4.57250e-1,1.53854e+0,0,0,0,0,0,0,0,0,0,0,0,0,0,0,0,0,0,0,0,0,0,0,1.06956e+2,2.87410e+0,5.48565e+0,0,0,0,0,1.80509e+0,1.27519e+0,0,0,0,0,0,0,0,6.11003e+0,1.56913e+1,0,0,0,0,0,0,1.45324e+2
"Rest Central America","CUB","Cuba",3.02308e-1,1.75720e-3,2.98805e+0,0,3.49292e-1,0,0,0,2.13762e+1,4.66395e+0,3.77482e+0,0,0,0,0,0,0,0,0,0,0,0,0,0,0,0,0,0,0,0,0,0,0,2.55527e+2,9.64516e+0,5.50787e+1,0,0,0,0,1.30934e+1,1.04358e+1,2.86620e+0,0,0,0,0,0,0,5.77560e+1,5.82600e+1,0,0,0,0,0,0,4.96119e+2
"Rest Central America","CYM","Cayman Islands",4.18802e-3,0,3.51385e-3,1.44435e-5,1.16486e-2,0,0,1.37400e-6,1.80827e-2,0,9.43655e-3,0,0,0,0,0,0,0,0,0,0,0,0,0,0,0,0,0,0,0,0,0,0,7.78915e-2,4.11750e-3,0,0,0,0,0,0,1.11551e-5,0,0,0,0,0,0,0,6.75865e-1,1.41343e-1,0,0,0,0,0,0,9.46114e-1
"Rest Central America","DMA","Dominica",1.75775e-3,0,7.35073e-3,3.35199e-6,6.70401e-3,0,0,0,4.49330e-3,2.31260e-2,1.84173e-3,0,0,0,0,0,0,0,0,0,0,0,0,0,0,0,0,0,0,0,0,0,0,8.94046e-1,2.21270e-2,0,0,0,0,0,0,2.06891e-3,0,0,0,0,0,0,0,4.45635e-1,3.66765e-1,0,0,0,0,0,0,1.77592e+0
"Rest Central America","DOM","Dominican Republic",6.27511e-2,0,5.11000e-1,0,7.82950e-1,0,0,3.97746e-3,1.20368e+1,2.99956e+1,5.96560e-1,0,0,0,0,0,0,0,0,0,0,0,0,0,0,0,0,0,0,0,0,0,0,1.67415e+2,4.83012e+0,3.48982e+1,0,0,0,0,1.64652e+0,1.95605e+0,1.30506e+0,0,0,0,0,0,0,3.11116e+1,3.44394e+1,3.78654e-1,0,0,0,0,0,3.21970e+2
"Rest Central America","GLP","Guadeloupe",1.19414e-2,0,4.18699e-2,3.61522e-4,7.67525e-2,0,0,1.02660e-5,3.08815e-1,1.51714e-1,5.25923e-2,0,0,0,0,0,0,0,0,0,0,0,0,0,0,0,0,0,0,0,0,0,0,4.02908e+0,1.07208e-1,0,0,0,0,0,0,1.33597e-1,0,0,0,0,0,0,0,3.04266e+0,1.96874e+0,0,0,0,0,0,0,9.92534e+0
"Rest Central America","GRD","Grenada",2.90923e-3,0,9.77805e-3,2.42420e-5,7.72556e-3,0,0,7.89000e-7,9.11723e-3,9.13880e-2,4.70644e-3,0,0,0,0,0,0,0,0,0,0,0,0,0,0,0,0,0,0,0,0,0,0,3.42491e-1,1.44403e-2,0,0,0,0,0,0,4.22169e-3,0,0,0,0,0,0,0,3.25772e-1,4.53106e-1,0,0,0,0,0,0,1.26568e+0
"Rest Central America","GTM","Guatemala",2.82582e-1,9.21096e-4,4.66117e-1,0,5.39931e-1,0,0,0,3.27560e+1,2.92640e+0,1.26744e+0,0,0,0,0,0,0,0,0,0,0,0,0,0,0,0,0,0,0,0,0,0,0,1.36026e+2,3.48643e+0,1.46818e+0,0,0,0,0,7.65264e+0,5.37467e+0,9.27384e+0,0,0,0,0,0,0,1.22196e+1,4.14632e+1,0,0,0,0,0,0,2.55203e+2
"Rest Central America","HND","Honduras",1.87150e-2,1.25604e-4,3.87320e-1,0,2.56312e-1,0,0,0,1.54204e+1,1.09740e+0,0,0,0,0,0,0,0,0,0,0,0,0,0,0,0,0,0,0,0,0,0,0,0,1.20800e+2,3.30038e+0,1.76181e+0,0,0,0,0,1.01638e+1,1.46628e+0,9.66280e+0,0,0,0,0,0,0,4.94270e+0,2.25942e+1,0,0,0,0,0,0,1.91872e+2
"Rest Central America","HTI","Haiti",6.65700e-3,0,1.06010e-1,0,5.86494e-2,0,0,1.19324e-2,1.17222e+1,2.89896e+1,0,0,0,0,0,0,0,0,0,0,0,0,0,0,0,0,0,0,0,0,0,0,0,7.90141e+1,3.00845e+0,6.67354e+0,0,0,0,0,0,9.31106e-1,0,0,0,0,0,0,0,1.35517e+1,3.57915e+1,0,0,0,0,0,0,1.79865e+2
"Rest Central America","JAM","Jamaica",2.38701e-1,3.46166e-4,3.07457e-2,2.09339e-5,3.08725e-1,0,0,1.23092e-2,2.91239e+0,7.95615e+0,2.22015e-1,0,0,0,0,0,0,0,0,0,0,0,0,0,0,0,0,0,0,0,0,0,0,3.19219e+1,8.83210e-1,8.67560e-3,0,0,0,0,0,7.37334e-1,0,0,0,0,0,0,0,9.91733e+0,1.16699e+1,0,0,0,0,0,0,6.68197e+1
"Rest Central America","KNA","Saint Kitts and Nevis",1.59731e-3,0,3.99418e-3,3.22379e-5,4.46617e-3,0,0,0,8.64572e-2,0,1.90474e-3,0,0,0,0,0,0,0,0,0,0,0,0,0,0,0,0,0,0,0,0,0,0,3.12690e-1,8.58500e-3,0,0,0,0,0,0,5.45755e-2,0,0,0,0,0,0,0,6.41984e-1,2.53105e-1,0,0,0,0,0,0,1.36939e+0
"Rest Central America","LCA","Saint Lucia",4.55220e-3,0,1.45604e-2,6.23649e-6,1.52694e-2,0,0,3.42000e-7,2.52604e-2,2.74350e-2,4.95396e-3,0,0,0,0,0,0,0,0,0,0,0,0,0,0,0,0,0,0,0,0,0,0,8.63872e-1,3.36300e-2,0,0,0,0,0,0,8.47254e-3,0,0,0,0,0,0,0,1.58643e-1,6.64803e-1,0,0,0,0,0,0,1.82146e+0
"Rest Central America","MSR","Montserrat",5.83658e-4,0,1.03016e-3,3.99500e-6,4.30711e-3,0,0,0,2.48583e-3,0,1.02014e-3,0,0,0,0,0,0,0,0,0,0,0,0,0,0,0,0,0,0,0,0,0,0,6.20505e-1,1.38480e-2,0,0,0,0,0,0,4.62834e-5,0,0,0,0,0,0,0,1.19489e-2,5.19089e-2,0,0,0,0,0,0,7.07688e-1
"Rest Central America","MTQ","Martinique",1.71107e-2,0,3.95542e-2,3.49767e-4,6.94728e-2,0,0,1.58520e-5,1.12155e-1,1.36090e-1,6.58358e-2,0,0,0,0,0,0,0,0,0,0,0,0,0,0,0,0,0,0,0,0,0,0,2.21128e+0,7.43870e-2,0,0,0,0,0,0,6.79296e-2,0,0,0,0,0,0,0,4.78126e+0,1.73253e+0,0,0,0,0,0,0,9.30798e+0
"Rest Central America","NIC","Nicaragua",2.23158e-2,1.16943e-3,2.19468e-1,2.09339e-5,1.37250e-1,0,7.91308e-3,0,1.20882e+1,2.74350e+0,1.57002e-1,0,0,0,0,0,0,0,0,0,0,0,0,0,0,0,0,0,0,0,0,0,0,1.41063e+2,4.02331e+0,8.36862e+0,0,0,0,0,1.03447e+1,1.46698e+0,0,0,0,0,0,0,0,1.88766e+1,2.11883e+1,0,0,0,0,0,0,2.20708e+2
"Rest Central America","PAN","Panama",2.68139e-2,1.98066e-3,1.05884e-1,0,4.03115e-1,0,0,3.25314e-2,5.20873e+0,2.74350e-1,3.51666e-1,0,0,0,0,0,0,0,0,0,0,0,0,0,0,0,0,0,0,0,0,0,0,9.51770e+1,2.20592e+0,1.32136e+1,0,0,0,0,1.78241e+0,6.97616e-1,0,0,0,0,0,0,0,8.49565e+0,1.18724e+1,0,0,0,0,0,0,1.39850e+2
"Rest Central America","PRI","Puerto Rico",0,0,0,0,0,0,0,0,0,0,0,0,0,0,0,0,0,0,0,0,0,0,0,0,0,0,0,0,0,0,0,0,0,2.74632e+1,8.71221e-1,0,0,0,0,0,0,1.51023e-1,2.17933e-1,0,0,0,0,0,0,3.97446e+1,1.83102e+1,0,0,0,0,0,0,8.67582e+1
"Rest Central America","SLV","El Salvador",1.15829e-1,8.37360e-4,2.89733e-1,0,3.35583e-1,0,0,0,1.50202e+1,1.55465e+0,2.05968e-1,0,0,0,0,0,0,0,0,0,0,0,0,0,0,0,0,0,0,0,0,0,0,6.54160e+1,1.89139e+0,1.27999e+0,0,0,0,0,1.87550e-1,1.64092e+0,0,0,0,0,0,0,0,1.47223e+1,2.56709e+1,0,0,0,0,0,0,1.28332e+2
"Rest Central America","TCA","Turks and Caicos Islands",2.77755e-4,0,1.51190e-3,0,0,0,0,0,3.79321e-4,5.39400e-3,0,0,0,0,0,0,0,0,0,0,0,0,0,0,0,0,0,0,0,0,0,0,0,0,0,0,0,0,0,0,0,0,0,0,0,0,0,0,0,6.77662e-2,6.17221e-2,0,0,0,0,0,0,1.37051e-1
"Rest Central America","TTO","Trinidad and Tobago",2.08342e-1,9.86282e-2,3.20709e-2,0,3.46550e-1,0,0,1.25604e-4,7.50307e-1,1.70097e-1,1.07211e+2,0,0,0,0,0,2.31870e+0,0,0,0,0,0,0,0,0,0,0,0,0,0,0,0,0,2.63947e+0,2.36367e-1,3.47023e-1,0,0,0,0,0,4.00992e-1,0,0,0,0,0,0,0,9.03598e+0,2.35973e+1,0,0,0,0,0,0,1.47393e+2
"Rest Central America","VCT","Saint Vincent and the Grenadines",3.36980e-3,0,1.11125e-2,5.08400e-6,7.71278e-3,0,0,4.83000e-7,2.90175e-2,2.85200e-2,3.70745e-3,0,0,0,0,0,0,0,0,0,0,0,0,0,0,0,0,0,0,0,0,0,0,4.74133e-1,2.03100e-2,0,0,0,0,0,0,1.33088e-2,0,0,0,0,0,0,0,4.18215e-1,5.30764e-1,0,0,0,0,0,0,1.54018e+0
"Rest Central America","VGB","Virgin Islands_British",8.47861e-4,0,1.84160e-3,3.91950e-6,4.25774e-3,0,0,0,2.91912e-3,2.01500e-3,1.14079e-3,0,0,0,0,0,0,0,0,0,0,0,0,0,0,0,0,0,0,0,0,0,0,4.96543e-1,2.81093e-2,0,0,0,0,0,0,0,0,0,0,0,0,0,0,1.60539e-1,7.89312e-2,0,0,0,0,0,0,7.77148e-1
"Rest Central America","VIR","Virgin Islands_USA",0,0,0,0,0,0,0,0,0,0,0,0,0,0,0,0,0,0,0,0,0,0,0,0,0,0,0,0,0,0,0,0,0,4.42400e-2,8.57493e-3,0,0,0,0,0,0,9.41752e-2,0,0,0,0,0,0,0,1.07770e+0,4.87944e-1,0,0,0,0,0,0,1.71263e+0
"Brazil","BRA","Brazil",1.55652e+0,9.34233e+0,2.49154e+1,5.09952e-2,1.83954e+1,7.54083e-2,3.22383e-1,0,1.08798e+2,6.10952e+2,3.04748e+2,0,0,0,0,0,1.81760e+0,2.62907e+0,0,0,0,0,0,0,0,0,0,0,0,0,0,0,0,1.09161e+4,2.48797e+2,3.38743e+2,0,0,0,0,3.92304e+2,1.55389e+2,1.47848e+3,8.91072e-1,0,0,0,0,0,6.26311e+2,1.65631e+3,7.24724e+0,2.30309e+0,0,0,0,0,1.69065e+4
"Rest South America","ARG","Argentina",5.47518e-1,5.37550e-1,2.66360e+0,2.31320e-2,9.35865e+0,0,2.63768e-3,2.87633e-2,6.35765e+0,3.14060e+1,7.88768e+2,0,0,0,0,0,3.62254e-1,1.14858e-1,0,0,0,0,0,0,0,0,0,0,0,0,0,0,0,3.41995e+3,6.46987e+1,2.45586e+1,0,0,0,0,1.05727e+1,3.01066e+1,3.24775e+1,6.99552e+1,0,0,0,0,0,1.47255e+2,2.26706e+2,0,0,0,0,0,0,4.86645e+3
"Rest South America","BOL","Bolivia",1.12287e-1,3.51272e-2,3.37887e-1,2.40741e-3,4.66943e-1,4.34381e-3,3.51691e-3,0,1.10873e+1,1.64610e+0,1.38523e+2,0,0,0,0,0,0,0,0,0,0,0,0,0,0,0,0,0,0,0,0,0,0,3.83666e+2,1.13873e+1,1.73512e+1,0,0,0,0,1.14060e+2,2.90945e+0,2.47411e+2,0,0,0,0,0,0,1.38965e+1,3.57298e+1,0,0,0,0,0,0,9.78630e+2
"Rest South America","BVT","Bouvet Island",0,0,0,0,0,0,0,0,0,0,0,0,0,0,0,0,0,0,0,0,0,0,0,0,0,0,0,0,0,0,0,0,0,0,0,0,0,0,0,0,0,0,0,0,0,0,0,0,0,0,0,0,0,0,0,0,0,0,
"Rest South America","CHL","Chile",3.57259e-1,8.65535e-2,1.50644e+0,9.11239e-3,2.44866e+0,2.08503e-3,1.02283e-1,0,3.15286e+1,3.74868e+1,7.40057e+1,0,0,0,0,0,1.57720e+0,2.02730e-2,0,0,0,0,0,0,0,0,0,0,0,0,0,0,0,2.96973e+2,8.07507e+0,4.52465e+0,0,0,0,0,0,2.11121e+0,1.67784e+0,3.80496e+0,0,0,0,0,0,3.85978e+1,1.85678e+2,0,0,0,0,0,0,6.90574e+2
"Rest South America","COL","Colombia",2.95913e-1,1.52139e-1,3.00744e+0,4.60548e-4,5.78507e+0,7.78745e-4,4.42545e-2,1.54912e-3,5.37510e+1,6.55761e+1,2.50876e+2,0,0,0,0,0,1.13726e-1,2.73000e-2,0,0,0,0,0,0,0,0,0,0,0,0,0,0,0,1.60900e+3,4.06130e+1,1.03683e+2,0,0,0,0,1.88710e+1,1.21367e+1,8.57956e+1,0,0,0,0,0,0,7.30137e+1,1.81473e+2,0,0,0,0,0,0,2.50422e+3
"Rest South America","ECU","Ecuador",2.83502e-2,4.72292e-2,4.66074e-1,1.46538e-4,1.51410e+0,0,6.27183e-2,0,1.18112e+1,6.21860e+0,1.26960e+2,0,0,0,0,0,7.47000e-5,0,0,0,0,0,0,0,0,0,0,0,0,0,0,0,0,3.31642e+2,1.05201e+1,1.15665e+2,0,0,0,0,9.67296e-1,3.65258e+0,8.82164e-1,0,0,0,0,0,0,1.74494e+1,5.10527e+1,0,0,0,0,0,0,6.78939e+2
"Rest South America","FLK","Falkland Islands (Malvinas)",5.07858e-4,0,2.74320e-4,4.58850e-6,6.38014e-4,0,0,0,1.61853e-3,8.15300e-3,5.62965e-4,0,0,0,0,0,0,0,0,0,0,0,0,0,0,0,0,0,0,0,0,0,0,3.92233e+0,7.79047e-2,0,0,0,0,0,0,0,0,0,0,0,0,0,0,1.30162e-2,1.46910e-2,7.63009e-5,1.31749e-5,0,0,0,0,4.03979e+0
"Rest South America","GUF","French Guiana",5.75338e-3,0,1.51063e-2,2.74015e-4,1.97494e-2,0,0,1.64100e-5,2.60381e-1,2.40529e-1,4.53987e-2,0,0,0,0,0,0,0,0,0,0,0,0,0,0,0,0,0,0,0,0,0,0,4.74817e-1,2.69767e-2,1.06777e+0,0,0,0,0,0,2.19781e-2,5.57892e-1,0,0,0,0,0,0,7.67832e-1,6.57624e-1,2.51794e-3,3.84626e-4,0,0,0,0,4.16500e+0
"Rest South America","GUY","Guyana",2.06011e-2,0,7.26893e-2,7.87136e-5,3.10345e-2,0,0,3.72000e-7,3.17053e+0,1.64610e-1,1.95753e-2,0,0,0,0,0,0,0,0,0,0,0,0,0,0,0,0,0,0,0,0,0,0,1.26441e+1,4.45013e-1,3.99835e+1,0,0,0,0,2.54040e+0,1.34106e+0,1.44922e+1,0,0,0,0,0,0,1.22001e+0,4.06659e+0,3.99200e-3,6.21288e-4,0,0,0,0,8.02166e+1
"Rest South America","PER","Peru",1.08933e-1,6.31476e-2,2.89685e-1,2.09339e-5,1.30429e+0,0,1.23092e-2,0,2.80869e+1,8.13455e+0,3.69091e+1,0,0,0,0,0,3.00000e-4,1.42340e-1,0,0,0,0,0,0,0,0,0,0,0,0,0,0,0,3.49164e+2,1.05239e+1,6.44748e+1,0,0,0,0,7.40520e-1,3.87267e+0,3.14452e+1,0,0,0,0,0,0,4.84931e+1,1.09252e+2,0,0,0,0,0,0,6.93018e+2
"Rest South America","PRY","Paraguay",2.43671e-2,0,2.11111e+0,0,3.63219e-1,1.00483e-2,0,4.18680e-4,1.84263e+1,1.92959e+1,5.41580e-2,0,0,0,0,0,0,0,0,0,0,0,0,0,0,0,0,0,0,0,0,0,0,5.54829e+2,1.34111e+1,6.40659e+0,0,0,0,0,5.75112e+1,3.39284e+0,6.26619e+1,6.65784e+0,0,0,0,0,0,1.59878e+1,2.27682e+1,0,0,0,0,0,0,7.83912e+2
"Rest South America","SGS","South Georgia and the South Sandwich Islands",0,0,0,0,0,0,0,0,0,0,0,0,0,0,0,0,0,0,0,0,0,0,0,0,0,0,0,0,0,0,0,0,0,0,0,0,0,0,0,0,0,0,0,0,0,0,0,0,0,0,0,0,0,0,0,0,0,0,
"Rest South America","SUR","Suriname",1.53124e-2,0,4.32636e-2,7.51886e-5,4.04936e-2,0,0,4.73700e-6,1.93647e-1,6.22790e-1,1.62906e+0,0,0,0,0,0,0,0,0,0,0,0,0,0,0,0,0,0,0,0,0,0,0,5.29510e+0,2.02295e-1,2.05283e+1,0,0,0,0,0,2.11211e-1,1.11853e+1,0,0,0,0,0,0,1.68181e+0,2.30319e+0,5.39341e-3,8.40424e-4,0,0,0,0,4.39581e+1
"Rest South America","URY","Uruguay",1.23830e-2,5.61643e-3,2.70091e-1,3.14010e-4,3.89340e-1,0,0,1.25604e-4,3.94386e+0,1.82900e-1,3.63014e-1,0,0,0,0,0,0,2.20000e-4,0,0,0,0,0,0,0,0,0,0,0,0,0,0,0,7.75859e+2,1.47398e+1,4.90698e+1,0,0,0,0,0,1.26322e+0,0,0,0,0,0,0,0,1.84598e+1,1.60517e+1,0,0,0,0,0,0,8.80611e+2
"Rest South America","VEN","Venezuela",3.71757e-1,1.31136e+0,1.11273e+0,0,9.98586e+0,8.68761e-4,0,0,8.05511e+0,7.13552e+1,1.07552e+3,0,0,0,0,0,3.11288e+0,9.90000e-2,0,0,0,0,0,0,0,0,0,0,0,0,0,0,0,8.15412e+2,2.43666e+1,2.36243e+1,0,0,0,0,2.86200e+1,3.40074e+0,6.02120e+1,0,0,0,0,0,0,9.76951e+1,1.23688e+2,0,0,0,0,0,0,2.34794e+3
"Northern_Africa","DZA","Algeria",5.74445e-1,6.81977e-1,2.46332e-1,0,2.46963e+0,0,0,2.15202e-2,2.35583e+1,4.36445e+1,1.46829e+3,0,0,0,0,0,2.56652e-1,1.33000e-1,0,0,0,0,0,0,0,0,0,0,0,0,0,0,0,1.67591e+2,7.18544e+0,8.02605e-2,0,0,0,0,0,9.22722e-2,0,0,0,0,0,0,0,6.46895e+1,1.06341e+2,0,0,0,0,0,0,1.88586e+3
"Northern_Africa","EGY","Egypt",5.52944e-1,1.58512e-1,1.55238e+0,9.48310e-3,2.99041e+0,0,0,0,5.59260e+1,1.04798e+2,4.33878e+2,0,0,0,0,0,5.76000e-3,2.19270e-1,0,0,0,0,0,0,0,0,0,0,0,0,0,0,0,3.61638e+2,1.19291e+1,2.03251e+2,0,0,0,0,0,4.83247e-1,0,0,0,0,0,0,0,1.11160e+2,2.11835e+2,0,0,0,0,0,0,1.50039e+3
"Northern_Africa","ESH","Western Sahara",7.52925e-4,6.21297e-5,1.03116e-2,5.92764e-5,8.19657e-3,2.95480e-6,0,0,1.78074e-2,0,3.90805e-3,0,0,0,0,0,0,0,0,0,0,0,0,0,0,0,0,0,0,0,0,0,0,9.54414e+0,2.73557e-1,0,0,0,0,0,0,8.78850e-5,0,0,0,0,0,0,0,2.93749e-1,1.12946e+0,0,0,0,0,0,0,1.12821e+1
"Northern_Africa","LBY","Libyan Arab Jamahiriya",1.23770e-1,2.37436e-1,6.91659e-2,6.28019e-5,2.60104e+0,0,0,0,2.10758e+0,7.02246e+0,6.42197e+2,0,0,0,0,0,1.37280e+0,0,0,0,0,0,0,0,0,0,0,0,0,0,0,0,0,4.37232e+1,1.90272e+0,0,0,0,0,0,0,7.40605e-3,0,0,0,0,0,0,0,2.08457e+1,2.44740e+1,0,0,0,0,0,0,7.46684e+2
"Northern_Africa","MAR","Morocco",4.73829e-2,5.02416e-3,2.19765e-1,0,4.08621e-1,0,4.51337e-2,0,4.06566e+0,1.81366e+1,3.42124e+0,0,0,0,0,0,0,0,0,0,0,0,0,0,0,0,0,0,0,0,0,0,0,2.01433e+2,8.20548e+0,9.85656e-2,0,0,0,0,0,1.14974e-1,0,0,0,0,0,0,0,4.83129e+1,1.10800e+2,0,0,0,0,0,0,3.95315e+2
"Northern_Africa","TUN","Tunisia",2.30322e-1,2.99240e-3,9.09372e-2,0,4.01073e-1,0,0,1.75846e-3,8.31558e+0,1.14313e+1,7.48790e+1,0,0,0,0,0,0,1.39300e-2,0,0,0,0,0,0,0,0,0,0,0,0,0,0,0,8.47627e+1,3.50395e+0,0,0,0,0,0,0,2.88764e-2,0,0,0,0,0,0,0,2.36964e+1,3.48321e+1,0,0,0,0,0,0,2.42191e+2
"Western_Africa","BEN","Benin",7.53624e-4,0,1.13044e-3,0,2.17325e-2,0,0,0,2.14871e+1,1.51807e+1,2.13010e-1,0,0,0,0,0,0,0,0,0,0,0,0,0,0,0,0,0,0,0,0,0,0,4.21234e+1,2.34880e+0,1.45032e+0,0,0,0,0,3.73800e+1,4.33045e-1,8.43812e+1,0,0,0,0,0,0,4.86923e+0,2.57101e+1,0,0,0,0,0,0,2.35601e+2
"Western_Africa","BFA","Burkina Faso",1.51087e-3,7.77502e-5,3.81442e-1,6.28603e-4,5.75889e-2,3.70180e-6,0,0,3.84271e+1,3.56097e+1,1.24240e-2,0,0,0,0,0,0,0,0,0,0,0,0,0,0,0,0,0,0,0,0,0,0,2.32653e+2,1.06960e+1,6.15330e+0,0,0,0,0,3.52080e+1,9.04626e-1,0,0,0,0,0,0,0,3.09566e+0,3.83257e+1,0,0,0,0,0,0,4.01527e+2
"Western_Africa","CAF","Central African Republic",4.80126e-4,3.94209e-5,1.32328e-1,3.09262e-4,2.18321e-2,1.87580e-6,0,0,1.10934e+1,3.04017e+0,5.27102e-3,0,0,0,0,0,0,0,0,0,0,0,0,0,0,0,0,0,0,0,0,0,0,1.13695e+2,3.79566e+0,9.25108e-1,0,0,0,0,1.28695e+3,1.38179e-1,3.53648e+2,0,0,0,0,0,0,5.36234e+0,1.44344e+1,0,0,0,0,0,0,1.79324e+3
"Western_Africa","CIV","Cote d'Ivoire",1.48191e-2,3.19367e-3,1.82126e-2,0,2.13838e-1,3.47504e-3,1.11369e-2,0,3.62855e+1,5.71562e+1,4.98536e+0,0,0,0,0,0,0,0,0,0,0,0,0,0,0,0,0,0,0,0,0,0,0,5.56468e+1,2.66906e+0,2.41870e+1,0,0,0,0,2.08202e+1,1.17638e+0,2.87402e+2,0,0,0,0,0,0,2.61878e+1,5.84450e+1,0,0,0,0,0,0,5.75226e+2
"Western_Africa","CMR","Cameroon",1.13044e-3,0,9.05354e-1,0,3.87216e-1,0,0,0,3.23729e+1,8.04760e+0,7.20785e+1,0,0,0,0,0,0,0,0,0,0,0,0,0,0,0,0,0,0,0,0,0,0,2.01480e+2,7.45207e+0,1.40808e+0,0,0,0,0,1.35806e+2,6.46957e-1,1.39216e+2,0,0,0,0,0,0,2.67049e+1,6.23703e+1,0,0,0,0,0,0,6.88877e+2
"Western_Africa","COD","Congo_the Democratic Republic of the",5.02416e-4,2.93076e-4,3.01333e+0,0,1.48974e-1,0,0,0,2.12137e+2,1.01255e+1,4.18974e+0,0,0,0,0,0,0,0,0,0,0,0,0,0,0,0,0,0,0,0,0,0,0,4.70610e+0,2.22209e-1,6.99815e+1,0,0,0,0,9.46080e+2,3.69032e+0,2.41026e+3,0,0,0,0,0,0,5.01340e+1,1.71405e+2,0,0,0,0,0,0,3.88609e+3
"Western_Africa","COG","Congo",1.25604e-4,1.25604e-4,1.38164e-3,4.81482e-4,5.91623e-2,0,0,0,4.68605e+0,2.23138e+1,7.80885e+1,0,0,0,0,0,0,0,0,0,0,0,0,0,0,0,0,0,0,0,0,0,0,6.94816e+1,3.55813e+0,2.25293e-1,0,0,0,0,2.08145e+1,1.53637e-1,1.01007e+2,0,0,0,0,0,0,5.88127e+0,1.22422e+1,0,0,0,0,0,0,3.18513e+2
"Western_Africa","CPV","Cape Verde",3.86210e-4,3.16811e-5,1.56214e-2,6.04600e-5,7.77049e-3,1.50645e-6,0,0,4.79147e-2,4.86700e-3,2.26270e-3,0,0,0,0,0,0,0,0,0,0,0,0,0,0,0,0,0,0,0,0,0,0,1.65524e+0,7.17492e-1,0,0,0,0,0,0,1.77306e-2,0,0,0,0,0,0,0,6.57913e-1,1.78530e+0,0,0,0,0,0,0,4.91259e+0
"Western_Africa","GAB","Gabon",2.75910e-2,2.84702e-3,2.19011e-1,0,4.73021e-2,0,0,0,1.81340e+0,1.17239e+0,1.62983e+2,0,0,0,0,0,0,0,0,0,0,0,0,0,0,0,0,0,0,0,0,0,0,2.77020e+0,2.88202e-1,5.63232e-2,0,0,0,0,4.78824e-1,4.00739e-2,8.25248e+0,0,0,0,0,0,0,6.03013e+0,5.51469e+0,0,0,0,0,0,0,1.89697e+2
"Western_Africa","GHA","Ghana",6.28020e-4,1.29791e-3,4.25211e-1,0,5.62402e-1,3.12754e-3,6.44767e-3,0,7.67815e+1,4.78284e+1,2.41542e-1,0,0,0,0,0,0,0,0,0,0,0,0,0,0,0,0,0,0,0,0,0,0,6.00540e+1,2.85899e+0,1.40667e+1,0,0,0,0,9.47712e+1,9.65656e-1,2.82057e+1,0,0,0,0,0,0,2.59906e+1,7.50086e+1,0,0,0,0,0,0,4.27772e+2
"Western_Africa","GIN","Guinea",1.86497e-3,1.12386e-4,2.92673e-1,6.67220e-4,1.07320e-1,5.34935e-6,0,0,4.29387e+1,2.01190e+0,2.11623e-2,0,0,0,0,0,0,0,0,0,0,0,0,0,0,0,0,0,0,0,0,0,0,6.99421e+1,2.69818e+0,5.55066e+1,0,0,0,0,8.10456e+1,5.74608e-1,1.06100e+2,0,0,0,0,0,0,8.98334e+0,2.97247e+1,0,0,0,0,0,0,3.99950e+2
"Western_Africa","GMB","Gambia",6.58682e-4,5.52987e-5,4.33226e-2,9.92345e-5,3.49138e-2,2.63110e-6,0,0,1.85673e+0,3.71014e+0,4.22233e-3,0,0,0,0,0,0,0,0,0,0,0,0,0,0,0,0,0,0,0,0,0,0,1.34753e+1,5.21823e-1,2.16844e+0,0,0,0,0,4.26168e+0,3.17714e-2,0,0,0,0,0,0,0,1.24304e+0,4.04049e+0,0,0,0,0,0,0,3.13927e+1
"Western_Africa","GNB","Guinea-Bissau",6.42512e-4,4.44507e-5,4.63706e-2,1.69007e-4,2.16601e-2,2.11650e-6,0,0,1.74967e+0,5.21730e-2,5.54810e-3,0,0,0,0,0,0,0,0,0,0,0,0,0,0,0,0,0,0,0,0,0,0,1.72143e+1,9.18662e-1,9.84247e+0,0,0,0,0,7.49952e+0,1.16392e-1,0,0,0,0,0,0,0,1.10346e+0,4.96123e+0,0,0,0,0,0,0,4.35323e+1
"Western_Africa","GNQ","Equatorial Guinea",1.95545e-4,4.27699e-5,1.55290e-2,1.12571e-4,9.99237e-3,2.03350e-6,0,0,1.60104e+0,6.38414e-1,3.25076e+1,0,0,0,0,0,0,0,0,0,0,0,0,0,0,0,0,0,0,0,0,0,0,3.74379e-1,2.32210e-2,0,0,0,0,0,0,1.76089e-2,0,0,0,0,0,0,0,6.22806e-1,1.72976e+0,0,0,0,0,0,0,3.75407e+1
"Western_Africa","LBR","Liberia",9.02842e-4,5.75978e-5,8.32983e-2,1.53915e-4,3.46256e-2,2.73900e-6,0,0,9.77228e+0,7.70192e+0,6.89092e-3,0,0,0,0,0,0,0,0,0,0,0,0,0,0,0,0,0,0,0,0,0,0,3.45574e+0,3.01592e-1,6.81000e-1,0,0,0,0,1.02538e+0,7.21849e-2,8.56392e-2,0,0,0,0,0,0,3.22235e+0,1.02938e+1,0,0,0,0,0,0,3.67378e+1
"Western_Africa","MLI","Mali",1.29791e-3,1.08440e-4,3.93189e-1,2.23077e-4,8.28724e-2,5.16260e-6,0,0,1.77102e+1,7.42118e+0,9.83353e-3,0,0,0,0,0,0,0,0,0,0,0,0,0,0,0,0,0,0,0,0,0,0,2.81705e+2,1.08692e+1,4.32280e+1,0,0,0,0,5.25960e+1,8.53890e-1,3.35553e+1,0,0,0,0,0,0,5.54746e+0,4.25237e+1,0,0,0,0,0,0,4.96497e+2
"Western_Africa","MRT","Mauritania",5.19986e-3,3.04510e-4,9.24065e-2,1.66185e-3,3.36937e-1,1.45001e-5,0,0,5.02793e+0,9.83453e+0,6.25451e-2,0,0,0,0,0,0,0,0,0,0,0,0,0,0,0,0,0,0,0,0,0,0,1.34434e+2,6.09898e+0,1.88683e+0,0,0,0,0,7.79112e-3,1.53535e-1,0,0,0,0,0,0,0,3.07978e+0,1.09101e+1,0,0,0,0,0,0,1.71932e+2
"Western_Africa","NER","Niger",3.28226e-3,2.08583e-4,3.86593e-1,1.12041e-4,5.83658e-2,9.93095e-6,0,0,2.66453e+1,3.28689e+1,1.29730e-2,0,0,0,0,0,0,0,0,0,0,0,0,0,0,0,0,0,0,0,0,0,0,1.39379e+2,6.25207e+0,2.95697e+0,0,0,0,0,1.13009e+0,1.32735e+0,0,0,0,0,0,0,0,3.64152e+0,3.83948e+1,0,0,0,0,0,0,2.53058e+2
"Western_Africa","NGA","Nigeria",1.52719e-1,2.46670e-1,8.10053e+0,0,3.25090e+0,3.30129e-3,5.56844e-3,0,2.20025e+2,7.13812e+1,1.66211e+3,0,0,0,0,0,7.20000e-4,0,0,0,0,0,0,0,0,0,0,0,0,0,0,0,0,7.48517e+2,3.20839e+1,2.37178e+2,0,0,0,0,1.26101e+2,1.07234e+1,1.85565e+1,0,0,0,0,0,0,6.91134e+1,4.31930e+2,0,0,0,0,0,0,3.63948e+3
"Western_Africa","SEN","Senegal",8.60268e-2,2.93076e-4,1.38164e-2,0,8.00895e-2,0,7.32690e-3,0,1.98105e+1,3.02699e+1,1.93284e+0,0,0,0,0,0,0,0,0,0,0,0,0,0,0,0,0,0,0,0,0,0,0,1.40156e+2,6.32389e+0,9.71575e+0,0,0,0,0,3.19416e+1,2.57383e-1,0,0,0,0,0,0,0,1.24764e+1,4.14395e+1,0,0,0,0,0,0,2.94512e+2
"Western_Africa","SHN","Saint Helena",1.93959e-5,3.06270e-6,2.14785e-4,1.78910e-5,6.89843e-4,1.32800e-7,0,0,4.36962e-4,0,1.22045e-5,0,0,0,0,0,0,0,0,0,0,0,0,0,0,0,0,0,0,0,0,0,0,4.56296e-2,4.28006e-3,0,0,0,0,0,0,0,0,0,0,0,0,0,0,1.16992e-2,2.75517e-2,0,0,0,0,0,0,9.05548e-2
"Western_Africa","SLE","Sierra Leone",2.47431e-3,1.47387e-4,1.61190e-1,4.22117e-4,3.60579e-2,7.01765e-6,0,0,1.67761e+1,2.02608e+1,1.52740e-2,0,0,0,0,0,0,0,0,0,0,0,0,0,0,0,0,0,0,0,0,0,0,1.36256e+1,6.53257e-1,2.30973e+1,0,0,0,0,1.89473e+1,3.30651e-1,1.01762e+1,0,0,0,0,0,0,4.64890e+0,1.81178e+1,0,0,0,0,0,0,1.26849e+2
"Western_Africa","STP","Sao Tome and Principe",3.35442e-4,2.76348e-5,5.01180e-3,2.88760e-5,6.27981e-3,1.31555e-6,0,0,1.11342e-2,5.79700e-1,1.44501e-3,0,0,0,0,0,0,0,0,0,0,0,0,0,0,0,0,0,0,0,0,0,0,1.91326e-1,1.50743e-2,0,0,0,0,0,0,2.24225e-3,0,0,0,0,0,0,0,2.35436e-1,5.17480e-1,0,0,0,0,0,0,1.56552e+0
"Western_Africa","TCD","Chad",4.63662e-4,3.44242e-5,2.72456e-1,5.25154e-5,7.12445e-3,1.63925e-6,0,0,1.96007e+1,2.43641e+1,3.19634e-3,0,0,0,0,0,0,0,0,0,0,0,0,0,0,0,0,0,0,0,0,0,0,2.30723e+2,8.47459e+0,8.39215e+0,0,0,0,0,1.60774e+2,4.78912e-1,0,0,0,0,0,0,0,3.70818e+0,2.70639e+1,0,0,0,0,0,0,4.83863e+2
"Western_Africa","TGO","Togo",2.37933e-3,0,2.51208e-3,0,9.60629e-2,0,0,0,2.01724e+1,2.89896e+1,0,0,0,0,0,0,0,0,0,0,0,0,0,0,0,0,0,0,0,0,0,0,0,1.36838e+1,1.04438e+0,5.89985e+0,0,0,0,0,3.76032e+1,3.47261e-1,1.63839e+1,0,0,0,0,0,0,4.22641e+0,1.82814e+1,0,0,0,0,0,0,1.46733e+2
"Eastern_Africa","BDI","Burundi",7.34798e-4,3.80265e-5,2.38836e-1,2.61929e-4,4.11517e-2,1.80940e-6,0,0,2.41311e+1,1.90993e+1,6.91517e-3,0,0,0,0,0,0,0,0,0,0,0,0,0,0,0,0,0,0,0,0,0,0,1.78764e+1,7.11500e-1,1.40808e+0,0,0,0,0,0,3.83371e-1,0,0,0,0,0,0,0,7.04528e-1,2.33836e+1,0,0,0,0,0,0,8.79857e+1
"Eastern_Africa","COM","Comoros",1.11649e-4,1.78492e-5,2.35790e-2,8.38094e-5,6.42268e-3,8.46600e-7,0,0,5.07919e-2,2.26111e+0,1.51264e-3,0,0,0,0,0,0,0,0,0,0,0,0,0,0,0,0,0,0,0,0,0,0,2.18866e+0,1.00431e-1,1.97131e+0,0,0,0,0,0,1.21282e-2,0,0,0,0,0,0,0,5.90102e-1,2.47995e+0,0,0,0,0,0,0,9.68622e+0
"Eastern_Africa","DJI","Djibouti",1.84355e-3,1.41191e-4,2.58158e-2,2.99022e-4,2.61687e-2,6.72300e-6,0,0,1.09430e-1,3.01831e+0,2.92877e-2,0,0,0,0,0,0,0,0,0,0,0,0,0,0,0,0,0,0,0,0,0,0,1.54339e+1,6.23831e-1,0,0,0,0,0,0,1.81743e-6,0,0,0,0,0,0,0,1.23350e+0,2.80155e+0,0,0,0,0,0,0,2.33041e+1
"Eastern_Africa","ERI","Eritrea",2.62698e-3,2.93076e-4,2.13527e-3,0,3.88164e-2,0,0,0,7.41146e+0,1.05168e+1,1.66663e-1,0,0,0,0,0,0,0,0,0,0,0,0,0,0,0,0,0,0,0,0,0,0,5.86488e+1,2.06413e+0,0,0,0,0,0,2.34370e+0,8.81383e-2,0,0,0,0,0,0,0,1.04911e+0,1.34785e+1,0,0,0,0,0,0,9.58112e+1
"Eastern_Africa","ETH","Ethiopia",2.51208e-3,2.09340e-4,2.22319e-2,0,2.03712e-1,0,0,0,2.92016e+2,1.15227e+1,1.88387e-1,0,0,0,0,0,0,0,0,0,0,0,0,0,0,0,0,0,0,0,0,0,0,1.15402e+3,4.35980e+1,0,0,0,0,0,2.50584e+2,6.30203e+0,0,0,0,0,0,0,0,1.39524e+1,2.20631e+2,0,0,0,0,0,0,1.99305e+3
"Eastern_Africa","KEN","Kenya",4.22164e-1,8.47877e-3,6.94591e-2,9.79710e-3,4.25649e-1,6.25507e-3,5.86152e-4,0,8.22059e+1,1.92136e+2,4.82589e-1,0,0,0,0,0,0,0,0,0,0,0,0,0,0,0,0,0,0,0,0,0,0,6.03585e+2,1.89754e+1,1.54889e+0,0,0,0,0,4.27560e+0,1.11254e+0,0,0,0,0,0,0,0,1.17694e+1,1.15188e+2,0,0,0,0,0,0,1.03222e+3
"Eastern_Africa","MDG","Madagascar",3.59038e-3,2.89184e-4,5.41141e-1,8.06966e-4,1.17159e-1,1.37697e-5,0,0,3.55212e+1,5.13949e+1,2.29658e-2,0,0,0,0,0,0,0,0,0,0,0,0,0,0,0,0,0,0,0,0,0,0,3.59913e+2,1.27936e+1,1.87915e+2,0,0,0,0,6.08760e+1,8.88258e-1,3.93638e+1,1.06210e-1,0,0,0,0,0,8.70054e+0,5.56346e+1,0,0,0,0,0,0,8.13793e+2
"Eastern_Africa","MUS","Mauritius",4.59093e-3,3.70969e-4,4.62663e-2,2.88579e-4,9.39947e-2,1.76624e-5,0,0,3.86857e-1,9.14500e-2,4.19866e-2,0,0,0,0,0,0,0,0,0,0,0,0,0,0,0,0,0,0,0,0,0,0,1.58263e+0,1.92643e-1,0,0,0,0,0,0,1.02151e-1,0,0,0,0,0,0,0,2.89664e+0,5.06564e+0,0,0,0,0,0,0,1.05055e+1
"Eastern_Africa","MYT","Mayotte",0,0,0,0,0,0,0,0,0,0,0,0,0,0,0,0,0,0,0,0,0,0,0,0,0,0,0,0,0,0,0,0,0,0,0,0,0,0,0,0,0,0,0,0,0,0,0,0,0,1.72250e-1,3.62318e-1,0,0,0,0,0,0,5.34568e-1
"Eastern_Africa","REU","Reunion",3.82397e-3,2.77241e-4,2.72170e-2,1.11919e-3,1.29379e-1,1.32011e-5,0,0,2.51599e-1,0,3.59360e-2,0,0,0,0,0,0,0,0,0,0,0,0,0,0,0,0,0,0,0,0,0,0,1.49494e+0,3.47287e-1,5.63232e-3,0,0,0,0,0,3.85599e-2,0,0,0,0,0,0,0,3.42919e+0,3.83937e+0,0,0,0,0,0,0,9.60435e+0
"Eastern_Africa","RWA","Rwanda",2.07026e-3,1.41474e-4,2.11356e-1,4.58577e-4,5.33068e-2,6.73545e-6,0,0,1.85867e+1,1.18705e+0,1.17044e-1,0,0,0,0,0,0,0,0,0,0,0,0,0,0,0,0,0,0,0,0,0,0,1.90577e+1,7.24446e-1,8.87089e-2,0,0,0,0,2.11699e+0,2.43002e-1,0,0,0,0,0,0,0,7.44964e-1,3.07950e+1,0,0,0,0,0,0,7.39290e+1
"Eastern_Africa","SDN","Sudan",4.31674e-3,2.09340e-4,1.47342e+0,0,3.43501e-1,0,0,0,7.57819e+1,2.15273e+2,3.11319e+0,0,0,0,0,0,0,0,0,0,0,0,0,0,0,0,0,0,0,0,0,0,0,1.44156e+3,5.34464e+1,2.29517e-1,0,0,0,0,6.60600e+2,1.61586e+0,0,0,0,0,0,0,0,4.19104e+1,1.30076e+2,0,0,0,0,0,0,2.62543e+3
"Eastern_Africa","SOM","Somalia",7.47322e-4,9.31966e-5,2.44779e-1,3.68741e-4,4.58673e-2,4.43635e-6,0,0,2.73453e+1,4.66634e+1,1.05073e-2,0,0,0,0,0,0,0,0,0,0,0,0,0,0,0,0,0,0,0,0,0,0,5.17328e+2,2.25179e+1,1.68969e-1,0,0,0,0,7.41096e-3,1.37502e-1,0,0,0,0,0,0,0,4.33673e+0,3.15471e+1,0,0,0,0,0,0,6.50355e+2
"Eastern_Africa","SYC","Seychelles",2.01868e-3,1.69457e-4,3.52350e-3,2.44000e-7,1.22636e-2,8.06760e-6,0,0,1.83795e-2,0,9.23366e-3,0,0,0,0,0,0,0,0,0,0,0,0,0,0,0,0,0,0,0,0,0,0,1.36851e-1,5.92947e-2,0,0,0,0,0,0,5.05440e-6,0,0,0,0,0,0,0,3.07540e-1,3.62244e-1,0,0,0,0,0,0,9.11531e-1
"Eastern_Africa","UGA","Uganda",2.53942e-3,2.13206e-4,8.09591e-1,3.57003e-4,1.00737e-1,1.01509e-5,0,0,1.16216e+2,5.87850e+1,1.93252e-2,0,0,0,0,0,0,0,0,0,0,0,0,0,0,0,0,0,0,0,0,0,0,2.27170e+2,8.10955e+0,7.74443e+0,0,0,0,0,1.18238e+2,1.83522e+0,0,0,0,0,0,0,0,4.18588e+0,7.39506e+1,0,0,0,0,0,0,6.17168e+2
"Southern_Africa","AGO","Angola",3.01450e-4,4.43801e-3,1.57209e-1,0,2.03250e-1,0,0,0,1.49969e+1,6.68499e+1,3.05911e+2,0,0,0,0,0,0,0,0,0,0,0,0,0,0,0,0,0,0,0,0,0,0,1.32404e+2,4.21916e+0,1.83050e+0,0,0,0,0,4.26144e+2,2.03552e-1,4.24586e+0,0,0,0,0,0,0,1.20928e+1,5.07591e+1,0,0,0,0,0,0,1.02002e+3
"Southern_Africa","BWA","Botswana",4.87252e-3,2.48577e-4,7.13949e-2,6.62616e-5,1.56613e-1,1.18358e-5,0,0,4.21290e+0,1.66513e+1,2.07349e-2,0,0,0,0,0,0,0,0,0,0,0,0,0,0,0,0,0,0,0,0,0,0,1.25394e+2,3.42312e+0,0,0,0,0,0,9.58872e+1,4.26898e-2,0,2.52504e+0,0,0,0,0,0,2.86091e+0,7.29711e+0,0,0,0,0,0,0,2.58548e+2
"Southern_Africa","LSO","Lesotho",3.12785e-4,2.62612e-5,6.56360e-2,1.74329e-4,2.30230e-2,1.24915e-6,0,0,5.31724e+0,6.41889e+0,3.29147e-3,0,0,0,0,0,0,0,0,0,0,0,0,0,0,0,0,0,0,0,0,0,0,3.39687e+1,7.25848e-1,0,0,0,0,0,0,2.07249e-2,0,1.60908e+0,0,0,0,0,0,1.02830e+0,7.21119e+0,0,0,0,0,0,0,5.63924e+1
"Southern_Africa","MOZ","Mozambique",8.18646e-4,0,5.99007e-1,0,8.35989e-2,0,6.74075e-3,0,6.25000e+1,2.97021e+1,0,0,0,0,0,0,0,0,0,0,0,0,0,0,0,0,0,0,0,0,0,0,0,4.83711e+1,1.99504e+0,1.83050e+1,0,0,0,0,2.33093e+2,1.54470e+0,2.92305e+1,4.19232e+0,0,0,0,0,0,7.90889e+0,7.23121e+1,0,0,0,0,0,0,5.09845e+2
"Southern_Africa","MWI","Malawi",2.04150e-3,1.59505e-4,3.92114e-1,3.37663e-4,9.68494e-2,7.59450e-6,0,0,1.93341e+1,3.27995e+1,1.34871e-2,0,0,0,0,0,0,0,0,0,0,0,0,0,0,0,0,0,0,0,0,0,0,3.77701e+1,1.51433e+0,4.68891e+0,0,0,0,0,4.48608e+1,1.20225e+0,0,0,0,0,0,0,0,2.51493e+0,3.92860e+1,0,0,0,0,0,0,1.84476e+2
"Southern_Africa","NAM","Namibia",6.06106e-4,0,3.34944e-4,7.53623e-4,1.94574e-1,0,6.44767e-3,0,4.10428e-1,3.74096e+0,0,0,0,0,0,0,0,0,0,0,0,0,0,0,0,0,0,0,0,0,0,0,0,1.18046e+2,2.93160e+0,0,0,0,0,0,2.45880e+1,5.71240e-2,0,0,0,0,0,0,0,2.34318e+0,5.29385e+0,0,0,0,0,0,0,1.57614e+2
"Southern_Africa","SWZ","Swaziland",7.67911e-4,1.06514e-4,3.87706e-2,1.56127e-4,6.27606e-2,5.07130e-6,0,0,2.52328e+0,2.36424e+0,9.71792e-3,0,0,0,0,0,0,0,0,0,0,0,0,0,0,0,0,0,0,0,0,0,0,3.09992e+1,7.84408e-1,2.81616e-2,0,0,0,0,0,9.27168e-2,0,0,0,0,0,0,0,1.15601e+0,1.66883e+1,0,0,0,0,0,0,5.47486e+1
"Southern_Africa","TZA","Tanzania_United Republic of",1.96110e-2,6.69888e-4,1.11059e+0,0,1.73236e-1,0,0,0,8.16847e+1,4.74234e+1,1.65046e-1,0,0,0,0,0,0,0,0,0,0,0,0,0,0,0,0,0,0,0,0,0,0,5.58294e+2,1.90878e+1,5.54783e+1,0,0,0,0,3.17568e+2,3.83575e+0,9.04468e+1,0,0,0,0,0,0,1.02216e+1,1.27364e+2,0,0,0,0,0,0,1.31287e+3
"Southern_Africa","ZAF","South Africa",1.23447e+0,5.31724e-2,4.76452e+0,1.09694e-2,8.82637e+0,4.04613e-2,0,1.00483e-3,8.27078e+1,1.06742e+3,5.70160e+1,0,0,0,0,0,9.35300e-2,2.49387e+0,0,0,0,0,0,0,0,0,0,0,0,0,0,0,0,8.27312e+2,2.15650e+1,1.83050e-1,0,0,0,0,1.29797e+1,1.73933e+0,5.28912e+0,9.50784e+1,0,0,0,0,0,1.94945e+2,2.47404e+2,0,0,0,0,0,0,2.63116e+3
"Southern_Africa","ZMB","Zambia",1.02577e-3,2.00966e-3,8.45271e-1,0,1.69742e-1,3.82255e-3,0,0,3.03070e+1,6.22264e+1,1.54407e-1,0,0,0,0,0,0,0,0,0,0,0,0,0,0,0,0,0,0,0,0,0,0,9.18182e+1,3.24313e+0,1.37288e+0,0,0,0,0,6.31512e+2,2.08146e-1,2.81568e+2,0,0,0,0,0,0,8.77988e+0,3.49606e+1,0,0,0,0,0,0,1.14717e+3
"Southern_Africa","ZWE","Zimbabwe",5.68509e-2,1.04670e-3,2.72226e-1,0,4.96464e-1,1.80033e-3,0,0,2.97114e+1,2.58367e+1,6.90000e-5,0,0,0,0,0,0,3.35580e-1,0,0,0,0,0,0,0,0,0,0,0,0,0,0,0,2.10102e+2,5.73298e+0,2.81616e-2,0,0,0,0,6.40872e+1,3.39848e-1,0,0,0,0,0,0,0,1.00643e+1,4.43501e+1,0,0,0,0,0,0,3.91417e+2
"OECD_Europe","AUT","Austria",1.04837e+0,1.14290e-1,1.09327e+0,5.23350e-4,2.52477e+0,8.16637e-3,1.75846e-3,4.06120e-3,3.57202e+1,9.08644e+0,4.57515e+1,0,0,0,0,0,1.15830e-1,2.49620e-1,0,0,0,0,0,0,0,0,0,0,0,0,0,0,0,1.69217e+2,5.31365e+1,0,0,0,0,0,0,3.60055e-1,0,1.38751e+0,0,0,0,0,0,9.02814e+1,4.05648e+1,2.85000e-3,4.60640e+0,0,0,0,0,4.55275e+2
"OECD_Europe","BEL","Belgium",9.73081e-1,1.07658e-1,1.32575e+0,1.44445e-3,4.58507e+0,1.37264e-2,7.56136e-2,0,1.33884e+1,1.20251e+1,6.76248e+1,0,0,0,0,0,2.31516e-1,7.27500e-1,0,0,0,0,0,0,0,0,0,0,0,0,0,0,0,2.30304e+2,9.02892e+1,0,0,0,0,0,0,2.55550e-1,0,3.11688e-1,0,0,0,0,0,6.60558e+1,8.43122e+1,2.26655e+0,4.06564e+0,0,0,0,0,5.78940e+2
"OECD_Europe","CHE","Switzerland",4.88016e-1,1.04487e-2,5.92883e-1,1.92593e-3,2.92219e+0,1.73752e-3,1.75846e-3,0,8.31038e+0,5.07648e-1,3.53613e+1,0,0,0,0,0,7.07996e-2,0,0,0,0,0,0,0,0,0,0,0,0,0,0,0,0,1.31121e+2,3.42538e+1,0,0,0,0,0,0,1.09111e-1,3.15005e+0,0,0,0,0,0,0,3.66339e+1,1.21466e+1,1.20190e-5,1.61598e+0,0,0,0,0,2.67299e+2
"OECD_Europe","DEU","Germany",6.92764e+0,6.42511e-1,4.61168e+0,2.64605e-2,3.07075e+1,1.29948e-1,1.66174e-1,2.84702e-3,8.43948e+1,7.79430e+2,3.55346e+2,0,0,0,0,0,3.86341e+0,2.04136e+0,0,0,0,0,0,0,0,0,0,0,0,0,0,0,0,1.23083e+3,3.64902e+2,0,0,0,0,0,0,3.28728e+0,0,1.93882e+0,0,0,0,0,0,1.39217e+3,1.46553e+2,0,2.06732e-2,0,0,0,0,4.40800e+3
"OECD_Europe","DNK","Denmark",1.33370e+0,5.70820e-2,4.08383e-1,1.23511e-3,2.51964e+0,1.72015e-2,5.39260e-2,1.04251e-2,9.26265e+0,2.13816e-1,2.56849e+1,0,0,0,0,0,0,0,0,0,0,0,0,0,0,0,0,0,0,0,0,0,0,1.62600e+2,9.89488e+1,0,0,0,0,0,0,7.74555e-1,0,0,0,0,0,0,0,7.78138e+1,8.61722e+0,0,2.21115e+0,0,0,0,0,3.90529e+2
"OECD_Europe","ESP","Spain",1.01143e+0,2.48619e-1,3.23270e+0,2.33623e-2,1.62302e+1,5.12571e-2,5.59483e-1,0,4.18245e+1,1.29442e+2,3.62753e+1,0,0,0,0,0,7.79237e-1,5.42452e-1,0,0,0,0,0,0,0,0,0,0,0,0,0,0,0,5.68468e+2,2.71124e+2,1.36087e+1,0,0,0,0,0,1.13366e+0,0,2.31094e+1,0,0,0,0,0,3.14254e+2,1.19740e+2,3.41927e-1,1.36978e+1,0,0,0,0,1.55570e+3
"OECD_Europe","FIN","Finland",1.78680e+0,5.70482e-2,4.09161e+0,2.57488e-3,2.97163e+0,1.09464e-2,3.95651e-2,4.60548e-4,1.87728e+1,2.96638e+0,5.07084e+0,0,0,0,0,0,8.33289e-2,4.56286e-1,0,0,0,0,0,0,0,0,0,0,0,0,0,0,0,8.23948e+1,2.35439e+1,0,0,0,0,0,0,2.52944e-1,5.58288e-1,7.61616e-2,0,0,0,0,0,1.45269e+2,1.96486e+2,0,9.68000e-1,0,0,0,0,4.85859e+2
"OECD_Europe","FRA","France",2.20294e+0,4.14947e-1,4.45829e+0,1.85266e-2,2.80741e+1,6.86320e-2,9.08536e-2,0,1.75701e+2,5.19939e+1,6.73175e+2,0,0,0,0,0,1.57883e+0,2.08562e+0,0,0,0,0,0,0,0,0,0,0,0,0,0,0,0,1.46311e+3,3.84749e+2,6.29244e+0,0,0,0,0,0,4.79081e+0,0,1.31414e+0,0,0,0,0,0,5.23992e+2,1.86050e+2,1.40313e+1,1.03332e+1,0,0,0,0,3.53452e+3
"OECD_Europe","FRO","Faroe Islands",0,0,0,0,0,0,0,0,0,0,0,0,0,0,0,0,0,0,0,0,0,0,0,0,0,0,0,0,0,0,0,0,0,6.13384e-1,2.49390e-2,0,0,0,0,0,0,9.69408e-6,0,0,0,0,0,0,0,9.32419e-1,4.24527e-2,1.86546e-2,1.89171e-2,0,0,0,0,1.65078e+0
"OECD_Europe","GBR","United Kingdom",3.06675e+0,1.04367e+0,3.34436e+0,2.89308e-2,3.04086e+1,1.08595e-1,3.34399e-1,0,6.99784e+1,3.41991e+2,7.61927e+2,0,0,0,0,0,2.27103e+0,9.67750e-1,0,0,0,0,0,0,0,0,0,0,0,0,0,0,0,1.12283e+3,2.05982e+2,0,0,0,0,0,0,1.93994e+0,0,1.30903e+0,0,0,0,0,0,2.29655e+3,1.03914e+2,3.25019e+0,3.14111e+0,0,0,0,0,4.95439e+3
"OECD_Europe","GIB","Gibraltar",0,0,0,0,3.32683e-2,0,0,0,0,0,0,0,0,0,0,0,0,0,0,0,0,0,0,0,0,0,0,0,0,0,0,0,0,0,0,0,0,0,0,0,0,0,0,0,0,0,0,0,0,1.91616e-1,2.47353e-2,5.29873e-3,5.68380e-3,0,0,0,0,2.60602e-1
"OECD_Europe","GRC","Greece",3.75855e-1,5.78314e-2,8.25169e-1,8.58295e-3,6.73542e+0,7.90259e-3,1.61778e-1,0,1.27704e+1,5.10655e+1,6.51867e+0,0,0,0,0,0,3.36600e-3,0,0,0,0,0,0,0,0,0,0,0,0,0,0,0,0,1.39092e+2,2.94916e+1,6.51717e+0,0,0,0,0,0,4.34077e-1,8.57040e-2,2.37986e+0,0,0,0,0,0,9.56888e+1,1.48425e+1,1.56000e-4,1.35210e-1,0,0,0,0,3.67198e+2
"OECD_Europe","GRL","Greenland",0,0,0,0,0,0,0,0,0,0,0,0,0,0,0,0,0,0,0,0,0,0,0,0,0,0,0,0,0,0,0,0,0,1.76000e-1,2.99675e-3,0,0,0,0,0,0,0,0,0,0,0,0,0,0,8.13649e-1,2.06535e-1,8.46968e-3,9.05320e-3,0,0,0,0,1.21670e+0
"OECD_Europe","IRL","Ireland",1.73534e-1,2.99333e-3,2.38572e-1,3.55878e-4,1.64489e+0,8.68761e-3,8.20613e-3,0,1.45244e+1,7.27678e-1,3.52076e+1,0,0,0,0,0,0,0,0,0,0,0,0,0,0,0,0,0,0,0,0,0,0,4.65158e+2,7.20863e+1,0,0,0,0,0,0,1.47849e-1,0,1.25717e-1,0,0,0,0,0,9.15676e+1,8.43516e+0,0,3.02019e-1,0,0,0,0,6.90360e+2
"OECD_Europe","ISL","Iceland",2.76329e-3,0,3.63645e-2,2.09340e-4,1.85324e-1,0,3.22383e-3,0,7.55738e-2,0,0,0,0,0,0,0,0,7.85510e-2,0,0,0,0,0,0,0,0,0,0,0,0,0,0,0,9.36273e+0,1.42839e+0,0,0,0,0,0,0,6.53916e-5,0,0,0,0,0,0,0,4.13843e+0,4.73276e-1,4.03275e-2,4.89272e-3,0,0,0,0,1.58301e+1
"OECD_Europe","ITA","Italy",1.30185e+0,3.28582e-1,2.58975e+0,7.36876e-3,4.02252e+1,3.45767e-2,1.34229e-1,1.20580e-2,2.39034e+1,1.14490e+1,3.21014e+2,0,0,0,0,0,9.59044e-1,1.01694e+0,0,0,0,0,0,0,0,0,0,0,0,0,0,0,0,5.93290e+2,2.11619e+2,5.96783e+1,0,0,0,0,0,1.76145e+0,5.36688e-1,6.75744e+0,0,0,0,0,0,8.03964e+2,1.16471e+2,6.66622e+0,1.00770e+1,0,0,0,0,2.21380e+3
"OECD_Europe","LUX","Luxembourg",3.73471e-2,0,1.09883e-1,0,5.82092e-1,3.47504e-4,0,0,7.77300e-2,0,4.02872e+0,0,0,0,0,0,0,1.38460e-1,0,0,0,0,0,0,0,0,0,0,0,0,0,0,0,1.49032e+1,3.56921e+1,0,0,0,0,0,0,1.09369e-2,0,3.00456e-1,0,0,0,0,0,3.14007e+0,4.11983e-1,0,5.08968e-2,0,0,0,0,5.94842e+1
"OECD_Europe","NLD","Netherlands",1.90157e+0,3.57139e-1,4.70869e-1,2.42835e-3,6.02219e+0,7.47133e-3,5.09952e-2,0,7.71842e+0,3.95420e+0,2.93063e+2,0,0,0,0,0,3.32057e+0,2.91130e-1,0,0,0,0,0,0,0,0,0,0,0,0,0,0,0,3.68156e+2,1.73302e+2,0,0,0,0,0,0,2.15477e-1,0,2.02834e-2,0,0,0,0,0,4.99771e+2,4.17438e+1,0,1.62500e+0,0,0,0,0,1.40199e+3
"OECD_Europe","NOR","Norway",1.95272e-1,4.75805e-1,9.78193e-1,4.37520e-3,2.48024e+0,5.56009e-3,1.92258e-1,0,9.91702e+0,5.24389e+0,4.27093e+2,0,0,0,0,0,2.45698e+0,1.25070e+0,0,0,0,0,0,0,0,0,0,0,0,0,0,0,0,9.16148e+1,1.72667e+1,0,0,0,0,0,0,9.38627e-2,0,0,0,0,0,0,0,1.49236e+2,5.36361e+1,1.12786e+1,9.00916e-1,0,0,0,0,7.74320e+2
"OECD_Europe","PRT","Portugal",2.73006e-1,7.15254e-2,1.98760e+0,2.57488e-3,3.66904e+0,9.73013e-3,1.40676e-2,0,2.00940e+1,1.57230e+0,3.76384e+0,0,0,0,0,0,9.51071e-2,3.13600e-2,0,0,0,0,0,0,0,0,0,0,0,0,0,0,0,1.47710e+2,5.52538e+1,5.41849e+0,0,0,0,0,0,1.35909e-1,0,2.64456e+0,0,0,0,0,0,2.08518e+2,5.08161e+1,4.72128e-1,8.20400e-1,0,0,0,0,5.03374e+2
"OECD_Europe","SWE","Sweden",2.74943e+0,4.46952e-2,5.85297e+0,5.69405e-3,5.31804e+0,6.95009e-3,3.04798e-2,0,1.70117e+1,3.24027e+0,2.51623e+1,0,0,0,0,0,2.31114e-1,2.45124e-1,0,0,0,0,0,0,0,0,0,0,0,0,0,0,0,1.29238e+2,3.52154e+1,0,0,0,0,0,0,3.74689e-1,5.61984e-1,2.23726e-1,0,0,0,0,0,1.17337e+2,2.07879e+2,5.60225e-2,9.33384e-1,0,0,0,0,5.51718e+2
"Central Europe","ALB","Albania",0,2.42834e-3,2.00129e-2,0,2.17571e-1,0,0,0,1.09894e+1,3.63104e-1,1.10473e+1,0,0,0,0,0,0,4.72846e-2,0,0,0,0,0,0,0,0,0,0,0,0,0,0,0,8.76540e+1,1.16901e+1,0,0,0,0,0,0,2.02681e-1,0,6.35424e-1,0,0,0,0,0,3.65334e+0,5.30463e+0,1.18215e-2,5.04616e-3,0,0,0,0,1.31844e+2
"Central Europe","BGR","Bulgaria",3.46403e-1,2.20477e-2,3.10956e-1,4.18681e-5,1.62908e+0,1.27195e-2,1.17230e-3,1.25604e-4,1.21925e+1,3.33766e+1,7.47400e+0,0,0,0,0,0,1.96436e-1,1.82675e-1,0,0,0,0,0,0,0,0,0,0,0,0,0,0,0,9.50193e+1,1.92322e+1,3.44586e-1,0,0,0,0,0,1.89121e+0,0,1.46146e+0,0,0,0,0,0,4.36450e+2,3.57877e+1,0,0,0,0,0,0,6.45931e+2
"Central Europe","BIH","Bosnia and Herzegovina",7.56973e-3,0,1.26023e-2,8.16425e-4,2.20642e-1,6.95009e-4,0,0,6.64843e+0,9.81268e+0,2.49213e+0,0,0,0,0,0,9.25430e-4,1.32000e-3,0,0,0,0,0,0,0,0,0,0,0,0,0,0,0,4.18948e+1,6.77452e+0,0,0,0,0,0,0,1.97132e-1,0,0,0,0,0,0,0,4.57517e+0,6.57652e+0,1.22436e-2,7.39836e-3,0,0,0,0,7.92356e+1
"Central Europe","CYP","Cyprus",4.80249e-4,1.53856e-3,7.00033e-2,0,2.30702e-1,0,0,0,1.32512e-1,3.65800e-1,2.19245e-1,0,0,0,0,0,0,0,0,0,0,0,0,0,0,0,0,0,0,0,0,0,0,8.48269e+0,3.92089e+0,0,0,0,0,0,0,1.20108e-2,0,0,0,0,0,0,0,8.02219e+0,3.46972e+0,0,0,0,0,0,0,2.49278e+1
"Central Europe","CZE","Czech Republic",7.54578e-1,4.42260e-2,1.69983e+0,0,2.53569e+0,0,0,6.69888e-4,5.83077e+1,1.05823e+2,1.25200e+1,0,0,0,0,0,2.10828e-1,4.54160e-1,0,0,0,0,0,0,0,0,0,0,0,0,0,0,0,1.98504e+2,3.60779e+1,0,0,0,0,0,0,2.01047e+0,0,3.95568e+0,0,0,0,0,0,8.97625e+1,4.13479e+1,0,4.50208e-1,0,0,0,0,5.54459e+2
"Central Europe","EST","Estonia",1.75230e-1,1.16811e-3,1.47957e-1,2.09339e-5,3.98648e-1,5.99131e-3,1.17230e-3,0,7.54952e+0,1.09086e+1,1.32463e+1,0,0,0,0,0,0,0,0,0,0,0,0,0,0,0,0,0,0,0,0,0,0,3.47346e+1,6.01541e+0,2.08749e+0,0,0,0,0,0,1.56126e-1,0,0,0,0,0,0,0,1.90155e+1,5.98792e+0,0,3.74840e-2,0,0,0,0,1.00469e+2
"Central Europe","HRV","Croatia",5.28736e-2,7.49740e-2,9.05982e-2,6.28019e-4,9.28050e-1,5.90756e-3,9.96460e-3,3.39132e-3,9.25278e+0,1.16953e+0,7.61804e+1,0,0,0,0,0,6.00051e-2,7.26891e-2,0,0,0,0,0,0,0,0,0,0,0,0,0,0,0,4.64217e+1,1.19040e+1,0,0,0,0,0,0,7.51689e-1,0,8.55432e-1,0,0,0,0,0,2.12505e+1,1.68679e+1,0,0,0,0,0,0,1.85953e+2
"Central Europe","HUN","Hungary",3.46822e-1,4.10011e-2,3.11950e-1,0,2.27748e+0,1.82440e-2,2.93076e-4,0,2.25254e+1,1.79090e+1,4.11345e+1,0,0,0,0,0,9.26356e-2,1.20870e-1,0,0,0,0,0,0,0,0,0,0,0,0,0,0,0,1.06703e+2,3.23170e+1,1.05124e+0,0,0,0,0,0,3.13104e+0,0,1.28045e+0,0,0,0,0,0,9.16245e+1,3.52507e+1,3.39000e-2,0,0,0,0,0,3.56170e+2
"Central Europe","LTU","Lithuania",6.70515e-2,1.31633e-2,8.96164e-2,0,1.02685e+0,1.40739e-2,2.93076e-4,0,1.54718e+1,1.73910e-2,6.19190e+1,0,0,0,0,0,8.96333e-2,0,0,0,0,0,0,0,0,0,0,0,0,0,0,0,0,9.44981e+1,1.67248e+1,0,0,0,0,0,0,6.18190e-1,0,1.06368e+0,0,0,0,0,0,4.37921e+1,1.01185e+1,8.43081e-4,0,0,0,0,0,2.45525e+2
"Central Europe","LVA","Latvia",2.34821e-1,4.60548e-4,1.26025e-1,0,9.13401e-1,1.37264e-2,0,0,2.91868e+1,1.09740e-1,3.24105e+1,0,0,0,0,0,0,0,0,0,0,0,0,0,0,0,0,0,0,0,0,0,0,5.16495e+1,7.74053e+0,0,0,0,0,0,0,2.38370e-1,0,1.65293e-1,0,0,0,0,0,2.25883e+1,4.89678e+0,2.85475e-4,0,0,0,0,0,1.50274e+2
"Central Europe","MKD","Macedonia, the former Yugoslav Republic of",5.96619e-2,0,5.52364e-2,0,3.15322e-1,6.95009e-4,0,0,6.47833e+0,8.33873e+0,3.22995e-2,0,0,0,0,0,1.07995e-2,2.17415e-2,0,0,0,0,0,0,0,0,0,0,0,0,0,0,0,3.61835e+1,4.78975e+0,3.14622e-1,0,0,0,0,0,2.15376e-1,0,4.62576e-1,0,0,0,0,0,4.81641e+0,7.62380e+0,1.44462e-2,5.61416e-3,0,0,0,0,6.97389e+1
"Central Europe","MLT","Malta",1.92543e-3,0,0,0,1.78519e-1,0,0,0,1.21417e-2,0,0,0,0,0,0,0,0,0,0,0,0,0,0,0,0,0,0,0,0,0,0,0,0,1.52398e+0,7.25377e-1,0,0,0,0,0,0,9.47188e-4,0,0,0,0,0,0,0,7.10663e+0,4.15097e-1,0,0,0,0,0,0,9.96462e+0
"Central Europe","POL","Poland",1.49673e+0,2.18281e-1,4.09901e+0,0,7.12144e+0,4.90754e-2,5.56844e-3,0,2.86622e+2,2.34687e+3,1.71605e+2,0,0,0,0,0,2.96917e-1,8.08937e-1,0,0,0,0,0,0,0,0,0,0,0,0,0,0,0,6.31469e+2,1.41219e+2,0,0,0,0,0,0,6.70741e+0,0,2.71320e+0,0,0,0,0,0,3.39404e+2,1.07726e+2,2.62152e-1,5.11600e-1,0,0,0,0,4.04920e+3
"Central Europe","ROU","Romania",8.26188e-1,2.88198e-1,1.18816e+0,4.18681e-5,1.71775e+0,5.67523e-2,3.04800e-2,1.50725e-3,3.75575e+1,6.90471e+1,5.87121e+2,0,0,0,0,0,7.91027e-1,5.61845e-1,0,0,0,0,0,0,0,0,0,0,0,0,0,0,0,3.88205e+2,8.07070e+1,1.54065e+0,0,0,0,0,0,5.61829e+0,0,0,0,0,0,0,0,1.11889e+2,6.57000e+1,1.63104e-2,0,0,0,0,0,1.35286e+3
"Central Europe","SCG","Serbia and Montenegro",3.63510e-1,0,1.33391e-1,0,7.05191e-1,0,0,0,2.87802e+1,6.11187e+1,8.35843e+1,0,0,0,0,0,4.05824e-2,1.26000e-1,0,0,0,0,0,0,0,0,0,0,0,0,0,0,0,1.95389e+2,4.61234e+1,0,0,0,0,0,0,2.52689e+0,0,0,0,0,0,0,0,1.43807e+1,2.64371e+1,4.36949e-2,1.60195e-2,0,0,0,0,4.59769e+2
"Central Europe","SVK","Slovakia",2.46777e-1,1.64429e-1,3.80113e-1,0,7.84177e-1,0,0,0,2.62397e+0,5.75997e+0,3.64948e+1,0,0,0,0,0,9.13589e-2,3.73336e-1,0,0,0,0,0,0,0,0,0,0,0,0,0,0,0,8.66666e+1,1.66177e+1,0,0,0,0,0,0,1.04821e+0,0,3.76560e-1,0,0,0,0,0,3.05102e+1,2.94000e+1,0,1.41600e-1,0,0,0,0,2.11680e+2
"Central Europe","SVN","Slovenia",6.04237e-2,9.50297e-4,1.40978e-1,2.09339e-5,1.59577e+0,2.43253e-3,0,0,7.44097e+0,3.11268e+1,2.64389e+0,0,0,0,0,0,2.33260e-1,3.39636e-2,0,0,0,0,0,0,0,0,0,0,0,0,0,0,0,4.59360e+1,7.08245e+0,0,0,0,0,0,0,1.29115e-1,0,0,0,0,0,0,0,1.97784e+1,1.02702e+1,0,5.80772e-6,0,0,0,0,1.26476e+2
"Turkey","TUR","Turkey",1.16659e+0,8.10964e-2,1.36466e+0,1.92592e-2,6.22885e+0,4.37374e-2,6.41836e-2,1.29791e-3,1.36477e+2,1.70778e+2,7.10021e+1,0,0,0,0,0,4.80239e-1,3.96906e-1,0,0,0,0,0,0,0,0,0,0,0,0,0,0,0,9.12595e+2,1.92247e+2,1.77673e+1,0,0,0,0,0,2.96651e+1,0,1.82503e+0,0,0,0,0,0,4.65739e+2,3.05571e+2,0,7.69020e-1,0,0,0,0,2.31428e+3
"Ukraine +","BLR","Belarus",6.16854e-1,1.92593e-2,1.51604e-1,0,1.25193e+0,6.18368e-2,6.15460e-3,2.55394e-3,2.30048e+1,8.91870e-2,2.05872e+1,0,0,0,0,0,4.80517e-2,0,0,0,0,0,0,0,0,0,0,0,0,0,0,0,0,4.24373e+2,6.56669e+1,0,0,0,0,0,0,1.64886e+0,0,1.41401e-2,0,0,0,0,0,1.42958e+2,2.59468e+1,0,8.24060e-2,0,0,0,0,7.06529e+2
"Ukraine +","MDA","Moldova, Republic of",7.32845e-2,0,2.37412e-2,0,2.34533e-1,5.12257e-3,0,2.42834e-3,3.21246e+0,5.36300e-3,6.94225e+1,0,0,0,0,0,0,0,0,0,0,0,0,0,0,0,0,0,0,0,0,0,0,7.32694e+1,1.52173e+1,0,0,0,0,0,0,8.39331e-1,0,2.86872e-2,0,0,0,0,0,6.07281e+0,1.55315e+1,1.52442e-2,5.23272e-3,0,0,0,0,1.83959e+2
"Ukraine +","UKR","Ukraine",2.54581e+0,3.50599e-1,2.96442e+0,6.28019e-5,6.21398e+0,6.44620e-2,0,1.28702e-1,8.33701e+1,5.35695e+2,2.12279e+3,0,0,0,0,0,6.18022e-1,3.52570e+0,0,0,0,0,0,0,0,0,0,0,0,0,0,0,0,1.46653e+3,2.45815e+2,7.81763e+0,0,0,0,0,0,1.11348e+1,0,5.88072e-1,0,0,0,0,0,3.10174e+2,1.39202e+2,0,3.18321e-1,0,0,0,0,4.93985e+3
"Asia-Stan","KAZ","Kazakhstan",5.45497e-1,2.20284e-1,4.50798e+0,3.80700e-3,2.00129e+0,5.61221e-2,1.17230e-3,0,4.94368e+0,5.50796e+2,3.90755e+2,0,0,0,0,0,9.90900e-3,1.19155e+0,0,0,0,0,0,0,0,0,0,0,0,0,0,0,0,8.02144e+2,5.24645e+1,2.22324e+1,0,0,0,0,0,4.47240e+0,1.19602e+1,6.79728e+1,0,0,0,0,0,1.15116e+2,4.75355e+1,0,3.33192e-1,0,0,0,0,2.07926e+3
"Asia-Stan","KGZ","Kyrgyzstan",3.13591e-2,0,1.84219e-2,1.80032e-3,2.32829e-1,0,0,0,2.70886e-1,2.59652e+0,9.60345e+0,0,0,0,0,0,0,0,0,0,0,0,0,0,0,0,0,0,0,0,0,0,0,1.21273e+2,6.51613e+0,1.18960e+0,0,0,0,0,0,3.21431e-1,4.86192e-2,2.81016e+0,0,0,0,0,0,6.19104e+0,2.49510e+1,0,4.56440e-2,0,0,0,0,1.76102e+2
"Asia-Stan","TJK","Tajikistan",1.44026e-2,0,1.00000e-4,0,1.88207e+0,0,0,0,3.34316e-1,2.89530e-1,1.98483e+1,0,0,0,0,0,0,0,0,0,0,0,0,0,0,0,0,0,0,0,0,0,0,1.05600e+2,8.25266e+0,3.17227e+0,0,0,0,0,0,1.02796e-1,0,2.35327e-2,0,0,0,0,0,6.37313e+0,2.53009e+1,0,3.39818e-2,0,0,0,0,1.71228e+2
"Asia-Stan","TKM","Turkmenistan",1.63453e-1,1.75217e-1,1.00000e-4,0,5.38927e-1,0,0,0,2.06515e+0,0,5.93894e+2,0,0,0,0,0,3.75600e-4,0,0,0,0,0,0,0,0,0,0,0,0,0,0,0,0,1.39218e+2,1.20244e+1,7.66632e+0,0,0,0,0,0,3.76973e-1,1.15891e-2,9.23568e-2,0,0,0,0,0,8.72323e+0,2.42400e+1,0,7.34992e-2,0,0,0,0,7.89263e+2
"Asia-Stan","UZB","Uzbekistan",4.79828e-1,7.76232e-2,2.42626e-1,7.05475e-3,2.06566e+0,0,0,4.27891e-2,6.71689e+0,3.59884e+0,9.43150e+2,0,0,0,0,0,0,0,0,0,0,0,0,0,0,0,0,0,0,0,0,0,0,4.77654e+2,3.93312e+1,4.38831e+1,0,0,0,0,0,1.12847e+0,1.12795e-2,4.12128e-1,0,0,0,0,0,2.74374e+1,1.09884e+2,0,2.47403e-1,0,0,0,0,1.65637e+3
"Russia +","ARM","Armenia",2.21063e-2,0,1.32721e-2,0,3.45753e-2,0,0,0,2.04316e-1,0,5.29225e+1,0,0,0,0,0,0,0,0,0,0,0,0,0,0,0,0,0,0,0,0,0,0,4.05283e+1,5.67735e+0,0,0,0,0,0,0,8.93645e-2,0,1.99838e-2,0,0,0,0,0,1.10988e+1,4.92092e+0,0,5.99732e-2,0,0,0,0,1.15591e+2
"Russia +","AZE","Azerbaijan",4.37939e-2,4.73108e-3,1.20328e-1,0,1.04281e+0,1.81498e-3,0,1.67472e-3,8.71901e-1,0,2.02917e+2,0,0,0,0,0,1.02300e-2,0,0,0,0,0,0,0,0,0,0,0,0,0,0,0,0,1.38118e+2,2.18202e+1,6.71605e-1,0,0,0,0,0,3.15286e-1,0,2.03736e-2,0,0,0,0,0,2.21156e+1,4.59674e+1,0,1.23679e-1,0,0,0,0,4.34166e+2
"Russia +","GEO","Georgia",2.61926e-2,0,3.66346e-2,0,1.31685e-1,1.07727e-2,0,0,2.09742e+1,4.64735e-1,5.62081e+1,0,0,0,0,0,0,3.30000e-2,0,0,0,0,0,0,0,0,0,0,0,0,0,0,0,7.40344e+1,1.26003e+1,0,0,0,0,0,0,1.44884e-1,0,5.98968e-2,0,0,0,0,0,1.98698e+1,1.13482e+1,0,6.93292e-2,0,0,0,0,1.96012e+2
"Russia +","RUS","Russian Federation",1.64318e+1,1.82489e+0,5.80976e+0,1.00448e-1,3.18645e+1,3.83645e-1,3.60777e-1,1.30695e+0,4.64424e+2,1.83964e+3,1.43502e+4,0,0,0,0,0,5.08314e+0,3.89355e+0,0,0,0,0,0,0,0,0,0,0,0,0,0,0,0,3.39392e+3,5.93017e+2,5.11699e+1,0,0,0,0,0,2.35882e+1,3.68890e+1,1.39270e+2,0,0,0,0,0,1.39474e+3,7.71997e+2,0,0,0,0,0,0,2.31259e+4
"Middle_East","ARE","United Arab Emirates",1.01900e+0,7.58649e-2,7.38091e-1,0,2.46788e+0,0,0,0,3.43105e-1,1.56736e-1,7.60958e+2,0,0,0,0,0,0,0,0,0,0,0,0,0,0,0,0,0,0,0,0,0,0,1.67772e+1,1.02356e+0,0,0,0,0,0,0,8.43208e-4,0,0,0,0,0,0,0,1.54195e+1,1.07926e+1,0,1.84110e-1,0,0,0,0,8.09957e+2
"Middle_East","BHR","Bahrain",2.53006e-1,1.41602e-1,6.48535e-2,0,3.46587e-1,0,0,0,1.71659e-2,8.23050e-2,8.22379e+1,0,0,0,0,0,8.30875e-1,0,0,0,0,0,0,0,0,0,0,0,0,0,0,0,0,7.66496e-1,2.82578e-2,0,0,0,0,0,0,1.23804e-5,0,0,0,0,0,0,0,3.80080e+0,4.33060e+0,0,3.58066e-2,0,0,0,0,9.29363e+1
"Middle_East","IRN","Iran, Islamic Republic of",1.23980e+0,2.33719e-1,1.46496e+0,0,1.40436e+1,0,0,0,1.47860e+1,2.43001e+1,1.85250e+3,0,0,0,0,0,1.67764e-1,1.37500e-1,0,0,0,0,0,0,0,0,0,0,0,0,0,0,0,7.50938e+2,2.91300e+1,1.42990e+2,0,0,0,0,0,0,0,1.12207e-2,0,0,0,0,0,1.47752e+2,3.11480e+2,0,1.86655e+0,0,0,0,0,3.29304e+3
"Middle_East","IRQ","Iraq",2.31236e-1,8.12496e-2,6.24629e-1,0,4.83424e+0,0,0,0,8.46152e-1,1.37175e+0,3.32035e+2,0,0,0,0,0,8.58000e-3,0,0,0,0,0,0,0,0,0,0,0,0,0,0,0,0,9.62172e+1,3.96130e+0,4.42107e+1,0,0,0,0,0,1.96270e+0,0,1.21178e+0,0,0,0,0,0,7.00674e+1,7.48406e+1,0,4.14168e-1,0,0,0,0,6.32919e+2
"Middle_East","ISR","Israel",1.50414e-1,4.78713e-2,1.16393e-1,0,2.22460e+0,0,0,0,8.22496e-1,4.10346e-1,3.48912e+0,0,0,0,0,0,1.47125e-1,0,0,0,0,0,0,0,0,0,0,0,0,0,0,0,0,4.46152e+1,1.98937e+0,0,0,0,0,0,0,1.90397e-1,0,0,0,0,0,0,0,3.88436e+1,2.17314e+1,0,3.87266e-1,0,0,0,0,1.15166e+2
"Middle_East","JOR","Jordan",2.70711e-2,1.15923e-2,6.79098e-2,0,7.91714e-1,0,0,0,4.75449e-1,1.69824e+0,6.67037e+0,0,0,0,0,0,0,0,0,0,0,0,0,0,0,0,0,0,0,0,0,0,0,1.90544e+1,1.04170e+0,0,0,0,0,0,0,9.07496e-2,0,0,0,0,0,0,0,1.15449e+1,1.66984e+1,0,1.41179e-1,0,0,0,0,5.83137e+1
"Middle_East","KWT","Kuwait",1.95833e-1,3.68709e-1,1.24892e-1,0,1.71075e+0,0,0,0,2.85749e-1,2.06770e-1,4.50533e+2,0,0,0,0,0,1.45200e-1,0,0,0,0,0,0,0,0,0,0,0,0,0,0,0,0,3.18768e+0,9.38250e-2,0,0,0,0,0,0,1.24498e-3,0,0,0,0,0,0,0,1.78888e+1,1.10563e+1,0,1.37781e-1,0,0,0,0,4.85937e+2
"Middle_East","LBN","Lebanon",1.69866e-3,0,1.43775e-1,0,1.55413e+0,0,0,0,1.41817e+0,1.28030e+0,8.01500e-1,0,0,0,0,0,0,0,0,0,0,0,0,0,0,0,0,0,0,0,0,0,0,7.78463e+0,8.55837e-1,0,0,0,0,0,0,9.44858e-2,0,0,0,0,0,0,0,1.19776e+1,1.24376e+1,0,1.09294e-1,0,0,0,0,3.84590e+1
"Middle_East","OMN","Oman",3.25625e-1,1.39797e-1,1.18989e-1,0,7.74537e-1,0,0,0,2.73504e-1,2.25804e-1,2.87526e+2,0,0,0,0,0,0,0,0,0,0,0,0,0,0,0,0,0,0,0,0,0,0,1.84693e+1,7.92972e-1,0,0,0,0,0,0,3.71664e-3,0,0,0,0,0,0,0,7.55846e+0,9.12916e+0,0,1.02109e-1,0,0,0,0,3.25440e+2
"Middle_East","QAT","Qatar",4.84329e-1,2.17295e-1,6.58165e-2,3.01449e-3,4.39175e-1,0,0,0,3.53475e-2,3.00080e-2,2.19908e+2,0,0,0,0,0,9.68880e-2,0,0,0,0,0,0,0,0,0,0,0,0,0,0,0,0,4.63555e+0,3.02138e-1,0,0,0,0,0,0,2.07844e-3,0,0,0,0,0,0,0,4.34895e+0,9.10364e+0,0,4.38156e-2,0,0,0,0,2.39716e+2
"Middle_East","SAU","Saudi Arabia",3.76244e+0,1.57047e+0,9.00707e-1,1.34178e-2,1.14408e+1,0,0,0,3.57134e-1,7.75775e-1,1.56178e+3,0,0,0,0,0,5.11180e+0,0,0,0,0,0,0,0,0,0,0,0,0,0,0,0,0,9.53263e+1,4.96854e+0,0,0,0,0,0,0,1.65692e+0,0,0,0,0,0,0,0,1.02718e+2,8.53686e+1,0,1.02025e+0,0,0,0,0,1.87677e+3
"Middle_East","SYR","Syrian Arab Republic",1.90091e-1,3.71054e-2,3.26822e-1,0,1.79367e+0,0,0,0,7.00023e+0,9.14500e-2,3.05578e+2,0,0,0,0,0,0,0,0,0,0,0,0,0,0,0,0,0,0,0,0,0,0,1.04405e+2,3.79876e+0,5.05264e-3,0,0,0,0,0,3.90225e+0,0,1.76280e-1,0,0,0,0,0,2.70965e+1,5.07045e+1,0,2.78015e-1,0,0,0,0,5.05383e+2
"Middle_East","YEM","Yemen",8.89514e-3,7.41731e-3,2.14783e-2,0,1.87272e+0,0,0,0,2.98367e+0,4.66395e+0,5.86093e+1,0,0,0,0,0,0,0,0,0,0,0,0,0,0,0,0,0,0,0,0,0,0,1.01785e+2,4.48817e+0,0,0,0,0,0,0,6.05712e-1,0,0,0,0,0,0,0,6.37120e+0,5.34364e+1,0,8.90400e-2,0,0,0,0,2.34943e+2
"India +","AFG","Afghanistan",1.66407e-3,0,8.03097e-2,1.94338e-4,1.99637e-1,0,1.09855e-3,2.54049e-4,9.18521e+0,5.93963e+0,1.14590e+1,0,0,0,0,0,0,0,0,0,0,0,0,0,0,0,0,0,0,0,0,0,0,2.08129e+2,1.11518e+1,4.12786e+1,0,0,0,0,0,5.09953e-1,0,0,0,0,0,0,0,8.94433e+0,7.85193e+1,0,1.15859e-1,0,0,0,0,3.75516e+2
"India +","BGD","Bangladesh",1.82836e-1,3.87737e-3,1.86815e-1,0,5.67138e-1,1.77227e-2,4.13237e-2,0,1.62562e+2,2.49677e+1,1.28910e+2,0,0,0,0,0,0,0,0,0,0,0,0,0,0,0,0,0,0,0,0,0,0,7.93989e+2,7.27574e+1,2.20901e+3,0,0,0,0,2.44224e-1,1.14368e+1,1.83831e+1,0,0,0,0,0,0,1.23452e+2,5.21515e+2,0,0,0,0,0,0,4.06823e+3
"India +","BTN","Bhutan",5.00587e-4,0,7.71818e-3,2.86592e-4,1.82409e-2,0,1.62995e-4,3.51510e-5,1.41627e+1,1.07044e+1,7.26045e-3,0,0,0,0,0,0,1.32000e-2,0,0,0,0,0,0,0,0,0,0,0,0,0,0,0,1.37013e+1,1.42103e+0,7.28445e+0,0,0,0,0,0,2.35755e-1,0,0,0,0,0,0,0,4.24621e-1,7.00066e+0,0,4.00168e-3,0,0,0,0,5.49862e+1
"India +","IND","India",3.93733e+0,4.72780e-1,4.09726e+1,0,2.02211e+1,2.66320e-1,1.42728e-1,1.75846e-3,1.76725e+3,1.32083e+3,5.10724e+2,0,0,0,0,0,1.11465e+0,1.74540e+0,0,0,0,0,0,0,0,0,0,0,0,0,0,0,0,1.23433e+4,1.07236e+3,4.17872e+3,0,0,0,0,2.55288e+1,2.16985e+2,6.98496e+1,5.11128e-1,0,0,0,0,0,7.18770e+2,3.45465e+3,0,2.90277e+1,4.50000e+1,0,0,0,2.58224e+4
"India +","IOT","British Indian Ocean Territory",0,0,0,0,0,0,0,0,0,0,0,0,0,0,0,0,0,0,0,0,0,0,0,0,0,0,0,0,0,0,0,0,0,0,0,0,0,0,0,0,0,0,0,0,0,0,0,0,0,0,0,0,0,0,0,0,0,0,
"India +","LKA","Sri Lanka",6.58920e-3,2.92071e-3,5.20211e-1,3.64251e-3,6.78720e-1,5.21257e-3,0,0,3.71598e+1,2.01190e+0,5.02263e-1,0,0,0,0,0,0,0,0,0,0,0,0,0,0,0,0,0,0,0,0,0,0,1.08838e+2,9.28987e+0,2.69238e+2,0,0,0,0,1.57243e-1,2.80670e-1,1.65532e+0,0,0,0,0,0,0,3.51396e+1,8.71768e+1,0,0,0,0,0,0,5.52667e+2
"India +","MDV","Maldives",1.42416e-3,0,1.97494e-3,7.63379e-5,2.60351e-2,0,7.65618e-4,1.54665e-4,2.15987e-2,4.18810e-2,1.99807e-2,0,0,0,0,0,0,0,0,0,0,0,0,0,0,0,0,0,0,0,0,0,0,0,0,0,0,0,0,0,0,8.44233e-3,0,0,0,0,0,0,0,4.35020e-1,8.21241e-1,0,3.16383e-3,0,0,0,0,1.38176e+0
"India +","NPL","Nepal",0,0,8.06795e-2,0,1.44676e-1,0,0,0,5.83907e+1,5.20662e+0,0,0,0,0,0,0,0,0,0,0,0,0,0,0,0,0,0,0,0,0,0,0,0,4.04164e+2,3.49284e+1,3.83417e+2,0,0,0,0,7.83168e-1,8.57556e+0,3.49683e-1,0,0,0,0,0,0,3.68264e+0,8.83111e+1,0,0,0,0,0,0,9.88035e+2
"India +","PAK","Pakistan",3.04025e-1,6.72560e-2,3.98089e+0,0,2.67469e+0,4.36118e-2,0,1.25604e-4,1.43546e+2,5.76247e+1,7.08871e+2,0,0,0,0,0,0,0,0,0,0,0,0,0,0,0,0,0,0,0,0,0,0,2.36248e+3,1.68508e+2,7.39826e+2,0,0,0,0,1.24584e+0,8.35133e+0,8.29124e-2,9.33528e-2,0,0,0,0,0,1.13608e+2,5.06545e+2,0,1.36444e+0,0,0,0,0,4.81922e+3
"Korea","KOR","Korea, Republic of",9.49638e-1,2.83502e-1,4.66823e+0,4.45475e-2,1.43927e+1,5.36893e-2,8.92415e-1,4.54686e-2,3.49098e+1,9.18871e+1,9.26383e+1,0,0,0,0,0,1.32908e+0,2.33610e+0,0,0,0,0,0,0,0,0,0,0,0,0,0,0,0,2.88903e+2,1.89190e+1,3.99211e+2,0,0,0,0,0,3.94384e-1,0,4.14528e-1,0,0,0,0,0,1.20955e+2,3.58649e+2,0,0,0,0,0,0,1.43188e+3
"Korea","PRK","Korea, Democratic People's Republic of",7.98043e-2,1.10531e-3,4.77735e+0,0,6.57888e-1,0,0,0,6.29112e+1,3.64832e+2,2.97678e-1,0,0,0,0,0,0,1.10000e-1,0,0,0,0,0,0,0,0,0,0,0,0,0,0,0,5.59093e+1,6.69545e+0,1.57963e+2,0,0,0,0,0,2.43289e+0,0,4.82784e+1,0,0,0,0,0,3.55617e+1,1.05754e+2,1.70251e-1,0,0,0,0,0,8.46432e+2
"China +","CHN","China",9.15369e+0,2.64126e+0,9.77002e+1,4.53848e-2,3.80887e+1,1.15025e+0,1.18784e+0,5.19164e-3,4.50638e+3,1.37540e+4,1.07343e+3,0,0,0,0,0,7.37932e+0,1.32453e+1,0,0,0,0,0,0,0,0,0,0,0,0,0,0,0,8.40414e+3,1.30411e+3,1.44350e+4,0,0,0,0,7.84008e+0,1.42651e+1,1.72945e+1,8.74584e+1,0,0,0,0,0,1.58684e+3,5.74379e+3,1.15027e+1,3.65449e+0,9.00000e+1,0,0,0,5.12103e+4
"China +","HKG","Hong Kong",1.80284e-1,0,1.15095e-1,0,7.98798e-1,0,0,0,2.61675e-1,0,1.72667e+1,0,0,0,0,0,0,0,0,0,0,0,0,0,0,0,0,0,0,0,0,0,0,0,0,0,0,0,0,0,0,0,0,0,0,0,0,0,0,5.00843e+1,3.11511e+1,2.25162e-1,0,0,0,0,0,1.00083e+2
"China +","MAC","Macao",4.77784e-4,0,3.21356e-3,2.91043e-4,3.19116e-2,0,6.77341e-4,1.44195e-4,3.36992e-2,0,6.85261e-2,0,0,0,0,0,0,0,0,0,0,0,0,0,0,0,0,0,0,0,0,0,0,0,0,0,0,0,0,0,0,0,0,0,0,0,0,0,0,3.09296e+0,1.69490e+0,1.41614e-2,0,0,0,0,0,4.94096e+0
"China +","MNG","Mongolia",6.16834e-2,0,6.02983e-2,7.31262e-4,4.11925e-1,1.38164e-3,2.21289e-3,5.76618e-4,7.32005e+0,3.15020e+1,2.21081e-3,0,0,0,0,0,0,0,0,0,0,0,0,0,0,0,0,0,0,0,0,0,0,3.09724e+2,1.59072e+1,0,0,0,0,0,0,8.22925e-3,5.97696e-1,5.03376e+1,0,0,0,0,0,2.56906e+0,9.51641e+0,1.70654e-2,0,0,0,0,0,4.28040e+2
"China +","TWN","Taiwan_Province of China",5.24095e-1,1.65809e-1,2.43370e+0,6.20731e-3,1.12811e+1,5.90757e-3,8.08890e-2,0,8.84887e-1,7.15106e+0,2.96878e+1,0,0,0,0,0,4.63590e-1,5.50120e-1,0,0,0,0,0,0,0,0,0,0,0,0,0,0,0,2.24258e+1,4.76506e+1,0,0,0,0,0,0,0,0,0,0,0,0,0,0,1.08880e+2,1.07646e+2,5.26135e-1,0,0,0,0,0,3.40364e+2
"Southeastern Asia","BRN","Brunei Darussalam",1.23594e-1,8.95975e-2,1.63285e-2,0,3.00755e-1,0,0,0,4.25875e-2,1.59960e-2,1.70378e+2,0,0,0,0,0,0,0,0,0,0,0,0,0,0,0,0,0,0,0,0,0,0,3.21892e-1,9.12755e-2,8.19504e-2,0,0,0,0,0,3.41147e-3,2.49363e+1,0,0,0,0,0,0,1.69784e+0,1.41874e+0,4.63397e-2,1.39722e-2,0,0,0,0,1.99578e+2
"Southeastern Asia","KHM","Cambodia",6.84605e-4,0,4.39793e-2,1.12671e-3,6.38481e-2,0,3.87429e-4,9.56610e-5,4.79251e+1,6.95020e+0,6.46698e-4,0,0,0,0,0,0,0,0,0,0,0,0,0,0,0,0,0,0,0,0,0,0,1.72969e+2,2.23248e+1,3.84022e+2,0,0,0,0,6.08544e+1,1.67284e+1,0,0,0,0,0,0,0,5.44628e+0,4.29311e+1,1.61654e-1,6.11136e-2,0,0,0,0,7.60485e+2
"Southeastern Asia","LAO","Lao People's Democratic Republic",3.29920e-4,0,1.83939e-2,6.19218e-4,3.41949e-2,0,1.96140e-4,4.83540e-5,2.34236e+1,2.52668e+0,1.94259e-2,0,0,0,0,0,0,0,0,0,0,0,0,0,0,0,0,0,0,0,0,0,0,1.14576e+2,1.42118e+1,8.85240e+1,0,0,0,0,8.21088e+1,5.67991e+0,4.07347e+1,0,0,0,0,0,0,2.49100e+0,1.85200e+1,0,0,0,0,0,0,3.92870e+2
"Southeastern Asia","MMR","Myanmar",1.36006e-1,2.11852e-2,3.88535e-1,0,4.29447e-1,0,2.34461e-3,8.37360e-5,9.28285e+1,1.91204e+1,3.23868e+1,0,0,0,0,0,2.93250e-1,0,0,0,0,0,0,0,0,0,0,0,0,0,0,0,0,5.89927e+2,6.41297e+1,1.33157e+3,0,0,0,0,5.81136e+1,6.66253e+1,1.78269e+3,0,0,0,0,0,0,3.46654e+1,2.05436e+2,0,0,0,0,0,0,4.27877e+3
"Southeastern Asia","MYS","Malaysia",1.07365e+0,3.94397e-1,9.29845e-1,0,6.65013e+0,0,0,0,1.99773e+1,3.93271e+1,5.68082e+2,0,0,0,0,0,1.29797e+0,0,0,0,0,0,0,0,0,0,0,0,0,0,0,0,0,4.70758e+1,2.51689e+1,1.82920e+2,0,0,0,0,4.62096e+1,8.09768e+0,2.20041e+2,0,0,0,0,0,0,7.29235e+1,1.07252e+2,1.05935e+0,1.28872e+0,0,0,0,0,1.34977e+3
"Southeastern Asia","PHL","Philippines",9.46297e-2,1.31395e-1,4.81271e+0,4.60547e-3,2.86333e+0,0,1.44194e-1,0,7.47905e+1,1.03543e+2,5.00954e+0,0,0,0,0,0,1.27878e-3,4.04075e-1,0,0,0,0,0,0,0,0,0,0,0,0,0,0,0,3.07900e+2,6.55429e+1,9.95330e+2,0,0,0,0,6.86592e+0,5.50669e+1,9.93480e+0,0,0,0,0,0,0,1.46286e+2,3.51878e+2,0,2.54805e+0,0,0,0,0,2.13315e+3
"Southeastern Asia","SGP","Singapore",6.70536e-2,1.70919e-1,7.28503e-3,0,8.90368e-1,0,0,0,8.40147e-3,3.20075e+0,3.68658e+1,0,0,0,0,0,2.25012e-1,0,0,0,0,0,0,0,0,0,0,0,0,0,0,0,0,2.07177e-1,7.10428e-1,0,0,0,0,0,1.29862e+0,1.31499e-5,0,0,0,0,0,0,0,9.00465e+0,1.62146e+1,4.94137e+0,0,0,0,0,0,7.38124e+1
"Southeastern Asia","THA","Thailand",1.21167e+0,1.12393e-1,6.32175e+0,0,9.03300e+0,1.99815e-2,8.70433e-2,0,1.24629e+2,3.51428e+2,1.81437e+2,0,0,0,0,0,3.18858e-1,8.80000e-4,0,0,0,0,0,0,0,0,0,0,0,0,0,0,0,6.66756e+2,5.75410e+1,2.01690e+3,0,0,0,0,7.21248e+1,7.03902e+1,2.47962e+1,0,0,0,0,0,0,1.97360e+2,2.83457e+2,2.32109e+0,2.31381e+0,0,0,0,0,4.06856e+3
"Southeastern Asia","TLS","Timor-Leste",0,0,3.23682e-3,0,0,0,0,0,2.33935e-1,0,7.48270e+0,0,0,0,0,0,0,0,0,0,0,0,0,0,0,0,0,0,0,0,0,0,0,1.12292e+1,1.49237e+0,4.78484e+0,0,0,0,0,0,3.81826e-1,0,0,0,0,0,0,0,1.52123e-1,2.92765e+0,3.83731e-3,9.53260e-4,0,0,0,0,2.86927e+1
"Southeastern Asia","VNM","Viet Nam",6.01577e-2,0,9.06065e-1,3.47504e-3,1.61759e+0,1.67472e-4,0,1.08020e-2,2.01370e+2,1.55671e+2,5.84835e+1,0,0,0,0,0,0,0,0,0,0,0,0,0,0,0,0,0,0,0,0,0,0,3.81019e+2,1.06627e+2,1.76116e+3,0,0,0,0,2.80248e+1,6.46422e+1,1.20292e+0,0,0,0,0,0,0,5.89568e+1,3.26714e+2,0,0,0,0,0,0,3.14647e+3
"Indonesia +","IDN","Indonesia",1.14512e+0,2.00066e+0,1.19548e+1,1.83800e-2,1.22680e+1,0,3.92136e-1,0,4.16017e+2,2.11951e+2,1.38983e+3,0,0,0,0,0,2.36093e-1,2.31000e-2,0,0,0,0,0,0,0,0,0,0,0,0,0,0,0,1.02342e+3,1.01742e+2,2.55957e+3,0,0,0,0,4.16856e+1,1.84803e+2,1.88170e+2,0,1.79498e+3,0,0,0,0,5.07939e+2,1.06786e+3,6.40548e+0,7.43744e+0,0,0,0,0,9.52985e+3
"Indonesia +","PNG","Papua New Guinea",5.78042e-3,0,2.25099e-2,7.58227e-4,6.12392e-2,0,2.77486e-3,5.71809e-4,1.93706e+1,3.86105e-1,8.24142e+0,0,0,0,0,0,0,0,0,0,0,0,0,0,0,0,0,0,0,0,0,0,0,6.11284e+0,5.78600e+0,9.25246e-2,0,0,0,0,1.17972e+1,1.31350e-1,2.28487e+1,0,0,0,0,0,0,2.83805e+0,2.29372e+1,7.76808e-2,0,0,0,0,0,1.00713e+2
"Japan","JPN","Japan",8.94377e+0,5.93255e-1,1.42475e+1,7.34156e-2,1.73343e+1,4.74345e-2,1.28103e+0,0,2.22080e+1,1.85968e+2,3.87800e+1,0,0,0,0,0,4.99036e+0,6.98077e+0,0,0,0,0,0,0,0,0,0,0,0,0,0,0,0,5.43053e+2,2.07604e+2,1.08279e+3,0,0,0,0,0,5.12158e-1,9.85008e+0,4.21512e+0,0,0,0,0,0,2.95252e+2,3.05559e+2,1.03530e+2,6.08000e-1,0,0,0,0,2.85442e+3
"Oceania","ASM","American Samoa",0,0,0,0,0,0,0,0,2.16044e-5,0,0,0,0,0,0,0,0,0,0,0,0,0,0,0,0,0,0,0,0,0,0,0,0,1.62360e-2,1.25873e-1,0,0,0,0,0,0,9.84323e-6,0,0,0,0,0,0,0,2.69308e-1,6.27519e-2,0,0,0,0,0,0,4.74200e-1
"Oceania","ATF","French Southern Territories",0,0,0,0,0,0,0,0,0,0,0,0,0,0,0,0,0,0,0,0,0,0,0,0,0,0,0,0,0,0,0,0,0,0,0,0,0,0,0,0,0,0,0,0,0,0,0,0,0,0,0,0,0,0,0,0,0,0,
"Oceania","AUS","Australia",2.19846e+0,5.25193e-1,4.10062e+0,3.70322e-2,2.08948e+1,8.75711e-2,1.62657e-1,7.11756e-3,4.20221e+1,8.72090e+2,3.86832e+2,0,0,0,0,0,2.21891e-1,7.18930e-1,0,0,0,0,0,0,0,0,0,0,0,0,0,0,0,2.70728e+3,1.90051e+2,4.34056e+1,0,0,0,0,3.45960e+2,2.84755e+1,4.19629e+1,8.97504e+1,0,0,0,0,0,5.26827e+2,5.94650e+1,5.72044e-3,0,6.00000e-1,0,0,0,5.36368e+3
"Oceania","CCK","Cocos (Keeling) Islands",0,0,0,0,0,0,0,0,0,0,0,0,0,0,0,0,0,0,0,0,0,0,0,0,0,0,0,0,0,0,0,0,0,0,0,0,0,0,0,0,0,0,0,0,0,0,0,0,0,0,0,0,0,0,0,0,0,0,
"Oceania","COK","Cook Islands",0,0,0,0,0,0,0,0,1.43381e-3,0,0,0,0,0,0,0,0,0,0,0,0,0,0,0,0,0,0,0,0,0,0,0,0,7.63160e-2,9.52962e-2,0,0,0,0,0,0,6.53263e-4,0,0,0,0,0,0,0,0,2.40620e-2,0,0,0,0,0,0,1.97761e-1
"Oceania","CXR","Christmas Island",0,0,0,0,0,0,0,0,0,0,0,0,0,0,0,0,0,0,0,0,0,0,0,0,0,0,0,0,0,0,0,0,0,0,0,0,0,0,0,0,0,0,0,0,0,0,0,0,0,0,0,0,0,0,0,0,0,0,
"Oceania","FJI","Fiji",2.39697e-3,0,4.96782e-3,8.88064e-4,4.92038e-2,0,1.23868e-3,2.61900e-4,5.44022e-1,1.77041e-1,4.84834e-2,0,0,0,0,0,0,0,0,0,0,0,0,0,0,0,0,0,0,0,0,0,0,2.36691e+1,3.65048e+0,1.75832e+0,0,0,0,0,0,1.57931e-1,0,0,0,0,0,0,0,2.60739e+0,2.30415e+0,0,0,0,0,0,0,3.49759e+1
"Oceania","FSM","Micronesia, Federated States of",0,0,0,0,0,0,0,0,1.35721e-3,2.30330e-2,0,0,0,0,0,0,0,0,0,0,0,0,0,0,0,0,0,0,0,0,0,0,0,7.40667e-1,1.31745e-1,2.02106e-2,0,0,0,0,0,6.18365e-4,0,0,0,0,0,0,0,2.53567e-1,1.21872e-1,0,0,0,0,0,0,1.29307e+0
"Oceania","GUM","Guam",0,0,0,0,0,0,0,0,9.62625e-4,0,0,0,0,0,0,0,0,0,0,0,0,0,0,0,0,0,0,0,0,0,0,0,0,1.63311e-2,4.98984e-2,0,0,0,0,0,0,4.38582e-4,0,0,0,0,0,0,0,1.36143e+0,1.07988e+0,0,0,0,0,0,0,2.50894e+0
"Oceania","HMD","Heard Island and McDonald Islands",0,0,0,0,0,0,0,0,0,0,0,0,0,0,0,0,0,0,0,0,0,0,0,0,0,0,0,0,0,0,0,0,0,0,0,0,0,0,0,0,0,0,0,0,0,0,0,0,0,0,0,0,0,0,0,0,0,0,
"Oceania","KIR","Kiribati",5.14140e-5,0,3.38367e-4,4.81209e-5,1.76490e-3,0,2.35620e-5,5.33100e-6,5.05809e-3,2.26920e-2,1.24425e-3,0,0,0,0,0,0,0,0,0,0,0,0,0,0,0,0,0,0,0,0,0,0,9.00000e-3,2.48876e-2,0,0,0,0,0,0,1.86385e-3,0,0,0,0,0,0,0,2.00152e-1,2.66358e-1,0,0,0,0,0,0,5.33488e-1
"Oceania","MHL","Marshall Islands",0,0,0,0,0,0,0,0,0,0,0,0,0,0,0,0,0,0,0,0,0,0,0,0,0,0,0,0,0,0,0,0,0,0,0,0,0,0,0,0,0,0,0,0,0,0,0,0,0,2.07462e-1,6.52017e-2,0,0,0,0,0,0,2.72664e-1
"Oceania","MNP","Northern Mariana Islands",0,0,0,0,0,0,0,0,0,0,0,0,0,0,0,0,0,0,0,0,0,0,0,0,0,0,0,0,0,0,0,0,0,0,0,0,0,0,0,0,0,0,0,0,0,0,0,0,0,2.44415e-1,6.33863e-2,0,0,0,0,0,0,3.07801e-1
"Oceania","NCL","New Caledonia",1.52241e-3,0,4.16790e-3,7.08868e-5,6.28449e-2,0,6.81415e-4,1.59273e-4,1.03400e-1,3.51230e-2,7.11156e-2,0,0,0,0,0,0,0,0,0,0,0,0,0,0,0,0,0,0,0,0,0,0,6.49863e+0,7.95083e-1,0,0,0,0,0,0,1.24531e-3,0,0,0,0,0,0,0,1.59446e+0,2.36543e-1,0,0,0,0,0,0,9.40505e+0
"Oceania","NFK","Norfolk Island",0,0,0,0,0,0,0,0,0,0,0,0,0,0,0,0,0,0,0,0,0,0,0,0,0,0,0,0,0,0,0,0,0,0,0,0,0,0,0,0,0,0,0,0,0,0,0,0,0,0,4.07340e-3,0,0,0,0,0,0,4.07340e-3
"Oceania","NIU","Niue",0,0,0,0,0,0,0,0,9.61404e-5,3.72000e-4,0,0,0,0,0,0,0,0,0,0,0,0,0,0,0,0,0,0,0,0,0,0,0,9.37974e-3,2.31720e-2,0,0,0,0,0,0,4.38026e-5,0,0,0,0,0,0,0,3.60400e-3,3.30048e-3,0,0,0,0,0,0,3.99682e-2
"Oceania","NRU","Nauru",0,0,0,0,0,0,0,0,0,0,0,0,0,0,0,0,0,0,0,0,0,0,0,0,0,0,0,0,0,0,0,0,0,2.80000e-3,8.18133e-3,0,0,0,0,0,0,0,0,0,0,0,0,0,0,8.10931e-2,1.42780e-2,0,0,0,0,0,0,1.06352e-1
"Oceania","NZL","New Zealand",1.75037e-1,3.24022e-2,7.11095e-1,6.21739e-3,3.16001e+0,8.37360e-5,0,9.67152e-3,2.18331e+0,1.28663e+1,2.59136e+1,0,0,0,0,0,4.04685e+0,0,0,0,0,0,0,0,0,0,0,0,0,0,0,0,0,1.04301e+3,1.02499e+2,0,0,0,0,0,0,2.49012e-1,0,0,0,0,0,0,0,8.77335e+1,9.92677e+0,0,0,0,0,0,0,1.29252e+3
"Oceania","PCN","Pitcairn",0,0,0,0,0,0,0,0,0,0,0,0,0,0,0,0,0,0,0,0,0,0,0,0,0,0,0,0,0,0,0,0,0,0,0,0,0,0,0,0,0,0,0,0,0,0,0,0,0,0,1.03201e-3,0,0,0,0,0,0,1.03201e-3
"Oceania","PLW","Palau",0,0,0,0,0,0,0,0,0,0,0,0,0,0,0,0,0,0,0,0,0,0,0,0,0,0,0,0,0,0,0,0,0,0,0,0,0,0,0,0,0,0,0,0,0,0,0,0,0,0,5.93528e-2,0,0,0,0,0,0,5.93528e-2
"Oceania","PYF","French Polynesia",1.97635e-3,0,2.15809e-3,8.27189e-5,5.13758e-2,0,8.76029e-4,1.92267e-4,3.04898e-2,0,4.11075e-2,0,0,0,0,0,0,0,0,0,0,0,0,0,0,0,0,0,0,0,0,0,0,5.49557e-1,4.93350e-1,0,0,0,0,0,0,2.06570e-3,0,0,0,0,0,0,0,1.69074e+0,8.39747e-1,0,0,0,0,0,0,3.70372e+0
"Oceania","SLB","Solomon Islands",7.39662e-4,0,1.80201e-3,7.66789e-5,1.25837e-2,0,3.15791e-4,6.67860e-5,4.95759e-1,7.50820e-2,9.84709e-3,0,0,0,0,0,0,0,0,0,0,0,0,0,0,0,0,0,0,0,0,0,0,6.33326e+1,2.08831e+0,0,0,0,0,0,0,3.36548e-3,0,0,0,0,0,0,0,2.98517e-1,6.54869e-1,0,0,0,0,0,0,6.69740e+1
"Oceania","TKL","Tokelau",0,0,0,0,0,0,0,0,1.85680e-4,0,0,0,0,0,0,0,0,0,0,0,0,0,0,0,0,0,0,0,0,0,0,0,0,1.00000e-3,3.20383e-3,0,0,0,0,0,0,8.45978e-5,0,0,0,0,0,0,0,0,7.48821e-3,0,0,0,0,0,0,1.19623e-2
"Oceania","TON","Tonga",0,0,0,0,2.43124e-2,0,0,0,3.33177e-3,2.09560e-2,6.73596e-3,0,0,0,0,0,0,0,0,0,0,0,0,0,0,0,0,0,0,0,0,0,0,9.02404e-1,9.90288e-1,0,0,0,0,0,0,1.51800e-3,0,0,0,0,0,0,0,2.68807e-1,4.02138e-1,0,0,0,0,0,0,2.62049e+0
"Oceania","TUV","Tuvalu",0,0,0,0,0,0,0,0,0,0,0,0,0,0,0,0,0,0,0,0,0,0,0,0,0,0,0,0,0,0,0,0,0,1.28000e-2,3.81337e-2,0,0,0,0,0,0,0,0,0,0,0,0,0,0,2.23913e-2,7.34490e-2,0,0,0,0,0,0,1.46774e-1
"Oceania","VUT","Vanuatu",2.18541e-4,0,8.16222e-4,2.86385e-5,5.78983e-3,0,1.24243e-4,2.66310e-5,1.11885e-1,3.05350e-2,3.72049e-3,0,0,0,0,0,0,0,0,0,0,0,0,0,0,0,0,0,0,0,0,0,0,9.58707e+0,1.18750e+0,0,0,0,0,0,0,1.15497e-2,0,0,0,0,0,0,0,2.15340e-1,9.12033e-1,0,0,0,0,0,0,1.20666e+1
"Oceania","WLF","Wallis and Futuna",0,0,0,0,0,0,0,0,9.05508e-4,0,0,0,0,0,0,0,0,0,0,0,0,0,0,0,0,0,0,0,0,0,0,0,0,6.64232e-2,7.59984e-2,0,0,0,0,0,0,4.12560e-4,0,0,0,0,0,0,0,0,8.24701e-2,0,0,0,0,0,0,2.26210e-1
"Oceania","WSM","Samoa",2.90350e-4,0,8.49105e-4,2.05863e-4,1.99756e-2,0,1.87376e-4,4.49400e-5,2.49329e-1,3.10000e-2,7.86431e-3,0,0,0,0,0,0,0,0,0,0,0,0,0,0,0,0,0,0,0,0,0,0,1.65521e+0,2.08842e+0,0,0,0,0,0,0,1.03369e-3,0,0,0,0,0,0,0,2.75655e-1,1.01791e+0,0,0,0,0,0,0,5.34798e+0
"Antartica","ATA","Antarctica",0,0,0,0,0,0,0,0,0,0,0,0,0,0,0,0,0,0,0,0,0,0,0,0,0,0,0,0,0,0,0,0,0,0,0,0,0,0,0,0,0,0,0,0,0,0,0,0,0,0,0,0,0,0,0,0,0,0,
"Int. Shipping","SEA","Int. Shipping",0,0,0,0,0,0,0,0,0,0,9.39994e+0,0,3.73268e+1,0,0,0,0,0,0,0,0,0,0,0,0,0,0,0,0,0,0,0,0,0,0,0,0,0,0,0,0,0,0,0,0,0,0,0,0,0,0,0,0,0,0,0,0,4.67267e+1
"Int. Aviation","AIR","Int. Aviation",0,0,0,0,0,0,0,0,0,0,0,2.16011e+0,0,0,0,0,0,0,0,0,0,0,0,0,0,0,0,0,0,0,0,0,0,0,0,0,0,0,0,0,0,0,0,0,0,0,0,0,0,0,0,0,0,0,0,0,0,2.16011e+0

"TOTALS",,,1.79916e+2,4.29036e+1,3.84107e+2,2.01539e+0,7.34050e+2,5.43921e+0,8.82774e+0,2.80059e+0,1.26340e+4,3.25903e+4,5.25024e+4,2.16011e+0,3.73268e+1,0,0,0,1.04774e+2,5.62992e+1,0,0,0,0,0,0,0,0,0,0,0,0,0,0,0,9.19430e+4,1.09720e+4,3.60524e+4,0,0,0,0,7.54920e+3,1.25133e+3,9.22637e+3,1.15579e+3,1.79498e+3,0,0,0,0,2.70771e+4,2.54282e+4,1.80180e+2,1.56571e+2,1.50600e+2,0,0,0,03.12225e+5