"Content:","Emissions by country and main source category" 
"Compound:","CH4"
"Year: ","1982"
"Unit:","Gg CH4"
"Source:","European Commission, Joint Research Centre (JRC)/PBL Netherlands Environmental Assessment Agency. Emission Database for Global Atmospheric Research (EDGAR), release version 4.2. http://edgar.jrc.ec.europe.eu, 2010" 
"Dataset:","v4.2_EM_CH4_300911(edgar)"
"Date calculated:","November 30, 1999, 12:00 am"

,,,"Public electricity and heat production","Other Energy Industries","Manufacturing Industries and Construction","Domestic aviation","Road transportation","Rail transportation","Inland navigation","Other transportation","Residential and other sectors","Fugitive emissions from solid fuels","Fugitive emissions from oil and gas","Memo: International aviation","Memo: International navigation","Cement production","Lime production","Production of other minerals","Production of chemicals","Production of metals","Production of pulp/paper/food/drink","Production of halocarbons and SF6","Refrigeration and Air Conditioning","Foam Blowing","Fire Extinguishers","Aerosols","F-gas as Solvent","Semiconductor/Electronics Manufacture","Electrical Equipment","Other F-gas use","Non-energy use of lubricants/waxes (CO2)","Solvent and other product use: paint","Solvent and other product use: degrease","Solvent and other product use: chemicals","Solvent and other product use: other","Enteric fermentation","Manure management","Rice cultivation","Direct soil emissions","Manure in pasture/range/paddock","Indirect N2O from agriculture","Other direct soil emissions","Savanna burning","Agricultural waste burning","Forest fires","Grassland fires","Peat fires and decay of drained peatland","Other vegetation fires","Other biomass burning","Forest Fires-Post burn decay","Forest Land: net carbon stock change","Solid waste disposal on land","Wastewater handling","Waste incineration","Other waste handling","Fossil fuel fires","Indirect N2O from non-agricultural NOx","Indirect N2O from non-agricultural NH3","Other sources",

"World Region","ISO_A3","Country","1A1a","1A1bc","1A2","1A3a","1A3b","1A3c","1A3d","1A3e","1A4","1B1","1B2","1C1","1C2","2A1","2A2","2A7","2B","2C","2D","2E","2F1","2F2","2F3","2F4","2F5","2F7","2F8","2F9","2G","3A","3B","3C","3D","4A","4B","4C","4D1","4D2","4D3","4D4","4E","4F","5A","5C","5D","5F","5F1","5F2","5FL","6A","6B","6C","6D","7A","7B","7C","7D","TOTAL" 
"Canada","CAN","Canada",1.28993e+0,9.73900e-1,8.56872e+0,5.75476e-2,2.06152e+1,3.35516e-1,4.91196e-1,6.87891e-2,4.59166e+1,9.31350e+1,1.01026e+3,0,0,0,0,0,4.56976e+0,4.93137e-1,0,0,0,0,0,0,0,0,0,0,0,0,0,0,0,6.89440e+2,2.34995e+2,0,0,0,0,0,0,7.75704e+0,1.20610e+2,1.00870e+2,0,0,0,0,0,7.87985e+2,1.51623e+2,5.56604e+0,0,0,0,0,0,3.28562e+3
"USA","SPM","Saint Pierre and Miquelon",0,0,0,0,0,0,0,0,0,0,0,0,0,0,0,0,0,0,0,0,0,0,0,0,0,0,0,0,0,0,0,0,0,4.28630e-4,3.41244e-5,0,0,0,0,0,0,0,0,0,0,0,0,0,0,3.55777e-2,1.02351e-2,7.57354e-4,0,0,0,0,0,4.70329e-2
"USA","UMI","United States Minor Outlying Islands",0,0,0,0,0,0,0,0,0,0,0,0,0,0,0,0,0,0,0,0,0,0,0,0,0,0,0,0,0,0,0,0,0,0,0,0,0,0,0,0,0,0,0,0,0,0,0,0,0,0,0,0,0,0,0,0,0,0,
"USA","USA","United States",1.40696e+1,7.19290e+0,7.00120e+1,9.67631e-1,2.26163e+2,2.16200e+0,3.87446e-1,5.81505e-1,5.57279e+2,3.73585e+3,6.40375e+3,0,0,0,0,0,1.70912e+1,1.58209e+0,0,0,0,0,0,0,0,0,0,0,0,0,0,0,0,6.71497e+3,1.90270e+3,5.30684e+2,0,0,0,0,2.14224e-1,5.21801e+1,1.97045e+1,6.89184e+0,0,0,0,0,0,7.91405e+3,6.61591e+2,0,0,1.50000e+1,0,0,0,2.88551e+4
"Mexico","MEX","Mexico",2.85679e-1,9.06581e-1,3.90004e+0,0,1.65708e+1,0,0,1.04741e+0,7.00967e+1,5.06308e+1,1.72066e+3,0,0,0,0,0,9.51984e-1,5.00164e-1,0,0,0,0,0,0,0,0,0,0,0,0,0,0,0,2.07015e+3,1.46085e+2,2.70001e+1,0,0,0,0,4.43904e+1,2.47373e+1,1.13589e+2,2.49288e-1,0,0,0,0,0,1.92261e+2,3.76535e+2,0,0,0,0,0,0,4.86055e+3
"Rest Central America","ABW","Aruba",2.26699e-3,0,9.07265e-3,2.53950e-6,1.87230e-2,0,0,0,1.69239e-2,9.45220e-3,4.32150e-4,0,0,0,0,0,0,0,0,0,0,0,0,0,0,0,0,0,0,0,0,0,0,3.39370e-2,4.18740e-3,0,0,0,0,0,0,0,0,0,0,0,0,0,0,2.29059e-1,3.03657e-1,0,0,0,0,0,0,6.27714e-1
"Rest Central America","AIA","Anguilla",2.01990e-4,0,9.23070e-4,0,0,0,0,0,7.48000e-5,1.95390e-1,0,0,0,0,0,0,0,0,0,0,0,0,0,0,0,0,0,0,0,0,0,0,0,0,0,0,0,0,0,0,0,0,0,0,0,0,0,0,0,5.61376e-3,2.78448e-2,0,0,0,0,0,0,2.30048e-1
"Rest Central America","ANT","Netherlands Antilles",0,6.80311e-2,4.53429e-2,1.13044e-3,1.83798e-1,0,0,0,3.41224e-2,1.94054e-2,6.22373e+0,0,0,0,0,0,0,0,0,0,0,0,0,0,0,0,0,0,0,0,0,0,0,2.96430e-1,1.51200e-2,0,0,0,0,0,0,0,0,0,0,0,0,0,0,1.18302e+0,7.67322e-1,0,0,0,0,0,0,8.83745e+0
"Rest Central America","ATG","Antigua and Barbuda",3.92973e-3,0,8.40062e-3,7.07600e-6,1.10293e-2,0,9.05240e-5,0,4.43174e-2,0,1.08337e-1,0,0,0,0,0,0,0,0,0,0,0,0,0,0,0,0,0,0,0,0,0,0,1.08746e+0,2.25795e-2,0,0,0,0,0,0,1.64429e-3,0,0,0,0,0,0,0,1.70851e-1,2.90036e-1,0,0,0,0,0,0,1.74868e+0
"Rest Central America","BHS","Bahamas",1.64290e-2,0,2.97022e-2,5.16566e-4,7.81241e-2,0,6.40444e-4,0,3.87364e-1,2.85904e-2,8.28118e-1,0,0,0,0,0,0,0,0,0,0,0,0,0,0,0,0,0,0,0,0,0,0,1.82764e-1,2.41240e-2,0,0,0,0,0,0,1.67801e-2,0,0,0,0,0,0,0,3.16159e+0,9.67226e-1,0,0,0,0,0,0,5.72197e+0
"Rest Central America","BLZ","Belize",5.37818e-3,0,1.97311e-2,1.85750e-6,1.16057e-2,0,9.70480e-5,0,8.26041e-1,4.54240e-2,4.53264e-2,0,0,0,0,0,0,0,0,0,0,0,0,0,0,0,0,0,0,0,0,0,0,2.81905e+0,9.09380e-2,5.74398e-1,0,0,0,0,1.31314e+0,3.49784e-1,0,0,0,0,0,0,0,4.74130e-1,8.36419e-1,0,0,0,0,0,0,7.41146e+0
"Rest Central America","BMU","Bermuda",5.00846e-3,0,7.55743e-3,7.48354e-5,8.78469e-3,0,6.83760e-5,0,7.17617e-2,0,1.11042e-1,0,0,0,0,0,0,0,0,0,0,0,0,0,0,0,0,0,0,0,0,0,0,7.57142e-2,4.04550e-3,0,0,0,0,0,0,4.87113e-5,0,0,0,0,0,0,0,5.95885e-1,2.56528e-1,0,0,0,0,0,0,1.13652e+0
"Rest Central America","BRB","Barbados",9.17047e-3,0,3.30547e-2,1.98440e-5,2.12577e-2,0,1.76967e-4,0,5.94261e-2,2.72878e-2,4.70007e-1,0,0,0,0,0,0,0,0,0,0,0,0,0,0,0,0,0,0,0,0,0,0,1.38354e+0,9.22300e-2,0,0,0,0,0,0,2.38227e-1,0,0,0,0,0,0,0,1.09799e+0,1.39723e+0,0,0,0,0,0,0,4.82961e+0
"Rest Central America","CRI","Costa Rica",6.43770e-3,5.07513e-3,1.93095e-1,0,1.11620e-1,0,0,2.87633e-2,5.30153e+0,1.28089e+0,1.14700e-1,0,0,0,0,0,0,0,0,0,0,0,0,0,0,0,0,0,0,0,0,0,0,1.39325e+2,3.10349e+0,1.32593e+1,0,0,0,0,2.40672e+0,9.68214e-1,0,0,0,0,0,0,0,3.09117e+0,1.14276e+1,0,0,0,0,0,0,1.80624e+2
"Rest Central America","CUB","Cuba",1.10826e+0,9.35439e-3,3.97034e+0,0,9.36652e-1,0,1.13714e-1,8.17683e-2,3.86362e+1,6.50298e+0,3.39784e+0,0,0,0,0,0,0,0,0,0,0,0,0,0,0,0,0,0,0,0,0,0,0,2.97620e+2,9.59183e+0,7.02512e+1,0,0,0,0,1.74578e+1,2.20059e+1,3.82160e+0,0,0,0,0,0,0,3.91674e+1,6.39463e+1,0,0,0,0,0,0,5.78619e+2
"Rest Central America","CYM","Cayman Islands",1.37410e-3,0,2.47171e-3,1.43400e-6,2.74236e-3,0,2.17490e-5,0,1.77899e-2,0,2.42297e-2,0,0,0,0,0,0,0,0,0,0,0,0,0,0,0,0,0,0,0,0,0,0,3.00483e-1,1.26819e-2,0,0,0,0,0,0,4.00322e-6,0,0,0,0,0,0,0,4.17542e-1,8.31525e-2,0,0,0,0,0,0,8.62494e-1
"Rest Central America","DMA","Dominica",2.28008e-3,0,9.72045e-3,1.33150e-6,1.96257e-3,0,1.93830e-5,0,5.20810e-3,2.88576e-2,8.06715e-3,0,0,0,0,0,0,0,0,0,0,0,0,0,0,0,0,0,0,0,0,0,0,5.34794e-1,1.63150e-2,0,0,0,0,0,0,2.24419e-3,0,0,0,0,0,0,0,2.86693e-1,3.98608e-1,0,0,0,0,0,0,1.29477e+0
"Rest Central America","DOM","Dominican Republic",8.23906e-2,0,1.10180e+0,0,3.21739e-1,0,0,1.50725e-3,1.26205e+1,1.95089e+1,3.53754e-1,0,0,0,0,0,0,0,0,0,0,0,0,0,0,0,0,0,0,0,0,0,0,1.22335e+2,3.05273e+0,4.58530e+1,0,0,0,0,2.19535e+0,3.85550e+0,1.74005e+0,0,0,0,0,0,0,1.74692e+1,3.10574e+1,2.62510e-1,0,0,0,0,0,2.61811e+2
"Rest Central America","GLP","Guadeloupe",1.15260e-2,0,4.39931e-2,1.41698e-4,3.17214e-2,0,2.08894e-4,0,5.04368e-1,1.04943e-1,1.99161e-1,0,0,0,0,0,0,0,0,0,0,0,0,0,0,0,0,0,0,0,0,0,0,5.21453e+0,1.38630e-1,0,0,0,0,0,0,2.59638e-1,0,0,0,0,0,0,0,2.08281e+0,1.87002e+0,0,0,0,0,0,0,1.04617e+1
"Rest Central America","GRD","Grenada",2.93794e-3,0,1.18846e-2,6.58751e-6,1.99654e-3,0,1.93130e-5,0,9.27325e-3,9.84632e-2,1.35481e-2,0,0,0,0,0,0,0,0,0,0,0,0,0,0,0,0,0,0,0,0,0,0,4.84794e-1,1.44272e-2,0,0,0,0,0,0,4.67724e-3,0,0,0,0,0,0,0,1.81326e-1,4.47317e-1,0,0,0,0,0,0,1.27067e+0
"Rest Central America","GTM","Guatemala",8.09687e-2,2.03666e-3,3.65467e-1,0,2.50569e-1,0,0,0,2.70622e+1,2.16766e+0,8.53615e-1,0,0,0,0,0,0,0,0,0,0,0,0,0,0,0,0,0,0,0,0,0,0,1.11021e+2,3.02687e+0,2.99237e+0,0,0,0,0,1.02034e+1,3.06662e+0,1.23651e+1,0,0,0,0,0,0,7.20119e+0,3.11163e+1,0,0,0,0,0,0,2.11776e+2
"Rest Central America","HND","Honduras",5.77778e-3,7.11756e-4,3.18196e-1,0,9.93566e-2,0,0,0,1.31116e+1,6.89710e-1,6.03828e-2,0,0,0,0,0,0,0,0,0,0,0,0,0,0,0,0,0,0,0,0,0,0,1.08416e+2,3.05068e+0,2.57963e+0,0,0,0,0,1.35518e+1,1.26806e+0,1.28840e+1,0,0,0,0,0,0,2.42210e+0,1.61628e+1,0,0,0,0,0,0,1.74621e+2
"Rest Central America","HTI","Haiti",7.66185e-3,0,1.79153e-1,0,3.76118e-2,0,0,6.65700e-3,1.35325e+1,2.61105e+1,0,0,0,0,0,0,0,0,0,0,0,0,0,0,0,0,0,0,0,0,0,0,0,8.04477e+1,3.09322e+0,8.59876e+0,0,0,0,0,0,1.46422e+0,0,0,0,0,0,0,0,7.68779e+0,2.65684e+1,0,0,0,0,0,0,1.67734e+2
"Rest Central America","JAM","Jamaica",2.19294e-1,6.28020e-4,1.07266e-1,6.28019e-5,1.89424e-1,0,0,0,1.34890e+0,1.08383e+0,1.33684e-1,0,0,0,0,0,0,0,0,0,0,0,0,0,0,0,0,0,0,0,0,0,0,2.03433e+1,6.95702e-1,9.88858e-2,0,0,0,0,0,7.78826e-1,0,0,0,0,0,0,0,6.46671e+0,1.03408e+1,0,0,0,0,0,0,4.18073e+1
"Rest Central America","KNA","Saint Kitts and Nevis",1.68965e-3,0,5.60182e-3,2.09910e-5,2.43743e-3,0,1.56240e-5,0,1.65195e-1,0,1.39171e-2,0,0,0,0,0,0,0,0,0,0,0,0,0,0,0,0,0,0,0,0,0,0,3.95605e-1,9.93490e-3,0,0,0,0,0,0,1.03341e-1,0,0,0,0,0,0,0,3.39646e-1,2.92563e-1,0,0,0,0,0,0,1.32997e+0
"Rest Central America","LCA","Saint Lucia",4.27594e-3,0,1.59022e-2,1.90400e-6,6.38150e-3,0,4.14750e-5,0,3.08366e-2,2.99598e-2,2.43662e-2,0,0,0,0,0,0,0,0,0,0,0,0,0,0,0,0,0,0,0,0,0,0,7.90541e-1,2.81835e-2,0,0,0,0,0,0,7.56267e-3,0,0,0,0,0,0,0,1.16533e-1,5.55282e-1,0,0,0,0,0,0,1.60987e+0
"Rest Central America","MSR","Montserrat",4.62949e-4,0,1.53962e-3,1.58450e-6,1.44113e-3,0,9.43600e-6,0,3.22729e-3,0,4.48805e-3,0,0,0,0,0,0,0,0,0,0,0,0,0,0,0,0,0,0,0,0,0,0,5.61687e-1,1.18400e-2,0,0,0,0,0,0,5.06705e-5,0,0,0,0,0,0,0,9.66430e-3,5.25321e-2,0,0,0,0,0,0,6.46944e-1
"Rest Central America","MTQ","Martinique",1.23091e-2,0,4.33563e-2,7.52274e-5,1.84028e-2,0,1.19476e-4,0,9.78557e-2,1.20607e-1,1.44188e-1,0,0,0,0,0,0,0,0,0,0,0,0,0,0,0,0,0,0,0,0,0,0,3.15362e+0,1.07555e-1,0,0,0,0,0,0,6.76508e-2,0,0,0,0,0,0,0,3.28473e+0,1.72488e+0,0,0,0,0,0,0,8.77535e+0
"Rest Central America","NIC","Nicaragua",1.52993e-2,9.31506e-4,2.90497e-1,2.09339e-4,1.25114e-1,0,2.63768e-3,0,8.09892e+0,1.97060e+0,1.56413e-1,0,0,0,0,0,0,0,0,0,0,0,0,0,0,0,0,0,0,0,0,0,0,1.37327e+2,3.84867e+0,7.32614e+0,0,0,0,0,1.37930e+1,1.19909e+0,0,0,0,0,0,0,0,1.34498e+1,1.47471e+1,0,0,0,0,0,0,2.02351e+2
"Rest Central America","PAN","Panama",6.48073e-2,5.33965e-3,1.45324e-1,0,2.85549e-1,0,0,1.58261e-2,5.22356e+0,9.85300e-2,4.58965e-1,0,0,0,0,0,0,0,0,0,0,0,0,0,0,0,0,0,0,0,0,0,0,8.88899e+1,1.97191e+0,1.63377e+1,0,0,0,0,2.37653e+0,1.02206e+0,0,0,0,0,0,0,0,5.13075e+0,9.04325e+0,0,0,0,0,0,0,1.31070e+2
"Rest Central America","PRI","Puerto Rico",0,0,0,0,0,0,0,0,0,0,0,0,0,0,0,0,0,0,0,0,0,0,0,0,0,0,0,0,0,0,0,0,0,3.32397e+1,9.19273e-1,1.11784e-1,0,0,0,0,0,4.32714e-1,2.90578e-1,0,0,0,0,0,0,2.15579e+1,1.49346e+1,0,0,0,0,0,0,7.14865e+1
"Rest Central America","SLV","El Salvador",7.75436e-3,1.24654e-3,1.90339e-1,0,1.52868e-1,0,0,0,1.80029e+1,1.97060e-1,1.55063e-1,0,0,0,0,0,0,0,0,0,0,0,0,0,0,0,0,0,0,0,0,0,0,5.32684e+1,1.96675e+0,1.92612e+0,0,0,0,0,2.50056e-1,1.13520e+0,0,0,0,0,0,0,0,9.64429e+0,2.06730e+1,0,0,0,0,0,0,1.07571e+2
"Rest Central America","TCA","Turks and Caicos Islands",2.35800e-4,0,1.07757e-3,0,0,0,0,0,8.72000e-5,2.97260e-3,0,0,0,0,0,0,0,0,0,0,0,0,0,0,0,0,0,0,0,0,0,0,0,0,0,0,0,0,0,0,0,0,0,0,0,0,0,0,0,3.82434e-2,3.61648e-2,0,0,0,0,0,0,7.87813e-2
"Rest Central America","TTO","Trinidad and Tobago",1.38103e-1,1.08520e-1,1.47375e-2,0,4.84313e-1,0,0,0,6.95188e-1,1.33099e-1,1.09466e+2,0,0,0,0,0,0,0,0,0,0,0,0,0,0,0,0,0,0,0,0,0,0,4.94212e+0,2.31260e-1,1.73694e-1,0,0,0,0,0,3.63401e-1,0,0,0,0,0,0,0,6.74383e+0,1.12783e+1,0,0,0,0,0,0,1.34773e+2
"Rest Central America","VCT","Saint Vincent and the Grenadines",3.22246e-3,0,1.33479e-2,4.48500e-7,1.70836e-3,0,1.09830e-5,0,3.91200e-2,2.58182e-2,8.66354e-3,0,0,0,0,0,0,0,0,0,0,0,0,0,0,0,0,0,0,0,0,0,0,5.46182e-1,1.89120e-2,0,0,0,0,0,0,2.08586e-2,0,0,0,0,0,0,0,1.70824e-1,4.31515e-1,0,0,0,0,0,0,1.28018e+0
"Rest Central America","VGB","Virgin Islands_British",5.99269e-4,0,1.54367e-3,2.46550e-6,2.25558e-3,0,1.46860e-5,0,6.03530e-3,1.87040e-3,7.98533e-3,0,0,0,0,0,0,0,0,0,0,0,0,0,0,0,0,0,0,0,0,0,0,5.28694e-1,3.48443e-2,0,0,0,0,0,0,0,0,0,0,0,0,0,0,7.61841e-2,5.24027e-2,0,0,0,0,0,0,7.12432e-1
"Rest Central America","VIR","Virgin Islands_USA",0,0,0,0,0,0,0,0,0,0,0,0,0,0,0,0,0,0,0,0,0,0,0,0,0,0,0,0,0,0,0,0,0,6.51000e-2,1.83681e-2,0,0,0,0,0,0,8.73979e-2,0,0,0,0,0,0,0,7.39309e-1,4.60870e-1,0,0,0,0,0,0,1.37104e+0
"Brazil","BRA","Brazil",6.70888e-1,4.08554e+0,1.95228e+1,4.14911e-2,1.33537e+1,1.00433e-1,6.43009e-1,0,2.10340e+2,6.63605e+2,1.22116e+2,0,0,0,0,0,1.20867e+0,1.85386e+0,0,0,0,0,0,0,0,0,0,0,0,0,0,0,0,7.29142e+3,1.96986e+2,5.96652e+2,0,0,0,0,5.08944e+2,1.06250e+2,1.91797e+3,1.15598e+0,0,0,0,0,0,3.49590e+2,1.13262e+3,4.80529e+0,0,0,0,0,0,1.31439e+4
"Rest South America","ARG","Argentina",3.94144e-1,3.51182e-1,2.10663e+0,1.72077e-2,6.24579e+0,0,4.65991e-2,0,4.95313e+0,2.80089e+1,3.97407e+2,0,0,0,0,0,1.94710e-1,1.22096e-1,0,0,0,0,0,0,0,0,0,0,0,0,0,0,0,3.40128e+3,6.64466e+1,1.96051e+1,0,0,0,0,1.37160e+1,3.08856e+1,4.21336e+1,9.07512e+1,0,0,0,0,0,1.01819e+2,1.69608e+2,0,0,0,0,0,0,4.37609e+3
"Rest South America","BOL","Bolivia",4.16225e-2,4.04445e-2,2.51501e-1,1.69565e-3,3.01256e-1,1.73752e-3,0,0,1.19251e+1,2.46325e+0,9.36994e+1,0,0,0,0,0,0,0,0,0,0,0,0,0,0,0,0,0,0,0,0,0,0,3.16879e+2,8.76172e+0,9.33826e+0,0,0,0,0,1.47970e+2,1.64843e+0,3.20967e+2,0,0,0,0,0,0,7.68605e+0,2.64264e+1,0,0,0,0,0,0,9.48403e+2
"Rest South America","BVT","Bouvet Island",0,0,0,0,0,0,0,0,0,0,0,0,0,0,0,0,0,0,0,0,0,0,0,0,0,0,0,0,0,0,0,0,0,0,0,0,0,0,0,0,0,0,0,0,0,0,0,0,0,0,0,0,0,0,0,0,0,0,
"Rest South America","CHL","Chile",8.18238e-2,7.98029e-2,8.96427e-1,0,1.16575e+0,4.12609e-3,3.66345e-2,0,1.64569e+1,3.69986e+1,5.93248e+1,0,0,0,0,0,0,1.80578e-2,0,0,0,0,0,0,0,0,0,0,0,0,0,0,0,3.05620e+2,6.42930e+0,6.36308e+0,0,0,0,0,0,1.23836e+0,2.17666e+0,4.93632e+0,0,0,0,0,0,2.37577e+1,9.81184e+1,0,0,0,0,0,0,5.63703e+2
"Rest South America","COL","Colombia",1.84382e-1,1.23010e-1,1.41680e+0,0,3.76502e+0,2.94123e-3,1.05507e-2,0,5.26438e+1,2.66483e+1,1.62904e+2,0,0,0,0,0,2.09340e-2,1.78500e-2,0,0,0,0,0,0,0,0,0,0,0,0,0,0,0,1.45279e+3,3.50121e+1,1.56217e+2,0,0,0,0,2.44824e+1,9.83807e+0,1.11302e+2,0,0,0,0,0,0,4.02572e+1,1.36696e+2,0,0,0,0,0,0,2.21433e+3
"Rest South America","ECU","Ecuador",3.38683e-2,4.13688e-2,2.14657e-1,8.37360e-5,1.06515e+0,0,8.90953e-2,0,1.53478e+1,1.27259e+1,4.65119e+1,0,0,0,0,0,5.07600e-5,0,0,0,0,0,0,0,0,0,0,0,0,0,0,0,0,2.01870e+2,8.87043e+0,5.01125e+1,0,0,0,0,1.25489e+0,2.30449e+0,1.14444e+0,0,0,0,0,0,0,8.71987e+0,3.78205e+1,0,0,0,0,0,0,3.88127e+2
"Rest South America","FLK","Falkland Islands (Malvinas)",2.08107e-4,0,2.46288e-4,1.80800e-6,2.05080e-4,0,1.19000e-6,0,2.46091e-3,6.91380e-3,2.50834e-3,0,0,0,0,0,0,0,0,0,0,0,0,0,0,0,0,0,0,0,0,0,0,3.89727e+0,7.66370e-2,0,0,0,0,0,0,0,0,0,0,0,0,0,0,8.52597e-3,8.59337e-3,3.02393e-5,0,0,0,0,0,4.00360e+0
"Rest South America","GUF","French Guiana",3.21828e-3,0,9.93384e-3,6.47064e-5,6.73782e-3,0,4.34980e-5,0,1.36838e-1,1.22478e-1,8.91168e-2,0,0,0,0,0,0,0,0,0,0,0,0,0,0,0,0,0,0,0,0,0,0,5.33381e-1,2.84291e-2,7.65290e-2,0,0,0,0,0,4.47167e-3,7.23724e-1,0,0,0,0,0,0,4.25057e-1,3.60769e-1,1.62011e-3,0,0,0,0,0,2.52241e+0
"Rest South America","GUY","Guyana",3.11904e-2,0,1.00150e-1,1.04426e-4,3.55400e-2,0,2.24672e-4,0,3.29123e+0,1.67000e-3,2.93282e-1,0,0,0,0,0,0,0,0,0,0,0,0,0,0,0,0,0,0,0,0,0,0,8.89438e+0,4.73100e-1,3.70268e+1,0,0,0,0,3.29568e+0,1.40380e+0,1.88006e+1,0,0,0,0,0,0,1.05583e+0,4.04499e+0,3.50881e-3,0,0,0,0,0,7.87521e+1
"Rest South America","PER","Peru",1.04040e-1,1.00801e-1,7.16360e-1,1.04670e-4,1.45740e+0,0,5.24606e-2,0,3.74720e+1,1.87472e+1,5.14544e+1,0,0,0,0,0,3.58560e-4,1.11644e-1,0,0,0,0,0,0,0,0,0,0,0,0,0,0,0,3.08106e+2,9.92742e+0,7.38321e+1,0,0,0,0,9.60672e-1,3.67375e+0,4.07939e+1,0,0,0,0,0,0,2.94533e+1,8.53337e+1,0,0,0,0,0,0,6.62298e+2
"Rest South America","PRY","Paraguay",2.22319e-2,1.96892e-2,7.38426e-1,0,1.35187e-1,1.88406e-2,5.86152e-4,0,1.44108e+1,8.57211e+0,5.87061e-2,0,0,0,0,0,0,0,0,0,0,0,0,0,0,0,0,0,0,0,0,0,0,3.95163e+2,8.44563e+0,5.40003e+0,0,0,0,0,7.46088e+1,1.91592e+0,8.12875e+1,8.63736e+0,0,0,0,0,0,7.61930e+0,1.50628e+1,0,0,0,0,0,0,6.22117e+2
"Rest South America","SGS","South Georgia and the South Sandwich Islands",0,0,0,0,0,0,0,0,0,0,0,0,0,0,0,0,0,0,0,0,0,0,0,0,0,0,0,0,0,0,0,0,0,0,0,0,0,0,0,0,0,0,0,0,0,0,0,0,0,0,0,0,0,0,0,0,0,0,
"Rest South America","SUR","Suriname",1.77267e-2,0,4.82296e-2,4.37700e-5,3.53618e-2,0,2.27710e-4,0,3.02789e-1,7.36403e-1,9.11205e-1,0,0,0,0,0,0,0,0,0,0,0,0,0,0,0,0,0,0,0,0,0,0,2.87543e+0,1.86871e-1,3.23197e+1,0,0,0,0,0,2.52771e-1,1.45112e+1,0,0,0,0,0,0,1.14245e+0,2.13546e+0,4.14671e-3,0,0,0,0,0,5.54801e+1
"Rest South America","URY","Uruguay",1.79838e-2,3.31431e-3,1.77521e-1,2.51208e-4,2.73283e-1,0,0,4.01934e-3,4.48189e+0,1.98944e-1,4.27843e-1,0,0,0,0,0,0,2.90632e-4,0,0,0,0,0,0,0,0,0,0,0,0,0,0,0,8.09279e+2,1.54668e+1,3.05824e+1,0,0,0,0,0,9.95828e-1,0,0,0,0,0,0,0,1.38273e+1,1.49636e+1,0,0,0,0,0,0,8.90700e+2
"Rest South America","VEN","Venezuela",4.34361e-1,6.30381e-1,7.80712e-1,0,8.47384e+0,3.75305e-2,0,2.00966e-3,6.39635e+0,1.08006e+0,6.74767e+2,0,0,0,0,0,1.81378e-1,9.52657e-2,0,0,0,0,0,0,0,0,0,0,0,0,0,0,0,6.82091e+2,1.96010e+1,3.90383e+1,0,0,0,0,3.71280e+1,2.79559e+0,7.81116e+1,0,0,0,0,0,0,5.75286e+1,9.29401e+1,0,0,0,0,0,0,1.70211e+3
"Northern_Africa","DZA","Algeria",3.03583e-1,7.29651e-1,1.67598e-1,0,1.59589e+0,1.00776e-2,9.08536e-3,0,1.69485e+1,2.88330e+1,7.76813e+2,0,0,0,0,0,1.30914e-1,1.58340e-1,0,0,0,0,0,0,0,0,0,0,0,0,0,0,0,1.60553e+2,6.26135e+0,7.39354e-2,0,0,0,0,0,7.40758e-2,0,0,0,0,0,0,0,3.08164e+1,7.33970e+1,0,0,0,0,0,0,1.09688e+3
"Northern_Africa","EGY","Egypt",8.33057e-2,4.63119e-2,1.17377e+0,1.71658e-3,1.67900e+0,0,1.84637e-2,2.72561e-2,4.36063e+1,8.70981e+1,2.21369e+2,0,0,0,0,0,2.17800e-3,1.20165e-1,0,0,0,0,0,0,0,0,0,0,0,0,0,0,0,2.49006e+2,7.56819e+0,1.94725e+2,0,0,0,0,0,2.68869e-1,0,0,0,0,0,0,0,6.24369e+1,1.68961e+2,0,0,0,0,0,0,1.03819e+3
"Northern_Africa","ESH","Western Sahara",1.18534e-3,6.90228e-5,3.01962e-4,1.92975e-5,6.37303e-3,3.83460e-6,1.29360e-5,0,6.72512e-3,0,2.92111e-3,0,0,0,0,0,0,0,0,0,0,0,0,0,0,0,0,0,0,0,0,0,0,8.70367e+0,2.49230e-1,0,0,0,0,0,0,5.94540e-5,0,0,0,0,0,0,0,1.15820e-1,7.66286e-1,0,0,0,0,0,0,9.85268e+0
"Northern_Africa","LBY","Libyan Arab Jamahiriya",9.04970e-2,9.51929e-2,7.87537e-2,4.18681e-5,1.52563e+0,0,0,0,1.96787e+0,3.04331e+0,5.64793e+2,0,0,0,0,0,6.45150e-1,0,0,0,0,0,0,0,0,0,0,0,0,0,0,0,0,5.09840e+1,1.86283e+0,0,0,0,0,0,0,1.26857e-2,0,0,0,0,0,0,0,1.08556e+1,1.56459e+1,0,0,0,0,0,0,6.51601e+2
"Northern_Africa","MAR","Morocco",1.33785e-2,4.14493e-3,1.66216e-1,0,4.33768e-1,3.82255e-3,3.42899e-2,0,2.26491e+1,1.59906e+1,8.80343e+0,0,0,0,0,0,0,0,0,0,0,0,0,0,0,0,0,0,0,0,0,0,0,1.90608e+2,6.50277e+0,1.76037e-1,0,0,0,0,0,1.88161e-1,0,0,0,0,0,0,0,2.39422e+1,8.26563e+1,0,0,0,0,0,0,3.52172e+2
"Northern_Africa","TUN","Tunisia",5.12831e-2,1.58899e-3,6.26763e-2,0,2.29251e-1,5.56009e-3,9.96457e-3,0,5.99509e+0,8.67064e+0,3.25410e+1,0,0,0,0,0,0,8.82000e-3,0,0,0,0,0,0,0,0,0,0,0,0,0,0,0,6.47299e+1,2.76083e+0,0,0,0,0,0,0,5.32388e-2,0,0,0,0,0,0,0,1.21016e+1,2.57453e+1,0,0,0,0,0,0,1.52967e+2
"Western_Africa","BEN","Benin",7.53624e-4,0,1.38164e-3,0,5.91380e-2,0,0,0,1.79597e+1,1.17251e+1,5.11662e-1,0,0,0,0,0,0,0,0,0,0,0,0,0,0,0,0,0,0,0,0,0,0,3.79340e+1,2.24673e+0,1.36957e+0,0,0,0,0,3.65832e+1,2.66479e-1,8.25860e+1,0,0,0,0,0,0,1.90411e+0,1.69709e+1,0,0,0,0,0,0,2.10119e+2
"Western_Africa","BFA","Burkina Faso",1.15604e-3,6.73172e-5,3.58251e-4,1.62293e-4,4.35382e-2,3.73915e-6,1.26140e-5,0,2.85187e+1,2.43397e+1,7.21897e-3,0,0,0,0,0,0,0,0,0,0,0,0,0,0,0,0,0,0,0,0,0,0,1.31338e+2,5.86891e+0,4.41852e+0,0,0,0,0,3.44592e+1,5.80664e-1,0,0,0,0,0,0,0,1.13667e+0,2.82364e+1,0,0,0,0,0,0,2.58949e+2
"Western_Africa","CAF","Central African Republic",6.43135e-4,3.74496e-5,1.11351e-4,8.56995e-5,1.60048e-2,2.07915e-6,7.01400e-6,0,9.45221e+0,2.62581e+0,3.36174e-3,0,0,0,0,0,0,0,0,0,0,0,0,0,0,0,0,0,0,0,0,0,0,6.89566e+1,2.39098e+0,2.48212e+0,0,0,0,0,1.25959e+3,1.64690e-1,3.46127e+2,0,0,0,0,0,0,3.39693e+0,1.04666e+1,0,0,0,0,0,0,1.70567e+3
"Western_Africa","CIV","Cote d'Ivoire",2.05858e-3,4.19316e-3,2.20644e-2,0,3.48652e-1,2.25878e-3,1.08438e-2,0,2.61893e+1,3.98061e+1,2.16467e+0,0,0,0,0,0,0,0,0,0,0,0,0,0,0,0,0,0,0,0,0,0,0,3.63663e+1,1.83015e+0,1.70514e+1,0,0,0,0,2.03772e+1,7.83378e-1,2.81289e+2,0,0,0,0,0,0,1.34361e+1,3.47603e+1,0,0,0,0,0,0,4.74444e+2
"Western_Africa","CMR","Cameroon",3.51690e-3,0,7.66185e-3,0,3.59515e-1,0,0,0,2.41438e+1,6.40445e+0,1.30956e+1,0,0,0,0,0,0,0,0,0,0,0,0,0,0,0,0,0,0,0,0,0,0,1.44598e+2,5.38020e+0,4.85862e+0,0,0,0,0,1.32917e+2,6.20308e-1,1.36258e+2,0,0,0,0,0,0,1.16292e+1,4.39380e+1,0,0,0,0,0,0,5.24214e+2
"Western_Africa","COD","Congo_the Democratic Republic of the",4.14492e-3,5.02416e-4,4.52174e-2,0,1.91745e-1,0,0,0,1.24595e+2,7.43530e+0,3.09788e+0,0,0,0,0,0,0,0,0,0,0,0,0,0,0,0,0,0,0,0,0,0,0,3.88436e+0,1.59492e-1,5.43955e+1,0,0,0,0,9.68592e+2,2.87672e+0,2.46765e+3,0,0,0,0,0,0,3.64244e+1,1.12330e+2,0,0,0,0,0,0,3.78168e+3
"Western_Africa","COG","Congo",6.28020e-4,0,2.00966e-3,9.00161e-4,9.14671e-2,0,0,0,3.33477e+0,1.56663e+1,5.58731e+1,0,0,0,0,0,0,0,0,0,0,0,0,0,0,0,0,0,0,0,0,0,0,5.98441e+1,2.76859e+0,3.69678e-1,0,0,0,0,2.13101e+1,1.33890e-1,1.03414e+2,0,0,0,0,0,0,2.54668e+0,8.35997e+0,0,0,0,0,0,0,2.73716e+2
"Western_Africa","CPV","Cape Verde",7.71123e-4,4.49030e-5,1.07214e-4,2.50645e-5,9.19550e-3,2.49415e-6,8.41400e-6,0,1.54444e-2,8.71740e-3,2.15424e-3,0,0,0,0,0,0,0,0,0,0,0,0,0,0,0,0,0,0,0,0,0,0,9.61152e-1,2.24759e-1,0,0,0,0,0,0,7.23623e-3,0,0,0,0,0,0,0,2.48400e-1,1.32664e+0,0,0,0,0,0,0,2.80466e+0
"Western_Africa","GAB","Gabon",4.89855e-3,0,3.29502e-2,0,6.18076e-2,0,0,0,1.49943e+0,6.33832e-1,1.11440e+2,0,0,0,0,0,0,0,0,0,0,0,0,0,0,0,0,0,0,0,0,0,0,1.26132e+0,1.81217e-1,7.04147e-2,0,0,0,0,4.90224e-1,2.89615e-2,8.44900e+0,0,0,0,0,0,0,2.51472e+0,3.59545e+0,0,0,0,0,0,0,1.30265e+2
"Western_Africa","GHA","Ghana",1.13044e-3,1.54912e-3,3.13257e-1,0,4.30615e-1,2.08503e-3,3.80999e-3,0,4.05028e+1,2.57163e+1,2.85380e-1,0,0,0,0,0,0,0,0,0,0,0,0,0,0,0,0,0,0,0,0,0,0,4.90500e+1,2.44992e+0,1.07383e+1,0,0,0,0,9.27552e+1,4.47039e-1,2.76060e+1,0,0,0,0,0,0,1.38590e+1,4.84450e+1,0,0,0,0,0,0,3.12607e+2
"Western_Africa","GIN","Guinea",2.10555e-3,1.06560e-4,1.38121e-3,1.85953e-4,8.44884e-2,5.91790e-6,1.99710e-5,0,3.08617e+1,1.33049e+1,1.34672e-2,0,0,0,0,0,0,0,0,0,0,0,0,0,0,0,0,0,0,0,0,0,0,5.12561e+1,1.83467e+0,9.04253e+1,0,0,0,0,7.93200e+1,6.05478e-1,1.03843e+2,0,0,0,0,0,0,3.62384e+0,2.12909e+1,0,0,0,0,0,0,3.96468e+2
"Western_Africa","GMB","Gambia",9.06596e-4,5.27922e-5,1.19691e-4,2.76104e-5,2.95110e-2,2.92990e-6,9.89100e-6,0,1.24769e+0,2.03583e+0,2.69576e-3,0,0,0,0,0,0,0,0,0,0,0,0,0,0,0,0,0,0,0,0,0,0,1.16405e+1,4.46125e-1,4.78820e+0,0,0,0,0,4.17096e+0,4.16747e-2,0,0,0,0,0,0,0,5.14965e-1,2.53547e+0,0,0,0,0,0,0,2.74548e+1
"Western_Africa","GNB","Guinea-Bissau",2.94591e-4,1.71520e-5,1.06965e-4,1.93240e-5,7.33444e-3,9.50350e-7,3.21300e-6,0,1.73018e+0,7.13424e-2,1.43795e-3,0,0,0,0,0,0,0,0,0,0,0,0,0,0,0,0,0,0,0,0,0,0,1.16750e+1,6.67501e-1,2.51733e+1,0,0,0,0,7.33992e+0,1.59584e-1,0,0,0,0,0,0,0,4.46135e-1,3.17324e+0,0,0,0,0,0,0,5.04454e+1
"Western_Africa","GNQ","Equatorial Guinea",1.90833e-4,3.21916e-5,7.10190e-5,2.47415e-5,6.02608e-3,1.78450e-6,6.02700e-6,0,1.53597e+0,3.54007e-1,7.04696e-1,0,0,0,0,0,0,0,0,0,0,0,0,0,0,0,0,0,0,0,0,0,0,3.37395e-1,1.88060e-2,0,0,0,0,0,0,6.31126e-3,0,0,0,0,0,0,0,2.80227e-1,1.21821e+0,0,0,0,0,0,0,4.46198e+0
"Western_Africa","LBR","Liberia",7.12200e-3,3.60440e-4,2.45654e-3,2.83628e-4,1.69677e-1,2.00237e-5,6.75500e-5,0,8.05995e+0,6.50505e+0,2.89290e-2,0,0,0,0,0,0,0,0,0,0,0,0,0,0,0,0,0,0,0,0,0,0,3.66140e+0,2.86815e-1,3.74472e+0,0,0,0,0,1.00356e+0,2.39555e-1,8.38168e-2,0,0,0,0,0,0,1.84008e+0,8.27015e+0,0,0,0,0,0,0,3.39040e+1
"Western_Africa","MLI","Mali",2.06854e-3,1.20454e-4,3.29100e-4,7.22725e-5,8.10831e-2,6.68980e-6,2.25750e-5,0,1.23118e+1,5.71474e-1,7.31265e-3,0,0,0,0,0,0,0,0,0,0,0,0,0,0,0,0,0,0,0,0,0,0,2.95953e+2,1.13452e+1,3.20387e+1,0,0,0,0,5.14776e+1,4.41750e-1,3.28413e+1,0,0,0,0,0,0,2.65388e+0,3.00572e+1,0,0,0,0,0,0,4.69783e+2
"Western_Africa","MRT","Mauritania",1.41072e-3,7.02304e-5,1.09198e-3,1.12976e-4,6.97308e-2,8.89500e-6,1.31600e-5,0,3.63183e+0,5.73328e+0,9.67193e-3,0,0,0,0,0,0,0,0,0,0,0,0,0,0,0,0,0,0,0,0,0,0,1.26812e+2,5.31669e+0,7.04147e-1,0,0,0,0,7.62528e-3,7.26299e-2,0,0,0,0,0,0,0,1.00858e+0,7.73141e+0,0,0,0,0,0,0,1.51100e+2
"Western_Africa","NER","Niger",4.70303e-3,2.30528e-4,2.58056e-3,3.61975e-5,4.71985e-2,4.49209e-5,4.32040e-5,0,1.58815e+1,1.86170e+1,9.62266e-3,0,0,0,0,0,0,0,0,0,0,0,0,0,0,0,0,0,0,0,0,0,0,1.87055e+2,8.22273e+0,3.55594e+0,0,0,0,0,1.10604e+0,7.23620e-1,0,0,0,0,0,0,0,1.62962e+0,2.53545e+1,0,0,0,0,0,0,2.62210e+2
"Western_Africa","NGA","Nigeria",2.22394e-1,5.00567e-2,1.88825e-1,0,3.15530e+0,4.08004e-3,2.84283e-2,0,1.64775e+2,5.42973e+1,8.88400e+2,0,0,0,0,0,0,0,0,0,0,0,0,0,0,0,0,0,0,0,0,0,0,7.03480e+2,2.13799e+1,1.03509e+2,0,0,0,0,1.23418e+2,3.64687e+0,1.81621e+1,0,0,0,0,0,0,3.15422e+1,2.84860e+2,0,0,0,0,0,0,2.40112e+3
"Western_Africa","SEN","Senegal",0,7.68115e-4,2.10010e-2,0,1.18544e-1,1.04251e-3,1.23092e-2,0,1.49873e+1,2.89678e+1,1.29913e-1,0,0,0,0,0,0,0,0,0,0,0,0,0,0,0,0,0,0,0,0,0,0,1.00032e+2,4.24104e+0,1.18121e+1,0,0,0,0,3.12624e+1,1.98654e-1,0,0,0,0,0,0,0,6.94597e+0,2.72615e+1,0,0,0,0,0,0,2.25992e+2
"Western_Africa","SHN","Saint Helena",4.09680e-6,7.67750e-7,2.30400e-6,3.28850e-6,3.20397e-4,3.73500e-8,0,0,1.02380e-4,0,1.15080e-6,0,0,0,0,0,0,0,0,0,0,0,0,0,0,0,0,0,0,0,0,0,0,7.58948e-2,6.05552e-3,0,0,0,0,0,0,0,0,0,0,0,0,0,0,4.43425e-3,2.59924e-2,0,0,0,0,0,0,1.12811e-1
"Western_Africa","SLE","Sierra Leone",3.65305e-3,1.84878e-4,1.13130e-3,1.57306e-4,3.33430e-2,1.02671e-5,3.46430e-5,0,1.71715e+1,1.43734e+1,1.28797e-2,0,0,0,0,0,0,0,0,0,0,0,0,0,0,0,0,0,0,0,0,0,0,1.31324e+1,5.93311e-1,4.39856e+1,0,0,0,0,1.85441e+1,4.48073e-1,9.95996e+0,0,0,0,0,0,0,2.59949e+0,1.42253e+1,0,0,0,0,0,0,1.35085e+2
"Western_Africa","STP","Sao Tome and Principe",2.70747e-4,1.57659e-5,3.48510e-5,4.82750e-6,2.99529e-3,8.75650e-7,2.95400e-6,0,4.42367e-3,3.66131e-1,5.53294e-4,0,0,0,0,0,0,0,0,0,0,0,0,0,0,0,0,0,0,0,0,0,0,1.48312e-1,1.31858e-2,0,0,0,0,0,0,1.98249e-3,0,0,0,0,0,0,0,1.36767e-1,3.94120e-1,0,0,0,0,0,0,1.06880e+0
"Western_Africa","TCD","Chad",1.24735e-3,7.26333e-5,1.78314e-4,3.31149e-5,1.14093e-2,4.03380e-6,1.36080e-5,0,1.56070e+1,2.08464e+1,4.53345e-3,0,0,0,0,0,0,0,0,0,0,0,0,0,0,0,0,0,0,0,0,0,0,2.02465e+2,7.66743e+0,7.27032e+0,0,0,0,0,1.57354e+2,2.41903e-1,0,0,0,0,0,0,0,1.77407e+0,2.04244e+1,0,0,0,0,0,0,4.33668e+2
"Western_Africa","TGO","Togo",8.79229e-4,0,0,0,7.56136e-2,0,0,0,1.50668e+1,1.55677e+1,0,0,0,0,0,0,0,0,0,0,0,0,0,0,0,0,0,0,0,0,0,0,0,1.51563e+1,8.81318e-1,4.99945e+0,0,0,0,0,3.68016e+1,2.19352e-1,1.60358e+1,0,0,0,0,0,0,1.77752e+0,1.28569e+1,0,0,0,0,0,0,1.19439e+2
"Eastern_Africa","BDI","Burundi",2.37414e-4,1.38236e-5,7.11840e-5,2.84950e-5,1.29898e-2,7.67750e-7,2.59000e-6,0,1.67115e+1,1.35944e+1,1.68671e-3,0,0,0,0,0,0,0,0,0,0,0,0,0,0,0,0,0,0,0,0,0,0,1.98959e+1,7.17329e-1,6.16129e-1,0,0,0,0,0,3.31744e-1,0,0,0,0,0,0,0,2.60724e-1,1.74130e+1,0,0,0,0,0,0,6.95557e+1
"Eastern_Africa","COM","Comoros",7.50897e-5,1.26658e-5,3.18570e-5,1.75055e-5,3.94903e-3,7.01350e-7,2.37300e-6,0,1.93170e-2,1.40030e+0,7.20571e-4,0,0,0,0,0,0,0,0,0,0,0,0,0,0,0,0,0,0,0,0,0,0,2.55225e+0,1.32538e-1,2.11244e+0,0,0,0,0,0,1.01441e-2,0,0,0,0,0,0,0,2.81048e-1,1.57264e+0,0,0,0,0,0,0,8.08549e+0
"Eastern_Africa","DJI","Djibouti",2.32624e-3,1.35460e-4,2.62325e-3,8.47405e-5,1.81822e-2,7.52395e-6,2.53820e-5,0,3.94968e-2,1.26987e+0,1.89202e-2,0,0,0,0,0,0,0,0,0,0,0,0,0,0,0,0,0,0,0,0,0,0,8.57270e+0,3.79720e-1,0,0,0,0,0,0,8.20873e-7,0,0,0,0,0,0,0,4.95392e-1,1.53018e+0,0,0,0,0,0,0,1.23297e+1
"Eastern_Africa","ERI","Eritrea",6.21627e-4,6.69888e-4,7.63611e-4,0,1.20447e-2,0,0,0,5.94858e+0,6.92101e+0,1.12418e-1,0,0,0,0,0,0,0,0,0,0,0,0,0,0,0,0,0,0,0,0,0,0,6.06950e+1,2.17472e+0,0,0,0,0,0,2.29382e+0,9.73413e-2,0,0,0,0,0,0,0,5.38160e-1,9.82612e+0,0,0,0,0,0,0,8.86212e+1
"Eastern_Africa","ETH","Ethiopia",2.38648e-3,2.51208e-4,7.40064e-3,0,1.09127e-1,0,0,0,1.13891e+2,8.86770e+0,7.80696e-2,0,0,0,0,0,0,0,0,0,0,0,0,0,0,0,0,0,0,0,0,0,0,1.06507e+3,4.23260e+1,0,0,0,0,0,2.45256e+2,4.61416e+0,0,0,0,0,0,0,0,6.60937e+0,1.57089e+2,0,0,0,0,0,0,1.64392e+3
"Eastern_Africa","KEN","Kenya",7.24962e-4,2.64478e-3,4.92787e-2,6.40581e-3,2.93266e-1,7.47133e-3,2.93076e-3,0,4.98469e+1,1.35971e+2,5.97136e-1,0,0,0,0,0,0,0,0,0,0,0,0,0,0,0,0,0,0,0,0,0,0,4.69641e+2,1.54460e+1,1.84839e+0,0,0,0,0,4.18464e+0,8.67551e-1,0,0,0,0,0,0,0,3.73313e+0,6.78740e+1,0,0,0,0,0,0,7.50372e+2
"Eastern_Africa","MDG","Madagascar",4.70854e-3,2.71887e-4,1.45413e-3,2.21997e-4,9.85661e-2,2.36639e-5,5.09530e-5,0,1.66892e+1,1.01451e+1,1.44822e-2,0,0,0,0,0,0,0,0,0,0,0,0,0,0,0,0,0,0,0,0,0,0,3.59304e+2,1.23109e+1,2.19712e+2,0,0,0,0,6.23256e+1,7.96816e-1,4.03016e+1,1.08737e-1,0,0,0,0,0,4.33445e+0,3.89002e+1,0,0,0,0,0,0,7.65049e+2
"Eastern_Africa","MUS","Mauritius",2.79340e-3,1.62472e-4,1.08941e-3,3.71165e-5,3.06561e-2,9.73825e-6,3.04500e-5,0,2.93401e-1,9.85300e-2,1.23683e-2,0,0,0,0,0,0,0,0,0,0,0,0,0,0,0,0,0,0,0,0,0,0,1.59161e+0,9.21430e-2,5.28110e-4,0,0,0,0,0,1.30394e-1,0,0,0,0,0,0,0,1.88975e+0,4.47837e+0,0,0,0,0,0,0,8.62188e+0
"Eastern_Africa","MYT","Mayotte",0,0,0,0,0,0,0,0,0,0,0,0,0,0,0,0,0,0,0,0,0,0,0,0,0,0,0,0,0,0,0,0,0,0,0,0,0,0,0,0,0,0,0,0,0,0,0,0,0,1.20416e-1,3.60635e-1,0,0,0,0,0,0,4.81051e-1
"Eastern_Africa","REU","Reunion",2.21968e-3,1.29256e-4,5.66538e-4,1.53842e-4,4.68280e-2,7.17950e-6,2.42200e-5,0,2.04687e-1,0,1.12543e-2,0,0,0,0,0,0,0,0,0,0,0,0,0,0,0,0,0,0,0,0,0,0,1.12138e+0,1.77121e-1,0,0,0,0,0,0,5.13781e-2,0,0,0,0,0,0,0,1.68941e+0,2.24299e+0,0,0,0,0,0,0,5.54815e+0
"Eastern_Africa","RWA","Rwanda",1.60654e-3,9.35493e-5,3.34488e-4,9.02269e-5,2.85668e-2,5.19580e-6,1.75280e-5,0,1.75750e+1,1.34699e+0,5.74246e-3,0,0,0,0,0,0,0,0,0,0,0,0,0,0,0,0,0,0,0,0,0,0,2.64641e+1,9.94617e-1,2.81659e-1,0,0,0,0,2.16742e+0,4.25282e-1,0,0,0,0,0,0,0,3.39874e-1,2.07350e+1,0,0,0,0,0,0,7.03663e+1
"Eastern_Africa","SDN","Sudan",8.53854e-4,1.25604e-4,2.74236e-2,0,3.36852e-1,0,0,0,5.08778e+1,1.66417e+2,1.54040e+0,0,0,0,0,0,0,0,0,0,0,0,0,0,0,0,0,0,0,0,0,0,0,1.11093e+3,3.54481e+1,1.40829e+0,0,0,0,0,6.46560e+2,1.09515e+0,0,0,0,0,0,0,0,1.82438e+1,8.21485e+1,0,0,0,0,0,0,2.11504e+3
"Eastern_Africa","SOM","Somalia",1.71270e-3,2.88931e-4,9.90966e-4,3.35982e-4,1.10615e-1,1.60480e-5,5.41450e-5,0,1.85050e+1,3.11706e+1,2.18668e-2,0,0,0,0,0,0,0,0,0,0,0,0,0,0,0,0,0,0,0,0,0,0,4.88895e+2,2.16954e+1,1.05622e+0,0,0,0,0,7.25328e-3,1.86181e-1,0,0,0,0,0,0,0,2.68912e+0,2.19814e+1,0,0,0,0,0,0,5.86322e+2
"Eastern_Africa","SYC","Seychelles",1.21934e-3,7.10024e-5,2.56461e-4,3.05000e-8,3.25644e-3,3.94250e-6,1.33070e-5,0,6.12398e-3,0,2.60454e-3,0,0,0,0,0,0,0,0,0,0,0,0,0,0,0,0,0,0,0,0,0,0,1.32715e-1,3.85121e-2,0,0,0,0,0,0,5.05440e-6,0,0,0,0,0,0,0,1.51871e-1,3.13727e-1,0,0,0,0,0,0,6.50379e-1
"Eastern_Africa","UGA","Uganda",2.60914e-3,1.51936e-4,4.79607e-4,7.41490e-5,5.99203e-2,8.43695e-6,2.84690e-5,0,9.34356e+1,4.57112e+1,9.22642e-3,0,0,0,0,0,0,0,0,0,0,0,0,0,0,0,0,0,0,0,0,0,0,1.99128e+2,6.02596e+0,2.64055e+0,0,0,0,0,1.15723e+2,1.09311e+0,0,0,0,0,0,0,0,1.99915e+0,4.85984e+1,0,0,0,0,0,0,5.14428e+2
"Southern_Africa","AGO","Angola",7.91305e-4,2.42834e-3,1.28116e-2,0,1.77627e-1,0,0,0,7.41746e+0,5.59650e+1,2.29389e+2,0,0,0,0,0,0,0,0,0,0,0,0,0,0,0,0,0,0,0,0,0,0,1.27504e+2,4.22931e+0,1.93640e+0,0,0,0,0,4.36296e+2,1.62802e-1,8.51496e+0,0,0,0,0,0,0,5.80040e+0,3.54616e+1,0,0,0,0,0,0,9.12871e+2
"Southern_Africa","BWA","Botswana",2.93166e-3,7.94600e-5,1.84041e-2,6.24449e-6,4.33680e-2,2.99865e-4,1.48890e-5,0,2.65239e+0,7.90649e+0,4.80470e-3,0,0,0,0,0,0,0,0,0,0,0,0,0,0,0,0,0,0,0,0,0,0,1.34451e+2,3.30258e+0,0,0,0,0,0,9.81696e+1,2.52226e-2,0,2.58504e+0,0,0,0,0,0,4.67764e-1,4.27667e+0,0,0,0,0,0,0,2.53906e+2
"Southern_Africa","LSO","Lesotho",4.98509e-4,2.90292e-5,1.36647e-4,5.61654e-5,2.28080e-2,1.61020e-6,5.43900e-6,0,6.03009e+0,4.94176e+0,2.43609e-3,0,0,0,0,0,0,0,0,0,0,0,0,0,0,0,0,0,0,0,0,0,0,3.49396e+1,7.25170e-1,0,0,0,0,0,0,3.73366e-2,0,1.64741e+0,0,0,0,0,0,3.64261e-1,5.57425e+0,0,0,0,0,0,0,5.42859e+1
"Southern_Africa","MOZ","Mozambique",5.56844e-4,1.90287e-3,5.31724e-2,0,1.26118e-1,0,0,0,4.68228e+1,3.45885e+1,1.37630e-1,0,0,0,0,0,0,0,0,0,0,0,0,0,0,0,0,0,0,0,0,0,0,5.17513e+1,1.94685e+0,1.67235e+1,0,0,0,0,2.38642e+2,1.20516e+0,2.99261e+1,4.29216e+0,0,0,0,0,0,3.07818e+0,5.24489e+1,0,0,0,0,0,0,4.81745e+2
"Southern_Africa","MWI","Malawi",2.33251e-3,1.24143e-4,2.97579e-3,7.72675e-5,6.64129e-2,5.04252e-5,2.32610e-5,0,1.52053e+1,2.23478e+1,7.03400e-3,0,0,0,0,0,0,0,0,0,0,0,0,0,0,0,0,0,0,0,0,0,0,4.03337e+1,1.41206e+0,3.96082e+0,0,0,0,0,4.59288e+1,1.00378e+0,0,0,0,0,0,0,0,1.01451e+0,2.63565e+1,0,0,0,0,0,0,1.57642e+2
"Southern_Africa","NAM","Namibia",1.05400e-3,0,1.77736e-4,9.00162e-4,1.24204e-1,0,0,0,2.95518e-1,2.41024e+0,0,0,0,0,0,0,0,0,0,0,0,0,0,0,0,0,0,0,0,0,0,0,0,1.09767e+2,2.71727e+0,0,0,0,0,0,2.51736e+1,5.17899e-2,0,0,0,0,0,0,0,1.22362e+0,3.60737e+0,0,0,0,0,0,0,1.45373e+2
"Southern_Africa","SWZ","Swaziland",1.01708e-3,8.05889e-5,7.40827e-3,3.48305e-5,3.71592e-2,1.21514e-4,1.50990e-5,0,2.22446e+0,1.71237e+0,4.91499e-3,0,0,0,0,0,0,0,0,0,0,0,0,0,0,0,0,0,0,0,0,0,0,3.08697e+1,7.47609e-1,8.85465e-2,0,0,0,0,0,7.92423e-2,0,0,0,0,0,0,0,4.03131e-1,1.28972e+1,0,0,0,0,0,0,4.90730e+1
"Southern_Africa","TZA","Tanzania_United Republic of",9.42030e-3,7.11756e-4,1.09694e-2,0,1.38405e-1,0,2.93076e-4,0,6.46048e+1,3.82518e+1,1.49080e-1,0,0,0,0,0,0,0,0,0,0,0,0,0,0,0,0,0,0,0,0,0,0,4.46761e+2,1.54659e+1,5.28110e+1,0,0,0,0,3.25128e+2,2.77823e+0,9.25956e+1,0,0,0,0,0,0,3.25613e+0,7.97723e+1,0,0,0,0,0,0,1.12173e+3
"Southern_Africa","ZAF","South Africa",8.30511e-1,8.75226e-2,6.55965e+0,6.11272e-3,5.08553e+0,8.35686e-2,0,0,4.93057e+1,8.05037e+2,4.94164e+0,0,0,0,0,0,5.44300e-2,2.31132e+0,0,0,0,0,0,0,0,0,0,0,0,0,0,0,0,8.17299e+2,2.09509e+1,2.28848e-1,0,0,0,0,1.32886e+1,2.43746e+0,5.41488e+0,9.51014e+1,0,0,0,0,0,1.26295e+2,1.69016e+2,0,0,0,0,0,0,2.12434e+3
"Southern_Africa","ZMB","Zambia",2.11434e-3,2.09340e-3,1.33990e-1,0,1.48243e-1,4.24751e-3,0,0,1.72781e+1,4.62425e+1,1.84153e-1,0,0,0,0,0,0,0,0,0,0,0,0,0,0,0,0,0,0,0,0,0,0,9.44003e+1,3.08225e+0,1.04214e+0,0,0,0,0,6.46560e+2,1.64273e-1,2.88266e+2,0,0,0,0,0,0,5.14183e+0,2.54503e+1,0,0,0,0,0,0,1.12810e+3
"Southern_Africa","ZWE","Zimbabwe",4.07218e-3,3.97746e-3,3.70490e-1,0,2.47063e-1,2.33750e-2,0,0,2.30267e+1,1.71187e+1,0,0,0,0,0,0,0,3.24465e-1,0,0,0,0,0,0,0,0,0,0,0,0,0,0,0,2.34301e+2,6.34969e+0,6.54857e-2,0,0,0,0,6.56136e+1,4.78104e-1,0,0,0,0,0,0,0,4.12293e+0,2.78970e+1,0,0,0,0,0,0,3.79947e+2
"OECD_Europe","AUT","Austria",2.63612e-1,5.03849e-2,6.44027e-1,3.14010e-4,4.21294e+0,1.33622e-2,2.34461e-3,1.63285e-3,3.65190e+1,2.26227e+1,3.77445e+1,0,0,0,0,0,6.83100e-2,3.42440e-1,0,0,0,0,0,0,0,0,0,0,0,0,0,0,0,1.81121e+2,6.01324e+1,0,0,0,0,0,0,6.34930e-1,0,9.36096e-1,0,0,0,0,0,8.77660e+1,3.70696e+1,3.06764e-3,0,0,0,0,0,4.70148e+2
"OECD_Europe","BEL","Belgium",2.75136e-1,9.88903e-2,1.19418e+0,7.74558e-4,5.27858e+0,2.28871e-2,6.00806e-2,0,2.90856e+1,1.21110e+2,8.15590e+1,0,0,0,0,0,1.20000e-4,9.16939e-1,0,0,0,0,0,0,0,0,0,0,0,0,0,0,0,2.10187e+2,7.01604e+1,0,0,0,0,0,0,4.49362e-1,0,2.10288e-1,0,0,0,0,0,6.11349e+1,6.70572e+1,4.84100e+0,0,0,0,0,0,6.53642e+2
"OECD_Europe","CHE","Switzerland",3.52103e-1,7.85710e-3,5.82091e-1,1.65379e-3,4.96750e+0,1.56377e-3,2.34461e-3,0,5.30682e+0,8.90600e-2,2.31775e+1,0,0,0,0,0,5.96910e-2,4.26657e-3,0,0,0,0,0,0,0,0,0,0,0,0,0,0,0,1.41711e+2,3.96433e+1,0,0,0,0,0,0,1.32411e-1,2.12520e+0,0,0,0,0,0,0,2.88829e+1,1.17633e+1,1.10986e-5,8.80960e-3,0,0,0,0,2.58819e+2
"OECD_Europe","DEU","Germany",7.45337e+0,8.40101e-1,8.61391e+0,2.16248e-2,4.52690e+1,2.53644e-1,2.46477e-1,0,2.22068e+2,1.70111e+3,2.97419e+2,0,0,0,0,0,4.35875e+0,2.91318e+0,0,0,0,0,0,0,0,0,0,0,0,0,0,0,0,1.53336e+3,5.07301e+2,0,0,0,0,0,0,4.65810e+0,0,1.30805e+0,0,0,0,0,0,1.56129e+3,1.80422e+2,0,0,0,0,0,0,6.07891e+3
"OECD_Europe","DNK","Denmark",5.20780e-1,1.70414e-2,3.88826e-1,4.39614e-3,2.77070e+0,2.51941e-2,9.05605e-2,0,1.00150e+1,9.81996e-2,1.62249e+0,0,0,0,0,0,0,0,0,0,0,0,0,0,0,0,0,0,0,0,0,0,0,2.02874e+2,9.56034e+1,0,0,0,0,0,0,9.47500e-1,0,0,0,0,0,0,0,7.03292e+1,9.42881e+0,0,0,0,0,0,0,3.94736e+2
"OECD_Europe","ESP","Spain",5.40333e-1,1.11866e-1,2.35325e+0,2.74445e-2,1.19573e+1,3.33479e-2,4.45769e-1,6.28020e-4,3.79850e+1,1.90346e+2,1.36697e+1,0,0,0,0,0,7.33316e-1,7.95779e-1,0,0,0,0,0,0,0,0,0,0,0,0,0,0,0,5.04365e+2,2.23702e+2,2.20998e+1,0,0,0,0,0,2.10676e+0,0,1.55909e+1,0,0,0,0,0,2.29988e+2,1.26573e+2,9.22972e-1,0,0,0,0,0,1.38435e+3
"OECD_Europe","FIN","Finland",1.10312e-1,2.19388e-2,6.95535e-1,2.03060e-3,2.66957e+0,1.44214e-2,2.63769e-2,0,6.02629e+1,2.15350e+0,2.00614e+0,0,0,0,0,0,4.64280e-2,3.67263e-1,0,0,0,0,0,0,0,0,0,0,0,0,0,0,0,1.13613e+2,3.25206e+1,0,0,0,0,0,0,4.18733e-1,3.76656e-1,5.13840e-2,0,0,0,0,0,1.17315e+2,1.39601e+2,0,0,0,0,0,0,4.72273e+2
"OECD_Europe","FRA","France",1.52415e+0,3.84502e-1,4.70626e+0,1.31675e-2,3.29484e+1,8.73972e-2,2.19514e-1,1.25604e-4,1.77347e+2,3.44081e+2,6.89888e+2,0,0,0,0,0,1.96159e+0,2.39434e+0,0,0,0,0,0,0,0,0,0,0,0,0,0,0,0,1.62689e+3,4.13480e+2,1.76537e+0,0,0,0,0,0,6.73562e+0,0,8.86584e-1,0,0,0,0,0,4.37344e+2,1.70828e+2,2.75966e+1,0,0,0,0,0,3.94108e+3
"OECD_Europe","FRO","Faroe Islands",0,0,0,0,0,0,0,0,0,0,0,0,0,0,0,0,0,0,0,0,0,0,0,0,0,0,0,0,0,0,0,0,0,5.90032e-1,2.54163e-2,0,0,0,0,0,0,1.32196e-5,0,0,0,0,0,0,0,7.66240e-1,4.00241e-2,3.91822e-2,0,0,0,0,0,1.46091e+0
"OECD_Europe","GBR","United Kingdom",1.45739e+0,7.62553e-1,4.12437e+0,4.20564e-2,3.33464e+1,1.34007e-1,3.32348e-1,0,1.62698e+2,1.15509e+3,6.94626e+2,0,0,0,0,0,1.70341e+0,7.82945e-1,0,0,0,0,0,0,0,0,0,0,0,0,0,0,0,1.07018e+3,2.21129e+2,0,0,0,0,0,0,2.90239e+0,0,8.83152e-1,0,0,0,0,0,2.42492e+3,1.15386e+2,8.82507e+0,0,0,0,0,0,5.89933e+3
"OECD_Europe","GIB","Gibraltar",2.51208e-4,0,0,0,9.30882e-3,0,0,0,0,0,0,0,0,0,0,0,0,0,0,0,0,0,0,0,0,0,0,0,0,0,0,0,0,0,0,0,0,0,0,0,0,0,0,0,0,0,0,0,0,1.45215e-1,2.70868e-2,9.92941e-3,0,0,0,0,0,1.91791e-1
"OECD_Europe","GRC","Greece",1.52108e-1,3.63592e-2,4.14292e-1,8.35266e-3,3.01475e+0,9.11887e-3,1.12834e-1,0,8.43185e+0,2.48882e+1,7.24676e+0,0,0,0,0,0,6.49670e-3,4.76769e-2,0,0,0,0,0,0,0,0,0,0,0,0,0,0,0,1.46132e+2,3.37304e+1,5.06726e+0,0,0,0,0,0,1.53105e+0,5.78208e-2,1.60560e+0,0,0,0,0,0,7.69140e+1,1.58961e+1,5.09406e-5,0,0,0,0,0,3.25303e+2
"OECD_Europe","GRL","Greenland",0,0,0,0,0,0,0,0,0,0,0,0,0,0,0,0,0,0,0,0,0,0,0,0,0,0,0,0,0,0,0,0,0,1.87688e-1,3.19576e-3,0,0,0,0,0,0,0,0,0,0,0,0,0,0,6.13866e-1,1.93551e-1,1.35885e-2,0,0,0,0,0,1.01189e+0
"OECD_Europe","IRL","Ireland",1.34405e-1,1.03003e-3,2.31230e-1,1.46538e-4,1.85787e+0,6.95009e-3,1.17230e-3,0,2.74356e+1,1.72723e+0,1.88270e+1,0,0,0,0,0,0,0,0,0,0,0,0,0,0,0,0,0,0,0,0,0,0,3.88115e+2,6.65435e+1,0,0,0,0,0,0,2.70526e-1,0,8.48160e-2,0,0,0,0,0,6.56589e+1,7.12574e+0,0,0,0,0,0,0,5.78021e+2
"OECD_Europe","ISL","Iceland",2.51208e-4,0,2.55730e-2,3.76811e-4,1.68740e-1,0,4.68921e-3,0,5.21738e-2,0,0,0,0,0,0,0,0,6.47140e-2,0,0,0,0,0,0,0,0,0,0,0,0,0,0,0,1.09118e+1,1.27581e+0,0,0,0,0,0,0,1.35120e-4,0,0,0,0,0,0,0,2.81658e+0,4.46824e-1,1.10225e-1,0,0,0,0,0,1.58779e+1
"OECD_Europe","ITA","Italy",7.09663e-1,2.92496e-1,3.28195e+0,1.05507e-2,2.95454e+1,3.28392e-2,1.71449e-1,5.42610e-2,1.96854e+1,1.71488e+1,2.61822e+2,0,0,0,0,0,4.47927e-1,1.27469e+0,0,0,0,0,0,0,0,0,0,0,0,0,0,0,0,6.59948e+2,2.57719e+2,5.78648e+1,0,0,0,0,0,6.04489e+0,3.62074e-1,4.55904e+0,0,0,0,0,0,6.31284e+2,1.26783e+2,1.11685e+1,0,0,0,0,0,2.09021e+3
"OECD_Europe","LUX","Luxembourg",2.91234e-2,0,2.45723e-1,0,5.84756e-1,1.21627e-3,0,0,6.18317e-1,0,3.28565e+0,0,0,0,0,0,0,3.02820e-1,0,0,0,0,0,0,0,0,0,0,0,0,0,0,0,1.38258e+1,2.06959e+1,0,0,0,0,0,0,2.90117e-2,0,2.02702e-1,0,0,0,0,0,2.74259e+0,4.29958e-1,0,0,0,0,0,0,4.29936e+1
"OECD_Europe","NLD","Netherlands",5.76279e-1,1.89733e-1,6.33932e-1,1.50725e-3,9.26597e+0,1.12939e-2,7.59066e-2,0,7.58537e+0,3.51309e+0,2.36841e+2,0,0,0,0,0,2.93905e+0,2.08460e-1,0,0,0,0,0,0,0,0,0,0,0,0,0,0,0,3.91145e+2,1.60576e+2,0,0,0,0,0,0,3.43561e-1,0,1.36843e-2,0,0,0,0,0,4.69928e+2,3.30841e+1,0,0,0,0,0,0,1.31693e+3
"OECD_Europe","NOR","Norway",7.74558e-3,1.40298e-1,7.98767e-1,3.26570e-3,2.49373e+0,4.34381e-3,1.99878e-1,0,7.88296e+0,8.47657e+0,1.34200e+2,0,0,0,0,0,2.46600e+0,1.21492e+0,0,0,0,0,0,0,0,0,0,0,0,0,0,0,0,9.00419e+1,1.77735e+1,0,0,0,0,0,0,1.34101e-1,0,0,0,0,0,0,0,1.87619e+2,3.62785e+1,3.86223e+0,0,0,0,0,0,4.93598e+2
"OECD_Europe","PRT","Portugal",1.26828e-1,2.23664e-2,7.54442e-1,4.75202e-3,2.13306e+0,9.90389e-3,1.37746e-2,0,6.08426e+0,2.72568e+0,4.37953e+0,0,0,0,0,0,2.35380e-2,8.08297e-2,0,0,0,0,0,0,0,0,0,0,0,0,0,0,0,1.31260e+2,6.14004e+1,1.10172e+1,0,0,0,0,0,4.33367e-1,0,1.78411e+0,0,0,0,0,0,1.41978e+2,3.08906e+1,2.96935e-2,1.78800e-1,0,0,0,0,3.95331e+2
"OECD_Europe","SWE","Sweden",5.19919e-1,3.04731e-2,4.11224e+0,8.81321e-3,5.97614e+0,7.47135e-3,3.13591e-2,0,1.78973e+1,2.26072e+0,3.82688e+0,0,0,0,0,0,9.82212e-2,2.67463e-1,0,0,0,0,0,0,0,0,0,0,0,0,0,0,0,1.35144e+2,4.30490e+1,0,0,0,0,0,0,7.23252e-1,3.79162e-1,1.50938e-1,0,0,0,0,0,1.14884e+2,1.70656e+2,8.19306e-3,0,0,0,0,0,5.00032e+2
"Central Europe","ALB","Albania",3.85186e-3,7.82930e-3,7.42738e-2,0,2.26618e-1,0,0,0,1.53991e+1,5.86101e+0,1.68651e+1,0,0,0,0,0,0,5.72620e-2,0,0,0,0,0,0,0,0,0,0,0,0,0,0,0,5.12247e+1,8.62668e+0,1.30768e+0,0,0,0,0,0,3.10367e-1,0,4.28688e-1,0,0,0,0,0,2.21388e+0,4.29377e+0,2.09019e-2,0,0,0,0,0,1.06922e+2
"Central Europe","BGR","Bulgaria",2.15959e-1,2.05655e-2,8.56242e-1,0,1.98243e+0,0,0,0,2.91617e+1,3.80578e+1,6.88359e+0,0,0,0,0,0,1.67546e-1,2.78514e-1,0,0,0,0,0,0,0,0,0,0,0,0,0,0,0,2.47299e+2,4.22202e+1,5.36149e+0,0,0,0,0,0,2.79774e+0,0,9.85992e-1,0,0,0,0,0,2.63166e+2,4.54013e+1,0,0,0,0,0,0,6.84856e+2
"Central Europe","BIH","Bosnia and Herzegovina",6.97783e-2,0,9.37909e-3,0,4.62438e-1,0,0,0,2.35125e+1,7.71777e+1,4.47399e+0,0,0,0,0,0,7.87600e-5,2.40379e-2,0,0,0,0,0,0,0,0,0,0,0,0,0,0,0,7.37645e+1,1.19307e+1,0,0,0,0,0,0,3.68427e-1,0,0,0,0,0,0,0,2.81125e+0,6.22305e+0,2.60061e-2,0,0,0,0,0,2.00854e+2
"Central Europe","CYP","Cyprus",0,1.05172e-3,2.54976e-2,0,1.77699e-1,0,0,0,1.23092e-1,9.85300e-2,1.34146e-1,0,0,0,0,0,0,0,0,0,0,0,0,0,0,0,0,0,0,0,0,0,0,5.89502e+0,2.17834e+0,0,0,0,0,0,0,1.33818e-2,0,0,0,0,0,0,0,4.12220e+0,3.19294e+0,0,0,0,0,0,0,1.59619e+1
"Central Europe","CZE","Czech Republic",6.13512e-1,4.53850e-2,5.06666e+0,0,1.78777e+0,3.97746e-3,0,0,1.16759e+2,3.02329e+2,1.07694e+1,0,0,0,0,0,4.09180e-1,6.43020e-1,0,0,0,0,0,0,0,0,0,0,0,0,0,0,0,3.40299e+2,5.68080e+1,0,0,0,0,0,0,2.10790e+0,0,2.66880e+0,0,0,0,0,0,6.16943e+1,4.46319e+1,0,0,0,0,0,0,9.46637e+2
"Central Europe","EST","Estonia",2.68004e-1,0,4.80613e-1,0,5.58304e-1,1.71229e-1,5.16964e-3,0,6.62478e+0,2.06727e+1,2.55881e+0,0,0,0,0,0,0,0,0,0,0,0,0,0,0,0,0,0,0,0,0,0,0,6.08056e+1,1.13285e+1,2.77882e+0,0,0,0,0,0,2.22695e-1,0,0,0,0,0,0,0,1.34818e+1,6.68640e+0,0,0,0,0,0,0,1.26643e+2
"Central Europe","HRV","Croatia",6.86508e-2,1.28023e-1,5.70799e-1,0,8.30604e-1,1.92593e-3,0,0,1.05277e+1,5.64510e+0,2.67160e+1,0,0,0,0,0,1.01568e-2,8.99800e-1,0,0,0,0,0,0,0,0,0,0,0,0,0,0,0,7.81937e+1,1.56925e+1,0,0,0,0,0,0,7.47047e-1,0,5.77128e-1,0,0,0,0,0,1.35048e+1,1.57627e+1,0,0,0,0,0,0,1.69877e+2
"Central Europe","HUN","Hungary",4.30096e-1,2.97775e-2,6.54583e-1,0,2.18429e+0,4.62916e-2,3.78068e-2,0,4.26833e+1,4.90859e+1,4.39414e+1,0,0,0,0,0,8.47140e-2,2.58509e-1,0,0,0,0,0,0,0,0,0,0,0,0,0,0,0,2.32507e+2,6.21126e+1,4.18458e+0,0,0,0,0,0,4.07122e+0,0,8.63856e-1,0,0,0,0,0,6.22330e+1,4.36778e+1,0,0,0,0,0,0,5.49086e+2
"Central Europe","LTU","Lithuania",4.70840e-2,3.04897e-2,4.86757e+0,0,1.15225e+0,2.99767e-2,3.69260e-3,0,1.16923e+1,1.87374e-2,7.37203e+0,0,0,0,0,0,5.33154e-2,0,0,0,0,0,0,0,0,0,0,0,0,0,0,0,0,1.81186e+2,3.26578e+1,0,0,0,0,0,0,8.09032e-1,0,7.17624e-1,0,0,0,0,0,2.66372e+1,1.14679e+1,6.27570e-4,0,0,0,0,0,2.78744e+2
"Central Europe","LVA","Latvia",3.62150e-2,0,1.40305e+0,0,8.74336e-1,4.48370e-2,1.29394e-2,0,2.15986e+1,8.87438e-2,7.13862e+0,0,0,0,0,0,0,0,0,0,0,0,0,0,0,0,0,0,0,0,0,0,0,1.22174e+2,1.82005e+1,0,0,0,0,0,0,4.35081e-1,0,1.11516e-1,0,0,0,0,0,1.51433e+1,6.79372e+0,0,0,0,0,0,0,1.94055e+2
"Central Europe","MKD","Macedonia, the former Yugoslav Republic of",4.39282e-2,0,9.51251e-2,0,1.88584e-1,0,0,0,6.34550e+0,5.83377e+0,4.09424e-1,0,0,0,0,0,1.41214e-2,1.22709e+0,0,0,0,0,0,0,0,0,0,0,0,0,0,0,0,4.72754e+1,5.23853e+0,2.85074e+0,0,0,0,0,0,2.45554e-1,0,3.12072e-1,0,0,0,0,0,3.02904e+0,4.28270e+0,2.98395e-2,0,0,0,0,0,7.74214e+1
"Central Europe","MLT","Malta",4.39614e-4,0,0,0,6.86467e-2,0,0,0,7.53624e-3,0,0,0,0,0,0,0,0,0,0,0,0,0,0,0,0,0,0,0,0,0,0,0,0,1.07153e+0,5.76470e-1,0,0,0,0,0,0,1.98422e-3,0,0,0,0,0,0,0,4.13598e+0,4.19011e-1,0,0,0,0,0,0,6.28160e+0
"Central Europe","POL","Poland",2.23636e+0,2.53377e-1,2.83139e+0,0,5.36017e+0,2.01626e-1,4.74782e-2,0,2.86068e+2,3.76615e+3,1.37677e+2,0,0,0,0,0,4.94919e-1,1.18964e+0,0,0,0,0,0,0,0,0,0,0,0,0,0,0,0,1.00681e+3,1.84914e+2,0,0,0,0,0,0,6.43099e+0,0,1.83050e+0,0,0,0,0,0,2.66668e+2,1.22687e+2,2.92720e-1,0,0,0,0,0,5.79214e+3
"Central Europe","ROU","Romania",5.32927e-1,5.65135e-2,1.57101e+0,0,2.96989e+0,0,0,0,6.09215e+1,8.90557e+1,8.68734e+2,0,0,0,0,0,1.06214e+0,1.23306e+0,0,0,0,0,0,0,0,0,0,0,0,0,0,0,0,6.19578e+2,1.24830e+2,6.86532e+0,0,0,0,0,0,5.74613e+0,0,0,0,0,0,0,0,6.56635e+1,9.22721e+1,1.35091e-2,0,0,0,0,0,1.94111e+3
"Central Europe","SCG","Serbia and Montenegro",3.39234e-1,0,1.24035e-1,0,8.88645e-1,0,0,0,4.32661e+1,5.40399e+1,9.37343e+1,0,0,0,0,0,4.96177e-2,2.39260e-1,0,0,0,0,0,0,0,0,0,0,0,0,0,0,0,2.73689e+2,5.44245e+1,0,0,0,0,0,0,2.41580e+0,0,0,0,0,0,0,0,9.01308e+0,3.97725e+1,8.60208e-2,0,0,0,0,0,5.72082e+2
"Central Europe","SVK","Slovakia",1.23777e-1,2.76025e-2,7.88501e-1,0,9.81085e-1,0,0,0,7.76450e+0,7.52523e+0,3.55561e+1,0,0,0,0,0,1.01380e-1,5.86095e-1,0,0,0,0,0,0,0,0,0,0,0,0,0,0,0,1.46849e+2,2.97826e+1,0,0,0,0,0,0,1.77008e+0,0,2.54064e-1,0,0,0,0,0,1.87696e+1,3.27673e+1,0,1.25867e-2,0,0,0,0,2.83660e+2
"Central Europe","SVN","Slovenia",0,2.30314e-3,1.42480e-1,0,8.86098e-1,0,0,0,6.88437e+0,2.14892e+1,8.64439e-1,0,0,0,0,0,2.80826e-1,1.88067e-1,0,0,0,0,0,0,0,0,0,0,0,0,0,0,0,6.45848e+1,1.16550e+1,0,0,0,0,0,0,1.53272e-1,0,0,0,0,0,0,0,1.45612e+1,9.78880e+0,0,0,0,0,0,0,1.31481e+2
"Turkey","TUR","Turkey",9.69823e-2,5.43055e-2,8.25972e-1,2.36554e-3,2.99064e+0,4.52656e-2,7.64928e-2,0,1.29879e+2,1.14046e+2,6.21620e+0,0,0,0,0,0,4.25565e-1,2.67263e-1,0,0,0,0,0,0,0,0,0,0,0,0,0,0,0,1.13733e+3,1.86035e+2,3.60096e+1,0,0,0,0,0,2.78817e+1,0,1.36877e+0,0,0,0,0,0,1.55541e+2,2.20762e+2,0,0,0,0,0,0,2.01985e+3
"Ukraine +","BLR","Belarus",1.23353e-1,6.00003e-2,2.60347e+0,0,1.69771e+0,1.34446e-1,2.36326e-2,5.17695e-4,8.54664e+0,7.70204e-2,1.48974e+1,0,0,0,0,0,4.64970e-2,0,0,0,0,0,0,0,0,0,0,0,0,0,0,0,0,5.39759e+2,8.06887e+1,0,0,0,0,0,0,2.15602e+0,0,1.41401e-2,0,0,0,0,0,8.31201e+1,2.86383e+1,0,0,0,0,0,0,7.62587e+2
"Ukraine +","MDA","Moldova, Republic of",6.72783e-2,0,4.40569e-1,0,7.37455e-1,0,0,0,4.64564e+0,4.60920e-3,1.11836e+0,0,0,0,0,0,0,0,0,0,0,0,0,0,0,0,0,0,0,0,0,0,0,8.59441e+1,8.36728e+0,0,0,0,0,0,0,8.61757e-1,0,2.86872e-2,0,0,0,0,0,3.52096e+0,1.50839e+1,3.70662e-2,0,0,0,0,0,1.20858e+2
"Ukraine +","UKR","Ukraine",1.14872e+0,4.97058e-1,3.40816e+0,0,6.91510e+0,2.05225e-1,0,6.18645e-2,6.16103e+1,8.12863e+2,1.05081e+3,0,0,0,0,0,1.52170e+0,6.22904e+0,0,0,0,0,0,0,0,0,0,0,0,0,0,0,0,2.02221e+3,3.20000e+2,1.14914e+1,0,0,0,0,0,1.48475e+1,0,5.88072e-1,0,0,0,0,0,2.14167e+2,1.46446e+2,0,0,0,0,0,0,4.67502e+3
"Asia-Stan","KAZ","Kazakhstan",4.71053e-1,1.65461e-1,2.70993e-1,0,2.05135e+0,1.19394e-1,5.16964e-3,0,4.69754e+0,1.30285e+3,3.06631e+2,0,0,0,0,0,1.85850e-2,2.12311e+0,0,0,0,0,0,0,0,0,0,0,0,0,0,0,0,1.04092e+3,8.12190e+1,3.96318e+1,0,0,0,0,0,1.18353e+1,1.19602e+1,6.79728e+1,0,0,0,0,0,7.25977e+1,4.88675e+1,0,0,0,0,0,0,2.99441e+3
"Asia-Stan","KGZ","Kyrgyzstan",2.26342e-2,0,3.09803e-1,0,7.84171e-1,0,0,0,1.88406e-1,2.42941e+1,1.91965e+0,0,0,0,0,0,0,0,0,0,0,0,0,0,0,0,0,0,0,0,0,0,0,1.85412e+2,9.20920e+0,6.42769e-1,0,0,0,0,0,5.59671e-1,4.86192e-2,2.81016e+0,0,0,0,0,0,4.01092e+0,2.05331e+1,0,0,0,0,0,0,2.50745e+2
"Asia-Stan","TJK","Tajikistan",1.02219e-2,0,0,0,7.02223e-1,0,0,0,0,8.87792e+0,4.22578e+0,0,0,0,0,0,0,0,0,0,0,0,0,0,0,0,0,0,0,0,0,0,0,1.16895e+2,9.40651e+0,3.39702e+0,0,0,0,0,0,1.36790e-1,0,2.35327e-2,0,0,0,0,0,4.28453e+0,1.74672e+1,0,0,0,0,0,0,1.65426e+2
"Asia-Stan","TKM","Turkmenistan",6.71078e-2,1.19064e-1,0,0,7.04778e-1,0,0,0,0,0,8.61478e+2,0,0,0,0,0,9.96816e-4,0,0,0,0,0,0,0,0,0,0,0,0,0,0,0,0,1.10077e+2,1.13067e+1,9.45836e+0,0,0,0,0,0,3.12667e-1,1.15891e-2,9.23568e-2,0,0,0,0,0,5.67334e+0,1.77302e+1,0,0,0,0,0,0,1.01703e+3
"Asia-Stan","UZB","Uzbekistan",2.94886e-1,1.07220e-1,0,0,1.98843e+0,0,0,0,0,9.21003e+0,4.99728e+2,0,0,0,0,0,0,0,0,0,0,0,0,0,0,0,0,0,0,0,0,0,0,4.94171e+2,4.41699e+1,6.16126e+1,0,0,0,0,0,8.98621e-1,1.12795e-2,4.12128e-1,0,0,0,0,0,1.62520e+1,8.72437e+1,0,0,0,0,0,0,1.21610e+3
"Russia +","ARM","Armenia",1.28674e-2,0,5.96171e-3,0,6.35633e-1,0,0,0,5.17630e-1,0,2.62883e+0,0,0,0,0,0,0,0,0,0,0,0,0,0,0,0,0,0,0,0,0,0,0,4.91093e+1,7.55570e+0,0,0,0,0,0,0,1.14832e-1,0,1.99838e-2,0,0,0,0,0,7.22352e+0,5.12279e+0,0,0,0,0,0,0,7.29471e+1
"Russia +","AZE","Azerbaijan",6.94089e-2,4.59616e-2,1.77666e-1,0,1.01803e+0,0,0,0,8.74906e-1,0,1.91787e+2,0,0,0,0,0,2.03610e-2,0,0,0,0,0,0,0,0,0,0,0,0,0,0,0,0,1.64082e+2,2.40360e+1,4.74545e-1,0,0,0,0,0,5.09381e-1,0,2.03736e-2,0,0,0,0,0,1.47226e+1,4.28886e+1,0,0,0,0,0,0,4.40726e+2
"Russia +","GEO","Georgia",3.40072e-2,0,3.68043e-1,0,4.54455e-1,3.62804e-1,0,0,1.58529e+1,9.74608e+0,6.45948e+0,0,0,0,0,0,0,4.08073e-1,0,0,0,0,0,0,0,0,0,0,0,0,0,0,0,9.91120e+1,2.27601e+1,0,0,0,0,0,0,2.02746e-1,0,5.98968e-2,0,0,0,0,0,1.48511e+1,1.46541e+1,0,0,0,0,0,0,1.85326e+2
"Russia +","RUS","Russian Federation",7.01216e+0,9.41129e-1,2.00124e+1,0,3.37030e+1,1.82855e+0,2.94317e+0,2.95966e-1,3.11378e+2,3.40364e+3,1.16431e+4,0,0,0,0,0,4.75074e+0,6.48608e+0,0,0,0,0,0,0,0,0,0,0,0,0,0,0,0,4.92563e+3,7.85988e+2,1.25150e+2,0,0,0,0,0,4.08537e+1,3.68890e+1,1.39270e+2,0,0,0,0,0,9.19333e+2,1.03900e+3,0,0,0,0,0,0,2.34482e+4
"Middle_East","ARE","United Arab Emirates",2.32759e-1,3.19454e-2,2.19724e-1,0,1.59083e+0,0,0,0,2.62256e-2,8.30658e-2,6.18959e+2,0,0,0,0,0,0,0,0,0,0,0,0,0,0,0,0,0,0,0,0,0,0,6.98737e+0,3.98618e-1,0,0,0,0,0,0,1.42245e-3,0,0,0,0,0,0,0,5.65433e+0,4.00497e+0,0,0,0,0,0,0,6.38190e+2
"Middle_East","BHR","Bahrain",1.44503e-1,1.14062e-1,4.71852e-2,0,1.85574e-1,0,0,0,7.11756e-3,1.36940e-3,6.05429e+1,0,0,0,0,0,0,0,0,0,0,0,0,0,0,0,0,0,0,0,0,0,0,4.13484e-1,1.49044e-2,0,0,0,0,0,0,8.69347e-6,0,0,0,0,0,0,0,1.93207e+0,1.49367e+0,0,0,0,0,0,0,6.48968e+1
"Middle_East","IRN","Iran, Islamic Republic of",3.21739e-1,6.37465e-2,9.77828e-1,0,5.80728e+0,0,0,0,1.01153e+1,2.11441e+1,1.19290e+3,0,0,0,0,0,3.54366e-3,0,0,0,0,0,0,0,0,0,0,0,0,0,0,0,0,4.88196e+2,2.00047e+1,1.53828e+2,0,0,0,0,0,0,0,8.41536e-3,0,0,0,0,0,7.55969e+1,1.94863e+2,0,0,0,0,0,0,2.16383e+3
"Middle_East","IRQ","Iraq",0,5.19856e-2,2.48947e-1,0,3.17674e+0,0,0,0,6.30113e-1,9.85300e-1,4.74744e+2,0,0,0,0,0,0,0,0,0,0,0,0,0,0,0,0,0,0,0,0,0,0,1.37980e+2,6.96815e+0,1.83446e+1,0,0,0,0,0,1.46487e+0,0,9.08832e-1,0,0,0,0,0,5.06136e+1,5.57734e+1,0,0,0,0,0,0,7.51891e+2
"Middle_East","ISR","Israel",1.83503e-2,8.76557e-3,1.26986e-1,0,1.04700e+0,2.78004e-3,0,0,2.67956e-1,0,3.82311e+0,0,0,0,0,0,1.07525e-1,0,0,0,0,0,0,0,0,0,0,0,0,0,0,0,0,2.52959e+1,1.88469e+0,0,0,0,0,0,0,1.36187e-1,0,0,0,0,0,0,0,2.24044e+1,1.64175e+1,0,0,0,0,0,0,7.15412e+1
"Middle_East","JOR","Jordan",8.73377e-3,7.16248e-3,3.74299e-2,0,5.23753e-1,0,0,0,2.42809e-1,8.36804e-1,6.70747e-1,0,0,0,0,0,0,0,0,0,0,0,0,0,0,0,0,0,0,0,0,0,0,9.99255e+0,6.31105e-1,0,0,0,0,0,0,7.45564e-2,0,0,0,0,0,0,0,4.78109e+0,9.16251e+0,0,0,0,0,0,0,2.69693e+1
"Middle_East","KWT","Kuwait",2.21184e-1,1.56846e-1,9.60453e-2,0,1.33964e+0,0,0,0,3.19453e-1,2.22778e-1,2.15809e+2,0,0,0,0,0,0,0,0,0,0,0,0,0,0,0,0,0,0,0,0,0,0,2.85053e+0,8.39651e-2,0,0,0,0,0,0,2.57376e-4,0,0,0,0,0,0,0,9.57874e+0,8.22144e+0,0,0,0,0,0,0,2.38900e+2
"Middle_East","LBN","Lebanon",0,1.79743e-3,8.37360e-4,0,6.27341e-1,0,0,0,1.17467e+0,1.18236e+0,5.05320e-1,0,0,0,0,0,0,0,0,0,0,0,0,0,0,0,0,0,0,0,0,0,0,6.05651e+0,7.11239e-1,0,0,0,0,0,0,3.31663e-2,0,0,0,0,0,0,0,7.36170e+0,1.18646e+1,0,0,0,0,0,0,2.95195e+1
"Middle_East","OMN","Oman",7.37724e-2,1.00483e-3,1.54911e-3,0,3.41448e-1,0,0,0,1.58133e-1,1.02772e-1,2.90295e+2,0,0,0,0,0,0,0,0,0,0,0,0,0,0,0,0,0,0,0,0,0,0,1.17550e+1,4.99753e-1,0,0,0,0,0,0,1.51516e-3,0,0,0,0,0,0,0,1.26823e+0,4.66125e+0,0,0,0,0,0,0,3.09159e+2
"Middle_East","QAT","Qatar",2.33878e-1,5.85253e-2,5.60613e-2,1.61191e-3,2.90317e-1,0,0,0,4.73824e-2,5.91180e-3,1.47597e+2,0,0,0,0,0,4.19100e-2,0,0,0,0,0,0,0,0,0,0,0,0,0,0,0,0,7.82473e-1,5.70399e-2,0,0,0,0,0,0,6.95758e-4,0,0,0,0,0,0,0,2.09902e+0,4.15151e+0,0,0,0,0,0,0,1.55424e+2
"Middle_East","SAU","Saudi Arabia",1.51000e+0,7.35279e-1,1.75670e+0,9.84390e-3,6.53749e+0,0,0,0,2.36345e-1,2.60019e-1,2.24702e+3,0,0,0,0,0,2.46330e+0,0,0,0,0,0,0,0,0,0,0,0,0,0,0,0,0,6.80697e+1,3.18636e+0,0,0,0,0,0,0,3.81515e-1,0,0,0,0,0,0,0,4.02647e+1,4.33812e+1,0,0,0,0,0,0,2.41582e+3
"Middle_East","SYR","Syrian Arab Republic",1.13496e-2,3.00336e-2,2.01929e-1,0,1.10642e+0,0,0,0,3.49076e+0,9.85300e-2,4.72542e+1,0,0,0,0,0,0,0,0,0,0,0,0,0,0,0,0,0,0,0,0,0,0,9.95864e+1,3.77729e+0,6.36967e-3,0,0,0,0,0,1.82785e+0,0,1.32211e-1,0,0,0,0,0,1.33233e+1,3.35112e+1,0,0,0,0,0,0,2.04358e+2
"Middle_East","YEM","Yemen",7.40619e-3,9.79419e-3,0,0,5.39234e-1,0,0,0,2.50918e+0,4.03973e+0,1.50599e+0,0,0,0,0,0,0,0,0,0,0,0,0,0,0,0,0,0,0,0,0,0,0,7.41663e+1,3.27984e+0,0,0,0,0,0,0,7.70823e-1,0,0,0,0,0,0,0,2.25129e+0,3.30215e+1,0,0,0,0,0,0,1.22101e+2
"India +","AFG","Afghanistan",3.18738e-3,0,1.04100e-1,8.08030e-5,2.68620e-1,0,3.10509e-3,0,9.61627e+0,1.15737e+1,4.20258e+1,0,0,0,0,0,0,0,0,0,0,0,0,0,0,0,0,0,0,0,0,0,0,2.82221e+2,1.56111e+1,5.04717e+1,0,0,0,0,0,5.63924e-1,0,0,0,0,0,0,0,5.37153e+0,7.07296e+1,0,0,0,0,0,0,4.88564e+2
"India +","BGD","Bangladesh",5.38931e-2,4.95156e-3,1.06303e-1,0,1.53869e-1,7.29760e-3,2.81353e-2,0,1.51706e+2,2.13884e+1,3.40380e+1,0,0,0,0,0,0,0,0,0,0,0,0,0,0,0,0,0,0,0,0,0,0,6.16615e+2,6.18040e+1,2.87120e+3,0,0,0,0,2.44224e-1,1.07703e+1,1.83831e+1,0,0,0,0,0,0,4.96842e+1,3.82763e+2,0,0,0,0,0,0,4.21895e+3
"India +","BTN","Bhutan",1.16559e-4,0,9.00879e-3,5.43955e-5,5.04804e-3,0,8.08500e-5,0,1.31783e+1,4.42290e-1,0,0,0,0,0,0,0,0,0,0,0,0,0,0,0,0,0,0,0,0,0,0,0,1.11659e+1,1.15817e+0,8.81733e+0,0,0,0,0,0,2.48338e-1,0,0,0,0,0,0,0,2.14091e-1,5.23112e+0,0,0,0,0,0,0,4.04698e+1
"India +","IND","India",9.82018e-1,1.94136e-1,7.89888e+0,0,7.46263e+0,6.01248e-1,1.03749e-1,0,1.43635e+3,1.05510e+3,1.54144e+2,0,0,0,0,0,2.61155e-1,1.06316e+0,0,0,0,0,0,0,0,0,0,0,0,0,0,0,0,1.02755e+4,9.07151e+2,4.51650e+3,0,0,0,0,2.55288e+1,1.67260e+2,6.98496e+1,5.11128e-1,0,0,0,0,0,3.73495e+2,2.62502e+3,0,0,4.37400e+1,0,0,0,2.16687e+4
"India +","IOT","British Indian Ocean Territory",0,0,0,0,0,0,0,0,0,0,0,0,0,0,0,0,0,0,0,0,0,0,0,0,0,0,0,0,0,0,0,0,0,0,0,0,0,0,0,0,0,0,0,0,0,0,0,0,0,0,0,0,0,0,0,0,0,0,
"India +","LKA","Sri Lanka",1.35655e-2,5.21387e-3,5.68860e-1,2.67956e-3,3.72090e-1,5.90757e-3,1.46538e-3,0,2.48338e+1,3.35002e+0,5.08942e-1,0,0,0,0,0,0,0,0,0,0,0,0,0,0,0,0,0,0,0,0,0,0,1.13545e+2,9.39742e+0,2.87196e+2,0,0,0,0,1.57243e-1,2.26245e-1,1.65532e+0,0,0,0,0,0,0,2.24957e+1,7.09227e+1,0,0,0,0,0,0,5.35258e+2
"India +","MDV","Maldives",1.00799e-4,0,1.16609e-3,2.56650e-6,1.20662e-3,0,5.78970e-5,0,4.59519e-3,4.34534e-2,0,0,0,0,0,0,0,0,0,0,0,0,0,0,0,0,0,0,0,0,0,0,0,0,0,0,0,0,0,0,0,7.21485e-3,0,0,0,0,0,0,0,2.47230e-1,6.23471e-1,0,0,0,0,0,0,9.28499e-1
"India +","NPL","Nepal",2.51208e-4,0,5.50145e-2,0,4.79843e-2,0,0,0,5.35681e+1,4.04988e+0,0,0,0,0,0,0,0,0,0,0,0,0,0,0,0,0,0,0,0,0,0,0,0,3.48854e+2,2.95150e+1,4.02711e+2,0,0,0,0,7.83168e-1,5.61416e+0,3.49683e-1,0,0,0,0,0,0,1.38552e+0,6.59654e+1,0,0,0,0,0,0,9.12899e+2
"India +","PAK","Pakistan",1.65691e-1,5.97287e-3,4.65573e-1,0,2.01468e+0,3.30129e-2,0,0,1.05955e+2,3.04805e+1,3.53082e+2,0,0,0,0,0,0,0,0,0,0,0,0,0,0,0,0,0,0,0,0,0,0,1.60309e+3,1.14502e+2,8.87904e+2,0,0,0,0,1.24584e+0,6.98149e+0,8.29124e-2,9.33528e-2,0,0,0,0,0,5.32251e+1,3.39483e+2,0,0,0,0,0,0,3.49881e+3
"Korea","KOR","Korea, Republic of",2.93166e-2,1.24107e-1,1.35420e+0,8.10146e-3,1.99780e+0,3.87404e-2,2.30064e-1,0,1.15057e+2,2.87758e+2,7.80708e+0,0,0,0,0,0,4.13242e-1,9.50742e-1,0,0,0,0,0,0,0,0,0,0,0,0,0,0,0,1.28183e+2,7.31071e+0,5.80638e+2,0,0,0,0,0,6.58253e-1,0,3.10896e-1,0,0,0,0,0,4.70722e+1,2.15870e+2,0,0,0,0,0,0,1.39581e+3
"Korea","PRK","Korea, Democratic People's Republic of",1.37872e-1,1.80869e-3,7.12782e+0,0,1.25099e+0,0,0,0,7.52951e+1,5.10653e+2,4.91017e-1,0,0,0,0,0,0,1.59400e-1,0,0,0,0,0,0,0,0,0,0,0,0,0,0,0,6.13067e+1,1.03497e+1,2.22356e+2,0,0,0,0,0,3.75259e+0,0,3.62088e+1,0,0,0,0,0,1.92333e+1,8.61194e+1,1.36747e-1,0,0,0,0,0,1.03458e+3
"China +","CHN","China",2.63248e+0,1.22723e+0,5.83417e+1,8.70855e-3,1.21644e+1,8.88438e-1,0,5.04258e-1,3.87073e+3,7.09386e+3,7.00921e+2,0,0,0,0,0,2.44917e+0,5.90535e+0,0,0,0,0,0,0,0,0,0,0,0,0,0,0,0,4.91824e+3,8.74884e+2,1.86187e+4,0,0,0,0,5.88000e+0,1.13252e+1,1.29712e+1,6.55920e+1,0,0,0,0,0,5.94696e+2,4.50825e+3,4.19996e+0,0,9.00000e+1,0,0,0,4.14543e+4
"China +","HKG","Hong Kong",1.84303e-2,0,1.15095e-1,0,4.81120e-1,0,0,0,3.16103e-1,0,1.37682e+0,0,0,0,0,0,0,0,0,0,0,0,0,0,0,0,0,0,0,0,0,0,0,0,0,0,0,0,0,0,0,0,0,0,0,0,0,0,0,2.59848e+1,2.34343e+1,1.39669e-1,0,0,0,0,0,5.18664e+1
"China +","MAC","Macao",3.32732e-4,0,2.36495e-3,7.82666e-5,1.47489e-2,0,5.40960e-4,0,2.07143e-2,0,0,0,0,0,0,0,0,0,0,0,0,0,0,0,0,0,0,0,0,0,0,0,0,0,0,0,0,0,0,0,0,0,0,0,0,0,0,0,0,1.59363e+0,1.15334e+0,7.66422e-3,0,0,0,0,0,2.79341e+0
"China +","MNG","Mongolia",6.23312e-3,0,1.70080e-1,6.52951e-4,5.87880e-1,0,7.62484e-3,0,6.10671e+0,2.82365e+1,0,0,0,0,0,0,0,0,0,0,0,0,0,0,0,0,0,0,0,0,0,0,0,2.75012e+2,1.21446e+1,0,0,0,0,0,0,7.59987e-2,4.48267e-1,3.77544e+1,0,0,0,0,0,1.52315e+0,7.37154e+0,1.14018e-2,0,0,0,0,0,3.69457e+2
"China +","TWN","Taiwan_Province of China",3.53871e-2,9.52635e-2,1.55193e+0,9.82300e-4,3.13337e+0,7.42321e-3,4.98230e-3,0,1.54362e+0,3.50069e+1,2.68579e+1,0,0,0,0,0,0,4.20806e-1,0,0,0,0,0,0,0,0,0,0,0,0,0,0,0,1.98034e+1,4.08432e+1,0,0,0,0,0,0,0,0,0,0,0,0,0,0,5.06989e+1,9.61604e+1,2.84707e-1,0,0,0,0,0,2.76449e+2
"Southeastern Asia","BRN","Brunei Darussalam",3.73044e-2,8.91789e-2,4.64734e-3,0,1.35863e-1,0,0,0,4.58099e-2,1.18236e-2,1.53541e+2,0,0,0,0,0,0,0,0,0,0,0,0,0,0,0,0,0,0,0,0,0,0,7.79984e-1,1.47133e-1,5.32865e-1,0,0,0,0,0,1.36215e-2,1.87020e+1,0,0,0,0,0,0,1.03881e+0,8.52773e-1,3.06914e-2,0,0,0,0,0,1.75963e+2
"Southeastern Asia","KHM","Cambodia",6.75246e-5,0,4.64350e-2,8.00636e-5,5.47203e-3,0,8.94180e-5,0,4.59319e+1,1.62802e+0,0,0,0,0,0,0,0,0,0,0,0,0,0,0,0,0,0,0,0,0,0,0,0,8.00171e+1,1.00783e+1,3.76106e+2,0,0,0,0,4.56408e+1,1.23222e+1,0,0,0,0,0,0,0,2.91655e+0,3.56942e+1,9.01056e-2,0,0,0,0,0,6.10477e+2
"Southeastern Asia","LAO","Lao People's Democratic Republic",2.34771e-4,0,2.22448e-2,1.96583e-4,1.59748e-2,0,2.41752e-4,0,2.19463e+1,1.00792e+0,0,0,0,0,0,0,0,0,0,0,0,0,0,0,0,0,0,0,0,0,0,0,0,6.92352e+1,9.75454e+0,1.33562e+2,0,0,0,0,6.15816e+1,6.00006e+0,3.05510e+1,0,0,0,0,0,0,1.12890e+0,1.45279e+1,0,0,0,0,0,0,3.49334e+2
"Southeastern Asia","MMR","Myanmar",4.20652e-2,1.00483e-2,1.05131e-1,0,4.41005e-1,0,0,0,7.42932e+1,4.67932e+1,1.61818e+1,0,0,0,0,0,0,0,0,0,0,0,0,0,0,0,0,0,0,0,0,0,0,5.44589e+2,6.04103e+1,1.21182e+3,0,0,0,0,4.35864e+1,5.19038e+1,1.33702e+3,0,0,0,0,0,0,2.19268e+1,1.51233e+2,0,0,0,0,0,0,3.56035e+3
"Southeastern Asia","MYS","Malaysia",3.18316e-2,2.30274e-3,4.10307e-1,0,2.45564e+0,0,0,0,2.22119e+1,2.99531e+1,1.24290e+2,0,0,0,0,0,6.51900e-3,0,0,0,0,0,0,0,0,0,0,0,0,0,0,0,0,4.37910e+1,1.61074e+1,2.37020e+2,0,0,0,0,3.46560e+1,7.51392e+0,1.65036e+2,0,0,0,0,0,0,2.99582e+1,7.58024e+1,4.79577e-1,0,0,0,0,0,7.89726e+2
"Southeastern Asia","PHL","Philippines",1.02525e-1,6.70863e-2,1.63918e+0,1.46538e-4,1.25002e+0,0,6.91660e-2,0,8.12548e+1,7.74615e+1,3.52164e+0,0,0,0,0,0,7.79304e-2,3.30951e-1,0,0,0,0,0,0,0,0,0,0,0,0,0,0,0,2.93382e+2,5.74740e+1,1.06549e+3,0,0,0,0,5.14944e+0,5.07912e+1,7.45076e+0,0,0,0,0,0,0,7.07018e+1,2.41248e+2,0,0,0,0,0,0,1.95746e+3
"Southeastern Asia","SGP","Singapore",3.41302e-4,6.37691e-2,2.84284e-2,0,5.81015e-1,0,0,0,2.43610e-2,2.95590e+0,1.43315e+1,0,0,0,0,0,0,0,0,0,0,0,0,0,0,0,0,0,0,0,0,0,0,8.89787e-1,2.39783e+0,0,0,0,0,0,9.73968e-1,6.24225e-4,0,0,0,0,0,0,0,4.65398e+0,1.18682e+1,2.81123e+0,0,0,0,0,0,4.15810e+1
"Southeastern Asia","THA","Thailand",1.02616e-1,1.06621e-2,3.04078e+0,0,2.62467e+0,0,5.09952e-2,0,1.22674e+2,2.89556e+2,2.12937e+1,0,0,0,0,0,8.16000e-4,0,0,0,0,0,0,0,0,0,0,0,0,0,0,0,0,6.52014e+2,4.62410e+1,2.34700e+3,0,0,0,0,5.40936e+1,5.71503e+1,1.85973e+1,0,0,0,0,0,0,9.19966e+1,2.23278e+2,1.26047e+0,0,0,0,0,0,3.93098e+3
"Southeastern Asia","TLS","Timor-Leste",0,0,3.93528e-3,0,0,0,0,0,1.78598e-1,0,0,0,0,0,0,0,0,0,0,0,0,0,0,0,0,0,0,0,0,0,0,0,0,4.50429e+0,5.49613e-1,5.49517e+0,0,0,0,0,0,3.07136e-1,0,0,0,0,0,0,0,1.14116e-1,2.77257e+0,3.02775e-3,0,0,0,0,0,1.39285e+1
"Southeastern Asia","VNM","Viet Nam",3.55849e-2,0,4.90986e-1,1.84220e-3,5.52872e-1,5.35910e-3,0,0,1.63312e+2,1.17433e+2,1.27778e+1,0,0,0,0,0,0,0,0,0,0,0,0,0,0,0,0,0,0,0,0,0,0,2.45526e+2,7.07690e+1,1.85659e+3,0,0,0,0,2.10185e+1,4.41850e+1,9.02224e-1,0,0,0,0,0,0,3.11042e+1,2.46079e+2,0,0,0,0,0,0,2.81079e+3
"Indonesia +","IDN","Indonesia",6.27452e-2,2.45276e-1,7.92101e-1,6.63608e-3,5.54487e+0,7.53624e-4,5.50982e-2,0,6.03938e+2,9.83469e+1,7.21119e+2,0,0,0,0,0,3.11700e-3,0,0,0,0,0,0,0,0,0,0,0,0,0,0,0,0,7.11848e+2,4.60970e+1,2.58847e+3,0,0,0,0,4.85561e+2,1.27658e+2,2.19181e+3,0,1.42203e+4,0,0,0,0,1.86245e+2,6.75284e+2,2.64007e+0,0,0,0,0,0,2.26660e+4
"Indonesia +","PNG","Papua New Guinea",6.73944e-3,0,2.66276e-2,4.05436e-4,5.58889e-2,0,4.08007e-3,0,1.93424e+1,3.22778e-1,1.12060e+1,0,0,0,0,0,0,0,0,0,0,0,0,0,0,0,0,0,0,0,0,0,0,7.28897e+0,3.78524e+0,5.99473e-2,0,0,0,0,1.08533e+2,2.65823e-1,2.10208e+2,0,0,0,0,0,0,1.69136e+0,1.38037e+1,5.19764e-2,0,0,0,0,0,3.76653e+2
"Japan","JPN","Japan",4.92057e+0,6.54348e-1,1.17338e+1,4.90692e-2,1.41246e+1,1.66628e-1,1.17054e+0,8.91789e-3,1.99516e+1,4.34848e+2,2.92330e+1,0,0,0,0,0,4.42813e+0,7.73365e+0,0,0,0,0,0,0,0,0,0,0,0,0,0,0,0,4.54169e+2,2.09232e+2,1.51126e+3,0,0,0,0,0,7.38999e-1,7.38768e+0,3.16128e+0,0,0,0,0,0,3.09921e+2,3.58599e+2,1.76983e+2,6.93068e-1,0,0,0,0,3.56117e+3
"Oceania","ASM","American Samoa",0,0,0,0,0,0,0,0,1.25955e-4,0,0,0,0,0,0,0,0,0,0,0,0,0,0,0,0,0,0,0,0,0,0,0,0,1.63461e-2,1.31717e-1,0,0,0,0,0,0,5.73868e-5,0,0,0,0,0,0,0,1.59461e-1,4.23944e-2,0,0,0,0,0,0,3.50102e-1
"Oceania","ATF","French Southern Territories",0,0,0,0,0,0,0,0,0,0,0,0,0,0,0,0,0,0,0,0,0,0,0,0,0,0,0,0,0,0,0,0,0,0,0,0,0,0,0,0,0,0,0,0,0,0,0,0,0,0,0,0,0,0,0,0,0,0,
"Oceania","AUS","Australia",1.15445e+0,2.67711e-1,4.52179e+0,2.29436e-2,1.64172e+1,1.09193e-1,2.56441e-1,0,3.59281e+1,6.94340e+2,2.39982e+2,0,0,0,0,0,5.32632e-3,6.19689e-1,0,0,0,0,0,0,0,0,0,0,0,0,0,0,0,2.58413e+3,1.81384e+2,5.54451e+1,0,0,0,0,6.22728e+2,2.28393e+1,7.55341e+1,1.61554e+2,0,0,0,0,0,3.83716e+2,4.84079e+1,4.36566e-3,0,6.00000e-1,0,0,0,5.12997e+3
"Oceania","CCK","Cocos (Keeling) Islands",0,0,0,0,0,0,0,0,0,0,0,0,0,0,0,0,0,0,0,0,0,0,0,0,0,0,0,0,0,0,0,0,0,0,0,0,0,0,0,0,0,0,0,0,0,0,0,0,0,0,0,0,0,0,0,0,0,0,
"Oceania","COK","Cook Islands",0,0,0,0,0,0,0,0,8.96721e-3,0,0,0,0,0,0,0,0,0,0,0,0,0,0,0,0,0,0,0,0,0,0,0,0,1.24216e-1,5.94906e-2,0,0,0,0,0,0,4.08557e-3,0,0,0,0,0,0,0,0,2.83220e-2,0,0,0,0,0,0,2.25082e-1
"Oceania","CXR","Christmas Island",0,0,0,0,0,0,0,0,0,0,0,0,0,0,0,0,0,0,0,0,0,0,0,0,0,0,0,0,0,0,0,0,0,0,0,0,0,0,0,0,0,0,0,0,0,0,0,0,0,0,0,0,0,0,0,0,0,0,
"Oceania","FJI","Fiji",6.17798e-3,0,7.77352e-3,3.83175e-4,6.91427e-2,0,2.95442e-3,0,9.19751e-1,1.63059e-1,0,0,0,0,0,0,0,0,0,0,0,0,0,0,0,0,0,0,0,0,0,0,0,1.53953e+1,2.19048e+0,3.04151e+0,0,0,0,0,0,3.62958e-1,0,0,0,0,0,0,0,1.65752e+0,1.80966e+0,0,0,0,0,0,0,2.56267e+1
"Oceania","FSM","Micronesia, Federated States of",0,0,0,0,0,0,0,0,0,2.30460e-2,0,0,0,0,0,0,0,0,0,0,0,0,0,0,0,0,0,0,0,0,0,0,0,4.97450e-1,1.91466e-2,2.67526e-2,0,0,0,0,0,0,0,0,0,0,0,0,0,1.54332e-1,8.77282e-2,0,0,0,0,0,0,8.08455e-1
"Oceania","GUM","Guam",0,0,0,0,0,0,0,0,2.13121e-3,0,0,0,0,0,0,0,0,0,0,0,0,0,0,0,0,0,0,0,0,0,0,0,0,5.85186e-2,1.69507e-1,0,0,0,0,0,0,9.71004e-4,0,0,0,0,0,0,0,8.73823e-1,8.94603e-1,0,0,0,0,0,0,1.99955e+0
"Oceania","HMD","Heard Island and McDonald Islands",0,0,0,0,0,0,0,0,0,0,0,0,0,0,0,0,0,0,0,0,0,0,0,0,0,0,0,0,0,0,0,0,0,0,0,0,0,0,0,0,0,0,0,0,0,0,0,0,0,0,0,0,0,0,0,0,0,0,
"Oceania","KIR","Kiribati",1.15770e-4,0,4.30965e-4,4.16295e-5,2.62832e-3,0,6.74800e-5,0,1.18645e-2,1.79358e-2,0,0,0,0,0,0,0,0,0,0,0,0,0,0,0,0,0,0,0,0,0,0,0,1.00000e-2,4.34406e-2,0,0,0,0,0,0,4.97826e-3,0,0,0,0,0,0,0,1.28798e-1,1.65366e-1,0,0,0,0,0,0,3.85667e-1
"Oceania","MHL","Marshall Islands",0,0,0,0,0,0,0,0,0,0,0,0,0,0,0,0,0,0,0,0,0,0,0,0,0,0,0,0,0,0,0,0,0,0,0,0,0,0,0,0,0,0,0,0,0,0,0,0,0,1.20156e-1,3.77572e-2,0,0,0,0,0,0,1.57913e-1
"Oceania","MNP","Northern Mariana Islands",0,0,0,0,0,0,0,0,3.20046e-3,0,0,0,0,0,0,0,0,0,0,0,0,0,0,0,0,0,0,0,0,0,0,0,0,0,1.52587e-5,0,0,0,0,0,0,1.45817e-3,0,0,0,0,0,0,0,1.30612e-1,2.15830e-2,0,0,0,0,0,0,1.56869e-1
"Oceania","NCL","New Caledonia",1.56342e-3,0,4.02534e-3,2.32500e-5,6.03528e-2,0,1.33162e-3,0,6.57068e-2,2.81896e-2,0,0,0,0,0,0,0,0,0,0,0,0,0,0,0,0,0,0,0,0,0,0,0,5.80043e+0,7.31930e-1,0,0,0,0,0,0,4.64718e-3,0,0,0,0,0,0,0,9.22157e-1,1.87455e-1,0,0,0,0,0,0,7.80781e+0
"Oceania","NFK","Norfolk Island",0,0,0,0,0,0,0,0,0,0,0,0,0,0,0,0,0,0,0,0,0,0,0,0,0,0,0,0,0,0,0,0,0,0,0,0,0,0,0,0,0,0,0,0,0,0,0,0,0,0,4.02084e-3,0,0,0,0,0,0,4.02084e-3
"Oceania","NIU","Niue",0,0,0,0,0,0,0,0,1.89207e-4,6.01200e-4,0,0,0,0,0,0,0,0,0,0,0,0,0,0,0,0,0,0,0,0,0,0,0,3.17387e-2,1.76900e-2,0,0,0,0,0,0,8.62046e-5,0,0,0,0,0,0,0,4.70468e-3,6.02745e-3,0,0,0,0,0,0,6.10375e-2
"Oceania","NRU","Nauru",0,0,0,0,0,0,0,0,0,0,0,0,0,0,0,0,0,0,0,0,0,0,0,0,0,0,0,0,0,0,0,0,0,2.10000e-3,6.07022e-3,0,0,0,0,0,0,0,0,0,0,0,0,0,0,5.24815e-2,1.02505e-2,0,0,0,0,0,0,7.09022e-2
"Oceania","NZL","New Zealand",1.37053e-1,1.92290e-2,6.72485e-1,2.70049e-3,2.43092e+0,8.37360e-5,2.08084e-2,4.52175e-3,2.94371e+0,9.97708e+0,1.45745e+1,0,0,0,0,0,0,0,0,0,0,0,0,0,0,0,0,0,0,0,0,0,0,1.10011e+3,8.38883e+1,0,0,0,0,0,0,7.54291e-1,0,0,0,0,0,0,0,7.75747e+1,9.15777e+0,0,0,0,0,0,0,1.30227e+3
"Oceania","PCN","Pitcairn",0,0,0,0,0,0,0,0,0,0,0,0,0,0,0,0,0,0,0,0,0,0,0,0,0,0,0,0,0,0,0,0,0,0,0,0,0,0,0,0,0,0,0,0,0,0,0,0,0,0,1.07146e-3,0,0,0,0,0,0,1.07146e-3
"Oceania","PLW","Palau",0,0,0,0,0,0,0,0,0,0,0,0,0,0,0,0,0,0,0,0,0,0,0,0,0,0,0,0,0,0,0,0,0,0,0,0,0,0,0,0,0,0,0,0,0,0,0,0,0,0,4.13563e-2,0,0,0,0,0,0,4.13563e-2
"Oceania","PYF","French Polynesia",2.12673e-3,0,2.02229e-3,1.87385e-5,3.65425e-2,0,1.13296e-3,0,2.85333e-2,0,0,0,0,0,0,0,0,0,0,0,0,0,0,0,0,0,0,0,0,0,0,0,0,5.77244e-1,4.32697e-1,0,0,0,0,0,0,4.95765e-3,0,0,0,0,0,0,0,9.92951e-1,6.29109e-1,0,0,0,0,0,0,2.70734e+0
"Oceania","SLB","Solomon Islands",9.96819e-4,0,2.05328e-3,3.57494e-5,1.11941e-2,0,4.77036e-4,0,4.22642e-1,5.35068e-2,0,0,0,0,0,0,0,0,0,0,0,0,0,0,0,0,0,0,0,0,0,0,0,9.64387e+1,2.71851e+0,1.01596e+0,0,0,0,0,0,1.59188e-2,0,0,0,0,0,0,0,1.10499e-1,3.84942e-1,0,0,0,0,0,0,1.01175e+2
"Oceania","TKL","Tokelau",0,0,0,0,0,0,0,0,3.72405e-4,0,0,0,0,0,0,0,0,0,0,0,0,0,0,0,0,0,0,0,0,0,0,0,0,1.07000e-3,3.39740e-3,0,0,0,0,0,0,1.69672e-4,0,0,0,0,0,0,0,0,9.31128e-3,0,0,0,0,0,0,1.43208e-2
"Oceania","TON","Tonga",0,0,0,0,1.63538e-2,0,0,0,8.54814e-3,1.83366e-2,0,0,0,0,0,0,0,0,0,0,0,0,0,0,0,0,0,0,0,0,0,0,0,9.37662e-1,1.26759e+0,0,0,0,0,0,0,3.89462e-3,0,0,0,0,0,0,0,1.72397e-1,5.25250e-1,0,0,0,0,0,0,2.95004e+0
"Oceania","TUV","Tuvalu",0,0,0,0,0,0,0,0,0,0,0,0,0,0,0,0,0,0,0,0,0,0,0,0,0,0,0,0,0,0,0,0,0,7.33200e-3,2.12841e-2,0,0,0,0,0,0,0,0,0,0,0,0,0,0,1.07826e-2,6.44493e-2,0,0,0,0,0,0,1.03848e-1
"Oceania","VUT","Vanuatu",5.81505e-4,0,1.15753e-3,2.82234e-5,1.06091e-2,0,3.96403e-4,0,1.41557e-1,2.30460e-2,0,0,0,0,0,0,0,0,0,0,0,0,0,0,0,0,0,0,0,0,0,0,0,5.75786e+0,1.16485e+0,0,0,0,0,0,0,2.47320e-2,0,0,0,0,0,0,0,1.20827e-1,6.40655e-1,0,0,0,0,0,0,7.88630e+0
"Oceania","WLF","Wallis and Futuna",0,0,0,0,0,0,0,0,2.08440e-3,0,0,0,0,0,0,0,0,0,0,0,0,0,0,0,0,0,0,0,0,0,0,0,0,5.96318e-2,5.93403e-2,0,0,0,0,0,0,9.49676e-4,0,0,0,0,0,0,0,0,5.32190e-2,0,0,0,0,0,0,1.75225e-1
"Oceania","WSM","Samoa",4.07267e-4,0,1.27010e-3,1.37166e-4,1.93347e-2,0,3.85938e-4,0,2.50962e-1,2.67534e-2,0,0,0,0,0,0,0,0,0,0,0,0,0,0,0,0,0,0,0,0,0,0,0,1.39850e+0,1.30623e+0,0,0,0,0,0,0,2.30807e-3,0,0,0,0,0,0,0,2.38017e-1,9.47917e-1,0,0,0,0,0,0,4.19222e+0
"Antartica","ATA","Antarctica",0,0,0,0,0,0,0,0,0,0,0,0,0,0,0,0,0,0,0,0,0,0,0,0,0,0,0,0,0,0,0,0,0,0,0,0,0,0,0,0,0,0,0,0,0,0,0,0,0,0,0,0,0,0,0,0,0,0,
"Int. Shipping","SEA","Int. Shipping",0,0,0,0,0,0,0,0,0,0,5.07922e+0,0,2.61790e+1,0,0,0,0,0,0,0,0,0,0,0,0,0,0,0,0,0,0,0,0,0,0,0,0,0,0,0,0,0,0,0,0,0,0,0,0,0,0,0,0,0,0,0,0,3.12582e+1
"Int. Aviation","AIR","Int. Aviation",0,0,0,0,0,0,0,0,0,0,0,1.50572e+0,0,0,0,0,0,0,0,0,0,0,0,0,0,0,0,0,0,0,0,0,0,0,0,0,0,0,0,0,0,0,0,0,0,0,0,0,0,0,0,0,0,0,0,0,0,1.50572e+0

"TOTALS",,,6.39154e+1,2.57505e+1,3.13184e+2,1.37813e+0,6.95783e+2,8.54277e+0,9.21343e+0,2.79820e+0,1.16504e+4,3.13011e+4,4.01423e+4,1.50572e+0,2.61790e+1,0,0,0,5.97387e+1,5.92180e+1,0,0,0,0,0,0,0,0,0,0,0,0,0,0,0,8.33695e+4,1.05314e+4,4.31342e+4,0,0,0,0,8.49007e+3,1.07164e+3,1.12334e+4,8.73161e+2,1.42203e+4,0,0,0,0,2.19517e+4,1.98409e+4,2.57716e+2,8.93264e-1,1.49340e+2,0,0,0,02.99485e+5