"Content:","Emissions by country and main source category" 
"Compound:","CH4"
"Year: ","1974"
"Unit:","Gg CH4"
"Source:","European Commission, Joint Research Centre (JRC)/PBL Netherlands Environmental Assessment Agency. Emission Database for Global Atmospheric Research (EDGAR), release version 4.2. http://edgar.jrc.ec.europe.eu, 2010" 
"Dataset:","v4.2_EM_CH4_300911(edgar)"
"Date calculated:","November 30, 1999, 12:00 am"

,,,"Public electricity and heat production","Other Energy Industries","Manufacturing Industries and Construction","Domestic aviation","Road transportation","Rail transportation","Inland navigation","Other transportation","Residential and other sectors","Fugitive emissions from solid fuels","Fugitive emissions from oil and gas","Memo: International aviation","Memo: International navigation","Cement production","Lime production","Production of other minerals","Production of chemicals","Production of metals","Production of pulp/paper/food/drink","Production of halocarbons and SF6","Refrigeration and Air Conditioning","Foam Blowing","Fire Extinguishers","Aerosols","F-gas as Solvent","Semiconductor/Electronics Manufacture","Electrical Equipment","Other F-gas use","Non-energy use of lubricants/waxes (CO2)","Solvent and other product use: paint","Solvent and other product use: degrease","Solvent and other product use: chemicals","Solvent and other product use: other","Enteric fermentation","Manure management","Rice cultivation","Direct soil emissions","Manure in pasture/range/paddock","Indirect N2O from agriculture","Other direct soil emissions","Savanna burning","Agricultural waste burning","Forest fires","Grassland fires","Peat fires and decay of drained peatland","Other vegetation fires","Other biomass burning","Forest Fires-Post burn decay","Forest Land: net carbon stock change","Solid waste disposal on land","Wastewater handling","Waste incineration","Other waste handling","Fossil fuel fires","Indirect N2O from non-agricultural NOx","Indirect N2O from non-agricultural NH3","Other sources",

"World Region","ISO_A3","Country","1A1a","1A1bc","1A2","1A3a","1A3b","1A3c","1A3d","1A3e","1A4","1B1","1B2","1C1","1C2","2A1","2A2","2A7","2B","2C","2D","2E","2F1","2F2","2F3","2F4","2F5","2F7","2F8","2F9","2G","3A","3B","3C","3D","4A","4B","4C","4D1","4D2","4D3","4D4","4E","4F","5A","5C","5D","5F","5F1","5F2","5FL","6A","6B","6C","6D","7A","7B","7C","7D","TOTAL" 
"Canada","CAN","Canada",7.20568e-1,1.15237e+0,1.04639e+1,5.61450e-2,3.86299e+1,4.14052e-1,4.63647e-1,0,4.92964e+1,5.46790e+1,1.11776e+3,0,0,0,0,0,4.53819e+0,1.60243e+0,0,0,0,0,0,0,0,0,0,0,0,0,0,0,0,7.20295e+2,2.15827e+2,0,0,0,0,0,0,4.62512e+0,5.93904e+1,4.96704e+1,0,0,0,0,0,6.68348e+2,1.61503e+2,6.51227e+0,0,0,0,0,0,3.16595e+3
"USA","SPM","Saint Pierre and Miquelon",0,0,0,0,0,0,0,0,0,0,0,0,0,0,0,0,0,0,0,0,0,0,0,0,0,0,0,0,0,0,0,0,0,4.28630e-4,3.41244e-5,0,0,0,0,0,0,0,0,0,0,0,0,0,0,2.95005e-2,9.78087e-3,6.95084e-4,0,0,0,0,0,4.04392e-2
"USA","UMI","United States Minor Outlying Islands",0,0,0,0,0,0,0,0,0,0,0,0,0,0,0,0,0,0,0,0,0,0,0,0,0,0,0,0,0,0,0,0,0,0,0,0,0,0,0,0,0,0,0,0,0,0,0,0,0,0,0,0,0,0,0,0,0,0,
"USA","USA","United States",1.18672e+1,9.61975e+0,6.60650e+1,9.30557e-1,4.32874e+2,2.61288e+0,8.03614e-1,6.49582e-1,4.03616e+2,3.26590e+3,6.94224e+3,0,0,0,0,0,1.59172e+1,4.09791e+0,0,0,0,0,0,0,0,0,0,0,0,0,0,0,0,6.95845e+3,1.90068e+3,4.69681e+2,0,0,0,0,4.28448e-1,3.63296e+1,3.94085e+1,1.37834e+1,0,0,0,0,0,6.81804e+3,6.00366e+2,0,0,1.50000e+1,0,0,0,2.80094e+4
"Mexico","MEX","Mexico",1.75329e-1,5.49629e-1,3.15768e+0,0,9.13449e+0,0,0,5.53662e-1,6.35908e+1,5.11455e+1,7.73486e+2,0,0,0,0,0,5.02387e-1,1.74209e+0,0,0,0,0,0,0,0,0,0,0,0,0,0,0,0,1.59786e+3,1.13751e+2,3.38510e+1,0,0,0,0,2.21950e+1,2.14723e+1,5.67941e+1,1.24646e-1,0,0,0,0,0,1.22624e+2,3.01902e+2,0,0,0,0,0,0,3.17462e+3
"Rest Central America","ABW","Aruba",1.57476e-3,0,7.36503e-3,0,0,0,0,0,3.23000e-4,1.08832e-2,0,0,0,0,0,0,0,0,0,0,0,0,0,0,0,0,0,0,0,0,0,0,0,3.39370e-2,4.18740e-3,0,0,0,0,0,0,0,0,0,0,0,0,0,0,1.84787e-1,2.82727e-1,0,0,0,0,0,0,5.25784e-1
"Rest Central America","AIA","Anguilla",1.85250e-4,0,8.66460e-4,0,0,0,0,0,3.80000e-5,3.26210e-1,0,0,0,0,0,0,0,0,0,0,0,0,0,0,0,0,0,0,0,0,0,0,0,0,0,0,0,0,0,0,0,0,0,0,0,0,0,0,0,5.45591e-3,2.32334e-2,0,0,0,0,0,0,3.55989e-1
"Rest Central America","ANT","Netherlands Antilles",0,1.47451e-1,1.80493e-1,1.00483e-3,1.58590e-1,0,0,0,3.20290e-2,2.14442e-2,1.05897e+1,0,0,0,0,0,0,0,0,0,0,0,0,0,0,0,0,0,0,0,0,0,0,3.45651e-1,1.45100e-2,0,0,0,0,0,0,0,0,0,0,0,0,0,0,1.01641e+0,7.13921e-1,0,0,0,0,0,0,1.32212e+1
"Rest Central America","ATG","Antigua and Barbuda",2.95708e-3,0,7.82159e-3,0,2.43107e-3,0,0,0,6.14035e-2,0,1.10448e-1,0,0,0,0,0,0,0,0,0,0,0,0,0,0,0,0,0,0,0,0,0,0,5.68831e-1,1.35663e-2,0,0,0,0,0,0,2.87128e-2,0,0,0,0,0,0,0,1.58800e-1,2.59327e-1,0,0,0,0,0,0,1.21430e+0
"Rest Central America","BHS","Bahamas",1.13012e-2,0,2.66161e-2,0,2.32297e-2,0,0,0,2.87576e-1,2.19812e-2,1.08857e+0,0,0,0,0,0,0,0,0,0,0,0,0,0,0,0,0,0,0,0,0,0,0,2.58439e-1,2.19850e-2,0,0,0,0,0,0,1.17042e-2,0,0,0,0,0,0,0,2.39324e+0,7.68368e-1,0,0,0,0,0,0,4.91301e+0
"Rest Central America","BLZ","Belize",4.69174e-3,0,1.77182e-2,0,3.43004e-3,0,0,0,6.51179e-1,4.62536e-2,6.33473e-2,0,0,0,0,0,0,0,0,0,0,0,0,0,0,0,0,0,0,0,0,0,0,2.38629e+0,8.32067e-2,7.94421e-1,0,0,0,0,6.56568e-1,2.64664e-1,0,0,0,0,0,0,0,4.01754e-1,7.11443e-1,0,0,0,0,0,0,6.08497e+0
"Rest Central America","BMU","Bermuda",3.43155e-3,0,6.99304e-3,0,2.79013e-3,0,0,0,3.49337e-2,0,1.49910e-1,0,0,0,0,0,0,0,0,0,0,0,0,0,0,0,0,0,0,0,0,0,0,5.62018e-2,2.32700e-3,0,0,0,0,0,0,3.94538e-5,0,0,0,0,0,0,0,4.94561e-1,2.47745e-1,0,0,0,0,0,0,9.98932e-1
"Rest Central America","BRB","Barbados",8.28427e-3,0,3.07621e-2,0,5.23140e-3,0,0,0,3.34259e-2,2.92486e-2,5.55259e-1,0,0,0,0,0,0,0,0,0,0,0,0,0,0,0,0,0,0,0,0,0,0,1.38405e+0,7.70600e-2,0,0,0,0,0,0,2.82695e-1,0,0,0,0,0,0,0,9.92404e-1,1.42112e+0,0,0,0,0,0,0,4.81954e+0
"Rest Central America","CRI","Costa Rica",8.25949e-3,2.91203e-3,1.89537e-1,0,1.23430e-1,0,0,2.17295e-2,5.35221e+0,1.16171e+0,1.05414e-1,0,0,0,0,0,0,0,0,0,0,0,0,0,0,0,0,0,0,0,0,0,0,1.09307e+2,2.48898e+0,1.55558e+1,0,0,0,0,1.20338e+0,8.60636e-1,0,0,0,0,0,0,0,2.00934e+0,9.13172e+0,0,0,0,0,0,0,1.47522e+2
"Rest Central America","CUB","Cuba",7.85578e-1,8.70280e-3,3.21680e+0,0,7.93904e-1,0,9.84732e-2,6.39324e-2,2.99185e+1,8.44880e+0,2.32006e+0,0,0,0,0,0,0,0,0,0,0,0,0,0,0,0,0,0,0,0,0,0,0,3.10938e+2,9.49316e+0,1.08705e+2,0,0,0,0,8.72904e+0,1.61186e+1,1.91080e+0,0,0,0,0,0,0,2.84719e+1,5.41519e+1,0,0,0,0,0,0,5.84173e+2
"Rest Central America","CYM","Cayman Islands",8.69531e-4,0,2.15849e-3,0,7.16950e-4,0,0,0,7.53503e-3,0,2.76209e-2,0,0,0,0,0,0,0,0,0,0,0,0,0,0,0,0,0,0,0,0,0,0,2.35157e-1,8.98125e-3,0,0,0,0,0,0,5.17665e-6,0,0,0,0,0,0,0,3.15750e-1,5.62138e-2,0,0,0,0,0,0,6.55008e-1
"Rest Central America","DMA","Dominica",2.01797e-3,0,9.14904e-3,0,3.81744e-4,0,0,0,2.39417e-3,2.72438e-2,7.52692e-3,0,0,0,0,0,0,0,0,0,0,0,0,0,0,0,0,0,0,0,0,0,0,3.29518e-1,1.43330e-2,0,0,0,0,0,0,1.76618e-3,0,0,0,0,0,0,0,1.99626e-1,3.53293e-1,0,0,0,0,0,0,9.47250e-1
"Rest Central America","DOM","Dominican Republic",7.83354e-2,0,7.04512e-1,0,4.55590e-1,0,0,1.00483e-3,1.02850e+1,1.65808e+1,3.87751e-1,0,0,0,0,0,0,0,0,0,0,0,0,0,0,0,0,0,0,0,0,0,0,1.12913e+2,3.31165e+0,3.42276e+1,0,0,0,0,1.09769e+0,3.26504e+0,8.70060e-1,0,0,0,0,0,0,1.01544e+1,2.56328e+1,1.65797e-1,0,0,0,0,0,2.20131e+2
"Rest Central America","GLP","Guadeloupe",9.17841e-3,0,4.02877e-2,0,4.49846e-3,0,0,0,5.85302e-1,1.27985e-1,1.36995e-1,0,0,0,0,0,0,0,0,0,0,0,0,0,0,0,0,0,0,0,0,0,0,4.35582e+0,1.12216e-1,0,0,0,0,0,0,3.40027e-1,0,0,0,0,0,0,0,1.74535e+0,1.92743e+0,0,0,0,0,0,0,9.38509e+0
"Rest Central America","GRD","Grenada",2.50851e-3,0,1.10739e-2,0,4.17173e-4,0,0,0,3.94111e-3,1.05538e-1,1.30459e-2,0,0,0,0,0,0,0,0,0,0,0,0,0,0,0,0,0,0,0,0,0,0,4.05845e-1,1.33517e-2,0,0,0,0,0,0,3.06229e-3,0,0,0,0,0,0,0,1.55744e-1,4.34648e-1,0,0,0,0,0,0,1.14918e+0
"Rest Central America","GTM","Guatemala",3.00147e-2,3.00521e-3,5.63460e-1,0,2.71753e-1,0,0,0,1.85112e+1,7.07587e+0,2.54466e-1,0,0,0,0,0,0,0,0,0,0,0,0,0,0,0,0,0,0,0,0,0,0,9.39854e+1,2.75196e+0,2.40675e+0,0,0,0,0,5.10168e+0,2.00291e+0,6.18256e+0,0,0,0,0,0,0,5.07248e+0,2.59119e+1,0,0,0,0,0,0,1.70125e+2
"Rest Central America","HND","Honduras",3.39131e-3,2.34461e-3,1.93221e-1,0,8.91965e-2,0,0,0,1.13470e+1,6.33660e-1,1.56852e-1,0,0,0,0,0,0,0,0,0,0,0,0,0,0,0,0,0,0,0,0,0,0,9.56516e+1,2.86871e+0,2.77851e+0,0,0,0,0,6.77592e+0,7.60823e-1,6.44191e+0,0,0,0,0,0,0,1.43591e+0,1.26060e+1,0,0,0,0,0,0,1.41745e+2
"Rest Central America","HTI","Haiti",3.01450e-3,0,1.63411e-1,0,2.56081e-2,0,0,3.39132e-3,1.33790e+1,2.67193e+1,0,0,0,0,0,0,0,0,0,0,0,0,0,0,0,0,0,0,0,0,0,0,0,6.57722e+1,3.67975e+0,8.80516e+0,0,0,0,0,0,1.42560e+0,0,0,0,0,0,0,0,5.54494e+0,2.29222e+1,0,0,0,0,0,0,1.48444e+2
"Rest Central America","JAM","Jamaica",2.61625e-1,3.91391e-3,1.23971e-1,6.28019e-5,2.04848e-1,1.85915e-2,0,0,1.98712e+0,1.68976e+0,4.31296e-1,0,0,0,0,0,0,0,0,0,0,0,0,0,0,0,0,0,0,0,0,0,0,1.82121e+1,6.41388e-1,3.13073e-2,0,0,0,0,0,1.16522e+0,0,0,0,0,0,0,0,5.58673e+0,9.93403e+0,0,0,0,0,0,0,4.02919e+1
"Rest Central America","KNA","Saint Kitts and Nevis",1.33903e-3,0,5.31887e-3,0,5.30895e-4,0,0,0,1.02094e-1,0,1.42080e-2,0,0,0,0,0,0,0,0,0,0,0,0,0,0,0,0,0,0,0,0,0,0,4.16574e-1,1.02122e-2,0,0,0,0,0,0,6.54767e-2,0,0,0,0,0,0,0,2.64212e-1,3.17471e-1,0,0,0,0,0,0,1.19744e+0
"Rest Central America","LCA","Saint Lucia",3.55693e-3,0,1.45521e-2,0,1.74469e-3,0,0,0,1.99588e-2,3.36878e-2,3.16308e-2,0,0,0,0,0,0,0,0,0,0,0,0,0,0,0,0,0,0,0,0,0,0,5.83534e-1,2.09420e-2,0,0,0,0,0,0,6.53840e-3,0,0,0,0,0,0,0,9.62812e-2,4.97271e-1,0,0,0,0,0,0,1.30970e+0
"Rest Central America","MSR","Montserrat",3.71413e-4,0,1.46837e-3,0,3.16265e-4,0,0,0,1.50981e-3,0,4.74741e-3,0,0,0,0,0,0,0,0,0,0,0,0,0,0,0,0,0,0,0,0,0,0,4.88622e-1,1.20830e-2,0,0,0,0,0,0,5.28938e-5,0,0,0,0,0,0,0,6.90638e-3,5.22115e-2,0,0,0,0,0,0,5.68289e-1
"Rest Central America","MTQ","Martinique",1.07509e-2,0,4.02432e-2,0,4.84307e-3,0,0,0,7.03305e-2,1.46171e-1,1.78726e-1,0,0,0,0,0,0,0,0,0,0,0,0,0,0,0,0,0,0,0,0,0,0,2.94292e+0,1.00690e-1,0,0,0,0,0,0,1.15864e-1,0,0,0,0,0,0,0,2.56963e+0,1.77555e+0,0,0,0,0,0,0,7.95571e+0
"Rest Central America","NIC","Nicaragua",2.02623e-2,1.27130e-3,2.29376e-1,1.88406e-4,1.42955e-1,0,2.34461e-3,0,7.10423e+0,1.47854e+0,1.59039e-1,0,0,0,0,0,0,0,0,0,0,0,0,0,0,0,0,0,0,0,0,0,0,1.55176e+2,4.00829e+0,5.77228e+0,0,0,0,0,6.89640e+0,9.61085e-1,0,0,0,0,0,0,0,1.03430e+1,1.18313e+1,0,0,0,0,0,0,2.04127e+2
"Rest Central America","PAN","Panama",1.03641e-2,6.55955e-3,9.62544e-2,0,3.16843e-1,0,0,1.19324e-2,4.54820e+0,1.05610e-1,9.78263e-1,0,0,0,0,0,0,0,0,0,0,0,0,0,0,0,0,0,0,0,0,0,0,8.13824e+1,1.81779e+0,2.19151e+1,0,0,0,0,1.18826e+0,6.91571e-1,0,0,0,0,0,0,0,3.69676e+0,7.57755e+0,0,0,0,0,0,0,1.24344e+2
"Rest Central America","PRI","Puerto Rico",0,0,0,0,0,0,0,0,0,0,0,0,0,0,0,0,0,0,0,0,0,0,0,0,0,0,0,0,0,0,0,0,0,3.20424e+1,8.91463e-1,1.36969e-1,0,0,0,0,0,9.68909e-1,1.45289e-1,0,0,0,0,0,0,1.51967e+1,1.41725e+1,0,0,0,0,0,0,6.35543e+1
"Rest Central America","SLV","El Salvador",9.68581e-3,2.02174e-3,2.05078e-1,0,1.32729e-1,0,0,5.02416e-4,1.68021e+1,3.16830e-1,1.67508e-1,0,0,0,0,0,0,0,0,0,0,0,0,0,0,0,0,0,0,0,0,0,0,5.67392e+1,2.11612e+0,2.17194e+0,0,0,0,0,1.25033e-1,1.27398e+0,0,0,0,0,0,0,0,7.15453e+0,1.64325e+1,0,0,0,0,0,0,1.03650e+2
"Rest Central America","TCA","Turks and Caicos Islands",1.97790e-4,0,9.25170e-4,0,0,0,0,0,4.04000e-5,2.54180e-3,0,0,0,0,0,0,0,0,0,0,0,0,0,0,0,0,0,0,0,0,0,0,0,0,0,0,0,0,0,0,0,0,0,0,0,0,0,0,0,3.40855e-2,2.69902e-2,0,0,0,0,0,0,6.47809e-2
"Rest Central America","TTO","Trinidad and Tobago",7.05003e-2,8.23544e-2,7.41065e-3,0,2.67039e-1,0,0,0,1.05110e+0,1.37293e-1,6.96397e+1,0,0,0,0,0,4.21077e-1,0,0,0,0,0,0,0,0,0,0,0,0,0,0,0,0,4.78646e+0,1.92750e-1,1.25424e+0,0,0,0,0,0,5.98126e-1,0,0,0,0,0,0,0,5.29631e+0,6.78612e+0,0,0,0,0,0,0,9.05905e+1
"Rest Central America","VCT","Saint Vincent and the Grenadines",2.80321e-3,0,1.23612e-2,0,4.52473e-4,0,0,0,2.70070e-2,2.43798e-2,1.06703e-2,0,0,0,0,0,0,0,0,0,0,0,0,0,0,0,0,0,0,0,0,0,0,4.72636e-1,1.50130e-2,0,0,0,0,0,0,1.54930e-2,0,0,0,0,0,0,0,1.33042e-1,4.30583e-1,0,0,0,0,0,0,1.14444e+0
"Rest Central America","VGB","Virgin Islands_British",3.79685e-4,0,1.35951e-3,0,3.73678e-4,0,0,0,1.93393e-3,1.57520e-3,6.32574e-3,0,0,0,0,0,0,0,0,0,0,0,0,0,0,0,0,0,0,0,0,0,0,4.40416e-1,3.03473e-2,0,0,0,0,0,0,0,0,0,0,0,0,0,0,5.04366e-2,4.72319e-2,0,0,0,0,0,0,5.80380e-1
"Rest Central America","VIR","Virgin Islands_USA",0,0,0,0,0,0,0,0,0,0,0,0,0,0,0,0,0,0,0,0,0,0,0,0,0,0,0,0,0,0,0,0,0,5.82800e-2,1.10654e-2,0,0,0,0,0,0,7.25236e-2,0,0,0,0,0,0,0,4.89491e-1,3.52411e-1,0,0,0,0,0,0,9.83771e-1
"Brazil","BRA","Brazil",2.42945e-1,2.81619e-1,1.16551e+1,2.61466e-2,1.62557e+1,1.09788e-1,4.90023e-1,0,2.93109e+2,5.08548e+2,5.42907e+1,0,0,0,0,0,8.10932e-1,3.97194e+0,0,0,0,0,0,0,0,0,0,0,0,0,0,0,0,5.48897e+3,1.58814e+2,5.23791e+2,0,0,0,0,3.49896e+2,6.70692e+1,1.31862e+3,7.94736e-1,0,0,0,0,0,2.18204e+2,8.30085e+2,3.32931e+0,0,0,0,0,0,9.84936e+3
"Rest South America","ARG","Argentina",3.04470e-1,1.91062e-1,2.20787e+0,9.42030e-3,5.30409e+0,6.69888e-4,1.41849e-1,2.00966e-2,6.81397e+0,6.39662e+1,2.57487e+2,0,0,0,0,0,2.23096e-1,3.47349e-1,0,0,0,0,0,0,0,0,0,0,0,0,0,0,0,3.57260e+3,7.02947e+1,1.61820e+1,0,0,0,0,9.42984e+0,2.12854e+1,2.89670e+1,6.23928e+1,0,0,0,0,0,7.93300e+1,1.74496e+2,0,0,0,0,0,0,4.37199e+3
"Rest South America","BOL","Bolivia",1.46957e-2,8.95974e-3,1.08857e-1,9.00162e-4,2.78917e-1,0,0,0,3.95992e+0,6.33660e-1,8.30815e+1,0,0,0,0,0,0,0,0,0,0,0,0,0,0,0,0,0,0,0,0,0,0,2.17605e+2,6.70625e+0,1.04292e+1,0,0,0,0,1.01729e+2,1.16452e+0,2.20667e+2,0,0,0,0,0,0,5.34057e+0,2.13888e+1,0,0,0,0,0,0,6.73118e+2
"Rest South America","BVT","Bouvet Island",0,0,0,0,0,0,0,0,0,0,0,0,0,0,0,0,0,0,0,0,0,0,0,0,0,0,0,0,0,0,0,0,0,0,0,0,0,0,0,0,0,0,0,0,0,0,0,0,0,0,0,0,0,0,0,0,0,0,
"Rest South America","CHL","Chile",4.36207e-2,6.78840e-2,6.93767e-1,0,1.06487e+0,1.69587e-2,2.22737e-2,0,1.45351e+1,4.09809e+1,1.30841e+2,0,0,0,0,0,0,7.25558e-2,0,0,0,0,0,0,0,0,0,0,0,0,0,0,0,2.73825e+2,5.65649e+0,2.70024e+0,0,0,0,0,0,1.41810e+0,1.49645e+0,3.39360e+0,0,0,0,0,0,1.81781e+1,8.68363e+1,0,0,0,0,0,0,5.81843e+2
"Rest South America","COL","Colombia",4.41175e-2,1.20963e-1,4.77546e-1,0,2.69166e+0,1.11369e-3,0,3.19035e-2,4.05827e+1,3.96884e+1,1.09704e+2,0,0,0,0,0,1.29565e-2,2.31700e-2,0,0,0,0,0,0,0,0,0,0,0,0,0,0,0,1.28919e+3,3.09474e+1,1.38602e+2,0,0,0,0,1.68310e+1,7.32760e+0,7.65204e+1,0,0,0,0,0,0,2.81361e+1,1.14117e+2,0,0,0,0,0,0,1.89505e+3
"Rest South America","ECU","Ecuador",8.85664e-3,2.34092e-2,2.26254e-1,0,5.27475e-1,0,0,2.97681e-2,1.50657e+1,1.84185e+1,4.07411e+1,0,0,0,0,0,4.23000e-5,0,0,0,0,0,0,0,0,0,0,0,0,0,0,0,0,1.57413e+2,6.27515e+0,4.46526e+1,0,0,0,0,8.62728e-1,2.60476e+0,7.86828e-1,0,0,0,0,0,0,5.35563e+0,2.96963e+1,0,0,0,0,0,0,3.22688e+2
"Rest South America","FLK","Falkland Islands (Malvinas)",1.64457e-4,0,2.31327e-4,0,6.33808e-5,0,0,0,9.85472e-4,7.41060e-3,3.15242e-3,0,0,0,0,0,0,0,0,0,0,0,0,0,0,0,0,0,0,0,0,0,0,3.82249e+0,7.50985e-2,0,0,0,0,0,0,0,0,0,0,0,0,0,0,7.94372e-3,9.17418e-3,2.93335e-5,0,0,0,0,0,3.92675e+0
"Rest South America","GUF","French Guiana",2.32397e-3,0,8.46979e-3,0,1.64167e-3,0,0,0,9.87724e-2,1.01386e-1,9.93166e-2,0,0,0,0,0,0,0,0,0,0,0,0,0,0,0,0,0,0,0,0,0,0,9.87330e-2,9.62464e-3,1.95670e-2,0,0,0,0,0,2.87618e-3,4.97576e-1,0,0,0,0,0,0,3.34647e-1,2.61087e-1,1.27667e-3,0,0,0,0,0,1.53730e+0
"Rest South America","GUY","Guyana",2.35298e-2,0,9.39081e-2,0,1.02219e-2,0,0,0,2.99206e+0,2.04060e-3,3.86522e-1,0,0,0,0,0,0,0,0,0,0,0,0,0,0,0,0,0,0,0,0,0,0,1.43360e+1,6.20778e-1,5.01422e+1,0,0,0,0,2.26574e+0,1.47714e+0,1.29254e+1,0,0,0,0,0,0,9.42810e-1,3.79097e+0,3.46469e-3,0,0,0,0,0,9.00128e+1
"Rest South America","PER","Peru",1.31138e-1,5.94530e-2,6.34341e-1,4.60548e-4,1.52045e+0,0,3.19453e-2,0,3.68039e+1,2.00207e+1,6.86147e+1,0,0,0,0,0,3.00000e-4,2.18300e-1,0,0,0,0,0,0,0,0,0,0,0,0,0,0,0,3.04354e+2,9.71826e+0,5.37640e+1,0,0,0,0,6.60456e-1,4.19253e+0,2.80459e+1,0,0,0,0,0,0,1.99037e+1,7.43382e+1,0,0,0,0,0,0,6.23013e+2
"Rest South America","PRY","Paraguay",5.71498e-2,1.13043e-3,4.57700e-1,0,7.45617e-2,1.75846e-2,1.46538e-3,0,1.14182e+1,6.75904e+0,4.39915e-2,0,0,0,0,0,0,0,0,0,0,0,0,0,0,0,0,0,0,0,0,0,0,2.91434e+2,6.50646e+0,4.48085e+0,0,0,0,0,5.12952e+1,8.91353e-1,5.58874e+1,5.93808e+0,0,0,0,0,0,4.87258e+0,1.17762e+1,0,0,0,0,0,0,4.51913e+2
"Rest South America","SGS","South Georgia and the South Sandwich Islands",0,0,0,0,0,0,0,0,0,0,0,0,0,0,0,0,0,0,0,0,0,0,0,0,0,0,0,0,0,0,0,0,0,0,0,0,0,0,0,0,0,0,0,0,0,0,0,0,0,0,0,0,0,0,0,0,0,0,
"Rest South America","SUR","Suriname",1.63829e-2,0,4.42378e-2,0,1.20603e-2,0,0,0,3.91094e-1,8.25870e-1,5.60065e-1,0,0,0,0,0,0,0,0,0,0,0,0,0,0,0,0,0,0,0,0,0,0,1.53866e+0,1.50347e-1,2.25810e+1,0,0,0,0,0,1.66100e-1,9.97628e+0,0,0,0,0,0,0,9.55694e-1,1.86761e+0,3.49508e-3,0,0,0,0,0,3.90889e+1
"Rest South America","URY","Uruguay",8.10796e-3,2.31795e-3,1.32428e-1,4.18680e-4,2.47007e-1,0,0,7.78746e-3,4.33083e+0,1.05610e-1,4.63255e-1,0,0,0,0,0,0,9.05934e-4,0,0,0,0,0,0,0,0,0,0,0,0,0,0,0,7.01912e+2,1.41812e+1,2.15207e+1,0,0,0,0,0,1.08301e+0,0,0,0,0,0,0,0,1.16525e+1,1.45855e+1,0,0,0,0,0,0,7.70233e+2
"Rest South America","VEN","Venezuela",2.02396e-1,6.85795e-1,7.07444e-1,0,4.78050e+0,3.56192e-2,0,2.63768e-3,5.19504e+0,2.16403e+0,7.87123e+2,0,0,0,0,0,2.62688e-1,2.84539e-1,0,0,0,0,0,0,0,0,0,0,0,0,0,0,0,5.31639e+2,1.56641e+1,2.28934e+1,0,0,0,0,2.55240e+1,2.48956e+0,5.37023e+1,0,0,0,0,0,0,3.83320e+1,7.36843e+1,0,0,0,0,0,0,1.56537e+3
"Northern_Africa","DZA","Algeria",4.31896e-2,1.42828e-1,6.14622e-2,0,6.93567e-1,8.34009e-3,9.37844e-3,0,1.39164e+1,2.28386e+1,8.02770e+2,0,0,0,0,0,1.06939e-1,4.34000e-2,0,0,0,0,0,0,0,0,0,0,0,0,0,0,0,1.07492e+2,4.23746e+0,2.01671e-1,0,0,0,0,0,7.85933e-2,0,0,0,0,0,0,0,1.93041e+1,5.60981e+1,0,0,0,0,0,0,1.02805e+3
"Northern_Africa","EGY","Egypt",3.78571e-4,2.31251e-2,7.46171e-1,2.53301e-3,9.09471e-1,0,1.49468e-2,2.33624e-2,4.09383e+1,9.17828e+1,1.92244e+2,0,0,0,0,0,7.92000e-4,1.49352e-1,0,0,0,0,0,0,0,0,0,0,0,0,0,0,0,2.38842e+2,7.06946e+0,2.28721e+2,0,0,0,0,0,2.41291e-1,0,0,0,0,0,0,0,4.44560e+1,1.43440e+2,0,0,0,0,0,0,9.89606e+2
"Northern_Africa","ESH","Western Sahara",5.41047e-5,3.96568e-5,1.60920e-5,4.58826e-5,3.07600e-3,3.19550e-6,0,0,1.07904e-2,0,2.22834e-3,0,0,0,0,0,0,0,0,0,0,0,0,0,0,0,0,0,0,0,0,0,0,6.79147e+0,2.05616e-1,0,0,0,0,0,0,3.79620e-5,0,0,0,0,0,0,0,5.48721e-2,2.77727e-1,0,0,0,0,0,0,7.34597e+0
"Northern_Africa","LBY","Libyan Arab Jamahiriya",4.38541e-2,7.24525e-2,2.22738e-2,2.09339e-5,5.71115e-1,0,0,0,1.72222e+0,1.84152e+0,5.81540e+2,0,0,0,0,0,6.45150e-1,0,0,0,0,0,0,0,0,0,0,0,0,0,0,0,0,3.28646e+1,1.13432e+0,0,0,0,0,0,0,1.03577e-2,0,0,0,0,0,0,0,5.36356e+0,1.06459e+1,0,0,0,0,0,0,6.36477e+2
"Northern_Africa","MAR","Morocco",1.13094e-2,3.18197e-3,1.29330e-1,0,4.05022e-1,2.43253e-3,1.55330e-2,0,2.16164e+1,1.10433e+1,7.68046e+0,0,0,0,0,0,0,0,0,0,0,0,0,0,0,0,0,0,0,0,0,0,0,2.58841e+2,9.09689e+0,7.51321e-1,0,0,0,0,0,1.98580e-1,0,0,0,0,0,0,0,1.57767e+1,6.83387e+1,0,0,0,0,0,0,3.93910e+2
"Northern_Africa","TUN","Tunisia",1.83766e-2,2.70518e-3,5.14139e-2,0,1.59746e-1,3.30129e-3,9.67148e-3,0,5.22851e+0,7.70953e+0,1.69731e+1,0,0,0,0,0,0,1.31600e-2,0,0,0,0,0,0,0,0,0,0,0,0,0,0,0,7.94456e+1,2.89840e+0,0,0,0,0,0,0,5.05277e-2,0,0,0,0,0,0,0,7.88187e+0,2.26369e+1,0,0,0,0,0,0,1.43083e+2
"Western_Africa","BEN","Benin",2.51208e-4,0,3.76812e-4,0,7.46891e-2,0,0,0,1.75836e+1,1.04554e+1,0,0,0,0,0,0,0,0,0,0,0,0,0,0,0,0,0,0,0,0,0,0,0,2.73714e+1,1.60103e+0,1.15664e+0,0,0,0,0,1.98828e+1,2.28040e-1,4.48827e+1,0,0,0,0,0,0,9.76931e-1,1.35878e+1,0,0,0,0,0,0,1.37802e+2
"Western_Africa","BFA","Burkina Faso",5.90031e-5,3.53381e-5,3.57720e-5,2.30829e-4,2.46362e-2,3.48600e-6,0,0,2.62371e+1,2.17852e+1,6.13935e-3,0,0,0,0,0,0,0,0,0,0,0,0,0,0,0,0,0,0,0,0,0,0,9.52711e+1,3.95548e+0,6.44555e+0,0,0,0,0,1.87279e+1,6.04074e-1,0,0,0,0,0,0,0,7.52905e-1,2.31408e+1,0,0,0,0,0,0,1.96951e+2
"Western_Africa","CAF","Central African Republic",2.34468e-5,5.98880e-6,6.54300e-6,1.82715e-4,6.44017e-3,1.38610e-6,0,0,7.84764e+0,2.29138e+0,2.04310e-3,0,0,0,0,0,0,0,0,0,0,0,0,0,0,0,0,0,0,0,0,0,0,3.30195e+1,1.12318e+0,2.76802e+0,0,0,0,0,6.84552e+2,1.76458e-1,1.88108e+2,0,0,0,0,0,0,2.53881e+0,8.99349e+0,0,0,0,0,0,0,9.31427e+2
"Western_Africa","CIV","Cote d'Ivoire",4.51232e-3,1.68728e-3,3.38294e-2,0,2.32322e-1,2.43253e-3,9.67151e-3,0,2.49307e+1,3.22111e+1,4.65656e-1,0,0,0,0,0,0,0,0,0,0,0,0,0,0,0,0,0,0,0,0,0,0,2.54395e+1,1.20517e+0,1.76886e+1,0,0,0,0,1.10746e+1,5.92736e-1,1.52878e+2,0,0,0,0,0,0,7.37672e+0,2.47142e+1,0,0,0,0,0,0,2.98861e+2
"Western_Africa","CMR","Cameroon",1.75846e-3,0,2.76329e-3,0,1.65592e-1,0,0,0,2.40182e+1,5.49172e+0,1.36500e-1,0,0,0,0,0,0,0,0,0,0,0,0,0,0,0,0,0,0,0,0,0,0,1.03190e+2,3.87549e+0,4.19158e+0,0,0,0,0,7.22376e+1,5.16489e-1,7.40520e+1,0,0,0,0,0,0,5.88028e+0,3.25403e+1,0,0,0,0,0,0,3.26300e+2
"Western_Africa","COD","Congo_the Democratic Republic of the",0,1.75846e-3,6.82448e-2,0,2.07443e-1,0,0,0,9.36256e+1,7.00599e+0,5.07806e-1,0,0,0,0,0,0,0,0,0,0,0,0,0,0,0,0,0,0,0,0,0,0,2.35022e+0,1.16021e-1,5.16039e+1,0,0,0,0,5.85672e+2,2.36005e+0,1.49206e+3,0,0,0,0,0,0,3.03771e+1,9.45376e+1,0,0,0,0,0,0,2.36049e+3
"Western_Africa","COG","Congo",1.46538e-3,0,4.52175e-3,4.81481e-4,5.64952e-2,0,0,0,3.38092e+0,1.32013e+1,8.13689e+1,0,0,0,0,0,0,0,0,0,0,0,0,0,0,0,0,0,0,0,0,0,0,5.65048e+1,2.53981e+0,1.31877e+0,0,0,0,0,1.28851e+1,1.55988e-1,6.25294e+1,0,0,0,0,0,0,1.35407e+0,5.99650e+0,0,0,0,0,0,0,2.41299e+2
"Western_Africa","CPV","Cape Verde",9.18372e-5,5.21170e-6,2.48760e-5,1.62932e-4,1.19121e-2,5.42820e-6,0,0,1.74929e-2,8.87840e-3,4.27997e-3,0,0,0,0,0,0,0,0,0,0,0,0,0,0,0,0,0,0,0,0,0,0,7.34938e-1,9.86419e-2,0,0,0,0,0,0,3.08484e-3,0,0,0,0,0,0,0,1.76483e-1,1.09305e+0,0,0,0,0,0,0,2.14906e+0
"Western_Africa","GAB","Gabon",2.63768e-3,0,1.59517e-2,0,1.45612e-2,0,0,0,1.28263e+0,4.56235e-1,9.65687e+1,0,0,0,0,0,0,0,0,0,0,0,0,0,0,0,0,0,0,0,0,0,0,7.02252e-1,1.52134e-1,5.93148e-2,0,0,0,0,2.96424e-1,1.82666e-2,5.10864e+0,0,0,0,0,0,0,1.15485e+0,2.91577e+0,0,0,0,0,0,0,1.08748e+2
"Western_Africa","GHA","Ghana",1.00483e-3,2.30274e-3,2.66364e-1,0,3.90928e-1,1.73752e-3,3.51691e-3,0,3.22531e+1,2.18613e+1,3.07157e-1,0,0,0,0,0,0,0,0,0,0,0,0,0,0,0,0,0,0,0,0,0,0,4.94537e+1,2.41274e+0,1.32074e+1,0,0,0,0,5.04096e+1,5.20233e-1,1.50035e+1,0,0,0,0,0,0,1.06156e+1,4.10361e+1,0,0,0,0,0,0,2.37746e+2
"Western_Africa","GIN","Guinea",1.43694e-4,5.19531e-4,4.65480e-5,4.53660e-4,4.78861e-2,5.51950e-6,0,0,3.04499e+1,1.20804e+1,1.14547e-2,0,0,0,0,0,0,0,0,0,0,0,0,0,0,0,0,0,0,0,0,0,0,4.85227e+1,1.71370e+0,8.81764e+1,0,0,0,0,4.31088e+1,5.15784e-1,5.64373e+1,0,0,0,0,0,0,2.29071e+0,1.79658e+1,0,0,0,0,0,0,3.01322e+2
"Western_Africa","GMB","Gambia",4.62735e-5,1.54090e-6,1.19310e-5,8.40966e-5,1.66701e-2,2.73485e-6,0,0,1.02157e+0,1.65163e+0,2.28320e-3,0,0,0,0,0,0,0,0,0,0,0,0,0,0,0,0,0,0,0,0,0,0,1.05809e+1,3.85805e-1,4.32998e+0,0,0,0,0,2.26685e+0,3.19945e-2,0,0,0,0,0,0,0,3.06950e-1,1.91352e+0,0,0,0,0,0,0,2.25084e+1
"Western_Africa","GNB","Guinea-Bissau",1.50345e-5,1.82989e-5,6.30000e-6,3.61585e-5,4.13053e-3,8.88100e-7,0,0,1.45960e+0,1.14990e-1,1.22403e-3,0,0,0,0,0,0,0,0,0,0,0,0,0,0,0,0,0,0,0,0,0,0,9.48573e+0,5.14510e-1,9.88581e+0,0,0,0,0,3.98904e+0,6.11772e-2,0,0,0,0,0,0,0,2.95825e-1,2.76402e+0,0,0,0,0,0,0,2.85761e+1
"Western_Africa","GNQ","Equatorial Guinea",1.04184e-5,0,5.98200e-6,5.75615e-5,2.66954e-3,1.33215e-6,0,0,1.32689e+0,2.38893e-1,4.10315e-1,0,0,0,0,0,0,0,0,0,0,0,0,0,0,0,0,0,0,0,0,0,0,3.14100e-1,1.65640e-2,0,0,0,0,0,0,6.00002e-3,0,0,0,0,0,0,0,2.77433e-1,1.17028e+0,0,0,0,0,0,0,3.76322e+0
"Western_Africa","LBR","Liberia",5.26554e-4,8.11620e-4,1.26699e-4,7.09625e-4,1.03742e-1,2.02313e-5,0,0,5.64305e+0,4.67355e+0,2.66418e-2,0,0,0,0,0,0,0,0,0,0,0,0,0,0,0,0,0,0,0,0,0,0,2.83957e+0,2.17735e-1,4.10522e+0,0,0,0,0,5.45400e-1,2.20229e-1,4.55525e-2,0,0,0,0,0,0,1.22470e+0,6.25717e+0,0,0,0,0,0,0,2.59048e+1
"Western_Africa","MLI","Mali",1.05577e-4,1.97315e-5,2.81970e-5,2.16472e-4,4.59033e-2,6.23745e-6,0,0,1.14493e+1,4.22998e+0,6.20097e-3,0,0,0,0,0,0,0,0,0,0,0,0,0,0,0,0,0,0,0,0,0,0,1.75107e+2,6.84949e+0,3.91478e+1,0,0,0,0,2.79768e+1,4.38271e-1,1.78486e+1,0,0,0,0,0,0,1.62084e+0,2.43177e+1,0,0,0,0,0,0,3.09038e+2
"Western_Africa","MRT","Mauritania",9.94380e-5,2.94546e-4,1.59401e-4,2.65816e-4,4.15399e-2,3.81800e-6,0,0,3.08587e+0,4.17539e+0,8.62727e-3,0,0,0,0,0,0,0,0,0,0,0,0,0,0,0,0,0,0,0,0,0,0,9.61981e+1,4.30967e+0,1.97716e-1,0,0,0,0,4.14408e-3,6.26752e-2,0,0,0,0,0,0,0,4.07850e-1,6.03957e+0,0,0,0,0,0,0,1.14532e+2
"Western_Africa","NER","Niger",3.10860e-4,4.56330e-5,4.79398e-4,1.02598e-4,2.62476e-2,1.19437e-5,0,0,1.23265e+1,1.47184e+1,8.18404e-3,0,0,0,0,0,0,0,0,0,0,0,0,0,0,0,0,0,0,0,0,0,0,1.25189e+2,5.39452e+0,2.92619e+0,0,0,0,0,6.01104e-1,4.25050e-1,0,0,0,0,0,0,0,8.90608e-1,1.98235e+1,0,0,0,0,0,0,1.82330e+2
"Western_Africa","NGA","Nigeria",3.22741e-2,2.57894e-2,8.18938e-2,0,9.98516e-1,5.97456e-3,1.78776e-2,0,1.41372e+2,4.85707e+1,1.69023e+3,0,0,0,0,0,0,0,0,0,0,0,0,0,0,0,0,0,0,0,0,0,0,5.44595e+2,1.61070e+1,5.31519e+1,0,0,0,0,6.70752e+1,4.11144e+0,9.87088e+0,0,0,0,0,0,0,1.93480e+1,2.25732e+2,0,0,0,0,0,0,2.82132e+3
"Western_Africa","SEN","Senegal",0,8.02157e-4,1.79488e-2,0,9.72037e-2,1.04251e-3,9.08538e-3,0,1.33202e+1,2.91484e+1,1.69798e-1,0,0,0,0,0,0,0,0,0,0,0,0,0,0,0,0,0,0,0,0,0,0,9.46088e+1,3.96121e+0,1.66082e+1,0,0,0,0,1.69908e+1,2.01357e-1,0,0,0,0,0,0,0,5.24288e+0,2.12046e+1,0,0,0,0,0,0,2.01582e+2
"Western_Africa","SHN","Saint Helena",6.52230e-6,9.83550e-7,2.51100e-6,1.56300e-6,0,4.98000e-8,1.68000e-7,0,6.91458e-5,0,0,0,0,0,0,0,0,0,0,0,0,0,0,0,0,0,0,0,0,0,0,0,0,5.30474e-2,5.13953e-3,0,0,0,0,0,0,0,0,0,0,0,0,0,0,3.73641e-3,2.28312e-2,0,0,0,0,0,0,8.48354e-2
"Western_Africa","SLE","Sierra Leone",2.30838e-4,2.83662e-4,6.07230e-5,2.45283e-4,1.70912e-2,8.86855e-6,0,0,1.83107e+1,1.24417e+1,1.01625e-2,0,0,0,0,0,0,0,0,0,0,0,0,0,0,0,0,0,0,0,0,0,0,1.08044e+1,4.66709e-1,4.66008e+1,0,0,0,0,1.00783e+1,4.15797e-1,5.41294e+0,0,0,0,0,0,0,1.70556e+0,1.25505e+1,0,0,0,0,0,0,1.18816e+2
"Western_Africa","STP","Sao Tome and Principe",1.38177e-5,0,3.67800e-6,1.28345e-5,1.65944e-3,8.13400e-7,0,0,6.19930e-3,3.14181e-1,4.70578e-4,0,0,0,0,0,0,0,0,0,0,0,0,0,0,0,0,0,0,0,0,0,0,1.07993e-1,1.09675e-2,0,0,0,0,0,0,2.97315e-3,0,0,0,0,0,0,0,9.35394e-2,3.26945e-1,0,0,0,0,0,0,8.64959e-1
"Western_Africa","TCD","Chad",6.70137e-5,0,2.16720e-5,4.41649e-5,6.63027e-3,3.95910e-6,0,0,1.28215e+1,1.60470e+1,4.06620e-3,0,0,0,0,0,0,0,0,0,0,0,0,0,0,0,0,0,0,0,0,0,0,1.51618e+2,6.14309e+0,8.54134e+0,0,0,0,0,8.55168e+1,2.90152e-1,0,0,0,0,0,0,0,1.02914e+0,1.70796e+1,0,0,0,0,0,0,2.99097e+2
"Western_Africa","TGO","Togo",2.63768e-3,0,0,0,3.49695e-2,0,0,0,1.38758e+1,1.36237e+1,0,0,0,0,0,0,0,0,0,0,0,0,0,0,0,0,0,0,0,0,0,0,0,1.42205e+1,8.85836e-1,2.01670e+0,0,0,0,0,2.00014e+1,1.01233e-1,8.71488e+0,0,0,0,0,0,0,9.27327e-1,8.86080e+0,0,0,0,0,0,0,8.32658e+1
"Eastern_Africa","BDI","Burundi",1.21173e-5,6.63100e-6,7.25700e-6,3.34695e-5,7.36756e-3,7.13800e-7,0,0,1.41813e+1,1.24098e+1,1.43401e-3,0,0,0,0,0,0,0,0,0,0,0,0,0,0,0,0,0,0,0,0,0,0,3.07130e+1,9.90971e-1,6.06989e-1,0,0,0,0,0,2.44090e-1,0,0,0,0,0,0,0,1.59564e-1,1.52340e+1,0,0,0,0,0,0,7.45486e+1
"Eastern_Africa","COM","Comoros",5.12460e-6,0,3.74700e-6,4.08890e-5,2.21341e-3,6.55700e-7,0,0,1.41784e-2,9.67817e-1,6.13061e-4,0,0,0,0,0,0,0,0,0,0,0,0,0,0,0,0,0,0,0,0,0,0,2.70081e+0,1.44765e-1,1.87830e+0,0,0,0,0,0,7.86626e-3,0,0,0,0,0,0,0,1.81980e-1,1.25263e+0,0,0,0,0,0,0,7.15123e+0
"Eastern_Africa","DJI","Djibouti",1.48414e-4,8.52344e-4,8.27580e-5,2.21602e-4,1.24435e-2,8.77310e-6,0,0,1.11376e-1,6.67992e-1,2.01929e-2,0,0,0,0,0,0,0,0,0,0,0,0,0,0,0,0,0,0,0,0,0,0,6.04850e+0,2.67520e-1,0,0,0,0,0,0,0,0,0,0,0,0,0,0,2.70683e-1,8.49175e-1,0,0,0,0,0,0,8.24920e+0
"Eastern_Africa","ERI","Eritrea",5.74549e-4,5.17640e-4,1.33006e-3,0,1.29292e-2,0,0,0,5.91542e+0,5.92418e+0,8.97121e-2,0,0,0,0,0,0,0,0,0,0,0,0,0,0,0,0,0,0,0,0,0,0,6.14658e+1,2.21324e+0,0,0,0,0,0,1.24666e+0,9.62499e-2,0,0,0,0,0,0,0,3.53953e-1,7.98616e+0,0,0,0,0,0,0,8.53067e+1
"Eastern_Africa","ETH","Ethiopia",3.59766e-3,1.94115e-4,9.72309e-3,0,1.19949e-1,0,0,0,9.50541e+1,7.70953e+0,6.23000e-2,0,0,0,0,0,0,0,0,0,0,0,0,0,0,0,0,0,0,0,0,0,0,1.07443e+3,4.28103e+1,0,0,0,0,0,1.33286e+2,4.92903e+0,0,0,0,0,0,0,0,4.34501e+0,1.27421e+2,0,0,0,0,0,0,1.49018e+3
"Eastern_Africa","KEN","Kenya",7.79425e-4,3.78511e-3,2.82190e-2,5.46377e-3,2.30176e-1,3.03899e-2,2.63769e-3,0,3.90234e+1,1.08039e+2,7.46848e-1,0,0,0,0,0,0,0,0,0,0,0,0,0,0,0,0,0,0,0,0,0,0,4.01004e+2,1.26304e+1,1.29702e+0,0,0,0,0,2.27424e+0,6.99061e-1,0,0,0,0,0,0,0,1.91373e+0,5.00539e+1,0,0,0,0,0,0,6.17983e+2
"Eastern_Africa","MDG","Madagascar",3.17752e-4,1.24237e-4,3.05817e-4,8.18534e-4,7.40013e-2,1.87829e-5,0,0,1.17240e+1,1.86421e+0,1.64105e-2,0,0,0,0,0,0,0,0,0,0,0,0,0,0,0,0,0,0,0,0,0,0,3.02044e+2,1.00211e+1,2.09557e+2,0,0,0,0,3.76848e+1,7.37100e-1,2.43685e+1,6.57480e-2,0,0,0,0,0,2.69856e+0,3.13412e+1,0,0,0,0,0,0,6.32199e+2
"Eastern_Africa","MUS","Mauritius",1.64319e-4,2.34555e-4,7.53760e-5,1.07272e-4,1.96521e-2,9.71100e-6,0,0,2.94810e-1,1.05610e-1,1.21690e-2,0,0,0,0,0,0,0,0,0,0,0,0,0,0,0,0,0,0,0,0,0,0,1.80113e+0,7.01880e-2,3.38094e-2,0,0,0,0,0,1.18355e-1,0,0,0,0,0,0,0,1.54468e+0,4.29401e+0,0,0,0,0,0,0,8.29500e+0
"Eastern_Africa","MYT","Mayotte",0,0,0,0,0,0,0,0,0,0,0,0,0,0,0,0,0,0,0,0,0,0,0,0,0,0,0,0,0,0,0,0,0,0,0,0,0,0,0,0,0,0,0,0,0,0,0,0,0,1.04239e-1,3.55612e-1,0,0,0,0,0,0,4.59851e-1
"Eastern_Africa","REU","Reunion",1.03650e-4,6.54835e-5,3.78420e-5,3.12865e-4,2.41020e-2,6.12540e-6,0,0,1.82736e-1,0,8.76635e-3,0,0,0,0,0,0,0,0,0,0,0,0,0,0,0,0,0,0,0,0,0,0,1.00171e+0,1.55978e-1,0,0,0,0,0,0,4.21508e-2,0,0,0,0,0,0,0,1.30185e+0,1.77884e+0,0,0,0,0,0,0,4.49666e+0
"Eastern_Africa","RWA","Rwanda",3.75804e-5,1.15178e-5,1.45410e-5,6.51980e-5,7.34298e-3,2.22025e-6,0,0,1.71542e+1,1.72467e+0,2.24123e-3,0,0,0,0,0,0,0,0,0,0,0,0,0,0,0,0,0,0,0,0,0,0,2.51482e+1,9.11032e-1,1.92575e-1,0,0,0,0,1.31052e+0,3.04692e-1,0,0,0,0,0,0,0,1.87625e-1,1.60310e+1,0,0,0,0,0,0,6.29742e+1
"Eastern_Africa","SDN","Sudan",4.41963e-4,2.93076e-4,5.58939e-2,0,2.30085e-1,0,0,0,4.45849e+1,1.44263e+2,1.07662e+0,0,0,0,0,0,0,0,0,0,0,0,0,0,0,0,0,0,0,0,0,0,0,8.09227e+2,2.69004e+1,1.22189e+0,0,0,0,0,3.51384e+2,8.76023e-1,0,0,0,0,0,0,0,1.05575e+1,6.78165e+1,0,0,0,0,0,0,1.45819e+3
"Eastern_Africa","SOM","Somalia",1.01471e-4,3.17808e-5,7.23300e-5,7.13876e-4,5.40632e-2,1.29936e-5,0,0,1.44519e+1,2.64348e+1,1.61494e-2,0,0,0,0,0,0,0,0,0,0,0,0,0,0,0,0,0,0,0,0,0,0,3.83808e+2,1.71627e+1,1.12698e-1,0,0,0,0,3.94200e-3,9.87299e-2,0,0,0,0,0,0,0,1.76569e+0,1.65464e+1,0,0,0,0,0,0,4.60456e+2
"Eastern_Africa","SYC","Seychelles",8.48679e-5,4.14010e-5,2.35800e-5,3.09999e-8,2.23245e-3,5.01320e-6,0,0,1.43997e-2,0,3.03163e-3,0,0,0,0,0,0,0,0,0,0,0,0,0,0,0,0,0,0,0,0,0,0,1.13349e-1,3.47827e-2,0,0,0,0,0,0,8.42975e-6,0,0,0,0,0,0,0,9.42247e-2,2.56839e-1,0,0,0,0,0,0,5.19023e-1
"Eastern_Africa","UGA","Uganda",1.75227e-4,5.85314e-5,4.74930e-5,2.97166e-4,4.44228e-2,1.03584e-5,0,0,7.36361e+1,3.41183e+1,1.03036e-2,0,0,0,0,0,0,0,0,0,0,0,0,0,0,0,0,0,0,0,0,0,0,1.89858e+2,5.51705e+0,3.42048e+0,0,0,0,0,6.28920e+1,1.47483e+0,0,0,0,0,0,0,0,1.32316e+0,3.80988e+1,0,0,0,0,0,0,4.10394e+2
"Southern_Africa","AGO","Angola",6.40580e-4,3.47504e-3,9.92272e-3,0,1.99979e-1,0,0,0,5.68708e+0,5.24882e+1,2.25554e+2,0,0,0,0,0,0,0,0,0,0,0,0,0,0,0,0,0,0,0,0,0,0,1.13346e+2,3.60114e+0,2.96574e+0,0,0,0,0,2.63808e+2,2.05610e-1,1.10199e+1,0,0,0,0,0,0,3.86692e+0,3.19256e+1,0,0,0,0,0,0,7.14682e+2
"Southern_Africa","BWA","Botswana",1.60728e-4,7.15200e-6,7.92568e-3,2.08235e-5,3.67708e-2,6.17520e-6,0,0,2.81061e+0,3.44984e+0,6.24506e-3,0,0,0,0,0,0,0,0,0,0,0,0,0,0,0,0,0,0,0,0,0,0,1.09524e+2,2.60933e+0,0,0,0,0,0,5.93592e+1,4.27861e-2,0,1.56305e+0,0,0,0,0,0,1.66345e-1,3.16902e+0,0,0,0,0,0,0,1.82745e+2
"Southern_Africa","LSO","Lesotho",2.54436e-5,2.18386e-5,7.47900e-6,1.71071e-4,1.29223e-2,1.50230e-6,0,0,5.45827e+0,4.21720e+0,2.06603e-3,0,0,0,0,0,0,0,0,0,0,0,0,0,0,0,0,0,0,0,0,0,0,3.29444e+1,7.38884e-1,0,0,0,0,0,0,6.69488e-2,0,9.96096e-1,0,0,0,0,0,1.45405e-1,4.68489e+0,0,0,0,0,0,0,4.92673e+1
"Southern_Africa","MOZ","Mozambique",0,1.75330e-3,1.40676e-1,0,1.04586e-1,0,0,0,3.32360e+1,3.97498e+1,1.31970e-1,0,0,0,0,0,0,0,0,0,0,0,0,0,0,0,0,0,0,0,0,0,0,5.49938e+1,2.01521e+0,1.48287e+1,0,0,0,0,1.44295e+2,1.15006e+0,1.80948e+1,2.59536e+0,0,0,0,0,0,1.49132e+0,4.15660e+1,0,0,0,0,0,0,3.54395e+2
"Southern_Africa","MWI","Malawi",1.12566e-4,1.53900e-6,1.41631e-3,1.93630e-4,3.88293e-2,6.65245e-6,0,0,1.36026e+1,1.82075e+1,6.17724e-3,0,0,0,0,0,0,0,0,0,0,0,0,0,0,0,0,0,0,0,0,0,0,2.67345e+1,1.07824e+0,8.30408e+0,0,0,0,0,2.77704e+1,9.41428e-1,0,0,0,0,0,0,0,5.25838e-1,2.12944e+1,0,0,0,0,0,0,1.18506e+2
"Southern_Africa","NAM","Namibia",8.03822e-4,0,1.50195e-4,0,1.04958e-1,0,0,0,1.41031e-1,1.92547e+0,0,0,0,0,0,0,0,0,0,0,0,0,0,0,0,0,0,0,0,0,0,0,0,1.64550e+2,3.92523e+0,0,0,0,0,0,1.52218e+1,4.45306e-2,0,0,0,0,0,0,0,7.98971e-1,2.92795e+0,0,0,0,0,0,0,1.89641e+2
"Southern_Africa","SWZ","Swaziland",3.26016e-5,7.28800e-7,3.76710e-3,7.72510e-5,2.09663e-2,4.17490e-6,0,0,2.03441e+0,1.41448e+0,4.16023e-3,0,0,0,0,0,0,0,0,0,0,0,0,0,0,0,0,0,0,0,0,0,0,3.00955e+1,6.97950e-1,2.19465e-1,0,0,0,0,0,5.71517e-2,0,0,0,0,0,0,0,1.83306e-1,1.17274e+1,0,0,0,0,0,0,4.64587e+1
"Southern_Africa","TZA","Tanzania_United Republic of",9.42030e-3,5.44284e-4,9.67152e-3,0,1.99759e-1,0,2.93076e-4,0,5.64801e+1,3.75972e+1,2.14066e-1,0,0,0,0,0,0,0,0,0,0,0,0,0,0,0,0,0,0,0,0,0,0,3.64038e+2,1.28741e+1,3.22277e+1,0,0,0,0,1.96586e+2,1.88832e+0,5.59892e+1,0,0,0,0,0,0,1.41930e+0,5.89461e+1,0,0,0,0,0,0,8.18479e+2
"Southern_Africa","ZAF","South Africa",6.89051e-1,7.12876e-2,4.97262e+0,4.33334e-3,4.36924e+0,1.93849e-1,0,0,5.97501e+1,4.06322e+2,4.86449e+0,0,0,0,0,0,5.31100e-2,8.55574e+0,0,0,0,0,0,0,0,0,0,0,0,0,0,0,0,7.81805e+2,1.95102e+1,2.57031e-1,0,0,0,0,8.03496e+0,2.57079e+0,3.27413e+0,9.47081e+1,0,0,0,0,0,9.67108e+1,1.40165e+2,0,0,0,0,0,0,1.63688e+3
"Southern_Africa","ZMB","Zambia",4.59292e-3,3.72625e-3,2.05076e-1,0,2.06824e-1,1.98873e-3,5.86152e-4,0,1.37357e+1,3.84033e+1,2.09764e-1,0,0,0,0,0,0,0,0,0,0,0,0,0,0,0,0,0,0,0,0,0,0,6.78868e+1,2.21672e+0,2.11556e-1,0,0,0,0,3.90936e+2,2.66902e-1,1.74304e+2,0,0,0,0,0,0,3.03704e+0,1.96968e+1,0,0,0,0,0,0,7.11327e+2
"Southern_Africa","ZWE","Zimbabwe",1.67914e-2,0,1.74841e-1,0,2.56385e-1,2.81499e-2,0,0,1.68228e+1,2.55728e+1,0,0,0,0,0,0,0,1.16371e+0,0,0,0,0,0,0,0,0,0,0,0,0,0,0,0,2.46030e+2,6.64622e+0,1.97716e-1,0,0,0,0,3.96720e+1,4.75384e-1,0,0,0,0,0,0,0,2.52781e+0,2.10156e+1,0,0,0,0,0,0,3.60600e+2
"OECD_Europe","AUT","Austria",1.37267e-1,5.10275e-2,5.05724e-1,1.88406e-4,3.88617e+0,2.17986e-2,7.61999e-3,8.37360e-4,2.72210e+1,2.38077e+1,3.29196e+1,0,0,0,0,0,6.36900e-2,3.78490e-1,0,0,0,0,0,0,0,0,0,0,0,0,0,0,0,1.78896e+2,5.60294e+1,0,0,0,0,0,0,5.48659e-1,0,1.39039e+0,0,0,0,0,0,7.64922e+1,3.77556e+1,2.88343e-3,0,0,0,0,0,4.40116e+2
"OECD_Europe","BEL","Belgium",3.39694e-1,5.61592e-2,1.57347e+0,2.80516e-3,4.63209e+0,2.79490e-2,6.71144e-2,0,5.63184e+1,1.51683e+2,5.25478e+1,0,0,0,0,0,1.08000e-4,1.99466e+0,0,0,0,0,0,0,0,0,0,0,0,0,0,0,0,2.09270e+2,6.65356e+1,0,0,0,0,0,0,4.94084e-1,0,3.12336e-1,0,0,0,0,0,5.32753e+1,7.18174e+1,5.99994e+0,0,0,0,0,0,6.76949e+2
"OECD_Europe","CHE","Switzerland",8.79228e-4,1.26788e-2,3.71746e-1,1.46538e-3,4.47525e+0,3.30129e-3,1.26022e-2,0,8.23020e+0,1.83765e-1,9.75712e+0,0,0,0,0,0,8.52517e-2,1.27623e-2,0,0,0,0,0,0,0,0,0,0,0,0,0,0,0,1.41032e+2,4.05387e+1,0,0,0,0,0,0,1.26391e-1,3.15658e+0,0,0,0,0,0,0,2.57901e+1,1.09485e+1,1.03119e-5,2.21120e-3,0,0,0,0,2.44742e+2
"OECD_Europe","DEU","Germany",5.65756e+0,8.07018e-1,1.07277e+1,6.28019e-4,3.69334e+1,3.78679e-1,2.65527e-1,0,2.41798e+2,1.86032e+3,2.31119e+2,0,0,0,0,0,5.58265e+0,6.34844e+0,0,0,0,0,0,0,0,0,0,0,0,0,0,0,0,1.43884e+3,4.76780e+2,0,0,0,0,0,0,4.61688e+0,0,1.94287e+0,0,0,0,0,0,1.40946e+3,2.18790e+2,0,0,0,0,0,0,5.95038e+3
"OECD_Europe","DNK","Denmark",2.79133e-1,2.09340e-4,4.10581e-1,4.45893e-3,2.58903e+0,1.94603e-2,1.23971e-1,0,4.78064e+0,7.12080e-3,9.10700e-1,0,0,0,0,0,0,0,0,0,0,0,0,0,0,0,0,0,0,0,0,0,0,2.10095e+2,8.90082e+1,0,0,0,0,0,0,8.73517e-1,0,0,0,0,0,0,0,6.23741e+1,1.09721e+1,0,0,0,0,0,0,3.82448e+2
"OECD_Europe","ESP","Spain",1.27969e-1,1.34355e-1,1.95625e+0,2.12898e-2,8.22735e+0,5.55944e-2,1.03632e+0,6.28020e-4,7.32271e+1,1.40632e+2,1.21744e+1,0,0,0,0,0,4.19225e-1,1.41901e+0,0,0,0,0,0,0,0,0,0,0,0,0,0,0,0,4.56954e+2,1.76874e+2,2.29157e+1,0,0,0,0,0,2.21971e+0,0,2.31576e+1,0,0,0,0,0,1.87394e+2,1.12056e+2,1.09085e+0,0,0,0,0,0,1.22209e+3
"OECD_Europe","FIN","Finland",4.69661e-2,2.47859e-2,5.15759e-1,1.84219e-3,2.17352e+0,1.92865e-2,2.63768e-2,0,6.88737e+1,2.53700e+0,1.14156e+0,0,0,0,0,0,9.77463e-2,7.50357e-1,0,0,0,0,0,0,0,0,0,0,0,0,0,0,0,1.21608e+2,3.32176e+1,0,0,0,0,0,0,4.07558e-1,5.59440e-1,7.63200e-2,0,0,0,0,0,1.01617e+2,1.42416e+2,0,0,0,0,0,0,4.76112e+2
"OECD_Europe","FRA","France",1.37484e+0,3.90944e-1,6.21949e+0,8.79227e-4,2.75174e+1,1.26060e-1,2.13653e-1,0,2.43303e+2,5.06290e+2,5.28217e+2,0,0,0,0,0,2.07190e+0,5.69541e+0,0,0,0,0,0,0,0,0,0,0,0,0,0,0,0,1.53101e+3,4.10083e+2,5.42938e+0,0,0,0,0,0,5.84008e+0,0,1.31688e+0,0,0,0,0,0,3.74104e+2,1.78946e+2,3.33256e+1,0,0,0,0,0,3.86147e+3
"OECD_Europe","FRO","Faroe Islands",0,0,0,0,0,0,0,0,0,0,0,0,0,0,0,0,0,0,0,0,0,0,0,0,0,0,0,0,0,0,0,0,0,6.20495e-1,2.61554e-2,0,0,0,0,0,0,1.04296e-5,0,0,0,0,0,0,0,7.05470e-1,3.92262e-2,4.91827e-2,0,0,0,0,0,1.44054e+0
"OECD_Europe","GBR","United Kingdom",1.33255e+0,5.67530e-1,6.51515e+0,3.30338e-2,2.86969e+1,1.77000e-1,3.47002e-1,0,2.65616e+2,1.10721e+3,4.98952e+2,0,0,0,0,0,1.75207e+0,1.85566e+0,0,0,0,0,0,0,0,0,0,0,0,0,0,0,0,1.15846e+3,2.44580e+2,0,0,0,0,0,0,2.23290e+0,0,1.31177e+0,0,0,0,0,0,2.18781e+3,1.29174e+2,1.09986e+1,0,0,0,0,0,5.64763e+3
"OECD_Europe","GIB","Gibraltar",1.25604e-4,0,0,0,6.25742e-3,0,0,0,0,0,0,0,0,0,0,0,0,0,0,0,0,0,0,0,0,0,0,0,0,0,0,0,0,0,0,0,0,0,0,0,0,0,0,0,0,0,0,0,0,1.21476e-1,2.80006e-2,1.23499e-2,0,0,0,0,0,1.68210e-1
"OECD_Europe","GRC","Greece",6.66821e-2,3.00122e-2,3.60073e-1,4.56361e-3,1.59518e+0,1.59538e-2,4.39614e-2,0,8.54749e+0,1.28676e+1,3.96027e+0,0,0,0,0,0,4.68600e-3,1.74083e-1,0,0,0,0,0,0,0,0,0,0,0,0,0,0,0,1.68507e+2,3.92059e+1,7.86324e+0,0,0,0,0,0,1.23308e+0,8.58816e-2,2.38481e+0,0,0,0,0,0,6.22968e+1,1.54994e+1,4.33536e-5,0,0,0,0,0,3.24747e+2
"OECD_Europe","GRL","Greenland",0,0,0,0,0,0,0,0,0,0,0,0,0,0,0,0,0,0,0,0,0,0,0,0,0,0,0,0,0,0,0,0,0,1.68416e-1,2.86762e-3,0,0,0,0,0,0,0,0,0,0,0,0,0,0,5.00184e-1,1.63701e-1,1.53182e-2,0,0,0,0,0,8.50486e-1
"OECD_Europe","IRL","Ireland",3.07395e-2,2.72142e-3,2.14406e-1,1.27698e-3,1.42520e+0,1.51165e-2,0,0,2.18287e+1,1.95934e+0,2.23421e+0,0,0,0,0,0,0,0,0,0,0,0,0,0,0,0,0,0,0,0,0,0,0,3.89984e+2,7.01003e+1,0,0,0,0,0,0,1.93224e-1,0,1.25978e-1,0,0,0,0,0,5.46983e+1,6.03831e+0,0,0,0,0,0,0,5.48852e+2
"OECD_Europe","ISL","Iceland",2.38647e-3,0,1.57005e-2,2.09339e-5,1.27467e-1,0,3.51691e-3,0,3.33269e-2,0,0,0,0,0,0,0,0,2.01721e-1,0,0,0,0,0,0,0,0,0,0,0,0,0,0,0,1.20308e+1,1.29602e+0,0,0,0,0,0,0,1.46361e-4,0,0,0,0,0,0,0,2.24498e+0,4.17827e-1,1.19801e-1,0,0,0,0,0,1.64937e+1
"OECD_Europe","ITA","Italy",6.04414e-1,2.54864e-1,4.16624e+0,1.53656e-2,2.40460e+1,3.03061e-2,1.53279e-1,3.61740e-2,2.52791e+1,1.87968e+1,1.90956e+2,0,0,0,0,0,1.30188e+0,2.21468e+0,0,0,0,0,0,0,0,0,0,0,0,0,0,0,0,6.18433e+2,2.46165e+2,7.03947e+1,0,0,0,0,0,6.42343e+0,5.37792e-1,6.77160e+0,0,0,0,0,0,5.63804e+2,1.53498e+2,1.35386e+1,0,0,0,0,0,1.94742e+3
"OECD_Europe","LUX","Luxembourg",1.10573e-2,0,2.85531e-1,0,2.78331e-1,1.73752e-3,1.17230e-3,0,5.99952e-1,0,1.86789e+0,0,0,0,0,0,0,6.40150e-1,0,0,0,0,0,0,0,0,0,0,0,0,0,0,0,1.38530e+1,1.71001e+1,0,0,0,0,0,0,3.84066e-2,0,3.01080e-1,0,0,0,0,0,2.40314e+0,4.64345e-1,0,0,0,0,0,0,3.78459e+1
"OECD_Europe","NLD","Netherlands",6.35243e-1,2.24061e-1,7.22851e-1,2.47022e-3,6.35741e+0,8.51385e-3,2.78130e-1,0,8.59943e+0,4.16795e+0,2.62408e+2,0,0,0,0,0,2.88939e+0,2.76920e-1,0,0,0,0,0,0,0,0,0,0,0,0,0,0,0,3.43266e+2,1.23732e+2,0,0,0,0,0,0,2.95662e-1,0,2.03256e-2,0,0,0,0,0,3.98267e+2,3.90121e+1,0,0,0,0,0,0,1.19116e+3
"OECD_Europe","NOR","Norway",1.54912e-3,1.11788e-2,5.49685e-1,1.84219e-3,1.87035e+0,4.34381e-3,1.58554e-1,0,6.34140e+0,8.53146e+0,1.14946e+1,0,0,0,0,0,1.49131e+0,4.18983e+0,0,0,0,0,0,0,0,0,0,0,0,0,0,0,0,8.05826e+1,1.81667e+1,0,0,0,0,0,0,1.31366e-1,0,0,0,0,0,0,0,1.61148e+2,4.07323e+1,4.48865e+0,0,0,0,0,0,3.39896e+2
"OECD_Europe","PRT","Portugal",6.71720e-2,1.74265e-2,6.41233e-1,5.33817e-3,1.66687e+0,1.28681e-2,1.14300e-2,0,4.81637e+0,3.72903e+0,4.72578e+0,0,0,0,0,0,3.36000e-4,2.64309e-1,0,0,0,0,0,0,0,0,0,0,0,0,0,0,0,1.02855e+2,4.35006e+1,1.23565e+1,0,0,0,0,0,5.18485e-1,0,2.65008e+0,0,0,0,0,0,1.17828e+2,2.58492e+1,3.29754e-2,0,0,0,0,0,3.21549e+2
"OECD_Europe","SWE","Sweden",1.18148e-1,9.37578e-3,4.73183e+0,8.85508e-3,5.17790e+0,1.68539e-2,2.72561e-2,0,8.90264e+0,2.52554e+0,6.79306e+0,0,0,0,0,0,1.64067e-1,8.41927e-1,0,0,0,0,0,0,0,0,0,0,0,0,0,0,0,1.28562e+2,4.12782e+1,0,0,0,0,0,0,8.27329e-1,5.63184e-1,2.24191e-1,0,0,0,0,0,1.02699e+2,1.89494e+2,7.88700e-3,0,0,0,0,0,4.92973e+2
"Central Europe","ALB","Albania",1.54912e-3,2.38648e-3,3.55878e-2,0,1.69575e-1,0,0,0,1.42314e+1,3.05641e+0,1.61726e+1,0,0,0,0,0,0,2.09080e-1,0,0,0,0,0,0,0,0,0,0,0,0,0,0,0,3.91354e+1,6.08717e+0,1.49776e+0,0,0,0,0,0,2.16306e-1,0,6.36768e-1,0,0,0,0,0,1.54303e+0,3.43044e+0,2.04862e-2,0,0,0,0,0,8.64459e+1
"Central Europe","BGR","Bulgaria",1.59563e-1,1.73501e-2,4.39865e-1,0,1.93682e+0,1.29791e-3,0,0,2.27682e+1,3.00378e+1,4.24730e+0,0,0,0,0,0,1.10056e-1,5.11438e-1,0,0,0,0,0,0,0,0,0,0,0,0,0,0,0,2.07995e+2,3.36493e+1,6.29059e+0,0,0,0,0,0,1.93872e+0,0,1.46450e+0,0,0,0,0,0,1.76740e+2,4.18002e+1,0,0,0,0,0,0,5.30108e+2
"Central Europe","BIH","Bosnia and Herzegovina",3.08484e-2,0,1.58474e-1,0,4.50292e-1,0,0,0,2.04162e+1,4.79127e+1,3.74810e-1,0,0,0,0,0,6.44400e-5,6.93249e-2,0,0,0,0,0,0,0,0,0,0,0,0,0,0,0,7.68319e+1,1.15045e+1,0,0,0,0,0,0,4.01298e-1,0,0,0,0,0,0,0,1.79111e+0,5.29025e+0,2.43358e-2,0,0,0,0,0,1.65256e+2
"Central Europe","CYP","Cyprus",0,1.13745e-3,1.28116e-2,0,1.63982e-1,0,0,0,5.31724e-2,1.05610e-1,1.27266e-1,0,0,0,0,0,0,0,0,0,0,0,0,0,0,0,0,0,0,0,0,0,0,7.34374e+0,2.50159e+0,0,0,0,0,0,0,3.66708e-2,0,0,0,0,0,0,0,3.21145e+0,2.82996e+0,0,0,0,0,0,0,1.63874e+1
"Central Europe","CZE","Czech Republic",2.86437e-1,2.93914e-2,4.80050e+0,0,1.79940e+0,4.18680e-3,0,0,1.23088e+2,2.92621e+2,5.61360e+0,0,0,0,0,0,2.99009e-1,5.56220e-1,0,0,0,0,0,0,0,0,0,0,0,0,0,0,0,3.00741e+2,5.16668e+1,0,0,0,0,0,0,2.29901e+0,0,3.96384e+0,0,0,0,0,0,4.47949e+1,3.82368e+1,0,0,0,0,0,0,8.70800e+2
"Central Europe","EST","Estonia",2.70245e-1,0,3.88583e-1,0,4.39559e-1,2.29874e-1,4.85472e-3,0,6.70088e+0,2.03140e+1,3.60932e+0,0,0,0,0,0,0,0,0,0,0,0,0,0,0,0,0,0,0,0,0,0,0,5.60734e+1,1.12218e+1,2.43012e+0,0,0,0,0,0,2.31323e-1,0,0,0,0,0,0,0,1.03873e+1,6.23043e+0,0,0,0,0,0,0,1.18532e+2
"Central Europe","HRV","Croatia",2.23226e-2,3.16075e-2,8.94472e-2,0,8.00177e-1,4.10306e-3,0,0,1.05484e+1,5.00094e+0,2.21636e+1,0,0,0,0,0,3.77595e-3,3.69345e+0,0,0,0,0,0,0,0,0,0,0,0,0,0,0,0,7.94386e+1,1.47801e+1,0,0,0,0,0,0,7.97305e-1,0,8.57232e-1,0,0,0,0,0,9.27300e+0,1.18965e+1,0,0,0,0,0,0,1.59401e+2
"Central Europe","HUN","Hungary",2.96485e-1,2.62931e-2,7.14411e-1,0,1.71248e+0,5.74868e-2,3.54622e-2,0,3.78024e+1,4.34362e+1,8.02546e+1,0,0,0,0,0,4.02900e-3,2.91561e-1,0,0,0,0,0,0,0,0,0,0,0,0,0,0,0,2.10329e+2,5.76429e+1,1.05967e+1,0,0,0,0,0,3.52596e+0,0,1.28311e+0,0,0,0,0,0,4.66216e+1,3.68110e+1,0,0,0,0,0,0,5.31442e+2
"Central Europe","LTU","Lithuania",6.58535e-2,1.49737e-2,4.28058e+0,0,9.00166e-1,2.61016e-2,3.46765e-3,0,1.26587e+1,2.00838e-2,4.93273e+0,0,0,0,0,0,3.60732e-2,0,0,0,0,0,0,0,0,0,0,0,0,0,0,0,0,1.66568e+2,2.87459e+1,0,0,0,0,0,0,8.42989e-1,0,1.06591e+0,0,0,0,0,0,1.84574e+1,9.64837e+0,4.71723e-4,0,0,0,0,0,2.48267e+2
"Central Europe","LVA","Latvia",1.19585e-1,0,1.11754e+0,0,6.88610e-1,3.90409e-2,1.29394e-2,0,2.16133e+1,1.16815e-1,7.98110e+0,0,0,0,0,0,0,0,0,0,0,0,0,0,0,0,0,0,0,0,0,0,0,1.11725e+2,1.73726e+1,0,0,0,0,0,0,4.52414e-1,0,1.65636e-1,0,0,0,0,0,1.17184e+1,6.27560e+0,0,0,0,0,0,0,1.79399e+2
"Central Europe","MKD","Macedonia, the former Yugoslav Republic of",1.94203e-2,0,6.74181e-2,0,1.81815e-1,0,0,0,6.34175e+0,3.61448e+0,9.90281e+0,0,0,0,0,0,1.66470e-4,4.44234e+0,0,0,0,0,0,0,0,0,0,0,0,0,0,0,0,5.03491e+1,5.26148e+0,2.63606e+0,0,0,0,0,0,2.83968e-1,0,4.63536e-1,0,0,0,0,0,2.03624e+0,2.93366e+0,3.03950e-2,0,0,0,0,0,8.85646e+1
"Central Europe","MLT","Malta",0,0,0,0,6.79802e-2,0,0,0,1.42351e-2,0,0,0,0,0,0,0,0,0,0,0,0,0,0,0,0,0,0,0,0,0,0,0,0,1.01731e+0,4.35847e-1,0,0,0,0,0,0,1.08163e-3,0,0,0,0,0,0,0,3.01374e+0,4.15816e-1,0,0,0,0,0,0,4.96601e+0
"Central Europe","POL","Poland",2.19579e+0,2.06135e-1,3.38488e+0,0,4.17576e+0,3.66162e-1,6.77006e-2,0,2.15587e+2,3.43991e+3,9.55484e+1,0,0,0,0,0,3.37689e-1,2.09335e+0,0,0,0,0,0,0,0,0,0,0,0,0,0,0,0,1.06778e+3,2.06197e+2,0,0,0,0,0,0,7.35348e+0,0,2.71896e+0,0,0,0,0,0,2.03823e+2,1.18040e+2,3.35197e-1,0,0,0,0,0,5.37011e+3
"Central Europe","ROU","Romania",6.31794e-1,5.56091e-2,8.53061e-1,0,2.69353e+0,5.40097e-3,0,0,5.63547e+1,8.38836e+1,7.69425e+2,0,0,0,0,0,6.25216e-1,1.88308e+0,0,0,0,0,0,0,0,0,0,0,0,0,0,0,0,5.42402e+2,9.72118e+1,8.72445e+0,0,0,0,0,0,4.38951e+0,0,0,0,0,0,0,0,4.48325e+1,8.64965e+1,9.52953e-3,0,0,0,0,0,1.70048e+3
"Central Europe","SCG","Serbia and Montenegro",1.34559e-1,0,2.59256e-1,0,8.68260e-1,0,0,0,4.06245e+1,3.55556e+1,6.73637e+1,0,0,0,0,0,5.37857e-2,1.88300e-1,0,0,0,0,0,0,0,0,0,0,0,0,0,0,0,2.77685e+2,5.04790e+1,0,0,0,0,0,0,2.59717e+0,0,0,0,0,0,0,0,6.07078e+0,3.50359e+1,8.64550e-2,0,0,0,0,0,5.17003e+2
"Central Europe","SVK","Slovakia",5.27118e-2,2.29306e-2,9.40774e-1,0,9.62553e-1,0,0,0,1.50417e+1,7.57554e+0,2.20717e+1,0,0,0,0,0,3.03921e-2,1.36029e+0,0,0,0,0,0,0,0,0,0,0,0,0,0,0,0,1.30686e+2,2.57273e+1,0,0,0,0,0,0,1.73785e+0,0,3.77352e-1,0,0,0,0,0,1.37778e+1,1.92239e+1,0,0,0,0,0,0,2.39588e+2
"Central Europe","SVN","Slovenia",0,1.96792e-3,1.18925e-2,0,8.52105e-1,0,0,0,6.88967e+0,1.34839e+1,3.76224e-1,0,0,0,0,0,2.85193e-1,6.71960e-1,0,0,0,0,0,0,0,0,0,0,0,0,0,0,0,6.36378e+1,1.04324e+1,0,0,0,0,0,0,1.72691e-1,0,0,0,0,0,0,0,9.57487e+0,7.54567e+0,0,0,0,0,0,0,1.13936e+2
"Turkey","TUR","Turkey",6.32724e-2,4.87726e-2,3.82799e-1,2.70049e-3,1.98950e+0,8.50831e-2,1.67346e-1,0,1.04497e+2,1.00207e+2,7.60557e+0,0,0,0,0,0,3.47095e-1,3.38560e-1,0,0,0,0,0,0,0,0,0,0,0,0,0,0,0,9.46886e+2,1.55313e+2,3.09063e+1,0,0,0,0,0,1.89999e+1,0,4.56264e-1,0,0,0,0,0,1.02249e+2,1.82656e+2,0,0,0,0,0,0,1.65320e+3
"Ukraine +","BLR","Belarus",1.16225e-1,1.81514e-2,2.33857e+0,0,1.33509e+0,1.18067e-1,2.21930e-2,4.31412e-4,8.31753e+0,6.72324e-2,1.31875e+1,0,0,0,0,0,2.18130e-2,0,0,0,0,0,0,0,0,0,0,0,0,0,0,0,0,4.94058e+2,6.62556e+1,0,0,0,0,0,0,2.21473e+0,0,7.07016e-3,0,0,0,0,0,5.53218e+1,2.37683e+1,0,0,0,0,0,0,6.67169e+2
"Ukraine +","MDA","Moldova, Republic of",4.19013e-2,0,3.84811e-1,0,5.84841e-1,0,0,0,4.77293e+0,4.04540e-3,5.08725e+0,0,0,0,0,0,0,0,0,0,0,0,0,0,0,0,0,0,0,0,0,0,0,7.84658e+1,7.73769e+0,0,0,0,0,0,0,8.72441e-1,0,1.43438e-2,0,0,0,0,0,2.29446e+0,1.29366e+1,3.58687e-2,0,0,0,0,0,1.13233e+2
"Ukraine +","UKR","Ukraine",9.45129e-1,7.36527e-1,1.79504e+0,0,5.34310e+0,1.78696e-1,0,5.15538e-2,6.24004e+1,7.99267e+2,6.55974e+2,0,0,0,0,0,1.10050e+0,1.10821e+1,0,0,0,0,0,0,0,0,0,0,0,0,0,0,0,1.84803e+3,3.12013e+2,1.00712e+1,0,0,0,0,0,1.53365e+1,0,2.94048e-1,0,0,0,0,0,1.58453e+2,1.23001e+2,0,0,0,0,0,0,4.00608e+3
"Asia-Stan","KAZ","Kazakhstan",4.45157e-1,2.54910e-1,3.21367e-1,0,1.62697e+0,1.03960e-1,4.85472e-3,0,5.69500e+0,1.77343e+3,2.87830e+2,0,0,0,0,0,1.42560e-2,4.58281e+0,0,0,0,0,0,0,0,0,0,0,0,0,0,0,0,9.84082e+2,7.11613e+1,3.40780e+1,0,0,0,0,0,1.22754e+1,5.97984e+0,3.39864e+1,0,0,0,0,0,5.21478e+1,4.33817e+1,0,0,0,0,0,0,3.31141e+3
"Asia-Stan","KGZ","Kyrgyzstan",1.67614e-2,0,5.76540e-1,0,6.25690e-1,0,0,0,2.80402e-1,2.42670e+1,2.07134e+0,0,0,0,0,0,0,0,0,0,0,0,0,0,0,0,0,0,0,0,0,0,0,1.78485e+2,8.84386e+0,5.51703e-1,0,0,0,0,0,5.75215e-1,2.43086e-2,1.40503e+0,0,0,0,0,0,2.93959e+0,1.70662e+1,0,0,0,0,0,0,2.37729e+2
"Asia-Stan","TJK","Tajikistan",6.24568e-3,0,0,0,5.60305e-1,0,0,0,1.11428e-1,8.94514e+0,4.78540e+0,0,0,0,0,0,0,0,0,0,0,0,0,0,0,0,0,0,0,0,0,0,0,1.09583e+2,9.20833e+0,2.91240e+0,0,0,0,0,0,1.39822e-1,0,1.17665e-2,0,0,0,0,0,3.12892e+0,1.26682e+1,0,0,0,0,0,0,1.52061e+2
"Asia-Stan","TKM","Turkmenistan",4.10034e-2,2.07079e-1,0,0,5.62343e-1,0,0,0,1.02274e+0,0,4.74328e+2,0,0,0,0,0,1.27723e-3,0,0,0,0,0,0,0,0,0,0,0,0,0,0,0,0,1.05129e+2,1.13150e+1,8.14419e+0,0,0,0,0,0,3.11682e-1,5.79456e-3,4.61784e-2,0,0,0,0,0,4.22730e+0,1.49460e+1,0,0,0,0,0,0,6.20287e+2
"Asia-Stan","UZB","Uzbekistan",2.22707e-1,1.84423e-1,0,0,1.58657e+0,0,0,0,2.98746e+0,9.15791e+0,2.99204e+2,0,0,0,0,0,0,0,0,0,0,0,0,0,0,0,0,0,0,0,0,0,0,4.57548e+2,3.93197e+1,5.29185e+1,0,0,0,0,0,8.71064e-1,5.63952e-3,2.06066e-1,0,0,0,0,0,1.12012e+1,6.96857e+1,0,0,0,0,0,0,9.45100e+2
"Russia +","ARM","Armenia",7.86209e-3,0,4.67083e-3,0,5.05781e-1,0,0,0,1.35586e-1,0,1.11817e+1,0,0,0,0,0,0,0,0,0,0,0,0,0,0,0,0,0,0,0,0,0,0,4.57814e+1,6.46010e+0,0,0,0,0,0,0,1.20770e-1,0,9.99192e-3,0,0,0,0,0,4.96651e+0,4.21846e+0,0,0,0,0,0,0,7.33928e+1
"Russia +","AZE","Azerbaijan",4.24094e-2,1.39044e-2,1.27680e-1,0,7.85739e-1,0,0,0,2.66274e-1,0,1.17133e+2,0,0,0,0,0,1.42110e-2,0,0,0,0,0,0,0,0,0,0,0,0,0,0,0,0,1.60376e+2,2.29153e+1,4.13505e-1,0,0,0,0,0,5.32186e-1,0,1.01868e-2,0,0,0,0,0,1.09212e+1,3.60673e+1,0,0,0,0,0,0,3.49619e+2
"Russia +","GEO","Georgia",2.53115e-2,0,3.77856e-1,0,3.51301e-1,5.03495e-1,0,0,1.64524e+1,9.83341e+0,1.58737e+1,0,0,0,0,0,0,1.68057e+0,0,0,0,0,0,0,0,0,0,0,0,0,0,0,0,9.19393e+1,2.47646e+1,0,0,0,0,0,0,2.03825e-1,0,2.99496e-2,0,0,0,0,0,1.12146e+1,1.48466e+1,0,0,0,0,0,0,1.88097e+2
"Russia +","RUS","Russian Federation",5.82682e+0,1.24432e+0,1.64935e+1,0,2.58217e+1,1.75839e+0,2.79394e+0,2.29368e-1,3.01342e+2,3.71728e+3,6.99183e+3,0,0,0,0,0,3.71002e+0,1.06899e+1,0,0,0,0,0,0,0,0,0,0,0,0,0,0,0,4.54940e+3,6.86057e+2,1.09771e+2,0,0,0,0,0,4.21258e+1,1.84445e+1,6.96360e+1,0,0,0,0,0,6.89111e+2,8.65943e+2,0,0,0,0,0,0,1.81095e+4
"Middle_East","ARE","United Arab Emirates",4.00242e-2,0,2.96844e-2,0,2.47542e-1,0,0,0,3.77004e-2,2.43082e-2,1.05725e+3,0,0,0,0,0,0,0,0,0,0,0,0,0,0,0,0,0,0,0,0,0,0,7.43071e+0,3.31378e-1,0,0,0,0,0,0,0,0,0,0,0,0,0,0,1.85665e+0,1.66761e+0,0,0,0,0,0,0,1.06891e+3
"Middle_East","BHR","Bahrain",2.13217e-2,8.90135e-2,3.68438e-2,0,5.87810e-2,0,0,0,4.81482e-3,4.22440e-3,4.82455e+1,0,0,0,0,0,0,0,0,0,0,0,0,0,0,0,0,0,0,0,0,0,0,3.16393e-1,1.04601e-2,0,0,0,0,0,0,6.80400e-7,0,0,0,0,0,0,0,1.13498e+0,1.08677e+0,0,0,0,0,0,0,5.10091e+1
"Middle_East","IRN","Iran, Islamic Republic of",1.52686e-1,1.38283e-1,6.91325e-1,0,3.11738e+0,0,0,0,8.22956e+0,1.83050e+1,2.47021e+3,0,0,0,0,0,3.54366e-3,0,0,0,0,0,0,0,0,0,0,0,0,0,0,0,0,4.51953e+2,1.88586e+1,1.56527e+2,0,0,0,0,0,0,0,2.80512e-3,0,0,0,0,0,4.79726e+1,1.46947e+2,0,0,0,0,0,0,3.32311e+3
"Middle_East","IRQ","Iraq",1.69565e-2,1.82125e-2,9.01837e-2,0,8.23802e-1,0,0,0,4.81482e-1,8.44880e-1,8.60170e+2,0,0,0,0,0,0,0,0,0,0,0,0,0,0,0,0,0,0,0,0,0,0,1.49648e+2,6.48233e+0,1.12728e+1,0,0,0,0,0,1.42922e+0,0,3.02952e-1,0,0,0,0,0,3.08346e+1,4.40535e+1,0,0,0,0,0,0,1.10647e+3
"Middle_East","ISR","Israel",7.22222e-3,6.09599e-3,1.06763e-1,0,8.20430e-1,1.39002e-3,0,0,2.71724e-1,0,1.19355e+1,0,0,0,0,0,1.15016e-1,0,0,0,0,0,0,0,0,0,0,0,0,0,0,0,0,2.16539e+1,1.25658e+0,0,0,0,0,0,0,2.18359e-1,0,0,0,0,0,0,0,1.54726e+1,1.41379e+1,0,0,0,0,0,0,6.60035e+1
"Middle_East","JOR","Jordan",3.76812e-4,5.52656e-3,6.40581e-3,0,2.28160e-1,0,0,0,4.31475e-1,8.23651e-1,2.02072e-1,0,0,0,0,0,0,0,0,0,0,0,0,0,0,0,0,0,0,0,0,0,0,8.84360e+0,5.95262e-1,0,0,0,0,0,0,2.34605e-1,0,0,0,0,0,0,0,2.89701e+0,6.45765e+0,0,0,0,0,0,0,2.07258e+1
"Middle_East","KWT","Kuwait",5.72294e-2,4.25126e-1,8.93882e-2,0,6.70747e-1,0,0,0,4.09679e-1,2.98930e-2,7.25045e+2,0,0,0,0,0,0,0,0,0,0,0,0,0,0,0,0,0,0,0,0,0,0,1.59598e+0,5.26547e-2,0,0,0,0,0,0,5.89386e-6,0,0,0,0,0,0,0,5.71458e+0,5.19023e+0,0,0,0,0,0,0,7.39280e+2
"Middle_East","LBN","Lebanon",0,1.21662e-2,5.73590e-2,0,7.22320e-1,0,0,0,1.25355e+0,1.37293e+0,8.54704e-1,0,0,0,0,0,0,0,0,0,0,0,0,0,0,0,0,0,0,0,0,0,0,6.31269e+0,4.03111e-1,0,0,0,0,0,0,7.40509e-2,0,0,0,0,0,0,0,5.22391e+0,1.14758e+1,0,0,0,0,0,0,2.77626e+1
"Middle_East","OMN","Oman",3.51690e-3,0,1.63285e-3,0,7.57391e-2,0,0,0,8.96673e-2,6.35808e-2,2.15482e+2,0,0,0,0,0,0,0,0,0,0,0,0,0,0,0,0,0,0,0,0,0,0,6.19228e+0,2.65250e-1,0,0,0,0,0,0,3.96179e-3,0,0,0,0,0,0,0,3.85967e-1,3.07021e+0,0,0,0,0,0,0,2.25634e+2
"Middle_East","QAT","Qatar",7.74107e-2,3.74409e-4,1.94267e-2,7.11755e-4,8.61717e-2,0,0,0,1.42554e-2,6.33660e-3,3.00418e+2,0,0,0,0,0,3.66960e-2,0,0,0,0,0,0,0,0,0,0,0,0,0,0,0,0,1.05211e+0,5.34770e-2,0,0,0,0,0,0,1.16870e-4,0,0,0,0,0,0,0,1.26468e+0,1.51678e+0,0,0,0,0,0,0,3.04547e+2
"Middle_East","SAU","Saudi Arabia",1.33266e-1,3.93794e-1,1.52483e-1,2.57070e-3,1.13750e+0,0,0,0,9.85991e-2,5.10938e-1,3.19755e+3,0,0,0,0,0,2.46330e+0,0,0,0,0,0,0,0,0,0,0,0,0,0,0,0,0,4.17539e+1,1.83794e+0,6.46213e-2,0,0,0,0,0,3.45552e-1,0,0,0,0,0,0,0,1.76199e+1,2.87650e+1,0,0,0,0,0,0,3.29283e+3
"Middle_East","SYR","Syrian Arab Republic",5.02417e-3,6.87511e-3,1.15723e-1,0,5.79564e-1,0,0,0,2.89242e+0,4.68980e-3,2.46476e+1,0,0,0,0,0,0,0,0,0,0,0,0,0,0,0,0,0,0,0,0,0,0,5.36043e+1,2.17057e+0,1.93864e-1,0,0,0,0,0,1.70198e+0,0,4.40712e-2,0,0,0,0,0,8.15617e+0,2.61418e+1,0,0,0,0,0,0,1.20265e+2
"Middle_East","YEM","Yemen",1.38164e-3,7.53624e-3,0,0,2.89487e-1,0,0,0,2.49708e+0,3.59074e+0,1.07159e+0,0,0,0,0,0,0,0,0,0,0,0,0,0,0,0,0,0,0,0,0,0,0,7.31271e+1,3.27406e+0,0,0,0,0,0,0,9.08895e-1,0,0,0,0,0,0,0,1.25426e+0,2.81336e+1,0,0,0,0,0,0,1.14156e+2
"India +","AFG","Afghanistan",6.58799e-4,0,6.27446e-2,0,1.11827e-1,0,9.93783e-4,0,9.85714e+0,5.47004e+0,4.66001e+1,0,0,0,0,0,0,0,0,0,0,0,0,0,0,0,0,0,0,0,0,0,0,2.64221e+2,1.46373e+1,7.17626e+1,0,0,0,0,0,6.69233e-1,0,0,0,0,0,0,0,3.54456e+0,5.86781e+1,0,0,0,0,0,0,4.75616e+2
"India +","BGD","Bangladesh",2.63592e-2,1.32685e-3,7.85025e-2,0,8.65169e-2,4.17006e-3,1.43607e-2,0,1.33901e+2,1.81796e+1,1.29646e+1,0,0,0,0,0,0,0,0,0,0,0,0,0,0,0,0,0,0,0,0,0,0,6.50733e+2,6.40827e+1,2.94615e+3,0,0,0,0,2.44224e-1,9.39494e+0,1.83831e+1,0,0,0,0,0,0,2.38180e+1,3.01089e+2,0,0,0,0,0,0,4.17915e+3
"India +","BTN","Bhutan",2.22990e-6,0,5.25340e-3,0,2.23154e-4,0,2.70900e-6,0,1.17292e+1,3.91790e-1,0,0,0,0,0,0,0,0,0,0,0,0,0,0,0,0,0,0,0,0,0,0,0,9.00652e+0,9.46264e-1,8.54316e+0,0,0,0,0,0,2.08183e-1,0,0,0,0,0,0,0,1.55904e-1,4.44678e+0,0,0,0,0,0,0,3.54332e+1
"India +","IND","India",3.95383e-1,1.27059e-1,5.03856e+0,0,5.14251e+0,6.83773e-1,5.12883e-2,0,1.24506e+3,9.15790e+2,6.21806e+1,0,0,0,0,0,2.80968e-1,2.61449e+0,0,0,0,0,0,0,0,0,0,0,0,0,0,0,0,8.88610e+3,7.88835e+2,4.94255e+3,0,0,0,0,2.55288e+1,1.51773e+2,6.98496e+1,5.11128e-1,0,0,0,0,0,2.66196e+2,2.18287e+3,0,0,4.08600e+1,0,0,0,1.95925e+4
"India +","IOT","British Indian Ocean Territory",0,0,0,0,0,0,0,0,0,0,0,0,0,0,0,0,0,0,0,0,0,0,0,0,0,0,0,0,0,0,0,0,0,0,0,0,0,0,0,0,0,0,0,0,0,0,0,0,0,0,0,0,0,0,0,0,0,0,
"India +","LKA","Sri Lanka",1.13044e-4,1.98455e-3,5.32436e-1,1.27697e-3,3.01464e-1,5.90757e-3,8.79228e-4,0,2.38826e+1,1.01493e-1,4.07688e-1,0,0,0,0,0,0,0,0,0,0,0,0,0,0,0,0,0,0,0,0,0,0,1.05999e+2,8.60692e+0,3.47276e+2,0,0,0,0,1.57243e-1,3.44934e-1,1.65532e+0,0,0,0,0,0,0,1.74880e+1,6.15269e+1,0,0,0,0,0,0,5.68291e+2
"India +","MDV","Maldives",2.02623e-5,0,6.67746e-4,0,5.63190e-4,0,2.01810e-5,0,4.42476e-3,4.10984e-2,0,0,0,0,0,0,0,0,0,0,0,0,0,0,0,0,0,0,0,0,0,0,0,0,0,0,0,0,0,0,0,6.84663e-3,0,0,0,0,0,0,0,1.45422e-1,5.14245e-1,0,0,0,0,0,0,7.13308e-1
"India +","NPL","Nepal",5.14976e-4,0,2.65024e-2,0,3.23639e-2,0,0,0,5.00382e+1,3.49705e+0,0,0,0,0,0,0,0,0,0,0,0,0,0,0,0,0,0,0,0,0,0,0,0,2.83246e+2,2.35069e+1,4.45156e+2,0,0,0,0,7.83168e-1,6.07748e+0,3.49683e-1,0,0,0,0,0,0,7.74639e-1,5.47453e+1,0,0,0,0,0,0,8.68233e+2
"India +","PAK","Pakistan",9.37410e-2,4.36633e-3,2.94667e-1,0,8.87637e-1,1.23364e-2,0,0,9.19952e+1,2.25622e+1,1.85289e+2,0,0,0,0,0,0,0,0,0,0,0,0,0,0,0,0,0,0,0,0,0,0,1.32661e+3,9.76125e+1,8.21792e+2,0,0,0,0,1.24584e+0,5.11923e+0,8.29124e-2,9.33528e-2,0,0,0,0,0,3.59332e+1,2.73866e+2,0,0,0,0,0,0,2.86349e+3
"Korea","KOR","Korea, Republic of",7.80632e-3,4.14476e-2,8.26391e-1,5.17070e-3,8.11371e-1,1.84219e-3,1.06973e-1,1.43314e-1,8.91554e+1,2.39618e+2,5.07323e+0,0,0,0,0,0,2.02075e-1,6.45831e-1,0,0,0,0,0,0,0,0,0,0,0,0,0,0,0,1.22982e+2,4.74084e+0,6.67721e+2,0,0,0,0,0,9.01996e-1,0,1.03630e-1,0,0,0,0,0,2.55486e+1,1.70881e+2,0,0,0,0,0,0,1.32952e+3
"Korea","PRK","Korea, Democratic People's Republic of",1.21568e-1,0,3.60810e+0,0,7.60846e-1,0,0,0,5.33094e+1,2.81099e+2,2.76957e-3,0,0,0,0,0,0,6.85815e-1,0,0,0,0,0,0,0,0,0,0,0,0,0,0,0,4.94186e+1,6.82031e+0,2.36526e+2,0,0,0,0,0,2.86570e+0,0,1.20698e+1,0,0,0,0,0,1.20487e+1,7.95249e+1,9.20575e-2,0,0,0,0,0,7.38954e+2
"China +","CHN","China",1.17042e+0,4.83742e-1,3.89930e+1,0,9.03703e+0,5.68232e-1,0,4.30027e-1,2.77872e+3,4.57750e+3,4.26175e+2,0,0,0,0,0,3.29861e+0,1.09941e+1,0,0,0,0,0,0,0,0,0,0,0,0,0,0,0,4.73748e+3,7.74691e+2,2.20283e+4,0,0,0,0,1.96003e+0,9.13416e+0,4.32363e+0,2.18642e+1,0,0,0,0,0,4.20676e+2,3.62505e+3,2.62763e+0,0,9.00000e+1,0,0,0,3.95634e+4
"China +","HKG","Hong Kong",3.76812e-5,0,1.37285e-1,0,1.98555e-1,0,5.42191e-2,0,2.46184e-1,0,4.66108e-1,0,0,0,0,0,0,0,0,0,0,0,0,0,0,0,0,0,0,0,0,0,0,0,0,0,0,0,0,0,0,0,0,0,0,0,0,0,0,1.74711e+1,1.93326e+1,9.29688e-2,0,0,0,0,0,3.79991e+1
"China +","MAC","Macao",6.03684e-5,0,1.26672e-3,0,6.76358e-3,0,1.87551e-4,0,3.38110e-2,0,0,0,0,0,0,0,0,0,0,0,0,0,0,0,0,0,0,0,0,0,0,0,0,0,0,0,0,0,0,0,0,0,0,0,0,0,0,0,0,1.37944e+0,1.11255e+0,6.84339e-3,0,0,0,0,0,2.54092e+0
"China +","MNG","Mongolia",1.07409e-3,0,8.10956e-3,0,2.33707e-1,0,2.36392e-3,0,6.84551e+0,6.21330e+0,0,0,0,0,0,0,0,0,0,0,0,0,0,0,0,0,0,0,0,0,0,0,0,2.69484e+2,1.21079e+1,0,0,0,0,0,0,8.16988e-2,1.49424e-1,1.25844e+1,0,0,0,0,0,9.96110e-1,6.06347e+0,1.01565e-2,0,0,0,0,0,3.14781e+2
"China +","TWN","Taiwan_Province of China",4.83431e-2,3.84412e-2,9.41251e-1,0,1.23557e+0,1.89034e-2,2.63768e-3,0,2.27568e+0,4.12747e+1,2.52957e+1,0,0,0,0,0,0,6.29971e-1,0,0,0,0,0,0,0,0,0,0,0,0,0,0,0,1.69964e+1,3.50577e+1,0,0,0,0,0,0,0,0,0,0,0,0,0,0,3.05593e+1,8.43830e+1,1.80346e-1,0,0,0,0,0,2.38938e+2
"Southeastern Asia","BRN","Brunei Darussalam",1.63704e-2,4.68504e-2,2.63768e-3,0,5.03476e-2,0,0,0,5.18132e-2,9.59440e-3,1.12920e+2,0,0,0,0,0,0,0,0,0,0,0,0,0,0,0,0,0,0,0,0,0,0,1.05298e+0,1.32309e-1,1.26104e+0,0,0,0,0,0,3.75045e-2,6.23410e+0,0,0,0,0,0,0,6.96358e-1,6.96159e-1,2.36912e-2,0,0,0,0,0,1.23232e+2
"Southeastern Asia","KHM","Cambodia",1.09902e-5,0,2.68895e-2,0,2.53836e-3,0,3.21510e-5,0,5.09113e+1,1.60452e+0,0,0,0,0,0,0,0,0,0,0,0,0,0,0,0,0,0,0,0,0,0,0,0,1.26780e+2,1.20509e+1,1.39833e+2,0,0,0,0,1.52138e+1,4.28516e+0,0,0,0,0,0,0,0,2.49570e+0,3.03339e+1,6.94122e-2,0,0,0,0,0,3.83607e+2
"Southeastern Asia","LAO","Lao People's Democratic Republic",1.28722e-4,0,1.32207e-2,0,2.02119e-2,0,2.37041e-4,0,2.17620e+1,9.09232e-1,0,0,0,0,0,0,0,0,0,0,0,0,0,0,0,0,0,0,0,0,0,0,0,5.12471e+1,6.13322e+0,1.34090e+2,0,0,0,0,2.05274e+1,5.34878e+0,1.01837e+1,0,0,0,0,0,0,7.61843e-1,1.26986e+1,0,0,0,0,0,0,2.63696e+2
"Southeastern Asia","MMR","Myanmar",9.61686e-3,3.80999e-3,7.16361e-2,0,3.87859e-1,0,0,0,6.22080e+1,4.35428e+1,1.60909e+1,0,0,0,0,0,0,0,0,0,0,0,0,0,0,0,0,0,0,0,0,0,0,4.35808e+2,4.27926e+1,1.43178e+3,0,0,0,0,1.45286e+1,4.24518e+1,4.45672e+2,0,0,0,0,0,0,1.60112e+1,1.29165e+2,0,0,0,0,0,0,2.68052e+3
"Southeastern Asia","MYS","Malaysia",1.40593e-3,3.14010e-3,2.58158e-1,0,1.51012e+0,0,0,0,2.43935e+1,2.65081e+1,4.75089e+1,0,0,0,0,0,1.32000e-3,0,0,0,0,0,0,0,0,0,0,0,0,0,0,0,0,3.68288e+1,9.35135e+0,2.91667e+2,0,0,0,0,1.15524e+1,8.10381e+0,5.50113e+1,0,0,0,0,0,0,1.76498e+1,6.37896e+1,2.91414e-1,0,0,0,0,0,5.94430e+2
"Southeastern Asia","PHL","Philippines",7.36700e-2,7.04793e-2,1.55908e+0,4.39613e-4,1.66154e+0,0,7.91304e-2,0,8.38296e+1,6.32322e+1,2.14027e+0,0,0,0,0,0,1.97255e-2,5.69594e-1,0,0,0,0,0,0,0,0,0,0,0,0,0,0,0,3.54575e+2,5.95418e+1,1.33702e+3,0,0,0,0,1.71650e+0,4.61881e+1,2.48370e+0,0,0,0,0,0,0,4.74899e+1,1.95478e+2,0,0,0,0,0,0,2.19772e+3
"Southeastern Asia","SGP","Singapore",4.13301e-4,3.11597e-2,1.73333e-2,0,3.74842e-1,0,0,0,2.99464e-2,3.16830e+0,9.91741e+0,0,0,0,0,0,0,0,0,0,0,0,0,0,0,0,0,0,0,0,0,0,0,1.48063e+0,3.48804e+0,0,0,0,0,0,3.24648e-1,1.06311e-3,0,0,0,0,0,0,0,3.42417e+0,1.06586e+1,2.07484e+0,0,0,0,0,0,3.49914e+1
"Southeastern Asia","THA","Thailand",6.81666e-3,2.66611e-2,2.18374e+0,0,1.87371e+0,0,9.96457e-3,0,1.12670e+2,2.54149e+2,1.84212e+0,0,0,0,0,0,0,0,0,0,0,0,0,0,0,0,0,0,0,0,0,0,0,5.82203e+2,4.25828e+1,2.10988e+3,0,0,0,0,1.80310e+1,4.24789e+1,6.19902e+0,0,0,0,0,0,0,5.45233e+1,1.72986e+2,7.69769e-1,0,0,0,0,0,3.40242e+3
"Southeastern Asia","TLS","Timor-Leste",0,0,2.36199e-3,0,0,0,0,0,1.77787e-1,0,0,0,0,0,0,0,0,0,0,0,0,0,0,0,0,0,0,0,0,0,0,0,0,1.40340e+1,1.28130e+0,3.75308e+0,0,0,0,0,0,2.67733e-1,0,0,0,0,0,0,0,1.10799e-1,2.39036e+0,3.23097e-3,0,0,0,0,0,2.20206e+1
"Southeastern Asia","VNM","Viet Nam",1.35108e-2,0,0,0,1.36467e+0,0,0,0,1.47892e+2,8.36616e+1,1.22382e+1,0,0,0,0,0,0,0,0,0,0,0,0,0,0,0,0,0,0,0,0,0,0,2.18907e+2,7.25596e+1,1.86592e+3,0,0,0,0,7.00608e+0,3.56773e+1,3.00737e-1,0,0,0,0,0,0,2.43087e+1,2.12552e+2,0,0,0,0,0,0,2.68240e+3
"Indonesia +","IDN","Indonesia",1.21394e-2,1.86126e-1,2.47775e-1,2.65862e-3,2.84354e+0,1.84219e-3,1.99291e-2,0,6.91607e+2,5.88678e+1,4.08902e+2,0,0,0,0,0,1.95230e-2,0,0,0,0,0,0,0,0,0,0,0,0,0,0,0,0,6.77682e+2,3.73541e+1,2.78231e+3,0,0,0,0,8.03280e+0,1.05769e+2,3.62576e+1,0,3.65849e+2,0,0,0,0,1.08960e+2,5.50186e+2,1.55060e+0,0,0,0,0,0,5.83666e+3
"Indonesia +","PNG","Papua New Guinea",1.34830e-3,0,1.49477e-2,0,2.61550e-2,0,1.42807e-3,0,1.62576e+1,2.65099e-1,0,0,0,0,0,0,0,0,0,0,0,0,0,0,0,0,0,0,0,0,0,0,0,7.05008e+0,3.33931e+0,1.50124e-1,0,0,0,0,2.35942e+0,2.42194e-1,4.56974e+0,0,0,0,0,0,0,1.08169e+0,9.34627e+0,3.96362e-2,0,0,0,0,0,4.47451e+1
"Japan","JPN","Japan",3.53468e+0,6.85224e-1,1.03099e+1,3.21756e-2,1.17627e+1,2.53798e-1,1.54100e+0,8.79228e-3,4.11979e+1,5.92038e+2,2.86027e+1,0,0,0,0,0,5.89260e+0,1.27546e+1,0,0,0,0,0,0,0,0,0,0,0,0,0,0,0,3.34158e+2,1.73739e+2,2.08325e+3,0,0,0,0,0,4.43356e-1,2.46254e+0,1.05377e+0,0,0,0,0,0,2.44957e+2,3.89273e+2,1.98561e+2,6.78132e-1,0,0,0,0,4.13719e+3
"Oceania","ASM","American Samoa",0,0,0,0,0,0,0,0,3.30633e-5,0,0,0,0,0,0,0,0,0,0,0,0,0,0,0,0,0,0,0,0,0,0,0,0,1.89226e-2,1.17823e-1,0,0,0,0,0,0,1.50639e-5,0,0,0,0,0,0,0,1.36207e-1,3.43220e-2,0,0,0,0,0,0,3.07323e-1
"Oceania","ATF","French Southern Territories",0,0,0,0,0,0,0,0,0,0,0,0,0,0,0,0,0,0,0,0,0,0,0,0,0,0,0,0,0,0,0,0,0,0,0,0,0,0,0,0,0,0,0,0,0,0,0,0,0,0,0,0,0,0,0,0,0,0,
"Oceania","AUS","Australia",7.32727e-1,2.06224e-1,4.10537e+0,1.72705e-2,1.28136e+1,9.89300e-2,3.06557e-1,0,4.12471e+1,6.54503e+2,9.76536e+1,0,0,0,0,0,4.28700e-3,1.18948e+0,0,0,0,0,0,0,0,0,0,0,0,0,0,0,0,3.02376e+3,2.11290e+2,3.36267e+1,0,0,0,0,3.11352e+2,2.22439e+1,3.77666e+1,8.07768e+1,0,0,0,0,0,3.16022e+2,4.20169e+1,3.89646e-3,0,6.00000e-1,0,0,0,4.89234e+3
"Oceania","CCK","Cocos (Keeling) Islands",0,0,0,0,0,0,0,0,0,0,0,0,0,0,0,0,0,0,0,0,0,0,0,0,0,0,0,0,0,0,0,0,0,0,0,0,0,0,0,0,0,0,0,0,0,0,0,0,0,0,0,0,0,0,0,0,0,0,
"Oceania","COK","Cook Islands",0,0,0,0,0,0,0,0,8.36421e-3,0,0,0,0,0,0,0,0,0,0,0,0,0,0,0,0,0,0,0,0,0,0,0,0,6.60513e-2,3.52847e-2,0,0,0,0,0,0,3.81083e-3,0,0,0,0,0,0,0,0,2.47046e-2,0,0,0,0,0,0,1.38216e-1
"Oceania","CXR","Christmas Island",0,0,0,0,0,0,0,0,0,0,0,0,0,0,0,0,0,0,0,0,0,0,0,0,0,0,0,0,0,0,0,0,0,0,0,0,0,0,0,0,0,0,0,0,0,0,0,0,0,0,0,0,0,0,0,0,0,0,
"Oceania","FJI","Fiji",1.46353e-3,0,4.05181e-3,0,4.14334e-2,0,1.33585e-3,0,5.68928e-1,1.48391e-1,0,0,0,0,0,0,0,0,0,0,0,0,0,0,0,0,0,0,0,0,0,0,0,1.20809e+1,1.98775e+0,3.19875e+0,0,0,0,0,0,2.19319e-1,0,0,0,0,0,0,0,1.27423e+0,1.30321e+0,0,0,0,0,0,0,2.08298e+1
"Oceania","FSM","Micronesia, Federated States of",0,0,0,0,0,0,0,0,0,2.47020e-2,0,0,0,0,0,0,0,0,0,0,0,0,0,0,0,0,0,0,0,0,0,0,0,5.46480e-1,2.10332e-2,2.87206e-2,0,0,0,0,0,0,0,0,0,0,0,0,0,1.32295e-1,7.06613e-2,0,0,0,0,0,0,8.23892e-1
"Oceania","GUM","Guam",0,0,0,0,0,0,0,0,2.13961e-3,0,0,0,0,0,0,0,0,0,0,0,0,0,0,0,0,0,0,0,0,0,0,0,0,1.85360e-1,1.29327e-1,0,0,0,0,0,0,9.74832e-4,0,0,0,0,0,0,0,5.70400e-1,6.56220e-1,0,0,0,0,0,0,1.54442e+0
"Oceania","HMD","Heard Island and McDonald Islands",0,0,0,0,0,0,0,0,0,0,0,0,0,0,0,0,0,0,0,0,0,0,0,0,0,0,0,0,0,0,0,0,0,0,0,0,0,0,0,0,0,0,0,0,0,0,0,0,0,0,0,0,0,0,0,0,0,0,
"Oceania","KIR","Kiribati",1.79580e-5,0,2.40381e-4,0,1.02847e-3,0,2.01950e-5,0,1.31545e-2,1.09906e-2,0,0,0,0,0,0,0,0,0,0,0,0,0,0,0,0,0,0,0,0,0,0,0,1.00000e-2,4.06339e-2,0,0,0,0,0,0,5.71180e-3,0,0,0,0,0,0,0,1.03057e-1,9.63704e-2,0,0,0,0,0,0,2.81225e-1
"Oceania","MHL","Marshall Islands",0,0,0,0,0,0,0,0,0,0,0,0,0,0,0,0,0,0,0,0,0,0,0,0,0,0,0,0,0,0,0,0,0,0,0,0,0,0,0,0,0,0,0,0,0,0,0,0,0,1.01005e-1,2.69203e-2,0,0,0,0,0,0,1.27925e-1
"Oceania","MNP","Northern Mariana Islands",0,0,0,0,0,0,0,0,2.69389e-3,0,0,0,0,0,0,0,0,0,0,0,0,0,0,0,0,0,0,0,0,0,0,0,0,0,9.91815e-6,0,0,0,0,0,0,1.22737e-3,0,0,0,0,0,0,0,1.10143e-1,1.68776e-2,0,0,0,0,0,0,1.30952e-1
"Oceania","NCL","New Caledonia",4.44923e-4,0,1.26327e-3,0,4.00378e-2,0,6.79399e-4,0,1.81524e-1,2.64920e-2,0,0,0,0,0,0,0,0,0,0,0,0,0,0,0,0,0,0,0,0,0,0,0,6.39476e+0,7.24745e-1,0,0,0,0,0,0,2.98957e-3,0,0,0,0,0,0,0,6.87809e-1,1.43645e-1,0,0,0,0,0,0,8.20439e+0
"Oceania","NFK","Norfolk Island",0,0,0,0,0,0,0,0,0,0,0,0,0,0,0,0,0,0,0,0,0,0,0,0,0,0,0,0,0,0,0,0,0,0,0,0,0,0,0,0,0,0,0,0,0,0,0,0,0,0,3.96828e-3,0,0,0,0,0,0,3.96828e-3
"Oceania","NIU","Niue",0,0,0,0,0,0,0,0,1.12126e-4,8.59200e-4,0,0,0,0,0,0,0,0,0,0,0,0,0,0,0,0,0,0,0,0,0,0,0,4.25315e-2,2.00200e-2,0,0,0,0,0,0,5.10856e-5,0,0,0,0,0,0,0,3.69436e-3,6.68961e-3,0,0,0,0,0,0,7.39579e-2
"Oceania","NRU","Nauru",0,0,0,0,0,0,0,0,0,0,0,0,0,0,0,0,0,0,0,0,0,0,0,0,0,0,0,0,0,0,0,0,0,1.70000e-3,4.96410e-3,0,0,0,0,0,0,0,0,0,0,0,0,0,0,4.40867e-2,9.29298e-3,0,0,0,0,0,0,6.00438e-2
"Oceania","NZL","New Zealand",1.02401e-1,1.32722e-2,6.61895e-1,2.82609e-3,2.18645e+0,0,5.27537e-3,7.78746e-3,8.56669e+0,1.63673e+1,5.77682e+0,0,0,0,0,0,0,0,0,0,0,0,0,0,0,0,0,0,0,0,0,0,0,1.00074e+3,7.66475e+1,0,0,0,0,0,0,6.30427e-1,0,0,0,0,0,0,0,6.83192e+1,8.79554e+0,0,0,0,0,0,0,1.18882e+3
"Oceania","PCN","Pitcairn",0,0,0,0,0,0,0,0,0,0,0,0,0,0,0,0,0,0,0,0,0,0,0,0,0,0,0,0,0,0,0,0,0,0,0,0,0,0,0,0,0,0,0,0,0,0,0,0,0,0,1.09881e-3,0,0,0,0,0,0,1.09881e-3
"Oceania","PLW","Palau",0,0,0,0,0,0,0,0,0,0,0,0,0,0,0,0,0,0,0,0,0,0,0,0,0,0,0,0,0,0,0,0,0,0,0,0,0,0,0,0,0,0,0,0,0,0,0,0,0,0,3.33985e-2,0,0,0,0,0,0,3.33985e-2
"Oceania","PYF","French Polynesia",1.98537e-4,0,8.23840e-4,0,8.61147e-3,0,2.03133e-4,0,2.46599e-2,0,0,0,0,0,0,0,0,0,0,0,0,0,0,0,0,0,0,0,0,0,0,0,0,4.77590e-1,2.45019e-1,0,0,0,0,0,0,5.84828e-3,0,0,0,0,0,0,0,7.27129e-1,5.22321e-1,0,0,0,0,0,0,2.01240e+0
"Oceania","SLB","Solomon Islands",1.42851e-4,0,1.07385e-3,0,4.05783e-3,0,1.30487e-4,0,3.15384e-1,4.56092e-2,0,0,0,0,0,0,0,0,0,0,0,0,0,0,0,0,0,0,0,0,0,0,0,7.12834e+1,2.06252e+0,1.41449e-1,0,0,0,0,0,7.24866e-3,0,0,0,0,0,0,0,6.54891e-2,2.64099e-1,0,0,0,0,0,0,7.41907e+1
"Oceania","TKL","Tokelau",0,0,0,0,0,0,0,0,3.69606e-4,0,0,0,0,0,0,0,0,0,0,0,0,0,0,0,0,0,0,0,0,0,0,0,0,9.40000e-4,2.87127e-3,0,0,0,0,0,0,1.68397e-4,0,0,0,0,0,0,0,0,1.34294e-2,0,0,0,0,0,0,1.77787e-2
"Oceania","TON","Tonga",0,0,0,0,4.89979e-3,0,0,0,1.06451e-2,1.85802e-2,0,0,0,0,0,0,0,0,0,0,0,0,0,0,0,0,0,0,0,0,0,0,0,4.22504e-1,5.76322e-1,0,0,0,0,0,0,4.85005e-3,0,0,0,0,0,0,0,1.29106e-1,5.71861e-1,0,0,0,0,0,0,1.73877e+0
"Oceania","TUV","Tuvalu",0,0,0,0,0,0,0,0,0,0,0,0,0,0,0,0,0,0,0,0,0,0,0,0,0,0,0,0,0,0,0,0,0,5.50000e-3,1.60861e-2,0,0,0,0,0,0,0,0,0,0,0,0,0,0,4.75208e-3,4.73341e-2,0,0,0,0,0,0,7.36724e-2
"Oceania","VUT","Vanuatu",1.33603e-4,0,6.43719e-4,0,5.64568e-3,0,1.59698e-4,0,1.26257e-1,1.94394e-2,0,0,0,0,0,0,0,0,0,0,0,0,0,0,0,0,0,0,0,0,0,0,0,6.06670e+0,1.03461e+0,0,0,0,0,0,0,2.07077e-2,0,0,0,0,0,0,0,7.77659e-2,4.99863e-1,0,0,0,0,0,0,7.85192e+0
"Oceania","WLF","Wallis and Futuna",0,0,0,0,0,0,0,0,2.26213e-3,0,0,0,0,0,0,0,0,0,0,0,0,0,0,0,0,0,0,0,0,0,0,0,0,5.70907e-2,2.83945e-2,0,0,0,0,0,0,1.03065e-3,0,0,0,0,0,0,0,0,5.49755e-2,0,0,0,0,0,0,1.43754e-1
"Oceania","WSM","Samoa",7.03287e-5,0,7.18104e-4,0,7.70952e-3,0,1.18790e-4,0,2.15294e-1,2.33416e-2,0,0,0,0,0,0,0,0,0,0,0,0,0,0,0,0,0,0,0,0,0,0,0,1.35582e+0,5.94300e-1,0,0,0,0,0,0,2.00476e-3,0,0,0,0,0,0,0,1.97662e-1,8.36772e-1,0,0,0,0,0,0,3.23381e+0
"Antartica","ATA","Antarctica",0,0,0,0,0,0,0,0,0,0,0,0,0,0,0,0,0,0,0,0,0,0,0,0,0,0,0,0,0,0,0,0,0,0,0,0,0,0,0,0,0,0,0,0,0,0,0,0,0,0,0,0,0,0,0,0,0,0,
"Int. Shipping","SEA","Int. Shipping",0,0,0,0,0,0,0,0,0,0,2.67789e+0,0,3.23474e+1,0,0,0,0,0,0,0,0,0,0,0,0,0,0,0,0,0,0,0,0,0,0,0,0,0,0,0,0,0,0,0,0,0,0,0,0,0,0,0,0,0,0,0,0,3.50253e+1
"Int. Aviation","AIR","Int. Aviation",0,0,0,0,0,0,0,0,0,0,0,1.28868e+0,0,0,0,0,0,0,0,0,0,0,0,0,0,0,0,0,0,0,0,0,0,0,0,0,0,0,0,0,0,0,0,0,0,0,0,0,0,0,0,0,0,0,0,0,0,1.28868e+0

"TOTALS",,,4.59167e+1,2.21772e+1,2.62648e+2,1.21819e+0,8.15126e+2,9.57437e+0,1.02392e+1,2.33021e+0,1.01926e+4,2.77756e+4,3.64313e+4,1.28868e+0,3.23474e+1,0,0,0,5.87514e+1,1.23973e+2,0,0,0,0,0,0,0,0,0,0,0,0,0,0,0,7.62175e+4,9.72882e+3,4.78038e+4,0,0,0,0,4.52311e+3,8.89695e+2,5.13054e+3,5.26529e+2,3.65849e+2,0,0,0,0,1.80482e+4,1.66967e+4,2.86639e+2,6.80343e-1,1.46460e+2,0,0,0,02.56150e+5