"Content:","Emissions by country and main source category" 
"Compound:","CH4"
"Year: ","1975"
"Unit:","Gg CH4"
"Source:","European Commission, Joint Research Centre (JRC)/PBL Netherlands Environmental Assessment Agency. Emission Database for Global Atmospheric Research (EDGAR), release version 4.2. http://edgar.jrc.ec.europe.eu, 2010" 
"Dataset:","v4.2_EM_CH4_300911(edgar)"
"Date calculated:","November 30, 1999, 12:00 am"

,,,"Public electricity and heat production","Other Energy Industries","Manufacturing Industries and Construction","Domestic aviation","Road transportation","Rail transportation","Inland navigation","Other transportation","Residential and other sectors","Fugitive emissions from solid fuels","Fugitive emissions from oil and gas","Memo: International aviation","Memo: International navigation","Cement production","Lime production","Production of other minerals","Production of chemicals","Production of metals","Production of pulp/paper/food/drink","Production of halocarbons and SF6","Refrigeration and Air Conditioning","Foam Blowing","Fire Extinguishers","Aerosols","F-gas as Solvent","Semiconductor/Electronics Manufacture","Electrical Equipment","Other F-gas use","Non-energy use of lubricants/waxes (CO2)","Solvent and other product use: paint","Solvent and other product use: degrease","Solvent and other product use: chemicals","Solvent and other product use: other","Enteric fermentation","Manure management","Rice cultivation","Direct soil emissions","Manure in pasture/range/paddock","Indirect N2O from agriculture","Other direct soil emissions","Savanna burning","Agricultural waste burning","Forest fires","Grassland fires","Peat fires and decay of drained peatland","Other vegetation fires","Other biomass burning","Forest Fires-Post burn decay","Forest Land: net carbon stock change","Solid waste disposal on land","Wastewater handling","Waste incineration","Other waste handling","Fossil fuel fires","Indirect N2O from non-agricultural NOx","Indirect N2O from non-agricultural NH3","Other sources",

"World Region","ISO_A3","Country","1A1a","1A1bc","1A2","1A3a","1A3b","1A3c","1A3d","1A3e","1A4","1B1","1B2","1C1","1C2","2A1","2A2","2A7","2B","2C","2D","2E","2F1","2F2","2F3","2F4","2F5","2F7","2F8","2F9","2G","3A","3B","3C","3D","4A","4B","4C","4D1","4D2","4D3","4D4","4E","4F","5A","5C","5D","5F","5F1","5F2","5FL","6A","6B","6C","6D","7A","7B","7C","7D","TOTAL" 
"Canada","CAN","Canada",6.81020e-1,1.21877e+0,8.22398e+0,5.80708e-2,3.69910e+1,3.83818e-1,3.59897e-1,0,4.82584e+1,6.26558e+1,9.85470e+2,0,0,0,0,0,3.56653e+0,1.59890e+0,0,0,0,0,0,0,0,0,0,0,0,0,0,0,0,7.52362e+2,2.03089e+2,0,0,0,0,0,0,5.40492e+0,7.03536e+1,5.88408e+1,0,0,0,0,0,6.88300e+2,1.49408e+2,6.36495e+0,0,0,0,0,0,3.08359e+3
"USA","SPM","Saint Pierre and Miquelon",0,0,0,0,0,0,0,0,0,0,0,0,0,0,0,0,0,0,0,0,0,0,0,0,0,0,0,0,0,0,0,0,0,4.28630e-4,3.41244e-5,0,0,0,0,0,0,0,0,0,0,0,0,0,0,3.04360e-2,9.94616e-3,6.96163e-4,0,0,0,0,0,4.15411e-2
"USA","UMI","United States Minor Outlying Islands",0,0,0,0,0,0,0,0,0,0,0,0,0,0,0,0,0,0,0,0,0,0,0,0,0,0,0,0,0,0,0,0,0,0,0,0,0,0,0,0,0,0,0,0,0,0,0,0,0,0,0,0,0,0,0,0,0,0,
"USA","USA","United States",1.15582e+1,8.54960e+0,5.92596e+1,9.61687e-1,4.08716e+2,2.35574e+0,7.42364e-1,5.64548e-1,4.34070e+2,3.43654e+3,6.65514e+3,0,0,0,0,0,1.32060e+1,3.41714e+0,0,0,0,0,0,0,0,0,0,0,0,0,0,0,0,7.08313e+3,1.81655e+3,5.16610e+2,0,0,0,0,2.14224e-1,4.27920e+1,1.97045e+1,6.89184e+0,0,0,0,0,0,6.96139e+3,5.91440e+2,0,0,1.50000e+1,0,0,0,2.80888e+4
"Mexico","MEX","Mexico",2.93609e-1,3.49115e-1,3.16292e+0,0,9.28776e+0,0,0,6.45354e-1,6.46573e+1,5.06966e+1,8.13568e+2,0,0,0,0,0,4.67969e-1,1.72979e+0,0,0,0,0,0,0,0,0,0,0,0,0,0,0,0,1.67410e+3,1.17667e+2,4.95261e+1,0,0,0,0,2.21950e+1,2.34210e+1,5.67941e+1,1.24646e-1,0,0,0,0,0,1.30121e+2,3.09190e+2,0,0,0,0,0,0,3.32800e+3
"Rest Central America","ABW","Aruba",1.67166e-3,0,7.29234e-3,0,0,0,0,0,3.23000e-4,1.07920e-2,0,0,0,0,0,0,0,0,0,0,0,0,0,0,0,0,0,0,0,0,0,0,0,3.39370e-2,4.18740e-3,0,0,0,0,0,0,0,0,0,0,0,0,0,0,1.90459e-1,2.85597e-1,0,0,0,0,0,0,5.34259e-1
"Rest Central America","AIA","Anguilla",1.96650e-4,0,8.57910e-4,0,0,0,0,0,3.80000e-5,2.70652e-1,0,0,0,0,0,0,0,0,0,0,0,0,0,0,0,0,0,0,0,0,0,0,0,0,0,0,0,0,0,0,0,0,0,0,0,0,0,0,0,5.23202e-3,2.35367e-2,0,0,0,0,0,0,3.00513e-1
"Rest Central America","ANT","Netherlands Antilles",0,9.83912e-2,1.25102e-1,9.21095e-4,1.68978e-1,0,0,0,2.86796e-2,2.17970e-2,6.74053e+0,0,0,0,0,0,0,0,0,0,0,0,0,0,0,0,0,0,0,0,0,0,0,2.89100e-1,1.36100e-2,0,0,0,0,0,0,0,0,0,0,0,0,0,0,1.04049e+0,7.20257e-1,0,0,0,0,0,0,9.24786e+0
"Rest Central America","ATG","Antigua and Barbuda",2.68155e-3,0,7.75202e-3,0,4.34340e-3,0,0,0,6.06210e-2,0,1.04556e-1,0,0,0,0,0,0,0,0,0,0,0,0,0,0,0,0,0,0,0,0,0,0,5.70481e-1,1.31522e-2,0,0,0,0,0,0,2.47064e-2,0,0,0,0,0,0,0,1.59711e-1,2.63153e-1,0,0,0,0,0,0,1.21116e+0
"Rest Central America","BHS","Bahamas",1.08814e-2,0,2.63872e-2,0,4.14423e-2,0,0,0,3.66177e-1,2.66960e-2,1.03025e+0,0,0,0,0,0,0,0,0,0,0,0,0,0,0,0,0,0,0,0,0,0,0,2.45354e-1,2.05630e-2,0,0,0,0,0,0,1.40646e-2,0,0,0,0,0,0,0,2.48666e+0,7.91811e-1,0,0,0,0,0,0,5.06029e+0
"Rest Central America","BLZ","Belize",4.65916e-3,0,1.75483e-2,0,6.26653e-3,0,0,0,6.41381e-1,4.62920e-2,6.01157e-2,0,0,0,0,0,0,0,0,0,0,0,0,0,0,0,0,0,0,0,0,0,0,2.49899e+0,8.78010e-2,8.57552e-1,0,0,0,0,6.56568e-1,2.51581e-1,0,0,0,0,0,0,0,4.10135e-1,7.12589e-1,0,0,0,0,0,0,6.25148e+0
"Rest Central America","BMU","Bermuda",3.30141e-3,0,6.94448e-3,0,4.71124e-3,0,0,0,5.30125e-2,0,1.42421e-1,0,0,0,0,0,0,0,0,0,0,0,0,0,0,0,0,0,0,0,0,0,0,5.74767e-2,2.34580e-3,0,0,0,0,0,0,3.64006e-5,0,0,0,0,0,0,0,5.06576e-1,2.49272e-1,0,0,0,0,0,0,1.02610e+0
"Rest Central America","BRB","Barbados",8.18162e-3,0,3.04775e-2,0,9.50529e-3,0,0,0,3.98715e-2,2.90035e-2,4.91710e-1,0,0,0,0,0,0,0,0,0,0,0,0,0,0,0,0,0,0,0,0,0,0,1.16421e+0,7.01600e-2,0,0,0,0,0,0,2.50462e-1,0,0,0,0,0,0,0,1.00581e+0,1.40271e+0,0,0,0,0,0,0,4.50210e+0
"Rest Central America","CRI","Costa Rica",8.92717e-3,2.32952e-3,1.97240e-1,0,1.29568e-1,0,0,2.42416e-2,5.33985e+0,1.15197e+0,7.29120e-2,0,0,0,0,0,0,0,0,0,0,0,0,0,0,0,0,0,0,0,0,0,0,1.11998e+2,2.54079e+0,1.67849e+1,0,0,0,0,1.20338e+0,9.48108e-1,0,0,0,0,0,0,0,2.12536e+0,9.39601e+0,0,0,0,0,0,0,1.51924e+2
"Rest Central America","CUB","Cuba",8.07657e-1,9.39528e-3,3.33153e+0,0,8.86670e-1,0,1.14299e-1,6.98358e-2,2.98015e+1,9.11108e+0,2.55218e+0,0,0,0,0,0,0,0,0,0,0,0,0,0,0,0,0,0,0,0,0,0,0,3.15153e+2,9.66283e+0,9.33456e+1,0,0,0,0,8.72904e+0,1.59364e+1,1.91080e+0,0,0,0,0,0,0,2.96003e+1,5.56368e+1,0,0,0,0,0,0,5.76659e+2
"Rest Central America","CYM","Cayman Islands",8.51219e-4,0,2.14105e-3,0,1.23375e-3,0,0,0,1.05034e-2,0,2.61723e-2,0,0,0,0,0,0,0,0,0,0,0,0,0,0,0,0,0,0,0,0,0,0,2.39692e-1,9.44001e-3,0,0,0,0,0,0,5.17665e-6,0,0,0,0,0,0,0,3.26716e-1,5.95598e-2,0,0,0,0,0,0,6.76315e-1
"Rest Central America","DMA","Dominica",2.13126e-3,0,9.05945e-3,0,6.99900e-4,0,0,0,2.74629e-3,2.86840e-2,7.14146e-3,0,0,0,0,0,0,0,0,0,0,0,0,0,0,0,0,0,0,0,0,0,0,3.57706e-1,1.48885e-2,0,0,0,0,0,0,1.77784e-3,0,0,0,0,0,0,0,2.08852e-1,3.63023e-1,0,0,0,0,0,0,9.96710e-1
"Rest Central America","DOM","Dominican Republic",8.38543e-2,0,7.01080e-1,0,4.82135e-1,0,0,8.79228e-4,1.00945e+1,1.68607e+1,4.51701e-1,0,0,0,0,0,0,0,0,0,0,0,0,0,0,0,0,0,0,0,0,0,0,1.15907e+2,3.41949e+0,4.44583e+1,0,0,0,0,1.09769e+0,3.03657e+0,8.70060e-1,0,0,0,0,0,0,1.09139e+1,2.64122e+1,1.82027e-1,0,0,0,0,0,2.34972e+2
"Rest Central America","GLP","Guadeloupe",9.64248e-3,0,3.98983e-2,0,8.30212e-3,0,0,0,5.17786e-1,1.23149e-1,1.29916e-1,0,0,0,0,0,0,0,0,0,0,0,0,0,0,0,0,0,0,0,0,0,0,4.51097e+0,1.22204e-1,0,0,0,0,0,0,2.90418e-1,0,0,0,0,0,0,0,1.80313e+0,1.91113e+0,0,0,0,0,0,0,9.46655e+0
"Rest Central America","GRD","Grenada",2.63808e-3,0,1.09659e-2,0,7.46009e-4,0,0,0,5.09286e-3,1.04654e-1,1.23997e-2,0,0,0,0,0,0,0,0,0,0,0,0,0,0,0,0,0,0,0,0,0,0,3.66365e-1,1.21938e-2,0,0,0,0,0,0,4.41332e-3,0,0,0,0,0,0,0,1.60141e-1,4.50471e-1,0,0,0,0,0,0,1.13008e+0
"Rest Central America","GTM","Guatemala",3.89569e-2,3.40201e-3,3.75680e-1,0,2.87511e-1,0,0,0,2.45783e+1,7.22603e+0,2.04486e-1,0,0,0,0,0,0,0,0,0,0,0,0,0,0,0,0,0,0,0,0,0,0,9.12172e+1,2.72774e+0,3.16041e+0,0,0,0,0,5.10168e+0,2.28671e+0,6.18256e+0,0,0,0,0,0,0,5.32539e+0,2.64875e+1,0,0,0,0,0,0,1.75204e+2
"Rest Central America","HND","Honduras",3.14010e-3,2.21900e-3,2.00757e-1,0,8.92200e-2,0,0,0,1.15497e+1,6.28350e-1,1.64028e-1,0,0,0,0,0,0,0,0,0,0,0,0,0,0,0,0,0,0,0,0,0,0,9.68755e+1,2.89444e+0,3.98907e+0,0,0,0,0,6.77592e+0,8.32762e-1,6.44191e+0,0,0,0,0,0,0,1.51877e+0,1.30056e+1,0,0,0,0,0,0,1.44971e+2
"Rest Central America","HTI","Haiti",3.01450e-3,0,1.63788e-1,0,2.72086e-2,0,0,4.14492e-3,1.37644e+1,2.79616e+1,0,0,0,0,0,0,0,0,0,0,0,0,0,0,0,0,0,0,0,0,0,0,0,6.45742e+1,3.62790e+0,8.28646e+0,0,0,0,0,0,1.38548e+0,0,0,0,0,0,0,0,5.81416e+0,2.33342e+1,0,0,0,0,0,0,1.48947e+2
"Rest Central America","JAM","Jamaica",2.44406e-1,9.62964e-4,1.61904e-1,6.28019e-5,2.17731e-1,0,0,0,1.91589e+0,1.67560e+0,3.30689e-1,0,0,0,0,0,0,0,0,0,0,0,0,0,0,0,0,0,0,0,0,0,0,1.83993e+1,6.56824e-1,2.69792e-1,0,0,0,0,0,1.09304e+0,0,0,0,0,0,0,0,5.76664e+0,1.00078e+1,0,0,0,0,0,0,4.07406e+1
"Rest Central America","KNA","Saint Kitts and Nevis",1.38596e-3,0,5.26849e-3,0,9.48744e-4,0,0,0,1.03879e-1,0,1.34394e-2,0,0,0,0,0,0,0,0,0,0,0,0,0,0,0,0,0,0,0,0,0,0,4.10804e-1,1.01172e-2,0,0,0,0,0,0,6.51355e-2,0,0,0,0,0,0,0,2.72863e-1,3.16893e-1,0,0,0,0,0,0,1.20073e+0
"Rest Central America","LCA","Saint Lucia",3.69741e-3,0,1.44130e-2,0,3.16817e-3,0,0,0,2.34279e-2,3.26600e-2,2.99796e-2,0,0,0,0,0,0,0,0,0,0,0,0,0,0,0,0,0,0,0,0,0,0,5.84327e-1,2.08727e-2,0,0,0,0,0,0,6.83661e-3,0,0,0,0,0,0,0,9.87350e-2,5.04279e-1,0,0,0,0,0,0,1.32240e+0
"Rest Central America","MSR","Montserrat",3.84164e-4,0,1.45449e-3,0,5.79698e-4,0,0,0,1.96385e-3,0,4.48997e-3,0,0,0,0,0,0,0,0,0,0,0,0,0,0,0,0,0,0,0,0,0,0,5.02266e-1,1.21260e-2,0,0,0,0,0,0,7.49637e-5,0,0,0,0,0,0,0,7.38390e-3,5.29432e-2,0,0,0,0,0,0,5.83666e-1
"Rest Central America","MTQ","Martinique",1.06380e-2,0,3.98625e-2,0,8.78269e-3,0,0,0,8.24682e-2,1.31954e-1,1.69381e-1,0,0,0,0,0,0,0,0,0,0,0,0,0,0,0,0,0,0,0,0,0,0,2.98559e+0,1.01190e-1,0,0,0,0,0,0,1.13015e-1,0,0,0,0,0,0,0,2.67921e+0,1.78515e+0,0,0,0,0,0,0,8.10724e+0
"Rest Central America","NIC","Nicaragua",2.03150e-2,1.06947e-3,2.49132e-1,1.88406e-4,1.51655e-1,0,2.34461e-3,0,7.28329e+0,1.67560e+0,1.73510e-1,0,0,0,0,0,0,0,0,0,0,0,0,0,0,0,0,0,0,0,0,0,0,1.61836e+2,4.21448e+0,5.68489e+0,0,0,0,0,6.89640e+0,9.85085e-1,0,0,0,0,0,0,0,1.09648e+1,1.22487e+1,0,0,0,0,0,0,2.12388e+2
"Rest Central America","PAN","Panama",1.25080e-2,8.02563e-3,1.08438e-1,0,3.16843e-1,0,0,1.40677e-2,4.71606e+0,1.04725e-1,1.13250e+0,0,0,0,0,0,0,0,0,0,0,0,0,0,0,0,0,0,0,0,0,0,0,8.23906e+1,1.81888e+0,2.21615e+1,0,0,0,0,1.18826e+0,7.86321e-1,0,0,0,0,0,0,0,3.85771e+0,7.79490e+0,0,0,0,0,0,0,1.26411e+2
"Rest Central America","PRI","Puerto Rico",0,0,0,0,0,0,0,0,0,0,0,0,0,0,0,0,0,0,0,0,0,0,0,0,0,0,0,0,0,0,0,0,0,3.20886e+1,9.28551e-1,1.31041e-1,0,0,0,0,0,9.55723e-1,1.45289e-1,0,0,0,0,0,0,1.57781e+1,1.43700e+1,0,0,0,0,0,0,6.43973e+1
"Rest Central America","SLV","El Salvador",1.25492e-2,1.91167e-3,2.23471e-1,0,1.45063e-1,0,0,2.51208e-4,1.74626e+1,2.09450e-1,1.84869e-1,0,0,0,0,0,0,0,0,0,0,0,0,0,0,0,0,0,0,0,0,0,0,5.70034e+1,2.02966e+0,3.25677e+0,0,0,0,0,1.25033e-1,1.42747e+0,0,0,0,0,0,0,0,7.50004e+0,1.69529e+1,0,0,0,0,0,0,1.06535e+2
"Rest Central America","TCA","Turks and Caicos Islands",2.09970e-4,0,9.16050e-4,0,0,0,0,0,4.04000e-5,2.52050e-3,0,0,0,0,0,0,0,0,0,0,0,0,0,0,0,0,0,0,0,0,0,0,0,0,0,0,0,0,0,0,0,0,0,0,0,0,0,0,0,3.31724e-2,2.61394e-2,0,0,0,0,0,0,6.29987e-2
"Rest Central America","TTO","Trinidad and Tobago",7.21079e-2,7.30430e-2,6.74075e-3,0,2.77644e-1,0,0,0,9.52485e-1,1.36995e-1,7.14537e+1,0,0,0,0,0,3.18801e-1,0,0,0,0,0,0,0,0,0,0,0,0,0,0,0,0,4.92875e+0,2.00320e-1,1.55902e+0,0,0,0,0,0,5.31721e-1,0,0,0,0,0,0,0,5.41625e+0,6.24181e+0,0,0,0,0,0,0,9.21694e+1
"Rest Central America","VCT","Saint Vincent and the Grenadines",2.94753e-3,0,1.22408e-2,0,8.11271e-4,0,0,0,2.64232e-2,2.54535e-2,1.01451e-2,0,0,0,0,0,0,0,0,0,0,0,0,0,0,0,0,0,0,0,0,0,0,4.80686e-1,1.55385e-2,0,0,0,0,0,0,1.43600e-2,0,0,0,0,0,0,0,1.37296e-1,4.27723e-1,0,0,0,0,0,0,1.15363e+0
"Rest Central America","VGB","Virgin Islands_British",3.87372e-4,0,1.34702e-3,0,6.80036e-4,0,0,0,2.59559e-3,1.56200e-3,5.98294e-3,0,0,0,0,0,0,0,0,0,0,0,0,0,0,0,0,0,0,0,0,0,0,4.46456e-1,3.06965e-2,0,0,0,0,0,0,0,0,0,0,0,0,0,0,5.37074e-2,4.79534e-2,0,0,0,0,0,0,5.91368e-1
"Rest Central America","VIR","Virgin Islands_USA",0,0,0,0,0,0,0,0,0,0,0,0,0,0,0,0,0,0,0,0,0,0,0,0,0,0,0,0,0,0,0,0,0,6.14600e-2,1.14515e-2,0,0,0,0,0,0,7.56921e-2,0,0,0,0,0,0,0,5.22051e-1,3.71848e-1,0,0,0,0,0,0,1.04250e+0
"Brazil","BRA","Brazil",2.62084e-1,3.07742e-1,1.12971e+1,2.77585e-2,1.67705e+1,1.01480e-1,4.98522e-1,0,2.86021e+2,5.89279e+2,5.74558e+1,0,0,0,0,0,7.91009e-1,3.57782e+0,0,0,0,0,0,0,0,0,0,0,0,0,0,0,0,5.61068e+3,1.64118e+2,5.88031e+2,0,0,0,0,4.45320e+2,6.82719e+1,1.67822e+3,1.01150e+0,0,0,0,0,0,2.33324e+2,8.43528e+2,3.50568e+0,0,0,0,0,0,1.06024e+4
"Rest South America","ARG","Argentina",3.28008e-1,1.99691e-1,2.06707e+0,1.03623e-2,4.56809e+0,5.02416e-4,1.75552e-1,1.88406e-2,5.14219e+0,3.73585e+1,2.78742e+2,0,0,0,0,0,1.78710e-1,3.28149e-1,0,0,0,0,0,0,0,0,0,0,0,0,0,0,0,3.64660e+3,7.14670e+1,1.78255e+1,0,0,0,0,1.20017e+1,2.12909e+1,3.68668e+1,7.94088e+1,0,0,0,0,0,8.21350e+1,1.73813e+2,0,0,0,0,0,0,4.47052e+3
"Rest South America","BOL","Bolivia",1.72077e-2,1.03833e-2,1.28786e-1,1.29791e-3,3.12490e-1,0,0,0,4.26402e+0,6.28350e-1,8.75822e+1,0,0,0,0,0,0,0,0,0,0,0,0,0,0,0,0,0,0,0,0,0,0,2.25159e+2,7.04901e+0,1.44146e+1,0,0,0,0,1.29473e+2,1.33054e+0,2.80847e+2,0,0,0,0,0,0,5.56968e+0,2.19431e+1,0,0,0,0,0,0,7.78730e+2
"Rest South America","BVT","Bouvet Island",0,0,0,0,0,0,0,0,0,0,0,0,0,0,0,0,0,0,0,0,0,0,0,0,0,0,0,0,0,0,0,0,0,0,0,0,0,0,0,0,0,0,0,0,0,0,0,0,0,0,0,0,0,0,0,0,0,0,
"Rest South America","CHL","Chile",4.53081e-2,7.45013e-2,6.09828e-1,0,8.76770e-1,1.32952e-2,2.43253e-2,0,1.49923e+1,4.28248e+1,1.36166e+2,0,0,0,0,0,0,7.18538e-2,0,0,0,0,0,0,0,0,0,0,0,0,0,0,0,2.82351e+2,5.80795e+0,4.41302e+0,0,0,0,0,0,1.49085e+0,1.90459e+0,4.31928e+0,0,0,0,0,0,1.88522e+1,8.88901e+1,0,0,0,0,0,0,6.03727e+2
"Rest South America","COL","Colombia",1.24792e-1,8.07025e-2,1.23538e+0,0,2.80804e+0,5.97874e-3,7.32690e-3,0,4.86353e+1,3.33767e+1,1.14517e+2,0,0,0,0,0,1.02928e-2,2.52000e-2,0,0,0,0,0,0,0,0,0,0,0,0,0,0,0,1.33037e+3,3.19531e+1,1.40917e+2,0,0,0,0,2.14212e+1,8.47177e+0,9.73896e+1,0,0,0,0,0,0,2.96247e+1,1.15961e+2,0,0,0,0,0,0,1.97694e+3
"Rest South America","ECU","Ecuador",1.22518e-2,2.67653e-2,2.41620e-1,0,6.40710e-1,0,0,3.31595e-2,1.54315e+1,1.77025e+1,3.78188e+1,0,0,0,0,0,3.69000e-5,0,0,0,0,0,0,0,0,0,0,0,0,0,0,0,0,1.62761e+2,6.54347e+0,5.20678e+1,0,0,0,0,1.09802e+0,3.01321e+0,1.00144e+0,0,0,0,0,0,0,5.68500e+0,3.05941e+1,0,0,0,0,0,0,3.34672e+2
"Rest South America","FLK","Falkland Islands (Malvinas)",1.33698e-4,0,2.29758e-4,0,1.03120e-4,0,0,0,1.59161e-3,7.34850e-3,2.98213e-3,0,0,0,0,0,0,0,0,0,0,0,0,0,0,0,0,0,0,0,0,0,0,3.92285e+0,7.68849e-2,0,0,0,0,0,0,0,0,0,0,0,0,0,0,8.02625e-3,9.09182e-3,2.93903e-5,0,0,0,0,0,4.02927e+0
"Rest South America","GUF","French Guiana",2.37494e-3,0,8.39107e-3,0,2.95703e-3,0,0,0,1.06833e-1,9.94000e-2,9.39908e-2,0,0,0,0,0,0,0,0,0,0,0,0,0,0,0,0,0,0,0,0,0,0,1.03683e-1,9.74250e-3,1.92708e-2,0,0,0,0,0,3.17977e-3,6.33284e-1,0,0,0,0,0,0,3.45270e-1,2.70511e-1,1.29245e-3,0,0,0,0,0,1.70018e+0
"Rest South America","GUY","Guyana",2.42143e-2,0,9.30477e-2,0,1.79762e-2,0,0,0,3.00150e+0,2.05900e-3,3.66055e-1,0,0,0,0,0,0,0,0,0,0,0,0,0,0,0,0,0,0,0,0,0,0,1.49685e+1,6.54865e-1,5.70829e+1,0,0,0,0,2.88360e+0,1.37100e+0,1.64506e+1,0,0,0,0,0,0,9.63152e-1,3.77589e+0,3.51109e-3,0,0,0,0,0,1.01659e+2
"Rest South America","PER","Peru",1.29041e-1,5.90704e-2,6.74452e-1,2.51208e-4,1.59744e+0,0,3.69276e-2,0,3.55677e+1,1.90586e+1,5.56222e+1,0,0,0,0,0,2.70000e-4,2.11911e-1,0,0,0,0,0,0,0,0,0,0,0,0,0,0,0,3.04350e+2,9.77211e+0,5.56974e+1,0,0,0,0,8.40576e-1,4.14720e+0,3.56946e+1,0,0,0,0,0,0,2.10143e+1,7.54852e+1,0,0,0,0,0,0,6.19960e+2
"Rest South America","PRY","Paraguay",3.78067e-2,1.13043e-3,3.87865e-1,0,7.72651e-2,1.50725e-2,1.17230e-3,0,1.15718e+1,7.01658e+0,5.48638e-2,0,0,0,0,0,0,0,0,0,0,0,0,0,0,0,0,0,0,0,0,0,0,3.06241e+2,6.85012e+0,4.74063e+0,0,0,0,0,6.52824e+1,8.89905e-1,7.11296e+1,7.55760e+0,0,0,0,0,0,5.11627e+0,1.20828e+1,0,0,0,0,0,0,4.99054e+2
"Rest South America","SGS","South Georgia and the South Sandwich Islands",0,0,0,0,0,0,0,0,0,0,0,0,0,0,0,0,0,0,0,0,0,0,0,0,0,0,0,0,0,0,0,0,0,0,0,0,0,0,0,0,0,0,0,0,0,0,0,0,0,0,0,0,0,0,0,0,0,0,
"Rest South America","SUR","Suriname",1.49123e-2,0,4.38748e-2,0,2.16588e-2,0,0,0,3.09439e-1,7.98324e-1,6.45649e-1,0,0,0,0,0,0,0,0,0,0,0,0,0,0,0,0,0,0,0,0,0,0,1.45611e+0,1.48557e-1,2.37812e+1,0,0,0,0,0,1.79019e-1,1.26970e+1,0,0,0,0,0,0,9.75082e-1,1.89980e+0,3.54398e-3,0,0,0,0,0,4.29742e+1
"Rest South America","URY","Uruguay",7.99454e-3,2.24083e-3,1.52358e-1,5.65217e-4,2.43505e-1,0,0,7.91304e-3,4.32157e+0,1.04725e-1,4.99743e-1,0,0,0,0,0,0,7.68863e-4,0,0,0,0,0,0,0,0,0,0,0,0,0,0,0,7.46150e+2,1.50937e+1,2.32624e+1,0,0,0,0,0,1.02259e+0,0,0,0,0,0,0,0,1.18881e+1,1.45850e+1,0,0,0,0,0,0,8.17344e+2
"Rest South America","VEN","Venezuela",1.98617e-1,5.54919e-1,6.81107e-1,0,5.31524e+0,3.45767e-2,0,7.41063e-3,5.19329e+0,2.29936e+0,6.34422e+2,0,0,0,0,0,2.16670e-1,2.25940e-1,0,0,0,0,0,0,0,0,0,0,0,0,0,0,0,5.53282e+2,1.60607e+1,2.19687e+1,0,0,0,0,3.24864e+1,2.48460e+0,6.83468e+1,0,0,0,0,0,0,4.04467e+1,7.46777e+1,0,0,0,0,0,0,1.45890e+3
"Northern_Africa","DZA","Algeria",5.26854e-2,1.58584e-1,5.94525e-2,0,7.49542e-1,9.03513e-3,9.37844e-3,0,1.43478e+1,2.28355e+1,7.12842e+2,0,0,0,0,0,8.16950e-2,5.90800e-2,0,0,0,0,0,0,0,0,0,0,0,0,0,0,0,1.14938e+2,4.45922e+0,1.13104e-1,0,0,0,0,0,1.12287e-1,0,0,0,0,0,0,0,2.04678e+1,5.68921e+1,0,0,0,0,0,0,9.48187e+2
"Northern_Africa","EGY","Egypt",3.78571e-4,2.59194e-2,8.11570e-1,1.73752e-3,7.67648e-1,0,1.52399e-2,2.39904e-2,4.10091e+1,9.10311e+1,2.00679e+2,0,0,0,0,0,1.65000e-3,1.58173e-1,0,0,0,0,0,0,0,0,0,0,0,0,0,0,0,2.39934e+2,7.12293e+0,2.25093e+2,0,0,0,0,0,2.54251e-1,0,0,0,0,0,0,0,4.62531e+1,1.46490e+2,0,0,0,0,0,0,9.99673e+2
"Northern_Africa","ESH","Western Sahara",6.77475e-5,3.52507e-5,2.21910e-5,5.06720e-5,3.31751e-3,3.19550e-6,0,0,1.06902e-2,0,2.06918e-3,0,0,0,0,0,0,0,0,0,0,0,0,0,0,0,0,0,0,0,0,0,0,7.02642e+0,2.13825e-1,0,0,0,0,0,0,3.79620e-5,0,0,0,0,0,0,0,5.84474e-2,3.17270e-1,0,0,0,0,0,0,7.63226e+0
"Northern_Africa","LBY","Libyan Arab Jamahiriya",5.08473e-2,9.18348e-2,2.41997e-2,4.18681e-5,6.98916e-1,0,0,0,1.80946e+0,1.97753e+0,6.32495e+2,0,0,0,0,0,6.45150e-1,0,0,0,0,0,0,0,0,0,0,0,0,0,0,0,0,4.08812e+1,1.40690e+0,0,0,0,0,0,0,1.36005e-2,0,0,0,0,0,0,0,5.85451e+0,1.11966e+1,0,0,0,0,0,0,6.97146e+2
"Northern_Africa","MAR","Morocco",1.70282e-2,1.54912e-3,1.21208e-1,0,4.26820e-1,2.43253e-3,1.55330e-2,0,2.17452e+1,1.23143e+1,8.08397e+0,0,0,0,0,0,0,0,0,0,0,0,0,0,0,0,0,0,0,0,0,0,0,2.57527e+2,9.10334e+0,1.20904e+0,0,0,0,0,0,1.64007e-1,0,0,0,0,0,0,0,1.65876e+1,7.00734e+1,0,0,0,0,0,0,3.97393e+2
"Northern_Africa","TUN","Tunisia",2.41933e-2,3.41242e-3,5.23768e-2,0,1.66852e-1,3.47504e-3,9.96457e-3,0,5.28731e+0,7.74965e+0,1.92903e+1,0,0,0,0,0,0,1.34400e-2,0,0,0,0,0,0,0,0,0,0,0,0,0,0,0,8.19636e+1,2.95685e+0,0,0,0,0,0,0,5.49539e-2,0,0,0,0,0,0,0,8.32761e+0,2.30932e+1,0,0,0,0,0,0,1.48997e+2
"Western_Africa","BEN","Benin",2.51208e-4,0,8.79228e-4,0,7.63489e-2,0,0,0,1.78213e+1,1.05772e+1,0,0,0,0,0,0,0,0,0,0,0,0,0,0,0,0,0,0,0,0,0,0,0,3.00017e+1,1.69563e+0,1.42354e+0,0,0,0,0,2.30640e+1,2.07497e-1,5.20635e+1,0,0,0,0,0,0,1.06860e+0,1.39543e+1,0,0,0,0,0,0,1.51955e+2
"Western_Africa","BFA","Burkina Faso",7.38819e-5,3.14108e-5,2.09184e-4,2.40877e-4,2.66020e-2,3.48600e-6,0,0,2.67333e+1,2.21353e+1,5.70526e-3,0,0,0,0,0,0,0,0,0,0,0,0,0,0,0,0,0,0,0,0,0,0,9.63886e+1,4.15987e+0,8.05376e+0,0,0,0,0,2.17243e+1,6.29471e-1,0,0,0,0,0,0,0,7.85363e-1,2.36001e+1,0,0,0,0,0,0,2.04243e+2
"Western_Africa","CAF","Central African Republic",2.93586e-5,5.32190e-6,9.24000e-6,2.03186e-4,6.95326e-3,1.38610e-6,0,0,7.99939e+0,2.31091e+0,1.89841e-3,0,0,0,0,0,0,0,0,0,0,0,0,0,0,0,0,0,0,0,0,0,0,3.36092e+1,1.17879e+0,2.51558e+0,0,0,0,0,7.94088e+2,1.63674e-1,2.18205e+2,0,0,0,0,0,0,2.66196e+0,9.17128e+0,0,0,0,0,0,0,1.07191e+3
"Western_Africa","CIV","Cote d'Ivoire",3.43665e-3,1.50671e-3,3.91048e-2,0,2.59712e-1,2.43253e-3,8.20613e-3,0,2.51082e+1,3.30931e+1,4.90438e-1,0,0,0,0,0,0,0,0,0,0,0,0,0,0,0,0,0,0,0,0,0,0,2.60566e+1,1.27228e+0,2.14168e+1,0,0,0,0,1.28465e+1,7.13904e-1,1.77337e+2,0,0,0,0,0,0,7.97980e+0,2.58312e+1,0,0,0,0,0,0,3.32460e+2
"Western_Africa","CMR","Cameroon",1.75846e-3,0,3.89373e-3,0,1.99636e-1,0,0,0,2.38944e+1,5.55043e+0,1.47000e-1,0,0,0,0,0,0,0,0,0,0,0,0,0,0,0,0,0,0,0,0,0,0,1.10393e+2,4.07451e+0,4.62165e+0,0,0,0,0,8.37936e+1,5.86180e-1,8.59044e+1,0,0,0,0,0,0,6.45517e+0,3.36373e+1,0,0,0,0,0,0,3.59263e+2
"Western_Africa","COD","Congo_the Democratic Republic of the",0,1.50725e-3,7.49856e-2,0,2.18657e-1,0,0,0,9.74092e+1,7.62892e+0,5.05382e-1,0,0,0,0,0,0,0,0,0,0,0,0,0,0,0,0,0,0,0,0,0,0,2.67838e+0,1.30105e-1,5.22617e+1,0,0,0,0,8.10912e+2,2.41930e+0,2.06591e+3,0,0,0,0,0,0,3.16861e+1,9.61734e+1,0,0,0,0,0,0,3.16801e+3
"Western_Africa","COG","Congo",1.59098e-3,0,3.89373e-3,4.81481e-4,5.94239e-2,0,0,0,3.39536e+0,1.34048e+1,6.59916e+1,0,0,0,0,0,0,0,0,0,0,0,0,0,0,0,0,0,0,0,0,0,0,5.74445e+1,2.58748e+0,7.41024e-1,0,0,0,0,1.78411e+1,1.49199e-1,8.65776e+1,0,0,0,0,0,0,1.42914e+0,6.21618e+0,0,0,0,0,0,0,2.55843e+2
"Western_Africa","CPV","Cape Verde",1.14992e-4,4.63220e-6,3.50190e-5,1.80460e-4,1.28566e-2,5.42820e-6,0,0,1.88143e-2,8.73300e-3,3.97610e-3,0,0,0,0,0,0,0,0,0,0,0,0,0,0,0,0,0,0,0,0,0,0,7.04231e-1,9.07474e-2,0,0,0,0,0,0,4.03306e-3,0,0,0,0,0,0,0,1.85279e-1,1.12019e+0,0,0,0,0,0,0,2.14920e+0
"Western_Africa","GAB","Gabon",3.14010e-3,0,2.26087e-2,0,1.68013e-2,0,0,0,1.27462e+0,4.52945e-1,1.11527e+2,0,0,0,0,0,0,0,0,0,0,0,0,0,0,0,0,0,0,0,0,0,0,7.04210e-1,1.59158e-1,4.87516e-2,0,0,0,0,4.10424e-1,1.86655e-2,7.07336e+0,0,0,0,0,0,0,1.30914e+0,2.97730e+0,0,0,0,0,0,0,1.25998e+2
"Western_Africa","GHA","Ghana",1.25604e-3,2.13527e-3,2.75533e-1,0,4.10871e-1,1.73752e-3,3.51691e-3,0,3.29148e+1,2.23064e+1,3.46703e-1,0,0,0,0,0,0,0,0,0,0,0,0,0,0,0,0,0,0,0,0,0,0,4.67553e+1,2.42112e+0,1.53080e+1,0,0,0,0,5.84760e+1,4.79514e-1,1.74039e+1,0,0,0,0,0,0,1.11263e+1,4.19125e+1,0,0,0,0,0,0,2.50146e+2
"Western_Africa","GIN","Guinea",1.75626e-4,4.61805e-4,1.34499e-4,4.98162e-4,5.17092e-2,5.51950e-6,0,0,3.03435e+1,1.21340e+1,1.06444e-2,0,0,0,0,0,0,0,0,0,0,0,0,0,0,0,0,0,0,0,0,0,0,5.01455e+1,1.77713e+0,8.75257e+1,0,0,0,0,5.00064e+1,5.20390e-1,6.54670e+1,0,0,0,0,0,0,2.42202e+0,1.83609e+1,0,0,0,0,0,0,3.18766e+2
"Western_Africa","GMB","Gambia",5.79378e-5,1.36990e-6,1.20000e-5,9.36234e-5,1.79994e-2,2.73485e-6,0,0,1.06633e+0,1.73329e+0,2.12403e-3,0,0,0,0,0,0,0,0,0,0,0,0,0,0,0,0,0,0,0,0,0,0,1.08006e+1,3.95900e-1,4.34864e+0,0,0,0,0,2.62944e+0,3.32507e-2,0,0,0,0,0,0,0,3.27715e-1,1.97879e+0,0,0,0,0,0,0,2.33343e+1
"Western_Africa","GNB","Guinea-Bissau",1.88262e-5,1.62659e-5,2.19120e-5,3.88680e-5,4.45961e-3,8.88100e-7,0,0,1.51951e+0,1.09340e-1,1.13721e-3,0,0,0,0,0,0,0,0,0,0,0,0,0,0,0,0,0,0,0,0,0,0,9.73331e+0,5.29230e-1,1.46255e+1,0,0,0,0,4.62744e+0,8.52554e-2,0,0,0,0,0,0,0,3.09015e-1,2.78655e+0,0,0,0,0,0,0,3.43308e+1
"Western_Africa","GNQ","Equatorial Guinea",1.27341e-5,0,7.76100e-6,6.39155e-5,2.88102e-3,1.33215e-6,0,0,1.34774e+0,2.47577e-1,4.45257e-1,0,0,0,0,0,0,0,0,0,0,0,0,0,0,0,0,0,0,0,0,0,0,3.24200e-1,1.73880e-2,0,0,0,0,0,0,5.98889e-3,0,0,0,0,0,0,0,2.77194e-1,1.17324e+0,0,0,0,0,0,0,3.84155e+0
"Western_Africa","LBR","Liberia",6.43563e-4,7.21440e-4,2.96817e-4,7.76186e-4,1.12013e-1,2.02313e-5,0,0,5.27909e+0,4.92250e+0,2.47607e-2,0,0,0,0,0,0,0,0,0,0,0,0,0,0,0,0,0,0,0,0,0,0,2.91950e+0,2.23441e-1,3.83910e+0,0,0,0,0,6.32664e-1,2.09587e-1,5.28408e-2,0,0,0,0,0,0,1.29432e+0,6.46992e+0,0,0,0,0,0,0,2.59822e+1
"Western_Africa","MLI","Mali",1.32198e-4,1.75389e-5,3.14460e-5,2.40771e-4,4.95665e-2,6.23745e-6,0,0,1.13379e+1,4.30892e+0,5.76689e-3,0,0,0,0,0,0,0,0,0,0,0,0,0,0,0,0,0,0,0,0,0,0,1.91947e+2,7.46499e+0,4.29014e+1,0,0,0,0,3.24528e+1,4.69675e-1,2.07046e+1,0,0,0,0,0,0,1.72253e+0,2.49152e+1,0,0,0,0,0,0,3.38281e+2
"Western_Africa","MRT","Mauritania",1.21807e-4,2.61819e-4,2.64701e-4,2.90094e-4,4.48574e-2,3.81800e-6,0,0,3.18455e+0,4.45823e+0,8.01959e-3,0,0,0,0,0,0,0,0,0,0,0,0,0,0,0,0,0,0,0,0,0,0,9.85201e+1,4.44826e+0,2.02807e-1,0,0,0,0,4.80720e-3,5.34282e-2,0,0,0,0,0,0,0,4.59015e-1,6.23371e+0,0,0,0,0,0,0,1.17619e+2
"Western_Africa","NER","Niger",3.80844e-4,4.05630e-5,6.01782e-4,1.13752e-4,2.83297e-2,1.19437e-5,0,0,1.30257e+1,1.56513e+1,7.60527e-3,0,0,0,0,0,0,0,0,0,0,0,0,0,0,0,0,0,0,0,0,0,0,1.34888e+2,5.79033e+0,3.35410e+0,0,0,0,0,6.97272e-1,4.99345e-1,0,0,0,0,0,0,0,9.62456e-1,2.04607e+1,0,0,0,0,0,0,1.95366e+2
"Western_Africa","NGA","Nigeria",4.95894e-2,3.16872e-2,9.13141e-2,0,1.23424e+0,5.22094e-3,1.87568e-2,0,1.44872e+2,4.88721e+1,1.22118e+3,0,0,0,0,0,0,0,0,0,0,0,0,0,0,0,0,0,0,0,0,0,0,5.62353e+2,1.67135e+1,5.07531e+1,0,0,0,0,7.78056e+1,3.57378e+0,1.14498e+1,0,0,0,0,0,0,2.07054e+1,2.32082e+2,0,0,0,0,0,0,2.39179e+3
"Western_Africa","SEN","Senegal",0,1.24510e-3,1.32533e-2,0,1.04189e-1,8.68761e-4,9.67154e-3,0,1.34761e+1,2.92183e+1,1.80397e-1,0,0,0,0,0,0,0,0,0,0,0,0,0,0,0,0,0,0,0,0,0,0,9.74862e+1,4.01492e+0,1.69850e+1,0,0,0,0,1.97093e+1,1.99745e-1,0,0,0,0,0,0,0,5.43760e+0,2.18444e+1,0,0,0,0,0,0,2.08681e+2
"Western_Africa","SHN","Saint Helena",6.49620e-6,9.04700e-7,2.54700e-6,1.22700e-6,0,4.98000e-8,1.68000e-7,0,7.40932e-5,0,0,0,0,0,0,0,0,0,0,0,0,0,0,0,0,0,0,0,0,0,0,0,0,5.74190e-2,5.43251e-3,0,0,0,0,0,0,0,0,0,0,0,0,0,0,3.81138e-3,2.28694e-2,0,0,0,0,0,0,8.96178e-2
"Western_Africa","SLE","Sierra Leone",2.82135e-4,2.52144e-4,1.97985e-4,2.60949e-4,1.84449e-2,8.86855e-6,0,0,1.81560e+1,1.27019e+1,9.43911e-3,0,0,0,0,0,0,0,0,0,0,0,0,0,0,0,0,0,0,0,0,0,0,1.09855e+1,4.77864e-1,4.71010e+1,0,0,0,0,1.16909e+1,4.35241e-1,6.27898e+0,0,0,0,0,0,0,1.83748e+0,1.27680e+1,0,0,0,0,0,0,1.22462e+2
"Western_Africa","STP","Sao Tome and Principe",1.73007e-5,0,4.89600e-6,1.41745e-5,1.79092e-3,8.13400e-7,0,0,6.80309e-3,3.17335e-1,4.37296e-4,0,0,0,0,0,0,0,0,0,0,0,0,0,0,0,0,0,0,0,0,0,0,1.10033e-1,1.65662e-2,0,0,0,0,0,0,3.41018e-3,0,0,0,0,0,0,0,9.88138e-2,3.31188e-1,0,0,0,0,0,0,8.86415e-1
"Western_Africa","TCD","Chad",8.39133e-5,0,6.21180e-5,4.53790e-5,7.15497e-3,3.95910e-6,0,0,1.28527e+1,1.60864e+1,3.77680e-3,0,0,0,0,0,0,0,0,0,0,0,0,0,0,0,0,0,0,0,0,0,0,1.57345e+2,6.25930e+0,7.93676e+0,0,0,0,0,9.92016e+1,3.06280e-1,0,0,0,0,0,0,0,1.11182e+0,1.74939e+1,0,0,0,0,0,0,3.18605e+2
"Western_Africa","TGO","Togo",1.88406e-3,0,0,0,4.30082e-2,0,0,0,1.39971e+1,1.38237e+1,0,0,0,0,0,0,0,0,0,0,0,0,0,0,0,0,0,0,0,0,0,0,0,1.52848e+1,9.42645e-1,2.10607e+0,0,0,0,0,2.32018e+1,1.05355e-1,1.01096e+1,0,0,0,0,0,0,9.98483e-1,9.19668e+0,0,0,0,0,0,0,8.98110e+1
"Eastern_Africa","BDI","Burundi",1.51725e-5,5.89380e-6,4.23270e-5,3.40030e-5,7.95589e-3,7.13800e-7,0,0,1.44519e+1,1.25194e+1,1.33272e-3,0,0,0,0,0,0,0,0,0,0,0,0,0,0,0,0,0,0,0,0,0,0,3.16788e+1,1.02601e+0,5.79168e-1,0,0,0,0,0,2.89658e-1,0,0,0,0,0,0,0,1.67613e-1,1.55258e+1,0,0,0,0,0,0,7.62477e+1
"Eastern_Africa","COM","Comoros",6.26220e-6,0,1.18560e-5,4.47610e-5,2.38946e-3,6.55700e-7,0,0,1.48075e-2,1.04934e+0,5.69651e-4,0,0,0,0,0,0,0,0,0,0,0,0,0,0,0,0,0,0,0,0,0,0,2.73490e+0,1.46599e-1,1.85256e+0,0,0,0,0,0,8.12056e-3,0,0,0,0,0,0,0,1.92317e-1,1.27817e+0,0,0,0,0,0,0,7.27984e+0
"Eastern_Africa","DJI","Djibouti",1.85836e-4,7.57638e-4,1.86039e-4,2.40531e-4,1.34254e-2,8.77310e-6,0,0,1.10581e-1,7.20721e-1,1.87459e-2,0,0,0,0,0,0,0,0,0,0,0,0,0,0,0,0,0,0,0,0,0,0,6.53050e+0,2.90760e-1,0,0,0,0,0,0,0,0,0,0,0,0,0,0,2.91251e-1,9.22020e-1,0,0,0,0,0,0,8.89938e+0
"Eastern_Africa","ERI","Eritrea",5.63783e-4,5.48090e-4,9.18987e-4,0,1.00886e-2,0,0,0,5.90976e+0,6.07142e+0,8.26639e-2,0,0,0,0,0,0,0,0,0,0,0,0,0,0,0,0,0,0,0,0,0,0,5.92390e+1,2.15054e+0,0,0,0,0,0,1.44612e+0,9.00300e-2,0,0,0,0,0,0,0,3.74745e-1,8.18677e+0,0,0,0,0,0,0,8.35632e+1
"Eastern_Africa","ETH","Ethiopia",3.38233e-3,2.05533e-4,7.87329e-3,0,9.19595e-2,0,0,0,9.63097e+1,7.74965e+0,5.74087e-2,0,0,0,0,0,0,0,0,0,0,0,0,0,0,0,0,0,0,0,0,0,0,1.03142e+3,4.16917e+1,0,0,0,0,0,1.54613e+2,4.33146e+0,0,0,0,0,0,0,0,4.60586e+0,1.30674e+2,0,0,0,0,0,0,1.47155e+3
"Eastern_Africa","KEN","Kenya",7.06235e-4,3.46355e-3,2.95169e-2,6.40581e-3,2.39693e-1,2.21711e-2,2.63769e-3,0,4.04766e+1,1.11113e+2,7.45429e-1,0,0,0,0,0,0,0,0,0,0,0,0,0,0,0,0,0,0,0,0,0,0,4.04946e+2,1.27874e+1,1.23049e+0,0,0,0,0,2.63808e+0,7.10831e-1,0,0,0,0,0,0,0,2.07856e+0,5.19018e+1,0,0,0,0,0,0,6.28933e+2
"Eastern_Africa","MDG","Madagascar",3.98321e-4,1.10432e-4,4.23478e-4,9.06187e-4,7.98967e-2,1.87829e-5,0,0,1.19698e+1,1.84859e+0,1.52529e-2,0,0,0,0,0,0,0,0,0,0,0,0,0,0,0,0,0,0,0,0,0,0,3.05936e+2,1.02026e+1,2.11748e+2,0,0,0,0,5.21784e+1,7.36834e-1,3.37409e+1,9.10368e-2,0,0,0,0,0,2.88810e+0,3.21431e+1,0,0,0,0,0,0,6.63580e+2
"Eastern_Africa","MUS","Mauritius",2.05795e-4,2.08493e-4,1.06587e-4,1.18008e-4,2.12105e-2,9.71100e-6,0,0,2.48296e-1,1.04725e-1,1.13009e-2,0,0,0,0,0,0,0,0,0,0,0,0,0,0,0,0,0,0,0,0,0,0,1.63107e+0,6.71730e-2,4.75816e-2,0,0,0,0,0,8.57582e-2,0,0,0,0,0,0,0,1.60203e+0,4.03659e+0,0,0,0,0,0,0,7.85639e+0
"Eastern_Africa","MYT","Mayotte",0,0,0,0,0,0,0,0,0,0,0,0,0,0,0,0,0,0,0,0,0,0,0,0,0,0,0,0,0,0,0,0,0,0,0,0,0,0,0,0,0,0,0,0,0,0,0,0,0,1.06198e-1,3.55666e-1,0,0,0,0,0,0,4.61864e-1
"Eastern_Africa","REU","Reunion",1.29786e-4,5.82084e-5,1.16265e-4,3.41229e-4,2.60215e-2,6.12540e-6,0,0,1.78277e-1,0,8.14420e-3,0,0,0,0,0,0,0,0,0,0,0,0,0,0,0,0,0,0,0,0,0,0,1.08508e+0,1.52489e-1,0,0,0,0,0,0,4.14127e-2,0,0,0,0,0,0,0,1.35509e+0,1.81577e+0,0,0,0,0,0,0,4.66293e+0
"Eastern_Africa","RWA","Rwanda",4.70568e-5,1.02391e-5,5.46780e-5,6.88715e-5,7.92713e-3,2.22025e-6,0,0,1.76850e+1,1.62200e+0,2.08207e-3,0,0,0,0,0,0,0,0,0,0,0,0,0,0,0,0,0,0,0,0,0,0,2.51800e+1,9.19860e-1,2.02807e-1,0,0,0,0,1.81457e+0,3.26011e-1,0,0,0,0,0,0,0,2.01952e-1,1.64583e+1,0,0,0,0,0,0,6.44207e+1
"Eastern_Africa","SDN","Sudan",4.21302e-4,2.51208e-4,2.86377e-2,0,2.20775e-1,0,0,0,4.46028e+1,1.46301e+2,1.12057e+0,0,0,0,0,0,0,0,0,0,0,0,0,0,0,0,0,0,0,0,0,0,0,8.54496e+2,2.82038e+1,1.41185e+0,0,0,0,0,4.07616e+2,1.00617e+0,0,0,0,0,0,0,0,1.13548e+1,6.94281e+1,0,0,0,0,0,0,1.56579e+3
"Eastern_Africa","SOM","Somalia",1.24022e-4,2.82496e-5,1.89474e-4,7.84081e-4,5.83696e-2,1.29936e-5,0,0,1.40822e+1,2.48818e+1,1.50063e-2,0,0,0,0,0,0,0,0,0,0,0,0,0,0,0,0,0,0,0,0,0,0,4.12340e+2,1.83667e+1,3.12009e-1,0,0,0,0,4.57272e-3,1.26452e-1,0,0,0,0,0,0,0,1.84999e+0,1.71532e+1,0,0,0,0,0,0,4.89192e+2
"Eastern_Africa","SYC","Seychelles",1.06263e-4,3.68011e-5,2.54580e-5,2.89999e-8,2.40322e-3,5.01320e-6,0,0,1.42784e-2,0,2.81458e-3,0,0,0,0,0,0,0,0,0,0,0,0,0,0,0,0,0,0,0,0,0,0,1.18667e-1,3.77957e-2,0,0,0,0,0,0,6.89761e-6,0,0,0,0,0,0,0,9.92735e-2,2.65626e-1,0,0,0,0,0,0,5.41039e-1
"Eastern_Africa","UGA","Uganda",2.19409e-4,5.20277e-5,5.00610e-5,3.30829e-4,4.79624e-2,1.03584e-5,0,0,7.62234e+1,3.54738e+1,9.58013e-3,0,0,0,0,0,0,0,0,0,0,0,0,0,0,0,0,0,0,0,0,0,0,1.95111e+2,5.70173e+0,3.49061e+0,0,0,0,0,7.29552e+1,1.67800e+0,0,0,0,0,0,0,0,1.40997e+0,3.92456e+1,0,0,0,0,0,0,4.31347e+2
"Southern_Africa","AGO","Angola",5.27537e-4,2.30274e-3,9.29470e-3,0,1.24293e-1,0,0,0,6.34331e+0,5.27814e+1,2.20049e+2,0,0,0,0,0,0,0,0,0,0,0,0,0,0,0,0,0,0,0,0,0,0,1.14290e+2,3.68764e+0,2.92509e+0,0,0,0,0,3.65280e+2,2.05693e-1,1.07080e+1,0,0,0,0,0,0,4.10124e+0,3.19413e+1,0,0,0,0,0,0,8.12449e+2
"Southern_Africa","BWA","Botswana",2.13199e-4,6.35700e-6,1.00850e-2,2.27114e-5,3.97037e-2,6.17520e-6,0,0,3.09960e+0,4.05351e+0,5.81098e-3,0,0,0,0,0,0,0,0,0,0,0,0,0,0,0,0,0,0,0,0,0,0,1.20919e+2,2.84298e+0,0,0,0,0,0,8.21880e+1,4.04280e-2,0,2.16422e+0,0,0,0,0,0,1.89298e-1,3.28375e+0,0,0,0,0,0,0,2.18836e+2
"Southern_Africa","LSO","Lesotho",3.18579e-5,1.94123e-5,8.43600e-6,1.90450e-4,1.39538e-2,1.50230e-6,0,0,5.69754e+0,4.56633e+0,1.92133e-3,0,0,0,0,0,0,0,0,0,0,0,0,0,0,0,0,0,0,0,0,0,0,3.38483e+1,7.15282e-1,0,0,0,0,0,0,4.68294e-2,0,1.37921e+0,0,0,0,0,0,1.60702e-1,4.77262e+0,0,0,0,0,0,0,5.12030e+1
"Southern_Africa","MOZ","Mozambique",0,1.47646e-3,1.29372e-1,0,9.07434e-2,0,0,0,3.37876e+1,4.16199e+1,1.10853e-1,0,0,0,0,0,0,0,0,0,0,0,0,0,0,0,0,0,0,0,0,0,0,5.48183e+1,1.96321e+0,1.46255e+1,0,0,0,0,1.99793e+2,1.02906e+0,2.50546e+1,3.59352e+0,0,0,0,0,0,1.62955e+0,4.27097e+1,0,0,0,0,0,0,4.20956e+2
"Southern_Africa","MWI","Malawi",1.43881e-4,1.36800e-6,1.82627e-3,2.12520e-4,4.19264e-2,6.65245e-6,0,0,1.76417e+1,1.85497e+1,5.74315e-3,0,0,0,0,0,0,0,0,0,0,0,0,0,0,0,0,0,0,0,0,0,0,2.76606e+1,1.08770e+0,7.80025e+0,0,0,0,0,3.84528e+1,8.40461e-1,0,0,0,0,0,0,0,5.71378e-1,2.18913e+1,0,0,0,0,0,0,1.34546e+2
"Southern_Africa","NAM","Namibia",9.13750e-4,0,1.54086e-4,0,1.07677e-1,0,0,0,1.30740e-1,1.93773e+0,0,0,0,0,0,0,0,0,0,0,0,0,0,0,0,0,0,0,0,0,0,0,0,1.16105e+2,2.92736e+0,0,0,0,0,0,2.10763e+1,4.59602e-2,0,0,0,0,0,0,0,8.46254e-1,3.00609e+0,0,0,0,0,0,0,1.46184e+2
"Southern_Africa","SWZ","Swaziland",4.77944e-5,6.48000e-7,4.80785e-3,8.42403e-5,2.26377e-2,4.17490e-6,0,0,2.17743e+0,1.53370e+0,3.87083e-3,0,0,0,0,0,0,0,0,0,0,0,0,0,0,0,0,0,0,0,0,0,0,3.08652e+1,7.16040e-1,3.13960e-1,0,0,0,0,0,5.63073e-2,0,0,0,0,0,0,0,2.06586e-1,1.19329e+1,0,0,0,0,0,0,4.78336e+1
"Southern_Africa","TZA","Tanzania_United Republic of",1.02995e-2,1.04670e-3,6.53140e-3,0,1.74597e-1,0,2.93076e-4,0,5.75485e+1,3.75963e+1,1.94321e-1,0,0,0,0,0,0,0,0,0,0,0,0,0,0,0,0,0,0,0,0,0,0,3.69092e+2,1.31542e+1,3.97813e+1,0,0,0,0,2.72208e+2,2.29696e+0,7.75200e+1,0,0,0,0,0,0,1.56374e+0,6.11851e+1,0,0,0,0,0,0,9.32333e+2
"Southern_Africa","ZAF","South Africa",7.65720e-1,9.04934e-2,5.52979e+0,5.12882e-3,4.83183e+0,2.10596e-1,0,0,6.13034e+1,4.23204e+2,5.06402e+0,0,0,0,0,0,5.32300e-2,6.59219e+0,0,0,0,0,0,0,0,0,0,0,0,0,0,0,0,8.16679e+2,1.99840e+1,2.53508e-1,0,0,0,0,1.11254e+1,2.33569e+0,4.53341e+0,9.49394e+1,0,0,0,0,0,1.00444e+2,1.42074e+2,0,0,0,0,0,0,1.70002e+3
"Southern_Africa","ZMB","Zambia",4.68084e-3,3.89372e-3,2.12780e-1,0,2.23064e-1,1.98873e-3,5.86152e-4,0,1.42291e+1,3.94516e+1,2.20492e-1,0,0,0,0,0,0,0,0,0,0,0,0,0,0,0,0,0,0,0,0,0,0,6.96899e+1,2.37174e+0,3.29561e-1,0,0,0,0,5.41296e+2,3.11577e-1,2.41339e+2,0,0,0,0,0,0,3.28388e+0,2.03427e+1,0,0,0,0,0,0,9.33312e+2
"Southern_Africa","ZWE","Zimbabwe",6.42548e-3,0,1.92007e-1,0,3.23202e-1,2.97012e-2,0,0,1.77954e+1,2.21820e+1,0,0,0,0,0,0,0,7.00495e-1,0,0,0,0,0,0,0,0,0,0,0,0,0,0,0,2.62007e+2,7.06015e+0,1.63025e-1,0,0,0,0,5.49312e+1,4.28562e-1,0,0,0,0,0,0,0,2.70696e+0,2.16708e+1,0,0,0,0,0,0,3.90197e+2
"OECD_Europe","AUT","Austria",1.35111e-1,5.48418e-2,4.57534e-1,1.88406e-4,4.07564e+0,1.88029e-2,7.61999e-3,9.21096e-4,2.58721e+1,2.25671e+1,3.42934e+1,0,0,0,0,0,5.24700e-2,3.35930e-1,0,0,0,0,0,0,0,0,0,0,0,0,0,0,0,1.77402e+2,5.70335e+1,0,0,0,0,0,0,5.20470e-1,0,1.27010e+0,0,0,0,0,0,7.80297e+1,3.71698e+1,2.87869e-3,0,0,0,0,0,4.39300e+2
"OECD_Europe","BEL","Belgium",2.80327e-1,7.63047e-2,1.33327e+0,2.07247e-3,5.10659e+0,2.53489e-2,5.45121e-2,0,4.38650e+1,1.50815e+2,5.93710e+1,0,0,0,0,0,1.08000e-4,1.65779e+0,0,0,0,0,0,0,0,0,0,0,0,0,0,0,0,2.08504e+2,6.61422e+1,0,0,0,0,0,0,4.90489e-1,0,2.85312e-1,0,0,0,0,0,5.43680e+1,6.75177e+1,5.83736e+0,0,0,0,0,0,6.65732e+2
"OECD_Europe","CHE","Switzerland",7.53624e-4,1.01075e-2,3.33186e-1,1.61191e-3,4.42408e+0,1.56377e-3,2.34461e-3,0,7.42720e+0,1.80292e-1,1.14031e+1,0,0,0,0,0,7.02635e-2,1.08313e-2,0,0,0,0,0,0,0,0,0,0,0,0,0,0,0,1.40673e+2,3.96061e+1,0,0,0,0,0,0,1.13510e-1,2.88350e+0,0,0,0,0,0,0,2.63291e+1,1.05974e+1,1.02798e-5,3.03600e-3,0,0,0,0,2.44071e+2
"OECD_Europe","DEU","Germany",5.56384e+0,8.19840e-1,1.00166e+1,1.33978e-3,3.99440e+1,3.36365e-1,2.69923e-1,0,2.18262e+2,1.82378e+3,2.40021e+2,0,0,0,0,0,4.12550e+0,5.54598e+0,0,0,0,0,0,0,0,0,0,0,0,0,0,0,0,1.45019e+3,4.77738e+2,0,0,0,0,0,0,4.35873e+0,0,1.77480e+0,0,0,0,0,0,1.43439e+3,1.98189e+2,0,0,0,0,0,0,5.91533e+3
"OECD_Europe","DNK","Denmark",3.14164e-1,1.79696e-2,4.66516e-1,4.14493e-3,2.78274e+0,1.89390e-2,1.41848e-1,0,3.62556e+0,6.98625e-3,9.14450e-1,0,0,0,0,0,0,0,0,0,0,0,0,0,0,0,0,0,0,0,0,0,0,2.09995e+2,8.81688e+1,0,0,0,0,0,0,7.82649e-1,0,0,0,0,0,0,0,6.34707e+1,1.01801e+1,0,0,0,0,0,0,3.80891e+2
"OECD_Europe","ESP","Spain",1.76286e-1,1.20860e-1,1.87963e+0,2.20853e-2,9.14846e+0,6.23289e-2,7.90134e-1,6.28020e-4,5.37397e+1,1.39586e+2,1.26553e+1,0,0,0,0,0,3.65930e-1,1.34559e+0,0,0,0,0,0,0,0,0,0,0,0,0,0,0,0,4.57907e+2,1.73910e+2,2.28838e+1,0,0,0,0,0,2.29694e+0,0,2.11543e+1,0,0,0,0,0,1.92872e+2,1.13866e+2,1.08987e+0,0,0,0,0,0,1.20587e+3
"OECD_Europe","FIN","Finland",6.86550e-2,2.20225e-2,4.41322e-1,2.05153e-3,2.44924e+0,1.72015e-2,2.75491e-2,0,5.64724e+1,2.48906e+0,1.99302e+0,0,0,0,0,0,8.39974e-2,4.88492e-1,0,0,0,0,0,0,0,0,0,0,0,0,0,0,0,1.18559e+2,3.21904e+1,0,0,0,0,0,0,4.62155e-1,5.11056e-1,6.97176e-2,0,0,0,0,0,1.03792e+2,1.27505e+2,0,0,0,0,0,0,4.47644e+2
"OECD_Europe","FRA","France",1.39025e+0,3.86589e-1,5.35396e+0,8.37360e-4,2.87209e+1,1.21130e-1,2.08084e-1,0,2.28909e+2,4.98978e+2,6.14858e+2,0,0,0,0,0,1.54446e+0,5.21907e+0,0,0,0,0,0,0,0,0,0,0,0,0,0,0,0,1.54817e+3,4.16334e+2,3.75870e+0,0,0,0,0,0,5.16239e+0,0,1.20295e+0,0,0,0,0,0,3.82941e+2,1.69949e+2,3.20560e+1,0,0,0,0,0,3.94526e+3
"OECD_Europe","FRO","Faroe Islands",0,0,0,0,0,0,0,0,0,0,0,0,0,0,0,0,0,0,0,0,0,0,0,0,0,0,0,0,0,0,0,0,0,6.11371e-1,2.56950e-2,0,0,0,0,0,0,1.12052e-5,0,0,0,0,0,0,0,7.13822e-1,3.87325e-2,4.73943e-2,0,0,0,0,0,1.43703e+0
"OECD_Europe","GBR","United Kingdom",1.41184e+0,5.28273e-1,6.14465e+0,3.37037e-2,2.80758e+1,1.68774e-1,3.64294e-1,0,2.25654e+2,1.29607e+3,5.27791e+2,0,0,0,0,0,1.42192e+0,1.77787e+0,0,0,0,0,0,0,0,0,0,0,0,0,0,0,0,1.12763e+3,2.34358e+2,0,0,0,0,0,0,1.90215e+0,0,1.19827e+0,0,0,0,0,0,2.21832e+3,1.20211e+2,1.08595e+1,0,0,0,0,0,5.80392e+3
"OECD_Europe","GIB","Gibraltar",1.25604e-4,0,0,0,7.74901e-3,0,0,0,0,0,0,0,0,0,0,0,0,0,0,0,0,0,0,0,0,0,0,0,0,0,0,0,0,0,0,0,0,0,0,0,0,0,0,0,0,0,0,0,0,1.24607e-1,2.79030e-2,1.19227e-2,0,0,0,0,0,1.72307e-1
"OECD_Europe","GRC","Greece",8.95543e-2,2.74763e-2,3.56824e-1,4.58454e-3,1.74451e+0,1.00651e-2,4.19098e-2,0,8.62662e+0,1.63821e+1,3.92847e+0,0,0,0,0,0,4.71900e-3,9.94490e-2,0,0,0,0,0,0,0,0,0,0,0,0,0,0,0,1.69109e+2,3.91058e+1,7.37000e+0,0,0,0,0,0,1.25216e+0,7.84512e-2,2.17850e+0,0,0,0,0,0,6.39027e+1,1.58048e+1,4.53801e-5,0,0,0,0,0,3.30118e+2
"OECD_Europe","GRL","Greenland",0,0,0,0,0,0,0,0,0,0,0,0,0,0,0,0,0,0,0,0,0,0,0,0,0,0,0,0,0,0,0,0,0,1.59136e-1,2.70961e-3,0,0,0,0,0,0,0,0,0,0,0,0,0,0,5.17974e-1,1.67753e-1,1.49392e-2,0,0,0,0,0,8.62512e-1
"OECD_Europe","IRL","Ireland",2.59917e-2,4.96506e-3,1.78023e-1,9.42028e-4,1.43533e+0,8.16637e-3,0,0,1.81249e+1,1.94016e+0,2.14992e+0,0,0,0,0,0,0,0,0,0,0,0,0,0,0,0,0,0,0,0,0,0,0,3.94880e+2,6.84239e+1,0,0,0,0,0,0,1.92679e-1,0,1.15082e-1,0,0,0,0,0,5.58362e+1,5.68916e+0,0,0,0,0,0,0,5.49005e+2
"OECD_Europe","ISL","Iceland",2.51208e-3,0,1.21836e-2,2.09339e-5,1.50530e-1,0,3.51691e-3,0,3.39570e-2,0,0,0,0,0,0,0,0,1.71200e-1,0,0,0,0,0,0,0,0,0,0,0,0,0,0,0,1.21134e+1,1.29761e+0,0,0,0,0,0,0,9.51167e-5,0,0,0,0,0,0,0,2.31164e+0,4.37398e-1,1.18086e-1,0,0,0,0,0,1.66521e+1
"OECD_Europe","ITA","Italy",5.53890e-1,2.56803e-1,3.60375e+0,2.13946e-2,2.58562e+1,2.79092e-2,1.67346e-1,3.61740e-2,2.24428e+1,1.85652e+1,2.06460e+2,0,0,0,0,0,1.07566e+0,1.99233e+0,0,0,0,0,0,0,0,0,0,0,0,0,0,0,0,6.06446e+2,2.44554e+2,6.41190e+1,0,0,0,0,0,6.54389e+0,4.91280e-1,6.18576e+0,0,0,0,0,0,5.76346e+2,1.38936e+2,1.29661e+1,0,0,0,0,0,1.93765e+3
"OECD_Europe","LUX","Luxembourg",9.53335e-3,0,2.38245e-1,0,3.34755e-1,1.73752e-3,1.17230e-3,0,4.43905e-1,0,2.27868e+0,0,0,0,0,0,0,4.55210e-1,0,0,0,0,0,0,0,0,0,0,0,0,0,0,0,1.37958e+1,1.74659e+1,0,0,0,0,0,0,3.59868e-2,0,2.75040e-1,0,0,0,0,0,2.45629e+0,4.65110e-1,0,0,0,0,0,0,3.82574e+1
"OECD_Europe","NLD","Netherlands",8.19605e-1,2.19205e-1,5.34529e-1,2.36554e-3,6.96729e+0,7.99261e-3,2.88680e-1,0,7.65571e+0,4.62040e+0,2.82071e+2,0,0,0,0,0,2.77235e+0,2.28830e-1,0,0,0,0,0,0,0,0,0,0,0,0,0,0,0,3.47918e+2,1.29338e+2,0,0,0,0,0,0,2.81703e-1,0,1.85674e-2,0,0,0,0,0,4.08036e+2,3.50502e+1,0,0,0,0,0,0,1.22683e+3
"OECD_Europe","NOR","Norway",1.92593e-3,3.86630e-2,5.14767e-1,1.98873e-3,2.09043e+0,5.38633e-3,2.28599e-1,0,6.10990e+0,7.62685e+0,2.69429e+1,0,0,0,0,0,1.22789e+0,3.79931e+0,0,0,0,0,0,0,0,0,0,0,0,0,0,0,0,7.89272e+1,1.70815e+1,0,0,0,0,0,0,9.89122e-2,0,0,0,0,0,0,0,1.64516e+2,3.28673e+1,4.36768e+0,0,0,0,0,0,3.46447e+2
"OECD_Europe","PRT","Portugal",9.25641e-2,1.78961e-2,6.38468e-1,6.34299e-3,1.95383e+0,1.18738e-2,1.14300e-2,0,4.73249e+0,3.64205e+0,4.77978e+0,0,0,0,0,0,2.94000e-4,2.63519e-1,0,0,0,0,0,0,0,0,0,0,0,0,0,0,0,1.04672e+2,4.14612e+1,1.11287e+1,0,0,0,0,0,5.28710e-1,0,2.42064e+0,0,0,0,0,0,1.20625e+2,2.62152e+1,3.21477e-2,0,0,0,0,0,3.23235e+2
"OECD_Europe","SWE","Sweden",5.16071e-2,1.83180e-2,4.86462e+0,8.75041e-3,5.71156e+0,1.65065e-2,2.96006e-2,0,9.24062e+0,3.91066e+0,6.60871e+0,0,0,0,0,0,1.25251e-1,5.58975e-1,0,0,0,0,0,0,0,0,0,0,0,0,0,0,0,1.27403e+2,4.11948e+1,0,0,0,0,0,0,6.90019e-1,5.14464e-1,2.04797e-1,0,0,0,0,0,1.04549e+2,1.79984e+2,7.88613e-3,0,0,0,0,0,4.85693e+2
"Central Europe","ALB","Albania",1.75846e-3,3.64251e-3,3.15266e-2,0,1.77878e-1,0,0,0,1.42914e+1,3.19692e+0,1.75578e+1,0,0,0,0,0,0,1.19442e-1,0,0,0,0,0,0,0,0,0,0,0,0,0,0,0,3.96850e+1,6.31255e+0,1.47400e+0,0,0,0,0,0,2.16978e-1,0,5.81664e-1,0,0,0,0,0,1.61641e+0,3.51363e+0,2.07060e-2,0,0,0,0,0,8.88013e+1
"Central Europe","BGR","Bulgaria",1.75938e-1,1.70486e-2,4.73443e-1,0,1.95250e+0,6.69888e-4,0,0,2.30504e+1,3.38203e+1,4.51055e+0,0,0,0,0,0,1.10677e-1,5.23733e-1,0,0,0,0,0,0,0,0,0,0,0,0,0,0,0,2.17666e+2,3.69887e+1,6.19080e+0,0,0,0,0,0,2.17817e+0,0,1.33781e+0,0,0,0,0,0,1.86325e+2,4.18553e+1,0,0,0,0,0,0,5.57177e+2
"Central Europe","BIH","Bosnia and Herzegovina",3.44186e-2,0,1.58276e-1,0,4.56776e-1,0,0,0,9.12834e+0,5.05328e+1,3.82447e-1,0,0,0,0,0,6.44400e-5,5.88357e-2,0,0,0,0,0,0,0,0,0,0,0,0,0,0,0,7.90795e+1,1.19506e+1,0,0,0,0,0,0,3.86957e-1,0,0,0,0,0,0,0,1.90036e+0,5.43786e+0,2.44516e-2,0,0,0,0,0,1.59532e+2
"Central Europe","CYP","Cyprus",0,7.08199e-4,1.64541e-2,0,1.30096e-1,0,0,0,1.54283e-1,1.04725e-1,8.97881e-2,0,0,0,0,0,0,0,0,0,0,0,0,0,0,0,0,0,0,0,0,0,0,3.93285e+0,1.44024e+0,0,0,0,0,0,0,1.46296e-2,0,0,0,0,0,0,0,3.30983e+0,2.84077e+0,0,0,0,0,0,0,1.20344e+1
"Central Europe","CZE","Czech Republic",2.92592e-1,3.59646e-2,4.86979e+0,0,1.99510e+0,4.31240e-3,0,0,1.26147e+2,3.01974e+2,7.19537e+0,0,0,0,0,0,2.94825e-1,5.84010e-1,0,0,0,0,0,0,0,0,0,0,0,0,0,0,0,3.03808e+2,5.30024e+1,0,0,0,0,0,0,2.27434e+0,0,3.62112e+0,0,0,0,0,0,4.64843e+1,3.93515e+1,0,0,0,0,0,0,8.91934e+2
"Central Europe","EST","Estonia",2.80095e-1,0,4.21255e-1,0,4.89443e-1,2.26731e-1,4.66528e-3,0,6.60014e+0,2.06174e+1,3.69301e+0,0,0,0,0,0,0,0,0,0,0,0,0,0,0,0,0,0,0,0,0,0,0,5.75927e+1,1.12807e+1,2.41736e+0,0,0,0,0,0,2.30634e-1,0,0,0,0,0,0,0,1.07736e+1,6.10694e+0,0,0,0,0,0,0,1.20735e+2
"Central Europe","HRV","Croatia",2.27894e-2,4.58918e-2,9.51849e-2,0,8.18245e-1,3.22384e-3,0,0,1.43127e+1,5.00930e+0,2.08852e+1,0,0,0,0,0,3.66032e-3,3.26024e+0,0,0,0,0,0,0,0,0,0,0,0,0,0,0,0,8.17720e+1,1.51054e+1,0,0,0,0,0,0,7.75331e-1,0,7.83072e-1,0,0,0,0,0,9.73694e+0,1.34513e+1,0,0,0,0,0,0,1.66081e+2
"Central Europe","HUN","Hungary",3.50817e-1,2.12709e-2,6.47520e-1,0,1.85300e+0,5.74492e-2,3.19453e-2,0,3.25810e+1,4.12222e+1,5.74468e+1,0,0,0,0,0,4.19130e-2,2.78909e-1,0,0,0,0,0,0,0,0,0,0,0,0,0,0,0,2.19804e+2,5.97565e+1,9.94950e+0,0,0,0,0,0,3.38770e+0,0,1.17211e+0,0,0,0,0,0,4.83419e+1,3.74263e+1,0,0,0,0,0,0,5.14371e+2
"Central Europe","LTU","Lithuania",2.97673e-2,2.48922e-2,4.23092e+0,0,1.00145e+0,2.81690e-2,3.33234e-3,0,1.15318e+1,1.99155e-2,5.23994e+0,0,0,0,0,0,3.67770e-2,0,0,0,0,0,0,0,0,0,0,0,0,0,0,0,0,1.71294e+2,2.99861e+1,0,0,0,0,0,0,8.53485e-1,0,9.73704e-1,0,0,0,0,0,1.93735e+1,9.91399e+0,4.91988e-4,0,0,0,0,0,2.54542e+2
"Central Europe","LVA","Latvia",3.42887e-2,0,1.12457e+0,0,7.65131e-1,4.21333e-2,1.22206e-2,0,2.15588e+1,1.13920e-1,8.19664e+0,0,0,0,0,0,0,0,0,0,0,0,0,0,0,0,0,0,0,0,0,0,0,1.15165e+2,1.78360e+1,0,0,0,0,0,0,4.50351e-1,0,1.51308e-1,0,0,0,0,0,1.21293e+1,6.33961e+0,0,0,0,0,0,0,1.83919e+2
"Central Europe","MKD","Macedonia, the former Yugoslav Republic of",2.16678e-2,0,7.10560e-2,0,1.85813e-1,0,0,0,6.52070e+0,3.80397e+0,7.48811e+0,0,0,0,0,0,1.66470e-4,2.59425e+0,0,0,0,0,0,0,0,0,0,0,0,0,0,0,0,5.20247e+1,5.42264e+0,2.98485e+0,0,0,0,0,0,2.68780e-1,0,4.23432e-1,0,0,0,0,0,2.14881e+0,3.00566e+0,3.01519e-2,0,0,0,0,0,8.69948e+1
"Central Europe","MLT","Malta",0,0,0,0,6.04403e-2,0,0,0,1.23511e-2,0,0,0,0,0,0,0,0,0,0,0,0,0,0,0,0,0,0,0,0,0,0,0,0,1.10634e+0,4.64748e-1,0,0,0,0,0,0,1.15709e-3,0,0,0,0,0,0,0,3.10520e+0,4.13687e-1,0,0,0,0,0,0,5.16392e+0
"Central Europe","POL","Poland",2.28090e+0,2.17808e-1,3.45063e+0,0,4.60755e+0,3.65572e-1,5.94945e-2,0,2.24590e+2,3.60805e+3,1.02600e+2,0,0,0,0,0,4.14680e-1,2.02734e+0,0,0,0,0,0,0,0,0,0,0,0,0,0,0,0,1.08973e+3,2.07214e+2,0,0,0,0,0,0,6.58250e+0,0,2.48376e+0,0,0,0,0,0,2.11679e+2,1.19065e+2,3.38004e-1,0,0,0,0,0,5.58576e+3
"Central Europe","ROU","Romania",6.62061e-1,6.04323e-2,1.25985e+0,0,3.80173e+0,2.93076e-3,0,0,5.61626e+1,8.38456e+1,7.96467e+2,0,0,0,0,0,5.91307e-1,1.81831e+0,0,0,0,0,0,0,0,0,0,0,0,0,0,0,0,5.44867e+2,9.65483e+1,8.07015e+0,0,0,0,0,0,4.67872e+0,0,0,0,0,0,0,0,4.69625e+1,8.87383e+1,1.00681e-2,0,0,0,0,0,1.73455e+3
"Central Europe","SCG","Serbia and Montenegro",1.47571e-1,0,2.25530e-1,0,8.78515e-1,0,0,0,4.64513e+1,3.72980e+1,7.13972e+1,0,0,0,0,0,6.75611e-2,1.74160e-1,0,0,0,0,0,0,0,0,0,0,0,0,0,0,0,2.86609e+2,5.25408e+1,0,0,0,0,0,0,2.52382e+0,0,0,0,0,0,0,0,6.40284e+0,3.60118e+1,8.58492e-2,0,0,0,0,0,5.40814e+2
"Central Europe","SVK","Slovakia",5.35911e-2,2.48630e-2,1.07111e+0,0,9.41525e-1,0,0,0,1.49272e+1,7.55804e+0,2.55544e+1,0,0,0,0,0,2.73979e-2,1.34974e+0,0,0,0,0,0,0,0,0,0,0,0,0,0,0,0,1.31757e+2,2.66077e+1,0,0,0,0,0,0,1.63781e+0,0,3.44712e-1,0,0,0,0,0,1.43238e+1,2.13797e+1,0,0,0,0,0,0,2.47559e+2
"Central Europe","SVN","Slovenia",0,2.12173e-3,1.25757e-2,0,8.72526e-1,0,0,0,9.93294e+0,1.41968e+1,3.96432e-1,0,0,0,0,0,2.74022e-1,4.07714e-1,0,0,0,0,0,0,0,0,0,0,0,0,0,0,0,6.58939e+1,1.08328e+1,0,0,0,0,0,0,1.63830e-1,0,0,0,0,0,0,0,1.01008e+1,7.55234e+0,0,0,0,0,0,0,1.20639e+2
"Turkey","TUR","Turkey",7.07650e-2,4.88216e-2,4.60004e-1,2.38647e-3,2.59959e+0,8.62536e-2,1.89914e-1,0,1.05236e+2,1.01029e+2,7.14493e+0,0,0,0,0,0,3.49536e-1,2.62290e-1,0,0,0,0,0,0,0,0,0,0,0,0,0,0,0,9.55094e+2,1.57270e+2,2.87379e+1,0,0,0,0,0,2.32844e+1,0,4.56264e-1,0,0,0,0,0,1.08386e+2,1.85142e+2,0,0,0,0,0,0,1.67585e+3
"Ukraine +","BLR","Belarus",1.13905e-1,4.89078e-2,2.43594e+0,0,1.48641e+0,1.27048e-1,2.13270e-2,4.31412e-4,8.40552e+0,6.78050e-2,1.39616e+1,0,0,0,0,0,1.79520e-2,0,0,0,0,0,0,0,0,0,0,0,0,0,0,0,0,5.09004e+2,6.93249e+1,0,0,0,0,0,0,2.11684e+0,0,7.07016e-3,0,0,0,0,0,5.83942e+1,2.43329e+1,0,0,0,0,0,0,6.89867e+2
"Ukraine +","MDA","Moldova, Republic of",4.24951e-2,0,4.00159e-1,0,6.50085e-1,0,0,0,4.77895e+0,4.08250e-3,5.15204e+0,0,0,0,0,0,0,0,0,0,0,0,0,0,0,0,0,0,0,0,0,0,0,8.08396e+1,7.91554e+0,0,0,0,0,0,0,8.11734e-1,0,1.43438e-2,0,0,0,0,0,2.43235e+0,1.30469e+1,3.63269e-2,0,0,0,0,0,1.16125e+2
"Ukraine +","UKR","Ukraine",9.24833e-1,3.78706e-1,1.86219e+0,0,5.93688e+0,1.92849e-1,0,5.15538e-2,6.32366e+1,8.15005e+2,6.84019e+2,0,0,0,0,0,1.11702e+0,1.09706e+1,0,0,0,0,0,0,0,0,0,0,0,0,0,0,0,1.90680e+3,3.17114e+2,1.00163e+1,0,0,0,0,0,1.53377e+1,0,2.94048e-1,0,0,0,0,0,1.64904e+2,1.23596e+2,0,0,0,0,0,0,4.12176e+3
"Asia-Stan","KAZ","Kazakhstan",4.61652e-1,1.26092e-1,3.31067e-1,0,1.81309e+0,1.12194e-1,4.66528e-3,0,4.62061e+0,1.76146e+3,3.16334e+2,0,0,0,0,0,1.16220e-2,3.54578e+0,0,0,0,0,0,0,0,0,0,0,0,0,0,0,0,1.01028e+3,7.42799e+1,3.39313e+1,0,0,0,0,0,1.26616e+1,5.97984e+0,3.39864e+1,0,0,0,0,0,5.45592e+1,4.38607e+1,0,0,0,0,0,0,3.35835e+3
"Asia-Stan","KGZ","Kyrgyzstan",1.69971e-2,0,5.95610e-1,0,6.97726e-1,0,0,0,1.88406e-1,2.47030e+1,2.17140e+0,0,0,0,0,0,0,0,0,0,0,0,0,0,0,0,0,0,0,0,0,0,0,1.82610e+2,8.99613e+0,5.51337e-1,0,0,0,0,0,5.62856e-1,2.43086e-2,1.40503e+0,0,0,0,0,0,3.06488e+0,1.75018e+1,0,0,0,0,0,0,2.43090e+2
"Asia-Stan","TJK","Tajikistan",6.19279e-3,0,0,0,6.24814e-1,0,0,0,0,9.12271e+0,5.00569e+0,0,0,0,0,0,0,0,0,0,0,0,0,0,0,0,0,0,0,0,0,0,0,1.12460e+2,9.37765e+0,2.90100e+0,0,0,0,0,0,1.40084e-1,0,1.17665e-2,0,0,0,0,0,3.26896e+0,1.31865e+1,0,0,0,0,0,0,1.56106e+2
"Asia-Stan","TKM","Turkmenistan",4.06562e-2,8.90191e-2,0,0,6.27086e-1,0,0,0,0,0,5.23858e+2,0,0,0,0,0,1.21982e-3,0,0,0,0,0,0,0,0,0,0,0,0,0,0,0,0,1.07735e+2,1.14154e+1,8.10355e+0,0,0,0,0,0,3.00466e-1,5.79456e-3,4.61784e-2,0,0,0,0,0,4.39457e+0,1.51996e+1,0,0,0,0,0,0,6.71816e+2
"Asia-Stan","UZB","Uzbekistan",2.23913e-1,8.06687e-2,0,0,1.76923e+0,0,0,0,0,9.31329e+0,3.30246e+2,0,0,0,0,0,0,0,0,0,0,0,0,0,0,0,0,0,0,0,0,0,0,4.70985e+2,4.02108e+1,5.29135e+1,0,0,0,0,0,8.45032e-1,5.63952e-3,2.06066e-1,0,0,0,0,0,1.17505e+1,7.21381e+1,0,0,0,0,0,0,9.90688e+2
"Russia +","ARM","Armenia",7.79551e-3,0,5.18580e-3,0,5.63842e-1,0,0,0,3.53097e-1,0,1.13236e+1,0,0,0,0,0,0,0,0,0,0,0,0,0,0,0,0,0,0,0,0,0,0,4.70079e+1,6.65072e+0,0,0,0,0,0,0,1.24655e-1,0,9.99192e-3,0,0,0,0,0,5.22304e+0,4.30736e+0,0,0,0,0,0,0,7.55772e+1
"Russia +","AZE","Azerbaijan",4.20503e-2,3.74645e-2,1.39011e-1,0,8.60673e-1,0,0,0,4.47159e-1,0,1.27164e+2,0,0,0,0,0,1.16910e-2,0,0,0,0,0,0,0,0,0,0,0,0,0,0,0,0,1.63617e+2,2.44805e+1,4.11140e-1,0,0,0,0,0,5.50025e-1,0,1.01868e-2,0,0,0,0,0,1.13568e+1,3.66828e+1,0,0,0,0,0,0,3.65810e+2
"Russia +","GEO","Georgia",2.19121e-2,0,3.92114e-1,0,3.90361e-1,4.91019e-1,0,0,1.56793e+1,1.00309e+1,1.62269e+1,0,0,0,0,0,0,1.76354e+0,0,0,0,0,0,0,0,0,0,0,0,0,0,0,0,9.46336e+1,2.57377e+1,0,0,0,0,0,0,1.81404e-1,0,2.99496e-2,0,0,0,0,0,1.16177e+1,1.48047e+1,0,0,0,0,0,0,1.92001e+2
"Russia +","RUS","Russian Federation",5.66594e+0,7.22075e-1,1.73641e+1,0,2.83987e+1,1.83602e+0,2.67676e+0,3.72304e-1,3.08153e+2,3.75384e+3,7.45020e+3,0,0,0,0,0,3.68911e+0,9.86226e+0,0,0,0,0,0,0,0,0,0,0,0,0,0,0,0,4.68168e+3,7.07346e+2,1.09078e+2,0,0,0,0,0,4.23783e+1,1.84445e+1,6.96360e+1,0,0,0,0,0,7.16166e+2,8.87704e+2,0,0,0,0,0,0,1.88152e+4
"Middle_East","ARE","United Arab Emirates",3.84297e-2,0,3.76393e-2,0,3.42617e-1,0,0,0,2.62698e-2,3.01750e-2,1.04296e+3,0,0,0,0,0,0,0,0,0,0,0,0,0,0,0,0,0,0,0,0,0,0,6.13650e+0,2.84438e-1,0,0,0,0,0,0,1.19297e-5,0,0,0,0,0,0,0,2.15647e+0,1.94460e+0,0,0,0,0,0,0,1.05396e+3
"Middle_East","BHR","Bahrain",3.73437e-2,7.75558e-2,3.81417e-2,0,7.37315e-2,0,0,0,5.02416e-3,4.18900e-3,4.57167e+1,0,0,0,0,0,0,0,0,0,0,0,0,0,0,0,0,0,0,0,0,0,0,3.20934e-1,1.19560e-2,0,0,0,0,0,0,6.80400e-7,0,0,0,0,0,0,0,1.21095e+0,1.13581e+0,0,0,0,0,0,0,4.86324e+1
"Middle_East","IRN","Iran, Islamic Republic of",1.37056e-1,1.47603e-1,8.33508e-1,0,3.92154e+0,0,0,0,8.58402e+0,1.92355e+1,2.16610e+3,0,0,0,0,0,3.54366e-3,0,0,0,0,0,0,0,0,0,0,0,0,0,0,0,0,4.46323e+2,1.85632e+1,1.63167e+2,0,0,0,0,0,0,0,2.80512e-3,0,0,0,0,0,5.10560e+1,1.51871e+2,0,0,0,0,0,0,3.02995e+3
"Middle_East","IRQ","Iraq",1.55749e-2,1.28116e-2,1.17440e-1,0,1.01251e+0,0,0,0,5.56216e-1,8.37800e-1,9.40447e+2,0,0,0,0,0,0,0,0,0,0,0,0,0,0,0,0,0,0,0,0,0,0,1.41022e+2,6.07663e+0,1.05829e+1,0,0,0,0,0,1.10847e+0,0,3.02952e-1,0,0,0,0,0,3.27865e+1,4.52969e+1,0,0,0,0,0,0,1.18018e+3
"Middle_East","ISR","Israel",6.04154e-3,5.89502e-3,1.13671e-1,0,8.25306e-1,1.39002e-3,0,0,2.75701e-1,0,1.65881e+1,0,0,0,0,0,1.13993e-1,0,0,0,0,0,0,0,0,0,0,0,0,0,0,0,0,2.32576e+1,1.54800e+0,0,0,0,0,0,0,2.04472e-1,0,0,0,0,0,0,0,1.62993e+1,1.44637e+1,0,0,0,0,0,0,7.37032e+1
"Middle_East","JOR","Jordan",3.76812e-4,5.65217e-3,7.41064e-3,0,2.64753e-1,0,0,0,1.95045e-1,7.80006e-1,2.22648e-1,0,0,0,0,0,0,0,0,0,0,0,0,0,0,0,0,0,0,0,0,0,0,8.93414e+0,6.19236e-1,0,0,0,0,0,0,7.64766e-2,0,0,0,0,0,0,0,3.07156e+0,6.69277e+0,0,0,0,0,0,0,2.08701e+1
"Middle_East","KWT","Kuwait",5.15675e-2,3.76225e-1,8.05121e-2,0,6.55380e-1,0,0,0,3.76812e-1,2.96425e-2,5.76474e+2,0,0,0,0,0,0,0,0,0,0,0,0,0,0,0,0,0,0,0,0,0,0,1.69012e+0,5.50859e-2,0,0,0,0,0,0,1.54466e-5,0,0,0,0,0,0,0,6.10682e+0,5.36425e+0,0,0,0,0,0,0,5.91260e+2
"Middle_East","LBN","Lebanon",0,9.12464e-3,5.04509e-2,0,5.99198e-1,0,0,0,1.28378e+0,1.36143e+0,7.77219e-1,0,0,0,0,0,0,0,0,0,0,0,0,0,0,0,0,0,0,0,0,0,0,5.27254e+0,3.17912e-1,0,0,0,0,0,0,6.39788e-2,0,0,0,0,0,0,0,5.57498e+0,1.16113e+1,0,0,0,0,0,0,2.69220e+1
"Middle_East","OMN","Oman",5.90340e-3,0,2.00966e-3,0,1.08022e-1,0,0,0,1.13013e-1,6.39710e-2,6.72624e+2,0,0,0,0,0,0,0,0,0,0,0,0,0,0,0,0,0,0,0,0,0,0,6.98149e+0,2.96173e-1,0,0,0,0,0,0,3.96179e-3,0,0,0,0,0,0,0,4.45086e-1,3.20586e+0,0,0,0,0,0,0,6.83849e+2
"Middle_East","QAT","Qatar",1.33572e-1,1.78837e-3,3.54203e-2,1.13043e-3,9.08452e-2,0,0,0,1.39427e-2,6.28350e-3,2.69716e+2,0,0,0,0,0,3.02280e-2,0,0,0,0,0,0,0,0,0,0,0,0,0,0,0,0,1.10689e+0,5.68370e-2,0,0,0,0,0,0,1.27104e-4,0,0,0,0,0,0,0,1.36530e+0,1.62068e+0,0,0,0,0,0,0,2.74179e+2
"Middle_East","SAU","Saudi Arabia",1.46203e-1,4.46408e-1,1.61652e-1,3.30220e-3,1.49187e+0,0,0,0,1.08019e-1,4.76197e-1,2.50587e+3,0,0,0,0,0,2.46330e+0,0,0,0,0,0,0,0,0,0,0,0,0,0,0,0,0,4.45462e+1,1.93889e+0,7.07884e-2,0,0,0,0,0,3.05862e-1,0,0,0,0,0,0,0,1.97248e+1,3.02016e+1,0,0,0,0,0,0,2.60796e+3
"Middle_East","SYR","Syrian Arab Republic",6.78263e-3,8.51691e-3,1.30209e-1,0,7.20191e-1,0,0,0,3.00388e+0,4.68600e-3,3.33872e+1,0,0,0,0,0,0,0,0,0,0,0,0,0,0,0,0,0,0,0,0,0,0,5.83002e+1,2.38165e+0,3.71639e-1,0,0,0,0,0,1.72655e+0,0,4.40712e-2,0,0,0,0,0,8.65549e+0,2.69451e+1,0,0,0,0,0,0,1.35686e+2
"Middle_East","YEM","Yemen",1.75846e-3,6.53144e-3,0,0,2.74337e-1,0,0,0,2.91905e+0,3.66538e+0,8.00087e-1,0,0,0,0,0,0,0,0,0,0,0,0,0,0,0,0,0,0,0,0,0,0,7.47710e+1,3.35310e+0,0,0,0,0,0,0,1.14617e+0,0,0,0,0,0,0,0,1.34140e+0,2.86867e+1,0,0,0,0,0,0,1.16966e+2
"India +","AFG","Afghanistan",5.50501e-4,0,6.37579e-2,0,1.11628e-1,0,2.69873e-3,0,1.00435e+1,6.01992e+0,4.55751e+1,0,0,0,0,0,0,0,0,0,0,0,0,0,0,0,0,0,0,0,0,0,0,2.86233e+2,1.54132e+1,7.07735e+1,0,0,0,0,0,6.81782e-1,0,0,0,0,0,0,0,3.74683e+0,6.02192e+1,0,0,0,0,0,0,4.98884e+2
"India +","BGD","Bangladesh",2.21442e-2,3.18980e-3,8.89277e-2,0,1.53809e-1,4.69131e-3,1.61192e-2,0,1.39682e+2,1.88919e+1,1.07695e+1,0,0,0,0,0,0,0,0,0,0,0,0,0,0,0,0,0,0,0,0,0,0,6.64864e+2,6.53680e+1,3.06092e+3,0,0,0,0,2.44224e-1,1.01687e+1,1.83831e+1,0,0,0,0,0,0,2.56470e+1,3.09166e+2,0,0,0,0,0,0,4.32439e+3
"India +","BTN","Bhutan",1.86270e-6,0,5.34933e-3,0,2.24665e-4,0,7.70700e-6,0,1.15518e+1,3.76369e-1,0,0,0,0,0,0,0,0,0,0,0,0,0,0,0,0,0,0,0,0,0,0,0,9.23179e+0,9.68702e-1,8.59393e+0,0,0,0,0,0,2.12483e-1,0,0,0,0,0,0,0,1.62506e-1,4.53424e+0,0,0,0,0,0,0,3.56374e+1
"India +","IND","India",4.38525e-1,1.23603e-1,5.56736e+0,0,5.23498e+0,7.06463e-1,6.33044e-2,0,1.27581e+3,1.00722e+3,7.07139e+1,0,0,0,0,0,2.40100e-1,2.52724e+0,0,0,0,0,0,0,0,0,0,0,0,0,0,0,0,8.97126e+3,7.95401e+2,5.08956e+3,0,0,0,0,2.55288e+1,1.67184e+2,6.98496e+1,5.11128e-1,0,0,0,0,0,2.77175e+2,2.23431e+3,0,0,4.12200e+1,0,0,0,2.00406e+4
"India +","IOT","British Indian Ocean Territory",0,0,0,0,0,0,0,0,0,0,0,0,0,0,0,0,0,0,0,0,0,0,0,0,0,0,0,0,0,0,0,0,0,0,0,0,0,0,0,0,0,0,0,0,0,0,0,0,0,0,0,0,0,0,0,0,0,0,
"India +","LKA","Sri Lanka",7.53624e-5,1.87569e-3,5.64715e-1,1.31884e-3,2.70181e-1,6.08133e-3,8.79228e-4,0,2.40400e+1,1.02311e-1,3.93523e-1,0,0,0,0,0,0,0,0,0,0,0,0,0,0,0,0,0,0,0,0,0,0,1.10483e+2,8.91352e+0,2.56343e+2,0,0,0,0,1.57243e-1,3.61110e-1,1.65532e+0,0,0,0,0,0,0,1.81449e+1,6.26084e+1,0,0,0,0,0,0,4.84047e+2
"India +","MDV","Maldives",1.69320e-5,0,6.75834e-4,0,5.95363e-4,0,6.01650e-5,0,5.44922e-3,4.19965e-2,0,0,0,0,0,0,0,0,0,0,0,0,0,0,0,0,0,0,0,0,0,0,0,0,0,0,0,0,0,0,0,9.19332e-3,0,0,0,0,0,0,0,1.56289e-1,5.28167e-1,0,0,0,0,0,0,7.42443e-1
"India +","NPL","Nepal",5.14976e-4,0,1.93848e-2,0,2.64416e-2,0,0,0,5.09488e+1,3.57918e+0,0,0,0,0,0,0,0,0,0,0,0,0,0,0,0,0,0,0,0,0,0,0,0,2.96168e+2,2.46026e+1,4.46133e+2,0,0,0,0,7.83168e-1,6.16538e+0,3.49683e-1,0,0,0,0,0,0,8.28274e-1,5.59543e+1,0,0,0,0,0,0,8.85559e+2
"India +","PAK","Pakistan",1.00931e-1,4.19335e-3,3.11121e-1,0,9.66770e-1,1.42477e-2,0,0,9.37261e+1,2.36769e+1,1.99454e+2,0,0,0,0,0,0,0,0,0,0,0,0,0,0,0,0,0,0,0,0,0,0,1.35597e+3,9.94872e+1,8.64357e+2,0,0,0,0,1.24584e+0,5.31483e+0,8.29124e-2,9.33528e-2,0,0,0,0,0,3.76893e+1,2.79852e+2,0,0,0,0,0,0,2.96235e+3
"Korea","KOR","Korea, Republic of",2.23207e-2,4.09214e-2,8.58461e-1,4.47987e-3,8.50593e-1,1.75846e-3,7.85442e-2,1.67807e-1,8.90119e+1,2.64729e+2,5.30395e+0,0,0,0,0,0,1.96085e-1,6.77481e-1,0,0,0,0,0,0,0,0,0,0,0,0,0,0,0,1.13132e+2,5.98999e+0,6.68403e+2,0,0,0,0,0,9.11304e-1,0,1.03630e-1,0,0,0,0,0,2.77177e+1,1.74389e+2,0,0,0,0,0,0,1.35259e+3
"Korea","PRK","Korea, Democratic People's Republic of",1.03602e-1,0,3.56410e+0,0,8.32716e-1,0,0,0,5.38694e+1,2.86359e+2,1.27488e-3,0,0,0,0,0,0,7.06494e-1,0,0,0,0,0,0,0,0,0,0,0,0,0,0,0,5.08594e+1,7.25274e+0,2.42727e+2,0,0,0,0,0,2.95513e+0,0,1.20698e+1,0,0,0,0,0,1.28226e+1,8.08207e+1,9.72179e-2,0,0,0,0,0,7.55041e+2
"China +","CHN","China",1.43969e+0,6.60719e-1,4.57847e+1,0,9.74865e+0,6.75666e-1,0,4.34004e-1,3.11372e+3,5.29475e+3,5.03881e+2,0,0,0,0,0,2.72431e+0,1.06132e+1,0,0,0,0,0,0,0,0,0,0,0,0,0,0,0,4.75727e+3,7.81065e+2,2.19016e+4,0,0,0,0,1.96003e+0,9.32509e+0,4.32363e+0,2.18642e+1,0,0,0,0,0,4.36498e+2,3.70470e+3,2.78155e+0,0,9.00000e+1,0,0,0,4.06959e+4
"China +","HKG","Hong Kong",7.53624e-5,0,1.15430e-1,0,1.95832e-1,0,6.00806e-2,0,1.83801e-1,0,5.15756e-1,0,0,0,0,0,0,0,0,0,0,0,0,0,0,0,0,0,0,0,0,0,0,0,0,0,0,0,0,0,0,0,0,0,0,0,0,0,0,1.82200e+1,1.97215e+1,9.50482e-2,0,0,0,0,0,3.91075e+1
"China +","MAC","Macao",4.93920e-5,0,1.25624e-3,0,7.00091e-3,0,5.37271e-4,0,3.18948e-2,0,0,0,0,0,0,0,0,0,0,0,0,0,0,0,0,0,0,0,0,0,0,0,0,0,0,0,0,0,0,0,0,0,0,0,0,0,0,0,0,1.41507e+0,1.10278e+0,6.82552e-3,0,0,0,0,0,2.56542e+0
"China +","MNG","Mongolia",8.97522e-4,0,8.03737e-3,0,2.32912e-1,0,6.03602e-3,0,7.36379e+0,1.54456e+1,0,0,0,0,0,0,0,0,0,0,0,0,0,0,0,0,0,0,0,0,0,0,0,2.80404e+2,1.23892e+1,0,0,0,0,0,0,9.72825e-2,1.49424e-1,1.25844e+1,0,0,0,0,0,1.05849e+0,6.20248e+0,1.05119e-2,0,0,0,0,0,3.35953e+2
"China +","TWN","Taiwan_Province of China",4.10754e-2,4.71223e-2,9.27690e-1,0,1.43072e+0,1.78860e-2,5.86152e-3,0,1.78979e+0,4.41609e+1,2.54576e+1,0,0,0,0,0,0,5.91544e-1,0,0,0,0,0,0,0,0,0,0,0,0,0,0,0,1.76248e+1,3.57105e+1,0,0,0,0,0,0,0,0,0,0,0,0,0,0,3.25262e+1,8.59492e+1,1.89415e-1,0,0,0,0,0,2.46470e+2
"Southeastern Asia","BRN","Brunei Darussalam",1.63704e-2,6.39324e-2,2.63768e-3,0,5.03476e-2,0,0,0,5.36686e-2,1.01530e-2,1.26198e+2,0,0,0,0,0,0,0,0,0,0,0,0,0,0,0,0,0,0,0,0,0,0,9.40476e-1,1.18629e-1,1.34689e+0,0,0,0,0,0,3.91572e-2,6.23410e+0,0,0,0,0,0,0,7.38460e-1,7.13661e-1,2.41890e-2,0,0,0,0,0,1.36550e+2
"Southeastern Asia","KHM","Cambodia",8.68860e-6,0,2.73794e-2,0,2.53391e-3,0,8.42590e-5,0,5.14820e+1,1.57652e+0,0,0,0,0,0,0,0,0,0,0,0,0,0,0,0,0,0,0,0,0,0,0,0,1.02880e+2,1.01890e+1,2.24530e+2,0,0,0,0,1.52138e+1,6.92415e+0,0,0,0,0,0,0,0,2.51025e+0,3.09071e+1,6.86517e-2,0,0,0,0,0,4.46311e+2
"Southeastern Asia","LAO","Lao People's Democratic Republic",1.07561e-4,0,1.34361e-2,0,2.01938e-2,0,6.21614e-4,0,2.18190e+1,9.25631e-1,0,0,0,0,0,0,0,0,0,0,0,0,0,0,0,0,0,0,0,0,0,0,0,5.06604e+1,5.48862e+0,1.31707e+2,0,0,0,0,2.05274e+1,5.32674e+0,1.01837e+1,0,0,0,0,0,0,8.07613e-1,1.29333e+1,0,0,0,0,0,0,2.60413e+2
"Southeastern Asia","MMR","Myanmar",1.59383e-2,4.81482e-3,9.27795e-2,0,3.23180e-1,0,0,0,6.38984e+1,4.40313e+1,1.46690e+1,0,0,0,0,0,0,0,0,0,0,0,0,0,0,0,0,0,0,0,0,0,0,4.42638e+2,4.42004e+1,1.45840e+3,0,0,0,0,1.45286e+1,4.42158e+1,4.45672e+2,0,0,0,0,0,0,1.66836e+1,1.31736e+2,0,0,0,0,0,0,2.72111e+3
"Southeastern Asia","MYS","Malaysia",1.29496e-3,3.26570e-3,2.82609e-1,0,1.58375e+0,0,0,0,2.44604e+1,2.69143e+1,5.72724e+1,0,0,0,0,0,1.08900e-3,0,0,0,0,0,0,0,0,0,0,0,0,0,0,0,0,3.85929e+1,1.17309e+1,2.91239e+2,0,0,0,0,1.15524e+1,8.03103e+0,5.50113e+1,0,0,0,0,0,0,1.89094e+1,6.39902e+1,3.05664e-1,0,0,0,0,0,6.09882e+2
"Southeastern Asia","PHL","Philippines",7.61170e-2,6.48541e-2,1.44453e+0,4.60548e-4,1.73662e+0,0,7.47344e-2,0,8.40165e+1,6.50059e+1,2.38459e+0,0,0,0,0,0,1.50188e-2,4.39350e-1,0,0,0,0,0,0,0,0,0,0,0,0,0,0,0,3.10656e+2,5.31731e+1,1.33365e+3,0,0,0,0,1.71650e+0,4.80961e+1,2.48370e+0,0,0,0,0,0,0,5.00679e+1,2.00574e+2,0,0,0,0,0,0,2.15567e+3
"Southeastern Asia","SGP","Singapore",2.47980e-4,2.72414e-2,2.06410e-2,0,4.13841e-1,0,0,0,2.47526e-2,3.14175e+0,9.08504e+0,0,0,0,0,0,0,0,0,0,0,0,0,0,0,0,0,0,0,0,0,0,0,1.26959e+0,3.13688e+0,0,0,0,0,0,3.24648e-1,7.88915e-4,0,0,0,0,0,0,0,3.56646e+0,1.07927e+1,2.12862e+0,0,0,0,0,0,3.39332e+1
"Southeastern Asia","THA","Thailand",7.56060e-3,2.24396e-2,1.44413e+0,0,2.04480e+0,0,8.49919e-3,0,1.16070e+2,2.58934e+2,1.92600e+0,0,0,0,0,0,0,0,0,0,0,0,0,0,0,0,0,0,0,0,0,0,0,5.79183e+2,4.06032e+1,2.37990e+3,0,0,0,0,1.80310e+1,4.80250e+1,6.19902e+0,0,0,0,0,0,0,5.79282e+1,1.80018e+2,8.25546e-1,0,0,0,0,0,3.69117e+3
"Southeastern Asia","TLS","Timor-Leste",0,0,2.40531e-3,0,0,0,0,0,1.78899e-1,0,0,0,0,0,0,0,0,0,0,0,0,0,0,0,0,0,0,0,0,0,0,0,0,1.24311e+1,1.01439e+0,4.44030e+0,0,0,0,0,0,2.76781e-1,0,0,0,0,0,0,0,1.12759e-1,2.43192e+0,3.22637e-3,0,0,0,0,0,2.08918e+1
"Southeastern Asia","VNM","Viet Nam",1.57968e-2,0,5.02416e-4,0,1.36467e+0,0,0,0,1.54012e+2,1.00179e+2,1.22382e+1,0,0,0,0,0,0,0,0,0,0,0,0,0,0,0,0,0,0,0,0,0,0,2.02923e+2,5.72128e+1,1.75033e+3,0,0,0,0,7.00608e+0,3.38330e+1,3.00737e-1,0,0,0,0,0,0,2.51545e+1,2.14779e+2,0,0,0,0,0,0,2.55934e+3
"Indonesia +","IDN","Indonesia",1.87416e-2,1.13464e-1,3.14303e-1,3.47504e-3,3.17891e+0,2.59582e-3,2.02222e-2,0,6.84690e+2,6.79542e+1,3.82442e+2,0,0,0,0,0,1.82377e-2,0,0,0,0,0,0,0,0,0,0,0,0,0,0,0,0,6.85788e+2,3.60526e+1,2.73759e+3,0,0,0,0,9.18240e+0,1.02973e+2,4.14528e+1,0,3.40003e+2,0,0,0,0,1.16230e+2,5.55327e+2,1.65113e+0,0,0,0,0,0,5.76500e+3
"Indonesia +","PNG","Papua New Guinea",1.12667e-3,0,1.49431e-2,0,2.82640e-2,0,4.19044e-3,0,1.66354e+1,2.74060e-1,0,0,0,0,0,0,0,0,0,0,0,0,0,0,0,0,0,0,0,0,0,0,0,7.31275e+0,3.39319e+0,2.22015e-1,0,0,0,0,2.35942e+0,2.49152e-1,4.56974e+0,0,0,0,0,0,0,1.17060e+0,9.86025e+0,4.15111e-2,0,0,0,0,0,4.61366e+1
"Japan","JPN","Japan",3.73810e+0,6.57429e-1,9.83643e+0,3.63832e-2,1.26344e+1,1.98946e-1,1.61251e+0,1.18068e-2,3.42165e+1,5.22199e+2,2.86293e+1,0,0,0,0,0,4.80071e+0,1.18591e+1,0,0,0,0,0,0,0,0,0,0,0,0,0,0,0,3.38029e+2,1.72055e+2,2.08035e+3,0,0,0,0,0,4.34014e-1,2.46254e+0,1.05377e+0,0,0,0,0,0,2.53245e+2,3.78994e+2,1.97536e+2,6.80000e-1,0,0,0,0,4.05527e+3
"Oceania","ASM","American Samoa",0,0,0,0,0,0,0,0,3.30318e-5,0,0,0,0,0,0,0,0,0,0,0,0,0,0,0,0,0,0,0,0,0,0,0,0,1.87436e-2,1.18956e-1,0,0,0,0,0,0,1.50497e-5,0,0,0,0,0,0,0,1.40095e-1,3.53042e-2,0,0,0,0,0,0,3.13147e-1
"Oceania","ATF","French Southern Territories",0,0,0,0,0,0,0,0,0,0,0,0,0,0,0,0,0,0,0,0,0,0,0,0,0,0,0,0,0,0,0,0,0,0,0,0,0,0,0,0,0,0,0,0,0,0,0,0,0,0,0,0,0,0,0,0,0,0,
"Oceania","AUS","Australia",7.94618e-1,2.17394e-1,4.24470e+0,2.02222e-2,1.33318e+1,1.04053e-1,2.68751e-1,0,3.95357e+1,5.24881e+2,1.10353e+2,0,0,0,0,0,4.37700e-3,1.18822e+0,0,0,0,0,0,0,0,0,0,0,0,0,0,0,0,3.19444e+3,2.10672e+2,3.70799e+1,0,0,0,0,4.15152e+2,2.38799e+1,5.03559e+1,1.07702e+2,0,0,0,0,0,3.24907e+2,4.21268e+1,3.87156e-3,0,6.00000e-1,0,0,0,5.10186e+3
"Oceania","CCK","Cocos (Keeling) Islands",0,0,0,0,0,0,0,0,0,0,0,0,0,0,0,0,0,0,0,0,0,0,0,0,0,0,0,0,0,0,0,0,0,0,0,0,0,0,0,0,0,0,0,0,0,0,0,0,0,0,0,0,0,0,0,0,0,0,
"Oceania","COK","Cook Islands",0,0,0,0,0,0,0,0,8.45802e-3,0,0,0,0,0,0,0,0,0,0,0,0,0,0,0,0,0,0,0,0,0,0,0,0,7.51055e-2,3.68539e-2,0,0,0,0,0,0,3.85357e-3,0,0,0,0,0,0,0,0,2.50567e-2,0,0,0,0,0,0,1.49328e-1
"Oceania","CXR","Christmas Island",0,0,0,0,0,0,0,0,0,0,0,0,0,0,0,0,0,0,0,0,0,0,0,0,0,0,0,0,0,0,0,0,0,0,0,0,0,0,0,0,0,0,0,0,0,0,0,0,0,0,0,0,0,0,0,0,0,0,
"Oceania","FJI","Fiji",1.19744e-3,0,3.88618e-3,0,4.31983e-2,0,3.84537e-3,0,5.74729e-1,1.51443e-1,0,0,0,0,0,0,0,0,0,0,0,0,0,0,0,0,0,0,0,0,0,0,0,1.25347e+1,2.11149e+0,3.61021e+0,0,0,0,0,0,2.25219e-1,0,0,0,0,0,0,0,1.31847e+0,1.33674e+0,0,0,0,0,0,0,2.19151e+1
"Oceania","FSM","Micronesia, Federated States of",0,0,0,0,0,0,0,0,0,2.44950e-2,0,0,0,0,0,0,0,0,0,0,0,0,0,0,0,0,0,0,0,0,0,0,0,4.97450e-1,1.91467e-2,2.83154e-2,0,0,0,0,0,0,0,0,0,0,0,0,0,1.34921e-1,7.26409e-2,0,0,0,0,0,0,7.76969e-1
"Oceania","GUM","Guam",0,0,0,0,0,0,0,0,2.16893e-3,0,0,0,0,0,0,0,0,0,0,0,0,0,0,0,0,0,0,0,0,0,0,0,0,1.71772e-1,1.44143e-1,0,0,0,0,0,0,9.88189e-4,0,0,0,0,0,0,0,6.04755e-1,7.02081e-1,0,0,0,0,0,0,1.62591e+0
"Oceania","HMD","Heard Island and McDonald Islands",0,0,0,0,0,0,0,0,0,0,0,0,0,0,0,0,0,0,0,0,0,0,0,0,0,0,0,0,0,0,0,0,0,0,0,0,0,0,0,0,0,0,0,0,0,0,0,0,0,0,0,0,0,0,0,0,0,0,
"Oceania","KIR","Kiribati",1.46940e-5,0,2.41848e-4,0,1.04324e-3,0,5.55800e-5,0,1.34560e-2,1.11115e-2,0,0,0,0,0,0,0,0,0,0,0,0,0,0,0,0,0,0,0,0,0,0,0,1.00000e-2,4.08970e-2,0,0,0,0,0,0,5.93725e-3,0,0,0,0,0,0,0,1.10247e-1,1.04797e-1,0,0,0,0,0,0,2.97801e-1
"Oceania","MHL","Marshall Islands",0,0,0,0,0,0,0,0,0,0,0,0,0,0,0,0,0,0,0,0,0,0,0,0,0,0,0,0,0,0,0,0,0,0,0,0,0,0,0,0,0,0,0,0,0,0,0,0,0,1.03227e-1,2.77399e-2,0,0,0,0,0,0,1.30967e-1
"Oceania","MNP","Northern Mariana Islands",0,0,0,0,0,0,0,0,2.80360e-3,0,0,0,0,0,0,0,0,0,0,0,0,0,0,0,0,0,0,0,0,0,0,0,0,0,8.08711e-6,0,0,0,0,0,0,1.27735e-3,0,0,0,0,0,0,0,1.12950e-1,1.70890e-2,0,0,0,0,0,0,1.34128e-1
"Oceania","NCL","New Caledonia",3.71002e-4,0,1.19433e-3,0,4.03716e-2,0,1.83363e-3,0,1.83174e-1,2.51340e-2,0,0,0,0,0,0,0,0,0,0,0,0,0,0,0,0,0,0,0,0,0,0,0,6.66254e+0,7.18452e-1,0,0,0,0,0,0,2.78222e-3,0,0,0,0,0,0,0,7.20704e-1,1.49111e-1,0,0,0,0,0,0,8.50567e+0
"Oceania","NFK","Norfolk Island",0,0,0,0,0,0,0,0,0,0,0,0,0,0,0,0,0,0,0,0,0,0,0,0,0,0,0,0,0,0,0,0,0,0,0,0,0,0,0,0,0,0,0,0,0,0,0,0,0,0,3.97485e-3,0,0,0,0,0,0,3.97485e-3
"Oceania","NIU","Niue",0,0,0,0,0,0,0,0,1.05214e-4,8.52000e-4,0,0,0,0,0,0,0,0,0,0,0,0,0,0,0,0,0,0,0,0,0,0,0,4.48452e-2,1.88700e-2,0,0,0,0,0,0,4.79365e-5,0,0,0,0,0,0,0,3.76389e-3,6.72276e-3,0,0,0,0,0,0,7.52070e-2
"Oceania","NRU","Nauru",0,0,0,0,0,0,0,0,0,0,0,0,0,0,0,0,0,0,0,0,0,0,0,0,0,0,0,0,0,0,0,0,0,1.75000e-3,5.10237e-3,0,0,0,0,0,0,0,0,0,0,0,0,0,0,4.50492e-2,9.42171e-3,0,0,0,0,0,0,6.13233e-2
"Oceania","NZL","New Zealand",9.99834e-2,1.11717e-2,6.05252e-1,2.84703e-3,2.25771e+0,0,4.98229e-3,1.14300e-2,8.74332e+0,1.48533e+1,6.33021e+0,0,0,0,0,0,0,0,0,0,0,0,0,0,0,0,0,0,0,0,0,0,0,1.00586e+3,7.66718e+1,0,0,0,0,0,0,6.85769e-1,0,0,0,0,0,0,0,7.03211e+1,8.74853e+0,0,0,0,0,0,0,1.19521e+3
"Oceania","PCN","Pitcairn",0,0,0,0,0,0,0,0,0,0,0,0,0,0,0,0,0,0,0,0,0,0,0,0,0,0,0,0,0,0,0,0,0,0,0,0,0,0,0,0,0,0,0,0,0,0,0,0,0,0,1.08448e-3,0,0,0,0,0,0,1.08448e-3
"Oceania","PLW","Palau",0,0,0,0,0,0,0,0,0,0,0,0,0,0,0,0,0,0,0,0,0,0,0,0,0,0,0,0,0,0,0,0,0,0,0,0,0,0,0,0,0,0,0,0,0,0,0,0,0,0,3.45472e-2,0,0,0,0,0,0,3.45472e-2
"Oceania","PYF","French Polynesia",1.62438e-4,0,8.06242e-4,0,8.81121e-3,0,5.69877e-4,0,2.26615e-2,0,0,0,0,0,0,0,0,0,0,0,0,0,0,0,0,0,0,0,0,0,0,0,0,4.89694e-1,2.56028e-1,0,0,0,0,0,0,5.93719e-3,0,0,0,0,0,0,0,7.55625e-1,5.34020e-1,0,0,0,0,0,0,2.07432e+0
"Oceania","SLB","Solomon Islands",1.16877e-4,0,1.07014e-3,0,4.22995e-3,0,3.75557e-4,0,3.24061e-1,4.93095e-2,0,0,0,0,0,0,0,0,0,0,0,0,0,0,0,0,0,0,0,0,0,0,0,7.78285e+1,2.21740e+0,2.12011e-1,0,0,0,0,0,7.64261e-3,0,0,0,0,0,0,0,6.77758e-2,2.74690e-1,0,0,0,0,0,0,8.09871e+1
"Oceania","TKL","Tokelau",0,0,0,0,0,0,0,0,3.71796e-4,0,0,0,0,0,0,0,0,0,0,0,0,0,0,0,0,0,0,0,0,0,0,0,0,9.50000e-4,2.90769e-3,0,0,0,0,0,0,1.69395e-4,0,0,0,0,0,0,0,0,1.30829e-2,0,0,0,0,0,0,1.74818e-2
"Oceania","TON","Tonga",0,0,0,0,4.89597e-3,0,0,0,1.08487e-2,2.21875e-2,0,0,0,0,0,0,0,0,0,0,0,0,0,0,0,0,0,0,0,0,0,0,0,5.87874e-1,6.19365e-1,0,0,0,0,0,0,4.94276e-3,0,0,0,0,0,0,0,1.33332e-1,5.70679e-1,0,0,0,0,0,0,1.95412e+0
"Oceania","TUV","Tuvalu",0,0,0,0,0,0,0,0,0,0,0,0,0,0,0,0,0,0,0,0,0,0,0,0,0,0,0,0,0,0,0,0,0,5.50000e-3,1.60861e-2,0,0,0,0,0,0,0,0,0,0,0,0,0,0,4.85271e-3,4.67014e-2,0,0,0,0,0,0,7.31403e-2
"Oceania","VUT","Vanuatu",1.11643e-4,0,6.28047e-4,0,5.83613e-3,0,4.55252e-4,0,1.25176e-1,1.97025e-2,0,0,0,0,0,0,0,0,0,0,0,0,0,0,0,0,0,0,0,0,0,0,0,6.37413e+0,1.05924e+0,0,0,0,0,0,0,2.10669e-2,0,0,0,0,0,0,0,8.35388e-2,5.17649e-1,0,0,0,0,0,0,8.20753e+0
"Oceania","WLF","Wallis and Futuna",0,0,0,0,0,0,0,0,2.26213e-3,0,0,0,0,0,0,0,0,0,0,0,0,0,0,0,0,0,0,0,0,0,0,0,0,5.71907e-2,2.83528e-2,0,0,0,0,0,0,1.03065e-3,0,0,0,0,0,0,0,0,5.52476e-2,0,0,0,0,0,0,1.44084e-1
"Oceania","WSM","Samoa",5.87658e-5,0,7.16808e-4,0,7.74679e-3,0,3.16043e-4,0,2.14799e-1,2.35720e-2,0,0,0,0,0,0,0,0,0,0,0,0,0,0,0,0,0,0,0,0,0,0,0,1.45720e+0,6.33676e-1,0,0,0,0,0,0,2.23022e-3,0,0,0,0,0,0,0,2.03992e-1,8.55421e-1,0,0,0,0,0,0,3.39973e+0
"Antartica","ATA","Antarctica",0,0,0,0,0,0,0,0,0,0,0,0,0,0,0,0,0,0,0,0,0,0,0,0,0,0,0,0,0,0,0,0,0,0,0,0,0,0,0,0,0,0,0,0,0,0,0,0,0,0,0,0,0,0,0,0,0,0,
"Int. Shipping","SEA","Int. Shipping",0,0,0,0,0,0,0,0,0,0,2.59668e+0,0,2.99418e+1,0,0,0,0,0,0,0,0,0,0,0,0,0,0,0,0,0,0,0,0,0,0,0,0,0,0,0,0,0,0,0,0,0,0,0,0,0,0,0,0,0,0,0,0,3.25385e+1
"Int. Aviation","AIR","Int. Aviation",0,0,0,0,0,0,0,0,0,0,0,1.23942e+0,0,0,0,0,0,0,0,0,0,0,0,0,0,0,0,0,0,0,0,0,0,0,0,0,0,0,0,0,0,0,0,0,0,0,0,0,0,0,0,0,0,0,0,0,0,1.23942e+0

"TOTALS",,,4.66723e+1,1.98339e+1,2.59466e+2,1.27188e+0,8.12081e+2,9.37074e+0,9.93557e+0,2.50170e+0,1.05051e+4,2.90931e+4,3.56942e+4,1.23942e+0,2.99418e+1,0,0,0,5.00810e+1,1.10865e+2,0,0,0,0,0,0,0,0,0,0,0,0,0,0,0,7.75966e+4,9.68924e+3,4.82811e+4,0,0,0,0,5.73594e+3,9.29372e+2,6.42967e+3,5.72994e+2,3.40003e+2,0,0,0,0,1.85321e+4,1.68764e+4,2.83789e+2,6.83036e-1,1.46820e+2,0,0,0,02.62060e+5