"Content:","Emissions by country and main source category" 
"Compound:","CH4"
"Year: ","2007"
"Unit:","Gg CH4"
"Source:","European Commission, Joint Research Centre (JRC)/PBL Netherlands Environmental Assessment Agency. Emission Database for Global Atmospheric Research (EDGAR), release version 4.2. http://edgar.jrc.ec.europe.eu, 2010" 
"Dataset:","v4.2_EM_CH4_300911(edgar)"
"Date calculated:","November 30, 1999, 12:00 am"

,,,"Public electricity and heat production","Other Energy Industries","Manufacturing Industries and Construction","Domestic aviation","Road transportation","Rail transportation","Inland navigation","Other transportation","Residential and other sectors","Fugitive emissions from solid fuels","Fugitive emissions from oil and gas","Memo: International aviation","Memo: International navigation","Cement production","Lime production","Production of other minerals","Production of chemicals","Production of metals","Production of pulp/paper/food/drink","Production of halocarbons and SF6","Refrigeration and Air Conditioning","Foam Blowing","Fire Extinguishers","Aerosols","F-gas as Solvent","Semiconductor/Electronics Manufacture","Electrical Equipment","Other F-gas use","Non-energy use of lubricants/waxes (CO2)","Solvent and other product use: paint","Solvent and other product use: degrease","Solvent and other product use: chemicals","Solvent and other product use: other","Enteric fermentation","Manure management","Rice cultivation","Direct soil emissions","Manure in pasture/range/paddock","Indirect N2O from agriculture","Other direct soil emissions","Savanna burning","Agricultural waste burning","Forest fires","Grassland fires","Peat fires and decay of drained peatland","Other vegetation fires","Other biomass burning","Forest Fires-Post burn decay","Forest Land: net carbon stock change","Solid waste disposal on land","Wastewater handling","Waste incineration","Other waste handling","Fossil fuel fires","Indirect N2O from non-agricultural NOx","Indirect N2O from non-agricultural NH3","Other sources",

"World Region","ISO_A3","Country","1A1a","1A1bc","1A2","1A3a","1A3b","1A3c","1A3d","1A3e","1A4","1B1","1B2","1C1","1C2","2A1","2A2","2A7","2B","2C","2D","2E","2F1","2F2","2F3","2F4","2F5","2F7","2F8","2F9","2G","3A","3B","3C","3D","4A","4B","4C","4D1","4D2","4D3","4D4","4E","4F","5A","5C","5D","5F","5F1","5F2","5FL","6A","6B","6C","6D","7A","7B","7C","7D","TOTAL" 
"Canada","CAN","Canada",4.05053e+0,2.54113e+0,1.21313e+1,1.13006e-1,9.21652e+0,3.39307e-1,5.21998e-1,1.73345e-1,5.45487e+1,9.50098e+1,2.04718e+3,0,0,0,0,0,3.78571e+0,1.35392e-1,0,0,0,0,0,0,0,0,0,0,0,0,0,0,0,1.04580e+3,2.77953e+2,0,0,0,0,0,0,7.94182e+0,2.64656e+1,5.99532e+0,0,0,0,0,0,1.32257e+3,2.11552e+2,2.41387e-1,1.33818e+1,0,0,0,0,5.14165e+3
"USA","SPM","Saint Pierre and Miquelon",0,0,6.25428e-3,0,0,0,5.34650e-5,1.20482e-4,0,0,0,0,0,0,0,0,0,0,0,0,0,0,0,0,0,0,0,0,0,0,0,0,0,3.80584e-3,2.60141e-3,0,0,0,0,0,0,0,0,0,0,0,0,0,0,5.29892e-2,1.29184e-2,9.22187e-4,5.67500e-4,0,0,0,0,8.02327e-2
"USA","UMI","United States Minor Outlying Islands",0,0,0,0,0,0,0,0,0,0,0,0,0,0,0,0,0,0,0,0,0,0,0,0,0,0,0,0,0,0,0,0,0,0,0,0,0,0,0,0,0,0,0,0,0,0,0,0,0,0,0,0,0,0,0,0,0,0,
"USA","USA","United States",5.90531e+1,8.77510e+0,6.13881e+1,1.30476e+0,1.05877e+2,2.24539e+0,1.12124e+0,7.59590e-1,2.96090e+2,4.04418e+3,5.70479e+3,0,0,0,0,0,2.63538e+1,8.25127e-1,0,0,0,0,0,0,0,0,0,0,0,0,0,0,0,6.65979e+3,2.17584e+3,4.01585e+2,0,0,0,0,1.84695e-1,3.81459e+1,3.87074e+0,4.42942e+0,0,0,0,0,0,5.28362e+3,8.82523e+2,0,7.91684e+1,1.50000e+1,0,0,0,2.58569e+4
"Mexico","MEX","Mexico",3.77161e+0,1.92529e+0,3.59154e+0,4.38899e-4,2.02054e+1,1.06511e-1,2.49880e-1,0,7.62890e+1,3.91172e+1,1.71227e+3,0,0,0,0,0,5.63086e+0,2.63948e-1,0,0,0,0,0,0,0,0,0,0,0,0,0,0,0,2.28986e+3,2.32454e+2,6.30984e+0,0,0,0,0,9.32544e+0,3.29650e+1,1.57887e+1,5.85845e-2,0,0,0,0,0,4.76191e+2,5.03532e+2,0,0,0,0,0,0,5.42991e+3
"Rest Central America","ABW","Aruba",1.71266e-3,0,1.00117e-2,0,7.62777e-3,0,0,4.28970e-7,2.28713e-2,1.42600e-2,5.69510e-3,0,0,0,0,0,0,0,0,0,0,0,0,0,0,0,0,0,0,0,0,0,0,3.39370e-2,4.18740e-3,0,0,0,0,0,0,0,0,0,0,0,0,0,0,4.84942e-1,4.26496e-1,0,0,0,0,0,0,1.01174e+0
"Rest Central America","AIA","Anguilla",2.09787e-4,0,1.22633e-3,0,0,0,0,0,1.02371e-4,9.14500e-2,0,0,0,0,0,0,0,0,0,0,0,0,0,0,0,0,0,0,0,0,0,0,0,0,0,0,0,0,0,0,0,0,0,0,0,0,0,0,0,1.21032e-2,4.01357e-2,0,0,0,0,0,0,1.45227e-1
"Rest Central America","ANT","Netherlands Antilles",0,9.48574e-2,1.74306e-2,1.29267e-3,7.71396e-2,0,0,0,3.46230e-2,2.32190e-2,2.92106e+0,0,0,0,0,0,0,0,0,0,0,0,0,0,0,0,0,0,0,0,0,0,0,1.82382e-1,8.64364e-3,0,0,0,0,0,0,0,0,0,0,0,0,0,0,1.67599e+0,7.85387e-1,0,0,0,0,0,0,5.82202e+0
"Rest Central America","ATG","Antigua and Barbuda",4.37014e-3,0,8.72479e-3,2.21229e-5,1.51948e-2,0,0,3.60975e-6,1.16382e-2,0,1.31112e-2,0,0,0,0,0,0,0,0,0,0,0,0,0,0,0,0,0,0,0,0,0,0,1.17246e+0,2.60485e-2,0,0,0,0,0,0,1.61792e-3,0,0,0,0,0,0,0,3.67827e-1,3.17697e-1,0,0,0,0,0,0,1.93871e+0
"Rest Central America","BHS","Bahamas",2.76113e-2,0,4.27242e-2,1.05171e-3,1.12227e-1,0,4.71733e-4,1.22446e-3,9.17528e-2,9.14500e-2,9.74834e-2,0,0,0,0,0,0,0,0,0,0,0,0,0,0,0,0,0,0,0,0,0,0,1.63323e-1,3.83025e-2,0,0,0,0,0,0,2.29773e-3,0,0,0,0,0,0,0,7.74554e+0,1.40468e+0,0,0,0,0,0,0,9.82014e+0
"Rest Central America","BLZ","Belize",1.23163e-2,0,2.78195e-2,1.04966e-5,6.25596e-2,0,1.59438e-4,3.56880e-4,1.03061e+0,6.32710e-2,2.25234e-2,0,0,0,0,0,0,0,0,0,0,0,0,0,0,0,0,0,0,0,0,0,0,3.85997e+0,1.31485e-1,3.45007e-1,0,0,0,0,4.10664e-1,4.73332e-1,0,0,0,0,0,0,0,1.30029e+0,1.39460e+0,0,0,0,0,0,0,9.13498e+0
"Rest Central America","BMU","Bermuda",7.65959e-3,0,7.17826e-3,8.71326e-5,1.49988e-2,0,1.14755e-4,2.58198e-4,6.18115e-3,0,1.44530e-2,0,0,0,0,0,0,0,0,0,0,0,0,0,0,0,0,0,0,0,0,0,0,6.43278e-2,2.66760e-3,0,0,0,0,0,0,4.15523e-5,0,0,0,0,0,0,0,9.89019e-1,2.72126e-1,0,0,0,0,0,0,1.37911e+0
"Rest Central America","BRB","Barbados",1.00789e-2,1.42537e-3,3.02852e-2,5.07986e-5,3.78120e-2,0,1.14863e-4,2.84965e-4,2.27664e-2,2.68770e-2,2.94626e-1,0,0,0,0,0,0,0,0,0,0,0,0,0,0,0,0,0,0,0,0,0,0,7.53699e-1,7.94524e-2,0,0,0,0,0,0,1.09397e-1,0,0,0,0,0,0,0,2.00140e+0,1.54029e+0,0,0,0,0,0,0,4.90857e+0
"Rest Central America","CRI","Costa Rica",3.30901e-2,3.08925e-3,5.99987e-1,0,4.05787e-1,0,3.51548e-3,0,1.99783e+0,1.82900e-1,9.05717e+0,0,0,0,0,0,0,0,0,0,0,0,0,0,0,0,0,0,0,0,0,0,0,6.14378e+1,2.84347e+0,6.24752e+0,0,0,0,0,6.47386e-1,1.13710e+0,0,0,0,0,0,0,0,2.72385e+0,2.00427e+1,0,0,0,0,0,0,1.07363e+2
"Rest Central America","CUB","Cuba",4.40800e-1,2.21860e-3,1.23025e+0,0,9.10452e-2,0,0,0,5.27658e+0,5.12120e+0,2.81998e+1,0,0,0,0,0,0,0,0,0,0,0,0,0,0,0,0,0,0,0,0,0,0,2.16642e+2,8.29413e+0,1.65932e+1,0,0,0,0,3.85385e+0,4.21095e+0,0,0,0,0,0,0,0,6.56446e+1,5.41623e+1,0,0,0,0,0,0,4.09763e+2
"Rest Central America","CYM","Cayman Islands",5.42879e-3,0,4.92486e-3,1.57286e-5,1.26905e-2,0,0,2.39100e-6,6.28657e-3,0,9.05739e-3,0,0,0,0,0,0,0,0,0,0,0,0,0,0,0,0,0,0,0,0,0,0,7.78915e-2,4.11749e-3,0,0,0,0,0,0,1.11770e-5,0,0,0,0,0,0,0,9.17519e-1,1.94165e-1,0,0,0,0,0,0,1.23211e+0
"Rest Central America","DMA","Dominica",2.31169e-3,0,7.88668e-3,3.93501e-6,1.97124e-2,0,2.99926e-5,6.74832e-5,1.47058e-3,2.22270e-2,3.24996e-3,0,0,0,0,0,0,0,0,0,0,0,0,0,0,0,0,0,0,0,0,0,0,8.94046e-1,2.21270e-2,0,0,0,0,0,0,2.37416e-3,0,0,0,0,0,0,0,5.18400e-1,3.69409e-1,0,0,0,0,0,0,1.86332e+0
"Rest Central America","DOM","Dominican Republic",1.19560e-1,4.59800e-3,6.06476e-1,0,5.00398e-1,0,0,2.23630e-2,1.55853e+1,3.59398e+1,6.88510e-1,0,0,0,0,0,0,0,0,0,0,0,0,0,0,0,0,0,0,0,0,0,0,1.46798e+2,4.67594e+0,2.48814e+1,0,0,0,0,1.70485e+0,2.00046e+0,0,0,0,0,0,0,0,4.75892e+1,3.85567e+1,5.59381e-1,0,0,0,0,0,3.20233e+2
"Rest Central America","GLP","Guadeloupe",1.45123e-2,0,4.86799e-2,3.58950e-4,6.76936e-2,0,0,1.75635e-5,4.97101e-1,1.87550e-1,4.68254e-2,0,0,0,0,0,0,0,0,0,0,0,0,0,0,0,0,0,0,0,0,0,0,4.38401e+0,1.17274e-1,0,0,0,0,0,0,2.07101e-1,0,0,0,0,0,0,0,3.45112e+0,2.05983e+0,0,0,0,0,0,0,1.10821e+1
"Rest Central America","GRD","Grenada",4.29377e-3,0,1.03323e-2,2.34805e-5,2.47559e-2,0,2.61024e-4,7.50779e-4,4.80774e-2,1.57294e-1,6.29095e-3,0,0,0,0,0,0,0,0,0,0,0,0,0,0,0,0,0,0,0,0,0,0,3.47175e-1,1.26357e-2,0,0,0,0,0,0,4.63458e-3,0,0,0,0,0,0,0,4.56398e-1,5.76295e-1,0,0,0,0,0,0,1.64922e+0
"Rest Central America","GTM","Guatemala",2.19696e-1,0,1.07468e-1,0,5.35838e-1,0,0,8.36000e-5,4.85002e+1,3.29220e+0,1.86284e+0,0,0,0,0,0,0,0,0,0,0,0,0,0,0,0,0,0,0,0,0,0,0,1.46363e+2,3.63764e+0,1.72059e+0,0,0,0,0,4.37947e+0,6.87451e+0,9.51463e+0,0,0,0,0,0,0,1.93286e+1,5.46414e+1,0,0,0,0,0,0,3.00978e+2
"Rest Central America","HND","Honduras",1.73962e-1,0,2.25762e-1,0,4.75205e-1,0,0,0,1.77890e+1,2.35941e+0,0,0,0,0,0,0,0,0,0,0,0,0,0,0,0,0,0,0,0,0,0,0,0,1.86575e+2,4.02688e+0,5.06388e-1,0,0,0,0,1.03821e+0,2.40127e+0,0,0,0,0,0,0,0,7.89667e+0,2.94944e+1,0,0,0,0,0,0,2.52962e+2
"Rest Central America","HTI","Haiti",7.91304e-3,0,4.40656e-1,0,1.98584e-1,0,0,2.57070e-2,1.93383e+1,2.10335e+1,0,0,0,0,0,0,0,0,0,0,0,0,0,0,0,0,0,0,0,0,0,0,0,9.57875e+1,3.98266e+0,6.33356e+0,0,0,0,0,3.44616e-1,8.84172e-1,0,0,0,0,0,0,0,1.87761e+1,4.39572e+1,0,0,0,0,0,0,2.11111e+2
"Rest Central America","JAM","Jamaica",2.07677e-1,1.80370e-4,2.03691e-2,0,4.41206e-1,0,0,5.84364e-2,2.75190e+0,3.65800e+0,2.16089e-1,0,0,0,0,0,0,0,0,0,0,0,0,0,0,0,0,0,0,0,0,0,0,2.97601e+1,8.76252e-1,2.22490e-3,0,0,0,0,0,8.28527e-1,0,0,0,0,0,0,0,1.15974e+1,1.25523e+1,0,0,0,0,0,0,6.29707e+1
"Rest Central America","KNA","Saint Kitts and Nevis",2.14831e-3,0,4.36378e-3,3.05563e-5,4.76368e-3,0,9.55204e-5,2.14648e-4,2.95191e-3,0,2.82719e-3,0,0,0,0,0,0,0,0,0,0,0,0,0,0,0,0,0,0,0,0,0,0,4.44569e-1,1.12925e-2,0,0,0,0,0,0,3.16542e-2,0,0,0,0,0,0,0,7.71254e-1,2.54849e-1,0,0,0,0,0,0,1.53101e+0
"Rest Central America","LCA","Saint Lucia",7.72007e-3,0,1.64027e-2,6.51200e-6,2.46625e-2,0,3.12966e-5,7.04175e-5,1.74067e-2,3.00080e-2,9.99945e-3,0,0,0,0,0,0,0,0,0,0,0,0,0,0,0,0,0,0,0,0,0,0,8.57119e-1,3.46905e-2,0,0,0,0,0,0,8.88870e-3,0,0,0,0,0,0,0,1.92615e-1,7.96061e-1,0,0,0,0,0,0,1.99568e+0
"Rest Central America","MSR","Montserrat",7.72596e-4,0,5.00567e-4,4.44575e-6,4.81823e-3,0,2.77982e-3,2.41762e-4,7.53130e-2,0,1.68129e-3,0,0,0,0,0,0,0,0,0,0,0,0,0,0,0,0,0,0,0,0,0,0,6.20405e-1,1.37480e-2,0,0,0,0,0,0,4.87227e-5,0,0,0,0,0,0,0,8.79998e-3,3.53958e-2,0,0,0,0,0,0,7.64509e-1
"Rest Central America","MTQ","Martinique",2.16485e-2,0,4.50242e-2,3.34206e-4,6.29921e-2,0,1.82566e-5,6.81765e-5,7.83759e-2,1.63866e-1,5.29023e-2,0,0,0,0,0,0,0,0,0,0,0,0,0,0,0,0,0,0,0,0,0,0,1.67062e+0,5.51006e-2,0,0,0,0,0,0,7.49312e-2,0,0,0,0,0,0,0,5.51973e+0,1.72190e+0,0,0,0,0,0,0,9.46751e+0
"Rest Central America","NIC","Nicaragua",1.86816e-1,1.08680e-3,2.71878e-1,0,2.30226e-1,0,9.07060e-3,0,1.79889e+1,8.23050e-1,2.07316e-1,0,0,0,0,0,0,0,0,0,0,0,0,0,0,0,0,0,0,0,0,0,0,1.94424e+2,5.08559e+0,1.29074e+1,0,0,0,0,9.58298e-1,1.99942e+0,0,0,0,0,0,0,0,2.75098e+1,2.87163e+1,0,0,0,0,0,0,2.91319e+2
"Rest Central America","PAN","Panama",3.67679e-2,0,1.48390e-1,0,4.71267e-1,0,0,6.55842e-2,4.91622e+0,4.57250e-1,0,0,0,0,0,0,0,0,0,0,0,0,0,0,0,0,0,0,0,0,0,0,0,1.11120e+2,2.59343e+0,9.73022e+0,0,0,0,0,6.35347e-1,8.17694e-1,0,0,0,0,0,0,0,1.26766e+1,1.45482e+1,0,0,0,0,0,0,1.58217e+2
"Rest Central America","PRI","Puerto Rico",0,0,2.43477e-3,0,0,0,7.56336e-5,1.92799e-4,0,0,0,0,0,0,0,0,0,0,0,0,0,0,0,0,0,0,0,0,0,0,0,0,0,2.35349e+1,6.99536e-1,0,0,0,0,0,0,1.39132e-2,0,0,0,0,0,0,0,6.53322e+1,1.72769e+1,0,0,0,0,0,0,1.06860e+2
"Rest Central America","SLV","El Salvador",1.62224e-1,7.10600e-4,3.66753e-1,0,2.81772e-1,0,0,0,1.69523e+1,4.38960e+0,2.67024e-1,0,0,0,0,0,0,0,0,0,0,0,0,0,0,0,0,0,0,0,0,0,0,7.44118e+1,2.45443e+0,4.28961e-1,0,0,0,0,7.01772e-1,2.10806e+0,0,0,0,0,0,0,0,1.48650e+1,2.99333e+1,0,0,0,0,0,0,1.47324e+2
"Rest Central America","TCA","Turks and Caicos Islands",4.77516e-4,0,2.78796e-3,0,4.61928e-4,0,2.99926e-5,6.74832e-5,7.60319e-4,9.70300e-3,6.06199e-5,0,0,0,0,0,0,0,0,0,0,0,0,0,0,0,0,0,0,0,0,0,0,0,0,0,0,0,0,0,0,0,0,0,0,0,0,0,0,1.22629e-1,1.14214e-1,0,0,0,0,0,0,2.51192e-1
"Rest Central America","TTO","Trinidad and Tobago",3.40340e-1,3.93215e-1,1.09056e-1,0,2.35305e-1,0,0,0,6.96048e-1,1.73755e-1,5.57019e+2,0,0,0,0,0,1.40271e+1,0,0,0,0,0,0,0,0,0,0,0,0,0,0,0,0,2.39534e+0,3.77425e-1,1.47733e-1,0,0,0,0,0,4.32903e-1,0,0,0,0,0,0,0,1.26170e+1,5.31887e+1,0,0,0,0,0,0,6.42153e+2
"Rest Central America","VCT","Saint Vincent and the Grenadines",4.64500e-3,0,1.20233e-2,6.45787e-6,9.42154e-3,0,0,8.33250e-7,2.66169e-2,3.25500e-2,4.89508e-3,0,0,0,0,0,0,0,0,0,0,0,0,0,0,0,0,0,0,0,0,0,0,4.08165e-1,1.81755e-2,0,0,0,0,0,0,1.36137e-2,0,0,0,0,0,0,0,6.75500e-1,5.43007e-1,0,0,0,0,0,0,1.74862e+0
"Rest Central America","VGB","Virgin Islands_British",1.23413e-3,0,2.27274e-3,3.66774e-6,4.54197e-3,0,0,0,2.34064e-3,5.48700e-3,1.72255e-3,0,0,0,0,0,0,0,0,0,0,0,0,0,0,0,0,0,0,0,0,0,0,4.96543e-1,2.81092e-2,0,0,0,0,0,0,0,0,0,0,0,0,0,0,2.48546e-1,8.54131e-2,0,0,0,0,0,0,8.76214e-1
"Rest Central America","VIR","Virgin Islands_USA",0,0,0,0,0,0,0,0,0,0,0,0,0,0,0,0,0,0,0,0,0,0,0,0,0,0,0,0,0,0,0,0,0,4.42400e-2,8.57493e-3,0,0,0,0,0,0,9.76957e-2,0,0,0,0,0,0,0,1.42733e+0,4.76329e-1,0,0,0,0,0,0,2.05417e+0
"Brazil","BRA","Brazil",4.67371e+0,1.40266e+1,4.16543e+1,3.87070e-2,1.79556e+1,9.58243e-2,3.27145e-1,0,1.44801e+2,7.63823e+2,8.84601e+2,0,0,0,0,0,2.48408e+0,3.76582e+0,0,0,0,0,0,0,0,0,0,0,0,0,0,0,0,1.36906e+4,3.10814e+2,4.12920e+2,0,0,0,0,1.88572e+1,2.61685e+2,1.73465e+2,4.80847e-2,0,0,0,0,0,6.99125e+2,2.19227e+3,9.71958e+0,3.58876e+0,0,0,0,0,1.96513e+4
"Rest South America","ARG","Argentina",1.61726e+0,7.66640e-1,2.81965e+0,1.78148e-2,6.92881e+0,0,9.52497e-3,0,4.62470e+0,2.70586e+1,7.78272e+2,0,0,0,0,0,1.27054e+0,1.46986e-1,0,0,0,0,0,0,0,0,0,0,0,0,0,0,0,3.27263e+3,6.14777e+1,2.13887e+1,0,0,0,0,2.95937e+0,6.50717e+1,8.55331e+0,2.09605e+1,0,0,0,0,0,1.13019e+2,2.66771e+2,0,0,0,0,0,0,4.65636e+3
"Rest South America","BOL","Bolivia",2.02955e-1,7.10658e-2,6.30428e-1,1.91546e-3,4.79137e-1,3.51848e-3,2.93076e-3,0,1.04392e+1,1.55465e+0,3.90538e+2,0,0,0,0,0,0,0,0,0,0,0,0,0,0,0,0,0,0,0,0,0,0,4.31271e+2,1.22049e+1,2.86271e+1,0,0,0,0,4.00207e-1,4.68330e+0,6.59034e+0,0,0,0,0,0,0,1.83842e+1,4.36109e+1,0,0,0,0,0,0,9.49696e+2
"Rest South America","BVT","Bouvet Island",0,0,0,0,0,0,0,0,0,0,0,0,0,0,0,0,0,0,0,0,0,0,0,0,0,0,0,0,0,0,0,0,0,0,0,0,0,0,0,0,0,0,0,0,0,0,0,0,0,0,0,0,0,0,0,0,0,0,
"Rest South America","CHL","Chile",6.89037e-1,9.28638e-2,2.53826e+0,1.65580e-2,2.15997e+0,3.46940e-3,5.14683e-1,0,3.75022e+1,2.56470e+1,1.29283e+2,0,0,0,0,0,8.07110e+0,0,0,0,0,0,0,0,0,0,0,0,0,0,0,0,0,3.42453e+2,1.35394e+1,2.68768e+0,0,0,0,0,0,1.77184e+0,7.32173e-1,1.18368e+1,0,0,0,0,0,2.46662e+1,2.51625e+2,0,0,0,0,0,0,8.55829e+2
"Rest South America","COL","Colombia",3.07639e-1,2.30595e-1,3.00445e+0,7.10600e-4,3.28787e+0,5.55104e-3,6.32016e-2,0,2.66706e+1,1.94077e+2,3.27432e+2,0,0,0,0,0,5.74645e-2,3.60850e-2,0,0,0,0,0,0,0,0,0,0,0,0,0,0,0,1.77588e+3,4.30974e+1,8.80155e+1,0,0,0,0,5.50440e+1,1.21073e+1,8.16741e+1,0,0,0,0,0,0,1.07555e+2,2.14773e+2,0,0,0,0,0,0,2.93332e+3
"Rest South America","ECU","Ecuador",1.06345e-1,4.64292e-2,1.38065e-1,6.26999e-5,1.89393e+0,0,1.26111e-1,0,7.58184e+0,8.32195e+0,1.41927e+2,0,0,0,0,0,7.47000e-5,0,0,0,0,0,0,0,0,0,0,0,0,0,0,0,0,3.52887e+2,9.30937e+0,9.52881e+1,0,0,0,0,7.62430e-2,4.46712e+0,7.94369e-1,0,0,0,0,0,0,2.63454e+1,6.17558e+1,0,0,0,0,0,0,7.11066e+2
"Rest South America","FLK","Falkland Islands (Malvinas)",7.71256e-4,0,3.50689e-4,4.95312e-6,7.85566e-4,0,1.30401e-5,2.93401e-5,2.94877e-4,9.23800e-3,8.23869e-4,0,0,0,0,0,0,0,0,0,0,0,0,0,0,0,0,0,0,0,0,0,0,3.75922e+0,7.45571e-2,0,0,0,0,0,0,0,0,0,0,0,0,0,0,2.83732e-2,1.33180e-2,1.09192e-4,2.01586e-5,0,0,0,0,3.88791e+0
"Rest South America","GUF","French Guiana",7.77778e-3,0,2.21273e-2,3.00145e-4,1.79155e-2,0,4.82491e-5,1.09651e-4,4.46504e-1,5.57845e-1,2.41234e-2,0,0,0,0,0,0,0,0,0,0,0,0,0,0,0,0,0,0,0,0,0,0,5.37093e-1,3.14128e-2,1.32366e+0,0,0,0,0,0,1.05524e-2,4.09208e-1,0,0,0,0,0,0,1.03617e+0,9.56606e-1,3.35189e-3,6.18812e-4,0,0,0,0,5.38543e+0
"Rest South America","GUY","Guyana",3.00187e-2,0,7.80816e-2,5.87524e-5,4.44102e-2,0,0,6.01500e-7,3.01821e+0,2.07607e-1,3.72562e-2,0,0,0,0,0,0,0,0,0,0,0,0,0,0,0,0,0,0,0,0,0,0,7.00413e+0,6.04425e-1,3.50073e+1,0,0,0,0,1.12090e+0,1.30151e+0,5.34084e+0,0,0,0,0,0,0,1.60218e+0,4.24996e+0,4.97403e-3,9.18284e-4,0,0,0,0,5.96528e+1
"Rest South America","PER","Peru",4.25465e-1,9.12146e-2,4.60176e-1,2.09000e-5,1.44803e+0,0,4.97420e-3,1.71380e-3,2.50840e+1,9.81458e+0,6.30698e+1,0,0,0,0,0,3.00000e-4,2.43420e-1,0,0,0,0,0,0,0,0,0,0,0,0,0,0,0,3.89311e+2,1.29037e+1,1.20789e+2,0,0,0,0,2.73410e-1,5.28187e+0,2.02803e+0,0,0,0,0,0,0,6.43539e+1,1.26746e+2,0,0,0,0,0,0,8.22331e+2
"Rest South America","PRY","Paraguay",0,0,1.77441e+0,0,2.87299e-1,0,4.97380e-20,7.52400e-4,2.05656e+1,5.87109e+1,2.19000e-4,0,0,0,0,0,0,0,0,0,0,0,0,0,0,0,0,0,0,0,0,0,0,5.16697e+2,1.21023e+1,4.40826e+0,0,0,0,0,8.47466e+0,6.87575e+0,3.80701e+0,1.06971e+0,0,0,0,0,0,2.43040e+1,3.11383e+1,0,0,0,0,0,0,6.90216e+2
"Rest South America","SGS","South Georgia and the South Sandwich Islands",0,0,0,0,0,0,0,0,0,0,0,0,0,0,0,0,0,0,0,0,0,0,0,0,0,0,0,0,0,0,0,0,0,0,0,0,0,0,0,0,0,0,0,0,0,0,0,0,0,0,0,0,0,0,0,0,0,0,
"Rest South America","SUR","Suriname",1.89771e-2,0,5.02527e-2,7.19274e-5,3.67318e-2,0,2.57655e-4,5.54587e-4,1.81174e-1,6.40150e-1,4.14840e-2,0,0,0,0,0,0,0,0,0,0,0,0,0,0,0,0,0,0,0,0,0,0,6.82904e+0,2.60737e-1,1.52691e+1,0,0,0,0,0,2.08243e-1,2.23674e-1,0,0,0,0,0,0,2.26879e+0,2.47908e+0,7.42579e-3,1.37091e-3,0,0,0,0,2.85171e+1
"Rest South America","URY","Uruguay",5.09796e-2,7.22381e-3,2.49421e-1,1.04500e-4,2.85731e-1,0,0,0,3.92240e+0,1.08002e+1,1.23282e+1,0,0,0,0,0,0,2.20000e-4,0,0,0,0,0,0,0,0,0,0,0,0,0,0,0,8.17684e+2,1.48954e+1,6.38424e+1,0,0,0,0,0,2.23609e+0,0,1.97862e+0,0,0,0,0,0,2.27680e+1,1.69142e+1,0,0,0,0,0,0,9.67963e+2
"Rest South America","VEN","Venezuela",5.62561e-1,1.14642e+0,1.25734e+0,0,1.08906e+1,2.25511e-3,0,6.49225e-3,1.09725e+1,1.33363e+2,1.03684e+3,0,0,0,0,0,3.18400e+0,1.59806e-1,0,0,0,0,0,0,0,0,0,0,0,0,0,0,0,1.11217e+3,2.93709e+1,3.36701e+1,0,0,0,0,8.17726e+1,5.31872e+0,1.88494e+2,0,0,0,0,0,0,1.31538e+2,1.34580e+2,0,0,0,0,0,0,2.91529e+3
"Northern_Africa","DZA","Algeria",1.08829e+0,5.31458e-1,2.89371e-1,0,2.33327e+0,0,0,2.55081e-2,2.93184e+1,5.96801e+1,1.66739e+3,0,0,0,0,0,2.27524e-1,1.34697e-1,0,0,0,0,0,0,0,0,0,0,0,0,0,0,0,2.12654e+2,8.79443e+0,2.54516e-2,0,0,0,0,0,1.45561e-1,7.65038e-2,0,0,0,0,0,0,1.04187e+2,1.29640e+2,0,0,0,0,0,0,2.21654e+3
"Northern_Africa","EGY","Egypt",1.45064e+0,6.03869e-1,2.06588e+0,1.22056e-2,4.63478e+0,0,1.26696e-1,0,6.35332e+1,1.22243e+2,1.09629e+3,0,0,0,0,0,2.06175e-2,2.44145e-1,0,0,0,0,0,0,0,0,0,0,0,0,0,0,0,5.21605e+2,1.56885e+1,1.80407e+2,0,0,0,0,0,6.26955e-1,0,0,0,0,0,0,0,1.36044e+2,2.46414e+2,0,0,0,0,0,0,2.39201e+3
"Northern_Africa","ESH","Western Sahara",1.09331e-3,6.43922e-5,1.59743e-2,6.89195e-5,8.58096e-3,3.10524e-6,0,0,2.31883e-2,0,3.50881e-2,0,0,0,0,0,0,0,0,0,0,0,0,0,0,0,0,0,0,0,0,0,0,1.07632e+1,2.94205e-1,0,0,0,0,0,0,7.08118e-5,0,0,0,0,0,0,0,4.99450e-1,1.57424e+0,0,0,0,0,0,0,1.32152e+1
"Northern_Africa","LBY","Libyan Arab Jamahiriya",6.66561e-1,7.06517e-2,9.60146e-2,8.89694e-5,1.86917e+0,0,0,0,2.16503e+0,9.11592e+0,7.27992e+2,0,0,0,0,0,1.89117e+0,0,0,0,0,0,0,0,0,0,0,0,0,0,0,0,0,3.83119e+1,1.71109e+0,0,0,0,0,0,0,9.42245e-3,6.30302e-3,0,0,0,0,0,0,3.02789e+1,2.46288e+1,0,0,0,0,0,0,8.38813e+2
"Northern_Africa","MAR","Morocco",8.16216e-2,1.15786e-2,3.70306e-1,0,4.76272e-1,0,0,0,4.20330e+0,9.30961e+0,4.18884e+1,0,0,0,0,0,0,0,0,0,0,0,0,0,0,0,0,0,0,0,0,0,0,2.52598e+2,1.01545e+1,0,0,0,0,0,0,1.52977e-1,0,1.29133e-2,0,0,0,0,0,7.65342e+1,1.31864e+2,0,0,0,0,0,0,5.27659e+2
"Northern_Africa","TUN","Tunisia",4.34457e-1,2.75976e-3,8.61080e-2,0,4.19060e-1,0,0,4.55620e-3,9.59739e+0,2.04848e+1,1.48289e+2,0,0,0,0,0,0,3.85000e-3,0,0,0,0,0,0,0,0,0,0,0,0,0,0,0,9.83441e+1,4.69838e+0,0,0,0,0,0,0,7.37360e-2,0,0,0,0,0,0,0,2.66242e+0,3.87866e+1,0,0,0,0,0,0,3.23887e+2
"Western_Africa","BEN","Benin",3.14010e-3,0,6.27000e-3,0,5.24818e-1,0,0,0,2.39514e+1,2.00275e+1,1.51667e-3,0,0,0,0,0,0,0,0,0,0,0,0,0,0,0,0,0,0,0,0,0,0,7.05334e+1,3.16846e+0,4.46359e+0,0,0,0,0,4.29946e+1,6.61638e-1,5.16873e+1,0,0,0,0,0,0,9.47530e+0,3.90769e+1,0,0,0,0,0,0,2.66576e+2
"Western_Africa","BFA","Burkina Faso",2.40397e-3,1.19712e-4,5.87441e-1,6.75013e-4,9.82120e-2,3.78584e-6,0,0,6.62927e+1,4.92916e+1,1.60871e-1,0,0,0,0,0,0,0,0,0,0,0,0,0,0,0,0,0,0,0,0,0,0,3.80901e+2,1.96826e+1,6.46155e+0,0,0,0,0,5.28307e+1,1.16904e+0,0,0,0,0,0,0,0,6.38339e+0,5.40524e+1,0,0,0,0,0,0,6.37914e+2
"Western_Africa","CAF","Central African Republic",7.12133e-4,4.19216e-5,1.76348e-1,3.50956e-4,3.80502e-2,1.87995e-6,0,0,7.89188e+0,1.66622e+1,4.73812e-2,0,0,0,0,0,0,0,0,0,0,0,0,0,0,0,0,0,0,0,0,0,0,1.55333e+2,5.00146e+0,1.84525e+0,0,0,0,0,5.18194e+3,1.85358e-1,1.62954e+3,0,0,0,0,0,0,7.67540e+0,1.90452e+1,0,0,0,0,0,0,7.02538e+3
"Western_Africa","CIV","Cote d'Ivoire",1.47138e-1,2.19305e-3,1.62602e-2,0,1.72629e-1,5.37757e-3,1.14114e-2,0,4.05548e+1,9.86745e+1,2.79683e+1,0,0,0,0,0,0,0,0,0,0,0,0,0,0,0,0,0,0,0,0,0,0,6.72035e+1,3.09405e+0,0,0,0,0,0,2.77534e+1,1.54061e+0,2.88689e+2,0,0,0,0,0,0,1.19948e+1,8.06197e+1,0,0,0,0,0,0,6.48448e+2
"Western_Africa","CMR","Cameroon",3.01449e-3,4.38900e-3,7.58043e-1,2.50799e-4,5.04852e-1,2.42858e-3,1.46300e-3,0,3.64968e+1,2.12164e+1,6.17819e+1,0,0,0,0,0,0,0,0,0,0,0,0,0,0,0,0,0,0,0,0,0,0,2.64151e+2,9.77757e+0,5.27804e+0,0,0,0,0,4.45754e+2,9.03023e-1,1.69944e+2,0,0,0,0,0,0,3.57894e+1,8.26121e+1,0,0,0,0,0,0,1.13498e+3
"Western_Africa","COD","Congo_the Democratic Republic of the",5.02416e-4,2.93076e-4,5.24211e+0,0,1.67456e-1,0,0,0,2.66248e+2,1.75559e+1,5.20896e+0,0,0,0,0,0,0,0,0,0,0,0,0,0,0,0,0,0,0,0,0,0,0,6.83167e+0,2.93313e-1,5.33530e+1,0,0,0,0,2.20024e+3,3.42021e+0,6.16587e+3,0,0,0,0,0,0,5.04825e+1,2.57350e+2,0,0,0,0,0,0,9.03226e+3
"Western_Africa","COG","Congo",3.01450e-3,0,1.12860e-3,1.35850e-3,1.38032e-1,0,0,0,6.48459e+0,6.01741e+1,1.10589e+2,0,0,0,0,0,0,0,0,0,0,0,0,0,0,0,0,0,0,0,0,0,0,5.37191e+1,2.95130e+0,0,0,0,0,0,4.67676e+1,1.59639e-1,1.07195e+2,0,0,0,0,0,0,9.31202e+0,1.80600e+1,0,0,0,0,0,0,4.15556e+2
"Western_Africa","CPV","Cape Verde",5.86837e-4,3.42795e-5,2.24677e-2,6.71874e-5,9.86726e-3,1.48466e-6,0,0,5.75325e-2,8.42270e-2,2.22222e-2,0,0,0,0,0,0,0,0,0,0,0,0,0,0,0,0,0,0,0,0,0,0,1.90028e+0,6.44119e-1,0,0,0,0,0,0,2.21876e-2,0,0,0,0,0,0,0,1.37518e+0,2.29992e+0,0,0,0,0,0,0,6.43869e+0
"Western_Africa","GAB","Gabon",4.74364e-2,2.00641e-3,2.97658e-1,0,6.17735e-2,0,0,0,9.95235e-2,1.73755e+0,1.24946e+2,0,0,0,0,0,0,0,0,0,0,0,0,0,0,0,0,0,0,0,0,0,0,2.83437e+0,3.58639e-1,6.36292e-2,0,0,0,0,2.27695e-1,4.62312e-2,3.06041e+0,0,0,0,0,0,0,9.70571e+0,6.92020e+0,0,0,0,0,0,0,1.50409e+2
"Western_Africa","GHA","Ghana",1.03749e-1,1.79740e-3,1.38287e+0,0,8.69062e-1,7.11227e-3,1.46300e-2,5.01600e-4,7.80606e+1,6.24603e+1,3.46744e-1,0,0,0,0,0,0,0,0,0,0,0,0,0,0,0,0,0,0,0,0,0,0,8.32754e+1,4.02186e+0,1.53346e+1,0,0,0,0,3.21355e+2,1.19689e+0,8.50177e+1,0,0,0,0,0,0,4.00628e+1,1.00590e+2,0,0,0,0,0,0,7.94102e+2
"Western_Africa","GIN","Guinea",2.25928e-3,1.00662e-4,4.19377e-1,7.19582e-4,1.14139e-1,5.19372e-6,0,0,4.30075e+1,2.97761e+1,1.63838e-1,0,0,0,0,0,0,0,0,0,0,0,0,0,0,0,0,0,0,0,0,0,0,1.32475e+2,5.13674e+0,5.86183e+1,0,0,0,0,3.03286e+2,8.22959e-1,4.13930e+2,0,0,0,0,0,0,1.57894e+1,4.34584e+1,0,0,0,0,0,0,1.04700e+3
"Western_Africa","GMB","Gambia",1.04392e-3,6.18528e-5,6.73517e-2,1.08261e-4,4.42888e-2,2.49208e-6,0,0,2.50082e+0,5.48700e+0,3.91195e-2,0,0,0,0,0,0,0,0,0,0,0,0,0,0,0,0,0,0,0,0,0,0,1.35661e+1,5.38525e-1,3.15282e+0,0,0,0,0,1.65495e+1,4.31638e-2,0,0,0,0,0,0,0,1.92415e+0,5.78238e+0,0,0,0,0,0,0,4.96964e+1
"Western_Africa","GNB","Guinea-Bissau",8.32733e-4,4.63621e-5,7.13202e-2,1.76075e-4,2.57849e-2,2.04387e-6,0,0,1.81124e+0,5.48700e-2,4.89814e-2,0,0,0,0,0,0,0,0,0,0,0,0,0,0,0,0,0,0,0,0,0,0,2.05847e+1,1.10702e+0,9.22623e+0,0,0,0,0,1.80255e+1,1.23000e-1,0,0,0,0,0,0,0,1.97399e+0,7.24707e+0,0,0,0,0,0,0,6.03007e+1
"Western_Africa","GNQ","Equatorial Guinea",3.09888e-4,4.70432e-5,2.23379e-2,1.22755e-4,1.30740e-2,1.94531e-6,0,0,1.61473e+0,7.59500e-1,1.17956e+2,0,0,0,0,0,1.68130e+0,0,0,0,0,0,0,0,0,0,0,0,0,0,0,0,0,3.90474e-1,2.53200e-2,0,0,0,0,0,0,1.88791e-2,0,0,0,0,0,0,0,2.04369e+0,5.85248e+0,0,0,0,0,0,0,1.30378e+2
"Western_Africa","LBR","Liberia",1.54828e-3,7.05882e-5,1.44673e-1,1.63485e-4,3.97647e-2,2.63006e-6,0,0,2.22086e+1,1.90216e+1,6.91883e-2,0,0,0,0,0,0,0,0,0,0,0,0,0,0,0,0,0,0,0,0,0,0,3.46574e+0,3.58092e-1,1.44000e+0,0,0,0,0,1.03141e+1,1.96292e-1,3.87906e-1,0,0,0,0,0,0,5.80306e+0,1.33445e+1,0,0,0,0,0,0,7.67952e+1
"Western_Africa","MLI","Mali",2.41024e-3,1.13937e-4,5.97411e-1,2.47935e-4,1.21018e-1,5.03499e-6,0,0,2.11064e+1,1.10655e+1,8.46999e-2,0,0,0,0,0,0,0,0,0,0,0,0,0,0,0,0,0,0,0,0,0,0,4.08365e+2,1.57885e+1,5.10942e+1,0,0,0,0,1.37487e+2,1.32505e+0,7.27138e+1,0,0,0,0,0,0,1.08246e+1,5.97814e+1,0,0,0,0,0,0,7.90357e+2
"Western_Africa","MRT","Mauritania",6.03527e-3,2.65258e-4,1.50729e-1,1.78155e-3,3.36846e-1,1.41515e-5,0,0,6.39745e+0,1.53636e+1,4.70090e-1,0,0,0,0,0,0,0,0,0,0,0,0,0,0,0,0,0,0,0,0,0,0,2.12226e+2,9.47438e+0,0,0,0,0,0,7.64246e-3,7.14715e-2,0,0,0,0,0,0,0,6.43013e+0,1.52397e+1,0,0,0,0,0,0,2.66176e+2
"Western_Africa","NER","Niger",5.29578e-3,2.06606e-4,6.20356e-1,1.23789e-4,6.84853e-2,9.70477e-6,0,0,3.61368e+1,4.92951e+1,1.07901e-1,0,0,0,0,0,0,0,0,0,0,0,0,0,0,0,0,0,0,0,0,0,0,1.32456e+2,4.90909e+0,3.49960e-1,0,0,0,0,5.86116e+0,2.04881e+0,0,0,0,0,0,0,0,7.23582e+0,5.81818e+1,0,0,0,0,0,0,2.97277e+2
"Western_Africa","NGA","Nigeria",3.75842e-1,5.36377e-1,1.09946e+1,0,6.30947e+0,3.64287e-3,6.14460e-3,0,2.44909e+2,9.71788e+1,1.57515e+3,0,0,0,0,0,7.20000e-4,0,0,0,0,0,0,0,0,0,0,0,0,0,0,0,0,8.37466e+2,4.04942e+1,3.30169e+2,0,0,0,0,9.06494e+2,1.29911e+1,1.06459e+2,0,0,0,0,0,0,1.02976e+2,6.03247e+2,0,0,0,0,0,0,4.87576e+3
"Western_Africa","SEN","Senegal",9.18780e-2,3.76200e-4,6.83430e-2,7.94199e-4,1.37165e-1,0,9.07060e-3,0,2.24642e+1,4.48105e+1,2.39625e+0,0,0,0,0,0,0,0,0,0,0,0,0,0,0,0,0,0,0,0,0,0,0,1.71560e+2,7.83794e+0,1.44375e+1,0,0,0,0,6.18007e+1,3.19599e-1,0,0,0,0,0,0,0,2.02602e+1,5.69660e+1,0,0,0,0,0,0,4.03161e+2
"Western_Africa","SHN","Saint Helena",0,0,2.10149e-4,0,1.20827e-3,0,0,0,3.23690e-4,0,1.81540e-3,0,0,0,0,0,0,0,0,0,0,0,0,0,0,0,0,0,0,0,0,0,0,4.44422e-2,4.16823e-3,0,0,0,0,0,0,0,0,0,0,0,0,0,0,1.83719e-2,2.04125e-2,0,0,0,0,0,0,9.09523e-2
"Western_Africa","SLE","Sierra Leone",3.25733e-3,1.44854e-4,2.51778e-1,4.63420e-4,4.36776e-2,7.25939e-6,0,0,1.97030e+1,3.23733e+1,1.28831e-1,0,0,0,0,0,0,0,0,0,0,0,0,0,0,0,0,0,0,0,0,0,0,1.46758e+1,7.22549e-1,1.55400e+1,0,0,0,0,1.03787e+2,3.13116e-1,1.42438e+1,0,0,0,0,0,0,5.15155e+0,2.34618e+1,0,0,0,0,0,0,2.30400e+2
"Western_Africa","STP","Sao Tome and Principe",4.93673e-4,2.90719e-5,7.01043e-3,3.20163e-5,7.74162e-3,1.30725e-6,0,0,1.83340e-2,7.69916e-1,1.29016e-2,0,0,0,0,0,0,0,0,0,0,0,0,0,0,0,0,0,0,0,0,0,0,2.35774e-1,2.00948e-2,0,0,0,0,0,0,1.96259e-3,0,0,0,0,0,0,0,3.18583e-1,6.42578e-1,0,0,0,0,0,0,2.03545e+0
"Western_Africa","TCD","Chad",6.30121e-4,3.59078e-5,4.33297e-1,5.40747e-5,9.16702e-3,1.61746e-6,0,0,2.60089e+1,3.41384e+1,3.03463e+1,0,0,0,0,0,0,0,0,0,0,0,0,0,0,0,0,0,0,0,0,0,0,3.07098e+2,1.18065e+1,1.64609e+1,0,0,0,0,3.09084e+2,8.80566e-1,0,0,0,0,0,0,0,6.93094e+0,4.01928e+1,0,0,0,0,0,0,7.83391e+2
"Western_Africa","TGO","Togo",3.26094e-3,0,7.47099e-3,0,1.56997e-1,0,0,0,2.63863e+1,4.84685e+1,0,0,0,0,0,0,0,0,0,0,0,0,0,0,0,0,0,0,0,0,0,0,0,2.65730e+1,1.61719e+0,4.45404e+0,0,0,0,0,6.52222e+1,4.41441e-1,4.92118e+1,0,0,0,0,0,0,7.69311e+0,2.67717e+1,0,0,0,0,0,0,2.57007e+2
"Eastern_Africa","BDI","Burundi",8.10380e-4,4.05360e-5,3.31845e-1,2.64398e-4,3.73078e-2,1.75545e-6,0,0,3.17620e+1,2.66120e+1,6.11011e-2,0,0,0,0,0,0,0,0,0,0,0,0,0,0,0,0,0,0,0,0,0,0,1.96102e+1,7.57634e-1,4.34269e+0,0,0,0,0,0,3.63694e-1,0,0,0,0,0,0,0,1.31369e+0,2.97403e+1,0,0,0,0,0,0,1.14934e+2
"Eastern_Africa","COM","Comoros",1.43244e-4,1.97311e-5,3.52491e-2,9.11350e-5,8.13836e-3,8.32075e-7,0,0,1.56674e-1,3.32878e+0,1.41031e-2,0,0,0,0,0,0,0,0,0,0,0,0,0,0,0,0,0,0,0,0,0,0,2.16756e+0,9.87709e-2,1.78162e+0,0,0,0,0,0,1.32823e-2,0,0,0,0,0,0,0,9.81146e-1,3.56741e+0,0,0,0,0,0,0,1.21530e+1
"Eastern_Africa","DJI","Djibouti",2.23346e-3,1.28456e-4,4.84459e-2,3.15586e-4,2.98366e-2,6.49682e-6,0,0,1.94322e-1,4.13298e+0,2.31907e-1,0,0,0,0,0,0,0,0,0,0,0,0,0,0,0,0,0,0,0,0,0,0,1.74664e+1,7.01560e-1,0,0,0,0,0,5.16936e-3,1.81737e-6,0,0,0,0,0,0,0,1.98581e+0,3.89668e+0,0,0,0,0,0,0,2.86958e+1
"Eastern_Africa","ERI","Eritrea",8.18767e-4,0,8.77800e-4,0,1.39532e-2,0,0,0,1.28443e+1,1.10655e+1,0,0,0,0,0,0,0,0,0,0,0,0,0,0,0,0,0,0,0,0,0,0,0,8.29407e+1,2.83860e+0,0,0,0,0,0,3.25560e+0,1.07190e-1,0,0,0,0,0,0,0,1.82869e+0,1.72920e+1,0,0,0,0,0,0,1.32188e+2
"Eastern_Africa","ETH","Ethiopia",5.14977e-3,0,5.78094e-2,0,3.20676e-1,0,0,0,3.67918e+2,1.01327e+2,0,0,0,0,0,0,0,0,0,0,0,0,0,0,0,0,0,0,0,0,0,0,0,1.51437e+3,5.60273e+1,0,0,0,0,0,4.03649e+2,9.30978e+0,0,0,0,0,0,0,0,2.53738e+1,3.21717e+2,0,0,0,0,0,0,2.80008e+3
"Eastern_Africa","KEN","Kenya",5.39759e-1,9.84082e-3,8.07994e-2,8.53053e-3,5.25308e-1,8.50003e-3,8.77800e-4,0,9.47540e+1,2.63010e+2,4.58011e-1,0,0,0,0,0,0,0,0,0,0,0,0,0,0,0,0,0,0,0,0,0,0,6.80171e+2,2.12779e+1,2.68197e+0,0,0,0,0,2.62378e+0,9.64779e-1,0,0,0,0,0,0,0,2.68237e+1,1.70090e+2,0,0,0,0,0,0,1.26403e+3
"Eastern_Africa","MDG","Madagascar",7.31183e-3,4.29048e-4,8.25474e-1,9.67429e-4,1.80169e-1,1.49213e-5,0,0,4.46346e+1,9.04440e+1,2.83501e-1,0,0,0,0,0,0,0,0,0,0,0,0,0,0,0,0,0,0,0,0,0,0,4.04506e+2,1.43788e+1,1.98319e+2,0,0,0,0,2.29998e+0,1.15537e+0,2.15134e+0,9.78718e-2,0,0,0,0,0,1.36539e+1,7.56877e+1,0,0,0,0,0,0,8.48626e+2
"Eastern_Africa","MUS","Mauritius",8.70316e-3,4.19382e-4,6.89227e-2,3.32400e-4,1.00026e-1,1.85048e-5,0,0,9.38797e-1,2.74350e-2,4.16740e-1,0,0,0,0,0,0,0,0,0,0,0,0,0,0,0,0,0,0,0,0,0,0,1.87560e+0,2.55503e-1,0,0,0,0,0,0,8.39905e-2,0,0,0,0,0,0,0,4.15682e+0,5.61301e+0,0,0,0,0,0,0,1.35463e+1
"Eastern_Africa","MYT","Mayotte",0,0,0,0,0,0,0,0,0,0,0,0,0,0,0,0,0,0,0,0,0,0,0,0,0,0,0,0,0,0,0,0,0,0,0,0,0,0,0,0,0,0,0,0,0,0,0,0,0,2.09542e-1,3.61080e-1,0,0,0,0,0,0,5.70622e-1
"Eastern_Africa","REU","Reunion",5.65673e-3,3.18932e-4,3.99399e-2,1.18718e-3,8.46039e-2,1.27322e-5,0,0,2.68518e-1,0,3.59494e-1,0,0,0,0,0,0,0,0,0,0,0,0,0,0,0,0,0,0,0,0,0,0,1.92887e+0,4.38977e-1,5.09033e-3,0,0,0,0,0,4.76973e-2,0,0,0,0,0,0,0,4.41991e+0,5.19256e+0,0,0,0,0,0,0,1.27928e+1
"Eastern_Africa","RWA","Rwanda",2.40340e-3,1.32902e-4,4.00100e-1,4.84348e-4,5.87193e-2,6.70848e-6,0,0,1.89259e+1,2.34112e+1,2.09142e-1,0,0,0,0,0,0,0,0,0,0,0,0,0,0,0,0,0,0,0,0,0,0,4.38781e+1,1.87944e+0,2.47740e+0,0,0,0,0,2.37846e-2,5.92427e-1,0,0,0,0,0,0,0,2.45987e+0,3.39182e+1,0,0,0,0,0,0,1.28237e+2
"Eastern_Africa","SDN","Sudan",4.20797e-2,2.03148e-2,1.22331e+0,0,1.01095e+0,1.73470e-3,5.85200e-4,0,8.28287e+1,1.62872e+2,5.92129e+1,0,0,0,0,0,0,0,0,0,0,0,0,0,0,0,0,0,0,0,0,0,0,1.95427e+3,6.96020e+1,4.39041e-1,0,0,0,0,3.35455e+3,2.54898e+0,0,0,0,0,0,0,0,9.08302e+1,1.75074e+2,0,0,0,0,0,0,5.95452e+3
"Eastern_Africa","SOM","Somalia",1.02649e-3,1.00208e-4,3.64481e-1,3.94361e-4,5.00156e-2,4.26205e-6,0,0,4.13169e+1,7.89214e+1,9.72971e-2,0,0,0,0,0,0,0,0,0,0,0,0,0,0,0,0,0,0,0,0,0,0,5.62905e+2,2.50928e+1,0,0,0,0,0,2.05250e+0,1.03846e-1,0,0,0,0,0,0,0,5.89379e+0,3.54578e+1,0,0,0,0,0,0,7.52257e+2
"Eastern_Africa","SYC","Seychelles",4.45115e-3,2.65935e-4,6.97089e-3,2.42625e-7,1.48246e-2,7.90056e-6,0,0,2.07068e-2,0,1.13219e-1,0,0,0,0,0,0,0,0,0,0,0,0,0,0,0,0,0,0,0,0,0,0,9.46695e-2,5.96278e-2,0,0,0,0,0,0,5.05440e-6,0,0,0,0,0,0,0,3.93080e-1,3.64160e-1,0,0,0,0,0,0,1.07199e+0
"Eastern_Africa","UGA","Uganda",4.99647e-3,2.97175e-4,1.27586e+0,3.99237e-4,1.98096e-1,9.94651e-6,0,0,1.37823e+2,7.85555e+1,2.16373e-1,0,0,0,0,0,0,0,0,0,0,0,0,0,0,0,0,0,0,0,0,0,0,3.15675e+2,1.16122e+1,1.50801e+1,0,0,0,0,6.04087e+2,2.43338e+0,0,0,0,0,0,0,0,8.09428e+0,1.10155e+2,0,0,0,0,0,0,1.28521e+3
"Southern_Africa","AGO","Angola",9.88505e-3,6.60930e-3,2.18541e-1,2.66998e-3,6.80017e-1,0,0,0,2.09175e+1,9.51994e+1,3.85539e+2,0,0,0,0,0,0,0,0,0,0,0,0,0,0,0,0,0,0,0,0,0,0,1.77810e+2,5.47443e+0,2.08671e+0,0,0,0,0,1.11194e+0,4.80503e-1,2.76037e+0,0,0,0,0,0,0,2.39939e+1,7.18530e+1,0,0,0,0,0,0,7.88144e+2
"Southern_Africa","BWA","Botswana",1.19868e-2,3.01392e-5,1.87167e-1,7.12973e-5,3.49462e-1,1.48082e-5,0,0,3.22928e+0,1.73649e+1,1.18783e-2,0,0,0,0,0,0,0,0,0,0,0,0,0,0,0,0,0,0,0,0,0,0,1.42745e+2,3.95824e+0,0,0,0,0,0,4.38329e+0,4.24640e-2,0,1.76463e-1,0,0,0,0,0,6.62798e+0,8.36225e+0,0,0,0,0,0,0,1.87451e+2
"Southern_Africa","LSO","Lesotho",4.25927e-4,2.51580e-5,7.80696e-2,2.01442e-4,2.51666e-2,1.27509e-6,0,0,7.39607e+0,8.31281e+0,2.71150e-2,0,0,0,0,0,0,0,0,0,0,0,0,0,0,0,0,0,0,0,0,0,0,3.13567e+1,8.20313e-1,0,0,0,0,0,0,3.67212e-2,0,4.27968e-1,0,0,0,0,0,1.68496e+0,8.35684e+0,0,0,0,0,0,0,5.85234e+1
"Southern_Africa","MOZ","Mozambique",4.37275e-4,0,7.59339e-1,0,1.82388e-1,0,1.17040e-2,0,6.40612e+1,3.97368e+1,8.53128e+1,0,0,0,0,0,0,0,0,0,0,0,0,0,0,0,0,0,0,0,0,0,0,5.10486e+1,2.18188e+0,2.30656e+1,0,0,0,0,2.56906e+0,1.71699e+0,1.05231e+0,1.03810e-1,0,0,0,0,0,2.07388e+1,9.66791e+1,0,0,0,0,0,0,3.89221e+2
"Southern_Africa","MWI","Malawi",2.64647e-3,1.48638e-4,5.66815e-1,3.99498e-4,8.84677e-2,8.23775e-6,0,0,2.10584e+1,4.17561e+1,1.07022e-1,0,0,0,0,0,0,0,0,0,0,0,0,0,0,0,0,0,0,0,0,0,0,4.43422e+1,1.87060e+0,4.11362e+0,0,0,0,0,2.34429e+1,2.42896e+0,0,0,0,0,0,0,0,4.86559e+0,5.37115e+1,0,0,0,0,0,0,1.98355e+2
"Southern_Africa","NAM","Namibia",1.45914e-3,0,1.31586e-2,6.69200e-4,2.33835e-1,0,7.60760e-3,0,7.49946e-1,4.98979e+0,0,0,0,0,0,0,0,0,0,0,0,0,0,0,0,0,0,0,0,0,0,0,0,1.99906e+2,4.61373e+0,0,0,0,0,0,1.06471e+1,7.60095e-2,0,2.12985e-3,0,0,0,0,0,4.24979e+0,8.18161e+0,0,0,0,0,0,0,2.33673e+2
"Southern_Africa","SWZ","Swaziland",2.28096e-3,8.69437e-5,4.77965e-2,1.70289e-4,6.33374e-2,5.05677e-6,0,0,3.21259e+0,4.22119e+0,6.77441e-2,0,0,0,0,0,0,0,0,0,0,0,0,0,0,0,0,0,0,0,0,0,0,3.31519e+1,7.84481e-1,6.36292e-3,0,0,0,0,0,9.73819e-2,0,0,0,0,0,0,0,1.83275e+0,1.70758e+1,0,0,0,0,0,0,6.05640e+1
"Southern_Africa","TZA","Tanzania_United Republic of",9.37846e-4,0,2.11508e+0,0,3.94538e-1,0,0,0,9.68191e+1,1.40247e+2,2.24025e+1,0,0,0,0,0,0,0,0,0,0,0,0,0,0,0,0,0,0,0,0,0,0,6.44547e+2,2.17934e+1,4.56539e+1,0,0,0,0,7.42682e-1,5.14961e+0,4.59723e-1,0,0,0,0,0,0,2.45052e+1,1.86219e+2,0,0,0,0,0,0,1.19105e+3
"Southern_Africa","ZAF","South Africa",1.79927e+0,6.33270e-2,5.38241e+0,2.17521e-2,4.93645e+0,2.65409e-2,0,0,9.62197e+1,1.27389e+3,8.83032e+1,0,0,0,0,0,2.49930e-1,4.43275e+0,0,0,0,0,0,0,0,0,0,0,0,0,0,0,0,9.36602e+2,2.22419e+1,1.78162e-1,0,0,0,0,1.31933e+0,1.97580e+0,3.11090e+0,9.41064e+1,0,0,0,0,0,2.86473e+2,3.26767e+2,0,0,0,0,0,0,3.14810e+3
"Southern_Africa","ZMB","Zambia",1.14300e-3,5.85200e-4,1.07859e+0,0,1.92192e-1,0,0,5.14140e-3,3.13399e+1,8.25910e+1,1.23266e-1,0,0,0,0,0,0,0,0,0,0,0,0,0,0,0,0,0,0,0,0,0,0,1.06016e+2,3.78002e+0,1.38711e+0,0,0,0,0,4.27315e+2,3.33161e-1,2.61008e+2,0,0,0,0,0,0,1.12286e+1,4.95554e+1,0,0,0,0,0,0,9.75955e+2
"Southern_Africa","ZWE","Zimbabwe",4.19466e-2,4.59800e-4,2.41479e-1,0,1.92249e-1,4.06087e-3,0,0,3.15995e+1,1.81484e+1,6.90000e-5,0,0,0,0,0,0,2.24228e-1,0,0,0,0,0,0,0,0,0,0,0,0,0,0,0,2.72602e+2,7.51046e+0,3.18146e-2,0,0,0,0,1.08236e+0,4.01076e-1,0,0,0,0,0,0,0,1.56860e+1,5.54716e+1,0,0,0,0,0,0,4.03238e+2
"OECD_Europe","AUT","Austria",2.24754e+0,1.54827e-1,1.78190e+0,3.74109e-3,1.47655e+0,1.02347e-2,4.09640e-3,8.02560e-3,3.66688e+1,1.92547e+0,5.04288e+1,0,0,0,0,0,1.65330e-1,4.07750e-1,0,0,0,0,0,0,0,0,0,0,0,0,0,0,0,1.50020e+2,4.17737e+1,0,0,0,0,0,0,3.59874e-1,0,3.36804e-2,0,0,0,0,0,5.91149e+1,4.54392e+1,1.62600e-3,7.21772e+0,0,0,0,0,3.99244e+2
"OECD_Europe","BEL","Belgium",1.95893e+0,1.09574e-1,1.16142e+0,1.25502e-4,1.31232e+0,6.24492e-3,5.70570e-2,0,6.28104e+0,3.24473e+0,4.88814e+1,0,0,0,0,0,4.88437e-1,4.82860e-1,0,0,0,0,0,0,0,0,0,0,0,0,0,0,0,1.91755e+2,7.36927e+1,0,0,0,0,0,0,2.59987e-1,0,8.07149e-2,0,0,0,0,0,2.99495e+1,8.48348e+1,2.53410e-1,9.82324e+0,0,0,0,0,4.54633e+2
"OECD_Europe","CHE","Switzerland",7.85159e-1,1.71826e-2,7.94913e-1,1.14950e-3,1.93349e+0,2.08164e-3,2.63340e-3,0,1.48650e+1,3.54000e-1,3.05757e+1,0,0,0,0,0,7.07996e-2,0,0,0,0,0,0,0,0,0,0,0,0,0,0,0,0,1.19086e+2,3.31299e+1,0,0,0,0,0,0,9.52105e-2,3.05006e-2,0,0,0,0,0,0,1.84951e+1,1.21994e+1,1.20646e-5,3.41950e+0,0,0,0,0,2.35858e+2
"OECD_Europe","DEU","Germany",1.11991e+1,4.73309e-1,5.40423e+0,3.81426e-2,1.21702e+1,7.09492e-2,4.97420e-2,2.75880e-3,1.17255e+2,3.65978e+2,2.63171e+2,0,0,0,0,0,5.91734e+0,1.91162e+0,0,0,0,0,0,0,0,0,0,0,0,0,0,0,0,1.03862e+3,3.47534e+2,0,0,0,0,0,0,3.37463e+0,0,0,0,0,0,0,0,4.92292e+2,1.72334e+2,0,3.72512e-2,0,0,0,0,2.83783e+3
"OECD_Europe","DNK","Denmark",2.33112e+0,9.89739e-2,3.68719e-1,7.31500e-4,1.27450e+0,1.26633e-2,3.13082e-2,7.02240e-3,1.56354e+1,2.45040e-1,3.93069e+1,0,0,0,0,0,0,0,0,0,0,0,0,0,0,0,0,0,0,0,0,0,0,1.34360e+2,1.09827e+2,0,0,0,0,0,0,6.76517e-1,0,0,0,0,0,0,0,5.48218e+1,9.40112e+0,0,3.82170e+0,0,0,0,0,3.72220e+2
"OECD_Europe","ESP","Spain",3.35171e+0,5.53496e-1,3.48104e+0,5.20259e-2,7.45517e+0,1.29756e-1,4.25733e-1,2.84240e-3,4.15210e+1,7.18659e+1,4.01594e+1,0,0,0,0,0,8.25648e-1,4.97178e-1,0,0,0,0,0,0,0,0,0,0,0,0,0,0,0,6.18028e+2,3.24816e+2,2.59050e+1,0,0,0,0,0,1.84082e+0,0,2.11294e+0,0,0,0,0,0,4.30157e+2,1.24424e+2,2.89271e-2,3.10456e+1,0,0,0,0,1.72868e+3
"OECD_Europe","FIN","Finland",4.16198e+0,8.57961e-2,4.41604e+0,3.15591e-3,1.35587e+0,6.24492e-3,6.58350e-2,5.01600e-4,2.02821e+1,2.90801e+0,6.21151e+0,0,0,0,0,0,8.33220e-2,5.11409e-1,0,0,0,0,0,0,0,0,0,0,0,0,0,0,0,7.29050e+1,2.09610e+1,0,0,0,0,0,0,3.10903e-1,0,4.46345e-1,0,0,0,0,0,1.02479e+2,2.21228e+2,0,2.00362e+0,0,0,0,0,4.60425e+2
"OECD_Europe","FRA","France",3.47742e+0,3.24423e-1,4.39828e+0,2.86121e-2,1.03641e+1,3.36532e-2,9.04148e-2,0,1.48856e+2,1.67335e+1,1.48952e+3,0,0,0,0,0,1.69317e+0,1.42960e+0,0,0,0,0,0,0,0,0,0,0,0,0,0,0,0,1.37139e+3,3.48683e+2,3.50350e+0,0,0,0,0,0,5.04475e+0,0,2.15594e-1,0,0,0,0,0,3.36046e+2,1.90798e+2,2.47502e+0,2.09826e+1,0,0,0,0,3.95609e+3
"OECD_Europe","FRO","Faroe Islands",0,0,0,0,0,0,0,0,0,0,0,0,0,0,0,0,0,0,0,0,0,0,0,0,0,0,0,0,0,0,0,0,0,6.13384e-1,2.49390e-2,0,0,0,0,0,0,8.86464e-6,0,0,0,0,0,0,0,1.04981e+0,4.10262e-2,2.87917e-3,2.61743e-2,0,0,0,0,1.75822e+0
"OECD_Europe","GBR","United Kingdom",6.85459e+0,1.02428e+0,2.34839e+0,1.69499e-2,1.09712e+1,1.13666e-1,4.39485e-1,0,2.63559e+1,7.80968e+1,5.27753e+2,0,0,0,0,0,1.07456e+0,2.71635e-1,0,0,0,0,0,0,0,0,0,0,0,0,0,0,0,9.93032e+2,1.71592e+2,0,0,0,0,0,0,1.73102e+0,0,5.18923e-2,0,0,0,0,0,9.99747e+2,1.09502e+2,2.23341e-1,1.02783e+1,0,0,0,0,2.94148e+3
"OECD_Europe","GIB","Gibraltar",0,0,0,0,1.56370e-2,0,0,0,0,0,0,0,0,0,0,0,0,0,0,0,0,0,0,0,0,0,0,0,0,0,0,0,0,0,0,0,0,0,0,0,0,0,0,0,0,0,0,0,0,2.41395e-1,2.43937e-2,8.90562e-4,8.09600e-3,0,0,0,0,2.90412e-1
"OECD_Europe","GRC","Greece",8.02909e-1,9.90087e-2,7.64275e-1,7.48220e-3,6.74060e+0,6.67560e-3,1.93116e-1,1.25400e-4,1.29017e+1,5.70224e+1,1.18615e+1,0,0,0,0,0,3.36600e-3,0,0,0,0,0,0,0,0,0,0,0,0,0,0,0,0,1.40067e+2,3.03364e+1,4.93900e+0,0,0,0,0,0,3.79346e-1,0,3.91190e-1,0,0,0,0,0,1.15443e+2,1.37887e+1,4.00800e-4,2.21182e-1,0,0,0,0,3.95969e+2
"OECD_Europe","GRL","Greenland",0,0,0,0,0,0,0,0,0,0,0,0,0,0,0,0,0,0,0,0,0,0,0,0,0,0,0,0,0,0,0,0,0,1.53921e-1,2.80395e-3,0,0,0,0,0,0,0,0,0,0,0,0,0,0,9.28377e-1,2.12888e-1,1.48236e-3,1.34760e-2,0,0,0,0,1.31295e+0
"OECD_Europe","IRL","Ireland",3.57032e-1,1.05232e-2,4.59660e-1,1.10770e-3,1.11733e+0,7.63268e-3,7.90020e-3,0,8.98757e+0,7.08000e-1,7.89564e+1,0,0,0,0,0,0,0,0,0,0,0,0,0,0,0,0,0,0,0,0,0,0,4.73835e+2,7.21228e+1,0,0,0,0,0,0,1.45870e-1,0,3.06926e-2,0,0,0,0,0,5.25012e+1,6.16912e+0,0,6.48004e-1,0,0,0,0,6.96066e+2
"OECD_Europe","ISL","Iceland",2.63768e-3,0,6.20939e-2,1.46300e-4,6.44820e-2,0,5.26680e-3,0,5.35103e-2,0,0,0,0,0,0,0,0,1.58023e-1,0,0,0,0,0,0,0,0,0,0,0,0,0,0,0,8.79532e+0,1.25589e+0,0,0,0,0,0,0,6.74387e-5,0,0,0,0,0,0,0,6.74407e+0,4.19881e-1,5.55483e-4,7.32932e-3,0,0,0,0,1.75693e+1
"OECD_Europe","ITA","Italy",6.11000e+0,3.64348e-1,2.82520e+0,1.70544e-2,2.14350e+1,1.85613e-2,4.46966e-1,0,3.02457e+1,1.93768e+1,2.17278e+2,0,0,0,0,0,9.71095e-1,1.13501e+0,0,0,0,0,0,0,0,0,0,0,0,0,0,0,0,5.03334e+2,1.99749e+2,4.79600e+1,0,0,0,0,0,1.67380e+0,9.00360e-2,7.70525e-1,0,0,0,0,0,6.65596e+2,7.80283e+1,1.27924e+0,3.07595e+1,0,0,0,0,1.82946e+3
"OECD_Europe","LUX","Luxembourg",7.40643e-2,0,6.34315e-2,2.09339e-5,3.42565e-1,0,0,1.37940e-3,1.01920e-1,0,5.27013e+0,0,0,0,0,0,0,5.90100e-2,0,0,0,0,0,0,0,0,0,0,0,0,0,0,0,1.23741e+1,3.13800e+1,0,0,0,0,0,0,1.05624e-2,0,4.37887e-1,0,0,0,0,0,2.34871e+0,4.63232e-1,0,2.36582e-1,0,0,0,0,5.31636e+1
"OECD_Europe","NLD","Netherlands",3.56802e+0,2.96310e-1,5.56997e-1,1.29580e-3,3.07004e+0,5.37757e-3,6.96388e-2,0,6.94785e+0,3.47683e+0,2.23764e+2,0,0,0,0,0,2.62553e+0,3.25342e-1,0,0,0,0,0,0,0,0,0,0,0,0,0,0,0,2.99428e+2,1.50777e+2,0,0,0,0,0,0,1.99620e-1,0,0,0,0,0,0,0,2.37869e+2,3.97492e+1,0,5.52500e+0,0,0,0,0,9.78255e+2
"OECD_Europe","NOR","Norway",3.63250e-1,5.46020e-1,8.96473e-1,6.81339e-3,1.25820e+0,2.42858e-3,2.47540e-1,1.58840e-3,1.07772e+1,6.44440e+1,5.58406e+2,0,0,0,0,0,2.24028e+0,7.56481e-1,0,0,0,0,0,0,0,0,0,0,0,0,0,0,0,8.34981e+1,1.62276e+1,0,0,0,0,0,0,9.44477e-2,0,0,0,0,0,0,0,4.68043e+1,4.88279e+1,5.00186e+0,1.59952e+0,0,0,0,0,8.42000e+2
"OECD_Europe","PRT","Portugal",7.87289e-1,9.26648e-2,2.03486e+0,2.52889e-3,2.15367e+0,4.16328e-3,8.19280e-3,1.88100e-3,2.07069e+1,1.41600e+0,5.10712e+1,0,0,0,0,0,1.07686e-1,2.87525e-2,0,0,0,0,0,0,0,0,0,0,0,0,0,0,0,1.45349e+2,5.87719e+1,3.78400e+0,0,0,0,0,0,9.31026e-2,0,3.07567e-1,0,0,0,0,0,2.77725e+2,5.36775e+1,3.32958e-1,1.10527e+0,0,0,0,0,6.19562e+2
"OECD_Europe","SWE","Sweden",5.55186e+0,4.51211e-2,5.60495e+0,8.10739e-3,2.12505e+0,6.93880e-4,3.21860e-2,3.98793e-3,2.03291e+1,1.57748e+0,2.49885e+1,0,0,0,0,0,3.42611e-1,1.81085e-1,0,0,0,0,0,0,0,0,0,0,0,0,0,0,0,1.22761e+2,2.92846e+1,0,0,0,0,0,0,3.97361e-1,0,2.27400e-2,0,0,0,0,0,8.34243e+1,2.50826e+2,4.14993e-2,1.61937e+0,0,0,0,0,5.49168e+2
"Central Europe","ALB","Albania",1.25604e-4,5.43400e-3,3.16907e-2,0,1.93076e-1,4.86380e-3,1.31880e-2,0,8.93298e+0,5.62904e+0,1.47297e+1,0,0,0,0,0,0,6.46318e-2,0,0,0,0,0,0,0,0,0,0,0,0,0,0,0,6.80462e+1,1.07661e+1,0,0,0,0,0,0,1.44371e-1,0,0,0,0,0,0,0,5.43813e+0,5.31035e+0,2.54657e-3,8.48856e-3,0,0,0,0,1.19321e+2
"Central Europe","BGR","Bulgaria",3.00281e-1,2.52333e-2,4.80511e-1,8.56899e-4,2.07267e+0,5.22697e-3,0,1.09516e-2,2.51866e+1,3.32353e+1,1.15367e+1,0,0,0,0,0,1.71551e-1,9.71750e-2,0,0,0,0,0,0,0,0,0,0,0,0,0,0,0,7.79480e+1,1.44053e+1,6.74850e-1,0,0,0,0,0,1.03989e+0,0,9.88939e-1,0,0,0,0,0,3.98947e+2,2.62938e+1,0,0,0,0,0,0,5.93421e+2
"Central Europe","BIH","Bosnia and Herzegovina",1.07475e-1,5.63255e-3,7.87388e-2,2.00000e-3,4.64879e-1,0,0,0,7.04113e+0,5.03203e+1,6.66844e+0,0,0,0,0,0,9.97430e-4,9.55428e-4,0,0,0,0,0,0,0,0,0,0,0,0,0,0,0,4.78411e+1,1.09067e+1,0,0,0,0,0,0,2.77249e-1,0,2.35320e+0,0,0,0,0,0,7.85896e+0,6.27258e+0,3.64737e-3,1.21579e-2,0,0,0,0,1.40216e+2
"Central Europe","CYP","Cyprus",8.45567e-4,0,5.76007e-2,0,2.39941e-1,0,0,0,5.61261e-2,3.65800e-1,0,0,0,0,0,0,0,0,0,0,0,0,0,0,0,0,0,0,0,0,0,0,0,8.05556e+0,3.59623e+0,0,0,0,0,0,0,5.98776e-3,0,0,0,0,0,0,0,1.33093e+1,3.60150e+0,0,0,0,0,0,0,2.92889e+1
"Central Europe","CZE","Czech Republic",1.13413e+0,5.95138e-2,1.71150e+0,0,2.46751e+0,0,0,7.63044e-3,4.12562e+1,1.49203e+2,5.10966e+1,0,0,0,0,0,1.67625e-1,3.28352e-1,0,0,0,0,0,0,0,0,0,0,0,0,0,0,0,1.48662e+2,2.14687e+1,0,0,0,0,0,0,2.03353e+0,0,1.06204e-1,0,0,0,0,0,1.06660e+2,4.64984e+1,2.49826e-1,9.65960e-1,0,0,0,0,5.74077e+2
"Central Europe","EST","Estonia",2.68891e-1,1.21855e-2,3.19234e-1,0,2.86985e-1,6.59186e-3,1.46300e-3,0,8.96784e+0,1.58656e+1,1.89206e+1,0,0,0,0,0,0,0,0,0,0,0,0,0,0,0,0,0,0,0,0,0,0,2.50407e+1,3.85152e+0,1.83700e+0,0,0,0,0,0,2.39301e-1,0,0,0,0,0,0,0,2.14397e+1,7.53524e+0,0,2.73011e+0,0,0,0,0,1.07323e+2
"Central Europe","HRV","Croatia",1.59588e-1,5.10677e-2,2.16492e-1,1.25400e-3,1.25069e+0,6.20205e-3,1.02410e-2,2.82609e-4,9.62015e+0,3.10930e-1,1.04222e+2,0,0,0,0,0,5.75611e-2,0,0,0,0,0,0,0,0,0,0,0,0,0,0,0,0,5.28770e+1,1.09607e+1,0,0,0,0,0,0,7.35074e-1,0,9.77105e-1,0,0,0,0,0,3.69771e+1,1.35591e+1,2.52496e-5,0,0,0,0,0,2.31993e+2
"Central Europe","HUN","Hungary",1.11891e+0,3.82292e-2,3.16987e-1,0,1.10638e+0,1.05817e-2,1.46490e-3,0,1.15233e+1,8.94084e+0,8.14049e+1,0,0,0,0,0,2.18038e-1,1.05228e-1,0,0,0,0,0,0,0,0,0,0,0,0,0,0,0,8.62994e+1,2.50983e+1,5.90150e-1,0,0,0,0,0,3.47503e+0,0,1.61292e-1,0,0,0,0,0,1.06539e+2,3.26163e+1,1.15260e-1,0,0,0,0,0,3.59680e+2
"Central Europe","LTU","Lithuania",2.34590e-1,2.55482e-2,1.82890e-1,0,9.24620e-1,1.26633e-2,1.46300e-3,1.25400e-3,1.63056e+1,9.14500e-2,6.53910e+1,0,0,0,0,0,1.15000e-1,0,0,0,0,0,0,0,0,0,0,0,0,0,0,0,0,7.70432e+1,1.33896e+1,0,0,0,0,0,0,8.23545e-1,0,2.01312e-1,0,0,0,0,0,5.46955e+1,1.32247e+1,1.10411e-3,0,0,0,0,0,2.42665e+2
"Central Europe","LVA","Latvia",2.49027e-1,0,4.28377e-1,0,5.23789e-1,1.37041e-2,2.92600e-4,0,2.95482e+1,8.23050e-1,5.12078e+1,0,0,0,0,0,0,0,0,0,0,0,0,0,0,0,0,0,0,0,0,0,0,3.31456e+1,5.51161e+0,0,0,0,0,0,0,4.42211e-1,0,1.51863e+0,0,0,0,0,0,2.31261e+1,4.41306e+0,1.43717e-4,3.98931e-2,0,0,0,0,1.50991e+2
"Central Europe","MKD","Macedonia, the former Yugoslav Republic of",6.58584e-2,3.46940e-4,8.93357e-2,0,2.97472e-1,1.21627e-3,0,0,4.29733e+0,6.77907e+0,9.69141e+0,0,0,0,0,0,1.65933e-3,5.50000e-2,0,0,0,0,0,0,0,0,0,0,0,0,0,0,0,2.55602e+1,3.47741e+0,3.64100e-1,0,0,0,0,0,1.42037e-1,0,7.24668e-1,0,0,0,0,0,6.17137e+0,8.03556e+0,2.33112e-3,7.77040e-3,0,0,0,0,6.57642e+1
"Central Europe","MLT","Malta",3.66177e-3,0,0,0,3.69511e-2,0,0,0,5.43400e-3,0,0,0,0,0,0,0,0,0,0,0,0,0,0,0,0,0,0,0,0,0,0,0,0,1.55978e+0,6.95070e-1,0,0,0,0,0,0,1.19752e-3,0,0,0,0,0,0,0,9.17140e+0,3.74231e-1,0,0,0,0,0,0,1.18477e+1
"Central Europe","POL","Poland",2.42918e+0,2.04790e-1,3.77859e+0,0,8.38616e+0,2.98126e-2,2.04915e-3,1.27072e-2,2.18329e+2,1.64159e+3,1.54037e+2,0,0,0,0,0,2.41949e-1,3.39048e-1,0,0,0,0,0,0,0,0,0,0,0,0,0,0,0,5.89440e+2,1.39316e+2,0,0,0,0,0,0,5.87493e+0,0,8.90688e-1,0,0,0,0,0,3.24929e+2,9.51972e+1,1.41392e-1,1.09768e+0,0,0,0,0,3.18626e+3
"Central Europe","ROU","Romania",4.98666e-1,1.59977e-1,7.78699e-1,1.98550e-3,2.39172e+0,4.60032e-2,2.45784e-2,1.58840e-3,1.17463e+2,5.85273e+1,4.11655e+2,0,0,0,0,0,7.74648e-1,7.24322e-1,0,0,0,0,0,0,0,0,0,0,0,0,0,0,0,3.28607e+2,8.58536e+1,1.52433e+0,0,0,0,0,0,2.56170e+0,0,4.95149e-1,0,0,0,0,0,1.90454e+2,6.78714e+1,1.79826e-2,0,0,0,0,0,1.27043e+3
"Central Europe","SCG","Serbia and Montenegro",3.08659e-1,3.90111e-4,3.94527e-1,0,9.20395e-1,0,0,0,3.47029e+1,2.95157e+1,8.02178e+1,0,0,0,0,0,5.67854e-2,8.94985e-1,0,0,0,0,0,0,0,0,0,0,0,0,0,0,0,1.03335e+2,2.92428e+1,0,0,0,0,0,0,2.27090e+0,0,0,0,0,0,0,0,1.87528e+1,3.34349e+1,7.27749e-3,2.42582e-2,0,0,0,0,3.34080e+2
"Central Europe","SVK","Slovakia",3.05408e-1,6.91801e-2,7.14984e-1,0,3.76022e-1,0,0,1.91862e-2,2.67228e+0,1.16839e+1,2.75323e+1,0,0,0,0,0,6.86210e-2,3.34263e-1,0,0,0,0,0,0,0,0,0,0,0,0,0,0,0,5.53055e+1,1.08054e+1,0,0,0,0,0,0,8.05831e-1,0,9.65083e-1,0,0,0,0,0,4.36574e+1,3.79166e+1,7.08358e-2,1.04518e-1,0,0,0,0,1.93407e+2
"Central Europe","SVN","Slovenia",1.11643e-1,3.76200e-4,1.99590e-1,2.09000e-5,3.93546e-1,2.08164e-3,0,0,1.11416e+1,3.87820e+1,4.61613e+0,0,0,0,0,0,3.45000e-1,1.06229e-2,0,0,0,0,0,0,0,0,0,0,0,0,0,0,0,4.52577e+1,6.15432e+0,0,0,0,0,0,0,1.37229e-1,0,0,0,0,0,0,0,2.11603e+1,1.30828e+1,0,1.24608e-5,0,0,0,0,1.41395e+2
"Turkey","TUR","Turkey",3.17162e+0,1.80019e-1,4.13566e+0,2.13806e-2,9.66070e+0,2.65897e-2,1.54433e-1,6.60440e-3,1.15906e+2,2.02469e+2,2.46497e+2,0,0,0,0,0,3.60065e-1,3.75830e-1,0,0,0,0,0,0,0,0,0,0,0,0,0,0,0,8.20713e+2,2.24082e+2,3.01339e+1,0,0,0,0,0,2.80881e+1,0,2.41229e-2,0,0,0,0,0,1.34275e+3,3.33058e+2,0,9.44056e-1,0,0,0,0,3.36276e+3
"Ukraine +","BLR","Belarus",1.42984e+0,4.95768e-2,3.72985e-1,4.51703e-2,7.08054e-1,7.61471e-2,9.37846e-3,1.25604e-4,2.96183e+1,1.82900e-1,1.65430e+1,0,0,0,0,0,6.07967e-2,0,0,0,0,0,0,0,0,0,0,0,0,0,0,0,0,3.39393e+2,5.04652e+1,0,0,0,0,0,0,1.63878e+0,0,2.13552e-1,0,0,0,0,0,2.40285e+2,2.68731e+1,0,1.70972e-1,0,0,0,0,7.08136e+2
"Ukraine +","MDA","Moldova, Republic of",7.80034e-2,0,1.19026e-2,0,1.45370e-1,8.76658e-3,0,2.25720e-3,2.51973e+0,7.95615e+0,7.27469e+1,0,0,0,0,0,0,0,0,0,0,0,0,0,0,0,0,0,0,0,0,0,0,2.95038e+1,1.00289e+1,0,0,0,0,0,0,3.85283e-1,0,7.09706e-2,0,0,0,0,0,6.88628e+0,3.27641e+1,2.46140e-3,8.20468e-3,0,0,0,0,1.63119e+2
"Ukraine +","UKR","Ukraine",1.45556e+0,3.12645e-1,3.02333e+0,9.61400e-4,3.91441e+0,5.43463e-2,3.95010e-2,1.25525e-1,3.58601e+1,4.10174e+2,1.73948e+3,0,0,0,0,0,8.42229e-2,6.07786e+0,0,0,0,0,0,0,0,0,0,0,0,0,0,0,0,4.66374e+2,1.03516e+2,6.48076e+0,0,0,0,0,0,9.88941e+0,0,7.15572e-1,0,0,0,0,0,3.73009e+2,1.14172e+2,0,5.60868e-1,0,0,0,0,3.27532e+3
"Asia-Stan","KAZ","Kazakhstan",7.46393e-1,5.22624e-1,2.65207e+0,1.98027e-3,1.21946e+0,9.75184e-2,2.27134e-3,0,6.18783e+0,6.11085e+2,1.26138e+3,0,0,0,0,0,8.73300e-3,2.26514e+0,0,0,0,0,0,0,0,0,0,0,0,0,0,0,0,5.65896e+2,4.25599e+1,1.61739e+1,0,0,0,0,0,7.15256e+0,3.34080e-1,7.18063e+1,0,0,0,0,0,1.99261e+2,3.95519e+1,0,5.57380e-1,0,0,0,0,2.82946e+3
"Asia-Stan","KGZ","Kyrgyzstan",2.22545e-2,0,1.04291e-1,7.64091e-4,9.45300e-2,0,0,0,3.29629e-1,1.87031e+0,9.26031e+0,0,0,0,0,0,0,0,0,0,0,0,0,0,0,0,0,0,0,0,0,0,0,1.18367e+2,7.02642e+0,1.28011e+0,0,0,0,0,0,4.54319e-1,0,1.16946e-2,0,0,0,0,0,4.36380e+0,2.84246e+1,0,6.84340e-2,0,0,0,0,1.71678e+2
"Asia-Stan","TJK","Tajikistan",1.05926e-2,0,1.00000e-4,0,1.67472e+0,0,0,0,1.26529e+0,2.33446e+0,1.96811e+1,0,0,0,0,0,0,0,0,0,0,0,0,0,0,0,0,0,0,0,0,0,0,1.26779e+2,1.04850e+1,6.88833e+0,0,0,0,0,0,3.06346e-1,0,6.86894e-2,0,0,0,0,0,6.67257e+0,2.89072e+1,0,5.43876e-2,0,0,0,0,2.05127e+2
"Asia-Stan","TKM","Turkmenistan",5.09277e-1,2.82485e-1,1.00000e-4,0,6.21063e-1,0,0,0,2.42398e+0,0,1.15752e+3,0,0,0,0,0,8.16000e-5,0,0,0,0,0,0,0,0,0,0,0,0,0,0,0,0,2.94431e+2,1.42078e+1,0,0,0,0,0,0,9.64667e-1,0,2.28492e+0,0,0,0,0,0,1.21347e+1,3.10003e+1,0,1.51665e-1,0,0,0,0,1.51653e+3
"Asia-Stan","UZB","Uzbekistan",5.28323e-1,1.97087e-1,3.31836e-1,4.47261e-3,1.61974e+0,1.17960e-2,0,5.60956e-2,7.16679e+0,5.02983e+0,1.23464e+3,0,0,0,0,0,0,0,0,0,0,0,0,0,0,0,0,0,0,0,0,0,0,6.36705e+2,5.07706e+1,6.01985e+0,0,0,0,0,0,2.08957e+0,0,3.68407e-1,0,0,0,0,0,3.75769e+1,1.35726e+2,0,3.81974e-1,0,0,0,0,2.11923e+3
"Russia +","ARM","Armenia",1.92592e-2,0,3.05976e-2,0,5.10506e-2,0,0,0,2.04662e-1,0,8.03448e+1,0,0,0,0,0,0,0,0,0,0,0,0,0,0,0,0,0,0,0,0,0,0,4.67243e+1,7.24411e+0,0,0,0,0,0,0,1.46933e-1,0,4.89574e-2,0,0,0,0,0,8.21207e+0,4.76372e+0,0,1.01432e-1,0,0,0,0,1.47892e+2
"Russia +","AZE","Azerbaijan",1.86325e-1,9.34708e-2,3.11013e-2,1.88406e-4,4.86451e-1,0,0,8.36000e-5,6.21267e-1,0,3.73234e+2,0,0,0,0,0,1.66650e-2,0,0,0,0,0,0,0,0,0,0,0,0,0,0,0,0,2.17569e+2,3.30570e+1,4.43008e-1,0,0,0,0,0,6.16077e-1,0,1.22394e-2,0,0,0,0,0,2.68557e+1,5.16426e+1,0,2.19325e-1,0,0,0,0,7.05085e+2
"Russia +","GEO","Georgia",2.51208e-2,1.71798e-2,1.02828e-2,0,2.93096e-1,6.69888e-4,0,4.55742e-3,1.94604e+1,1.85592e-1,6.39584e+1,0,0,0,0,0,0,2.38093e-2,0,0,0,0,0,0,0,0,0,0,0,0,0,0,0,9.26761e+1,1.74723e+1,0,0,0,0,0,0,1.19990e-1,0,2.37596e-2,0,0,0,0,0,1.84080e+1,8.80755e+0,0,1.00994e-1,0,0,0,0,2.21588e+2
"Russia +","RUS","Russian Federation",1.87454e+1,3.63409e+0,6.56183e+0,1.17291e-1,2.27306e+1,3.92042e-1,3.24493e-1,1.52486e+0,1.80363e+2,2.73630e+3,1.59839e+4,0,0,0,0,0,9.52681e+0,5.78030e+0,0,0,0,0,0,0,0,0,0,0,0,0,0,0,0,1.76947e+3,2.96817e+2,4.33616e+1,0,0,0,0,0,2.75468e+1,3.69082e-1,8.10826e-1,0,0,0,0,0,2.01589e+3,8.76403e+2,0,0,0,0,0,0,2.40006e+4
"Middle_East","ARE","United Arab Emirates",3.87907e+0,8.77800e-2,7.53486e-1,0,2.45677e+0,0,0,0,4.88956e-1,2.30268e-1,1.08091e+3,0,0,0,0,0,0,0,0,0,0,0,0,0,0,0,0,0,0,0,0,0,0,2.70580e+1,1.56120e+0,0,0,0,0,0,0,2.49009e-4,0,0,0,0,0,0,0,3.28480e+1,1.77676e+1,0,3.90303e-1,0,0,0,0,1.16843e+3
"Middle_East","BHR","Bahrain",6.01087e-1,2.24147e-1,8.84906e-2,0,2.92488e-1,0,0,0,1.94370e-2,9.14500e-2,1.31383e+2,0,0,0,0,0,8.30875e-1,0,0,0,0,0,0,0,0,0,0,0,0,0,0,0,0,7.66272e-1,2.64691e-2,0,0,0,0,0,0,1.11992e-5,0,0,0,0,0,0,0,6.35142e+0,4.90430e+0,0,5.88404e-2,0,0,0,0,1.45639e+2
"Middle_East","IRN","Iran, Islamic Republic of",3.97472e+0,9.59957e-1,2.59477e+0,0,2.80806e+1,0,0,0,1.99232e+1,3.49073e+1,3.42555e+3,0,0,0,0,0,8.30320e+0,6.65979e-2,0,0,0,0,0,0,0,0,0,0,0,0,0,0,0,8.16688e+2,2.85553e+1,1.45760e+2,0,0,0,0,1.28067e-3,0,0,2.65524e-1,0,0,0,0,0,2.46099e+2,3.77136e+2,0,3.17677e+0,0,0,0,0,5.14204e+3
"Middle_East","IRQ","Iraq",3.78784e-1,7.76988e-2,7.75642e-1,0,5.75685e+0,0,0,0,1.09608e+0,1.37175e+0,6.61607e+2,0,0,0,0,0,8.58000e-3,0,0,0,0,0,0,0,0,0,0,0,0,0,0,0,0,1.10088e+2,5.11410e+0,3.96932e+1,0,0,0,0,0,2.80119e+0,0,2.64538e-2,0,0,0,0,0,8.04169e+1,1.01817e+2,0,5.50428e-1,0,0,0,0,1.01158e+3
"Middle_East","ISR","Israel",4.66864e-1,8.43936e-2,4.05878e-2,0,1.20442e+0,2.25878e-3,0,0,1.25199e+0,2.61498e-1,4.16062e+1,0,0,0,0,0,0,0,0,0,0,0,0,0,0,0,0,0,0,0,0,0,0,5.02345e+1,2.51917e+0,0,0,0,0,0,0,1.84139e-1,0,1.20442e-1,0,0,0,0,0,5.69349e+1,2.73603e+1,0,5.82776e-1,0,0,0,0,1.82854e+2
"Middle_East","JOR","Jordan",1.58078e-1,1.70490e-2,1.17625e-1,0,5.83142e-1,0,0,1.00320e-3,4.72818e-1,3.38365e+0,2.47310e+1,0,0,0,0,0,0,0,0,0,0,0,0,0,0,0,0,0,0,0,0,0,0,2.00490e+1,1.06261e+0,0,0,0,0,0,0,3.43218e-2,0,0,0,0,0,0,0,2.20483e+1,2.62233e+1,0,2.44879e-1,0,0,0,0,9.91268e+1
"Middle_East","KWT","Kuwait",5.23679e-1,5.39264e-1,1.83000e-1,0,1.31770e+0,0,0,0,4.34720e-2,2.42265e-1,5.55008e+2,0,0,0,0,0,3.73725e-1,0,0,0,0,0,0,0,0,0,0,0,0,0,0,0,0,7.20994e+0,2.13334e-1,0,0,0,0,0,0,2.83678e-3,0,0,0,0,0,0,0,2.64012e+1,1.20707e+1,0,2.51640e-1,0,0,0,0,6.04381e+2
"Middle_East","LBN","Lebanon",7.51886e-2,0,7.34844e-2,0,5.06722e-1,0,0,0,1.54343e+0,1.46320e+0,1.67650e+0,0,0,0,0,0,0,0,0,0,0,0,0,0,0,0,0,0,0,0,0,0,0,1.16235e+1,1.06216e+0,0,0,0,0,0,0,9.31530e-2,0,0,0,0,0,0,0,1.80811e+1,1.41258e+1,0,1.70551e-1,0,0,0,0,5.04948e+1
"Middle_East","OMN","Oman",7.81902e-1,3.35822e-1,2.13222e-1,0,7.24345e-1,0,0,0,4.24857e-1,4.74703e-1,6.70101e+2,0,0,0,0,0,0,0,0,0,0,0,0,0,0,0,0,0,0,0,0,0,0,2.47439e+1,1.03784e+0,0,0,0,0,0,0,4.57861e-3,0,0,0,0,0,0,0,1.64764e+1,1.00548e+1,0,1.59981e-1,0,0,0,0,7.25533e+2
"Middle_East","QAT","Qatar",7.11398e-1,8.44950e-1,2.88671e-1,2.16143e-3,5.24719e-1,0,0,0,4.01510e-2,6.73010e-2,1.10342e+3,0,0,0,0,0,1.77320e+0,0,0,0,0,0,0,0,0,0,0,0,0,0,0,0,0,4.25445e+0,3.02087e-1,0,0,0,0,0,0,3.85037e-3,0,0,0,0,0,0,0,7.97377e+0,1.64059e+1,0,8.72100e-2,0,0,0,0,1.13670e+3
"Middle_East","SAU","Saudi Arabia",5.35702e+0,1.81174e+0,1.57377e+0,7.94199e-4,1.05816e+1,0,0,0,3.81843e-1,3.39729e+0,2.18923e+3,0,0,0,0,0,1.17172e+1,0,0,0,0,0,0,0,0,0,0,0,0,0,0,0,0,8.63370e+1,5.63406e+0,0,0,0,0,0,0,1.94953e+0,0,0,0,0,0,0,0,1.78035e+2,1.05251e+2,0,1.69779e+0,0,0,0,0,2.60296e+3
"Middle_East","SYR","Syrian Arab Republic",2.87245e-1,5.94346e-2,2.70655e-1,2.69610e-3,1.09812e+0,0,0,0,6.84157e+0,9.14500e-2,2.72198e+2,0,0,0,0,0,0,0,0,0,0,0,0,0,0,0,0,0,0,0,0,0,0,1.84838e+2,6.14900e+0,0,0,0,0,0,0,3.35749e+0,0,4.51776e-2,0,0,0,0,0,4.50062e+1,6.76814e+1,0,4.51420e-1,0,0,0,0,5.88378e+2
"Middle_East","YEM","Yemen",3.89080e-2,9.80652e-2,9.30468e-2,0,1.10553e+0,0,0,0,4.07556e+0,4.66395e+0,1.14780e+2,0,0,0,0,0,0,0,0,0,0,0,0,0,0,0,0,0,0,0,0,0,0,1.75174e+2,5.82905e+0,0,0,0,0,0,0,9.00757e-1,0,0,0,0,0,0,0,1.38024e+1,8.29066e+1,0,1.58770e-1,0,0,0,0,4.03626e+2
"India +","AFG","Afghanistan",9.44195e-4,0,1.07357e-1,2.22814e-4,1.27239e-1,0,9.02461e-4,3.17222e-4,1.36654e+1,9.44202e+0,1.91306e+1,0,0,0,0,0,0,0,0,0,0,0,0,0,0,0,0,0,0,0,0,0,0,2.79755e+2,1.62864e+1,3.89194e+1,0,0,0,0,0,4.79856e-1,0,6.29201e-3,0,0,0,0,0,1.53006e+1,1.32739e+2,0,2.14933e-1,0,0,0,0,5.26176e+2
"India +","BGD","Bangladesh",5.70238e-1,5.35884e-3,2.53935e-1,0,1.00049e+0,2.01987e-2,4.08108e-2,0,1.82432e+2,3.30223e+1,2.94319e+2,0,0,0,0,0,0,0,0,0,0,0,0,0,0,0,0,0,0,0,0,0,0,8.77666e+2,7.55735e+1,2.22533e+3,0,0,0,0,3.07442e-3,1.61869e+1,2.56058e-1,0,0,0,0,0,0,2.15906e+2,6.72632e+2,0,0,0,0,0,0,4.59521e+3
"India +","BTN","Bhutan",4.60944e-4,0,9.42413e-3,3.25171e-4,2.09089e-2,0,1.98302e-4,5.23832e-5,1.68901e+1,3.62760e+0,8.21236e-3,0,0,0,0,0,0,2.59496e-2,0,0,0,0,0,0,0,0,0,0,0,0,0,0,0,1.34599e+1,1.38189e+0,7.79486e+0,0,0,0,0,0,1.78462e-1,3.38843e-1,0,0,0,0,0,0,7.77349e-1,8.75665e+0,0,7.42028e-3,0,0,0,0,5.32786e+1
"India +","IND","India",9.47077e+0,1.83834e+0,5.03281e+1,0,3.41055e+1,4.90432e-1,1.26111e-1,1.25400e-3,1.92444e+3,2.03525e+3,7.05452e+2,0,0,0,0,0,2.05664e+0,2.63366e+0,0,0,0,0,0,0,0,0,0,0,0,0,0,0,0,1.26458e+4,1.11104e+3,4.01423e+3,0,0,0,0,9.91783e+0,2.49699e+2,1.36169e+1,2.65589e+0,0,0,0,0,0,1.20791e+3,4.36283e+3,0,5.05980e+1,4.50000e+1,0,0,0,2.84795e+4
"India +","IOT","British Indian Ocean Territory",0,0,0,0,0,0,0,0,0,0,0,0,0,0,0,0,0,0,0,0,0,0,0,0,0,0,0,0,0,0,0,0,0,0,0,0,0,0,0,0,0,0,0,0,0,0,0,0,0,0,0,0,0,0,0,0,0,0,
"India +","LKA","Sri Lanka",4.61659e-2,5.14936e-3,2.07806e+0,4.36810e-3,1.81807e+0,4.68369e-3,5.85200e-4,1.67200e-4,2.11207e+1,3.74945e+0,5.06530e-1,0,0,0,0,0,0,0,0,0,0,0,0,0,0,0,0,0,0,0,0,0,0,6.61607e+1,5.89134e+0,2.74995e+2,0,0,0,0,1.02439e-1,2.21999e-1,0,0,0,0,0,0,0,4.68283e+1,1.00815e+2,0,0,0,0,0,0,5.24349e+2
"India +","MDV","Maldives",5.09732e-3,0,5.72920e-3,1.20021e-4,9.38255e-2,0,1.24925e-3,2.72846e-4,5.58277e-3,6.60300e-2,6.03661e-2,0,0,0,0,0,0,0,0,0,0,0,0,0,0,0,0,0,0,0,0,0,0,0,0,0,0,0,0,0,0,2.78261e-2,0,0,0,0,0,0,0,6.48539e-1,1.24069e+0,0,5.26668e-3,0,0,0,0,2.16059e+0
"India +","NPL","Nepal",0,0,2.03733e-1,0,2.41913e-1,0,0,0,6.18171e+1,6.79498e+0,0,0,0,0,0,0,0,0,0,0,0,0,0,0,0,0,0,0,0,0,0,0,0,4.79769e+2,4.24023e+1,3.60379e+2,0,0,0,0,9.17239e-1,9.21869e+0,1.27884e-1,0,0,0,0,0,0,8.64346e+0,1.15488e+2,0,0,0,0,0,0,1.08600e+3
"India +","PAK","Pakistan",6.61595e-1,6.57796e-2,7.30891e+0,0,9.64329e+0,5.39491e-2,0,7.32690e-5,1.87941e+2,6.77917e+1,1.48835e+3,0,0,0,0,0,0,0,0,0,0,0,0,0,0,0,0,0,0,0,0,0,0,3.24760e+3,2.35928e+2,8.66391e+2,0,0,0,0,7.85962e-1,1.07914e+1,0,1.65340e+0,0,0,0,0,0,1.95148e+2,6.73492e+2,0,2.34329e+0,0,0,0,0,6.99595e+3
"Korea","KOR","Korea, Republic of",3.47226e+0,3.97182e-1,5.95281e+0,2.17152e-2,2.28981e+1,3.81634e-2,2.46369e-1,1.51316e-2,2.88937e+1,5.63545e+1,2.11353e+2,0,0,0,0,0,2.35168e+0,2.78225e+0,0,0,0,0,0,0,0,0,0,0,0,0,0,0,0,2.66380e+2,2.24328e+1,3.05994e+2,0,0,0,0,0,3.16148e-1,0,0,0,0,0,0,0,1.83350e+2,4.42165e+2,0,0,0,0,0,0,1.55542e+3
"Korea","PRK","Korea, Democratic People's Republic of",6.81108e-2,4.01281e-4,4.13963e+0,0,2.76457e-1,0,0,0,6.06228e+1,4.31006e+2,1.15215e-1,0,0,0,0,0,1.65000e-2,9.90000e-3,0,0,0,0,0,0,0,0,0,0,0,0,0,0,0,5.05669e+1,7.79277e+0,1.44823e+2,0,0,0,0,0,3.04129e+0,0,9.55742e-2,0,0,0,0,0,4.19873e+1,1.12559e+2,1.78090e-1,0,0,0,0,0,8.57299e+2
"China +","CHN","China",2.45222e+1,4.44552e+0,1.13128e+2,2.00054e-1,5.29593e+1,2.17201e+0,3.48164e+0,7.92819e-1,3.46114e+3,2.57797e+4,2.49017e+3,0,0,0,0,0,2.72125e+1,2.51001e+1,0,0,0,0,0,0,0,0,0,0,0,0,0,0,0,1.04673e+4,1.63799e+3,1.44100e+4,0,0,0,0,4.85167e+0,1.60321e+1,2.75355e+0,1.07989e+1,0,0,0,0,0,3.63404e+3,6.48009e+3,2.36697e+1,7.28296e+0,9.00000e+1,0,0,0,6.87698e+4
"China +","HKG","Hong Kong",5.27452e-1,0,5.11089e-1,0,2.49162e-1,0,2.19807e-4,0,2.48292e-1,0,3.46400e+1,0,0,0,0,0,0,0,0,0,0,0,0,0,0,0,0,0,0,0,0,0,0,0,0,0,0,0,0,0,0,0,0,0,0,0,0,0,0,6.87768e+1,3.38696e+1,2.90018e-1,0,0,0,0,0,1.39113e+2
"China +","MAC","Macao",7.66296e-4,0,6.34875e-3,2.79196e-4,2.29046e-2,0,6.74579e-4,1.88766e-4,1.06579e-2,0,1.12642e-1,0,0,0,0,0,0,0,0,0,0,0,0,0,0,0,0,0,0,0,0,0,0,0,0,0,0,0,0,0,0,0,0,0,0,0,0,0,0,4.40241e+0,1.83341e+0,2.02088e-2,0,0,0,0,0,6.41049e+0
"China +","MNG","Mongolia",7.68697e-2,8.36000e-4,8.40008e-2,1.01686e-3,4.89948e-1,1.73679e-2,2.82011e-3,0,5.16988e+0,1.78453e+1,2.57732e-1,0,0,0,0,0,0,0,0,0,0,0,0,0,0,0,0,0,0,0,0,0,0,2.65245e+2,1.41596e+1,0,0,0,0,0,0,1.51065e-2,0,1.30620e+0,0,0,0,0,0,3.65840e+0,1.12016e+1,2.21718e-2,0,0,0,0,0,3.19554e+2
"China +","TWN","Taiwan_Province of China",3.67802e+0,2.48876e-1,3.27280e+0,2.92601e-3,8.43578e+0,6.07286e-3,8.63170e-2,0,9.49242e-1,5.37404e+0,4.45031e+1,0,0,0,0,0,5.06160e-1,7.53340e-1,0,0,0,0,0,0,0,0,0,0,0,0,0,0,0,1.71357e+1,3.47797e+1,0,0,0,0,0,1.45462e-2,0,0,0,0,0,0,0,0,1.69100e+2,1.14395e+2,7.18861e-1,0,0,0,0,0,4.03961e+2
"Southeastern Asia","BRN","Brunei Darussalam",1.85392e-1,7.11854e-2,5.05130e-2,0,1.83966e-1,0,0,0,4.77023e-2,2.74350e-2,2.00510e+2,0,0,0,0,0,0,0,0,0,0,0,0,0,0,0,0,0,0,0,0,0,0,3.51588e-1,3.20337e-1,0,0,0,0,0,0,5.15030e-3,0,0,0,0,0,0,0,2.54463e+0,1.94707e+0,6.75097e-2,2.30802e-2,0,0,0,0,2.06335e+2
"Southeastern Asia","KHM","Cambodia",2.89802e-2,0,5.56026e-2,1.64684e-3,3.11213e-1,0,1.08214e-3,0,4.77332e+1,8.77920e+0,5.70795e-4,0,0,0,0,0,0,0,0,0,0,0,0,0,0,0,0,0,0,0,0,0,0,1.86844e+2,2.73738e+1,5.04901e+2,0,0,0,0,3.52051e+2,2.68566e+1,7.35162e+2,0,0,0,0,0,0,1.28309e+1,6.63021e+1,3.82689e-1,1.30834e-1,0,0,0,0,1.96975e+3
"Southeastern Asia","LAO","Lao People's Democratic Republic",8.82512e-4,0,2.91144e-2,6.57607e-4,4.51377e-2,0,1.82695e-4,6.85163e-5,2.66798e+1,1.09120e+1,2.09673e-2,0,0,0,0,0,0,0,0,0,0,0,0,0,0,0,0,0,0,0,0,0,0,1.28470e+2,1.60328e+1,1.19691e+2,0,0,0,0,2.56406e+1,9.92517e+0,2.04190e+1,0,0,0,0,0,0,5.19437e+0,2.62101e+1,0,0,0,0,0,0,3.89272e+2
"Southeastern Asia","MMR","Myanmar",1.44898e-1,2.57170e-2,4.76938e-1,0,5.47489e-1,0,2.63768e-3,1.15137e-4,1.71670e+2,3.16541e+1,2.87898e+2,0,0,0,0,0,0,0,0,0,0,0,0,0,0,0,0,0,0,0,0,0,0,9.28371e+2,1.03497e+2,1.58096e+3,0,0,0,0,2.61682e+1,1.00015e+2,1.42904e+2,0,0,0,0,0,0,6.13645e+1,2.57074e+2,0,0,0,0,0,0,3.69277e+3
"Southeastern Asia","MYS","Malaysia",2.38045e+0,1.02042e+0,1.74745e+0,0,7.91234e+0,0,0,5.51760e-3,1.82719e+1,5.10550e+1,9.78776e+2,0,0,0,0,0,1.82999e+0,0,0,0,0,0,0,0,0,0,0,0,0,0,0,0,0,5.00180e+1,2.19317e+1,1.64165e+2,0,0,0,0,1.16628e+0,7.87380e+0,4.14304e+0,0,0,0,0,0,0,1.37742e+2,1.40628e+2,1.79631e+0,2.21084e+0,0,0,0,0,1.59467e+3
"Southeastern Asia","PHL","Philippines",4.08013e-1,1.17500e-1,2.35906e+0,9.61400e-4,3.46351e+0,0,1.45146e-1,0,7.36398e+1,1.29738e+2,6.58103e+1,0,0,0,0,0,1.27878e-3,3.32080e-1,0,0,0,0,0,0,0,0,0,0,0,0,0,0,0,4.11136e+2,8.57976e+1,1.08787e+3,0,0,0,0,2.62330e+0,6.94930e+1,0,0,0,0,0,0,0,2.47561e+2,4.48268e+2,0,4.43168e+0,0,0,0,0,2.63320e+3
"Southeastern Asia","SGP","Singapore",4.88459e-1,1.54770e-1,1.28326e-2,0,6.96728e-1,0,0,0,1.82095e-2,3.20075e+0,6.14125e+1,0,0,0,0,0,3.40512e-1,0,0,0,0,0,0,0,0,0,0,0,0,0,0,0,0,2.69932e-1,8.76352e-1,0,0,0,0,0,3.43661e-1,1.07722e-5,0,0,0,0,0,0,0,1.43637e+1,2.10982e+1,7.05880e+0,0,0,0,0,0,1.10335e+2
"Southeastern Asia","THA","Thailand",4.02420e+0,4.92061e-1,1.08025e+1,0,1.05835e+1,1.61327e-2,2.36402e-2,0,1.22297e+2,4.08880e+2,4.22125e+2,0,0,0,0,0,5.26162e-1,0,0,0,0,0,0,0,0,0,0,0,0,0,0,0,0,4.08298e+2,7.88320e+1,2.20981e+3,0,0,0,0,6.89926e+1,8.16570e+1,3.57749e+1,0,0,0,0,0,0,2.84460e+2,3.86190e+2,3.09416e+0,3.80820e+0,0,0,0,0,4.54069e+3
"Southeastern Asia","TLS","Timor-Leste",0,0,3.35592e-3,0,0,0,0,0,3.39007e-1,0,2.88069e-2,0,0,0,0,0,0,0,0,0,0,0,0,0,0,0,0,0,0,0,0,0,0,1.51500e+1,1.86138e+0,1.09571e+1,0,0,0,0,0,4.16707e-1,0,0,0,0,0,0,0,1.84111e-1,3.87381e+0,5.05114e-3,1.72689e-3,0,0,0,0,3.28211e+1
"Southeastern Asia","VNM","Viet Nam",9.42365e-1,0,2.12966e+0,3.72019e-3,5.20358e+0,2.11434e-3,0,4.31376e-2,2.57686e+2,1.25757e+3,1.68710e+2,0,0,0,0,0,0,0,0,0,0,0,0,0,0,0,0,0,0,0,0,0,0,5.97120e+2,1.90690e+2,1.81917e+3,0,0,0,0,1.14030e+1,8.57412e+1,6.20446e+0,0,0,0,0,0,0,1.14567e+2,4.30383e+2,0,0,0,0,0,0,4.94758e+3
"Indonesia +","IDN","Indonesia",1.84529e+0,1.83619e+0,1.60403e+1,1.99386e-2,2.31643e+1,0,3.66628e-1,0,3.04139e+2,1.13374e+3,1.24962e+3,0,0,0,0,0,2.33936e+0,1.82285e-2,0,0,0,0,0,0,0,0,0,0,0,0,0,0,0,1.04849e+3,1.02235e+2,2.68498e+3,0,0,0,0,1.05384e+2,2.02962e+2,5.15311e+2,0,2.77333e+2,0,0,0,0,9.74481e+2,1.53655e+3,1.12133e+1,1.38009e+1,0,0,0,0,1.02059e+4
"Indonesia +","PNG","Papua New Guinea",1.13885e-2,0,3.43744e-2,7.01404e-4,4.09592e-2,0,2.80541e-3,7.34650e-4,1.94155e+1,5.25915e-1,1.53800e+1,0,0,0,0,0,0,0,0,0,0,0,0,0,0,0,0,0,0,0,0,0,0,6.63190e+0,7.16067e+0,9.51754e-2,0,0,0,0,2.58168e-1,1.55358e-1,2.01122e+0,0,0,0,0,0,0,3.84697e+0,3.07509e+1,9.74792e-2,0,0,0,0,0,8.64202e+1
"Japan","JPN","Japan",1.20937e+1,6.07542e-1,1.52953e+1,7.68075e-2,1.30582e+1,3.69491e-2,1.10983e+0,0,1.96177e+1,5.98985e+1,4.74745e+1,0,0,0,0,0,5.02572e+0,7.61132e+0,0,0,0,0,0,0,0,0,0,0,0,0,0,0,0,4.88322e+2,1.66774e+2,7.67182e+2,0,0,0,0,0,6.80977e-1,2.80314e-2,2.58149e+0,0,0,0,0,0,1.55279e+2,1.98681e+2,1.87670e+1,7.32760e-1,0,0,0,0,1.98093e+3
"Oceania","ASM","American Samoa",0,0,0,0,0,0,0,0,2.16044e-5,0,0,0,0,0,0,0,0,0,0,0,0,0,0,0,0,0,0,0,0,0,0,0,0,1.62360e-2,1.25873e-1,0,0,0,0,0,0,1.01897e-5,0,0,0,0,0,0,0,3.32752e-1,8.04858e-2,0,0,0,0,0,0,5.55379e-1
"Oceania","ATF","French Southern Territories",0,0,0,0,0,0,0,0,0,0,0,0,0,0,0,0,0,0,0,0,0,0,0,0,0,0,0,0,0,0,0,0,0,0,0,0,0,0,0,0,0,0,0,0,0,0,0,0,0,0,0,0,0,0,0,0,0,0,
"Oceania","AUS","Australia",3.98510e+0,8.97327e-1,5.42016e+0,3.98773e-2,9.27663e+0,1.08892e-1,1.99261e-1,3.31892e-2,2.35013e+1,1.54053e+3,2.55303e+2,0,0,0,0,0,2.75983e-1,7.12989e-1,0,0,0,0,0,0,0,0,0,0,0,0,0,0,0,2.90375e+3,1.95574e+2,1.46395e+1,0,0,0,0,6.13385e+2,2.31342e+1,9.24072e+1,2.07202e+2,0,0,0,0,0,5.01406e+2,6.53324e+1,6.91306e-3,0,6.00000e-1,0,0,0,6.45772e+3
"Oceania","CCK","Cocos (Keeling) Islands",0,0,0,0,0,0,0,0,0,0,0,0,0,0,0,0,0,0,0,0,0,0,0,0,0,0,0,0,0,0,0,0,0,0,0,0,0,0,0,0,0,0,0,0,0,0,0,0,0,0,0,0,0,0,0,0,0,0,
"Oceania","COK","Cook Islands",0,0,1.46544e-3,0,0,0,0,0,1.29676e-3,0,0,0,0,0,0,0,0,0,0,0,0,0,0,0,0,0,0,0,0,0,0,0,0,4.78016e-2,9.43481e-2,0,0,0,0,0,0,7.37553e-4,0,0,0,0,0,0,0,0,2.69485e-2,0,0,0,0,0,0,1.72598e-1
"Oceania","CXR","Christmas Island",0,0,0,0,0,0,0,0,0,0,0,0,0,0,0,0,0,0,0,0,0,0,0,0,0,0,0,0,0,0,0,0,0,0,0,0,0,0,0,0,0,0,0,0,0,0,0,0,0,0,0,0,0,0,0,0,0,0,
"Oceania","FJI","Fiji",4.56667e-3,0,7.31935e-3,1.10464e-3,2.90637e-2,0,1.26752e-3,3.46775e-4,4.04653e-1,2.10707e-1,8.17980e-2,0,0,0,0,0,0,0,0,0,0,0,0,0,0,0,0,0,0,0,0,0,0,2.12183e+1,3.56742e+0,1.47748e+0,0,0,0,0,0,1.05023e-1,0,0,0,0,0,0,0,3.86189e+0,2.53836e+0,0,0,0,0,0,0,3.35093e+1
"Oceania","FSM","Micronesia, Federated States of",0,0,0,0,0,0,0,0,1.35721e-3,2.95430e-2,0,0,0,0,0,0,0,0,0,0,0,0,0,0,0,0,0,0,0,0,0,0,0,7.40667e-1,1.31745e-1,1.81844e-2,0,0,0,0,0,6.70843e-4,0,0,0,0,0,0,0,3.08909e-1,1.50724e-1,0,0,0,0,0,0,1.38180e+0
"Oceania","GUM","Guam",0,0,0,0,0,0,0,0,1.65943e-3,0,0,0,0,0,0,0,0,0,0,0,0,0,0,0,0,0,0,0,0,0,0,0,0,2.01413e-2,6.30391e-2,0,0,0,0,0,0,7.33602e-4,0,0,0,0,0,0,0,1.72427e+0,1.33681e+0,0,0,0,0,0,0,3.14666e+0
"Oceania","HMD","Heard Island and McDonald Islands",0,0,0,0,0,0,0,0,0,0,0,0,0,0,0,0,0,0,0,0,0,0,0,0,0,0,0,0,0,0,0,0,0,0,0,0,0,0,0,0,0,0,0,0,0,0,0,0,0,0,0,0,0,0,0,0,0,0,
"Oceania","KIR","Kiribati",5.87515e-5,0,3.88345e-4,4.48885e-5,6.56514e-4,0,2.16668e-5,6.99750e-6,7.58883e-3,2.93570e-2,1.44534e-3,0,0,0,0,0,0,0,0,0,0,0,0,0,0,0,0,0,0,0,0,0,0,1.28000e-2,3.53956e-2,0,0,0,0,0,0,2.42245e-3,0,0,0,0,0,0,0,2.80713e-1,3.37351e-1,0,0,0,0,0,0,7.08251e-1
"Oceania","MHL","Marshall Islands",0,0,0,0,0,0,0,0,0,0,0,0,0,0,0,0,0,0,0,0,0,0,0,0,0,0,0,0,0,0,0,0,0,0,0,0,0,0,0,0,0,0,0,0,0,0,0,0,0,2.53193e-1,8.03695e-2,0,0,0,0,0,0,3.33563e-1
"Oceania","MNP","Northern Mariana Islands",0,0,0,0,0,0,0,0,0,0,0,0,0,0,0,0,0,0,0,0,0,0,0,0,0,0,0,0,0,0,0,0,0,0,0,0,0,0,0,0,0,0,0,0,0,0,0,0,0,3.85773e-1,1.32639e-1,0,0,0,0,0,0,5.18412e-1
"Oceania","NCL","New Caledonia",1.44022e-3,0,7.09993e-3,8.20123e-5,1.98438e-2,0,5.92592e-4,2.08045e-4,3.03936e-2,4.78330e-2,7.13849e-2,0,0,0,0,0,0,0,0,0,0,0,0,0,0,0,0,0,0,0,0,0,0,6.58739e+0,7.81907e-1,0,0,0,0,0,0,1.96845e-3,0,0,0,0,0,0,0,2.12086e+0,3.05512e-1,0,0,0,0,0,0,9.97651e+0
"Oceania","NFK","Norfolk Island",0,0,0,0,0,0,0,0,0,0,0,0,0,0,0,0,0,0,0,0,0,0,0,0,0,0,0,0,0,0,0,0,0,0,0,0,0,0,0,0,0,0,0,0,0,0,0,0,0,0,4.07340e-3,0,0,0,0,0,0,4.07340e-3
"Oceania","NIU","Niue",0,0,0,0,0,0,0,0,9.61404e-5,2.79000e-4,0,0,0,0,0,0,0,0,0,0,0,0,0,0,0,0,0,0,0,0,0,0,0,9.70474e-3,2.70896e-2,0,0,0,0,0,0,4.78432e-5,0,0,0,0,0,0,0,6.59170e-3,1.56594e-3,0,0,0,0,0,0,4.53749e-2
"Oceania","NRU","Nauru",0,0,0,0,0,0,0,0,0,0,0,0,0,0,0,0,0,0,0,0,0,0,0,0,0,0,0,0,0,0,0,0,0,2.80000e-3,8.18133e-3,0,0,0,0,0,0,0,0,0,0,0,0,0,0,1.09656e-1,1.87369e-2,0,0,0,0,0,0,1.39374e-1
"Oceania","NZL","New Zealand",4.12748e-1,3.39123e-2,9.12820e-1,6.91789e-3,1.05084e+0,0,0,1.39194e-2,3.96075e+0,1.76819e+1,2.64685e+1,0,0,0,0,0,1.05570e+0,0,0,0,0,0,0,0,0,0,0,0,0,0,0,0,0,1.06264e+3,1.28920e+2,0,0,0,0,0,0,2.88173e-1,2.53127e-1,0,0,0,0,0,0,6.04512e+1,1.09903e+1,0,0,0,0,0,0,1.31514e+3
"Oceania","PCN","Pitcairn",0,0,0,0,0,0,0,0,0,0,0,0,0,0,0,0,0,0,0,0,0,0,0,0,0,0,0,0,0,0,0,0,0,0,0,0,0,0,0,0,0,0,0,0,0,0,0,0,0,0,1.02570e-3,0,0,0,0,0,0,1.02570e-3
"Oceania","PLW","Palau",0,0,0,0,0,0,0,0,0,0,0,0,0,0,0,0,0,0,0,0,0,0,0,0,0,0,0,0,0,0,0,0,0,0,0,0,0,0,0,0,0,0,0,0,0,0,0,0,0,0,6.27698e-2,0,0,0,0,0,0,6.27698e-2
"Oceania","PYF","French Polynesia",2.12931e-3,0,3.02956e-3,9.02570e-5,1.82275e-2,0,7.36414e-4,2.31702e-4,1.20197e-2,0,4.48159e-2,0,0,0,0,0,0,0,0,0,0,0,0,0,0,0,0,0,0,0,0,0,0,8.19172e-1,3.45802e-1,0,0,0,0,0,0,1.81183e-3,0,0,0,0,0,0,0,2.03609e+0,1.05349e+0,0,0,0,0,0,0,4.33765e+0
"Oceania","SLB","Solomon Islands",6.27226e-4,0,2.09801e-3,7.83516e-5,3.43827e-3,0,3.20495e-4,8.79689e-5,5.36894e-1,1.06082e-1,8.80755e-3,0,0,0,0,0,0,0,0,0,0,0,0,0,0,0,0,0,0,0,0,0,0,6.37603e+1,2.10036e+0,3.35275e-1,0,0,0,0,0,6.48881e-3,0,0,0,0,0,0,0,4.60417e-1,9.79057e-1,0,0,0,0,0,0,6.83003e+1
"Oceania","TKL","Tokelau",0,0,0,0,0,0,0,0,1.85680e-4,0,0,0,0,0,0,0,0,0,0,0,0,0,0,0,0,0,0,0,0,0,0,0,0,1.00000e-3,3.20383e-3,0,0,0,0,0,0,8.45978e-5,0,0,0,0,0,0,0,0,6.67421e-3,0,0,0,0,0,0,1.11483e-2
"Oceania","TON","Tonga",0,0,1.18104e-3,0,4.31794e-3,0,0,0,2.54096e-3,2.30330e-2,1.08482e-2,0,0,0,0,0,0,0,0,0,0,0,0,0,0,0,0,0,0,0,0,0,0,1.01165e+0,9.97451e-1,0,0,0,0,0,0,1.26724e-3,0,0,0,0,0,0,0,3.36151e-1,4.44702e-1,0,0,0,0,0,0,2.83314e+0
"Oceania","TUV","Tuvalu",0,0,0,0,0,0,0,0,0,0,0,0,0,0,0,0,0,0,0,0,0,0,0,0,0,0,0,0,0,0,0,0,0,1.35000e-2,4.15071e-2,0,0,0,0,0,0,0,0,0,0,0,0,0,0,2.88846e-2,7.21412e-2,0,0,0,0,0,0,1.56033e-1
"Oceania","VUT","Vanuatu",2.83277e-4,0,9.54033e-4,2.79817e-5,2.08144e-3,0,1.20998e-4,3.45465e-5,1.16609e-1,4.29040e-2,4.32661e-3,0,0,0,0,0,0,0,0,0,0,0,0,0,0,0,0,0,0,0,0,0,0,9.42800e+0,1.21756e+0,0,0,0,0,0,0,1.31281e-2,0,0,0,0,0,0,0,3.38736e-1,1.27260e+0,0,0,0,0,0,0,1.24374e+1
"Oceania","WLF","Wallis and Futuna",0,0,0,0,0,0,0,0,9.05508e-4,0,0,0,0,0,0,0,0,0,0,0,0,0,0,0,0,0,0,0,0,0,0,0,0,6.64547e-2,7.60008e-2,0,0,0,0,0,0,4.51516e-4,0,0,0,0,0,0,0,0,8.69382e-2,0,0,0,0,0,0,2.30751e-1
"Oceania","WSM","Samoa",2.78406e-4,0,8.45621e-4,1.81514e-4,5.23642e-3,0,1.68778e-4,6.15099e-5,2.54647e-1,4.04550e-2,6.80666e-3,0,0,0,0,0,0,0,0,0,0,0,0,0,0,0,0,0,0,0,0,0,0,1.85382e+0,2.46532e+0,0,0,0,0,0,0,1.14452e-3,0,0,0,0,0,0,0,3.59426e-1,1.12641e+0,0,0,0,0,0,0,6.11480e+0
"Antartica","ATA","Antarctica",0,0,0,0,0,0,0,0,0,0,0,0,0,0,0,0,0,0,0,0,0,0,0,0,0,0,0,0,0,0,0,0,0,0,0,0,0,0,0,0,0,0,0,0,0,0,0,0,0,0,0,0,0,0,0,0,0,0,
"Int. Shipping","SEA","Int. Shipping",0,0,0,0,0,0,0,0,0,0,1.68619e+1,0,5.41163e+1,0,0,0,0,0,0,0,0,0,0,0,0,0,0,0,0,0,0,0,0,0,0,0,0,0,0,0,0,0,0,0,0,0,0,0,0,0,0,0,0,0,0,0,0,7.09782e+1
"Int. Aviation","AIR","Int. Aviation",0,0,0,0,0,0,0,0,0,0,0,3.14823e+0,0,0,0,0,0,0,0,0,0,0,0,0,0,0,0,0,0,0,0,0,0,0,0,0,0,0,0,0,0,0,0,0,0,0,0,0,0,0,0,0,0,0,0,0,0,3.14823e+0

"TOTALS",,,2.60160e+2,5.97420e+1,4.91263e+2,2.33362e+0,6.29597e+2,7.06848e+0,1.17533e+1,3.86718e+0,1.17768e+4,4.88927e+4,6.65907e+4,3.14823e+0,5.41163e+1,0,0,0,1.64367e+2,7.62962e+1,0,0,0,0,0,0,0,0,0,0,0,0,0,0,0,9.90804e+4,1.14472e+4,3.64872e+4,0,0,0,0,1.65201e+4,1.57716e+3,1.15289e+4,4.58806e+2,2.77333e+2,0,0,0,0,2.88046e+4,3.07720e+4,8.81844e+1,3.28425e+2,1.50600e+2,0,0,0,03.66545e+5