"Content:","Emissions by country and main source category" 
"Compound:","CH4"
"Year: ","1979"
"Unit:","Gg CH4"
"Source:","European Commission, Joint Research Centre (JRC)/PBL Netherlands Environmental Assessment Agency. Emission Database for Global Atmospheric Research (EDGAR), release version 4.2. http://edgar.jrc.ec.europe.eu, 2010" 
"Dataset:","v4.2_EM_CH4_300911(edgar)"
"Date calculated:","November 30, 1999, 12:00 am"

,,,"Public electricity and heat production","Other Energy Industries","Manufacturing Industries and Construction","Domestic aviation","Road transportation","Rail transportation","Inland navigation","Other transportation","Residential and other sectors","Fugitive emissions from solid fuels","Fugitive emissions from oil and gas","Memo: International aviation","Memo: International navigation","Cement production","Lime production","Production of other minerals","Production of chemicals","Production of metals","Production of pulp/paper/food/drink","Production of halocarbons and SF6","Refrigeration and Air Conditioning","Foam Blowing","Fire Extinguishers","Aerosols","F-gas as Solvent","Semiconductor/Electronics Manufacture","Electrical Equipment","Other F-gas use","Non-energy use of lubricants/waxes (CO2)","Solvent and other product use: paint","Solvent and other product use: degrease","Solvent and other product use: chemicals","Solvent and other product use: other","Enteric fermentation","Manure management","Rice cultivation","Direct soil emissions","Manure in pasture/range/paddock","Indirect N2O from agriculture","Other direct soil emissions","Savanna burning","Agricultural waste burning","Forest fires","Grassland fires","Peat fires and decay of drained peatland","Other vegetation fires","Other biomass burning","Forest Fires-Post burn decay","Forest Land: net carbon stock change","Solid waste disposal on land","Wastewater handling","Waste incineration","Other waste handling","Fossil fuel fires","Indirect N2O from non-agricultural NOx","Indirect N2O from non-agricultural NH3","Other sources",

"World Region","ISO_A3","Country","1A1a","1A1bc","1A2","1A3a","1A3b","1A3c","1A3d","1A3e","1A4","1B1","1B2","1C1","1C2","2A1","2A2","2A7","2B","2C","2D","2E","2F1","2F2","2F3","2F4","2F5","2F7","2F8","2F9","2G","3A","3B","3C","3D","4A","4B","4C","4D1","4D2","4D3","4D4","4E","4F","5A","5C","5D","5F","5F1","5F2","5FL","6A","6B","6C","6D","7A","7B","7C","7D","TOTAL" 
"Canada","CAN","Canada",8.04447e-1,1.07423e+0,9.50803e+0,7.24734e-2,2.72135e+1,3.72699e-1,4.45182e-1,8.43640e-2,4.56347e+1,7.10017e+1,1.06130e+3,0,0,0,0,0,5.23912e+0,1.15411e+0,0,0,0,0,0,0,0,0,0,0,0,0,0,0,0,6.66492e+2,2.21368e+2,0,0,0,0,0,0,5.33442e+0,2.38474e+2,1.99450e+2,0,0,0,0,0,7.65040e+2,1.54825e+2,6.07416e+0,0,0,0,0,0,3.48096e+3
"USA","SPM","Saint Pierre and Miquelon",0,0,0,0,0,0,0,0,0,0,0,0,0,0,0,0,0,0,0,0,0,0,0,0,0,0,0,0,0,0,0,0,0,4.28630e-4,3.41244e-5,0,0,0,0,0,0,0,0,0,0,0,0,0,0,3.35574e-2,1.01955e-2,7.38250e-4,0,0,0,0,0,4.49539e-2
"USA","UMI","United States Minor Outlying Islands",0,0,0,0,0,0,0,0,0,0,0,0,0,0,0,0,0,0,0,0,0,0,0,0,0,0,0,0,0,0,0,0,0,0,0,0,0,0,0,0,0,0,0,0,0,0,0,0,0,0,0,0,0,0,0,0,0,0,
"USA","USA","United States",1.35922e+1,8.80030e+0,7.52090e+1,1.03184e+0,2.83155e+2,2.60089e+0,3.45829e-1,5.81965e-1,5.64450e+2,3.71565e+3,6.82869e+3,0,0,0,0,0,1.91178e+1,3.43979e+0,0,0,0,0,0,0,0,0,0,0,0,0,0,0,0,6.35795e+3,1.89820e+3,4.91779e+2,0,0,0,0,4.28448e-1,5.03235e+1,3.94085e+1,1.37834e+1,0,0,0,0,0,7.54020e+3,6.53575e+2,0,0,1.50000e+1,0,0,0,2.85773e+4
"Mexico","MEX","Mexico",3.41163e-1,6.36240e-1,3.93546e+0,0,1.26947e+1,0,0,9.17412e-1,6.84363e+1,4.99991e+1,1.08421e+3,0,0,0,0,0,9.62296e-1,1.15774e+0,0,0,0,0,0,0,0,0,0,0,0,0,0,0,0,1.85181e+3,1.32673e+2,2.73100e+1,0,0,0,0,3.88416e+1,2.17519e+1,9.93909e+1,2.18131e-1,0,0,0,0,0,1.62192e+2,3.46602e+2,0,0,0,0,0,0,3.90409e+3
"Rest Central America","ABW","Aruba",2.81557e-3,0,8.53811e-3,1.62550e-6,1.41989e-2,0,0,0,1.38179e-2,9.50110e-3,3.02800e-4,0,0,0,0,0,0,0,0,0,0,0,0,0,0,0,0,0,0,0,0,0,0,3.39370e-2,4.18740e-3,0,0,0,0,0,0,0,0,0,0,0,0,0,0,2.11863e-1,2.95394e-1,0,0,0,0,0,0,5.94557e-1
"Rest Central America","AIA","Anguilla",2.85000e-4,0,8.80740e-4,0,0,0,0,0,5.70000e-5,2.19589e-1,0,0,0,0,0,0,0,0,0,0,0,0,0,0,0,0,0,0,0,0,0,0,0,0,0,0,0,0,0,0,0,0,0,0,0,0,0,0,0,4.71332e-3,2.48923e-2,0,0,0,0,0,0,2.50417e-1
"Rest Central America","ANT","Netherlands Antilles",0,1.00495e-1,7.52367e-2,1.13044e-3,2.59600e-1,0,0,0,3.70532e-2,2.06486e-2,6.99316e+0,0,0,0,0,0,0,0,0,0,0,0,0,0,0,0,0,0,0,0,0,0,0,2.85600e-1,1.46600e-2,0,0,0,0,0,0,0,0,0,0,0,0,0,0,1.12594e+0,7.48570e-1,0,0,0,0,0,0,9.66210e+0
"Rest Central America","ATG","Antigua and Barbuda",4.25721e-3,0,7.96154e-3,0,4.35942e-3,0,0,0,2.64102e-2,0,8.43737e-2,0,0,0,0,0,0,0,0,0,0,0,0,0,0,0,0,0,0,0,0,0,0,8.96110e-1,2.02404e-2,0,0,0,0,0,0,6.26503e-3,0,0,0,0,0,0,0,1.61222e-1,2.88627e-1,0,0,0,0,0,0,1.49983e+0
"Rest Central America","BHS","Bahamas",1.78302e-2,0,2.71943e-2,0,4.15943e-2,0,0,0,2.99627e-1,2.38728e-2,8.79517e-1,0,0,0,0,0,0,0,0,0,0,0,0,0,0,0,0,0,0,0,0,0,0,1.98493e-1,2.01075e-2,0,0,0,0,0,0,1.23654e-2,0,0,0,0,0,0,0,2.73797e+0,8.89637e-1,0,0,0,0,0,0,5.14821e+0
"Rest Central America","BLZ","Belize",7.01290e-3,0,1.80229e-2,0,6.29114e-3,0,0,0,7.62447e-1,4.53446e-2,4.82840e-2,0,0,0,0,0,0,0,0,0,0,0,0,0,0,0,0,0,0,0,0,0,0,2.75788e+0,8.81070e-2,5.04601e-1,0,0,0,0,1.14900e+0,3.13585e-1,0,0,0,0,0,0,0,4.33809e-1,7.85460e-1,0,0,0,0,0,0,6.91984e+0
"Rest Central America","BMU","Bermuda",5.35923e-3,0,7.15527e-3,0,4.72553e-3,0,0,0,3.03862e-2,0,1.14117e-1,0,0,0,0,0,0,0,0,0,0,0,0,0,0,0,0,0,0,0,0,0,0,6.84754e-2,3.54870e-3,0,0,0,0,0,0,5.15262e-5,0,0,0,0,0,0,0,5.56605e-1,2.53586e-1,0,0,0,0,0,0,1.04401e+0
"Rest Central America","BRB","Barbados",1.19264e-2,0,3.14558e-2,0,9.54209e-3,0,0,0,3.37216e-2,2.69255e-2,4.65041e-1,0,0,0,0,0,0,0,0,0,0,0,0,0,0,0,0,0,0,0,0,0,0,1.33367e+0,8.52400e-2,0,0,0,0,0,0,3.11017e-1,0,0,0,0,0,0,0,1.04489e+0,1.42370e+0,0,0,0,0,0,0,4.77713e+0
"Rest Central America","CRI","Costa Rica",1.26208e-2,2.96727e-3,2.15787e-1,0,1.47058e-1,0,0,3.61740e-2,5.31347e+0,1.21422e+0,1.10468e-1,0,0,0,0,0,0,0,0,0,0,0,0,0,0,0,0,0,0,0,0,0,0,1.29062e+2,2.87265e+0,1.44688e+1,0,0,0,0,2.10593e+0,1.04267e+0,0,0,0,0,0,0,0,2.63767e+0,1.06205e+1,0,0,0,0,0,0,1.69863e+2
"Rest Central America","CUB","Cuba",1.01560e+0,8.64631e-3,3.99559e+0,0,9.92731e-1,0,1.11076e-1,5.23770e-2,4.02939e+1,7.69006e+0,2.82154e+0,0,0,0,0,0,0,0,0,0,0,0,0,0,0,0,0,0,0,0,0,0,0,3.05504e+2,9.45658e+0,7.21182e+1,0,0,0,0,1.52758e+1,2.32027e+1,3.34390e+0,0,0,0,0,0,0,3.51000e+1,6.18893e+1,0,0,0,0,0,0,5.82872e+2
"Rest Central America","CYM","Cayman Islands",1.35457e-3,0,2.19786e-3,0,1.23777e-3,0,0,0,6.48464e-3,0,2.10848e-2,0,0,0,0,0,0,0,0,0,0,0,0,0,0,0,0,0,0,0,0,0,0,2.71719e-1,1.19274e-2,0,0,0,0,0,0,4.56261e-6,0,0,0,0,0,0,0,3.74302e-1,7.44715e-2,0,0,0,0,0,0,7.64784e-1
"Rest Central America","DMA","Dominica",3.10710e-3,0,9.30118e-3,0,7.05559e-4,0,0,0,2.49499e-3,3.23792e-2,5.68803e-3,0,0,0,0,0,0,0,0,0,0,0,0,0,0,0,0,0,0,0,0,0,0,4.66180e-1,1.69260e-2,0,0,0,0,0,0,2.03786e-3,0,0,0,0,0,0,0,2.54513e-1,3.98500e-1,0,0,0,0,0,0,1.19183e+0
"Rest Central America","DOM","Dominican Republic",8.28168e-2,0,7.52661e-1,0,4.80107e-1,0,0,1.38164e-3,1.13065e+1,1.84157e+1,4.54279e-1,0,0,0,0,0,0,0,0,0,0,0,0,0,0,0,0,0,0,0,0,0,0,1.18235e+2,3.49631e+0,5.11158e+1,0,0,0,0,1.92094e+0,3.40828e+0,1.52259e+0,0,0,0,0,0,0,1.45392e+1,2.90344e+1,2.28007e-1,0,0,0,0,0,2.54994e+2
"Rest Central America","GLP","Guadeloupe",1.41443e-2,0,4.09873e-2,0,8.36992e-3,0,0,0,5.96913e-1,1.01391e-1,1.05298e-1,0,0,0,0,0,0,0,0,0,0,0,0,0,0,0,0,0,0,0,0,0,0,4.95753e+0,1.44658e-1,0,0,0,0,0,0,3.46937e-1,0,0,0,0,0,0,0,1.96336e+0,1.90045e+0,0,0,0,0,0,0,1.01800e+1
"Rest Central America","GRD","Grenada",3.86506e-3,0,1.12598e-2,0,7.51858e-4,0,0,0,3.94633e-3,1.01116e-1,1.00089e-2,0,0,0,0,0,0,0,0,0,0,0,0,0,0,0,0,0,0,0,0,0,0,5.12453e-1,1.53942e-2,0,0,0,0,0,0,6.06095e-3,0,0,0,0,0,0,0,1.70846e-1,4.34947e-1,0,0,0,0,0,0,1.27065e+0
"Rest Central America","GTM","Guatemala",5.37108e-2,2.56861e-3,4.14788e-1,0,3.37828e-1,0,0,0,2.71607e+1,8.19599e+0,3.76930e-1,0,0,0,0,0,0,0,0,0,0,0,0,0,0,0,0,0,0,0,0,0,0,9.22388e+1,2.80625e+0,2.26076e+0,0,0,0,0,8.92800e+0,2.18964e+0,1.08195e+1,0,0,0,0,0,0,6.37242e+0,2.87575e+1,0,0,0,0,0,0,1.90915e+2
"Rest Central America","HND","Honduras",2.88890e-3,1.92593e-3,2.51375e-1,0,1.09375e-1,0,0,0,1.24264e+1,6.07110e-1,1.26481e-1,0,0,0,0,0,0,0,0,0,0,0,0,0,0,0,0,0,0,0,0,0,0,1.02498e+2,2.93810e+0,3.45444e+0,0,0,0,0,1.18579e+1,1.13823e+0,1.12730e+1,0,0,0,0,0,0,2.01344e+0,1.46971e+1,0,0,0,0,0,0,1.63395e+2
"Rest Central America","HTI","Haiti",4.27054e-3,1.25604e-4,1.83758e-1,0,4.32137e-2,0,0,6.40581e-3,1.55249e+1,3.31887e+1,0,0,0,0,0,0,0,0,0,0,0,0,0,0,0,0,0,0,0,0,0,0,0,6.79995e+1,4.12369e+0,9.76648e+0,0,0,0,0,0,1.46889e+0,0,0,0,0,0,0,0,6.70236e+0,2.50855e+1,0,0,0,0,0,0,1.64098e+2
"Rest Central America","JAM","Jamaica",2.04864e-1,7.53624e-4,1.37788e-1,4.18681e-5,1.85705e-1,0,0,0,1.70903e+0,1.82133e+0,2.05345e-1,0,0,0,0,0,0,0,0,0,0,0,0,0,0,0,0,0,0,0,0,0,0,1.83776e+1,6.81490e-1,1.08517e-1,0,0,0,0,0,9.19130e-1,0,0,0,0,0,0,0,6.18059e+0,1.01426e+1,0,0,0,0,0,0,4.06749e+1
"Rest Central America","KNA","Saint Kitts and Nevis",2.06841e-3,0,5.40722e-3,0,9.56153e-4,0,0,0,1.73691e-1,0,1.07038e-2,0,0,0,0,0,0,0,0,0,0,0,0,0,0,0,0,0,0,0,0,0,0,3.99975e-1,9.97160e-3,0,0,0,0,0,0,1.13484e-1,0,0,0,0,0,0,0,3.07170e-1,3.08597e-1,0,0,0,0,0,0,1.33202e+0
"Rest Central America","LCA","Saint Lucia",5.49054e-3,0,1.47968e-2,0,3.19351e-3,0,0,0,2.04020e-2,2.98410e-2,2.39958e-2,0,0,0,0,0,0,0,0,0,0,0,0,0,0,0,0,0,0,0,0,0,0,6.91690e-1,2.49103e-2,0,0,0,0,0,0,7.37903e-3,0,0,0,0,0,0,0,1.07945e-1,5.35877e-1,0,0,0,0,0,0,1.46552e+0
"Rest Central America","MSR","Montserrat",5.73762e-4,0,1.49278e-3,0,5.84395e-4,0,0,0,1.39369e-3,0,3.58037e-3,0,0,0,0,0,0,0,0,0,0,0,0,0,0,0,0,0,0,0,0,0,0,5.34935e-1,1.19780e-2,0,0,0,0,0,0,4.90327e-5,0,0,0,0,0,0,0,9.25368e-3,5.51478e-2,0,0,0,0,0,0,6.18989e-1
"Rest Central America","MTQ","Martinique",1.60393e-2,0,4.09535e-2,0,8.85275e-3,0,0,0,6.98945e-2,1.16551e-1,1.38257e-1,0,0,0,0,0,0,0,0,0,0,0,0,0,0,0,0,0,0,0,0,0,0,3.06517e+0,1.04073e-1,0,0,0,0,0,0,9.10564e-2,0,0,0,0,0,0,0,3.02590e+0,1.75237e+0,0,0,0,0,0,0,8.42911e+0
"Rest Central America","NIC","Nicaragua",1.64607e-2,7.42169e-4,2.48562e-1,4.18681e-5,1.30339e-1,0,1.75846e-3,0,8.09789e+0,1.92251e+0,1.24734e-1,0,0,0,0,0,0,0,0,0,0,0,0,0,0,0,0,0,0,0,0,0,0,1.51767e+2,4.37341e+0,6.49291e+0,0,0,0,0,1.20689e+1,1.10725e+0,0,0,0,0,0,0,0,1.29221e+1,1.36224e+1,0,0,0,0,0,0,2.12897e+2
"Rest Central America","PAN","Panama",1.66600e-2,7.65399e-3,1.63745e-1,0,3.24667e-1,0,0,1.64541e-2,5.18955e+0,1.01185e-1,6.07153e-1,0,0,0,0,0,0,0,0,0,0,0,0,0,0,0,0,0,0,0,0,0,0,8.77079e+1,1.94445e+0,1.70371e+1,0,0,0,0,2.07946e+0,1.02409e+0,0,0,0,0,0,0,0,4.54331e+0,8.49119e+0,0,0,0,0,0,0,1.29255e+2
"Rest Central America","PRI","Puerto Rico",0,0,0,0,0,0,0,0,0,0,0,0,0,0,0,0,0,0,0,0,0,0,0,0,0,0,0,0,0,0,0,0,0,3.21908e+1,9.33282e-1,1.19368e-1,0,0,0,0,0,6.23241e-1,2.54252e-1,0,0,0,0,0,0,1.87515e+1,1.46994e+1,0,0,0,0,0,0,6.75719e+1
"Rest Central America","SLV","El Salvador",1.28899e-2,2.01872e-3,2.40218e-1,0,1.93584e-1,0,0,3.76812e-4,1.94865e+1,2.02370e-1,2.01591e-1,0,0,0,0,0,0,0,0,0,0,0,0,0,0,0,0,0,0,0,0,0,0,7.51788e+1,2.66921e+0,2.67674e+0,0,0,0,0,2.18810e-1,1.51834e+0,0,0,0,0,0,0,0,9.00269e+0,1.94369e+1,0,0,0,0,0,0,1.31041e+2
"Rest Central America","TCA","Turks and Caicos Islands",3.04320e-4,0,9.40380e-4,0,0,0,0,0,6.08000e-5,2.74400e-3,0,0,0,0,0,0,0,0,0,0,0,0,0,0,0,0,0,0,0,0,0,0,0,0,0,0,0,0,0,0,0,0,0,0,0,0,0,0,0,3.32685e-2,3.00082e-2,0,0,0,0,0,0,6.73262e-2
"Rest Central America","TTO","Trinidad and Tobago",9.56623e-2,1.03154e-1,7.36877e-3,0,3.92306e-1,0,0,0,9.16035e-1,1.28008e-1,8.07575e+1,0,0,0,0,0,4.57861e-1,0,0,0,0,0,0,0,0,0,0,0,0,0,0,0,0,5.19769e+0,2.13560e-1,9.16965e-1,0,0,0,0,0,5.10107e-1,0,0,0,0,0,0,0,6.06735e+0,9.13798e+0,0,0,0,0,0,0,1.04902e+2
"Rest Central America","VCT","Saint Vincent and the Grenadines",4.31927e-3,0,1.25680e-2,0,8.17641e-4,0,0,0,2.21161e-2,2.57936e-2,8.15081e-3,0,0,0,0,0,0,0,0,0,0,0,0,0,0,0,0,0,0,0,0,0,0,5.18456e-1,1.70960e-2,0,0,0,0,0,0,1.23104e-2,0,0,0,0,0,0,0,1.54478e-1,4.16393e-1,0,0,0,0,0,0,1.19250e+0
"Rest Central America","VGB","Virgin Islands_British",5.87808e-4,0,1.38228e-3,0,6.85483e-4,0,0,0,1.72263e-3,1.71500e-3,4.76932e-3,0,0,0,0,0,0,0,0,0,0,0,0,0,0,0,0,0,0,0,0,0,0,4.76943e-1,3.31162e-2,0,0,0,0,0,0,0,0,0,0,0,0,0,0,6.67657e-2,5.03601e-2,0,0,0,0,0,0,6.38047e-1
"Rest Central America","VIR","Virgin Islands_USA",0,0,0,0,0,0,0,0,0,0,0,0,0,0,0,0,0,0,0,0,0,0,0,0,0,0,0,0,0,0,0,0,0,6.52900e-2,1.32204e-2,0,0,0,0,0,0,8.23813e-2,0,0,0,0,0,0,0,6.54614e-1,4.26767e-1,0,0,0,0,0,0,1.24227e+0
"Brazil","BRA","Brazil",4.91470e-1,2.75067e+0,1.27663e+1,3.68438e-2,1.64704e+1,1.05041e-1,5.90256e-1,0,2.47197e+2,6.36420e+2,7.99017e+1,0,0,0,0,0,1.36564e+0,3.44201e+0,0,0,0,0,0,0,0,0,0,0,0,0,0,0,0,6.45465e+3,1.82426e+2,5.67319e+2,0,0,0,0,5.30136e+2,8.58090e+1,1.99793e+3,1.20415e+0,0,0,0,0,0,2.97363e+2,9.77769e+2,4.33157e+0,0,0,0,0,0,1.21005e+4
"Rest South America","ARG","Argentina",4.14837e-1,2.56310e-1,2.11777e+0,1.36071e-2,5.91323e+0,0,8.88020e-2,0,4.84852e+0,4.11294e+1,3.45607e+2,0,0,0,0,0,2.60964e-1,2.63867e-1,0,0,0,0,0,0,0,0,0,0,0,0,0,0,0,3.66053e+3,6.99830e+1,1.84478e+1,0,0,0,0,1.42877e+1,2.37230e+1,4.38894e+1,9.45336e+1,0,0,0,0,0,9.31246e+1,1.81620e+2,0,0,0,0,0,0,4.60105e+3
"Rest South America","BOL","Bolivia",3.29772e-2,1.99710e-2,2.01134e-1,2.00966e-3,3.98748e-1,2.08503e-3,0,0,4.89223e+0,1.51777e+0,8.88607e+1,0,0,0,0,0,0,0,0,0,0,0,0,0,0,0,0,0,0,0,0,0,0,3.16848e+2,8.76101e+0,9.31434e+0,0,0,0,0,1.54135e+2,1.58132e+0,3.34342e+2,0,0,0,0,0,0,6.72898e+0,2.44411e+1,0,0,0,0,0,0,9.52079e+2
"Rest South America","BVT","Bouvet Island",0,0,0,0,0,0,0,0,0,0,0,0,0,0,0,0,0,0,0,0,0,0,0,0,0,0,0,0,0,0,0,0,0,0,0,0,0,0,0,0,0,0,0,0,0,0,0,0,0,0,0,0,0,0,0,0,0,0,
"Rest South America","CHL","Chile",6.61696e-2,8.84287e-2,8.78446e-1,0,1.06331e+0,8.77552e-3,3.16523e-2,0,1.56982e+1,3.53838e+1,1.21542e+2,0,0,0,0,0,0,4.80568e-2,0,0,0,0,0,0,0,0,0,0,0,0,0,0,0,2.90690e+2,5.99590e+0,8.51855e+0,0,0,0,0,0,1.59328e+0,2.26738e+0,5.14200e+0,0,0,0,0,0,2.13816e+1,9.50020e+1,0,0,0,0,0,0,6.05400e+2
"Rest South America","COL","Colombia",1.60472e-1,8.86755e-2,1.42933e+0,0,3.49571e+0,5.02627e-3,9.08537e-3,0,5.11880e+1,3.13403e+1,1.43809e+2,0,0,0,0,0,8.94280e-3,2.06500e-2,0,0,0,0,0,0,0,0,0,0,0,0,0,0,0,1.41837e+3,3.35483e+1,1.49487e+2,0,0,0,0,2.55024e+1,1.00453e+1,1.15940e+2,0,0,0,0,0,0,3.53413e+1,1.29152e+2,0,0,0,0,0,0,2.14895e+3
"Rest South America","ECU","Ecuador",3.68881e-2,3.77672e-2,2.74771e-1,0,9.21355e-1,1.04251e-3,4.71852e-2,0,1.39059e+1,1.24628e+1,5.11661e+1,0,0,0,0,0,5.29200e-5,0,0,0,0,0,0,0,0,0,0,0,0,0,0,0,0,1.80507e+2,8.02811e+0,4.43828e+1,0,0,0,0,1.30718e+0,2.51507e+0,1.19218e+0,0,0,0,0,0,0,7.28285e+0,3.47636e+1,0,0,0,0,0,0,3.58833e+2
"Rest South America","FLK","Falkland Islands (Malvinas)",2.26908e-4,0,2.35416e-4,0,1.03811e-4,0,0,0,7.75298e-4,7.10010e-3,2.37328e-3,0,0,0,0,0,0,0,0,0,0,0,0,0,0,0,0,0,0,0,0,0,0,3.90198e+0,7.66479e-2,0,0,0,0,0,0,0,0,0,0,0,0,0,0,8.33782e-3,8.77554e-3,3.03510e-5,0,0,0,0,0,4.00658e+0
"Rest South America","GUF","French Guiana",3.59690e-3,0,8.62886e-3,0,2.98038e-3,0,0,0,1.13646e-1,1.09897e-1,7.90957e-2,0,0,0,0,0,0,0,0,0,0,0,0,0,0,0,0,0,0,0,0,0,0,2.19264e-1,1.69575e-2,1.17560e-1,0,0,0,0,0,4.55597e-3,7.53916e-1,0,0,0,0,0,0,3.84555e-1,3.16229e-1,1.46446e-3,0,0,0,0,0,2.13235e+0
"Rest South America","GUY","Guyana",4.06426e-2,0,9.55476e-2,0,1.81135e-2,0,0,0,3.04801e+0,1.85220e-3,2.91634e-1,0,0,0,0,0,0,0,0,0,0,0,0,0,0,0,0,0,0,0,0,0,0,7.36593e+0,5.57902e-1,3.61629e+1,0,0,0,0,3.43296e+0,1.37971e+0,1.95840e+1,0,0,0,0,0,0,1.02265e+0,3.97715e+0,3.56600e-3,0,0,0,0,0,7.69825e+1
"Rest South America","PER","Peru",1.04362e-1,8.03562e-2,7.04511e-1,8.37360e-5,1.21853e+0,0,4.63060e-2,0,3.62341e+1,1.82004e+1,6.62067e+1,0,0,0,0,0,1.90920e-4,1.77719e-1,0,0,0,0,0,0,0,0,0,0,0,0,0,0,0,3.03199e+2,9.75748e+0,5.61664e+1,0,0,0,0,1.00070e+0,3.58535e+0,4.24932e+1,0,0,0,0,0,0,2.56446e+1,8.03930e+1,0,0,0,0,0,0,6.45213e+2
"Rest South America","PRY","Paraguay",5.09951e-2,1.75846e-3,5.77905e-1,0,1.41806e-1,1.63285e-2,1.17230e-3,0,1.29827e+1,7.89243e+0,7.99631e-2,0,0,0,0,0,0,0,0,0,0,0,0,0,0,0,0,0,0,0,0,0,0,3.38229e+2,7.89700e+0,5.44391e+0,0,0,0,0,7.77192e+1,1.34096e+0,8.46761e+1,8.99712e+0,0,0,0,0,0,6.21312e+0,1.37188e+1,0,0,0,0,0,0,5.65981e+2
"Rest South America","SGS","South Georgia and the South Sandwich Islands",0,0,0,0,0,0,0,0,0,0,0,0,0,0,0,0,0,0,0,0,0,0,0,0,0,0,0,0,0,0,0,0,0,0,0,0,0,0,0,0,0,0,0,0,0,0,0,0,0,0,0,0,0,0,0,0,0,0,
"Rest South America","SUR","Suriname",2.36216e-2,0,4.51908e-2,0,2.18292e-2,0,0,0,3.06253e-1,7.22873e-1,8.85349e-1,0,0,0,0,0,0,0,0,0,0,0,0,0,0,0,0,0,0,0,0,0,0,2.25997e+0,1.74564e-1,2.76213e+1,0,0,0,0,0,2.19925e-1,1.51157e+1,0,0,0,0,0,0,1.07313e+0,2.06439e+0,3.93407e-3,0,0,0,0,0,5.05381e+1
"Rest South America","URY","Uruguay",8.30727e-3,2.61482e-3,1.87987e-1,9.42030e-4,2.96083e-1,0,0,1.63285e-3,4.40522e+0,1.04953e-1,4.91247e-1,0,0,0,0,0,0,8.33259e-4,0,0,0,0,0,0,0,0,0,0,0,0,0,0,0,7.29926e+2,1.41507e+1,2.78412e+1,0,0,0,0,0,9.52139e-1,0,0,0,0,0,0,0,1.28910e+1,1.49643e+1,0,0,0,0,0,0,8.06225e+2
"Rest South America","VEN","Venezuela",3.63329e-1,5.70867e-1,7.36667e-1,0,7.61251e+0,4.32642e-2,0,3.76812e-4,5.99974e+0,1.25815e+0,7.00307e+2,0,0,0,0,0,3.15596e-1,2.51423e-1,0,0,0,0,0,0,0,0,0,0,0,0,0,0,0,6.26695e+2,1.80057e+1,3.56296e+1,0,0,0,0,3.86736e+1,2.68936e+0,8.13688e+1,0,0,0,0,0,0,5.01642e+1,8.62295e+1,0,0,0,0,0,0,1.65691e+3
"Northern_Africa","DZA","Algeria",1.59985e-1,4.91985e-1,1.17607e-1,0,1.19723e+0,1.12939e-2,1.08438e-2,0,1.55579e+1,2.50183e+1,1.04267e+3,0,0,0,0,0,1.21729e-1,7.34300e-2,0,0,0,0,0,0,0,0,0,0,0,0,0,0,0,1.43595e+2,5.42278e+0,7.36666e-2,0,0,0,0,0,8.17292e-2,0,0,0,0,0,0,0,2.58451e+1,6.45819e+1,0,0,0,0,0,0,1.32503e+3
"Northern_Africa","EGY","Egypt",3.25667e-2,3.17471e-2,9.97209e-1,2.28180e-3,1.21336e+0,0,1.72914e-2,2.60000e-2,4.17794e+1,8.74227e+1,2.07152e+2,0,0,0,0,0,2.50800e-3,1.58388e-1,0,0,0,0,0,0,0,0,0,0,0,0,0,0,0,2.39495e+2,7.17233e+0,2.09151e+2,0,0,0,0,0,2.56105e-1,0,0,0,0,0,0,0,5.48194e+1,1.57948e+2,0,0,0,0,0,0,1.00768e+3
"Northern_Africa","ESH","Western Sahara",4.07418e-4,7.92871e-5,3.31878e-4,6.47235e-5,4.70428e-3,3.19550e-6,5.39000e-6,0,1.02041e-2,0,4.28110e-3,0,0,0,0,0,0,0,0,0,0,0,0,0,0,0,0,0,0,0,0,0,0,8.02390e+0,2.34313e-1,0,0,0,0,0,0,5.18670e-5,0,0,0,0,0,0,0,8.36494e-2,6.36501e-1,0,0,0,0,0,0,8.99850e+0
"Northern_Africa","LBY","Libyan Arab Jamahiriya",6.47158e-2,3.46868e-2,5.29630e-2,4.18681e-5,1.14620e+0,0,0,0,2.00287e+0,2.27090e+0,8.00284e+2,0,0,0,0,0,6.45150e-1,0,0,0,0,0,0,0,0,0,0,0,0,0,0,0,0,4.96544e+1,1.69205e+0,0,0,0,0,0,0,1.31619e-2,0,0,0,0,0,0,0,8.47470e+0,1.36314e+1,0,0,0,0,0,0,8.79967e+2
"Northern_Africa","MAR","Morocco",1.14965e-2,4.31240e-3,1.76851e-1,0,5.28808e-1,2.95379e-3,2.22738e-2,0,2.22979e+1,1.71695e+1,8.73609e+0,0,0,0,0,0,0,0,0,0,0,0,0,0,0,0,0,0,0,0,0,0,0,2.49925e+2,8.57304e+0,1.08658e+0,0,0,0,0,0,1.75165e-1,0,0,0,0,0,0,0,2.05177e+1,7.75214e+1,0,0,0,0,0,0,4.06749e+2
"Northern_Africa","TUN","Tunisia",4.35883e-2,2.57153e-3,7.55298e-2,0,1.97898e-1,4.34381e-3,1.05507e-2,0,5.59153e+0,8.29717e+0,2.70874e+1,0,0,0,0,0,0,1.40700e-2,0,0,0,0,0,0,0,0,0,0,0,0,0,0,0,5.80088e+1,2.46270e+0,0,0,0,0,0,0,5.04855e-2,0,0,0,0,0,0,0,1.03592e+1,2.46381e+1,0,0,0,0,0,0,1.36844e+2
"Western_Africa","BEN","Benin",3.76812e-4,0,7.53624e-4,0,7.31166e-2,0,0,0,1.79318e+1,1.12315e+1,0,0,0,0,0,0,0,0,0,0,0,0,0,0,0,0,0,0,0,0,0,0,0,3.28075e+1,1.94411e+0,1.51016e+0,0,0,0,0,2.78352e+1,2.82577e-1,6.28354e+1,0,0,0,0,0,0,1.48891e+0,1.56372e+1,0,0,0,0,0,0,1.73579e+2
"Western_Africa","BFA","Burkina Faso",4.44302e-4,7.70328e-5,3.93693e-4,3.07870e-4,3.67944e-2,3.48600e-6,5.88000e-6,0,2.76098e+1,2.31607e+1,1.17782e-2,0,0,0,0,0,0,0,0,0,0,0,0,0,0,0,0,0,0,0,0,0,0,1.14227e+2,4.83050e+0,7.36666e+0,0,0,0,0,2.62200e+1,6.07418e-1,0,0,0,0,0,0,0,9.46218e-1,2.59746e+1,0,0,0,0,0,0,2.30992e+2
"Western_Africa","CAF","Central African Republic",1.76555e-4,2.10045e-5,1.10115e-4,2.59512e-4,9.63966e-3,1.38610e-6,2.33800e-6,0,8.78419e+0,2.48356e+0,3.92054e-3,0,0,0,0,0,0,0,0,0,0,0,0,0,0,0,0,0,0,0,0,0,0,5.81333e+1,1.97047e+0,2.48625e+0,0,0,0,0,9.58368e+2,1.73023e-1,2.63357e+2,0,0,0,0,0,0,3.11664e+0,9.90772e+0,0,0,0,0,0,0,1.30879e+3
"Western_Africa","CIV","Cote d'Ivoire",3.89373e-3,4.28371e-3,2.15201e-2,0,3.61114e-1,2.43253e-3,1.14299e-2,0,2.56246e+1,3.67302e+1,5.49271e-1,0,0,0,0,0,0,0,0,0,0,0,0,0,0,0,0,0,0,0,0,0,0,3.18514e+1,1.65091e+0,2.30155e+1,0,0,0,0,1.55045e+1,8.24792e-1,2.14023e+2,0,0,0,0,0,0,1.11924e+1,3.05970e+1,0,0,0,0,0,0,3.91968e+2
"Western_Africa","CMR","Cameroon",2.63768e-3,0,5.65218e-3,0,3.02285e-1,0,0,0,2.40493e+1,6.07110e+0,4.66173e+0,0,0,0,0,0,0,0,0,0,0,0,0,0,0,0,0,0,0,0,0,0,0,1.34538e+2,5.35898e+0,4.21742e+0,0,0,0,0,1.01131e+2,5.49648e-1,1.03673e+2,0,0,0,0,0,0,9.10420e+0,3.79069e+1,0,0,0,0,0,0,4.31572e+2
"Western_Africa","COD","Congo_the Democratic Republic of the",4.14492e-3,1.13044e-3,5.94525e-2,0,2.36598e-1,0,0,0,1.12973e+2,7.10658e+0,2.85247e+0,0,0,0,0,0,0,0,0,0,0,0,0,0,0,0,0,0,0,0,0,0,0,3.50176e+0,1.54938e-1,5.23033e+1,0,0,0,0,1.37407e+3,2.58978e+0,3.50057e+3,0,0,0,0,0,0,3.45267e+1,1.04088e+2,0,0,0,0,0,0,5.19504e+3
"Western_Africa","COG","Congo",1.75846e-3,0,2.51208e-3,9.42030e-4,6.96087e-2,0,0,0,3.50132e+0,1.46718e+1,4.93489e+1,0,0,0,0,0,0,0,0,0,0,0,0,0,0,0,0,0,0,0,0,0,0,5.72283e+1,2.65881e+0,5.52500e-1,0,0,0,0,3.02304e+1,1.26583e-1,1.46703e+2,0,0,0,0,0,0,1.96999e+0,7.32643e+0,0,0,0,0,0,0,3.14393e+2
"Western_Africa","CPV","Cape Verde",6.91530e-4,6.05062e-5,3.76224e-4,2.30496e-4,1.79602e-2,5.42820e-6,9.15600e-6,0,2.50404e-2,8.54070e-3,8.21570e-3,0,0,0,0,0,0,0,0,0,0,0,0,0,0,0,0,0,0,0,0,0,0,8.12444e-1,1.17044e-1,0,0,0,0,0,0,8.56652e-3,0,0,0,0,0,0,0,2.19929e-1,1.23770e+0,0,0,0,0,0,0,2.45681e+0
"Western_Africa","GAB","Gabon",4.14492e-3,0,3.62996e-2,0,1.98713e-2,0,0,0,1.40790e+0,5.60976e-1,1.20379e+2,0,0,0,0,0,0,0,0,0,0,0,0,0,0,0,0,0,0,0,0,0,0,1.17034e+0,2.01814e-1,7.36666e-2,0,0,0,0,6.95448e-1,2.79770e-2,1.19857e+1,0,0,0,0,0,0,2.06488e+0,3.28289e+0,0,0,0,0,0,0,1.41911e+2
"Western_Africa","GHA","Ghana",1.75846e-3,1.54912e-3,3.04380e-1,0,3.81795e-1,1.73752e-3,3.22384e-3,0,3.52433e+1,2.43856e+1,3.60121e-1,0,0,0,0,0,0,0,0,0,0,0,0,0,0,0,0,0,0,0,0,0,0,4.41905e+1,2.35950e+0,1.93375e+1,0,0,0,0,7.05744e+1,4.88411e-1,2.10045e+1,0,0,0,0,0,0,1.26930e+1,4.46508e+1,0,0,0,0,0,0,2.75982e+2
"Western_Africa","GIN","Guinea",9.65958e-4,6.03612e-4,1.38351e-3,6.36346e-4,7.14605e-2,5.51950e-6,9.31000e-6,0,3.00899e+1,1.25280e+1,2.19770e-2,0,0,0,0,0,0,0,0,0,0,0,0,0,0,0,0,0,0,0,0,0,0,5.09007e+1,1.82188e+0,6.75354e+1,0,0,0,0,6.03528e+1,4.59112e-1,7.90092e+1,0,0,0,0,0,0,3.02988e+0,2.03076e+1,0,0,0,0,0,0,3.26132e+2
"Western_Africa","GMB","Gambia",3.48437e-4,2.91906e-5,1.84617e-4,1.19575e-4,2.49182e-2,2.73485e-6,4.61300e-6,0,1.15307e+0,1.89309e+0,4.37168e-3,0,0,0,0,0,0,0,0,0,0,0,0,0,0,0,0,0,0,0,0,0,0,1.12769e+1,4.22140e-1,3.14925e+0,0,0,0,0,3.17352e+0,2.90510e-2,0,0,0,0,0,0,0,4.25416e-1,2.26568e+0,0,0,0,0,0,0,2.38181e+1
"Western_Africa","GNB","Guinea-Bissau",1.13221e-4,3.07127e-5,1.18785e-4,4.96605e-5,6.18355e-3,8.88100e-7,1.49800e-6,0,1.61869e+0,8.25944e-2,2.34929e-3,0,0,0,0,0,0,0,0,0,0,0,0,0,0,0,0,0,0,0,0,0,0,1.08726e+1,6.17510e-1,1.10500e+1,0,0,0,0,5.58480e+0,8.35420e-2,0,0,0,0,0,0,0,3.84885e-1,2.96538e+0,0,0,0,0,0,0,3.32689e+1
"Western_Africa","GNQ","Equatorial Guinea",7.00371e-5,1.33422e-5,8.83800e-5,8.16350e-5,4.03015e-3,1.33215e-6,2.24700e-6,0,1.44805e+0,2.74915e-1,5.96564e-1,0,0,0,0,0,0,0,0,0,0,0,0,0,0,0,0,0,0,0,0,0,0,3.27797e-1,1.78010e-2,0,0,0,0,0,0,5.67150e-3,0,0,0,0,0,0,0,2.69768e-1,1.24035e+0,0,0,0,0,0,0,4.18520e+0
"Western_Africa","LBR","Liberia",3.53961e-3,1.05904e-3,2.93581e-3,9.91533e-4,1.55140e-1,2.02313e-5,3.41250e-5,0,8.43293e+0,5.56984e+0,5.11013e-2,0,0,0,0,0,0,0,0,0,0,0,0,0,0,0,0,0,0,0,0,0,0,3.25120e+0,2.51479e-1,3.77960e+0,0,0,0,0,7.63584e-1,2.24206e-1,6.37738e-2,0,0,0,0,0,0,1.57497e+0,7.41556e+0,0,0,0,0,0,0,3.15420e+1
"Western_Africa","MLI","Mali",7.95010e-4,8.59485e-5,4.71099e-4,3.07512e-4,6.85405e-2,6.23745e-6,1.05210e-5,0,1.14297e+1,4.04740e-1,1.18799e-2,0,0,0,0,0,0,0,0,0,0,0,0,0,0,0,0,0,0,0,0,0,0,2.33807e+2,9.09682e+0,4.47525e+1,0,0,0,0,3.91680e+1,4.47519e-1,2.49880e+1,0,0,0,0,0,0,2.22128e+0,2.76222e+1,0,0,0,0,0,0,3.94020e+2
"Western_Africa","MRT","Mauritania",7.19940e-4,3.49120e-4,1.33986e-3,3.70586e-4,6.19590e-2,1.15580e-5,6.44000e-6,0,3.40926e+0,5.09921e+0,1.65426e-2,0,0,0,0,0,0,0,0,0,0,0,0,0,0,0,0,0,0,0,0,0,0,1.12632e+2,4.86585e+0,4.91725e-1,0,0,0,0,5.80176e-3,5.69543e-2,0,0,0,0,0,0,0,7.38866e-1,7.06153e+0,0,0,0,0,0,0,1.34443e+2
"Western_Africa","NER","Niger",2.26130e-3,1.67617e-4,2.55222e-3,1.45291e-4,3.95409e-2,3.77477e-5,2.01460e-5,0,1.40683e+1,1.67633e+1,1.57014e-2,0,0,0,0,0,0,0,0,0,0,0,0,0,0,0,0,0,0,0,0,0,0,1.73558e+2,7.68424e+0,3.59125e+0,0,0,0,0,8.41560e-1,5.22928e-1,0,0,0,0,0,0,0,1.30366e+0,2.31573e+1,0,0,0,0,0,0,2.41551e+2
"Western_Africa","NGA","Nigeria",5.58061e-2,4.57838e-2,1.45868e-1,0,2.79603e+0,3.64251e-3,2.13946e-2,0,1.50756e+2,5.20464e+1,1.77366e+3,0,0,0,0,0,0,0,0,0,0,0,0,0,0,0,0,0,0,0,0,0,0,6.59957e+2,1.96507e+1,7.27672e+1,0,0,0,0,9.39048e+1,3.01409e+0,1.38190e+1,0,0,0,0,0,0,2.66124e+1,2.60846e+2,0,0,0,0,0,0,3.13011e+3
"Western_Africa","SEN","Senegal",0,1.68430e-3,1.83445e-2,0,1.32604e-1,1.04251e-3,1.17230e-2,0,1.43605e+1,2.90401e+1,2.16052e-1,0,0,0,0,0,0,0,0,0,0,0,0,0,0,0,0,0,0,0,0,0,0,1.03667e+2,4.32711e+0,1.44939e+1,0,0,0,0,2.37871e+1,1.78707e-1,0,0,0,0,0,0,0,6.28600e+0,2.47244e+1,0,0,0,0,0,0,2.21246e+2
"Western_Africa","SHN","Saint Helena",1.00170e-5,1.73055e-6,5.73000e-6,5.37600e-6,0,8.71500e-8,0,0,1.54503e-4,0,0,0,0,0,0,0,0,0,0,0,0,0,0,0,0,0,0,0,0,0,0,0,0,7.31934e-2,6.48355e-3,0,0,0,0,0,0,0,0,0,0,0,0,0,0,4.10686e-3,2.30249e-2,0,0,0,0,0,0,1.06986e-1
"Western_Africa","SLE","Sierra Leone",1.55176e-3,3.88126e-4,1.17033e-3,3.33451e-4,2.58058e-2,8.86855e-6,1.49590e-5,0,1.80729e+1,1.39924e+1,1.95153e-2,0,0,0,0,0,0,0,0,0,0,0,0,0,0,0,0,0,0,0,0,0,0,1.18729e+1,5.31574e-1,4.63832e+1,0,0,0,0,1.41096e+1,4.35860e-1,7.57792e+0,0,0,0,0,0,0,2.24612e+0,1.36004e+1,0,0,0,0,0,0,1.28872e+2
"Western_Africa","STP","Sao Tome and Principe",1.04056e-4,8.16720e-6,5.41440e-5,1.81050e-5,2.50461e-3,8.13400e-7,1.37200e-6,0,5.89635e-3,3.28868e-1,9.02817e-4,0,0,0,0,0,0,0,0,0,0,0,0,0,0,0,0,0,0,0,0,0,0,1.32007e-1,1.21976e-2,0,0,0,0,0,0,2.81588e-3,0,0,0,0,0,0,0,1.19029e-1,3.67505e-1,0,0,0,0,0,0,9.71912e-1
"Western_Africa","TCD","Chad",5.04631e-4,3.96159e-5,2.74101e-4,5.80100e-5,1.00248e-2,3.95910e-6,6.67800e-6,0,1.46228e+1,1.92466e+1,7.80803e-3,0,0,0,0,0,0,0,0,0,0,0,0,0,0,0,0,0,0,0,0,0,0,1.89850e+2,7.10756e+0,9.20833e+0,0,0,0,0,1.19724e+2,3.30018e-1,0,0,0,0,0,0,0,1.50603e+0,1.92525e+1,0,0,0,0,0,0,3.80866e+2
"Western_Africa","TGO","Togo",3.14009e-3,0,0,0,8.21583e-2,0,0,0,1.44896e+1,1.46718e+1,4.86201e-2,0,0,0,0,0,0,0,0,0,0,0,0,0,0,0,0,0,0,0,0,0,0,1.46707e+1,9.03085e-1,3.37025e+0,0,0,0,0,2.80008e+1,1.88324e-1,1.22012e+1,0,0,0,0,0,0,1.36785e+0,1.13683e+1,0,0,0,0,0,0,1.01366e+2
"Eastern_Africa","BDI","Burundi",9.12474e-5,1.50728e-5,7.87860e-5,4.34739e-5,1.09908e-2,7.13800e-7,1.20400e-6,0,1.54680e+1,1.29252e+1,2.75072e-3,0,0,0,0,0,0,0,0,0,0,0,0,0,0,0,0,0,0,0,0,0,0,3.24757e+1,1.05649e+0,5.52500e-1,0,0,0,0,0,3.07316e-1,0,0,0,0,0,0,0,2.11829e-1,1.68253e+1,0,0,0,0,0,0,7.98363e+1
"Eastern_Africa","COM","Comoros",3.44484e-5,6.56115e-6,4.58790e-5,5.71790e-5,3.32138e-3,6.55700e-7,1.10600e-6,0,1.79539e-2,1.30175e+0,1.17638e-3,0,0,0,0,0,0,0,0,0,0,0,0,0,0,0,0,0,0,0,0,0,0,2.73478e+0,1.45239e-1,2.21000e+0,0,0,0,0,0,9.52169e-3,0,0,0,0,0,0,0,2.37762e-1,1.43462e+0,0,0,0,0,0,0,8.09626e+0
"Eastern_Africa","DJI","Djibouti",1.11757e-3,1.10444e-3,3.17860e-3,3.07292e-4,1.88928e-2,8.77310e-6,1.47980e-5,0,1.11591e-1,1.01590e+0,3.88120e-2,0,0,0,0,0,0,0,0,0,0,0,0,0,0,0,0,0,0,0,0,0,0,8.14962e+0,3.67800e-1,0,0,0,0,0,0,0,0,0,0,0,0,0,0,3.94559e-1,1.31536e+0,0,0,0,0,0,0,1.14183e+1
"Eastern_Africa","ERI","Eritrea",7.60215e-4,6.08989e-4,7.47504e-4,0,1.46229e-2,0,0,0,5.92492e+0,6.59682e+0,9.62976e-2,0,0,0,0,0,0,0,0,0,0,0,0,0,0,0,0,0,0,0,0,0,0,6.03122e+1,2.15639e+0,0,0,0,0,0,1.74530e+0,8.92665e-2,0,0,0,0,0,0,0,4.60444e-1,9.08116e+0,0,0,0,0,0,0,8.64795e+1
"Eastern_Africa","ETH","Ethiopia",3.00552e-3,2.28370e-4,7.66795e-3,0,1.34703e-1,0,0,0,1.05903e+2,8.39836e+0,6.68747e-2,0,0,0,0,0,0,0,0,0,0,0,0,0,0,0,0,0,0,0,0,0,0,1.05796e+3,4.19237e+1,0,0,0,0,0,1.86602e+2,4.39872e+0,0,0,0,0,0,0,0,5.65980e+0,1.44371e+2,0,0,0,0,0,0,1.55542e+3
"Eastern_Africa","KEN","Kenya",7.14763e-4,3.36005e-3,4.17424e-2,7.45250e-3,3.15981e-1,8.86136e-3,2.93076e-3,0,4.55444e+1,1.24559e+2,7.18743e-1,0,0,0,0,0,0,0,0,0,0,0,0,0,0,0,0,0,0,0,0,0,0,4.83991e+2,1.57005e+1,1.60225e+0,0,0,0,0,3.18384e+0,8.36790e-1,0,0,0,0,0,0,0,2.88220e+0,6.00816e+1,0,0,0,0,0,0,7.39481e+2
"Eastern_Africa","MDG","Madagascar",2.47845e-3,3.36034e-4,2.46838e-3,1.15745e-3,1.10791e-1,3.16849e-5,3.16820e-5,0,1.35722e+1,1.78610e+0,3.14726e-2,0,0,0,0,0,0,0,0,0,0,0,0,0,0,0,0,0,0,0,0,0,0,3.45630e+2,1.16771e+1,2.19855e+2,0,0,0,0,8.84136e+1,7.90011e-1,5.71717e+1,1.54255e-1,0,0,0,0,0,3.69349e+0,3.59347e+1,0,0,0,0,0,0,7.78827e+2
"Eastern_Africa","MUS","Mauritius",1.24590e-3,3.76923e-4,1.43776e-3,1.50739e-4,2.96194e-2,1.10010e-5,1.63800e-5,0,3.05476e-1,1.01185e-1,2.33752e-2,0,0,0,0,0,0,0,0,0,0,0,0,0,0,0,0,0,0,0,0,0,0,1.47862e+0,7.32930e-2,1.28917e-3,0,0,0,0,0,1.25032e-1,0,0,0,0,0,0,0,1.78169e+0,4.37721e+0,0,0,0,0,0,0,8.30003e+0
"Eastern_Africa","MYT","Mayotte",0,0,0,0,0,0,0,0,0,0,0,0,0,0,0,0,0,0,0,0,0,0,0,0,0,0,0,0,0,0,0,0,0,0,0,0,0,0,0,0,0,0,0,0,0,0,0,0,0,1.12928e-1,3.58212e-1,0,0,0,0,0,0,4.71140e-1
"Eastern_Africa","REU","Reunion",7.80496e-4,1.39386e-4,6.26451e-4,4.35914e-4,3.61005e-2,6.12540e-6,1.03320e-5,0,2.05723e-1,0,1.68270e-2,0,0,0,0,0,0,0,0,0,0,0,0,0,0,0,0,0,0,0,0,0,0,1.05270e+0,1.35621e-1,0,0,0,0,0,0,4.97529e-2,0,0,0,0,0,0,0,1.52260e+0,2.01167e+0,0,0,0,0,0,0,5.03299e+0
"Eastern_Africa","RWA","Rwanda",2.82994e-4,3.59543e-5,1.94223e-4,8.80134e-5,1.10155e-2,2.22025e-6,3.74500e-6,0,1.57023e+1,1.49256e+0,4.30237e-3,0,0,0,0,0,0,0,0,0,0,0,0,0,0,0,0,0,0,0,0,0,0,2.51196e+1,9.47734e-1,2.35734e-1,0,0,0,0,3.07464e+0,3.70176e-1,0,0,0,0,0,0,0,2.69999e-1,1.88545e+1,0,0,0,0,0,0,6.60832e+1
"Eastern_Africa","SDN","Sudan",9.24614e-4,2.51208e-4,2.21063e-2,0,2.82832e-1,0,0,0,4.80394e+1,1.57849e+2,1.43297e+0,0,0,0,0,0,0,0,0,0,0,0,0,0,0,0,0,0,0,0,0,0,0,9.50333e+2,3.07653e+1,1.84166e+0,0,0,0,0,4.91952e+2,8.19272e-1,0,0,0,0,0,0,0,1.53244e+1,7.56819e+1,0,0,0,0,0,0,1.77435e+3
"Eastern_Africa","SOM","Somalia",6.82121e-4,1.63517e-4,1.12137e-3,1.00157e-3,8.09470e-2,1.29936e-5,2.19170e-5,0,1.63488e+1,2.79784e+1,3.09869e-2,0,0,0,0,0,0,0,0,0,0,0,0,0,0,0,0,0,0,0,0,0,0,4.65872e+2,2.05647e+1,8.84000e-1,0,0,0,0,5.51880e-3,1.42551e-1,0,0,0,0,0,0,0,2.27288e+0,2.08280e+1,0,0,0,0,0,0,5.55012e+2
"Eastern_Africa","SYC","Seychelles",6.39048e-4,9.95548e-5,4.55355e-4,3.70000e-8,3.54149e-3,5.01320e-6,8.45600e-6,0,1.34400e-2,0,5.82625e-3,0,0,0,0,0,0,0,0,0,0,0,0,0,0,0,0,0,0,0,0,0,0,1.35024e-1,3.07239e-2,0,0,0,0,0,0,5.05440e-6,0,0,0,0,0,0,0,1.24142e-1,2.96696e-1,0,0,0,0,0,0,6.10606e-1
"Eastern_Africa","UGA","Uganda",1.31945e-3,1.73405e-4,8.58576e-4,4.22533e-4,6.64868e-2,1.03584e-5,1.74720e-5,0,8.82672e+1,4.30671e+1,1.97482e-2,0,0,0,0,0,0,0,0,0,0,0,0,0,0,0,0,0,0,0,0,0,0,2.12713e+2,6.33027e+0,2.21000e+0,0,0,0,0,8.80512e+1,1.02347e+0,0,0,0,0,0,0,0,1.73727e+0,4.43330e+1,0,0,0,0,0,0,4.87822e+2
"Southern_Africa","AGO","Angola",4.52174e-4,2.76329e-3,1.30209e-2,0,1.83813e-1,0,0,0,7.06524e+0,5.45387e+1,2.36469e+2,0,0,0,0,0,0,0,0,0,0,0,0,0,0,0,0,0,0,0,0,0,0,1.19232e+2,3.93271e+0,2.57833e+0,0,0,0,0,6.18936e+2,1.71486e-1,9.45792e+0,0,0,0,0,0,0,5.01906e+0,3.30505e+1,0,0,0,0,0,0,1.09065e+3
"Southern_Africa","BWA","Botswana",4.26365e-3,6.93113e-5,3.15356e-2,2.90134e-5,5.49465e-2,4.84849e-4,1.04160e-5,0,2.45478e+0,7.41883e+0,1.19528e-2,0,0,0,0,0,0,0,0,0,0,0,0,0,0,0,0,0,0,0,0,0,0,1.31034e+2,3.13447e+0,0,0,0,0,0,1.39265e+2,2.43350e-2,0,3.66720e+0,0,0,0,0,0,3.13915e-1,3.76447e+0,0,0,0,0,0,0,2.91180e+2
"Southern_Africa","LSO","Lesotho",1.91593e-4,4.10883e-5,1.65039e-4,2.43241e-4,1.92875e-2,1.50230e-6,2.53400e-6,0,5.77737e+0,4.46428e+0,3.95840e-3,0,0,0,0,0,0,0,0,0,0,0,0,0,0,0,0,0,0,0,0,0,0,3.11836e+1,6.29694e-1,0,0,0,0,0,0,5.07426e-2,0,2.33700e+0,0,0,0,0,0,2.64030e-1,5.18438e+0,0,0,0,0,0,0,4.99150e+1
"Southern_Africa","MOZ","Mozambique",0,2.18830e-3,5.73592e-2,0,9.53573e-2,0,0,0,4.07401e+1,3.54231e+1,1.59360e-1,0,0,0,0,0,0,0,0,0,0,0,0,0,0,0,0,0,0,0,0,0,0,5.27285e+1,1.91788e+0,1.65750e+1,0,0,0,0,3.38544e+2,1.09333e+0,4.24531e+1,6.08880e+0,0,0,0,0,0,2.29912e+0,4.82278e+1,0,0,0,0,0,0,5.86405e+2
"Southern_Africa","MWI","Malawi",1.40531e-3,6.83810e-5,5.90447e-3,2.71472e-4,5.80261e-2,9.05164e-5,1.12210e-5,0,1.41693e+1,2.01147e+1,1.18407e-2,0,0,0,0,0,0,0,0,0,0,0,0,0,0,0,0,0,0,0,0,0,0,3.34610e+1,1.25381e+0,8.28749e+0,0,0,0,0,6.51552e+1,9.60483e-1,0,0,0,0,0,0,0,8.10138e-1,2.43923e+1,0,0,0,0,0,0,1.68682e+2
"Southern_Africa","NAM","Namibia",9.92693e-4,0,1.67397e-4,0,1.16979e-1,0,0,0,1.94324e-1,2.14461e+0,0,0,0,0,0,0,0,0,0,0,0,0,0,0,0,0,0,0,0,0,0,0,0,1.41623e+2,3.48850e+0,0,0,0,0,0,3.57120e+1,4.90413e-2,0,0,0,0,0,0,0,1.06148e+0,3.32358e+0,0,0,0,0,0,0,1.87714e+2
"Southern_Africa","SWZ","Swaziland",1.72925e-3,4.25269e-5,1.50464e-2,1.07616e-4,3.13580e-2,2.31255e-4,7.04200e-6,0,2.03939e+0,2.16207e+0,7.96331e-3,0,0,0,0,0,0,0,0,0,0,0,0,0,0,0,0,0,0,0,0,0,0,3.21995e+1,7.60913e-1,3.49917e-1,0,0,0,0,0,6.01650e-2,0,0,0,0,0,0,0,3.06917e-1,1.27151e+1,0,0,0,0,0,0,5.06504e+1
"Southern_Africa","TZA","Tanzania_United Republic of",8.91788e-3,5.86152e-4,1.18487e-2,0,1.82590e-1,0,2.93076e-4,0,6.18244e+1,3.72583e+1,1.57910e-1,0,0,0,0,0,0,0,0,0,0,0,0,0,0,0,0,0,0,0,0,0,0,4.15290e+2,1.45551e+1,4.78833e+1,0,0,0,0,4.61232e+2,3.10464e+0,1.31356e+2,0,0,0,0,0,0,2.38865e+0,7.16880e+1,0,0,0,0,0,0,1.24694e+3
"Southern_Africa","ZAF","South Africa",7.11145e-1,8.82049e-2,6.54123e+0,6.07086e-3,4.30528e+0,1.12625e-1,0,0,5.74892e+1,6.22031e+2,4.73353e+0,0,0,0,0,0,5.35300e-2,5.82515e+0,0,0,0,0,0,0,0,0,0,0,0,0,0,0,0,8.51548e+2,2.16367e+1,2.39417e-1,0,0,0,0,1.88513e+1,2.33174e+0,7.68144e+0,9.55181e+1,0,0,0,0,0,1.14562e+2,1.49507e+2,0,0,0,0,0,0,1.96377e+3
"Southern_Africa","ZMB","Zambia",2.82191e-3,3.47504e-3,1.56048e-1,0,1.64687e-1,2.16248e-3,0,0,1.57063e+1,4.30649e+1,1.98852e-1,0,0,0,0,0,0,0,0,0,0,0,0,0,0,0,0,0,0,0,0,0,0,8.47638e+1,2.84973e+0,5.70916e-1,0,0,0,0,9.17208e+2,1.86824e-1,4.08938e+2,0,0,0,0,0,0,4.31641e+0,2.33095e+1,0,0,0,0,0,0,1.50144e+3
"Southern_Africa","ZWE","Zimbabwe",7.77447e-3,0,2.14615e-1,0,2.21975e-1,2.38543e-2,0,0,2.03847e+1,1.93105e+1,0,0,0,0,0,0,0,7.82628e-1,0,0,0,0,0,0,0,0,0,0,0,0,0,0,0,2.27555e+2,6.31994e+0,1.10500e-1,0,0,0,0,9.30792e+1,3.15154e-1,0,0,0,0,0,0,0,3.43622e+0,2.49275e+1,0,0,0,0,0,0,3.96690e+2
"OECD_Europe","AUT","Austria",1.84419e-1,5.70175e-2,7.29760e-1,2.93076e-4,4.73528e+0,1.78608e-2,2.93076e-4,1.29791e-3,2.89134e+1,1.92474e+1,3.87619e+1,0,0,0,0,0,7.88700e-2,4.06910e-1,0,0,0,0,0,0,0,0,0,0,0,0,0,0,0,1.81970e+2,6.04925e+1,0,0,0,0,0,0,5.32365e-1,0,1.17127e+0,0,0,0,0,0,8.36834e+1,3.64718e+1,3.02969e-3,0,0,0,0,0,4.57459e+2
"OECD_Europe","BEL","Belgium",3.54955e-1,1.55543e-1,1.31399e+0,2.19807e-3,5.86823e+0,2.70509e-2,4.27891e-2,0,3.70877e+1,1.14236e+2,8.30842e+1,0,0,0,0,0,1.20000e-4,1.47002e+0,0,0,0,0,0,0,0,0,0,0,0,0,0,0,0,2.09909e+2,6.85154e+1,0,0,0,0,0,0,4.99314e-1,0,2.63112e-1,0,0,0,0,0,5.83351e+1,7.10964e+1,5.33530e+0,0,0,0,0,0,6.57597e+2
"OECD_Europe","CHE","Switzerland",2.06832e-1,8.96314e-3,4.86381e-1,1.96780e-3,4.72086e+0,1.73752e-3,2.05153e-3,0,5.25393e+0,2.48265e-2,1.72520e+1,0,0,0,0,0,1.02612e-1,1.17384e-2,0,0,0,0,0,0,0,0,0,0,0,0,0,0,0,1.46366e+2,4.07118e+1,0,0,0,0,0,0,1.32467e-1,2.65915e+0,0,0,0,0,0,0,2.78255e+1,1.12470e+1,1.08023e-5,6.33520e-3,0,0,0,0,2.57022e+2
"OECD_Europe","DEU","Germany",6.63312e+0,9.28040e-1,1.01804e+1,6.44766e-3,4.74882e+1,3.15293e-1,3.05679e-1,2.51208e-3,2.18367e+2,1.75179e+3,3.02318e+2,0,0,0,0,0,5.38182e+0,4.81051e+0,0,0,0,0,0,0,0,0,0,0,0,0,0,0,0,1.51323e+3,4.98649e+2,0,0,0,0,0,0,4.61067e+0,0,1.63668e+0,0,0,0,0,0,1.52327e+3,2.02124e+2,0,0,0,0,0,0,6.09204e+3
"OECD_Europe","DNK","Denmark",4.26769e-1,1.79584e-2,5.91608e-1,4.71014e-3,3.03931e+0,1.82440e-2,1.13713e-1,0,5.13630e+0,6.44805e-3,1.11864e+0,0,0,0,0,0,0,0,0,0,0,0,0,0,0,0,0,0,0,0,0,0,0,2.13054e+2,9.80625e+1,0,0,0,0,0,0,9.33372e-1,0,0,0,0,0,0,0,6.75203e+1,9.75037e+0,0,0,0,0,0,0,3.99794e+2
"OECD_Europe","ESP","Spain",2.79668e-1,1.08626e-1,1.84195e+0,2.80307e-2,1.19244e+1,4.15854e-2,9.75064e-1,7.53624e-4,3.51132e+1,1.40613e+2,1.40306e+1,0,0,0,0,0,1.07998e+0,1.15947e+0,0,0,0,0,0,0,0,0,0,0,0,0,0,0,0,4.56571e+2,1.93128e+2,2.36492e+1,0,0,0,0,0,2.22526e+0,0,1.95082e+1,0,0,0,0,0,2.14693e+2,1.25185e+2,1.00819e+0,0,0,0,0,0,1.24316e+3
"OECD_Europe","FIN","Finland",1.57791e-1,2.60838e-2,6.17296e-1,1.88406e-3,2.69047e+0,1.54639e-2,2.90146e-2,0,6.05728e+1,2.29731e+0,4.34838e+0,0,0,0,0,0,9.46718e-2,6.21549e-1,0,0,0,0,0,0,0,0,0,0,0,0,0,0,0,1.15601e+2,3.26846e+1,0,0,0,0,0,0,4.19604e-1,4.71288e-1,6.42936e-2,0,0,0,0,0,1.11306e+2,1.36847e+2,0,0,0,0,0,0,4.68867e+2
"OECD_Europe","FRA","France",1.63580e+0,4.42496e-1,5.42986e+0,1.01320e-2,3.21373e+1,1.12882e-1,1.82000e-1,6.28020e-4,2.15618e+2,4.13136e+2,9.54616e+2,0,0,0,0,0,2.26969e+0,4.24679e+0,0,0,0,0,0,0,0,0,0,0,0,0,0,0,0,1.61125e+3,4.12917e+2,2.37871e+0,0,0,0,0,0,6.27031e+0,0,1.10935e+0,0,0,0,0,0,4.14103e+2,1.79406e+2,2.99198e+1,0,0,0,0,0,4.28719e+3
"OECD_Europe","FRO","Faroe Islands",0,0,0,0,0,0,0,0,0,0,0,0,0,0,0,0,0,0,0,0,0,0,0,0,0,0,0,0,0,0,0,0,0,6.08812e-1,2.42600e-2,0,0,0,0,0,0,1.39644e-5,0,0,0,0,0,0,0,7.42046e-1,3.92434e-2,4.31533e-2,0,0,0,0,0,1.45753e+0
"OECD_Europe","GBR","United Kingdom",1.60432e+0,6.75228e-1,5.37029e+0,4.02561e-2,3.24841e+1,1.59314e-1,3.81585e-1,0,1.98237e+2,1.18591e+3,7.49393e+2,0,0,0,0,0,1.82599e+0,1.40967e+0,0,0,0,0,0,0,0,0,0,0,0,0,0,0,0,1.06239e+3,2.25286e+2,0,0,0,0,0,0,2.43881e+0,0,1.10503e+0,0,0,0,0,0,2.34285e+3,1.30897e+2,9.91418e+0,0,0,0,0,0,5.95236e+3
"OECD_Europe","GIB","Gibraltar",2.51208e-4,0,0,0,8.41748e-3,0,0,0,0,0,0,0,0,0,0,0,0,0,0,0,0,0,0,0,0,0,0,0,0,0,0,0,0,0,0,0,0,0,0,0,0,0,0,0,0,0,0,0,0,1.36793e-1,2.77376e-2,1.13339e-2,0,0,0,0,0,1.84533e-1
"OECD_Europe","GRC","Greece",1.18277e-1,3.28077e-2,4.44983e-1,6.55234e-3,2.68368e+0,9.02884e-3,1.16058e-1,0,8.87150e+0,2.08805e+1,4.96169e+0,0,0,0,0,0,4.58700e-3,1.17753e-1,0,0,0,0,0,0,0,0,0,0,0,0,0,0,0,1.54399e+2,3.53719e+1,6.34322e+0,0,0,0,0,0,1.36128e+0,7.23456e-2,2.00899e+0,0,0,0,0,0,7.11953e+1,1.63127e+1,5.04579e-5,0,0,0,0,0,3.25312e+2
"OECD_Europe","GRL","Greenland",0,0,0,0,0,0,0,0,0,0,0,0,0,0,0,0,0,0,0,0,0,0,0,0,0,0,0,0,0,0,0,0,0,1.45096e-1,2.47055e-3,0,0,0,0,0,0,0,0,0,0,0,0,0,0,5.75741e-1,1.84630e-1,1.42322e-2,0,0,0,0,0,9.22169e-1
"OECD_Europe","IRL","Ireland",3.44622e-2,3.36541e-3,2.25484e-1,7.95492e-4,1.83166e+0,6.60257e-3,8.79228e-4,0,2.56113e+1,1.78475e+0,7.36153e+0,0,0,0,0,0,0,0,0,0,0,0,0,0,0,0,0,0,0,0,0,0,0,3.97960e+2,7.00754e+1,0,0,0,0,0,0,2.47707e-1,0,1.06126e-1,0,0,0,0,0,6.11131e+1,6.34259e+0,0,0,0,0,0,0,5.72705e+2
"OECD_Europe","ISL","Iceland",1.50725e-3,0,2.40741e-2,7.11756e-4,1.53906e-1,0,4.39614e-3,0,4.02372e-2,0,0,0,0,0,0,0,0,1.85539e-1,0,0,0,0,0,0,0,0,0,0,0,0,0,0,0,1.22228e+1,1.31375e+0,0,0,0,0,0,0,1.06051e-4,0,0,0,0,0,0,0,2.58756e+0,4.36487e-1,1.15854e-1,0,0,0,0,0,1.70869e+1
"OECD_Europe","ITA","Italy",6.46649e-1,2.56523e-1,3.51666e+0,1.19115e-2,2.93179e+1,3.22761e-2,1.69398e-1,5.42610e-2,2.04679e+1,1.69874e+1,2.49655e+2,0,0,0,0,0,9.70096e-1,1.82581e+0,0,0,0,0,0,0,0,0,0,0,0,0,0,0,0,6.48626e+2,2.54754e+2,6.30874e+1,0,0,0,0,0,6.74382e+0,4.53048e-1,5.70456e+0,0,0,0,0,0,6.22110e+2,1.44829e+2,1.22617e+1,0,0,0,0,0,2.08248e+3
"OECD_Europe","LUX","Luxembourg",3.32433e-2,0,3.00271e-1,0,5.16924e-1,1.91127e-3,1.46538e-3,0,3.90033e-1,0,3.30271e+0,0,0,0,0,0,0,4.44920e-1,0,0,0,0,0,0,0,0,0,0,0,0,0,0,0,1.38399e+1,1.97385e+1,0,0,0,0,0,0,3.52833e-2,0,2.53632e-1,0,0,0,0,0,2.62573e+0,4.54875e-1,0,0,0,0,0,0,4.19394e+1
"OECD_Europe","NLD","Netherlands",7.79799e-1,1.91376e-1,6.95637e-1,8.37360e-4,8.73478e+0,7.12385e-3,1.94602e-1,0,8.07588e+0,4.23905e+0,2.85341e+2,0,0,0,0,0,3.20724e+0,2.77480e-1,0,0,0,0,0,0,0,0,0,0,0,0,0,0,0,3.62645e+2,1.50098e+2,0,0,0,0,0,0,3.06908e-1,0,1.71226e-2,0,0,0,0,0,4.44567e+2,3.72624e+1,0,0,0,0,0,0,1.30664e+3
"OECD_Europe","NOR","Norway",4.10308e-3,1.06533e-1,8.73702e-1,3.47504e-3,2.53026e+0,5.03881e-3,2.99230e-1,0,7.19511e+0,5.87359e+0,1.09615e+2,0,0,0,0,0,1.76214e+0,3.18798e+0,0,0,0,0,0,0,0,0,0,0,0,0,0,0,0,8.48895e+1,1.73301e+1,0,0,0,0,0,0,1.30977e-1,0,0,0,0,0,0,0,1.77337e+2,3.48846e+1,4.16413e+0,0,0,0,0,0,4.50192e+2
"OECD_Europe","PRT","Portugal",9.97958e-2,3.74444e-2,8.18346e-1,4.96137e-3,1.92898e+0,1.05507e-2,1.05507e-2,0,5.45595e+0,2.45841e+0,4.63239e+0,0,0,0,0,0,3.72000e-4,1.94066e-1,0,0,0,0,0,0,0,0,0,0,0,0,0,0,0,1.20153e+2,5.46028e+1,1.19625e+1,0,0,0,0,0,4.65793e-1,0,2.23238e+0,0,0,0,0,0,1.32109e+2,2.96199e+1,3.16055e-2,0,0,0,0,0,3.66828e+2
"OECD_Europe","SWE","Sweden",7.64708e-2,2.59470e-2,4.78780e+0,8.10146e-3,6.43194e+0,9.55637e-3,3.31175e-2,0,1.41219e+1,3.35043e+0,5.46757e+0,0,0,0,0,0,1.66010e-1,6.21409e-1,0,0,0,0,0,0,0,0,0,0,0,0,0,0,0,1.31613e+2,4.24515e+1,0,0,0,0,0,0,6.73992e-1,4.74422e-1,1.88861e-1,0,0,0,0,0,1.10610e+2,1.81009e+2,8.09445e-3,0,0,0,0,0,5.02129e+2
"Central Europe","ALB","Albania",3.14010e-3,6.53142e-3,7.71627e-2,0,2.93743e-1,0,0,0,1.50811e+1,4.86856e+0,1.89536e+1,0,0,0,0,0,0,1.41426e-1,0,0,0,0,0,0,0,0,0,0,0,0,0,0,0,4.82240e+1,8.04431e+0,1.37896e+0,0,0,0,0,0,3.03873e-1,0,5.36400e-1,0,0,0,0,0,1.94109e+0,4.02930e+0,2.14625e-2,0,0,0,0,0,1.03905e+2
"Central Europe","BGR","Bulgaria",1.97805e-1,2.12355e-2,6.84416e-1,0,1.98243e+0,0,0,0,2.23897e+1,3.40237e+1,7.05566e+0,0,0,0,0,0,1.14481e-1,3.90008e-1,0,0,0,0,0,0,0,0,0,0,0,0,0,0,0,2.36537e+2,4.15407e+1,5.65374e+0,0,0,0,0,0,2.35255e+0,0,1.23372e+0,0,0,0,0,0,2.28324e+2,4.16593e+1,0,0,0,0,0,0,6.24160e+2
"Central Europe","BIH","Bosnia and Herzegovina",5.08073e-2,0,1.86476e-1,0,5.19514e-1,0,0,0,7.53629e+0,6.01237e+1,1.86640e+0,0,0,0,0,0,8.95000e-5,6.37636e-2,0,0,0,0,0,0,0,0,0,0,0,0,0,0,0,7.45016e+1,1.17526e+1,0,0,0,0,0,0,3.66209e-1,0,0,0,0,0,0,0,2.38542e+0,5.89321e+0,2.68675e-2,0,0,0,0,0,1.65273e+2
"Central Europe","CYP","Cyprus",0,1.09694e-3,2.90145e-2,0,1.73362e-1,0,0,0,2.23366e-1,1.01185e-1,1.42393e-1,0,0,0,0,0,0,0,0,0,0,0,0,0,0,0,0,0,0,0,0,0,0,5.09239e+0,1.88705e+0,0,0,0,0,0,0,1.28476e-2,0,0,0,0,0,0,0,3.69053e+0,3.05351e+0,0,0,0,0,0,0,1.44067e+1
"Central Europe","CZE","Czech Republic",3.47949e-1,4.55524e-2,5.49292e+0,0,2.22649e+0,5.31724e-3,0,0,1.37380e+2,3.21004e+2,9.98323e+0,0,0,0,0,0,3.75926e-1,6.00460e-1,0,0,0,0,0,0,0,0,0,0,0,0,0,0,0,3.26952e+2,5.67966e+1,0,0,0,0,0,0,2.13051e+0,0,3.33936e+0,0,0,0,0,0,5.47172e+1,4.47607e+1,0,0,0,0,0,0,9.66159e+2
"Central Europe","EST","Estonia",2.76424e-1,0,4.55934e-1,0,5.55312e-1,1.89194e-1,4.72863e-3,0,6.58304e+0,2.08878e+1,2.94408e+0,0,0,0,0,0,0,0,0,0,0,0,0,0,0,0,0,0,0,0,0,0,0,5.99913e+1,1.17617e+1,2.75792e+0,0,0,0,0,0,2.34603e-1,0,0,0,0,0,0,0,1.23577e+1,6.51210e+0,0,0,0,0,0,0,1.25512e+2
"Central Europe","HRV","Croatia",4.00070e-2,4.72778e-2,3.84484e-2,0,9.18664e-1,1.92593e-3,0,0,1.34021e+1,5.55326e+0,2.63304e+1,0,0,0,0,0,4.17579e-3,2.31348e+0,0,0,0,0,0,0,0,0,0,0,0,0,0,0,0,7.80702e+1,1.52975e+1,0,0,0,0,0,0,7.36800e-1,0,7.22136e-1,0,0,0,0,0,1.17604e+1,1.47485e+1,0,0,0,0,0,0,1.69985e+2
"Central Europe","HUN","Hungary",3.71594e-1,2.90860e-2,7.26805e-1,0,2.27990e+0,5.42440e-2,3.34106e-2,0,4.02583e+1,5.00440e+1,7.17174e+1,0,0,0,0,0,8.81460e-2,2.98254e-1,0,0,0,0,0,0,0,0,0,0,0,0,0,0,0,2.28543e+2,6.12426e+1,6.86033e+0,0,0,0,0,0,3.27989e+0,0,1.08089e+0,0,0,0,0,0,5.60002e+1,4.37872e+1,0,0,0,0,0,0,5.66695e+2
"Central Europe","LTU","Lithuania",3.80764e-2,3.00746e-2,4.79328e+0,0,1.13905e+0,2.92026e-2,3.37759e-3,0,1.13905e+1,1.92423e-2,6.25639e+0,0,0,0,0,0,4.44429e-2,0,0,0,0,0,0,0,0,0,0,0,0,0,0,0,0,1.78501e+2,3.35766e+1,0,0,0,0,0,0,8.48681e-1,0,8.97936e-1,0,0,0,0,0,2.33932e+1,1.07340e+1,5.78517e-4,0,0,0,0,0,2.71696e+2
"Central Europe","LVA","Latvia",3.53814e-2,0,1.34223e+0,0,8.68784e-1,4.36792e-2,1.36583e-2,0,2.15106e+1,9.89555e-2,7.27453e+0,0,0,0,0,0,0,0,0,0,0,0,0,0,0,0,0,0,0,0,0,0,0,1.20175e+2,1.87400e+1,0,0,0,0,0,0,4.44114e-1,0,1.39534e-1,0,0,0,0,0,1.38330e+1,6.55128e+0,0,0,0,0,0,0,1.91071e+2
"Central Europe","MKD","Macedonia, the former Yugoslav Republic of",3.19852e-2,0,3.21213e-2,0,2.08810e-1,0,0,0,6.47765e+0,4.54326e+0,1.29287e+0,0,0,0,0,0,2.34490e-4,3.05440e+0,0,0,0,0,0,0,0,0,0,0,0,0,0,0,0,4.80869e+1,5.23441e+0,2.88203e+0,0,0,0,0,0,2.44947e-1,0,3.90480e-1,0,0,0,0,0,2.62756e+0,3.54859e+0,3.16416e-2,0,0,0,0,0,7.86879e+1
"Central Europe","MLT","Malta",0,0,0,0,6.49644e-2,0,0,0,1.02577e-2,0,0,0,0,0,0,0,0,0,0,0,0,0,0,0,0,0,0,0,0,0,0,0,0,1.24268e+0,6.16235e-1,0,0,0,0,0,0,1.43764e-3,0,0,0,0,0,0,0,3.63829e+0,4.15342e-1,0,0,0,0,0,0,5.98920e+0
"Central Europe","POL","Poland",2.30850e+0,2.23052e-1,3.76789e+0,0,5.87433e+0,2.72060e-1,5.89084e-2,0,2.40066e+2,4.11785e+3,1.35017e+2,0,0,0,0,0,5.33680e-1,2.02592e+0,0,0,0,0,0,0,0,0,0,0,0,0,0,0,0,1.08599e+3,2.01714e+2,0,0,0,0,0,0,5.86039e+0,0,2.29042e+0,0,0,0,0,0,2.44272e+2,1.25496e+2,3.26460e-1,0,0,0,0,0,6.17394e+3
"Central Europe","ROU","Romania",4.57269e-1,5.19750e-2,1.55267e+0,0,3.68349e+0,0,0,0,6.59624e+1,8.92931e+1,8.34249e+2,0,0,0,0,0,1.13871e+0,1.77946e+0,0,0,0,0,0,0,0,0,0,0,0,0,0,0,0,6.09195e+2,1.16148e+2,7.79112e+0,0,0,0,0,0,5.35551e+0,0,0,0,0,0,0,0,5.69979e+1,9.17065e+1,1.23461e-2,0,0,0,0,0,1.88537e+3
"Central Europe","SCG","Serbia and Montenegro",2.18471e-1,0,3.47488e-1,0,1.00328e+0,0,0,0,4.51066e+1,4.28740e+1,8.90363e+1,0,0,0,0,0,1.24270e-1,2.07480e-1,0,0,0,0,0,0,0,0,0,0,0,0,0,0,0,2.74732e+2,5.32988e+1,0,0,0,0,0,0,2.39604e+0,0,0,0,0,0,0,0,7.81751e+0,3.71820e+1,9.03397e-2,0,0,0,0,0,5.54435e+2
"Central Europe","SVK","Slovakia",9.58547e-2,3.03811e-2,1.06542e+0,0,1.07498e+0,0,0,0,1.47587e+1,7.54128e+0,3.28797e+1,0,0,0,0,0,6.55250e-2,9.84606e-1,0,0,0,0,0,0,0,0,0,0,0,0,0,0,0,1.41179e+2,2.92839e+1,0,0,0,0,0,0,1.60837e+0,0,3.17880e-1,0,0,0,0,0,1.67613e+1,2.56602e+1,0,0,0,0,0,0,2.73307e+2
"Central Europe","SVN","Slovenia",0,1.93243e-3,1.67874e-2,0,9.77464e-1,0,0,0,9.19887e+0,1.68553e+1,6.25493e-1,0,0,0,0,0,2.98482e-1,4.75441e-1,0,0,0,0,0,0,0,0,0,0,0,0,0,0,0,6.41881e+1,1.11217e+1,0,0,0,0,0,0,1.52852e-1,0,0,0,0,0,0,0,1.24741e+1,8.58878e+0,0,0,0,0,0,0,1.24975e+2
"Turkey","TUR","Turkey",8.92447e-2,4.79000e-2,6.62812e-1,3.07730e-3,2.94910e+0,4.65384e-2,7.59067e-2,0,1.15494e+2,9.83367e+1,6.51397e+0,0,0,0,0,0,4.81659e-1,4.07178e-1,0,0,0,0,0,0,0,0,0,0,0,0,0,0,0,1.03949e+3,1.78368e+2,3.67950e+1,0,0,0,0,0,2.64973e+1,0,1.36877e+0,0,0,0,0,0,1.34616e+2,1.99623e+2,0,0,0,0,0,0,1.84186e+3
"Ukraine +","BLR","Belarus",1.18637e-1,5.85886e-2,2.91645e+0,0,1.68706e+0,1.30586e-1,2.16166e-2,5.17695e-4,8.30068e+0,7.28532e-2,1.43088e+1,0,0,0,0,0,2.70270e-2,0,0,0,0,0,0,0,0,0,0,0,0,0,0,0,0,5.30835e+2,7.29039e+1,0,0,0,0,0,0,2.08241e+0,0,7.07016e-3,0,0,0,0,0,7.19260e+1,2.71258e+1,0,0,0,0,0,0,7.32523e+2
"Ukraine +","MDA","Moldova, Republic of",5.84114e-2,0,4.41277e-1,0,7.36644e-1,0,0,0,4.18964e+0,4.35610e-3,2.86390e+0,0,0,0,0,0,0,0,0,0,0,0,0,0,0,0,0,0,0,0,0,0,0,8.45491e+1,8.23702e+0,0,0,0,0,0,0,8.00366e-1,0,1.43438e-2,0,0,0,0,0,3.03805e+0,1.40477e+1,3.78753e-2,0,0,0,0,0,1.19019e+2
"Ukraine +","UKR","Ukraine",1.04102e+0,1.13706e+0,3.86057e+0,0,6.77659e+0,1.99926e-1,0,6.18645e-2,5.67217e+1,8.76306e+2,8.47939e+2,0,0,0,0,0,1.42267e+0,9.53269e+0,0,0,0,0,0,0,0,0,0,0,0,0,0,0,0,1.98662e+3,3.21059e+2,1.14310e+1,0,0,0,0,0,1.50543e+1,0,2.94048e-1,0,0,0,0,0,1.92370e+2,1.38633e+2,0,0,0,0,0,0,4.47046e+3
"Asia-Stan","KAZ","Kazakhstan",4.80290e-1,3.98221e-1,4.02383e-1,0,2.05230e+0,1.16312e-1,4.72863e-3,0,4.68099e+0,1.58526e+3,2.86717e+2,0,0,0,0,0,1.75440e-2,4.00786e+0,0,0,0,0,0,0,0,0,0,0,0,0,0,0,0,1.02856e+3,8.49215e+1,3.90758e+1,0,0,0,0,0,1.23955e+1,5.97984e+0,3.39864e+1,0,0,0,0,0,6.46652e+1,4.71416e+1,0,0,0,0,0,0,3.20087e+3
"Asia-Stan","KGZ","Kyrgyzstan",1.99572e-2,0,5.61258e-1,0,7.88286e-1,0,0,0,1.88406e-1,2.51352e+1,2.03291e+0,0,0,0,0,0,0,0,0,0,0,0,0,0,0,0,0,0,0,0,0,0,0,1.83950e+2,9.12884e+0,6.34982e-1,0,0,0,0,0,5.66044e-1,2.43086e-2,1.40503e+0,0,0,0,0,0,3.59316e+0,1.92491e+1,0,0,0,0,0,0,2.47277e+2
"Asia-Stan","TJK","Tajikistan",8.12023e-3,0,0,0,7.05913e-1,0,0,0,0,9.32235e+0,4.54899e+0,0,0,0,0,0,0,0,0,0,0,0,0,0,0,0,0,0,0,0,0,0,0,1.14966e+2,9.46682e+0,3.33540e+0,0,0,0,0,0,1.35458e-1,0,1.17665e-2,0,0,0,0,0,3.84265e+0,1.54081e+1,0,0,0,0,0,0,1.61752e+2
"Asia-Stan","TKM","Turkmenistan",5.33100e-2,3.29470e-1,0,0,7.08480e-1,0,0,0,0,0,7.11426e+2,0,0,0,0,0,1.08182e-3,0,0,0,0,0,0,0,0,0,0,0,0,0,0,0,0,1.09025e+2,1.13849e+1,9.35028e+0,0,0,0,0,0,2.98418e-1,5.79456e-3,4.61784e-2,0,0,0,0,0,5.10746e+0,1.67040e+1,0,0,0,0,0,0,8.64441e+2
"Asia-Stan","UZB","Uzbekistan",2.58834e-1,2.85060e-1,0,0,1.99886e+0,0,0,0,0,9.45449e+0,4.18017e+2,0,0,0,0,0,0,0,0,0,0,0,0,0,0,0,0,0,0,0,0,0,0,4.86546e+2,4.26348e+1,6.07071e+1,0,0,0,0,0,8.58432e-1,5.63952e-3,2.06066e-1,0,0,0,0,0,1.42095e+1,8.13475e+1,0,0,0,0,0,0,1.11653e+3
"Russia +","ARM","Armenia",1.02218e-2,0,5.80676e-3,0,6.37577e-1,0,0,0,4.07650e-1,0,6.37923e+0,0,0,0,0,0,0,0,0,0,0,0,0,0,0,0,0,0,0,0,0,0,0,4.84642e+1,7.17523e+0,0,0,0,0,0,0,1.25470e-1,0,9.99192e-3,0,0,0,0,0,6.33264e+0,4.83567e+0,0,0,0,0,0,0,7.43837e+1
"Russia +","AZE","Azerbaijan",5.51380e-2,4.48802e-2,1.65325e-1,0,9.88597e-1,0,0,0,4.64329e-1,0,1.64293e+2,0,0,0,0,0,1.75980e-2,0,0,0,0,0,0,0,0,0,0,0,0,0,0,0,0,1.63747e+2,2.53188e+1,4.69014e-1,0,0,0,0,0,5.32655e-1,0,1.01868e-2,0,0,0,0,0,1.32253e+1,4.07259e+1,0,0,0,0,0,0,4.10057e+2
"Russia +","GEO","Georgia",2.78031e-2,0,4.53949e-1,0,4.45508e-1,3.88132e-1,0,0,1.56540e+1,1.02654e+1,1.06660e+1,0,0,0,0,0,0,1.01158e+0,0,0,0,0,0,0,0,0,0,0,0,0,0,0,0,9.76442e+1,2.62834e+1,0,0,0,0,0,0,1.78024e-1,0,2.99496e-2,0,0,0,0,0,1.33450e+1,1.47753e+1,0,0,0,0,0,0,1.91168e+2
"Russia +","RUS","Russian Federation",6.38761e+0,2.11504e+0,2.22042e+1,0,3.26314e+1,1.71701e+0,2.76161e+0,2.69966e-1,3.08153e+2,3.72593e+3,9.50837e+3,0,0,0,0,0,4.80393e+0,9.54813e+0,0,0,0,0,0,0,0,0,0,0,0,0,0,0,0,4.85089e+3,7.43981e+2,1.24612e+2,0,0,0,0,0,4.13389e+1,1.84445e+1,6.96360e+1,0,0,0,0,0,8.30374e+2,9.70315e+2,0,0,0,0,0,0,2.12745e+4
"Middle_East","ARE","United Arab Emirates",1.17671e-1,1.75846e-2,1.71114e-1,0,7.87027e-1,0,0,0,2.25761e-2,5.71781e-2,9.06632e+2,0,0,0,0,0,0,0,0,0,0,0,0,0,0,0,0,0,0,0,0,0,0,5.74723e+0,2.78558e-1,0,0,0,0,0,0,6.81244e-4,0,0,0,0,0,0,0,3.80878e+0,3.16965e+0,0,0,0,0,0,0,9.20810e+2
"Middle_East","BHR","Bahrain",1.04434e-1,1.08521e-1,4.00677e-2,0,1.38196e-1,0,0,0,6.48954e-3,4.04740e-3,5.88070e+1,0,0,0,0,0,0,0,0,0,0,0,0,0,0,0,0,0,0,0,0,0,0,3.93512e-1,1.46058e-2,0,0,0,0,0,0,7.02394e-6,0,0,0,0,0,0,0,1.60218e+0,1.34322e+0,0,0,0,0,0,0,6.25623e+1
"Middle_East","IRN","Iran, Islamic Republic of",3.27764e-1,1.87458e-1,9.08911e-1,0,6.94597e+0,0,0,0,9.95982e+0,1.82570e+1,1.39682e+3,0,0,0,0,0,3.54366e-3,0,0,0,0,0,0,0,0,0,0,0,0,0,0,0,0,4.84009e+2,1.97737e+1,1.27132e+2,0,0,0,0,0,0,0,8.41536e-3,0,0,0,0,0,6.55327e+1,1.74439e+2,0,0,0,0,0,0,2.30431e+3
"Middle_East","IRQ","Iraq",5.53914e-2,3.85604e-2,2.09005e-1,0,1.88888e+0,0,0,0,5.97037e-1,9.10665e-1,1.26637e+3,0,0,0,0,0,0,0,0,0,0,0,0,0,0,0,0,0,0,0,0,0,0,1.34099e+2,5.86853e+0,1.95870e+1,0,0,0,0,0,1.12723e+0,0,9.08832e-1,0,0,0,0,0,4.24298e+1,5.34266e+1,0,0,0,0,0,0,1.52752e+3
"Middle_East","ISR","Israel",7.56135e-3,6.69887e-3,1.21082e-1,0,9.50696e-1,1.73752e-3,0,0,2.63140e-1,0,3.56645e+0,0,0,0,0,0,1.12475e-1,0,0,0,0,0,0,0,0,0,0,0,0,0,0,0,0,2.48522e+1,1.81231e+0,0,0,0,0,0,0,1.20631e-1,0,0,0,0,0,0,0,1.96434e+1,1.57817e+1,0,0,0,0,0,0,6.72401e+1
"Middle_East","JOR","Jordan",1.18769e-2,6.68685e-3,1.45701e-2,0,4.40767e-1,0,0,0,1.67128e-1,8.11298e-1,4.33211e-1,0,0,0,0,0,0,0,0,0,0,0,0,0,0,0,0,0,0,0,0,0,0,9.51444e+0,6.14000e-1,0,0,0,0,0,0,4.48370e-2,0,0,0,0,0,0,0,3.92074e+0,7.97437e+0,0,0,0,0,0,0,2.39539e+1
"Middle_East","KWT","Kuwait",8.34754e-2,1.78747e-1,1.47794e-1,0,9.98549e-1,0,0,0,5.53495e-1,2.28781e-1,6.08347e+2,0,0,0,0,0,0,0,0,0,0,0,0,0,0,0,0,0,0,0,0,0,0,3.80768e+0,1.22602e-1,0,0,0,0,0,0,1.14363e-4,0,0,0,0,0,0,0,7.98085e+0,8.04830e+0,0,0,0,0,0,0,6.30497e+2
"Middle_East","LBN","Lebanon",0,5.53682e-3,7.36459e-2,0,6.14441e-1,0,0,0,1.22375e+0,1.21422e+0,7.87694e-1,0,0,0,0,0,0,0,0,0,0,0,0,0,0,0,0,0,0,0,0,0,0,5.79457e+0,4.88026e-1,0,0,0,0,0,0,4.99529e-2,0,0,0,0,0,0,0,6.54331e+0,1.16696e+1,0,0,0,0,0,0,2.84647e+1
"Middle_East","OMN","Oman",3.54622e-2,0,1.75846e-3,0,2.52050e-1,0,0,0,1.58829e-1,8.60930e-2,5.31270e+2,0,0,0,0,0,0,0,0,0,0,0,0,0,0,0,0,0,0,0,0,0,0,9.87639e+0,4.06715e-1,0,0,0,0,0,0,1.91494e-3,0,0,0,0,0,0,0,8.14307e-1,3.91094e+0,0,0,0,0,0,0,5.46814e+2
"Middle_East","QAT","Qatar",1.49176e-1,2.12325e-2,4.53012e-2,1.67472e-3,1.90981e-1,0,0,0,1.59400e-2,6.07110e-3,2.37280e+2,0,0,0,0,0,4.55400e-2,0,0,0,0,0,0,0,0,0,0,0,0,0,0,0,0,1.36947e+0,7.49704e-2,0,0,0,0,0,0,2.98296e-4,0,0,0,0,0,0,0,1.75793e+0,3.25732e+0,0,0,0,0,0,0,2.44216e+2
"Middle_East","SAU","Saudi Arabia",6.95342e-1,5.48005e-1,9.03220e-1,7.23140e-3,4.12082e+0,0,0,0,1.33140e-1,4.08787e-1,3.10341e+3,0,0,0,0,0,2.46330e+0,0,0,0,0,0,0,0,0,0,0,0,0,0,0,0,0,5.85244e+1,2.61118e+0,9.04273e-2,0,0,0,0,0,3.86269e-1,0,0,0,0,0,0,0,3.01958e+1,3.67444e+1,0,0,0,0,0,0,3.24124e+3
"Middle_East","SYR","Syrian Arab Republic",1.07266e-2,1.73417e-2,2.55478e-1,0,1.05016e+0,0,0,0,2.82470e+0,1.01185e-1,4.25495e+1,0,0,0,0,0,0,0,0,0,0,0,0,0,0,0,0,0,0,0,0,0,0,7.97699e+1,3.23143e+0,1.66840e-2,0,0,0,0,0,1.48657e+0,0,1.32211e-1,0,0,0,0,0,1.11221e+1,3.05278e+1,0,0,0,0,0,0,1.73096e+2
"Middle_East","YEM","Yemen",5.65217e-3,8.16426e-3,0,0,4.51151e-1,0,0,0,2.45301e+0,3.84503e+0,9.57173e-1,0,0,0,0,0,0,0,0,0,0,0,0,0,0,0,0,0,0,0,0,0,0,7.11019e+1,3.18145e+0,0,0,0,0,0,0,8.22372e-1,0,0,0,0,0,0,0,1.78567e+0,3.09807e+1,0,0,0,0,0,0,1.15592e+2
"India +","AFG","Afghanistan",1.80916e-3,0,7.25810e-2,0,1.42198e-1,0,2.59531e-3,0,1.02001e+1,5.83087e+0,3.79146e+1,0,0,0,0,0,0,0,0,0,0,0,0,0,0,0,0,0,0,0,0,0,0,2.77423e+2,1.54453e+1,6.55443e+1,0,0,0,0,0,6.70623e-1,0,0,0,0,0,0,0,4.63430e+0,6.66979e+1,0,0,0,0,0,0,4.84580e+2
"India +","BGD","Bangladesh",3.42201e-2,4.24032e-3,8.16845e-2,0,1.85574e-1,6.25510e-3,2.28599e-2,0,1.49548e+2,2.04434e+1,2.04769e+1,0,0,0,0,0,0,0,0,0,0,0,0,0,0,0,0,0,0,0,0,0,0,8.27530e+2,8.20621e+1,2.87786e+3,0,0,0,0,2.44224e-1,1.00706e+1,1.83831e+1,0,0,0,0,0,0,3.66544e+1,3.50369e+2,0,0,0,0,0,0,4.39398e+3
"India +","BTN","Bhutan",6.98940e-6,0,5.94192e-3,0,2.84734e-4,0,6.83900e-6,0,1.27806e+1,4.29630e-1,0,0,0,0,0,0,0,0,0,0,0,0,0,0,0,0,0,0,0,0,0,0,0,1.01666e+1,1.06122e+0,8.74984e+0,0,0,0,0,0,2.30694e-1,0,0,0,0,0,0,0,1.89886e-1,4.91381e+0,0,0,0,0,0,0,3.85285e+1
"India +","IND","India",6.00994e-1,1.22409e-1,5.68672e+0,0,6.36260e+0,6.04127e-1,8.35267e-2,0,1.37242e+3,9.00732e+2,9.13881e+1,0,0,0,0,0,3.84671e-1,1.88647e+0,0,0,0,0,0,0,0,0,0,0,0,0,0,0,0,9.59416e+3,8.52510e+2,4.83070e+3,0,0,0,0,2.55288e+1,1.61999e+2,6.98496e+1,5.11128e-1,0,0,0,0,0,3.29637e+2,2.45371e+3,0,0,4.26600e+1,0,0,0,2.07415e+4
"India +","IOT","British Indian Ocean Territory",0,0,0,0,0,0,0,0,0,0,0,0,0,0,0,0,0,0,0,0,0,0,0,0,0,0,0,0,0,0,0,0,0,0,0,0,0,0,0,0,0,0,0,0,0,0,0,0,0,0,0,0,0,0,0,0,0,0,
"India +","LKA","Sri Lanka",1.50722e-3,2.60175e-3,5.91385e-1,2.13526e-3,3.29141e-1,6.25509e-3,1.17230e-3,0,2.44476e+1,1.05438e-1,3.76586e-1,0,0,0,0,0,0,0,0,0,0,0,0,0,0,0,0,0,0,0,0,0,0,1.08648e+2,8.88384e+0,3.19169e+2,0,0,0,0,1.57243e-1,1.85469e-1,1.65532e+0,0,0,0,0,0,0,2.05888e+1,6.68296e+1,0,0,0,0,0,0,5.51980e+2
"India +","MDV","Maldives",6.34776e-5,0,7.65051e-4,0,7.32879e-4,0,4.86850e-5,0,4.42019e-3,4.33209e-2,0,0,0,0,0,0,0,0,0,0,0,0,0,0,0,0,0,0,0,0,0,0,0,0,0,0,0,0,0,0,0,7.24186e-3,0,0,0,0,0,0,0,2.03855e-1,5.81674e-1,0,0,0,0,0,0,8.42122e-1
"India +","NPL","Nepal",5.52658e-4,0,3.33269e-2,0,3.54340e-2,0,0,0,5.23385e+1,3.83086e+0,0,0,0,0,0,0,0,0,0,0,0,0,0,0,0,0,0,0,0,0,0,0,0,3.34611e+2,2.79803e+1,4.17977e+2,0,0,0,0,7.83168e-1,5.56921e+0,3.49683e-1,0,0,0,0,0,0,1.10682e+0,6.14603e+1,0,0,0,0,0,0,9.06076e+2
"India +","PAK","Pakistan",1.23979e-1,5.50921e-3,3.58391e-1,0,1.47532e+0,2.10240e-2,0,0,9.97922e+1,2.56304e+1,2.73143e+2,0,0,0,0,0,0,0,0,0,0,0,0,0,0,0,0,0,0,0,0,0,0,1.51306e+3,1.07623e+2,9.59946e+2,0,0,0,0,1.24584e+0,6.29834e+0,8.29124e-2,9.33528e-2,0,0,0,0,0,4.56937e+1,3.09341e+2,0,0,0,0,0,0,3.34394e+3
"Korea","KOR","Korea, Republic of",3.81064e-2,1.00637e-1,1.32600e+0,7.18035e-3,1.78357e+0,8.37360e-5,2.43546e-1,4.05450e-1,1.08504e+2,2.58995e+2,7.73654e+0,0,0,0,0,0,8.43973e-1,8.43916e-1,0,0,0,0,0,0,0,0,0,0,0,0,0,0,0,1.23487e+2,8.25215e+0,6.31752e+2,0,0,0,0,0,7.54456e-1,0,3.10896e-1,0,0,0,0,0,3.79352e+1,2.00244e+2,0,0,0,0,0,0,1.38356e+3
"Korea","PRK","Korea, Democratic People's Republic of",1.34693e-1,1.64122e-3,6.19948e+0,0,1.31705e+0,0,0,0,6.49995e+1,4.39249e+2,4.54313e-1,0,0,0,0,0,0,4.30055e-1,0,0,0,0,0,0,0,0,0,0,0,0,0,0,0,5.77853e+1,9.26579e+0,2.40882e+2,0,0,0,0,0,3.39922e+0,0,3.62088e+1,0,0,0,0,0,1.62770e+1,8.36200e+1,1.19395e-1,0,0,0,0,0,9.60343e+2
"China +","CHN","China",2.32852e+0,1.04523e+0,5.86273e+1,0,1.25620e+1,8.49670e-1,0,5.35660e-1,3.74115e+3,6.84884e+3,7.59912e+2,0,0,0,0,0,4.08488e+0,9.80573e+0,0,0,0,0,0,0,0,0,0,0,0,0,0,0,0,4.67174e+3,8.80310e+2,1.98211e+4,0,0,0,0,5.88000e+0,1.05013e+1,1.29712e+1,6.55920e+1,0,0,0,0,0,5.12460e+2,4.12226e+3,3.46146e+0,0,9.00000e+1,0,0,0,4.16360e+4
"China +","HKG","Hong Kong",3.76812e-5,0,9.56265e-2,0,3.90701e-1,0,0,0,2.49533e-1,0,8.74292e-1,0,0,0,0,0,0,0,0,0,0,0,0,0,0,0,0,0,0,0,0,0,0,0,0,0,0,0,0,0,0,0,0,0,0,0,0,0,0,2.20104e+1,2.23450e+1,1.23326e-1,0,0,0,0,0,4.60889e+1
"China +","MAC","Macao",2.15134e-4,0,1.56302e-3,0,8.72635e-3,0,4.68769e-4,0,1.00283e-2,0,0,0,0,0,0,0,0,0,0,0,0,0,0,0,0,0,0,0,0,0,0,0,0,0,0,0,0,0,0,0,0,0,0,0,0,0,0,0,0,1.51472e+0,1.07823e+0,7.18588e-3,0,0,0,0,0,2.62114e+0
"China +","MNG","Mongolia",3.36449e-3,0,6.94026e-2,0,2.96988e-1,0,6.46235e-3,0,6.73878e+0,1.62693e+1,0,0,0,0,0,0,0,0,0,0,0,0,0,0,0,0,0,0,0,0,0,0,0,2.79987e+2,1.24828e+1,0,0,0,0,0,0,8.45660e-2,4.48267e-1,3.77544e+1,0,0,0,0,0,1.32716e+0,6.85072e+0,1.26439e-2,0,0,0,0,0,3.62332e+2
"China +","TWN","Taiwan_Province of China",4.80232e-2,7.29682e-2,1.31727e+0,0,2.64357e+0,8.54317e-3,8.49920e-3,0,1.86124e+0,3.94035e+1,3.28565e+1,0,0,0,0,0,0,5.66816e-1,0,0,0,0,0,0,0,0,0,0,0,0,0,0,0,1.93293e+1,3.86224e+1,0,0,0,0,0,0,0,0,0,0,0,0,0,0,4.19708e+1,9.31926e+1,2.50602e-1,0,0,0,0,0,2.72153e+2
"Southeastern Asia","BRN","Brunei Darussalam",1.63704e-2,9.31983e-2,2.63768e-3,0,1.03657e-1,0,0,0,4.56361e-2,9.70690e-3,1.61143e+2,0,0,0,0,0,0,0,0,0,0,0,0,0,0,0,0,0,0,0,0,0,0,9.41476e-1,1.28369e-1,7.39649e-1,0,0,0,0,0,2.13694e-2,1.87020e+1,0,0,0,0,0,0,9.16143e-1,7.75727e-1,3.16293e-2,0,0,0,0,0,1.83670e+2
"Southeastern Asia","KHM","Cambodia",4.66578e-5,0,3.03531e-2,0,3.22778e-3,0,8.62820e-5,0,4.43822e+1,1.53791e+0,0,0,0,0,0,0,0,0,0,0,0,0,0,0,0,0,0,0,0,0,0,0,0,5.34989e+1,4.57762e+0,1.85439e+2,0,0,0,0,4.56408e+1,5.25327e+0,0,0,0,0,0,0,0,2.63603e+0,3.37682e+1,8.08912e-2,0,0,0,0,0,3.76848e+2
"Southeastern Asia","LAO","Lao People's Democratic Republic",4.03213e-4,0,1.49884e-2,0,2.57102e-2,0,6.35712e-4,0,2.18465e+1,9.89645e-1,0,0,0,0,0,0,0,0,0,0,0,0,0,0,0,0,0,0,0,0,0,0,0,5.81494e+1,7.10070e+0,1.28543e+2,0,0,0,0,6.15816e+1,5.32369e+0,3.05510e+1,0,0,0,0,0,0,9.86969e-1,1.37721e+1,0,0,0,0,0,0,3.28886e+2
"Southeastern Asia","MMR","Myanmar",2.44314e-2,6.74074e-3,1.01572e-1,0,4.06578e-1,0,0,0,6.77185e+1,4.56627e+1,2.20834e+1,0,0,0,0,0,0,0,0,0,0,0,0,0,0,0,0,0,0,0,0,0,0,4.91016e+2,5.05899e+1,1.22596e+3,0,0,0,0,4.35864e+1,4.36754e+1,1.33702e+3,0,0,0,0,0,0,1.95187e+1,1.41945e+2,0,0,0,0,0,0,3.48932e+3
"Southeastern Asia","MYS","Malaysia",2.06061e-2,3.01450e-3,3.20081e-1,0,1.89243e+0,0,0,0,2.32296e+1,2.84330e+1,1.25851e+2,0,0,0,0,0,6.75000e-3,0,0,0,0,0,0,0,0,0,0,0,0,0,0,0,0,4.23892e+1,1.39261e+1,2.69380e+2,0,0,0,0,3.46560e+1,8.20776e+0,1.65036e+2,0,0,0,0,0,0,2.45594e+1,7.22260e+1,4.01458e-1,0,0,0,0,0,8.10539e+2
"Southeastern Asia","PHL","Philippines",1.05132e-1,8.08275e-2,1.49176e+0,2.93076e-4,1.62144e+0,0,8.49921e-2,0,8.32475e+1,7.13058e+1,4.94802e+0,0,0,0,0,0,2.14670e-2,5.03177e-1,0,0,0,0,0,0,0,0,0,0,0,0,0,0,0,2.75921e+2,5.47248e+1,1.25091e+3,0,0,0,0,5.14944e+0,5.03527e+1,7.45076e+0,0,0,0,0,0,0,6.08613e+1,2.23594e+2,0,0,0,0,0,0,2.09237e+3
"Southeastern Asia","SGP","Singapore",4.13300e-5,4.52144e-2,3.36619e-2,0,5.17972e-1,0,0,0,2.86619e-2,3.03555e+0,1.16846e+1,0,0,0,0,0,0,0,0,0,0,0,0,0,0,0,0,0,0,0,0,0,0,1.25094e+0,3.39035e+0,0,0,0,0,0,9.73968e-1,7.69815e-4,0,0,0,0,0,0,0,4.11848e+0,1.12226e+1,2.46542e+0,0,0,0,0,0,3.87683e+1
"Southeastern Asia","THA","Thailand",2.29506e-2,1.19445e-2,2.47461e+0,0,2.79530e+0,0,5.86152e-3,0,1.21093e+2,3.01282e+2,2.55334e+0,0,0,0,0,0,0,0,0,0,0,0,0,0,0,0,0,0,0,0,0,0,0,6.10858e+2,4.09188e+1,2.35298e+3,0,0,0,0,5.40936e+1,5.16580e+1,1.85973e+1,0,0,0,0,0,0,7.59655e+1,2.06295e+2,1.09713e+0,0,0,0,0,0,3.84270e+3
"Southeastern Asia","TLS","Timor-Leste",0,0,2.66535e-3,0,0,0,0,0,1.68356e-1,0,0,0,0,0,0,0,0,0,0,0,0,0,0,0,0,0,0,0,0,0,0,0,0,5.27876e+0,5.15971e-1,4.88448e+0,0,0,0,0,0,2.87966e-1,0,0,0,0,0,0,0,1.15217e-1,2.56687e+0,3.09574e-3,0,0,0,0,0,1.38234e+1
"Southeastern Asia","VNM","Viet Nam",2.13066e-2,0,4.60548e-4,0,4.00048e-1,0,0,0,1.65050e+2,1.05984e+2,1.22592e+1,0,0,0,0,0,0,0,0,0,0,0,0,0,0,0,0,0,0,0,0,0,0,2.16559e+2,6.15275e+1,1.86742e+3,0,0,0,0,2.10185e+1,3.89403e+1,9.02224e-1,0,0,0,0,0,0,2.88071e+1,2.33692e+2,0,0,0,0,0,0,2.75258e+3
"Indonesia +","IDN","Indonesia",4.72597e-2,1.80340e-1,6.08175e-1,6.25927e-3,4.57929e+0,1.67472e-3,5.77360e-2,0,6.33491e+2,8.34343e+1,1.00758e+3,0,0,0,0,0,1.58055e-2,0,0,0,0,0,0,0,0,0,0,0,0,0,0,0,0,7.19633e+2,4.01693e+1,2.66253e+3,0,0,0,0,6.52968e+1,1.14816e+2,2.94753e+2,0,2.35716e+3,0,0,0,0,1.50752e+2,6.28994e+2,2.16509e+0,0,0,0,0,0,8.76627e+3
"Indonesia +","PNG","Papua New Guinea",4.22346e-3,0,1.76240e-2,0,3.43463e-2,0,3.49411e-3,0,1.83309e+1,2.98513e-1,0,0,0,0,0,0,0,0,0,0,0,0,0,0,0,0,0,0,0,0,0,0,0,7.75274e+0,3.64644e+0,8.72228e-2,0,0,0,0,1.65158e+1,2.57241e-1,3.19886e+1,0,0,0,0,0,0,1.48151e+0,1.19469e+1,4.91351e-2,0,0,0,0,0,9.24147e+1
"Japan","JPN","Japan",3.70634e+0,6.41589e-1,9.74266e+0,4.95507e-2,1.46624e+1,2.27442e-1,1.61045e+0,1.55749e-2,2.77669e+1,4.25890e+2,3.04326e+1,0,0,0,0,0,6.39232e+0,1.03907e+1,0,0,0,0,0,0,0,0,0,0,0,0,0,0,0,4.14071e+2,2.01616e+2,1.76288e+3,0,0,0,0,0,6.39218e-1,7.38768e+0,3.16128e+0,0,0,0,0,0,2.85708e+2,3.83411e+2,1.89551e+2,6.87468e-1,0,0,0,0,3.78064e+3
"Oceania","ASM","American Samoa",0,0,0,0,0,0,0,0,1.09351e-4,0,0,0,0,0,0,0,0,0,0,0,0,0,0,0,0,0,0,0,0,0,0,0,0,1.53511e-2,1.23456e-1,0,0,0,0,0,0,4.98214e-5,0,0,0,0,0,0,0,1.50263e-1,3.89683e-2,0,0,0,0,0,0,3.28198e-1
"Oceania","ATF","French Southern Territories",0,0,0,0,0,0,0,0,0,0,0,0,0,0,0,0,0,0,0,0,0,0,0,0,0,0,0,0,0,0,0,0,0,0,0,0,0,0,0,0,0,0,0,0,0,0,0,0,0,0,0,0,0,0,0,0,0,0,
"Oceania","AUS","Australia",8.80669e-1,2.53803e-1,4.16329e+0,2.14155e-2,1.56673e+1,1.11710e-1,2.93956e-1,0,3.47875e+1,5.91561e+2,1.47788e+2,0,0,0,0,0,5.32932e-3,9.45069e-1,0,0,0,0,0,0,0,0,0,0,0,0,0,0,0,2.69242e+3,1.86360e+2,5.05643e+1,0,0,0,0,6.57312e+2,2.96095e+1,7.97300e+1,1.70527e+2,0,0,0,0,0,3.57573e+2,4.59857e+1,4.19039e-3,0,6.00000e-1,0,0,0,5.06717e+3
"Oceania","CCK","Cocos (Keeling) Islands",0,0,0,0,0,0,0,0,0,0,0,0,0,0,0,0,0,0,0,0,0,0,0,0,0,0,0,0,0,0,0,0,0,0,0,0,0,0,0,0,0,0,0,0,0,0,0,0,0,0,0,0,0,0,0,0,0,0,
"Oceania","COK","Cook Islands",0,0,0,0,0,0,0,0,9.19167e-3,0,0,0,0,0,0,0,0,0,0,0,0,0,0,0,0,0,0,0,0,0,0,0,0,1.77449e-1,6.22680e-2,0,0,0,0,0,0,4.18784e-3,0,0,0,0,0,0,0,0,2.78371e-2,0,0,0,0,0,0,2.80934e-1
"Oceania","CXR","Christmas Island",0,0,0,0,0,0,0,0,0,0,0,0,0,0,0,0,0,0,0,0,0,0,0,0,0,0,0,0,0,0,0,0,0,0,0,0,0,0,0,0,0,0,0,0,0,0,0,0,0,0,0,0,0,0,0,0,0,0,
"Oceania","FJI","Fiji",5.21551e-3,0,5.48438e-3,0,5.36142e-2,0,3.32457e-3,0,9.53053e-1,1.51880e-1,0,0,0,0,0,0,0,0,0,0,0,0,0,0,0,0,0,0,0,0,0,0,0,1.40092e+1,2.23319e+0,3.12658e+0,0,0,0,0,0,3.90483e-1,0,0,0,0,0,0,0,1.48810e+0,1.68519e+0,0,0,0,0,0,0,2.41054e+1
"Oceania","FSM","Micronesia, Federated States of",0,0,0,0,0,0,0,0,0,2.36670e-2,0,0,0,0,0,0,0,0,0,0,0,0,0,0,0,0,0,0,0,0,0,0,0,3.69972e-1,1.42416e-2,2.70280e-2,0,0,0,0,0,0,0,0,0,0,0,0,0,1.43125e-1,8.29825e-2,0,0,0,0,0,0,6.61016e-1
"Oceania","GUM","Guam",0,0,0,0,0,0,0,0,2.28982e-3,0,0,0,0,0,0,0,0,0,0,0,0,0,0,0,0,0,0,0,0,0,0,0,0,1.13193e-1,1.37960e-1,0,0,0,0,0,0,1.04327e-3,0,0,0,0,0,0,0,7.55630e-1,8.44337e-1,0,0,0,0,0,0,1.85445e+0
"Oceania","HMD","Heard Island and McDonald Islands",0,0,0,0,0,0,0,0,0,0,0,0,0,0,0,0,0,0,0,0,0,0,0,0,0,0,0,0,0,0,0,0,0,0,0,0,0,0,0,0,0,0,0,0,0,0,0,0,0,0,0,0,0,0,0,0,0,0,
"Oceania","KIR","Kiribati",6.40110e-5,0,2.79393e-4,0,1.31616e-3,0,5.22270e-5,0,1.28520e-2,1.42688e-2,0,0,0,0,0,0,0,0,0,0,0,0,0,0,0,0,0,0,0,0,0,0,0,1.00000e-2,4.19495e-2,0,0,0,0,0,0,5.63663e-3,0,0,0,0,0,0,0,1.34815e-1,1.37531e-1,0,0,0,0,0,0,3.58765e-1
"Oceania","MHL","Marshall Islands",0,0,0,0,0,0,0,0,0,0,0,0,0,0,0,0,0,0,0,0,0,0,0,0,0,0,0,0,0,0,0,0,0,0,0,0,0,0,0,0,0,0,0,0,0,0,0,0,0,1.10926e-1,3.23371e-2,0,0,0,0,0,0,1.43263e-1
"Oceania","MNP","Northern Mariana Islands",0,0,0,0,0,0,0,0,3.14406e-3,0,0,0,0,0,0,0,0,0,0,0,0,0,0,0,0,0,0,0,0,0,0,0,0,0,1.52587e-5,0,0,0,0,0,0,1.43246e-3,0,0,0,0,0,0,0,1.22715e-1,1.88493e-2,0,0,0,0,0,0,1.46156e-1
"Oceania","NCL","New Caledonia",1.41304e-3,0,3.08703e-3,0,5.11162e-2,0,1.78284e-3,0,4.89794e-2,2.49018e-2,0,0,0,0,0,0,0,0,0,0,0,0,0,0,0,0,0,0,0,0,0,0,0,6.59238e+0,5.72821e-1,0,0,0,0,0,0,3.94930e-3,0,0,0,0,0,0,0,8.64177e-1,1.71102e-1,0,0,0,0,0,0,8.33571e+0
"Oceania","NFK","Norfolk Island",0,0,0,0,0,0,0,0,0,0,0,0,0,0,0,0,0,0,0,0,0,0,0,0,0,0,0,0,0,0,0,0,0,0,0,0,0,0,0,0,0,0,0,0,0,0,0,0,0,0,4.00113e-3,0,0,0,0,0,0,4.00113e-3
"Oceania","NIU","Niue",0,0,0,0,0,0,0,0,2.05660e-4,6.17400e-4,0,0,0,0,0,0,0,0,0,0,0,0,0,0,0,0,0,0,0,0,0,0,0,3.99952e-2,1.78390e-2,0,0,0,0,0,0,9.37008e-5,0,0,0,0,0,0,0,4.23311e-3,6.78014e-3,0,0,0,0,0,0,6.97642e-2
"Oceania","NRU","Nauru",0,0,0,0,0,0,0,0,0,0,0,0,0,0,0,0,0,0,0,0,0,0,0,0,0,0,0,0,0,0,0,0,0,1.70000e-3,4.87640e-3,0,0,0,0,0,0,0,0,0,0,0,0,0,0,4.89236e-2,9.84987e-3,0,0,0,0,0,0,6.53499e-2
"Oceania","NZL","New Zealand",1.13682e-1,1.90081e-2,6.17284e-1,3.20290e-3,2.25484e+0,8.37360e-5,1.31884e-2,7.53624e-3,2.86460e+0,9.36314e+0,1.17638e+1,0,0,0,0,0,0,0,0,0,0,0,0,0,0,0,0,0,0,0,0,0,0,1.03470e+3,7.55489e+1,0,0,0,0,0,0,8.18039e-1,0,0,0,0,0,0,0,7.51734e+1,8.51627e+0,0,0,0,0,0,0,1.22177e+3
"Oceania","PCN","Pitcairn",0,0,0,0,0,0,0,0,0,0,0,0,0,0,0,0,0,0,0,0,0,0,0,0,0,0,0,0,0,0,0,0,0,0,0,0,0,0,0,0,0,0,0,0,0,0,0,0,0,0,1.08237e-3,0,0,0,0,0,0,1.08237e-3
"Oceania","PLW","Palau",0,0,0,0,0,0,0,0,0,0,0,0,0,0,0,0,0,0,0,0,0,0,0,0,0,0,0,0,0,0,0,0,0,0,0,0,0,0,0,0,0,0,0,0,0,0,0,0,0,0,3.62862e-2,0,0,0,0,0,0,3.62862e-2
"Oceania","PYF","French Polynesia",7.07520e-4,0,1.01822e-3,0,1.10588e-2,0,5.16761e-4,0,1.87679e-2,0,0,0,0,0,0,0,0,0,0,0,0,0,0,0,0,0,0,0,0,0,0,0,0,5.35774e-1,2.63178e-1,0,0,0,0,0,0,6.29624e-3,0,0,0,0,0,0,0,8.81943e-1,5.83197e-1,0,0,0,0,0,0,2.30246e+0
"Oceania","SLB","Solomon Islands",5.09070e-4,0,1.27642e-3,0,5.25045e-3,0,3.24793e-4,0,3.81703e-1,4.83630e-2,0,0,0,0,0,0,0,0,0,0,0,0,0,0,0,0,0,0,0,0,0,0,0,8.53732e+1,2.43969e+0,1.00104e+0,0,0,0,0,0,1.66161e-2,0,0,0,0,0,0,0,8.51651e-2,3.29499e-1,0,0,0,0,0,0,8.96826e+1
"Oceania","TKL","Tokelau",0,0,0,0,0,0,0,0,3.88293e-4,0,0,0,0,0,0,0,0,0,0,0,0,0,0,0,0,0,0,0,0,0,0,0,0,1.00000e-3,3.08103e-3,0,0,0,0,0,0,1.76910e-4,0,0,0,0,0,0,0,0,1.07477e-2,0,0,0,0,0,0,1.53940e-2
"Oceania","TON","Tonga",0,0,0,0,6.23300e-3,0,0,0,9.94008e-3,1.87278e-2,0,0,0,0,0,0,0,0,0,0,0,0,0,0,0,0,0,0,0,0,0,0,0,9.04636e-1,1.19991e+0,0,0,0,0,0,0,4.52881e-3,0,0,0,0,0,0,0,1.51798e-1,5.72291e-1,0,0,0,0,0,0,2.86806e+0
"Oceania","TUV","Tuvalu",0,0,0,0,0,0,0,0,0,0,0,0,0,0,0,0,0,0,0,0,0,0,0,0,0,0,0,0,0,0,0,0,0,6.09500e-3,1.76467e-2,0,0,0,0,0,0,0,0,0,0,0,0,0,0,7.20382e-3,5.96547e-2,0,0,0,0,0,0,9.06002e-2
"Oceania","VUT","Vanuatu",4.18509e-4,0,8.02470e-4,0,7.28020e-3,0,4.00806e-4,0,1.34319e-1,2.14375e-2,0,0,0,0,0,0,0,0,0,0,0,0,0,0,0,0,0,0,0,0,0,0,0,5.82587e+0,1.08438e+0,0,0,0,0,0,0,2.18723e-2,0,0,0,0,0,0,0,1.08701e-1,5.89216e-1,0,0,0,0,0,0,7.79470e+0
"Oceania","WLF","Wallis and Futuna",0,0,0,0,0,0,0,0,2.26565e-3,0,0,0,0,0,0,0,0,0,0,0,0,0,0,0,0,0,0,0,0,0,0,0,0,6.54514e-2,5.37923e-2,0,0,0,0,0,0,1.03226e-3,0,0,0,0,0,0,0,0,5.32903e-2,0,0,0,0,0,0,1.75832e-1
"Oceania","WSM","Samoa",2.20302e-4,0,8.50365e-4,0,9.82908e-3,0,3.15161e-4,0,2.50385e-1,2.53134e-2,0,0,0,0,0,0,0,0,0,0,0,0,0,0,0,0,0,0,0,0,0,0,0,1.58076e+0,7.12153e-1,0,0,0,0,0,0,2.49318e-3,0,0,0,0,0,0,0,2.24730e-1,9.18715e-1,0,0,0,0,0,0,3.72577e+0
"Antartica","ATA","Antarctica",0,0,0,0,0,0,0,0,0,0,0,0,0,0,0,0,0,0,0,0,0,0,0,0,0,0,0,0,0,0,0,0,0,0,0,0,0,0,0,0,0,0,0,0,0,0,0,0,0,0,0,0,0,0,0,0,0,0,
"Int. Shipping","SEA","Int. Shipping",0,0,0,0,0,0,0,0,0,0,4.40600e+0,0,3.21730e+1,0,0,0,0,0,0,0,0,0,0,0,0,0,0,0,0,0,0,0,0,0,0,0,0,0,0,0,0,0,0,0,0,0,0,0,0,0,0,0,0,0,0,0,0,3.65790e+1
"Int. Aviation","AIR","Int. Aviation",0,0,0,0,0,0,0,0,0,0,0,1.45346e+0,0,0,0,0,0,0,0,0,0,0,0,0,0,0,0,0,0,0,0,0,0,0,0,0,0,0,0,0,0,0,0,0,0,0,0,0,0,0,0,0,0,0,0,0,0,1.45346e+0

"TOTALS",,,5.55647e+1,2.71802e+1,3.12288e+2,1.41938e+0,7.47824e+2,9.15537e+0,1.01167e+1,3.08094e+0,1.14159e+4,3.14244e+4,4.19410e+4,1.45346e+0,3.21730e+1,0,0,0,6.94353e+1,1.00016e+2,0,0,0,0,0,0,0,0,0,0,0,0,0,0,0,8.01765e+4,1.02771e+4,4.51025e+4,0,0,0,0,8.52579e+3,9.91204e+2,1.03874e+4,8.99646e+2,2.35716e+3,0,0,0,0,2.05240e+4,1.86022e+4,2.73846e+2,6.93803e-1,1.48260e+2,0,0,0,02.84417e+5