"Content:","Emissions by country and main source category" 
"Compound:","CH4"
"Year: ","2000"
"Unit:","Gg CH4"
"Source:","European Commission, Joint Research Centre (JRC)/PBL Netherlands Environmental Assessment Agency. Emission Database for Global Atmospheric Research (EDGAR), release version 4.2. http://edgar.jrc.ec.europe.eu, 2010" 
"Dataset:","v4.2_EM_CH4_300911(edgar)"
"Date calculated:","November 30, 1999, 12:00 am"

,,,"Public electricity and heat production","Other Energy Industries","Manufacturing Industries and Construction","Domestic aviation","Road transportation","Rail transportation","Inland navigation","Other transportation","Residential and other sectors","Fugitive emissions from solid fuels","Fugitive emissions from oil and gas","Memo: International aviation","Memo: International navigation","Cement production","Lime production","Production of other minerals","Production of chemicals","Production of metals","Production of pulp/paper/food/drink","Production of halocarbons and SF6","Refrigeration and Air Conditioning","Foam Blowing","Fire Extinguishers","Aerosols","F-gas as Solvent","Semiconductor/Electronics Manufacture","Electrical Equipment","Other F-gas use","Non-energy use of lubricants/waxes (CO2)","Solvent and other product use: paint","Solvent and other product use: degrease","Solvent and other product use: chemicals","Solvent and other product use: other","Enteric fermentation","Manure management","Rice cultivation","Direct soil emissions","Manure in pasture/range/paddock","Indirect N2O from agriculture","Other direct soil emissions","Savanna burning","Agricultural waste burning","Forest fires","Grassland fires","Peat fires and decay of drained peatland","Other vegetation fires","Other biomass burning","Forest Fires-Post burn decay","Forest Land: net carbon stock change","Solid waste disposal on land","Wastewater handling","Waste incineration","Other waste handling","Fossil fuel fires","Indirect N2O from non-agricultural NOx","Indirect N2O from non-agricultural NH3","Other sources",

"World Region","ISO_A3","Country","1A1a","1A1bc","1A2","1A3a","1A3b","1A3c","1A3d","1A3e","1A4","1B1","1B2","1C1","1C2","2A1","2A2","2A7","2B","2C","2D","2E","2F1","2F2","2F3","2F4","2F5","2F7","2F8","2F9","2G","3A","3B","3C","3D","4A","4B","4C","4D1","4D2","4D3","4D4","4E","4F","5A","5C","5D","5F","5F1","5F2","5FL","6A","6B","6C","6D","7A","7B","7C","7D","TOTAL" 
"Canada","CAN","Canada",3.78543e+0,2.12433e+0,1.22103e+1,9.26330e-2,1.10217e+1,3.25950e-1,4.34219e-1,1.98926e-1,4.48122e+1,9.65806e+1,2.13873e+3,0,0,0,0,0,5.04999e+0,1.41220e-1,0,0,0,0,0,0,0,0,0,0,0,0,0,0,0,8.44717e+2,2.57205e+2,0,0,0,0,0,0,8.32707e+0,7.26432e+1,1.82722e+1,0,0,0,0,0,1.12888e+3,2.08184e+2,1.29371e+0,1.02038e+1,0,0,0,0,4.86523e+3
"USA","SPM","Saint Pierre and Miquelon",0,0,6.17779e-3,0,0,0,9.22964e-5,1.34621e-4,0,0,0,0,0,0,0,0,0,0,0,0,0,0,0,0,0,0,0,0,0,0,0,0,0,4.17016e-3,1.10503e-3,0,0,0,0,0,0,0,0,0,0,0,0,0,0,4.95578e-2,1.20866e-2,8.89622e-4,5.47460e-4,0,0,0,0,7.47614e-2
"USA","UMI","United States Minor Outlying Islands",0,0,0,0,0,0,0,0,0,0,0,0,0,0,0,0,0,0,0,0,0,0,0,0,0,0,0,0,0,0,0,0,0,0,0,0,0,0,0,0,0,0,0,0,0,0,0,0,0,0,0,0,0,0,0,0,0,0,
"USA","USA","United States",5.61137e+1,8.86665e+0,6.33871e+1,1.42527e+0,1.23507e+2,1.72533e+0,9.92499e-1,7.18584e-1,3.19692e+2,3.85968e+3,6.76603e+3,0,0,0,0,0,3.21557e+1,1.28390e+0,0,0,0,0,0,0,0,0,0,0,0,0,0,0,0,6.39447e+3,2.05332e+3,3.32774e+2,0,0,0,0,4.06272e+0,3.43566e+1,8.08176e+1,8.22168e+1,0,0,0,0,0,5.33501e+3,8.84735e+2,0,5.28452e+1,1.50000e+1,0,0,0,2.65052e+4
"Mexico","MEX","Mexico",1.79112e+0,1.39644e+0,3.26701e+0,3.97746e-4,2.08811e+1,9.66228e-2,3.68968e-1,2.64606e-2,7.74687e+1,4.62668e+1,1.27026e+3,0,0,0,0,0,1.23375e+0,3.08496e-1,0,0,0,0,0,0,0,0,0,0,0,0,0,0,0,2.22276e+3,2.03136e+2,9.97942e+0,0,0,0,0,8.13480e+1,3.06604e+1,5.45470e+1,3.46728e-1,0,0,0,0,0,4.06626e+2,4.84700e+2,0,0,0,0,0,0,4.91747e+3
"Rest Central America","ABW","Aruba",1.55781e-3,0,9.04140e-3,0,1.00761e-2,0,0,6.15921e-8,1.51036e-2,1.06950e-2,2.59765e-3,0,0,0,0,0,0,0,0,0,0,0,0,0,0,0,0,0,0,0,0,0,0,3.39370e-2,4.18740e-3,0,0,0,0,0,0,0,0,0,0,0,0,0,0,4.11665e-1,3.60728e-1,0,0,0,0,0,0,8.59589e-1
"Rest Central America","AIA","Anguilla",1.89990e-4,0,1.10277e-3,0,0,0,0,0,9.91900e-5,9.14500e-2,0,0,0,0,0,0,0,0,0,0,0,0,0,0,0,0,0,0,0,0,0,0,0,0,0,0,0,0,0,0,0,0,0,0,0,0,0,0,0,8.78651e-3,4.05993e-2,0,0,0,0,0,0,1.42228e-1
"Rest Central America","ANT","Netherlands Antilles",0,8.30483e-2,1.60512e-2,1.50725e-3,1.00650e-1,0,0,0,3.07522e-2,2.12040e-2,2.94315e+0,0,0,0,0,0,0,0,0,0,0,0,0,0,0,0,0,0,0,0,0,0,0,1.58508e-1,7.58050e-3,0,0,0,0,0,0,0,0,0,0,0,0,0,0,1.57632e+0,7.70830e-1,0,0,0,0,0,0,5.70960e+0
"Rest Central America","ATG","Antigua and Barbuda",3.66511e-3,0,8.06533e-3,2.13530e-5,1.94090e-2,0,0,2.03100e-6,7.63388e-3,0,1.00183e-2,0,0,0,0,0,0,0,0,0,0,0,0,0,0,0,0,0,0,0,0,0,0,1.07589e+0,2.34231e-2,0,0,0,0,0,0,1.47903e-3,0,0,0,0,0,0,0,3.07212e-1,2.89694e-1,0,0,0,0,0,0,1.74651e+0
"Rest Central America","BHS","Bahamas",1.94552e-2,0,3.80904e-2,9.25380e-4,1.19557e-1,0,1.00665e-3,1.54167e-3,7.94327e-2,8.49710e-2,6.35757e-2,0,0,0,0,0,0,0,0,0,0,0,0,0,0,0,0,0,0,0,0,0,0,1.46688e-1,3.10690e-2,0,0,0,0,0,0,1.86761e-2,0,0,0,0,0,0,0,6.40341e+0,1.31427e+0,0,0,0,0,0,0,8.32267e+0
"Rest Central America","BLZ","Belize",9.13057e-3,0,2.42155e-2,1.83110e-5,6.39587e-2,0,1.72430e-4,2.51446e-4,9.83329e-1,5.63270e-2,1.38245e-2,0,0,0,0,0,0,0,0,0,0,0,0,0,0,0,0,0,0,0,0,0,0,2.87587e+0,1.10914e-1,4.29553e-1,0,0,0,0,8.27016e-1,3.59006e-1,0,0,0,0,0,0,0,9.90801e-1,1.20793e+0,0,0,0,0,0,0,7.95231e+0
"Rest Central America","BMU","Bermuda",5.98315e-3,0,6.89429e-3,8.70114e-5,1.74767e-2,0,2.70734e-4,4.22307e-4,1.38418e-2,0,1.04919e-2,0,0,0,0,0,0,0,0,0,0,0,0,0,0,0,0,0,0,0,0,0,0,6.78757e-2,2.66760e-3,0,0,0,0,0,0,4.78219e-5,0,0,0,0,0,0,0,8.67165e-1,2.69493e-1,0,0,0,0,0,0,1.26272e+0
"Rest Central America","BRB","Barbados",1.03789e-2,1.00483e-3,3.00729e-2,6.59905e-5,5.36707e-2,0,2.37916e-4,3.35179e-4,1.56209e-2,2.69700e-2,5.00437e-1,0,0,0,0,0,0,0,0,0,0,0,0,0,0,0,0,0,0,0,0,0,0,1.64070e+0,8.49610e-2,0,0,0,0,0,0,1.61292e-1,0,0,0,0,0,0,0,1.72416e+0,1.51540e+0,0,0,0,0,0,0,5.76530e+0
"Rest Central America","CRI","Costa Rica",9.61898e-3,0,2.56594e-1,0,4.60467e-1,0,1.40448e-2,0,7.49572e-1,4.57250e-1,7.68451e+0,0,0,0,0,0,0,0,0,0,0,0,0,0,0,0,0,0,0,0,0,0,0,9.09467e+1,2.61032e+0,8.11643e+0,0,0,0,0,1.09901e+0,1.25850e+0,0,0,0,0,0,0,0,7.66273e+0,1.75746e+1,0,0,0,0,0,0,1.38900e+2
"Rest Central America","CUB","Cuba",4.52958e-1,2.63591e-3,3.06669e+0,0,3.89738e-1,0,0,0,2.29746e+1,5.66990e+0,1.93150e+1,0,0,0,0,0,0,0,0,0,0,0,0,0,0,0,0,0,0,0,0,0,0,2.38358e+2,8.49065e+0,6.26160e+1,0,0,0,0,1.18459e+1,1.14678e+1,0,0,0,0,0,0,0,5.98651e+1,5.83908e+1,0,0,0,0,0,0,5.02905e+2
"Rest Central America","CYM","Cayman Islands",4.33530e-3,0,4.21280e-3,1.32070e-5,1.58115e-2,0,0,1.25700e-6,4.10710e-3,0,6.85057e-3,0,0,0,0,0,0,0,0,0,0,0,0,0,0,0,0,0,0,0,0,0,0,7.78915e-2,4.11749e-3,0,0,0,0,0,0,1.11551e-5,0,0,0,0,0,0,0,7.73510e-1,1.67554e-1,0,0,0,0,0,0,1.05842e+0
"Rest Central America","DMA","Dominica",1.82342e-3,0,7.69977e-3,3.11900e-6,1.06732e-2,0,2.77611e-5,4.03458e-5,1.32880e-3,2.26920e-2,1.73751e-3,0,0,0,0,0,0,0,0,0,0,0,0,0,0,0,0,0,0,0,0,0,0,8.94046e-1,2.21270e-2,0,0,0,0,0,0,2.19134e-3,0,0,0,0,0,0,0,4.87106e-1,3.64618e-1,0,0,0,0,0,0,1.81611e+0
"Rest Central America","DOM","Dominican Republic",8.72077e-2,5.43400e-4,4.93783e-1,0,1.02966e+0,0,0,6.64620e-3,1.22541e+1,3.45681e+1,5.29959e-1,0,0,0,0,0,0,0,0,0,0,0,0,0,0,0,0,0,0,0,0,0,0,1.31385e+2,4.31899e+0,3.63011e+1,0,0,0,0,5.89368e-1,1.77913e+0,0,0,0,0,0,0,0,3.72411e+1,3.59348e+1,4.69057e-1,0,0,0,0,0,2.96989e+2
"Rest Central America","GLP","Guadeloupe",1.26741e-2,0,4.61306e-2,3.50775e-4,7.67246e-2,0,0,9.86400e-6,4.67999e-1,1.78591e-1,3.58093e-2,0,0,0,0,0,0,0,0,0,0,0,0,0,0,0,0,0,0,0,0,0,0,4.17662e+0,1.03509e-1,0,0,0,0,0,0,2.37349e-1,0,0,0,0,0,0,0,3.18647e+0,1.98535e+0,0,0,0,0,0,0,1.05076e+1
"Rest Central America","GRD","Grenada",2.79634e-3,0,1.00715e-2,1.92180e-5,1.09191e-2,0,5.61091e-4,9.20520e-4,4.05845e-2,1.00533e-1,2.78353e-3,0,0,0,0,0,0,0,0,0,0,0,0,0,0,0,0,0,0,0,0,0,0,3.41319e-1,1.10087e-2,0,0,0,0,0,0,4.35568e-3,0,0,0,0,0,0,0,3.82610e-1,5.53077e-1,0,0,0,0,0,0,1.46156e+0
"Rest Central America","GTM","Guatemala",4.35749e-1,1.05754e-2,5.27809e-1,0,6.38021e-1,0,0,6.68800e-4,3.99761e+1,2.65205e+0,2.76195e+0,0,0,0,0,0,0,0,0,0,0,0,0,0,0,0,0,0,0,0,0,0,0,1.44292e+2,4.03525e+0,1.74432e+0,0,0,0,0,2.29414e+2,5.71463e+0,4.30032e+2,0,0,0,0,0,0,1.49324e+1,4.59151e+1,0,0,0,0,0,0,9.23082e+2
"Rest Central America","HND","Honduras",4.39614e-3,0,3.24661e-1,0,3.28361e-1,0,0,0,1.40774e+1,2.74350e-1,0,0,0,0,0,0,0,0,0,0,0,0,0,0,0,0,0,0,0,0,0,0,0,1.05245e+2,3.14674e+0,3.76156e-1,0,0,0,0,7.23816e+0,1.65431e+0,0,0,0,0,0,0,0,6.05710e+0,2.54129e+1,0,0,0,0,0,0,1.64139e+2
"Rest Central America","HTI","Haiti",5.90340e-3,0,3.14879e-1,0,8.80751e-2,0,0,1.61766e-2,1.23206e+1,2.17651e+1,0,0,0,0,0,0,0,0,0,0,0,0,0,0,0,0,0,0,0,0,0,0,0,9.62563e+1,4.00178e+0,6.17038e+0,0,0,0,0,2.11344e-2,8.11830e-1,0,0,0,0,0,0,0,1.54408e+1,3.95738e+1,0,0,0,0,0,0,1.96787e+2
"Rest Central America","JAM","Jamaica",1.93838e-1,2.69784e-4,3.49950e-2,2.09000e-5,4.37052e-1,0,0,1.65528e-2,2.99199e+0,8.77920e+0,2.78179e-1,0,0,0,0,0,0,0,0,0,0,0,0,0,0,0,0,0,0,0,0,0,0,2.85958e+1,9.25270e-1,1.54259e-3,0,0,0,0,0,6.16677e-1,0,0,0,0,0,0,0,1.07677e+1,1.18964e+1,0,0,0,0,0,0,6.55355e+1
"Rest Central America","KNA","Saint Kitts and Nevis",1.71906e-3,0,4.05926e-3,3.32501e-5,5.06949e-3,0,1.84664e-4,2.69100e-4,8.93888e-2,0,2.01451e-3,0,0,0,0,0,0,0,0,0,0,0,0,0,0,0,0,0,0,0,0,0,0,3.87477e-1,1.28241e-2,0,0,0,0,0,0,5.69697e-2,0,0,0,0,0,0,0,7.50253e-1,2.40493e-1,0,0,0,0,0,0,1.55076e+0
"Rest Central America","LCA","Saint Lucia",6.02730e-3,0,1.54775e-2,9.35350e-6,2.45415e-2,0,6.15305e-5,8.96586e-5,1.63568e-2,2.80860e-2,6.77563e-3,0,0,0,0,0,0,0,0,0,0,0,0,0,0,0,0,0,0,0,0,0,0,8.54518e-1,3.36680e-2,0,0,0,0,0,0,8.38204e-3,0,0,0,0,0,0,0,1.70267e-1,7.20524e-1,0,0,0,0,0,0,1.88478e+0
"Rest Central America","MSR","Montserrat",5.33626e-4,0,4.23330e-4,4.16949e-6,4.68162e-3,0,2.31802e-3,3.00066e-4,5.99007e-2,0,1.08227e-3,0,0,0,0,0,0,0,0,0,0,0,0,0,0,0,0,0,0,0,0,0,0,6.20505e-1,1.38480e-2,0,0,0,0,0,0,4.62834e-5,0,0,0,0,0,0,0,1.05429e-2,3.99282e-2,0,0,0,0,0,0,7.54114e-1
"Rest Central America","MTQ","Martinique",1.84914e-2,0,4.33114e-2,3.23894e-4,6.90460e-2,0,2.46122e-5,5.04345e-5,5.17502e-2,1.61417e-1,3.82781e-2,0,0,0,0,0,0,0,0,0,0,0,0,0,0,0,0,0,0,0,0,0,0,1.86429e+0,6.35276e-2,0,0,0,0,0,0,6.23004e-2,0,0,0,0,0,0,0,5.03621e+0,1.71778e+0,0,0,0,0,0,0,9.12680e+0
"Rest Central America","NIC","Nicaragua",4.11319e-2,1.86749e-3,3.03524e-1,0,1.84818e-1,0,6.14460e-3,0,1.40398e+1,2.28625e+0,2.20296e-1,0,0,0,0,0,0,0,0,0,0,0,0,0,0,0,0,0,0,0,0,0,0,1.77299e+2,4.53305e+0,1.10118e+1,0,0,0,0,6.72432e+0,1.72159e+0,0,0,0,0,0,0,0,2.21511e+1,2.44711e+1,0,0,0,0,0,0,2.64995e+2
"Rest Central America","PAN","Panama",2.68908e-2,2.54500e-3,1.37188e-1,0,4.73993e-1,0,0,3.54882e-2,5.84425e+0,5.48700e-1,6.07934e-1,0,0,0,0,0,0,0,0,0,0,0,0,0,0,0,0,0,0,0,0,0,0,8.81926e+1,2.19235e+0,1.01574e+1,0,0,0,0,9.07824e-1,7.88796e-1,0,0,0,0,0,0,0,1.00867e+1,1.28241e+1,0,0,0,0,0,0,1.32827e+2
"Rest Central America","PRI","Puerto Rico",0,0,2.27108e-3,0,0,0,5.53782e-5,9.20471e-5,0,0,0,0,0,0,0,0,0,0,0,0,0,0,0,0,0,0,0,0,0,0,0,0,0,2.83029e+1,7.92928e-1,0,0,0,0,0,0,2.09661e-2,0,0,0,0,0,0,0,5.14953e+1,1.94197e+1,0,0,0,0,0,0,1.00034e+2
"Rest Central America","SLV","El Salvador",1.96772e-1,8.36000e-4,2.17832e-1,0,3.19792e-1,0,0,0,1.61555e+1,1.55465e+0,2.65566e-1,0,0,0,0,0,0,0,0,0,0,0,0,0,0,0,0,0,0,0,0,0,0,6.26323e+1,1.88051e+0,9.68276e-1,0,0,0,0,1.91719e-1,2.03683e+0,0,0,0,0,0,0,0,1.86821e+1,2.81107e+1,0,0,0,0,0,0,1.33213e+2
"Rest Central America","TCA","Turks and Caicos Islands",3.28200e-4,0,1.90497e-3,0,0,0,3.14883e-6,4.56069e-6,2.36640e-4,6.94400e-3,0,0,0,0,0,0,0,0,0,0,0,0,0,0,0,0,0,0,0,0,0,0,0,0,0,0,0,0,0,0,0,0,0,0,0,0,0,0,0,8.49327e-2,7.84307e-2,0,0,0,0,0,0,1.72785e-1
"Rest Central America","TTO","Trinidad and Tobago",2.59301e-1,1.03978e-1,3.89994e-2,0,2.54179e-1,0,0,0,6.54155e-1,1.71027e-1,2.04156e+2,0,0,0,0,0,5.72845e+0,0,0,0,0,0,0,0,0,0,0,0,0,0,0,0,0,2.36713e+0,2.73703e-1,2.55122e-1,0,0,0,0,0,3.41836e-1,0,0,0,0,0,0,0,1.00850e+1,3.98681e+1,0,0,0,0,0,0,2.64557e+2
"Rest Central America","VCT","Saint Vincent and the Grenadines",3.85556e-3,0,1.15510e-2,5.90550e-6,9.92794e-3,0,0,5.61000e-7,2.18381e-2,3.05350e-2,3.51879e-3,0,0,0,0,0,0,0,0,0,0,0,0,0,0,0,0,0,0,0,0,0,0,4.74440e-1,2.04160e-2,0,0,0,0,0,0,1.21571e-2,0,0,0,0,0,0,0,5.21123e-1,5.40728e-1,0,0,0,0,0,0,1.65010e+0
"Rest Central America","VGB","Virgin Islands_British",9.49622e-4,0,2.06643e-3,4.03299e-6,4.63488e-3,0,0,0,6.38252e-4,4.03000e-3,1.19605e-3,0,0,0,0,0,0,0,0,0,0,0,0,0,0,0,0,0,0,0,0,0,0,4.96543e-1,2.81092e-2,0,0,0,0,0,0,0,0,0,0,0,0,0,0,1.99294e-1,8.52713e-2,0,0,0,0,0,0,8.22736e-1
"Rest Central America","VIR","Virgin Islands_USA",0,0,0,0,0,0,0,0,0,0,0,0,0,0,0,0,0,0,0,0,0,0,0,0,0,0,0,0,0,0,0,0,0,4.42400e-2,8.57493e-3,0,0,0,0,0,0,9.59353e-2,0,0,0,0,0,0,0,1.20456e+0,4.86720e-1,0,0,0,0,0,0,1.84003e+0
"Brazil","BRA","Brazil",2.27110e+0,7.85120e+0,2.74261e+1,6.75540e-2,1.93756e+1,7.07172e-2,2.74319e-1,0,1.10695e+2,6.09372e+2,5.44124e+2,0,0,0,0,0,2.25407e+0,2.68616e+0,0,0,0,0,0,0,0,0,0,0,0,0,0,0,0,1.07580e+4,2.50433e+2,2.53307e+2,0,0,0,0,2.64912e+2,1.63579e+2,7.48926e+2,5.83104e+0,0,0,0,0,0,7.30776e+2,1.82106e+3,8.25292e+0,3.04722e+0,0,0,0,0,1.63346e+4
"Rest South America","ARG","Argentina",1.08331e+0,5.30915e-1,3.43638e+0,3.85813e-2,1.01005e+1,0,1.64123e-2,3.71788e-2,7.16381e+0,2.56984e+1,7.32198e+2,0,0,0,0,0,2.51964e-1,1.12840e-1,0,0,0,0,0,0,0,0,0,0,0,0,0,0,0,3.27387e+3,5.98604e+1,2.24270e+1,0,0,0,0,1.07662e+1,4.41269e+1,1.69470e+1,7.72272e+1,0,0,0,0,0,1.69250e+2,2.69339e+2,0,0,0,0,0,0,4.72448e+3
"Rest South America","BOL","Bolivia",1.04255e-1,4.03176e-2,5.43759e-1,2.78422e-3,4.22816e-1,1.04251e-3,3.80999e-3,0,7.90123e+0,2.01190e+0,1.40135e+2,0,0,0,0,0,0,0,0,0,0,0,0,0,0,0,0,0,0,0,0,0,0,4.29607e+2,1.17889e+1,1.91044e+1,0,0,0,0,4.16184e+1,3.10550e+0,2.29024e+2,0,0,0,0,0,0,1.72980e+1,3.85124e+1,0,0,0,0,0,0,9.41226e+2
"Rest South America","BVT","Bouvet Island",0,0,0,0,0,0,0,0,0,0,0,0,0,0,0,0,0,0,0,0,0,0,0,0,0,0,0,0,0,0,0,0,0,0,0,0,0,0,0,0,0,0,0,0,0,0,0,0,0,0,0,0,0,0,0,0,0,0,
"Rest South America","CHL","Chile",7.34078e-1,1.11813e-1,2.09652e+0,1.21429e-2,2.45235e+0,3.29593e-3,2.76507e-1,0,3.56235e+1,2.85629e+1,1.32790e+2,0,0,0,0,0,5.29500e+0,7.60210e-3,0,0,0,0,0,0,0,0,0,0,0,0,0,0,0,3.12716e+2,1.04148e+1,3.06146e+0,0,0,0,0,3.02376e-3,1.97418e+0,1.97347e-1,1.37921e+0,0,0,0,0,0,4.72030e+1,2.21220e+2,0,0,0,0,0,0,8.06135e+2
"Rest South America","COL","Colombia",3.21598e-1,3.06861e-1,3.21903e+0,8.58294e-4,4.89219e+0,3.37953e-3,4.65234e-2,0,3.14311e+1,1.39068e+2,3.31847e+2,0,0,0,0,0,8.58948e-3,2.82800e-2,0,0,0,0,0,0,0,0,0,0,0,0,0,0,0,1.55072e+3,3.79877e+1,1.07562e+2,0,0,0,0,3.75024e+1,1.25986e+1,8.41024e+1,0,0,0,0,0,0,8.77017e+1,1.95346e+2,0,0,0,0,0,0,2.62469e+3
"Rest South America","ECU","Ecuador",1.69225e-2,4.62739e-2,4.77481e-1,8.36000e-5,1.72196e+0,0,8.74874e-2,0,9.74026e+0,9.98544e+0,1.14799e+2,0,0,0,0,0,7.47000e-5,0,0,0,0,0,0,0,0,0,0,0,0,0,0,0,0,2.91044e+2,9.93384e+0,8.76003e+1,0,0,0,0,6.70896e+0,3.12843e+0,7.93764e-1,0,0,0,0,0,0,2.10387e+1,5.47944e+1,0,0,0,0,0,0,6.11917e+2
"Rest South America","FLK","Falkland Islands (Malvinas)",5.56605e-4,0,3.27483e-4,4.20301e-6,7.83719e-4,0,2.15361e-5,3.13812e-5,3.77654e-4,1.03230e-2,5.31882e-4,0,0,0,0,0,0,0,0,0,0,0,0,0,0,0,0,0,0,0,0,0,0,3.85922e+0,7.65571e-2,0,0,0,0,0,0,0,0,0,0,0,0,0,0,2.01101e-2,1.70125e-2,9.44216e-5,1.74317e-5,0,0,0,0,3.98597e+0
"Rest South America","GUF","French Guiana",6.28293e-3,0,1.92382e-2,2.55461e-4,2.00961e-2,0,1.86818e-5,2.72220e-5,3.01872e-1,3.52997e-1,1.80334e-2,0,0,0,0,0,0,0,0,0,0,0,0,0,0,0,0,0,0,0,0,0,0,5.42357e-1,3.14128e-2,1.04185e+0,0,0,0,0,0,2.18133e-2,7.87848e-1,0,0,0,0,0,0,8.66340e-1,7.87974e-1,2.75653e-3,5.08900e-4,0,0,0,0,4.80168e+0
"Rest South America","GUY","Guyana",2.85497e-2,0,7.69810e-2,1.24700e-4,5.60435e-2,0,0,5.82000e-7,3.08623e+0,1.82776e-1,3.09313e-2,0,0,0,0,0,0,0,0,0,0,0,0,0,0,0,0,0,0,0,0,0,0,7.49417e+0,4.05237e-1,3.12373e+1,0,0,0,0,6.64776e-2,1.21827e+0,2.06992e+0,0,0,0,0,0,0,1.40275e+0,4.03913e+0,4.45266e-3,8.22028e-4,0,0,0,0,5.14002e+1
"Rest South America","PER","Peru",1.29214e-1,7.48516e-2,3.87862e-1,4.18000e-5,1.29972e+0,0,1.75560e-2,0,2.67046e+1,8.27968e+0,3.58626e+1,0,0,0,0,0,3.00000e-4,2.78070e-1,0,0,0,0,0,0,0,0,0,0,0,0,0,0,0,3.65802e+2,1.19772e+1,8.11860e+1,0,0,0,0,1.82196e+1,4.81240e+0,4.96998e+1,0,0,0,0,0,0,5.74601e+1,1.16502e+2,0,0,0,0,0,0,7.78694e+2
"Rest South America","PRY","Paraguay",0,0,1.83532e+0,0,2.78870e-1,8.77800e-3,0,5.01600e-4,1.79891e+1,1.46320e+1,2.70792e-2,0,0,0,0,0,0,0,0,0,0,0,0,0,0,0,0,0,0,0,0,0,0,5.46083e+2,1.26429e+1,3.12079e+0,0,0,0,0,2.59848e+1,3.55994e+0,4.44412e+1,6.72840e+0,0,0,0,0,0,1.95940e+1,2.61340e+1,0,0,0,0,0,0,7.23061e+2
"Rest South America","SGS","South Georgia and the South Sandwich Islands",0,0,0,0,0,0,0,0,0,0,0,0,0,0,0,0,0,0,0,0,0,0,0,0,0,0,0,0,0,0,0,0,0,0,0,0,0,0,0,0,0,0,0,0,0,0,0,0,0,0,0,0,0,0,0,0,0,0,
"Rest South America","SUR","Suriname",1.69565e-2,0,4.82792e-2,7.23384e-5,4.28165e-2,0,4.29380e-4,6.06688e-4,1.69167e-1,5.48700e-1,3.33258e-2,0,0,0,0,0,0,0,0,0,0,0,0,0,0,0,0,0,0,0,0,0,0,6.32372e+0,2.46750e-1,1.27054e+1,0,0,0,0,0,1.55980e-1,4.82644e+0,0,0,0,0,0,0,1.89481e+0,2.40672e+0,6.02315e-3,1.11196e-3,0,0,0,0,2.94273e+1
"Rest South America","URY","Uruguay",1.00250e-2,6.64781e-3,1.61139e-1,1.67370e-4,3.82851e-1,0,0,0,3.94738e+0,9.14500e-2,2.74430e+0,0,0,0,0,0,0,2.20000e-4,0,0,0,0,0,0,0,0,0,0,0,0,0,0,0,7.50054e+2,1.37306e+1,5.59663e+1,0,0,0,0,0,1.24756e+0,0,0,0,0,0,0,0,2.06995e+1,1.68156e+1,0,0,0,0,0,0,8.65858e+2
"Rest South America","VEN","Venezuela",3.38471e-1,1.72680e+0,1.15573e+0,0,1.02459e+1,1.90817e-3,0,4.09640e-3,9.66610e+0,1.37600e+2,1.21232e+3,0,0,0,0,0,3.52460e+0,1.56548e-1,0,0,0,0,0,0,0,0,0,0,0,0,0,0,0,9.60936e+2,2.59783e+1,1.63753e+1,0,0,0,0,4.84776e+1,4.44699e+0,7.10940e+1,0,0,0,0,0,0,1.14234e+2,1.40451e+2,0,0,0,0,0,0,2.75873e+3
"Northern_Africa","DZA","Algeria",7.65773e-1,6.07288e-1,1.61661e-1,0,2.21089e+0,0,0,3.07730e-2,2.58628e+1,5.06307e+1,1.66752e+3,0,0,0,0,0,2.35652e-1,1.12070e-1,0,0,0,0,0,0,0,0,0,0,0,0,0,0,0,1.92838e+2,7.86846e+0,2.54516e-2,0,0,0,0,0,4.20680e-2,0,0,0,0,0,0,0,7.97599e+1,1.16699e+2,0,0,0,0,0,0,2.14537e+3
"Northern_Africa","EGY","Egypt",8.32870e-1,3.19060e-1,1.69303e+0,9.65580e-3,3.14113e+0,0,2.21206e-1,0,5.88913e+1,1.12669e+2,5.45967e+2,0,0,0,0,0,9.57000e-3,2.06120e-1,0,0,0,0,0,0,0,0,0,0,0,0,0,0,0,4.16637e+2,1.34288e+1,2.00358e+2,0,0,0,0,0,5.77853e-1,0,0,0,0,0,0,0,1.31536e+2,2.25718e+2,0,0,0,0,0,0,1.71221e+3
"Northern_Africa","ESH","Western Sahara",9.02666e-4,5.82577e-5,1.29530e-2,7.02860e-5,7.20809e-3,2.77220e-6,0,0,2.20967e-2,0,6.86467e-3,0,0,0,0,0,0,0,0,0,0,0,0,0,0,0,0,0,0,0,0,0,0,1.01624e+1,2.81925e-1,0,0,0,0,0,0,7.08210e-5,0,0,0,0,0,0,0,3.71652e-1,1.29639e+0,0,0,0,0,0,0,1.21626e+1
"Northern_Africa","LBY","Libyan Arab Jamahiriya",2.50275e-1,1.85660e-1,8.16354e-2,6.28019e-5,2.74689e+0,0,0,0,2.16226e+0,8.12011e+0,5.20886e+2,0,0,0,0,0,1.39590e+0,0,0,0,0,0,0,0,0,0,0,0,0,0,0,0,0,3.62400e+1,1.64435e+0,0,0,0,0,0,0,1.04352e-2,0,0,0,0,0,0,0,2.45519e+1,2.51626e+1,0,0,0,0,0,0,6.23438e+2
"Northern_Africa","MAR","Morocco",5.69865e-2,6.18640e-3,3.90997e-1,0,3.61912e-1,0,5.18745e-2,0,3.95849e+0,8.66621e+0,5.86026e+0,0,0,0,0,0,0,0,0,0,0,0,0,0,0,0,0,0,0,0,0,0,0,2.46279e+2,1.00256e+1,7.12646e-1,0,0,0,0,0,1.41108e-1,0,0,0,0,0,0,0,6.03233e+1,1.20322e+2,0,0,0,0,0,0,4.57156e+2
"Northern_Africa","TUN","Tunisia",3.40206e-1,2.80581e-3,1.09892e-1,0,4.59193e-1,0,0,7.52400e-4,8.90409e+0,1.50892e+1,1.35646e+2,0,0,0,0,0,0,1.67300e-2,0,0,0,0,0,0,0,0,0,0,0,0,0,0,0,9.65998e+1,4.48871e+0,0,0,0,0,0,0,4.72028e-2,0,0,0,0,0,0,0,2.95217e+1,3.65493e+1,0,0,0,0,0,0,3.27776e+2
"Western_Africa","BEN","Benin",1.63285e-3,0,1.17667e-2,0,2.83387e-1,0,0,0,2.27040e+1,1.59123e+1,0,0,0,0,0,0,0,0,0,0,0,0,0,0,0,0,0,0,0,0,0,0,0,5.55538e+1,2.49167e+0,2.96512e+0,0,0,0,0,3.77448e+1,5.92309e-1,3.89776e+1,0,0,0,0,0,0,6.66530e+0,3.05616e+1,0,0,0,0,0,0,2.14465e+2
"Western_Africa","BFA","Burkina Faso",1.93683e-3,1.03883e-4,4.52162e-1,9.75456e-4,7.84611e-2,4.94680e-6,0,0,2.83056e+1,1.02424e+1,3.07251e-2,0,0,0,0,0,0,0,0,0,0,0,0,0,0,0,0,0,0,0,0,0,0,2.85966e+2,1.37268e+1,5.11578e+0,0,0,0,0,3.74856e+1,8.21967e-1,0,0,0,0,0,0,0,4.23389e+0,4.40013e+1,0,0,0,0,0,0,4.30464e+2
"Western_Africa","CAF","Central African Republic",5.64145e-4,3.63457e-5,1.50852e-1,3.68166e-4,2.99844e-2,1.73055e-6,0,0,7.81235e+0,1.92045e+0,9.01265e-3,0,0,0,0,0,0,0,0,0,0,0,0,0,0,0,0,0,0,0,0,0,0,1.36878e+2,4.39500e+0,1.78162e+0,0,0,0,0,8.17056e+2,1.75435e-1,2.76862e+2,0,0,0,0,0,0,6.31095e+0,1.62976e+1,0,0,0,0,0,0,1.26968e+3
"Western_Africa","CIV","Cote d'Ivoire",1.29770e-1,7.72483e-3,2.95526e-2,0,1.37683e-1,4.51022e-3,1.81412e-2,0,3.57738e+1,6.52953e+1,2.46385e+1,0,0,0,0,0,0,0,0,0,0,0,0,0,0,0,0,0,0,0,0,0,0,6.74188e+1,2.85776e+0,1.11796e+1,0,0,0,0,2.15731e+1,9.29015e-1,3.47453e+2,0,0,0,0,0,0,3.23922e+1,6.81098e+1,0,0,0,0,0,0,6.77948e+2
"Western_Africa","CMR","Cameroon",1.38164e-3,0,1.03204e+0,0,3.90877e-1,0,0,0,3.40247e+1,9.05355e+0,7.33600e+1,0,0,0,0,0,0,0,0,0,0,0,0,0,0,0,0,0,0,0,0,0,0,2.51903e+2,9.26586e+0,2.59607e+0,0,0,0,0,1.44137e+2,6.50604e-1,1.23672e+2,0,0,0,0,0,0,3.30836e+1,7.12531e+1,0,0,0,0,0,0,7.54424e+2
"Western_Africa","COD","Congo_the Democratic Republic of the",5.02416e-4,2.93076e-4,4.10308e+0,0,1.47874e-1,0,0,0,2.35037e+2,1.33534e+1,4.06260e+0,0,0,0,0,0,0,0,0,0,0,0,0,0,0,0,0,0,0,0,0,0,0,5.17447e+0,2.33864e-1,5.68844e+1,0,0,0,0,6.23544e+2,3.58348e+0,1.83314e+3,0,0,0,0,0,0,5.32953e+1,2.00543e+2,0,0,0,0,0,0,3.03310e+3
"Western_Africa","COG","Congo",0,0,1.25400e-4,8.36000e-4,6.34005e-2,0,0,0,5.17918e+0,4.73711e+1,1.34747e+2,0,0,0,0,0,0,0,0,0,0,0,0,0,0,0,0,0,0,0,0,0,0,5.69899e+1,3.15911e+0,2.36700e-1,0,0,0,0,1.34105e+1,1.52071e-1,1.00531e+2,0,0,0,0,0,0,7.00340e+0,1.44697e+1,0,0,0,0,0,0,3.83314e+2
"Western_Africa","CPV","Cape Verde",7.21255e-4,4.64551e-5,1.82217e-2,1.13027e-4,1.23439e-2,2.21195e-6,0,0,5.78550e-2,3.93700e-3,6.17063e-3,0,0,0,0,0,0,0,0,0,0,0,0,0,0,0,0,0,0,0,0,0,0,1.74064e+0,5.74410e-1,0,0,0,0,0,0,2.17563e-2,0,0,0,0,0,0,0,9.14035e-1,1.92258e+0,0,0,0,0,0,0,5.27283e+0
"Western_Africa","GAB","Gabon",2.69211e-2,1.50480e-3,2.43610e-1,0,4.87259e-2,0,0,0,1.87970e+0,1.41475e+0,1.71177e+2,0,0,0,0,0,0,0,0,0,0,0,0,0,0,0,0,0,0,0,0,0,0,2.88882e+0,3.63331e-1,6.36292e-2,0,0,0,0,2.89608e-2,4.32017e-2,2.11766e+0,0,0,0,0,0,0,7.80740e+0,6.27614e+0,0,0,0,0,0,0,1.94382e+2
"Western_Africa","GHA","Ghana",2.26087e-2,1.63020e-3,4.84838e-1,0,7.11470e-1,4.51022e-3,8.77800e-3,0,7.73510e+1,5.36811e+1,3.05334e-1,0,0,0,0,0,0,0,0,0,0,0,0,0,0,0,0,0,0,0,0,0,0,7.27354e+1,3.39770e+0,1.46347e+1,0,0,0,0,1.00298e+2,1.05321e+0,1.36585e+1,0,0,0,0,0,0,3.38405e+1,8.62828e+1,0,0,0,0,0,0,4.58472e+2
"Western_Africa","GIN","Guinea",1.98268e-3,9.67282e-5,3.42605e-1,7.15833e-4,9.92629e-2,4.60235e-6,0,0,4.14824e+1,2.52942e+1,3.37308e-2,0,0,0,0,0,0,0,0,0,0,0,0,0,0,0,0,0,0,0,0,0,0,9.17976e+1,3.53767e+0,5.31473e+1,0,0,0,0,7.53192e+1,6.55089e-1,8.13892e+1,0,0,0,0,0,0,1.22869e+1,3.44819e+1,0,0,0,0,0,0,4.19870e+2
"Western_Africa","GMB","Gambia",8.19050e-4,5.31698e-5,5.27046e-2,1.23657e-4,3.51536e-2,2.53150e-6,0,0,2.25937e+0,4.27986e+0,7.39009e-3,0,0,0,0,0,0,0,0,0,0,0,0,0,0,0,0,0,0,0,0,0,0,1.36399e+1,5.22373e-1,1.95978e+0,0,0,0,0,5.34312e+0,4.04040e-2,0,0,0,0,0,0,0,1.51709e+0,4.71390e+0,0,0,0,0,0,0,3.43721e+1
"Western_Africa","GNB","Guinea-Bissau",6.70825e-4,4.06534e-5,5.55514e-2,1.85371e-4,2.07664e-2,1.93390e-6,0,0,1.77396e+0,4.57250e-2,9.42665e-3,0,0,0,0,0,0,0,0,0,0,0,0,0,0,0,0,0,0,0,0,0,0,1.93255e+1,1.02047e+0,9.50619e+0,0,0,0,0,6.67608e+0,1.24051e-1,0,0,0,0,0,0,0,1.44572e+0,5.75958e+0,0,0,0,0,0,0,4.57639e+1
"Western_Africa","GNQ","Equatorial Guinea",3.64655e-4,6.10382e-5,1.81708e-2,2.06418e-4,1.54364e-2,2.90500e-6,0,0,1.61127e+0,6.10886e-1,7.44866e+1,0,0,0,0,0,0,0,0,0,0,0,0,0,0,0,0,0,0,0,0,0,0,3.85876e-1,2.48730e-2,0,0,0,0,0,0,1.86946e-2,0,0,0,0,0,0,0,1.10829e+0,1.98022e+0,0,0,0,0,0,0,8.02610e+1
"Western_Africa","LBR","Liberia",1.09725e-3,5.45850e-5,1.23874e-1,1.80255e-4,2.87296e-2,2.59790e-6,0,0,1.68399e+1,1.39553e+1,1.20671e-2,0,0,0,0,0,0,0,0,0,0,0,0,0,0,0,0,0,0,0,0,0,0,3.46574e+0,3.21592e-1,1.72800e+0,0,0,0,0,2.07775e+0,1.82320e-1,1.52497e-1,0,0,0,0,0,0,4.13762e+0,1.20042e+1,0,0,0,0,0,0,5.50309e+1
"Western_Africa","MLI","Mali",1.82186e-3,9.54500e-5,4.64836e-1,2.53695e-4,6.63143e-2,4.54425e-6,0,0,1.89733e+1,8.80846e+0,1.58343e-2,0,0,0,0,0,0,0,0,0,0,0,0,0,0,0,0,0,0,0,0,0,0,3.33880e+2,1.30208e+1,4.49221e+1,0,0,0,0,5.81712e+1,8.66958e-1,2.12038e+1,0,0,0,0,0,0,7.35741e+0,4.87348e+1,0,0,0,0,0,0,5.56488e+2
"Western_Africa","MRT","Mauritania",5.36546e-3,2.58254e-4,1.20116e-1,1.73369e-3,3.00399e-1,1.22964e-5,0,0,5.57556e+0,1.19708e+1,9.77495e-2,0,0,0,0,0,0,0,0,0,0,0,0,0,0,0,0,0,0,0,0,0,0,1.80284e+2,8.03145e+0,2.29065e+0,0,0,0,0,1.33442e-2,1.28529e-1,0,0,0,0,0,0,0,4.26798e+0,1.24092e+1,0,0,0,0,0,0,2.25497e+2
"Western_Africa","NER","Niger",4.11085e-3,1.77570e-4,4.71671e-1,1.21983e-4,5.42161e-2,8.45355e-6,0,0,2.99701e+1,3.92417e+1,2.04462e-2,0,0,0,0,0,0,0,0,0,0,0,0,0,0,0,0,0,0,0,0,0,0,1.58395e+2,7.05992e+0,2.79968e+0,0,0,0,0,1.81999e+0,1.24830e+0,0,0,0,0,0,0,0,4.84496e+0,4.56467e+1,0,0,0,0,0,0,2.91577e+2
"Western_Africa","NGA","Nigeria",2.27866e-1,3.03841e-1,9.27492e+0,0,5.01695e+0,6.76533e-3,1.14114e-2,0,2.30137e+2,8.19628e+1,1.81461e+3,0,0,0,0,0,1.50000e-4,0,0,0,0,0,0,0,0,0,0,0,0,0,0,0,0,7.65767e+2,3.48627e+1,2.55404e+2,0,0,0,0,1.20830e+2,1.08983e+1,1.74454e+1,0,0,0,0,0,0,9.04181e+1,5.02894e+2,0,0,0,0,0,0,3.94007e+3
"Western_Africa","SEN","Senegal",1.06263e-1,3.76200e-4,1.97714e-2,0,1.04437e-1,0,1.05336e-2,0,2.06315e+1,3.00870e+1,9.41339e-1,0,0,0,0,0,0,0,0,0,0,0,0,0,0,0,0,0,0,0,0,0,0,1.60073e+2,7.21136e+0,1.09824e+1,0,0,0,0,4.29048e+1,2.87965e-1,0,0,0,0,0,0,0,1.57257e+1,4.79394e+1,0,0,0,0,0,0,3.37025e+2
"Western_Africa","SHN","Saint Helena",0,0,1.96713e-4,0,1.87372e-3,0,0,0,3.09140e-4,0,5.02140e-4,0,0,0,0,0,0,0,0,0,0,0,0,0,0,0,0,0,0,0,0,0,0,4.44892e-2,4.17493e-3,0,0,0,0,0,0,0,0,0,0,0,0,0,0,1.50107e-2,2.65688e-2,0,0,0,0,0,0,9.31253e-2
"Western_Africa","SLE","Sierra Leone",2.68168e-3,1.30302e-4,1.83223e-1,4.41677e-4,3.65974e-2,6.20425e-6,0,0,1.92211e+1,2.71524e+1,2.51962e-2,0,0,0,0,0,0,0,0,0,0,0,0,0,0,0,0,0,0,0,0,0,0,1.51621e+1,7.10621e-1,1.35420e+1,0,0,0,0,8.82552e+0,2.36145e-1,1.74250e+0,0,0,0,0,0,0,4.87643e+0,2.05066e+1,0,0,0,0,0,0,1.12224e+2
"Western_Africa","STP","Sao Tome and Principe",4.03915e-4,2.60537e-5,5.68818e-3,3.44269e-5,6.44362e-3,1.23670e-6,0,0,2.38241e-2,6.66314e-1,2.52229e-3,0,0,0,0,0,0,0,0,0,0,0,0,0,0,0,0,0,0,0,0,0,0,2.06519e-1,1.80695e-2,0,0,0,0,0,0,1.64847e-3,0,0,0,0,0,0,0,2.64813e-1,5.63318e-1,0,0,0,0,0,0,1.75963e+0
"Western_Africa","TCD","Chad",5.10434e-4,3.17516e-5,3.27547e-1,5.56160e-5,7.40877e-3,1.51060e-6,0,0,2.22521e+1,2.84382e+1,5.49917e-3,0,0,0,0,0,0,0,0,0,0,0,0,0,0,0,0,0,0,0,0,0,0,2.66484e+2,1.02633e+1,1.14023e+1,0,0,0,0,1.87214e+2,5.19560e-1,0,0,0,0,0,0,0,4.69928e+0,3.17914e+1,0,0,0,0,0,0,5.63405e+2
"Western_Africa","TGO","Togo",4.14255e-3,0,1.02828e-2,0,8.67620e-2,0,0,0,2.23901e+1,4.10611e+1,0,0,0,0,0,0,0,0,0,0,0,0,0,0,0,0,0,0,0,0,0,0,0,2.44920e+1,1.45161e+0,4.12316e+0,0,0,0,0,2.98248e+1,4.03300e-1,1.25283e+1,0,0,0,0,0,0,5.51200e+0,2.19009e+1,0,0,0,0,0,0,1.63788e+2
"Eastern_Africa","BDI","Burundi",5.99403e-4,3.22289e-5,2.59108e-1,2.53149e-4,2.73860e-2,1.53135e-6,0,0,1.96971e+1,5.48700e+0,1.08348e-2,0,0,0,0,0,0,0,0,0,0,0,0,0,0,0,0,0,0,0,0,0,0,1.55015e+1,6.31750e-1,2.16339e+0,0,0,0,0,0,3.44679e-1,0,0,0,0,0,0,0,9.13664e-1,2.66216e+1,0,0,0,0,0,0,7.16589e+1
"Eastern_Africa","COM","Comoros",1.12337e-4,1.67702e-5,2.79572e-2,9.74649e-5,6.38201e-3,7.96800e-7,0,0,5.52977e-2,2.69229e+0,2.63450e-3,0,0,0,0,0,0,0,0,0,0,0,0,0,0,0,0,0,0,0,0,0,0,2.34449e+0,1.10544e-1,1.78162e+0,0,0,0,0,0,1.33633e-2,0,0,0,0,0,0,0,7.25053e-1,2.90186e+0,0,0,0,0,0,0,1.06617e+1
"Eastern_Africa","DJI","Djibouti",1.86726e-3,1.17449e-4,4.08657e-2,3.02898e-4,2.51737e-2,5.59005e-6,0,0,8.57502e-2,3.57662e+0,4.58134e-2,0,0,0,0,0,0,0,0,0,0,0,0,0,0,0,0,0,0,0,0,0,0,1.72467e+1,6.89309e-1,0,0,0,0,0,0,1.94646e-6,0,0,0,0,0,0,0,1.53373e+0,3.45124e+0,0,0,0,0,0,0,2.66975e+1
"Eastern_Africa","ERI","Eritrea",2.32361e-3,0,1.50480e-3,0,3.38810e-2,0,0,0,8.69348e+0,6.95020e+0,0,0,0,0,0,0,0,0,0,0,0,0,0,0,0,0,0,0,0,0,0,0,0,8.86577e+1,3.00920e+0,0,0,0,0,0,3.49800e+0,8.98211e-2,0,0,0,0,0,0,0,1.32161e+0,1.54682e+1,0,0,0,0,0,0,1.27726e+2
"Eastern_Africa","ETH","Ethiopia",7.53624e-4,0,3.19770e-2,0,2.32176e-1,0,0,0,3.20283e+2,1.78328e+1,0,0,0,0,0,0,0,0,0,0,0,0,0,0,0,0,0,0,0,0,0,0,0,1.28202e+3,4.70440e+1,0,0,0,0,0,2.47992e+2,7.17924e+0,0,0,0,0,0,0,0,1.80456e+1,2.58950e+2,0,0,0,0,0,0,2.19961e+3
"Eastern_Africa","KEN","Kenya",4.62192e-1,1.06080e-2,4.40154e-2,9.67144e-3,4.11697e-1,4.68369e-3,2.92600e-4,0,8.66923e+1,2.19480e+2,5.33666e-1,0,0,0,0,0,0,0,0,0,0,0,0,0,0,0,0,0,0,0,0,0,0,5.71320e+2,1.80465e+1,1.76889e+0,0,0,0,0,5.38176e+0,7.97171e-1,0,0,0,0,0,0,0,1.70620e+1,1.39081e+2,0,0,0,0,0,0,1.06111e+3
"Eastern_Africa","MDG","Madagascar",5.34185e-3,3.40279e-4,6.49352e-1,1.20901e-3,1.32675e-1,1.62016e-5,0,0,3.70052e+1,5.89853e+1,4.98779e-2,0,0,0,0,0,0,0,0,0,0,0,0,0,0,0,0,0,0,0,0,0,0,3.58956e+2,1.27928e+1,1.87840e+2,0,0,0,0,6.68088e+1,9.16527e-1,5.11598e+1,3.18984e+0,0,0,0,0,0,1.06093e+1,6.27839e+1,0,0,0,0,0,0,8.51886e+2
"Eastern_Africa","MUS","Mauritius",6.86605e-3,3.84485e-4,5.99778e-2,3.74431e-4,1.01170e-1,1.83056e-5,0,0,7.71316e-1,9.14500e-3,8.14035e-2,0,0,0,0,0,0,0,0,0,0,0,0,0,0,0,0,0,0,0,0,0,0,1.79898e+0,2.12493e-1,0,0,0,0,0,0,1.01184e-1,0,0,0,0,0,0,0,3.40623e+0,5.19248e+0,0,0,0,0,0,0,1.17420e+1
"Eastern_Africa","MYT","Mayotte",0,0,0,0,0,0,0,0,0,0,0,0,0,0,0,0,0,0,0,0,0,0,0,0,0,0,0,0,0,0,0,0,0,0,0,0,0,0,0,0,0,0,0,0,0,0,0,0,0,1.85534e-1,3.61016e-1,0,0,0,0,0,0,5.46550e-1
"Eastern_Africa","REU","Reunion",4.89263e-3,3.01730e-4,3.40466e-2,1.49648e-3,1.08414e-1,1.43673e-5,0,0,2.53168e-1,0,7.27138e-2,0,0,0,0,0,0,0,0,0,0,0,0,0,0,0,0,0,0,0,0,0,0,1.61926e+0,3.96984e-1,5.09033e-3,0,0,0,0,0,3.91593e-2,0,0,0,0,0,0,0,3.87909e+0,4.45782e+0,0,0,0,0,0,0,1.08724e+1
"Eastern_Africa","RWA","Rwanda",2.07499e-3,1.25168e-4,3.21277e-1,4.76522e-4,5.02238e-2,5.95940e-6,0,0,1.86314e+1,4.38960e+0,1.25396e-1,0,0,0,0,0,0,0,0,0,0,0,0,0,0,0,0,0,0,0,0,0,0,2.90099e+1,1.10199e+0,5.43393e-1,0,0,0,0,1.67633e+0,5.10490e-1,0,0,0,0,0,0,0,1.07139e+0,3.85639e+1,0,0,0,0,0,0,9.59979e+1
"Eastern_Africa","SDN","Sudan",1.39324e-2,4.89060e-3,1.28020e+0,0,4.20103e-1,2.25511e-3,5.85200e-4,0,7.89473e+1,2.12713e+2,2.37842e+1,0,0,0,0,0,0,0,0,0,0,0,0,0,0,0,0,0,0,0,0,0,0,1.77260e+3,6.34465e+1,6.94830e-1,0,0,0,0,7.05336e+2,1.44476e+0,0,0,0,0,0,0,0,5.81615e+1,1.48126e+2,0,0,0,0,0,0,3.06697e+3
"Eastern_Africa","SOM","Somalia",8.85015e-4,9.43337e-5,2.80491e-1,4.65498e-4,4.36093e-2,4.49030e-6,0,0,3.33620e+1,5.95395e+1,1.97106e-2,0,0,0,0,0,0,0,0,0,0,0,0,0,0,0,0,0,0,0,0,0,0,5.56135e+2,2.46879e+1,0,0,0,0,0,6.71928e-1,1.45272e-1,0,0,0,0,0,0,0,4.85923e+0,3.35546e+1,0,0,0,0,0,0,7.13301e+2
"Eastern_Africa","SYC","Seychelles",2.36150e-3,1.53289e-4,5.06829e-3,2.43499e-7,1.20879e-2,7.29570e-6,0,0,2.59854e-2,0,1.56899e-2,0,0,0,0,0,0,0,0,0,0,0,0,0,0,0,0,0,0,0,0,0,0,9.84682e-2,5.92688e-2,0,0,0,0,0,0,5.05440e-6,0,0,0,0,0,0,0,3.61788e-1,3.55778e-1,0,0,0,0,0,0,9.36662e-1
"Eastern_Africa","UGA","Uganda",3.26385e-3,2.11874e-4,9.70807e-1,4.59818e-4,1.29686e-1,1.00887e-5,0,0,1.23509e+2,6.52386e+1,3.52566e-2,0,0,0,0,0,0,0,0,0,0,0,0,0,0,0,0,0,0,0,0,0,0,2.59423e+2,9.34356e+0,9.16260e+0,0,0,0,0,8.45736e+1,2.01438e+0,0,0,0,0,0,0,0,5.58499e+0,8.79330e+1,0,0,0,0,0,0,6.47922e+2
"Southern_Africa","AGO","Angola",9.06863e-3,6.14875e-3,1.70325e-1,0,1.92159e-1,0,0,0,1.72758e+1,7.78239e+1,3.92166e+2,0,0,0,0,0,0,0,0,0,0,0,0,0,0,0,0,0,0,0,0,0,0,1.77114e+2,5.40169e+0,5.45938e-1,0,0,0,0,1.66222e+0,2.47608e-1,4.12644e+0,0,0,0,0,0,0,1.56436e+1,5.80102e+1,0,0,0,0,0,0,7.50395e+2
"Southern_Africa","BWA","Botswana",1.01898e-2,5.30951e-5,1.51827e-1,1.12482e-4,2.34668e-1,1.63551e-5,0,0,2.77709e+0,1.83060e+1,1.25153e-2,0,0,0,0,0,0,0,0,0,0,0,0,0,0,0,0,0,0,0,0,0,0,1.22822e+2,3.30787e+0,0,0,0,0,0,2.78256e+1,4.64332e-2,0,3.33312e-1,0,0,0,0,0,4.33851e+0,7.51052e+0,0,0,0,0,0,0,1.87677e+2
"Southern_Africa","LSO","Lesotho",3.87523e-4,2.51532e-5,7.17159e-2,2.16442e-4,2.30074e-2,1.19520e-6,0,0,7.27825e+0,7.17700e+0,5.77104e-3,0,0,0,0,0,0,0,0,0,0,0,0,0,0,0,0,0,0,0,0,0,0,2.42296e+1,5.23886e-1,0,0,0,0,0,0,4.69652e-2,0,6.29976e+0,0,0,0,0,0,1.31218e+0,7.74332e+0,0,0,0,0,0,0,5.47121e+1
"Southern_Africa","MOZ","Mozambique",1.60010e-3,0,7.04361e-1,0,9.52510e-2,0,7.02240e-3,0,6.32447e+1,3.43407e+1,3.91300e-2,0,0,0,0,0,0,0,0,0,0,0,0,0,0,0,0,0,0,0,0,0,0,5.10482e+1,2.18188e+0,2.34155e+1,0,0,0,0,2.13526e+2,1.77423e+0,1.31566e+2,6.05520e+0,0,0,0,0,0,1.19322e+1,7.76998e+1,0,0,0,0,0,0,6.17632e+2
"Southern_Africa","MWI","Malawi",2.25095e-3,1.39295e-4,4.59574e-1,3.67162e-4,7.40624e-2,6.63170e-6,0,0,2.03823e+1,3.58255e+1,2.16435e-2,0,0,0,0,0,0,0,0,0,0,0,0,0,0,0,0,0,0,0,0,0,0,4.34889e+1,1.83786e+0,5.53574e+0,0,0,0,0,2.52672e+1,1.64643e+0,0,0,0,0,0,0,0,3.35977e+0,4.82050e+1,0,0,0,0,0,0,1.86107e+2
"Southern_Africa","NAM","Namibia",9.71516e-4,0,8.15727e-3,9.61799e-4,2.05327e-1,0,4.09640e-3,0,5.53640e-1,4.34140e+0,0,0,0,0,0,0,0,0,0,0,0,0,0,0,0,0,0,0,0,0,0,0,0,1.46340e+2,3.52758e+0,0,0,0,0,0,5.34504e+1,7.11997e-2,0,0,0,0,0,0,0,3.03669e+0,6.63274e+0,0,0,0,0,0,0,2.18173e+2
"Southern_Africa","SWZ","Swaziland",1.88744e-3,8.80464e-5,4.32692e-2,1.58507e-4,5.77099e-2,4.19150e-6,0,0,2.70142e+0,3.39375e+0,1.45872e-2,0,0,0,0,0,0,0,0,0,0,0,0,0,0,0,0,0,0,0,0,0,0,3.15982e+1,7.69692e-1,6.36292e-3,0,0,0,0,0,9.66125e-2,0,0,0,0,0,0,0,1.46006e+0,1.66697e+1,0,0,0,0,0,0,5.68135e+1
"Southern_Africa","TZA","Tanzania_United Republic of",1.70110e-2,0,1.34918e+0,0,1.87263e-1,0,0,0,8.74406e+1,8.79630e+1,0,0,0,0,0,0,0,0,0,0,0,0,0,0,0,0,0,0,0,0,0,0,0,6.02117e+2,2.04834e+1,6.57925e+1,0,0,0,0,2.32082e+2,4.75993e+0,1.18075e+2,0,0,0,0,0,0,1.49773e+1,1.51592e+2,0,0,0,0,0,0,1.38684e+3
"Southern_Africa","ZAF","South Africa",1.53454e+0,6.40376e-2,5.36436e+0,1.32722e-2,7.09993e+0,3.24389e-2,0,6.68800e-4,6.86272e+1,1.15790e+3,5.66484e+1,0,0,0,0,0,2.83165e-1,3.99352e+0,0,0,0,0,0,0,0,0,0,0,0,0,0,0,0,8.64398e+2,2.29566e+1,1.65436e-1,0,0,0,0,8.49216e+0,2.72934e+0,6.18288e+0,9.44227e+1,0,0,0,0,0,2.31413e+2,2.99357e+2,0,0,0,0,0,0,2.83168e+3
"Southern_Africa","ZMB","Zambia",1.05507e-3,7.94200e-4,9.50313e-1,0,1.34424e-1,3.64287e-3,0,0,3.08586e+1,7.26866e+1,6.62546e-3,0,0,0,0,0,0,0,0,0,0,0,0,0,0,0,0,0,0,0,0,0,0,1.06625e+2,3.74481e+0,1.56528e+0,0,0,0,0,3.88248e+2,2.39266e-1,2.07448e+2,0,0,0,0,0,0,9.61869e+0,3.97615e+1,0,0,0,0,0,0,8.61893e+2
"Southern_Africa","ZWE","Zimbabwe",4.14256e-2,7.10600e-4,3.38496e-1,0,3.84946e-1,5.73496e-3,0,0,3.46547e+1,2.36246e+1,6.90000e-5,0,0,0,0,0,0,3.05570e-1,0,0,0,0,0,0,0,0,0,0,0,0,0,0,0,2.84572e+2,7.23932e+0,3.18146e-2,0,0,0,0,4.52208e+1,5.21539e-1,0,0,0,0,0,0,0,1.30080e+1,5.06035e+1,0,0,0,0,0,0,4.60553e+2
"OECD_Europe","AUT","Austria",1.10867e+0,1.14601e-1,1.38088e+0,7.53623e-4,1.80401e+0,7.71628e-3,1.75560e-3,9.57220e-3,3.18217e+1,8.03174e+0,4.89111e+1,0,0,0,0,0,1.15830e-1,2.48150e-1,0,0,0,0,0,0,0,0,0,0,0,0,0,0,0,1.61409e+2,4.93678e+1,0,0,0,0,0,0,3.59830e-1,0,1.35696e+0,0,0,0,0,0,7.34442e+1,4.26951e+1,2.34000e-3,5.65612e+0,0,0,0,0,4.27848e+2
"OECD_Europe","BEL","Belgium",1.12084e+0,1.10104e-1,1.62523e+0,1.04670e-3,2.64023e+0,1.04082e-2,6.20312e-2,0,9.59125e+0,8.90946e+0,5.46451e+1,0,0,0,0,0,3.10335e-1,7.81270e-1,0,0,0,0,0,0,0,0,0,0,0,0,0,0,0,2.24263e+2,8.63925e+1,0,0,0,0,0,0,2.72539e-1,0,3.43944e-2,0,0,0,0,0,4.99242e+1,7.92394e+1,1.17417e+0,6.46464e+0,0,0,0,0,5.27572e+2
"OECD_Europe","CHE","Switzerland",6.21521e-1,1.08083e-2,7.87017e-1,1.80032e-3,2.46680e+0,1.90817e-3,2.92600e-3,0,6.81541e+0,3.54000e-1,3.23614e+1,0,0,0,0,0,7.07996e-2,0,0,0,0,0,0,0,0,0,0,0,0,0,0,0,0,1.20682e+2,3.21023e+1,0,0,0,0,0,0,1.05945e-1,3.04123e-1,0,0,0,0,0,0,3.32192e+1,1.16283e+1,1.20380e-5,2.58209e+0,0,0,0,0,2.44118e+2
"OECD_Europe","DEU","Germany",7.27935e+0,6.10376e-1,3.72444e+0,3.24267e-2,1.93423e+1,1.00330e-1,8.22206e-2,2.75880e-3,9.43518e+1,5.55119e+2,3.32000e+2,0,0,0,0,0,4.40036e+0,1.98583e+0,0,0,0,0,0,0,0,0,0,0,0,0,0,0,0,1.15178e+3,3.57558e+2,0,0,0,0,0,0,3.69187e+0,0,8.81592e-1,0,0,0,0,0,9.55426e+2,1.40553e+2,0,3.61184e-2,0,0,0,0,3.62896e+3
"OECD_Europe","DNK","Denmark",1.66816e+0,9.04672e-2,3.79354e-1,8.58294e-4,1.73708e+0,1.26633e-2,3.36490e-2,4.51440e-3,9.54238e+0,2.45040e-1,3.67750e+1,0,0,0,0,0,0,0,0,0,0,0,0,0,0,0,0,0,0,0,0,0,0,1.52976e+2,1.02665e+2,0,0,0,0,0,0,7.66946e-1,0,0,0,0,0,0,0,6.84565e+1,8.86434e+0,0,2.88221e+0,0,0,0,0,3.87100e+2
"OECD_Europe","ESP","Spain",1.64706e+0,2.62598e-1,3.09491e+0,3.87907e-2,1.32701e+1,8.53472e-2,4.05543e-1,0,3.85043e+1,1.03479e+2,4.29905e+1,0,0,0,0,0,8.09919e-1,5.31356e-1,0,0,0,0,0,0,0,0,0,0,0,0,0,0,0,6.21253e+2,3.03229e+2,2.57400e+1,0,0,0,0,0,2.00108e+0,0,2.17543e+1,0,0,0,0,0,3.60659e+2,1.11281e+2,1.14180e-1,2.09260e+1,0,0,0,0,1.67208e+3
"OECD_Europe","FIN","Finland",2.68249e+0,7.61515e-2,5.21851e+0,3.55878e-3,2.08445e+0,8.32656e-3,4.97420e-2,5.85200e-4,1.91842e+1,2.96820e+0,4.38475e+0,0,0,0,0,0,8.33220e-2,5.25506e-1,0,0,0,0,0,0,0,0,0,0,0,0,0,0,0,7.74783e+1,2.25891e+1,0,0,0,0,0,0,3.07510e-1,5.81904e-1,6.44424e-2,0,0,0,0,0,1.26537e+2,2.26267e+2,0,1.41600e+0,0,0,0,0,4.92511e+2
"OECD_Europe","FRA","France",2.85925e+0,4.48324e-1,4.10276e+0,3.42270e-2,1.75963e+1,6.43573e-2,1.00069e-1,3.76200e-4,1.61922e+2,3.01819e+1,1.41227e+3,0,0,0,0,0,1.69767e+0,2.01959e+0,0,0,0,0,0,0,0,0,0,0,0,0,0,0,0,1.43006e+3,3.83893e+2,4.37800e+0,0,0,0,0,0,5.62259e+0,0,7.71792e-1,0,0,0,0,0,4.11292e+2,1.86455e+2,7.87414e+0,1.47726e+1,0,0,0,0,4.07842e+3
"OECD_Europe","FRO","Faroe Islands",0,0,0,0,0,0,0,0,0,0,0,0,0,0,0,0,0,0,0,0,0,0,0,0,0,0,0,0,0,0,0,0,0,6.13384e-1,2.49390e-2,0,0,0,0,0,0,9.69408e-6,0,0,0,0,0,0,0,9.73226e-1,4.55318e-2,1.08818e-2,2.50292e-2,0,0,0,0,1.69300e+0
"OECD_Europe","GBR","United Kingdom",5.28615e+0,1.17671e+0,2.49877e+0,2.79887e-2,1.75765e+1,1.03562e-1,2.70948e-1,0,5.09256e+1,1.93674e+2,7.72870e+2,0,0,0,0,0,1.64549e+0,9.57880e-1,0,0,0,0,0,0,0,0,0,0,0,0,0,0,0,1.09373e+3,1.98317e+2,0,0,0,0,0,0,2.15445e+0,0,8.87712e-1,0,0,0,0,0,1.65309e+3,1.11721e+2,1.08860e+0,4.15600e+0,0,0,0,0,4.11216e+3
"OECD_Europe","GIB","Gibraltar",0,0,0,0,2.95089e-2,0,0,0,0,0,0,0,0,0,0,0,0,0,0,0,0,0,0,0,0,0,0,0,0,0,0,0,0,0,0,0,0,0,0,0,0,0,0,0,0,0,0,0,0,2.10812e-1,2.45894e-2,3.26951e-3,7.52024e-3,0,0,0,0,2.75700e-1
"OECD_Europe","GRC","Greece",6.56185e-1,7.60150e-2,8.44765e-1,1.10741e-2,6.97594e+0,7.11227e-3,1.44252e-1,0,1.28852e+1,5.64968e+1,1.21305e+1,0,0,0,0,0,3.36600e-3,0,0,0,0,0,0,0,0,0,0,0,0,0,0,0,0,1.40180e+2,3.01848e+1,4.40000e+0,0,0,0,0,0,4.41166e-1,0,2.66256e+0,0,0,0,0,0,1.03222e+2,1.41974e+1,2.58000e-4,1.78897e-1,0,0,0,0,3.85698e+2
"OECD_Europe","GRL","Greenland",0,0,0,0,0,0,0,0,0,0,0,0,0,0,0,0,0,0,0,0,0,0,0,0,0,0,0,0,0,0,0,0,0,1.66254e-1,2.98179e-3,0,0,0,0,0,0,0,0,0,0,0,0,0,0,8.65797e-1,2.11525e-1,5.20769e-3,1.19783e-2,0,0,0,0,1.26374e+0
"OECD_Europe","IRL","Ireland",2.61863e-1,5.08276e-3,3.27392e-1,6.90822e-4,1.39434e+0,6.93880e-3,7.31500e-3,0,1.09778e+1,7.08000e-1,4.70923e+1,0,0,0,0,0,0,0,0,0,0,0,0,0,0,0,0,0,0,0,0,0,0,4.87275e+2,7.63380e+1,0,0,0,0,0,0,1.75763e-1,0,6.86448e-2,0,0,0,0,0,7.57708e+1,8.50486e+0,0,4.46180e-1,0,0,0,0,7.09361e+2
"OECD_Europe","ISL","Iceland",2.63768e-3,0,5.72472e-2,2.09340e-4,1.35218e-1,0,1.46300e-3,0,6.87819e-2,0,0,0,0,0,0,0,0,7.70000e-2,0,0,0,0,0,0,0,0,0,0,0,0,0,0,0,9.26647e+0,1.38667e+0,0,0,0,0,0,0,6.08086e-5,0,0,0,0,0,0,0,4.54382e+0,4.67142e-1,1.17977e-2,6.47356e-3,0,0,0,0,1.60250e+1
"OECD_Europe","ITA","Italy",2.34819e+0,3.19632e-1,2.95366e+0,1.39821e-2,3.37126e+1,2.41123e-2,3.71309e-1,0,3.00646e+1,1.14636e+1,2.79978e+2,0,0,0,0,0,9.63724e-1,7.73530e-1,0,0,0,0,0,0,0,0,0,0,0,0,0,0,0,6.11071e+2,2.09588e+2,4.84000e+1,0,0,0,0,0,1.80196e+0,1.06306e-1,6.33552e+0,0,0,0,0,0,8.61470e+2,1.03368e+2,4.32477e+0,1.86959e+1,0,0,0,0,2.22815e+3
"OECD_Europe","LUX","Luxembourg",3.71234e-2,0,7.76226e-2,0,4.04623e-1,1.21429e-3,0,2.00640e-3,1.60035e-1,0,4.25420e+0,0,0,0,0,0,0,5.90100e-2,0,0,0,0,0,0,0,0,0,0,0,0,0,0,0,1.44590e+1,2.51838e+1,0,0,0,0,0,0,1.03212e-2,0,2.87352e-1,0,0,0,0,0,2.92157e+0,4.26145e-1,0,2.25273e-1,0,0,0,0,4.85092e+1
"OECD_Europe","NLD","Netherlands",2.80636e+0,3.52711e-1,4.98309e-1,1.98873e-3,4.92018e+0,7.63268e-3,9.53876e-2,0,7.33327e+0,2.77944e+0,2.21159e+2,0,0,0,0,0,3.77469e+0,2.61100e-1,0,0,0,0,0,0,0,0,0,0,0,0,0,0,0,3.19575e+2,1.63278e+2,0,0,0,0,0,0,2.32234e-1,0,1.31359e-2,0,0,0,0,0,3.90995e+2,4.11394e+1,0,3.25000e+0,0,0,0,0,1.16247e+3
"OECD_Europe","NOR","Norway",2.12886e-1,4.27059e-1,1.22873e+0,6.57327e-3,1.48621e+0,2.94899e-3,2.09209e-1,4.18000e-5,1.02915e+1,1.06686e+1,5.33933e+2,0,0,0,0,0,2.84110e+0,1.29635e+0,0,0,0,0,0,0,0,0,0,0,0,0,0,0,0,8.65969e+1,1.65407e+1,0,0,0,0,0,0,9.68733e-2,0,0,0,0,0,0,0,9.27977e+1,5.27732e+1,1.17640e+1,1.19200e+0,0,0,0,0,8.24365e+2
"OECD_Europe","PRT","Portugal",6.09716e-1,8.11102e-2,2.06017e+0,4.85668e-3,3.49859e+0,9.88779e-3,1.28744e-2,0,2.01612e+1,2.09489e+0,1.48095e+1,0,0,0,0,0,1.07248e-1,2.13500e-2,0,0,0,0,0,0,0,0,0,0,0,0,0,0,0,1.44381e+2,5.76187e+1,5.25800e+0,0,0,0,0,0,1.42305e-1,0,2.17843e+1,0,0,0,0,0,2.58648e+2,5.22557e+1,5.62585e-1,1.09920e+0,0,0,0,0,5.85221e+2
"OECD_Europe","SWE","Sweden",3.77629e+0,4.92070e-2,6.03246e+0,5.17070e-3,2.77327e+0,4.16328e-3,4.53530e-2,0,1.69672e+1,1.65889e+0,2.68064e+1,0,0,0,0,0,2.54295e-1,1.84305e-1,0,0,0,0,0,0,0,0,0,0,0,0,0,0,0,1.24805e+2,3.11578e+1,0,0,0,0,0,0,4.53221e-1,8.70192e-2,3.64536e-1,0,0,0,0,0,1.07193e+2,2.22161e+2,6.55811e-2,1.22279e+0,0,0,0,0,5.46067e+2
"Central Europe","ALB","Albania",9.54590e-4,2.29900e-3,9.89406e-2,0,1.96159e-1,5.56009e-3,6.44767e-3,0,6.58719e+0,8.89333e-1,1.04916e+1,0,0,0,0,0,0,1.37500e-2,0,0,0,0,0,0,0,0,0,0,0,0,0,0,0,7.42730e+1,1.10074e+1,0,0,0,0,0,0,1.74762e-1,0,1.06162e+1,0,0,0,0,0,4.25158e+0,5.59888e+0,7.91654e-3,6.67660e-3,0,0,0,0,1.24229e+2
"Central Europe","BGR","Bulgaria",2.45133e-1,2.03984e-2,3.34985e-1,4.38899e-4,1.69398e+0,6.76533e-3,0,6.98060e-3,2.05881e+1,2.95959e+1,8.44943e+0,0,0,0,0,0,2.19059e-1,1.41170e-1,0,0,0,0,0,0,0,0,0,0,0,0,0,0,0,9.33180e+1,1.68979e+1,7.85400e-1,0,0,0,0,0,1.35688e+0,0,1.40573e+1,0,0,0,0,0,4.37463e+2,3.11685e+1,0,0,0,0,0,0,6.56349e+2
"Central Europe","BIH","Bosnia and Herzegovina",8.49292e-2,3.98981e-3,1.02508e-1,1.17231e-3,4.11957e-1,1.04251e-3,0,0,6.32198e+0,3.44331e+1,3.54904e+0,0,0,0,0,0,9.25430e-4,1.32000e-3,0,0,0,0,0,0,0,0,0,0,0,0,0,0,0,4.00873e+1,7.09448e+0,0,0,0,0,0,0,2.75905e-1,0,2.21129e+1,0,0,0,0,0,5.61771e+0,7.10002e+0,1.16067e-2,9.78876e-3,0,0,0,0,1.27222e+2
"Central Europe","CYP","Cyprus",1.09037e-3,1.68535e-3,6.10701e-2,0,2.13152e-1,0,0,0,1.26346e-1,2.74350e-1,3.10550e-1,0,0,0,0,0,0,0,0,0,0,0,0,0,0,0,0,0,0,0,0,0,0,8.43094e+0,4.02355e+0,0,0,0,0,0,0,5.65056e-3,0,0,0,0,0,0,0,1.01230e+1,3.48561e+0,0,0,0,0,0,0,2.70570e+1
"Central Europe","CZE","Czech Republic",1.16634e+0,4.63550e-2,1.60844e+0,8.37359e-4,2.82461e+0,1.87652e-2,1.46538e-3,1.04670e-3,5.36452e+1,1.52562e+2,5.83569e+1,0,0,0,0,0,1.75365e-1,3.97880e-1,0,0,0,0,0,0,0,0,0,0,0,0,0,0,0,1.74734e+2,2.79208e+1,0,0,0,0,0,0,1.94934e+0,0,3.64056e+0,0,0,0,0,0,9.41615e+1,4.31190e+1,0,6.65104e-1,0,0,0,0,6.16995e+2
"Central Europe","EST","Estonia",2.17933e-1,3.43596e-3,1.29445e-1,2.09000e-5,3.58497e-1,7.63268e-3,1.46300e-3,0,1.22607e+1,1.13720e+1,1.46084e+1,0,0,0,0,0,0,0,0,0,0,0,0,0,0,0,0,0,0,0,0,0,0,2.43770e+1,3.96211e+0,1.83920e+0,0,0,0,0,0,1.96979e-1,0,0,0,0,0,0,0,2.55237e+1,6.75788e+0,0,1.06876e-1,0,0,0,0,1.01723e+2
"Central Europe","HRV","Croatia",1.01392e-1,4.82527e-2,1.65218e-1,8.56899e-4,1.26094e+0,4.68369e-3,8.19280e-3,3.13500e-3,1.12141e+1,4.57250e-1,7.58374e+1,0,0,0,0,0,5.93185e-2,1.73283e-2,0,0,0,0,0,0,0,0,0,0,0,0,0,0,0,4.14990e+1,1.12658e+1,0,0,0,0,0,0,7.82582e-1,0,1.85040e+0,0,0,0,0,0,2.68758e+1,1.68093e+1,0,0,0,0,0,0,1.88261e+2
"Central Europe","HUN","Hungary",4.67203e-1,4.94950e-2,2.32229e-1,0,1.78438e+0,1.44398e-2,0,0,1.38267e+1,1.51959e+1,8.26479e+1,0,0,0,0,0,1.24252e-1,1.07920e-1,0,0,0,0,0,0,0,0,0,0,0,0,0,0,0,1.05148e+2,3.24934e+1,7.08400e-1,0,0,0,0,0,2.69371e+0,0,1.64928e+0,0,0,0,0,0,9.98572e+1,3.53813e+1,6.78000e-2,0,0,0,0,0,3.92449e+2
"Central Europe","LTU","Lithuania",9.95910e-2,2.07522e-2,7.43610e-2,0,6.96474e-1,1.23164e-2,8.77800e-4,0,1.91120e+1,1.82900e-2,6.64482e+1,0,0,0,0,0,1.85311e-2,0,0,0,0,0,0,0,0,0,0,0,0,0,0,0,0,7.64672e+1,1.28652e+1,0,0,0,0,0,0,8.06511e-1,0,7.12272e-1,0,0,0,0,0,4.88592e+1,1.18793e+1,9.51846e-4,0,0,0,0,0,2.38092e+2
"Central Europe","LVA","Latvia",2.87184e-1,4.01280e-3,1.58299e-1,0,5.41104e-1,1.14490e-2,0,0,2.75011e+1,1.00595e+0,3.68398e+1,0,0,0,0,0,0,0,0,0,0,0,0,0,0,0,0,0,0,0,0,0,0,3.29052e+1,5.58395e+0,0,0,0,0,0,0,2.96625e-1,0,1.15954e+0,0,0,0,0,0,2.42660e+1,4.65267e+0,2.07219e-4,1.69129e-3,0,0,0,0,1.35215e+2
"Central Europe","MKD","Macedonia, the former Yugoslav Republic of",7.15524e-2,6.93880e-4,6.42612e-2,0,2.48094e-1,6.95009e-4,0,0,6.93310e+0,6.55204e+0,7.77177e+0,0,0,0,0,0,2.04343e-3,5.50000e-2,0,0,0,0,0,0,0,0,0,0,0,0,0,0,0,2.86407e+1,4.19700e+0,8.36000e-1,0,0,0,0,0,1.74799e-1,0,2.16466e+0,0,0,0,0,0,5.37363e+0,7.83352e+0,8.80758e-3,7.42808e-3,0,0,0,0,7.09357e+1
"Central Europe","MLT","Malta",5.19306e-3,0,0,0,6.77009e-2,0,0,0,9.19600e-3,0,0,0,0,0,0,0,0,0,0,0,0,0,0,0,0,0,0,0,0,0,0,0,0,1.73586e+0,6.73207e-1,0,0,0,0,0,0,1.31108e-3,0,0,0,0,0,0,0,8.07477e+0,3.96483e-1,0,0,0,0,0,0,1.09637e+1
"Central Europe","POL","Poland",1.45579e+0,2.21887e-1,4.21628e+0,0,6.16881e+0,2.91430e-2,1.75560e-3,2.63340e-3,1.94212e+2,1.95331e+3,1.59585e+2,0,0,0,0,0,1.46942e-1,6.40160e-1,0,0,0,0,0,0,0,0,0,0,0,0,0,0,0,5.72898e+2,1.21441e+2,0,0,0,0,0,0,6.06707e+0,0,2.14553e+0,0,0,0,0,0,3.51183e+2,9.16453e+1,2.24671e-1,7.55800e-1,0,0,0,0,3.46635e+3
"Central Europe","ROU","Romania",4.84784e-1,2.38606e-1,8.10473e-1,1.25400e-4,2.06150e+0,5.10001e-2,3.27712e-2,1.12860e-3,8.55018e+1,4.57337e+1,4.47415e+2,0,0,0,0,0,8.89889e-1,3.35052e-1,0,0,0,0,0,0,0,0,0,0,0,0,0,0,0,3.24957e+2,7.18388e+1,3.08000e-1,0,0,0,0,0,3.33866e+0,0,5.07744e+0,0,0,0,0,0,1.40203e+2,6.78141e+1,1.70071e-2,0,0,0,0,0,1.19711e+3
"Central Europe","SCG","Serbia and Montenegro",3.15442e-1,0,2.50340e-1,0,5.86785e-1,0,0,0,3.42328e+1,3.39006e+1,8.63112e+1,0,0,0,0,0,6.30021e-2,3.07510e-1,0,0,0,0,0,0,0,0,0,0,0,0,0,0,0,1.47328e+2,4.03196e+1,0,0,0,0,0,0,1.65025e+0,0,8.04144e+0,0,0,0,0,0,1.62475e+1,4.23367e+1,2.51317e-2,2.11954e-2,0,0,0,0,4.11938e+2
"Central Europe","SVK","Slovakia",2.79968e-1,2.82810e-1,7.36409e-1,0,6.37383e-1,0,0,0,1.59995e+0,5.80294e+0,3.52121e+1,0,0,0,0,0,8.25664e-2,3.81882e-1,0,0,0,0,0,0,0,0,0,0,0,0,0,0,0,7.20601e+1,1.26324e+1,0,0,0,0,0,0,6.95852e-1,0,0,0,0,0,0,0,3.54208e+1,4.49291e+1,2.28774e-1,1.45200e-1,0,0,0,0,2.11128e+2
"Central Europe","SVN","Slovenia",9.66658e-2,1.83804e-3,1.85313e-1,2.09000e-5,1.40700e+0,1.90817e-3,0,0,1.24002e+1,3.33071e+1,3.60473e+0,0,0,0,0,0,2.98397e-1,8.80000e-3,0,0,0,0,0,0,0,0,0,0,0,0,0,0,0,4.60747e+1,6.69234e+0,0,0,0,0,0,0,1.38101e-1,0,0,0,0,0,0,0,2.09741e+1,1.15277e+1,0,8.57984e-6,0,0,0,0,1.36719e+2
"Turkey","TUR","Turkey",1.74643e+0,1.10936e-1,3.25388e+0,1.60773e-2,9.19785e+0,3.52562e-2,5.64718e-2,1.54660e-3,1.21536e+2,1.73655e+2,1.34899e+2,0,0,0,0,0,5.20990e-1,4.28774e-1,0,0,0,0,0,0,0,0,0,0,0,0,0,0,0,8.17542e+2,1.98102e+2,1.81586e+1,0,0,0,0,0,3.32451e+1,0,6.01632e-2,0,0,0,0,0,8.53348e+2,3.12176e+2,0,1.01749e+0,0,0,0,0,2.67911e+3
"Ukraine +","BLR","Belarus",1.00102e+0,1.39632e-2,3.23878e-1,0,9.65639e-1,4.03754e-2,2.93076e-4,5.40097e-3,2.60524e+1,1.82900e-1,1.58450e+1,0,0,0,0,0,4.87063e-2,0,0,0,0,0,0,0,0,0,0,0,0,0,0,0,0,3.41474e+2,5.51758e+1,0,0,0,0,0,0,1.46503e+0,0,5.52312e-1,0,0,0,0,0,1.63691e+2,2.74458e+1,0,1.09032e-1,0,0,0,0,6.34393e+2
"Ukraine +","MDA","Moldova, Republic of",6.81190e-2,0,1.14303e-2,0,1.23760e-1,1.56123e-3,0,1.58840e-3,2.47961e+0,7.95615e+0,6.87515e+1,0,0,0,0,0,0,0,0,0,0,0,0,0,0,0,0,0,0,0,0,0,0,4.24741e+1,1.02067e+1,0,0,0,0,0,0,6.17782e-1,0,8.10264e-1,0,0,0,0,0,6.37081e+0,1.50381e+1,8.20917e-3,6.92340e-3,0,0,0,0,1.54927e+2
"Ukraine +","UKR","Ukraine",1.95455e+0,2.51117e-1,2.26343e+0,4.18000e-5,3.67921e+0,4.33675e-2,0,1.21220e-1,5.38648e+1,4.18049e+2,2.13244e+3,0,0,0,0,0,2.83594e-1,4.81160e+0,0,0,0,0,0,0,0,0,0,0,0,0,0,0,0,8.12804e+2,1.60919e+2,7.88962e+0,0,0,0,0,0,8.08016e+0,0,3.10464e+0,0,0,0,0,0,3.26669e+2,1.23799e+2,0,4.21172e-1,0,0,0,0,4.06144e+3
"Asia-Stan","KAZ","Kazakhstan",5.15574e-1,2.00188e-1,2.08311e+0,3.78772e-3,9.74271e-1,4.60445e-2,8.79228e-4,1.13044e-3,4.18143e+0,4.98986e+2,6.10748e+2,0,0,0,0,0,8.73300e-3,1.70613e+0,0,0,0,0,0,0,0,0,0,0,0,0,0,0,0,3.96179e+2,3.02820e+1,1.71553e+1,0,0,0,0,0,4.59384e+0,1.00301e+0,9.71328e+1,0,0,0,0,0,1.37156e+2,4.32067e+1,0,4.40848e-1,0,0,0,0,1.84660e+3
"Asia-Stan","KGZ","Kyrgyzstan",2.49332e-2,0,4.84462e-2,8.37360e-4,1.40967e-1,0,0,0,2.76543e-1,2.19661e+0,9.49602e+0,0,0,0,0,0,0,0,0,0,0,0,0,0,0,0,0,0,0,0,0,0,0,1.09854e+2,6.62445e+0,1.48236e+0,0,0,0,0,0,5.09016e-1,0,2.20807e+0,0,0,0,0,0,6.64228e+0,2.64213e+1,0,6.03916e-2,0,0,0,0,1.65986e+2
"Asia-Stan","TJK","Tajikistan",1.12206e-2,0,1.00000e-4,0,1.24401e+0,0,0,0,3.14754e-1,2.29489e-1,1.97858e+1,0,0,0,0,0,0,0,0,0,0,0,0,0,0,0,0,0,0,0,0,0,0,8.98349e+1,7.46910e+0,4.73498e+0,0,0,0,0,0,2.09523e-1,0,1.49623e-1,0,0,0,0,0,6.38678e+0,2.69025e+1,0,4.49612e-2,0,0,0,0,1.57318e+2
"Asia-Stan","TKM","Turkmenistan",2.09056e-1,2.18447e-1,1.00000e-4,0,6.96567e-1,0,0,0,2.07851e+0,0,7.72269e+2,0,0,0,0,0,9.24600e-5,0,0,0,0,0,0,0,0,0,0,0,0,0,0,0,0,1.70490e+2,1.14673e+1,1.66557e+1,0,0,0,0,0,6.40436e-1,0,2.77608e-1,0,0,0,0,0,9.51537e+0,2.68681e+1,0,9.72464e-2,0,0,0,0,1.01148e+3
"Asia-Stan","UZB","Uzbekistan",5.19740e-1,2.14685e-1,3.15108e-1,6.33270e-3,2.45207e+0,1.75205e-2,0,5.53850e-2,7.92691e+0,3.11682e+0,1.07982e+3,0,0,0,0,0,0,0,0,0,0,0,0,0,0,0,0,0,0,0,0,0,0,4.55097e+2,3.67292e+1,3.14079e+1,0,0,0,0,0,1.35623e+0,0,1.86370e+0,0,0,0,0,0,3.12522e+1,1.20538e+2,0,3.27339e-1,0,0,0,0,1.77302e+3
"Russia +","ARM","Armenia",2.85539e-2,0,1.28744e-2,0,1.54892e-1,0,0,0,8.82490e-2,0,6.19119e+1,0,0,0,0,0,0,0,0,0,0,0,0,0,0,0,0,0,0,0,0,0,0,3.71242e+1,5.79038e+0,0,0,0,0,0,0,8.96703e-2,0,1.48351e-1,0,0,0,0,0,1.17002e+1,5.03156e+0,0,7.93504e-2,0,0,0,0,1.22160e+2
"Russia +","AZE","Azerbaijan",5.30896e-2,3.68258e-2,1.22756e-1,0,4.40877e-1,0,0,1.25604e-3,7.54072e-1,0,2.04855e+2,0,0,0,0,0,1.32330e-2,0,0,0,0,0,0,0,0,0,0,0,0,0,0,0,0,1.68435e+2,2.60295e+1,1.39634e+0,0,0,0,0,0,4.94731e-1,0,3.43800e-1,0,0,0,0,0,2.31992e+1,4.76904e+1,0,1.63639e-1,0,0,0,0,4.74030e+2
"Russia +","GEO","Georgia",2.06996e-2,0,6.20772e-2,0,1.79785e-1,1.73470e-3,0,0,1.95954e+1,9.27960e-2,4.56123e+1,0,0,0,0,0,0,3.52000e-2,0,0,0,0,0,0,0,0,0,0,0,0,0,0,0,8.72410e+1,1.47616e+1,0,0,0,0,0,0,1.39797e-1,0,5.72904e-2,0,0,0,0,0,1.87173e+1,1.04110e+1,0,9.17292e-2,0,0,0,0,1.97020e+2
"Russia +","RUS","Russian Federation",1.62726e+1,2.13117e+0,5.49766e+0,9.43008e-2,2.22871e+1,3.64461e-1,3.37953e-1,1.15234e+0,4.53432e+2,1.91493e+3,1.36656e+4,0,0,0,0,0,5.85262e+0,4.83946e+0,0,0,0,0,0,0,0,0,0,0,0,0,0,0,0,2.28614e+3,4.04204e+2,5.25974e+1,0,0,0,0,0,2.25637e+1,4.43280e+2,5.45544e+2,0,0,0,0,0,1.57745e+3,7.64478e+2,0,0,0,0,0,0,2.21891e+4
"Middle_East","ARE","United Arab Emirates",1.63722e+0,8.10084e-2,7.86676e-1,0,2.57257e+0,0,0,0,3.38773e-1,2.06770e-1,9.01338e+2,0,0,0,0,0,0,0,0,0,0,0,0,0,0,0,0,0,0,0,0,0,0,2.32903e+1,1.37660e+0,0,0,0,0,0,0,8.03578e-4,0,0,0,0,0,0,0,2.10078e+1,1.53453e+1,0,2.43596e-1,0,0,0,0,9.68226e+2
"Middle_East","BHR","Bahrain",3.70750e-1,1.84536e-1,6.18222e-2,0,3.30326e-1,0,0,0,1.94370e-2,8.23050e-2,9.73641e+1,0,0,0,0,0,8.51000e-1,0,0,0,0,0,0,0,0,0,0,0,0,0,0,0,0,8.53729e-1,2.94676e-2,0,0,0,0,0,0,1.15902e-5,0,0,0,0,0,0,0,4.78994e+0,8.46992e+0,0,4.73756e-2,0,0,0,0,1.13455e+2
"Middle_East","IRN","Iran, Islamic Republic of",2.29032e+0,3.56934e-1,1.81267e+0,0,2.03847e+1,0,0,0,1.62088e+1,2.83988e+1,2.24787e+3,0,0,0,0,0,1.12560e+0,5.66555e-2,0,0,0,0,0,0,0,0,0,0,0,0,0,0,0,7.89992e+2,3.17385e+1,1.21381e+2,0,0,0,0,0,0,0,1.66846e-3,0,0,0,0,0,1.84735e+2,3.49673e+2,0,2.46963e+0,0,0,0,0,3.79850e+3
"Middle_East","IRQ","Iraq",2.31237e-1,1.07496e-1,7.04163e-1,0,5.11187e+0,0,0,0,1.02188e+0,1.37175e+0,7.61212e+2,0,0,0,0,0,8.58000e-3,0,0,0,0,0,0,0,0,0,0,0,0,0,0,0,0,1.02883e+2,4.55908e+0,2.27305e+1,0,0,0,0,0,1.07536e+0,0,2.19840e+0,0,0,0,0,0,7.24922e+1,8.69962e+1,0,5.47988e-1,0,0,0,0,1.06325e+3
"Middle_East","ISR","Israel",2.45142e-1,7.52967e-2,6.83430e-2,0,1.77977e+0,0,0,0,1.00788e+0,2.35348e-1,2.89591e+0,0,0,0,0,0,5.61000e-2,0,0,0,0,0,0,0,0,0,0,0,0,0,0,0,0,4.72630e+1,2.21172e+0,0,0,0,0,0,0,1.25547e-1,0,0,0,0,0,0,0,4.79146e+1,2.39650e+1,0,5.12392e-1,0,0,0,0,1.28356e+2
"Middle_East","JOR","Jordan",1.61051e-2,1.54464e-2,8.50212e-2,0,7.92021e-1,0,0,5.01600e-4,4.22142e-1,2.63286e+0,6.93697e+0,0,0,0,0,0,0,0,0,0,0,0,0,0,0,0,0,0,0,0,0,0,0,1.67863e+1,9.88264e-1,0,0,0,0,0,0,3.59673e-2,0,0,0,0,0,0,0,1.56291e+1,2.21081e+1,0,1.86794e-1,0,0,0,0,6.66355e+1
"Middle_East","KWT","Kuwait",3.52298e-1,3.82524e-1,1.35098e-1,0,1.46456e+0,0,0,0,3.07230e-2,2.06770e-1,4.51908e+2,0,0,0,0,0,1.94700e-1,0,0,0,0,0,0,0,0,0,0,0,0,0,0,0,0,5.15883e+0,1.53524e-1,0,0,0,0,0,0,2.02282e-3,0,0,0,0,0,0,0,2.04989e+1,1.30832e+1,0,1.82298e-1,0,0,0,0,4.93754e+2
"Middle_East","LBN","Lebanon",4.71466e-2,0,1.30667e-1,0,9.97544e-1,0,0,0,1.55601e+0,1.37175e+0,1.02200e+0,0,0,0,0,0,0,0,0,0,0,0,0,0,0,0,0,0,0,0,0,0,0,9.26502e+0,9.50494e-1,0,0,0,0,0,0,1.05104e-1,0,0,0,0,0,0,0,1.45041e+1,1.29818e+1,0,1.44606e-1,0,0,0,0,4.30763e+1
"Middle_East","OMN","Oman",4.46139e-1,2.80018e-1,1.18462e-1,0,6.60998e-1,0,0,0,3.55437e-1,3.52532e-1,4.45137e+2,0,0,0,0,0,0,0,0,0,0,0,0,0,0,0,0,0,0,0,0,0,0,2.25403e+1,9.41023e-1,0,0,0,0,0,0,4.15680e-3,0,0,0,0,0,0,0,1.13346e+1,9.70599e+0,0,1.35100e-1,0,0,0,0,4.92012e+2
"Middle_East","QAT","Qatar",5.04760e-1,3.52584e-1,8.69440e-2,4.01933e-3,4.07877e-1,0,0,0,3.49592e-2,6.22790e-2,6.04633e+2,0,0,0,0,0,1.74689e+0,0,0,0,0,0,0,0,0,0,0,0,0,0,0,0,0,4.97538e+0,3.31697e-1,0,0,0,0,0,0,2.83623e-3,0,0,0,0,0,0,0,5.47261e+0,1.26703e+1,0,5.79724e-2,0,0,0,0,6.31344e+2
"Middle_East","SAU","Saudi Arabia",4.41652e+0,1.64428e+0,1.22365e+0,1.34387e-2,9.87809e+0,0,0,0,3.30429e-1,2.68423e+0,1.70627e+3,0,0,0,0,0,8.69930e+0,0,0,0,0,0,0,0,0,0,0,0,0,0,0,0,0,8.53343e+1,5.04471e+0,0,0,0,0,0,0,1.45320e+0,0,0,0,0,0,0,0,1.32518e+2,1.00758e+2,0,1.34989e+0,0,0,0,0,2.06162e+3
"Middle_East","SYR","Syrian Arab Republic",2.36824e-1,4.88586e-2,3.00876e-1,5.37130e-3,1.65015e+0,0,0,0,5.21766e+0,9.14500e-2,3.71083e+2,0,0,0,0,0,0,0,0,0,0,0,0,0,0,0,0,0,0,0,0,0,0,1.21948e+2,4.39692e+0,0,0,0,0,0,0,2.64347e+0,0,0,0,0,0,0,0,3.42878e+1,5.79801e+1,0,3.67842e-1,0,0,0,0,6.00259e+2
"Middle_East","YEM","Yemen",1.19640e-2,4.08785e-2,4.58964e-2,0,1.62376e+0,0,0,0,3.21561e+0,4.66395e+0,8.31059e+1,0,0,0,0,0,0,0,0,0,0,0,0,0,0,0,0,0,0,0,0,0,0,1.21324e+2,5.36182e+0,0,0,0,0,0,0,5.07006e-1,0,0,0,0,0,0,0,9.14002e+0,6.31224e+1,0,1.17809e-1,0,0,0,0,2.92281e+2
"India +","AFG","Afghanistan",9.82561e-4,0,8.59388e-2,8.47120e-5,2.18431e-1,0,8.72683e-4,2.91504e-4,1.00412e+1,7.44426e+0,1.34269e+1,0,0,0,0,0,0,0,0,0,0,0,0,0,0,0,0,0,0,0,0,0,0,2.75067e+2,1.43371e+1,2.85044e+1,0,0,0,0,0,2.62176e-1,0,0,0,0,0,0,0,1.11647e+1,8.61577e+1,0,1.53293e-1,0,0,0,0,4.46866e+2
"India +","BGD","Bangladesh",2.78654e-1,4.55661e-3,1.97212e-1,0,8.79308e-1,1.89390e-2,4.36683e-2,0,1.74145e+2,2.65187e+1,1.75405e+2,0,0,0,0,0,0,0,0,0,0,0,0,0,0,0,0,0,0,0,0,0,0,8.47236e+2,7.33559e+1,2.19478e+3,0,0,0,0,0,1.41966e+1,4.06946e+0,0,0,0,0,0,0,1.57558e+2,5.81180e+2,0,0,0,0,0,0,4.24986e+3
"India +","BTN","Bhutan",4.01461e-4,0,8.46875e-3,4.28149e-4,2.72539e-2,0,1.97876e-4,5.87970e-5,1.51894e+1,3.27455e+0,5.04101e-3,0,0,0,0,0,0,1.65000e-2,0,0,0,0,0,0,0,0,0,0,0,0,0,0,0,1.30825e+1,1.35159e+0,0,0,0,0,0,0,9.64549e-2,7.58540e+0,0,0,0,0,0,0,5.42298e-1,7.97616e+0,0,5.29460e-3,0,0,0,0,4.91620e+1
"India +","IND","India",6.85624e+0,1.27330e+0,4.33241e+1,0,2.55788e+1,2.60726e-1,1.43667e-1,8.40180e-3,1.73794e+3,1.46156e+3,6.40353e+2,0,0,0,0,0,1.45665e+0,2.03272e+0,0,0,0,0,0,0,0,0,0,0,0,0,0,0,0,1.25276e+4,1.08894e+3,4.01540e+3,0,0,0,0,3.84144e+1,2.33213e+2,6.25702e+1,4.61280e+0,0,0,0,0,0,9.02097e+2,3.87213e+3,0,3.84066e+1,4.50000e+1,0,0,0,2.67492e+4
"India +","IOT","British Indian Ocean Territory",0,0,0,0,0,0,0,0,0,0,0,0,0,0,0,0,0,0,0,0,0,0,0,0,0,0,0,0,0,0,0,0,0,0,0,0,0,0,0,0,0,0,0,0,0,0,0,0,0,0,0,0,0,0,0,0,0,0,
"India +","LKA","Sri Lanka",5.37244e-2,4.53801e-3,1.85107e+0,3.44850e-3,9.45192e-1,3.81634e-3,3.80380e-3,2.92600e-4,2.25707e+1,4.48105e+0,6.09268e-1,0,0,0,0,0,0,0,0,0,0,0,0,0,0,0,0,0,0,0,0,0,0,6.24017e+1,5.29295e+0,2.25303e+2,0,0,0,0,1.51346e-1,2.34274e-1,0,0,0,0,0,0,0,4.01329e+1,9.33902e+1,0,0,0,0,0,0,4.57433e+2
"India +","MDV","Maldives",1.51084e-3,0,3.13719e-3,1.35729e-4,4.90545e-2,0,1.07645e-3,2.84859e-4,6.75814e-3,5.68850e-2,1.61355e-2,0,0,0,0,0,0,0,0,0,0,0,0,0,0,0,0,0,0,0,0,0,0,0,0,0,0,0,0,0,0,9.36384e-3,0,0,0,0,0,0,0,5.00361e-1,9.80430e-1,0,4.18608e-3,0,0,0,0,1.62932e+0
"India +","NPL","Nepal",0,0,1.74849e-1,0,1.99588e-1,0,0,0,6.04940e+1,6.04261e+0,0,0,0,0,0,0,0,0,0,0,0,0,0,0,0,0,0,0,0,0,0,0,0,4.27512e+2,3.77736e+1,3.60353e+2,0,0,0,0,3.29280e+0,9.44720e+0,0,0,0,0,0,0,0,5.40224e+0,9.91239e+1,0,0,0,0,0,0,1.00982e+3
"India +","PAK","Pakistan",4.22885e-1,5.33897e-2,4.26848e+0,0,3.66539e+0,5.03063e-2,0,4.10306e-3,1.84488e+2,5.38054e+1,9.26481e+2,0,0,0,0,0,0,0,0,0,0,0,0,0,0,0,0,0,0,0,0,0,0,2.73493e+3,1.97819e+2,7.18217e+2,0,0,0,0,4.05216e+0,9.00740e+0,0,5.84208e+0,0,0,0,0,0,1.44425e+2,5.88047e+2,0,1.80529e+0,0,0,0,0,5.57738e+3
"Korea","KOR","Korea, Republic of",1.56884e+0,4.23019e-1,5.20407e+0,4.38987e-2,1.71403e+1,5.46430e-2,3.73065e-1,2.06074e-2,2.44859e+1,7.52811e+1,1.56570e+2,0,0,0,0,0,1.96943e+0,2.58257e+0,0,0,0,0,0,0,0,0,0,0,0,0,0,0,0,2.18686e+2,2.09083e+1,3.57166e+2,0,0,0,0,0,3.37745e-1,0,1.98785e-1,0,0,0,0,0,1.53713e+2,4.35485e+2,0,0,0,0,0,0,1.47221e+3
"Korea","PRK","Korea, Democratic People's Republic of",7.69031e-2,4.01281e-4,4.48622e+0,0,3.49587e-1,0,0,0,6.35827e+1,4.15751e+2,1.05350e-1,0,0,0,0,0,1.65000e-2,9.90000e-3,0,0,0,0,0,0,0,0,0,0,0,0,0,0,0,4.75907e+1,7.47208e+0,1.29566e+2,0,0,0,0,0,2.25204e+0,0,5.75304e+0,0,0,0,0,0,3.86660e+1,1.09089e+2,1.70697e-1,0,0,0,0,0,8.24938e+2
"China +","CHN","China",1.15846e+1,2.97970e+0,7.10527e+1,1.00947e-1,5.35064e+1,1.83173e+0,2.00519e+0,7.39860e-3,3.27141e+3,1.31645e+4,1.38795e+3,0,0,0,0,0,1.23357e+1,1.91644e+1,0,0,0,0,0,0,0,0,0,0,0,0,0,0,0,8.71658e+3,1.35811e+3,1.30342e+4,0,0,0,0,5.82912e+0,1.39910e+1,3.76421e+0,4.31400e+1,0,0,0,0,0,2.29774e+3,6.10313e+3,1.57145e+1,4.83524e+0,9.00000e+1,0,0,0,4.96856e+4
"China +","HKG","Hong Kong",5.34661e-1,0,1.70167e-1,0,7.93598e-1,0,0,0,2.06910e-1,0,3.53586e+1,0,0,0,0,0,0,0,0,0,0,0,0,0,0,0,0,0,0,0,0,0,0,0,0,0,0,0,0,0,0,0,0,0,0,0,0,0,0,5.78378e+1,3.31582e+1,2.50715e-1,0,0,0,0,0,1.28311e+2
"China +","MAC","Macao",4.67042e-4,0,6.15139e-3,4.09853e-4,3.59954e-2,0,8.98800e-4,2.61168e-4,1.08965e-2,0,5.20518e-2,0,0,0,0,0,0,0,0,0,0,0,0,0,0,0,0,0,0,0,0,0,0,0,0,0,0,0,0,0,0,0,0,0,0,0,0,0,0,3.53398e+0,1.78333e+0,1.47089e-2,0,0,0,0,0,5.43915e+0
"China +","MNG","Mongolia",7.84877e-2,0,4.37670e-2,6.69262e-4,3.69509e-1,7.46339e-3,1.76854e-3,7.11567e-4,3.16803e+0,8.91582e+0,2.14059e-2,0,0,0,0,0,0,0,0,0,0,0,0,0,0,0,0,0,0,0,0,0,0,3.86955e+2,1.79039e+1,0,0,0,0,0,0,1.28933e-2,0,8.28264e+0,0,0,0,0,0,3.01157e+0,1.01579e+1,1.84024e-2,0,0,0,0,0,4.38950e+2
"China +","TWN","Taiwan_Province of China",1.87902e+0,2.43305e-1,2.65490e+0,6.60439e-3,1.29235e+1,7.11255e-3,1.11773e-1,0,1.00935e+0,6.63929e+0,3.55508e+1,0,0,0,0,0,4.36860e-1,8.67492e-1,0,0,0,0,0,0,0,0,0,0,0,0,0,0,0,1.93704e+1,3.40987e+1,0,0,0,0,0,0,0,0,0,0,0,0,0,0,1.36629e+2,1.13455e+2,6.40207e-1,0,0,0,0,0,3.66524e+2
"Southeastern Asia","BRN","Brunei Darussalam",1.44319e-1,7.64940e-2,1.43097e-2,0,2.42704e-1,0,0,0,4.81017e-2,2.16690e-2,1.79838e+2,0,0,0,0,0,0,0,0,0,0,0,0,0,0,0,0,0,0,0,0,0,0,3.96048e-1,2.18522e-1,1.09452e-1,0,0,0,0,0,3.98130e-3,0,0,0,0,0,0,0,2.01482e+0,1.64397e+0,5.40732e-2,1.84866e-2,0,0,0,0,1.84844e+2
"Southeastern Asia","KHM","Cambodia",5.78448e-4,0,4.85913e-2,1.58559e-3,8.35407e-2,0,1.01164e-4,1.62042e-4,4.55030e+1,7.68180e+0,6.94332e-4,0,0,0,0,0,0,0,0,0,0,0,0,0,0,0,0,0,0,0,0,0,0,1.78586e+2,2.19893e+1,3.56526e+2,0,0,0,0,1.81202e+1,1.77943e+1,6.30360e+0,0,0,0,0,0,0,7.55930e+0,5.30479e+1,2.36514e-1,8.08596e-2,0,0,0,0,7.13565e+2
"Southeastern Asia","LAO","Lao People's Democratic Republic",7.63119e-4,0,2.35217e-2,8.25702e-4,5.14262e-2,0,2.50285e-4,9.25560e-5,2.52455e+1,8.03798e+0,1.40429e-2,0,0,0,0,0,0,0,0,0,0,0,0,0,0,0,0,0,0,0,0,0,0,1.07505e+2,1.22792e+1,1.07258e+2,0,0,0,0,4.20168e+1,8.10485e+0,8.27832e+0,0,0,0,0,0,0,3.39722e+0,2.15665e+1,0,0,0,0,0,0,3.43780e+2
"Southeastern Asia","MMR","Myanmar",1.33377e-1,2.05780e-2,4.24646e-1,0,6.44628e-1,0,1.17230e-3,8.37360e-5,1.52246e+2,1.35864e+1,1.26168e+2,0,0,0,0,0,2.93250e-1,0,0,0,0,0,0,0,0,0,0,0,0,0,0,0,0,6.57572e+2,7.58811e+1,1.28234e+3,0,0,0,0,1.65902e+1,7.52761e+1,5.16644e+2,0,0,0,0,0,0,4.29848e+1,2.26893e+2,0,0,0,0,0,0,3.18769e+3
"Southeastern Asia","MYS","Malaysia",2.00925e+0,7.30371e-1,1.09161e+0,0,8.72209e+0,0,0,2.50800e-4,1.92837e+1,4.33477e+1,7.74275e+2,0,0,0,0,0,1.71605e+0,0,0,0,0,0,0,0,0,0,0,0,0,0,0,0,0,4.46429e+1,1.71441e+1,1.69624e+2,0,0,0,0,2.59968e+1,8.26699e+0,4.80706e+1,0,0,0,0,0,0,1.00887e+2,1.26761e+2,1.38540e+0,1.70511e+0,0,0,0,0,1.39566e+3
"Southeastern Asia","PHL","Philippines",1.42190e-1,1.53532e-1,1.86927e+0,7.56579e-3,3.95033e+0,0,1.73501e-1,0,1.68865e+2,1.08000e+2,9.46253e+0,0,0,0,0,0,1.27878e-3,3.32080e-1,0,0,0,0,0,0,0,0,0,0,0,0,0,0,0,3.91158e+2,7.77951e+1,9.69789e+2,0,0,0,0,1.93466e+0,5.98922e+1,0,0,0,0,0,0,0,1.84854e+2,3.94970e+2,0,3.37133e+0,0,0,0,0,2.37672e+3
"Southeastern Asia","SGP","Singapore",8.79998e-2,1.25905e-1,9.78120e-3,0,7.37966e-1,0,0,0,8.17754e-3,3.20075e+0,3.80836e+1,0,0,0,0,0,2.94312e-1,0,0,0,0,0,0,0,0,0,0,0,0,0,0,0,0,1.19173e-1,4.63072e-1,0,0,0,0,0,5.78112e-1,1.07722e-5,0,0,0,0,0,0,0,1.13909e+1,1.90505e+1,6.05828e+0,0,0,0,0,0,8.02085e+1
"Southeastern Asia","THA","Thailand",2.26515e+0,3.40004e-1,7.12501e+0,0,9.00214e+0,1.66531e-2,1.75560e-2,0,1.24209e+2,3.18245e+2,3.24225e+2,0,0,0,0,0,4.19640e-1,0,0,0,0,0,0,0,0,0,0,0,0,0,0,0,0,3.99339e+2,6.25778e+1,2.03311e+3,0,0,0,0,2.41704e+1,7.72300e+1,3.91014e+0,0,0,0,0,0,0,2.33750e+2,3.53725e+2,2.48739e+0,3.06140e+0,0,0,0,0,3.97923e+3
"Southeastern Asia","TLS","Timor-Leste",0,0,2.56845e-3,0,0,0,0,0,2.23614e-1,0,0,0,0,0,0,0,0,0,0,0,0,0,0,0,0,0,0,0,0,0,0,0,0,1.20243e+1,1.39009e+0,4.04496e+0,0,0,0,0,0,3.56218e-1,0,0,0,0,0,0,0,1.56801e-1,3.22466e+0,3.68918e-3,1.26126e-3,0,0,0,0,2.14281e+1
"Southeastern Asia","VNM","Viet Nam",2.58243e-1,0,1.16074e+0,2.42835e-3,2.45460e+0,0,0,2.23212e-2,2.25326e+2,3.57135e+2,1.01717e+2,0,0,0,0,0,0,0,0,0,0,0,0,0,0,0,0,0,0,0,0,0,0,4.22008e+2,1.30568e+2,1.80352e+3,0,0,0,0,9.40320e+0,8.01537e+1,1.59059e+0,0,0,0,0,0,0,7.87183e+1,3.77852e+2,0,0,0,0,0,0,3.59189e+3
"Indonesia +","IDN","Indonesia",1.41815e+0,1.70988e+0,1.46761e+1,1.31879e-2,1.70496e+1,0,5.13513e-1,0,3.74185e+2,3.64981e+2,1.41036e+3,0,0,0,0,0,7.81685e-1,2.09000e-2,0,0,0,0,0,0,0,0,0,0,0,0,0,0,0,9.74763e+2,8.20637e+1,2.36163e+3,0,0,0,0,1.48219e+2,1.88645e+2,1.63091e+2,0,9.24444e+1,0,0,0,0,6.84830e+2,1.19754e+3,7.99539e+0,9.84048e+0,0,0,0,0,8.09677e+3
"Indonesia +","PNG","Papua New Guinea",4.64035e-3,0,2.74468e-2,8.54162e-4,3.75105e-2,0,2.89890e-3,7.95234e-4,1.93502e+1,4.58428e-1,8.14062e+0,0,0,0,0,0,0,0,0,0,0,0,0,0,0,0,0,0,0,0,0,0,0,6.12632e+0,6.39516e+0,8.32786e-2,0,0,0,0,1.46088e-1,1.41077e-1,2.51722e+1,0,0,0,0,0,0,3.31398e+0,2.57941e+1,8.58721e-2,0,0,0,0,0,9.52815e+1
"Japan","JPN","Japan",9.11605e+0,5.55587e-1,1.44762e+1,7.56765e-2,1.67082e+1,4.00716e-2,1.34245e+0,0,2.20032e+1,1.10194e+2,3.97410e+1,0,0,0,0,0,5.09368e+0,7.39942e+0,0,0,0,0,0,0,0,0,0,0,0,0,0,0,0,5.22571e+2,1.95031e+2,7.96500e+2,0,0,0,0,0,5.98356e-1,4.07261e+0,1.43474e+0,0,0,0,0,0,2.24064e+2,2.26725e+2,6.32882e+1,6.88000e-1,0,0,0,0,2.26172e+3
"Oceania","ASM","American Samoa",0,0,0,0,0,0,0,0,2.16044e-5,0,0,0,0,0,0,0,0,0,0,0,0,0,0,0,0,0,0,0,0,0,0,0,0,1.62360e-2,1.25873e-1,0,0,0,0,0,0,9.84323e-6,0,0,0,0,0,0,0,2.91579e-1,6.95764e-2,0,0,0,0,0,0,5.03296e-1
"Oceania","ATF","French Southern Territories",0,0,0,0,0,0,0,0,0,0,0,0,0,0,0,0,0,0,0,0,0,0,0,0,0,0,0,0,0,0,0,0,0,0,0,0,0,0,0,0,0,0,0,0,0,0,0,0,0,0,0,0,0,0,0,0,0,0,
"Oceania","AUS","Australia",2.62808e+0,6.59979e-1,5.13951e+0,3.89373e-2,1.36373e+1,1.00960e-1,1.36059e-1,9.32140e-3,4.05593e+1,1.09109e+3,3.58914e+2,0,0,0,0,0,2.58191e-1,7.32550e-1,0,0,0,0,0,0,0,0,0,0,0,0,0,0,0,2.89132e+3,2.06966e+2,3.96312e+1,0,0,0,0,5.70768e+2,3.17801e+1,1.03481e+2,1.97318e+2,0,0,0,0,0,4.85575e+2,6.01911e+1,6.21735e-3,0,6.00000e-1,0,0,0,6.10155e+3
"Oceania","CCK","Cocos (Keeling) Islands",0,0,0,0,0,0,0,0,0,0,0,0,0,0,0,0,0,0,0,0,0,0,0,0,0,0,0,0,0,0,0,0,0,0,0,0,0,0,0,0,0,0,0,0,0,0,0,0,0,0,0,0,0,0,0,0,0,0,
"Oceania","COK","Cook Islands",0,0,3.59871e-3,0,0,0,0,0,1.41976e-3,0,0,0,0,0,0,0,0,0,0,0,0,0,0,0,0,0,0,0,0,0,0,0,0,6.55991e-2,1.16072e-1,0,0,0,0,0,0,6.46861e-4,0,0,0,0,0,0,0,0,2.42683e-2,0,0,0,0,0,0,2.11605e-1
"Oceania","CXR","Christmas Island",0,0,0,0,0,0,0,0,0,0,0,0,0,0,0,0,0,0,0,0,0,0,0,0,0,0,0,0,0,0,0,0,0,0,0,0,0,0,0,0,0,0,0,0,0,0,0,0,0,0,0,0,0,0,0,0,0,0,
"Oceania","FJI","Fiji",1.79665e-3,0,5.62597e-3,5.09810e-4,2.85408e-2,0,1.23744e-3,3.55299e-4,4.36393e-1,1.97346e-1,2.77383e-2,0,0,0,0,0,0,0,0,0,0,0,0,0,0,0,0,0,0,0,0,0,0,2.25576e+1,3.53529e+0,1.19790e+0,0,0,0,0,0,1.37691e-1,0,0,0,0,0,0,0,3.11507e+0,2.31938e+0,0,0,0,0,0,0,3.35625e+1
"Oceania","FSM","Micronesia, Federated States of",0,0,0,0,0,0,0,0,1.35721e-3,2.62570e-2,0,0,0,0,0,0,0,0,0,0,0,0,0,0,0,0,0,0,0,0,0,0,0,7.40667e-1,1.31745e-1,1.81844e-2,0,0,0,0,0,6.18365e-4,0,0,0,0,0,0,0,2.73503e-1,1.33010e-1,0,0,0,0,0,0,1.32534e+0
"Oceania","GUM","Guam",0,0,0,0,0,0,0,0,9.62625e-4,0,0,0,0,0,0,0,0,0,0,0,0,0,0,0,0,0,0,0,0,0,0,0,0,1.73811e-2,5.94240e-2,0,0,0,0,0,0,4.38582e-4,0,0,0,0,0,0,0,1.51858e+0,1.18026e+0,0,0,0,0,0,0,2.77705e+0
"Oceania","HMD","Heard Island and McDonald Islands",0,0,0,0,0,0,0,0,0,0,0,0,0,0,0,0,0,0,0,0,0,0,0,0,0,0,0,0,0,0,0,0,0,0,0,0,0,0,0,0,0,0,0,0,0,0,0,0,0,0,0,0,0,0,0,0,0,0,
"Oceania","KIR","Kiribati",4.60140e-5,0,3.69414e-4,6.20255e-5,1.22474e-3,0,2.85950e-5,9.21900e-6,5.53922e-3,2.49550e-2,8.60618e-4,0,0,0,0,0,0,0,0,0,0,0,0,0,0,0,0,0,0,0,0,0,0,1.05000e-2,2.90354e-2,0,0,0,0,0,0,2.09636e-3,0,0,0,0,0,0,0,2.40837e-1,2.93152e-1,0,0,0,0,0,0,6.08716e-1
"Oceania","MHL","Marshall Islands",0,0,0,0,0,0,0,0,0,0,0,0,0,0,0,0,0,0,0,0,0,0,0,0,0,0,0,0,0,0,0,0,0,0,0,0,0,0,0,0,0,0,0,0,0,0,0,0,0,2.23134e-1,6.89571e-2,0,0,0,0,0,0,2.92091e-1
"Oceania","MNP","Northern Mariana Islands",0,0,0,0,0,0,0,0,0,0,0,0,0,0,0,0,0,0,0,0,0,0,0,0,0,0,0,0,0,0,0,0,0,0,0,0,0,0,0,0,0,0,0,0,0,0,0,0,0,3.03624e-1,9.43499e-2,0,0,0,0,0,0,3.97974e-1
"Oceania","NCL","New Caledonia",1.15786e-3,0,7.35611e-3,4.90605e-5,3.90889e-2,0,7.44436e-4,2.53008e-4,2.07354e-2,4.10750e-2,4.41882e-2,0,0,0,0,0,0,0,0,0,0,0,0,0,0,0,0,0,0,0,0,0,0,6.48550e+0,7.82920e-1,0,0,0,0,0,0,2.25426e-3,0,0,0,0,0,0,0,1.81348e+0,2.62596e-1,0,0,0,0,0,0,9.50140e+0
"Oceania","NFK","Norfolk Island",0,0,0,0,0,0,0,0,0,0,0,0,0,0,0,0,0,0,0,0,0,0,0,0,0,0,0,0,0,0,0,0,0,0,0,0,0,0,0,0,0,0,0,0,0,0,0,0,0,0,4.07340e-3,0,0,0,0,0,0,4.07340e-3
"Oceania","NIU","Niue",0,0,0,0,0,0,0,0,9.61404e-5,3.72000e-4,0,0,0,0,0,0,0,0,0,0,0,0,0,0,0,0,0,0,0,0,0,0,0,9.37974e-3,2.31920e-2,0,0,0,0,0,0,4.38026e-5,0,0,0,0,0,0,0,6.24510e-3,3.66811e-3,0,0,0,0,0,0,4.29969e-2
"Oceania","NRU","Nauru",0,0,0,0,0,0,0,0,0,0,0,0,0,0,0,0,0,0,0,0,0,0,0,0,0,0,0,0,0,0,0,0,0,2.80000e-3,8.18133e-3,0,0,0,0,0,0,0,0,0,0,0,0,0,0,9.30637e-2,1.61622e-2,0,0,0,0,0,0,1.20207e-1
"Oceania","NZL","New Zealand",3.12172e-1,3.34039e-2,7.35849e-1,6.42673e-3,1.63698e+0,0,0,1.49226e-2,3.87521e+0,1.42163e+1,3.09857e+1,0,0,0,0,0,4.73110e+0,0,0,0,0,0,0,0,0,0,0,0,0,0,0,0,0,1.01574e+3,1.04487e+2,0,0,0,0,0,0,2.83016e-1,0,0,0,0,0,0,0,7.80155e+1,1.08314e+1,0,0,0,0,0,0,1.26590e+3
"Oceania","PCN","Pitcairn",0,0,0,0,0,0,0,0,0,0,0,0,0,0,0,0,0,0,0,0,0,0,0,0,0,0,0,0,0,0,0,0,0,0,0,0,0,0,0,0,0,0,0,0,0,0,0,0,0,0,1.03389e-3,0,0,0,0,0,0,1.03389e-3
"Oceania","PLW","Palau",0,0,0,0,0,0,0,0,0,0,0,0,0,0,0,0,0,0,0,0,0,0,0,0,0,0,0,0,0,0,0,0,0,0,0,0,0,0,0,0,0,0,0,0,0,0,0,0,0,0,6.38174e-2,0,0,0,0,0,0,6.38174e-2
"Oceania","PYF","French Polynesia",1.46470e-3,0,3.11880e-3,4.93026e-5,2.96212e-2,0,8.78353e-4,2.68968e-4,6.31082e-3,0,2.35458e-2,0,0,0,0,0,0,0,0,0,0,0,0,0,0,0,0,0,0,0,0,0,0,7.57960e-1,4.48227e-1,0,0,0,0,0,0,1.89416e-3,0,0,0,0,0,0,0,1.81364e+0,9.20788e-1,0,0,0,0,0,0,4.00777e+0
"Oceania","SLB","Solomon Islands",6.03144e-4,0,2.14402e-3,8.12924e-5,8.03994e-3,0,3.47522e-4,9.98220e-5,5.13315e-1,8.72340e-2,6.20587e-3,0,0,0,0,0,0,0,0,0,0,0,0,0,0,0,0,0,0,0,0,0,0,6.23282e+1,2.00704e+0,2.72766e-1,0,0,0,0,0,5.73647e-3,0,0,0,0,0,0,0,3.73854e-1,7.76456e-1,0,0,0,0,0,0,6.63821e+1
"Oceania","TKL","Tokelau",0,0,0,0,0,0,0,0,1.85680e-4,0,0,0,0,0,0,0,0,0,0,0,0,0,0,0,0,0,0,0,0,0,0,0,0,1.00000e-3,3.20383e-3,0,0,0,0,0,0,8.45978e-5,0,0,0,0,0,0,0,0,7.24968e-3,0,0,0,0,0,0,1.17238e-2
"Oceania","TON","Tonga",0,0,1.28887e-3,0,1.06613e-2,0,0,0,2.62915e-3,2.25990e-2,4.54174e-3,0,0,0,0,0,0,0,0,0,0,0,0,0,0,0,0,0,0,0,0,0,0,1.01165e+0,9.97451e-1,0,0,0,0,0,0,1.19787e-3,0,0,0,0,0,0,0,2.92509e-1,4.19040e-1,0,0,0,0,0,0,2.76357e+0
"Oceania","TUV","Tuvalu",0,0,0,0,0,0,0,0,0,0,0,0,0,0,0,0,0,0,0,0,0,0,0,0,0,0,0,0,0,0,0,0,0,1.32000e-2,4.01627e-2,0,0,0,0,0,0,0,0,0,0,0,0,0,0,2.59523e-2,7.38660e-2,0,0,0,0,0,0,1.53181e-1
"Oceania","VUT","Vanuatu",2.24090e-4,0,9.94224e-4,3.85880e-5,4.56695e-3,0,1.69505e-4,4.98450e-5,1.13969e-1,3.49370e-2,2.90407e-3,0,0,0,0,0,0,0,0,0,0,0,0,0,0,0,0,0,0,0,0,0,0,1.00254e+1,1.21590e+0,0,0,0,0,0,0,1.24915e-2,0,0,0,0,0,0,0,2.67778e-1,1.04761e+0,0,0,0,0,0,0,1.27270e+1
"Oceania","WLF","Wallis and Futuna",0,0,0,0,0,0,0,0,9.05508e-4,0,0,0,0,0,0,0,0,0,0,0,0,0,0,0,0,0,0,0,0,0,0,0,0,6.64232e-2,7.59984e-2,0,0,0,0,0,0,4.12560e-4,0,0,0,0,0,0,0,0,8.26543e-2,0,0,0,0,0,0,2.26394e-1
"Oceania","WSM","Samoa",2.42031e-4,0,9.68469e-4,2.87608e-4,1.26718e-2,0,2.09447e-4,7.41840e-5,2.50659e-1,3.16510e-2,4.99026e-3,0,0,0,0,0,0,0,0,0,0,0,0,0,0,0,0,0,0,0,0,0,0,1.74618e+0,2.09456e+0,0,0,0,0,0,0,1.13034e-3,0,0,0,0,0,0,0,3.03441e-1,1.05840e+0,0,0,0,0,0,0,5.50547e+0
"Antartica","ATA","Antarctica",0,0,0,0,0,0,0,0,0,0,0,0,0,0,0,0,0,0,0,0,0,0,0,0,0,0,0,0,0,0,0,0,0,0,0,0,0,0,0,0,0,0,0,0,0,0,0,0,0,0,0,0,0,0,0,0,0,0,
"Int. Shipping","SEA","Int. Shipping",0,0,0,0,0,0,0,0,0,0,1.18099e+1,0,4.30046e+1,0,0,0,0,0,0,0,0,0,0,0,0,0,0,0,0,0,0,0,0,0,0,0,0,0,0,0,0,0,0,0,0,0,0,0,0,0,0,0,0,0,0,0,0,5.48145e+1
"Int. Aviation","AIR","Int. Aviation",0,0,0,0,0,0,0,0,0,0,0,2.49757e+0,0,0,0,0,0,0,0,0,0,0,0,0,0,0,0,0,0,0,0,0,0,0,0,0,0,0,0,0,0,0,0,0,0,0,0,0,0,0,0,0,0,0,0,0,0,2.49757e+0

"TOTALS",,,1.88950e+2,4.61099e+1,4.05878e+2,2.32928e+0,6.76032e+2,5.86852e+0,1.00996e+1,2.56523e+0,1.14462e+4,3.20157e+4,5.75730e+4,2.49757e+0,4.30046e+1,0,0,0,1.25800e+2,6.68037e+1,0,0,0,0,0,0,0,0,0,0,0,0,0,0,0,9.13196e+4,1.08453e+4,3.35624e+4,0,0,0,0,6.15422e+3,1.34774e+3,6.68435e+3,1.35383e+3,9.24444e+1,0,0,0,0,2.63955e+4,2.77232e+4,1.36043e+2,2.26272e+2,1.50600e+2,0,0,0,03.08602e+5