"Content:","Emissions by country and main source category" 
"Compound:","CH4"
"Year: ","1998"
"Unit:","Gg CH4"
"Source:","European Commission, Joint Research Centre (JRC)/PBL Netherlands Environmental Assessment Agency. Emission Database for Global Atmospheric Research (EDGAR), release version 4.2. http://edgar.jrc.ec.europe.eu, 2010" 
"Dataset:","v4.2_EM_CH4_300911(edgar)"
"Date calculated:","November 30, 1999, 12:00 am"

,,,"Public electricity and heat production","Other Energy Industries","Manufacturing Industries and Construction","Domestic aviation","Road transportation","Rail transportation","Inland navigation","Other transportation","Residential and other sectors","Fugitive emissions from solid fuels","Fugitive emissions from oil and gas","Memo: International aviation","Memo: International navigation","Cement production","Lime production","Production of other minerals","Production of chemicals","Production of metals","Production of pulp/paper/food/drink","Production of halocarbons and SF6","Refrigeration and Air Conditioning","Foam Blowing","Fire Extinguishers","Aerosols","F-gas as Solvent","Semiconductor/Electronics Manufacture","Electrical Equipment","Other F-gas use","Non-energy use of lubricants/waxes (CO2)","Solvent and other product use: paint","Solvent and other product use: degrease","Solvent and other product use: chemicals","Solvent and other product use: other","Enteric fermentation","Manure management","Rice cultivation","Direct soil emissions","Manure in pasture/range/paddock","Indirect N2O from agriculture","Other direct soil emissions","Savanna burning","Agricultural waste burning","Forest fires","Grassland fires","Peat fires and decay of drained peatland","Other vegetation fires","Other biomass burning","Forest Fires-Post burn decay","Forest Land: net carbon stock change","Solid waste disposal on land","Wastewater handling","Waste incineration","Other waste handling","Fossil fuel fires","Indirect N2O from non-agricultural NOx","Indirect N2O from non-agricultural NH3","Other sources",

"World Region","ISO_A3","Country","1A1a","1A1bc","1A2","1A3a","1A3b","1A3c","1A3d","1A3e","1A4","1B1","1B2","1C1","1C2","2A1","2A2","2A7","2B","2C","2D","2E","2F1","2F2","2F3","2F4","2F5","2F7","2F8","2F9","2G","3A","3B","3C","3D","4A","4B","4C","4D1","4D2","4D3","4D4","4E","4F","5A","5C","5D","5F","5F1","5F2","5FL","6A","6B","6C","6D","7A","7B","7C","7D","TOTAL" 
"Canada","CAN","Canada",3.26482e+0,1.95425e+0,1.10604e+1,8.75668e-2,1.24457e+1,3.06151e-1,4.42839e-1,2.22110e-1,4.32939e+1,1.06527e+2,2.04790e+3,0,0,0,0,0,5.89509e+0,1.41430e-1,0,0,0,0,0,0,0,0,0,0,0,0,0,0,0,8.34921e+2,2.45416e+2,0,0,0,0,0,0,7.97214e+0,7.26096e+2,1.28342e+2,0,0,0,0,0,1.09656e+3,1.89762e+2,1.80631e+0,9.29576e+0,0,0,0,0,5.47372e+3
"USA","SPM","Saint Pierre and Miquelon",0,0,0,0,0,0,0,0,0,0,0,0,0,0,0,0,0,0,0,0,0,0,0,0,0,0,0,0,0,0,0,0,0,1.04371e-3,8.50333e-4,0,0,0,0,0,0,0,0,0,0,0,0,0,0,4.84472e-2,1.17697e-2,8.68016e-4,4.93984e-4,0,0,0,0,6.34729e-2
"USA","UMI","United States Minor Outlying Islands",0,0,0,0,0,0,0,0,0,0,0,0,0,0,0,0,0,0,0,0,0,0,0,0,0,0,0,0,0,0,0,0,0,0,0,0,0,0,0,0,0,0,0,0,0,0,0,0,0,0,0,0,0,0,0,0,0,0,
"USA","USA","United States",8.16385e+1,8.94105e+0,3.58004e+1,1.33714e+0,1.31602e+2,1.62493e+0,8.37321e-1,7.37170e-1,3.22535e+2,4.19963e+3,6.84678e+3,0,0,0,0,0,3.25703e+1,1.39641e+0,0,0,0,0,0,0,0,0,0,0,0,0,0,0,0,6.38787e+3,2.03138e+3,3.76408e+2,0,0,0,0,1.27303e+1,3.54421e+1,2.22792e+1,7.70232e+1,0,0,0,0,0,5.95885e+3,8.85515e+2,0,4.53240e+1,1.50000e+1,0,0,0,2.75133e+4
"Mexico","MEX","Mexico",1.25733e+0,1.50534e+0,4.62264e+0,0,2.07032e+1,9.64323e-2,0,2.75073e-2,7.73319e+1,4.04938e+1,1.36716e+3,0,0,0,0,0,1.23423e+0,2.94696e-1,0,0,0,0,0,0,0,0,0,0,0,0,0,0,0,2.22591e+3,1.89565e+2,1.27077e+1,0,0,0,0,3.85608e+2,3.29899e+1,3.57704e+2,5.87088e-2,0,0,0,0,0,3.81766e+2,4.76796e+2,0,0,0,0,0,0,5.57783e+3
"Rest Central America","ABW","Aruba",1.51590e-3,0,8.79234e-3,0,1.97368e-2,0,0,2.49000e-7,3.87118e-3,9.70300e-3,2.26997e-3,0,0,0,0,0,0,0,0,0,0,0,0,0,0,0,0,0,0,0,0,0,0,3.39370e-2,4.18740e-3,0,0,0,0,0,0,0,0,0,0,0,0,0,0,3.87780e-1,3.54293e-1,0,0,0,0,0,0,8.26087e-1
"Rest Central America","AIA","Anguilla",1.83840e-4,0,1.06629e-3,0,0,0,0,0,9.80000e-5,9.54800e-2,0,0,0,0,0,0,0,0,0,0,0,0,0,0,0,0,0,0,0,0,0,0,0,0,0,0,0,0,0,0,0,0,0,0,0,0,0,0,0,7.82253e-3,3.52731e-2,0,0,0,0,0,0,1.39924e-1
"Rest Central America","ANT","Netherlands Antilles",0,8.41578e-2,1.26860e-2,1.48631e-3,1.28837e-1,0,0,0,3.26571e-2,1.36400e-3,3.44170e+0,0,0,0,0,0,0,0,0,0,0,0,0,0,0,0,0,0,0,0,0,0,0,1.59822e-1,7.36300e-3,0,0,0,0,0,0,0,0,0,0,0,0,0,0,1.54450e+0,7.80895e-1,0,0,0,0,0,0,6.19546e+0
"Rest Central America","ATG","Antigua and Barbuda",3.53206e-3,0,7.78059e-3,1.90530e-5,1.91975e-2,0,0,1.90500e-6,6.93192e-3,0,7.60161e-3,0,0,0,0,0,0,0,0,0,0,0,0,0,0,0,0,0,0,0,0,0,0,1.10059e+0,2.52214e-2,0,0,0,0,0,0,1.41968e-3,0,0,0,0,0,0,0,2.90587e-1,2.87257e-1,0,0,0,0,0,0,1.75014e+0
"Rest Central America","BHS","Bahamas",2.04971e-2,0,3.84817e-2,9.55525e-4,1.34450e-1,0,0,7.16760e-5,1.23298e-1,8.11270e-2,5.48178e-2,0,0,0,0,0,0,0,0,0,0,0,0,0,0,0,0,0,0,0,0,0,0,1.61363e-1,5.50975e-2,0,0,0,0,0,0,1.35435e-2,0,0,0,0,0,0,0,6.06713e+0,1.29061e+0,0,0,0,0,0,0,8.04144e+0
"Rest Central America","BLZ","Belize",7.30284e-3,0,2.29138e-2,1.14640e-5,4.42373e-2,0,0,1.14600e-6,1.02031e+0,5.32270e-2,7.42520e-3,0,0,0,0,0,0,0,0,0,0,0,0,0,0,0,0,0,0,0,0,0,0,2.88615e+0,1.05766e-1,6.50334e-1,0,0,0,0,2.86152e-1,3.83000e-1,0,0,0,0,0,0,0,9.27916e-1,1.14821e+0,0,0,0,0,0,0,7.54296e+0
"Rest Central America","BMU","Bermuda",5.93046e-3,0,6.79756e-3,8.51960e-5,1.79710e-2,0,0,1.29000e-6,6.59941e-3,0,8.21578e-3,0,0,0,0,0,0,0,0,0,0,0,0,0,0,0,0,0,0,0,0,0,0,6.68804e-2,2.66760e-3,0,0,0,0,0,0,4.09164e-5,0,0,0,0,0,0,0,8.36408e-1,2.69002e-1,0,0,0,0,0,0,1.22060e+0
"Rest Central America","BRB","Barbados",9.86210e-3,1.00483e-3,2.96052e-2,5.38170e-5,4.77519e-2,0,0,4.37100e-6,1.83518e-2,2.70630e-2,4.75831e-1,0,0,0,0,0,0,0,0,0,0,0,0,0,0,0,0,0,0,0,0,0,0,1.47046e+0,8.57460e-2,0,0,0,0,0,0,1.33052e-1,0,0,0,0,0,0,0,1.64091e+0,1.48679e+0,0,0,0,0,0,0,5.42649e+0
"Rest Central America","CRI","Costa Rica",1.56211e-2,0,3.32167e-1,0,4.80051e-1,0,7.91308e-3,0,6.51033e-1,4.57250e-1,5.61878e+0,0,0,0,0,0,0,0,0,0,0,0,0,0,0,0,0,0,0,0,0,0,0,1.00552e+2,2.85322e+0,6.97676e+0,0,0,0,0,2.02709e+0,1.36291e+0,0,0,0,0,0,0,0,6.97371e+0,1.68450e+1,0,0,0,0,0,0,1.45154e+2
"Rest Central America","CUB","Cuba",3.90551e-1,2.05391e-3,2.78419e+0,0,4.10190e-1,0,0,0,2.11105e+1,5.66990e+0,1.10647e+1,0,0,0,0,0,0,0,0,0,0,0,0,0,0,0,0,0,0,0,0,0,0,2.57515e+2,8.56209e+0,6.40174e+1,0,0,0,0,6.34776e+0,1.03246e+1,0,0,0,0,0,0,0,5.86580e+1,5.77889e+1,0,0,0,0,0,0,5.04646e+2
"Rest Central America","CYM","Cayman Islands",4.28946e-3,0,3.90640e-3,1.22570e-5,1.63548e-2,0,0,1.22400e-6,3.64441e-3,0,5.41113e-3,0,0,0,0,0,0,0,0,0,0,0,0,0,0,0,0,0,0,0,0,0,0,7.78915e-2,4.11749e-3,0,0,0,0,0,0,1.11551e-5,0,0,0,0,0,0,0,7.32982e-1,1.57595e-1,0,0,0,0,0,0,1.00622e+0
"Rest Central America","DMA","Dominica",1.81504e-3,0,7.60070e-3,3.15949e-6,9.89497e-3,0,0,0,1.49867e-3,2.27850e-2,1.40476e-3,0,0,0,0,0,0,0,0,0,0,0,0,0,0,0,0,0,0,0,0,0,0,8.94046e-1,2.21270e-2,0,0,0,0,0,0,2.16953e-3,0,0,0,0,0,0,0,4.71105e-1,3.65596e-1,0,0,0,0,0,0,1.80005e+0
"Rest Central America","DOM","Dominican Republic",7.47568e-2,5.85000e-4,4.44974e-1,0,9.09484e-1,0,0,6.07086e-3,1.23501e+1,3.42023e+1,5.83562e-1,0,0,0,0,0,0,0,0,0,0,0,0,0,0,0,0,0,0,0,0,0,0,1.69523e+2,5.10626e+0,3.53381e+1,0,0,0,0,4.62432e-1,1.89204e+0,0,0,0,0,0,0,0,3.44744e+1,3.54541e+1,4.29382e-1,0,0,0,0,0,3.31252e+2
"Rest Central America","GLP","Guadeloupe",1.21806e-2,0,4.52479e-2,3.20973e-4,8.34234e-2,0,0,8.99400e-6,3.03028e-1,1.74034e-1,2.65002e-2,0,0,0,0,0,0,0,0,0,0,0,0,0,0,0,0,0,0,0,0,0,0,5.39936e+0,1.13879e-1,0,0,0,0,0,0,1.48934e-1,0,0,0,0,0,0,0,3.14183e+0,1.97241e+0,0,0,0,0,0,0,1.14212e+1
"Rest Central America","GRD","Grenada",3.25079e-3,0,1.00185e-2,2.68550e-5,1.44009e-2,0,0,8.64000e-7,3.74267e-3,9.13880e-2,3.16634e-3,0,0,0,0,0,0,0,0,0,0,0,0,0,0,0,0,0,0,0,0,0,0,3.43017e-1,1.33987e-2,0,0,0,0,0,0,4.26770e-3,0,0,0,0,0,0,0,3.56144e-1,5.05741e-1,0,0,0,0,0,0,1.34856e+0
"Rest Central America","GTM","Guatemala",3.42910e-1,1.05643e-2,5.52784e-1,0,6.22403e-1,0,0,4.18680e-5,3.38400e+1,3.29220e+0,3.29820e+0,0,0,0,0,0,0,0,0,0,0,0,0,0,0,0,0,0,0,0,0,0,0,1.36723e+2,3.88547e+0,1.69436e+0,0,0,0,0,3.37968e+2,6.20724e+0,4.01832e+2,0,0,0,0,0,0,1.37908e+1,4.38369e+1,0,0,0,0,0,0,9.87897e+2
"Rest Central America","HND","Honduras",2.48696e-2,2.51208e-4,4.07333e-1,0,3.03117e-1,0,0,0,1.78129e+1,2.10335e+0,0,0,0,0,0,0,0,0,0,0,0,0,0,0,0,0,0,0,0,0,0,0,0,1.14316e+2,3.23365e+0,1.35798e+0,0,0,0,0,1.95245e+1,1.61307e+0,0,0,0,0,0,0,0,5.61288e+0,2.43975e+1,0,0,0,0,0,0,1.90708e+2
"Rest Central America","HTI","Haiti",7.03383e-3,0,1.65421e-1,0,8.24370e-2,0,0,1.41932e-2,1.47087e+1,2.46000e+1,0,0,0,0,0,0,0,0,0,0,0,0,0,0,0,0,0,0,0,0,0,0,0,8.63123e+1,3.58199e+0,6.37875e+0,0,0,0,0,0,8.70048e-1,0,0,0,0,0,0,0,1.45384e+1,3.81110e+1,0,0,0,0,0,0,1.89370e+2
"Rest Central America","JAM","Jamaica",1.94081e-1,3.59833e-4,3.36765e-2,2.09339e-5,4.12185e-1,0,0,1.60773e-2,2.96760e+0,8.32195e+0,2.18695e-1,0,0,0,0,0,0,0,0,0,0,0,0,0,0,0,0,0,0,0,0,0,0,2.86313e+1,8.81285e-1,1.99336e-3,0,0,0,0,0,6.92493e-1,0,0,0,0,0,0,0,1.05179e+1,1.17662e+1,0,0,0,0,0,0,6.46559e+1
"Rest Central America","KNA","Saint Kitts and Nevis",1.70498e-3,0,4.01391e-3,3.29330e-5,5.85500e-3,0,0,0,1.09772e-1,0,1.57817e-3,0,0,0,0,0,0,0,0,0,0,0,0,0,0,0,0,0,0,0,0,0,0,3.44749e-1,1.01340e-2,0,0,0,0,0,0,7.25183e-2,0,0,0,0,0,0,0,7.07656e-1,2.53469e-1,0,0,0,0,0,0,1.51148e+0
"Rest Central America","LCA","Saint Lucia",4.70574e-3,0,1.50784e-2,5.60699e-6,1.78641e-2,0,0,3.12000e-7,1.62140e-2,2.80860e-2,3.36411e-3,0,0,0,0,0,0,0,0,0,0,0,0,0,0,0,0,0,0,0,0,0,0,8.58333e-1,3.36680e-2,0,0,0,0,0,0,8.60613e-3,0,0,0,0,0,0,0,1.65475e-1,6.97657e-1,0,0,0,0,0,0,1.84906e+0
"Rest Central America","MSR","Montserrat",5.35628e-4,0,6.40113e-4,3.83749e-6,5.01531e-3,0,0,0,4.41052e-4,0,7.92210e-4,0,0,0,0,0,0,0,0,0,0,0,0,0,0,0,0,0,0,0,0,0,0,6.20505e-1,1.38480e-2,0,0,0,0,0,0,4.62834e-5,0,0,0,0,0,0,0,1.17686e-2,4.41213e-2,0,0,0,0,0,0,6.97717e-1
"Rest Central America","MTQ","Martinique",1.81240e-2,0,4.30182e-2,3.04742e-4,7.82981e-2,0,0,1.38390e-5,6.82242e-2,1.50629e-1,2.94581e-2,0,0,0,0,0,0,0,0,0,0,0,0,0,0,0,0,0,0,0,0,0,0,1.83952e+0,6.97200e-2,0,0,0,0,0,0,6.41620e-2,0,0,0,0,0,0,0,4.95775e+0,1.72234e+0,0,0,0,0,0,0,9.04156e+0
"Rest Central America","NIC","Nicaragua",4.09557e-2,1.53642e-3,2.50968e-1,2.09339e-5,1.64711e-1,0,8.20610e-3,0,1.33750e+1,2.37770e+0,2.26688e-1,0,0,0,0,0,0,0,0,0,0,0,0,0,0,0,0,0,0,0,0,0,0,1.44136e+2,4.11377e+0,1.04153e+1,0,0,0,0,6.07680e+1,1.60350e+0,0,0,0,0,0,0,0,2.07149e+1,2.29583e+1,0,0,0,0,0,0,2.81155e+2
"Rest Central America","PAN","Panama",4.76202e-2,2.20884e-3,1.34103e-1,0,4.87002e-1,0,0,4.03188e-2,5.85103e+0,4.57250e-1,6.46661e-1,0,0,0,0,0,0,0,0,0,0,0,0,0,0,0,0,0,0,0,0,0,0,9.07659e+1,2.16656e+0,1.09884e+1,0,0,0,0,5.62896e+0,8.06091e-1,0,0,0,0,0,0,0,9.39022e+0,1.24655e+1,0,0,0,0,0,0,1.39878e+2
"Rest Central America","PRI","Puerto Rico",0,0,0,0,0,0,0,0,0,0,0,0,0,0,0,0,0,0,0,0,0,0,0,0,0,0,0,0,0,0,0,0,0,2.81232e+1,8.00574e-1,0,0,0,0,0,0,7.68144e-2,0,0,0,0,0,0,0,4.68310e+1,1.92820e+1,0,0,0,0,0,0,9.51136e+1
"Rest Central America","SLV","El Salvador",1.31021e-1,7.53624e-4,2.87066e-1,0,3.43239e-1,0,0,0,1.61411e+1,1.55465e+0,2.50128e-1,0,0,0,0,0,0,0,0,0,0,0,0,0,0,0,0,0,0,0,0,0,0,6.14924e+1,1.84908e+0,1.28322e+0,0,0,0,0,1.31446e-1,2.18012e+0,0,0,0,0,0,0,0,1.70617e+1,2.72437e+1,0,0,0,0,0,0,1.29950e+2
"Rest Central America","TCA","Turks and Caicos Islands",2.95260e-4,0,1.71258e-3,0,0,0,0,0,1.57400e-4,6.23100e-3,0,0,0,0,0,0,0,0,0,0,0,0,0,0,0,0,0,0,0,0,0,0,0,0,0,0,0,0,0,0,0,0,0,0,0,0,0,0,0,7.74839e-2,7.06002e-2,0,0,0,0,0,0,1.56480e-1
"Rest Central America","TTO","Trinidad and Tobago",2.48068e-1,1.13410e-1,3.86442e-2,0,3.06865e-1,0,0,0,6.26435e-1,1.71027e-1,1.40277e+2,0,0,0,0,0,4.60299e+0,0,0,0,0,0,0,0,0,0,0,0,0,0,0,0,0,2.55599e+0,2.28272e-1,2.99004e-1,0,0,0,0,0,3.19696e-1,0,0,0,0,0,0,0,9.60089e+0,3.42084e+1,0,0,0,0,0,0,1.93596e+2
"Rest Central America","VCT","Saint Vincent and the Grenadines",3.78000e-3,0,1.13940e-2,5.32500e-6,1.12336e-2,0,0,5.31000e-7,2.35607e-2,3.07210e-2,2.71140e-3,0,0,0,0,0,0,0,0,0,0,0,0,0,0,0,0,0,0,0,0,0,0,4.74133e-1,2.03100e-2,0,0,0,0,0,0,1.35364e-2,0,0,0,0,0,0,0,4.77535e-1,5.37997e-1,0,0,0,0,0,0,1.60692e+0
"Rest Central America","VGB","Virgin Islands_British",9.30630e-4,0,1.97783e-3,3.99450e-6,5.34622e-3,0,0,0,5.39653e-4,2.38700e-3,9.40777e-4,0,0,0,0,0,0,0,0,0,0,0,0,0,0,0,0,0,0,0,0,0,0,4.96543e-1,2.81093e-2,0,0,0,0,0,0,0,0,0,0,0,0,0,0,1.84488e-1,8.32380e-2,0,0,0,0,0,0,8.04504e-1
"Rest Central America","VIR","Virgin Islands_USA",0,0,0,0,0,0,0,0,0,0,0,0,0,0,0,0,0,0,0,0,0,0,0,0,0,0,0,0,0,0,0,0,0,4.42400e-2,8.57493e-3,0,0,0,0,0,0,9.52312e-2,0,0,0,0,0,0,0,1.14649e+0,4.88167e-1,0,0,0,0,0,0,1.78270e+0
"Brazil","BRA","Brazil",2.10053e+0,9.82465e+0,2.66051e+1,6.77005e-2,2.15843e+1,6.06394e-2,3.14764e-1,0,1.08303e+2,5.03683e+2,4.33800e+2,0,0,0,0,0,2.12580e+0,2.31729e+0,0,0,0,0,0,0,0,0,0,0,0,0,0,0,0,1.06017e+4,2.39437e+2,2.21947e+2,0,0,0,0,7.37712e+2,1.63174e+2,2.41469e+3,2.72424e+0,0,0,0,0,0,6.91094e+2,1.75292e+3,7.81859e+0,2.74957e+0,0,0,0,0,1.79468e+4
"Rest South America","ARG","Argentina",9.83466e-1,5.22447e-1,3.66093e+0,3.43736e-2,1.02470e+1,0,2.43253e-2,3.25314e-2,6.72578e+0,2.66171e+1,9.31178e+2,0,0,0,0,0,2.44751e-1,1.46614e-1,0,0,0,0,0,0,0,0,0,0,0,0,0,0,0,3.19445e+3,6.04199e+1,2.64121e+1,0,0,0,0,1.86144e+1,4.12684e+1,2.51791e+1,4.25232e+1,0,0,0,0,0,1.60333e+2,2.25082e+2,0,0,0,0,0,0,4.77469e+3
"Rest South America","BOL","Bolivia",1.29103e-1,2.40561e-2,4.81176e-1,3.16104e-3,5.57091e-1,2.43253e-3,3.80999e-3,0,8.60589e+0,1.82900e+0,1.29985e+2,0,0,0,0,0,0,0,0,0,0,0,0,0,0,0,0,0,0,0,0,0,0,4.08327e+2,1.23959e+1,1.76911e+1,0,0,0,0,6.05208e+1,2.93520e+0,2.17253e+2,0,0,0,0,0,0,1.59058e+1,3.73994e+1,0,0,0,0,0,0,9.14049e+2
"Rest South America","BVT","Bouvet Island",0,0,0,0,0,0,0,0,0,0,0,0,0,0,0,0,0,0,0,0,0,0,0,0,0,0,0,0,0,0,0,0,0,0,0,0,0,0,0,0,0,0,0,0,0,0,0,0,0,0,0,0,0,0,0,0,0,0,
"Rest South America","CHL","Chile",7.65297e-1,1.54611e-1,1.64513e+0,1.44419e-2,2.79939e+0,2.43253e-3,1.20454e-1,0,3.48275e+1,3.62612e+1,1.01466e+2,0,0,0,0,0,3.38557e+0,9.60520e-3,0,0,0,0,0,0,0,0,0,0,0,0,0,0,0,3.16767e+2,9.35561e+0,3.32642e+0,0,0,0,0,6.09216e-4,2.25210e+0,1.12454e-1,2.38157e+0,0,0,0,0,0,4.37411e+1,1.98132e+2,0,0,0,0,0,0,7.57520e+2
"Rest South America","COL","Colombia",3.59566e-1,3.08578e-1,3.21489e+0,9.21095e-4,5.99943e+0,3.03752e-3,4.86507e-2,0,3.17828e+1,9.37636e+1,3.40120e+2,0,0,0,0,0,5.52289e-2,2.54100e-2,0,0,0,0,0,0,0,0,0,0,0,0,0,0,0,1.62459e+3,3.93589e+1,9.57051e+1,0,0,0,0,2.54856e+1,1.22825e+1,4.15956e+1,0,0,0,0,0,0,8.22721e+1,1.89180e+2,0,0,0,0,0,0,2.58615e+3
"Rest South America","ECU","Ecuador",3.76628e-2,4.61957e-2,5.26489e-1,1.46538e-4,1.65614e+0,0,8.38194e-2,0,1.09401e+1,8.36861e+0,1.21889e+2,0,0,0,0,0,7.47000e-5,0,0,0,0,0,0,0,0,0,0,0,0,0,0,0,0,3.29137e+2,1.09310e+1,8.83605e+1,0,0,0,0,9.22320e-2,3.32027e+0,8.21780e-2,0,0,0,0,0,0,1.96672e+1,5.45408e+1,0,0,0,0,0,0,6.49680e+2
"Rest South America","FLK","Falkland Islands (Malvinas)",5.49555e-4,0,3.04551e-4,4.16300e-6,9.10320e-4,0,0,0,1.65805e-4,7.96700e-3,4.15153e-4,0,0,0,0,0,0,0,0,0,0,0,0,0,0,0,0,0,0,0,0,0,0,3.86343e+0,7.65557e-2,0,0,0,0,0,0,0,0,0,0,0,0,0,0,1.73083e-2,1.61709e-2,8.78787e-5,1.57290e-5,0,0,0,0,3.98389e+0
"Rest South America","GUF","French Guiana",6.03096e-3,0,1.83441e-2,2.38541e-4,2.28850e-2,0,0,1.45050e-5,2.85465e-1,2.99956e-1,1.38921e-2,0,0,0,0,0,0,0,0,0,0,0,0,0,0,0,0,0,0,0,0,0,0,5.36531e-1,3.11294e-2,1.11753e+0,0,0,0,0,0,2.42813e-2,1.43793e+0,0,0,0,0,0,0,8.28886e-1,7.35453e-1,2.64522e-3,4.59188e-4,0,0,0,0,5.36167e+0
"Rest South America","GUY","Guyana",2.60766e-2,0,7.58930e-2,1.05500e-4,5.55420e-2,0,0,4.83000e-7,3.08653e+0,4.57250e-2,2.07422e-2,0,0,0,0,0,0,0,0,0,0,0,0,0,0,0,0,0,0,0,0,0,0,7.60779e+0,3.95237e-1,3.63552e+1,0,0,0,0,9.37008e+0,1.15623e+0,1.36932e+2,0,0,0,0,0,0,1.33553e+0,4.02130e+0,4.31796e-3,7.41732e-4,0,0,0,0,2.00489e+2
"Rest South America","PER","Peru",1.20390e-1,5.09627e-2,3.24687e-1,4.18681e-5,1.37474e+0,0,1.40676e-2,0,2.68003e+1,8.18021e+0,3.80883e+1,0,0,0,0,0,3.00000e-4,2.40760e-1,0,0,0,0,0,0,0,0,0,0,0,0,0,0,0,3.52293e+2,1.10882e+1,7.98313e+1,0,0,0,0,4.11024e+0,4.15469e+0,5.43939e+1,0,0,0,0,0,0,5.38737e+1,1.13512e+2,0,0,0,0,0,0,7.48452e+2
"Rest South America","PRY","Paraguay",5.60193e-2,0,2.29294e+0,0,4.14166e-1,8.79228e-3,0,4.60548e-4,1.80504e+1,1.88387e+1,3.43176e-2,0,0,0,0,0,0,0,0,0,0,0,0,0,0,0,0,0,0,0,0,0,0,5.54792e+2,1.29350e+1,2.60383e+0,0,0,0,0,2.31187e+1,3.69489e+0,2.95361e+1,3.05328e+0,0,0,0,0,0,1.82504e+1,2.47930e+1,0,0,0,0,0,0,7.12473e+2
"Rest South America","SGS","South Georgia and the South Sandwich Islands",0,0,0,0,0,0,0,0,0,0,0,0,0,0,0,0,0,0,0,0,0,0,0,0,0,0,0,0,0,0,0,0,0,0,0,0,0,0,0,0,0,0,0,0,0,0,0,0,0,0,0,0,0,0,0,0,0,0,
"Rest South America","SUR","Suriname",1.63399e-2,0,4.75079e-2,6.54110e-5,4.73424e-2,0,0,4.19700e-6,1.68370e-1,6.28277e-1,4.30715e-2,0,0,0,0,0,0,0,0,0,0,0,0,0,0,0,0,0,0,0,0,0,0,5.56924e+0,2.01146e-1,1.59499e+1,0,0,0,0,0,1.61703e-1,9.63356e+0,0,0,0,0,0,0,1.80661e+0,2.36970e+0,5.85686e-3,1.00335e-3,0,0,0,0,3.66497e+1
"Rest South America","URY","Uruguay",1.36157e-2,7.32265e-3,2.02767e-1,1.46538e-4,4.47575e-1,0,0,1.25604e-4,3.95177e+0,1.82900e-1,1.61863e+0,0,0,0,0,0,0,2.20000e-4,0,0,0,0,0,0,0,0,0,0,0,0,0,0,0,7.57620e+2,1.41835e+1,5.30585e+1,0,0,0,0,0,1.37775e+0,0,4.30008e-1,0,0,0,0,0,1.98070e+1,1.66124e+1,0,0,0,0,0,0,8.69514e+2
"Rest South America","VEN","Venezuela",4.28213e-1,1.72384e+0,1.62331e+0,0,9.63387e+0,0,0,6.19646e-3,8.53202e+0,1.30445e+2,1.25104e+3,0,0,0,0,0,3.50810e+0,1.01697e-1,0,0,0,0,0,0,0,0,0,0,0,0,0,0,0,8.93173e+2,2.51686e+1,1.89369e+1,0,0,0,0,4.86768e+1,3.79413e+0,2.22462e+2,0,0,0,0,0,0,1.07920e+2,1.26728e+2,0,0,0,0,0,0,2.85390e+3
"Northern_Africa","DZA","Algeria",7.13437e-1,6.72162e-1,1.73650e-1,0,2.32733e+0,0,0,2.71723e-2,2.50361e+1,4.80332e+1,1.58903e+3,0,0,0,0,0,1.81600e-1,1.10670e-1,0,0,0,0,0,0,0,0,0,0,0,0,0,0,0,1.78491e+2,7.83326e+0,2.65356e-2,0,0,0,0,0,1.27220e-1,0,0,0,0,0,0,0,7.35535e+1,1.12507e+2,0,0,0,0,0,0,2.03884e+3
"Northern_Africa","EGY","Egypt",5.26823e-1,1.98477e-1,1.64457e+0,8.81321e-3,3.06121e+0,0,2.07498e-1,0,5.77028e+1,1.09832e+2,4.43151e+2,0,0,0,0,0,7.53000e-3,2.37670e-1,0,0,0,0,0,0,0,0,0,0,0,0,0,0,0,3.82657e+2,1.26591e+1,1.65994e+2,0,0,0,0,0,5.25288e-1,0,0,0,0,0,0,0,1.23246e+2,2.19007e+2,0,0,0,0,0,0,1.52067e+3
"Northern_Africa","ESH","Western Sahara",8.49384e-4,5.76311e-5,1.19045e-2,6.70261e-5,7.26079e-3,2.74315e-6,0,0,1.59174e-2,0,4.88299e-3,0,0,0,0,0,0,0,0,0,0,0,0,0,0,0,0,0,0,0,0,0,0,9.91781e+0,2.77982e-1,0,0,0,0,0,0,9.10440e-5,0,0,0,0,0,0,0,3.38941e-1,1.23087e+0,0,0,0,0,0,0,1.18066e+1
"Northern_Africa","LBY","Libyan Arab Jamahiriya",1.90103e-1,2.69278e-1,8.56202e-2,6.28019e-5,2.63710e+0,0,0,0,2.14212e+0,7.76547e+0,5.40651e+2,0,0,0,0,0,1.38600e+0,0,0,0,0,0,0,0,0,0,0,0,0,0,0,0,0,4.56419e+1,1.90010e+0,0,0,0,0,0,0,9.97542e-3,0,0,0,0,0,0,0,2.30753e+1,2.52349e+1,0,0,0,0,0,0,6.50989e+2
"Northern_Africa","MAR","Morocco",5.05427e-2,5.52658e-3,3.21379e-1,0,3.73468e-1,0,4.86506e-2,0,4.95103e+0,1.16423e+1,4.73579e+0,0,0,0,0,0,0,0,0,0,0,0,0,0,0,0,0,0,0,0,0,0,0,2.25376e+2,8.81918e+0,4.90909e-1,0,0,0,0,0,2.68536e-1,0,0,0,0,0,0,0,5.53143e+1,1.17049e+2,0,0,0,0,0,0,4.29446e+2
"Northern_Africa","TUN","Tunisia",3.07901e-1,2.80632e-3,1.02367e-1,0,4.22893e-1,0,0,5.02416e-4,8.70097e+0,1.36260e+1,1.26470e+2,0,0,0,0,0,0,1.05700e-2,0,0,0,0,0,0,0,0,0,0,0,0,0,0,0,9.08848e+1,4.04271e+0,0,0,0,0,0,0,6.48232e-2,0,0,0,0,0,0,0,2.71352e+1,3.60127e+1,0,0,0,0,0,0,3.07785e+2
"Western_Africa","BEN","Benin",1.63285e-3,0,5.52658e-3,0,2.50331e-1,0,0,0,2.20078e+1,1.03338e+1,1.15154e-1,0,0,0,0,0,0,0,0,0,0,0,0,0,0,0,0,0,0,0,0,0,0,5.09671e+1,2.28711e+0,2.26880e+0,0,0,0,0,4.29024e+1,5.24999e-1,3.61121e+1,0,0,0,0,0,0,5.89350e+0,2.85147e+1,0,0,0,0,0,0,2.02185e+2
"Western_Africa","BFA","Burkina Faso",2.90882e-3,1.13270e-4,4.16180e-1,9.84236e-4,8.31653e-2,5.39085e-6,0,0,4.02131e+1,3.85023e+1,2.40859e-2,0,0,0,0,0,0,0,0,0,0,0,0,0,0,0,0,0,0,0,0,0,0,2.63243e+2,1.24040e+1,6.08993e+0,0,0,0,0,3.13392e+1,9.89927e-1,0,0,0,0,0,0,0,3.75221e+0,4.15296e+1,0,0,0,0,0,0,4.38591e+2
"Western_Africa","CAF","Central African Republic",5.73710e-4,3.86905e-5,1.41851e-1,3.81281e-4,2.69109e-2,1.83845e-6,0,0,1.01173e+1,3.47510e+0,6.89726e-3,0,0,0,0,0,0,0,0,0,0,0,0,0,0,0,0,0,0,0,0,0,0,1.27203e+2,4.14459e+0,1.72482e+0,0,0,0,0,6.57432e+2,1.65760e-1,2.52219e+2,0,0,0,0,0,0,5.89705e+0,1.55508e+1,0,0,0,0,0,0,1.07811e+3
"Western_Africa","CIV","Cote d'Ivoire",1.29970e-1,5.70870e-3,2.02223e-2,0,2.09758e-1,3.30129e-3,1.23092e-2,0,3.61036e+1,6.19116e+1,1.75877e+1,0,0,0,0,0,0,0,0,0,0,0,0,0,0,0,0,0,0,0,0,0,0,6.24618e+1,2.57918e+0,1.66556e+1,0,0,0,0,2.60688e+1,1.19754e+0,2.52661e+2,0,0,0,0,0,0,2.97855e+1,6.42904e+1,0,0,0,0,0,0,5.71684e+2
"Western_Africa","CMR","Cameroon",2.00966e-3,0,9.84108e-1,0,4.43471e-1,0,0,0,3.34198e+1,8.68775e+0,7.74044e+1,0,0,0,0,0,0,0,0,0,0,0,0,0,0,0,0,0,0,0,0,0,0,2.10469e+2,8.09586e+0,1.99017e+0,0,0,0,0,9.40392e+1,7.26874e-1,8.30212e+1,0,0,0,0,0,0,3.02104e+1,6.76749e+1,0,0,0,0,0,0,6.17169e+2
"Western_Africa","COD","Congo_the Democratic Republic of the",5.02416e-4,3.34944e-4,3.30728e+0,0,1.47524e-1,0,0,0,2.25115e+2,1.18001e+1,4.13941e+0,0,0,0,0,0,0,0,0,0,0,0,0,0,0,0,0,0,0,0,0,0,0,4.70340e+0,2.18592e-1,6.36855e+1,0,0,0,0,5.99040e+2,3.77262e+0,2.01600e+3,0,0,0,0,0,0,5.20396e+1,1.87838e+2,0,0,0,0,0,0,3.17181e+3
"Western_Africa","COG","Congo",1.25604e-4,0,1.25604e-4,5.02416e-4,4.64886e-2,0,0,0,4.97489e+0,2.45086e+1,1.25074e+2,0,0,0,0,0,0,0,0,0,0,0,0,0,0,0,0,0,0,0,0,0,0,6.22154e+1,3.45415e+0,1.85749e-1,0,0,0,0,1.63212e+1,1.57141e-1,6.64877e+1,0,0,0,0,0,0,6.54372e+0,1.35151e+1,0,0,0,0,0,0,3.23485e+2
"Western_Africa","CPV","Cape Verde",4.65123e-4,3.13325e-5,1.68472e-2,7.37569e-5,7.92726e-3,1.48985e-6,0,0,4.99405e-2,4.27800e-3,2.99234e-3,0,0,0,0,0,0,0,0,0,0,0,0,0,0,0,0,0,0,0,0,0,0,1.80949e+0,5.74185e-1,0,0,0,0,0,0,1.72211e-2,0,0,0,0,0,0,0,8.04140e-1,1.85711e+0,0,0,0,0,0,0,5.14470e+0
"Western_Africa","GAB","Gabon",3.21128e-2,1.50725e-3,2.35717e-1,0,6.33797e-2,0,0,0,1.84985e+0,1.30866e+0,1.85260e+2,0,0,0,0,0,0,0,0,0,0,0,0,0,0,0,0,0,0,0,0,0,0,2.77450e+0,3.53780e-1,5.30713e-2,0,0,0,0,9.75768e+0,4.04613e-2,8.15728e+0,0,0,0,0,0,0,7.14542e+0,5.99363e+0,0,0,0,0,0,0,2.23027e+2
"Western_Africa","GHA","Ghana",4.79808e-2,1.08857e-3,4.60589e-1,0,6.69774e-1,4.69133e-3,9.37846e-3,0,7.71983e+1,5.13949e+1,2.08912e-1,0,0,0,0,0,0,0,0,0,0,0,0,0,0,0,0,0,0,0,0,0,0,6.83281e+1,3.22339e+0,1.72482e+1,0,0,0,0,7.89480e+1,1.05552e+0,1.93249e+1,0,0,0,0,0,0,3.05132e+1,8.19123e+1,0,0,0,0,0,0,4.30549e+2
"Western_Africa","GIN","Guinea",2.20361e-3,1.06099e-4,3.20773e-1,7.51957e-4,1.03509e-1,5.05055e-6,0,0,2.94533e+1,3.29220e+0,2.65999e-2,0,0,0,0,0,0,0,0,0,0,0,0,0,0,0,0,0,0,0,0,0,0,8.16498e+1,3.14654e+0,5.91948e+1,0,0,0,0,7.55592e+1,6.68834e-1,9.27384e+1,0,0,0,0,0,0,1.09114e+1,3.23938e+1,0,0,0,0,0,0,3.89462e+2
"Western_Africa","GMB","Gambia",7.83221e-4,5.42861e-5,4.81478e-2,1.23051e-4,3.45221e-2,2.58130e-6,0,0,1.87953e+0,4.06404e+0,5.42393e-3,0,0,0,0,0,0,0,0,0,0,0,0,0,0,0,0,0,0,0,0,0,0,1.35933e+1,5.22418e-1,1.85749e+0,0,0,0,0,3.37728e+0,2.95133e-2,0,0,0,0,0,0,0,1.40613e+0,4.43885e+0,0,0,0,0,0,0,3.12577e+1
"Western_Africa","GNB","Guinea-Bissau",7.59870e-4,4.16785e-5,5.12021e-2,1.78693e-4,2.04820e-2,1.98370e-6,0,0,1.73413e+0,4.80810e-2,6.94809e-3,0,0,0,0,0,0,0,0,0,0,0,0,0,0,0,0,0,0,0,0,0,0,1.85240e+1,9.86591e-1,7.96068e+0,0,0,0,0,9.10536e+0,9.92188e-2,0,0,0,0,0,0,0,1.35491e+0,5.41138e+0,0,0,0,0,0,0,4.53040e+1
"Western_Africa","GNQ","Equatorial Guinea",2.45511e-4,4.36622e-5,1.67778e-2,1.43356e-4,1.05208e-2,2.07915e-6,0,0,1.60264e+0,5.62433e-1,6.45089e+1,0,0,0,0,0,0,0,0,0,0,0,0,0,0,0,0,0,0,0,0,0,0,3.80678e-1,2.41120e-2,0,0,0,0,0,0,1.80316e-2,0,0,0,0,0,0,0,8.43642e-1,1.89357e+0,0,0,0,0,0,0,6.98617e+1
"Western_Africa","LBR","Liberia",1.12558e-3,5.80377e-5,1.06624e-1,1.82810e-4,3.17789e-2,2.75975e-6,0,0,1.34092e+1,1.08341e+1,9.22400e-3,0,0,0,0,0,0,0,0,0,0,0,0,0,0,0,0,0,0,0,0,0,0,3.45574e+0,3.01592e-1,2.04898e+0,0,0,0,0,2.34257e+0,1.92796e-1,0,0,0,0,0,0,0,3.63625e+0,1.13241e+1,0,0,0,0,0,0,4.76943e+1
"Western_Africa","MLI","Mali",1.84090e-3,1.05937e-4,4.28117e-1,2.74025e-4,7.52178e-2,5.04225e-6,0,0,1.85453e+1,8.23782e+0,1.26329e-2,0,0,0,0,0,0,0,0,0,0,0,0,0,0,0,0,0,0,0,0,0,0,3.14106e+2,1.22630e+1,4.32532e+1,0,0,0,0,6.79464e+1,9.02939e-1,3.13752e+1,0,0,0,0,0,0,6.55748e+0,4.60973e+1,0,0,0,0,0,0,5.49803e+2
"Western_Africa","MRT","Mauritania",6.18482e-3,2.87902e-4,1.11613e-1,1.83958e-3,3.21220e-1,1.37075e-5,0,0,5.31616e+0,1.10207e+1,7.83406e-2,0,0,0,0,0,0,0,0,0,0,0,0,0,0,0,0,0,0,0,0,0,0,1.59675e+2,7.10770e+0,3.33022e+0,0,0,0,0,0,1.41076e-1,0,0,0,0,0,0,0,3.76728e+0,1.17568e+1,0,0,0,0,0,0,2.02634e+2
"Western_Africa","NER","Niger",3.72367e-3,1.94311e-4,4.29448e-1,1.29331e-4,5.62655e-2,9.25035e-6,0,0,2.92116e+1,3.66418e+1,1.60863e-2,0,0,0,0,0,0,0,0,0,0,0,0,0,0,0,0,0,0,0,0,0,0,1.50870e+2,6.76899e+0,2.65356e+0,0,0,0,0,1.99704e+0,1.57891e+0,0,0,0,0,0,0,0,4.30954e+0,4.25742e+1,0,0,0,0,0,0,2.77112e+2
"Western_Africa","NGA","Nigeria",1.72217e-1,2.60939e-1,8.82064e+0,0,3.81957e+0,5.56009e-3,9.37846e-3,0,2.26737e+2,7.78151e+1,1.65559e+3,0,0,0,0,0,7.20000e-4,0,0,0,0,0,0,0,0,0,0,0,0,0,0,0,0,7.67083e+2,3.42264e+1,2.49619e+2,0,0,0,0,1.28513e+2,1.10299e+1,1.45119e+1,0,0,0,0,0,0,8.16244e+1,4.74319e+2,0,0,0,0,0,0,3.73416e+3
"Western_Africa","SEN","Senegal",9.13737e-2,3.34944e-4,1.89662e-2,0,9.11979e-2,0,1.05507e-2,0,2.05128e+1,3.29220e+1,1.58139e+0,0,0,0,0,0,0,0,0,0,0,0,0,0,0,0,0,0,0,0,0,0,0,1.52269e+2,6.79899e+0,6.02359e+0,0,0,0,0,3.63504e+1,2.26584e-1,0,0,0,0,0,0,0,1.43196e+1,4.53349e+1,0,0,0,0,0,0,3.16552e+2
"Western_Africa","SHN","Saint Helena",0,0,1.94943e-4,0,6.07448e-4,0,0,0,3.03233e-4,0,1.09866e-4,0,0,0,0,0,0,0,0,0,0,0,0,0,0,0,0,0,0,0,0,0,0,4.44892e-2,4.17493e-3,0,0,0,0,0,0,0,0,0,0,0,0,0,0,1.38279e-2,2.69883e-2,0,0,0,0,0,0,9.06958e-2
"Western_Africa","SLE","Sierra Leone",2.95282e-3,1.40212e-4,1.69522e-1,4.44019e-4,3.66242e-2,6.67320e-6,0,0,1.84371e+1,2.43961e+1,1.94948e-2,0,0,0,0,0,0,0,0,0,0,0,0,0,0,0,0,0,0,0,0,0,0,1.47102e+1,6.91849e-1,2.22289e+1,0,0,0,0,2.00899e+1,3.45484e-1,8.66864e+0,0,0,0,0,0,0,4.80155e+0,1.95328e+1,0,0,0,0,0,0,1.34132e+2
"Western_Africa","STP","Sao Tome and Principe",3.78557e-4,2.56304e-5,5.30915e-3,3.26515e-5,6.02810e-3,1.22010e-6,0,0,9.59181e-3,6.30354e-1,1.78414e-3,0,0,0,0,0,0,0,0,0,0,0,0,0,0,0,0,0,0,0,0,0,0,1.99362e-1,1.65267e-2,0,0,0,0,0,0,1.28740e-3,0,0,0,0,0,0,0,2.53299e-1,5.43861e-1,0,0,0,0,0,0,1.66784e+0
"Western_Africa","TCD","Chad",5.55647e-4,3.31543e-5,2.99207e-1,5.34259e-5,7.25270e-3,1.57700e-6,0,0,2.13555e+1,2.66943e+1,4.12891e-3,0,0,0,0,0,0,0,0,0,0,0,0,0,0,0,0,0,0,0,0,0,0,2.61091e+2,9.85863e+0,1.06541e+1,0,0,0,0,1.44631e+2,6.34703e-1,0,0,0,0,0,0,0,4.27295e+0,2.97457e+1,0,0,0,0,0,0,5.09250e+2
"Western_Africa","TGO","Togo",5.61405e-3,0,4.52175e-3,0,1.34427e-1,0,0,0,2.08835e+1,3.75859e+1,0,0,0,0,0,0,0,0,0,0,0,0,0,0,0,0,0,0,0,0,0,0,0,2.21711e+1,1.34015e+0,5.62554e+0,0,0,0,0,2.53344e+1,3.86132e-1,8.03284e+0,0,0,0,0,0,0,4.95639e+0,2.04338e+1,0,0,0,0,0,0,1.46894e+2
"Eastern_Africa","BDI","Burundi",9.37068e-4,3.67234e-5,2.45635e-1,2.64395e-4,3.41370e-2,1.74715e-6,0,0,2.65931e+1,2.16508e+1,8.87570e-3,0,0,0,0,0,0,0,0,0,0,0,0,0,0,0,0,0,0,0,0,0,0,1.60892e+1,6.53030e-1,1.81769e+0,0,0,0,0,0,3.74640e-1,0,0,0,0,0,0,0,8.26489e-1,2.54317e+1,0,0,0,0,0,0,9.37265e+1
"Eastern_Africa","COM","Comoros",1.40825e-4,1.73013e-5,2.57637e-2,9.59875e-5,6.31790e-3,8.21700e-7,0,0,5.55883e-2,2.51360e+0,1.95404e-3,0,0,0,0,0,0,0,0,0,0,0,0,0,0,0,0,0,0,0,0,0,0,2.42714e+0,1.10541e-1,1.85749e+0,0,0,0,0,0,1.29175e-2,0,0,0,0,0,0,0,6.67019e-1,2.72695e+0,0,0,0,0,0,0,1.04055e+1
"Eastern_Africa","DJI","Djibouti",2.14570e-3,1.32925e-4,3.86063e-2,3.24729e-4,2.64745e-2,6.32875e-6,0,0,8.42774e-2,3.37807e+0,3.72844e-2,0,0,0,0,0,0,0,0,0,0,0,0,0,0,0,0,0,0,0,0,0,0,1.65472e+1,6.62494e-1,0,0,0,0,0,0,1.81743e-6,0,0,0,0,0,0,0,1.41319e+0,3.19144e+0,0,0,0,0,0,0,2.53817e+1
"Eastern_Africa","ERI","Eritrea",1.62347e-3,0,1.50724e-3,0,3.82475e-2,0,0,0,8.13600e+0,6.67585e+0,0,0,0,0,0,0,0,0,0,0,0,0,0,0,0,0,0,0,0,0,0,0,0,8.44548e+1,2.86965e+0,0,0,0,0,0,2.58312e+0,1.55089e-1,0,0,0,0,0,0,0,1.20395e+0,1.47185e+1,0,0,0,0,0,0,1.20838e+2
"Eastern_Africa","ETH","Ethiopia",1.63285e-3,0,2.92657e-2,0,2.20277e-1,0,0,0,3.07265e+2,1.70097e+1,0,0,0,0,0,0,0,0,0,0,0,0,0,0,0,0,0,0,0,0,0,0,0,1.35572e+3,5.03682e+1,0,0,0,0,0,2.40720e+2,6.52749e+0,0,0,0,0,0,0,0,1.63710e+1,2.42922e+2,0,0,0,0,0,0,2.23716e+3
"Eastern_Africa","KEN","Kenya",4.51892e-1,9.84292e-3,5.81966e-2,9.39937e-3,4.30334e-1,5.03883e-3,5.86152e-4,0,8.48034e+1,2.08140e+2,4.57903e-1,0,0,0,0,0,0,0,0,0,0,0,0,0,0,0,0,0,0,0,0,0,0,5.59681e+2,1.76001e+1,1.14634e+0,0,0,0,0,2.89776e+1,8.15958e-1,0,0,0,0,0,0,0,1.47888e+1,1.29572e+2,0,0,0,0,0,0,1.04695e+3
"Eastern_Africa","MDG","Madagascar",4.14111e-3,2.73323e-4,5.95630e-1,9.39049e-4,1.06356e-1,1.30144e-5,0,0,3.49148e+1,7.03251e+1,2.88032e-2,0,0,0,0,0,0,0,0,0,0,0,0,0,0,0,0,0,0,0,0,0,0,3.59640e+2,1.29181e+1,1.90207e+2,0,0,0,0,8.60304e+1,9.09319e-1,9.64104e+1,8.12472e+0,0,0,0,0,0,9.82329e+0,5.98024e+1,0,0,0,0,0,0,9.29842e+2
"Eastern_Africa","MUS","Mauritius",5.43068e-3,3.60191e-4,5.50360e-2,3.36602e-4,9.18893e-2,1.71520e-5,0,0,4.23460e-1,9.14500e-2,5.48350e-2,0,0,0,0,0,0,0,0,0,0,0,0,0,0,0,0,0,0,0,0,0,0,1.56910e+0,1.80533e-1,0,0,0,0,0,0,1.14432e-1,0,0,0,0,0,0,0,3.19149e+0,5.22317e+0,0,0,0,0,0,0,1.10015e+1
"Eastern_Africa","MYT","Mayotte",0,0,0,0,0,0,0,0,0,0,0,0,0,0,0,0,0,0,0,0,0,0,0,0,0,0,0,0,0,0,0,0,0,0,0,0,0,0,0,0,0,0,0,0,0,0,0,0,0,1.80910e-1,3.61418e-1,0,0,0,0,0,0,5.42328e-1
"Eastern_Africa","REU","Reunion",5.68823e-3,3.29884e-4,3.20864e-2,1.55639e-3,1.32709e-1,1.57078e-5,0,0,2.51390e-1,0,5.71593e-2,0,0,0,0,0,0,0,0,0,0,0,0,0,0,0,0,0,0,0,0,0,0,1.59360e+0,3.79032e-1,5.30713e-3,0,0,0,0,0,3.58070e-2,0,0,0,0,0,0,0,3.71998e+0,4.18781e+0,0,0,0,0,0,0,1.04025e+1
"Eastern_Africa","RWA","Rwanda",2.50348e-3,1.35315e-4,2.67213e-1,4.79425e-4,5.19351e-2,6.44080e-6,0,0,2.59704e+1,4.20670e+0,1.20657e-1,0,0,0,0,0,0,0,0,0,0,0,0,0,0,0,0,0,0,0,0,0,0,2.55549e+1,9.46688e-1,5.49287e-1,0,0,0,0,1.36915e+0,3.47760e-1,0,0,0,0,0,0,0,8.85065e-1,3.64302e+1,0,0,0,0,0,0,9.67031e+1
"Eastern_Africa","SDN","Sudan",6.05832e-3,1.25604e-4,1.88201e+0,0,3.75734e-1,0,0,0,8.21642e+1,2.09786e+2,4.09123e+0,0,0,0,0,0,0,0,0,0,0,0,0,0,0,0,0,0,0,0,0,0,0,1.64053e+3,5.94248e+1,5.01523e-1,0,0,0,0,6.01728e+2,2.18378e+0,0,0,0,0,0,0,0,5.10105e+1,1.41021e+2,0,0,0,0,0,0,2.79471e+3
"Eastern_Africa","SOM","Somalia",8.74220e-4,8.64487e-5,2.58039e-1,4.08643e-4,4.03019e-2,4.11265e-6,0,0,3.08716e+1,5.42199e+1,1.29868e-2,0,0,0,0,0,0,0,0,0,0,0,0,0,0,0,0,0,0,0,0,0,0,5.43061e+2,2.38188e+1,1.59214e-1,0,0,0,0,9.61992e-1,1.03203e-1,0,0,0,0,0,0,0,4.64355e+0,3.26608e+1,0,0,0,0,0,0,6.90813e+2
"Eastern_Africa","SYC","Seychelles",2.43065e-3,1.68444e-4,4.83568e-3,2.41000e-7,1.28177e-2,8.01780e-6,0,0,1.18211e-2,0,1.23979e-2,0,0,0,0,0,0,0,0,0,0,0,0,0,0,0,0,0,0,0,0,0,0,1.12186e-1,5.88651e-2,0,0,0,0,0,0,5.05440e-6,0,0,0,0,0,0,0,3.40302e-1,3.58439e-1,0,0,0,0,0,0,9.14277e-1
"Eastern_Africa","UGA","Uganda",3.37196e-3,2.33728e-4,8.89532e-1,4.94347e-4,1.26678e-1,1.11262e-5,0,0,1.20733e+2,6.26808e+1,2.79595e-2,0,0,0,0,0,0,0,0,0,0,0,0,0,0,0,0,0,0,0,0,0,0,2.45459e+2,8.75972e+0,8.49140e+0,0,0,0,0,8.07120e+1,1.93104e+0,0,0,0,0,0,0,0,4.99573e+0,8.20315e+1,0,0,0,0,0,0,6.16842e+2
"Southern_Africa","AGO","Angola",5.55170e-3,4.35427e-3,1.48188e-1,0,1.45637e-1,0,0,0,1.63205e+1,7.35258e+1,4.27152e+2,0,0,0,0,0,0,0,0,0,0,0,0,0,0,0,0,0,0,0,0,0,0,1.70413e+2,5.20824e+0,6.63391e-1,0,0,0,0,9.17618e-1,2.55422e-1,2.27798e+0,0,0,0,0,0,0,1.40374e+1,5.49701e+1,0,0,0,0,0,0,7.66045e+2
"Southern_Africa","BWA","Botswana",6.18323e-3,2.65816e-4,1.63300e-1,8.28134e-5,1.72141e-1,1.26575e-5,0,0,4.47626e+0,1.76033e+1,8.31865e-3,0,0,0,0,0,0,0,0,0,0,0,0,0,0,0,0,0,0,0,0,0,0,1.16943e+2,3.17251e+0,0,0,0,0,0,2.71752e+1,2.79031e-2,0,8.32728e+0,0,0,0,0,0,3.71601e+0,7.45398e+0,0,0,0,0,0,0,1.89245e+2
"Southern_Africa","LSO","Lesotho",3.54392e-4,2.45639e-5,6.86202e-2,2.05978e-4,2.16259e-2,1.16615e-6,0,0,5.74042e+0,6.72250e+0,4.05098e-3,0,0,0,0,0,0,0,0,0,0,0,0,0,0,0,0,0,0,0,0,0,0,2.68750e+1,6.21584e-1,0,0,0,0,0,0,3.50203e-2,0,3.49416e+0,0,0,0,0,0,1.20187e+0,7.54154e+0,0,0,0,0,0,0,5.23270e+1
"Southern_Africa","MOZ","Mozambique",6.13985e-4,0,6.58715e-1,0,9.49346e-2,0,7.03381e-3,0,6.30985e+1,2.99745e+1,1.05000e-2,0,0,0,0,0,0,0,0,0,0,0,0,0,0,0,0,0,0,0,0,0,0,5.02771e+1,2.11576e+0,2.40147e+1,0,0,0,0,2.59800e+2,1.89575e+0,6.65917e+1,4.38840e+0,0,0,0,0,0,1.00388e+1,7.50168e+1,0,0,0,0,0,0,5.87984e+2
"Southern_Africa","MWI","Malawi",2.38689e-3,1.51936e-4,4.23950e-1,3.83338e-4,8.40178e-2,7.23345e-6,0,0,1.95422e+1,3.41976e+1,1.69710e-2,0,0,0,0,0,0,0,0,0,0,0,0,0,0,0,0,0,0,0,0,0,0,4.05908e+1,1.72164e+0,5.55921e+0,0,0,0,0,3.68808e+1,1.34527e+0,0,0,0,0,0,0,0,2.99350e+0,4.53542e+1,0,0,0,0,0,0,1.88713e+2
"Southern_Africa","NAM","Namibia",6.06106e-4,0,9.72805e-3,7.52799e-4,2.15432e-1,0,1.17230e-3,0,4.23748e-1,4.05682e+0,0,0,0,0,0,0,0,0,0,0,0,0,0,0,0,0,0,0,0,0,0,0,0,1.26863e+2,3.08702e+0,0,0,0,0,0,1.34650e+1,5.98461e-2,0,0,0,0,0,0,0,2.74220e+0,6.07726e+0,0,0,0,0,0,0,1.57003e+2
"Southern_Africa","SWZ","Swaziland",9.26327e-4,9.88032e-5,4.07360e-2,1.69175e-4,6.07682e-2,4.70195e-6,0,0,2.63067e+0,2.75672e+0,1.17660e-2,0,0,0,0,0,0,0,0,0,0,0,0,0,0,0,0,0,0,0,0,0,0,3.18453e+1,7.68406e-1,1.99017e-3,0,0,0,0,0,9.65593e-2,0,0,0,0,0,0,0,1.34115e+0,1.52735e+1,0,0,0,0,0,0,5.48288e+1
"Southern_Africa","TZA","Tanzania_United Republic of",1.91755e-3,6.69888e-4,1.21530e+0,0,1.86254e-1,0,0,0,8.42135e+1,5.96066e+1,1.37697e-1,0,0,0,0,0,0,0,0,0,0,0,0,0,0,0,0,0,0,0,0,0,0,5.10113e+2,1.73677e+1,8.69042e+1,0,0,0,0,3.93336e+2,4.35982e+0,1.47580e+2,0,0,0,0,0,0,1.29241e+1,1.41755e+2,0,0,0,0,0,0,1.45970e+3
"Southern_Africa","ZAF","South Africa",1.52050e+0,6.39325e-2,5.92057e+0,1.26651e-2,7.89760e+0,3.21839e-2,0,1.75846e-3,7.10143e+1,1.14679e+3,5.11544e+1,0,0,0,0,0,2.04965e-1,3.27063e+0,0,0,0,0,0,0,0,0,0,0,0,0,0,0,0,8.83587e+2,2.30036e+1,1.72482e-1,0,0,0,0,1.04983e+0,2.14181e+0,2.58528e+0,9.72098e+1,0,0,0,0,0,2.16359e+2,2.89979e+2,0,0,0,0,0,0,2.80398e+3
"Southern_Africa","ZMB","Zambia",1.17230e-3,2.21900e-3,9.23813e-1,0,1.41981e-1,3.30129e-3,0,0,3.04858e+1,6.83888e+1,1.52034e-1,0,0,0,0,0,0,0,0,0,0,0,0,0,0,0,0,0,0,0,0,0,0,1.07909e+2,3.77476e+0,1.20339e+0,0,0,0,0,5.25528e+2,1.96143e-1,2.41407e+2,0,0,0,0,0,0,9.31612e+0,3.76981e+1,0,0,0,0,0,0,1.02713e+3
"Southern_Africa","ZWE","Zimbabwe",4.72930e-2,8.37360e-4,2.68332e-1,0,4.67398e-1,1.38165e-3,0,0,3.32842e+1,2.29382e+1,6.90000e-5,0,0,0,0,0,0,3.04710e-1,0,0,0,0,0,0,0,0,0,0,0,0,0,0,0,2.58769e+2,6.69479e+0,2.65356e-2,0,0,0,0,5.66904e+1,4.29436e-1,0,0,0,0,0,0,0,1.18452e+1,4.83188e+1,0,0,0,0,0,0,4.40086e+2
"OECD_Europe","AUT","Austria",1.16032e+0,1.23607e-1,1.14723e+0,7.32690e-4,2.16434e+0,7.38135e-3,1.75846e-3,6.28020e-3,3.35508e+1,7.80257e+0,4.74119e+1,0,0,0,0,0,1.15830e-1,2.31210e-1,0,0,0,0,0,0,0,0,0,0,0,0,0,0,0,1.62795e+2,5.18035e+1,0,0,0,0,0,0,3.91961e-1,0,1.02857e+0,0,0,0,0,0,7.93726e+1,4.16196e+1,2.54400e-3,5.20360e+0,0,0,0,0,4.35941e+2
"OECD_Europe","BEL","Belgium",1.04722e+0,1.15905e-1,1.49918e+0,1.77939e-3,3.39546e+0,1.11201e-2,8.82159e-2,0,1.04559e+1,8.29781e+0,5.57442e+1,0,0,0,0,0,3.13038e-1,8.11670e-1,0,0,0,0,0,0,0,0,0,0,0,0,0,0,0,2.19677e+2,8.51728e+1,0,0,0,0,0,0,2.69487e-1,0,1.10314e-1,0,0,0,0,0,5.65313e+1,7.85604e+1,1.58903e+0,5.50504e+0,0,0,0,0,5.29197e+2
"OECD_Europe","CHE","Switzerland",5.44158e-1,1.11639e-2,5.77974e-1,1.42351e-3,2.64076e+0,1.56377e-3,1.75846e-3,0,8.82692e+0,1.19016e+0,3.37618e+1,0,0,0,0,0,7.07996e-2,0,0,0,0,0,0,0,0,0,0,0,0,0,0,0,0,1.23937e+2,3.24625e+1,0,0,0,0,0,0,1.08709e-1,1.51699e+0,0,0,0,0,0,0,3.45609e+1,1.15004e+1,1.20304e-5,2.01731e+0,0,0,0,0,2.53732e+2
"OECD_Europe","DEU","Germany",7.74067e+0,6.15207e-1,4.05069e+0,2.92448e-2,2.44006e+1,1.11285e-1,1.10783e-1,2.84702e-3,9.53232e+1,6.41095e+2,3.53642e+2,0,0,0,0,0,3.86140e+0,2.04697e+0,0,0,0,0,0,0,0,0,0,0,0,0,0,0,0,1.18519e+3,3.57673e+2,0,0,0,0,0,0,3.61301e+0,0,8.48208e-1,0,0,0,0,0,1.12890e+3,1.44055e+2,0,2.92796e-2,0,0,0,0,3.95334e+3
"OECD_Europe","DNK","Denmark",1.60515e+0,7.91450e-2,3.93618e-1,1.17231e-3,2.11685e+0,1.40739e-2,3.83930e-2,8.41548e-3,8.43696e+0,2.45040e-1,3.33859e+1,0,0,0,0,0,0,0,0,0,0,0,0,0,0,0,0,0,0,0,0,0,0,1.58475e+2,1.03948e+2,0,0,0,0,0,0,8.00783e-1,0,0,0,0,0,0,0,7.02250e+1,9.79383e+0,0,2.61379e+0,0,0,0,0,3.92181e+2
"OECD_Europe","ESP","Spain",1.26793e+0,2.71626e-1,3.26871e+0,3.33478e-2,1.49357e+1,8.09686e-2,5.01160e-1,0,4.12483e+1,1.19297e+2,5.05184e+1,0,0,0,0,0,8.05016e-1,3.76332e-1,0,0,0,0,0,0,0,0,0,0,0,0,0,0,0,6.10864e+2,2.79535e+2,2.62024e+1,0,0,0,0,0,1.84294e+0,0,1.59478e+1,0,0,0,0,0,3.40092e+2,1.15027e+2,1.88514e-1,1.80347e+1,0,0,0,0,1.64034e+3
"OECD_Europe","FIN","Finland",2.39034e+0,5.94479e-2,4.69719e+0,3.24476e-3,2.46317e+0,9.55637e-3,3.89791e-2,7.95492e-4,2.01411e+1,2.97203e+0,4.76954e+0,0,0,0,0,0,8.33220e-2,4.47827e-1,0,0,0,0,0,0,0,0,0,0,0,0,0,0,0,8.09285e+1,2.29020e+1,0,0,0,0,0,0,2.27486e-1,0,1.28033e-1,0,0,0,0,0,1.34229e+2,2.16253e+2,0,1.24400e+0,0,0,0,0,4.93989e+2
"OECD_Europe","FRA","France",2.42774e+0,4.30195e-1,4.39974e+0,3.40177e-2,2.15422e+1,8.09685e-2,1.04628e-1,7.53624e-4,1.75185e+2,3.47709e+1,1.38684e+3,0,0,0,0,0,1.69021e+0,2.07125e+0,0,0,0,0,0,0,0,0,0,0,0,0,0,0,0,1.42327e+3,3.83820e+2,4.26659e+0,0,0,0,0,0,5.97748e+0,0,1.33673e+0,0,0,0,0,0,4.45605e+2,1.89691e+2,1.02416e+1,1.29968e+1,0,0,0,0,4.10678e+3
"OECD_Europe","FRO","Faroe Islands",0,0,0,0,0,0,0,0,0,0,0,0,0,0,0,0,0,0,0,0,0,0,0,0,0,0,0,0,0,0,0,0,0,6.13384e-1,2.49390e-2,0,0,0,0,0,0,9.69408e-6,0,0,0,0,0,0,0,9.57063e-1,4.46354e-2,1.38557e-2,2.25844e-2,0,0,0,0,1.67647e+0
"OECD_Europe","GBR","United Kingdom",4.21024e+0,1.23730e+0,2.86088e+0,2.80516e-2,2.28302e+1,8.72238e-2,3.27366e-1,0,6.01174e+1,2.63430e+2,7.67046e+2,0,0,0,0,0,2.03303e+0,9.99460e-1,0,0,0,0,0,0,0,0,0,0,0,0,0,0,0,1.12682e+3,2.10759e+2,0,0,0,0,0,0,2.05584e+0,0,7.99704e-1,0,0,0,0,0,1.95651e+3,1.06142e+2,1.79775e+0,3.75004e+0,0,0,0,0,4.53384e+3
"OECD_Europe","GIB","Gibraltar",0,0,0,0,3.11498e-2,0,0,0,0,0,0,0,0,0,0,0,0,0,0,0,0,0,0,0,0,0,0,0,0,0,0,0,0,0,0,0,0,0,0,0,0,0,0,0,0,0,0,0,0,2.02767e-1,2.46632e-2,4.11061e-3,6.78568e-3,0,0,0,0,2.69476e-1
"OECD_Europe","GRC","Greece",4.81534e-1,6.83532e-2,8.23527e-1,8.10146e-3,7.09025e+0,7.47133e-3,2.57907e-1,0,1.30494e+1,5.58371e+1,1.13108e+1,0,0,0,0,0,3.36600e-3,0,0,0,0,0,0,0,0,0,0,0,0,0,0,0,0,1.39372e+2,2.94344e+1,6.00569e+0,0,0,0,0,0,4.05618e-1,0,6.41496e+0,0,0,0,0,0,1.03683e+2,1.44690e+1,2.17200e-4,1.61422e-1,0,0,0,0,3.88884e+2
"OECD_Europe","GRL","Greenland",0,0,0,0,0,0,0,0,0,0,0,0,0,0,0,0,0,0,0,0,0,0,0,0,0,0,0,0,0,0,0,0,0,1.76000e-1,2.99675e-3,0,0,0,0,0,0,0,0,0,0,0,0,0,0,8.47756e-1,2.10009e-1,6.51961e-3,1.08082e-2,0,0,0,0,1.25409e+0
"OECD_Europe","IRL","Ireland",2.15122e-1,3.74656e-3,2.80572e-1,5.02416e-4,1.57143e+0,1.82440e-2,1.08438e-2,0,1.47309e+1,7.08000e-1,3.70063e+1,0,0,0,0,0,0,0,0,0,0,0,0,0,0,0,0,0,0,0,0,0,0,4.83355e+2,7.50417e+1,0,0,0,0,0,0,1.54053e-1,0,0,0,0,0,0,0,9.81471e+1,8.61499e+0,0,3.88515e-1,0,0,0,0,7.20247e+2
"OECD_Europe","ISL","Iceland",2.63768e-3,0,4.41854e-2,2.51207e-4,1.56448e-1,0,2.05153e-3,0,7.63211e-2,0,0,0,0,0,0,0,0,7.48000e-2,0,0,0,0,0,0,0,0,0,0,0,0,0,0,0,9.69851e+0,1.44178e+0,0,0,0,0,0,0,7.14218e-5,0,0,0,0,0,0,0,4.26814e+0,4.58105e-1,2.12002e-2,5.84124e-3,0,0,0,0,1.62503e+1
"OECD_Europe","ITA","Italy",1.09226e+0,3.60555e-1,2.62206e+0,6.59420e-3,3.83631e+1,3.42292e-2,6.38905e-2,1.09276e-2,2.47463e+1,1.15412e+1,3.04990e+2,0,0,0,0,0,9.62234e-1,8.47189e-1,0,0,0,0,0,0,0,0,0,0,0,0,0,0,0,6.03521e+2,2.14268e+2,5.17092e+1,0,0,0,0,0,1.86629e+0,5.53872e-1,5.03448e+0,0,0,0,0,0,8.34836e+2,1.11606e+2,5.35016e+0,1.52483e+1,0,0,0,0,2.22963e+3
"OECD_Europe","LUX","Luxembourg",3.10334e-2,0,7.17723e-2,0,4.65237e-1,8.68761e-4,0,2.51208e-4,9.25890e-2,0,4.19187e+0,0,0,0,0,0,0,5.90100e-2,0,0,0,0,0,0,0,0,0,0,0,0,0,0,0,1.41630e+1,2.62075e+1,0,0,0,0,0,0,1.11192e-2,0,1.64023e-1,0,0,0,0,0,3.03138e+0,4.24402e-1,0,1.61733e-1,0,0,0,0,4.90758e+1
"OECD_Europe","NLD","Netherlands",2.67250e+0,4.12081e-1,4.74403e-1,2.53302e-3,5.64659e+0,5.73381e-3,6.15460e-2,0,7.52364e+0,3.77972e+0,2.51318e+2,0,0,0,0,0,3.73623e+0,2.80490e-1,0,0,0,0,0,0,0,0,0,0,0,0,0,0,0,3.34915e+2,1.66537e+2,0,0,0,0,0,0,1.96300e-1,0,1.19045e-2,0,0,0,0,0,4.53580e+2,4.00745e+1,0,2.60000e+0,0,0,0,0,1.27383e+3
"OECD_Europe","NOR","Norway",2.12439e-1,5.94006e-1,1.09724e+0,5.88245e-3,1.96455e+0,3.64880e-3,2.28599e-1,0,1.07632e+1,5.81665e+0,4.90372e+2,0,0,0,0,0,2.97760e+0,1.34165e+0,0,0,0,0,0,0,0,0,0,0,0,0,0,0,0,9.05110e+1,1.67956e+1,0,0,0,0,0,0,1.00485e-1,0,0,0,0,0,0,0,1.11895e+2,5.34840e+1,1.25003e+1,1.07556e+0,0,0,0,0,8.01739e+2
"OECD_Europe","PRT","Portugal",2.94826e-1,7.73672e-2,2.01099e+0,3.62158e-3,3.60759e+0,8.51385e-3,1.40676e-2,0,2.01506e+1,2.07304e+0,1.03685e+1,0,0,0,0,0,1.08406e-1,3.01000e-2,0,0,0,0,0,0,0,0,0,0,0,0,0,0,0,1.45438e+2,5.83857e+1,6.26076e+0,0,0,0,0,0,1.35367e-1,0,1.68890e+1,0,0,0,0,0,2.37691e+2,5.26823e+1,5.69462e-1,8.60800e-1,0,0,0,0,5.57660e+2
"OECD_Europe","SWE","Sweden",3.08893e+0,4.21433e-2,6.15093e+0,5.52658e-3,3.69019e+0,2.95379e-3,3.86860e-2,0,1.74754e+1,1.66124e+0,2.56591e+1,0,0,0,0,0,2.48481e-1,1.70155e-1,0,0,0,0,0,0,0,0,0,0,0,0,0,0,0,1.27318e+2,3.41741e+1,0,0,0,0,0,0,4.49623e-1,0,3.73488e-1,0,0,0,0,0,1.14518e+2,2.15315e+2,6.62533e-2,1.10334e+0,0,0,0,0,5.51552e+2
"Central Europe","ALB","Albania",0,2.59582e-3,1.55749e-2,0,2.11236e-1,0,0,0,9.47745e+0,2.96713e-1,1.05503e+1,0,0,0,0,0,0,3.32772e-2,0,0,0,0,0,0,0,0,0,0,0,0,0,0,0,7.10449e+1,1.04702e+1,0,0,0,0,0,0,1.91203e-1,0,1.10664e+0,0,0,0,0,0,3.99540e+0,5.51726e+0,9.41128e-3,6.02444e-3,0,0,0,0,1.12928e+2
"Central Europe","BGR","Bulgaria",2.84305e-1,1.15388e-2,4.25756e-1,4.60547e-4,1.50609e+0,7.29761e-3,8.79228e-4,3.72625e-3,1.86858e+1,3.31234e+1,7.73540e+0,0,0,0,0,0,2.04715e-1,1.59650e-1,0,0,0,0,0,0,0,0,0,0,0,0,0,0,0,8.98060e+1,1.61145e+1,7.58248e-1,0,0,0,0,0,1.62180e+0,0,4.53552e+0,0,0,0,0,0,4.45345e+2,3.13451e+1,0,0,0,0,0,0,6.51675e+2
"Central Europe","BIH","Bosnia and Herzegovina",7.66268e-2,0,9.75523e-3,9.00160e-4,3.55915e-1,8.68761e-4,0,0,6.91849e+0,3.45270e+1,2.96365e+0,0,0,0,0,0,9.25430e-4,1.32000e-3,0,0,0,0,0,0,0,0,0,0,0,0,0,0,0,3.78077e+1,6.70214e+0,0,0,0,0,0,0,3.58887e-1,0,2.67552e+0,0,0,0,0,0,5.09269e+0,6.93050e+0,1.33313e-2,8.83260e-3,0,0,0,0,1.04445e+2
"Central Europe","CYP","Cyprus",7.10984e-4,1.53887e-3,5.25863e-2,0,2.22318e-1,0,0,0,1.42979e-1,3.65800e-1,2.87070e-1,0,0,0,0,0,0,0,0,0,0,0,0,0,0,0,0,0,0,0,0,0,0,8.70031e+0,4.25975e+0,0,0,0,0,0,0,7.10237e-3,0,0,0,0,0,0,0,9.26605e+0,3.45201e+0,0,0,0,0,0,0,2.67582e+1
"Central Europe","CZE","Czech Republic",8.90523e-1,4.69552e-2,1.47905e+0,1.65378e-3,2.78366e+0,2.03290e-2,3.51691e-3,1.04670e-3,5.03126e+1,1.07305e+2,5.64941e+1,0,0,0,0,0,1.80543e-1,4.28960e-1,0,0,0,0,0,0,0,0,0,0,0,0,0,0,0,1.78949e+2,3.44187e+1,0,0,0,0,0,0,2.02390e+0,0,2.06935e+0,0,0,0,0,0,8.93448e+1,4.24513e+1,0,5.79148e-1,0,0,0,0,5.69784e+2
"Central Europe","EST","Estonia",2.22909e-1,2.60419e-3,1.11643e-1,0,4.09008e-1,7.55507e-3,1.75846e-3,0,1.25935e+1,1.09177e+1,1.30224e+1,0,0,0,0,0,0,0,0,0,0,0,0,0,0,0,0,0,0,0,0,0,0,2.90806e+1,4.56338e+0,1.93852e+0,0,0,0,0,0,1.73756e-1,0,0,0,0,0,0,0,2.39206e+1,6.47154e+0,0,2.64720e-2,0,0,0,0,1.03464e+2
"Central Europe","HRV","Croatia",8.35891e-2,7.96207e-2,1.92237e-1,6.07086e-4,1.18454e+0,5.73381e-3,8.49922e-3,3.39132e-3,1.06660e+1,9.94634e-1,7.14825e+1,0,0,0,0,0,6.01671e-2,1.29481e-2,0,0,0,0,0,0,0,0,0,0,0,0,0,0,0,4.25113e+1,1.08046e+1,0,0,0,0,0,0,8.90422e-1,0,2.50536e+0,0,0,0,0,0,2.41969e+1,1.52514e+1,0,0,0,0,0,0,1.80934e+2
"Central Europe","HUN","Hungary",4.48628e-1,5.64300e-2,2.78341e-1,0,2.00255e+0,1.68540e-2,2.93076e-4,0,1.33105e+1,1.74026e+1,9.23945e+1,0,0,0,0,0,1.07608e-1,1.01900e-1,0,0,0,0,0,0,0,0,0,0,0,0,0,0,0,1.04865e+2,3.29303e+1,6.56220e-1,0,0,0,0,0,3.44133e+0,0,1.39680e+0,0,0,0,0,0,9.62383e+1,3.53191e+1,5.42400e-2,0,0,0,0,0,4.01022e+2
"Central Europe","LTU","Lithuania",6.84584e-2,2.62010e-2,9.29364e-2,0,9.05863e-1,1.35527e-2,1.17230e-3,0,1.81729e+1,1.73910e-2,6.69464e+1,0,0,0,0,0,2.49849e-2,0,0,0,0,0,0,0,0,0,0,0,0,0,0,0,0,8.67458e+1,1.51698e+1,0,0,0,0,0,0,8.42976e-1,0,0,0,0,0,0,0,4.68569e+1,9.88905e+0,9.08340e-4,0,0,0,0,0,2.45775e+2
"Central Europe","LVA","Latvia",3.08560e-1,5.94525e-3,1.96507e-1,0,6.17799e-1,1.32052e-2,0,0,2.89639e+1,7.31600e-1,3.51244e+1,0,0,0,0,0,0,0,0,0,0,0,0,0,0,0,0,0,0,0,0,0,0,4.25939e+1,6.72979e+0,0,0,0,0,0,0,3.14308e-1,0,4.88952e-1,0,0,0,0,0,2.33922e+1,4.68579e+0,2.38255e-4,0,0,0,0,0,1.44167e+2
"Central Europe","MKD","Macedonia, the former Yugoslav Republic of",7.17074e-2,1.77730e-3,7.81279e-2,0,2.78346e-1,6.95009e-4,0,0,5.09034e+0,8.01384e+0,3.37172e+0,0,0,0,0,0,4.49293e-3,6.10500e-2,0,0,0,0,0,0,0,0,0,0,0,0,0,0,0,3.12151e+1,4.27928e+0,1.03650e+0,0,0,0,0,0,1.96940e-1,0,2.45952e-1,0,0,0,0,0,5.14779e+0,7.61638e+0,1.10619e-2,6.70252e-3,0,0,0,0,6.67278e+1
"Central Europe","MLT","Malta",1.19840e-3,0,2.51208e-4,0,1.10914e-1,0,0,0,1.02577e-2,0,0,0,0,0,0,0,0,0,0,0,0,0,0,0,0,0,0,0,0,0,0,0,0,1.75499e+0,6.47533e-1,0,0,0,0,0,0,1.23049e-3,0,0,0,0,0,0,0,7.79177e+0,4.04859e-1,0,0,0,0,0,0,1.07230e+1
"Central Europe","POL","Poland",1.44858e+0,2.07004e-1,3.73508e+0,0,7.14064e+0,3.44804e-2,3.80999e-3,4.18680e-5,2.28369e+2,1.71078e+3,1.61743e+2,0,0,0,0,0,2.08397e-1,6.89637e-1,0,0,0,0,0,0,0,0,0,0,0,0,0,0,0,6.33263e+2,1.34452e+2,0,0,0,0,0,0,6.97076e+0,0,2.09054e+0,0,0,0,0,0,3.45071e+2,9.85593e+1,2.45855e-1,6.58120e-1,0,0,0,0,3.33568e+3
"Central Europe","ROU","Romania",5.18965e-1,2.82462e-1,7.83444e-1,1.88406e-4,2.38544e+0,5.06287e-2,6.35975e-2,1.46538e-3,9.40189e+1,4.69816e+1,4.75208e+2,0,0,0,0,0,4.47830e-1,5.66289e-1,0,0,0,0,0,0,0,0,0,0,0,0,0,0,0,3.49373e+2,7.61697e+1,4.01152e-1,0,0,0,0,0,4.48397e+0,0,0,0,0,0,0,0,1.29474e+2,6.23964e+1,1.67284e-2,0,0,0,0,0,1.24362e+3
"Central Europe","SCG","Serbia and Montenegro",3.79684e-1,0,4.23201e-1,0,1.34145e+0,0,0,0,3.29940e+1,3.98792e+1,9.09711e+1,0,0,0,0,0,3.97667e-1,4.37150e-1,0,0,0,0,0,0,0,0,0,0,0,0,0,0,0,1.89348e+2,4.58782e+1,0,0,0,0,0,0,2.43395e+0,0,0,0,0,0,0,0,1.55422e+1,4.53410e+1,3.44803e-2,1.91250e-2,0,0,0,0,4.65420e+2
"Central Europe","SVK","Slovakia",2.52911e-1,1.58165e-1,4.32377e-1,0,7.67324e-1,0,0,0,2.28115e+0,5.57861e+0,3.77966e+1,0,0,0,0,0,7.77424e-2,3.36926e-1,0,0,0,0,0,0,0,0,0,0,0,0,0,0,0,8.30131e+1,1.48576e+1,0,0,0,0,0,0,1.02179e+0,0,3.31392e-1,0,0,0,0,0,3.35583e+1,2.54667e+1,0,1.52000e-1,0,0,0,0,2.06083e+2
"Central Europe","SVN","Slovenia",6.81718e-2,1.02487e-3,1.32267e-1,2.09339e-5,1.48003e+0,2.08503e-3,0,0,7.08415e+0,3.75862e+1,3.13545e+0,0,0,0,0,0,2.93471e-1,2.04831e-2,0,0,0,0,0,0,0,0,0,0,0,0,0,0,0,4.25323e+1,7.36113e+0,0,0,0,0,0,0,1.52641e-1,0,0,0,0,0,0,0,2.02339e+1,1.07464e+1,0,7.47100e-6,0,0,0,0,1.30830e+2
"Turkey","TUR","Turkey",1.28059e+0,1.06771e-1,2.58539e+0,2.31321e-2,7.88905e+0,3.70448e-2,6.62352e-2,1.38164e-3,1.24966e+2,1.93676e+2,1.10128e+2,0,0,0,0,0,4.78052e-1,4.44983e-1,0,0,0,0,0,0,0,0,0,0,0,0,0,0,0,8.26386e+2,1.77073e+2,1.97992e+1,0,0,0,0,0,3.44141e+1,0,9.22392e-1,0,0,0,0,0,6.91417e+2,3.10435e+2,0,9.18104e-1,0,0,0,0,2.50305e+3
"Ukraine +","BLR","Belarus",9.13183e-1,1.85894e-2,1.88368e-1,0,1.17586e+0,5.85294e-2,5.86152e-3,2.47021e-3,2.08524e+1,8.88150e-2,1.92564e+1,0,0,0,0,0,4.71866e-2,0,0,0,0,0,0,0,0,0,0,0,0,0,0,0,0,3.83666e+2,5.90232e+1,0,0,0,0,0,0,1.50439e+0,0,7.83672e-2,0,0,0,0,0,1.54009e+2,2.59965e+1,0,9.83812e-2,0,0,0,0,6.66984e+2
"Ukraine +","MDA","Moldova, Republic of",7.35089e-2,0,1.43440e-2,0,1.63553e-1,3.12754e-3,0,2.30274e-3,2.48070e+0,7.95615e+0,6.93596e+1,0,0,0,0,0,0,0,0,0,0,0,0,0,0,0,0,0,0,0,0,0,0,5.18499e+1,1.12525e+1,0,0,0,0,0,0,7.55672e-1,0,6.91584e-1,0,0,0,0,0,6.27168e+0,1.52326e+1,1.07663e-2,6.24712e-3,0,0,0,0,1.66124e+2
"Ukraine +","UKR","Ukraine",2.03909e+0,2.57752e-1,2.28917e+0,8.37360e-5,5.71346e+0,5.31681e-2,0,1.31884e-1,5.69448e+1,4.08624e+2,2.19239e+3,0,0,0,0,0,2.10355e-1,3.76119e+0,0,0,0,0,0,0,0,0,0,0,0,0,0,0,0,9.62569e+2,1.75419e+2,6.92972e+0,0,0,0,0,0,9.02329e+0,0,3.22344e+0,0,0,0,0,0,3.17604e+2,1.26222e+2,0,3.80031e-1,0,0,0,0,4.27379e+3
"Asia-Stan","KAZ","Kazakhstan",4.45468e-1,1.54970e-1,3.20789e+0,2.53026e-3,1.69186e+0,4.91717e-2,8.79228e-4,0,4.30271e+0,4.61328e+2,4.99192e+2,0,0,0,0,0,8.73300e-3,1.11557e+0,0,0,0,0,0,0,0,0,0,0,0,0,0,0,0,4.18974e+2,3.00721e+1,1.82403e+1,0,0,0,0,0,3.09141e+0,3.49459e-1,1.25940e+2,0,0,0,0,0,1.26827e+2,4.46357e+1,0,3.97785e-1,0,0,0,0,1.74003e+3
"Asia-Stan","KGZ","Kyrgyzstan",2.33162e-2,0,6.69888e-2,1.17231e-3,2.70715e-1,0,0,0,3.55041e-1,2.24601e+0,9.32421e+0,0,0,0,0,0,0,0,0,0,0,0,0,0,0,0,0,0,0,0,0,0,0,1.06917e+2,6.20824e+0,1.36678e+0,0,0,0,0,0,5.37949e-1,0,5.52024e-1,0,0,0,0,0,6.44539e+0,2.58129e+1,0,5.44924e-2,0,0,0,0,1.60182e+2
"Asia-Stan","TJK","Tajikistan",1.23929e-2,0,1.00000e-4,0,1.85860e+0,0,0,0,3.50016e-1,2.08675e-1,1.97196e+1,0,0,0,0,0,0,0,0,0,0,0,0,0,0,0,0,0,0,0,0,0,0,9.06119e+1,7.23754e+0,3.75244e+0,0,0,0,0,0,1.92382e-1,0,1.70741e-1,0,0,0,0,0,6.38531e+0,2.62534e+1,0,4.05696e-2,0,0,0,0,1.56794e+2
"Asia-Stan","TKM","Turkmenistan",1.67884e-1,1.88657e-1,1.00000e-4,0,6.54900e-1,0,0,0,1.81288e+0,0,3.17175e+2,0,0,0,0,0,1.95060e-4,0,0,0,0,0,0,0,0,0,0,0,0,0,0,0,0,1.33773e+2,1.10950e+1,4.97011e+0,0,0,0,0,0,4.54781e-1,0,3.53016e-1,0,0,0,0,0,9.18036e+0,2.58164e+1,0,8.77476e-2,0,0,0,0,5.05731e+2
"Asia-Stan","UZB","Uzbekistan",5.16752e-1,2.12019e-1,3.17035e-1,6.55234e-3,2.40322e+0,2.08503e-2,0,5.48889e-2,5.60633e+0,3.39721e+0,1.05050e+3,0,0,0,0,0,0,0,0,0,0,0,0,0,0,0,0,0,0,0,0,0,0,4.46579e+2,3.57326e+1,3.67789e+1,0,0,0,0,0,1.42852e+0,0,9.42120e-1,0,0,0,0,0,2.96755e+1,1.16337e+2,0,2.95364e-1,0,0,0,0,1.73080e+3
"Russia +","ARM","Armenia",3.18615e-2,0,2.18970e-2,0,1.94643e-2,0,0,0,1.62238e-1,0,6.24440e+1,0,0,0,0,0,0,0,0,0,0,0,0,0,0,0,0,0,0,0,0,0,0,3.69083e+1,5.25280e+0,0,0,0,0,0,0,1.18416e-1,0,9.65112e-2,0,0,0,0,0,1.14445e+1,4.95972e+0,0,7.15996e-2,0,0,0,0,1.21531e+2
"Russia +","AZE","Azerbaijan",4.36265e-2,3.70113e-2,1.09782e-1,0,5.82473e-1,1.91127e-3,0,1.04670e-3,8.40292e-1,0,1.79859e+2,0,0,0,0,0,8.15100e-3,0,0,0,0,0,0,0,0,0,0,0,0,0,0,0,0,1.56963e+2,2.46644e+1,8.24967e-1,0,0,0,0,0,3.35920e-1,0,2.41416e-1,0,0,0,0,0,2.26749e+1,4.68272e+1,0,1.47655e-1,0,0,0,0,4.34163e+2
"Russia +","GEO","Georgia",1.61610e-2,1.75846e-3,5.82071e-2,0,2.79550e-1,2.34252e-3,0,0,2.13882e+1,2.16876e-1,4.61660e+1,0,0,0,0,0,0,4.95000e-2,0,0,0,0,0,0,0,0,0,0,0,0,0,0,0,8.04756e+1,1.56239e+1,0,0,0,0,0,0,1.86076e-1,0,3.49344e-1,0,0,0,0,0,1.90640e+1,1.05791e+1,0,8.27692e-2,0,0,0,0,1.94539e+2
"Russia +","RUS","Russian Federation",1.47750e+1,1.88176e+0,4.35147e+0,8.67779e-2,2.67796e+1,2.73312e-1,2.81353e-1,1.31277e+0,3.34834e+2,1.55977e+3,1.34512e+4,0,0,0,0,0,3.90508e+0,3.79425e+0,0,0,0,0,0,0,0,0,0,0,0,0,0,0,0,2.52176e+3,4.32844e+2,4.48782e+1,0,0,0,0,0,1.78892e+1,1.55338e+3,1.59977e+3,0,0,0,0,0,1.50269e+3,6.68809e+2,0,0,0,0,0,0,2.37453e+4
"Middle_East","ARE","United Arab Emirates",1.25637e+0,7.66603e-2,7.69157e-1,0,2.34200e+0,0,0,0,2.98553e-1,1.56736e-1,8.40617e+2,0,0,0,0,0,0,0,0,0,0,0,0,0,0,0,0,0,0,0,0,0,0,2.04019e+1,1.23861e+0,0,0,0,0,0,0,4.12762e-4,0,0,0,0,0,0,0,1.86087e+1,1.38300e+1,0,2.19801e-1,0,0,0,0,8.99816e+2
"Middle_East","BHR","Bahrain",3.22551e-1,1.83805e-1,6.63607e-2,0,3.35442e-1,0,0,0,3.91466e-2,8.23050e-2,9.42239e+1,0,0,0,0,0,8.83455e-1,0,0,0,0,0,0,0,0,0,0,0,0,0,0,0,0,8.06973e-1,2.92104e-2,0,0,0,0,0,0,1.04789e-5,0,0,0,0,0,0,0,4.38272e+0,8.22296e+0,0,4.27480e-2,0,0,0,0,1.09622e+2
"Middle_East","IRN","Iran, Islamic Republic of",1.86332e+0,3.24925e-1,1.76483e+0,0,1.73269e+1,0,0,0,1.55912e+1,2.69498e+1,1.96409e+3,0,0,0,0,0,3.71773e-1,5.91195e-2,0,0,0,0,0,0,0,0,0,0,0,0,0,0,0,7.89634e+2,3.11457e+1,1.46023e+2,0,0,0,0,0,0,0,5.56152e-4,0,0,0,0,0,1.69482e+2,3.35652e+2,0,2.22840e+0,0,0,0,0,3.50250e+3
"Middle_East","IRQ","Iraq",2.31237e-1,8.38669e-2,5.15855e-1,0,4.66910e+0,0,0,0,8.50548e-1,1.37175e+0,6.22193e+2,0,0,0,0,0,8.58000e-3,0,0,0,0,0,0,0,0,0,0,0,0,0,0,0,0,1.00248e+2,4.27333e+0,3.03918e+1,0,0,0,0,0,1.81659e+0,0,1.06829e-2,0,0,0,0,0,7.06298e+1,8.04453e+1,0,4.94460e-1,0,0,0,0,9.18234e+2
"Middle_East","ISR","Israel",1.93779e-1,7.05449e-2,7.41482e-2,0,1.91170e+0,0,0,0,9.01837e-1,4.10346e-1,3.35645e+0,0,0,0,0,0,4.95000e-2,0,0,0,0,0,0,0,0,0,0,0,0,0,0,0,0,4.63724e+1,2.16364e+0,0,0,0,0,0,0,1.59097e-1,0,0,0,0,0,0,0,4.41963e+1,2.29465e+1,0,4.62340e-1,0,0,0,0,1.23269e+2
"Middle_East","JOR","Jordan",3.45932e-2,1.63895e-2,7.77488e-2,0,7.66453e-1,0,0,6.28020e-4,3.93551e-1,2.40424e+0,7.16730e+0,0,0,0,0,0,0,0,0,0,0,0,0,0,0,0,0,0,0,0,0,0,0,1.70988e+1,9.80295e-1,0,0,0,0,0,0,5.22399e-2,0,0,0,0,0,0,0,1.39842e+1,2.09299e+1,0,1.68548e-1,0,0,0,0,6.40748e+1
"Middle_East","KWT","Kuwait",2.00835e-1,3.84695e-1,1.29665e-1,0,1.60989e+0,0,0,0,2.37601e-1,2.06770e-1,4.53175e+2,0,0,0,0,0,1.74900e-1,0,0,0,0,0,0,0,0,0,0,0,0,0,0,0,0,4.05000e+0,1.19699e-1,0,0,0,0,0,0,1.99206e-3,0,0,0,0,0,0,0,1.93158e+1,1.24905e+1,0,1.64492e-1,0,0,0,0,4.92262e+2
"Middle_East","LBN","Lebanon",5.61661e-2,0,1.29498e-1,0,1.34694e+0,0,0,0,1.51575e+0,1.37175e+0,8.89000e-1,0,0,0,0,0,0,0,0,0,0,0,0,0,0,0,0,0,0,0,0,0,0,9.54064e+0,9.45368e-1,0,0,0,0,0,0,9.31234e-2,0,0,0,0,0,0,0,1.34938e+1,1.27733e+1,0,1.30481e-1,0,0,0,0,4.22858e+1
"Middle_East","OMN","Oman",3.75281e-1,1.73836e-1,3.90210e-2,0,7.40244e-1,0,0,0,3.88091e-1,2.78380e-1,3.23855e+2,0,0,0,0,0,0,0,0,0,0,0,0,0,0,0,0,0,0,0,0,0,0,2.04834e+1,8.87010e-1,0,0,0,0,0,0,3.53230e-3,0,0,0,0,0,0,0,9.82932e+0,9.58132e+0,0,1.21904e-1,0,0,0,0,3.66756e+2
"Middle_East","QAT","Qatar",5.03421e-1,3.51524e-1,7.13850e-2,3.99840e-3,4.43528e-1,0,0,0,3.95271e-2,3.00080e-2,4.25028e+2,0,0,0,0,0,1.61865e-1,0,0,0,0,0,0,0,0,0,0,0,0,0,0,0,0,4.84461e+0,3.06821e-1,0,0,0,0,0,0,2.77396e-3,0,0,0,0,0,0,0,4.96052e+0,1.30423e+1,0,5.23096e-2,0,0,0,0,4.49842e+2
"Middle_East","SAU","Saudi Arabia",4.20070e+0,1.64949e+0,1.12026e+0,1.39612e-2,1.06793e+1,0,0,0,3.29710e-1,1.80888e+0,1.66653e+3,0,0,0,0,0,6.83295e+0,0,0,0,0,0,0,0,0,0,0,0,0,0,0,0,0,9.22379e+1,5.65664e+0,0,0,0,0,0,0,1.46754e+0,0,0,0,0,0,0,0,1.20482e+2,9.37073e+1,0,1.21804e+0,0,0,0,0,2.00793e+3
"Middle_East","SYR","Syrian Arab Republic",1.99602e-1,4.99524e-2,3.24854e-1,3.47504e-3,1.70101e+0,0,0,0,6.52418e+0,9.14500e-2,3.48366e+2,0,0,0,0,0,0,0,0,0,0,0,0,0,0,0,0,0,0,0,0,0,0,1.29559e+2,4.60395e+0,0,0,0,0,0,0,3.54508e+0,0,3.19848e-1,0,0,0,0,0,3.13828e+1,5.49796e+1,0,3.31911e-1,0,0,0,0,5.81982e+2
"Middle_East","YEM","Yemen",1.44124e-2,8.27736e-3,3.39132e-2,0,1.73956e+0,0,0,0,3.23647e+0,4.66395e+0,6.35099e+1,0,0,0,0,0,0,0,0,0,0,0,0,0,0,0,0,0,0,0,0,0,0,1.15500e+2,5.09968e+0,0,0,0,0,0,0,6.34479e-1,0,0,0,0,0,0,0,7.97395e+0,5.93062e+1,0,1.06302e-1,0,0,0,0,2.61827e+2
"India +","AFG","Afghanistan",1.04428e-3,0,7.95165e-2,8.81724e-5,2.21624e-1,0,1.04266e-3,2.84100e-4,1.07985e+1,6.65008e+0,1.21521e+1,0,0,0,0,0,0,0,0,0,0,0,0,0,0,0,0,0,0,0,0,0,0,2.84634e+2,1.49765e+1,4.11632e+1,0,0,0,0,0,4.48750e-1,0,0,0,0,0,0,0,1.02538e+1,8.03933e+1,0,1.38319e-1,0,0,0,0,4.61913e+2
"India +","BGD","Bangladesh",2.11540e-1,3.95763e-3,1.00609e-1,0,8.63242e-1,2.18928e-2,5.04091e-2,0,1.65310e+2,2.58218e+1,1.49711e+2,0,0,0,0,0,0,0,0,0,0,0,0,0,0,0,0,0,0,0,0,0,0,8.14300e+2,7.18095e+1,2.12845e+3,0,0,0,0,0,1.22003e+1,1.86436e+1,0,0,0,0,0,0,1.43194e+2,5.56204e+2,0,0,0,0,0,0,4.08689e+3
"India +","BTN","Bhutan",4.54476e-4,0,7.83320e-3,3.88037e-4,2.51153e-2,0,2.06703e-4,5.10030e-5,1.47321e+1,4.44970e+0,6.03094e-3,0,0,0,0,0,0,1.98000e-2,0,0,0,0,0,0,0,0,0,0,0,0,0,0,0,1.32155e+1,1.37915e+0,6.86054e+0,0,0,0,0,0,2.51072e-1,1.93072e+0,0,0,0,0,0,0,4.92662e-1,7.61758e+0,0,4.77744e-3,0,0,0,0,5.09937e+1
"India +","IND","India",5.22299e+0,6.06879e-1,4.37476e+1,0,2.16730e+1,2.57500e-1,1.50641e-1,8.79228e-4,1.72494e+3,1.39419e+3,5.73916e+2,0,0,0,0,0,1.41080e+0,1.94541e+0,0,0,0,0,0,0,0,0,0,0,0,0,0,0,0,1.24497e+4,1.07753e+3,4.16423e+3,0,0,0,0,1.32180e+1,2.31387e+2,2.96589e+1,1.18966e+0,0,0,0,0,0,8.25669e+2,3.70443e+3,0,3.46550e+1,4.50000e+1,0,0,0,2.63447e+4
"India +","IOT","British Indian Ocean Territory",0,0,0,0,0,0,0,0,0,0,0,0,0,0,0,0,0,0,0,0,0,0,0,0,0,0,0,0,0,0,0,0,0,0,0,0,0,0,0,0,0,0,0,0,0,0,0,0,0,0,0,0,0,0,0,0,0,0,
"India +","LKA","Sri Lanka",1.36720e-2,4.71421e-3,9.33741e-1,4.39614e-3,8.23073e-1,3.64880e-3,5.86152e-4,0,2.29823e+1,2.10335e+0,5.74000e-1,0,0,0,0,0,0,0,0,0,0,0,0,0,0,0,0,0,0,0,0,0,0,6.40398e+1,5.44967e+0,2.17433e+2,0,0,0,0,0,2.20633e-1,0,0,0,0,0,0,0,3.81516e+1,9.08445e+1,0,0,0,0,0,0,4.43582e+2
"India +","MDV","Maldives",9.96160e-4,0,1.94481e-3,8.81589e-5,3.13678e-2,0,8.09676e-4,1.81620e-4,2.34459e-2,4.57250e-2,1.38343e-2,0,0,0,0,0,0,0,0,0,0,0,0,0,0,0,0,0,0,0,0,0,0,0,0,0,0,0,0,0,0,8.41235e-3,0,0,0,0,0,0,0,4.70137e-1,9.10150e-1,0,3.77717e-3,0,0,0,0,1.51087e+0
"India +","NPL","Nepal",0,0,7.85863e-2,0,1.78057e-1,0,0,0,5.93491e+1,5.65954e+0,0,0,0,0,0,0,0,0,0,0,0,0,0,0,0,0,0,0,0,0,0,0,0,4.20592e+2,3.67863e+1,3.63671e+2,0,0,0,0,5.60088e-1,8.83853e+0,0,0,0,0,0,0,0,4.63908e+0,9.46808e+1,0,0,0,0,0,0,9.95033e+2
"India +","PAK","Pakistan",2.92891e-1,4.74087e-2,4.15531e+0,0,3.51396e+0,4.48280e-2,0,2.00966e-3,1.77086e+2,5.66528e+1,7.90780e+2,0,0,0,0,0,0,0,0,0,0,0,0,0,0,0,0,0,0,0,0,0,0,2.60426e+3,1.88447e+2,7.69725e+2,0,0,0,0,8.47392e-1,9.41444e+0,0,1.96913e+0,0,0,0,0,0,1.31846e+2,5.57781e+2,0,1.62895e+0,0,0,0,0,5.29849e+3
"Korea","KOR","Korea, Republic of",1.25790e+0,4.00383e-1,4.30151e+0,4.04653e-2,1.38273e+1,5.19521e-2,1.18842e+0,1.51981e-2,2.40651e+1,7.64406e+1,1.36583e+2,0,0,0,0,0,1.84504e+0,2.44810e+0,0,0,0,0,0,0,0,0,0,0,0,0,0,0,0,2.79415e+2,2.05459e+1,3.71980e+2,0,0,0,0,0,3.78887e-1,0,0,0,0,0,0,0,1.42074e+2,4.01115e+2,0,0,0,0,0,0,1.47797e+3
"Korea","PRK","Korea, Democratic People's Republic of",5.32226e-2,5.02415e-4,3.80258e+0,0,4.43477e-1,0,0,0,5.66151e+1,3.45703e+2,1.36346e-1,0,0,0,0,0,0,9.90000e-3,0,0,0,0,0,0,0,0,0,0,0,0,0,0,0,4.22003e+1,6.04786e+0,1.47246e+2,0,0,0,0,0,2.79206e+0,0,3.49248e+0,0,0,0,0,0,3.76008e+1,1.06715e+2,1.67637e-1,0,0,0,0,0,7.53026e+2
"China +","CHN","China",1.05346e+1,2.94649e+0,9.45473e+1,7.14686e-2,4.81781e+1,1.70654e+0,1.55681e+0,7.07569e-3,3.57436e+3,1.37366e+4,1.30925e+3,0,0,0,0,0,1.14923e+1,1.83798e+1,0,0,0,0,0,0,0,0,0,0,0,0,0,0,0,8.31392e+3,1.26953e+3,1.40229e+4,0,0,0,0,9.14592e+0,1.57182e+1,5.26277e+0,3.00960e+1,0,0,0,0,0,1.99329e+3,5.90961e+3,1.39448e+1,4.36296e+0,9.00000e+1,0,0,0,5.04874e+4
"China +","HKG","Hong Kong",5.42185e-1,0,1.75385e-1,0,8.97737e-1,0,0,0,2.22529e-1,0,3.55226e+1,0,0,0,0,0,0,0,0,0,0,0,0,0,0,0,0,0,0,0,0,0,0,0,0,0,0,0,0,0,0,0,0,0,0,0,0,0,0,5.53511e+1,3.14672e+1,2.34918e-1,0,0,0,0,0,1.24414e+2
"China +","MAC","Macao",4.59534e-4,0,5.70620e-3,3.90890e-4,4.07893e-2,0,9.89156e-4,2.39577e-4,4.68260e-2,0,6.55421e-2,0,0,0,0,0,0,0,0,0,0,0,0,0,0,0,0,0,0,0,0,0,0,0,0,0,0,0,0,0,0,0,0,0,0,0,0,0,0,3.41586e+0,1.75471e+0,1.43092e-2,0,0,0,0,0,5.34583e+0
"China +","MNG","Mongolia",7.81919e-2,0,1.01959e-1,6.17115e-4,3.57510e-1,1.25604e-4,1.85100e-3,5.93880e-4,2.27825e+0,2.33035e+0,1.51454e-3,0,0,0,0,0,0,0,0,0,0,0,0,0,0,0,0,0,0,0,0,0,0,3.63432e+2,1.76467e+1,0,0,0,0,0,0,1.09771e-2,0,1.09320e+1,0,0,0,0,0,2.83606e+0,9.89209e+0,1.79265e-2,0,0,0,0,0,4.09919e+2
"China +","TWN","Taiwan_Province of China",1.28260e+0,2.39979e-1,2.61673e+0,7.44041e-3,1.26950e+1,6.77633e-3,1.02283e-1,0,9.03308e-1,6.68486e+0,3.40212e+1,0,0,0,0,0,3.93960e-1,8.60248e-1,0,0,0,0,0,0,0,0,0,0,0,0,0,0,0,1.90073e+1,2.98163e+1,0,0,0,0,0,0,0,0,0,0,0,0,0,0,1.25405e+2,1.11968e+2,5.92619e-1,0,0,0,0,0,3.46604e+2
"Southeastern Asia","BRN","Brunei Darussalam",1.54661e-1,5.79741e-2,1.51981e-2,0,2.70928e-1,0,0,0,4.70947e-2,1.59960e-2,1.62149e+2,0,0,0,0,0,0,0,0,0,0,0,0,0,0,0,0,0,0,0,0,0,0,4.51661e-1,1.41571e-1,6.70965e-2,0,0,0,0,0,3.20425e-3,1.74236e+2,0,0,0,0,0,0,1.89513e+0,1.54445e+0,5.03580e-2,1.66808e-2,0,0,0,0,3.41117e+2
"Southeastern Asia","KHM","Cambodia",5.31913e-4,0,4.35498e-2,1.43304e-3,7.83203e-2,0,4.50534e-4,1.34388e-4,4.64597e+1,7.40745e+0,6.15612e-4,0,0,0,0,0,0,0,0,0,0,0,0,0,0,0,0,0,0,0,0,0,0,1.64492e+2,2.43841e+1,3.77480e+2,0,0,0,0,1.75992e+2,1.70433e+1,1.03564e+2,0,0,0,0,0,0,6.57028e+0,4.89924e+1,1.99245e-1,7.29612e-2,0,0,0,0,9.72783e+2
"Southeastern Asia","LAO","Lao People's Democratic Republic",7.55623e-4,0,2.07033e-2,7.64116e-4,4.90581e-2,0,2.64194e-4,7.86420e-5,2.41845e+1,7.96569e+0,1.71574e-2,0,0,0,0,0,0,0,0,0,0,0,0,0,0,0,0,0,0,0,0,0,0,1.10488e+2,1.24144e+1,9.43917e+1,0,0,0,0,4.33056e+2,6.55406e+0,2.25978e+2,0,0,0,0,0,0,3.01119e+0,2.03548e+1,0,0,0,0,0,0,9.38487e+2
"Southeastern Asia","MMR","Myanmar",1.61364e-1,2.01077e-2,4.14033e-1,0,5.64398e-1,0,2.34461e-3,4.18680e-5,1.39606e+2,1.96541e+1,6.64434e+1,0,0,0,0,0,2.93250e-1,0,0,0,0,0,0,0,0,0,0,0,0,0,0,0,0,6.28229e+2,7.05991e+1,1.14909e+3,0,0,0,0,7.04952e+1,6.27211e+1,9.02156e+2,0,0,0,0,0,0,3.92862e+1,2.18382e+2,0,0,0,0,0,0,3.36812e+3
"Southeastern Asia","MYS","Malaysia",1.53172e+0,5.51570e-1,1.05830e+0,0,8.11857e+0,0,0,1.67472e-4,1.91759e+1,4.12718e+1,7.39144e+2,0,0,0,0,0,1.29797e+0,0,0,0,0,0,0,0,0,0,0,0,0,0,0,0,0,4.59587e+1,2.41075e+1,1.71411e+2,0,0,0,0,5.31336e+1,7.77220e+0,4.66732e+2,0,0,0,0,0,0,9.05871e+1,1.17530e+2,1.22961e+0,1.53856e+0,0,0,0,0,1.79215e+3
"Southeastern Asia","PHL","Philippines",1.06305e-1,9.59928e-2,6.31828e+0,4.89856e-3,3.66437e+0,0,2.08378e-1,0,1.58600e+2,1.03458e+2,5.14845e+0,0,0,0,0,0,1.27878e-3,3.32080e-1,0,0,0,0,0,0,0,0,0,0,0,0,0,0,0,3.68256e+2,7.50361e+1,7.92228e+2,0,0,0,0,1.81747e+1,4.77999e+1,0,0,0,0,0,0,0,1.69669e+2,3.76179e+2,0,3.04202e+0,0,0,0,0,2.12832e+3
"Southeastern Asia","SGP","Singapore",5.93688e-2,1.66164e-1,9.37843e-3,0,7.80955e-1,0,0,0,7.55458e-3,3.20075e+0,3.55590e+1,0,0,0,0,0,2.64612e-1,0,0,0,0,0,0,0,0,0,0,0,0,0,0,0,0,1.90637e-1,6.82586e-1,0,0,0,0,0,0,1.07722e-5,0,0,0,0,0,0,0,1.04982e+1,1.79471e+1,5.51920e+0,0,0,0,0,0,7.48855e+1
"Southeastern Asia","THA","Thailand",1.75166e+0,2.28380e-1,5.75864e+0,0,9.47990e+0,1.68540e-2,3.16523e-2,0,1.21930e+2,3.18954e+2,2.76249e+2,0,0,0,0,0,3.76740e-1,0,0,0,0,0,0,0,0,0,0,0,0,0,0,0,0,4.67960e+2,6.50780e+1,2.01518e+3,0,0,0,0,8.82360e+1,7.18001e+1,2.88905e+1,0,0,0,0,0,0,2.24586e+2,3.22177e+2,2.34741e+0,2.76236e+0,0,0,0,0,4.02379e+3
"Southeastern Asia","TLS","Timor-Leste",0,0,2.64333e-3,0,0,0,0,0,1.75046e-1,0,0,0,0,0,0,0,0,0,0,0,0,0,0,0,0,0,0,0,0,0,0,0,0,1.33408e+1,1.50601e+0,3.42938e+0,0,0,0,0,0,2.71327e-1,0,0,0,0,0,0,0,1.57368e-1,3.08299e+0,3.70540e-3,1.13806e-3,0,0,0,0,2.19704e+1
"Southeastern Asia","VNM","Viet Nam",2.08250e-1,0,1.16448e+0,3.32851e-3,1.95874e+0,0,0,1.35652e-2,2.16055e+2,2.04083e+2,7.60862e+1,0,0,0,0,0,0,0,0,0,0,0,0,0,0,0,0,0,0,0,0,0,0,4.09193e+2,1.17553e+2,1.80423e+3,0,0,0,0,1.29826e+2,7.37696e+1,1.16559e+1,0,0,0,0,0,0,7.06019e+1,3.50616e+2,0,0,0,0,0,0,3.46702e+3
"Indonesia +","IDN","Indonesia",1.33733e+0,2.12960e+0,3.99029e+0,1.41723e-2,1.56204e+1,0,5.24606e-1,0,3.84255e+2,2.04593e+2,1.46762e+3,0,0,0,0,0,5.41565e-1,2.20000e-2,0,0,0,0,0,0,0,0,0,0,0,0,0,0,0,1.01963e+3,9.38533e+1,2.45574e+3,0,0,0,0,3.66079e+2,1.86451e+2,1.83756e+3,0,3.28178e+3,0,0,0,0,6.25188e+2,1.21399e+3,7.22267e+0,8.87928e+0,0,0,0,0,1.31770e+4
"Indonesia +","PNG","Papua New Guinea",4.35389e-3,0,2.43562e-2,7.82406e-4,4.96563e-2,0,3.07123e-3,7.09401e-4,1.93496e+1,4.35023e-1,1.87548e+1,0,0,0,0,0,0,0,0,0,0,0,0,0,0,0,0,0,0,0,0,0,0,6.07120e+0,6.38818e+0,8.69769e-2,0,0,0,0,3.33432e-1,1.35616e-1,3.86512e+1,0,0,0,0,0,0,3.15339e+0,2.45769e+1,8.14801e-2,0,0,0,0,0,1.18101e+2
"Japan","JPN","Japan",8.83123e+0,6.07964e-1,1.29791e+1,7.64927e-2,1.71044e+1,4.48279e-2,1.28572e+0,0,2.11766e+1,1.28639e+2,4.02585e+1,0,0,0,0,0,4.84825e+0,6.90233e+0,0,0,0,0,0,0,0,0,0,0,0,0,0,0,0,5.30667e+2,2.00810e+2,8.53740e+2,0,0,0,0,0,5.57629e-1,2.83104e+0,7.54392e-1,0,0,0,0,0,2.48867e+2,2.59110e+2,7.99508e+1,6.56000e-1,0,0,0,0,2.42070e+3
"Oceania","ASM","American Samoa",0,0,0,0,0,0,0,0,2.16044e-5,0,0,0,0,0,0,0,0,0,0,0,0,0,0,0,0,0,0,0,0,0,0,0,0,1.62360e-2,1.25873e-1,0,0,0,0,0,0,9.84323e-6,0,0,0,0,0,0,0,2.84698e-1,6.69039e-2,0,0,0,0,0,0,4.93742e-1
"Oceania","ATF","French Southern Territories",0,0,0,0,0,0,0,0,0,0,0,0,0,0,0,0,0,0,0,0,0,0,0,0,0,0,0,0,0,0,0,0,0,0,0,0,0,0,0,0,0,0,0,0,0,0,0,0,0,0,0,0,0,0,0,0,0,0,
"Oceania","AUS","Australia",2.50559e+0,8.25590e-1,5.03828e+0,3.73462e-2,1.66157e+1,8.75712e-2,1.40090e-1,7.87119e-3,4.04250e+1,1.00108e+3,3.74053e+2,0,0,0,0,0,2.41691e-1,7.34580e-1,0,0,0,0,0,0,0,0,0,0,0,0,0,0,0,2.79714e+3,2.07559e+2,4.41864e+1,0,0,0,0,3.88128e+2,3.23633e+1,2.79265e+1,1.01018e+2,0,0,0,0,0,4.65803e+2,6.08146e+1,6.01858e-3,0,6.00000e-1,0,0,0,5.56733e+3
"Oceania","CCK","Cocos (Keeling) Islands",0,0,0,0,0,0,0,0,0,0,0,0,0,0,0,0,0,0,0,0,0,0,0,0,0,0,0,0,0,0,0,0,0,0,0,0,0,0,0,0,0,0,0,0,0,0,0,0,0,0,0,0,0,0,0,0,0,0,
"Oceania","COK","Cook Islands",0,0,0,0,0,0,0,0,1.41976e-3,0,0,0,0,0,0,0,0,0,0,0,0,0,0,0,0,0,0,0,0,0,0,0,0,6.30328e-2,1.17713e-1,0,0,0,0,0,0,6.46861e-4,0,0,0,0,0,0,0,0,2.40410e-2,0,0,0,0,0,0,2.06854e-1
"Oceania","CXR","Christmas Island",0,0,0,0,0,0,0,0,0,0,0,0,0,0,0,0,0,0,0,0,0,0,0,0,0,0,0,0,0,0,0,0,0,0,0,0,0,0,0,0,0,0,0,0,0,0,0,0,0,0,0,0,0,0,0,0,0,0,
"Oceania","FJI","Fiji",1.80762e-3,0,4.89917e-3,4.95976e-4,4.04643e-2,0,1.39124e-3,3.33645e-4,3.92007e-1,1.89224e-1,3.56638e-2,0,0,0,0,0,0,0,0,0,0,0,0,0,0,0,0,0,0,0,0,0,0,2.30928e+1,3.31796e+0,1.89949e+0,0,0,0,0,0,8.98907e-2,0,0,0,0,0,0,0,2.90813e+0,2.18409e+0,0,0,0,0,0,0,3.41586e+1
"Oceania","FSM","Micronesia, Federated States of",0,0,0,0,0,0,0,0,1.35721e-3,2.54200e-2,0,0,0,0,0,0,0,0,0,0,0,0,0,0,0,0,0,0,0,0,0,0,0,7.40667e-1,1.31745e-1,1.89949e-2,0,0,0,0,0,6.18365e-4,0,0,0,0,0,0,0,2.70535e-1,1.28592e-1,0,0,0,0,0,0,1.31793e+0
"Oceania","GUM","Guam",0,0,0,0,0,0,0,0,9.62625e-4,0,0,0,0,0,0,0,0,0,0,0,0,0,0,0,0,0,0,0,0,0,0,0,0,1.66811e-2,5.22818e-2,0,0,0,0,0,0,4.38582e-4,0,0,0,0,0,0,0,1.45983e+0,1.13955e+0,0,0,0,0,0,0,2.66974e+0
"Oceania","HMD","Heard Island and McDonald Islands",0,0,0,0,0,0,0,0,0,0,0,0,0,0,0,0,0,0,0,0,0,0,0,0,0,0,0,0,0,0,0,0,0,0,0,0,0,0,0,0,0,0,0,0,0,0,0,0,0,0,0,0,0,0,0,0,0,0,
"Oceania","KIR","Kiribati",3.84990e-5,0,3.30051e-4,5.04055e-5,1.46014e-3,0,2.66840e-5,7.05300e-6,5.53156e-3,2.39630e-2,9.23367e-4,0,0,0,0,0,0,0,0,0,0,0,0,0,0,0,0,0,0,0,0,0,0,9.50000e-3,2.62702e-2,0,0,0,0,0,0,2.03224e-3,0,0,0,0,0,0,0,2.22247e-1,2.82741e-1,0,0,0,0,0,0,5.75121e-1
"Oceania","MHL","Marshall Islands",0,0,0,0,0,0,0,0,0,0,0,0,0,0,0,0,0,0,0,0,0,0,0,0,0,0,0,0,0,0,0,0,0,0,0,0,0,0,0,0,0,0,0,0,0,0,0,0,0,2.22002e-1,6.71518e-2,0,0,0,0,0,0,2.89154e-1
"Oceania","MNP","Northern Mariana Islands",0,0,0,0,0,0,0,0,0,0,0,0,0,0,0,0,0,0,0,0,0,0,0,0,0,0,0,0,0,0,0,0,0,0,0,0,0,0,0,0,0,0,0,0,0,0,0,0,0,2.80417e-1,8.16076e-2,0,0,0,0,0,0,3.62025e-1
"Oceania","NCL","New Caledonia",1.24472e-3,0,6.91067e-3,4.57510e-5,5.36076e-2,0,7.95963e-4,2.20134e-4,4.25950e-2,3.51230e-2,5.44474e-2,0,0,0,0,0,0,0,0,0,0,0,0,0,0,0,0,0,0,0,0,0,0,6.49057e+0,7.94672e-1,0,0,0,0,0,0,1.50000e-3,0,0,0,0,0,0,0,1.74406e+0,2.51544e-1,0,0,0,0,0,0,9.47733e+0
"Oceania","NFK","Norfolk Island",0,0,0,0,0,0,0,0,0,0,0,0,0,0,0,0,0,0,0,0,0,0,0,0,0,0,0,0,0,0,0,0,0,0,0,0,0,0,0,0,0,0,0,0,0,0,0,0,0,0,4.07340e-3,0,0,0,0,0,0,4.07340e-3
"Oceania","NIU","Niue",0,0,0,0,0,0,0,0,9.61404e-5,3.72000e-4,0,0,0,0,0,0,0,0,0,0,0,0,0,0,0,0,0,0,0,0,0,0,0,9.37974e-3,2.31920e-2,0,0,0,0,0,0,4.38026e-5,0,0,0,0,0,0,0,5.68045e-3,3.52501e-3,0,0,0,0,0,0,4.22891e-2
"Oceania","NRU","Nauru",0,0,0,0,0,0,0,0,0,0,0,0,0,0,0,0,0,0,0,0,0,0,0,0,0,0,0,0,0,0,0,0,0,2.80000e-3,8.18133e-3,0,0,0,0,0,0,0,0,0,0,0,0,0,0,8.80185e-2,1.53869e-2,0,0,0,0,0,0,1.14387e-1
"Oceania","NZL","New Zealand",2.07263e-1,3.27732e-2,7.18282e-1,6.07087e-3,2.29999e+0,8.37360e-5,0,5.77780e-3,2.05229e+0,1.18133e+1,2.97673e+1,0,0,0,0,0,4.73110e+0,0,0,0,0,0,0,0,0,0,0,0,0,0,0,0,0,1.01498e+3,1.07211e+2,0,0,0,0,0,0,2.85196e-1,0,0,0,0,0,0,0,8.55875e+1,1.02954e+1,0,0,0,0,0,0,1.26999e+3
"Oceania","PCN","Pitcairn",0,0,0,0,0,0,0,0,0,0,0,0,0,0,0,0,0,0,0,0,0,0,0,0,0,0,0,0,0,0,0,0,0,0,0,0,0,0,0,0,0,0,0,0,0,0,0,0,0,0,1.03402e-3,0,0,0,0,0,0,1.03402e-3
"Oceania","PLW","Palau",0,0,0,0,0,0,0,0,0,0,0,0,0,0,0,0,0,0,0,0,0,0,0,0,0,0,0,0,0,0,0,0,0,0,0,0,0,0,0,0,0,0,0,0,0,0,0,0,0,0,6.24077e-2,0,0,0,0,0,0,6.24077e-2
"Oceania","PYF","French Polynesia",1.47987e-3,0,2.67522e-3,4.83375e-5,4.25422e-2,0,9.92362e-4,2.51121e-4,3.37714e-2,0,3.05064e-2,0,0,0,0,0,0,0,0,0,0,0,0,0,0,0,0,0,0,0,0,0,0,6.49059e-1,3.94520e-1,0,0,0,0,0,0,1.75304e-3,0,0,0,0,0,0,0,1.75407e+0,8.87189e-1,0,0,0,0,0,0,3.79886e+0
"Oceania","SLB","Solomon Islands",5.53854e-4,0,1.80621e-3,7.24960e-5,1.04402e-2,0,3.57833e-4,8.58450e-5,4.98886e-1,8.24910e-2,7.30760e-3,0,0,0,0,0,0,0,0,0,0,0,0,0,0,0,0,0,0,0,0,0,0,6.33346e+1,2.11226e+0,7.83539e-2,0,0,0,0,0,4.19512e-3,0,0,0,0,0,0,0,3.45626e-1,7.25587e-1,0,0,0,0,0,0,6.72027e+1
"Oceania","TKL","Tokelau",0,0,0,0,0,0,0,0,1.85680e-4,0,0,0,0,0,0,0,0,0,0,0,0,0,0,0,0,0,0,0,0,0,0,0,0,1.00000e-3,3.20383e-3,0,0,0,0,0,0,8.45978e-5,0,0,0,0,0,0,0,0,7.41171e-3,0,0,0,0,0,0,1.18858e-2
"Oceania","TON","Tonga",0,0,0,0,1.51667e-2,0,0,0,2.48185e-3,2.21340e-2,5.46347e-3,0,0,0,0,0,0,0,0,0,0,0,0,0,0,0,0,0,0,0,0,0,0,9.03488e-1,9.92346e-1,0,0,0,0,0,0,1.13076e-3,0,0,0,0,0,0,0,2.83659e-1,4.10878e-1,0,0,0,0,0,0,2.63675e+0
"Oceania","TUV","Tuvalu",0,0,0,0,0,0,0,0,0,0,0,0,0,0,0,0,0,0,0,0,0,0,0,0,0,0,0,0,0,0,0,0,0,1.30000e-2,3.91711e-2,0,0,0,0,0,0,0,0,0,0,0,0,0,0,2.47637e-2,7.38953e-2,0,0,0,0,0,0,1.50830e-1
"Oceania","VUT","Vanuatu",1.63840e-4,0,8.05062e-4,2.77855e-5,4.79937e-3,0,1.40770e-4,3.44340e-5,1.13800e-1,3.30150e-2,2.76101e-3,0,0,0,0,0,0,0,0,0,0,0,0,0,0,0,0,0,0,0,0,0,0,9.85031e+0,1.21140e+0,0,0,0,0,0,0,1.21908e-2,0,0,0,0,0,0,0,2.47953e-1,9.90831e-1,0,0,0,0,0,0,1.24682e+1
"Oceania","WLF","Wallis and Futuna",0,0,0,0,0,0,0,0,9.05508e-4,0,0,0,0,0,0,0,0,0,0,0,0,0,0,0,0,0,0,0,0,0,0,0,0,6.64232e-2,7.59984e-2,0,0,0,0,0,0,4.12560e-4,0,0,0,0,0,0,0,0,8.32040e-2,0,0,0,0,0,0,2.26944e-1
"Oceania","WSM","Samoa",2.17679e-4,0,8.21316e-4,2.54816e-4,1.65105e-2,0,2.12114e-4,6.07980e-5,2.50181e-1,3.08760e-2,5.83618e-3,0,0,0,0,0,0,0,0,0,0,0,0,0,0,0,0,0,0,0,0,0,0,1.70005e+0,2.09050e+0,0,0,0,0,0,0,1.11787e-3,0,0,0,0,0,0,0,2.92046e-1,1.04067e+0,0,0,0,0,0,0,5.42935e+0
"Antartica","ATA","Antarctica",0,0,0,0,0,0,0,0,0,0,0,0,0,0,0,0,0,0,0,0,0,0,0,0,0,0,0,0,0,0,0,0,0,0,0,0,0,0,0,0,0,0,0,0,0,0,0,0,0,0,0,0,0,0,0,0,0,0,
"Int. Shipping","SEA","Int. Shipping",0,0,0,0,0,0,0,0,0,0,1.09669e+1,0,3.94022e+1,0,0,0,0,0,0,0,0,0,0,0,0,0,0,0,0,0,0,0,0,0,0,0,0,0,0,0,0,0,0,0,0,0,0,0,0,0,0,0,0,0,0,0,0,5.03691e+1
"Int. Aviation","AIR","Int. Aviation",0,0,0,0,0,0,0,0,0,0,0,2.38772e+0,0,0,0,0,0,0,0,0,0,0,0,0,0,0,0,0,0,0,0,0,0,0,0,0,0,0,0,0,0,0,0,0,0,0,0,0,0,0,0,0,0,0,0,0,0,2.38772e+0

"TOTALS",,,1.98956e+2,4.73694e+1,3.86358e+2,2.17619e+0,7.09965e+2,5.56163e+0,9.79577e+0,2.73553e+0,1.15934e+4,3.16733e+4,5.52791e+4,2.38772e+0,3.94022e+1,0,0,0,1.15300e+2,6.21250e+1,0,0,0,0,0,0,0,0,0,0,0,0,0,0,0,9.06452e+4,1.07274e+4,3.46140e+4,0,0,0,0,7.93543e+3,1.30590e+3,1.35389e+4,2.32773e+3,3.28178e+3,0,0,0,0,2.64824e+4,2.66579e+4,1.54399e+2,1.97954e+2,1.50600e+2,0,0,0,03.18147e+5