"Content:","Emissions by country and main source category" 
"Compound:","CH4"
"Year: ","1985"
"Unit:","Gg CH4"
"Source:","European Commission, Joint Research Centre (JRC)/PBL Netherlands Environmental Assessment Agency. Emission Database for Global Atmospheric Research (EDGAR), release version 4.2. http://edgar.jrc.ec.europe.eu, 2010" 
"Dataset:","v4.2_EM_CH4_300911(edgar)"
"Date calculated:","November 30, 1999, 12:00 am"

,,,"Public electricity and heat production","Other Energy Industries","Manufacturing Industries and Construction","Domestic aviation","Road transportation","Rail transportation","Inland navigation","Other transportation","Residential and other sectors","Fugitive emissions from solid fuels","Fugitive emissions from oil and gas","Memo: International aviation","Memo: International navigation","Cement production","Lime production","Production of other minerals","Production of chemicals","Production of metals","Production of pulp/paper/food/drink","Production of halocarbons and SF6","Refrigeration and Air Conditioning","Foam Blowing","Fire Extinguishers","Aerosols","F-gas as Solvent","Semiconductor/Electronics Manufacture","Electrical Equipment","Other F-gas use","Non-energy use of lubricants/waxes (CO2)","Solvent and other product use: paint","Solvent and other product use: degrease","Solvent and other product use: chemicals","Solvent and other product use: other","Enteric fermentation","Manure management","Rice cultivation","Direct soil emissions","Manure in pasture/range/paddock","Indirect N2O from agriculture","Other direct soil emissions","Savanna burning","Agricultural waste burning","Forest fires","Grassland fires","Peat fires and decay of drained peatland","Other vegetation fires","Other biomass burning","Forest Fires-Post burn decay","Forest Land: net carbon stock change","Solid waste disposal on land","Wastewater handling","Waste incineration","Other waste handling","Fossil fuel fires","Indirect N2O from non-agricultural NOx","Indirect N2O from non-agricultural NH3","Other sources",

"World Region","ISO_A3","Country","1A1a","1A1bc","1A2","1A3a","1A3b","1A3c","1A3d","1A3e","1A4","1B1","1B2","1C1","1C2","2A1","2A2","2A7","2B","2C","2D","2E","2F1","2F2","2F3","2F4","2F5","2F7","2F8","2F9","2G","3A","3B","3C","3D","4A","4B","4C","4D1","4D2","4D3","4D4","4E","4F","5A","5C","5D","5F","5F1","5F2","5FL","6A","6B","6C","6D","7A","7B","7C","7D","TOTAL" 
"Canada","CAN","Canada",1.21850e+0,1.14637e+0,1.01734e+1,7.09452e-2,1.92711e+1,3.41944e-1,3.78068e-1,8.43221e-2,4.54892e+1,8.61195e+1,1.38023e+3,0,0,0,0,0,4.88350e+0,5.36830e-1,0,0,0,0,0,0,0,0,0,0,0,0,0,0,0,6.45451e+2,2.34153e+2,0,0,0,0,0,0,7.18656e+0,5.75616e+1,4.81440e+1,0,0,0,0,0,7.99017e+2,1.61661e+2,5.23985e+0,0,0,0,0,0,3.50836e+3
"USA","SPM","Saint Pierre and Miquelon",0,0,0,0,0,0,0,0,0,0,0,0,0,0,0,0,0,0,0,0,0,0,0,0,0,0,0,0,0,0,0,0,0,5.21636e-3,3.41093e-3,0,0,0,0,0,0,0,0,0,0,0,0,0,0,3.78551e-2,1.01995e-2,7.77894e-4,0,0,0,0,0,5.74598e-2
"USA","UMI","United States Minor Outlying Islands",0,0,0,0,0,0,0,0,0,0,0,0,0,0,0,0,0,0,0,0,0,0,0,0,0,0,0,0,0,0,0,0,0,0,0,0,0,0,0,0,0,0,0,0,0,0,0,0,0,0,0,0,0,0,0,0,0,0,
"USA","USA","United States",1.58224e+1,6.92591e+0,8.02975e+1,1.17955e+0,2.16346e+2,1.81293e+0,1.36779e+0,4.93121e-1,5.83226e+2,3.76180e+3,6.26371e+3,0,0,0,0,0,1.56454e+1,1.87318e+0,0,0,0,0,0,0,0,0,0,0,0,0,0,0,0,6.43483e+3,1.84811e+3,3.83920e+2,0,0,0,0,6.42672e-1,4.75266e+1,5.91120e+1,2.06753e+1,0,0,0,0,0,8.19877e+3,7.01455e+2,0,0,1.50000e+1,0,0,0,2.86605e+4
"Mexico","MEX","Mexico",1.59325e-1,1.18688e+0,4.51019e+0,0,1.73694e+1,0,0,9.75315e-1,7.09243e+1,5.80790e+1,1.38034e+3,0,0,0,0,0,1.03200e+0,4.32017e-1,0,0,0,0,0,0,0,0,0,0,0,0,0,0,0,2.20520e+3,1.57721e+2,3.52273e+1,0,0,0,0,2.77440e+1,2.90243e+1,7.09936e+1,1.55808e-1,0,0,0,0,0,2.24548e+2,4.07796e+2,0,0,0,0,0,0,4.69342e+3
"Rest Central America","ABW","Aruba",2.20443e-3,0,8.62982e-3,2.83649e-6,2.35687e-2,0,0,0,2.11902e-2,9.88000e-3,4.41200e-4,0,0,0,0,0,0,0,0,0,0,0,0,0,0,0,0,0,0,0,0,0,0,3.39370e-2,4.18740e-3,0,0,0,0,0,0,0,0,0,0,0,0,0,0,2.49529e-1,3.11555e-1,0,0,0,0,0,0,6.65126e-1
"Rest Central America","AIA","Anguilla",1.78620e-4,0,8.47740e-4,0,0,0,0,0,5.66000e-5,1.73615e-1,0,0,0,0,0,0,0,0,0,0,0,0,0,0,0,0,0,0,0,0,0,0,0,0,0,0,0,0,0,0,0,0,0,0,0,0,0,0,0,6.57125e-3,3.16111e-2,0,0,0,0,0,0,2.12880e-1
"Rest Central America","ANT","Netherlands Antilles",0,2.66340e-2,4.14492e-2,9.21094e-4,1.71271e-1,0,0,0,2.72142e-2,1.95650e-2,2.27011e+0,0,0,0,0,0,0,0,0,0,0,0,0,0,0,0,0,0,0,0,0,0,0,1.91550e-1,9.85000e-3,0,0,0,0,0,0,0,0,0,0,0,0,0,0,1.24315e+0,7.85433e-1,0,0,0,0,0,0,4.78715e+0
"Rest Central America","ATG","Antigua and Barbuda",2.95673e-3,0,7.41736e-3,9.85600e-6,9.53269e-3,0,8.81020e-5,0,2.31071e-2,0,1.76754e-2,0,0,0,0,0,0,0,0,0,0,0,0,0,0,0,0,0,0,0,0,0,0,1.22422e+0,2.53986e-2,0,0,0,0,0,0,1.45590e-3,0,0,0,0,0,0,0,1.86476e-1,2.81362e-1,0,0,0,0,0,0,1.77970e+0
"Rest Central America","BHS","Bahamas",1.25400e-2,0,2.82038e-2,5.84689e-4,6.32092e-2,0,5.83849e-4,0,2.17067e-1,5.92475e-2,2.21338e-1,0,0,0,0,0,0,0,0,0,0,0,0,0,0,0,0,0,0,0,0,0,0,1.87323e-1,2.39817e-2,0,0,0,0,0,0,1.09391e-2,0,0,0,0,0,0,0,3.67781e+0,1.04618e+0,0,0,0,0,0,0,5.54901e+0
"Rest Central America","BLZ","Belize",5.14112e-3,0,1.88602e-2,4.31900e-6,1.68962e-2,0,1.57647e-4,0,9.20434e-1,4.86200e-2,1.15519e-2,0,0,0,0,0,0,0,0,0,0,0,0,0,0,0,0,0,0,0,0,0,0,2.78319e+0,9.89054e-2,3.99569e-1,0,0,0,0,8.20728e-1,3.07510e-1,0,0,0,0,0,0,0,5.18527e-1,8.70289e-1,0,0,0,0,0,0,6.82039e+0
"Rest Central America","BMU","Bermuda",5.00414e-3,0,6.85998e-3,1.18294e-4,1.13579e-2,0,1.02130e-4,0,5.52024e-2,0,2.58989e-2,0,0,0,0,0,0,0,0,0,0,0,0,0,0,0,0,0,0,0,0,0,0,6.26766e-2,3.66650e-3,0,0,0,0,0,0,4.45033e-5,0,0,0,0,0,0,0,6.35389e-1,2.59763e-1,0,0,0,0,0,0,1.06608e+0
"Rest Central America","BRB","Barbados",8.53746e-3,0,2.98358e-2,4.21134e-5,3.15821e-2,0,2.94014e-4,0,5.21213e-2,2.70400e-2,4.73825e-1,0,0,0,0,0,0,0,0,0,0,0,0,0,0,0,0,0,0,0,0,0,0,1.41153e+0,8.05700e-2,0,0,0,0,0,0,2.35045e-1,0,0,0,0,0,0,0,1.16125e+0,1.46070e+0,0,0,0,0,0,0,4.97238e+0
"Rest Central America","CRI","Costa Rica",4.34603e-3,3.18770e-3,2.40406e-1,0,1.29291e-1,0,0,3.24057e-2,7.16194e+0,1.34225e+0,1.10476e-1,0,0,0,0,0,0,0,0,0,0,0,0,0,0,0,0,0,0,0,0,0,0,1.41333e+2,3.15908e+0,1.20524e+1,0,0,0,0,1.50425e+0,1.17402e+0,0,0,0,0,0,0,0,3.56665e+0,1.24030e+1,0,0,0,0,0,0,1.84217e+2
"Rest Central America","CUB","Cuba",1.18576e+0,9.64369e-3,3.70018e+0,0,1.12393e+0,1.16414e-2,1.20161e-1,0,3.55807e+1,6.80713e+0,3.96126e+0,0,0,0,0,0,0,0,0,0,0,0,0,0,0,0,0,0,0,0,0,0,0,2.93420e+2,9.84243e+0,6.99409e+1,0,0,0,0,1.09111e+1,2.03415e+1,2.38850e+0,0,0,0,0,0,0,4.51970e+1,6.52972e+1,0,0,0,0,0,0,5.69839e+2
"Rest Central America","CYM","Cayman Islands",1.41708e-3,0,2.42809e-3,3.15400e-6,3.68091e-3,0,3.34250e-5,0,1.38492e-2,0,6.13576e-3,0,0,0,0,0,0,0,0,0,0,0,0,0,0,0,0,0,0,0,0,0,0,1.18169e-1,6.32114e-3,0,0,0,0,0,0,2.88442e-6,0,0,0,0,0,0,0,4.62236e-1,9.15666e-2,0,0,0,0,0,0,7.05843e-1
"Rest Central America","DMA","Dominica",1.97325e-3,0,8.47299e-3,2.33800e-6,2.99303e-3,0,3.29210e-5,0,4.05323e-3,2.71375e-2,1.88082e-3,0,0,0,0,0,0,0,0,0,0,0,0,0,0,0,0,0,0,0,0,0,0,6.36329e-1,1.68804e-2,0,0,0,0,0,0,2.27870e-3,0,0,0,0,0,0,0,3.24101e-1,3.83117e-1,0,0,0,0,0,0,1.40925e+0
"Rest Central America","DOM","Dominican Republic",5.69741e-2,0,5.00113e-1,0,5.07002e-1,0,0,1.54912e-3,1.17491e+1,2.07090e+1,4.64964e-1,0,0,0,0,0,0,0,0,0,0,0,0,0,0,0,0,0,0,0,0,0,0,1.31478e+2,3.72341e+0,4.63537e+1,0,0,0,0,1.37210e+0,2.94493e+0,1.08752e+0,0,0,0,0,0,0,2.06584e+1,3.19450e+1,2.84564e-1,0,0,0,0,0,2.73836e+2
"Rest Central America","GLP","Guadeloupe",1.09275e-2,0,4.12340e-2,2.38789e-4,4.44254e-2,0,3.24912e-4,0,3.82826e-1,1.24735e-1,5.54686e-2,0,0,0,0,0,0,0,0,0,0,0,0,0,0,0,0,0,0,0,0,0,0,5.81665e+0,1.58170e-1,0,0,0,0,0,0,1.86125e-1,0,0,0,0,0,0,0,2.26864e+0,1.91656e+0,0,0,0,0,0,0,1.10063e+1
"Rest Central America","GRD","Grenada",2.63267e-3,0,1.07610e-2,1.09230e-5,2.69269e-3,0,2.93090e-5,0,7.13965e-3,9.58100e-2,3.52483e-3,0,0,0,0,0,0,0,0,0,0,0,0,0,0,0,0,0,0,0,0,0,0,3.97485e-1,1.34172e-2,0,0,0,0,0,0,4.07920e-3,0,0,0,0,0,0,0,2.02323e-1,4.38580e-1,0,0,0,0,0,0,1.17849e+0
"Rest Central America","GTM","Guatemala",7.44960e-2,2.25940e-3,2.55772e-1,0,2.72970e-1,0,0,0,2.89492e+1,2.30100e+0,4.99982e-1,0,0,0,0,0,0,0,0,0,0,0,0,0,0,0,0,0,0,0,0,0,0,1.19655e+2,3.19842e+0,2.38111e+0,0,0,0,0,6.37704e+0,2.87979e+0,7.72820e+0,0,0,0,0,0,0,8.03773e+0,3.34399e+1,0,0,0,0,0,0,2.16053e+2
"Rest Central America","HND","Honduras",1.75845e-3,2.30274e-3,3.24227e-1,0,1.14993e-1,0,0,0,1.38388e+1,6.71125e-1,9.34943e-2,0,0,0,0,0,0,0,0,0,0,0,0,0,0,0,0,0,0,0,0,0,0,1.35879e+2,3.81139e+0,2.87037e+0,0,0,0,0,8.46984e+0,1.26677e+0,8.05256e+0,0,0,0,0,0,0,2.85797e+0,1.76084e+1,0,0,0,0,0,0,1.95863e+2
"Rest Central America","HTI","Haiti",8.54107e-3,0,1.91672e-1,0,3.68116e-2,0,0,6.90822e-3,1.38570e+1,2.63656e+1,0,0,0,0,0,0,0,0,0,0,0,0,0,0,0,0,0,0,0,0,0,0,0,7.99445e+1,3.14760e+0,8.96992e+0,0,0,0,0,0,1.31819e+0,0,0,0,0,0,0,0,8.81195e+0,2.82807e+1,0,0,0,0,0,0,1.70939e+2
"Rest Central America","JAM","Jamaica",1.83103e-1,6.69888e-4,7.56135e-2,4.18681e-5,1.65966e-1,0,0,0,1.57909e+0,4.98550e+0,1.79704e-1,0,0,0,0,0,0,0,0,0,0,0,0,0,0,0,0,0,0,0,0,0,0,2.27518e+1,7.49467e-1,2.28326e-1,0,0,0,0,0,7.14263e-1,0,0,0,0,0,0,0,7.04015e+0,1.07789e+1,0,0,0,0,0,0,4.94325e+1
"Rest Central America","KNA","Saint Kitts and Nevis",1.42614e-3,0,4.85760e-3,2.65890e-5,2.65337e-3,0,1.91450e-5,0,1.23230e-1,0,2.32354e-3,0,0,0,0,0,0,0,0,0,0,0,0,0,0,0,0,0,0,0,0,0,0,3.91745e-1,9.90820e-3,0,0,0,0,0,0,7.80431e-2,0,0,0,0,0,0,0,3.77377e-1,2.71982e-1,0,0,0,0,0,0,1.26359e+0
"Rest Central America","LCA","Saint Lucia",4.05443e-3,0,1.46380e-2,3.79750e-6,9.82465e-3,0,7.13790e-5,0,2.79084e-2,2.94450e-2,6.23238e-3,0,0,0,0,0,0,0,0,0,0,0,0,0,0,0,0,0,0,0,0,0,0,8.65792e-1,3.09395e-2,0,0,0,0,0,0,7.76095e-3,0,0,0,0,0,0,0,1.21994e-1,5.73543e-1,0,0,0,0,0,0,1.69221e+0
"Rest Central America","MSR","Montserrat",4.20466e-4,0,1.31101e-3,2.63250e-6,2.07919e-3,0,1.51620e-5,0,2.42757e-3,0,9.87033e-4,0,0,0,0,0,0,0,0,0,0,0,0,0,0,0,0,0,0,0,0,0,0,5.71160e-1,1.24270e-2,0,0,0,0,0,0,3.50254e-5,0,0,0,0,0,0,0,8.48447e-3,4.81435e-2,0,0,0,0,0,0,6.47493e-1
"Rest Central America","MTQ","Martinique",1.14012e-2,0,3.95640e-2,1.34195e-4,2.60557e-2,0,1.89203e-4,0,8.81050e-2,1.27433e-1,4.44715e-2,0,0,0,0,0,0,0,0,0,0,0,0,0,0,0,0,0,0,0,0,0,0,3.05066e+0,9.25700e-2,0,0,0,0,0,0,7.92181e-2,0,0,0,0,0,0,0,3.59409e+0,1.73595e+0,0,0,0,0,0,0,8.88984e+0
"Rest Central America","NIC","Nicaragua",1.41193e-2,7.29024e-4,3.12979e-1,1.46538e-4,1.16852e-1,0,2.63768e-3,0,9.17597e+0,2.20512e+0,1.30294e-1,0,0,0,0,0,0,0,0,0,0,0,0,0,0,0,0,0,0,0,0,0,0,1.34734e+2,4.14932e+0,6.65405e+0,0,0,0,0,8.62056e+0,1.10158e+0,0,0,0,0,0,0,0,1.47614e+1,1.59696e+1,0,0,0,0,0,0,1.97949e+2
"Rest Central America","PAN","Panama",4.25979e-2,5.22013e-3,1.49888e-1,0,2.86855e-1,0,0,1.69565e-2,4.94211e+0,1.91750e-1,3.44469e-1,0,0,0,0,0,0,0,0,0,0,0,0,0,0,0,0,0,0,0,0,0,0,8.85544e+1,2.00014e+0,1.47107e+1,0,0,0,0,1.48534e+0,8.16994e-1,0,0,0,0,0,0,0,5.82977e+0,9.54440e+0,0,0,0,0,0,0,1.28922e+2
"Rest Central America","PRI","Puerto Rico",0,0,0,0,0,0,0,0,0,0,0,0,0,0,0,0,0,0,0,0,0,0,0,0,0,0,0,0,0,0,0,0,0,3.69421e+1,9.92698e-1,2.77253e-1,0,0,0,0,0,3.52134e-1,1.81608e-1,0,0,0,0,0,0,2.41944e+1,1.52494e+1,0,0,0,0,0,0,7.81896e+1
"Rest Central America","SLV","El Salvador",8.36094e-2,1.70798e-3,1.56598e-1,0,1.72754e-1,0,0,0,1.94042e+1,1.91750e-1,1.83654e-1,0,0,0,0,0,0,0,0,0,0,0,0,0,0,0,0,0,0,0,0,0,0,5.46619e+1,1.99241e+0,2.82144e+0,0,0,0,0,1.56293e-1,1.51547e+0,0,0,0,0,0,0,0,1.01527e+1,2.19173e+1,0,0,0,0,0,0,1.13412e+2
"Rest Central America","TCA","Turks and Caicos Islands",2.30580e-4,0,1.09440e-3,0,0,0,0,0,7.32000e-5,3.64000e-3,0,0,0,0,0,0,0,0,0,0,0,0,0,0,0,0,0,0,0,0,0,0,0,0,0,0,0,0,0,0,0,0,0,0,0,0,0,0,0,4.48414e-2,4.47265e-2,0,0,0,0,0,0,9.46061e-2
"Rest Central America","TTO","Trinidad and Tobago",1.60348e-1,8.84730e-2,8.70854e-3,0,5.39477e-1,0,0,0,6.14919e-1,1.45047e-1,1.26010e+2,0,0,0,0,0,8.27892e-1,0,0,0,0,0,0,0,0,0,0,0,0,0,0,0,0,4.05747e+0,2.20810e-1,3.09870e-1,0,0,0,0,0,3.08571e-1,0,0,0,0,0,0,0,7.45518e+0,1.53647e+1,0,0,0,0,0,0,1.56112e+2
"Rest Central America","VCT","Saint Vincent and the Grenadines",2.87892e-3,0,1.20414e-2,1.03050e-6,2.44003e-3,0,1.76260e-5,0,6.26608e-2,2.55125e-2,2.24832e-3,0,0,0,0,0,0,0,0,0,0,0,0,0,0,0,0,0,0,0,0,0,0,5.52776e-1,2.11439e-2,0,0,0,0,0,0,3.75836e-2,0,0,0,0,0,0,0,2.04733e-1,4.65177e-1,0,0,0,0,0,0,1.38921e+0
"Rest Central America","VGB","Virgin Islands_British",5.85990e-4,0,1.54817e-3,3.57401e-6,2.83122e-3,0,2.05870e-5,0,4.05690e-3,2.01500e-3,1.53052e-3,0,0,0,0,0,0,0,0,0,0,0,0,0,0,0,0,0,0,0,0,0,0,6.09171e-1,3.63687e-2,0,0,0,0,0,0,0,0,0,0,0,0,0,0,8.73112e-2,5.48816e-2,0,0,0,0,0,0,8.00325e-1
"Rest Central America","VIR","Virgin Islands_USA",0,0,0,0,0,0,0,0,0,0,0,0,0,0,0,0,0,0,0,0,0,0,0,0,0,0,0,0,0,0,0,0,0,4.80000e-2,1.25256e-2,0,0,0,0,0,0,9.24148e-2,0,0,0,0,0,0,0,8.29314e-1,4.83858e-1,0,0,0,0,0,0,1.46611e+0
"Brazil","BRA","Brazil",9.18765e-1,8.70381e+0,2.70989e+1,3.88954e-2,1.08063e+1,1.04699e-1,7.65807e-1,0,1.80951e+2,8.92252e+2,2.17285e+2,0,0,0,0,0,1.47142e+0,2.41791e+0,0,0,0,0,0,0,0,0,0,0,0,0,0,0,0,7.65236e+3,2.02083e+2,4.47108e+2,0,0,0,0,3.60504e+2,1.27563e+2,1.35856e+3,8.18832e-1,0,0,0,0,0,4.01999e+2,1.28806e+3,5.38141e+0,0,0,0,0,0,1.31873e+4
"Rest South America","ARG","Argentina",4.29551e-1,3.45632e-1,2.14083e+0,1.43817e-2,5.18548e+0,0,1.78776e-2,0,4.96506e+0,2.86503e+1,4.74198e+2,0,0,0,0,0,2.10315e-1,1.35263e-1,0,0,0,0,0,0,0,0,0,0,0,0,0,0,0,3.46303e+3,6.76524e+1,1.77768e+1,0,0,0,0,9.71568e+0,2.74444e+1,2.98447e+1,6.42816e+1,0,0,0,0,0,1.10707e+2,1.98824e+2,0,0,0,0,0,0,4.50556e+3
"Rest South America","BOL","Bolivia",4.26750e-2,2.67955e-2,1.77855e-1,1.84219e-3,3.26325e-1,1.73752e-3,0,0,1.29254e+1,3.83500e-1,9.94564e+1,0,0,0,0,0,0,0,0,0,0,0,0,0,0,0,0,0,0,0,0,0,0,3.57793e+2,9.49238e+0,1.84291e+1,0,0,0,0,1.04813e+2,1.93966e+0,2.27351e+2,0,0,0,0,0,0,8.72946e+0,2.86696e+1,0,0,0,0,0,0,8.70560e+2
"Rest South America","BVT","Bouvet Island",0,0,0,0,0,0,0,0,0,0,0,0,0,0,0,0,0,0,0,0,0,0,0,0,0,0,0,0,0,0,0,0,0,0,0,0,0,0,0,0,0,0,0,0,0,0,0,0,0,0,0,0,0,0,0,0,0,0,
"Rest South America","CHL","Chile",1.12029e-1,8.60581e-2,1.16724e+0,0,1.05799e+0,4.94879e-3,4.07375e-2,0,1.89522e+1,4.15072e+1,5.08392e+1,0,0,0,0,0,1.32000e-2,1.68087e-2,0,0,0,0,0,0,0,0,0,0,0,0,0,0,0,2.58144e+2,5.68390e+0,6.27895e+0,0,0,0,0,0,1.86290e+0,1.54181e+0,3.49656e+0,0,0,0,0,0,2.61061e+1,1.07223e+2,0,0,0,0,0,0,5.24135e+2
"Rest South America","COL","Colombia",1.98818e-1,1.58403e-1,1.83109e+0,0,4.19103e+0,3.46876e-3,1.17230e-2,0,5.27678e+1,3.44860e+1,1.80623e+2,0,0,0,0,0,2.83959e-2,2.01600e-2,0,0,0,0,0,0,0,0,0,0,0,0,0,0,0,1.38676e+3,3.46658e+1,1.15865e+2,0,0,0,0,1.73410e+1,9.98006e+0,7.88392e+1,0,0,0,0,0,0,4.57623e+1,1.45773e+2,0,0,0,0,0,0,2.10930e+3
"Rest South America","ECU","Ecuador",9.70692e-3,3.44179e-2,3.59269e-1,8.37360e-5,1.05817e+0,1.04251e-3,1.55330e-1,0,1.40339e+1,1.45730e+1,6.54109e+1,0,0,0,0,0,5.81400e-5,0,0,0,0,0,0,0,0,0,0,0,0,0,0,0,0,2.29758e+2,8.21547e+0,5.39152e+1,0,0,0,0,8.88888e-1,2.22220e+0,8.10628e-1,0,0,0,0,0,0,1.03271e+1,4.14181e+1,0,0,0,0,0,0,4.43191e+2
"Rest South America","FLK","Falkland Islands (Malvinas)",2.36703e-4,0,2.21613e-4,3.49000e-6,3.25243e-4,0,2.23300e-6,0,2.29190e-3,6.72750e-3,6.36366e-4,0,0,0,0,0,0,0,0,0,0,0,0,0,0,0,0,0,0,0,0,0,0,4.01626e+0,7.91367e-2,0,0,0,0,0,0,0,0,0,0,0,0,0,0,8.78815e-3,8.48649e-3,3.08406e-5,0,0,0,0,0,4.12315e+0
"Rest South America","GUF","French Guiana",3.11474e-3,0,1.03291e-2,9.28665e-5,7.32173e-3,0,5.30110e-5,0,1.60315e-1,1.57625e-1,2.84986e-2,0,0,0,0,0,0,0,0,0,0,0,0,0,0,0,0,0,0,0,0,0,0,8.16885e-1,3.75488e-2,3.34334e-1,0,0,0,0,0,8.44367e-3,5.12659e-1,0,0,0,0,0,0,4.81579e-1,4.18832e-1,1.81587e-3,0,0,0,0,0,2.97945e+0
"Rest South America","GUY","Guyana",2.77822e-2,0,8.74945e-2,1.64300e-4,4.74100e-2,0,3.39605e-4,0,3.34698e+0,1.52750e-3,6.16708e-2,0,0,0,0,0,0,0,0,0,0,0,0,0,0,0,0,0,0,0,0,0,0,6.56025e+0,3.17652e-1,2.82655e+1,0,0,0,0,2.33441e+0,1.18465e+0,1.33171e+1,0,0,0,0,0,0,1.06287e+0,4.00110e+0,3.45165e-3,0,0,0,0,0,6.06204e+1
"Rest South America","PER","Peru",1.10130e-1,8.37765e-2,7.18790e-1,6.28019e-5,1.17993e+0,0,4.16168e-2,0,3.82828e+1,6.19781e+0,4.84057e+1,0,0,0,0,0,3.00000e-4,1.12576e-1,0,0,0,0,0,0,0,0,0,0,0,0,0,0,0,3.02394e+2,9.69968e+0,7.47051e+1,0,0,0,0,6.80472e-1,3.97116e+0,2.88959e+1,0,0,0,0,0,0,3.34301e+1,9.08404e+1,0,0,0,0,0,0,6.39750e+2
"Rest South America","PRY","Paraguay",3.37875e-2,2.82160e-2,7.50359e-1,0,1.54585e-1,1.25604e-2,1.46538e-3,0,1.57436e+1,9.29988e+0,5.27826e-2,0,0,0,0,0,0,0,0,0,0,0,0,0,0,0,0,0,0,0,0,0,0,4.37944e+2,9.14714e+0,6.36050e+0,0,0,0,0,5.28480e+1,2.37879e+0,5.75810e+1,6.11808e+0,0,0,0,0,0,9.03710e+0,1.66846e+1,0,0,0,0,0,0,6.24177e+2
"Rest South America","SGS","South Georgia and the South Sandwich Islands",0,0,0,0,0,0,0,0,0,0,0,0,0,0,0,0,0,0,0,0,0,0,0,0,0,0,0,0,0,0,0,0,0,0,0,0,0,0,0,0,0,0,0,0,0,0,0,0,0,0,0,0,0,0,0,0,0,0,
"Rest South America","SUR","Suriname",1.50869e-2,0,4.47818e-2,6.02919e-5,3.64202e-2,0,2.63361e-4,0,2.22062e-1,5.96147e-1,6.72088e-1,0,0,0,0,0,0,0,0,0,0,0,0,0,0,0,0,0,0,0,0,0,0,3.30236e+0,2.16842e-1,3.15627e+1,0,0,0,0,0,2.52921e-1,1.02789e+1,0,0,0,0,0,0,1.23830e+0,2.21145e+0,4.38182e-3,0,0,0,0,0,5.06547e+1
"Rest South America","URY","Uruguay",1.90821e-2,1.98205e-3,2.64982e-1,2.09340e-4,2.16395e-1,0,0,4.01934e-3,4.58380e+0,2.89509e-1,2.87636e-1,0,0,0,0,0,0,4.29388e-4,0,0,0,0,0,0,0,0,0,0,0,0,0,0,0,6.95139e+2,1.36550e+1,3.53224e+1,0,0,0,0,0,9.88493e-1,0,0,0,0,0,0,0,1.44858e+1,1.51704e+1,0,0,0,0,0,0,7.80429e+2
"Rest South America","VEN","Venezuela",3.46679e-1,5.41324e-1,8.76718e-1,0,8.16427e+0,2.27615e-2,0,6.28020e-4,6.94165e+0,1.17145e+0,6.80117e+2,0,0,0,0,0,2.72698e-1,1.13725e-1,0,0,0,0,0,0,0,0,0,0,0,0,0,0,0,7.36721e+2,2.14988e+1,2.95192e+1,0,0,0,0,2.62992e+1,3.04660e+0,5.53302e+1,0,0,0,0,0,0,6.48963e+1,9.99104e+1,0,0,0,0,0,0,1.73579e+3
"Northern_Africa","DZA","Algeria",3.55788e-1,6.16547e-1,1.58596e-1,0,2.05875e+0,1.07727e-2,8.49921e-3,0,1.79491e+1,3.08569e+1,1.16118e+3,0,0,0,0,0,2.31789e-1,2.18750e-1,0,0,0,0,0,0,0,0,0,0,0,0,0,0,0,1.60998e+2,6.51272e+0,7.55582e-2,0,0,0,0,0,1.16149e-1,0,0,0,0,0,0,0,3.71528e+1,8.22793e+1,0,0,0,0,0,0,1.50078e+3
"Northern_Africa","EGY","Egypt",1.82177e-1,6.93373e-2,1.34396e+0,2.23993e-3,2.30140e+0,0,2.02222e-2,2.80097e-2,4.58291e+1,8.80492e+1,2.83020e+2,0,0,0,0,0,2.70600e-3,1.30285e-1,0,0,0,0,0,0,0,0,0,0,0,0,0,0,0,2.57319e+2,7.99174e+0,1.66169e+2,0,0,0,0,0,2.70144e-1,0,0,0,0,0,0,0,7.19327e+1,1.78965e+2,0,0,0,0,0,0,1.10363e+3
"Northern_Africa","ESH","Western Sahara",1.34644e-3,6.47193e-5,3.23760e-4,1.85295e-5,6.23665e-3,3.59390e-6,1.21240e-5,0,6.55747e-3,0,2.58367e-3,0,0,0,0,0,0,0,0,0,0,0,0,0,0,0,0,0,0,0,0,0,0,9.03546e+0,2.55612e-1,0,0,0,0,0,0,6.57720e-5,0,0,0,0,0,0,0,1.52971e-1,8.06067e-1,0,0,0,0,0,0,1.02673e+1
"Northern_Africa","LBY","Libyan Arab Jamahiriya",4.89856e-2,2.44782e-1,5.73174e-2,4.18681e-5,1.52294e+0,0,0,0,1.98692e+0,3.96883e+0,4.72804e+2,0,0,0,0,0,1.34640e+0,0,0,0,0,0,0,0,0,0,0,0,0,0,0,0,0,5.02443e+1,1.82482e+0,0,0,0,0,0,0,1.14927e-2,0,0,0,0,0,0,0,1.32558e+1,1.81660e+1,0,0,0,0,0,0,5.65482e+2
"Northern_Africa","MAR","Morocco",1.29907e-2,4.81482e-3,2.68877e-1,0,4.13526e-1,4.17004e-3,1.72915e-2,0,2.32818e+1,1.67030e+1,9.61755e+0,0,0,0,0,0,0,0,0,0,0,0,0,0,0,0,0,0,0,0,0,0,0,2.06301e+2,7.10407e+0,1.00744e-1,0,0,0,0,0,2.12039e-1,0,0,0,0,0,0,0,2.80922e+1,8.93862e+1,0,0,0,0,0,0,3.81521e+2
"Northern_Africa","TUN","Tunisia",1.16003e-1,2.73326e-3,8.78808e-2,0,2.86418e-1,6.77633e-3,1.26022e-2,0,6.39176e+0,9.10812e+0,4.12712e+1,0,0,0,0,0,0,1.28100e-2,0,0,0,0,0,0,0,0,0,0,0,0,0,0,0,7.50608e+1,3.05258e+0,0,0,0,0,0,0,8.29086e-2,0,0,0,0,0,0,0,1.41121e+1,2.72100e+1,0,0,0,0,0,0,1.76815e+2
"Western_Africa","BEN","Benin",7.53624e-4,0,1.13044e-3,0,1.21125e-1,0,0,0,1.85665e+1,1.22720e+1,7.26868e-1,0,0,0,0,0,0,0,0,0,0,0,0,0,0,0,0,0,0,0,0,0,0,4.29945e+1,2.70446e+0,8.86549e-1,0,0,0,0,2.54496e+1,3.30367e-1,5.74498e+1,0,0,0,0,0,0,2.40900e+0,1.83684e+1,0,0,0,0,0,0,1.82281e+2
"Western_Africa","BFA","Burkina Faso",1.22930e-3,5.90919e-5,3.53856e-4,1.50783e-4,3.78770e-2,3.28265e-6,1.10740e-5,0,3.02759e+1,2.63729e+1,5.98521e-3,0,0,0,0,0,0,0,0,0,0,0,0,0,0,0,0,0,0,0,0,0,0,1.62211e+2,7.24453e+0,4.65102e+0,0,0,0,0,2.39717e+1,6.56689e-1,0,0,0,0,0,0,0,1.42723e+0,3.06955e+1,0,0,0,0,0,0,2.87553e+2
"Western_Africa","CAF","Central African Republic",7.27114e-4,3.49513e-5,1.27677e-4,8.11775e-5,1.48789e-2,1.93805e-6,6.54500e-6,0,1.05058e+1,2.80144e+0,2.96271e-3,0,0,0,0,0,0,0,0,0,0,0,0,0,0,0,0,0,0,0,0,0,0,7.83832e+1,2.72163e+0,1.26938e+0,0,0,0,0,8.76240e+2,1.13438e-1,2.40781e+2,0,0,0,0,0,0,3.77766e+0,1.10901e+1,0,0,0,0,0,0,1.22770e+3
"Western_Africa","CIV","Cote d'Ivoire",4.56683e-3,4.76130e-3,1.58261e-2,0,2.90544e-1,2.25878e-3,9.96460e-3,0,2.64835e+1,4.30479e+1,2.74278e+0,0,0,0,0,0,0,0,0,0,0,0,0,0,0,0,0,0,0,0,0,0,0,3.91483e+1,1.90709e+0,2.07283e+1,0,0,0,0,1.41754e+1,8.74871e-1,1.95677e+2,0,0,0,0,0,0,1.58687e+1,3.93371e+1,0,0,0,0,0,0,4.00319e+2
"Western_Africa","CMR","Cameroon",1.75846e-3,0,8.16426e-3,0,4.83810e-1,0,0,0,2.45553e+1,6.71125e+0,1.29925e+2,0,0,0,0,0,0,0,0,0,0,0,0,0,0,0,0,0,0,0,0,0,0,1.66686e+2,6.46149e+0,3.81149e+0,0,0,0,0,9.24624e+1,4.82613e-1,9.47852e+1,0,0,0,0,0,0,1.49848e+1,4.69639e+1,0,0,0,0,0,0,5.88323e+2
"Western_Africa","COD","Congo_the Democratic Republic of the",4.27053e-3,7.53624e-4,4.52174e-2,0,2.09686e-1,0,0,0,1.36108e+2,7.68869e+0,4.35740e+0,0,0,0,0,0,0,0,0,0,0,0,0,0,0,0,0,0,0,0,0,0,0,4.06295e+0,2.07639e-1,6.53159e+1,0,0,0,0,5.85672e+2,3.13405e+0,1.49206e+3,0,0,0,0,0,0,3.92436e+1,1.22963e+2,0,0,0,0,0,0,2.46107e+3
"Western_Africa","COG","Congo",1.25604e-4,1.25604e-4,2.51208e-3,7.74559e-4,9.41259e-2,0,0,0,3.42271e+0,1.67781e+1,5.90602e+1,0,0,0,0,0,0,0,0,0,0,0,0,0,0,0,0,0,0,0,0,0,0,6.42182e+1,2.95893e+0,1.51116e-1,0,0,0,0,1.28851e+1,1.54243e-1,6.25294e+1,0,0,0,0,0,0,3.47743e+0,9.39862e+0,0,0,0,0,0,0,2.35132e+2
"Western_Africa","CPV","Cape Verde",1.03121e-3,4.95676e-5,1.51404e-4,2.82355e-5,1.02781e-2,2.75145e-6,9.28900e-6,0,1.26658e-2,7.93000e-3,2.24492e-3,0,0,0,0,0,0,0,0,0,0,0,0,0,0,0,0,0,0,0,0,0,0,8.25719e-1,2.08001e-1,0,0,0,0,0,0,4.99252e-3,0,0,0,0,0,0,0,2.94913e-1,1.42954e+0,0,0,0,0,0,0,2.79756e+0
"Western_Africa","GAB","Gabon",5.02416e-3,0,2.90145e-2,0,5.62356e-2,0,0,0,1.54597e+0,7.06030e-1,1.40131e+2,0,0,0,0,0,0,0,0,0,0,0,0,0,0,0,0,0,0,0,0,0,0,1.56198e+0,2.11781e-1,4.86931e-2,0,0,0,0,2.96424e-1,2.90949e-2,5.10864e+0,0,0,0,0,0,0,3.14293e+0,3.96599e+0,0,0,0,0,0,0,1.56839e+2
"Western_Africa","GHA","Ghana",1.00483e-3,1.46538e-3,3.22636e-1,0,3.93867e-1,1.91127e-3,3.80999e-3,0,4.61315e+1,3.00089e+1,2.64441e-1,0,0,0,0,0,0,0,0,0,0,0,0,0,0,0,0,0,0,0,0,0,0,5.43263e+1,2.60432e+0,1.14177e+1,0,0,0,0,6.45240e+1,5.87914e-1,1.92039e+1,0,0,0,0,0,0,1.51881e+1,5.36510e+1,0,0,0,0,0,0,2.98633e+2
"Western_Africa","GIN","Guinea",2.21282e-3,9.26031e-5,1.24888e-3,1.66463e-4,7.26304e-2,5.14185e-6,1.73530e-5,0,3.32380e+1,1.55170e+1,1.10532e-2,0,0,0,0,0,0,0,0,0,0,0,0,0,0,0,0,0,0,0,0,0,0,4.49553e+1,1.59708e+0,8.00057e+1,0,0,0,0,5.51808e+1,5.62983e-1,7.22364e+1,0,0,0,0,0,0,4.37987e+0,2.22290e+1,0,0,0,0,0,0,3.29990e+2
"Western_Africa","GMB","Gambia",1.08425e-3,5.21157e-5,1.53042e-4,2.76194e-5,2.89317e-2,2.89255e-6,9.76500e-6,0,1.36043e+0,2.28394e+0,2.51817e-3,0,0,0,0,0,0,0,0,0,0,0,0,0,0,0,0,0,0,0,0,0,0,1.18290e+1,4.67430e-1,2.03167e+0,0,0,0,0,2.90160e+0,3.43816e-2,0,0,0,0,0,0,0,6.38411e-1,2.84959e+0,0,0,0,0,0,0,2.44293e+1
"Western_Africa","GNB","Guinea-Bissau",4.79516e-4,2.30491e-5,1.58097e-4,2.71580e-5,9.82020e-3,1.27820e-6,4.31900e-6,0,1.64857e+0,6.64950e-2,1.82418e-3,0,0,0,0,0,0,0,0,0,0,0,0,0,0,0,0,0,0,0,0,0,0,1.24213e+1,7.08293e-1,1.00744e+1,0,0,0,0,5.10600e+0,9.92112e-2,0,0,0,0,0,0,0,5.42808e-1,3.48372e+0,0,0,0,0,0,0,3.41632e+1
"Western_Africa","GNQ","Equatorial Guinea",2.41831e-4,3.37312e-5,9.68040e-5,2.63690e-5,6.41190e-3,1.87165e-6,6.32100e-6,0,1.56822e+0,4.69788e-1,8.65683e-1,0,0,0,0,0,0,0,0,0,0,0,0,0,0,0,0,0,0,0,0,0,0,3.46490e-1,1.97500e-2,0,0,0,0,0,0,6.97761e-3,0,0,0,0,0,0,0,3.27706e-1,1.16707e+0,0,0,0,0,0,0,4.77850e+0
"Western_Africa","LBR","Liberia",7.24548e-3,3.03211e-4,2.25057e-3,2.46647e-4,1.41889e-1,1.68449e-5,5.68260e-5,0,7.55831e+0,7.60357e+0,2.29898e-2,0,0,0,0,0,0,0,0,0,0,0,0,0,0,0,0,0,0,0,0,0,0,3.87491e+0,3.22411e-1,3.89466e+0,0,0,0,0,6.98136e-1,2.56215e-1,5.83073e-2,0,0,0,0,0,0,2.16919e+0,9.10848e+0,0,0,0,0,0,0,3.57192e+1
"Western_Africa","MLI","Mali",2.50435e-3,1.20379e-4,4.09143e-4,7.32889e-5,8.02675e-2,6.68565e-6,2.25610e-5,0,1.38411e+1,5.75250e-1,6.91147e-3,0,0,0,0,0,0,0,0,0,0,0,0,0,0,0,0,0,0,0,0,0,0,2.03929e+2,8.14320e+0,3.10628e+1,0,0,0,0,3.58104e+1,4.87260e-1,2.28460e+1,0,0,0,0,0,0,3.14126e+0,3.27356e+1,0,0,0,0,0,0,3.52662e+2
"Western_Africa","MRT","Mauritania",2.32084e-3,9.60725e-5,1.31637e-3,1.60059e-4,9.42516e-2,9.55290e-6,1.80040e-5,0,3.89946e+0,6.55853e+0,1.25028e-2,0,0,0,0,0,0,0,0,0,0,0,0,0,0,0,0,0,0,0,0,0,0,1.14117e+2,4.96606e+0,8.39535e-1,0,0,0,0,5.30448e-3,8.70528e-2,0,0,0,0,0,0,0,1.34629e+0,8.43701e+0,0,0,0,0,0,0,1.40367e+2
"Western_Africa","NER","Niger",4.30905e-3,1.57679e-4,4.60751e-3,2.52324e-5,3.26276e-2,9.97145e-5,2.95470e-5,0,1.82869e+1,2.25865e+1,6.21639e-3,0,0,0,0,0,0,0,0,0,0,0,0,0,0,0,0,0,0,0,0,0,0,1.00935e+2,4.58082e+0,3.45888e+0,0,0,0,0,7.69416e-1,7.42970e-1,0,0,0,0,0,0,0,1.98088e+0,2.77607e+1,0,0,0,0,0,0,1.81151e+2
"Western_Africa","NGA","Nigeria",1.94510e-1,1.30425e-1,1.65965e-1,0,3.20802e+0,4.60131e-3,2.78422e-2,0,1.76332e+2,5.80610e+1,9.93132e+2,0,0,0,0,0,0,0,0,0,0,0,0,0,0,0,0,0,0,0,0,0,0,7.42833e+2,2.38948e+1,1.09284e+2,0,0,0,0,8.58552e+1,4.97904e+0,1.26344e+1,0,0,0,0,0,0,3.65171e+1,3.12255e+2,0,0,0,0,0,0,2.55951e+3
"Western_Africa","SEN","Senegal",1.80564e-3,5.72975e-4,1.83236e-2,0,1.14409e-1,1.04251e-3,1.23092e-2,0,1.59464e+1,2.87625e+1,5.93654e-2,0,0,0,0,0,0,0,0,0,0,0,0,0,0,0,0,0,0,0,0,0,0,1.00965e+2,4.46060e+0,1.31303e+1,0,0,0,0,2.17481e+1,2.90621e-1,0,0,0,0,0,0,0,7.85054e+0,3.01309e+1,0,0,0,0,0,0,2.23493e+2
"Western_Africa","SHN","Saint Helena",7.07220e-6,1.61850e-6,4.09200e-6,7.42449e-6,2.98419e-4,7.47000e-8,0,0,1.63449e-4,0,1.01475e-6,0,0,0,0,0,0,0,0,0,0,0,0,0,0,0,0,0,0,0,0,0,0,6.33020e-2,5.00574e-3,0,0,0,0,0,0,0,0,0,0,0,0,0,0,5.69034e-3,3.05944e-2,0,0,0,0,0,0,1.05076e-1
"Western_Africa","SLE","Sierra Leone",4.10359e-3,1.71727e-4,1.15679e-3,1.53589e-4,3.14583e-2,9.53670e-6,3.21790e-5,0,1.73263e+1,1.59352e+1,1.12899e-2,0,0,0,0,0,0,0,0,0,0,0,0,0,0,0,0,0,0,0,0,0,0,1.19275e+1,5.56009e-1,3.53498e+1,0,0,0,0,1.29002e+1,3.86225e-1,6.92852e+0,0,0,0,0,0,0,3.06002e+0,1.49573e+1,0,0,0,0,0,0,1.19375e+2
"Western_Africa","STP","Sao Tome and Principe",3.11944e-4,1.49940e-5,4.30740e-5,4.70149e-6,2.89113e-3,8.30000e-7,2.80700e-6,0,2.95691e-3,4.17073e-1,4.97011e-4,0,0,0,0,0,0,0,0,0,0,0,0,0,0,0,0,0,0,0,0,0,0,1.64893e-1,1.45531e-2,0,0,0,0,0,0,1.02092e-3,0,0,0,0,0,0,0,1.55677e-1,4.20469e-1,0,0,0,0,0,0,1.18041e+0
"Western_Africa","TCD","Chad",7.65042e-4,3.67732e-5,1.15185e-4,1.78180e-5,5.88493e-3,2.04180e-6,6.88800e-6,0,1.55931e+1,1.98233e+1,2.16608e-3,0,0,0,0,0,0,0,0,0,0,0,0,0,0,0,0,0,0,0,0,0,0,1.67291e+2,6.59819e+0,2.48503e+0,0,0,0,0,1.09464e+2,3.40903e-1,0,0,0,0,0,0,0,2.10006e+0,2.15134e+1,0,0,0,0,0,0,3.45218e+2
"Western_Africa","TGO","Togo",1.50725e-3,0,0,0,5.59840e-2,0,0,0,1.58128e+1,1.65864e+1,0,0,0,0,0,0,0,0,0,0,0,0,0,0,0,0,0,0,0,0,0,0,0,1.57112e+1,1.03152e+0,3.64359e+0,0,0,0,0,2.56008e+1,2.22213e-1,1.11554e+1,0,0,0,0,0,0,2.24900e+0,1.39885e+1,0,0,0,0,0,0,1.06059e+2
"Eastern_Africa","BDI","Burundi",3.91306e-4,1.88078e-5,1.09590e-4,4.13010e-5,1.74686e-2,1.04165e-6,3.52100e-6,0,1.81021e+1,1.42099e+1,2.16780e-3,0,0,0,0,0,0,0,0,0,0,0,0,0,0,0,0,0,0,0,0,0,0,1.83708e+1,6.82085e-1,7.60619e-1,0,0,0,0,0,3.60336e-1,0,0,0,0,0,0,0,3.25844e-1,1.79302e+1,0,0,0,0,0,0,7.07621e+1
"Eastern_Africa","COM","Comoros",7.07229e-5,9.86455e-6,3.14580e-5,1.40830e-5,3.08122e-3,5.47800e-7,1.84800e-6,0,1.87839e-2,1.50745e+0,5.29944e-4,0,0,0,0,0,0,0,0,0,0,0,0,0,0,0,0,0,0,0,0,0,0,2.22872e+0,1.09876e-1,2.14921e+0,0,0,0,0,0,9.95436e-3,0,0,0,0,0,0,0,3.42686e-1,1.73439e+0,0,0,0,0,0,0,8.10481e+0
"Eastern_Africa","DJI","Djibouti",1.60626e-3,7.72107e-5,1.52731e-3,5.02225e-5,1.06535e-2,4.28695e-6,1.44690e-5,0,3.23043e-2,1.62298e+0,1.01684e-2,0,0,0,0,0,0,0,0,0,0,0,0,0,0,0,0,0,0,0,0,0,0,1.05508e+1,4.52400e-1,0,0,0,0,0,0,1.25463e-6,0,0,0,0,0,0,0,6.07666e-1,1.74543e+0,0,0,0,0,0,0,1.50357e+1
"Eastern_Africa","ERI","Eritrea",4.21478e-4,6.08989e-4,1.02868e-3,0,1.34195e-2,0,0,0,5.95992e+0,7.88840e+0,1.12740e-1,0,0,0,0,0,0,0,0,0,0,0,0,0,0,0,0,0,0,0,0,0,0,6.19433e+1,2.24548e+0,0,0,0,0,0,1.59571e+0,9.44786e-2,0,0,0,0,0,0,0,6.40149e-1,1.06382e+1,0,0,0,0,0,0,9.11338e+1
"Eastern_Africa","ETH","Ethiopia",2.37750e-3,2.28370e-4,8.14041e-3,0,1.23711e-1,0,0,0,1.22711e+2,9.39575e+0,7.82956e-2,0,0,0,0,0,0,0,0,0,0,0,0,0,0,0,0,0,0,0,0,0,0,1.11154e+3,4.52782e+1,0,0,0,0,0,1.70606e+2,4.72843e+0,0,0,0,0,0,0,0,7.93380e+0,1.70177e+2,0,0,0,0,0,0,1.64259e+3
"Eastern_Africa","KEN","Kenya",1.16332e-3,1.60773e-3,6.00807e-2,5.94526e-3,3.97422e-1,6.25509e-3,2.93076e-3,0,5.45580e+1,1.48127e+2,5.22606e-1,0,0,0,0,0,0,0,0,0,0,0,0,0,0,0,0,0,0,0,0,0,0,5.31734e+2,1.75915e+1,2.43465e+0,0,0,0,0,2.91096e+0,8.47518e-1,0,0,0,0,0,0,0,4.85504e+0,7.66900e+1,0,0,0,0,0,0,8.40747e+2
"Eastern_Africa","MDG","Madagascar",7.38933e-3,3.54510e-4,1.54685e-3,2.95556e-4,1.28087e-1,2.20997e-5,6.64370e-5,0,1.97353e+1,1.85959e+1,1.78408e-2,0,0,0,0,0,0,0,0,0,0,0,0,0,0,0,0,0,0,0,0,0,0,3.53630e+2,1.22991e+1,2.12085e+2,0,0,0,0,3.76848e+1,8.42187e-1,2.43685e+1,6.57480e-2,0,0,0,0,0,5.04073e+0,4.22105e+1,0,0,0,0,0,0,7.26714e+2
"Eastern_Africa","MUS","Mauritius",3.56718e-3,1.65270e-4,2.14004e-3,3.88239e-5,3.15499e-2,3.08638e-5,3.09680e-5,0,2.66444e-1,9.58750e-2,1.18695e-2,0,0,0,0,0,0,0,0,0,0,0,0,0,0,0,0,0,0,0,0,0,0,1.83062e+0,9.82030e-2,5.03721e-3,0,0,0,0,0,1.11270e-1,0,0,0,0,0,0,0,2.04325e+0,4.59763e+0,0,0,0,0,0,0,9.09773e+0
"Eastern_Africa","MYT","Mayotte",0,0,0,0,0,0,0,0,0,0,0,0,0,0,0,0,0,0,0,0,0,0,0,0,0,0,0,0,0,0,0,0,0,0,0,0,0,0,0,0,0,0,0,0,0,0,0,0,0,1.30262e-1,3.62529e-1,0,0,0,0,0,0,4.92791e-1
"Eastern_Africa","REU","Reunion",3.08126e-3,1.48113e-4,7.46535e-4,1.82660e-4,5.35353e-2,8.22530e-6,2.77550e-5,0,1.97243e-1,0,1.21747e-2,0,0,0,0,0,0,0,0,0,0,0,0,0,0,0,0,0,0,0,0,0,0,1.08841e+0,1.67663e-1,0,0,0,0,0,0,4.30844e-2,0,0,0,0,0,0,0,1.98266e+0,2.55281e+0,0,0,0,0,0,0,6.10177e+0
"Eastern_Africa","RWA","Rwanda",3.32790e-3,1.59970e-4,6.77451e-4,1.62637e-4,4.89064e-2,8.88515e-6,2.99810e-5,0,2.02541e+1,1.17894e+0,9.26939e-3,0,0,0,0,0,0,0,0,0,0,0,0,0,0,0,0,0,0,0,0,0,0,2.75578e+1,9.83403e-1,4.19768e-1,0,0,0,0,1.31052e+0,4.76385e-1,0,0,0,0,0,0,0,4.21076e-1,2.26788e+1,0,0,0,0,0,0,7.53434e+1
"Eastern_Africa","SDN","Sudan",2.23897e-3,1.25604e-4,2.37392e-2,0,3.31318e-1,0,0,0,5.72393e+1,1.73917e+2,1.84259e+0,0,0,0,0,0,0,0,0,0,0,0,0,0,0,0,0,0,0,0,0,0,0,1.13009e+3,3.60016e+1,3.02232e-1,0,0,0,0,4.49784e+2,1.73568e+0,0,0,0,0,0,0,0,2.18973e+1,9.07458e+1,0,0,0,0,0,0,1.96392e+3
"Eastern_Africa","SOM","Somalia",1.88397e-3,2.62803e-4,1.07647e-3,3.14738e-4,1.00293e-1,1.45997e-5,4.92520e-5,0,2.04812e+1,3.41666e+1,1.87831e-2,0,0,0,0,0,0,0,0,0,0,0,0,0,0,0,0,0,0,0,0,0,0,5.00265e+2,2.22623e+1,4.36558e-1,0,0,0,0,5.04576e-3,1.85276e-1,0,0,0,0,0,0,0,3.09019e+0,2.33230e+1,0,0,0,0,0,0,6.04337e+2
"Eastern_Africa","SYC","Seychelles",2.53867e-3,1.22031e-4,5.18583e-4,5.70000e-8,6.25693e-3,6.77695e-6,2.28690e-5,0,1.04422e-2,0,4.22112e-3,0,0,0,0,0,0,0,0,0,0,0,0,0,0,0,0,0,0,0,0,0,0,1.29100e-1,4.76217e-2,0,0,0,0,0,0,5.05440e-6,0,0,0,0,0,0,0,1.75177e-1,3.27932e-1,0,0,0,0,0,0,7.03965e-1
"Eastern_Africa","UGA","Uganda",3.11013e-3,1.49500e-4,5.70426e-4,7.39294e-5,5.87210e-2,8.30415e-6,2.80140e-5,0,9.82616e+1,4.86687e+1,8.58245e-3,0,0,0,0,0,0,0,0,0,0,0,0,0,0,0,0,0,0,0,0,0,0,2.11377e+2,6.46469e+0,2.35069e+0,0,0,0,0,8.05032e+1,1.10283e+0,0,0,0,0,0,0,0,2.31741e+0,5.34377e+1,0,0,0,0,0,0,5.04555e+2
"Southern_Africa","AGO","Angola",9.04347e-4,3.51692e-3,3.01994e-2,0,2.20833e-1,0,0,0,7.83797e+0,5.72374e+1,2.45538e+2,0,0,0,0,0,0,0,0,0,0,0,0,0,0,0,0,0,0,0,0,0,0,1.33333e+2,4.47329e+0,1.00744e+0,0,0,0,0,2.63808e+2,1.71117e-1,7.57819e+0,0,0,0,0,0,0,6.81281e+0,3.83522e+1,0,0,0,0,0,0,7.66406e+2
"Southern_Africa","BWA","Botswana",4.71084e-3,1.31584e-4,1.22412e-2,1.07150e-5,7.12629e-2,2.70578e-4,2.46610e-5,0,2.88959e+0,8.43390e+0,7.53121e-3,0,0,0,0,0,0,0,0,0,0,0,0,0,0,0,0,0,0,0,0,0,0,1.11696e+2,2.88547e+0,0,0,0,0,0,5.93592e+1,3.18980e-2,0,1.56305e+0,0,0,0,0,0,7.21406e-1,4.97733e+0,0,0,0,0,0,0,1.92654e+2
"Southern_Africa","LSO","Lesotho",5.93073e-4,2.85063e-5,1.52550e-4,5.58900e-5,2.21671e-2,1.58115e-6,5.34100e-6,0,6.44401e+0,5.42834e+0,2.26239e-3,0,0,0,0,0,0,0,0,0,0,0,0,0,0,0,0,0,0,0,0,0,0,3.44597e+1,7.37518e-1,0,0,0,0,0,0,4.69525e-2,0,9.96096e-1,0,0,0,0,0,4.87806e-1,5.99593e+0,0,0,0,0,0,0,5.46217e+1
"Southern_Africa","MOZ","Mozambique",7.03381e-4,0,1.63285e-2,0,6.61352e-2,0,0,0,4.96818e+1,3.12595e+1,0,0,0,0,0,0,0,0,0,0,0,0,0,0,0,0,0,0,0,0,0,0,0,5.11382e+1,1.97602e+0,1.67907e+1,0,0,0,0,1.44295e+2,1.23383e+0,1.80948e+1,2.59536e+0,0,0,0,0,0,3.83147e+0,5.65344e+1,0,0,0,0,0,0,3.77514e+2
"Southern_Africa","MWI","Malawi",2.30380e-3,1.05053e-4,1.21173e-3,6.73885e-5,5.57768e-2,2.57129e-5,1.96840e-5,0,1.59102e+1,2.41492e+1,5.62663e-3,0,0,0,0,0,0,0,0,0,0,0,0,0,0,0,0,0,0,0,0,0,0,5.01623e+1,1.56085e+0,3.49247e+0,0,0,0,0,2.77704e+1,9.73249e-1,0,0,0,0,0,0,0,1.24358e+0,2.86652e+1,0,0,0,0,0,0,1.53993e+2
"Southern_Africa","NAM","Namibia",1.14773e-3,0,1.93542e-4,9.21096e-4,1.35250e-1,0,0,0,3.70574e-1,2.71518e+0,0,0,0,0,0,0,0,0,0,0,0,0,0,0,0,0,0,0,0,0,0,0,0,1.08182e+2,2.69729e+0,0,0,0,0,0,1.52218e+1,5.11136e-2,0,0,0,0,0,0,0,1.39864e+0,3.92415e+0,0,0,0,0,0,0,1.34698e+2
"Southern_Africa","SWZ","Swaziland",1.18771e-3,8.26846e-5,4.75131e-3,3.70325e-5,3.79089e-2,1.04584e-4,1.54910e-5,0,2.34233e+0,1.87120e+0,4.77268e-3,0,0,0,0,0,0,0,0,0,0,0,0,0,0,0,0,0,0,0,0,0,0,3.08009e+1,7.42203e-1,6.71628e-2,0,0,0,0,0,9.42541e-2,0,0,0,0,0,0,0,5.26121e-1,1.44799e+1,0,0,0,0,0,0,5.09729e+1
"Southern_Africa","TZA","Tanzania_United Republic of",9.67151e-3,7.11756e-4,1.61611e-2,0,1.54574e-1,0,2.93076e-4,0,6.84515e+1,3.98939e+1,1.54742e-1,0,0,0,0,0,0,0,0,0,0,0,0,0,0,0,0,0,0,0,0,0,0,4.39882e+2,1.51155e+1,3.97940e+1,0,0,0,0,1.96586e+2,3.36281e+0,5.59892e+1,0,0,0,0,0,0,4.27614e+0,8.79696e+1,0,0,0,0,0,0,9.51657e+2
"Southern_Africa","ZAF","South Africa",9.22917e-1,8.59138e-2,5.83832e+0,6.51047e-3,5.45584e+0,5.34236e-2,0,0,5.87802e+1,9.84921e+2,4.74429e+0,0,0,0,0,0,5.44300e-2,2.07927e+0,0,0,0,0,0,0,0,0,0,0,0,0,0,0,0,7.76212e+2,1.95510e+1,2.18279e-1,0,0,0,0,8.03496e+0,2.30787e+0,3.27413e+0,9.47081e+1,0,0,0,0,0,1.39641e+2,1.74011e+2,0,0,0,0,0,0,2.28090e+3
"Southern_Africa","ZMB","Zambia",2.02642e-3,1.75846e-3,1.22045e-1,0,1.48384e-1,4.59502e-3,0,0,1.90422e+1,4.95305e+1,1.56263e-1,0,0,0,0,0,0,0,0,0,0,0,0,0,0,0,0,0,0,0,0,0,0,9.60990e+1,2.98515e+0,1.79661e+0,0,0,0,0,3.90936e+2,2.27514e-1,1.74304e+2,0,0,0,0,0,0,5.97010e+0,2.73329e+1,0,0,0,0,0,0,7.68659e+2
"Southern_Africa","ZWE","Zimbabwe",1.86465e-2,4.52174e-3,2.96300e-1,0,2.77367e-1,2.38417e-2,0,0,2.47560e+1,1.81780e+1,0,0,0,0,0,0,0,2.98502e-1,0,0,0,0,0,0,0,0,0,0,0,0,0,0,0,2.44439e+2,6.29817e+0,1.67907e-2,0,0,0,0,3.96720e+1,6.13445e-1,0,0,0,0,0,0,0,5.05663e+0,3.13440e+1,0,0,0,0,0,0,3.71293e+2
"OECD_Europe","AUT","Austria",4.34918e-1,5.74922e-2,8.26908e-1,4.81483e-4,3.95158e+0,1.43210e-2,2.34461e-3,2.05153e-3,4.04719e+1,2.18467e+1,3.93336e+1,0,0,0,0,0,8.41500e-2,4.07120e-1,0,0,0,0,0,0,0,0,0,0,0,0,0,0,0,1.89530e+2,6.11902e+1,0,0,0,0,0,0,6.25182e-1,0,1.64002e+0,0,0,0,0,0,9.24021e+1,3.75254e+1,3.13865e-3,0,0,0,0,0,4.90350e+2
"OECD_Europe","BEL","Belgium",3.69163e-1,1.07261e-1,1.22105e+0,2.51208e-4,5.04700e+0,1.97177e-2,6.41836e-2,0,3.26122e+1,1.18555e+2,7.61993e+1,0,0,0,0,0,1.02000e-4,9.65693e-1,0,0,0,0,0,0,0,0,0,0,0,0,0,0,0,2.19674e+2,7.35483e+1,0,0,0,0,0,0,4.05944e-1,0,3.68424e-1,0,0,0,0,0,6.42746e+1,6.79246e+1,4.32280e+0,0,0,0,0,0,6.65680e+2
"OECD_Europe","CHE","Switzerland",4.35896e-1,7.49425e-3,6.03270e-1,2.00966e-3,4.76674e+0,1.91127e-3,4.10306e-3,0,6.56512e+0,1.70313e-2,2.89580e+1,0,0,0,0,0,6.02850e-2,6.44190e-3,0,0,0,0,0,0,0,0,0,0,0,0,0,0,0,1.42609e+2,3.83930e+1,0,0,0,0,0,0,1.35387e-1,3.72336e+0,0,0,0,0,0,0,3.02491e+1,1.25700e+1,1.13759e-5,3.64617e-1,0,0,0,0,2.69473e+2
"OECD_Europe","DEU","Germany",7.18139e+0,7.04664e-1,8.76302e+0,2.12271e-2,4.42693e+1,2.21547e-1,2.20394e-1,0,2.28904e+2,1.48712e+3,3.11299e+2,0,0,0,0,0,4.65169e+0,3.17915e+0,0,0,0,0,0,0,0,0,0,0,0,0,0,0,0,1.58743e+3,5.16905e+2,0,0,0,0,0,0,4.62757e+0,0,2.29169e+0,0,0,0,0,0,1.60547e+3,1.80994e+2,0,0,0,0,0,0,5.99426e+3
"OECD_Europe","DNK","Denmark",6.62265e-1,2.67559e-2,4.42987e-1,2.78422e-3,3.00873e+0,2.06765e-2,1.41263e-1,4.14492e-3,1.05992e+1,2.81193e-1,6.53755e+0,0,0,0,0,0,0,0,0,0,0,0,0,0,0,0,0,0,0,0,0,0,0,1.89042e+2,9.10977e+1,0,0,0,0,0,0,9.48002e-1,0,0,0,0,0,0,0,7.35970e+1,9.25783e+0,0,0,0,0,0,0,3.85670e+2
"OECD_Europe","ESP","Spain",6.02304e-1,1.49687e-1,2.48271e+0,2.33624e-2,1.22839e+1,3.29878e-2,4.34046e-1,5.02416e-4,5.01268e+1,1.89977e+2,1.53928e+1,0,0,0,0,0,5.87579e-1,7.35381e-1,0,0,0,0,0,0,0,0,0,0,0,0,0,0,0,4.99799e+2,2.12953e+2,2.30589e+1,0,0,0,0,0,2.58810e+0,0,2.73144e+1,0,0,0,0,0,2.46561e+2,1.30238e+2,8.35963e-1,0,0,0,0,0,1.41618e+3
"OECD_Europe","FIN","Finland",1.30771e+0,2.31111e-2,3.28115e+0,2.03060e-3,2.95686e+0,1.26839e-2,2.72561e-2,0,1.43905e+1,2.00969e+0,2.68784e+0,0,0,0,0,0,5.72190e-2,3.48098e-1,0,0,0,0,0,0,0,0,0,0,0,0,0,0,0,1.06962e+2,2.90385e+1,0,0,0,0,0,0,4.07321e-1,6.59904e-1,9.00240e-2,0,0,0,0,0,1.25079e+2,1.54279e+2,0,1.48000e-1,0,0,0,0,4.43767e+2
"OECD_Europe","FRA","France",1.75341e+0,3.99262e-1,4.88942e+0,1.12206e-2,3.29620e+1,8.73974e-2,2.04860e-1,0,2.05240e+2,2.48389e+2,7.00271e+2,0,0,0,0,0,1.32203e+0,2.41992e+0,0,0,0,0,0,0,0,0,0,0,0,0,0,0,0,1.61087e+3,4.09856e+2,3.46192e+0,0,0,0,0,0,6.90477e+0,0,1.55330e+0,0,0,0,0,0,4.65161e+2,1.73855e+2,2.50947e+1,1.44948e+0,0,0,0,0,3.89615e+3
"OECD_Europe","FRO","Faroe Islands",0,0,0,0,0,0,0,0,0,0,0,0,0,0,0,0,0,0,0,0,0,0,0,0,0,0,0,0,0,0,0,0,0,5.88888e-1,2.43572e-2,0,0,0,0,0,0,1.30029e-5,0,0,0,0,0,0,0,7.97156e-1,4.10376e-2,3.49406e-2,0,0,0,0,0,1.48639e+0
"OECD_Europe","GBR","United Kingdom",1.33353e+0,8.26026e-1,4.02601e+0,4.24751e-2,3.55811e+1,1.33957e-1,3.49933e-1,0,1.63769e+2,7.73804e+2,6.98508e+2,0,0,0,0,0,1.81544e+0,8.76601e-1,0,0,0,0,0,0,0,0,0,0,0,0,0,0,0,1.06469e+3,2.17347e+2,0,0,0,0,0,0,2.76484e+0,0,1.54728e+0,0,0,0,0,0,2.48649e+3,1.17374e+2,8.08550e+0,0,0,0,0,0,5.57936e+3
"OECD_Europe","GIB","Gibraltar",2.51208e-4,0,0,0,1.01319e-2,0,0,0,0,0,0,0,0,0,0,0,0,0,0,0,0,0,0,0,0,0,0,0,0,0,0,0,0,0,0,0,0,0,0,0,0,0,0,0,0,0,0,0,0,1.53815e-1,2.61056e-2,8.94225e-3,0,0,0,0,0,1.99246e-1
"OECD_Europe","GRC","Greece",2.10332e-1,2.37917e-2,6.12878e-1,8.72948e-3,3.55382e+0,9.55008e-3,1.11369e-1,0,8.57455e+0,3.29750e+1,7.38643e+0,0,0,0,0,0,5.46320e-3,4.37910e-2,0,0,0,0,0,0,0,0,0,0,0,0,0,0,0,1.40196e+2,3.22766e+1,5.22379e+0,0,0,0,0,0,1.02842e+0,1.01299e-1,2.81304e+0,0,0,0,0,0,8.27006e+1,1.60711e+1,5.20416e-5,0,0,0,0,0,3.33926e+2
"OECD_Europe","GRL","Greenland",0,0,0,0,0,0,0,0,0,0,0,0,0,0,0,0,0,0,0,0,0,0,0,0,0,0,0,0,0,0,0,0,0,1.68000e-1,2.86054e-3,0,0,0,0,0,0,0,0,0,0,0,0,0,0,6.54938e-1,1.98368e-1,1.28675e-2,0,0,0,0,0,1.03703e+0
"OECD_Europe","IRL","Ireland",1.51379e-1,3.18197e-3,2.73582e-1,3.55878e-4,1.64945e+0,7.81885e-3,1.46538e-3,0,2.97900e+1,1.51228e+0,2.21098e+1,0,0,0,0,0,0,0,0,0,0,0,0,0,0,0,0,0,0,0,0,0,0,4.12142e+2,6.79477e+1,0,0,0,0,0,0,2.38443e-1,0,1.48598e-1,0,0,0,0,0,7.09528e+1,6.99567e+0,0,0,0,0,0,0,6.13925e+2
"OECD_Europe","ISL","Iceland",1.25604e-4,0,4.07711e-2,1.88406e-4,1.74634e-1,0,5.56844e-3,0,3.35153e-2,0,0,0,0,0,0,0,0,9.56105e-2,0,0,0,0,0,0,0,0,0,0,0,0,0,0,0,1.11844e+1,1.52547e+0,0,0,0,0,0,0,1.25611e-4,0,0,0,0,0,0,0,3.07266e+0,4.58894e-1,1.01051e-1,0,0,0,0,0,1.66930e+1
"OECD_Europe","ITA","Italy",1.01982e+0,2.81632e-1,3.13181e+0,1.09275e-2,2.99934e+1,3.82255e-2,1.65881e-1,5.42610e-2,1.87773e+1,1.55230e+1,2.85081e+2,0,0,0,0,0,5.02290e-1,1.31014e+0,0,0,0,0,0,0,0,0,0,0,0,0,0,0,0,6.93116e+2,2.59613e+2,5.74926e+1,0,0,0,0,0,4.99604e+0,6.34368e-1,7.98744e+0,0,0,0,0,0,6.43706e+2,1.32257e+2,1.00924e+1,0,0,0,0,0,2.16579e+3
"OECD_Europe","LUX","Luxembourg",3.49682e-2,0,2.52594e-1,0,5.67735e-1,1.56377e-3,0,0,3.63491e-1,0,3.45056e+0,0,0,0,0,0,0,3.22350e-1,0,0,0,0,0,0,0,0,0,0,0,0,0,0,0,1.44186e+1,2.14532e+1,0,0,0,0,0,0,2.39926e-2,0,3.55128e-1,0,0,0,0,0,2.88688e+0,4.17360e-1,0,0,0,0,0,0,4.45484e+1
"OECD_Europe","NLD","Netherlands",7.86639e-1,1.72960e-1,6.73404e-1,1.44444e-3,8.31096e+0,7.12385e-3,2.09257e-1,0,8.55328e+0,5.35066e+0,2.74601e+2,0,0,0,0,0,2.74731e+0,2.77760e-1,0,0,0,0,0,0,0,0,0,0,0,0,0,0,0,3.92595e+2,1.73357e+2,0,0,0,0,0,0,2.72938e-1,0,2.39750e-2,0,0,0,0,0,4.97595e+2,3.72832e+1,0,0,0,0,0,0,1.40282e+3
"OECD_Europe","NOR","Norway",8.73785e-2,1.72969e-1,9.66109e-1,3.55878e-3,2.81380e+0,3.82255e-3,1.94602e-1,0,8.30188e+0,9.51640e+0,1.71240e+2,0,0,0,0,0,2.17330e+0,1.29261e+0,0,0,0,0,0,0,0,0,0,0,0,0,0,0,0,8.78784e+1,1.76221e+1,0,0,0,0,0,0,1.35498e-1,0,0,0,0,0,0,0,1.99867e+2,4.31489e+1,3.65083e+0,0,0,0,0,0,5.49069e+2
"OECD_Europe","PRT","Portugal",1.43315e-1,2.55190e-2,9.41065e-1,8.58293e-4,2.20004e+0,1.02514e-2,1.58261e-2,0,6.50673e+0,3.89065e+0,3.91176e+0,0,0,0,0,0,4.76760e-2,9.18678e-2,0,0,0,0,0,0,0,0,0,0,0,0,0,0,0,1.26820e+2,5.60325e+1,9.36573e+0,0,0,0,0,0,3.63965e-1,0,3.12576e+0,0,0,0,0,0,1.52640e+2,3.83249e+1,2.64638e-2,1.78800e-1,0,0,0,0,4.04664e+2
"OECD_Europe","SWE","Sweden",9.56124e-1,2.38638e-2,4.99347e+0,8.35266e-3,6.13981e+0,2.06765e-2,5.89083e-2,5.65218e-3,2.11870e+1,2.29846e+0,6.09725e+0,0,0,0,0,0,1.38499e-1,2.90302e-1,0,0,0,0,0,0,0,0,0,0,0,0,0,0,0,1.28911e+2,4.07314e+1,0,0,0,0,0,0,6.27860e-1,6.64272e-1,2.64456e-1,0,0,0,0,0,1.20236e+2,1.90644e+2,8.46477e-3,0,0,0,0,0,5.24306e+2
"Central Europe","ALB","Albania",4.27054e-3,6.69887e-3,8.28150e-2,0,2.34431e-1,0,0,0,1.62502e+1,7.35799e+0,1.70627e+1,0,0,0,0,0,0,5.25950e-2,0,0,0,0,0,0,0,0,0,0,0,0,0,0,0,5.03019e+1,8.55143e+0,9.27300e-1,0,0,0,0,0,3.16407e-1,0,7.51080e-1,0,0,0,0,0,2.52252e+0,4.55781e+0,1.95685e-2,0,0,0,0,0,1.09000e+2
"Central Europe","BGR","Bulgaria",2.48449e-1,2.04315e-2,1.18147e+0,0,1.84989e+0,0,0,0,2.81755e+1,3.61615e+1,6.64174e+0,0,0,0,0,0,2.07557e-1,2.91521e-1,0,0,0,0,0,0,0,0,0,0,0,0,0,0,0,2.43930e+2,4.17560e+1,3.98739e+0,0,0,0,0,0,1.65408e+0,0,1.72745e+0,0,0,0,0,0,3.02317e+2,4.62562e+1,0,0,0,0,0,0,7.16407e+2
"Central Europe","BIH","Bosnia and Herzegovina",9.53609e-2,0,5.13849e-3,0,4.70332e-1,0,0,0,2.43800e+1,9.65881e+1,6.28758e+0,0,0,0,0,0,8.77100e-5,3.69576e-2,0,0,0,0,0,0,0,0,0,0,0,0,0,0,0,7.10530e+1,1.19606e+1,0,0,0,0,0,0,3.56589e-1,0,0,0,0,0,0,0,3.26177e+0,6.66246e+0,2.39843e-2,0,0,0,0,0,2.21182e+2
"Central Europe","CYP","Cyprus",0,4.70596e-4,3.78487e-2,0,2.13977e-1,0,0,0,1.57424e-1,9.58750e-2,1.19154e-1,0,0,0,0,0,0,0,0,0,0,0,0,0,0,0,0,0,0,0,0,0,0,7.01869e+0,2.64064e+0,0,0,0,0,0,0,1.39052e-2,0,0,0,0,0,0,0,4.71044e+0,3.29247e+0,0,0,0,0,0,0,1.83009e+1
"Central Europe","CZE","Czech Republic",6.28499e-1,4.56362e-2,5.19858e+0,0,1.89777e+0,4.43801e-3,0,0,1.22944e+2,2.83250e+2,1.30094e+1,0,0,0,0,0,4.06985e-1,6.34480e-1,0,0,0,0,0,0,0,0,0,0,0,0,0,0,0,3.48243e+2,5.46876e+1,0,0,0,0,0,0,2.10788e+0,0,4.67568e+0,0,0,0,0,0,6.87450e+1,5.18039e+1,0,0,0,0,0,0,9.58283e+2
"Central Europe","EST","Estonia",2.60836e-1,0,5.04354e-1,0,5.15605e-1,1.48448e-1,5.10690e-3,0,6.75019e+0,1.99145e+1,2.73165e+0,0,0,0,0,0,0,0,0,0,0,0,0,0,0,0,0,0,0,0,0,0,0,6.45775e+1,1.13832e+1,2.72008e+0,0,0,0,0,0,2.17054e-1,0,0,0,0,0,0,0,1.47908e+1,7.59886e+0,0,0,0,0,0,0,1.32118e+2
"Central Europe","HRV","Croatia",5.93992e-2,1.87461e-1,5.88522e-1,0,8.28032e-1,6.28020e-4,0,0,1.05277e+1,6.62791e+0,3.05286e+1,0,0,0,0,0,1.81750e-2,7.51289e-1,0,0,0,0,0,0,0,0,0,0,0,0,0,0,0,7.53194e+1,1.56062e+1,0,0,0,0,0,0,7.34218e-1,0,1.01112e+0,0,0,0,0,0,1.53024e+1,1.78526e+1,0,0,0,0,0,0,1.75944e+2
"Central Europe","HUN","Hungary",4.14088e-1,3.80705e-2,5.86189e-1,0,2.14743e+0,4.27244e-2,4.13238e-2,0,4.89967e+1,4.10922e+1,4.66285e+1,0,0,0,0,0,8.96970e-2,2.53660e-1,0,0,0,0,0,0,0,0,0,0,0,0,0,0,0,2.28529e+2,6.24912e+1,3.46192e+0,0,0,0,0,0,4.09667e+0,0,1.51346e+0,0,0,0,0,0,6.90106e+1,4.32392e+1,0,0,0,0,0,0,5.52672e+2
"Central Europe","LTU","Lithuania",6.36568e-2,2.87330e-2,4.87109e+0,0,1.06910e+0,3.02363e-2,3.64778e-3,0,1.26117e+1,1.82325e-2,7.89078e+0,0,0,0,0,0,8.43635e-2,0,0,0,0,0,0,0,0,0,0,0,0,0,0,0,0,1.92555e+2,3.25868e+1,0,0,0,0,0,0,7.61287e-1,0,1.25729e+0,0,0,0,0,0,3.03131e+1,1.25926e+1,6.72897e-4,0,0,0,0,0,2.96738e+2
"Central Europe","LVA","Latvia",4.40974e-2,0,1.46754e+0,0,8.36558e-1,4.52255e-2,1.29394e-2,0,2.18543e+1,7.87475e-2,7.71268e+0,0,0,0,0,0,0,0,0,0,0,0,0,0,0,0,0,0,0,0,0,0,0,1.30107e+2,1.92603e+1,0,0,0,0,0,0,4.14349e-1,0,1.95377e-1,0,0,0,0,0,1.67012e+1,7.17164e+0,0,0,0,0,0,0,2.05902e+2
"Central Europe","MKD","Macedonia, the former Yugoslav Republic of",6.00334e-2,0,7.40117e-2,0,1.88270e-1,0,0,0,6.34550e+0,7.27930e+0,2.88619e-1,0,0,0,0,0,2.87698e-2,1.16479e+0,0,0,0,0,0,0,0,0,0,0,0,0,0,0,0,4.65839e+1,5.13932e+0,2.79735e+0,0,0,0,0,0,2.24706e-1,0,5.46768e-1,0,0,0,0,0,3.44611e+0,4.97725e+0,2.69753e-2,0,0,0,0,0,7.91717e+1
"Central Europe","MLT","Malta",3.45829e-3,0,0,0,3.28688e-2,0,0,0,6.07086e-3,0,0,0,0,0,0,0,0,0,0,0,0,0,0,0,0,0,0,0,0,0,0,0,0,1.27906e+0,7.37489e-1,0,0,0,0,0,0,1.49021e-3,0,0,0,0,0,0,0,4.68404e+0,4.22178e-1,0,0,0,0,0,0,7.16666e+0
"Central Europe","POL","Poland",2.33188e+0,3.37829e-1,3.50852e+0,0,5.40310e+0,1.65115e-1,4.24961e-2,0,2.76807e+2,4.48112e+3,1.49664e+2,0,0,0,0,0,5.49744e-1,1.31865e+0,0,0,0,0,0,0,0,0,0,0,0,0,0,0,0,9.88175e+2,1.71615e+2,0,0,0,0,0,0,7.08971e+0,0,3.20712e+0,0,0,0,0,0,2.89218e+2,1.30839e+2,2.89849e-1,0,0,0,0,0,6.51168e+3
"Central Europe","ROU","Romania",7.22636e-1,6.07505e-2,1.61037e+0,0,2.06656e+0,0,0,0,6.94159e+1,1.05059e+2,8.44615e+2,0,0,0,0,0,1.22672e+0,1.27279e+0,0,0,0,0,0,0,0,0,0,0,0,0,0,0,0,6.92854e+2,1.44926e+2,1.16222e+1,0,0,0,0,0,5.64103e+0,0,0,0,0,0,0,0,7.57246e+1,9.41738e+1,1.48622e-2,0,0,0,0,0,2.05101e+3
"Central Europe","SCG","Serbia and Montenegro",4.29345e-1,0,1.15881e-1,0,9.09560e-1,0,0,0,4.33967e+1,6.69500e+1,9.46069e+1,0,0,0,0,0,5.76988e-2,2.82100e-1,0,0,0,0,0,0,0,0,0,0,0,0,0,0,0,2.63933e+2,5.70864e+1,0,0,0,0,0,0,2.36047e+0,0,0,0,0,0,0,0,1.02791e+1,4.59194e+1,7.86475e-2,0,0,0,0,0,5.86405e+2
"Central Europe","SVK","Slovakia",1.24980e-1,3.10264e-2,7.79624e-1,0,6.55285e-1,0,0,0,7.77380e+0,7.96404e+0,3.79806e+1,0,0,0,0,0,1.25622e-1,5.64498e-1,0,0,0,0,0,0,0,0,0,0,0,0,0,0,0,1.50121e+2,2.91618e+1,0,0,0,0,0,0,1.91163e+0,0,4.45104e-1,0,0,0,0,0,2.10460e+1,3.96970e+1,0,3.78667e-2,0,0,0,0,2.98419e+2
"Central Europe","SVN","Slovenia",0,3.56515e-3,1.30952e-1,0,8.80374e-1,0,0,0,6.88480e+0,2.66730e+1,1.40081e+0,0,0,0,0,0,3.10384e-1,1.88147e-1,0,0,0,0,0,0,0,0,0,0,0,0,0,0,0,6.17702e+1,1.15950e+1,0,0,0,0,0,0,1.44584e-1,0,0,0,0,0,0,0,1.65906e+1,9.88487e+0,0,0,0,0,0,0,1.36457e+2
"Turkey","TUR","Turkey",1.77179e-1,6.03139e-2,8.35526e-1,3.11916e-3,2.96664e+0,3.06494e-2,6.47698e-2,0,1.38612e+2,1.56825e+2,8.02875e+0,0,0,0,0,0,4.75388e-1,2.65427e-1,0,0,0,0,0,0,0,0,0,0,0,0,0,0,0,9.55785e+2,1.60649e+2,2.63048e+1,0,0,0,0,0,2.78275e+1,0,9.12528e-1,0,0,0,0,0,1.84316e+2,2.47361e+2,0,0,0,0,0,0,1.91150e+3
"Ukraine +","BLR","Belarus",1.53097e-1,5.89919e-2,1.76322e+0,0,1.56896e+0,1.35596e-1,2.33458e-2,6.03975e-4,9.12350e+0,8.21925e-2,1.53834e+1,0,0,0,0,0,4.67610e-2,0,0,0,0,0,0,0,0,0,0,0,0,0,0,0,0,5.73380e+2,8.48970e+1,0,0,0,0,0,0,2.13266e+0,0,2.12102e-2,0,0,0,0,0,9.60574e+1,3.11797e+1,0,0,0,0,0,0,8.16008e+2
"Ukraine +","MDA","Moldova, Republic of",8.54919e-2,0,4.79548e-1,0,7.07310e-1,0,0,0,6.28772e+0,4.94000e-3,1.04141e+0,0,0,0,0,0,0,0,0,0,0,0,0,0,0,0,0,0,0,0,0,0,0,9.15757e+1,8.63680e+0,0,0,0,0,0,0,8.43260e-1,0,4.30320e-2,0,0,0,0,0,4.10676e+0,1.62311e+1,3.53614e-2,0,0,0,0,0,1.30078e+2
"Ukraine +","UKR","Ukraine",1.49659e+0,5.36065e-1,2.80236e+0,0,6.45798e+0,2.07003e-1,0,7.21752e-2,1.14604e+2,7.53907e+2,1.14364e+3,0,0,0,0,0,1.64755e+0,6.46074e+0,0,0,0,0,0,0,0,0,0,0,0,0,0,0,0,2.14785e+3,3.27650e+2,1.12609e+1,0,0,0,0,0,1.41234e+1,0,8.82120e-1,0,0,0,0,0,2.38600e+2,1.56023e+2,0,0,0,0,0,0,4.92821e+3
"Asia-Stan","KAZ","Kazakhstan",5.08292e-1,1.79137e-1,1.09445e-1,0,1.88600e+0,1.20428e-1,5.10690e-3,0,4.70338e+0,1.11899e+3,3.36783e+2,0,0,0,0,0,3.03360e-2,2.39114e+0,0,0,0,0,0,0,0,0,0,0,0,0,0,0,0,1.08686e+3,7.80265e+1,3.90144e+1,0,0,0,0,0,1.07929e+1,1.79400e+1,1.01959e+2,0,0,0,0,0,8.15137e+1,5.15674e+1,0,0,0,0,0,0,2.93338e+3
"Asia-Stan","KGZ","Kyrgyzstan",2.83743e-2,0,0,0,7.18310e-1,0,0,0,1.88406e-1,2.34782e+1,2.21724e+0,0,0,0,0,0,0,0,0,0,0,0,0,0,0,0,0,0,0,0,0,0,0,1.91908e+2,9.29571e+0,6.34381e-1,0,0,0,0,0,5.30899e-1,7.29264e-2,4.21512e+0,0,0,0,0,0,4.48024e+0,2.18888e+1,0,0,0,0,0,0,2.59657e+2
"Asia-Stan","TJK","Tajikistan",1.39444e-2,0,0,0,6.43242e-1,0,0,0,0,8.59803e+0,4.98469e+0,0,0,0,0,0,0,0,0,0,0,0,0,0,0,0,0,0,0,0,0,0,0,1.21817e+2,9.60339e+0,3.33050e+0,0,0,0,0,0,1.28809e-1,0,3.52992e-2,0,0,0,0,0,4.77808e+0,2.00170e+1,0,0,0,0,0,0,1.73950e+2
"Asia-Stan","TKM","Turkmenistan",9.15463e-2,1.35000e-1,0,0,6.45586e-1,0,0,0,0,0,1.04030e+3,0,0,0,0,0,9.60000e-4,0,0,0,0,0,0,0,0,0,0,0,0,0,0,0,0,1.13877e+2,1.12579e+1,9.35712e+0,0,0,0,0,0,3.04091e-1,1.73832e-2,1.38533e-1,0,0,0,0,0,6.30425e+0,1.90986e+1,0,0,0,0,0,0,1.20152e+3
"Asia-Stan","UZB","Uzbekistan",3.56807e-1,1.18914e-1,0,0,1.82142e+0,0,0,0,0,8.89081e+0,6.18851e+2,0,0,0,0,0,0,0,0,0,0,0,0,0,0,0,0,0,0,0,0,0,0,5.20686e+2,4.47190e+1,6.09006e+1,0,0,0,0,0,8.68857e-1,1.69190e-2,6.18192e-1,0,0,0,0,0,1.85496e+1,9.31387e+1,0,0,0,0,0,0,1.36954e+3
"Russia +","ARM","Armenia",1.75533e-2,0,5.81126e-3,0,5.83233e-1,0,0,0,5.90977e-1,0,2.48226e+0,0,0,0,0,0,0,0,0,0,0,0,0,0,0,0,0,0,0,0,0,0,0,5.14616e+1,8.66502e+0,0,0,0,0,0,0,1.06402e-1,0,2.99760e-2,0,0,0,0,0,8.20355e+0,5.40888e+0,0,0,0,0,0,0,7.75552e+1
"Russia +","AZE","Azerbaijan",9.46854e-2,4.51891e-2,1.92683e-1,0,1.16870e+0,0,0,0,1.06900e+0,0,2.31501e+2,0,0,0,0,0,1.91520e-2,0,0,0,0,0,0,0,0,0,0,0,0,0,0,0,0,1.70782e+2,2.41187e+1,4.61874e-1,0,0,0,0,0,4.60432e-1,0,3.05616e-2,0,0,0,0,0,1.64167e+1,4.29167e+1,0,0,0,0,0,0,4.89277e+2
"Russia +","GEO","Georgia",4.53938e-2,0,1.69516e-1,0,4.24301e-1,3.17028e-1,0,0,1.62204e+1,9.42366e+0,6.80031e+0,0,0,0,0,0,0,3.27882e-1,0,0,0,0,0,0,0,0,0,0,0,0,0,0,0,1.04140e+2,1.84019e+1,0,0,0,0,0,0,1.98879e-1,0,8.98464e-2,0,0,0,0,0,1.66441e+1,1.47080e+1,0,0,0,0,0,0,1.87911e+2
"Russia +","RUS","Russian Federation",8.41750e+0,1.02594e+0,1.57873e+1,0,3.63204e+1,1.84191e+0,2.91344e+0,4.14689e-1,3.19381e+2,3.17242e+3,1.35087e+4,0,0,0,0,0,6.83473e+0,6.69559e+0,0,0,0,0,0,0,0,0,0,0,0,0,0,0,0,5.20685e+3,8.52446e+2,1.22727e+2,0,0,0,0,0,3.88369e+1,5.53344e+1,2.08906e+2,0,0,0,0,0,1.01925e+3,1.16689e+3,0,0,0,0,0,0,2.57520e+4
"Middle_East","ARE","United Arab Emirates",3.45354e-1,3.51272e-2,3.88661e-1,0,1.56045e+0,0,0,0,4.40351e-2,1.17162e-1,6.99429e+2,0,0,0,0,0,0,0,0,0,0,0,0,0,0,0,0,0,0,0,0,0,0,8.62000e+0,5.12733e-1,0,0,0,0,0,0,1.26140e-3,0,0,0,0,0,0,0,7.63134e+0,6.43400e+0,0,0,0,0,0,0,7.25119e+2
"Middle_East","BHR","Bahrain",1.92494e-1,1.21901e-1,7.16362e-2,0,2.32014e-1,0,0,0,8.37360e-3,1.03675e-2,7.22771e+1,0,0,0,0,0,5.86500e-1,0,0,0,0,0,0,0,0,0,0,0,0,0,0,0,0,5.20169e-1,1.88540e-2,0,0,0,0,0,0,4.94632e-6,0,0,0,0,0,0,0,2.26739e+0,1.64599e+0,0,0,0,0,0,0,7.79528e+1
"Middle_East","IRN","Iran, Islamic Republic of",4.41555e-1,7.70533e-2,1.29062e+0,0,9.10458e+0,0,0,0,1.17057e+1,2.25643e+1,7.39860e+2,0,0,0,0,0,3.54366e-3,0,0,0,0,0,0,0,0,0,0,0,0,0,0,0,0,5.69947e+2,2.31673e+1,1.45274e+2,0,0,0,0,0,0,0,5.61024e-3,0,0,0,0,0,8.87764e+1,2.20613e+2,0,0,0,0,0,0,1.83283e+3
"Middle_East","IRQ","Iraq",0,1.03381e-1,2.40448e-1,0,3.79459e+0,0,0,0,5.98503e-1,1.05462e+0,6.52316e+2,0,0,0,0,0,3.43200e-2,0,0,0,0,0,0,0,0,0,0,0,0,0,0,0,0,1.21253e+2,6.23950e+0,1.59226e+1,0,0,0,0,0,1.96861e+0,0,6.05904e-1,0,0,0,0,0,5.77713e+1,5.99032e+1,0,0,0,0,0,0,9.21806e+2
"Middle_East","ISR","Israel",5.45594e-2,1.86883e-2,1.32010e-1,0,1.22452e+0,2.78004e-3,0,0,2.32787e-1,0,3.08054e+0,0,0,0,0,0,1.33925e-1,0,0,0,0,0,0,0,0,0,0,0,0,0,0,0,0,2.78397e+1,1.91843e+0,0,0,0,0,0,0,1.42710e-1,0,0,0,0,0,0,0,2.54738e+1,1.71725e+1,0,0,0,0,0,0,7.74270e+1
"Middle_East","JOR","Jordan",1.01889e-2,9.64929e-3,4.71016e-2,0,5.73518e-1,0,0,0,2.36128e-1,9.61642e-1,6.60491e-1,0,0,0,0,0,0,0,0,0,0,0,0,0,0,0,0,0,0,0,0,0,0,1.05141e+1,6.62940e-1,0,0,0,0,0,0,7.44464e-2,0,0,0,0,0,0,0,5.90720e+0,1.04708e+1,0,0,0,0,0,0,3.01282e+1
"Middle_East","KWT","Kuwait",1.91568e-1,1.46152e-1,1.08019e-1,0,1.39264e+0,0,0,0,4.42127e-1,2.16775e-1,2.78932e+2,0,0,0,0,0,9.24000e-2,0,0,0,0,0,0,0,0,0,0,0,0,0,0,0,0,3.76461e+0,1.16241e-1,0,0,0,0,0,0,1.43213e-3,0,0,0,0,0,0,0,1.10774e+1,1.02637e+1,0,0,0,0,0,0,3.06745e+2
"Middle_East","LBN","Lebanon",0,1.82940e-3,6.15459e-3,0,9.27526e-1,0,0,0,1.23199e+0,1.15050e+0,6.28611e-1,0,0,0,0,0,0,0,0,0,0,0,0,0,0,0,0,0,0,0,0,0,0,5.71250e+0,7.45034e-1,0,0,0,0,0,0,3.86427e-2,0,0,0,0,0,0,0,8.14013e+0,1.20449e+1,0,0,0,0,0,0,3.06278e+1
"Middle_East","OMN","Oman",1.11127e-1,1.10531e-2,1.44445e-2,0,5.27692e-1,0,0,0,2.32479e-1,1.17747e-1,1.73055e+2,0,0,0,0,0,0,0,0,0,0,0,0,0,0,0,0,0,0,0,0,0,0,1.29219e+1,5.51544e-1,0,0,0,0,0,0,9.72356e-4,0,0,0,0,0,0,0,2.05685e+0,5.61766e+0,0,0,0,0,0,0,1.95219e+2
"Middle_East","QAT","Qatar",2.98065e-1,5.89937e-2,6.61513e-2,1.67472e-3,2.93536e-1,0,0,0,5.59468e-2,5.75250e-3,1.69818e+2,0,0,0,0,0,6.10170e-2,0,0,0,0,0,0,0,0,0,0,0,0,0,0,0,0,1.49944e+0,9.95750e-2,0,0,0,0,0,0,7.70614e-4,0,0,0,0,0,0,0,2.51775e+0,5.38118e+0,0,0,0,0,0,0,1.80157e+2
"Middle_East","SAU","Saudi Arabia",2.27422e+0,6.29863e-1,5.20379e-1,1.07217e-2,8.95040e+0,0,0,0,1.91965e-1,1.01445e+0,9.13030e+2,0,0,0,0,0,2.94510e+0,0,0,0,0,0,0,0,0,0,0,0,0,0,0,0,0,7.88729e+1,4.12143e+0,0,0,0,0,0,0,1.48889e+0,0,0,0,0,0,0,0,5.12497e+1,5.23659e+1,0,0,0,0,0,0,1.11767e+3
"Middle_East","SYR","Syrian Arab Republic",1.72479e-2,3.21592e-2,2.36428e-1,0,1.42486e+0,0,0,0,3.63137e+0,9.58750e-2,4.73148e+1,0,0,0,0,0,0,0,0,0,0,0,0,0,0,0,0,0,0,0,0,0,0,9.50579e+1,3.48799e+0,6.06574e-3,0,0,0,0,0,1.89672e+0,0,8.81400e-2,0,0,0,0,0,1.58969e+1,3.71735e+1,0,0,0,0,0,0,2.06360e+2
"Middle_East","YEM","Yemen",1.22763e-2,8.39107e-3,0,0,6.64736e-1,0,0,0,2.36747e+0,4.31438e+0,1.76678e+0,0,0,0,0,0,0,0,0,0,0,0,0,0,0,0,0,0,0,0,0,0,0,7.70462e+1,3.47917e+0,0,0,0,0,0,0,5.78372e-1,0,0,0,0,0,0,0,2.86454e+0,3.58158e+1,0,0,0,0,0,0,1.28918e+2
"India +","AFG","Afghanistan",3.04290e-3,0,9.92888e-2,2.35493e-4,3.88462e-1,0,5.46590e-3,0,7.74818e+0,5.44515e+0,4.95481e+1,0,0,0,0,0,0,0,0,0,0,0,0,0,0,0,0,0,0,0,0,0,0,1.99683e+2,1.14202e+1,4.08781e+1,0,0,0,0,0,4.89109e-1,0,0,0,0,0,0,0,6.08113e+0,7.38639e+1,0,0,0,0,0,0,3.95653e+2
"India +","BGD","Bangladesh",7.44524e-2,3.31907e-3,4.95716e-2,0,1.76535e-1,8.51384e-3,3.04800e-2,0,1.54698e+2,2.22078e+1,5.03757e+1,0,0,0,0,0,0,0,0,0,0,0,0,0,0,0,0,0,0,0,0,0,0,6.50121e+2,6.23029e+1,2.69978e+3,0,0,0,0,2.44224e-1,1.09219e+1,1.83831e+1,0,0,0,0,0,0,6.41862e+1,4.12867e+2,0,0,0,0,0,0,4.14643e+3
"India +","BTN","Bhutan",6.94503e-5,0,9.91371e-3,1.30122e-4,4.91501e-3,0,1.07877e-4,0,1.35187e+1,4.49927e-1,0,0,0,0,0,0,0,0,0,0,0,0,0,0,0,0,0,0,0,0,0,0,0,1.28572e+1,1.29103e+0,9.27730e+0,0,0,0,0,0,2.59427e-1,0,0,0,0,0,0,0,2.47007e-1,5.57997e+0,0,0,0,0,0,0,4.34957e+1
"India +","IND","India",1.34702e+0,2.77457e-1,9.04865e+0,0,9.73092e+0,5.59500e-1,1.19282e-1,1.50725e-3,1.54686e+3,1.10143e+3,2.41038e+2,0,0,0,0,0,2.99192e-1,1.00128e+0,0,0,0,0,0,0,0,0,0,0,0,0,0,0,0,1.08062e+4,9.52736e+2,4.65423e+3,0,0,0,0,2.55288e+1,1.88150e+2,6.98496e+1,5.11128e-1,0,0,0,0,0,4.31067e+2,2.79303e+3,0,0,4.50000e+1,0,0,0,2.28780e+4
"India +","IOT","British Indian Ocean Territory",0,0,0,0,0,0,0,0,0,0,0,0,0,0,0,0,0,0,0,0,0,0,0,0,0,0,0,0,0,0,0,0,0,0,0,0,0,0,0,0,0,0,0,0,0,0,0,0,0,0,0,0,0,0,0,0,0,0,
"India +","LKA","Sri Lanka",2.16039e-4,4.07627e-3,5.78532e-1,2.65862e-3,4.07575e-1,5.03881e-3,2.93076e-4,0,2.53528e+1,2.30100e+0,4.33569e-1,0,0,0,0,0,0,0,0,0,0,0,0,0,0,0,0,0,0,0,0,0,0,1.21991e+2,1.01252e+1,3.16547e+2,0,0,0,0,1.57243e-1,2.49855e-1,1.65532e+0,0,0,0,0,0,0,2.49781e+1,7.43658e+1,0,0,0,0,0,0,5.79155e+2
"India +","MDV","Maldives",2.33749e-4,0,1.43617e-3,2.39730e-5,4.65970e-3,0,3.39507e-4,0,7.91963e-3,4.45900e-2,0,0,0,0,0,0,0,0,0,0,0,0,0,0,0,0,0,0,0,0,0,0,0,0,0,0,0,0,0,0,0,7.63278e-3,0,0,0,0,0,0,0,2.98409e-1,6.65505e-1,0,0,0,0,0,0,1.03075e+0
"India +","NPL","Nepal",1.00483e-3,0,4.42545e-2,0,6.32401e-2,0,0,0,5.53424e+1,4.24102e+0,0,0,0,0,0,0,0,0,0,0,0,0,0,0,0,0,0,0,0,0,0,0,0,3.60716e+2,3.06702e+1,4.23731e+2,0,0,0,0,7.83168e-1,6.95834e+0,3.49683e-1,0,0,0,0,0,0,1.73686e+0,7.06532e+1,0,0,0,0,0,0,9.55290e+2
"India +","PAK","Pakistan",1.65896e-1,1.00185e-2,6.12320e-1,0,2.30216e+0,4.15267e-2,0,0,1.11856e+2,3.65830e+1,4.06062e+2,0,0,0,0,0,0,0,0,0,0,0,0,0,0,0,0,0,0,0,0,0,0,1.71982e+3,1.21790e+2,7.88625e+2,0,0,0,0,1.24584e+0,6.36860e+0,8.29124e-2,9.33528e-2,0,0,0,0,0,6.30743e+1,3.71187e+2,0,0,0,0,0,0,3.62992e+3
"Korea","KOR","Korea, Republic of",1.55700e-1,1.15717e-1,1.54437e+0,9.08536e-3,3.58967e+0,4.32643e-2,1.94309e-1,0,1.45570e+2,3.22348e+2,1.01776e+1,0,0,0,0,0,2.26233e-1,9.78937e-1,0,0,0,0,0,0,0,0,0,0,0,0,0,0,0,2.26108e+2,1.06709e+1,5.73180e+2,0,0,0,0,0,6.09562e-1,0,2.07262e-1,0,0,0,0,0,5.86241e+1,2.34101e+2,0,0,0,0,0,0,1.58845e+3
"Korea","PRK","Korea, Democratic People's Republic of",1.59119e-1,1.60773e-3,8.05394e+0,0,1.12520e+0,0,0,0,8.35924e+1,5.73456e+2,4.44537e-1,0,0,0,0,0,0,1.43677e-1,0,0,0,0,0,0,0,0,0,0,0,0,0,0,0,6.91188e+1,1.11170e+1,2.12778e+2,0,0,0,0,0,4.16865e+0,0,2.41392e+1,0,0,0,0,0,2.28192e+1,9.02737e+1,1.57088e-1,0,0,0,0,0,1.10155e+3
"China +","CHN","China",3.09688e+0,1.32755e+0,6.29730e+1,1.25395e-2,1.53868e+1,9.20258e-1,0,6.69594e-1,4.50190e+3,8.55510e+3,8.09121e+2,0,0,0,0,0,3.84776e+0,6.63483e+0,0,0,0,0,0,0,0,0,0,0,0,0,0,0,0,5.27639e+3,9.30443e+2,1.73463e+4,0,0,0,0,3.92016e+0,1.22425e+1,8.64726e+0,4.37280e+1,0,0,0,0,0,7.17847e+2,4.87131e+3,5.45539e+0,0,9.00000e+1,0,0,0,4.32673e+4
"China +","HKG","Hong Kong",9.31647e-2,0,1.12164e-1,0,4.05489e-1,0,0,0,2.61884e-1,0,2.04767e+0,0,0,0,0,0,0,0,0,0,0,0,0,0,0,0,0,0,0,0,0,0,0,0,0,0,0,0,0,0,0,0,0,0,0,0,0,0,0,3.03773e+1,2.39800e+1,1.53808e-1,0,0,0,0,0,5.74315e+1
"China +","MAC","Macao",2.63276e-4,0,2.77296e-3,2.06618e-4,1.63997e-2,0,8.34827e-4,0,1.74894e-2,0,0,0,0,0,0,0,0,0,0,0,0,0,0,0,0,0,0,0,0,0,0,0,0,0,0,0,0,0,0,0,0,0,0,0,0,0,0,0,0,1.77571e+0,1.30229e+0,8.96694e-3,0,0,0,0,0,3.12494e+0
"China +","MNG","Mongolia",5.69354e-2,0,1.00210e-1,1.63876e-3,6.03507e-1,0,7.86891e-3,0,6.56942e+0,1.35556e+1,0,0,0,0,0,0,0,0,0,0,0,0,0,0,0,0,0,0,0,0,0,0,0,2.66783e+2,1.27473e+1,0,0,0,0,0,0,1.07404e-1,2.98843e-1,2.51688e+1,0,0,0,0,0,1.70394e+0,7.91165e+0,1.32119e-2,0,0,0,0,0,3.35629e+2
"China +","TWN","Taiwan_Province of China",1.06561e-1,1.12244e-1,1.44614e+0,1.04500e-3,3.94601e+0,6.60260e-3,5.21675e-2,0,1.47914e+0,2.79274e+1,2.59662e+1,0,0,0,0,0,2.21100e-1,4.48078e-1,0,0,0,0,0,0,0,0,0,0,0,0,0,0,0,1.96319e+1,4.27394e+1,0,0,0,0,0,0,0,0,0,0,0,0,0,0,6.05799e+1,9.70552e+1,3.27450e-1,0,0,0,0,0,2.82047e+2
"Southeastern Asia","BRN","Brunei Darussalam",5.05348e-2,8.73368e-2,4.27054e-3,0,1.84254e-1,0,0,0,4.43012e-2,1.30325e-2,1.39148e+2,0,0,0,0,0,0,0,0,0,0,0,0,0,0,0,0,0,0,0,0,0,0,6.81492e-1,1.93936e-1,2.76908e-1,0,0,0,0,0,7.59224e-3,1.24685e+1,0,0,0,0,0,0,1.14481e+0,9.70259e-1,3.33222e-2,0,0,0,0,0,1.55308e+2
"Southeastern Asia","KHM","Cambodia",4.72745e-4,0,5.55347e-2,1.61279e-3,4.45790e-2,0,7.96369e-4,0,4.60770e+1,1.91519e+0,0,0,0,0,0,0,0,0,0,0,0,0,0,0,0,0,0,0,0,0,0,0,0,1.07003e+2,1.42909e+1,3.25879e+2,0,0,0,0,3.04272e+1,1.11708e+1,0,0,0,0,0,0,0,3.33119e+0,3.64441e+1,1.01878e-1,0,0,0,0,0,5.76744e+2
"Southeastern Asia","LAO","Lao People's Democratic Republic",1.41294e-4,0,2.47892e-2,4.63551e-4,1.56665e-2,0,2.59707e-4,0,2.21881e+1,1.05100e+0,0,0,0,0,0,0,0,0,0,0,0,0,0,0,0,0,0,0,0,0,0,0,0,7.74743e+1,9.90982e+0,1.16610e+2,0,0,0,0,4.10544e+1,6.16701e+0,2.03674e+1,0,0,0,0,0,0,1.32020e+0,1.52696e+1,0,0,0,0,0,0,3.11453e+2
"Southeastern Asia","MMR","Myanmar",7.94841e-2,1.69147e-2,1.01739e-1,0,4.26251e-1,0,0,4.18680e-5,8.13819e+1,5.08179e+1,2.48188e+1,0,0,0,0,0,0,0,0,0,0,0,0,0,0,0,0,0,0,0,0,0,0,5.82271e+2,6.36201e+1,1.19008e+3,0,0,0,0,2.90568e+1,5.29303e+1,8.91344e+2,0,0,0,0,0,0,2.49685e+1,1.62805e+2,0,0,0,0,0,0,3.15472e+3
"Southeastern Asia","MYS","Malaysia",8.36760e-2,1.48255e-1,4.81482e-1,0,3.30586e+0,0,0,0,2.15763e+1,3.15429e+1,2.44463e+2,0,0,0,0,0,1.29715e+0,0,0,0,0,0,0,0,0,0,0,0,0,0,0,0,0,4.49308e+1,1.64839e+1,2.16188e+2,0,0,0,0,2.31046e+1,7.15559e+0,1.10024e+2,0,0,0,0,0,0,3.69243e+1,8.14470e+1,5.55058e-1,0,0,0,0,0,8.39711e+2
"Southeastern Asia","PHL","Philippines",1.06994e-1,4.99395e-2,1.15539e+0,8.37360e-5,1.14335e+0,0,5.59775e-2,0,8.04969e+1,8.66816e+1,2.56878e+0,0,0,0,0,0,6.42600e-4,3.56181e-1,0,0,0,0,0,0,0,0,0,0,0,0,0,0,0,2.94212e+2,5.44977e+1,1.06778e+3,0,0,0,0,3.43296e+0,4.95601e+1,4.96733e+0,0,0,0,0,0,0,8.38887e+1,2.67735e+2,0,0,0,0,0,0,1.99869e+3
"Southeastern Asia","SGP","Singapore",9.07737e-4,7.75795e-2,3.26152e-2,0,5.99096e-1,0,0,0,2.42591e-2,2.87625e+0,1.17096e+1,0,0,0,0,0,1.45200e-1,0,0,0,0,0,0,0,0,0,0,0,0,0,0,0,0,7.30756e-1,2.09370e+0,0,0,0,0,0,6.49296e-1,1.98949e-4,0,0,0,0,0,0,0,5.42307e+0,1.27124e+1,3.10623e+0,0,0,0,0,0,4.01811e+1
"Southeastern Asia","THA","Thailand",2.05048e-1,1.40801e-2,3.27725e+0,0,3.35112e+0,0,1.11368e-1,0,1.23862e+2,2.73371e+2,5.93280e+1,0,0,0,0,0,2.02116e-1,0,0,0,0,0,0,0,0,0,0,0,0,0,0,0,0,6.59534e+2,4.81541e+1,2.48734e+3,0,0,0,0,3.60624e+1,6.48552e+1,1.23978e+1,0,0,0,0,0,0,1.09718e+2,2.36037e+2,1.41051e+0,0,0,0,0,0,4.11923e+3
"Southeastern Asia","TLS","Timor-Leste",0,0,4.48101e-3,0,0,0,0,0,1.98350e-1,0,0,0,0,0,0,0,0,0,0,0,0,0,0,0,0,0,0,0,0,0,0,0,0,5.12079e+0,7.81535e-1,6.34381e+0,0,0,0,0,0,3.38551e-1,0,0,0,0,0,0,0,1.17240e-1,2.91837e+0,3.22747e-3,0,0,0,0,0,1.58264e+1
"Southeastern Asia","VNM","Viet Nam",4.71734e-2,0,6.53224e-1,1.67472e-3,6.71061e-1,4.85668e-3,0,3.39132e-3,1.61522e+2,1.09187e+2,1.31516e+1,0,0,0,0,0,0,0,0,0,0,0,0,0,0,0,0,0,0,0,0,0,0,2.97109e+2,7.80263e+1,1.77403e+3,0,0,0,0,1.40124e+1,4.64534e+1,6.01467e-1,0,0,0,0,0,0,3.53378e+1,2.61955e+2,0,0,0,0,0,0,2.79277e+3
"Indonesia +","IDN","Indonesia",1.11448e-1,3.60273e-1,7.69115e-1,6.51048e-3,5.51121e+0,1.67472e-3,5.42191e-2,0,5.67030e+2,1.08893e+2,7.97831e+2,0,0,0,0,0,4.31700e-3,0,0,0,0,0,0,0,0,0,0,0,0,0,0,0,0,8.93548e+2,6.78251e+1,2.70563e+3,0,0,0,0,3.06408e+1,1.46007e+2,1.38305e+2,0,1.49687e+3,0,0,0,0,2.34447e+2,7.47767e+2,3.24707e+0,0,0,0,0,0,7.94486e+3
"Indonesia +","PNG","Papua New Guinea",5.09494e-3,0,2.89325e-2,1.02320e-3,6.02856e-2,0,6.37788e-3,0,1.93594e+1,3.37382e-1,1.09604e+1,0,0,0,0,0,0,0,0,0,0,0,0,0,0,0,0,0,0,0,0,0,0,7.02590e+0,3.94877e+0,9.51572e-2,0,0,0,0,9.43776e+0,2.38162e-1,1.82791e+1,0,0,0,0,0,0,1.89441e+0,1.59920e+1,5.56252e-2,0,0,0,0,0,8.77258e+1
"Japan","JPN","Japan",6.02764e+0,6.36372e-1,1.24721e+1,5.22512e-2,1.59130e+1,1.31531e-1,1.22682e+0,6.78261e-3,2.00209e+1,3.94625e+2,3.13930e+1,0,0,0,0,0,3.96236e+0,7.81586e+0,0,0,0,0,0,0,0,0,0,0,0,0,0,0,0,4.85019e+2,2.19985e+2,1.47946e+3,0,0,0,0,0,7.75717e-1,4.92528e+0,2.10756e+0,0,0,0,0,0,3.37249e+2,3.62055e+2,1.63161e+2,6.98668e-1,0,0,0,0,3.54972e+3
"Oceania","ASM","American Samoa",0,0,0,0,0,0,0,0,8.40627e-5,0,0,0,0,0,0,0,0,0,0,0,0,0,0,0,0,0,0,0,0,0,0,0,0,1.78816e-2,1.47200e-1,0,0,0,0,0,0,3.82999e-5,0,0,0,0,0,0,0,1.77867e-1,4.63679e-2,0,0,0,0,0,0,3.89439e-1
"Oceania","ATF","French Southern Territories",0,0,0,0,0,0,0,0,0,0,0,0,0,0,0,0,0,0,0,0,0,0,0,0,0,0,0,0,0,0,0,0,0,0,0,0,0,0,0,0,0,0,0,0,0,0,0,0,0,0,0,0,0,0,0,0,0,0,
"Oceania","AUS","Australia",1.16061e+0,3.16355e-1,4.62743e+0,2.26715e-2,1.71503e+1,1.12328e-1,2.24496e-1,3.76812e-4,3.55193e+1,6.96499e+2,2.69592e+2,0,0,0,0,0,8.45293e-2,5.12360e-1,0,0,0,0,0,0,0,0,0,0,0,0,0,0,0,2.60826e+3,1.85085e+2,5.04441e+1,0,0,0,0,7.61112e+2,2.99619e+1,9.23174e+1,1.97453e+2,0,0,0,0,0,4.14102e+2,5.09856e+1,4.71974e-3,0,6.00000e-1,0,0,0,5.41615e+3
"Oceania","CCK","Cocos (Keeling) Islands",0,0,0,0,0,0,0,0,0,0,0,0,0,0,0,0,0,0,0,0,0,0,0,0,0,0,0,0,0,0,0,0,0,0,0,0,0,0,0,0,0,0,0,0,0,0,0,0,0,0,0,0,0,0,0,0,0,0,
"Oceania","COK","Cook Islands",0,0,0,0,0,0,0,0,7.81095e-3,0,0,0,0,0,0,0,0,0,0,0,0,0,0,0,0,0,0,0,0,0,0,0,0,6.41075e-2,5.35824e-2,0,0,0,0,0,0,3.55877e-3,0,0,0,0,0,0,0,0,2.69909e-2,0,0,0,0,0,0,1.56051e-1
"Oceania","CXR","Christmas Island",0,0,0,0,0,0,0,0,0,0,0,0,0,0,0,0,0,0,0,0,0,0,0,0,0,0,0,0,0,0,0,0,0,0,0,0,0,0,0,0,0,0,0,0,0,0,0,0,0,0,0,0,0,0,0,0,0,0,
"Oceania","FJI","Fiji",2.89554e-3,0,6.49397e-3,5.09742e-4,4.56680e-2,0,2.73455e-3,0,7.37575e-1,1.71535e-1,0,0,0,0,0,0,0,0,0,0,0,0,0,0,0,0,0,0,0,0,0,0,0,1.67874e+1,2.33321e+0,3.54846e+0,0,0,0,0,0,2.51260e-1,0,0,0,0,0,0,0,1.81867e+0,1.77734e+0,0,0,0,0,0,0,2.74838e+1
"Oceania","FSM","Micronesia, Federated States of",0,0,0,0,0,0,0,0,0,2.24250e-2,0,0,0,0,0,0,0,0,0,0,0,0,0,0,0,0,0,0,0,0,0,0,0,5.17062e-1,1.99013e-2,2.42630e-2,0,0,0,0,0,0,0,0,0,0,0,0,0,1.70467e-1,9.14174e-2,0,0,0,0,0,0,8.45536e-1
"Oceania","GUM","Guam",0,0,0,0,0,0,0,0,1.91549e-3,0,0,0,0,0,0,0,0,0,0,0,0,0,0,0,0,0,0,0,0,0,0,0,0,5.01404e-2,1.69350e-1,0,0,0,0,0,0,8.72719e-4,0,0,0,0,0,0,0,9.88245e-1,9.08804e-1,0,0,0,0,0,0,2.11933e+0
"Oceania","HMD","Heard Island and McDonald Islands",0,0,0,0,0,0,0,0,0,0,0,0,0,0,0,0,0,0,0,0,0,0,0,0,0,0,0,0,0,0,0,0,0,0,0,0,0,0,0,0,0,0,0,0,0,0,0,0,0,0,0,0,0,0,0,0,0,0,
"Oceania","KIR","Kiribati",5.38170e-5,0,4.52763e-4,6.46266e-5,1.70373e-3,0,5.48870e-5,0,1.00689e-2,1.93700e-2,0,0,0,0,0,0,0,0,0,0,0,0,0,0,0,0,0,0,0,0,0,0,0,1.00000e-2,4.60719e-2,0,0,0,0,0,0,4.14855e-3,0,0,0,0,0,0,0,1.38742e-1,1.95500e-1,0,0,0,0,0,0,4.26232e-1
"Oceania","MHL","Marshall Islands",0,0,0,0,0,0,0,0,0,0,0,0,0,0,0,0,0,0,0,0,0,0,0,0,0,0,0,0,0,0,0,0,0,0,0,0,0,0,0,0,0,0,0,0,0,0,0,0,0,1.35498e-1,4.49268e-2,0,0,0,0,0,0,1.80425e-1
"Oceania","MNP","Northern Mariana Islands",0,0,0,0,0,0,0,0,2.67382e-3,0,0,0,0,0,0,0,0,0,0,0,0,0,0,0,0,0,0,0,0,0,0,0,0,0,1.52587e-5,0,0,0,0,0,0,1.21822e-3,0,0,0,0,0,0,0,1.42471e-1,2.66014e-2,0,0,0,0,0,0,1.72980e-1
"Oceania","NCL","New Caledonia",7.70133e-4,0,4.55312e-3,3.89365e-5,4.77018e-2,0,1.25357e-3,0,4.35176e-2,3.02900e-2,0,0,0,0,0,0,0,0,0,0,0,0,0,0,0,0,0,0,0,0,0,0,0,7.56610e+0,9.26975e-1,0,0,0,0,0,0,3.53908e-3,0,0,0,0,0,0,0,1.00313e+0,2.00744e-1,0,0,0,0,0,0,9.82861e+0
"Oceania","NFK","Norfolk Island",0,0,0,0,0,0,0,0,0,0,0,0,0,0,0,0,0,0,0,0,0,0,0,0,0,0,0,0,0,0,0,0,0,0,0,0,0,0,0,0,0,0,0,0,0,0,0,0,0,0,4.04055e-3,0,0,0,0,0,0,4.04055e-3
"Oceania","NIU","Niue",0,0,0,0,0,0,0,0,1.60759e-4,4.87500e-4,0,0,0,0,0,0,0,0,0,0,0,0,0,0,0,0,0,0,0,0,0,0,0,2.63044e-2,1.87500e-2,0,0,0,0,0,0,7.32438e-5,0,0,0,0,0,0,0,4.72102e-3,4.97327e-3,0,0,0,0,0,0,5.54702e-2
"Oceania","NRU","Nauru",0,0,0,0,0,0,0,0,0,0,0,0,0,0,0,0,0,0,0,0,0,0,0,0,0,0,0,0,0,0,0,0,0,2.10000e-3,6.15793e-3,0,0,0,0,0,0,0,0,0,0,0,0,0,0,5.64484e-2,1.08707e-2,0,0,0,0,0,0,7.55770e-2
"Oceania","NZL","New Zealand",1.58901e-1,1.95140e-2,6.82431e-1,3.01449e-3,2.88299e+0,8.37360e-5,1.69984e-2,6.02898e-3,2.46605e+0,9.40766e+0,2.01348e+1,0,0,0,0,0,0,0,0,0,0,0,0,0,0,0,0,0,0,0,0,0,0,1.10237e+3,8.96280e+1,0,0,0,0,0,0,8.31944e-1,0,0,0,0,0,0,0,8.22439e+1,8.83173e+0,0,0,0,0,0,0,1.31968e+3
"Oceania","PCN","Pitcairn",0,0,0,0,0,0,0,0,0,0,0,0,0,0,0,0,0,0,0,0,0,0,0,0,0,0,0,0,0,0,0,0,0,0,0,0,0,0,0,0,0,0,0,0,0,0,0,0,0,0,1.04446e-3,0,0,0,0,0,0,1.04446e-3
"Oceania","PLW","Palau",0,0,0,0,0,0,0,0,0,0,0,0,0,0,0,0,0,0,0,0,0,0,0,0,0,0,0,0,0,0,0,0,0,0,0,0,0,0,0,0,0,0,0,0,0,0,0,0,0,0,4.88040e-2,0,0,0,0,0,0,4.88041e-2
"Oceania","PYF","French Polynesia",2.33807e-3,0,2.52327e-3,5.92870e-5,5.62038e-2,0,2.29991e-3,0,3.79741e-2,0,0,0,0,0,0,0,0,0,0,0,0,0,0,0,0,0,0,0,0,0,0,0,0,5.60935e-1,5.63540e-1,0,0,0,0,0,0,3.12753e-3,0,0,0,0,0,0,0,1.16006e+0,6.81823e-1,0,0,0,0,0,0,3.07088e+0
"Oceania","SLB","Solomon Islands",6.12354e-4,0,2.15509e-3,7.19770e-5,9.69018e-3,0,5.78466e-4,0,4.55235e-1,5.78175e-2,0,0,0,0,0,0,0,0,0,0,0,0,0,0,0,0,0,0,0,0,0,0,0,9.63861e+1,2.74135e+0,6.58133e-1,0,0,0,0,0,1.08176e-2,0,0,0,0,0,0,0,1.45473e-1,4.48249e-1,0,0,0,0,0,0,1.00916e+2
"Oceania","TKL","Tokelau",0,0,0,0,0,0,0,0,3.36420e-4,0,0,0,0,0,0,0,0,0,0,0,0,0,0,0,0,0,0,0,0,0,0,0,0,1.00000e-3,3.20383e-3,0,0,0,0,0,0,1.53276e-4,0,0,0,0,0,0,0,0,8.32216e-3,0,0,0,0,0,0,1.30157e-2
"Oceania","TON","Tonga",0,0,0,0,8.26310e-3,0,0,0,7.09896e-3,1.79400e-2,0,0,0,0,0,0,0,0,0,0,0,0,0,0,0,0,0,0,0,0,0,0,0,8.72691e-1,9.91396e-1,0,0,0,0,0,0,3.23436e-3,0,0,0,0,0,0,0,1.97631e-1,4.62249e-1,0,0,0,0,0,0,2.56050e+0
"Oceania","TUV","Tuvalu",0,0,0,0,0,0,0,0,0,0,0,0,0,0,0,0,0,0,0,0,0,0,0,0,0,0,0,0,0,0,0,0,0,9.45800e-3,2.71194e-2,0,0,0,0,0,0,0,0,0,0,0,0,0,0,1.28607e-2,6.68036e-2,0,0,0,0,0,0,1.16242e-1
"Oceania","VUT","Vanuatu",3.39468e-4,0,1.17016e-3,6.37849e-5,1.02245e-2,0,5.23894e-4,0,1.40947e-1,2.36925e-2,0,0,0,0,0,0,0,0,0,0,0,0,0,0,0,0,0,0,0,0,0,0,0,6.16907e+0,1.21476e+0,0,0,0,0,0,0,2.34381e-2,0,0,0,0,0,0,0,1.40902e-1,6.90878e-1,0,0,0,0,0,0,8.41601e+0
"Oceania","WLF","Wallis and Futuna",0,0,0,0,0,0,0,0,1.81102e-3,0,0,0,0,0,0,0,0,0,0,0,0,0,0,0,0,0,0,0,0,0,0,0,0,6.51712e-2,7.13721e-2,0,0,0,0,0,0,8.25120e-4,0,0,0,0,0,0,0,0,5.63050e-2,0,0,0,0,0,0,1.95485e-1
"Oceania","WSM","Samoa",2.24688e-4,0,1.24750e-3,3.04809e-4,1.74195e-2,0,3.97362e-4,0,2.51584e-1,2.85675e-2,0,0,0,0,0,0,0,0,0,0,0,0,0,0,0,0,0,0,0,0,0,0,0,1.32232e+0,1.84051e+0,0,0,0,0,0,0,2.03483e-3,0,0,0,0,0,0,0,2.36792e-1,9.66070e-1,0,0,0,0,0,0,4.66747e+0
"Antartica","ATA","Antarctica",0,0,0,0,0,0,0,0,0,0,0,0,0,0,0,0,0,0,0,0,0,0,0,0,0,0,0,0,0,0,0,0,0,0,0,0,0,0,0,0,0,0,0,0,0,0,0,0,0,0,0,0,0,0,0,0,0,0,
"Int. Shipping","SEA","Int. Shipping",0,0,0,0,0,0,0,0,0,0,5.62728e+0,0,2.68114e+1,0,0,0,0,0,0,0,0,0,0,0,0,0,0,0,0,0,0,0,0,0,0,0,0,0,0,0,0,0,0,0,0,0,0,0,0,0,0,0,0,0,0,0,0,3.24387e+1
"Int. Aviation","AIR","Int. Aviation",0,0,0,0,0,0,0,0,0,0,0,1.62234e+0,0,0,0,0,0,0,0,0,0,0,0,0,0,0,0,0,0,0,0,0,0,0,0,0,0,0,0,0,0,0,0,0,0,0,0,0,0,0,0,0,0,0,0,0,0,1.62234e+0

"TOTALS",,,7.50199e+1,3.13476e+1,3.39182e+2,1.60133e+0,7.06101e+2,8.00968e+0,1.04619e+1,2.88504e+0,1.26202e+4,3.29918e+4,4.23484e+4,1.62234e+0,2.68114e+1,0,0,0,6.65216e+1,6.19048e+1,0,0,0,0,0,0,0,0,0,0,0,0,0,0,0,8.56367e+4,1.07245e+4,4.13556e+4,0,0,0,0,5.59620e+3,1.14335e+3,6.13146e+3,9.20462e+2,1.49687e+3,0,0,0,0,2.34363e+4,2.14650e+4,2.41479e+2,2.87743e+0,1.50600e+2,0,0,0,02.87593e+5