"Content:","Emissions by country and main source category" 
"Compound:","CH4"
"Year: ","1973"
"Unit:","Gg CH4"
"Source:","European Commission, Joint Research Centre (JRC)/PBL Netherlands Environmental Assessment Agency. Emission Database for Global Atmospheric Research (EDGAR), release version 4.2. http://edgar.jrc.ec.europe.eu, 2010" 
"Dataset:","v4.2_EM_CH4_300911(edgar)"
"Date calculated:","November 30, 1999, 12:00 am"

,,,"Public electricity and heat production","Other Energy Industries","Manufacturing Industries and Construction","Domestic aviation","Road transportation","Rail transportation","Inland navigation","Other transportation","Residential and other sectors","Fugitive emissions from solid fuels","Fugitive emissions from oil and gas","Memo: International aviation","Memo: International navigation","Cement production","Lime production","Production of other minerals","Production of chemicals","Production of metals","Production of pulp/paper/food/drink","Production of halocarbons and SF6","Refrigeration and Air Conditioning","Foam Blowing","Fire Extinguishers","Aerosols","F-gas as Solvent","Semiconductor/Electronics Manufacture","Electrical Equipment","Other F-gas use","Non-energy use of lubricants/waxes (CO2)","Solvent and other product use: paint","Solvent and other product use: degrease","Solvent and other product use: chemicals","Solvent and other product use: other","Enteric fermentation","Manure management","Rice cultivation","Direct soil emissions","Manure in pasture/range/paddock","Indirect N2O from agriculture","Other direct soil emissions","Savanna burning","Agricultural waste burning","Forest fires","Grassland fires","Peat fires and decay of drained peatland","Other vegetation fires","Other biomass burning","Forest Fires-Post burn decay","Forest Land: net carbon stock change","Solid waste disposal on land","Wastewater handling","Waste incineration","Other waste handling","Fossil fuel fires","Indirect N2O from non-agricultural NOx","Indirect N2O from non-agricultural NH3","Other sources",

"World Region","ISO_A3","Country","1A1a","1A1bc","1A2","1A3a","1A3b","1A3c","1A3d","1A3e","1A4","1B1","1B2","1C1","1C2","2A1","2A2","2A7","2B","2C","2D","2E","2F1","2F2","2F3","2F4","2F5","2F7","2F8","2F9","2G","3A","3B","3C","3D","4A","4B","4C","4D1","4D2","4D3","4D4","4E","4F","5A","5C","5D","5F","5F1","5F2","5FL","6A","6B","6C","6D","7A","7B","7C","7D","TOTAL" 
"Canada","CAN","Canada",7.80934e-1,1.24244e+0,1.05983e+1,5.13929e-2,4.01536e+1,3.88336e-1,4.94127e-1,0,4.94590e+1,5.90920e+1,1.22897e+3,0,0,0,0,0,4.63614e+0,1.90744e+0,0,0,0,0,0,0,0,0,0,0,0,0,0,0,0,6.96226e+2,2.20948e+2,0,0,0,0,0,0,5.33444e+0,3.83755e+1,3.20952e+1,0,0,0,0,0,6.48222e+2,1.61287e+2,6.57604e+0,0,0,0,0,0,3.20683e+3
"USA","SPM","Saint Pierre and Miquelon",0,0,0,0,0,0,0,0,0,0,0,0,0,0,0,0,0,0,0,0,0,0,0,0,0,0,0,0,0,0,0,0,0,4.28630e-4,3.41244e-5,0,0,0,0,0,0,0,0,0,0,0,0,0,0,2.85707e-2,9.60276e-3,6.76624e-4,0,0,0,0,0,3.93128e-2
"USA","UMI","United States Minor Outlying Islands",0,0,0,0,0,0,0,0,0,0,0,0,0,0,0,0,0,0,0,0,0,0,0,0,0,0,0,0,0,0,0,0,0,0,0,0,0,0,0,0,0,0,0,0,0,0,0,0,0,0,0,0,0,0,0,0,0,0,
"USA","USA","United States",1.20095e+1,9.90544e+0,6.88803e+1,9.80925e-1,4.75723e+2,2.60281e+0,9.16447e-1,7.05141e-1,3.69601e+2,3.43537e+3,7.31258e+3,0,0,0,0,0,1.60867e+1,4.39852e+0,0,0,0,0,0,0,0,0,0,0,0,0,0,0,0,6.71964e+3,1.88130e+3,4.10707e+2,0,0,0,0,2.14224e-1,3.98614e+1,1.97045e+1,6.89184e+0,0,0,0,0,0,6.66444e+3,5.95038e+2,0,0,1.50000e+1,0,0,0,2.80626e+4
"Mexico","MEX","Mexico",1.47472e-1,5.07708e-1,2.95387e+0,0,8.92436e+0,0,0,4.49787e-1,6.27174e+1,4.42191e+1,6.62733e+2,0,0,0,0,0,4.71220e-1,2.06474e+0,0,0,0,0,0,0,0,0,0,0,0,0,0,0,0,1.53874e+3,1.11274e+2,2.97948e+1,0,0,0,0,1.66464e+1,2.16251e+1,4.25954e+1,9.34848e-2,0,0,0,0,0,1.15434e+2,2.93171e+2,0,0,0,0,0,0,2.95456e+3
"Rest Central America","ABW","Aruba",1.52628e-3,0,7.46193e-3,0,0,0,0,0,3.23000e-4,1.10827e-2,0,0,0,0,0,0,0,0,0,0,0,0,0,0,0,0,0,0,0,0,0,0,0,3.39370e-2,4.18740e-3,0,0,0,0,0,0,0,0,0,0,0,0,0,0,1.79064e-1,2.79325e-1,0,0,0,0,0,0,5.16907e-1
"Rest Central America","AIA","Anguilla",1.79550e-4,0,8.77890e-4,0,0,0,0,0,3.80000e-5,3.47318e-1,0,0,0,0,0,0,0,0,0,0,0,0,0,0,0,0,0,0,0,0,0,0,0,0,0,0,0,0,0,0,0,0,0,0,0,0,0,0,0,5.54005e-3,2.29559e-2,0,0,0,0,0,0,3.76909e-1
"Rest Central America","ANT","Netherlands Antilles",0,1.68504e-1,1.97450e-1,1.21417e-3,1.59226e-1,0,0,0,3.34944e-2,2.12990e-2,1.16112e+1,0,0,0,0,0,0,0,0,0,0,0,0,0,0,0,0,0,0,0,0,0,0,3.55451e-1,1.43800e-2,0,0,0,0,0,0,0,0,0,0,0,0,0,0,9.91036e-1,7.07900e-1,0,0,0,0,0,0,1.42612e+1
"Rest Central America","ATG","Antigua and Barbuda",2.46694e-3,0,7.91936e-3,0,2.48539e-3,0,0,0,7.19325e-2,0,1.32117e-1,0,0,0,0,0,0,0,0,0,0,0,0,0,0,0,0,0,0,0,0,0,0,5.81991e-1,1.56290e-2,0,0,0,0,0,0,3.25359e-2,0,0,0,0,0,0,0,1.57337e-1,2.56346e-1,0,0,0,0,0,0,1.26076e+0
"Rest Central America","BHS","Bahamas",8.47661e-3,0,2.69137e-2,0,2.37186e-2,0,0,0,3.36134e-1,6.93120e-3,1.30217e+0,0,0,0,0,0,0,0,0,0,0,0,0,0,0,0,0,0,0,0,0,0,0,3.48887e-1,2.70650e-2,0,0,0,0,0,0,1.08101e-2,0,0,0,0,0,0,0,2.28035e+0,7.45405e-1,0,0,0,0,0,0,5.11686e+0
"Rest Central America","BLZ","Belize",4.26707e-3,0,1.79464e-2,0,3.57586e-3,0,0,0,6.01772e-1,4.77242e-2,7.57492e-2,0,0,0,0,0,0,0,0,0,0,0,0,0,0,0,0,0,0,0,0,0,0,2.23035e+0,7.81990e-2,6.41582e-1,0,0,0,0,4.92432e-1,2.33401e-1,0,0,0,0,0,0,0,3.92990e-1,6.67965e-1,0,0,0,0,0,0,5.48795e+0
"Rest Central America","BMU","Bermuda",2.37610e-3,0,7.06835e-3,0,2.71562e-3,0,0,0,4.43819e-2,0,1.79274e-1,0,0,0,0,0,0,0,0,0,0,0,0,0,0,0,0,0,0,0,0,0,0,7.26710e-2,2.86409e-3,0,0,0,0,0,0,4.16219e-5,0,0,0,0,0,0,0,4.82417e-1,2.45999e-1,0,0,0,0,0,0,1.03981e+0
"Rest Central America","BRB","Barbados",7.49507e-3,0,3.11572e-2,0,5.42769e-3,0,0,0,4.13605e-2,2.94937e-2,5.14988e-1,0,0,0,0,0,0,0,0,0,0,0,0,0,0,0,0,0,0,0,0,0,0,1.50458e+0,7.20700e-2,0,0,0,0,0,0,3.07626e-1,0,0,0,0,0,0,0,9.77663e-1,1.43364e+0,0,0,0,0,0,0,4.92550e+0
"Rest Central America","CRI","Costa Rica",6.07919e-3,3.38121e-3,1.98706e-1,0,1.29172e-1,0,0,1.82126e-2,5.35763e+0,1.06495e+0,1.06880e-1,0,0,0,0,0,0,0,0,0,0,0,0,0,0,0,0,0,0,0,0,0,0,1.10460e+2,2.48993e+0,1.30104e+1,0,0,0,0,9.02544e-1,8.83307e-1,0,0,0,0,0,0,0,1.89747e+0,8.85832e+0,0,0,0,0,0,0,1.45387e+2
"Rest Central America","CUB","Cuba",7.67880e-1,6.57682e-3,3.11317e+0,0,8.22260e-1,0,8.32335e-2,6.20484e-2,2.87890e+1,8.20012e+0,2.11125e+0,0,0,0,0,0,0,0,0,0,0,0,0,0,0,0,0,0,0,0,0,0,0,3.10887e+2,9.43944e+0,1.21797e+2,0,0,0,0,6.54672e+0,1.53249e+1,1.43310e+0,0,0,0,0,0,0,2.72984e+1,5.20983e+1,0,0,0,0,0,0,5.88781e+2
"Rest Central America","CYM","Cayman Islands",6.42880e-4,0,2.18419e-3,0,7.09382e-4,0,0,0,9.68720e-3,0,3.30373e-2,0,0,0,0,0,0,0,0,0,0,0,0,0,0,0,0,0,0,0,0,0,0,2.23174e-1,8.52493e-3,0,0,0,0,0,0,5.17665e-6,0,0,0,0,0,0,0,3.05777e-1,5.30762e-2,0,0,0,0,0,0,6.36818e-1
"Rest Central America","DMA","Dominica",1.92560e-3,0,9.26888e-3,0,3.97710e-4,0,0,0,2.93837e-3,2.55588e-2,9.00037e-3,0,0,0,0,0,0,0,0,0,0,0,0,0,0,0,0,0,0,0,0,0,0,3.05661e-1,1.37575e-2,0,0,0,0,0,0,1.75964e-3,0,0,0,0,0,0,0,1.90223e-1,3.43863e-1,0,0,0,0,0,0,9.04354e-1
"Rest Central America","DOM","Dominican Republic",6.87366e-2,0,6.81150e-1,0,4.14598e-1,0,0,1.00483e-3,1.01086e+1,1.62937e+1,3.47970e-1,0,0,0,0,0,0,0,0,0,0,0,0,0,0,0,0,0,0,0,0,0,0,9.41960e+1,3.03938e+0,3.39346e+1,0,0,0,0,8.23248e-1,3.23217e+0,6.52535e-1,0,0,0,0,0,0,9.41565e+0,2.48297e+1,1.55626e-1,0,0,0,0,0,1.98195e+2
"Rest Central America","GLP","Guadeloupe",8.61567e-3,0,4.08109e-2,0,4.71382e-3,0,0,0,6.70790e-1,1.35447e-1,1.63845e-1,0,0,0,0,0,0,0,0,0,0,0,0,0,0,0,0,0,0,0,0,0,0,4.32800e+0,1.09292e-1,0,0,0,0,0,0,3.93963e-1,0,0,0,0,0,0,0,1.68323e+0,1.96591e+0,0,0,0,0,0,0,9.50461e+0
"Rest Central America","GRD","Grenada",2.36232e-3,0,1.12183e-2,0,4.25275e-4,0,0,0,4.82628e-3,1.06423e-1,1.55993e-2,0,0,0,0,0,0,0,0,0,0,0,0,0,0,0,0,0,0,0,0,0,0,4.33476e-1,1.43352e-2,0,0,0,0,0,0,3.35803e-3,0,0,0,0,0,0,0,1.50695e-1,4.33479e-1,0,0,0,0,0,0,1.17620e+0
"Rest Central America","GTM","Guatemala",2.68677e-2,3.00521e-3,5.27787e-1,0,2.32760e-1,0,0,0,1.81503e+1,7.02867e+0,2.59460e-1,0,0,0,0,0,0,0,0,0,0,0,0,0,0,0,0,0,0,0,0,0,0,1.01503e+2,3.11853e+0,2.46304e+0,0,0,0,0,3.82632e+0,1.85827e+0,4.63692e+0,0,0,0,0,0,0,4.82767e+0,2.52132e+1,0,0,0,0,0,0,1.73676e+2
"Rest Central America","HND","Honduras",4.39614e-3,2.47021e-3,1.78148e-1,0,9.61397e-2,0,0,0,1.11483e+1,6.38970e-1,1.62630e-1,0,0,0,0,0,0,0,0,0,0,0,0,0,0,0,0,0,0,0,0,0,0,8.82028e+1,2.87199e+0,2.68153e+0,0,0,0,0,5.08200e+0,7.68899e-1,4.83140e+0,0,0,0,0,0,0,1.34617e+0,1.21727e+1,0,0,0,0,0,0,1.30189e+2
"Rest Central America","HTI","Haiti",2.88889e-3,0,1.59643e-1,0,2.40076e-2,0,0,3.64251e-3,1.29641e+1,2.56653e+1,0,0,0,0,0,0,0,0,0,0,0,0,0,0,0,0,0,0,0,0,0,0,0,6.89151e+1,3.82460e+0,7.74665e+0,0,0,0,0,0,1.43368e+0,0,0,0,0,0,0,0,5.29685e+0,2.25244e+1,0,0,0,0,0,0,1.48561e+2
"Rest Central America","JAM","Jamaica",2.48048e-1,4.46614e-3,1.44947e-1,8.37360e-5,2.31154e-1,2.20665e-2,0,0,1.89859e+0,1.81041e+0,4.92745e-1,0,0,0,0,0,0,0,0,0,0,0,0,0,0,0,0,0,0,0,0,0,0,1.80900e+1,6.45583e-1,2.78085e-2,0,0,0,0,0,1.10147e+0,0,0,0,0,0,0,0,5.35673e+0,9.74715e+0,0,0,0,0,0,0,3.98212e+1
"Rest Central America","KNA","Saint Kitts and Nevis",1.19906e-3,0,5.38773e-3,0,5.40889e-4,0,0,0,1.00438e-1,0,1.69961e-2,0,0,0,0,0,0,0,0,0,0,0,0,0,0,0,0,0,0,0,0,0,0,4.16264e-1,1.02250e-2,0,0,0,0,0,0,6.36716e-2,0,0,0,0,0,0,0,2.54475e-1,3.17514e-1,0,0,0,0,0,0,1.18671e+0
"Rest Central America","LCA","Saint Lucia",3.22926e-3,0,1.47405e-2,0,1.80252e-3,0,0,0,2.23993e-2,3.32120e-2,3.78291e-2,0,0,0,0,0,0,0,0,0,0,0,0,0,0,0,0,0,0,0,0,0,0,5.96044e-1,2.10886e-2,0,0,0,0,0,0,6.32986e-3,0,0,0,0,0,0,0,9.34433e-2,4.90721e-1,0,0,0,0,0,0,1.32084e+0
"Rest Central America","MSR","Montserrat",3.31846e-4,0,1.48738e-3,0,3.29431e-4,0,0,0,1.87874e-3,0,5.67843e-3,0,0,0,0,0,0,0,0,0,0,0,0,0,0,0,0,0,0,0,0,0,0,4.74977e-1,1.20400e-2,0,0,0,0,0,0,3.29522e-5,0,0,0,0,0,0,0,6.59445e-3,5.13628e-2,0,0,0,0,0,0,5.54713e-1
"Rest Central America","MTQ","Martinique",9.75760e-3,0,4.07618e-2,0,4.99777e-3,0,0,0,7.82261e-2,1.43786e-1,2.13771e-1,0,0,0,0,0,0,0,0,0,0,0,0,0,0,0,0,0,0,0,0,0,0,2.95797e+0,1.00990e-1,0,0,0,0,0,0,1.24976e-1,0,0,0,0,0,0,0,2.45451e+0,1.77914e+0,0,0,0,0,0,0,7.90889e+0
"Rest Central America","NIC","Nicaragua",1.44339e-2,1.32214e-3,2.10271e-1,1.88406e-4,1.39887e-1,0,2.05153e-3,0,7.08172e+0,1.38444e+0,1.56096e-1,0,0,0,0,0,0,0,0,0,0,0,0,0,0,0,0,0,0,0,0,0,0,1.44165e+2,3.80575e+0,4.96580e+0,0,0,0,0,5.17248e+0,7.94958e-1,0,0,0,0,0,0,0,9.81700e+0,1.14851e+1,0,0,0,0,0,0,1.89197e+2
"Rest Central America","PAN","Panama",5.54810e-3,6.39343e-3,7.21386e-2,0,3.10323e-1,0,0,8.66667e-3,4.45756e+0,1.06495e-1,1.00813e+0,0,0,0,0,0,0,0,0,0,0,0,0,0,0,0,0,0,0,0,0,0,0,8.01436e+1,1.81106e+0,2.08563e+1,0,0,0,0,8.91192e-1,6.47610e-1,0,0,0,0,0,0,0,3.52685e+0,7.38511e+0,0,0,0,0,0,0,1.21237e+2
"Rest Central America","PRI","Puerto Rico",0,0,0,0,0,0,0,0,0,0,0,0,0,0,0,0,0,0,0,0,0,0,0,0,0,0,0,0,0,0,0,0,0,3.31219e+1,9.04398e-1,1.39043e-1,0,0,0,0,0,9.78856e-1,1.08963e-1,0,0,0,0,0,0,1.46146e+1,1.39738e+1,0,0,0,0,0,0,6.38415e+1
"Rest Central America","SLV","El Salvador",8.55537e-3,1.56292e-3,1.79184e-1,0,1.34206e-1,0,0,7.53624e-4,1.62002e+1,3.19485e-1,1.67884e-1,0,0,0,0,0,0,0,0,0,0,0,0,0,0,0,0,0,0,0,0,0,0,5.48345e+1,2.05422e+0,1.89098e+0,0,0,0,0,9.37752e-2,1.14673e+0,0,0,0,0,0,0,0,6.82474e+0,1.58541e+1,0,0,0,0,0,0,9.97109e+1
"Rest Central America","TCA","Turks and Caicos Islands",1.91730e-4,0,9.37350e-4,0,0,0,0,0,4.04000e-5,2.56310e-3,0,0,0,0,0,0,0,0,0,0,0,0,0,0,0,0,0,0,0,0,0,0,0,0,0,0,0,0,0,0,0,0,0,0,0,0,0,0,0,3.47235e-2,2.77367e-2,0,0,0,0,0,0,6.61928e-2
"Rest Central America","TTO","Trinidad and Tobago",7.31884e-2,8.69598e-2,6.15460e-3,0,3.15231e-1,0,0,0,9.68460e-1,1.39599e-1,6.30216e+1,0,0,0,0,0,4.30919e-1,0,0,0,0,0,0,0,0,0,0,0,0,0,0,0,0,4.66097e+0,1.89840e-1,8.71995e-1,0,0,0,0,0,6.02084e-1,0,0,0,0,0,0,0,5.17207e+0,6.59863e+0,0,0,0,0,0,0,8.31377e+1
"Rest Central America","VCT","Saint Vincent and the Grenadines",2.63846e-3,0,1.25225e-2,0,4.62327e-4,0,0,0,2.88752e-2,2.25625e-2,1.27586e-2,0,0,0,0,0,0,0,0,0,0,0,0,0,0,0,0,0,0,0,0,0,0,4.66865e-1,1.44375e-2,0,0,0,0,0,0,1.61395e-2,0,0,0,0,0,0,0,1.27754e-1,4.32926e-1,0,0,0,0,0,0,1.13794e+0
"Rest Central America","VGB","Virgin Islands_British",3.24412e-4,0,1.37691e-3,0,3.86796e-4,0,0,0,2.49254e-3,1.58840e-3,7.56651e-3,0,0,0,0,0,0,0,0,0,0,0,0,0,0,0,0,0,0,0,0,0,0,4.32134e-1,3.00722e-2,0,0,0,0,0,0,0,0,0,0,0,0,0,0,4.71856e-2,4.64969e-2,0,0,0,0,0,0,5.69624e-1
"Rest Central America","VIR","Virgin Islands_USA",0,0,0,0,0,0,0,0,0,0,0,0,0,0,0,0,0,0,0,0,0,0,0,0,0,0,0,0,0,0,0,0,0,5.78660e-2,1.08516e-2,0,0,0,0,0,0,6.93552e-2,0,0,0,0,0,0,0,4.58177e-1,3.30630e-1,0,0,0,0,0,0,9.26880e-1
"Brazil","BRA","Brazil",2.30822e-1,2.65273e-1,1.15158e+1,2.29646e-2,1.56221e+1,1.07333e-1,2.87508e-1,0,2.97743e+2,4.14527e+2,5.06985e+1,0,0,0,0,0,7.91493e-1,4.20287e+0,0,0,0,0,0,0,0,0,0,0,0,0,0,0,0,5.20187e+3,1.51490e+2,5.46360e+2,0,0,0,0,2.96880e+2,6.13274e+1,1.11881e+3,6.74328e-1,0,0,0,0,0,2.03897e+2,8.16902e+2,3.12094e+0,0,0,0,0,0,9.19735e+3
"Rest South America","ARG","Argentina",3.24734e-1,2.09647e-1,2.21109e+0,8.58293e-3,5.41879e+0,5.86152e-4,1.38625e-1,3.64251e-2,5.62024e+0,3.88687e+1,2.52695e+2,0,0,0,0,0,2.21862e-1,3.83291e-1,0,0,0,0,0,0,0,0,0,0,0,0,0,0,0,3.57387e+3,7.13136e+1,1.52152e+1,0,0,0,0,8.00112e+0,2.14815e+1,2.45779e+1,5.29392e+1,0,0,0,0,0,7.66283e+1,1.73229e+2,0,0,0,0,0,0,4.32339e+3
"Rest South America","BOL","Bolivia",1.46957e-2,9.58776e-3,1.17105e-1,7.11757e-4,2.77922e-1,0,0,0,3.85729e+0,7.45465e-1,8.58146e+1,0,0,0,0,0,0,0,0,0,0,0,0,0,0,0,0,0,0,0,0,0,0,1.95918e+2,6.15493e+0,9.27612e+0,0,0,0,0,8.63160e+1,1.14201e+0,1.87231e+2,0,0,0,0,0,0,5.11445e+0,2.09165e+1,0,0,0,0,0,0,6.02906e+2
"Rest South America","BVT","Bouvet Island",0,0,0,0,0,0,0,0,0,0,0,0,0,0,0,0,0,0,0,0,0,0,0,0,0,0,0,0,0,0,0,0,0,0,0,0,0,0,0,0,0,0,0,0,0,0,0,0,0,0,0,0,0,0,0,0,0,0,
"Rest South America","CHL","Chile",4.69912e-2,6.72606e-2,6.12286e-1,0,1.23963e+0,1.72685e-2,2.11015e-2,0,1.45206e+1,3.99827e+1,1.56325e+2,0,0,0,0,0,0,8.66818e-2,0,0,0,0,0,0,0,0,0,0,0,0,0,0,0,2.54716e+2,5.45816e+0,3.67470e+0,0,0,0,0,0,1.16138e+0,1.26974e+0,2.87952e+0,0,0,0,0,0,1.75114e+1,8.44386e+1,0,0,0,0,0,0,5.84029e+2
"Rest South America","COL","Colombia",4.44118e-2,1.22099e-1,4.56403e-1,0,2.40688e+0,1.11369e-3,0,2.77585e-2,4.19613e+1,3.52208e+1,1.07313e+2,0,0,0,0,0,1.29982e-2,2.33100e-2,0,0,0,0,0,0,0,0,0,0,0,0,0,0,0,1.26250e+3,3.01453e+1,1.10979e+2,0,0,0,0,1.42807e+1,6.65105e+0,6.49257e+1,0,0,0,0,0,0,2.66867e+1,1.10382e+2,0,0,0,0,0,0,1.81414e+3
"Rest South America","ECU","Ecuador",5.48897e-3,1.07113e-2,1.73459e-1,0,5.43754e-1,0,0,2.11014e-2,1.49527e+1,1.94386e+1,4.42524e+1,0,0,0,0,0,4.23000e-5,0,0,0,0,0,0,0,0,0,0,0,0,0,0,0,0,1.52903e+2,6.01189e+0,3.73336e+1,0,0,0,0,7.32024e-1,2.22504e+0,6.67604e-1,0,0,0,0,0,0,5.04938e+0,2.88904e+1,0,0,0,0,0,0,3.13211e+2
"Rest South America","FLK","Falkland Islands (Malvinas)",1.23744e-4,0,2.33985e-4,0,5.95229e-5,0,0,0,1.29324e-3,7.47270e-3,3.77128e-3,0,0,0,0,0,0,0,0,0,0,0,0,0,0,0,0,0,0,0,0,0,0,3.75210e+0,7.35593e-2,0,0,0,0,0,0,0,0,0,0,0,0,0,0,7.85641e-3,9.25678e-3,2.91829e-5,0,0,0,0,0,3.85576e+0
"Rest South America","GUF","French Guiana",1.99627e-3,0,8.57735e-3,0,1.68413e-3,0,0,0,1.06258e-1,1.06712e-1,1.18809e-1,0,0,0,0,0,0,0,0,0,0,0,0,0,0,0,0,0,0,0,0,0,0,1.09675e-1,1.01850e-2,1.98633e-2,0,0,0,0,0,2.43607e-3,4.22192e-1,0,0,0,0,0,0,3.23742e-1,2.52309e-1,1.24376e-3,0,0,0,0,0,1.48568e+0
"Rest South America","GUY","Guyana",2.13949e-2,0,9.51101e-2,0,1.02700e-2,0,0,0,3.04770e+0,2.02160e-3,4.62345e-1,0,0,0,0,0,0,0,0,0,0,0,0,0,0,0,0,0,0,0,0,0,0,1.38821e+1,6.54389e-1,4.06954e+1,0,0,0,0,1.92245e+0,1.17379e+0,1.09670e+1,0,0,0,0,0,0,9.21440e-1,3.61168e+0,3.40666e-3,0,0,0,0,0,7.74705e+1
"Rest South America","PER","Peru",1.16634e-1,5.48029e-2,6.23331e-1,6.90822e-4,1.50895e+0,0,4.45476e-2,0,3.62071e+1,2.09233e+1,5.99701e+1,0,0,0,0,0,3.00000e-4,1.85531e-1,0,0,0,0,0,0,0,0,0,0,0,0,0,0,0,3.00588e+2,9.54885e+0,5.55106e+1,0,0,0,0,5.60400e-1,4.07060e+0,2.37966e+1,0,0,0,0,0,0,1.88734e+1,7.32925e+1,0,0,0,0,0,0,6.05876e+2
"Rest South America","PRY","Paraguay",5.07440e-2,1.13043e-3,4.66745e-1,0,9.08494e-2,1.75846e-2,1.46538e-3,0,1.10196e+1,6.60269e+0,5.56677e-2,0,0,0,0,0,0,0,0,0,0,0,0,0,0,0,0,0,0,0,0,0,0,2.83135e+2,6.29067e+0,4.25073e+0,0,0,0,0,4.35216e+1,7.56652e-1,4.74197e+1,5.03832e+0,0,0,0,0,0,4.65422e+0,1.14539e+1,0,0,0,0,0,0,4.24827e+2
"Rest South America","SGS","South Georgia and the South Sandwich Islands",0,0,0,0,0,0,0,0,0,0,0,0,0,0,0,0,0,0,0,0,0,0,0,0,0,0,0,0,0,0,0,0,0,0,0,0,0,0,0,0,0,0,0,0,0,0,0,0,0,0,0,0,0,0,0,0,0,0,
"Rest South America","SUR","Suriname",1.37163e-2,0,4.47812e-2,0,1.23402e-2,0,0,0,4.88876e-1,8.56220e-1,6.69860e-1,0,0,0,0,0,0,0,0,0,0,0,0,0,0,0,0,0,0,0,0,0,0,1.64191e+0,1.47899e-1,2.32428e+1,0,0,0,0,0,1.71467e-1,8.46464e+0,0,0,0,0,0,0,9.37376e-1,1.82986e+0,3.41843e-3,0,0,0,0,0,3.85252e+1
"Rest South America","URY","Uruguay",8.05819e-3,2.52663e-3,1.31717e-1,4.81482e-4,2.78018e-1,0,0,9.79710e-3,4.30725e+0,1.06495e-1,4.58776e-1,0,0,0,0,0,0,9.84636e-4,0,0,0,0,0,0,0,0,0,0,0,0,0,0,0,6.66870e+2,1.34638e+1,1.76637e+1,0,0,0,0,0,9.38662e-1,0,0,0,0,0,0,0,1.14092e+1,1.44755e+1,0,0,0,0,0,0,7.30125e+2
"Rest South America","VEN","Venezuela",1.88814e-1,7.44453e-1,6.74283e-1,0,4.34534e+0,1.45952e-2,0,1.25604e-3,4.69364e+0,2.16094e+0,8.83206e+2,0,0,0,0,0,2.60332e-1,2.89506e-1,0,0,0,0,0,0,0,0,0,0,0,0,0,0,0,5.17887e+2,1.49708e+1,2.24454e+1,0,0,0,0,2.16576e+1,2.21758e+0,4.55661e+1,0,0,0,0,0,0,3.62420e+1,7.12727e+1,0,0,0,0,0,0,1.62884e+3
"Northern_Africa","DZA","Algeria",3.75579e-2,1.30575e-1,6.50209e-2,0,6.21573e-1,7.47133e-3,9.08536e-3,0,1.36322e+1,2.23127e+1,9.65175e+2,0,0,0,0,0,1.08678e-1,5.29900e-2,0,0,0,0,0,0,0,0,0,0,0,0,0,0,0,1.03230e+2,4.09089e+0,2.44520e-1,0,0,0,0,0,8.40451e-2,0,0,0,0,0,0,0,1.81893e+1,5.51565e+1,0,0,0,0,0,0,1.18315e+3
"Northern_Africa","EGY","Egypt",3.78571e-4,2.66410e-2,7.28587e-1,2.15620e-3,7.77550e-1,0,1.46538e-2,2.27343e-2,4.02969e+1,9.07630e+1,1.63683e+2,0,0,0,0,0,4.29000e-4,1.69091e-1,0,0,0,0,0,0,0,0,0,0,0,0,0,0,0,2.37464e+2,7.01498e+0,2.20259e+2,0,0,0,0,0,2.41317e-1,0,0,0,0,0,0,0,4.26693e+1,1.40476e+2,0,0,0,0,0,0,9.44610e+2
"Northern_Africa","ESH","Western Sahara",6.05802e-5,3.63508e-5,1.56090e-5,4.40045e-5,2.95808e-3,0,0,0,9.99791e-3,0,2.03747e-3,0,0,0,0,0,0,0,0,0,0,0,0,0,0,0,0,0,0,0,0,0,0,6.41330e+0,1.92735e-1,0,0,0,0,0,0,3.67470e-5,0,0,0,0,0,0,0,5.17065e-2,2.52997e-1,0,0,0,0,0,0,6.92593e+0
"Northern_Africa","LBY","Libyan Arab Jamahiriya",3.71358e-2,7.47122e-2,1.84638e-2,2.09339e-5,4.65112e-1,0,0,0,1.65332e+0,1.59616e+0,8.17848e+2,0,0,0,0,0,6.45150e-1,0,0,0,0,0,0,0,0,0,0,0,0,0,0,0,0,3.17455e+1,1.16907e+0,0,0,0,0,0,0,1.18261e-2,0,0,0,0,0,0,0,4.85397e+0,1.00545e+1,0,0,0,0,0,0,8.70173e+2
"Northern_Africa","MAR","Morocco",1.27069e-2,2.26087e-3,1.08564e-1,0,4.29584e-1,2.25878e-3,1.52400e-2,0,2.14653e+1,1.29388e+1,7.05737e+0,0,0,0,0,0,0,0,0,0,0,0,0,0,0,0,0,0,0,0,0,0,0,2.67664e+2,9.26964e+0,5.41150e-1,0,0,0,0,0,1.56699e-1,0,0,0,0,0,0,0,1.50106e+1,6.66285e+1,0,0,0,0,0,0,4.01302e+2
"Northern_Africa","TUN","Tunisia",5.04928e-3,3.16107e-3,4.45475e-2,0,1.47208e-1,3.30129e-3,9.37846e-3,0,5.19215e+0,7.66764e+0,1.48392e+1,0,0,0,0,0,0,1.43500e-2,0,0,0,0,0,0,0,0,0,0,0,0,0,0,0,7.61365e+1,2.80990e+0,0,0,0,0,0,0,5.10039e-2,0,0,0,0,0,0,0,7.46677e+0,2.21595e+1,0,0,0,0,0,0,1.36550e+2
"Western_Africa","BEN","Benin",7.53624e-4,0,3.76812e-4,0,6.32877e-2,0,0,0,1.75978e+1,1.03300e+1,0,0,0,0,0,0,0,0,0,0,0,0,0,0,0,0,0,0,0,0,0,0,0,2.87537e+1,1.64061e+0,9.01917e-1,0,0,0,0,3.18120e+1,2.37038e-1,7.18148e+1,0,0,0,0,0,0,8.91905e-1,1.32441e+1,0,0,0,0,0,0,1.77288e+2
"Western_Africa","BFA","Burkina Faso",6.60648e-5,3.23931e-5,1.66770e-5,2.24603e-4,2.36566e-2,0,0,0,2.59895e+1,2.17839e+1,5.60798e-3,0,0,0,0,0,0,0,0,0,0,0,0,0,0,0,0,0,0,0,0,0,0,9.28918e+1,3.81048e+0,7.79657e+0,0,0,0,0,2.99640e+1,5.09146e-1,0,0,0,0,0,0,0,7.20892e-1,2.27303e+1,0,0,0,0,0,0,2.06226e+2
"Western_Africa","CAF","Central African Republic",2.62524e-5,5.48910e-6,6.27300e-6,1.74917e-4,6.18493e-3,0,0,0,7.47461e+0,2.22632e+0,1.86657e-3,0,0,0,0,0,0,0,0,0,0,0,0,0,0,0,0,0,0,0,0,0,0,3.14236e+1,1.07110e+0,1.56533e+0,0,0,0,0,1.09529e+3,1.57092e-1,3.00975e+2,0,0,0,0,0,0,2.42621e+0,8.81842e+0,0,0,0,0,0,0,1.45144e+3
"Western_Africa","CIV","Cote d'Ivoire",6.69784e-3,2.23575e-3,2.85539e-2,0,2.38835e-1,2.25878e-3,9.37842e-3,0,2.47259e+1,3.14160e+1,4.58363e-1,0,0,0,0,0,0,0,0,0,0,0,0,0,0,0,0,0,0,0,0,0,0,2.50945e+1,1.16063e+0,1.64387e+1,0,0,0,0,1.77194e+1,5.51060e-1,2.44603e+2,0,0,0,0,0,0,6.80179e+0,2.36710e+1,0,0,0,0,0,0,3.92928e+2
"Western_Africa","CMR","Cameroon",1.63285e-3,0,2.76329e-3,0,1.81963e-1,0,0,0,2.41926e+1,5.43124e+0,1.22500e-1,0,0,0,0,0,0,0,0,0,0,0,0,0,0,0,0,0,0,0,0,0,0,1.00189e+2,3.77421e+0,3.78805e+0,0,0,0,0,1.15579e+2,4.87633e-1,1.18483e+2,0,0,0,0,0,0,5.38866e+0,3.14743e+1,0,0,0,0,0,0,4.09096e+2
"Western_Africa","COD","Congo_the Democratic Republic of the",0,1.75845e-3,6.77844e-2,0,1.90623e-1,0,0,0,9.15153e+1,7.11468e+0,4.71769e-1,0,0,0,0,0,0,0,0,0,0,0,0,0,0,0,0,0,0,0,0,0,0,2.09423e+0,1.09004e-1,5.17099e+1,0,0,0,0,7.65864e+2,2.29827e+0,1.95112e+3,0,0,0,0,0,0,2.89282e+1,9.30009e+1,0,0,0,0,0,0,2.99449e+3
"Western_Africa","COG","Congo",1.59098e-3,0,5.27538e-3,4.81481e-4,5.19466e-2,0,0,0,3.34349e+0,1.28859e+1,6.92671e+1,0,0,0,0,0,0,0,0,0,0,0,0,0,0,0,0,0,0,0,0,0,0,5.50994e+1,2.47790e+0,1.00213e+0,0,0,0,0,1.68499e+1,1.48746e-1,8.17700e+1,0,0,0,0,0,0,1.28702e+0,5.80967e+0,0,0,0,0,0,0,2.50001e+2
"Western_Africa","CPV","Cape Verde",1.02825e-4,4.77660e-6,2.37750e-5,1.56144e-4,1.14452e-2,0,0,0,1.47341e-2,9.09720e-3,3.91108e-3,0,0,0,0,0,0,0,0,0,0,0,0,0,0,0,0,0,0,0,0,0,0,7.86744e-1,1.26614e-1,0,0,0,0,0,0,1.62794e-3,0,0,0,0,0,0,0,1.67568e-1,1.06695e+0,0,0,0,0,0,0,2.18898e+0
"Western_Africa","GAB","Gabon",4.52175e-3,0,1.63285e-2,0,1.45612e-2,0,0,0,1.33406e+0,4.83704e-1,8.77120e+1,0,0,0,0,0,0,0,0,0,0,0,0,0,0,0,0,0,0,0,0,0,0,7.17336e-1,1.45611e-1,9.01917e-2,0,0,0,0,3.87624e-1,1.79431e-2,6.68052e+0,0,0,0,0,0,0,1.04969e+0,2.85798e+0,0,0,0,0,0,0,1.01512e+2
"Western_Africa","GHA","Ghana",1.50725e-3,1.08857e-3,2.59373e-1,0,3.52718e-1,2.60628e-3,3.80999e-3,0,3.11197e+1,1.72522e+1,2.70976e-1,0,0,0,0,0,0,0,0,0,0,0,0,0,0,0,0,0,0,0,0,0,0,4.46526e+1,2.20924e+0,1.32281e+1,0,0,0,0,8.06568e+1,4.86533e-1,2.40054e+1,0,0,0,0,0,0,1.01273e+1,4.00576e+1,0,0,0,0,0,0,2.64687e+2
"Western_Africa","GIN","Guinea",1.71633e-4,4.76238e-4,3.83790e-5,4.35746e-4,4.59797e-2,0,0,0,3.07067e+1,1.21237e+1,1.04637e-2,0,0,0,0,0,0,0,0,0,0,0,0,0,0,0,0,0,0,0,0,0,0,4.66316e+1,1.64439e+0,8.86100e+1,0,0,0,0,6.89760e+1,5.11555e-1,9.02972e+1,0,0,0,0,0,0,2.15328e+0,1.76118e+1,0,0,0,0,0,0,3.59324e+2
"Western_Africa","GMB","Gambia",5.18100e-5,1.41170e-6,1.19310e-5,8.04830e-5,1.60080e-2,0,0,0,1.01997e+0,1.68038e+0,2.08276e-3,0,0,0,0,0,0,0,0,0,0,0,0,0,0,0,0,0,0,0,0,0,0,1.03613e+1,3.75950e-1,3.76801e+0,0,0,0,0,3.62688e+0,2.93985e-2,0,0,0,0,0,0,0,2.88435e-1,1.85036e+0,0,0,0,0,0,0,2.30189e+1
"Western_Africa","GNB","Guinea-Bissau",1.68330e-5,1.67732e-5,4.65600e-6,3.49230e-5,3.96689e-3,0,0,0,1.41588e+0,1.21332e-1,1.11843e-3,0,0,0,0,0,0,0,0,0,0,0,0,0,0,0,0,0,0,0,0,0,0,9.25115e+0,4.98430e-1,7.01491e+0,0,0,0,0,6.38256e+0,4.85659e-2,0,0,0,0,0,0,0,2.84252e-1,2.74910e+0,0,0,0,0,0,0,2.77713e+1
"Western_Africa","GNQ","Equatorial Guinea",1.24434e-5,0,5.78700e-6,5.51265e-5,2.56510e-3,0,0,0,1.30630e+0,2.64216e-1,3.71744e-1,0,0,0,0,0,0,0,0,0,0,0,0,0,0,0,0,0,0,0,0,0,0,2.96115e-1,1.59600e-2,0,0,0,0,0,0,6.32362e-3,0,0,0,0,0,0,0,2.74710e-1,1.17414e+0,0,0,0,0,0,0,3.71214e+0
"Western_Africa","LBR","Liberia",6.28938e-4,7.43985e-4,1.10304e-4,6.82303e-4,9.96244e-2,0,0,0,6.41937e+0,4.54041e+0,2.43325e-2,0,0,0,0,0,0,0,0,0,0,0,0,0,0,0,0,0,0,0,0,0,0,2.76464e+0,2.12185e-1,3.77614e+0,0,0,0,0,8.72664e-1,2.00963e-1,7.28824e-2,0,0,0,0,0,0,1.15659e+0,6.05418e+0,0,0,0,0,0,0,2.61961e+1
"Western_Africa","MLI","Mali",1.18211e-4,1.80861e-5,2.79330e-5,2.07222e-4,4.40773e-2,0,0,0,1.10773e+1,4.14829e+0,5.65886e-3,0,0,0,0,0,0,0,0,0,0,0,0,0,0,0,0,0,0,0,0,0,0,1.96601e+2,7.44310e+0,3.70788e+1,0,0,0,0,4.47624e+1,3.77001e-1,2.85580e+1,0,0,0,0,0,0,1.52665e+0,2.37471e+1,0,0,0,0,0,0,3.55369e+2
"Western_Africa","MRT","Mauritania",1.19586e-4,2.70000e-4,1.44743e-4,2.55732e-4,3.98850e-2,0,0,0,3.08930e+0,4.13785e+0,7.87775e-3,0,0,0,0,0,0,0,0,0,0,0,0,0,0,0,0,0,0,0,0,0,0,1.13428e+2,4.93285e+0,1.63347e-1,0,0,0,0,6.63072e-3,4.94283e-2,0,0,0,0,0,0,0,3.62325e-1,5.85119e+0,0,0,0,0,0,0,1.32069e+2
"Western_Africa","NER","Niger",3.74016e-4,4.18290e-5,4.53046e-4,9.82964e-5,2.52174e-2,0,0,0,1.21407e+1,1.47138e+1,7.47588e-3,0,0,0,0,0,0,0,0,0,0,0,0,0,0,0,0,0,0,0,0,0,0,1.24071e+2,5.39112e+0,3.56758e+0,0,0,0,0,9.61776e-1,3.66425e-1,0,0,0,0,0,0,0,8.25515e-1,1.92005e+1,0,0,0,0,0,0,1.81272e+2
"Western_Africa","NGA","Nigeria",2.53024e-2,2.90809e-2,7.83768e-2,0,8.00352e-1,1.04063e-2,1.67053e-2,0,1.42965e+2,4.79531e+1,1.34215e+3,0,0,0,0,0,0,0,0,0,0,0,0,0,0,0,0,0,0,0,0,0,0,5.28133e+2,1.55787e+1,7.48705e+1,0,0,0,0,1.07318e+2,4.32214e+0,1.57930e+1,0,0,0,0,0,0,1.81595e+1,2.19699e+2,0,0,0,0,0,0,2.51790e+3
"Western_Africa","SEN","Senegal",0,9.48094e-4,1.43838e-2,0,9.79773e-2,1.04251e-3,8.49920e-3,0,1.30416e+1,2.91796e+1,1.79610e-1,0,0,0,0,0,0,0,0,0,0,0,0,0,0,0,0,0,0,0,0,0,0,9.37980e+1,3.91834e+0,1.29475e+1,0,0,0,0,2.71848e+1,1.54301e-1,0,0,0,0,0,0,0,5.05587e+0,2.05888e+1,0,0,0,0,0,0,2.06171e+2
"Western_Africa","SHN","Saint Helena",6.20190e-6,9.54500e-7,2.30100e-6,1.33800e-6,0,4.98000e-8,1.75000e-7,0,7.14958e-5,0,0,0,0,0,0,0,0,0,0,0,0,0,0,0,0,0,0,0,0,0,0,0,0,5.08891e-2,4.94448e-3,0,0,0,0,0,0,0,0,0,0,0,0,0,0,3.66535e-3,2.27891e-2,0,0,0,0,0,0,8.23706e-2
"Western_Africa","SLE","Sierra Leone",2.75721e-4,2.60025e-4,4.63500e-5,2.37523e-4,1.64228e-2,0,0,0,1.85877e+1,1.22943e+1,9.28910e-3,0,0,0,0,0,0,0,0,0,0,0,0,0,0,0,0,0,0,0,0,0,0,1.06025e+1,4.56588e-1,4.49090e+1,0,0,0,0,1.61254e+1,3.92805e-1,8.66048e+0,0,0,0,0,0,0,1.58301e+0,1.23296e+1,0,0,0,0,0,0,1.25968e+2
"Western_Africa","STP","Sao Tome and Principe",1.54716e-5,0,3.54300e-6,1.23090e-5,1.59450e-3,0,0,0,5.86881e-3,3.05550e-1,4.29859e-4,0,0,0,0,0,0,0,0,0,0,0,0,0,0,0,0,0,0,0,0,0,0,1.15122e-1,1.51276e-2,0,0,0,0,0,0,2.80249e-3,0,0,0,0,0,0,0,8.80543e-2,3.24883e-1,0,0,0,0,0,0,8.59464e-1
"Western_Africa","TCD","Chad",7.50339e-5,0,1.71810e-5,4.31359e-5,6.37153e-3,0,0,0,1.27813e+1,1.58540e+1,3.71660e-3,0,0,0,0,0,0,0,0,0,0,0,0,0,0,0,0,0,0,0,0,0,0,1.88083e+2,7.32150e+0,1.10234e+1,0,0,0,0,1.36829e+2,2.83686e-1,0,0,0,0,0,0,0,9.49075e-1,1.66787e+1,0,0,0,0,0,0,3.89814e+2
"Western_Africa","TGO","Togo",2.76329e-3,0,0,0,3.67361e-2,0,0,0,1.38374e+1,1.36314e+1,0,0,0,0,0,0,0,0,0,0,0,0,0,0,0,0,0,0,0,0,0,0,0,1.36200e+1,8.54155e-1,1.91006e+0,0,0,0,0,3.20016e+1,9.65774e-2,1.39441e+1,0,0,0,0,0,0,8.62531e-1,8.61996e+0,0,0,0,0,0,0,9.94173e+1
"Eastern_Africa","BDI","Burundi",1.35648e-5,6.07810e-6,3.39300e-6,3.27785e-5,7.07407e-3,0,0,0,1.40629e+1,1.23097e+1,1.30977e-3,0,0,0,0,0,0,0,0,0,0,0,0,0,0,0,0,0,0,0,0,0,0,3.03015e+1,9.74035e-1,5.31129e-1,0,0,0,0,0,2.85384e-1,0,0,0,0,0,0,0,1.52673e-1,1.49598e+1,0,0,0,0,0,0,7.35855e+1
"Eastern_Africa","COM","Comoros",6.12090e-6,0,2.84700e-6,3.93059e-5,2.12601e-3,0,0,0,1.33037e-2,9.71776e-1,5.60074e-4,0,0,0,0,0,0,0,0,0,0,0,0,0,0,0,0,0,0,0,0,0,0,2.63176e+0,1.40945e-1,1.84392e+0,0,0,0,0,0,7.50954e-3,0,0,0,0,0,0,0,1.70950e-1,1.23201e+0,0,0,0,0,0,0,7.01491e+0
"Eastern_Africa","DJI","Djibouti",1.66174e-4,7.81314e-4,7.54380e-5,2.13495e-4,1.19610e-2,0,0,0,1.01350e-1,6.15541e-1,1.84690e-2,0,0,0,0,0,0,0,0,0,0,0,0,0,0,0,0,0,0,0,0,0,0,5.75657e+0,2.54928e-1,0,0,0,0,0,0,0,0,0,0,0,0,0,0,2.51198e-1,7.87445e-1,0,0,0,0,0,0,7.79870e+0
"Eastern_Africa","ERI","Eritrea",5.51680e-4,3.95842e-4,1.35514e-3,0,1.17599e-2,0,0,0,5.91239e+0,5.81048e+0,9.74624e-2,0,0,0,0,0,0,0,0,0,0,0,0,0,0,0,0,0,0,0,0,0,0,6.21271e+1,2.22223e+0,0,0,0,0,0,1.99464e+0,9.69954e-2,0,0,0,0,0,0,0,3.33416e-1,7.79428e+0,0,0,0,0,0,0,8.64031e+1
"Eastern_Africa","ETH","Ethiopia",3.85785e-3,1.48441e-4,9.94923e-3,0,1.08299e-1,0,0,0,9.28769e+1,7.56114e+0,6.76869e-2,0,0,0,0,0,0,0,0,0,0,0,0,0,0,0,0,0,0,0,0,0,0,1.08372e+3,4.27925e+1,0,0,0,0,0,2.13259e+2,4.83102e+0,0,0,0,0,0,0,0,4.08825e+0,1.24237e+2,0,0,0,0,0,0,1.57355e+3
"Eastern_Africa","KEN","Kenya",8.46060e-4,3.11727e-3,2.82609e-2,5.81965e-3,2.39263e-1,2.92574e-2,2.63769e-3,0,3.77842e+1,1.05004e+2,6.99385e-1,0,0,0,0,0,0,0,0,0,0,0,0,0,0,0,0,0,0,0,0,0,0,3.95644e+2,1.24057e+1,1.48516e+0,0,0,0,0,3.63888e+0,6.63174e-1,0,0,0,0,0,0,0,1.76242e+0,4.82359e+1,0,0,0,0,0,0,6.07632e+2
"Eastern_Africa","MDG","Madagascar",3.57127e-4,1.13884e-4,2.86902e-4,7.84528e-4,7.10695e-2,0,0,0,1.14767e+1,1.87984e+0,1.49867e-2,0,0,0,0,0,0,0,0,0,0,0,0,0,0,0,0,0,0,0,0,0,0,2.94361e+2,9.87135e+0,2.09294e+2,0,0,0,0,4.92792e+1,7.09161e-1,3.18662e+1,8.59776e-2,0,0,0,0,0,2.52596e+0,3.04367e+1,0,0,0,0,0,0,6.41874e+2
"Eastern_Africa","MUS","Mauritius",1.84116e-4,2.15010e-4,7.24090e-5,1.02987e-4,1.88814e-2,0,0,0,2.95403e-1,1.06495e-1,1.11254e-2,0,0,0,0,0,0,0,0,0,0,0,0,0,0,0,0,0,0,0,0,0,0,2.05788e+0,7.26270e-2,4.00852e-2,0,0,0,0,0,1.23715e-1,0,0,0,0,0,0,0,1.47598e+0,4.25518e+0,0,0,0,0,0,0,8.45795e+0
"Eastern_Africa","MYT","Mayotte",0,0,0,0,0,0,0,0,0,0,0,0,0,0,0,0,0,0,0,0,0,0,0,0,0,0,0,0,0,0,0,0,0,0,0,0,0,0,0,0,0,0,0,0,0,0,0,0,0,1.02188e-1,3.55811e-1,0,0,0,0,0,0,4.57999e-1
"Eastern_Africa","REU","Reunion",1.16054e-4,6.00267e-5,2.94480e-5,3.01045e-4,2.31479e-2,0,0,0,1.85051e-1,0,8.01053e-3,0,0,0,0,0,0,0,0,0,0,0,0,0,0,0,0,0,0,0,0,0,0,1.03977e+0,1.39907e-1,0,0,0,0,0,0,4.48258e-2,0,0,0,0,0,0,0,1.24496e+0,1.74942e+0,0,0,0,0,0,0,4.43559e+0
"Eastern_Africa","RWA","Rwanda",4.20792e-5,1.05583e-5,1.01400e-5,6.32480e-5,7.05292e-3,0,0,0,1.66628e+1,1.81125e+0,2.04811e-3,0,0,0,0,0,0,0,0,0,0,0,0,0,0,0,0,0,0,0,0,0,0,2.66808e+1,9.48240e-1,1.46912e-1,0,0,0,0,1.71377e+0,2.96346e-1,0,0,0,0,0,0,0,1.74741e-1,1.56768e+1,0,0,0,0,0,0,6.41209e+1
"Eastern_Africa","SDN","Sudan",4.41963e-4,2.51208e-4,6.34299e-2,0,2.26429e-1,0,0,0,4.44307e+1,1.42384e+2,9.77784e-1,0,0,0,0,0,0,0,0,0,0,0,0,0,0,0,0,0,0,0,0,0,0,7.88481e+2,2.61407e+1,1.09433e+0,0,0,0,0,5.62224e+2,8.06128e-1,0,0,0,0,0,0,0,9.83405e+0,6.61457e+1,0,0,0,0,0,0,1.64281e+3
"Eastern_Africa","SOM","Somalia",1.21202e-4,2.91328e-5,5.96820e-5,6.85648e-4,5.19214e-2,0,0,0,1.32319e+1,2.37347e+1,1.47532e-2,0,0,0,0,0,0,0,0,0,0,0,0,0,0,0,0,0,0,0,0,0,0,3.85617e+2,1.70454e+1,1.10234e-1,0,0,0,0,6.30720e-3,9.89501e-2,0,0,0,0,0,0,0,1.68537e+0,1.61045e+1,0,0,0,0,0,0,4.57702e+2
"Eastern_Africa","SYC","Seychelles",9.50196e-5,3.79506e-5,2.35740e-5,3.09999e-8,2.15194e-3,0,0,0,1.33633e-2,0,2.77257e-3,0,0,0,0,0,0,0,0,0,0,0,0,0,0,0,0,0,0,0,0,0,0,1.07246e-1,3.17419e-2,0,0,0,0,0,0,1.42531e-5,0,0,0,0,0,0,0,8.90666e-2,2.47515e-1,0,0,0,0,0,0,4.94028e-1
"Eastern_Africa","UGA","Uganda",1.96194e-4,5.36522e-5,4.74930e-5,2.84397e-4,4.26620e-2,0,0,0,7.18331e+1,3.30989e+1,9.40554e-3,0,0,0,0,0,0,0,0,0,0,0,0,0,0,0,0,0,0,0,0,0,0,1.85316e+2,5.39304e+0,1.96418e+0,0,0,0,0,1.00630e+2,1.39786e+0,0,0,0,0,0,0,0,1.23454e+0,3.70108e+1,0,0,0,0,0,0,4.37931e+2
"Southern_Africa","AGO","Angola",3.01450e-4,2.30274e-3,1.11788e-2,0,2.32421e-1,0,0,0,5.54175e+0,5.23955e+1,2.22367e+2,0,0,0,0,0,0,0,0,0,0,0,0,0,0,0,0,0,0,0,0,0,0,1.12345e+2,3.51410e+0,4.40938e+0,0,0,0,0,3.44976e+2,2.22509e-1,1.13324e+1,0,0,0,0,0,0,3.62215e+0,3.19675e+1,0,0,0,0,0,0,7.92939e+2
"Southern_Africa","BWA","Botswana",2.42240e-4,6.55800e-6,7.44646e-3,2.00365e-5,3.53098e-2,0,0,0,2.82937e+0,3.57840e+0,5.69527e-3,0,0,0,0,0,0,0,0,0,0,0,0,0,0,0,0,0,0,0,0,0,0,9.94690e+1,2.39573e+0,0,0,0,0,0,7.76232e+1,3.01215e-2,0,2.04398e+0,0,0,0,0,0,1.45519e-1,3.05500e+0,0,0,0,0,0,0,1.91219e+2
"Southern_Africa","LSO","Lesotho",2.84871e-5,2.00184e-5,7.47900e-6,1.63720e-4,1.24080e-2,0,0,0,5.42458e+0,4.24424e+0,1.88549e-3,0,0,0,0,0,0,0,0,0,0,0,0,0,0,0,0,0,0,0,0,0,0,3.17799e+1,7.19542e-1,0,0,0,0,0,0,4.73407e-2,0,1.30260e+0,0,0,0,0,0,1.31223e-1,4.60259e+0,0,0,0,0,0,0,4.82665e+1
"Southern_Africa","MOZ","Mozambique",0,2.85351e-3,1.46538e-1,0,1.61492e-1,0,0,0,3.25635e+1,3.95963e+1,2.09751e-1,0,0,0,0,0,0,0,0,0,0,0,0,0,0,0,0,0,0,0,0,0,0,5.32030e+1,1.97027e+0,1.50320e+1,0,0,0,0,1.88693e+2,1.19278e+0,2.36626e+1,3.39384e+0,0,0,0,0,0,1.35121e+0,4.04665e+1,0,0,0,0,0,0,4.01646e+2
"Southern_Africa","MWI","Malawi",1.34839e-4,1.41170e-6,1.32883e-3,1.86008e-4,3.72867e-2,0,0,0,1.35748e+1,1.79526e+1,5.63926e-3,0,0,0,0,0,0,0,0,0,0,0,0,0,0,0,0,0,0,0,0,0,0,2.43251e+1,1.00145e+0,8.01705e+0,0,0,0,0,3.63168e+1,9.50120e-1,0,0,0,0,0,0,0,4.85133e-1,2.06448e+1,0,0,0,0,0,0,1.23312e+2
"Southern_Africa","NAM","Namibia",3.77160e-4,0,1.45997e-4,0,1.02025e-1,0,0,0,1.21494e-1,1.88846e+0,0,0,0,0,0,0,0,0,0,0,0,0,0,0,0,0,0,0,0,0,0,0,0,1.49467e+2,3.60460e+0,0,0,0,0,0,1.99054e+1,4.40436e-2,0,0,0,0,0,0,0,7.53819e-1,2.85021e+0,0,0,0,0,0,0,1.78738e+2
"Southern_Africa","SWZ","Swaziland",6.27846e-5,6.68000e-7,3.53794e-3,7.43360e-5,2.01344e-2,0,0,0,1.99624e+0,1.40748e+0,3.79424e-3,0,0,0,0,0,0,0,0,0,0,0,0,0,0,0,0,0,0,0,0,0,0,3.00014e+1,6.95864e-1,2.66566e-1,0,0,0,0,0,5.06410e-2,0,0,0,0,0,0,0,1.62489e-1,1.15137e+1,0,0,0,0,0,0,4.61220e+1
"Southern_Africa","TZA","Tanzania_United Republic of",1.01739e-2,7.11756e-4,1.28116e-2,0,2.09015e-1,0,2.93076e-4,0,5.57977e+1,3.76992e+1,2.12150e-1,0,0,0,0,0,0,0,0,0,0,0,0,0,0,0,0,0,0,0,0,0,0,3.59030e+2,1.25978e+1,2.62558e+1,0,0,0,0,2.57064e+2,1.90663e+0,7.32156e+1,0,0,0,0,0,0,1.29302e+0,5.67748e+1,0,0,0,0,0,0,8.82079e+2
"Southern_Africa","ZAF","South Africa",6.42979e-1,7.29384e-2,4.87222e+0,4.06120e-3,4.60998e+0,2.29352e-1,0,0,5.77806e+1,3.87719e+2,4.88914e+0,0,0,0,0,0,5.32300e-2,9.14597e+0,0,0,0,0,0,0,0,0,0,0,0,0,0,0,0,7.59633e+2,1.93555e+1,2.60554e-1,0,0,0,0,1.05072e+1,1.65993e+0,4.28155e+0,9.48931e+1,0,0,0,0,0,9.31249e+1,1.36409e+2,0,0,0,0,0,0,1.59014e+3
"Southern_Africa","ZMB","Zambia",4.05282e-3,1.92593e-3,2.29244e-1,0,2.21769e-1,1.98873e-3,5.86152e-4,0,1.31630e+1,3.74476e+1,1.09826e-1,0,0,0,0,0,0,0,0,0,0,0,0,0,0,0,0,0,0,0,0,0,0,6.83009e+1,2.14898e+0,1.80384e-1,0,0,0,0,5.11224e+2,2.36785e-1,2.27936e+2,0,0,0,0,0,0,2.80551e+0,1.90397e+1,0,0,0,0,0,0,8.83052e+2
"Southern_Africa","ZWE","Zimbabwe",8.91047e-3,0,2.65820e-1,0,3.13481e-1,3.28141e-2,0,0,1.57893e+1,2.64525e+1,0,0,0,0,0,0,0,1.15928e+0,0,0,0,0,0,0,0,0,0,0,0,0,0,0,0,2.42474e+2,6.55929e+0,2.40511e-1,0,0,0,0,5.18808e+1,2.83752e-1,0,0,0,0,0,0,0,2.36083e+0,2.03013e+1,0,0,0,0,0,0,3.68123e+2
"OECD_Europe","AUT","Austria",1.38881e-1,4.59426e-2,4.62767e-1,2.51208e-4,4.23853e+0,2.70655e-2,6.15460e-3,7.95492e-4,2.93257e+1,2.38127e+1,3.19939e+1,0,0,0,0,0,6.10500e-2,3.33550e-1,0,0,0,0,0,0,0,0,0,0,0,0,0,0,0,1.73201e+2,5.53158e+1,0,0,0,0,0,0,5.16857e-1,0,1.37959e+0,0,0,0,0,0,7.49548e+1,3.71808e+1,2.83839e-3,0,0,0,0,0,4.32999e+2
"OECD_Europe","BEL","Belgium",2.27290e-1,4.77884e-2,1.65960e+0,0,4.75608e+0,2.75533e-2,5.86152e-2,0,5.67600e+1,1.60432e+2,4.62144e+1,0,0,0,0,0,1.08000e-4,2.14783e+0,0,0,0,0,0,0,0,0,0,0,0,0,0,0,0,1.99341e+2,6.29433e+1,0,0,0,0,0,0,5.14105e-1,0,3.09912e-1,0,0,0,0,0,5.21809e+1,7.11597e+1,6.07959e+0,0,0,0,0,0,6.64860e+2
"OECD_Europe","CHE","Switzerland",1.76792e-3,1.30172e-2,4.03732e-1,1.25604e-4,4.59118e+0,3.64880e-3,1.37746e-2,0,9.72497e+0,1.59022e-1,8.20661e+0,0,0,0,0,0,8.45927e-2,1.38710e-2,0,0,0,0,0,0,0,0,0,0,0,0,0,0,0,1.37888e+2,4.06192e+1,0,0,0,0,0,0,1.13104e-1,3.13205e+0,0,0,0,0,0,0,2.52182e+1,1.07965e+1,1.01899e-5,1.38640e-3,0,0,0,0,2.40985e+2
"OECD_Europe","DEU","Germany",4.24686e+0,8.14056e-1,1.08883e+1,7.32689e-4,3.76274e+1,3.97583e-1,3.24435e-1,0,2.46055e+2,1.89023e+3,2.08882e+2,0,0,0,0,0,5.06980e+0,6.75979e+0,0,0,0,0,0,0,0,0,0,0,0,0,0,0,0,1.40120e+3,4.68063e+2,0,0,0,0,0,0,4.29941e+0,0,1.92775e+0,0,0,0,0,0,1.38264e+3,2.18784e+2,0,0,0,0,0,0,5.88822e+3
"OECD_Europe","DNK","Denmark",2.88442e-1,2.09340e-4,4.83990e-1,0,2.83269e+0,1.87652e-2,1.44779e-1,0,4.92161e+0,7.25535e-3,9.74291e-1,0,0,0,0,0,0,0,0,0,0,0,0,0,0,0,0,0,0,0,0,0,0,2.03198e+2,9.24385e+1,0,0,0,0,0,0,8.08343e-1,0,0,0,0,0,0,0,6.11780e+1,1.05006e+1,0,0,0,0,0,0,3.77795e+2
"OECD_Europe","ESP","Spain",1.19004e-1,1.16162e-1,2.18268e+0,1.91546e-2,8.22300e+0,6.70621e-2,6.48577e-1,5.02416e-4,8.47009e+1,1.38399e+2,1.12289e+1,0,0,0,0,0,3.94321e-1,1.45277e+0,0,0,0,0,0,0,0,0,0,0,0,0,0,0,0,4.68066e+2,1.80375e+2,2.33553e+1,0,0,0,0,0,2.04440e+0,0,2.29776e+1,0,0,0,0,0,1.82069e+2,1.10135e+2,1.09422e+0,0,0,0,0,0,1.23767e+3
"OECD_Europe","FIN","Finland",3.92800e-2,2.25669e-2,5.78903e-1,1.44445e-3,2.29538e+0,1.87652e-2,2.78421e-2,0,6.98974e+1,2.58494e+0,1.26544e+0,0,0,0,0,0,8.29735e-2,7.41438e-1,0,0,0,0,0,0,0,0,0,0,0,0,0,0,0,1.22418e+2,3.43147e+1,0,0,0,0,0,0,3.89151e-1,5.55120e-1,7.57272e-2,0,0,0,0,0,9.94063e+1,1.42930e+2,0,0,0,0,0,0,4.77645e+2
"OECD_Europe","FRA","France",1.55601e+0,3.91858e-1,6.10896e+0,1.06763e-3,2.83874e+1,1.25041e-1,2.03688e-1,0,2.67137e+2,5.53526e+2,5.14133e+2,0,0,0,0,0,1.80214e+0,6.15367e+0,0,0,0,0,0,0,0,0,0,0,0,0,0,0,0,1.47942e+3,3.98744e+2,6.04804e+0,0,0,0,0,0,5.98126e+0,0,1.30663e+0,0,0,0,0,0,3.65147e+2,1.77671e+2,3.37859e+1,0,0,0,0,0,3.84763e+3
"OECD_Europe","FRO","Faroe Islands",0,0,0,0,0,0,0,0,0,0,0,0,0,0,0,0,0,0,0,0,0,0,0,0,0,0,0,0,0,0,0,0,0,6.24347e-1,2.65632e-2,0,0,0,0,0,0,1.20156e-5,0,0,0,0,0,0,0,6.96953e-1,3.97351e-2,5.02507e-2,0,0,0,0,0,1.43786e+0
"OECD_Europe","GBR","United Kingdom",1.43227e+0,5.97560e-1,7.57824e+0,3.76394e-2,2.94662e+1,1.89461e-1,3.04506e-1,0,2.77240e+2,1.34210e+3,4.54539e+2,0,0,0,0,0,1.76313e+0,2.27519e+0,0,0,0,0,0,0,0,0,0,0,0,0,0,0,0,1.12849e+3,2.45375e+2,0,0,0,0,0,0,2.11334e+0,0,1.30157e+0,0,0,0,0,0,2.15296e+3,1.28421e+2,1.13743e+1,0,0,0,0,0,5.78755e+3
"OECD_Europe","GIB","Gibraltar",2.51208e-4,0,0,0,7.74900e-3,0,0,0,0,0,0,0,0,0,0,0,0,0,0,0,0,0,0,0,0,0,0,0,0,0,0,0,0,0,0,0,0,0,0,0,0,0,0,0,0,0,0,0,0,1.18432e-1,2.81310e-2,1.23986e-2,0,0,0,0,0,1.66962e-1
"OECD_Europe","GRC","Greece",6.62017e-2,2.22559e-2,3.53691e-1,5.81965e-3,1.81583e+0,2.40113e-2,5.56844e-2,0,8.63042e+0,1.22173e+1,3.91292e+0,0,0,0,0,0,4.75200e-3,1.70605e-1,0,0,0,0,0,0,0,0,0,0,0,0,0,0,0,1.55485e+2,3.58205e+1,6.50450e+0,0,0,0,0,0,1.08988e+0,8.52144e-2,2.36628e+0,0,0,0,0,0,6.05129e+1,1.52440e+1,4.42557e-5,0,0,0,0,0,3.04387e+2
"OECD_Europe","GRL","Greenland",0,0,0,0,0,0,0,0,0,0,0,0,0,0,0,0,0,0,0,0,0,0,0,0,0,0,0,0,0,0,0,0,0,1.63888e-1,2.79052e-3,0,0,0,0,0,0,0,0,0,0,0,0,0,0,4.81423e-1,1.59834e-1,1.54538e-2,0,0,0,0,0,8.23389e-1
"OECD_Europe","IRL","Ireland",2.66783e-2,2.93076e-3,1.99250e-1,8.79228e-4,1.42805e+0,8.16637e-3,0,0,1.84508e+1,1.91949e+0,2.30051e+0,0,0,0,0,0,0,0,0,0,0,0,0,0,0,0,0,0,0,0,0,0,0,3.69126e+2,6.65505e+1,0,0,0,0,0,0,1.87174e-1,0,1.24999e-1,0,0,0,0,0,5.36182e+1,6.11970e+0,0,0,0,0,0,0,5.20063e+2
"OECD_Europe","ISL","Iceland",2.51208e-3,0,1.39420e-2,4.18681e-5,1.42064e-1,0,3.51691e-3,0,3.26800e-2,0,0,0,0,0,0,0,0,2.19245e-1,0,0,0,0,0,0,0,0,0,0,0,0,0,0,0,1.17490e+1,1.26600e+0,0,0,0,0,0,0,8.87393e-5,0,0,0,0,0,0,0,2.18008e+0,4.34230e-1,1.19929e-1,0,0,0,0,0,1.61633e+1
"OECD_Europe","ITA","Italy",5.66680e-1,2.45630e-1,3.83921e+0,1.64332e-2,2.59085e+1,3.34358e-2,1.35107e-1,3.61740e-2,2.27367e+1,1.82479e+1,1.70742e+2,0,0,0,0,0,1.36315e+0,2.20781e+0,0,0,0,0,0,0,0,0,0,0,0,0,0,0,0,6.38429e+2,2.50019e+2,7.22722e+1,0,0,0,0,0,6.25624e+0,5.33616e-1,6.71904e+0,0,0,0,0,0,5.51568e+2,1.55172e+2,1.36371e+1,0,0,0,0,0,1.94069e+3
"OECD_Europe","LUX","Luxembourg",1.36699e-2,0,2.20808e-1,0,2.74375e-1,3.12754e-3,0,0,5.90489e-1,0,1.41039e+0,0,0,0,0,0,0,5.95910e-1,0,0,0,0,0,0,0,0,0,0,0,0,0,0,0,1.32324e+1,1.65972e+1,0,0,0,0,0,0,4.05714e-2,0,2.98728e-1,0,0,0,0,0,2.35141e+0,4.59111e-1,0,0,0,0,0,0,3.60882e+1
"OECD_Europe","NLD","Netherlands",4.93015e-1,2.29519e-1,7.68404e-1,2.23994e-3,6.76574e+0,9.73013e-3,3.51399e-1,0,1.15955e+1,3.85665e+0,2.25815e+2,0,0,0,0,0,2.82310e+0,2.71320e-1,0,0,0,0,0,0,0,0,0,0,0,0,0,0,0,3.13030e+2,1.16200e+2,0,0,0,0,0,0,3.12245e-1,0,2.01677e-2,0,0,0,0,0,3.88534e+2,3.94243e+1,0,0,0,0,0,0,1.11050e+3
"OECD_Europe","NOR","Norway",4.81481e-3,4.81482e-3,5.01119e-1,1.46538e-4,2.02672e+0,4.34381e-3,1.34815e-1,0,6.46477e+0,8.13357e+0,1.07962e+1,0,0,0,0,0,1.48943e+0,4.67014e+0,0,0,0,0,0,0,0,0,0,0,0,0,0,0,0,8.12200e+1,1.84480e+1,0,0,0,0,0,0,1.10462e-1,0,0,0,0,0,0,0,1.57816e+2,4.11402e+1,4.52802e+0,0,0,0,0,0,3.37494e+2
"OECD_Europe","PRT","Portugal",8.17126e-2,1.54359e-2,6.17019e-1,6.32206e-3,1.72099e+0,1.43482e-2,1.23092e-2,0,5.12793e+0,3.71196e+0,4.60565e+0,0,0,0,0,0,3.36000e-4,3.15358e-1,0,0,0,0,0,0,0,0,0,0,0,0,0,0,0,1.11527e+2,4.42511e+1,1.49109e+1,0,0,0,0,0,5.62760e-1,0,2.62944e+0,0,0,0,0,0,1.14940e+2,2.50688e+1,3.35348e-2,0,0,0,0,0,3.30153e+2
"OECD_Europe","SWE","Sweden",1.15231e-1,8.31968e-3,4.67455e+0,9.75524e-3,5.45938e+0,1.59852e-2,4.04445e-2,0,1.16273e+1,2.49698e+0,7.03686e+0,0,0,0,0,0,1.53663e-1,8.24588e-1,0,0,0,0,0,0,0,0,0,0,0,0,0,0,0,1.27247e+2,4.11230e+1,0,0,0,0,0,0,6.38908e-1,5.58816e-1,2.22449e-1,0,0,0,0,0,1.00828e+2,1.87991e+2,7.78146e-3,0,0,0,0,0,4.91080e+2
"Central Europe","ALB","Albania",1.42351e-3,4.14492e-3,3.35782e-2,0,1.56677e-1,0,0,0,1.41696e+1,2.91975e+0,1.67242e+1,0,0,0,0,0,0,2.04904e-1,0,0,0,0,0,0,0,0,0,0,0,0,0,0,0,3.79539e+1,5.75822e+0,1.82582e+0,0,0,0,0,0,2.13108e-1,0,6.31800e-1,0,0,0,0,0,1.46781e+0,3.34591e+0,2.08367e-2,0,0,0,0,0,8.54317e+1
"Central Europe","BGR","Bulgaria",1.63323e-1,1.57424e-2,4.34171e-1,0,2.02092e+0,2.17714e-3,0,0,2.51631e+1,3.27137e+1,3.74891e+0,0,0,0,0,0,1.11851e-1,5.95559e-1,0,0,0,0,0,0,0,0,0,0,0,0,0,0,0,2.07832e+2,3.33518e+1,6.16216e+0,0,0,0,0,0,2.09630e+0,0,1.45313e+0,0,0,0,0,0,1.67600e+2,4.12839e+1,0,0,0,0,0,0,5.24749e+2
"Central Europe","BIH","Bosnia and Herzegovina",3.11984e-2,0,1.51257e-1,0,3.98624e-1,0,0,0,1.66274e+1,4.63237e+1,3.31540e-1,0,0,0,0,0,6.44400e-5,7.53475e-2,0,0,0,0,0,0,0,0,0,0,0,0,0,0,0,7.28584e+1,1.10904e+1,0,0,0,0,0,0,3.92990e-1,0,0,0,0,0,0,0,1.69361e+0,5.21511e+0,2.30535e-2,0,0,0,0,0,1.55213e+2
"Central Europe","CYP","Cyprus",0,1.41514e-3,2.03479e-2,0,2.28379e-1,0,0,0,2.25250e-1,1.06495e-1,1.76681e-1,0,0,0,0,0,0,0,0,0,0,0,0,0,0,0,0,0,0,0,0,0,0,8.17745e+0,2.52653e+0,0,0,0,0,0,0,1.36313e-2,0,0,0,0,0,0,0,3.09305e+0,2.81468e+0,0,0,0,0,0,0,1.73839e+1
"Central Europe","CZE","Czech Republic",2.87531e-1,2.93914e-2,4.68367e+0,0,1.96852e+0,5.02416e-3,0,0,1.30501e+2,2.89560e+2,5.04411e+0,0,0,0,0,0,3.02349e-1,5.36830e-1,0,0,0,0,0,0,0,0,0,0,0,0,0,0,0,2.92590e+2,5.10994e+1,0,0,0,0,0,0,2.30253e+0,0,3.93312e+0,0,0,0,0,0,4.32755e+1,3.74982e+1,0,0,0,0,0,0,8.63617e+2
"Central Europe","EST","Estonia",2.73647e-1,0,3.52844e-1,0,4.04478e-1,2.32016e-1,4.66528e-3,0,6.67068e+0,1.98585e+1,3.40354e+0,0,0,0,0,0,0,0,0,0,0,0,0,0,0,0,0,0,0,0,0,0,0,5.42539e+1,1.11708e+1,2.30510e+0,0,0,0,0,0,2.16538e-1,0,0,0,0,0,0,0,1.00092e+1,6.14384e+0,0,0,0,0,0,0,1.15300e+2
"Central Europe","HRV","Croatia",2.56770e-2,2.52955e-2,7.85478e-2,0,7.09390e-1,7.28503e-3,0,0,1.05423e+1,4.87145e+0,2.03289e+1,0,0,0,0,0,3.50046e-3,4.24409e+0,0,0,0,0,0,0,0,0,0,0,0,0,0,0,0,7.47934e+1,1.36840e+1,0,0,0,0,0,0,7.86667e-1,0,8.50560e-1,0,0,0,0,0,8.86323e+0,1.14162e+1,0,0,0,0,0,0,1.51231e+2
"Central Europe","HUN","Hungary",2.74994e-1,2.23561e-2,6.93961e-1,0,1.45160e+0,5.66160e-2,3.75137e-2,0,3.99609e+1,4.48957e+1,5.96612e+1,0,0,0,0,0,6.57000e-3,2.71284e-1,0,0,0,0,0,0,0,0,0,0,0,0,0,0,0,2.05266e+2,5.22199e+1,1.04224e+1,0,0,0,0,0,3.28092e+0,0,1.27313e+0,0,0,0,0,0,4.49597e+1,3.63042e+1,0,0,0,0,0,0,5.01059e+2
"Central Europe","LTU","Lithuania",5.61502e-2,1.35091e-2,4.33867e+0,0,8.27867e-1,2.50680e-2,3.33234e-3,0,1.23504e+1,2.02521e-2,4.66589e+0,0,0,0,0,0,3.48565e-2,0,0,0,0,0,0,0,0,0,0,0,0,0,0,0,0,1.61237e+2,2.93499e+1,0,0,0,0,0,0,8.19839e-1,0,1.05761e+0,0,0,0,0,0,1.75867e+1,9.31666e+0,4.49022e-4,0,0,0,0,0,2.41704e+2
"Central Europe","LVA","Latvia",1.00969e-1,0,1.10903e+0,0,6.33060e-1,3.74948e-2,1.29394e-2,0,2.15903e+1,1.22271e-1,7.54360e+0,0,0,0,0,0,0,0,0,0,0,0,0,0,0,0,0,0,0,0,0,0,0,1.08035e+2,1.69826e+1,0,0,0,0,0,0,4.29631e-1,0,1.64350e-1,0,0,0,0,0,1.13233e+1,6.12858e+0,0,0,0,0,0,0,1.74213e+2
"Central Europe","MKD","Macedonia, the former Yugoslav Republic of",1.96406e-2,0,6.40090e-2,0,1.61170e-1,0,0,0,6.34175e+0,3.50270e+0,1.22806e+1,0,0,0,0,0,1.68260e-4,4.37534e+0,0,0,0,0,0,0,0,0,0,0,0,0,0,0,0,4.88415e+1,5.00928e+0,2.67407e+0,0,0,0,0,0,2.73068e-1,0,4.59936e-1,0,0,0,0,0,1.93315e+0,2.76794e+0,2.91694e-2,0,0,0,0,0,8.87334e+1
"Central Europe","MLT","Malta",0,0,0,0,7.08893e-2,0,0,0,1.67472e-2,0,0,0,0,0,0,0,0,0,0,0,0,0,0,0,0,0,0,0,0,0,0,0,0,1.00091e+0,5.00432e-1,0,0,0,0,0,0,1.07246e-3,0,0,0,0,0,0,0,2.92823e+0,4.19074e-1,0,0,0,0,0,0,4.93736e+0
"Central Europe","POL","Poland",2.06273e+0,1.96941e-1,3.24884e+0,0,4.24813e+0,3.50381e-1,5.94945e-2,0,2.08660e+2,3.32805e+3,9.09069e+1,0,0,0,0,0,3.11492e-1,2.32155e+0,0,0,0,0,0,0,0,0,0,0,0,0,0,0,0,1.00182e+3,1.94798e+2,0,0,0,0,0,0,7.19126e+0,0,2.69784e+0,0,0,0,0,0,1.96265e+2,1.15848e+2,3.30763e-1,0,0,0,0,0,5.15937e+3
"Central Europe","ROU","Romania",6.20614e-1,5.33817e-2,8.09183e-1,0,3.33975e+0,3.89372e-3,0,0,5.81058e+1,8.04825e+1,7.54971e+2,0,0,0,0,0,6.04482e-1,2.02063e+0,0,0,0,0,0,0,0,0,0,0,0,0,0,0,0,5.34798e+2,9.50222e+1,8.78678e+0,0,0,0,0,0,4.42153e+0,0,0,0,0,0,0,0,4.28602e+1,8.54594e+1,8.96829e-3,0,0,0,0,0,1.67237e+3
"Central Europe","SCG","Serbia and Montenegro",1.34131e-1,0,2.21376e-1,0,7.68280e-1,0,0,0,4.03747e+1,3.43314e+1,6.18360e+1,0,0,0,0,0,3.89428e-2,1.71850e-1,0,0,0,0,0,0,0,0,0,0,0,0,0,0,0,2.61477e+2,4.57773e+1,0,0,0,0,0,0,2.55778e+0,0,0,0,0,0,0,0,5.76812e+0,3.42231e+1,8.28712e-2,0,0,0,0,0,4.87763e+2
"Central Europe","SVK","Slovakia",5.15814e-2,2.12318e-2,1.00940e+0,0,1.02952e+0,0,0,0,1.52301e+1,7.59305e+0,2.17368e+1,0,0,0,0,0,3.63320e-2,1.56349e+0,0,0,0,0,0,0,0,0,0,0,0,0,0,0,0,1.27693e+2,2.51169e+1,0,0,0,0,0,0,1.72039e+0,0,3.74424e-1,0,0,0,0,0,1.32590e+1,1.88087e+1,0,0,0,0,0,0,2.35244e+2
"Central Europe","SVN","Slovenia",0,1.28566e-3,1.05465e-2,0,7.55613e-1,0,0,0,6.88871e+0,1.30529e+1,3.25676e-1,0,0,0,0,0,2.84769e-1,6.67719e-1,0,0,0,0,0,0,0,0,0,0,0,0,0,0,0,5.93128e+1,9.76340e+0,0,0,0,0,0,0,1.67960e-1,0,0,0,0,0,0,0,9.12809e+0,7.13178e+0,0,0,0,0,0,0,1.07491e+2
"Turkey","TUR","Turkey",5.43338e-2,3.53077e-2,3.87572e-1,2.23994e-3,1.89611e+0,8.48967e-2,1.67346e-1,0,9.89372e+1,9.35887e+1,8.03800e+0,0,0,0,0,0,3.46979e-1,3.40897e-1,0,0,0,0,0,0,0,0,0,0,0,0,0,0,0,9.31161e+2,1.52553e+2,3.22085e+1,0,0,0,0,0,1.76078e+1,0,1.82503e+0,0,0,0,0,0,9.63712e+1,1.80013e+2,0,0,0,0,0,0,1.61562e+3
"Ukraine +","BLR","Belarus",1.26926e-1,1.71430e-2,2.23204e+0,0,1.22843e+0,1.13751e-1,2.13270e-2,4.31412e-4,8.31544e+0,6.53049e-2,1.22266e+1,0,0,0,0,0,2.08560e-2,0,0,0,0,0,0,0,0,0,0,0,0,0,0,0,0,4.78316e+2,6.47175e+1,0,0,0,0,0,0,1.95933e+0,0,2.12102e-2,0,0,0,0,0,5.23886e+1,2.31378e+1,0,0,0,0,0,0,6.44909e+2
"Ukraine +","MDA","Moldova, Republic of",3.84576e-2,0,3.69082e-1,0,5.37834e-1,0,0,0,4.82669e+0,3.93490e-3,4.76349e+0,0,0,0,0,0,0,0,0,0,0,0,0,0,0,0,0,0,0,0,0,0,0,7.58995e+1,7.57453e+0,0,0,0,0,0,0,8.49140e-1,0,4.30320e-2,0,0,0,0,0,2.16247e+0,1.26108e+1,3.51517e-2,0,0,0,0,0,1.09714e+2
"Ukraine +","UKR","Ukraine",9.27883e-1,6.68329e-1,1.74414e+0,0,4.91007e+0,1.71619e-1,0,5.15538e-2,6.31148e+1,7.79362e+2,6.27449e+2,0,0,0,0,0,1.03985e+0,1.20951e+1,0,0,0,0,0,0,0,0,0,0,0,0,0,0,0,1.78794e+3,3.07526e+2,9.52723e+0,0,0,0,0,0,1.54016e+1,0,8.82120e-1,0,0,0,0,0,1.52206e+2,1.19954e+2,0,0,0,0,0,0,3.88497e+3
"Asia-Stan","KAZ","Kazakhstan",3.87548e-1,2.31123e-1,3.15973e-1,0,1.49790e+0,9.98432e-2,4.66528e-3,0,5.61853e+0,1.78629e+3,2.63586e+2,0,0,0,0,0,1.37160e-2,4.66965e+0,0,0,0,0,0,0,0,0,0,0,0,0,0,0,0,9.57488e+2,7.46314e+1,3.22361e+1,0,0,0,0,0,1.25514e+1,1.79400e+1,1.01959e+2,0,0,0,0,0,4.97953e+1,4.22529e+1,0,0,0,0,0,0,3.35156e+3
"Asia-Stan","KGZ","Kyrgyzstan",1.53876e-2,0,5.65047e-1,0,5.76293e-1,0,0,0,2.74971e-1,2.36807e+1,1.92666e+0,0,0,0,0,0,0,0,0,0,0,0,0,0,0,0,0,0,0,0,0,0,0,1.73896e+2,8.65130e+0,5.25216e-1,0,0,0,0,0,5.66322e-1,7.29264e-2,4.21512e+0,0,0,0,0,0,2.81743e+0,1.65834e+1,0,0,0,0,0,0,2.34367e+2
"Asia-Stan","TJK","Tajikistan",6.02414e-3,0,0,0,5.16068e-1,0,0,0,1.04850e-1,8.71925e+0,4.44632e+0,0,0,0,0,0,0,0,0,0,0,0,0,0,0,0,0,0,0,0,0,0,0,1.06631e+2,8.89137e+0,2.75549e+0,0,0,0,0,0,1.41711e-1,0,3.52992e-2,0,0,0,0,0,2.99053e+0,1.21233e+1,0,0,0,0,0,0,1.47361e+2
"Asia-Stan","TKM","Turkmenistan",3.95490e-2,1.88430e-1,0,0,5.17947e-1,0,0,0,9.62355e-1,0,4.31752e+2,0,0,0,0,0,1.33463e-3,0,0,0,0,0,0,0,0,0,0,0,0,0,0,0,0,1.02317e+2,1.12093e+1,7.72601e+0,0,0,0,0,0,3.08994e-1,1.73832e-2,1.38533e-1,0,0,0,0,0,4.06525e+0,1.45658e+1,0,0,0,0,0,0,5.73811e+2
"Asia-Stan","UZB","Uzbekistan",2.16195e-1,1.67309e-1,0,0,1.46132e+0,0,0,0,2.81108e+0,8.94193e+0,2.72693e+2,0,0,0,0,0,0,0,0,0,0,0,0,0,0,0,0,0,0,0,0,0,0,4.43833e+2,3.82351e+1,5.02381e+1,0,0,0,0,0,8.54098e-1,1.69190e-2,6.18192e-1,0,0,0,0,0,1.06821e+1,6.72809e+1,0,0,0,0,0,0,8.98048e+2
"Russia +","ARM","Armenia",7.58322e-3,0,4.31010e-3,0,4.65763e-1,0,0,0,1.35643e-1,0,1.04693e+1,0,0,0,0,0,0,0,0,0,0,0,0,0,0,0,0,0,0,0,0,0,0,4.44445e+1,6.26594e+0,0,0,0,0,0,0,1.21525e-1,0,2.99760e-2,0,0,0,0,0,4.71985e+0,4.06182e+0,0,0,0,0,0,0,7.07262e+1
"Russia +","AZE","Azerbaijan",4.09051e-2,1.31319e-2,1.17969e-1,0,7.17496e-1,0,0,0,2.46179e-1,0,1.07713e+2,0,0,0,0,0,1.36020e-2,0,0,0,0,0,0,0,0,0,0,0,0,0,0,0,0,1.56316e+2,2.24913e+1,3.91916e-1,0,0,0,0,0,5.49590e-1,0,3.05616e-2,0,0,0,0,0,1.05009e+1,3.49824e+1,0,0,0,0,0,0,3.34125e+2
"Russia +","GEO","Georgia",2.33813e-2,0,3.61911e-1,0,3.22840e-1,5.15372e-1,0,0,1.62278e+1,9.58379e+0,1.48331e+1,0,0,0,0,0,0,2.08511e+0,0,0,0,0,0,0,0,0,0,0,0,0,0,0,0,8.93405e+1,2.42100e+1,0,0,0,0,0,0,1.94217e-1,0,8.98464e-2,0,0,0,0,0,1.08225e+1,1.48170e+1,0,0,0,0,0,0,1.83427e+2
"Russia +","RUS","Russian Federation",5.56763e+0,1.13511e+0,1.56021e+1,0,2.36173e+1,1.74827e+0,2.70418e+0,2.29368e-1,3.00714e+2,3.66749e+3,6.57487e+3,0,0,0,0,0,3.54908e+0,1.14457e+1,0,0,0,0,0,0,0,0,0,0,0,0,0,0,0,4.40889e+3,6.63702e+2,1.03933e+2,0,0,0,0,0,4.16872e+1,5.53344e+1,2.08906e+2,0,0,0,0,0,6.62815e+2,8.42009e+2,0,0,0,0,0,0,1.75959e+4
"Middle_East","ARE","United Arab Emirates",9.46217e-3,0,3.44155e-2,0,1.89075e-1,0,0,0,3.22799e-2,2.00355e-2,1.04181e+3,0,0,0,0,0,0,0,0,0,0,0,0,0,0,0,0,0,0,0,0,0,0,8.05967e+0,3.74982e-1,0,0,0,0,0,0,0,0,0,0,0,0,0,0,1.60460e+0,1.41285e+0,0,0,0,0,0,0,1.05355e+3
"Middle_East","BHR","Bahrain",2.52883e-2,1.15849e-1,2.46184e-2,0,5.24592e-2,0,0,0,4.39614e-3,4.25980e-3,4.29378e+1,0,0,0,0,0,0,0,0,0,0,0,0,0,0,0,0,0,0,0,0,0,0,3.53211e-1,1.14240e-2,0,0,0,0,0,0,6.80400e-7,0,0,0,0,0,0,0,1.08602e+0,1.03970e+0,0,0,0,0,0,0,4.56550e+1
"Middle_East","IRN","Iran, Islamic Republic of",1.14312e-1,1.05250e-1,5.67857e-1,0,2.54288e+0,0,0,0,5.23515e+0,1.74250e+1,2.45262e+3,0,0,0,0,0,3.54366e-3,0,0,0,0,0,0,0,0,0,0,0,0,0,0,0,0,4.39894e+2,1.81716e+1,1.58008e+2,0,0,0,0,0,0,0,1.12207e-2,0,0,0,0,0,4.51038e+1,1.42367e+2,0,0,0,0,0,0,3.28217e+3
"Middle_East","IRQ","Iraq",2.24831e-2,2.12271e-2,8.46990e-2,0,7.37539e-1,0,0,0,4.25380e-1,8.51960e-1,8.26655e+2,0,0,0,0,0,0,0,0,0,0,0,0,0,0,0,0,0,0,0,0,0,0,1.54792e+2,6.81680e+0,2.33006e+1,0,0,0,0,0,1.15943e+0,0,1.21178e+0,0,0,0,0,0,2.89723e+1,4.28062e+1,0,0,0,0,0,0,1.08786e+3
"Middle_East","ISR","Israel",4.97391e-3,5.76103e-3,1.11829e-1,0,8.25254e-1,1.39002e-3,0,0,2.72770e-1,0,1.56797e+1,0,0,0,0,0,1.13795e-1,0,0,0,0,0,0,0,0,0,0,0,0,0,0,0,0,2.03545e+1,1.09073e+0,0,0,0,0,0,0,1.97539e-1,0,0,0,0,0,0,0,1.46826e+1,1.36987e+1,0,0,0,0,0,0,6.70396e+1
"Middle_East","JOR","Jordan",3.76812e-4,5.02416e-3,9.16911e-3,0,1.94983e-1,0,0,0,1.79143e-1,7.69435e-1,1.86238e-1,0,0,0,0,0,0,0,0,0,0,0,0,0,0,0,0,0,0,0,0,0,0,9.86257e+0,6.34927e-1,0,0,0,0,0,0,6.92071e-2,0,0,0,0,0,0,0,2.72135e+0,6.26221e+0,0,0,0,0,0,0,2.08946e+1
"Middle_East","KWT","Kuwait",5.47724e-2,4.64318e-1,9.43705e-2,0,7.07742e-1,0,0,0,5.62915e-1,3.01435e-2,9.36918e+2,0,0,0,0,0,0,0,0,0,0,0,0,0,0,0,0,0,0,0,0,0,0,1.45714e+0,4.85758e-2,0,0,0,0,0,0,1.27423e-5,0,0,0,0,0,0,0,5.30979e+0,5.02165e+0,0,0,0,0,0,0,9.50669e+2
"Middle_East","LBN","Lebanon",0,1.01609e-2,6.41417e-2,0,6.48448e-1,0,0,0,1.19060e+0,1.27794e+0,8.37084e-1,0,0,0,0,0,0,0,0,0,0,0,0,0,0,0,0,0,0,0,0,0,0,6.85728e+0,4.11432e-1,0,0,0,0,0,0,6.27855e-2,0,0,0,0,0,0,0,4.88458e+0,1.12846e+1,0,0,0,0,0,0,2.75291e+1
"Middle_East","OMN","Oman",1.75846e-3,0,1.13044e-3,0,4.96650e-2,0,0,0,7.15196e-2,6.14422e-2,2.10460e+2,0,0,0,0,0,0,0,0,0,0,0,0,0,0,0,0,0,0,0,0,0,0,5.40959e+0,2.33984e-1,0,0,0,0,0,0,3.96179e-3,0,0,0,0,0,0,0,3.37053e-1,2.94730e+0,0,0,0,0,0,0,2.19577e+2
"Middle_East","QAT","Qatar",8.19669e-2,1.25604e-4,2.40741e-2,4.60548e-4,7.74516e-2,0,0,0,1.31763e-2,6.38970e-3,3.52623e+2,0,0,0,0,0,3.51450e-2,0,0,0,0,0,0,0,0,0,0,0,0,0,0,0,0,1.04970e+0,5.31810e-2,0,0,0,0,0,0,1.03545e-4,0,0,0,0,0,0,0,1.16062e+0,1.20958e+0,0,0,0,0,0,0,3.56335e+2
"Middle_East","SAU","Saudi Arabia",1.00735e-1,3.25564e-1,1.42184e-1,1.75560e-3,9.51806e-1,0,0,0,9.44124e-2,3.15225e-1,3.03069e+3,0,0,0,0,0,2.46330e+0,0,0,0,0,0,0,0,0,0,0,0,0,0,0,0,0,3.62325e+1,1.55820e+0,6.55332e-2,0,0,0,0,0,1.60296e-1,0,0,0,0,0,0,0,1.58638e+1,2.73921e+1,0,0,0,0,0,0,3.11636e+3
"Middle_East","SYR","Syrian Arab Republic",2.51208e-3,6.45806e-3,3.14010e-2,0,5.02360e-1,0,0,0,1.82270e+0,4.65690e-3,2.29957e+1,0,0,0,0,0,0,0,0,0,0,0,0,0,0,0,0,0,0,0,0,0,0,4.96615e+1,2.02652e+0,1.09222e-2,0,0,0,0,0,9.64847e-1,0,1.76280e-1,0,0,0,0,0,7.72766e+0,2.54094e+1,0,0,0,0,0,0,1.11343e+2
"Middle_East","YEM","Yemen",1.13044e-3,1.01739e-2,0,0,3.31107e-1,0,0,0,2.47579e+0,3.51433e+0,1.14956e+0,0,0,0,0,0,0,0,0,0,0,0,0,0,0,0,0,0,0,0,0,0,0,6.81209e+1,3.07620e+0,0,0,0,0,0,0,9.36702e-1,0,0,0,0,0,0,0,1.17121e+0,2.75760e+1,0,0,0,0,0,0,1.08363e+2
"India +","AFG","Afghanistan",5.15907e-4,0,6.14752e-2,0,9.87037e-2,0,8.13687e-4,0,9.57653e+0,5.47768e+0,4.06446e+1,0,0,0,0,0,0,0,0,0,0,0,0,0,0,0,0,0,0,0,0,0,0,2.44121e+2,1.38600e+1,7.27517e+1,0,0,0,0,0,6.63409e-1,0,0,0,0,0,0,0,3.35302e+0,5.71780e+1,0,0,0,0,0,0,4.47788e+2
"India +","BGD","Bangladesh",3.00884e-2,2.56568e-3,8.01353e-2,0,8.95296e-2,1.73752e-3,5.27536e-3,0,1.34277e+2,1.83294e+1,1.18582e+1,0,0,0,0,0,0,0,0,0,0,0,0,0,0,0,0,0,0,0,0,0,0,6.36658e+2,6.27965e+1,3.01037e+3,0,0,0,0,2.44224e-1,9.60053e+0,1.83831e+1,0,0,0,0,0,0,2.24276e+1,2.94980e+2,0,0,0,0,0,0,4.22013e+3
"India +","BTN","Bhutan",1.74540e-6,0,5.15658e-3,0,1.96795e-4,0,2.16300e-6,0,1.14986e+1,3.83453e-1,0,0,0,0,0,0,0,0,0,0,0,0,0,0,0,0,0,0,0,0,0,0,0,8.81479e+0,9.27698e-1,8.48770e+0,0,0,0,0,0,2.03865e-1,0,0,0,0,0,0,0,1.49514e-1,4.36218e+0,0,0,0,0,0,0,3.48331e+1
"India +","IND","India",3.26691e-1,1.13822e-1,4.41979e+0,0,5.77301e+0,6.76460e-1,5.45120e-2,0,1.23429e+3,8.37744e+2,5.42468e+1,0,0,0,0,0,2.65635e-1,3.00682e+0,0,0,0,0,0,0,0,0,0,0,0,0,0,0,0,8.77406e+3,7.78669e+2,5.05450e+3,0,0,0,0,2.55288e+1,1.59205e+2,6.98496e+1,5.11128e-1,0,0,0,0,0,2.55379e+2,2.13353e+3,0,0,4.05000e+1,0,0,0,1.94327e+4
"India +","IOT","British Indian Ocean Territory",0,0,0,0,0,0,0,0,0,0,0,0,0,0,0,0,0,0,0,0,0,0,0,0,0,0,0,0,0,0,0,0,0,0,0,0,0,0,0,0,0,0,0,0,0,0,0,0,0,0,0,0,0,0,0,0,0,0,
"India +","LKA","Sri Lanka",5.27537e-4,2.27762e-3,5.50731e-1,1.10950e-3,3.79335e-1,3.47504e-3,5.86152e-4,0,2.36717e+1,1.00755e-1,4.72030e-1,0,0,0,0,0,0,0,0,0,0,0,0,0,0,0,0,0,0,0,0,0,0,1.03257e+2,8.66209e+0,2.97072e+2,0,0,0,0,1.57243e-1,2.42919e-1,1.65532e+0,0,0,0,0,0,0,1.67812e+1,6.04135e+1,0,0,0,0,0,0,5.13424e+2
"India +","MDV","Maldives",1.58664e-5,0,6.51792e-4,0,4.94066e-4,0,1.56800e-5,0,4.18899e-3,4.04681e-2,0,0,0,0,0,0,0,0,0,0,0,0,0,0,0,0,0,0,0,0,0,0,0,0,0,0,0,0,0,0,0,6.66179e-3,0,0,0,0,0,0,0,1.35505e-1,5.00263e-1,0,0,0,0,0,0,6.88264e-1
"India +","NPL","Nepal",5.14976e-4,0,2.73398e-2,0,3.91389e-2,0,0,0,4.98855e+1,3.47069e+0,0,0,0,0,0,0,0,0,0,0,0,0,0,0,0,0,0,0,0,0,0,0,0,2.74170e+2,2.27204e+1,4.47621e+2,0,0,0,0,7.83168e-1,5.99970e+0,3.49683e-1,0,0,0,0,0,0,7.28040e-1,5.36078e+1,0,0,0,0,0,0,8.59403e+2
"India +","PAK","Pakistan",6.05251e-2,4.12118e-3,2.97556e-1,0,8.93192e-1,1.19889e-2,0,0,9.05742e+1,2.15928e+1,1.67256e+2,0,0,0,0,0,0,0,0,0,0,0,0,0,0,0,0,0,0,0,0,0,0,1.29867e+3,9.58222e+1,7.87870e+2,0,0,0,0,1.24584e+0,5.06121e+0,8.29124e-2,9.33528e-2,0,0,0,0,0,3.42367e+1,2.67406e+2,0,0,0,0,0,0,2.77117e+3
"Korea","KOR","Korea, Republic of",1.11533e-2,3.47023e-2,7.92771e-1,6.25928e-3,1.16180e+0,1.00483e-3,7.85442e-2,1.40425e-1,8.54584e+1,2.12854e+2,4.69558e+0,0,0,0,0,0,1.95210e-1,7.18634e-1,0,0,0,0,0,0,0,0,0,0,0,0,0,0,0,1.00870e+2,5.48013e+0,6.66696e+2,0,0,0,0,0,8.92666e-1,0,4.14528e-1,0,0,0,0,0,2.34837e+1,1.65203e+2,0,0,0,0,0,0,1.26919e+3
"Korea","PRK","Korea, Democratic People's Republic of",1.12294e-1,0,3.59676e+0,0,5.95704e-1,0,0,0,5.22488e+1,2.76016e+2,2.60628e-3,0,0,0,0,0,0,8.45359e-1,0,0,0,0,0,0,0,0,0,0,0,0,0,0,0,4.75378e+1,6.18157e+0,2.28033e+2,0,0,0,0,0,2.70173e+0,0,4.82784e+1,0,0,0,0,0,1.13055e+1,7.83175e+1,8.72313e-2,0,0,0,0,0,7.55859e+2
"China +","CHN","China",1.05158e+0,3.84557e-1,3.87993e+1,0,7.49230e+0,5.74178e-1,0,3.74927e-1,2.76399e+3,4.62578e+3,3.47267e+2,0,0,0,0,0,3.27328e+0,1.27349e+1,0,0,0,0,0,0,0,0,0,0,0,0,0,0,0,4.65045e+3,7.85532e+2,2.19681e+4,0,0,0,0,7.84008e+0,8.82842e+0,1.72945e+1,8.74584e+1,0,0,0,0,0,4.04693e+2,3.55604e+3,2.56496e+0,0,9.00000e+1,0,0,0,3.93806e+4
"China +","HKG","Hong Kong",7.53624e-5,0,8.13495e-2,0,2.16127e-1,0,6.35975e-2,0,2.14573e-1,0,4.20382e-1,0,0,0,0,0,0,0,0,0,0,0,0,0,0,0,0,0,0,0,0,0,0,0,0,0,0,0,0,0,0,0,0,0,0,0,0,0,0,1.66763e+1,1.88934e+1,9.04319e-2,0,0,0,0,0,3.66563e+1
"China +","MAC","Macao",4.60989e-5,0,1.21502e-3,0,5.94661e-3,0,1.49163e-4,0,3.50672e-2,0,0,0,0,0,0,0,0,0,0,0,0,0,0,0,0,0,0,0,0,0,0,0,0,0,0,0,0,0,0,0,0,0,0,0,0,0,0,0,0,1.33442e+0,1.12168e+0,6.84313e-3,0,0,0,0,0,2.50537e+0
"China +","MNG","Mongolia",8.41121e-4,0,7.76490e-3,0,2.06316e-1,0,1.99592e-3,0,6.69687e+0,6.27865e+0,0,0,0,0,0,0,0,0,0,0,0,0,0,0,0,0,0,0,0,0,0,0,0,2.66783e+2,1.21087e+1,0,0,0,0,0,0,1.13674e-1,5.97696e-1,5.03376e+1,0,0,0,0,0,9.34829e-1,5.93372e+0,9.78335e-3,0,0,0,0,0,3.50012e+2
"China +","TWN","Taiwan_Province of China",3.75384e-2,3.60782e-2,1.02414e+0,0,1.13143e+0,1.89495e-2,3.80999e-3,0,2.61196e+0,4.68193e+1,2.42616e+1,0,0,0,0,0,0,6.66407e-1,0,0,0,0,0,0,0,0,0,0,0,0,0,0,0,1.63868e+1,3.44267e+1,0,0,0,0,0,0,0,0,0,0,0,0,0,0,2.84718e+1,8.32765e+1,1.73922e-1,0,0,0,0,0,2.39347e+2
"Southeastern Asia","BRN","Brunei Darussalam",1.62448e-2,1.92174e-2,2.26087e-3,0,4.29436e-2,0,0,0,4.43170e-2,9.38600e-3,9.58627e+1,0,0,0,0,0,0,0,0,0,0,0,0,0,0,0,0,0,0,0,0,0,0,9.45984e-1,1.23833e-1,9.59091e-1,0,0,0,0,0,2.60199e-2,2.49363e+1,0,0,0,0,0,0,6.51476e-1,6.76448e-1,2.27881e-2,0,0,0,0,0,1.24339e+2
"Southeastern Asia","KHM","Cambodia",8.05200e-6,0,2.63931e-2,0,2.24044e-3,0,2.68030e-5,0,5.21826e+1,1.59605e+0,0,0,0,0,0,0,0,0,0,0,0,0,0,0,0,0,0,0,0,0,0,0,0,1.35787e+2,1.40349e+1,2.06338e+2,0,0,0,0,6.08544e+1,6.40999e+0,0,0,0,0,0,0,0,2.45546e+0,2.98478e+1,7.12387e-2,0,0,0,0,0,5.09606e+2
"Southeastern Asia","LAO","Lao People's Democratic Republic",1.00802e-4,0,1.29552e-2,0,1.78383e-2,0,1.97568e-4,0,2.15565e+1,8.92669e-1,0,0,0,0,0,0,0,0,0,0,0,0,0,0,0,0,0,0,0,0,0,0,0,5.20629e+1,6.71967e+0,1.31169e+2,0,0,0,0,8.21088e+1,5.19643e+0,4.07347e+1,0,0,0,0,0,0,7.14468e-1,1.24545e+1,0,0,0,0,0,0,3.53641e+2
"Southeastern Asia","MMR","Myanmar",9.24079e-3,3.43318e-3,4.70597e-2,0,3.10329e-1,0,0,0,6.12087e+1,4.30221e+1,1.76101e+1,0,0,0,0,0,0,0,0,0,0,0,0,0,0,0,0,0,0,0,0,0,0,4.35321e+2,4.18183e+1,1.44864e+3,0,0,0,0,5.81136e+1,4.25334e+1,1.78269e+3,0,0,0,0,0,0,1.53682e+1,1.26595e+2,0,0,0,0,0,0,4.07329e+3
"Southeastern Asia","MYS","Malaysia",1.54547e-3,2.88889e-3,2.07289e-1,0,1.41915e+0,0,0,0,2.46323e+1,2.60913e+1,2.96227e+1,0,0,0,0,0,1.25400e-3,0,0,0,0,0,0,0,0,0,0,0,0,0,0,0,0,3.48712e+1,8.82870e+0,3.00778e+2,0,0,0,0,4.62096e+1,7.88267e+0,2.20041e+2,0,0,0,0,0,0,1.64703e+1,6.22979e+1,2.72155e-1,0,0,0,0,0,7.79630e+2
"Southeastern Asia","PHL","Philippines",6.63246e-2,6.12705e-2,1.82390e+0,3.97746e-4,1.86801e+0,0,9.90597e-2,0,8.25716e+1,6.18520e+1,2.41699e+0,0,0,0,0,0,2.01724e-2,5.64177e-1,0,0,0,0,0,0,0,0,0,0,0,0,0,0,0,4.06940e+2,6.62536e+1,1.31760e+3,0,0,0,0,6.86592e+0,4.20741e+1,9.93480e+0,0,0,0,0,0,0,4.49226e+1,1.90279e+2,0,0,0,0,0,0,2.23621e+3
"Southeastern Asia","SGP","Singapore",1.28123e-3,2.82862e-2,1.26860e-2,0,4.05501e-1,0,0,0,3.26373e-2,3.19485e+0,9.44840e+0,0,0,0,0,0,0,0,0,0,0,0,0,0,0,0,0,0,0,0,0,0,0,1.63178e+0,3.74869e+0,0,0,0,0,0,1.29862e+0,1.52308e-3,0,0,0,0,0,0,0,3.27727e+0,1.05071e+1,2.00894e+0,0,0,0,0,0,3.55976e+1
"Southeastern Asia","THA","Thailand",7.06932e-3,3.44784e-2,1.78534e+0,0,1.77353e+0,0,8.79228e-3,0,1.11802e+2,2.52643e+2,2.05771e+0,0,0,0,0,0,0,0,0,0,0,0,0,0,0,0,0,0,0,0,0,0,0,5.74049e+2,4.70213e+1,2.25238e+3,0,0,0,0,7.21248e+1,4.34215e+1,2.47962e+1,0,0,0,0,0,0,5.13223e+1,1.66597e+2,7.24373e-1,0,0,0,0,0,3.60255e+3
"Southeastern Asia","TLS","Timor-Leste",0,0,2.31864e-3,0,0,0,0,0,1.74826e-1,0,0,0,0,0,0,0,0,0,0,0,0,0,0,0,0,0,0,0,0,0,0,0,0,1.43667e+1,1.28063e+0,3.80591e+0,0,0,0,0,0,2.61214e-1,0,0,0,0,0,0,0,1.08130e-1,2.34546e+0,3.23904e-3,0,0,0,0,0,2.23484e+1
"Southeastern Asia","VNM","Viet Nam",1.58261e-2,0,0,0,1.67293e+0,0,0,0,1.42470e+2,6.96617e+1,1.22382e+1,0,0,0,0,0,0,0,0,0,0,0,0,0,0,0,0,0,0,0,0,0,0,2.13807e+2,7.03262e+1,1.86185e+3,0,0,0,0,2.80248e+1,3.54260e+1,1.20292e+0,0,0,0,0,0,0,2.35280e+1,2.08545e+2,0,0,0,0,0,0,2.66877e+3
"Indonesia +","IDN","Indonesia",1.88697e-2,1.65593e-1,2.27217e-1,2.32367e-3,2.57278e+0,1.59098e-3,1.64123e-2,0,7.03390e+2,7.94837e+1,3.66439e+2,0,0,0,0,0,2.01993e-2,0,0,0,0,0,0,0,0,0,0,0,0,0,0,0,0,6.53268e+2,3.45568e+1,2.78732e+3,0,0,0,0,2.88816e+1,1.04151e+2,1.30370e+2,0,9.90028e+2,0,0,0,0,1.02354e+2,5.35672e+2,1.44620e+0,0,0,0,0,0,6.52038e+3
"Indonesia +","PNG","Papua New Guinea",1.05586e-3,0,1.44292e-2,0,2.28849e-2,0,1.12006e-3,0,1.58725e+1,2.59631e-1,0,0,0,0,0,0,0,0,0,0,0,0,0,0,0,0,0,0,0,0,0,0,0,6.37207e+0,3.25325e+0,1.37013e-1,0,0,0,0,7.07832e+0,2.36437e-1,1.37095e+1,0,0,0,0,0,0,9.82150e-1,8.83614e+0,3.81614e-2,0,0,0,0,0,5.68147e+1
"Japan","JPN","Japan",3.35532e+0,6.71667e-1,1.01998e+1,2.99356e-2,1.21305e+1,2.59426e-1,1.26726e+0,1.29372e-2,4.37677e+1,6.83246e+2,2.79675e+1,0,0,0,0,0,6.23425e+0,1.34563e+1,0,0,0,0,0,0,0,0,0,0,0,0,0,0,0,3.25752e+2,1.70916e+2,2.03849e+3,0,0,0,0,0,4.84929e-1,9.85008e+0,4.21512e+0,0,0,0,0,0,2.35824e+2,3.89370e+2,2.03810e+2,6.76268e-1,0,0,0,0,4.18199e+3
"Oceania","ASM","American Samoa",0,0,0,0,0,0,0,0,4.08258e-5,0,0,0,0,0,0,0,0,0,0,0,0,0,0,0,0,0,0,0,0,0,0,0,0,1.91017e-2,1.16710e-1,0,0,0,0,0,0,1.86007e-5,0,0,0,0,0,0,0,1.32225e-1,3.33021e-2,0,0,0,0,0,0,3.01398e-1
"Oceania","ATF","French Southern Territories",0,0,0,0,0,0,0,0,0,0,0,0,0,0,0,0,0,0,0,0,0,0,0,0,0,0,0,0,0,0,0,0,0,0,0,0,0,0,0,0,0,0,0,0,0,0,0,0,0,0,0,0,0,0,0,0,0,0,
"Oceania","AUS","Australia",5.63382e-1,7.75705e-2,3.66768e+0,1.72705e-2,1.25098e+1,8.35957e-2,3.20626e-1,0,4.55706e+1,6.79885e+2,8.34305e+1,0,0,0,0,0,3.57300e-3,1.29109e+0,0,0,0,0,0,0,0,0,0,0,0,0,0,0,0,2.87861e+3,2.20507e+2,2.28150e+1,0,0,0,0,2.42160e+2,2.28838e+1,2.93741e+1,6.28272e+1,0,0,0,0,0,3.06902e+2,3.94301e+1,3.84859e-3,0,6.00000e-1,0,0,0,4.65353e+3
"Oceania","CCK","Cocos (Keeling) Islands",0,0,0,0,0,0,0,0,0,0,0,0,0,0,0,0,0,0,0,0,0,0,0,0,0,0,0,0,0,0,0,0,0,0,0,0,0,0,0,0,0,0,0,0,0,0,0,0,0,0,0,0,0,0,0,0,0,0,
"Oceania","COK","Cook Islands",0,0,0,0,0,0,0,0,8.26062e-3,0,0,0,0,0,0,0,0,0,0,0,0,0,0,0,0,0,0,0,0,0,0,0,0,5.34678e-2,3.02397e-2,0,0,0,0,0,0,3.76364e-3,0,0,0,0,0,0,0,0,2.45337e-2,0,0,0,0,0,0,1.20266e-1
"Oceania","CXR","Christmas Island",0,0,0,0,0,0,0,0,0,0,0,0,0,0,0,0,0,0,0,0,0,0,0,0,0,0,0,0,0,0,0,0,0,0,0,0,0,0,0,0,0,0,0,0,0,0,0,0,0,0,0,0,0,0,0,0,0,0,
"Oceania","FJI","Fiji",1.11761e-3,0,3.76510e-3,0,3.63997e-2,0,1.05946e-3,0,6.23861e-1,1.45916e-1,0,0,0,0,0,0,0,0,0,0,0,0,0,0,0,0,0,0,0,0,0,0,0,1.15262e+1,1.87208e+0,2.91258e+0,0,0,0,0,0,2.48505e-1,0,0,0,0,0,0,0,1.22243e+0,1.29722e+0,0,0,0,0,0,0,1.98911e+1
"Oceania","FSM","Micronesia, Federated States of",0,0,0,0,0,0,0,0,0,2.49090e-2,0,0,0,0,0,0,0,0,0,0,0,0,0,0,0,0,0,0,0,0,0,0,0,5.95510e-1,2.29199e-2,2.91258e-2,0,0,0,0,0,0,0,0,0,0,0,0,0,1.28965e-1,6.89821e-2,0,0,0,0,0,0,8.70412e-1
"Oceania","GUM","Guam",0,0,0,0,0,0,0,0,2.10493e-3,0,0,0,0,0,0,0,0,0,0,0,0,0,0,0,0,0,0,0,0,0,0,0,0,2.55389e-1,1.08606e-1,0,0,0,0,0,0,9.59028e-4,0,0,0,0,0,0,0,5.39425e-1,6.07398e-1,0,0,0,0,0,0,1.51388e+0
"Oceania","HMD","Heard Island and McDonald Islands",0,0,0,0,0,0,0,0,0,0,0,0,0,0,0,0,0,0,0,0,0,0,0,0,0,0,0,0,0,0,0,0,0,0,0,0,0,0,0,0,0,0,0,0,0,0,0,0,0,0,0,0,0,0,0,0,0,0,
"Oceania","KIR","Kiribati",1.37130e-5,0,2.33361e-4,0,9.06227e-4,0,1.64290e-5,0,1.27203e-2,1.20213e-2,0,0,0,0,0,0,0,0,0,0,0,0,0,0,0,0,0,0,0,0,0,0,0,1.00000e-2,4.03707e-2,0,0,0,0,0,0,5.56146e-3,0,0,0,0,0,0,0,1.00395e-1,8.81232e-2,0,0,0,0,0,0,2.70362e-1
"Oceania","MHL","Marshall Islands",0,0,0,0,0,0,0,0,0,0,0,0,0,0,0,0,0,0,0,0,0,0,0,0,0,0,0,0,0,0,0,0,0,0,0,0,0,0,0,0,0,0,0,0,0,0,0,0,0,9.86530e-2,2.60321e-2,0,0,0,0,0,0,1.24685e-1
"Oceania","MNP","Northern Mariana Islands",0,0,0,0,0,0,0,0,2.60047e-3,0,0,0,0,0,0,0,0,0,0,0,0,0,0,0,0,0,0,0,0,0,0,0,0,0,1.22070e-5,0,0,0,0,0,0,1.18480e-3,0,0,0,0,0,0,0,1.07305e-1,1.66514e-2,0,0,0,0,0,0,1.27754e-1
"Oceania","NCL","New Caledonia",3.47548e-4,0,1.16308e-3,0,3.53016e-2,0,5.58061e-4,0,1.85618e-1,2.66418e-2,0,0,0,0,0,0,0,0,0,0,0,0,0,0,0,0,0,0,0,0,0,0,0,6.95608e+0,8.17853e-1,0,0,0,0,0,0,3.02081e-3,0,0,0,0,0,0,0,6.54186e-1,1.38228e-1,0,0,0,0,0,0,8.81900e+0
"Oceania","NFK","Norfolk Island",0,0,0,0,0,0,0,0,0,0,0,0,0,0,0,0,0,0,0,0,0,0,0,0,0,0,0,0,0,0,0,0,0,0,0,0,0,0,0,0,0,0,0,0,0,0,0,0,0,0,3.96171e-3,0,0,0,0,0,0,3.96171e-3
"Oceania","NIU","Niue",0,0,0,0,0,0,0,0,7.64184e-5,8.66400e-4,0,0,0,0,0,0,0,0,0,0,0,0,0,0,0,0,0,0,0,0,0,0,0,4.25121e-2,2.12100e-2,0,0,0,0,0,0,3.48170e-5,0,0,0,0,0,0,0,3.60174e-3,6.64038e-3,0,0,0,0,0,0,7.49419e-2
"Oceania","NRU","Nauru",0,0,0,0,0,0,0,0,0,0,0,0,0,0,0,0,0,0,0,0,0,0,0,0,0,0,0,0,0,0,0,0,0,1.60000e-3,4.68758e-3,0,0,0,0,0,0,0,0,0,0,0,0,0,0,4.28310e-2,9.14846e-3,0,0,0,0,0,0,5.82670e-2
"Oceania","NZL","New Zealand",1.72467e-2,1.24348e-2,3.72919e-1,6.69888e-4,2.06138e+0,0,4.10306e-3,7.78746e-3,8.92842e+0,1.63276e+1,5.13673e+0,0,0,0,0,0,0,0,0,0,0,0,0,0,0,0,0,0,0,0,0,0,0,9.88896e+2,7.74256e+1,0,0,0,0,0,0,8.23936e-1,0,0,0,0,0,0,0,6.64208e+1,8.68556e+0,0,0,0,0,0,0,1.17512e+3
"Oceania","PCN","Pitcairn",0,0,0,0,0,0,0,0,0,0,0,0,0,0,0,0,0,0,0,0,0,0,0,0,0,0,0,0,0,0,0,0,0,0,0,0,0,0,0,0,0,0,0,0,0,0,0,0,0,0,1.11450e-3,0,0,0,0,0,0,1.11450e-3
"Oceania","PLW","Palau",0,0,0,0,0,0,0,0,0,0,0,0,0,0,0,0,0,0,0,0,0,0,0,0,0,0,0,0,0,0,0,0,0,0,0,0,0,0,0,0,0,0,0,0,0,0,0,0,0,0,3.21663e-2,0,0,0,0,0,0,3.21663e-2
"Oceania","PYF","French Polynesia",1.51608e-4,0,7.80103e-4,0,7.58091e-3,0,1.63450e-4,0,2.40402e-2,0,0,0,0,0,0,0,0,0,0,0,0,0,0,0,0,0,0,0,0,0,0,0,0,5.28964e-1,2.32437e-1,0,0,0,0,0,0,5.76781e-3,0,0,0,0,0,0,0,6.92586e-1,5.10808e-1,0,0,0,0,0,0,2.00328e+0
"Oceania","SLB","Solomon Islands",1.09083e-4,0,1.03341e-3,0,3.56495e-3,0,1.03495e-4,0,3.05065e-1,4.77242e-2,0,0,0,0,0,0,0,0,0,0,0,0,0,0,0,0,0,0,0,0,0,0,0,7.60486e+1,2.15156e+0,1.43445e-1,0,0,0,0,0,7.17533e-3,0,0,0,0,0,0,0,6.29861e-2,2.54422e-1,0,0,0,0,0,0,7.90257e+1
"Oceania","TKL","Tokelau",0,0,0,0,0,0,0,0,3.55302e-4,0,0,0,0,0,0,0,0,0,0,0,0,0,0,0,0,0,0,0,0,0,0,0,0,9.20000e-4,2.80719e-3,0,0,0,0,0,0,1.61880e-4,0,0,0,0,0,0,0,0,1.36568e-2,0,0,0,0,0,0,1.79011e-2
"Oceania","TON","Tonga",0,0,0,0,4.32433e-3,0,0,0,1.04767e-2,1.89525e-2,0,0,0,0,0,0,0,0,0,0,0,0,0,0,0,0,0,0,0,0,0,0,0,4.25944e-1,4.92366e-1,0,0,0,0,0,0,4.77330e-3,0,0,0,0,0,0,0,1.23832e-1,5.74627e-1,0,0,0,0,0,0,1.65530e+0
"Oceania","TUV","Tuvalu",0,0,0,0,0,0,0,0,0,0,0,0,0,0,0,0,0,0,0,0,0,0,0,0,0,0,0,0,0,0,0,0,0,5.50000e-3,1.60861e-2,0,0,0,0,0,0,0,0,0,0,0,0,0,0,4.61327e-3,4.78355e-2,0,0,0,0,0,0,7.40349e-2
"Oceania","VUT","Vanuatu",1.04626e-4,0,6.07536e-4,0,4.96448e-3,0,1.27358e-4,0,1.21745e-1,1.94940e-2,0,0,0,0,0,0,0,0,0,0,0,0,0,0,0,0,0,0,0,0,0,0,0,5.75865e+0,1.01207e+0,0,0,0,0,0,0,2.06425e-2,0,0,0,0,0,0,0,7.19212e-2,4.82188e-1,0,0,0,0,0,0,7.49251e+0
"Oceania","WLF","Wallis and Futuna",0,0,0,0,0,0,0,0,2.26213e-3,0,0,0,0,0,0,0,0,0,0,0,0,0,0,0,0,0,0,0,0,0,0,0,0,6.02377e-2,2.85436e-2,0,0,0,0,0,0,1.03065e-3,0,0,0,0,0,0,0,0,5.43134e-2,0,0,0,0,0,0,1.46388e-1
"Oceania","WSM","Samoa",5.50743e-5,0,6.92103e-4,0,6.80001e-3,0,9.82940e-5,0,2.14450e-1,2.27069e-2,0,0,0,0,0,0,0,0,0,0,0,0,0,0,0,0,0,0,0,0,0,0,0,1.27579e+0,5.64831e-1,0,0,0,0,0,0,1.82963e-3,0,0,0,0,0,0,0,1.90029e-1,8.17330e-1,0,0,0,0,0,0,3.09461e+0
"Antartica","ATA","Antarctica",0,0,0,0,0,0,0,0,0,0,0,0,0,0,0,0,0,0,0,0,0,0,0,0,0,0,0,0,0,0,0,0,0,0,0,0,0,0,0,0,0,0,0,0,0,0,0,0,0,0,0,0,0,0,0,0,0,0,
"Int. Shipping","SEA","Int. Shipping",0,0,0,0,0,0,0,0,0,0,2.51028e+0,0,3.48072e+1,0,0,0,0,0,0,0,0,0,0,0,0,0,0,0,0,0,0,0,0,0,0,0,0,0,0,0,0,0,0,0,0,0,0,0,0,0,0,0,0,0,0,0,0,3.73175e+1
"Int. Aviation","AIR","Int. Aviation",0,0,0,0,0,0,0,0,0,0,0,1.33915e+0,0,0,0,0,0,0,0,0,0,0,0,0,0,0,0,0,0,0,0,0,0,0,0,0,0,0,0,0,0,0,0,0,0,0,0,0,0,0,0,0,0,0,0,0,0,1.33915e+0

"TOTALS",,,4.32087e+1,2.19316e+1,2.62407e+2,1.24995e+0,8.59424e+2,9.57005e+0,9.48951e+0,2.22323e+0,1.01707e+4,2.79782e+4,3.59719e+4,1.33915e+0,3.48072e+1,0,0,0,5.81622e+1,1.34206e+2,0,0,0,0,0,0,0,0,0,0,0,0,0,0,0,7.43449e+4,9.62517e+3,4.79097e+4,0,0,0,0,6.21419e+3,8.83294e+2,7.44963e+3,8.31216e+2,9.90028e+2,0,0,0,0,1.75540e+4,1.63665e+4,2.92468e+2,6.77654e-1,1.46100e+2,0,0,0,02.58167e+5