"Content:","Emissions by country and main source category" 
"Compound:","CH4"
"Year: ","1999"
"Unit:","Gg CH4"
"Source:","European Commission, Joint Research Centre (JRC)/PBL Netherlands Environmental Assessment Agency. Emission Database for Global Atmospheric Research (EDGAR), release version 4.2. http://edgar.jrc.ec.europe.eu, 2010" 
"Dataset:","v4.2_EM_CH4_300911(edgar)"
"Date calculated:","November 30, 1999, 12:00 am"

,,,"Public electricity and heat production","Other Energy Industries","Manufacturing Industries and Construction","Domestic aviation","Road transportation","Rail transportation","Inland navigation","Other transportation","Residential and other sectors","Fugitive emissions from solid fuels","Fugitive emissions from oil and gas","Memo: International aviation","Memo: International navigation","Cement production","Lime production","Production of other minerals","Production of chemicals","Production of metals","Production of pulp/paper/food/drink","Production of halocarbons and SF6","Refrigeration and Air Conditioning","Foam Blowing","Fire Extinguishers","Aerosols","F-gas as Solvent","Semiconductor/Electronics Manufacture","Electrical Equipment","Other F-gas use","Non-energy use of lubricants/waxes (CO2)","Solvent and other product use: paint","Solvent and other product use: degrease","Solvent and other product use: chemicals","Solvent and other product use: other","Enteric fermentation","Manure management","Rice cultivation","Direct soil emissions","Manure in pasture/range/paddock","Indirect N2O from agriculture","Other direct soil emissions","Savanna burning","Agricultural waste burning","Forest fires","Grassland fires","Peat fires and decay of drained peatland","Other vegetation fires","Other biomass burning","Forest Fires-Post burn decay","Forest Land: net carbon stock change","Solid waste disposal on land","Wastewater handling","Waste incineration","Other waste handling","Fossil fuel fires","Indirect N2O from non-agricultural NOx","Indirect N2O from non-agricultural NH3","Other sources",

"World Region","ISO_A3","Country","1A1a","1A1bc","1A2","1A3a","1A3b","1A3c","1A3d","1A3e","1A4","1B1","1B2","1C1","1C2","2A1","2A2","2A7","2B","2C","2D","2E","2F1","2F2","2F3","2F4","2F5","2F7","2F8","2F9","2G","3A","3B","3C","3D","4A","4B","4C","4D1","4D2","4D3","4D4","4E","4F","5A","5C","5D","5F","5F1","5F2","5FL","6A","6B","6C","6D","7A","7B","7C","7D","TOTAL" 
"Canada","CAN","Canada",3.59434e+0,2.11489e+0,1.20281e+1,9.16490e-2,1.19020e+1,3.24048e-1,4.27012e-1,2.23366e-1,4.39365e+1,1.08258e+2,2.04657e+3,0,0,0,0,0,5.57755e+0,1.41010e-1,0,0,0,0,0,0,0,0,0,0,0,0,0,0,0,8.35870e+2,2.53548e+2,0,0,0,0,0,0,8.41509e+0,3.04157e+2,2.59080e+1,0,0,0,0,0,1.11734e+3,1.97885e+2,1.54276e+0,9.74976e+0,0,0,0,0,4.98961e+3
"USA","SPM","Saint Pierre and Miquelon",0,0,0,0,0,0,0,0,0,0,0,0,0,0,0,0,0,0,0,0,0,0,0,0,0,0,0,0,0,0,0,0,0,1.08157e-3,9.39793e-4,0,0,0,0,0,0,0,0,0,0,0,0,0,0,4.90003e-2,1.19330e-2,8.77714e-4,5.20720e-4,0,0,0,0,6.43531e-2
"USA","UMI","United States Minor Outlying Islands",0,0,0,0,0,0,0,0,0,0,0,0,0,0,0,0,0,0,0,0,0,0,0,0,0,0,0,0,0,0,0,0,0,0,0,0,0,0,0,0,0,0,0,0,0,0,0,0,0,0,0,0,0,0,0,0,0,0,
"USA","USA","United States",5.65602e+1,8.57609e+0,6.01854e+1,1.35889e+0,1.28193e+2,1.58827e+0,9.40771e-1,7.48097e-1,3.11258e+2,4.18574e+3,6.56363e+3,0,0,0,0,0,3.33491e+1,1.35197e+0,0,0,0,0,0,0,0,0,0,0,0,0,0,0,0,6.40257e+3,2.06357e+3,3.94551e+2,0,0,0,0,2.45976e+0,3.46500e+1,1.21690e+2,8.15616e+1,0,0,0,0,0,5.65783e+3,8.83604e+2,0,4.90844e+1,1.50000e+1,0,0,0,2.70600e+4
"Mexico","MEX","Mexico",1.73974e+0,1.47100e+0,3.46321e+0,4.39613e-4,2.02746e+1,9.08725e-2,0,2.24831e-2,7.73466e+1,4.55938e+1,1.31128e+3,0,0,0,0,0,1.23415e+0,3.02416e-1,0,0,0,0,0,0,0,0,0,0,0,0,0,0,0,2.19035e+3,1.95097e+2,1.00461e+1,0,0,0,0,5.82600e+1,3.12131e+1,7.39202e+1,8.81832e-2,0,0,0,0,0,3.94118e+2,4.87677e+2,0,0,0,0,0,0,4.90358e+3
"Rest Central America","ABW","Aruba",1.55079e-3,0,8.90952e-3,0,1.51789e-2,0,0,2.64000e-7,4.05887e-3,1.00750e-2,2.29430e-3,0,0,0,0,0,0,0,0,0,0,0,0,0,0,0,0,0,0,0,0,0,0,3.39370e-2,4.18740e-3,0,0,0,0,0,0,0,0,0,0,0,0,0,0,3.99887e-1,3.55852e-1,0,0,0,0,0,0,8.35931e-1
"Rest Central America","AIA","Anguilla",1.88730e-4,0,1.08426e-3,0,0,0,0,0,9.86000e-5,9.14500e-2,0,0,0,0,0,0,0,0,0,0,0,0,0,0,0,0,0,0,0,0,0,0,0,0,0,0,0,0,0,0,0,0,0,0,0,0,0,0,0,8.30599e-3,3.79486e-2,0,0,0,0,0,0,1.39076e-1
"Rest Central America","ANT","Netherlands Antilles",0,8.03018e-2,1.26860e-2,1.50725e-3,1.13048e-1,0,0,0,3.26571e-2,1.45700e-3,3.18555e+0,0,0,0,0,0,0,0,0,0,0,0,0,0,0,0,0,0,0,0,0,0,0,1.48665e-1,7.25650e-3,0,0,0,0,0,0,0,0,0,0,0,0,0,0,1.56150e+0,7.74787e-1,0,0,0,0,0,0,5.91941e+0
"Rest Central America","ATG","Antigua and Barbuda",3.66752e-3,0,7.95208e-3,2.10915e-5,2.10916e-2,0,0,2.00700e-6,7.79128e-3,0,7.78695e-3,0,0,0,0,0,0,0,0,0,0,0,0,0,0,0,0,0,0,0,0,0,0,1.08493e+0,2.54914e-2,0,0,0,0,0,0,1.44733e-3,0,0,0,0,0,0,0,2.98855e-1,2.88045e-1,0,0,0,0,0,0,1.74708e+0
"Rest Central America","BHS","Bahamas",2.00332e-2,0,3.83602e-2,9.40199e-4,1.33998e-1,0,0,6.85770e-5,1.26076e-1,8.30490e-2,5.09600e-2,0,0,0,0,0,0,0,0,0,0,0,0,0,0,0,0,0,0,0,0,0,0,1.50311e-1,8.65699e-3,0,0,0,0,0,0,1.49561e-2,0,0,0,0,0,0,0,6.22613e+0,1.30249e+0,0,0,0,0,0,0,8.15603e+0
"Rest Central America","BLZ","Belize",7.64715e-3,0,2.35182e-2,1.28760e-5,4.96471e-2,0,0,1.22400e-6,1.03034e+0,5.40330e-2,7.72013e-3,0,0,0,0,0,0,0,0,0,0,0,0,0,0,0,0,0,0,0,0,0,0,3.17594e+0,1.17482e-1,5.59467e-1,0,0,0,0,4.77336e-1,3.88949e-1,0,0,0,0,0,0,0,9.56963e-1,1.16738e+0,0,0,0,0,0,0,8.01644e+0
"Rest Central America","BMU","Bermuda",6.19463e-3,0,6.89125e-3,8.77234e-5,1.94288e-2,0,0,1.35900e-6,8.11873e-3,0,8.42072e-3,0,0,0,0,0,0,0,0,0,0,0,0,0,0,0,0,0,0,0,0,0,0,6.74982e-2,2.66760e-3,0,0,0,0,0,0,4.46424e-5,0,0,0,0,0,0,0,8.51501e-1,2.69256e-1,0,0,0,0,0,0,1.24011e+0
"Rest Central America","BRB","Barbados",1.05492e-2,1.00483e-3,2.99062e-2,6.02019e-5,5.41209e-2,0,0,4.73100e-6,2.14585e-2,2.70630e-2,5.94118e-1,0,0,0,0,0,0,0,0,0,0,0,0,0,0,0,0,0,0,0,0,0,0,1.41594e+0,8.49130e-2,0,0,0,0,0,0,1.54326e-1,0,0,0,0,0,0,0,1.68210e+0,1.50084e+0,0,0,0,0,0,0,5.57641e+0
"Rest Central America","CRI","Costa Rica",5.66654e-3,0,3.38484e-1,0,4.83280e-1,0,9.08537e-3,0,6.47639e-1,4.57250e-1,6.78852e+0,0,0,0,0,0,0,0,0,0,0,0,0,0,0,0,0,0,0,0,0,0,0,9.49552e+1,2.65889e+0,7.86902e+0,0,0,0,0,5.42976e-1,1.26333e+0,0,0,0,0,0,0,0,7.30292e+0,1.72041e+1,0,0,0,0,0,0,1.40526e+2
"Rest Central America","CUB","Cuba",4.10803e-1,1.80270e-3,2.94869e+0,0,4.00249e-1,0,0,0,2.21658e+1,5.30410e+0,1.62889e+1,0,0,0,0,0,0,0,0,0,0,0,0,0,0,0,0,0,0,0,0,0,0,2.48955e+2,8.76912e+0,5.49822e+1,0,0,0,0,1.16448e+1,1.07018e+1,0,0,0,0,0,0,0,5.91508e+1,5.86485e+1,0,0,0,0,0,0,5.00372e+2
"Rest Central America","CYM","Cayman Islands",4.50580e-3,0,4.08329e-3,1.35685e-5,1.77743e-2,0,0,1.29000e-6,4.64868e-3,0,5.54390e-3,0,0,0,0,0,0,0,0,0,0,0,0,0,0,0,0,0,0,0,0,0,0,7.78915e-2,4.11750e-3,0,0,0,0,0,0,1.11551e-5,0,0,0,0,0,0,0,7.52895e-1,1.62731e-1,0,0,0,0,0,0,1.03422e+0
"Rest Central America","DMA","Dominica",1.86274e-3,0,7.65948e-3,3.20999e-6,1.15629e-2,0,0,0,1.68179e-3,2.56990e-2,1.43952e-3,0,0,0,0,0,0,0,0,0,0,0,0,0,0,0,0,0,0,0,0,0,0,8.94046e-1,2.21270e-2,0,0,0,0,0,0,2.21315e-3,0,0,0,0,0,0,0,4.79778e-1,3.65073e-1,0,0,0,0,0,0,1.81315e+0
"Rest Central America","DOM","Dominican Republic",8.68007e-2,5.43400e-4,5.40181e-1,0,9.59287e-1,0,0,5.61031e-3,1.22120e+1,3.42937e+1,5.32116e-1,0,0,0,0,0,0,0,0,0,0,0,0,0,0,0,0,0,0,0,0,0,0,1.30494e+2,4.17333e+0,3.88043e+1,0,0,0,0,6.04080e-1,1.76574e+0,0,0,0,0,0,0,0,3.58023e+1,3.55898e+1,4.48764e-1,0,0,0,0,0,2.96312e+2
"Rest Central America","GLP","Guadeloupe",1.25796e-2,0,4.58150e-2,3.34260e-4,8.72537e-2,0,0,9.48000e-6,4.39042e-1,1.76328e-1,2.71539e-2,0,0,0,0,0,0,0,0,0,0,0,0,0,0,0,0,0,0,0,0,0,0,4.18250e+0,1.03911e-1,0,0,0,0,0,0,2.37455e-1,0,0,0,0,0,0,0,3.16201e+0,1.97854e+0,0,0,0,0,0,0,1.04529e+1
"Rest Central America","GRD","Grenada",3.35341e-3,0,1.00804e-2,2.80700e-5,1.66854e-2,0,0,9.12000e-7,4.27432e-3,9.13880e-2,3.24554e-3,0,0,0,0,0,0,0,0,0,0,0,0,0,0,0,0,0,0,0,0,0,0,3.44272e-1,1.42087e-2,0,0,0,0,0,0,4.27357e-3,0,0,0,0,0,0,0,3.68214e-1,5.50473e-1,0,0,0,0,0,0,1.41050e+0
"Rest Central America","GTM","Guatemala",4.24064e-1,1.07019e-2,5.23602e-1,0,6.23626e-1,0,0,6.69888e-4,3.99741e+1,2.65205e+0,3.10024e+0,0,0,0,0,0,0,0,0,0,0,0,0,0,0,0,0,0,0,0,0,0,0,1.44946e+2,3.94912e+0,1.78786e+0,0,0,0,0,8.47848e+0,5.83570e+0,1.59406e+1,0,0,0,0,0,0,1.43545e+1,4.48234e+1,0,0,0,0,0,0,2.87425e+2
"Rest Central America","HND","Honduras",8.55362e-2,0,3.62115e-1,0,3.32089e-1,0,0,0,1.24040e+1,1.82900e+0,0,0,0,0,0,0,0,0,0,0,0,0,0,0,0,0,0,0,0,0,0,0,0,1.01792e+2,3.07173e+0,6.93252e-1,0,0,0,0,2.08457e+0,1.58126e+0,0,0,0,0,0,0,0,5.84847e+0,2.48946e+1,0,0,0,0,0,0,1.54979e+2
"Rest Central America","HTI","Haiti",6.15459e-3,0,2.12773e-1,0,7.94529e-2,0,0,1.54493e-2,1.34815e+1,2.61547e+1,0,0,0,0,0,0,0,0,0,0,0,0,0,0,0,0,0,0,0,0,0,0,0,8.69105e+1,3.58213e+0,7.29739e+0,0,0,0,0,2.11344e-2,8.99626e-1,0,0,0,0,0,0,0,1.49696e+1,3.88628e+1,0,0,0,0,0,0,1.92493e+2
"Rest Central America","JAM","Jamaica",1.95323e-1,3.57919e-4,3.45557e-2,2.09339e-5,4.25403e-1,0,0,1.79614e-2,3.08214e+0,8.68775e+0,1.34513e-1,0,0,0,0,0,0,0,0,0,0,0,0,0,0,0,0,0,0,0,0,0,0,2.86091e+1,9.11270e-1,3.52707e-3,0,0,0,0,0,7.09132e-1,0,0,0,0,0,0,0,1.06483e+1,1.18467e+1,0,0,0,0,0,0,6.53061e+1
"Rest Central America","KNA","Saint Kitts and Nevis",1.76567e-3,0,4.03644e-3,3.34550e-5,6.06133e-3,0,0,0,8.92199e-2,0,1.61647e-3,0,0,0,0,0,0,0,0,0,0,0,0,0,0,0,0,0,0,0,0,0,0,3.60788e-1,1.04840e-2,0,0,0,0,0,0,5.85642e-2,0,0,0,0,0,0,0,7.28934e-1,2.40687e-1,0,0,0,0,0,0,1.50219e+0
"Rest Central America","LCA","Saint Lucia",4.86151e-3,0,1.52312e-2,5.97999e-6,1.85862e-2,0,0,3.27000e-7,1.63047e-2,2.80860e-2,3.44682e-3,0,0,0,0,0,0,0,0,0,0,0,0,0,0,0,0,0,0,0,0,0,0,8.59591e-1,3.36180e-2,0,0,0,0,0,0,8.25822e-3,0,0,0,0,0,0,0,1.67710e-1,7.09084e-1,0,0,0,0,0,0,1.86478e+0
"Rest Central America","MSR","Montserrat",5.35337e-4,0,5.11512e-4,3.89850e-6,5.23379e-3,0,0,0,5.70827e-4,0,8.11427e-4,0,0,0,0,0,0,0,0,0,0,0,0,0,0,0,0,0,0,0,0,0,0,6.20505e-1,1.38480e-2,0,0,0,0,0,0,4.62834e-5,0,0,0,0,0,0,0,1.12455e-2,4.17596e-2,0,0,0,0,0,0,6.95071e-1
"Rest Central America","MTQ","Martinique",1.87595e-2,0,4.34483e-2,3.22186e-4,8.14279e-2,0,0,1.45890e-5,7.26461e-2,1.51435e-1,3.01817e-2,0,0,0,0,0,0,0,0,0,0,0,0,0,0,0,0,0,0,0,0,0,0,1.79469e+0,7.06500e-2,0,0,0,0,0,0,6.87724e-2,0,0,0,0,0,0,0,4.99372e+0,1.71906e+0,0,0,0,0,0,0,9.04512e+0
"Rest Central America","NIC","Nicaragua",1.28703e-2,1.90109e-3,2.94533e-1,2.09339e-5,1.77653e-1,0,5.27537e-3,0,1.37099e+1,2.37770e+0,2.16073e-1,0,0,0,0,0,0,0,0,0,0,0,0,0,0,0,0,0,0,0,0,0,0,1.71805e+2,4.35955e+0,6.83523e+0,0,0,0,0,9.12624e-1,1.60781e+0,0,0,0,0,0,0,0,2.13911e+1,2.36585e+1,0,0,0,0,0,0,2.47366e+2
"Rest Central America","PAN","Panama",2.82754e-2,2.21525e-3,1.34647e-1,0,4.98777e-1,0,0,3.62997e-2,5.82199e+0,5.48700e-1,6.76326e-1,0,0,0,0,0,0,0,0,0,0,0,0,0,0,0,0,0,0,0,0,0,0,8.92706e+1,2.15720e+0,9.48661e+0,0,0,0,0,6.65208e-2,7.71928e-1,0,0,0,0,0,0,0,9.73883e+0,1.26634e+1,0,0,0,0,0,0,1.31902e+2
"Rest Central America","PRI","Puerto Rico",0,0,0,0,0,0,0,0,0,0,0,0,0,0,0,0,0,0,0,0,0,0,0,0,0,0,0,0,0,0,0,0,0,2.75945e+1,8.14048e-1,0,0,0,0,0,0,2.21493e-2,0,0,0,0,0,0,0,4.92612e+1,1.93907e+1,0,0,0,0,0,0,9.70826e+1
"Rest Central America","SLV","El Salvador",1.29545e-1,8.37360e-4,2.88274e-1,0,3.54052e-1,0,0,0,1.61787e+1,1.55465e+0,2.71569e-1,0,0,0,0,0,0,0,0,0,0,0,0,0,0,0,0,0,0,0,0,0,0,6.72021e+1,2.04156e+0,1.32570e+0,0,0,0,0,5.53992e-1,2.13162e+0,0,0,0,0,0,0,0,1.78701e+1,2.76351e+1,0,0,0,0,0,0,1.37538e+2
"Rest Central America","TCA","Turks and Caicos Islands",3.13050e-4,0,1.79862e-3,0,0,0,0,0,1.63600e-4,6.57200e-3,0,0,0,0,0,0,0,0,0,0,0,0,0,0,0,0,0,0,0,0,0,0,0,0,0,0,0,0,0,0,0,0,0,0,0,0,0,0,0,8.10742e-2,7.41284e-2,0,0,0,0,0,0,1.64050e-1
"Rest Central America","TTO","Trinidad and Tobago",2.53153e-1,9.96004e-2,3.76394e-2,0,2.80227e-1,0,0,0,7.05737e-1,1.70097e-1,1.71312e+2,0,0,0,0,0,4.81958e+0,0,0,0,0,0,0,0,0,0,0,0,0,0,0,0,0,2.61279e+0,2.39532e-1,2.67571e-1,0,0,0,0,0,3.75547e-1,0,0,0,0,0,0,0,9.84043e+0,3.77698e+1,0,0,0,0,0,0,2.28783e+2
"Rest Central America","VCT","Saint Vincent and the Grenadines",3.90377e-3,0,1.14804e-2,5.89500e-6,1.16413e-2,0,0,5.61000e-7,2.23926e-2,3.10930e-2,2.77938e-3,0,0,0,0,0,0,0,0,0,0,0,0,0,0,0,0,0,0,0,0,0,0,4.74233e-1,2.03160e-2,0,0,0,0,0,0,1.24270e-2,0,0,0,0,0,0,0,4.99277e-1,5.39735e-1,0,0,0,0,0,0,1.62929e+0
"Rest Central America","VGB","Virgin Islands_British",9.71631e-4,0,2.02682e-3,4.05800e-6,5.56619e-3,0,0,0,7.24216e-4,2.66600e-3,9.63605e-4,0,0,0,0,0,0,0,0,0,0,0,0,0,0,0,0,0,0,0,0,0,0,4.96543e-1,2.81092e-2,0,0,0,0,0,0,0,0,0,0,0,0,0,0,1.91944e-1,8.44190e-2,0,0,0,0,0,0,8.13937e-1
"Rest Central America","VIR","Virgin Islands_USA",0,0,0,0,0,0,0,0,0,0,0,0,0,0,0,0,0,0,0,0,0,0,0,0,0,0,0,0,0,0,0,0,0,4.42400e-2,8.57493e-3,0,0,0,0,0,0,9.55832e-2,0,0,0,0,0,0,0,1.17471e+0,4.87578e-1,0,0,0,0,0,0,1.81069e+0
"Brazil","BRA","Brazil",2.40360e+0,8.91401e+0,2.77612e+1,6.34510e-2,2.01904e+1,6.08133e-2,3.24142e-1,0,1.10352e+2,5.51365e+2,4.85742e+2,0,0,0,0,0,2.19867e+0,2.31934e+0,0,0,0,0,0,0,0,0,0,0,0,0,0,0,0,1.05647e+4,2.42953e+2,2.70017e+2,0,0,0,0,5.18712e+2,1.64980e+2,1.72797e+3,5.59152e+0,0,0,0,0,0,7.11306e+2,1.79191e+3,7.98291e+0,2.89840e+0,0,0,0,0,1.72207e+4
"Rest South America","ARG","Argentina",1.07780e+0,5.37674e-1,3.57234e+0,3.56296e-2,1.01127e+1,0,1.34815e-2,3.47086e-2,7.63705e+0,3.09005e+1,6.98239e+2,0,0,0,0,0,2.50949e-1,9.87048e-2,0,0,0,0,0,0,0,0,0,0,0,0,0,0,0,3.28724e+3,6.01923e+1,3.51491e+1,0,0,0,0,1.50634e+1,4.13663e+1,3.48476e+1,6.55992e+1,0,0,0,0,0,1.64990e+2,2.24055e+2,0,0,0,0,0,0,4.68102e+3
"Rest South America","BOL","Bolivia",1.04325e-1,3.70337e-2,5.15052e-1,2.99357e-3,5.27006e-1,2.95379e-3,3.80999e-3,0,8.29742e+0,1.92045e+0,1.26448e+2,0,0,0,0,0,0,0,0,0,0,0,0,0,0,0,0,0,0,0,0,0,0,4.19191e+2,1.27709e+1,2.20138e+1,0,0,0,0,1.30430e+2,3.04879e+0,1.00375e+3,0,0,0,0,0,0,1.66128e+1,3.79827e+1,0,0,0,0,0,0,1.78366e+3
"Rest South America","BVT","Bouvet Island",0,0,0,0,0,0,0,0,0,0,0,0,0,0,0,0,0,0,0,0,0,0,0,0,0,0,0,0,0,0,0,0,0,0,0,0,0,0,0,0,0,0,0,0,0,0,0,0,0,0,0,0,0,0,0,0,0,0,
"Rest South America","CHL","Chile",8.56599e-1,1.37275e-1,1.80891e+0,1.34387e-2,2.74512e+0,3.30129e-3,9.78873e-2,0,3.54572e+1,3.03904e+1,1.21508e+2,0,0,0,0,0,4.75655e+0,6.46910e-3,0,0,0,0,0,0,0,0,0,0,0,0,0,0,0,3.17183e+2,9.80470e+0,1.78786e+0,0,0,0,0,0,1.68989e+0,6.50304e-1,9.84312e+0,0,0,0,0,0,4.55054e+1,2.14891e+2,0,0,0,0,0,0,7.99136e+2
"Rest South America","COL","Colombia",2.77479e-1,3.24478e-1,3.26720e+0,9.00161e-4,5.36377e+0,2.69002e-3,4.36683e-2,0,3.41184e+1,9.15956e+1,3.34350e+2,0,0,0,0,0,9.78778e-2,2.61800e-2,0,0,0,0,0,0,0,0,0,0,0,0,0,0,0,1.54514e+3,3.75173e+1,1.05435e+2,0,0,0,0,8.72472e+0,1.22715e+1,2.35926e+1,0,0,0,0,0,0,8.51919e+1,1.92817e+2,0,0,0,0,0,0,2.48016e+3
"Rest South America","ECU","Ecuador",1.69067e-2,4.46342e-2,5.59481e-1,1.04670e-4,1.51469e+0,0,7.44415e-2,0,1.03140e+1,9.14134e+0,1.16017e+2,0,0,0,0,0,7.47000e-5,0,0,0,0,0,0,0,0,0,0,0,0,0,0,0,0,3.25924e+2,9.89346e+0,9.70424e+1,0,0,0,0,4.12440e-1,3.17332e+0,0,0,0,0,0,0,0,2.04035e+1,5.38193e+1,0,0,0,0,0,0,6.48351e+2
"Rest South America","FLK","Falkland Islands (Malvinas)",5.75013e-4,0,3.19428e-4,4.22900e-6,9.18604e-4,0,0,0,2.79086e-4,7.78100e-3,4.25226e-4,0,0,0,0,0,0,0,0,0,0,0,0,0,0,0,0,0,0,0,0,0,0,3.81598e+0,7.56571e-2,0,0,0,0,0,0,0,0,0,0,0,0,0,0,1.87167e-2,1.66327e-2,9.16136e-5,1.65804e-5,0,0,0,0,3.93740e+0
"Rest South America","GUF","French Guiana",6.32102e-3,0,1.89706e-2,2.55545e-4,2.37493e-2,0,0,1.52940e-5,2.98268e-1,3.26492e-1,1.42302e-2,0,0,0,0,0,0,0,0,0,0,0,0,0,0,0,0,0,0,0,0,0,0,5.41160e-1,3.11944e-2,9.26769e-1,0,0,0,0,0,2.02645e-2,6.22105e-1,0,0,0,0,0,0,8.46768e-1,7.62193e-1,2.71793e-3,4.84044e-4,0,0,0,0,4.44196e+0
"Rest South America","GUY","Guyana",2.77223e-2,0,7.65897e-2,1.14166e-4,6.07085e-2,0,0,5.40000e-7,3.08710e+0,1.82776e-1,2.25432e-2,0,0,0,0,0,0,0,0,0,0,0,0,0,0,0,0,0,0,0,0,0,0,7.04467e+0,3.95237e-1,4.05066e+1,0,0,0,0,3.42672e-1,1.30221e+0,0,0,0,0,0,0,0,1.36901e+0,4.11911e+0,4.41934e-3,7.81880e-4,0,0,0,0,5.85423e+1
"Rest South America","PER","Peru",1.30647e-1,7.36906e-2,3.69904e-1,4.18681e-5,1.42678e+0,0,2.11015e-2,0,2.66904e+1,8.26412e+0,3.72093e+1,0,0,0,0,0,3.00000e-4,1.67820e-1,0,0,0,0,0,0,0,0,0,0,0,0,0,0,0,3.65710e+2,1.17179e+1,9.07150e+1,0,0,0,0,4.62768e+0,4.44198e+0,1.70734e+1,0,0,0,0,0,0,5.56772e+1,1.15149e+2,0,0,0,0,0,0,7.39467e+2
"Rest South America","PRY","Paraguay",5.61449e-2,0,1.82523e+0,0,3.82822e-1,8.79228e-3,0,5.86152e-4,1.84416e+1,1.46320e+1,3.01851e-2,0,0,0,0,0,0,0,0,0,0,0,0,0,0,0,0,0,0,0,0,0,0,5.43531e+2,1.25994e+1,3.38113e+0,0,0,0,0,1.26427e+2,3.85998e+0,1.03146e+2,1.72272e+1,0,0,0,0,0,1.89550e+1,2.54795e+1,0,0,0,0,0,0,8.89984e+2
"Rest South America","SGS","South Georgia and the South Sandwich Islands",0,0,0,0,0,0,0,0,0,0,0,0,0,0,0,0,0,0,0,0,0,0,0,0,0,0,0,0,0,0,0,0,0,0,0,0,0,0,0,0,0,0,0,0,0,0,0,0,0,0,0,0,0,0,0,0,0,0,
"Rest South America","SUR","Suriname",1.69041e-2,0,4.81262e-2,7.02746e-5,4.90850e-2,0,0,4.42500e-6,1.71705e-1,6.31005e-1,4.37124e-2,0,0,0,0,0,0,0,0,0,0,0,0,0,0,0,0,0,0,0,0,0,0,5.97690e+0,2.34431e-1,1.50561e+1,0,0,0,0,0,1.62082e-1,3.42020e+0,0,0,0,0,0,0,1.85322e+0,2.38680e+0,5.93343e-3,1.05766e-3,0,0,0,0,3.00574e+1
"Rest South America","URY","Uruguay",1.92632e-2,6.48494e-3,2.01176e-1,1.67472e-4,4.50368e-1,0,0,1.25604e-4,3.94584e+0,1.82900e-1,2.16734e+0,0,0,0,0,0,0,2.20000e-4,0,0,0,0,0,0,0,0,0,0,0,0,0,0,0,7.56550e+2,1.40249e+1,6.32556e+1,0,0,0,0,0,1.45334e+0,0,2.47728e-1,0,0,0,0,0,2.02881e+1,1.64570e+1,0,0,0,0,0,0,8.79250e+2
"Rest South America","VEN","Venezuela",4.10203e-1,1.37456e+0,1.13914e+0,0,9.94171e+0,1.91127e-3,0,5.23350e-3,8.94301e+0,1.22140e+2,1.15605e+3,0,0,0,0,0,3.51569e+0,1.06937e-1,0,0,0,0,0,0,0,0,0,0,0,0,0,0,0,9.26334e+2,2.55384e+1,1.81219e+1,0,0,0,0,1.94482e+1,3.94046e+0,2.65778e+1,0,0,0,0,0,0,1.11303e+2,1.29313e+2,0,0,0,0,0,0,2.56420e+3
"Northern_Africa","DZA","Algeria",7.51531e-1,6.88859e-1,1.84853e-1,0,2.23312e+0,0,0,3.29501e-2,2.54864e+1,4.93716e+1,1.70586e+3,0,0,0,0,0,2.46034e-1,1.17950e-1,0,0,0,0,0,0,0,0,0,0,0,0,0,0,0,1.92462e+2,7.79006e+0,2.59936e-2,0,0,0,0,0,7.99479e-2,0,0,0,0,0,0,0,7.66309e+1,1.15142e+2,0,0,0,0,0,0,2.17710e+3
"Northern_Africa","EGY","Egypt",6.77026e-1,2.22044e-1,1.67593e+0,9.83899e-3,3.15055e+0,0,1.81707e-1,0,5.82639e+1,1.11897e+2,4.99642e+2,0,0,0,0,0,9.57000e-3,2.08800e-1,0,0,0,0,0,0,0,0,0,0,0,0,0,0,0,4.05594e+2,1.31563e+1,2.04519e+2,0,0,0,0,0,5.58763e-1,0,0,0,0,0,0,0,1.27334e+2,2.22853e+2,0,0,0,0,0,0,1.64995e+3
"Northern_Africa","ESH","Western Sahara",8.76581e-4,5.76311e-5,1.23690e-2,7.13769e-5,7.27281e-3,2.74315e-6,0,0,1.61131e-2,0,5.61713e-3,0,0,0,0,0,0,0,0,0,0,0,0,0,0,0,0,0,0,0,0,0,0,1.00793e+1,2.79923e-1,0,0,0,0,0,0,9.42030e-5,0,0,0,0,0,0,0,3.55049e-1,1.26436e+0,0,0,0,0,0,0,1.20211e+1
"Northern_Africa","LBY","Libyan Arab Jamahiriya",2.23900e-1,1.15401e-1,8.63737e-2,6.28019e-5,2.71578e+0,0,0,0,2.16148e+0,7.94077e+0,4.92932e+2,0,0,0,0,0,1.39062e+0,0,0,0,0,0,0,0,0,0,0,0,0,0,0,0,0,4.14242e+1,1.78534e+0,0,0,0,0,0,0,1.00686e-2,0,0,0,0,0,0,0,2.38203e+1,2.46724e+1,0,0,0,0,0,0,5.99278e+2
"Northern_Africa","MAR","Morocco",4.57668e-2,6.61514e-3,3.91508e-1,0,3.81593e-1,0,5.18745e-2,0,4.15833e+0,9.85818e+0,5.57177e+0,0,0,0,0,0,0,0,0,0,0,0,0,0,0,0,0,0,0,0,0,0,0,2.35534e+2,9.80085e+0,1.00076e+0,0,0,0,0,0,1.83311e-1,0,0,0,0,0,0,0,5.78249e+1,1.18994e+2,0,0,0,0,0,0,4.43803e+2
"Northern_Africa","TUN","Tunisia",3.27940e-1,2.78461e-3,1.00567e-1,0,4.48415e-1,0,0,1.25604e-4,8.82377e+0,1.43576e+1,1.32391e+2,0,0,0,0,0,0,1.54700e-2,0,0,0,0,0,0,0,0,0,0,0,0,0,0,0,9.29974e+1,4.22363e+0,0,0,0,0,0,0,7.09172e-2,0,0,0,0,0,0,0,2.83172e+1,3.62854e+1,0,0,0,0,0,0,3.18363e+2
"Western_Africa","BEN","Benin",1.63285e-3,0,1.31193e-2,0,2.70723e-1,0,0,0,2.25559e+1,1.46320e+1,0,0,0,0,0,0,0,0,0,0,0,0,0,0,0,0,0,0,0,0,0,0,0,5.34612e+1,2.28807e+0,2.28744e+0,0,0,0,0,3.23832e+1,5.62055e-1,5.75933e+1,0,0,0,0,0,0,6.27061e+0,2.95025e+1,0,0,0,0,0,0,2.21822e+2
"Western_Africa","BFA","Burkina Faso",2.77160e-3,1.13270e-4,4.31609e-1,1.02146e-3,8.61190e-2,5.39085e-6,0,0,2.78896e+1,1.00595e+1,2.77202e-2,0,0,0,0,0,0,0,0,0,0,0,0,0,0,0,0,0,0,0,0,0,0,2.74357e+2,1.30453e+1,4.93880e+0,0,0,0,0,3.23112e+1,9.76473e-1,0,0,0,0,0,0,0,3.98558e+0,4.27402e+1,0,0,0,0,0,0,4.10853e+2
"Western_Africa","CAF","Central African Republic",5.91432e-4,3.86905e-5,1.45751e-1,4.08317e-4,2.99521e-2,1.83845e-6,0,0,7.76130e+0,1.92045e+0,7.93738e-3,0,0,0,0,0,0,0,0,0,0,0,0,0,0,0,0,0,0,0,0,0,0,1.31961e+2,4.26774e+0,1.81955e+0,0,0,0,0,7.56456e+2,1.71274e-1,2.29133e+2,0,0,0,0,0,0,6.09923e+0,1.59150e+1,0,0,0,0,0,0,1.15569e+3
"Western_Africa","CIV","Cote d'Ivoire",1.27681e-1,7.20089e-3,3.02706e-2,0,1.75235e-1,4.69133e-3,1.84638e-2,0,3.57843e+1,6.35577e+1,2.44581e+1,0,0,0,0,0,0,0,0,0,0,0,0,0,0,0,0,0,0,0,0,0,0,6.50178e+1,2.83314e+0,1.15151e+1,0,0,0,0,1.30978e+1,9.24695e-1,1.90611e+2,0,0,0,0,0,0,3.11249e+1,6.62321e+1,0,0,0,0,0,0,5.05520e+2
"Western_Africa","CMR","Cameroon",1.50725e-3,0,1.01161e+0,0,3.63681e-1,0,0,0,3.35887e+1,8.87065e+0,7.49973e+1,0,0,0,0,0,0,0,0,0,0,0,0,0,0,0,0,0,0,0,0,0,0,2.34283e+2,8.53808e+0,2.65135e+0,0,0,0,0,1.06704e+2,6.01925e-1,5.47223e+1,0,0,0,0,0,0,3.16083e+1,6.94566e+1,0,0,0,0,0,0,6.27399e+2
"Western_Africa","COD","Congo_the Democratic Republic of the",5.02416e-4,3.34944e-4,3.39521e+0,0,1.46697e-1,0,0,0,2.29317e+2,1.28975e+1,4.24548e+0,0,0,0,0,0,0,0,0,0,0,0,0,0,0,0,0,0,0,0,0,0,0,5.11950e+0,2.31752e-1,6.03052e+1,0,0,0,0,5.04432e+2,3.67800e+0,1.35286e+3,0,0,0,0,0,0,5.26893e+1,1.93884e+2,0,0,0,0,0,0,2.42320e+3
"Western_Africa","COG","Congo",5.02416e-4,0,1.25604e-4,4.81482e-4,4.41022e-2,0,0,0,5.08566e+0,2.51487e+1,1.28218e+2,0,0,0,0,0,0,0,0,0,0,0,0,0,0,0,0,0,0,0,0,0,0,5.86121e+1,3.26931e+0,2.36542e-1,0,0,0,0,1.62617e+1,1.46922e-1,3.77509e+1,0,0,0,0,0,0,6.78701e+0,1.39846e+1,0,0,0,0,0,0,2.95546e+2
"Western_Africa","CPV","Cape Verde",4.79404e-4,3.13325e-5,1.74045e-2,7.87215e-5,8.25031e-3,1.48985e-6,0,0,6.15208e-2,4.09200e-3,3.44319e-3,0,0,0,0,0,0,0,0,0,0,0,0,0,0,0,0,0,0,0,0,0,0,1.79245e+0,6.14321e-1,0,0,0,0,0,0,2.47314e-2,0,0,0,0,0,0,0,8.57363e-1,1.88674e+0,0,0,0,0,0,0,5.27090e+0
"Western_Africa","GAB","Gabon",3.08986e-2,1.33978e-3,2.38103e-1,0,6.46318e-2,0,0,0,1.86179e+0,1.36078e+0,1.73183e+2,0,0,0,0,0,0,0,0,0,0,0,0,0,0,0,0,0,0,0,0,0,0,2.83437e+0,3.58639e-1,5.19873e-2,0,0,0,0,1.20185e+0,3.92753e-2,5.21370e+0,0,0,0,0,0,0,7.51647e+0,6.14063e+0,0,0,0,0,0,0,2.00097e+2
"Western_Africa","GHA","Ghana",4.38358e-2,1.96780e-3,4.73737e-1,0,7.13713e-1,5.38633e-3,1.05507e-2,0,7.72523e+1,5.24923e+1,3.65793e-1,0,0,0,0,0,0,0,0,0,0,0,0,0,0,0,0,0,0,0,0,0,0,7.07995e+1,3.31295e+0,1.36467e+1,0,0,0,0,6.52104e+1,1.03465e+0,1.05448e+1,0,0,0,0,0,0,3.21489e+1,8.40995e+1,0,0,0,0,0,0,4.12157e+2
"Western_Africa","GIN","Guinea",2.22702e-3,1.06099e-4,3.30139e-1,7.97573e-4,1.08436e-1,5.05055e-6,0,0,4.19766e+1,2.51058e+1,3.06128e-2,0,0,0,0,0,0,0,0,0,0,0,0,0,0,0,0,0,0,0,0,0,0,8.59724e+1,3.31344e+0,6.04304e+1,0,0,0,0,7.67016e+1,7.06337e-1,1.12139e+2,0,0,0,0,0,0,1.15907e+1,3.33861e+1,0,0,0,0,0,0,4.51795e+2
"Western_Africa","GMB","Gambia",8.11440e-4,5.42861e-5,5.01842e-2,1.31908e-4,3.59175e-2,2.58130e-6,0,0,1.91170e+0,4.17105e+0,6.24654e-3,0,0,0,0,0,0,0,0,0,0,0,0,0,0,0,0,0,0,0,0,0,0,1.36710e+1,5.29709e-1,1.89754e+0,0,0,0,0,3.78432e+0,3.72901e-2,0,0,0,0,0,0,0,1.45987e+0,4.57560e+0,0,0,0,0,0,0,3.21314e+1
"Western_Africa","GNB","Guinea-Bissau",7.57141e-4,4.16785e-5,5.30711e-2,1.87373e-4,2.12879e-2,1.98370e-6,0,0,1.75214e+0,4.57250e-2,7.99535e-3,0,0,0,0,0,0,0,0,0,0,0,0,0,0,0,0,0,0,0,0,0,0,1.89762e+1,1.00898e+0,8.83784e+0,0,0,0,0,1.14682e+1,1.08971e-1,0,0,0,0,0,0,0,1.39050e+0,5.57946e+0,0,0,0,0,0,0,4.92514e+1
"Western_Africa","GNQ","Equatorial Guinea",2.52482e-4,4.36622e-5,1.73545e-2,1.53324e-4,1.09418e-2,2.07915e-6,0,0,1.60421e+0,5.86210e-1,6.97940e+1,0,0,0,0,0,0,0,0,0,0,0,0,0,0,0,0,0,0,0,0,0,0,3.84276e-1,2.45260e-2,0,0,0,0,0,0,1.85384e-2,0,0,0,0,0,0,0,9.61059e-1,1.93508e+0,0,0,0,0,0,0,7.53367e+1
"Western_Africa","LBR","Liberia",1.15066e-3,5.80377e-5,1.15618e-1,1.93419e-4,3.18281e-2,2.75975e-6,0,0,1.50314e+1,1.22964e+1,1.06165e-2,0,0,0,0,0,0,0,0,0,0,0,0,0,0,0,0,0,0,0,0,0,0,3.45574e+0,3.01592e-1,1.89790e+0,0,0,0,0,3.48720e+0,1.88109e-1,1.65485e-1,0,0,0,0,0,0,3.86987e+0,1.17058e+1,0,0,0,0,0,0,5.25590e+1
"Western_Africa","MLI","Mali",1.91003e-3,1.05937e-4,4.43950e-1,2.93506e-4,7.60141e-2,5.04225e-6,0,0,1.90030e+1,8.51858e+0,1.45460e-2,0,0,0,0,0,0,0,0,0,0,0,0,0,0,0,0,0,0,0,0,0,0,3.27088e+2,1.28064e+1,4.22397e+1,0,0,0,0,6.09528e+1,1.03809e+0,2.83404e+1,0,0,0,0,0,0,6.94273e+0,4.73854e+1,0,0,0,0,0,0,5.54852e+2
"Western_Africa","MRT","Mauritania",6.22396e-3,2.87902e-4,1.15877e-1,1.94372e-3,3.35093e-1,1.37075e-5,0,0,5.43958e+0,1.14852e+1,9.01774e-2,0,0,0,0,0,0,0,0,0,0,0,0,0,0,0,0,0,0,0,0,0,0,1.73645e+2,7.73805e+0,2.83331e+0,0,0,0,0,9.84936e-2,1.37235e-1,0,0,0,0,0,0,0,4.00872e+0,1.20721e+1,0,0,0,0,0,0,2.18007e+2
"Western_Africa","NER","Niger",4.02662e-3,1.94311e-4,4.48225e-1,1.38152e-4,5.87554e-2,9.25035e-6,0,0,2.98528e+1,3.80179e+1,1.85134e-2,0,0,0,0,0,0,0,0,0,0,0,0,0,0,0,0,0,0,0,0,0,0,1.54896e+2,6.92900e+0,1.96252e+0,0,0,0,0,1.83545e+0,1.50234e+0,0,0,0,0,0,0,0,4.57365e+0,4.40762e+1,0,0,0,0,0,0,2.84176e+2
"Western_Africa","NGA","Nigeria",1.88985e-1,2.94737e-1,8.81848e+0,0,4.72602e+0,5.03881e-3,8.49919e-3,0,2.28583e+2,7.99539e+1,1.57965e+3,0,0,0,0,0,7.20000e-5,0,0,0,0,0,0,0,0,0,0,0,0,0,0,0,0,7.66336e+2,3.46682e+1,2.61108e+2,0,0,0,0,1.17084e+2,1.11917e+1,8.51156e+0,0,0,0,0,0,0,8.60108e+1,4.89559e+2,0,0,0,0,0,0,3.67670e+3
"Western_Africa","SEN","Senegal",9.40138e-2,3.34944e-4,2.33623e-2,0,9.69611e-2,0,1.05507e-2,0,2.08488e+1,3.39279e+1,1.47942e+0,0,0,0,0,0,0,0,0,0,0,0,0,0,0,0,0,0,0,0,0,0,0,1.55540e+2,6.97282e+0,1.24509e+1,0,0,0,0,4.71288e+1,3.24888e-1,0,0,0,0,0,0,0,1.49989e+1,4.66487e+1,0,0,0,0,0,0,3.40547e+2
"Western_Africa","SHN","Saint Helena",0,0,1.94706e-4,0,6.17150e-4,0,0,0,3.07139e-4,0,1.27996e-4,0,0,0,0,0,0,0,0,0,0,0,0,0,0,0,0,0,0,0,0,0,0,4.44892e-2,4.17493e-3,0,0,0,0,0,0,0,0,0,0,0,0,0,0,1.44337e-2,2.67699e-2,0,0,0,0,0,0,9.11148e-2
"Western_Africa","SLE","Sierra Leone",2.97750e-3,1.40212e-4,1.74915e-1,4.63659e-4,3.85920e-2,6.67320e-6,0,0,1.88086e+1,2.57112e+1,2.24292e-2,0,0,0,0,0,0,0,0,0,0,0,0,0,0,0,0,0,0,0,0,0,0,1.50621e+1,7.06264e-1,1.61876e+1,0,0,0,0,1.39642e+1,2.72590e-1,2.97745e+0,0,0,0,0,0,0,4.84289e+0,2.00371e+1,0,0,0,0,0,0,1.18809e+2
"Western_Africa","STP","Sao Tome and Principe",3.90535e-4,2.56304e-5,5.47242e-3,3.47715e-5,6.27474e-3,1.22010e-6,0,0,1.00437e-2,6.48117e-1,2.05334e-3,0,0,0,0,0,0,0,0,0,0,0,0,0,0,0,0,0,0,0,0,0,0,2.01958e-1,1.70092e-2,0,0,0,0,0,0,1.38569e-3,0,0,0,0,0,0,0,2.58988e-1,5.53465e-1,0,0,0,0,0,0,1.70522e+0
"Western_Africa","TCD","Chad",5.60989e-4,3.31543e-5,3.11405e-1,5.52330e-5,7.60357e-3,1.57700e-6,0,0,2.18027e+1,2.75530e+1,4.75046e-3,0,0,0,0,0,0,0,0,0,0,0,0,0,0,0,0,0,0,0,0,0,0,2.63854e+2,1.00547e+1,1.18141e+1,0,0,0,0,1.75229e+2,5.74366e-1,0,0,0,0,0,0,0,4.48519e+0,3.07405e+1,0,0,0,0,0,0,5.46432e+2
"Western_Africa","TGO","Togo",3.51453e-3,0,1.16812e-2,0,1.65197e-1,0,0,0,2.11864e+1,4.00551e+1,0,0,0,0,0,0,0,0,0,0,0,0,0,0,0,0,0,0,0,0,0,0,0,2.32988e+1,1.40704e+0,4.95179e+0,0,0,0,0,2.45208e+1,4.12504e-1,9.41256e+0,0,0,0,0,0,0,5.22900e+0,2.11796e+1,0,0,0,0,0,0,1.51834e+2
"Eastern_Africa","BDI","Burundi",8.93508e-4,3.67234e-5,2.50488e-1,2.72685e-4,3.34288e-2,1.74715e-6,0,0,1.91400e+1,5.21265e+0,1.02155e-2,0,0,0,0,0,0,0,0,0,0,0,0,0,0,0,0,0,0,0,0,0,0,1.63529e+1,6.50500e-1,2.33943e+0,0,0,0,0,0,3.63810e-1,0,0,0,0,0,0,0,8.69595e-1,2.60524e+1,0,0,0,0,0,0,7.12766e+1
"Eastern_Africa","COM","Comoros",1.36890e-4,1.73013e-5,2.67263e-2,1.01609e-4,6.56632e-3,8.21700e-7,0,0,5.68222e-2,2.60140e+0,2.24874e-3,0,0,0,0,0,0,0,0,0,0,0,0,0,0,0,0,0,0,0,0,0,0,2.59520e+0,1.14849e-1,1.81955e+0,0,0,0,0,0,1.27602e-2,0,0,0,0,0,0,0,6.94936e-1,2.81318e+0,0,0,0,0,0,0,1.07445e+1
"Eastern_Africa","DJI","Djibouti",2.17971e-3,1.32925e-4,4.01977e-2,3.42090e-4,2.78388e-2,6.32875e-6,0,0,7.92450e-2,3.48307e+0,4.28833e-2,0,0,0,0,0,0,0,0,0,0,0,0,0,0,0,0,0,0,0,0,0,0,1.71878e+1,6.86482e-1,0,0,0,0,0,0,1.81743e-6,0,0,0,0,0,0,0,1.47259e+0,3.33050e+0,0,0,0,0,0,0,2.63533e+1
"Eastern_Africa","ERI","Eritrea",2.16291e-3,0,1.75846e-3,0,3.72768e-2,0,0,0,8.43712e+0,6.85875e+0,0,0,0,0,0,0,0,0,0,0,0,0,0,0,0,0,0,0,0,0,0,0,0,8.63686e+1,2.93421e+0,0,0,0,0,0,5.25288e+0,1.36771e-1,0,0,0,0,0,0,0,1.26187e+0,1.51252e+1,0,0,0,0,0,0,1.26417e+2
"Eastern_Africa","ETH","Ethiopia",6.28020e-4,0,2.86377e-2,0,2.18353e-1,0,0,0,3.14181e+2,1.73755e+1,0,0,0,0,0,0,0,0,0,0,0,0,0,0,0,0,0,0,0,0,0,0,0,1.33925e+3,4.96023e+1,0,0,0,0,0,3.02040e+2,7.22955e+0,0,0,0,0,0,0,0,1.71838e+1,2.50779e+2,0,0,0,0,0,0,2.29789e+3
"Eastern_Africa","KEN","Kenya",4.58801e-1,9.62458e-3,5.07440e-2,9.39937e-3,4.20631e-1,3.99630e-3,2.93076e-4,0,8.59689e+1,2.13719e+2,4.51356e-1,0,0,0,0,0,0,0,0,0,0,0,0,0,0,0,0,0,0,0,0,0,0,6.18787e+2,1.93003e+1,1.71558e+0,0,0,0,0,9.41520e+0,8.67686e-1,0,0,0,0,0,0,0,1.58995e+1,1.34277e+2,0,0,0,0,0,0,1.10136e+3
"Eastern_Africa","MDG","Madagascar",4.25730e-3,2.73323e-4,6.18852e-1,1.00189e-3,1.08528e-1,1.30144e-5,0,0,3.59849e+1,5.68819e+1,3.31531e-2,0,0,0,0,0,0,0,0,0,0,0,0,0,0,0,0,0,0,0,0,0,0,3.59431e+2,1.27968e+1,1.89816e+2,0,0,0,0,8.86104e+1,9.27767e-1,8.37896e+1,6.81480e+0,0,0,0,0,0,1.02093e+1,6.12673e+1,0,0,0,0,0,0,9.07296e+2
"Eastern_Africa","MUS","Mauritius",5.82798e-3,3.60191e-4,5.68189e-2,3.57455e-4,9.49087e-2,1.71520e-5,0,0,5.44912e-1,2.74350e-2,6.30822e-2,0,0,0,0,0,0,0,0,0,0,0,0,0,0,0,0,0,0,0,0,0,0,1.71317e+0,1.94578e-1,0,0,0,0,0,0,7.69013e-2,0,0,0,0,0,0,0,3.29735e+0,4.97310e+0,0,0,0,0,0,0,1.10488e+1
"Eastern_Africa","MYT","Mayotte",0,0,0,0,0,0,0,0,0,0,0,0,0,0,0,0,0,0,0,0,0,0,0,0,0,0,0,0,0,0,0,0,0,0,0,0,0,0,0,0,0,0,0,0,0,0,0,0,0,1.82985e-1,3.61182e-1,0,0,0,0,0,0,5.44167e-1
"Eastern_Africa","REU","Reunion",5.71678e-3,3.29884e-4,3.31608e-2,1.64392e-3,1.28581e-1,1.57078e-5,0,0,2.60830e-1,0,6.57724e-2,0,0,0,0,0,0,0,0,0,0,0,0,0,0,0,0,0,0,0,0,0,0,1.57190e+0,3.95430e-1,5.19873e-3,0,0,0,0,0,4.10463e-2,0,0,0,0,0,0,0,3.79609e+0,4.35407e+0,0,0,0,0,0,0,1.06598e+1
"Eastern_Africa","RWA","Rwanda",2.48901e-3,1.35315e-4,2.95207e-1,4.99395e-4,5.40943e-2,6.44080e-6,0,0,2.71072e+1,4.38960e+0,1.23148e-1,0,0,0,0,0,0,0,0,0,0,0,0,0,0,0,0,0,0,0,0,0,0,2.93371e+1,1.11117e+0,6.39444e-1,0,0,0,0,5.96568e-1,3.79205e-1,0,0,0,0,0,0,0,9.67106e-1,3.79428e+1,0,0,0,0,0,0,1.02946e+2
"Eastern_Africa","SDN","Sudan",9.99232e-3,3.01449e-3,1.25812e+0,0,3.62651e-1,6.95008e-3,2.05153e-3,0,7.79726e+1,2.07957e+2,1.11067e+1,0,0,0,0,0,0,0,0,0,0,0,0,0,0,0,0,0,0,0,0,0,0,1.70758e+3,6.14750e+1,1.20091e+0,0,0,0,0,7.35912e+2,1.49452e+0,0,0,0,0,0,0,0,5.44741e+1,1.44528e+2,0,0,0,0,0,0,3.00535e+3
"Eastern_Africa","SOM","Somalia",8.73779e-4,8.64487e-5,2.67552e-1,4.33496e-4,4.09496e-2,4.11265e-6,0,0,3.20631e+1,5.68177e+1,1.49456e-2,0,0,0,0,0,0,0,0,0,0,0,0,0,0,0,0,0,0,0,0,0,0,5.51524e+2,2.44425e+1,0,0,0,0,0,1.74636e+0,1.23051e-1,0,0,0,0,0,0,0,4.74678e+0,3.31797e+1,0,0,0,0,0,0,7.04969e+2
"Eastern_Africa","SYC","Seychelles",2.51813e-3,1.68444e-4,5.04206e-3,2.46000e-7,1.30292e-2,8.01780e-6,0,0,1.16185e-2,0,1.42604e-2,0,0,0,0,0,0,0,0,0,0,0,0,0,0,0,0,0,0,0,0,0,0,1.04623e-1,5.89887e-2,0,0,0,0,0,0,5.05440e-6,0,0,0,0,0,0,0,3.52155e-1,3.57025e-1,0,0,0,0,0,0,9.19441e-1
"Eastern_Africa","UGA","Uganda",3.49347e-3,2.33728e-4,9.24687e-1,5.29931e-4,1.37399e-1,1.11262e-5,0,0,1.22148e+2,6.39474e+1,3.21888e-2,0,0,0,0,0,0,0,0,0,0,0,0,0,0,0,0,0,0,0,0,0,0,2.52810e+2,9.01566e+0,8.83784e+0,0,0,0,0,1.01693e+2,1.98290e+0,0,0,0,0,0,0,0,5.28262e+0,8.49670e+1,0,0,0,0,0,0,6.51783e+2
"Southern_Africa","AGO","Angola",7.39808e-3,4.81482e-3,1.61012e-1,0,2.12178e-1,0,0,0,1.67870e+1,7.56291e+1,4.25187e+2,0,0,0,0,0,0,0,0,0,0,0,0,0,0,0,0,0,0,0,0,0,0,1.70956e+2,5.22893e+0,0,0,0,0,0,1.83219e-1,2.35624e-1,4.54838e-1,0,0,0,0,0,0,1.48240e+1,5.64137e+1,0,0,0,0,0,0,7.66285e+2
"Southern_Africa","BWA","Botswana",6.78023e-3,2.65816e-4,1.57383e-1,8.74709e-5,1.80475e-1,1.26575e-5,0,0,4.40042e+0,1.77279e+1,9.26784e-3,0,0,0,0,0,0,0,0,0,0,0,0,0,0,0,0,0,0,0,0,0,0,1.26439e+2,3.38940e+0,0,0,0,0,0,3.21504e+1,3.29014e-2,0,4.59936e-1,0,0,0,0,0,4.02402e+0,7.47874e+0,0,0,0,0,0,0,1.96457e+2
"Southern_Africa","LSO","Lesotho",3.67160e-4,2.45639e-5,6.99133e-2,2.20804e-4,2.25114e-2,1.16615e-6,0,0,7.18521e+0,6.94564e+0,4.66433e-3,0,0,0,0,0,0,0,0,0,0,0,0,0,0,0,0,0,0,0,0,0,0,3.13288e+1,7.00461e-1,0,0,0,0,0,0,4.03332e-2,0,3.00000e+0,0,0,0,0,0,1.25777e+0,7.64465e+0,0,0,0,0,0,0,5.82005e+1
"Southern_Africa","MOZ","Mozambique",7.81457e-4,0,7.30558e-1,0,9.53222e-2,0,7.03381e-3,0,6.30987e+1,3.07522e+1,2.86538e-2,0,0,0,0,0,0,0,0,0,0,0,0,0,0,0,0,0,0,0,0,0,0,5.06683e+1,2.14928e+0,2.41741e+1,0,0,0,0,1.66332e+2,1.86353e+0,9.80220e+1,6.52800e+0,0,0,0,0,0,1.09545e+1,7.61057e+1,0,0,0,0,0,0,5.31511e+2
"Southern_Africa","MWI","Malawi",2.45635e-3,1.51936e-4,4.39885e-1,4.06460e-4,8.41470e-2,7.23345e-6,0,0,2.00863e+1,3.50024e+1,1.95375e-2,0,0,0,0,0,0,0,0,0,0,0,0,0,0,0,0,0,0,0,0,0,0,3.96809e+1,1.71214e+0,5.95254e+0,0,0,0,0,2.53896e+1,1.60661e+0,0,0,0,0,0,0,0,3.17245e+0,4.66769e+1,0,0,0,0,0,0,1.79826e+2
"Southern_Africa","NAM","Namibia",1.00082e-3,0,8.17055e-3,7.73700e-4,2.15960e-1,0,5.86152e-4,0,4.55490e-1,4.20230e+0,0,0,0,0,0,0,0,0,0,0,0,0,0,0,0,0,0,0,0,0,0,0,0,1.33286e+2,3.25766e+0,0,0,0,0,0,3.89040e+1,6.20243e-2,0,0,0,0,0,0,0,2.88672e+0,6.36051e+0,0,0,0,0,0,0,1.89641e+2
"Southern_Africa","SWZ","Swaziland",1.37303e-3,9.88032e-5,4.22630e-2,1.78672e-4,6.40116e-2,4.70195e-6,0,0,2.94203e+0,3.17028e+0,1.35518e-2,0,0,0,0,0,0,0,0,0,0,0,0,0,0,0,0,0,0,0,0,0,0,3.20608e+1,7.62408e-1,0,0,0,0,0,0,1.06066e-1,0,0,0,0,0,0,0,1.40101e+0,1.39355e+1,0,0,0,0,0,0,5.44996e+1
"Southern_Africa","TZA","Tanzania_United Republic of",1.02660e-2,6.69888e-4,1.28442e+0,0,1.39281e-1,0,0,0,8.58580e+1,7.25346e+1,1.30022e-1,0,0,0,0,0,0,0,0,0,0,0,0,0,0,0,0,0,0,0,0,0,0,6.15657e+2,2.09749e+1,6.16050e+1,0,0,0,0,1.50024e+2,4.52271e+0,7.85944e+1,0,0,0,0,0,0,1.39266e+1,1.46629e+2,0,0,0,0,0,0,1.25189e+3
"Southern_Africa","ZAF","South Africa",1.43180e+0,6.14622e-2,5.43456e+0,1.34606e-2,7.62544e+0,3.49242e-2,0,1.13044e-3,6.79021e+1,1.15073e+3,5.56086e+1,0,0,0,0,0,3.16400e-1,3.40010e+0,0,0,0,0,0,0,0,0,0,0,0,0,0,0,0,8.79926e+2,2.29869e+1,1.68959e-1,0,0,0,0,3.75528e+0,2.08519e+0,2.20546e+0,9.68280e+1,0,0,0,0,0,2.23815e+2,3.02012e+2,0,0,0,0,0,0,2.82634e+3
"Southern_Africa","ZMB","Zambia",9.29470e-4,1.29791e-3,9.31989e-1,0,1.29412e-1,3.30129e-3,0,0,3.07832e+1,7.11293e+1,5.61199e-2,0,0,0,0,0,0,0,0,0,0,0,0,0,0,0,0,0,0,0,0,0,0,1.15595e+2,3.99014e+0,2.09249e+0,0,0,0,0,4.18440e+2,2.38646e-1,2.52933e+2,0,0,0,0,0,0,9.46891e+0,3.86879e+1,0,0,0,0,0,0,9.44482e+2
"Southern_Africa","ZWE","Zimbabwe",4.57414e-2,6.69888e-4,3.48718e-1,0,5.79677e-1,9.91436e-3,0,0,3.46490e+1,2.54655e+1,6.90000e-5,0,0,0,0,0,0,2.99381e-1,0,0,0,0,0,0,0,0,0,0,0,0,0,0,0,2.97283e+2,7.38949e+0,2.59936e-2,0,0,0,0,5.96136e+1,4.50860e-1,0,0,0,0,0,0,0,1.24470e+1,4.94986e+1,0,0,0,0,0,0,4.88107e+2
"OECD_Europe","AUT","Austria",1.29641e+0,1.01941e-1,1.25753e+0,8.37360e-4,1.91694e+0,7.55507e-3,1.75846e-3,7.70371e-3,3.27147e+1,7.71064e+0,4.86171e+1,0,0,0,0,0,1.15830e-1,2.50600e-1,0,0,0,0,0,0,0,0,0,0,0,0,0,0,0,1.62070e+2,5.22497e+1,0,0,0,0,0,0,3.91165e-1,0,8.61216e-1,0,0,0,0,0,7.63933e+1,4.22542e+1,2.44200e-3,5.42280e+0,0,0,0,0,4.33644e+2
"OECD_Europe","BEL","Belgium",1.12110e+0,1.06057e-1,1.56767e+0,1.71658e-3,3.04070e+0,1.12939e-2,7.79582e-2,0,9.49894e+0,8.63904e+0,5.47180e+1,0,0,0,0,0,2.97357e-1,7.66010e-1,0,0,0,0,0,0,0,0,0,0,0,0,0,0,0,2.30868e+2,8.93502e+1,0,0,0,0,0,0,2.52464e-1,0,2.51256e-1,0,0,0,0,0,5.17536e+1,7.94906e+1,1.37792e+0,5.98484e+0,0,0,0,0,5.39175e+2
"OECD_Europe","CHE","Switzerland",5.88642e-1,1.15230e-2,6.91716e-1,2.13527e-3,2.49062e+0,1.73752e-3,3.22383e-3,0,6.74000e+0,3.54000e-1,3.36222e+1,0,0,0,0,0,7.07996e-2,0,0,0,0,0,0,0,0,0,0,0,0,0,0,0,0,1.21764e+2,3.20722e+1,0,0,0,0,0,0,9.42581e-2,0,0,0,0,0,0,0,3.38468e+1,1.10888e+1,1.20342e-5,2.05846e+0,0,0,0,0,2.45501e+2
"OECD_Europe","DEU","Germany",7.21536e+0,5.98437e-1,3.86454e+0,3.08776e-2,2.23876e+1,1.04335e-1,9.02671e-2,2.84702e-3,9.07706e+1,6.25962e+2,3.40221e+2,0,0,0,0,0,3.68417e+0,1.89657e+0,0,0,0,0,0,0,0,0,0,0,0,0,0,0,0,1.16865e+3,3.63642e+2,0,0,0,0,0,0,3.60693e+0,0,9.77880e-1,0,0,0,0,0,1.03660e+3,1.47072e+2,0,3.18561e-2,0,0,0,0,3.81741e+3
"OECD_Europe","DNK","Denmark",1.68506e+0,8.52791e-2,3.87823e-1,1.04670e-3,1.93218e+0,1.32052e-2,3.42899e-2,7.66184e-3,8.53638e+0,2.45040e-1,3.49314e+1,0,0,0,0,0,0,0,0,0,0,0,0,0,0,0,0,0,0,0,0,0,0,1.53043e+2,1.00666e+2,0,0,0,0,0,0,7.29732e-1,0,0,0,0,0,0,0,7.03268e+1,8.84298e+0,0,2.74800e+0,0,0,0,0,3.84216e+2
"OECD_Europe","ESP","Spain",1.52239e+0,2.77216e-1,3.19490e+0,3.66135e-2,1.42620e+1,8.63549e-2,4.74197e-1,0,3.98202e+1,1.11090e+2,3.96849e+1,0,0,0,0,0,8.13864e-1,4.55229e-1,0,0,0,0,0,0,0,0,0,0,0,0,0,0,0,6.13187e+2,2.98930e+2,2.53053e+1,0,0,0,0,0,1.56241e+0,0,8.59536e+0,0,0,0,0,0,3.51708e+2,1.13169e+2,1.48553e-1,1.94804e+1,0,0,0,0,1.64380e+3
"OECD_Europe","FIN","Finland",2.55236e+0,6.03840e-2,4.77579e+0,3.39130e-3,2.30195e+0,9.20885e-3,5.36329e-2,8.79228e-4,1.96170e+1,2.95696e+0,4.31526e+0,0,0,0,0,0,8.33220e-2,4.75189e-1,0,0,0,0,0,0,0,0,0,0,0,0,0,0,0,7.87214e+1,2.26333e+1,0,0,0,0,0,0,2.30431e-1,0,1.76184e-1,0,0,0,0,0,1.32619e+2,2.17580e+2,0,1.33200e+0,0,0,0,0,4.90498e+2
"OECD_Europe","FRA","France",2.62076e+0,4.31627e-1,4.07025e+0,2.90983e-2,1.97621e+1,6.63734e-2,9.52499e-2,1.38164e-3,1.70742e+2,2.93325e+1,1.40107e+3,0,0,0,0,0,1.71650e+0,2.58200e+0,0,0,0,0,0,0,0,0,0,0,0,0,0,0,0,1.43382e+3,3.87617e+2,4.08951e+0,0,0,0,0,0,5.60303e+0,0,7.62336e-1,0,0,0,0,0,4.30380e+2,1.88962e+2,9.04201e+0,1.38847e+1,0,0,0,0,4.10667e+3
"OECD_Europe","FRO","Faroe Islands",0,0,0,0,0,0,0,0,0,0,0,0,0,0,0,0,0,0,0,0,0,0,0,0,0,0,0,0,0,0,0,0,0,6.13384e-1,2.49390e-2,0,0,0,0,0,0,9.69408e-6,0,0,0,0,0,0,0,9.65052e-1,4.51981e-2,1.23054e-2,2.38068e-2,0,0,0,0,1.68469e+0
"OECD_Europe","GBR","United Kingdom",5.17143e+0,1.20905e+0,2.59816e+0,2.83237e-2,2.09102e+1,1.29446e-1,2.92197e-1,0,6.18470e+1,2.36880e+2,7.63280e+2,0,0,0,0,0,1.92969e+0,9.63410e-1,0,0,0,0,0,0,0,0,0,0,0,0,0,0,0,1.13029e+3,2.05458e+2,0,0,0,0,0,0,2.00060e+0,0,6.94776e-1,0,0,0,0,0,1.77590e+3,1.11716e+2,1.41726e+0,3.95302e+0,0,0,0,0,4.32667e+3
"OECD_Europe","GIB","Gibraltar",0,0,0,0,3.05113e-2,0,0,0,0,0,0,0,0,0,0,0,0,0,0,0,0,0,0,0,0,0,0,0,0,0,0,0,0,0,0,0,0,0,0,0,0,0,0,0,0,0,0,0,0,2.06724e-1,2.46283e-2,3.69866e-3,7.15296e-3,0,0,0,0,2.72715e-1
"OECD_Europe","GRC","Greece",5.63258e-1,5.86840e-2,7.52911e-1,7.70371e-3,7.03090e+0,7.12385e-3,2.53803e-1,0,1.28525e+1,5.52131e+1,9.97969e+0,0,0,0,0,0,3.36600e-3,0,0,0,0,0,0,0,0,0,0,0,0,0,0,0,0,1.39370e+2,2.95067e+1,5.06106e+0,0,0,0,0,0,4.01235e-1,0,9.21888e-1,0,0,0,0,0,9.94344e+1,1.43703e+1,2.37600e-4,1.70160e-1,0,0,0,0,3.75959e+2
"OECD_Europe","GRL","Greenland",0,0,0,0,0,0,0,0,0,0,0,0,0,0,0,0,0,0,0,0,0,0,0,0,0,0,0,0,0,0,0,0,0,1.76000e-1,2.99675e-3,0,0,0,0,0,0,0,0,0,0,0,0,0,0,8.57181e-1,2.10880e-1,5.83705e-3,1.13932e-2,0,0,0,0,1.26429e+0
"OECD_Europe","IRL","Ireland",2.25755e-1,4.60891e-3,2.84848e-1,6.07085e-4,1.50826e+0,2.05027e-2,1.20161e-2,0,1.17157e+1,7.08000e-1,4.23379e+1,0,0,0,0,0,0,0,0,0,0,0,0,0,0,0,0,0,0,0,0,0,0,4.85883e+2,7.58766e+1,0,0,0,0,0,0,1.58994e-1,0,5.54784e-1,0,0,0,0,0,7.83644e+1,8.40137e+0,0,4.17348e-1,0,0,0,0,7.06474e+2
"OECD_Europe","ISL","Iceland",2.63768e-3,0,3.97349e-2,2.30273e-4,1.47888e-1,0,1.75846e-3,0,7.45208e-2,0,0,0,0,0,0,0,0,7.79900e-2,0,0,0,0,0,0,0,0,0,0,0,0,0,0,0,9.65620e+0,1.42316e+0,0,0,0,0,0,0,6.09306e-5,0,0,0,0,0,0,0,4.38396e+0,4.72650e-1,1.61640e-2,6.15740e-3,0,0,0,0,1.63031e+1
"OECD_Europe","ITA","Italy",1.47648e+0,3.22066e-1,2.65503e+0,6.32207e-3,3.61773e+1,2.50203e-2,6.77006e-2,7.53624e-4,2.63359e+1,1.19918e+1,2.92660e+2,0,0,0,0,0,9.60528e-1,7.70403e-1,0,0,0,0,0,0,0,0,0,0,0,0,0,0,0,6.04684e+2,2.10651e+2,4.99327e+1,0,0,0,0,0,1.85309e+0,0,3.51192e+0,0,0,0,0,0,8.38253e+2,1.07533e+2,4.85226e+0,1.69721e+1,0,0,0,0,2.21169e+3
"OECD_Europe","LUX","Luxembourg",2.83060e-2,0,7.29800e-2,0,4.33109e-1,1.39002e-3,0,1.75846e-3,1.60880e-1,0,4.25457e+0,0,0,0,0,0,0,5.90100e-2,0,0,0,0,0,0,0,0,0,0,0,0,0,0,0,1.48813e+1,2.52011e+1,0,0,0,0,0,0,9.43438e-3,0,1.98286e-1,0,0,0,0,0,2.98770e+0,4.28016e-1,0,1.68061e-1,0,0,0,0,4.88859e+1
"OECD_Europe","NLD","Netherlands",2.75227e+0,3.74643e-1,4.58756e-1,2.93075e-3,5.34363e+0,5.21257e-3,7.85442e-2,0,6.93698e+0,3.05515e+0,2.30595e+2,0,0,0,0,0,3.79468e+0,2.65090e-1,0,0,0,0,0,0,0,0,0,0,0,0,0,0,0,3.30281e+2,1.68417e+2,0,0,0,0,0,0,2.09115e-1,0,2.87352e-3,0,0,0,0,0,4.14772e+2,4.03858e+1,0,2.92500e+0,0,0,0,0,1.21066e+3
"OECD_Europe","NOR","Norway",2.18706e-1,6.48846e-1,1.43070e+0,6.69888e-3,1.71274e+0,3.64880e-3,2.62010e-1,0,1.01640e+1,7.03373e+0,4.99173e+2,0,0,0,0,0,2.84576e+0,1.30318e+0,0,0,0,0,0,0,0,0,0,0,0,0,0,0,0,9.13273e+1,1.70462e+1,0,0,0,0,0,0,8.98928e-2,0,0,0,0,0,0,0,9.80475e+1,5.09185e+1,1.22872e+1,1.13378e+0,0,0,0,0,7.95653e+2
"OECD_Europe","PRT","Portugal",4.63805e-1,9.31427e-2,2.03600e+0,4.56361e-3,3.57559e+0,9.03513e-3,1.14299e-2,0,2.01459e+1,2.08623e+0,1.38720e+1,0,0,0,0,0,1.07196e-1,2.15600e-2,0,0,0,0,0,0,0,0,0,0,0,0,0,0,0,1.47432e+2,5.72945e+1,5.71628e+0,0,0,0,0,0,1.49488e-1,0,6.33504e+0,0,0,0,0,0,2.49262e+2,5.20657e+1,5.73200e-1,9.04800e-1,0,0,0,0,5.62159e+2
"OECD_Europe","SWE","Sweden",3.47563e+0,4.84952e-2,5.44802e+0,5.63125e-3,3.23647e+0,1.39002e-3,4.16169e-2,0,1.52300e+1,1.65936e+0,2.52309e+1,0,0,0,0,0,1.96902e-1,1.59938e-1,0,0,0,0,0,0,0,0,0,0,0,0,0,0,0,1.26238e+2,3.30434e+1,0,0,0,0,0,0,3.97068e-1,0,7.11240e-1,0,0,0,0,0,1.09583e+2,2.14946e+2,6.66665e-2,1.16000e+0,0,0,0,0,5.40880e+2
"Central Europe","ALB","Albania",4.68922e-4,1.67472e-3,9.97716e-2,0,2.05324e-1,5.90757e-3,5.86152e-3,0,6.66476e+0,2.96713e-1,1.04548e+1,0,0,0,0,0,0,3.09320e-2,0,0,0,0,0,0,0,0,0,0,0,0,0,0,0,7.33334e+1,1.07295e+1,0,0,0,0,0,0,1.55141e-1,0,5.99736e-1,0,0,0,0,0,4.11752e+0,5.51527e+0,8.74254e-3,6.35052e-3,0,0,0,0,1.12232e+2
"Central Europe","BGR","Bulgaria",2.54754e-1,2.17735e-2,3.39116e-1,1.15137e-3,1.56122e+0,6.77633e-3,8.79228e-4,3.47505e-3,1.73336e+1,2.90101e+1,8.22383e+0,0,0,0,0,0,2.78068e-1,1.33820e-1,0,0,0,0,0,0,0,0,0,0,0,0,0,0,0,9.46109e+1,1.77169e+1,3.20835e-1,0,0,0,0,0,1.50887e+0,0,3.51576e+0,0,0,0,0,0,4.44013e+2,3.00378e+1,0,0,0,0,0,0,6.48893e+2
"Central Europe","BIH","Bosnia and Herzegovina",7.54546e-2,0,9.79711e-3,9.00160e-4,3.19129e-1,8.68761e-4,0,0,6.91449e+0,3.31373e+1,3.08962e+0,0,0,0,0,0,9.25430e-4,1.32000e-3,0,0,0,0,0,0,0,0,0,0,0,0,0,0,0,3.94866e+1,6.98592e+0,0,0,0,0,0,0,3.57249e-1,0,4.52712e+0,0,0,0,0,0,5.33948e+0,7.04981e+0,1.27032e-2,9.31068e-3,0,0,0,0,1.07318e+2
"Central Europe","CYP","Cyprus",1.19940e-3,1.72996e-3,5.50145e-2,0,2.20755e-1,0,0,0,1.33140e-1,3.65800e-1,3.12816e-1,0,0,0,0,0,0,0,0,0,0,0,0,0,0,0,0,0,0,0,0,0,0,8.35662e+0,4.23850e+0,0,0,0,0,0,0,1.06235e-2,0,0,0,0,0,0,0,9.69062e+0,3.46603e+0,0,0,0,0,0,0,2.68528e+1
"Central Europe","CZE","Czech Republic",1.21734e+0,4.13978e-2,1.27783e+0,1.02576e-3,2.98435e+0,1.89390e-2,2.05153e-3,1.13044e-3,4.54851e+1,8.97763e+1,5.72319e+1,0,0,0,0,0,1.92082e-1,3.46360e-1,0,0,0,0,0,0,0,0,0,0,0,0,0,0,0,1.79654e+2,3.45956e+1,0,0,0,0,0,0,2.03935e+0,0,1.64690e+0,0,0,0,0,0,9.16973e+1,4.30929e+1,0,6.22124e-1,0,0,0,0,5.51924e+2
"Central Europe","EST","Estonia",2.19895e-1,5.73801e-3,1.10703e-1,2.09339e-5,3.75007e-1,8.34009e-3,1.46538e-3,0,1.23272e+1,9.35324e+0,1.27777e+1,0,0,0,0,0,0,0,0,0,0,0,0,0,0,0,0,0,0,0,0,0,0,2.67847e+1,4.45783e+0,1.88886e+0,0,0,0,0,0,1.34666e-1,0,0,0,0,0,0,0,2.41439e+1,6.60124e+0,0,4.33800e-2,0,0,0,0,9.92339e+1
"Central Europe","HRV","Croatia",8.23654e-2,4.68909e-2,1.63059e-1,1.10950e-3,1.24679e+0,5.38633e-3,8.79231e-3,3.26571e-3,9.83750e+0,7.30085e-1,7.28385e+1,0,0,0,0,0,5.97275e-2,0,0,0,0,0,0,0,0,0,0,0,0,0,0,0,0,4.25232e+1,1.16772e+1,0,0,0,0,0,0,7.83398e-1,0,0,0,0,0,0,0,2.54684e+1,1.55509e+1,0,0,0,0,0,0,1.81026e+2
"Central Europe","HUN","Hungary",4.91306e-1,6.45822e-2,2.93411e-1,0,1.95102e+0,1.88489e-2,0,0,1.31570e+1,1.51380e+1,8.78508e+1,0,0,0,0,0,1.02784e-1,1.05680e-1,0,0,0,0,0,0,0,0,0,0,0,0,0,0,0,1.05919e+2,3.45660e+1,5.10624e-1,0,0,0,0,0,2.87306e+0,0,1.40388e+0,0,0,0,0,0,9.79718e+1,3.41339e+1,6.10200e-2,0,0,0,0,0,3.96613e+2
"Central Europe","LTU","Lithuania",6.14162e-2,1.82416e-2,7.95744e-2,0,7.63322e-1,1.19889e-2,8.79228e-4,0,1.92862e+1,1.73910e-2,6.61932e+1,0,0,0,0,0,0,0,0,0,0,0,0,0,0,0,0,0,0,0,0,0,0,7.83051e+1,1.40396e+1,0,0,0,0,0,0,6.72671e-1,0,1.13016e+0,0,0,0,0,0,4.77803e+1,1.08556e+1,9.30093e-4,0,0,0,0,0,2.39217e+2
"Central Europe","LVA","Latvia",3.06996e-1,6.15459e-3,1.88044e-1,0,5.53183e-1,1.12939e-2,0,0,2.91129e+1,6.40150e-1,3.62087e+1,0,0,0,0,0,0,0,0,0,0,0,0,0,0,0,0,0,0,0,0,0,0,3.69893e+1,6.09868e+0,0,0,0,0,0,0,2.66195e-1,0,9.93600e-1,0,0,0,0,0,2.37997e+1,4.71034e+0,2.22693e-4,0,0,0,0,0,1.39886e+2
"Central Europe","MKD","Macedonia, the former Yugoslav Republic of",7.26829e-2,6.95009e-4,6.38613e-2,0,2.95381e-1,6.95009e-4,0,0,5.88066e+0,7.14207e+0,5.47722e+0,0,0,0,0,0,3.95933e-3,5.50000e-2,0,0,0,0,0,0,0,0,0,0,0,0,0,0,0,2.83197e+1,4.08996e+0,9.48948e-1,0,0,0,0,0,1.93605e-1,0,0,0,0,0,0,0,5.25938e+0,7.97134e+0,9.94933e-3,7.06528e-3,0,0,0,0,6.57922e+1
"Central Europe","MLT","Malta",2.52995e-3,0,2.51208e-4,0,9.57903e-2,0,0,0,1.23511e-2,0,0,0,0,0,0,0,0,0,0,0,0,0,0,0,0,0,0,0,0,0,0,0,0,1.80859e+0,6.54403e-1,0,0,0,0,0,0,1.23890e-3,0,0,0,0,0,0,0,7.91685e+0,4.00813e-1,0,0,0,0,0,0,1.08928e+1
"Central Europe","POL","Poland",1.42470e+0,2.02435e-1,3.31972e+0,0,7.71261e+0,3.23179e-2,6.74075e-3,0,2.29193e+2,1.60520e+3,1.58036e+2,0,0,0,0,0,1.21118e-1,5.29369e-1,0,0,0,0,0,0,0,0,0,0,0,0,0,0,0,6.07188e+2,1.29122e+2,0,0,0,0,0,0,6.57797e+0,0,1.72522e+0,0,0,0,0,0,3.48102e+2,9.48343e+1,2.36295e-1,7.06960e-1,0,0,0,0,3.19427e+3
"Central Europe","ROU","Romania",4.43357e-1,1.96089e-1,6.90786e-1,1.46538e-4,2.01457e+0,3.86525e-2,6.35975e-2,1.17230e-3,8.86191e+1,4.08047e+1,4.52673e+2,0,0,0,0,0,4.08948e-1,3.13362e-1,0,0,0,0,0,0,0,0,0,0,0,0,0,0,0,3.36447e+2,7.65421e+1,3.52466e-1,0,0,0,0,0,4.63522e+0,0,0,0,0,0,0,0,1.33690e+2,6.33649e+1,1.68678e-2,0,0,0,0,0,1.20132e+3
"Central Europe","SCG","Serbia and Montenegro",2.79830e-1,0,2.03772e-1,0,6.35032e-1,0,0,0,3.23570e+1,2.96023e+1,8.93261e+1,0,0,0,0,0,1.12688e-1,7.14700e-2,0,0,0,0,0,0,0,0,0,0,0,0,0,0,0,1.83104e+2,4.58875e+1,0,0,0,0,0,0,2.34427e+0,0,0,0,0,0,0,0,1.59438e+1,3.79080e+1,2.83559e-2,2.01602e-2,0,0,0,0,4.37824e+2
"Central Europe","SVK","Slovakia",3.06961e-1,1.70352e-1,4.04880e-1,0,7.34999e-1,0,0,0,1.99834e+0,5.81490e+0,3.65338e+1,0,0,0,0,0,7.55235e-2,3.35425e-1,0,0,0,0,0,0,0,0,0,0,0,0,0,0,0,7.51552e+1,1.30269e+1,0,0,0,0,0,0,8.23292e-1,0,2.17598e-1,0,0,0,0,0,3.46198e+1,3.39969e+1,0,1.57200e-1,0,0,0,0,2.04372e+2
"Central Europe","SVN","Slovenia",7.22898e-2,1.10358e-3,9.24089e-2,2.09339e-5,1.40355e+0,2.08503e-3,0,0,7.23723e+0,3.42066e+1,3.46568e+0,0,0,0,0,0,3.13163e-1,9.41600e-3,0,0,0,0,0,0,0,0,0,0,0,0,0,0,0,4.31130e+1,7.38924e+0,0,0,0,0,0,0,1.34291e-1,0,0,0,0,0,0,0,2.05857e+1,1.11895e+1,0,8.02544e-6,0,0,0,0,1.29215e+2
"Turkey","TUR","Turkey",1.58900e+0,1.00223e-1,2.17935e+0,1.49678e-2,8.22023e+0,3.61342e-2,6.03737e-2,1.38164e-3,1.15924e+2,1.83859e+2,1.24501e+2,0,0,0,0,0,5.28700e-1,4.21678e-1,0,0,0,0,0,0,0,0,0,0,0,0,0,0,0,8.13382e+2,1.98744e+2,2.08997e+1,0,0,0,0,0,3.03325e+1,0,7.37112e-1,0,0,0,0,0,7.72394e+2,3.07237e+2,0,9.67796e-1,0,0,0,0,2.58213e+3
"Ukraine +","BLR","Belarus",9.56076e-1,1.66635e-2,1.78757e-1,0,1.09210e+0,6.22743e-2,2.93076e-4,3.14010e-3,2.08701e+1,9.14500e-2,1.68752e+1,0,0,0,0,0,4.93192e-2,0,0,0,0,0,0,0,0,0,0,0,0,0,0,0,0,3.69475e+2,5.82355e+1,0,0,0,0,0,0,1.22120e+0,0,3.35760e+0,0,0,0,0,0,1.58540e+2,2.69476e+1,0,1.03706e-1,0,0,0,0,6.58076e+2
"Ukraine +","MDA","Moldova, Republic of",7.03706e-2,0,1.08208e-2,0,1.09906e-1,2.08502e-3,0,1.96779e-3,2.49692e+0,7.95615e+0,6.93535e+1,0,0,0,0,0,0,0,0,0,0,0,0,0,0,0,0,0,0,0,0,0,0,4.50956e+1,1.07476e+1,0,0,0,0,0,0,6.72915e-1,0,1.75466e+0,0,0,0,0,0,6.32402e+0,1.51441e+1,9.38324e-3,6.58528e-3,0,0,0,0,1.59757e+2
"Ukraine +","UKR","Ukraine",2.04015e+0,2.63237e-1,2.24279e+0,6.28019e-5,4.23155e+0,4.27429e-2,0,1.24599e-1,5.60572e+1,4.35408e+2,2.17265e+3,0,0,0,0,0,2.40115e-1,3.94386e+0,0,0,0,0,0,0,0,0,0,0,0,0,0,0,0,8.90559e+2,1.65107e+2,7.04158e+0,0,0,0,0,0,8.43638e+0,0,5.11632e+0,0,0,0,0,0,3.22227e+2,1.25956e+2,0,4.00600e-1,0,0,0,0,4.20209e+3
"Asia-Stan","KAZ","Kazakhstan",4.27849e-1,1.62465e-1,2.41011e+0,2.76205e-3,1.17976e+0,3.38817e-2,5.86152e-4,5.52657e-3,4.19458e+0,3.90268e+2,5.17440e+2,0,0,0,0,0,8.73300e-3,1.53580e+0,0,0,0,0,0,0,0,0,0,0,0,0,0,0,0,3.90050e+2,2.93616e+1,1.72688e+1,0,0,0,0,0,5.17968e+0,9.56736e-1,4.69008e+1,0,0,0,0,0,1.31758e+2,4.38883e+1,0,4.19316e-1,0,0,0,0,1.58345e+3
"Asia-Stan","KGZ","Kyrgyzstan",2.16541e-2,0,7.01708e-2,8.37360e-4,2.12287e-1,0,0,0,2.74026e-1,2.15076e+0,9.40543e+0,0,0,0,0,0,0,0,0,0,0,0,0,0,0,0,0,0,0,0,0,0,0,1.08727e+2,6.42170e+0,1.48365e+0,0,0,0,0,0,5.37522e-1,0,3.11208e-1,0,0,0,0,0,6.54192e+0,2.61250e+1,0,5.74420e-2,0,0,0,0,1.62341e+2
"Asia-Stan","TJK","Tajikistan",1.24348e-2,0,1.00000e-4,0,1.85033e+0,0,0,0,3.10242e-1,2.08675e-1,1.97539e+1,0,0,0,0,0,0,0,0,0,0,0,0,0,0,0,0,0,0,0,0,0,0,8.94535e+1,7.81345e+0,4.25638e+0,0,0,0,0,0,1.85975e-1,0,1.78826e-1,0,0,0,0,0,6.38492e+0,2.65801e+1,0,4.27652e-2,0,0,0,0,1.57032e+2
"Asia-Stan","TKM","Turkmenistan",2.05424e-1,2.16039e-1,1.00000e-4,0,7.21658e-1,0,0,0,2.08398e+0,0,4.67940e+2,0,0,0,0,0,9.01200e-5,0,0,0,0,0,0,0,0,0,0,0,0,0,0,0,0,1.52609e+2,1.11470e+1,7.29666e+0,0,0,0,0,0,5.49591e-1,0,1.63510e+0,0,0,0,0,0,9.32929e+0,2.63209e+1,0,9.24972e-2,0,0,0,0,6.80147e+2
"Asia-Stan","UZB","Uzbekistan",5.29731e-1,2.18174e-1,3.24523e-1,6.65700e-3,2.41683e+0,2.08503e-2,0,5.63962e-2,5.70634e+0,3.46771e+0,1.05023e+3,0,0,0,0,0,0,0,0,0,0,0,0,0,0,0,0,0,0,0,0,0,0,4.49806e+2,3.63459e+1,3.98884e+1,0,0,0,0,0,1.46272e+0,0,1.26667e+0,0,0,0,0,0,3.04546e+1,1.18130e+2,0,3.11352e-1,0,0,0,0,1.74064e+3
"Russia +","ARM","Armenia",2.59582e-2,0,2.70467e-2,0,1.98208e-2,0,0,0,1.12416e-1,0,6.53391e+1,0,0,0,0,0,0,0,0,0,0,0,0,0,0,0,0,0,0,0,0,0,0,3.69598e+1,5.45804e+0,0,0,0,0,0,0,1.08838e-1,0,2.90832e-2,0,0,0,0,0,1.15716e+1,4.99858e+0,0,7.54748e-2,0,0,0,0,1.24726e+2
"Russia +","AZE","Azerbaijan",4.56610e-2,4.53849e-2,1.11519e-1,0,3.75257e-1,0,0,1.17230e-3,6.91243e-1,0,2.00198e+2,0,0,0,0,0,9.90000e-3,0,0,0,0,0,0,0,0,0,0,0,0,0,0,0,0,1.63293e+2,2.51631e+1,1.16717e+0,0,0,0,0,0,3.63226e-1,0,1.79923e-1,0,0,0,0,0,2.29218e+1,4.71856e+1,0,1.55647e-1,0,0,0,0,4.61907e+2
"Russia +","GEO","Georgia",1.60773e-2,0,5.60571e-2,0,2.47810e-1,1.91127e-3,0,0,2.04276e+1,2.16876e-1,4.55368e+1,0,0,0,0,0,0,3.46500e-2,0,0,0,0,0,0,0,0,0,0,0,0,0,0,0,8.27189e+1,1.37034e+1,0,0,0,0,0,0,2.29832e-1,0,1.48164e-2,0,0,0,0,0,1.88801e+1,1.05156e+1,0,8.72492e-2,0,0,0,0,1.92688e+2
"Russia +","RUS","Russian Federation",1.59627e+1,1.90416e+0,5.07408e+0,8.97040e-2,2.52258e+1,3.00070e-1,2.98938e-1,1.33953e+0,4.20717e+2,1.72097e+3,1.34399e+4,0,0,0,0,0,4.85972e+0,4.41470e+0,0,0,0,0,0,0,0,0,0,0,0,0,0,0,0,2.30731e+3,4.08494e+2,5.20884e+1,0,0,0,0,0,1.98672e+1,5.60592e+2,4.53312e+2,0,0,0,0,0,1.53936e+3,7.02799e+2,0,0,0,0,0,0,2.16849e+4
"Middle_East","ARE","United Arab Emirates",1.44177e+0,7.74976e-2,7.46506e-1,0,2.29778e+0,0,0,0,3.17246e-1,1.56736e-1,8.28211e+2,0,0,0,0,0,0,0,0,0,0,0,0,0,0,0,0,0,0,0,0,0,0,2.17853e+1,1.34611e+0,0,0,0,0,0,0,3.23534e-4,0,0,0,0,0,0,0,1.97800e+1,1.48597e+1,0,2.31698e-1,0,0,0,0,8.91252e+2
"Middle_East","BHR","Bahrain",3.44873e-1,1.85199e-1,6.41836e-2,0,3.38930e-1,0,0,0,1.84219e-2,8.23050e-2,9.54939e+1,0,0,0,0,0,9.70476e-1,0,0,0,0,0,0,0,0,0,0,0,0,0,0,0,0,8.28448e-1,2.96982e-2,0,0,0,0,0,0,1.04190e-5,0,0,0,0,0,0,0,4.58457e+0,8.62451e+0,0,4.50620e-2,0,0,0,0,1.11611e+2
"Middle_East","IRN","Iran, Islamic Republic of",2.08907e+0,3.48704e-1,1.80951e+0,0,1.84094e+1,0,0,0,1.55835e+1,2.63108e+1,2.05601e+3,0,0,0,0,0,3.71771e-1,6.56480e-2,0,0,0,0,0,0,0,0,0,0,0,0,0,0,0,7.75143e+2,3.06012e+1,1.36402e+2,0,0,0,0,0,0,0,1.66846e-3,0,0,0,0,0,1.77076e+2,3.41931e+2,0,2.34902e+0,0,0,0,0,3.58450e+3
"Middle_East","IRQ","Iraq",2.31237e-1,8.54402e-2,5.07649e-1,0,4.64049e+0,0,0,0,8.54316e-1,1.37175e+0,7.19814e+2,0,0,0,0,0,8.58000e-3,0,0,0,0,0,0,0,0,0,0,0,0,0,0,0,0,9.63532e+1,4.24216e+0,3.02081e+1,0,0,0,0,0,1.44973e+0,0,2.37607e+0,0,0,0,0,0,7.14524e+1,8.38241e+1,0,5.21224e-1,0,0,0,0,1.01794e+3
"Middle_East","ISR","Israel",2.11615e-1,6.71147e-2,6.79097e-2,0,2.01972e+0,0,0,0,8.96604e-1,4.36537e-1,2.99894e+0,0,0,0,0,0,5.32950e-2,0,0,0,0,0,0,0,0,0,0,0,0,0,0,0,0,4.69116e+1,2.15328e+0,0,0,0,0,0,0,9.00298e-2,0,0,0,0,0,0,0,4.60517e+1,2.34439e+1,0,4.87368e-1,0,0,0,0,1.25890e+2
"Middle_East","JOR","Jordan",2.42025e-2,1.60893e-2,7.81255e-2,0,7.68937e-1,0,0,3.76812e-4,3.55653e-1,2.51853e+0,7.00815e+0,0,0,0,0,0,0,0,0,0,0,0,0,0,0,0,0,0,0,0,0,0,0,1.55431e+1,9.47132e-1,0,0,0,0,0,0,1.58787e-2,0,0,0,0,0,0,0,1.48063e+1,2.15195e+1,0,1.77671e-1,0,0,0,0,6.37797e+1
"Middle_East","KWT","Kuwait",2.73662e-1,4.25761e-1,1.11159e-1,0,1.59598e+0,0,0,0,2.45346e-1,2.06770e-1,4.17583e+2,0,0,0,0,0,1.84965e-1,0,0,0,0,0,0,0,0,0,0,0,0,0,0,0,0,4.50423e+0,1.33451e-1,0,0,0,0,0,0,2.27664e-3,0,0,0,0,0,0,0,1.98896e+1,1.26239e+1,0,1.73395e-1,0,0,0,0,4.57954e+2
"Middle_East","LBN","Lebanon",7.79766e-2,0,1.36783e-1,0,1.17178e+0,0,0,0,1.52863e+0,1.37175e+0,9.48500e-1,0,0,0,0,0,0,0,0,0,0,0,0,0,0,0,0,0,0,0,0,0,0,9.25660e+0,9.59044e-1,0,0,0,0,0,0,9.26555e-2,0,0,0,0,0,0,0,1.40070e+1,1.28643e+1,0,1.37544e-1,0,0,0,0,4.25525e+1
"Middle_East","OMN","Oman",4.20737e-1,1.83382e-1,1.03791e-1,0,7.00387e-1,0,0,0,3.62316e-1,2.77109e-1,3.58243e+2,0,0,0,0,0,0,0,0,0,0,0,0,0,0,0,0,0,0,0,0,0,0,2.21127e+1,9.59251e-1,0,0,0,0,0,0,3.77202e-3,0,0,0,0,0,0,0,1.05936e+1,9.65260e+0,0,1.28502e-1,0,0,0,0,4.03741e+2
"Middle_East","QAT","Qatar",5.06436e-1,4.68002e-1,7.33946e-2,3.76812e-3,4.30796e-1,0,0,0,3.40450e-2,3.00080e-2,5.34472e+2,0,0,0,0,0,9.40070e-1,0,0,0,0,0,0,0,0,0,0,0,0,0,0,0,0,4.94484e+0,3.16545e-1,0,0,0,0,0,0,2.81598e-3,0,0,0,0,0,0,0,5.21308e+0,1.31789e+1,0,5.51408e-2,0,0,0,0,5.60670e+2
"Middle_East","SAU","Saudi Arabia",4.18722e+0,1.59144e+0,1.26195e+0,1.39821e-2,1.03600e+1,0,0,0,3.19662e-1,1.80888e+0,1.57192e+3,0,0,0,0,0,6.83295e+0,0,0,0,0,0,0,0,0,0,0,0,0,0,0,0,0,8.10200e+1,4.84273e+0,0,0,0,0,0,0,1.63811e+0,0,0,0,0,0,0,0,1.26571e+2,9.60949e+1,0,1.28396e+0,0,0,0,0,1.90975e+3
"Middle_East","SYR","Syrian Arab Republic",2.01835e-1,5.02654e-2,3.11959e-1,3.78904e-3,1.77425e+0,0,0,0,4.97777e+0,9.14500e-2,3.57904e+2,0,0,0,0,0,0,0,0,0,0,0,0,0,0,0,0,0,0,0,0,0,0,1.24098e+2,4.46196e+0,0,0,0,0,0,0,2.47791e+0,0,0,0,0,0,0,0,3.28670e+1,5.65129e+1,0,3.49876e-1,0,0,0,0,5.86083e+2
"Middle_East","YEM","Yemen",1.03857e-2,4.03205e-2,3.95652e-2,0,1.81527e+0,0,0,0,3.12827e+0,4.66395e+0,7.09691e+1,0,0,0,0,0,0,0,0,0,0,0,0,0,0,0,0,0,0,0,0,0,0,1.18167e+2,5.21408e+0,0,0,0,0,0,0,5.20070e-1,0,0,0,0,0,0,0,8.55341e+0,6.09320e+1,0,1.12055e-1,0,0,0,0,2.74165e+2
"India +","AFG","Afghanistan",1.08083e-3,0,8.16629e-2,8.82864e-5,2.19622e-1,0,8.49716e-4,2.91726e-4,1.10197e+1,6.99163e+0,1.27208e+1,0,0,0,0,0,0,0,0,0,0,0,0,0,0,0,0,0,0,0,0,0,0,3.17918e+2,1.67783e+1,3.13564e+1,0,0,0,0,0,3.28764e-1,0,0,0,0,0,0,0,1.07051e+1,8.24901e+1,0,1.45806e-1,0,0,0,0,4.90758e+2
"India +","BGD","Bangladesh",2.47559e-1,4.48811e-3,8.39872e-2,0,6.77215e-1,2.11978e-2,4.89437e-2,0,1.71049e+2,2.61675e+1,1.62184e+2,0,0,0,0,0,0,0,0,0,0,0,0,0,0,0,0,0,0,0,0,0,0,8.31392e+2,7.26837e+1,2.21467e+3,0,0,0,0,4.15824e-1,1.35145e+1,5.32542e+1,0,0,0,0,0,0,1.50266e+2,5.67897e+2,0,0,0,0,0,0,4.26458e+3
"India +","BTN","Bhutan",3.72451e-4,0,8.37868e-3,3.90234e-4,2.43558e-2,0,1.65606e-4,5.27310e-5,1.50117e+1,3.76973e+0,6.65088e-3,0,0,0,0,0,0,1.98000e-2,0,0,0,0,0,0,0,0,0,0,0,0,0,0,0,1.39277e+1,1.43821e+0,6.71924e+0,0,0,0,0,0,2.35755e-1,9.92664e+0,0,0,0,0,0,0,5.16941e-1,7.81235e+0,0,5.03600e-3,0,0,0,0,5.94235e+1
"India +","IND","India",6.24166e+0,8.21351e-1,4.39143e+1,0,2.31519e+1,2.50376e-1,1.51520e-1,3.51690e-3,1.74780e+3,1.42467e+3,6.02158e+2,0,0,0,0,0,1.41865e+0,1.89731e+0,0,0,0,0,0,0,0,0,0,0,0,0,0,0,0,1.24922e+4,1.08219e+3,4.13087e+3,0,0,0,0,1.04131e+2,2.37963e+2,5.56186e+2,6.81120e+0,0,0,0,0,0,8.63057e+2,3.79088e+3,0,3.65308e+1,4.50000e+1,0,0,0,2.71983e+4
"India +","IOT","British Indian Ocean Territory",0,0,0,0,0,0,0,0,0,0,0,0,0,0,0,0,0,0,0,0,0,0,0,0,0,0,0,0,0,0,0,0,0,0,0,0,0,0,0,0,0,0,0,0,0,0,0,0,0,0,0,0,0,0,0,0,0,0,
"India +","LKA","Sri Lanka",2.31263e-2,3.98124e-3,1.27915e+0,5.29630e-3,8.84788e-1,3.82255e-3,2.63768e-3,0,2.27812e+1,1.73755e+0,4.95485e-1,0,0,0,0,0,0,0,0,0,0,0,0,0,0,0,0,0,0,0,0,0,0,6.47847e+1,5.49036e+0,2.41390e+2,0,0,0,0,7.85304e-1,2.27583e-1,0,0,0,0,0,0,0,3.91543e+1,9.21547e+1,0,0,0,0,0,0,4.71204e+2
"India +","MDV","Maldives",1.03584e-3,0,2.29076e-3,8.86651e-5,3.10010e-2,0,6.38981e-4,1.89120e-4,2.70394e-2,4.67170e-2,1.52564e-2,0,0,0,0,0,0,0,0,0,0,0,0,0,0,0,0,0,0,0,0,0,0,0,0,0,0,0,0,0,0,8.73165e-3,0,0,0,0,0,0,0,4.84943e-1,9.44819e-1,0,3.98162e-3,0,0,0,0,1.56673e+0
"India +","NPL","Nepal",0,0,1.55080e-1,0,1.84427e-1,0,0,0,6.00225e+1,5.90863e+0,0,0,0,0,0,0,0,0,0,0,0,0,0,0,0,0,0,0,0,0,0,0,0,4.23738e+2,3.72600e+1,3.65675e+2,0,0,0,0,1.00747e+1,9.34978e+0,1.37782e+0,0,0,0,0,0,0,5.00765e+0,9.68933e+1,0,0,0,0,0,0,1.01565e+3
"India +","PAK","Pakistan",3.71393e-1,8.33146e-2,4.20522e+0,0,3.71661e+0,4.84768e-2,0,2.26087e-3,1.83545e+2,5.40252e+1,8.40251e+2,0,0,0,0,0,0,0,0,0,0,0,0,0,0,0,0,0,0,0,0,0,0,2.66733e+3,1.93661e+2,7.80999e+2,0,0,0,0,7.10784e-1,9.81797e+0,0,4.62816e+0,0,0,0,0,0,1.38060e+2,5.74391e+2,0,1.71712e+0,0,0,0,0,5.45757e+3
"Korea","KOR","Korea, Republic of",1.43826e+0,4.04189e-1,4.61460e+0,4.29146e-2,1.53082e+1,5.42107e-2,1.30155e+0,1.35652e-2,2.50577e+1,7.42107e+1,1.47823e+2,0,0,0,0,0,1.89044e+0,2.44080e+0,0,0,0,0,0,0,0,0,0,0,0,0,0,0,0,2.45081e+2,2.09841e+1,3.66328e+2,0,0,0,0,0,3.55821e-1,0,7.06248e-2,0,0,0,0,0,1.47765e+2,4.02925e+2,0,0,0,0,0,0,1.45811e+3
"Korea","PRK","Korea, Democratic People's Republic of",6.65869e-2,3.34944e-4,4.24290e+0,0,2.07056e-1,0,0,0,6.09991e+1,3.88719e+2,8.55743e-2,0,0,0,0,0,0,9.90000e-3,0,0,0,0,0,0,0,0,0,0,0,0,0,0,0,4.54103e+1,7.10669e+0,1.43855e+2,0,0,0,0,0,2.41321e+0,0,1.25873e+0,0,0,0,0,0,3.81397e+1,1.07938e+2,1.69177e-1,0,0,0,0,0,8.00621e+2
"China +","CHN","China",1.09825e+1,2.88101e+0,7.90700e+1,9.58567e-2,5.04066e+1,1.72445e+0,1.80565e+0,6.95008e-3,3.46452e+3,1.32457e+4,1.34712e+3,0,0,0,0,0,1.18768e+1,1.76670e+1,0,0,0,0,0,0,0,0,0,0,0,0,0,0,0,8.52798e+3,1.32971e+3,1.38082e+4,0,0,0,0,1.94693e+1,1.53793e+1,1.19809e+1,2.09710e+1,0,0,0,0,0,2.14230e+3,6.06399e+3,1.47879e+1,4.59908e+0,9.00000e+1,0,0,0,5.02832e+4
"China +","HKG","Hong Kong",5.63999e-1,0,2.33037e-1,0,1.02970e+0,0,0,0,2.40532e-1,0,3.54584e+1,0,0,0,0,0,0,0,0,0,0,0,0,0,0,0,0,0,0,0,0,0,0,0,0,0,0,0,0,0,0,0,0,0,0,0,0,0,0,5.65879e+1,3.13378e+1,2.39899e-1,0,0,0,0,0,1.25691e+2
"China +","MAC","Macao",5.00397e-4,0,6.32050e-3,4.15427e-4,3.87910e-2,0,8.35436e-4,2.62254e-4,5.39531e-2,0,7.64277e-2,0,0,0,0,0,0,0,0,0,0,0,0,0,0,0,0,0,0,0,0,0,0,0,0,0,0,0,0,0,0,0,0,0,0,0,0,0,0,3.48195e+0,1.77089e+0,1.43043e-2,0,0,0,0,0,5.44465e+0
"China +","MNG","Mongolia",7.24639e-2,0,1.50390e-1,6.33250e-4,3.48132e-1,8.37360e-4,1.58839e-3,6.16227e-4,4.27089e+0,2.42581e+0,2.36415e-2,0,0,0,0,0,0,0,0,0,0,0,0,0,0,0,0,0,0,0,0,0,0,3.78721e+2,1.90824e+1,0,0,0,0,0,0,1.34309e-2,0,6.47400e+0,0,0,0,0,0,2.92404e+0,1.00236e+1,1.82261e-2,0,0,0,0,0,4.24551e+2
"China +","TWN","Taiwan_Province of China",1.46413e+0,2.31546e-1,2.57950e+0,7.56581e-3,1.29009e+1,1.73752e-4,1.09904e-1,0,9.77959e-1,6.34992e+0,3.56095e+1,0,0,0,0,0,4.15080e-1,8.02373e-1,0,0,0,0,0,0,0,0,0,0,0,0,0,0,0,1.95390e+1,3.29804e+1,0,0,0,0,0,0,0,0,0,0,0,0,0,0,1.30980e+2,1.13018e+2,6.15480e-1,0,0,0,0,0,3.58582e+2
"Southeastern Asia","BRN","Brunei Darussalam",1.44486e-1,6.05292e-2,1.40676e-2,0,2.58885e-1,0,0,0,4.73720e-2,1.59960e-2,1.71356e+2,0,0,0,0,0,0,0,0,0,0,0,0,0,0,0,0,0,0,0,0,0,0,4.42013e-1,1.84445e-1,9.24244e-2,0,0,0,0,0,3.34482e-3,1.25372e+1,0,0,0,0,0,0,1.95263e+0,1.59560e+0,5.21760e-2,1.75837e-2,0,0,0,0,1.88775e+2
"Southeastern Asia","KHM","Cambodia",5.56713e-4,0,4.45804e-2,1.44126e-3,7.51525e-2,0,3.73387e-4,1.37214e-4,4.66824e+1,7.59035e+0,6.69804e-4,0,0,0,0,0,0,0,0,0,0,0,0,0,0,0,0,0,0,0,0,0,0,1.68953e+2,2.34824e+1,3.95447e+2,0,0,0,0,3.38688e+1,1.87134e+1,7.25628e+0,0,0,0,0,0,0,7.01947e+0,5.10130e+1,2.18778e-1,7.69104e-2,0,0,0,0,7.60444e+2
"Southeastern Asia","LAO","Lao People's Democratic Republic",6.13399e-4,0,2.26192e-2,7.67990e-4,4.72272e-2,0,2.18869e-4,8.03070e-5,2.49977e+1,7.79842e+0,1.89211e-2,0,0,0,0,0,0,0,0,0,0,0,0,0,0,0,0,0,0,0,0,0,0,1.01076e+2,1.14997e+1,1.08387e+2,0,0,0,0,4.76088e+2,7.84758e+0,5.52038e+1,0,0,0,0,0,0,3.19664e+0,2.09733e+1,0,0,0,0,0,0,8.17159e+2
"Southeastern Asia","MMR","Myanmar",1.52701e-1,2.26161e-2,4.24082e-1,0,5.76173e-1,0,2.05153e-3,4.18680e-5,1.50170e+2,1.19842e+1,9.82315e+1,0,0,0,0,0,2.93250e-1,0,0,0,0,0,0,0,0,0,0,0,0,0,0,0,0,6.43081e+2,7.31248e+1,1.28548e+3,0,0,0,0,5.70960e+1,7.24258e+1,1.75290e+3,0,0,0,0,0,0,4.09958e+1,2.22511e+2,0,0,0,0,0,0,4.40947e+3
"Southeastern Asia","MYS","Malaysia",1.86564e+0,7.12509e-1,8.27352e-1,0,9.29329e+0,0,0,0,1.92535e+1,4.18296e+1,7.49822e+2,0,0,0,0,0,1.36639e+0,0,0,0,0,0,0,0,0,0,0,0,0,0,0,0,0,4.42946e+1,1.81930e+1,1.71958e+2,0,0,0,0,1.35370e+1,8.04070e+0,7.94580e+1,0,0,0,0,0,0,9.55531e+1,1.22314e+2,1.30143e+0,1.62184e+0,0,0,0,0,1.38124e+3
"Southeastern Asia","PHL","Philippines",1.00202e-1,1.08349e-1,6.44271e+0,5.75684e-3,3.99719e+0,0,1.96654e-1,0,1.65264e+2,1.04479e+2,5.25691e+0,0,0,0,0,0,1.27878e-3,3.32080e-1,0,0,0,0,0,0,0,0,0,0,0,0,0,0,0,3.78073e+2,7.57133e+1,9.79922e+2,0,0,0,0,1.12769e+0,5.86121e+1,0,0,0,0,0,0,0,1.77170e+2,3.83711e+2,0,3.20667e+0,0,0,0,0,2.34372e+3
"Southeastern Asia","SGP","Singapore",4.85250e-2,1.53618e-1,9.75525e-3,0,7.54566e-1,0,0,0,7.98144e-3,3.20075e+0,3.46760e+1,0,0,0,0,0,2.79627e-1,0,0,0,0,0,0,0,0,0,0,0,0,0,0,0,0,2.68724e-1,8.76338e-1,0,0,0,0,0,1.64798e-1,1.07722e-5,0,0,0,0,0,0,0,1.09317e+1,1.84082e+1,5.76146e+0,0,0,0,0,0,7.55420e+1
"Southeastern Asia","THA","Thailand",1.86426e+0,2.98958e-1,6.39532e+0,0,9.22037e+0,1.80702e-2,1.93430e-2,0,1.22615e+2,3.14369e+2,3.03194e+2,0,0,0,0,0,3.99015e-1,0,0,0,0,0,0,0,0,0,0,0,0,0,0,0,0,4.19445e+2,6.13419e+1,2.08111e+3,0,0,0,0,4.84176e+1,7.43996e+1,7.38004e+0,0,0,0,0,0,0,2.28857e+2,3.31927e+2,2.41458e+0,2.91188e+0,0,0,0,0,4.01659e+3
"Southeastern Asia","TLS","Timor-Leste",0,0,2.54256e-3,0,0,0,0,0,2.02916e-1,0,0,0,0,0,0,0,0,0,0,0,0,0,0,0,0,0,0,0,0,0,0,0,0,1.10197e+1,1.21986e+0,3.08892e+0,0,0,0,0,0,3.24653e-1,0,0,0,0,0,0,0,1.57317e-1,3.14174e+0,3.65823e-3,1.19966e-3,0,0,0,0,1.91625e+1
"Southeastern Asia","VNM","Viet Nam",2.07452e-1,0,1.13083e+0,2.86796e-3,2.18671e+0,0,0,1.68309e-2,2.24097e+2,1.75684e+2,1.01433e+2,0,0,0,0,0,0,0,0,0,0,0,0,0,0,0,0,0,0,0,0,0,0,4.17542e+2,1.22427e+2,1.83708e+3,0,0,0,0,5.78400e+1,7.91784e+1,7.14952e+0,0,0,0,0,0,0,7.46775e+1,3.59647e+2,0,0,0,0,0,0,3.46030e+3
"Indonesia +","IDN","Indonesia",1.43024e+0,2.07367e+0,1.39609e+1,1.16393e-2,1.57434e+1,0,4.94125e-1,0,3.78691e+2,2.63324e+2,1.50862e+3,0,0,0,0,0,6.21661e-1,2.09000e-2,0,0,0,0,0,0,0,0,0,0,0,0,0,0,0,9.75077e+2,8.76065e+1,2.46018e+3,0,0,0,0,1.54133e+2,1.88079e+2,2.51940e+2,0,5.08444e+2,0,0,0,0,6.54448e+2,1.18192e+3,7.55066e+0,9.35988e+0,0,0,0,0,8.66373e+3
"Indonesia +","PNG","Papua New Guinea",4.50855e-3,0,2.59562e-2,7.86432e-4,4.11820e-2,0,2.43474e-3,7.37010e-4,1.93628e+1,4.46648e-1,3.80672e+0,0,0,0,0,0,0,0,0,0,0,0,0,0,0,0,0,0,0,0,0,0,0,6.12266e+0,6.38932e+0,8.51278e-2,0,0,0,0,7.17792e-1,1.40100e-1,9.33028e+0,0,0,0,0,0,0,3.22449e+0,2.51704e+1,8.50011e-2,0,0,0,0,0,7.49569e+1
"Japan","JPN","Japan",9.15454e+0,5.97657e-1,1.30156e+1,7.52159e-2,1.69605e+1,4.20482e-2,1.27840e+0,0,2.20570e+1,1.27715e+2,4.01717e+1,0,0,0,0,0,4.91141e+0,6.81223e+0,0,0,0,0,0,0,0,0,0,0,0,0,0,0,0,5.26633e+2,1.97123e+2,8.27248e+2,0,0,0,0,0,5.61717e-1,9.38592e+0,1.34585e+0,0,0,0,0,0,2.35574e+2,2.43805e+2,7.17137e+1,6.72000e-1,0,0,0,0,2.35686e+3
"Oceania","ASM","American Samoa",0,0,0,0,0,0,0,0,2.16044e-5,0,0,0,0,0,0,0,0,0,0,0,0,0,0,0,0,0,0,0,0,0,0,0,0,1.62360e-2,1.25873e-1,0,0,0,0,0,0,9.84323e-6,0,0,0,0,0,0,0,2.88308e-1,6.82324e-2,0,0,0,0,0,0,4.98681e-1
"Oceania","ATF","French Southern Territories",0,0,0,0,0,0,0,0,0,0,0,0,0,0,0,0,0,0,0,0,0,0,0,0,0,0,0,0,0,0,0,0,0,0,0,0,0,0,0,0,0,0,0,0,0,0,0,0,0,0,0,0,0,0,0,0,0,0,
"Oceania","AUS","Australia",2.60814e+0,8.45174e-1,5.04732e+0,3.68020e-2,1.50906e+1,9.85177e-2,1.35108e-1,8.58294e-3,4.00301e+1,1.03621e+3,3.54372e+2,0,0,0,0,0,2.50436e-1,6.92810e-1,0,0,0,0,0,0,0,0,0,0,0,0,0,0,0,2.78216e+3,2.07868e+2,4.64632e+1,0,0,0,0,6.07656e+2,3.37754e+1,1.97167e+1,1.02382e+2,0,0,0,0,0,4.83182e+2,5.99468e+1,6.11798e-3,0,6.00000e-1,0,0,0,5.79918e+3
"Oceania","CCK","Cocos (Keeling) Islands",0,0,0,0,0,0,0,0,0,0,0,0,0,0,0,0,0,0,0,0,0,0,0,0,0,0,0,0,0,0,0,0,0,0,0,0,0,0,0,0,0,0,0,0,0,0,0,0,0,0,0,0,0,0,0,0,0,0,
"Oceania","COK","Cook Islands",0,0,0,0,0,0,0,0,1.41976e-3,0,0,0,0,0,0,0,0,0,0,0,0,0,0,0,0,0,0,0,0,0,0,0,0,6.64546e-2,1.16987e-1,0,0,0,0,0,0,6.46861e-4,0,0,0,0,0,0,0,0,2.40778e-2,0,0,0,0,0,0,2.09586e-1
"Oceania","CXR","Christmas Island",0,0,0,0,0,0,0,0,0,0,0,0,0,0,0,0,0,0,0,0,0,0,0,0,0,0,0,0,0,0,0,0,0,0,0,0,0,0,0,0,0,0,0,0,0,0,0,0,0,0,0,0,0,0,0,0,0,0,
"Oceania","FJI","Fiji",1.84473e-3,0,5.68598e-3,4.96774e-4,3.33636e-2,0,1.10950e-3,3.45654e-4,5.18312e-1,1.93223e-1,3.93298e-2,0,0,0,0,0,0,0,0,0,0,0,0,0,0,0,0,0,0,0,0,0,0,2.22374e+1,3.66177e+0,1.45464e+0,0,0,0,0,0,1.44092e-1,0,0,0,0,0,0,0,2.99872e+0,2.32322e+0,0,0,0,0,0,0,3.36135e+1
"Oceania","FSM","Micronesia, Federated States of",0,0,0,0,0,0,0,0,1.35721e-3,2.58850e-2,0,0,0,0,0,0,0,0,0,0,0,0,0,0,0,0,0,0,0,0,0,0,0,7.40667e-1,1.31745e-1,1.85896e-2,0,0,0,0,0,6.18365e-4,0,0,0,0,0,0,0,2.72478e-1,1.30666e-1,0,0,0,0,0,0,1.32201e+0
"Oceania","GUM","Guam",0,0,0,0,0,0,0,0,9.62625e-4,0,0,0,0,0,0,0,0,0,0,0,0,0,0,0,0,0,0,0,0,0,0,0,0,1.70311e-2,5.58529e-2,0,0,0,0,0,0,4.38582e-4,0,0,0,0,0,0,0,1.48979e+0,1.15921e+0,0,0,0,0,0,0,2.72328e+0
"Oceania","HMD","Heard Island and McDonald Islands",0,0,0,0,0,0,0,0,0,0,0,0,0,0,0,0,0,0,0,0,0,0,0,0,0,0,0,0,0,0,0,0,0,0,0,0,0,0,0,0,0,0,0,0,0,0,0,0,0,0,0,0,0,0,0,0,0,0,
"Oceania","KIR","Kiribati",3.97830e-5,0,3.48570e-4,5.06630e-5,1.19759e-3,0,2.16300e-5,7.26000e-6,5.91173e-3,2.44280e-2,1.01829e-3,0,0,0,0,0,0,0,0,0,0,0,0,0,0,0,0,0,0,0,0,0,0,9.50000e-3,2.62702e-2,0,0,0,0,0,0,2.15648e-3,0,0,0,0,0,0,0,2.31639e-1,2.88074e-1,0,0,0,0,0,0,5.90663e-1
"Oceania","MHL","Marshall Islands",0,0,0,0,0,0,0,0,0,0,0,0,0,0,0,0,0,0,0,0,0,0,0,0,0,0,0,0,0,0,0,0,0,0,0,0,0,0,0,0,0,0,0,0,0,0,0,0,0,2.22625e-1,6.79125e-2,0,0,0,0,0,0,2.90538e-1
"Oceania","MNP","Northern Mariana Islands",0,0,0,0,0,0,0,0,0,0,0,0,0,0,0,0,0,0,0,0,0,0,0,0,0,0,0,0,0,0,0,0,0,0,0,0,0,0,0,0,0,0,0,0,0,0,0,0,0,2.92100e-1,8.80881e-2,0,0,0,0,0,0,3.80188e-1
"Oceania","NCL","New Caledonia",1.10676e-3,0,7.58475e-3,4.58595e-5,4.39188e-2,0,6.50412e-4,2.25822e-4,5.43582e-2,4.00520e-2,6.00442e-2,0,0,0,0,0,0,0,0,0,0,0,0,0,0,0,0,0,0,0,0,0,0,6.48649e+0,7.92075e-1,0,0,0,0,0,0,1.55250e-3,0,0,0,0,0,0,0,1.77874e+0,2.56964e-1,0,0,0,0,0,0,9.52380e+0
"Oceania","NFK","Norfolk Island",0,0,0,0,0,0,0,0,0,0,0,0,0,0,0,0,0,0,0,0,0,0,0,0,0,0,0,0,0,0,0,0,0,0,0,0,0,0,0,0,0,0,0,0,0,0,0,0,0,0,4.07340e-3,0,0,0,0,0,0,4.07340e-3
"Oceania","NIU","Niue",0,0,0,0,0,0,0,0,9.61404e-5,3.72000e-4,0,0,0,0,0,0,0,0,0,0,0,0,0,0,0,0,0,0,0,0,0,0,0,9.37974e-3,2.31920e-2,0,0,0,0,0,0,4.38026e-5,0,0,0,0,0,0,0,6.01523e-3,3.59779e-3,0,0,0,0,0,0,4.26967e-2
"Oceania","NRU","Nauru",0,0,0,0,0,0,0,0,0,0,0,0,0,0,0,0,0,0,0,0,0,0,0,0,0,0,0,0,0,0,0,0,0,2.80000e-3,8.18133e-3,0,0,0,0,0,0,0,0,0,0,0,0,0,0,9.05473e-2,1.57706e-2,0,0,0,0,0,0,1.17299e-1
"Oceania","NZL","New Zealand",2.54713e-1,3.35523e-2,8.64858e-1,5.86152e-3,1.98305e+0,0,0,8.66666e-3,1.95053e+0,1.27239e+1,3.05632e+1,0,0,0,0,0,4.73110e+0,0,0,0,0,0,0,0,0,0,0,0,0,0,0,0,0,1.01324e+3,1.05279e+2,0,0,0,0,0,0,2.83523e-1,0,0,0,0,0,0,0,7.80704e+1,1.02145e+1,0,0,0,0,0,0,1.26021e+3
"Oceania","PCN","Pitcairn",0,0,0,0,0,0,0,0,0,0,0,0,0,0,0,0,0,0,0,0,0,0,0,0,0,0,0,0,0,0,0,0,0,0,0,0,0,0,0,0,0,0,0,0,0,0,0,0,0,0,1.03588e-3,0,0,0,0,0,0,1.03588e-3
"Oceania","PLW","Palau",0,0,0,0,0,0,0,0,0,0,0,0,0,0,0,0,0,0,0,0,0,0,0,0,0,0,0,0,0,0,0,0,0,0,0,0,0,0,0,0,0,0,0,0,0,0,0,0,0,0,6.31841e-2,0,0,0,0,0,0,6.31841e-2
"Oceania","PYF","French Polynesia",1.52925e-3,0,3.05037e-3,4.84279e-5,3.49503e-2,0,7.98413e-4,2.59158e-4,3.82594e-2,0,3.36421e-2,0,0,0,0,0,0,0,0,0,0,0,0,0,0,0,0,0,0,0,0,0,0,6.52367e-1,4.34977e-1,0,0,0,0,0,0,2.03718e-3,0,0,0,0,0,0,0,1.78270e+0,9.03694e-1,0,0,0,0,0,0,3.88831e+0
"Oceania","SLB","Solomon Islands",5.72337e-4,0,1.98602e-3,7.28345e-5,8.60779e-3,0,2.85376e-4,8.89320e-5,5.03294e-1,8.48780e-2,8.05879e-3,0,0,0,0,0,0,0,0,0,0,0,0,0,0,0,0,0,0,0,0,0,0,6.08360e+1,2.06918e+0,2.62579e-1,0,0,0,0,0,5.54474e-3,0,0,0,0,0,0,0,3.60102e-1,7.50672e-1,0,0,0,0,0,0,6.48919e+1
"Oceania","TKL","Tokelau",0,0,0,0,0,0,0,0,1.85680e-4,0,0,0,0,0,0,0,0,0,0,0,0,0,0,0,0,0,0,0,0,0,0,0,0,1.00000e-3,3.20383e-3,0,0,0,0,0,0,8.45978e-5,0,0,0,0,0,0,0,0,7.33068e-3,0,0,0,0,0,0,1.18048e-2
"Oceania","TON","Tonga",0,0,0,0,1.19420e-2,0,0,0,1.99811e-3,2.23200e-2,6.02743e-3,0,0,0,0,0,0,0,0,0,0,0,0,0,0,0,0,0,0,0,0,0,0,9.54661e-1,9.93666e-1,0,0,0,0,0,0,9.10361e-4,0,0,0,0,0,0,0,2.87920e-1,4.14985e-1,0,0,0,0,0,0,2.69443e+0
"Oceania","TUV","Tuvalu",0,0,0,0,0,0,0,0,0,0,0,0,0,0,0,0,0,0,0,0,0,0,0,0,0,0,0,0,0,0,0,0,0,1.32000e-2,4.01627e-2,0,0,0,0,0,0,0,0,0,0,0,0,0,0,2.53930e-2,7.39532e-2,0,0,0,0,0,0,1.52709e-1
"Oceania","VUT","Vanuatu",1.70368e-4,0,8.72391e-4,2.79180e-5,3.95067e-3,0,1.12630e-4,3.56220e-5,1.14367e-1,3.26430e-2,3.04483e-3,0,0,0,0,0,0,0,0,0,0,0,0,0,0,0,0,0,0,0,0,0,0,9.93813e+0,1.22250e+0,0,0,0,0,0,0,1.21908e-2,0,0,0,0,0,0,0,2.58689e-1,1.01845e+0,0,0,0,0,0,0,1.26052e+1
"Oceania","WLF","Wallis and Futuna",0,0,0,0,0,0,0,0,9.05508e-4,0,0,0,0,0,0,0,0,0,0,0,0,0,0,0,0,0,0,0,0,0,0,0,0,6.64232e-2,7.59984e-2,0,0,0,0,0,0,4.12560e-4,0,0,0,0,0,0,0,0,8.28021e-2,0,0,0,0,0,0,2.26542e-1
"Oceania","WSM","Samoa",2.26348e-4,0,8.97351e-4,2.56279e-4,1.35176e-2,0,1.74468e-4,6.22290e-5,2.50954e-1,3.17750e-2,6.43608e-3,0,0,0,0,0,0,0,0,0,0,0,0,0,0,0,0,0,0,0,0,0,0,1.73713e+0,2.06131e+0,0,0,0,0,0,0,1.13034e-3,0,0,0,0,0,0,0,2.97731e-1,1.04947e+0,0,0,0,0,0,0,5.45107e+0
"Antartica","ATA","Antarctica",0,0,0,0,0,0,0,0,0,0,0,0,0,0,0,0,0,0,0,0,0,0,0,0,0,0,0,0,0,0,0,0,0,0,0,0,0,0,0,0,0,0,0,0,0,0,0,0,0,0,0,0,0,0,0,0,0,0,
"Int. Shipping","SEA","Int. Shipping",0,0,0,0,0,0,0,0,0,0,1.13443e+1,0,4.22412e+1,0,0,0,0,0,0,0,0,0,0,0,0,0,0,0,0,0,0,0,0,0,0,0,0,0,0,0,0,0,0,0,0,0,0,0,0,0,0,0,0,0,0,0,0,5.35855e+1
"Int. Aviation","AIR","Int. Aviation",0,0,0,0,0,0,0,0,0,0,0,2.49852e+0,0,0,0,0,0,0,0,0,0,0,0,0,0,0,0,0,0,0,0,0,0,0,0,0,0,0,0,0,0,0,0,0,0,0,0,0,0,0,0,0,0,0,0,0,0,2.49852e+0

"TOTALS",,,1.83129e+2,4.62512e+1,4.05280e+2,2.22266e+0,6.95042e+2,5.58509e+0,1.01105e+1,2.77484e+0,1.16008e+4,3.12497e+4,5.53456e+4,2.49852e+0,4.22412e+1,0,0,0,1.19566e+2,6.16526e+1,0,0,0,0,0,0,0,0,0,0,0,0,0,0,0,9.09087e+4,1.08543e+4,3.50284e+4,0,0,0,0,6.70090e+3,1.34401e+3,9.47987e+3,1.02113e+3,5.08444e+2,0,0,0,0,2.63873e+4,2.71603e+4,1.45131e+2,2.11747e+2,1.50600e+2,0,0,0,03.09673e+5