"Content:","Emissions by country and main source category" 
"Compound:","CH4"
"Year: ","1981"
"Unit:","Gg CH4"
"Source:","European Commission, Joint Research Centre (JRC)/PBL Netherlands Environmental Assessment Agency. Emission Database for Global Atmospheric Research (EDGAR), release version 4.2. http://edgar.jrc.ec.europe.eu, 2010" 
"Dataset:","v4.2_EM_CH4_300911(edgar)"
"Date calculated:","November 30, 1999, 12:00 am"

,,,"Public electricity and heat production","Other Energy Industries","Manufacturing Industries and Construction","Domestic aviation","Road transportation","Rail transportation","Inland navigation","Other transportation","Residential and other sectors","Fugitive emissions from solid fuels","Fugitive emissions from oil and gas","Memo: International aviation","Memo: International navigation","Cement production","Lime production","Production of other minerals","Production of chemicals","Production of metals","Production of pulp/paper/food/drink","Production of halocarbons and SF6","Refrigeration and Air Conditioning","Foam Blowing","Fire Extinguishers","Aerosols","F-gas as Solvent","Semiconductor/Electronics Manufacture","Electrical Equipment","Other F-gas use","Non-energy use of lubricants/waxes (CO2)","Solvent and other product use: paint","Solvent and other product use: degrease","Solvent and other product use: chemicals","Solvent and other product use: other","Enteric fermentation","Manure management","Rice cultivation","Direct soil emissions","Manure in pasture/range/paddock","Indirect N2O from agriculture","Other direct soil emissions","Savanna burning","Agricultural waste burning","Forest fires","Grassland fires","Peat fires and decay of drained peatland","Other vegetation fires","Other biomass burning","Forest Fires-Post burn decay","Forest Land: net carbon stock change","Solid waste disposal on land","Wastewater handling","Waste incineration","Other waste handling","Fossil fuel fires","Indirect N2O from non-agricultural NOx","Indirect N2O from non-agricultural NH3","Other sources",

"World Region","ISO_A3","Country","1A1a","1A1bc","1A2","1A3a","1A3b","1A3c","1A3d","1A3e","1A4","1B1","1B2","1C1","1C2","2A1","2A2","2A7","2B","2C","2D","2E","2F1","2F2","2F3","2F4","2F5","2F7","2F8","2F9","2G","3A","3B","3C","3D","4A","4B","4C","4D1","4D2","4D3","4D4","4E","4F","5A","5C","5D","5F","5F1","5F2","5FL","6A","6B","6C","6D","7A","7B","7C","7D","TOTAL" 
"Canada","CAN","Canada",1.17682e+0,9.70380e-1,9.05047e+0,7.47552e-2,2.27233e+1,3.65054e-1,6.79058e-1,7.59485e-2,4.50931e+1,7.56326e+1,1.02146e+3,0,0,0,0,0,2.05020e+0,7.76484e-1,0,0,0,0,0,0,0,0,0,0,0,0,0,0,0,6.87281e+2,2.37703e+2,0,0,0,0,0,0,7.39732e+0,3.67306e+2,3.07200e+2,0,0,0,0,0,7.85501e+2,1.59999e+2,5.81878e+0,0,0,0,0,0,3.73833e+3
"USA","SPM","Saint Pierre and Miquelon",0,0,0,0,0,0,0,0,0,0,0,0,0,0,0,0,0,0,0,0,0,0,0,0,0,0,0,0,0,0,0,0,0,4.28630e-4,3.41244e-5,0,0,0,0,0,0,0,0,0,0,0,0,0,0,3.49046e-2,1.02422e-2,7.48442e-4,0,0,0,0,0,4.63580e-2
"USA","UMI","United States Minor Outlying Islands",0,0,0,0,0,0,0,0,0,0,0,0,0,0,0,0,0,0,0,0,0,0,0,0,0,0,0,0,0,0,0,0,0,0,0,0,0,0,0,0,0,0,0,0,0,0,0,0,0,0,0,0,0,0,0,0,0,0,
"USA","USA","United States",1.47993e+1,6.67099e+0,7.34703e+1,9.64366e-1,2.28732e+2,2.38822e+0,3.44071e-1,6.25717e-1,5.44984e+2,3.61544e+3,6.58881e+3,0,0,0,0,0,1.94734e+1,2.82954e+0,0,0,0,0,0,0,0,0,0,0,0,0,0,0,0,6.65304e+3,1.97197e+3,6.26288e+2,0,0,0,0,6.42672e-1,5.34912e+1,5.91120e+1,2.06753e+1,0,0,0,0,0,7.79757e+3,6.71057e+2,0,0,1.50000e+1,0,0,0,2.89684e+4
"Mexico","MEX","Mexico",3.02542e-1,7.67887e-1,3.81468e+0,0,1.63211e+1,0,0,1.08120e+0,6.96372e+1,4.82499e+1,1.46768e+3,0,0,0,0,0,9.53751e-1,8.53999e-1,0,0,0,0,0,0,0,0,0,0,0,0,0,0,0,2.01427e+3,1.42775e+2,3.06140e+1,0,0,0,0,1.66464e+1,2.67088e+1,4.25954e+1,9.34848e-2,0,0,0,0,0,1.81347e+2,3.65826e+2,0,0,0,0,0,0,4.43054e+3
"Rest Central America","ABW","Aruba",2.24348e-3,0,9.39718e-3,2.21600e-6,1.64772e-2,0,0,0,1.67592e-2,9.23380e-3,3.58300e-4,0,0,0,0,0,0,0,0,0,0,0,0,0,0,0,0,0,0,0,0,0,0,3.39370e-2,4.18740e-3,0,0,0,0,0,0,0,0,0,0,0,0,0,0,2.22948e-1,3.00502e-1,0,0,0,0,0,0,6.16046e-1
"Rest Central America","AIA","Anguilla",2.09340e-4,0,9.76020e-4,0,0,0,0,0,7.54000e-5,2.03110e-1,0,0,0,0,0,0,0,0,0,0,0,0,0,0,0,0,0,0,0,0,0,0,0,0,0,0,0,0,0,0,0,0,0,0,0,0,0,0,0,5.28213e-3,2.65285e-2,0,0,0,0,0,0,2.36181e-1
"Rest Central America","ANT","Netherlands Antilles",0,7.84249e-2,4.62222e-2,1.13044e-3,2.45389e-1,0,0,0,3.76813e-2,1.96808e-2,6.87502e+0,0,0,0,0,0,0,0,0,0,0,0,0,0,0,0,0,0,0,0,0,0,0,2.92238e-1,1.54400e-2,0,0,0,0,0,0,0,0,0,0,0,0,0,0,1.16342e+0,7.61534e-1,0,0,0,0,0,0,9.53618e+0
"Rest Central America","ATG","Antigua and Barbuda",3.49812e-3,0,8.86262e-3,5.25799e-6,7.15742e-3,0,6.34480e-5,0,3.25698e-2,0,6.91954e-2,0,0,0,0,0,0,0,0,0,0,0,0,0,0,0,0,0,0,0,0,0,0,1.02490e+0,2.15195e-2,0,0,0,0,0,0,9.02192e-4,0,0,0,0,0,0,0,1.66697e-1,2.92306e-1,0,0,0,0,0,0,1.62768e+0
"Rest Central America","BHS","Bahamas",1.74125e-2,0,3.11003e-2,5.55305e-4,8.05966e-2,0,7.13433e-4,0,4.51534e-1,2.79373e-2,8.68027e-1,0,0,0,0,0,0,0,0,0,0,0,0,0,0,0,0,0,0,0,0,0,0,1.85264e-1,2.56740e-2,0,0,0,0,0,0,1.58892e-2,0,0,0,0,0,0,0,3.04153e+0,9.40916e-1,0,0,0,0,0,0,5.68715e+0
"Rest Central America","BLZ","Belize",5.55455e-3,0,2.03976e-2,2.01150e-6,1.09402e-2,0,9.91130e-5,0,7.75079e-1,4.42481e-2,4.22713e-2,0,0,0,0,0,0,0,0,0,0,0,0,0,0,0,0,0,0,0,0,0,0,2.80201e+0,8.86301e-2,6.94500e-1,0,0,0,0,4.92432e-1,3.14431e-1,0,0,0,0,0,0,0,4.58957e-1,8.09402e-1,0,0,0,0,0,0,6.55896e+0
"Rest Central America","BMU","Bermuda",4.72348e-3,0,7.98497e-3,5.87110e-5,7.37279e-3,0,6.14530e-5,0,6.84053e-2,0,9.06163e-2,0,0,0,0,0,0,0,0,0,0,0,0,0,0,0,0,0,0,0,0,0,0,7.72690e-2,4.03160e-3,0,0,0,0,0,0,4.01513e-5,0,0,0,0,0,0,0,5.82417e-1,2.55504e-1,0,0,0,0,0,0,1.09848e+0
"Rest Central America","BRB","Barbados",9.41447e-3,0,3.49071e-2,1.83315e-5,1.84533e-2,0,1.66306e-4,0,5.92510e-2,2.68589e-2,4.62363e-1,0,0,0,0,0,0,0,0,0,0,0,0,0,0,0,0,0,0,0,0,0,0,1.44993e+0,9.28300e-2,0,0,0,0,0,0,2.85572e-1,0,0,0,0,0,0,0,1.08211e+0,1.39702e+0,0,0,0,0,0,0,4.91890e+0
"Rest Central America","CRI","Costa Rica",6.31832e-3,2.69604e-3,2.05656e-1,0,1.15745e-1,0,0,3.34107e-2,5.30782e+0,1.19298e+0,1.37260e-1,0,0,0,0,0,0,0,0,0,0,0,0,0,0,0,0,0,0,0,0,0,0,1.39382e+2,3.11747e+0,1.39950e+1,0,0,0,0,9.02544e-1,1.02312e+0,0,0,0,0,0,0,0,2.94091e+0,1.11339e+1,0,0,0,0,0,0,1.79497e+2
"Rest Central America","CUB","Cuba",1.03365e+0,9.18413e-3,4.02461e+0,0,1.05958e+0,0,1.01697e-1,5.68986e-2,3.53522e+1,6.85963e+0,2.67766e+0,0,0,0,0,0,0,0,0,0,0,0,0,0,0,0,0,0,0,0,0,0,0,2.97101e+2,9.45020e+0,6.82118e+1,0,0,0,0,6.54672e+0,2.00828e+1,1.43310e+0,0,0,0,0,0,0,3.75076e+1,6.33503e+1,0,0,0,0,0,0,5.54859e+2
"Rest Central America","CYM","Cayman Islands",1.33892e-3,0,2.54347e-3,1.44900e-6,2.43382e-3,0,2.07340e-5,0,1.79178e-2,0,2.10371e-2,0,0,0,0,0,0,0,0,0,0,0,0,0,0,0,0,0,0,0,0,0,0,2.95914e-1,1.22620e-2,0,0,0,0,0,0,4.01415e-6,0,0,0,0,0,0,0,4.02223e-1,8.06407e-2,0,0,0,0,0,0,8.36337e-1
"Rest Central America","DMA","Dominica",2.35617e-3,0,1.03067e-2,1.09250e-6,1.72183e-3,0,1.84800e-5,0,5.27091e-3,2.91168e-2,6.99259e-3,0,0,0,0,0,0,0,0,0,0,0,0,0,0,0,0,0,0,0,0,0,0,5.13123e-1,1.69300e-2,0,0,0,0,0,0,2.18598e-3,0,0,0,0,0,0,0,2.73270e-1,4.02795e-1,0,0,0,0,0,0,1.26409e+0
"Rest Central America","DOM","Dominican Republic",7.61942e-2,0,8.51344e-1,0,3.83643e-1,0,0,1.00483e-3,1.13871e+1,1.90877e+1,4.35151e-1,0,0,0,0,0,0,0,0,0,0,0,0,0,0,0,0,0,0,0,0,0,0,1.11870e+2,2.88805e+0,5.02943e+1,0,0,0,0,8.23248e-1,3.21949e+0,6.52535e-1,0,0,0,0,0,0,1.64327e+1,3.01463e+1,2.53918e-1,0,0,0,0,0,2.48803e+2
"Rest Central America","GLP","Guadeloupe",1.12780e-2,0,4.58861e-2,9.51070e-5,2.21096e-2,0,1.58326e-4,0,4.77879e-1,9.99205e-2,1.38092e-1,0,0,0,0,0,0,0,0,0,0,0,0,0,0,0,0,0,0,0,0,0,0,5.22472e+0,1.48428e-1,0,0,0,0,0,0,2.49551e-1,0,0,0,0,0,0,0,2.03470e+0,1.83048e+0,0,0,0,0,0,0,1.02833e+1
"Rest Central America","GRD","Grenada",2.97278e-3,0,1.25064e-2,5.05749e-6,1.59041e-3,0,1.66600e-5,0,8.57787e-3,9.93476e-2,1.06833e-2,0,0,0,0,0,0,0,0,0,0,0,0,0,0,0,0,0,0,0,0,0,0,4.97030e-1,1.44746e-2,0,0,0,0,0,0,4.87317e-3,0,0,0,0,0,0,0,1.77156e-1,4.47256e-1,0,0,0,0,0,0,1.27649e+0
"Rest Central America","GTM","Guatemala",7.17302e-2,2.47748e-3,3.27868e-1,0,2.68015e-1,0,0,0,2.64781e+1,2.08772e+0,6.40877e-1,0,0,0,0,0,0,0,0,0,0,0,0,0,0,0,0,0,0,0,0,0,0,1.17385e+2,3.15049e+0,2.69403e+0,0,0,0,0,3.82632e+0,2.69995e+0,4.63692e+0,0,0,0,0,0,0,6.91747e+0,3.02060e+1,0,0,0,0,0,0,2.01393e+2
"Rest Central America","HND","Honduras",4.39614e-3,1.33978e-3,3.03250e-1,0,1.01294e-1,0,0,0,1.28874e+1,6.95905e-1,6.86188e-2,0,0,0,0,0,0,0,0,0,0,0,0,0,0,0,0,0,0,0,0,0,0,1.06916e+2,3.01605e+0,3.70867e+0,0,0,0,0,5.08200e+0,1.31158e+0,4.83140e+0,0,0,0,0,0,0,2.28242e+0,1.56935e+1,0,0,0,0,0,0,1.56903e+2
"Rest Central America","HTI","Haiti",7.78745e-3,0,1.71449e-1,0,3.92125e-2,0,0,6.65700e-3,1.33847e+1,2.54502e+1,0,0,0,0,0,0,0,0,0,0,0,0,0,0,0,0,0,0,0,0,0,0,0,7.70432e+1,3.46510e+0,8.74685e+0,0,0,0,0,0,1.47653e+0,0,0,0,0,0,0,0,7.34599e+0,2.60358e+1,0,0,0,0,0,0,1.63173e+2
"Rest Central America","JAM","Jamaica",2.02136e-1,6.69888e-4,1.52985e-1,6.28019e-5,1.75200e-1,0,0,0,1.40194e+0,1.88889e+0,1.42063e-1,0,0,0,0,0,0,0,0,0,0,0,0,0,0,0,0,0,0,0,0,0,0,1.87305e+1,6.94646e-1,1.30678e-1,0,0,0,0,0,7.67571e-1,0,0,0,0,0,0,0,6.34206e+0,1.02199e+1,0,0,0,0,0,0,4.08493e+1
"Rest Central America","KNA","Saint Kitts and Nevis",1.66059e-3,0,5.96396e-3,1.48735e-5,1.85353e-3,0,1.28660e-5,0,1.58659e-1,0,1.03655e-2,0,0,0,0,0,0,0,0,0,0,0,0,0,0,0,0,0,0,0,0,0,0,3.95055e-1,9.91380e-3,0,0,0,0,0,0,9.98088e-2,0,0,0,0,0,0,0,3.27510e-1,2.87910e-1,0,0,0,0,0,0,1.29873e+0
"Rest Central America","LCA","Saint Lucia",4.19212e-3,0,1.66160e-2,1.38900e-6,4.64723e-3,0,3.27670e-5,0,2.77857e-2,3.05322e-2,1.75141e-2,0,0,0,0,0,0,0,0,0,0,0,0,0,0,0,0,0,0,0,0,0,0,7.55970e-1,2.69605e-2,0,0,0,0,0,0,7.52148e-3,0,0,0,0,0,0,0,1.13969e-1,5.49503e-1,0,0,0,0,0,0,1.55525e+0
"Rest Central America","MSR","Montserrat",4.73113e-4,0,1.64637e-3,1.30000e-6,1.26438e-3,0,8.99500e-6,0,3.25023e-3,0,3.88492e-3,0,0,0,0,0,0,0,0,0,0,0,0,0,0,0,0,0,0,0,0,0,0,5.47400e-1,1.18100e-2,0,0,0,0,0,0,4.68498e-5,0,0,0,0,0,0,0,9.72351e-3,5.41078e-2,0,0,0,0,0,0,6.33618e-1
"Rest Central America","MTQ","Martinique",1.27485e-2,0,4.55929e-2,6.57766e-5,1.63506e-2,0,1.15157e-4,0,9.92132e-2,1.18995e-1,1.27547e-1,0,0,0,0,0,0,0,0,0,0,0,0,0,0,0,0,0,0,0,0,0,0,3.34645e+0,1.13840e-1,0,0,0,0,0,0,7.71784e-2,0,0,0,0,0,0,0,3.18919e+0,1.72936e+0,0,0,0,0,0,0,8.87664e+0
"Rest Central America","NIC","Nicaragua",2.02665e-2,8.79538e-4,2.51985e-1,2.09339e-4,1.34018e-1,0,2.63768e-3,0,7.94858e+0,1.98830e+0,1.69666e-1,0,0,0,0,0,0,0,0,0,0,0,0,0,0,0,0,0,0,0,0,0,0,1.35153e+2,3.82853e+0,7.27738e+0,0,0,0,0,5.17248e+0,1.09473e+0,0,0,0,0,0,0,0,1.31360e+1,1.43724e+1,0,0,0,0,0,0,1.90551e+2
"Rest Central America","PAN","Panama",5.83813e-2,4.83183e-3,1.52106e-1,0,2.92070e-1,0,0,1.57005e-2,4.99606e+0,9.94150e-2,4.08063e-1,0,0,0,0,0,0,0,0,0,0,0,0,0,0,0,0,0,0,0,0,0,0,8.74681e+1,1.98446e+0,1.74762e+1,0,0,0,0,8.91192e-1,8.70535e-1,0,0,0,0,0,0,0,4.90666e+0,8.81701e+0,0,0,0,0,0,0,1.28441e+2
"Rest Central America","PRI","Puerto Rico",0,0,0,0,0,0,0,0,0,0,0,0,0,0,0,0,0,0,0,0,0,0,0,0,0,0,0,0,0,0,0,0,0,3.06337e+1,8.99975e-1,1.13709e-1,0,0,0,0,0,5.55076e-1,1.08963e-1,0,0,0,0,0,0,2.06439e+1,1.48757e+1,0,0,0,0,0,0,6.78311e+1
"Rest Central America","SLV","El Salvador",7.83259e-3,1.44034e-3,1.77353e-1,0,1.47449e-1,0,0,0,1.78385e+1,1.98830e-1,1.65413e-1,0,0,0,0,0,0,0,0,0,0,0,0,0,0,0,0,0,0,0,0,0,0,6.08988e+1,2.10630e+0,2.41413e+0,0,0,0,0,9.37752e-2,1.15920e+0,0,0,0,0,0,0,0,9.51960e+0,2.02813e+1,0,0,0,0,0,0,1.15010e+2
"Rest Central America","TCA","Turks and Caicos Islands",2.33130e-4,0,1.08693e-3,0,0,0,0,0,8.40000e-5,2.69600e-3,0,0,0,0,0,0,0,0,0,0,0,0,0,0,0,0,0,0,0,0,0,0,0,0,0,0,0,0,0,0,0,0,0,0,0,0,0,0,0,3.64197e-2,3.36405e-2,0,0,0,0,0,0,7.41603e-2
"Rest Central America","TTO","Trinidad and Tobago",9.77225e-2,1.77612e-1,8.54107e-3,0,4.49707e-1,0,0,0,7.24497e-1,1.27453e-1,9.06210e+1,0,0,0,0,0,0,0,0,0,0,0,0,0,0,0,0,0,0,0,0,0,0,5.13922e+0,2.19030e-1,1.55869e-1,0,0,0,0,0,3.83698e-1,0,0,0,0,0,0,0,6.48247e+0,9.02256e+0,0,0,0,0,0,0,1.13609e+2
"Rest Central America","VCT","Saint Vincent and the Grenadines",3.27499e-3,0,1.40301e-2,4.19500e-7,1.39215e-3,0,9.69500e-6,0,3.68550e-2,2.57468e-2,6.96980e-3,0,0,0,0,0,0,0,0,0,0,0,0,0,0,0,0,0,0,0,0,0,0,5.36662e-1,1.80400e-2,0,0,0,0,0,0,1.96398e-2,0,0,0,0,0,0,0,1.63878e-1,4.23228e-1,0,0,0,0,0,0,1.24973e+0
"Rest Central America","VGB","Virgin Islands_British",5.88276e-4,0,1.58179e-3,2.02300e-6,1.98093e-3,0,1.39930e-5,0,6.07911e-3,1.78610e-3,6.90532e-3,0,0,0,0,0,0,0,0,0,0,0,0,0,0,0,0,0,0,0,0,0,0,4.91456e-1,3.37064e-2,0,0,0,0,0,0,0,0,0,0,0,0,0,0,7.30458e-2,5.16875e-2,0,0,0,0,0,0,6.68834e-1
"Rest Central America","VIR","Virgin Islands_USA",0,0,0,0,0,0,0,0,0,0,0,0,0,0,0,0,0,0,0,0,0,0,0,0,0,0,0,0,0,0,0,0,0,7.17670e-2,1.92295e-2,0,0,0,0,0,0,8.57258e-2,0,0,0,0,0,0,0,7.11595e-1,4.49774e-1,0,0,0,0,0,0,1.33809e+0
"Brazil","BRA","Brazil",5.97248e-1,3.01210e+0,1.69980e+1,4.07795e-2,1.37942e+1,1.03429e-1,5.83807e-1,0,2.33696e+2,6.62909e+2,1.00973e+2,0,0,0,0,0,1.26319e+0,2.81645e+0,0,0,0,0,0,0,0,0,0,0,0,0,0,0,0,7.17250e+3,1.93799e+2,6.14715e+2,0,0,0,0,4.66512e+2,9.66296e+1,1.75818e+3,1.05967e+0,0,0,0,0,0,3.32679e+2,1.09484e+3,4.66322e+0,0,0,0,0,0,1.27724e+4
"Rest South America","ARG","Argentina",3.37250e-1,3.21109e-1,2.26783e+0,1.75636e-2,6.40092e+0,0,2.02222e-2,0,4.93208e+0,3.24616e+1,3.71991e+2,0,0,0,0,0,2.23083e-1,1.96161e-1,0,0,0,0,0,0,0,0,0,0,0,0,0,0,0,3.50459e+3,6.82473e+1,1.43099e+1,0,0,0,0,1.25731e+1,2.67834e+1,3.86226e+1,8.31888e+1,0,0,0,0,0,9.89883e+1,1.69603e+2,0,0,0,0,0,0,4.43608e+3
"Rest South America","BOL","Bolivia",4.33911e-2,3.06474e-2,2.29521e-1,2.11433e-3,3.65594e-1,2.08503e-3,0,0,1.14070e+1,2.18713e+0,9.21801e+1,0,0,0,0,0,0,0,0,0,0,0,0,0,0,0,0,0,0,0,0,0,0,3.15999e+2,8.76951e+0,1.10910e+1,0,0,0,0,1.35638e+2,1.71308e+0,2.94222e+2,0,0,0,0,0,0,7.35238e+0,2.57300e+1,0,0,0,0,0,0,9.06962e+2
"Rest South America","BVT","Bouvet Island",0,0,0,0,0,0,0,0,0,0,0,0,0,0,0,0,0,0,0,0,0,0,0,0,0,0,0,0,0,0,0,0,0,0,0,0,0,0,0,0,0,0,0,0,0,0,0,0,0,0,0,0,0,0,0,0,0,0,
"Rest South America","CHL","Chile",7.65007e-2,8.41225e-2,9.49596e-1,0,1.19420e+0,7.77699e-3,2.98938e-2,0,1.62542e+1,3.74652e+1,6.87593e+1,0,0,0,0,0,0,3.28192e-2,0,0,0,0,0,0,0,0,0,0,0,0,0,0,0,3.07189e+2,6.34840e+0,5.49302e+0,0,0,0,0,0,1.35481e+0,1.99526e+0,4.52496e+0,0,0,0,0,0,2.29144e+1,9.92258e+1,0,0,0,0,0,0,5.73899e+2
"Rest South America","COL","Colombia",1.63927e-1,1.21533e-1,1.42898e+0,0,3.61251e+0,3.19871e-3,9.96457e-3,0,5.15301e+1,2.65105e+1,1.55263e+2,0,0,0,0,0,1.95654e-2,2.00900e-2,0,0,0,0,0,0,0,0,0,0,0,0,0,0,0,1.43693e+3,3.44566e+1,1.47208e+2,0,0,0,0,2.24412e+1,9.59384e+0,1.02027e+2,0,0,0,0,0,0,3.85555e+1,1.35224e+2,0,0,0,0,0,0,2.16512e+3
"Rest South America","ECU","Ecuador",3.20937e-2,4.04512e-2,2.76235e-1,8.37360e-5,1.05083e+0,0,9.26119e-2,0,1.38285e+1,1.19652e+1,4.79645e+1,0,0,0,0,0,5.02200e-5,0,0,0,0,0,0,0,0,0,0,0,0,0,0,0,0,1.95605e+2,8.45829e+0,5.06151e+1,0,0,0,0,1.15032e+0,2.55592e+0,1.04910e+0,0,0,0,0,0,0,8.21114e+0,3.68645e+1,0,0,0,0,0,0,3.79760e+2
"Rest South America","FLK","Falkland Islands (Malvinas)",2.16444e-4,0,2.62461e-4,1.48300e-6,1.83311e-4,0,1.13400e-6,0,2.47701e-3,6.97590e-3,2.15788e-3,0,0,0,0,0,0,0,0,0,0,0,0,0,0,0,0,0,0,0,0,0,0,3.84772e+0,7.56450e-2,0,0,0,0,0,0,0,0,0,0,0,0,0,0,8.46330e-3,8.64599e-3,3.00305e-5,0,0,0,0,0,3.95278e+0
"Rest South America","GUF","French Guiana",2.94742e-3,0,1.00106e-2,4.63251e-5,4.77132e-3,0,3.33830e-5,0,1.23544e-1,1.11446e-1,6.37893e-2,0,0,0,0,0,0,0,0,0,0,0,0,0,0,0,0,0,0,0,0,0,0,4.63131e-1,2.26600e-2,8.92179e-2,0,0,0,0,0,4.59311e-3,6.63442e-1,0,0,0,0,0,0,4.09322e-1,3.44904e-1,1.57552e-3,0,0,0,0,0,2.31543e+0
"Rest South America","GUY","Guyana",3.49953e-2,0,1.06289e-1,1.06367e-4,3.87880e-2,0,2.64817e-4,0,3.23390e+0,1.78610e-3,3.12604e-1,0,0,0,0,0,0,0,0,0,0,0,0,0,0,0,0,0,0,0,0,0,0,8.40619e+0,5.41316e-1,3.41777e+1,0,0,0,0,3.02088e+0,1.46530e+0,1.72339e+1,0,0,0,0,0,0,1.04072e+0,4.04302e+0,3.66768e-3,0,0,0,0,0,7.36614e+1
"Rest South America","PER","Peru",7.00808e-2,9.51359e-2,7.26242e-1,1.46538e-4,1.39948e+0,0,8.00100e-2,0,3.61715e+1,1.91395e+1,5.50951e+1,0,0,0,0,0,2.51820e-4,1.29250e-1,0,0,0,0,0,0,0,0,0,0,0,0,0,0,0,3.05340e+2,9.86200e+0,6.67922e+1,0,0,0,0,8.80608e-1,3.17473e+0,3.73946e+1,0,0,0,0,0,0,2.80946e+1,8.36859e+1,0,0,0,0,0,0,6.48132e+2
"Rest South America","PRY","Paraguay",4.28308e-2,9.78283e-3,7.05517e-1,0,1.43788e-1,1.75846e-2,8.79228e-4,0,1.39299e+1,8.35086e+0,6.95481e-2,0,0,0,0,0,0,0,0,0,0,0,0,0,0,0,0,0,0,0,0,0,0,3.77176e+2,8.19911e+0,4.07604e+0,0,0,0,0,6.83928e+1,1.71577e+0,7.45167e+1,7.91736e+0,0,0,0,0,0,7.08934e+0,1.45491e+1,0,0,0,0,0,0,5.86903e+2
"Rest South America","SGS","South Georgia and the South Sandwich Islands",0,0,0,0,0,0,0,0,0,0,0,0,0,0,0,0,0,0,0,0,0,0,0,0,0,0,0,0,0,0,0,0,0,0,0,0,0,0,0,0,0,0,0,0,0,0,0,0,0,0,0,0,0,0,0,0,0,0,
"Rest South America","SUR","Suriname",1.90893e-2,0,5.04746e-2,4.34780e-5,3.45089e-2,0,2.40730e-4,0,3.16815e-1,7.16597e-1,8.59604e-1,0,0,0,0,0,0,0,0,0,0,0,0,0,0,0,0,0,0,0,0,0,0,2.76083e+0,1.82330e-1,3.20796e+1,0,0,0,0,0,2.48637e-1,1.33022e+1,0,0,0,0,0,0,1.11095e+0,2.11461e+0,4.12384e-3,0,0,0,0,0,5.38006e+1
"Rest South America","URY","Uruguay",7.14805e-3,2.81719e-3,2.32493e-1,9.00161e-4,2.90564e-1,0,0,1.50725e-3,4.46429e+0,2.06366e-1,4.65035e-1,0,0,0,0,0,0,5.63951e-4,0,0,0,0,0,0,0,0,0,0,0,0,0,0,0,8.23692e+2,1.57438e+1,2.79122e+1,0,0,0,0,0,1.09521e+0,0,0,0,0,0,0,0,1.34949e+1,1.50056e+1,0,0,0,0,0,0,9.02616e+2
"Rest South America","VEN","Venezuela",4.56938e-1,6.01320e-1,6.97939e-1,0,8.32114e+0,4.20482e-2,0,3.89373e-3,6.04765e+0,1.05796e+0,6.82537e+2,0,0,0,0,0,2.52142e-1,2.11415e-1,0,0,0,0,0,0,0,0,0,0,0,0,0,0,0,6.64381e+2,1.88974e+1,4.25098e+1,0,0,0,0,3.40344e+1,2.57316e+0,7.16040e+1,0,0,0,0,0,0,5.50840e+1,9.10010e+1,0,0,0,0,0,0,1.68031e+3
"Northern_Africa","DZA","Algeria",2.48542e-1,5.78934e-1,1.24683e-1,0,1.52012e+0,1.21627e-2,8.79228e-3,0,1.65754e+1,2.70471e+1,8.20692e+2,0,0,0,0,0,1.06861e-1,1.32860e-1,0,0,0,0,0,0,0,0,0,0,0,0,0,0,0,1.53072e+2,5.91460e+0,7.50736e-2,0,0,0,0,0,8.67527e-2,0,0,0,0,0,0,0,2.90620e+1,6.96831e+1,0,0,0,0,0,0,1.12494e+3
"Northern_Africa","EGY","Egypt",9.49742e-2,4.03850e-2,1.08936e+0,6.46860e-3,1.50453e+0,0,1.81707e-2,2.66281e-2,4.31800e+1,8.77943e+1,2.12885e+2,0,0,0,0,0,2.40900e-3,1.23785e-1,0,0,0,0,0,0,0,0,0,0,0,0,0,0,0,2.41910e+2,7.28696e+0,1.84923e+2,0,0,0,0,0,2.58459e-1,0,0,0,0,0,0,0,5.97650e+1,1.65142e+2,0,0,0,0,0,0,1.00605e+3
"Northern_Africa","ESH","Western Sahara",1.08354e-3,6.47590e-5,2.73753e-4,2.22730e-5,5.59174e-3,3.25360e-6,1.09830e-5,0,7.69635e-3,0,3.65404e-3,0,0,0,0,0,0,0,0,0,0,0,0,0,0,0,0,0,0,0,0,0,0,8.41440e+0,2.43098e-1,0,0,0,0,0,0,5.94540e-5,0,0,0,0,0,0,0,1.04275e-1,7.46558e-1,0,0,0,0,0,0,9.52679e+0
"Northern_Africa","LBY","Libyan Arab Jamahiriya",8.71924e-2,9.44833e-2,6.69469e-2,4.18681e-5,1.41495e+0,0,0,0,1.99089e+0,2.80468e+0,5.41128e+2,0,0,0,0,0,6.45150e-1,0,0,0,0,0,0,0,0,0,0,0,0,0,0,0,0,4.19483e+1,1.54903e+0,0,0,0,0,0,0,1.20829e-2,0,0,0,0,0,0,0,1.01046e+1,1.45978e+1,0,0,0,0,0,0,6.16444e+2
"Northern_Africa","MAR","Morocco",1.44778e-2,3.72625e-3,1.67263e-1,0,4.40063e-1,3.12754e-3,1.61192e-2,0,2.26663e+1,1.54987e+1,8.70310e+0,0,0,0,0,0,0,0,0,0,0,0,0,0,0,0,0,0,0,0,0,0,0,2.51714e+2,8.35087e+0,9.29483e-1,0,0,0,0,0,1.21491e-1,0,0,0,0,0,0,0,2.27675e+1,8.11330e+1,0,0,0,0,0,0,4.12529e+2
"Northern_Africa","TUN","Tunisia",4.53954e-2,3.03742e-3,7.56134e-2,0,2.19486e-1,5.56009e-3,1.08438e-2,0,5.79725e+0,8.54969e+0,3.04787e+1,0,0,0,0,0,0,1.43500e-2,0,0,0,0,0,0,0,0,0,0,0,0,0,0,0,6.23983e+1,2.59918e+0,0,0,0,0,0,0,5.47877e-2,0,0,0,0,0,0,0,1.14867e+1,2.53665e+1,0,0,0,0,0,0,1.47105e+2
"Western_Africa","BEN","Benin",2.51208e-4,0,1.25604e-3,0,4.96589e-2,0,0,0,1.77893e+1,1.15321e+1,4.80919e-1,0,0,0,0,0,0,0,0,0,0,0,0,0,0,0,0,0,0,0,0,0,0,3.67197e+1,2.14268e+0,1.46572e+0,0,0,0,0,2.86320e+1,2.70542e-1,6.46306e+1,0,0,0,0,0,0,1.75113e+0,1.65258e+1,0,0,0,0,0,0,1.81992e+2
"Western_Africa","BFA","Burkina Faso",1.18164e-3,6.68011e-5,4.18905e-4,1.63788e-4,4.27517e-2,3.54825e-6,1.19770e-5,0,2.87054e+1,2.43782e+1,1.00621e-2,0,0,0,0,0,0,0,0,0,0,0,0,0,0,0,0,0,0,0,0,0,0,1.24997e+2,5.42182e+0,7.06049e+0,0,0,0,0,2.69688e+1,6.16793e-1,0,0,0,0,0,0,0,1.06390e+0,2.74367e+1,0,0,0,0,0,0,2.46704e+2
"Western_Africa","CAF","Central African Republic",6.10423e-4,2.94502e-5,1.12758e-4,1.08611e-4,1.45920e-2,1.83430e-6,6.18800e-6,0,9.22353e+0,2.57913e+0,4.35350e-3,0,0,0,0,0,0,0,0,0,0,0,0,0,0,0,0,0,0,0,0,0,0,6.44128e+1,2.25579e+0,2.39520e+0,0,0,0,0,9.85752e+2,1.74604e-1,2.70878e+2,0,0,0,0,0,0,3.30359e+0,1.02792e+1,0,0,0,0,0,0,1.35127e+3
"Western_Africa","CIV","Cote d'Ivoire",1.75846e-3,4.06074e-3,2.04316e-2,0,3.66312e-1,2.25878e-3,1.17230e-2,0,2.62371e+1,3.87719e+1,1.40968e+0,0,0,0,0,0,0,0,0,0,0,0,0,0,0,0,0,0,0,0,0,0,0,3.39105e+1,1.77620e+0,1.68652e+1,0,0,0,0,1.59475e+1,7.41597e-1,2.20143e+2,0,0,0,0,0,0,1.26800e+1,3.33315e+1,0,0,0,0,0,0,4.02221e+2
"Western_Africa","CMR","Cameroon",3.39132e-3,0,7.91304e-3,0,3.40009e-1,0,0,0,2.35982e+1,6.26315e+0,1.10858e+1,0,0,0,0,0,0,0,0,0,0,0,0,0,0,0,0,0,0,0,0,0,0,1.56359e+2,5.91194e+0,3.82518e+0,0,0,0,0,1.04021e+2,5.56967e-1,1.06638e+2,0,0,0,0,0,0,1.06812e+1,4.07820e+1,0,0,0,0,0,0,4.70073e+2
"Western_Africa","COD","Congo_the Democratic Republic of the",4.39614e-3,1.00483e-3,4.94042e-2,0,2.27627e-1,0,0,0,1.20360e+2,7.57373e+0,2.88491e+0,0,0,0,0,0,0,0,0,0,0,0,0,0,0,0,0,0,0,0,0,0,0,3.61534e+0,1.49286e-1,5.38028e+1,0,0,0,0,7.88400e+2,2.78561e+0,2.00852e+3,0,0,0,0,0,0,3.56702e+1,1.09274e+2,0,0,0,0,0,0,3.13332e+3
"Western_Africa","COG","Congo",1.75846e-3,0,1.88406e-3,7.53623e-4,7.88854e-2,0,0,0,3.40427e+0,1.53099e+1,5.40178e+1,0,0,0,0,0,0,0,0,0,0,0,0,0,0,0,0,0,0,0,0,0,0,5.85876e+1,2.72627e+0,4.82616e-1,0,0,0,0,1.73455e+1,1.22859e-1,8.41772e+1,0,0,0,0,0,0,2.30952e+0,7.99210e+0,0,0,0,0,0,0,2.46559e+2
"Western_Africa","CPV","Cape Verde",1.83914e-3,7.99105e-5,2.87322e-4,7.71729e-5,2.10612e-2,5.52780e-6,1.86480e-5,0,1.56708e-2,9.03160e-3,7.01611e-3,0,0,0,0,0,0,0,0,0,0,0,0,0,0,0,0,0,0,0,0,0,0,8.98689e-1,1.62888e-1,0,0,0,0,0,0,4.23740e-3,0,0,0,0,0,0,0,2.38955e-1,1.29688e+0,0,0,0,0,0,0,2.65674e+0
"Western_Africa","GAB","Gabon",4.89855e-3,0,3.79743e-2,0,4.28959e-2,0,0,0,1.44241e+0,6.03466e-1,1.13381e+2,0,0,0,0,0,0,0,0,0,0,0,0,0,0,0,0,0,0,0,0,0,0,1.22905e+0,1.89154e-1,7.14986e-2,0,0,0,0,3.99024e-1,3.06524e-2,6.87684e+0,0,0,0,0,0,0,2.34095e+0,3.49535e+0,0,0,0,0,0,0,1.30145e+2
"Western_Africa","GHA","Ghana",1.00483e-3,1.67472e-3,3.17652e-1,0,4.67923e-1,2.25878e-3,4.68922e-3,0,3.74179e+1,2.52514e+1,3.09426e-1,0,0,0,0,0,0,0,0,0,0,0,0,0,0,0,0,0,0,0,0,0,0,4.67184e+1,2.43479e+0,2.07346e+1,0,0,0,0,7.25904e+1,5.04702e-1,2.16043e+1,0,0,0,0,0,0,1.34619e+1,4.69113e+1,0,0,0,0,0,0,2.88734e+2
"Western_Africa","GIN","Guinea",2.09974e-3,2.95253e-4,1.25942e-3,2.26601e-4,8.14828e-2,5.51950e-6,1.86270e-5,0,3.06108e+1,1.30080e+1,1.84390e-2,0,0,0,0,0,0,0,0,0,0,0,0,0,0,0,0,0,0,0,0,0,0,5.11409e+1,1.83287e+0,9.10547e+1,0,0,0,0,6.20784e+1,6.00383e-1,8.12668e+1,0,0,0,0,0,0,3.41076e+0,2.10343e+1,0,0,0,0,0,0,3.56142e+2
"Western_Africa","GMB","Gambia",9.26677e-4,3.97372e-5,1.37355e-4,3.80665e-5,2.89769e-2,2.78465e-6,9.39400e-6,0,1.24351e+0,2.04118e+0,3.73942e-3,0,0,0,0,0,0,0,0,0,0,0,0,0,0,0,0,0,0,0,0,0,0,1.15069e+1,4.37370e-1,4.96916e+0,0,0,0,0,3.26424e+0,4.12650e-2,0,0,0,0,0,0,0,4.81530e-1,2.43940e+0,0,0,0,0,0,0,2.64584e+1
"Western_Africa","GNB","Guinea-Bissau",3.01118e-4,2.15110e-5,1.08765e-4,2.14760e-5,7.20132e-3,9.04700e-7,3.05200e-6,0,1.66488e+0,7.31964e-2,2.00645e-3,0,0,0,0,0,0,0,0,0,0,0,0,0,0,0,0,0,0,0,0,0,0,1.14109e+1,6.53331e-1,1.60872e+1,0,0,0,0,5.74416e+0,1.14573e-1,0,0,0,0,0,0,0,4.20309e-1,3.09778e+0,0,0,0,0,0,0,3.92761e+1
"Western_Africa","GNQ","Equatorial Guinea",1.55013e-4,1.90236e-5,6.63570e-5,2.66689e-5,4.73191e-3,1.35705e-6,4.57800e-6,0,1.50301e+0,3.17319e-1,6.66336e-1,0,0,0,0,0,0,0,0,0,0,0,0,0,0,0,0,0,0,0,0,0,0,3.35395e-1,1.85440e-2,0,0,0,0,0,0,5.69495e-3,0,0,0,0,0,0,0,2.73363e-1,1.23588e+0,0,0,0,0,0,0,4.36055e+0
"Western_Africa","LBR","Liberia",7.23147e-3,5.86259e-4,2.39558e-3,3.43511e-4,1.66605e-1,1.90153e-5,6.41550e-5,0,7.72923e+0,6.20319e+0,4.03030e-2,0,0,0,0,0,0,0,0,0,0,0,0,0,0,0,0,0,0,0,0,0,0,3.52406e+0,2.73350e-1,3.81276e+0,0,0,0,0,7.85400e-1,2.35948e-1,6.55955e-2,0,0,0,0,0,0,1.74109e+0,7.96910e+0,0,0,0,0,0,0,3.25573e+1
"Western_Africa","MLI","Mali",2.81913e-3,1.31348e-4,4.83075e-4,1.31747e-4,1.06159e-1,8.47015e-6,2.85810e-5,0,1.19948e+1,4.77192e-1,1.35441e-2,0,0,0,0,0,0,0,0,0,0,0,0,0,0,0,0,0,0,0,0,0,0,2.87000e+2,1.10064e+1,2.07346e+1,0,0,0,0,4.02864e+1,3.71741e-1,2.57020e+1,0,0,0,0,0,0,2.50897e+0,2.91953e+1,0,0,0,0,0,0,4.29401e+2
"Western_Africa","MRT","Mauritania",1.42848e-3,1.71695e-4,1.01897e-3,1.35063e-4,6.84742e-2,8.39580e-6,1.24950e-5,0,3.53314e+0,5.44127e+0,1.34640e-2,0,0,0,0,0,0,0,0,0,0,0,0,0,0,0,0,0,0,0,0,0,0,1.23408e+2,5.20479e+0,6.23826e-1,0,0,0,0,5.96760e-3,7.24921e-2,0,0,0,0,0,0,0,9.10559e-1,7.50408e+0,0,0,0,0,0,0,1.46788e+2
"Western_Africa","NER","Niger",4.72229e-3,1.89778e-4,2.05721e-3,4.81640e-5,4.63312e-2,3.56355e-5,4.10270e-5,0,1.51268e+1,1.77253e+1,1.34135e-2,0,0,0,0,0,0,0,0,0,0,0,0,0,0,0,0,0,0,0,0,0,0,1.79830e+2,7.92853e+0,3.70006e+0,0,0,0,0,8.65584e-1,6.43647e-1,0,0,0,0,0,0,0,1.51665e+0,2.46046e+1,0,0,0,0,0,0,2.52008e+2
"Western_Africa","NGA","Nigeria",1.82225e-1,5.64637e-2,1.63620e-1,0,3.14559e+0,3.99002e-3,2.54975e-2,0,1.60560e+2,5.36277e+1,1.03896e+3,0,0,0,0,0,0,0,0,0,0,0,0,0,0,0,0,0,0,0,0,0,0,6.89275e+2,2.07509e+1,1.05389e+2,0,0,0,0,9.65880e+1,3.36715e+0,1.42134e+1,0,0,0,0,0,0,3.00216e+1,2.76664e+2,0,0,0,0,0,0,2.49299e+3
"Western_Africa","SEN","Senegal",0,1.05207e-3,2.14553e-2,0,1.23437e-1,1.04251e-3,1.17231e-2,0,1.50721e+1,2.90292e+1,1.77040e-1,0,0,0,0,0,0,0,0,0,0,0,0,0,0,0,0,0,0,0,0,0,0,9.64107e+1,4.08978e+0,1.35490e+1,0,0,0,0,2.44656e+1,2.36276e-1,0,0,0,0,0,0,0,6.72215e+0,2.63667e+1,0,0,0,0,0,0,2.16277e+2
"Western_Africa","SHN","Saint Helena",4.25970e-6,8.38300e-7,2.85600e-6,3.54300e-6,3.14595e-4,4.15000e-8,0,0,9.90377e-5,0,1.74795e-6,0,0,0,0,0,0,0,0,0,0,0,0,0,0,0,0,0,0,0,0,0,0,7.18934e-2,6.16635e-3,0,0,0,0,0,0,0,0,0,0,0,0,0,0,4.24841e-3,2.45188e-2,0,0,0,0,0,0,1.07254e-1
"Western_Africa","SLE","Sierra Leone",3.43445e-3,2.47614e-4,1.06110e-3,1.55671e-4,3.03033e-2,9.03040e-6,3.04640e-5,0,1.74271e+1,1.42000e+1,1.66617e-2,0,0,0,0,0,0,0,0,0,0,0,0,0,0,0,0,0,0,0,0,0,0,1.26115e+1,5.67607e-1,4.47848e+1,0,0,0,0,1.45128e+1,4.39869e-1,7.79484e+0,0,0,0,0,0,0,2.46920e+0,1.40140e+1,0,0,0,0,0,0,1.28874e+2
"Western_Africa","STP","Sao Tome and Principe",2.76743e-4,1.16449e-5,4.07310e-5,6.23000e-6,2.94004e-3,8.30000e-7,2.80000e-6,0,4.25792e-3,3.86640e-1,7.71267e-4,0,0,0,0,0,0,0,0,0,0,0,0,0,0,0,0,0,0,0,0,0,0,1.42610e-1,1.27114e-2,0,0,0,0,0,0,1.98188e-3,0,0,0,0,0,0,0,1.30468e-1,3.85957e-1,0,0,0,0,0,0,1.06868e+0
"Western_Africa","TCD","Chad",1.27498e-3,5.36512e-5,2.15781e-4,3.22495e-5,1.11982e-2,3.83045e-6,1.29220e-5,0,1.53730e+1,2.06811e+1,6.33317e-3,0,0,0,0,0,0,0,0,0,0,0,0,0,0,0,0,0,0,0,0,0,0,1.98760e+2,7.47281e+0,7.14986e+0,0,0,0,0,1.23146e+2,2.41410e-1,0,0,0,0,0,0,0,1.68271e+0,2.00600e+1,0,0,0,0,0,0,3.94586e+2
"Western_Africa","TGO","Togo",7.53625e-4,0,0,0,5.73569e-2,0,0,0,1.46363e+1,1.52105e+1,0,0,0,0,0,0,0,0,0,0,0,0,0,0,0,0,0,0,0,0,0,0,0,1.32091e+1,7.98497e-1,3.23531e+0,0,0,0,0,2.88024e+1,1.91364e-1,1.25494e+1,0,0,0,0,0,0,1.62956e+0,1.24087e+1,0,0,0,0,0,0,1.02729e+2
"Eastern_Africa","BDI","Burundi",2.77341e-4,1.53326e-5,9.57480e-5,3.10300e-5,1.45779e-2,8.30000e-7,2.80700e-6,0,1.61197e+1,1.31544e+1,2.68590e-3,0,0,0,0,0,0,0,0,0,0,0,0,0,0,0,0,0,0,0,0,0,0,1.97655e+1,7.04313e-1,8.93733e-1,0,0,0,0,0,3.36377e-1,0,0,0,0,0,0,0,2.42110e-1,1.72686e+1,0,0,0,0,0,0,6.85024e+1
"Eastern_Africa","COM","Comoros",7.62444e-5,9.35410e-6,3.88350e-5,2.13060e-5,3.87703e-3,6.68150e-7,2.25400e-6,0,1.84513e-2,1.37294e+0,1.00485e-3,0,0,0,0,0,0,0,0,0,0,0,0,0,0,0,0,0,0,0,0,0,0,2.63110e+0,1.37937e-1,2.14496e+0,0,0,0,0,0,9.77020e-3,0,0,0,0,0,0,0,2.65110e-1,1.52596e+0,0,0,0,0,0,0,8.11125e+0
"Eastern_Africa","DJI","Djibouti",2.37776e-3,4.29565e-4,2.35709e-3,9.84378e-5,1.78431e-2,7.14630e-6,2.41080e-5,0,7.60671e-2,1.18412e+0,2.64942e-2,0,0,0,0,0,0,0,0,0,0,0,0,0,0,0,0,0,0,0,0,0,0,8.57107e+0,3.82200e-1,0,0,0,0,0,0,8.20873e-7,0,0,0,0,0,0,0,4.60291e-1,1.47526e+0,0,0,0,0,0,0,1.21986e+1
"Eastern_Africa","ERI","Eritrea",7.72319e-4,5.48090e-4,1.84818e-3,0,1.21871e-2,0,0,0,5.95268e+0,6.77053e+0,1.07738e-1,0,0,0,0,0,0,0,0,0,0,0,0,0,0,0,0,0,0,0,0,0,0,6.07156e+1,2.16799e+0,0,0,0,0,0,1.79518e+0,1.02957e-1,0,0,0,0,0,0,0,5.07311e-1,9.57232e+0,0,0,0,0,0,0,8.77077e+1
"Eastern_Africa","ETH","Ethiopia",2.53003e-3,2.05533e-4,1.28475e-2,0,1.09541e-1,0,0,0,1.11239e+2,8.74852e+0,7.48181e-2,0,0,0,0,0,0,0,0,0,0,0,0,0,0,0,0,0,0,0,0,0,0,1.06050e+3,4.16235e+1,0,0,0,0,0,1.91933e+2,4.58007e+0,0,0,0,0,0,0,0,6.22391e+0,1.52526e+2,0,0,0,0,0,0,1.57757e+3
"Eastern_Africa","KEN","Kenya",7.86152e-4,2.86686e-3,5.80709e-2,7.76651e-3,3.20082e-1,8.16637e-3,2.93076e-3,0,4.81357e+1,1.32023e+2,7.12650e-1,0,0,0,0,0,0,0,0,0,0,0,0,0,0,0,0,0,0,0,0,0,0,4.25888e+2,1.41213e+1,1.68737e+0,0,0,0,0,3.27480e+0,8.20329e-1,0,0,0,0,0,0,0,3.42072e+0,6.52613e+1,0,0,0,0,0,0,6.95745e+2
"Eastern_Africa","MDG","Madagascar",5.60677e-3,2.86843e-4,1.70896e-3,3.40550e-4,1.12906e-1,2.61228e-5,5.64550e-5,0,1.56766e+1,7.35354e+0,2.35312e-2,0,0,0,0,0,0,0,0,0,0,0,0,0,0,0,0,0,0,0,0,0,0,3.58060e+2,1.24850e+1,2.21655e+2,0,0,0,0,5.07288e+1,7.97529e-1,3.28032e+1,8.85072e-2,0,0,0,0,0,4.13640e+0,3.78996e+1,0,0,0,0,0,0,7.41829e+2
"Eastern_Africa","MUS","Mauritius",2.96808e-3,2.26643e-4,1.13916e-3,4.83950e-5,3.12495e-2,1.04658e-5,3.00300e-5,0,2.68263e-1,9.94150e-2,1.79581e-2,0,0,0,0,0,0,0,0,0,0,0,0,0,0,0,0,0,0,0,0,0,0,1.58572e+0,8.87930e-2,4.28992e-3,0,0,0,0,0,1.05138e-1,0,0,0,0,0,0,0,1.85011e+0,4.31692e+0,0,0,0,0,0,0,8.37228e+0
"Eastern_Africa","MYT","Mayotte",0,0,0,0,0,0,0,0,0,0,0,0,0,0,0,0,0,0,0,0,0,0,0,0,0,0,0,0,0,0,0,0,0,0,0,0,0,0,0,0,0,0,0,0,0,0,0,0,0,1.17446e-1,3.59855e-1,0,0,0,0,0,0,4.77301e-1
"Eastern_Africa","REU","Reunion",2.07575e-3,1.18996e-4,5.51724e-4,1.67690e-4,4.20641e-2,6.23745e-6,2.10490e-5,0,2.00897e-1,0,1.43705e-2,0,0,0,0,0,0,0,0,0,0,0,0,0,0,0,0,0,0,0,0,0,0,1.09232e+0,1.83431e-1,0,0,0,0,0,0,4.87644e-2,0,0,0,0,0,0,0,1.61991e+0,2.14539e+0,0,0,0,0,0,0,5.35008e+0
"Eastern_Africa","RWA","Rwanda",1.71054e-3,8.46316e-5,3.98181e-4,9.81530e-5,2.92147e-2,5.13770e-6,1.73390e-5,0,1.69516e+1,1.40489e+0,8.35021e-3,0,0,0,0,0,0,0,0,0,0,0,0,0,0,0,0,0,0,0,0,0,0,2.57625e+1,9.82557e-1,2.98507e-1,0,0,0,0,1.76417e+0,4.12467e-1,0,0,0,0,0,0,0,3.14891e-1,2.01220e+1,0,0,0,0,0,0,6.80535e+1
"Eastern_Africa","SDN","Sudan",7.82692e-4,2.09340e-4,3.65927e-2,0,3.18792e-1,0,0,0,5.15556e+1,1.63637e+2,1.51701e+0,0,0,0,0,0,0,0,0,0,0,0,0,0,0,0,0,0,0,0,0,0,0,1.05469e+3,3.38192e+1,1.87684e+0,0,0,0,0,5.05992e+2,1.40157e+0,0,0,0,0,0,0,0,1.71968e+1,7.97567e+1,0,0,0,0,0,0,1.91180e+3
"Eastern_Africa","SOM","Somalia",1.75814e-3,2.31584e-4,1.10304e-3,4.22057e-4,1.09800e-1,1.54090e-5,5.19890e-5,0,1.78587e+1,3.02804e+1,3.08254e-2,0,0,0,0,0,0,0,0,0,0,0,0,0,0,0,0,0,0,0,0,0,0,4.76353e+2,2.10918e+1,1.01886e+0,0,0,0,0,5.67648e-3,1.75850e-1,0,0,0,0,0,0,0,2.54611e+0,2.18684e+1,0,0,0,0,0,0,5.71343e+2
"Eastern_Africa","SYC","Seychelles",1.35965e-3,7.32214e-5,2.90769e-4,2.84999e-8,3.48115e-3,4.08360e-6,1.37830e-5,0,7.87289e-3,0,3.97747e-3,0,0,0,0,0,0,0,0,0,0,0,0,0,0,0,0,0,0,0,0,0,0,1.48123e-1,3.70323e-2,0,0,0,0,0,0,5.05440e-6,0,0,0,0,0,0,0,1.44346e-1,3.09101e-1,0,0,0,0,0,0,6.55680e-1
"Eastern_Africa","UGA","Uganda",2.24583e-3,1.12609e-4,4.30359e-4,8.60889e-5,4.95437e-2,6.74790e-6,2.27710e-5,0,9.29121e+1,4.57151e+1,1.08040e-2,0,0,0,0,0,0,0,0,0,0,0,0,0,0,0,0,0,0,0,0,0,0,1.95321e+2,5.88538e+0,2.14496e+0,0,0,0,0,9.05664e+1,1.05979e+0,0,0,0,0,0,0,0,1.90663e+0,4.71268e+1,0,0,0,0,0,0,4.82701e+2
"Southern_Africa","AGO","Angola",6.40580e-4,2.97263e-3,1.36908e-2,0,1.79653e-1,0,0,0,7.32638e+0,5.54736e+1,2.29900e+2,0,0,0,0,0,0,0,0,0,0,0,0,0,0,0,0,0,0,0,0,0,0,1.25528e+2,4.14672e+0,1.96621e+0,0,0,0,0,3.55128e+2,1.63413e-1,8.82477e+0,0,0,0,0,0,0,5.53846e+0,3.46049e+1,0,0,0,0,0,0,8.28798e+2
"Southern_Africa","BWA","Botswana",3.62300e-3,9.10962e-5,1.79125e-2,1.11605e-5,6.38757e-2,3.03667e-4,2.12100e-5,0,2.59468e+0,7.35773e+0,9.96447e-3,0,0,0,0,0,0,0,0,0,0,0,0,0,0,0,0,0,0,0,0,0,0,1.34999e+2,3.27536e+0,0,0,0,0,0,7.99056e+1,4.60224e-2,0,2.10410e+0,0,0,0,0,0,4.08356e-1,4.08584e+0,0,0,0,0,0,0,2.34872e+2
"Southern_Africa","LSO","Lesotho",5.09550e-4,3.19951e-5,1.36200e-4,7.74359e-5,2.23966e-2,1.53135e-6,5.16600e-6,0,6.07652e+0,4.82850e+0,3.38452e-3,0,0,0,0,0,0,0,0,0,0,0,0,0,0,0,0,0,0,0,0,0,0,3.41201e+1,6.76604e-1,0,0,0,0,0,0,4.39179e-2,0,1.34090e+0,0,0,0,0,0,3.28964e-1,5.43546e+0,0,0,0,0,0,0,5.28775e+1
"Southern_Africa","MOZ","Mozambique",6.15460e-4,1.90287e-3,6.44767e-2,0,1.39960e-1,0,0,0,4.43333e+1,3.66474e+1,1.27544e-1,0,0,0,0,0,0,0,0,0,0,0,0,0,0,0,0,0,0,0,0,0,0,5.42597e+1,2.00048e+0,1.69809e+1,0,0,0,0,1.94244e+2,1.16641e+0,2.43583e+1,3.49368e+0,0,0,0,0,0,2.78624e+0,5.10794e+1,0,0,0,0,0,0,4.31684e+2
"Southern_Africa","MWI","Malawi",2.78553e-3,1.11542e-4,2.63737e-3,1.15339e-4,7.87037e-2,4.54636e-5,2.66630e-5,0,1.49089e+1,2.18893e+1,1.18080e-2,0,0,0,0,0,0,0,0,0,0,0,0,0,0,0,0,0,0,0,0,0,0,3.82192e+1,1.38828e+0,4.07543e+0,0,0,0,0,3.73848e+1,9.13701e-1,0,0,0,0,0,0,0,9.48253e-1,2.56793e+1,0,0,0,0,0,0,1.45503e+2
"Southern_Africa","NAM","Namibia",1.03280e-3,0,1.74162e-4,7.53623e-4,1.21706e-1,0,0,0,2.79973e-1,2.31000e+0,0,0,0,0,0,0,0,0,0,0,0,0,0,0,0,0,0,0,0,0,0,0,0,1.21959e+2,3.02035e+0,0,0,0,0,0,2.04910e+1,5.08052e-2,0,0,0,0,0,0,0,1.16966e+0,3.50668e+0,0,0,0,0,0,0,1.52911e+2
"Southern_Africa","SWZ","Swaziland",1.01662e-3,5.98430e-5,7.81762e-3,4.14585e-5,3.64859e-2,1.32592e-4,1.43430e-5,0,2.20620e+0,1.66292e+0,6.81290e-3,0,0,0,0,0,0,0,0,0,0,0,0,0,0,0,0,0,0,0,0,0,0,3.18056e+1,7.58489e-1,2.14496e-1,0,0,0,0,0,7.99993e-2,0,0,0,0,0,0,0,3.68169e-1,1.27224e+1,0,0,0,0,0,0,4.98706e+1
"Southern_Africa","TZA","Tanzania_United Republic of",8.79229e-3,5.86152e-4,1.12625e-2,0,1.70091e-1,0,2.93076e-4,0,6.35674e+1,3.77999e+1,1.46766e-1,0,0,0,0,0,0,0,0,0,0,0,0,0,0,0,0,0,0,0,0,0,0,4.36472e+2,1.52020e+1,5.00491e+1,0,0,0,0,2.64624e+2,2.92215e+0,7.53712e+1,0,0,0,0,0,0,2.94540e+0,7.71229e+1,0,0,0,0,0,0,1.02641e+3
"Southern_Africa","ZAF","South Africa",7.83973e-1,8.44697e-2,7.42080e+0,6.40581e-3,4.89920e+0,9.79712e-2,0,0,4.96128e+1,7.50535e+2,4.87881e+0,0,0,0,0,0,5.42500e-2,4.51212e+0,0,0,0,0,0,0,0,0,0,0,0,0,0,0,0,7.95665e+2,2.04975e+1,2.32371e-1,0,0,0,0,1.08163e+1,3.13304e+0,4.40750e+0,9.49164e+1,0,0,0,0,0,1.22109e+2,1.59838e+2,0,0,0,0,0,0,2.03450e+3
"Southern_Africa","ZMB","Zambia",2.33623e-3,2.34461e-3,1.27789e-1,0,1.68902e-1,4.94254e-3,0,0,1.67956e+1,4.50769e+1,1.97755e-1,0,0,0,0,0,0,0,0,0,0,0,0,0,0,0,0,0,0,0,0,0,0,8.84443e+1,2.91867e+0,9.58082e-1,0,0,0,0,5.26272e+2,1.94163e-1,2.34634e+2,0,0,0,0,0,0,4.84890e+0,2.47198e+1,0,0,0,0,0,0,9.45366e+2
"Southern_Africa","ZWE","Zimbabwe",4.72148e-3,3.68439e-3,3.70992e-1,0,2.82340e-1,2.40239e-2,0,0,2.20821e+1,1.68289e+1,0,0,0,0,0,0,0,5.97531e-1,0,0,0,0,0,0,0,0,0,0,0,0,0,0,0,2.17215e+2,6.03512e+0,1.11895e-1,0,0,0,0,5.34072e+1,5.99635e-1,0,0,0,0,0,0,0,3.85572e+0,2.68291e+1,0,0,0,0,0,0,3.48248e+2
"OECD_Europe","AUT","Austria",2.53473e-1,5.52072e-2,6.48487e-1,3.34943e-4,4.38163e+0,1.33622e-2,2.34461e-3,1.50725e-3,3.37618e+1,2.11858e+1,3.75058e+1,0,0,0,0,0,7.59000e-2,3.82200e-1,0,0,0,0,0,0,0,0,0,0,0,0,0,0,0,1.79709e+2,5.76764e+1,0,0,0,0,0,0,5.73913e-1,0,2.43768e+0,0,0,0,0,0,8.64011e+1,3.84124e+1,3.04549e-3,0,0,0,0,0,4.63481e+2
"OECD_Europe","BEL","Belgium",3.11117e-1,1.44237e-1,1.21425e+0,1.63285e-3,5.31074e+0,2.47984e-2,4.74783e-2,0,2.78439e+1,1.17940e+2,8.51228e+1,0,0,0,0,0,1.20000e-4,1.20560e+0,0,0,0,0,0,0,0,0,0,0,0,0,0,0,0,2.11993e+2,6.94433e+1,0,0,0,0,0,0,4.66760e-1,0,5.47632e-1,0,0,0,0,0,6.01790e+1,6.84786e+1,5.02698e+0,0,0,0,0,0,6.55302e+2
"OECD_Europe","CHE","Switzerland",2.95909e-1,8.30716e-3,6.35448e-1,1.80033e-3,5.04174e+0,1.73752e-3,2.34461e-3,0,5.16583e+0,8.09233e-2,2.09622e+1,0,0,0,0,0,8.23539e-2,7.94463e-3,0,0,0,0,0,0,0,0,0,0,0,0,0,0,0,1.42221e+2,3.97471e+1,0,0,0,0,0,0,1.30067e-1,5.53440e+0,0,0,0,0,0,0,2.84898e+1,1.20839e+1,1.10768e-5,7.98480e-3,0,0,0,0,2.60501e+2
"OECD_Europe","DEU","Germany",7.27325e+0,8.08019e-1,9.16642e+0,1.96570e-2,4.53935e+1,2.80099e-1,2.58493e-1,2.38648e-3,2.23016e+2,1.75756e+3,3.03168e+2,0,0,0,0,0,4.65258e+0,3.82406e+0,0,0,0,0,0,0,0,0,0,0,0,0,0,0,0,1.53574e+3,5.07287e+2,0,0,0,0,0,0,4.59613e+0,0,3.40632e+0,0,0,0,0,0,1.54850e+3,1.89500e+2,0,0,0,0,0,0,6.14446e+3
"OECD_Europe","DNK","Denmark",4.72422e-1,1.82585e-2,4.36572e-1,4.56361e-3,2.76203e+0,2.29353e-2,9.55424e-2,0,9.47726e+0,5.68046e-2,1.28698e+0,0,0,0,0,0,0,0,0,0,0,0,0,0,0,0,0,0,0,0,0,0,0,2.04815e+2,9.94582e+1,0,0,0,0,0,0,8.81303e-1,0,0,0,0,0,0,0,6.94231e+1,9.57955e+0,0,0,0,0,0,0,3.98791e+2
"OECD_Europe","ESP","Spain",4.96282e-1,1.06294e-1,2.32324e+0,2.62721e-2,1.17208e+1,3.29041e-2,6.18390e-1,6.28020e-4,3.70894e+1,1.69494e+2,1.38390e+1,0,0,0,0,0,7.14848e-1,1.01144e+0,0,0,0,0,0,0,0,0,0,0,0,0,0,0,0,4.55898e+2,2.06029e+2,2.29673e+1,0,0,0,0,0,1.94868e+0,0,4.06008e+1,0,0,0,0,0,2.24850e+2,1.27186e+2,9.52397e-1,0,0,0,0,0,1.31791e+3
"OECD_Europe","FIN","Finland",1.12703e-1,2.50371e-2,6.57303e-1,2.11433e-3,2.60040e+0,1.56377e-2,2.60837e-2,0,6.35360e+1,2.20144e+0,2.81581e+0,0,0,0,0,0,5.18070e-2,5.19020e-1,0,0,0,0,0,0,0,0,0,0,0,0,0,0,0,1.15759e+2,3.29051e+1,0,0,0,0,0,0,3.27928e-1,9.80880e-1,1.33810e-1,0,0,0,0,0,1.15163e+2,1.44112e+2,0,0,0,0,0,0,4.81945e+2
"OECD_Europe","FRA","France",1.46103e+0,4.34884e-1,4.94386e+0,1.17440e-2,3.28297e+1,1.00883e-1,2.18928e-1,0,1.79540e+2,3.88130e+2,7.86090e+2,0,0,0,0,0,2.03702e+0,3.25102e+0,0,0,0,0,0,0,0,0,0,0,0,0,0,0,0,1.62527e+3,4.16755e+2,1.76416e+0,0,0,0,0,0,6.63013e+0,0,2.30882e+0,0,0,0,0,0,4.29341e+2,1.72706e+2,2.83000e+1,0,0,0,0,0,4.08212e+3
"OECD_Europe","FRO","Faroe Islands",0,0,0,0,0,0,0,0,0,0,0,0,0,0,0,0,0,0,0,0,0,0,0,0,0,0,0,0,0,0,0,0,0,5.96988e-1,2.53378e-2,0,0,0,0,0,0,1.35920e-5,0,0,0,0,0,0,0,7.57096e-1,3.96961e-2,4.08361e-2,0,0,0,0,0,1.45997e+0
"OECD_Europe","GBR","United Kingdom",1.56931e+0,6.86180e-1,4.20081e+0,4.33753e-2,3.24242e+1,1.47553e-1,3.08316e-1,0,1.63984e+2,1.21094e+3,6.93463e+2,0,0,0,0,0,1.74972e+0,9.79640e-1,0,0,0,0,0,0,0,0,0,0,0,0,0,0,0,1.04459e+3,2.18053e+2,0,0,0,0,0,0,2.64864e+0,0,2.29985e+0,0,0,0,0,0,2.39855e+3,1.18826e+2,9.10205e+0,0,0,0,0,0,5.90457e+3
"OECD_Europe","GIB","Gibraltar",1.25604e-4,0,0,0,9.08597e-3,0,0,0,0,0,0,0,0,0,0,0,0,0,0,0,0,0,0,0,0,0,0,0,0,0,0,0,0,0,0,0,0,0,0,0,0,0,0,0,0,0,0,0,0,1.42498e-1,2.73750e-2,1.03380e-2,0,0,0,0,0,1.89423e-1
"OECD_Europe","GRC","Greece",1.46711e-1,3.14992e-2,3.67442e-1,7.64092e-3,2.89069e+0,1.00295e-2,1.33056e-1,0,8.58742e+0,2.38195e+1,5.67618e+0,0,0,0,0,0,4.58700e-3,9.05277e-2,0,0,0,0,0,0,0,0,0,0,0,0,0,0,0,1.50084e+2,3.45777e+1,5.25919e+0,0,0,0,0,0,1.56321e+0,1.50571e-1,4.18128e+0,0,0,0,0,0,7.50168e+1,1.60051e+1,5.09337e-5,0,0,0,0,0,3.28603e+2
"OECD_Europe","GRL","Greenland",0,0,0,0,0,0,0,0,0,0,0,0,0,0,0,0,0,0,0,0,0,0,0,0,0,0,0,0,0,0,0,0,0,1.84088e-1,3.13447e-3,0,0,0,0,0,0,0,0,0,0,0,0,0,0,6.00771e-1,1.91028e-1,1.38944e-2,0,0,0,0,0,9.92916e-1
"OECD_Europe","IRL","Ireland",8.55959e-2,1.07198e-3,2.47712e-1,1.46538e-4,1.91135e+0,6.60257e-3,1.17230e-3,0,2.67556e+1,1.84479e+0,1.52958e+1,0,0,0,0,0,0,0,0,0,0,0,0,0,0,0,0,0,0,0,0,0,0,3.84007e+2,6.68257e+1,0,0,0,0,0,0,2.55347e-1,0,2.20874e-1,0,0,0,0,0,6.40503e+1,6.29309e+0,0,0,0,0,0,0,5.67802e+2
"OECD_Europe","ISL","Iceland",1.13044e-3,0,2.46602e-2,4.81481e-4,1.60657e-1,0,1.20161e-2,0,5.02353e-2,0,0,0,0,0,0,0,0,1.25573e-1,0,0,0,0,0,0,0,0,0,0,0,0,0,0,0,1.14751e+1,1.26116e+0,0,0,0,0,0,0,1.20934e-4,0,0,0,0,0,0,0,2.73550e+0,4.42993e-1,1.12934e-1,0,0,0,0,0,1.64025e+1
"OECD_Europe","ITA","Italy",5.96276e-1,2.98941e-1,3.35773e+0,9.71337e-3,2.93944e+1,3.23179e-2,1.76432e-1,5.42610e-2,2.08061e+1,1.71634e+1,2.56353e+2,0,0,0,0,0,4.65094e-1,1.69053e+0,0,0,0,0,0,0,0,0,0,0,0,0,0,0,0,6.56750e+2,2.56418e+2,5.62533e+1,0,0,0,0,0,6.48380e+0,9.42912e-1,1.18723e+1,0,0,0,0,0,6.27940e+2,1.31049e+2,1.15916e+1,0,0,0,0,0,2.08970e+3
"OECD_Europe","LUX","Luxembourg",3.30966e-2,0,2.56895e-1,0,5.88470e-1,1.56377e-3,0,0,5.25155e-1,0,3.31351e+0,0,0,0,0,0,0,3.38170e-1,0,0,0,0,0,0,0,0,0,0,0,0,0,0,0,1.39580e+1,2.07095e+1,0,0,0,0,0,0,3.07659e-2,0,5.27880e-1,0,0,0,0,0,2.70373e+0,4.43951e-1,0,0,0,0,0,0,4.34306e+1
"OECD_Europe","NLD","Netherlands",6.69131e-1,1.83478e-1,6.29402e-1,8.16424e-4,9.19787e+0,8.16637e-3,1.56209e-1,0,8.07641e+0,3.26579e+0,2.67919e+2,0,0,0,0,0,3.04010e+0,2.65160e-1,0,0,0,0,0,0,0,0,0,0,0,0,0,0,0,3.83720e+2,1.59179e+2,0,0,0,0,0,0,3.24186e-1,0,3.56352e-2,0,0,0,0,0,4.61441e+2,3.47988e+1,0,0,0,0,0,0,1.33291e+3
"OECD_Europe","NOR","Norway",3.68439e-3,1.30100e-1,8.53295e-1,2.49115e-3,2.46207e+0,4.86505e-3,2.08963e-1,0,7.82356e+0,7.99640e+0,1.33826e+2,0,0,0,0,0,2.76510e+0,2.41913e+0,0,0,0,0,0,0,0,0,0,0,0,0,0,0,0,8.94142e+1,1.77153e+1,0,0,0,0,0,0,1.29683e-1,0,0,0,0,0,0,0,1.84051e+2,3.50495e+1,3.99160e+0,0,0,0,0,0,4.88847e+2
"OECD_Europe","PRT","Portugal",1.15554e-1,3.03327e-2,7.02507e-1,4.47987e-3,2.03693e+0,1.03351e-2,1.34815e-2,0,6.07447e+0,2.62927e+0,4.43644e+0,0,0,0,0,0,1.72500e-3,1.43532e-1,0,0,0,0,0,0,0,0,0,0,0,0,0,0,0,1.30552e+2,6.27696e+1,8.38807e+0,0,0,0,0,0,3.81237e-1,0,4.64616e+0,0,0,0,0,0,1.38551e+2,2.98510e+1,3.04765e-2,1.78800e-1,0,0,0,0,3.91547e+2
"OECD_Europe","SWE","Sweden",4.24409e-1,2.72149e-2,4.39778e+0,8.52013e-3,6.02187e+0,6.60257e-3,3.10660e-2,0,1.86065e+1,2.80837e+0,4.41213e+0,0,0,0,0,0,1.20299e-1,4.56075e-1,0,0,0,0,0,0,0,0,0,0,0,0,0,0,0,1.33858e+2,4.28933e+1,0,0,0,0,0,0,7.00438e-1,9.87408e-1,3.93072e-1,0,0,0,0,0,1.13419e+2,1.74545e+2,8.15358e-3,0,0,0,0,0,5.04125e+2
"Central Europe","ALB","Albania",3.47504e-3,6.82448e-3,7.13850e-2,0,2.45035e-1,0,0,0,1.51709e+1,5.32976e+0,1.70999e+1,0,0,0,0,0,0,1.08728e-1,0,0,0,0,0,0,0,0,0,0,0,0,0,0,0,5.08418e+1,8.47622e+0,1.33144e+0,0,0,0,0,0,2.94596e-1,0,1.11641e+0,0,0,0,0,0,2.11868e+0,4.21633e+0,2.11336e-2,0,0,0,0,0,1.06453e+2
"Central Europe","BGR","Bulgaria",2.00845e-1,2.05655e-2,8.35518e-1,0,1.98243e+0,0,0,0,2.90046e+1,3.50523e+1,7.01906e+0,0,0,0,0,0,1.56574e-1,3.22895e-1,0,0,0,0,0,0,0,0,0,0,0,0,0,0,0,2.42439e+2,4.23955e+1,5.45890e+0,0,0,0,0,0,2.43863e+0,0,2.56776e+0,0,0,0,0,0,2.51008e+2,4.35708e+1,0,0,0,0,0,0,6.64473e+2
"Central Europe","BIH","Bosnia and Herzegovina",6.82149e-2,0,1.00873e-2,0,5.20051e-1,0,0,0,1.45202e+1,7.04075e+1,3.55257e+0,0,0,0,0,0,8.05500e-5,4.31553e-2,0,0,0,0,0,0,0,0,0,0,0,0,0,0,0,7.42247e+1,1.17298e+1,0,0,0,0,0,0,3.56955e-1,0,0,0,0,0,0,0,2.66560e+0,6.10178e+0,2.65122e-2,0,0,0,0,0,1.84227e+2
"Central Europe","CYP","Cyprus",0,1.14551e-3,2.66280e-2,0,1.69515e-1,0,0,0,1.22464e-1,9.94150e-2,1.36003e-1,0,0,0,0,0,0,0,0,0,0,0,0,0,0,0,0,0,0,0,0,0,0,5.55671e+0,2.07401e+0,0,0,0,0,0,0,1.32664e-2,0,0,0,0,0,0,0,3.96603e+0,3.14674e+0,0,0,0,0,0,0,1.53119e+1
"Central Europe","CZE","Czech Republic",5.68811e-1,4.58874e-2,4.84840e+0,0,2.21781e+0,4.18680e-3,0,0,1.18253e+2,2.97827e+2,1.05218e+1,0,0,0,0,0,4.11939e-1,6.59190e-1,0,0,0,0,0,0,0,0,0,0,0,0,0,0,0,3.35681e+2,5.83050e+1,0,0,0,0,0,0,2.12667e+0,0,6.94992e+0,0,0,0,0,0,5.93443e+1,4.72251e+1,0,0,0,0,0,0,9.44990e+2
"Central Europe","EST","Estonia",2.68807e-1,0,4.72654e-1,0,5.74974e-1,1.74790e-1,4.91746e-3,0,6.60062e+0,2.02939e+1,2.56806e+0,0,0,0,0,0,0,0,0,0,0,0,0,0,0,0,0,0,0,0,0,0,0,6.00062e+1,1.13069e+1,2.76607e+0,0,0,0,0,0,2.23453e-1,0,0,0,0,0,0,0,1.31092e+1,6.76715e+0,0,0,0,0,0,0,1.25138e+2
"Central Europe","HRV","Croatia",5.59673e-2,8.18916e-2,6.35643e-1,0,9.41323e-1,1.25604e-3,0,0,1.05387e+1,5.53715e+0,2.53831e+1,0,0,0,0,0,1.07348e-2,1.60735e+0,0,0,0,0,0,0,0,0,0,0,0,0,0,0,0,7.83583e+1,1.53201e+1,0,0,0,0,0,0,7.22402e-1,0,1.50293e+0,0,0,0,0,0,1.29130e+1,1.58022e+1,0,0,0,0,0,0,1.69412e+2
"Central Europe","HUN","Hungary",4.22119e-1,3.12086e-2,6.67929e-1,0,2.23108e+0,5.03276e-2,3.45830e-2,0,4.19455e+1,4.91463e+1,7.98466e+1,0,0,0,0,0,8.67600e-2,2.68984e-1,0,0,0,0,0,0,0,0,0,0,0,0,0,0,0,2.28943e+2,6.13857e+1,4.36047e+0,0,0,0,0,0,3.53182e+0,0,2.24962e+0,0,0,0,0,0,6.01050e+1,4.37969e+1,0,0,0,0,0,0,5.79104e+2
"Central Europe","LTU","Lithuania",4.19849e-2,3.15186e-2,4.85796e+0,0,1.18383e+0,3.04935e-2,3.51247e-3,0,1.15234e+1,1.89057e-2,7.01532e+0,0,0,0,0,0,5.35104e-2,0,0,0,0,0,0,0,0,0,0,0,0,0,0,0,0,1.78831e+2,3.35455e+1,0,0,0,0,0,0,8.20321e-1,0,1.86881e+0,0,0,0,0,0,2.55223e+1,1.12231e+1,6.10155e-4,0,0,0,0,0,2.76572e+2
"Central Europe","LVA","Latvia",3.61975e-2,0,1.39404e+0,0,8.98778e-1,4.56102e-2,1.29394e-2,0,2.15540e+1,9.19673e-2,6.96777e+0,0,0,0,0,0,0,0,0,0,0,0,0,0,0,0,0,0,0,0,0,0,0,1.20558e+2,1.82606e+1,0,0,0,0,0,0,4.32919e-1,0,2.90400e-1,0,0,0,0,0,1.46826e+1,6.78234e+0,0,0,0,0,0,0,1.92008e+2
"Central Europe","MKD","Macedonia, the former Yugoslav Republic of",4.29439e-2,0,1.00921e-1,0,2.13605e-1,0,0,0,6.34831e+0,5.31901e+0,4.63259e-1,0,0,0,0,0,1.27730e-2,2.33100e+0,0,0,0,0,0,0,0,0,0,0,0,0,0,0,0,4.75857e+1,5.21380e+0,2.92584e+0,0,0,0,0,0,2.34901e-1,0,8.12688e-1,0,0,0,0,0,2.89292e+0,3.94633e+0,3.06501e-2,0,0,0,0,0,7.84747e+1
"Central Europe","MLT","Malta",0,0,0,0,6.62448e-2,0,0,0,9.21096e-3,0,0,0,0,0,0,0,0,0,0,0,0,0,0,0,0,0,0,0,0,0,0,0,0,1.02532e+0,5.89910e-1,0,0,0,0,0,0,1.65397e-3,0,0,0,0,0,0,0,3.96283e+0,4.17814e-1,0,0,0,0,0,0,6.07298e+0
"Central Europe","POL","Poland",2.26110e+0,2.33240e-1,3.28867e+0,0,5.71769e+0,2.12878e-1,7.15106e-2,0,2.62002e+2,3.26684e+3,1.37250e+2,0,0,0,0,0,5.36738e-1,1.50429e+0,0,0,0,0,0,0,0,0,0,0,0,0,0,0,0,9.90641e+2,1.84330e+2,0,0,0,0,0,0,6.19495e+0,0,4.76688e+0,0,0,0,0,0,2.59666e+2,1.23744e+2,3.04030e-1,0,0,0,0,0,5.24957e+3
"Central Europe","ROU","Romania",5.02647e-1,6.11440e-2,1.57537e+0,0,2.16143e+0,0,0,0,6.36450e+1,9.33262e+1,8.65043e+2,0,0,0,0,0,1.12526e+0,1.54596e+0,0,0,0,0,0,0,0,0,0,0,0,0,0,0,0,6.22134e+2,1.22576e+2,6.65720e+0,0,0,0,0,0,4.95018e+0,0,0,0,0,0,0,0,6.26899e+1,9.16735e+1,1.30795e-2,0,0,0,0,0,1.93968e+3
"Central Europe","SCG","Serbia and Montenegro",3.11103e-1,0,1.12622e-1,0,9.96869e-1,0,0,0,4.28419e+1,4.94527e+1,9.35662e+1,0,0,0,0,0,4.12457e-2,2.50600e-1,0,0,0,0,0,0,0,0,0,0,0,0,0,0,0,2.74576e+2,5.45523e+1,0,0,0,0,0,0,2.34220e+0,0,0,0,0,0,0,0,8.60577e+0,4.02940e+1,8.79932e-2,0,0,0,0,0,5.68031e+2
"Central Europe","SVK","Slovakia",1.27917e-1,2.81636e-2,8.61852e-1,0,1.05648e+0,0,0,0,7.18749e+0,7.47195e+0,3.43944e+1,0,0,0,0,0,1.02677e-1,7.77207e-1,0,0,0,0,0,0,0,0,0,0,0,0,0,0,0,1.44843e+2,3.03339e+1,0,0,0,0,0,0,1.67950e+0,0,6.61608e-1,0,0,0,0,0,1.80830e+1,2.75982e+1,0,4.16000e-3,0,0,0,0,2.75212e+2
"Central Europe","SVN","Slovenia",0,2.92624e-3,1.46151e-1,0,1.00550e+0,0,0,0,6.88436e+0,1.96423e+1,7.49455e-1,0,0,0,0,0,2.75109e-1,3.58245e-1,0,0,0,0,0,0,0,0,0,0,0,0,0,0,0,6.47150e+1,1.13843e+1,0,0,0,0,0,0,1.46826e-1,0,0,0,0,0,0,0,1.38606e+1,9.17083e+0,0,0,0,0,0,0,1.28342e+2
"Turkey","TUR","Turkey",9.41539e-2,4.80438e-2,7.61495e-1,2.42835e-3,2.74955e+0,4.40975e-2,7.23898e-2,0,1.20245e+2,1.08600e+2,5.56139e+0,0,0,0,0,0,4.39677e-1,2.93811e-1,0,0,0,0,0,0,0,0,0,0,0,0,0,0,0,1.12652e+3,1.89717e+2,3.44849e+1,0,0,0,0,0,2.65748e+1,0,1.36877e+0,0,0,0,0,0,1.48018e+2,2.11293e+2,0,0,0,0,0,0,1.97689e+3
"Ukraine +","BLR","Belarus",1.23527e-1,6.15130e-2,2.88854e+0,0,1.74778e+0,1.36734e-1,2.24798e-2,5.17695e-4,8.44053e+0,7.56565e-2,1.47324e+1,0,0,0,0,0,3.10530e-2,0,0,0,0,0,0,0,0,0,0,0,0,0,0,0,0,5.32885e+2,7.81423e+1,0,0,0,0,0,0,2.05532e+0,0,1.41401e-2,0,0,0,0,0,7.92448e+1,2.76868e+1,0,0,0,0,0,0,7.48289e+2
"Ukraine +","MDA","Moldova, Republic of",6.02250e-2,0,4.52801e-1,0,7.59419e-1,0,0,0,4.36184e+0,4.54950e-3,1.44588e+0,0,0,0,0,0,0,0,0,0,0,0,0,0,0,0,0,0,0,0,0,0,0,8.47836e+1,8.30745e+0,0,0,0,0,0,0,8.49736e-1,0,2.86872e-2,0,0,0,0,0,3.35845e+0,1.45441e+1,3.60546e-2,0,0,0,0,0,1.18993e+2
"Ukraine +","UKR","Ukraine",1.07053e+0,4.85209e-1,3.68280e+0,0,7.08079e+0,2.08763e-1,0,6.18645e-2,5.83849e+1,8.18115e+2,9.83662e+2,0,0,0,0,0,1.64385e+0,7.87805e+0,0,0,0,0,0,0,0,0,0,0,0,0,0,0,0,1.99652e+3,3.15983e+2,1.14634e+1,0,0,0,0,0,1.51784e+1,0,5.88072e-1,0,0,0,0,0,2.06705e+2,1.43397e+2,0,0,0,0,0,0,4.57210e+3
"Asia-Stan","KAZ","Kazakhstan",4.33098e-1,1.61500e-1,3.47164e-1,0,2.11740e+0,1.21453e-1,4.91746e-3,0,4.69559e+0,1.33490e+3,2.99921e+2,0,0,0,0,0,1.86930e-2,3.15923e+0,0,0,0,0,0,0,0,0,0,0,0,0,0,0,0,1.03059e+3,8.45365e+1,3.92456e+1,0,0,0,0,0,1.22391e+1,1.19602e+1,6.79728e+1,0,0,0,0,0,6.98830e+1,4.83962e+1,0,0,0,0,0,0,3.01070e+3
"Asia-Stan","KGZ","Kyrgyzstan",2.03103e-2,0,4.56054e-1,0,8.10927e-1,0,0,0,1.88406e-1,2.39834e+1,1.89851e+0,0,0,0,0,0,0,0,0,0,0,0,0,0,0,0,0,0,0,0,0,0,0,1.83743e+2,9.17247e+0,6.39433e-1,0,0,0,0,0,5.65339e-1,4.86192e-2,2.81016e+0,0,0,0,0,0,3.86787e+0,2.01132e+1,0,0,0,0,0,0,2.48317e+2
"Asia-Stan","TJK","Tajikistan",9.02937e-3,0,0,0,7.26186e-1,0,0,0,0,8.79622e+0,4.18074e+0,0,0,0,0,0,0,0,0,0,0,0,0,0,0,0,0,0,0,0,0,0,0,1.15762e+2,9.29609e+0,3.36294e+0,0,0,0,0,0,1.38886e-1,0,2.35327e-2,0,0,0,0,0,4.13384e+0,1.67253e+1,0,0,0,0,0,0,1.63154e+2
"Asia-Stan","TKM","Turkmenistan",5.92786e-2,1.14074e-1,0,0,7.28828e-1,0,0,0,0,0,8.05104e+2,0,0,0,0,0,1.08182e-3,0,0,0,0,0,0,0,0,0,0,0,0,0,0,0,0,1.09091e+2,1.11494e+1,9.40541e+0,0,0,0,0,0,3.13485e-1,1.15891e-2,9.23568e-2,0,0,0,0,0,5.47990e+0,1.74304e+1,0,0,0,0,0,0,9.58981e+2
"Asia-Stan","UZB","Uzbekistan",2.71695e-1,1.03521e-1,0,0,2.05628e+0,0,0,0,0,9.07498e+0,4.69270e+2,0,0,0,0,0,0,0,0,0,0,0,0,0,0,0,0,0,0,0,0,0,0,4.88544e+2,4.36400e+1,6.12366e+1,0,0,0,0,0,8.89737e-1,1.12795e-2,4.12128e-1,0,0,0,0,0,1.55488e+1,8.52085e+1,0,0,0,0,0,0,1.17627e+3
"Russia +","ARM","Armenia",1.13662e-2,0,6.01186e-3,0,6.56763e-1,0,0,0,4.98212e-1,0,3.32835e+0,0,0,0,0,0,0,0,0,0,0,0,0,0,0,0,0,0,0,0,0,0,0,4.85796e+1,7.34446e+0,0,0,0,0,0,0,1.19582e-1,0,1.99838e-2,0,0,0,0,0,6.91929e+0,5.05736e+0,0,0,0,0,0,0,7.25409e+1
"Russia +","AZE","Azerbaijan",6.13112e-2,4.71203e-2,1.76220e-1,0,1.02901e+0,0,0,0,8.11322e-1,0,1.81471e+2,0,0,0,0,0,2.00370e-2,0,0,0,0,0,0,0,0,0,0,0,0,0,0,0,0,1.63095e+2,2.47753e+1,4.70851e-1,0,0,0,0,0,5.27895e-1,0,2.03736e-2,0,0,0,0,0,1.42085e+1,4.22841e+1,0,0,0,0,0,0,4.28997e+2
"Russia +","GEO","Georgia",3.01659e-2,0,4.36393e-1,0,4.65409e-1,3.69502e-1,0,0,1.57708e+1,9.67198e+0,7.18203e+0,0,0,0,0,0,0,6.46274e-1,0,0,0,0,0,0,0,0,0,0,0,0,0,0,0,9.81593e+1,2.65179e+1,0,0,0,0,0,0,1.94526e-1,0,5.98968e-2,0,0,0,0,0,1.43178e+1,1.47206e+1,0,0,0,0,0,0,1.88543e+2
"Russia +","RUS","Russian Federation",6.51600e+0,9.20024e-1,2.17549e+1,0,3.41400e+1,1.85513e+0,2.82367e+0,2.83029e-1,3.10652e+2,3.41002e+3,1.09051e+4,0,0,0,0,0,4.93749e+0,8.02390e+0,0,0,0,0,0,0,0,0,0,0,0,0,0,0,0,4.86667e+3,7.60849e+2,1.25055e+2,0,0,0,0,0,4.14074e+1,3.68890e+1,1.39270e+2,0,0,0,0,0,8.88934e+2,1.01153e+3,0,0,0,0,0,0,2.25776e+4
"Middle_East","ARE","United Arab Emirates",1.69352e-1,2.79260e-2,2.07205e-1,0,1.47251e+0,0,0,0,2.32289e-2,7.08711e-2,6.88377e+2,0,0,0,0,0,0,0,0,0,0,0,0,0,0,0,0,0,0,0,0,0,0,6.56890e+0,3.63689e-1,0,0,0,0,0,0,6.45604e-4,0,0,0,0,0,0,0,4.99003e+0,3.73950e+0,0,0,0,0,0,0,7.06011e+2
"Middle_East","BHR","Bahrain",1.28770e-1,1.09761e-1,4.13656e-2,0,1.67076e-1,0,0,0,7.32690e-3,3.97660e-3,6.34154e+1,0,0,0,0,0,0,0,0,0,0,0,0,0,0,0,0,0,0,0,0,0,0,3.84931e-1,1.40555e-2,0,0,0,0,0,0,8.92298e-6,0,0,0,0,0,0,0,1.82290e+0,1.44455e+0,0,0,0,0,0,0,6.75401e+1
"Middle_East","IRN","Iran, Islamic Republic of",2.77055e-1,5.83319e-2,8.67923e-1,0,5.58842e+0,0,0,0,9.64349e+0,1.89635e+1,7.02346e+2,0,0,0,0,0,3.54366e-3,0,0,0,0,0,0,0,0,0,0,0,0,0,0,0,0,4.98679e+2,2.04526e+1,1.48509e+2,0,0,0,0,0,0,0,8.41536e-3,0,0,0,0,0,7.22747e+1,1.87888e+2,0,0,0,0,0,0,1.66556e+3
"Middle_East","IRQ","Iraq",0,3.95619e-2,1.75804e-1,0,2.64973e+0,0,0,0,5.58310e-1,8.94735e-1,4.64279e+2,0,0,0,0,0,0,0,0,0,0,0,0,0,0,0,0,0,0,0,0,0,0,1.42685e+2,6.28290e+0,1.76334e+1,0,0,0,0,0,1.42245e+0,0,9.08832e-1,0,0,0,0,0,4.86481e+1,5.43004e+1,0,0,0,0,0,0,7.40479e+2
"Middle_East","ISR","Israel",2.97681e-3,6.96681e-3,1.20831e-1,0,9.68457e-1,1.73752e-3,0,0,2.98310e-1,0,4.58049e+0,0,0,0,0,0,1.07921e-1,0,0,0,0,0,0,0,0,0,0,0,0,0,0,0,0,2.41175e+1,1.53779e+0,0,0,0,0,0,0,1.71060e-1,0,0,0,0,0,0,0,2.14386e+1,1.60906e+1,0,0,0,0,0,0,6.94433e+1
"Middle_East","JOR","Jordan",1.60553e-2,7.18408e-3,3.03962e-2,0,4.63003e-1,0,0,0,2.23220e-1,8.12911e-1,5.77335e-1,0,0,0,0,0,0,0,0,0,0,0,0,0,0,0,0,0,0,0,0,0,0,1.01094e+1,6.33124e-1,0,0,0,0,0,0,7.24989e-2,0,0,0,0,0,0,0,4.46829e+0,8.73850e+0,0,0,0,0,0,0,2.61519e+1
"Middle_East","KWT","Kuwait",2.19251e-1,1.09607e-1,1.08689e-1,0,1.24931e+0,0,0,0,4.20984e-1,2.24779e-1,2.84915e+2,0,0,0,0,0,0,0,0,0,0,0,0,0,0,0,0,0,0,0,0,0,0,3.00714e+0,9.04849e-2,0,0,0,0,0,0,2.11982e-4,0,0,0,0,0,0,0,9.10940e+0,8.56163e+0,0,0,0,0,0,0,3.08017e+2
"Middle_East","LBN","Lebanon",0,5.70488e-3,1.67472e-3,0,8.10267e-1,0,0,0,1.19494e+0,1.19298e+0,8.23662e-1,0,0,0,0,0,0,0,0,0,0,0,0,0,0,0,0,0,0,0,0,0,0,6.18415e+0,6.46336e-1,0,0,0,0,0,0,3.51229e-2,0,0,0,0,0,0,0,7.08198e+0,1.17627e+1,0,0,0,0,0,0,2.97395e+1
"Middle_East","OMN","Oman",6.35696e-2,0,1.63285e-3,0,2.93023e-1,0,0,0,1.67422e-1,9.72245e-2,3.45447e+2,0,0,0,0,0,0,0,0,0,0,0,0,0,0,0,0,0,0,0,0,0,0,1.15011e+1,4.77684e-1,0,0,0,0,0,0,1.03555e-3,0,0,0,0,0,0,0,1.08755e+0,4.38742e+0,0,0,0,0,0,0,3.63525e+2
"Middle_East","QAT","Qatar",2.12270e-1,4.91730e-2,5.63961e-2,1.59099e-3,2.47744e-1,0,0,0,4.15196e-2,5.96490e-3,1.46973e+2,0,0,0,0,0,4.38900e-2,0,0,0,0,0,0,0,0,0,0,0,0,0,0,0,0,1.33223e+0,7.75349e-2,0,0,0,0,0,0,3.92854e-4,0,0,0,0,0,0,0,1.97904e+0,3.79583e+0,0,0,0,0,0,0,1.54816e+2
"Middle_East","SAU","Saudi Arabia",1.28184e+0,6.84986e-1,1.67958e+0,9.11240e-3,5.87114e+0,0,0,0,1.83591e-1,2.62354e-1,2.83913e+3,0,0,0,0,0,2.46330e+0,0,0,0,0,0,0,0,0,0,0,0,0,0,0,0,0,5.80254e+1,2.75829e+0,0,0,0,0,0,0,2.85797e-1,0,0,0,0,0,0,0,3.66257e+1,4.08443e+1,0,0,0,0,0,0,2.99011e+3
"Middle_East","SYR","Syrian Arab Republic",1.10464e-2,3.25908e-2,1.83131e-1,0,1.03328e+0,0,0,0,4.11185e+0,9.94150e-2,4.80012e+1,0,0,0,0,0,0,0,0,0,0,0,0,0,0,0,0,0,0,0,0,0,0,9.48696e+1,3.62791e+0,6.47098e-3,0,0,0,0,0,2.32297e+0,0,1.32211e-1,0,0,0,0,0,1.25236e+1,3.23903e+1,0,0,0,0,0,0,1.99346e+2
"Middle_East","YEM","Yemen",5.95706e-3,7.20671e-3,0,0,5.08579e-1,0,0,0,2.44541e+0,3.97660e+0,1.38710e+0,0,0,0,0,0,0,0,0,0,0,0,0,0,0,0,0,0,0,0,0,0,0,7.31700e+1,3.24727e+0,0,0,0,0,0,0,7.63835e-1,0,0,0,0,0,0,0,2.07572e+0,3.22944e+1,0,0,0,0,0,0,1.19882e+2
"India +","AFG","Afghanistan",3.53784e-3,0,1.07942e-1,2.03994e-4,2.84345e-1,0,3.40270e-3,0,9.86327e+0,1.06335e+1,4.31573e+1,0,0,0,0,0,0,0,0,0,0,0,0,0,0,0,0,0,0,0,0,0,0,2.82080e+2,1.56311e+1,5.37236e+1,0,0,0,0,0,5.96509e-1,0,0,0,0,0,0,0,5.12248e+0,6.94984e+1,0,0,0,0,0,0,4.90705e+2
"India +","BGD","Bangladesh",4.32210e-2,5.09026e-3,9.83478e-2,0,1.59782e-1,6.25507e-3,2.28599e-2,0,1.49227e+2,2.10348e+1,2.73868e+1,0,0,0,0,0,0,0,0,0,0,0,0,0,0,0,0,0,0,0,0,0,0,6.05607e+2,6.10069e+1,2.88358e+3,0,0,0,0,2.44224e-1,1.05041e+1,1.83831e+1,0,0,0,0,0,0,4.50922e+1,3.72122e+2,0,0,0,0,0,0,4.19453e+3
"India +","BTN","Bhutan",1.02215e-4,0,8.79079e-3,1.65239e-4,4.21686e-3,0,6.93630e-5,0,1.30523e+1,4.39705e-1,0,0,0,0,0,0,0,0,0,0,0,0,0,0,0,0,0,0,0,0,0,0,0,1.06779e+1,1.11859e+0,8.64517e+0,0,0,0,0,0,2.44110e-1,0,0,0,0,0,0,0,2.05090e-1,5.12203e+0,0,0,0,0,0,0,3.95183e+1
"India +","IND","India",8.70278e-1,1.73216e-1,6.35402e+0,0,6.88296e+0,6.01407e-1,8.90951e-2,0,1.43407e+3,1.04955e+3,1.23228e+2,0,0,0,0,0,3.07783e-1,1.47254e+0,0,0,0,0,0,0,0,0,0,0,0,0,0,0,0,9.98839e+3,8.84322e+2,4.86303e+3,0,0,0,0,2.55288e+1,1.77271e+2,6.98496e+1,5.11128e-1,0,0,0,0,0,3.57240e+2,2.56555e+3,0,0,4.33800e+1,0,0,0,2.15987e+4
"India +","IOT","British Indian Ocean Territory",0,0,0,0,0,0,0,0,0,0,0,0,0,0,0,0,0,0,0,0,0,0,0,0,0,0,0,0,0,0,0,0,0,0,0,0,0,0,0,0,0,0,0,0,0,0,0,0,0,0,0,0,0,0,0,0,0,0,
"India +","LKA","Sri Lanka",6.88247e-3,4.38389e-3,5.93017e-1,2.86796e-3,3.52358e-1,6.08133e-3,1.46538e-3,0,2.48156e+1,3.08941e+0,4.61319e-1,0,0,0,0,0,0,0,0,0,0,0,0,0,0,0,0,0,0,0,0,0,0,1.15812e+2,9.65972e+0,3.29495e+2,0,0,0,0,1.57243e-1,1.94055e-1,1.65532e+0,0,0,0,0,0,0,2.17939e+1,6.91119e+1,0,0,0,0,0,0,5.77213e+2
"India +","MDV","Maldives",1.09193e-4,0,1.16777e-3,9.69050e-6,1.24372e-3,0,6.08020e-5,0,4.62447e-3,4.29338e-2,0,0,0,0,0,0,0,0,0,0,0,0,0,0,0,0,0,0,0,0,0,0,0,0,0,0,0,0,0,0,0,7.14311e-3,0,0,0,0,0,0,0,2.31460e-1,6.08988e-1,0,0,0,0,0,0,8.97740e-1
"India +","NPL","Nepal",2.51208e-4,0,5.12882e-2,0,4.35735e-2,0,0,0,5.38592e+1,3.98395e+0,0,0,0,0,0,0,0,0,0,0,0,0,0,0,0,0,0,0,0,0,0,0,0,3.54308e+2,2.96906e+1,4.21895e+2,0,0,0,0,7.83168e-1,6.24706e+0,3.49683e-1,0,0,0,0,0,0,1.28301e+0,6.44431e+1,0,0,0,0,0,0,9.36938e+2
"India +","PAK","Pakistan",1.70253e-1,6.14113e-3,4.09260e-1,0,1.73660e+0,2.60629e-2,0,0,1.03539e+2,2.82505e+1,3.39246e+2,0,0,0,0,0,0,0,0,0,0,0,0,0,0,0,0,0,0,0,0,0,0,1.56538e+3,1.12209e+2,9.04037e+2,0,0,0,0,1.24584e+0,6.71648e+0,8.29124e-2,9.33528e-2,0,0,0,0,0,5.04604e+1,3.27596e+2,0,0,0,0,0,0,3.44121e+3
"Korea","KOR","Korea, Republic of",2.89216e-2,1.19302e-1,1.45660e+0,6.38487e-3,1.78583e+0,3.78717e-2,2.35340e-1,0,1.18743e+2,2.84388e+2,8.43244e+0,0,0,0,0,0,5.51707e-1,9.90278e-1,0,0,0,0,0,0,0,0,0,0,0,0,0,0,0,1.08103e+2,6.15825e+0,6.05723e+2,0,0,0,0,0,7.38943e-1,0,3.10896e-1,0,0,0,0,0,4.38841e+1,2.11357e+2,0,0,0,0,0,0,1.39305e+3
"Korea","PRK","Korea, Democratic People's Republic of",1.27220e-1,1.90918e-3,6.67622e+0,0,1.32200e+0,0,0,0,7.46845e+1,4.88538e+2,5.16305e-1,0,0,0,0,0,0,2.67088e-1,0,0,0,0,0,0,0,0,0,0,0,0,0,0,0,6.03387e+1,9.91712e+0,2.36696e+2,0,0,0,0,0,3.65439e+0,0,3.62088e+1,0,0,0,0,0,1.81938e+1,8.49910e+1,1.30542e-1,0,0,0,0,0,1.02226e+3
"China +","CHN","China",2.62822e+0,1.25409e+0,5.50707e+1,7.93399e-3,1.15822e+1,8.52432e-1,0,4.57828e-1,3.71889e+3,6.67383e+3,7.17802e+2,0,0,0,0,0,3.31310e+0,7.83647e+0,0,0,0,0,0,0,0,0,0,0,0,0,0,0,0,4.83118e+3,8.98904e+2,1.89595e+4,0,0,0,0,5.88000e+0,1.05119e+1,1.29712e+1,6.55920e+1,0,0,0,0,0,5.64289e+2,4.37061e+3,3.91279e+0,0,9.00000e+1,0,0,0,4.10069e+4
"China +","HKG","Hong Kong",3.76812e-5,0,1.04461e-1,0,4.57584e-1,0,0,0,2.77375e-1,0,1.18906e+0,0,0,0,0,0,0,0,0,0,0,0,0,0,0,0,0,0,0,0,0,0,0,0,0,0,0,0,0,0,0,0,0,0,0,0,0,0,0,2.45520e+1,2.31438e+1,1.36629e-1,0,0,0,0,0,4.98609e+1
"China +","MAC","Macao",3.38421e-4,0,2.58831e-3,2.66214e-4,1.44189e-2,0,5.42605e-4,0,1.88535e-2,0,0,0,0,0,0,0,0,0,0,0,0,0,0,0,0,0,0,0,0,0,0,0,0,0,0,0,0,0,0,0,0,0,0,0,0,0,0,0,0,1.56168e+0,1.11645e+0,7.45699e-3,0,0,0,0,0,2.72259e+0
"China +","MNG","Mongolia",5.78751e-3,0,2.10799e-1,2.06589e-3,5.20080e-1,0,7.05914e-3,0,6.90844e+0,2.45313e+1,0,0,0,0,0,0,0,0,0,0,0,0,0,0,0,0,0,0,0,0,0,0,0,2.73338e+2,1.17185e+1,0,0,0,0,0,0,5.93423e-2,4.48267e-1,3.77544e+1,0,0,0,0,0,1.47538e+0,7.19811e+0,1.07599e-2,0,0,0,0,0,3.64188e+2
"China +","TWN","Taiwan_Province of China",4.17158e-2,1.04887e-1,1.40437e+0,0,2.89194e+0,7.54881e-3,4.10306e-3,0,1.88279e+0,3.49830e+1,2.98537e+1,0,0,0,0,0,0,5.02884e-1,0,0,0,0,0,0,0,0,0,0,0,0,0,0,0,1.97860e+1,4.01091e+1,0,0,0,0,0,0,0,0,0,0,0,0,0,0,4.76938e+1,9.56703e+1,2.75799e-1,0,0,0,0,0,2.75212e+2
"Southeastern Asia","BRN","Brunei Darussalam",3.11079e-2,9.21933e-2,3.64253e-3,0,1.18623e-1,0,0,0,4.56095e-2,1.15254e-2,1.49110e+2,0,0,0,0,0,0,0,0,0,0,0,0,0,0,0,0,0,0,0,0,0,0,8.31476e-1,1.42989e-1,6.19134e-1,0,0,0,0,0,1.52045e-2,1.87020e+1,0,0,0,0,0,0,1.01842e+0,8.21423e-1,2.95199e-2,0,0,0,0,0,1.71593e+2
"Southeastern Asia","KHM","Cambodia",7.15482e-5,0,4.43685e-2,3.02296e-4,5.64752e-3,0,9.61520e-5,0,4.48507e+1,1.56398e+0,0,0,0,0,0,0,0,0,0,0,0,0,0,0,0,0,0,0,0,0,0,0,0,6.47717e+1,6.09380e+0,3.09722e+2,0,0,0,0,4.56408e+1,9.90590e+0,0,0,0,0,0,0,0,2.80781e+0,3.50706e+1,8.72670e-2,0,0,0,0,0,5.20565e+2
"Southeastern Asia","LAO","Lao People's Democratic Republic",2.77439e-4,0,2.16831e-2,7.68150e-4,1.79856e-2,0,2.83535e-4,0,2.20376e+1,9.92997e-1,0,0,0,0,0,0,0,0,0,0,0,0,0,0,0,0,0,0,0,0,0,0,0,6.75078e+1,9.41644e+0,1.36338e+2,0,0,0,0,6.15816e+1,6.15354e+0,3.05510e+1,0,0,0,0,0,0,1.07810e+0,1.42539e+1,0,0,0,0,0,0,3.49952e+2
"Southeastern Asia","MMR","Myanmar",3.60873e-2,8.95974e-3,1.10699e-1,0,4.35030e-1,0,0,0,7.34176e+1,4.63162e+1,1.40240e+1,0,0,0,0,0,0,0,0,0,0,0,0,0,0,0,0,0,0,0,0,0,0,5.26944e+2,5.74895e+1,1.29488e+3,0,0,0,0,4.35864e+1,5.25609e+1,1.33702e+3,0,0,0,0,0,0,2.10409e+1,1.47924e+2,0,0,0,0,0,0,3.61579e+3
"Southeastern Asia","MYS","Malaysia",2.51369e-2,2.51208e-3,4.17299e-1,0,2.28894e+0,0,0,0,2.25636e+1,2.94268e+1,1.04331e+2,0,0,0,0,0,6.68400e-3,0,0,0,0,0,0,0,0,0,0,0,0,0,0,0,0,4.38359e+1,1.65653e+1,2.51240e+2,0,0,0,0,3.46560e+1,7.82526e+0,1.65036e+2,0,0,0,0,0,0,2.79953e+1,7.46901e+1,4.53493e-1,0,0,0,0,0,7.81360e+2
"Southeastern Asia","PHL","Philippines",8.41909e-2,6.55174e-2,1.43596e+0,1.46538e-4,1.25044e+0,0,6.24251e-2,0,8.18413e+1,7.43376e+1,3.09023e+0,0,0,0,0,0,1.16642e-1,4.31847e-1,0,0,0,0,0,0,0,0,0,0,0,0,0,0,0,2.88815e+2,5.70959e+1,1.14823e+3,0,0,0,0,5.14944e+0,4.98836e+1,7.45076e+0,0,0,0,0,0,0,6.70242e+1,2.34568e+2,0,0,0,0,0,0,2.02094e+3
"Southeastern Asia","SGP","Singapore",4.86716e-5,5.57055e-2,3.24895e-2,0,5.50280e-1,0,0,0,2.43976e-2,2.98245e+0,1.42884e+1,0,0,0,0,0,0,0,0,0,0,0,0,0,0,0,0,0,0,0,0,0,0,9.95350e-1,2.68938e+0,0,0,0,0,0,9.73968e-1,6.52896e-4,0,0,0,0,0,0,0,4.44722e+0,1.16055e+1,2.70124e+0,0,0,0,0,0,4.13471e+1
"Southeastern Asia","THA","Thailand",4.04922e-2,1.16303e-2,2.45974e+0,0,2.51450e+0,0,8.79228e-4,0,1.23076e+2,3.00045e+2,7.71024e+0,0,0,0,0,0,8.16000e-4,0,0,0,0,0,0,0,0,0,0,0,0,0,0,0,0,6.28382e+2,4.27072e+1,2.42046e+3,0,0,0,0,5.40936e+1,5.63457e+1,1.85973e+1,0,0,0,0,0,0,8.64378e+1,2.19160e+2,1.20972e+0,0,0,0,0,0,3.96325e+3
"Southeastern Asia","TLS","Timor-Leste",0,0,3.81930e-3,0,0,0,0,0,1.73764e-1,0,0,0,0,0,0,0,0,0,0,0,0,0,0,0,0,0,0,0,0,0,0,0,0,4.19782e+0,4.88980e-1,5.41319e+0,0,0,0,0,0,3.00094e-1,0,0,0,0,0,0,0,1.14424e-1,2.68861e+0,3.02587e-3,0,0,0,0,0,1.33837e+1
"Southeastern Asia","VNM","Viet Nam",3.22162e-2,0,4.36557e-1,2.09340e-3,5.08955e-1,4.10306e-3,0,0,1.57301e+2,1.13390e+2,1.25521e+1,0,0,0,0,0,0,0,0,0,0,0,0,0,0,0,0,0,0,0,0,0,0,2.31096e+2,6.86549e+1,1.86533e+3,0,0,0,0,2.10185e+1,4.11791e+1,9.02224e-1,0,0,0,0,0,0,3.02171e+1,2.41811e+2,0,0,0,0,0,0,2.78444e+3
"Indonesia +","IDN","Indonesia",6.48278e-2,2.15006e-1,7.94068e-1,6.95008e-3,5.49809e+0,9.21096e-4,5.42190e-2,0,6.07300e+2,9.11858e+1,8.00009e+2,0,0,0,0,0,3.23400e-3,0,0,0,0,0,0,0,0,0,0,0,0,0,0,0,0,7.22024e+2,4.34542e+1,2.74652e+3,0,0,0,0,3.97896e+1,1.32051e+2,1.79608e+2,0,1.83758e+3,0,0,0,0,1.72791e+2,6.59712e+2,2.51051e+0,0,0,0,0,0,8.04117e+3
"Indonesia +","PNG","Papua New Guinea",7.29934e-3,0,2.87087e-2,1.46132e-3,5.75769e-2,0,4.29730e-3,0,1.93352e+1,3.15836e-1,1.05719e+1,0,0,0,0,0,0,0,0,0,0,0,0,0,0,0,0,0,0,0,0,0,0,7.54533e+0,3.72483e+0,4.05989e-2,0,0,0,0,1.17972e+1,2.61927e-1,2.28487e+1,0,0,0,0,0,0,1.62506e+0,1.31294e+1,5.10047e-2,0,0,0,0,0,9.13463e+1
"Japan","JPN","Japan",3.15319e+0,5.76216e-1,9.99245e+0,5.01369e-2,1.40855e+1,1.86610e-1,1.23239e+0,1.14300e-2,2.57218e+1,4.42223e+2,2.91522e+1,0,0,0,0,0,5.03173e+0,9.11633e+0,0,0,0,0,0,0,0,0,0,0,0,0,0,0,0,4.42805e+2,2.04660e+2,1.55234e+3,0,0,0,0,0,6.56044e-1,7.38768e+0,3.16128e+0,0,0,0,0,0,3.01600e+2,3.66364e+2,1.81435e+2,6.91200e-1,0,0,0,0,3.60163e+3
"Oceania","ASM","American Samoa",0,0,0,0,0,0,0,0,1.00701e-4,0,0,0,0,0,0,0,0,0,0,0,0,0,0,0,0,0,0,0,0,0,0,0,0,1.56105e-2,1.25774e-1,0,0,0,0,0,0,4.58807e-5,0,0,0,0,0,0,0,1.55202e-1,4.11599e-2,0,0,0,0,0,0,3.37893e-1
"Oceania","ATF","French Southern Territories",0,0,0,0,0,0,0,0,0,0,0,0,0,0,0,0,0,0,0,0,0,0,0,0,0,0,0,0,0,0,0,0,0,0,0,0,0,0,0,0,0,0,0,0,0,0,0,0,0,0,0,0,0,0,0,0,0,0,
"Oceania","AUS","Australia",1.03239e+0,2.41828e-1,4.34412e+0,2.22738e-2,1.58954e+1,1.09973e-1,3.17694e-1,0,3.61873e+1,6.62254e+2,2.26984e+2,0,0,0,0,0,5.33532e-3,8.17604e-1,0,0,0,0,0,0,0,0,0,0,0,0,0,0,0,2.58224e+3,1.83186e+2,4.70932e+1,0,0,0,0,3.11352e+2,3.09232e+1,3.77666e+1,8.07768e+1,0,0,0,0,0,3.74488e+2,4.76484e+1,4.36751e-3,0,6.00000e-1,0,0,0,4.64429e+3
"Oceania","CCK","Cocos (Keeling) Islands",0,0,0,0,0,0,0,0,0,0,0,0,0,0,0,0,0,0,0,0,0,0,0,0,0,0,0,0,0,0,0,0,0,0,0,0,0,0,0,0,0,0,0,0,0,0,0,0,0,0,0,0,0,0,0,0,0,0,
"Oceania","COK","Cook Islands",0,0,0,0,0,0,0,0,9.34791e-3,0,0,0,0,0,0,0,0,0,0,0,0,0,0,0,0,0,0,0,0,0,0,0,0,1.43358e-1,6.04112e-2,0,0,0,0,0,0,4.25902e-3,0,0,0,0,0,0,0,0,2.84075e-2,0,0,0,0,0,0,2.45784e-1
"Oceania","CXR","Christmas Island",0,0,0,0,0,0,0,0,0,0,0,0,0,0,0,0,0,0,0,0,0,0,0,0,0,0,0,0,0,0,0,0,0,0,0,0,0,0,0,0,0,0,0,0,0,0,0,0,0,0,0,0,0,0,0,0,0,0,
"Oceania","FJI","Fiji",5.68135e-3,0,8.98557e-3,8.39305e-4,6.11065e-2,0,2.67686e-3,0,9.43019e-1,1.55997e-1,0,0,0,0,0,0,0,0,0,0,0,0,0,0,0,0,0,0,0,0,0,0,0,1.50966e+1,2.28764e+0,2.64987e+0,0,0,0,0,0,3.62685e-1,0,0,0,0,0,0,0,1.59515e+0,1.75382e+0,0,0,0,0,0,0,2.49241e+1
"Oceania","FSM","Micronesia, Federated States of",0,0,0,0,0,0,0,0,0,2.32530e-2,0,0,0,0,0,0,0,0,0,0,0,0,0,0,0,0,0,0,0,0,0,0,0,4.97450e-1,1.91467e-2,2.71781e-2,0,0,0,0,0,0,0,0,0,0,0,0,0,1.49741e-1,8.66066e-2,0,0,0,0,0,0,8.03375e-1
"Oceania","GUM","Guam",0,0,0,0,0,0,0,0,2.23449e-3,0,0,0,0,0,0,0,0,0,0,0,0,0,0,0,0,0,0,0,0,0,0,0,0,8.03700e-2,1.69852e-1,0,0,0,0,0,0,1.01806e-3,0,0,0,0,0,0,0,8.34010e-1,8.84512e-1,0,0,0,0,0,0,1.97200e+0
"Oceania","HMD","Heard Island and McDonald Islands",0,0,0,0,0,0,0,0,0,0,0,0,0,0,0,0,0,0,0,0,0,0,0,0,0,0,0,0,0,0,0,0,0,0,0,0,0,0,0,0,0,0,0,0,0,0,0,0,0,0,0,0,0,0,0,0,0,0,
"Oceania","KIR","Kiribati",1.24209e-4,0,4.53537e-4,1.49619e-4,2.71168e-3,0,7.19320e-5,0,1.15542e-2,1.81980e-2,0,0,0,0,0,0,0,0,0,0,0,0,0,0,0,0,0,0,0,0,0,0,0,1.00000e-2,4.27389e-2,0,0,0,0,0,0,4.82890e-3,0,0,0,0,0,0,0,1.31391e-1,1.55363e-1,0,0,0,0,0,0,3.77585e-1
"Oceania","MHL","Marshall Islands",0,0,0,0,0,0,0,0,0,0,0,0,0,0,0,0,0,0,0,0,0,0,0,0,0,0,0,0,0,0,0,0,0,0,0,0,0,0,0,0,0,0,0,0,0,0,0,0,0,1.16211e-1,3.56607e-2,0,0,0,0,0,0,1.51872e-1
"Oceania","MNP","Northern Mariana Islands",0,0,0,0,0,0,0,0,3.23844e-3,0,0,0,0,0,0,0,0,0,0,0,0,0,0,0,0,0,0,0,0,0,0,0,0,0,1.52587e-5,0,0,0,0,0,0,1.47547e-3,0,0,0,0,0,0,0,1.27641e-1,2.04967e-2,0,0,0,0,0,0,1.52867e-1
"Oceania","NCL","New Caledonia",2.41689e-3,0,7.08174e-3,9.24095e-5,8.89644e-2,0,2.03479e-3,0,8.55990e-2,2.75329e-2,0,0,0,0,0,0,0,0,0,0,0,0,0,0,0,0,0,0,0,0,0,0,0,6.16520e+0,6.43850e-1,0,0,0,0,0,0,4.67791e-3,0,0,0,0,0,0,0,9.04882e-1,1.82165e-1,0,0,0,0,0,0,8.11450e+0
"Oceania","NFK","Norfolk Island",0,0,0,0,0,0,0,0,0,0,0,0,0,0,0,0,0,0,0,0,0,0,0,0,0,0,0,0,0,0,0,0,0,0,0,0,0,0,0,0,0,0,0,0,0,0,0,0,0,0,4.01427e-3,0,0,0,0,0,0,4.01427e-3
"Oceania","NIU","Niue",0,0,0,0,0,0,0,0,1.97433e-4,6.06600e-4,0,0,0,0,0,0,0,0,0,0,0,0,0,0,0,0,0,0,0,0,0,0,0,3.15542e-2,1.76900e-2,0,0,0,0,0,0,8.99529e-5,0,0,0,0,0,0,0,4.60853e-3,6.37611e-3,0,0,0,0,0,0,6.11228e-2
"Oceania","NRU","Nauru",0,0,0,0,0,0,0,0,0,0,0,0,0,0,0,0,0,0,0,0,0,0,0,0,0,0,0,0,0,0,0,0,0,2.00000e-3,5.79369e-3,0,0,0,0,0,0,0,0,0,0,0,0,0,0,5.13670e-2,1.01021e-2,0,0,0,0,0,0,6.92627e-2
"Oceania","NZL","New Zealand",1.11109e-1,1.92474e-2,6.97928e-1,2.67955e-3,2.33542e+0,8.37360e-5,1.93430e-2,5.52657e-3,3.12566e+0,1.02055e+1,1.06037e+1,0,0,0,0,0,0,0,0,0,0,0,0,0,0,0,0,0,0,0,0,0,0,1.10021e+3,8.30689e+1,0,0,0,0,0,0,7.44576e-1,0,0,0,0,0,0,0,7.66000e+1,9.02128e+0,0,0,0,0,0,0,1.29677e+3
"Oceania","PCN","Pitcairn",0,0,0,0,0,0,0,0,0,0,0,0,0,0,0,0,0,0,0,0,0,0,0,0,0,0,0,0,0,0,0,0,0,0,0,0,0,0,0,0,0,0,0,0,0,0,0,0,0,0,1.07765e-3,0,0,0,0,0,0,1.07765e-3
"Oceania","PLW","Palau",0,0,0,0,0,0,0,0,0,0,0,0,0,0,0,0,0,0,0,0,0,0,0,0,0,0,0,0,0,0,0,0,0,0,0,0,0,0,0,0,0,0,0,0,0,0,0,0,0,0,3.90444e-2,0,0,0,0,0,0,3.90444e-2
"Oceania","PYF","French Polynesia",1.71129e-3,0,2.22866e-3,3.70656e-5,2.82705e-2,0,9.02517e-4,0,2.68151e-2,0,0,0,0,0,0,0,0,0,0,0,0,0,0,0,0,0,0,0,0,0,0,0,0,6.52494e-1,4.11894e-1,0,0,0,0,0,0,6.07435e-3,0,0,0,0,0,0,0,9.50212e-1,6.12470e-1,0,0,0,0,0,0,2.69311e+0
"Oceania","SLB","Solomon Islands",1.18830e-3,0,2.37294e-3,1.37667e-4,1.28244e-2,0,5.60308e-4,0,4.17817e-1,5.17969e-2,0,0,0,0,0,0,0,0,0,0,0,0,0,0,0,0,0,0,0,0,0,0,0,9.14184e+1,2.59627e+0,1.30390e+0,0,0,0,0,0,1.95860e-2,0,0,0,0,0,0,0,1.00998e-1,3.65019e-1,0,0,0,0,0,0,9.62909e+1
"Oceania","TKL","Tokelau",0,0,0,0,0,0,0,0,3.81729e-4,0,0,0,0,0,0,0,0,0,0,0,0,0,0,0,0,0,0,0,0,0,0,0,0,1.05000e-3,3.23684e-3,0,0,0,0,0,0,1.73920e-4,0,0,0,0,0,0,0,0,9.71610e-3,0,0,0,0,0,0,1.45586e-2
"Oceania","TON","Tonga",0,0,0,0,1.64728e-2,0,0,0,9.24264e-3,1.82991e-2,0,0,0,0,0,0,0,0,0,0,0,0,0,0,0,0,0,0,0,0,0,0,0,1.02872e+0,1.43777e+0,0,0,0,0,0,0,4.21105e-3,0,0,0,0,0,0,0,1.63686e-1,5.46081e-1,0,0,0,0,0,0,3.22449e+0
"Oceania","TUV","Tuvalu",0,0,0,0,0,0,0,0,0,0,0,0,0,0,0,0,0,0,0,0,0,0,0,0,0,0,0,0,0,0,0,0,0,5.94800e-3,1.75418e-2,0,0,0,0,0,0,0,0,0,0,0,0,0,0,9.76940e-3,6.37028e-2,0,0,0,0,0,0,9.69620e-2
"Oceania","VUT","Vanuatu",6.29921e-4,0,1.37620e-3,9.87670e-5,1.09409e-2,0,4.19790e-4,0,1.39946e-1,2.34552e-2,0,0,0,0,0,0,0,0,0,0,0,0,0,0,0,0,0,0,0,0,0,0,0,5.61793e+0,1.14876e+0,0,0,0,0,0,0,2.38345e-2,0,0,0,0,0,0,0,1.16619e-1,6.23939e-1,0,0,0,0,0,0,7.70794e+0
"Oceania","WLF","Wallis and Futuna",0,0,0,0,0,0,0,0,2.17502e-3,0,0,0,0,0,0,0,0,0,0,0,0,0,0,0,0,0,0,0,0,0,0,0,0,6.00312e-2,5.53132e-2,0,0,0,0,0,0,9.90966e-4,0,0,0,0,0,0,0,0,5.29413e-2,0,0,0,0,0,0,1.71452e-1
"Oceania","WSM","Samoa",4.07239e-4,0,1.39898e-3,4.78056e-4,1.84172e-2,0,3.82039e-4,0,2.51249e-1,2.62860e-2,0,0,0,0,0,0,0,0,0,0,0,0,0,0,0,0,0,0,0,0,0,0,0,1.45107e+0,1.09373e+0,0,0,0,0,0,0,2.40169e-3,0,0,0,0,0,0,0,2.33489e-1,9.40074e-1,0,0,0,0,0,0,4.01939e+0
"Antartica","ATA","Antarctica",0,0,0,0,0,0,0,0,0,0,0,0,0,0,0,0,0,0,0,0,0,0,0,0,0,0,0,0,0,0,0,0,0,0,0,0,0,0,0,0,0,0,0,0,0,0,0,0,0,0,0,0,0,0,0,0,0,0,
"Int. Shipping","SEA","Int. Shipping",0,0,0,0,0,0,0,0,0,0,5.19240e+0,0,2.91051e+1,0,0,0,0,0,0,0,0,0,0,0,0,0,0,0,0,0,0,0,0,0,0,0,0,0,0,0,0,0,0,0,0,0,0,0,0,0,0,0,0,0,0,0,0,3.42975e+1
"Int. Aviation","AIR","Int. Aviation",0,0,0,0,0,0,0,0,0,0,0,1.44889e+0,0,0,0,0,0,0,0,0,0,0,0,0,0,0,0,0,0,0,0,0,0,0,0,0,0,0,0,0,0,0,0,0,0,0,0,0,0,0,0,0,0,0,0,0,0,1.44889e+0

"TOTALS",,,6.03293e+1,2.34678e+1,3.11074e+2,1.39589e+0,6.95565e+2,8.91228e+0,9.48217e+0,2.80754e+0,1.14283e+4,3.02491e+4,3.97130e+4,1.44889e+0,2.91051e+1,0,0,0,6.26665e+1,8.11709e+1,0,0,0,0,0,0,0,0,0,0,0,0,0,0,0,8.22317e+4,1.05265e+4,4.44161e+4,0,0,0,0,6.27818e+3,1.07109e+3,8.18407e+3,1.06114e+3,1.83758e+3,0,0,0,0,2.14754e+4,1.94354e+4,2.63409e+2,8.82145e-1,1.48980e+2,0,0,0,02.79608e+5