"Content:","Emissions by country and main source category" 
"Compound:","CH4"
"Year: ","1978"
"Unit:","Gg CH4"
"Source:","European Commission, Joint Research Centre (JRC)/PBL Netherlands Environmental Assessment Agency. Emission Database for Global Atmospheric Research (EDGAR), release version 4.2. http://edgar.jrc.ec.europe.eu, 2010" 
"Dataset:","v4.2_EM_CH4_300911(edgar)"
"Date calculated:","November 30, 1999, 12:00 am"

,,,"Public electricity and heat production","Other Energy Industries","Manufacturing Industries and Construction","Domestic aviation","Road transportation","Rail transportation","Inland navigation","Other transportation","Residential and other sectors","Fugitive emissions from solid fuels","Fugitive emissions from oil and gas","Memo: International aviation","Memo: International navigation","Cement production","Lime production","Production of other minerals","Production of chemicals","Production of metals","Production of pulp/paper/food/drink","Production of halocarbons and SF6","Refrigeration and Air Conditioning","Foam Blowing","Fire Extinguishers","Aerosols","F-gas as Solvent","Semiconductor/Electronics Manufacture","Electrical Equipment","Other F-gas use","Non-energy use of lubricants/waxes (CO2)","Solvent and other product use: paint","Solvent and other product use: degrease","Solvent and other product use: chemicals","Solvent and other product use: other","Enteric fermentation","Manure management","Rice cultivation","Direct soil emissions","Manure in pasture/range/paddock","Indirect N2O from agriculture","Other direct soil emissions","Savanna burning","Agricultural waste burning","Forest fires","Grassland fires","Peat fires and decay of drained peatland","Other vegetation fires","Other biomass burning","Forest Fires-Post burn decay","Forest Land: net carbon stock change","Solid waste disposal on land","Wastewater handling","Waste incineration","Other waste handling","Fossil fuel fires","Indirect N2O from non-agricultural NOx","Indirect N2O from non-agricultural NH3","Other sources",

"World Region","ISO_A3","Country","1A1a","1A1bc","1A2","1A3a","1A3b","1A3c","1A3d","1A3e","1A4","1B1","1B2","1C1","1C2","2A1","2A2","2A7","2B","2C","2D","2E","2F1","2F2","2F3","2F4","2F5","2F7","2F8","2F9","2G","3A","3B","3C","3D","4A","4B","4C","4D1","4D2","4D3","4D4","4E","4F","5A","5C","5D","5F","5F1","5F2","5FL","6A","6B","6C","6D","7A","7B","7C","7D","TOTAL" 
"Canada","CAN","Canada",7.30556e-1,1.26208e+0,9.12578e+0,6.15668e-2,2.96391e+1,3.56713e-1,4.59836e-1,5.23350e-3,4.58598e+1,7.60196e+1,9.60428e+2,0,0,0,0,0,4.64259e+0,1.04280e+0,0,0,0,0,0,0,0,0,0,0,0,0,0,0,0,6.88992e+2,2.06422e+2,0,0,0,0,0,0,6.12462e+0,2.19288e+1,1.83401e+1,0,0,0,0,0,7.45688e+2,1.54528e+2,6.16386e+0,0,0,0,0,0,2.97782e+3
"USA","SPM","Saint Pierre and Miquelon",0,0,0,0,0,0,0,0,0,0,0,0,0,0,0,0,0,0,0,0,0,0,0,0,0,0,0,0,0,0,0,0,0,4.28630e-4,3.41244e-5,0,0,0,0,0,0,0,0,0,0,0,0,0,0,3.28273e-2,1.01456e-2,7.28617e-4,0,0,0,0,0,4.41643e-2
"USA","UMI","United States Minor Outlying Islands",0,0,0,0,0,0,0,0,0,0,0,0,0,0,0,0,0,0,0,0,0,0,0,0,0,0,0,0,0,0,0,0,0,0,0,0,0,0,0,0,0,0,0,0,0,0,0,0,0,0,0,0,0,0,0,0,0,0,
"USA","USA","United States",1.28027e+1,9.21896e+0,7.33509e+1,9.80171e-1,3.38726e+2,2.53122e+0,6.54438e-1,5.12716e-1,4.79265e+2,2.97886e+3,6.72821e+3,0,0,0,0,0,1.71623e+1,3.27306e+0,0,0,0,0,0,0,0,0,0,0,0,0,0,0,0,6.55182e+3,1.83950e+3,5.17503e+2,0,0,0,0,4.28448e-1,4.60938e+1,3.94085e+1,1.37834e+1,0,0,0,0,0,7.38535e+3,6.35369e+2,0,0,1.50000e+1,0,0,0,2.76898e+4
"Mexico","MEX","Mexico",2.75150e-1,5.02293e-1,3.79178e+0,0,1.11003e+1,0,0,8.43054e-1,6.74276e+1,4.92699e+1,1.01661e+3,0,0,0,0,0,7.44104e-1,1.01248e+0,0,0,0,0,0,0,0,0,0,0,0,0,0,0,0,1.83014e+3,1.25910e+2,2.22426e+1,0,0,0,0,2.21950e+1,2.40526e+1,5.67941e+1,1.24646e-1,0,0,0,0,0,1.53601e+2,3.36965e+2,0,0,0,0,0,0,3.72359e+3
"Rest Central America","ABW","Aruba",2.39534e-3,0,9.00438e-3,6.73999e-7,1.06171e-2,0,0,0,1.24793e-2,9.89560e-3,2.56300e-4,0,0,0,0,0,0,0,0,0,0,0,0,0,0,0,0,0,0,0,0,0,0,3.39370e-2,4.18740e-3,0,0,0,0,0,0,0,0,0,0,0,0,0,0,2.06509e-1,2.93280e-1,0,0,0,0,0,0,5.82562e-1
"Rest Central America","AIA","Anguilla",2.28000e-4,0,9.54840e-4,0,0,0,0,0,5.70000e-5,2.29779e-1,0,0,0,0,0,0,0,0,0,0,0,0,0,0,0,0,0,0,0,0,0,0,0,0,0,0,0,0,0,0,0,0,0,0,0,0,0,0,0,4.62103e-3,2.45494e-2,0,0,0,0,0,0,2.60189e-1
"Rest Central America","ANT","Netherlands Antilles",0,1.06898e-1,6.40581e-2,1.02576e-3,2.90448e-1,0,0,0,2.82609e-2,2.09330e-2,7.21544e+0,0,0,0,0,0,0,0,0,0,0,0,0,0,0,0,0,0,0,0,0,0,0,2.84700e-1,1.42000e-2,0,0,0,0,0,0,0,0,0,0,0,0,0,0,1.10601e+0,7.41462e-1,0,0,0,0,0,0,9.87344e+0
"Rest Central America","ATG","Antigua and Barbuda",3.79130e-3,0,8.62413e-3,0,5.02691e-3,0,0,0,3.33782e-2,0,9.08526e-2,0,0,0,0,0,0,0,0,0,0,0,0,0,0,0,0,0,0,0,0,0,0,7.10011e-1,1.65613e-2,0,0,0,0,0,0,1.11874e-2,0,0,0,0,0,0,0,1.60137e-1,2.82688e-1,0,0,0,0,0,0,1.32226e+0
"Rest Central America","BHS","Bahamas",1.57829e-2,0,2.94695e-2,0,4.79540e-2,0,0,0,3.10183e-1,2.64344e-2,9.33321e-1,0,0,0,0,0,0,0,0,0,0,0,0,0,0,0,0,0,0,0,0,0,0,2.03308e-1,2.36593e-2,0,0,0,0,0,0,1.17849e-2,0,0,0,0,0,0,0,2.64041e+0,8.64712e-1,0,0,0,0,0,0,5.10702e+0
"Rest Central America","BLZ","Belize",5.88104e-3,0,1.95253e-2,0,7.27512e-3,0,0,0,8.17101e-1,4.56374e-2,5.19628e-2,0,0,0,0,0,0,0,0,0,0,0,0,0,0,0,0,0,0,0,0,0,0,2.67563e+0,8.68469e-2,4.83453e-1,0,0,0,0,6.56568e-1,3.55182e-1,0,0,0,0,0,0,0,4.25420e-1,7.98234e-1,0,0,0,0,0,0,6.42872e+0
"Rest Central America","BMU","Bermuda",4.86558e-3,0,7.71238e-3,0,5.40817e-3,0,0,0,3.37240e-2,0,1.22977e-1,0,0,0,0,0,0,0,0,0,0,0,0,0,0,0,0,0,0,0,0,0,0,6.13134e-2,3.37615e-3,0,0,0,0,0,0,4.07775e-5,0,0,0,0,0,0,0,5.44009e-1,2.52686e-1,0,0,0,0,0,0,1.03611e+0
"Rest Central America","BRB","Barbados",9.98958e-3,0,3.40625e-2,0,1.10269e-2,0,0,0,3.25802e-2,2.77492e-2,4.84158e-1,0,0,0,0,0,0,0,0,0,0,0,0,0,0,0,0,0,0,0,0,0,0,1.30228e+0,8.76400e-2,0,0,0,0,0,0,2.65163e-1,0,0,0,0,0,0,0,1.03349e+0,1.39487e+0,0,0,0,0,0,0,4.68301e+0
"Rest Central America","CRI","Costa Rica",1.37329e-2,1.77666e-3,2.07414e-1,0,1.57836e-1,0,0,3.36618e-2,5.32562e+0,1.22484e+0,1.14233e-1,0,0,0,0,0,0,0,0,0,0,0,0,0,0,0,0,0,0,0,0,0,0,1.23991e+2,2.76886e+0,1.39154e+1,0,0,0,0,1.20338e+0,1.02312e+0,0,0,0,0,0,0,0,2.49121e+0,1.03053e+1,0,0,0,0,0,0,1.62777e+2
"Rest Central America","CUB","Cuba",1.01296e+0,8.80663e-3,3.97038e+0,0,9.54523e-1,0,9.81806e-2,4.48407e-2,3.70786e+1,8.26767e+0,2.73924e+0,0,0,0,0,0,0,0,0,0,0,0,0,0,0,0,0,0,0,0,0,0,0,3.10384e+2,9.53377e+0,7.58561e+1,0,0,0,0,8.72904e+0,2.09799e+1,1.91080e+0,0,0,0,0,0,0,3.36338e+1,6.05159e+1,0,0,0,0,0,0,5.75718e+2
"Rest Central America","CYM","Cayman Islands",1.20532e-3,0,2.37885e-3,0,1.42023e-3,0,0,0,6.40113e-3,0,2.27055e-2,0,0,0,0,0,0,0,0,0,0,0,0,0,0,0,0,0,0,0,0,0,0,2.68566e-1,1.18984e-2,0,0,0,0,0,0,4.62819e-6,0,0,0,0,0,0,0,3.61209e-1,7.08139e-2,0,0,0,0,0,0,7.46603e-1
"Rest Central America","DMA","Dominica",2.50412e-3,0,1.00821e-2,0,8.14100e-4,0,0,0,2.43538e-3,2.86834e-2,6.13446e-3,0,0,0,0,0,0,0,0,0,0,0,0,0,0,0,0,0,0,0,0,0,0,4.39906e-1,1.63750e-2,0,0,0,0,0,0,1.95155e-3,0,0,0,0,0,0,0,2.40075e-1,3.90050e-1,0,0,0,0,0,0,1.13901e+0
"Rest Central America","DOM","Dominican Republic",8.00297e-2,0,7.44496e-1,0,4.37992e-1,0,0,1.13044e-3,1.14777e+1,1.79643e+1,4.25394e-1,0,0,0,0,0,0,0,0,0,0,0,0,0,0,0,0,0,0,0,0,0,0,1.12199e+2,3.47419e+0,4.91185e+1,0,0,0,0,1.09769e+0,3.64312e+0,8.70060e-1,0,0,0,0,0,0,1.36383e+1,2.83501e+1,2.16161e-1,0,0,0,0,0,2.43738e+2
"Rest Central America","GLP","Guadeloupe",1.14860e-2,0,4.44122e-2,0,9.66536e-3,0,0,0,5.50212e-1,1.07883e-1,1.13164e-1,0,0,0,0,0,0,0,0,0,0,0,0,0,0,0,0,0,0,0,0,0,0,4.99546e+0,1.41373e-1,0,0,0,0,0,0,3.14104e-1,0,0,0,0,0,0,0,1.92945e+0,1.86906e+0,0,0,0,0,0,0,1.00863e+1
"Rest Central America","GRD","Grenada",3.13406e-3,0,1.22032e-2,0,8.64767e-4,0,0,0,4.06158e-3,1.02001e-1,1.07568e-2,0,0,0,0,0,0,0,0,0,0,0,0,0,0,0,0,0,0,0,0,0,0,5.25441e-1,1.48162e-2,0,0,0,0,0,0,6.43589e-3,0,0,0,0,0,0,0,1.68871e-1,4.35820e-1,0,0,0,0,0,0,1.28441e+0
"Rest Central America","GTM","Guatemala",5.17551e-2,2.70159e-3,4.25253e-1,0,3.23432e-1,0,0,0,2.64883e+1,7.96146e+0,2.22874e-1,0,0,0,0,0,0,0,0,0,0,0,0,0,0,0,0,0,0,0,0,0,0,8.90152e+1,2.74438e+0,2.11396e+0,0,0,0,0,5.10168e+0,2.35547e+0,6.18256e+0,0,0,0,0,0,0,6.10135e+0,2.82653e+1,0,0,0,0,0,0,1.77356e+2
"Rest Central America","HND","Honduras",3.26570e-3,2.55395e-3,2.36429e-1,0,1.05351e-1,0,0,0,1.22107e+1,6.12420e-1,1.15169e-1,0,0,0,0,0,0,0,0,0,0,0,0,0,0,0,0,0,0,0,0,0,0,1.00960e+2,3.01332e+0,2.84925e+0,0,0,0,0,6.77592e+0,1.11236e+0,6.44191e+0,0,0,0,0,0,0,1.87371e+0,1.42423e+1,0,0,0,0,0,0,1.50555e+2
"Rest Central America","HTI","Haiti",3.89372e-3,1.25604e-4,1.67681e-1,0,4.08130e-2,0,0,5.77779e-3,1.50725e+1,3.17438e+1,0,0,0,0,0,0,0,0,0,0,0,0,0,0,0,0,0,0,0,0,0,0,0,6.74614e+1,3.99853e+0,9.48525e+0,0,0,0,0,0,1.44329e+0,0,0,0,0,0,0,0,6.44611e+0,2.46152e+1,0,0,0,0,0,0,1.60484e+2
"Rest Central America","JAM","Jamaica",2.43276e-1,7.11756e-4,1.37286e-1,4.18681e-5,1.93559e-1,0,0,0,2.01828e+0,1.83726e+0,1.57510e-1,0,0,0,0,0,0,0,0,0,0,0,0,0,0,0,0,0,0,0,0,0,0,1.81437e+1,6.63210e-1,2.20587e-1,0,0,0,0,0,1.11678e+0,0,0,0,0,0,0,0,6.08698e+0,1.00867e+1,0,0,0,0,0,0,4.09059e+1
"Rest Central America","KNA","Saint Kitts and Nevis",1.71485e-3,0,5.86145e-3,0,1.09967e-3,0,0,0,1.64745e-1,0,1.15674e-2,0,0,0,0,0,0,0,0,0,0,0,0,0,0,0,0,0,0,0,0,0,0,4.05484e-1,1.00516e-2,0,0,0,0,0,0,1.07018e-1,0,0,0,0,0,0,0,2.97838e-1,3.13384e-1,0,0,0,0,0,0,1.31876e+0
"Rest Central America","LCA","Saint Lucia",4.52527e-3,0,1.60365e-2,0,3.68028e-3,0,0,0,2.00707e-2,3.09324e-2,2.58679e-2,0,0,0,0,0,0,0,0,0,0,0,0,0,0,0,0,0,0,0,0,0,0,6.61750e-1,2.38357e-2,0,0,0,0,0,0,7.29519e-3,0,0,0,0,0,0,0,1.05346e-1,5.28046e-1,0,0,0,0,0,0,1.42739e+0
"Rest Central America","MSR","Montserrat",4.76133e-4,0,1.61818e-3,0,6.74269e-4,0,0,0,1.40516e-3,0,3.86541e-3,0,0,0,0,0,0,0,0,0,0,0,0,0,0,0,0,0,0,0,0,0,0,5.32585e-1,1.20390e-2,0,0,0,0,0,0,4.96905e-5,0,0,0,0,0,0,0,8.90339e-3,5.46284e-2,0,0,0,0,0,0,6.16245e-1
"Rest Central America","MTQ","Martinique",1.34782e-2,0,4.43735e-2,0,1.02004e-2,0,0,0,7.20717e-2,1.21273e-1,1.48365e-1,0,0,0,0,0,0,0,0,0,0,0,0,0,0,0,0,0,0,0,0,0,0,3.00048e+0,1.04573e-1,0,0,0,0,0,0,1.00964e-1,0,0,0,0,0,0,0,2.94558e+0,1.76806e+0,0,0,0,0,0,0,8.32942e+0
"Rest Central America","NIC","Nicaragua",1.15818e-2,8.79888e-4,2.85241e-1,1.46538e-4,1.69771e-1,0,2.63768e-3,0,7.53034e+0,1.83726e+0,1.63672e-1,0,0,0,0,0,0,0,0,0,0,0,0,0,0,0,0,0,0,0,0,0,0,1.68916e+2,4.63200e+0,5.16542e+0,0,0,0,0,6.89640e+0,1.14800e+0,0,0,0,0,0,0,0,1.25012e+1,1.32928e+1,0,0,0,0,0,0,2.22554e+2
"Rest Central America","PAN","Panama",1.48605e-2,7.99266e-3,1.55707e-1,0,3.46832e-1,0,0,1.48213e-2,5.21462e+0,1.02070e-1,6.57023e-1,0,0,0,0,0,0,0,0,0,0,0,0,0,0,0,0,0,0,0,0,0,0,8.52760e+1,1.91754e+0,1.82168e+1,0,0,0,0,1.18826e+0,1.05826e+0,0,0,0,0,0,0,0,4.35853e+0,8.28506e+0,0,0,0,0,0,0,1.26814e+2
"Rest Central America","PRI","Puerto Rico",0,0,0,0,0,0,0,0,0,0,0,0,0,0,0,0,0,0,0,0,0,0,0,0,0,0,0,0,0,0,0,0,0,3.40532e+1,9.97916e-1,1.25000e-1,0,0,0,0,0,7.67617e-1,1.45289e-1,0,0,0,0,0,0,1.78538e+1,1.45913e+1,0,0,0,0,0,0,6.85341e+1
"Rest Central America","SLV","El Salvador",1.28899e-2,2.00318e-3,2.46971e-1,0,1.94813e-1,0,0,2.51208e-4,1.91000e+1,2.04140e-1,2.00007e-1,0,0,0,0,0,0,0,0,0,0,0,0,0,0,0,0,0,0,0,0,0,0,7.31304e+1,2.53557e+0,2.55514e+0,0,0,0,0,1.25033e-1,1.57876e+0,0,0,0,0,0,0,0,8.59448e+0,1.88380e+1,0,0,0,0,0,0,1.27319e+2
"Rest Central America","TCA","Turks and Caicos Islands",2.43450e-4,0,1.01952e-3,0,0,0,0,0,6.08000e-5,2.45660e-3,0,0,0,0,0,0,0,0,0,0,0,0,0,0,0,0,0,0,0,0,0,0,0,0,0,0,0,0,0,0,0,0,0,0,0,0,0,0,0,3.22324e-2,2.88452e-2,0,0,0,0,0,0,6.48579e-2
"Rest Central America","TTO","Trinidad and Tobago",9.61235e-2,1.06505e-1,7.70371e-3,0,3.70909e-1,0,0,0,8.56743e-1,1.28401e-1,8.14927e+1,0,0,0,0,0,4.06447e-1,0,0,0,0,0,0,0,0,0,0,0,0,0,0,0,0,5.09114e+0,2.11380e-1,9.31981e-1,0,0,0,0,0,4.70019e-1,0,0,0,0,0,0,0,5.87026e+0,8.99403e+0,0,0,0,0,0,0,1.05034e+2
"Rest Central America","VCT","Saint Vincent and the Grenadines",3.50319e-3,0,1.36218e-2,0,9.40763e-4,0,0,0,2.27847e-2,2.57078e-2,8.77081e-3,0,0,0,0,0,0,0,0,0,0,0,0,0,0,0,0,0,0,0,0,0,0,5.11736e-1,1.67660e-2,0,0,0,0,0,0,1.27969e-2,0,0,0,0,0,0,0,1.49758e-1,4.17576e-1,0,0,0,0,0,0,1.18396e+0
"Rest Central America","VGB","Virgin Islands_British",4.96760e-4,0,1.49823e-3,0,7.90210e-4,0,0,0,1.73838e-3,1.73000e-3,5.15038e-3,0,0,0,0,0,0,0,0,0,0,0,0,0,0,0,0,0,0,0,0,0,0,4.67366e-1,3.26230e-2,0,0,0,0,0,0,0,0,0,0,0,0,0,0,6.35026e-2,4.97245e-2,0,0,0,0,0,0,6.24620e-1
"Rest Central America","VIR","Virgin Islands_USA",0,0,0,0,0,0,0,0,0,0,0,0,0,0,0,0,0,0,0,0,0,0,0,0,0,0,0,0,0,0,0,0,0,6.50900e-2,1.26669e-2,0,0,0,0,0,0,8.07089e-2,0,0,0,0,0,0,0,6.21903e-1,4.15105e-1,0,0,0,0,0,0,1.19547e+0
"Brazil","BRA","Brazil",3.99021e-1,1.73161e+0,1.29820e+1,3.21756e-2,1.63951e+1,9.69161e-2,5.07607e-1,0,2.52933e+2,5.52796e+2,7.39191e+1,0,0,0,0,0,1.18965e+0,2.99839e+0,0,0,0,0,0,0,0,0,0,0,0,0,0,0,0,6.33818e+3,1.76172e+2,5.94352e+2,0,0,0,0,4.87728e+2,8.05525e+1,1.83807e+3,1.10784e+0,0,0,0,0,0,2.81276e+2,9.35869e+2,4.10212e+0,0,0,0,0,0,1.16534e+4
"Rest South America","ARG","Argentina",3.46061e-1,2.30152e-1,2.09461e+0,1.41305e-2,5.30224e+0,1.67472e-4,9.75940e-2,2.51208e-3,6.00395e+0,5.38553e+1,3.18294e+2,0,0,0,0,0,2.38754e-1,2.51289e-1,0,0,0,0,0,0,0,0,0,0,0,0,0,0,0,3.71215e+3,7.06635e+1,1.74631e+1,0,0,0,0,1.31446e+1,2.40876e+1,4.03784e+1,8.69712e+1,0,0,0,0,0,9.05148e+1,1.75623e+2,0,0,0,0,0,0,4.61773e+3
"Rest South America","BOL","Bolivia",2.81351e-2,1.44026e-2,1.94812e-1,2.11433e-3,3.84991e-1,2.08503e-3,0,0,4.91808e+0,1.53105e+0,9.58811e+1,0,0,0,0,0,0,0,0,0,0,0,0,0,0,0,0,0,0,0,0,0,0,2.93356e+2,8.39168e+0,1.15992e+1,0,0,0,0,1.41804e+2,1.64447e+0,3.07591e+2,0,0,0,0,0,0,6.42021e+0,2.37874e+1,0,0,0,0,0,0,8.97550e+2
"Rest South America","BVT","Bouvet Island",0,0,0,0,0,0,0,0,0,0,0,0,0,0,0,0,0,0,0,0,0,0,0,0,0,0,0,0,0,0,0,0,0,0,0,0,0,0,0,0,0,0,0,0,0,0,0,0,0,0,0,0,0,0,0,0,0,0,
"Rest South America","CHL","Chile",6.69798e-2,7.32495e-2,8.55306e-1,0,1.01345e+0,1.07517e-2,3.75138e-2,0,1.55793e+1,3.81454e+1,1.24784e+2,0,0,0,0,0,0,4.23012e-2,0,0,0,0,0,0,0,0,0,0,0,0,0,0,0,2.81595e+2,5.79517e+0,5.99263e+0,0,0,0,0,0,1.35275e+0,2.08598e+0,4.73064e+0,0,0,0,0,0,2.06887e+1,9.33402e+1,0,0,0,0,0,0,5.96189e+2
"Rest South America","COL","Colombia",1.47366e-1,9.05855e-2,1.38789e+0,0,3.33964e+0,5.80499e-3,8.20610e-3,0,5.07032e+1,3.34273e+1,1.37870e+2,0,0,0,0,0,8.48120e-3,2.55500e-2,0,0,0,0,0,0,0,0,0,0,0,0,0,0,0,1.42578e+3,3.35770e+1,1.53026e+2,0,0,0,0,2.34612e+1,9.55568e+0,1.06665e+2,0,0,0,0,0,0,3.37913e+1,1.25087e+2,0,0,0,0,0,0,2.13796e+3
"Rest South America","ECU","Ecuador",3.10309e-2,3.10862e-2,2.68876e-1,0,9.75663e-1,0,0,5.62707e-2,1.37489e+1,1.30625e+1,4.57539e+1,0,0,0,0,0,4.89600e-5,0,0,0,0,0,0,0,0,0,0,0,0,0,0,0,0,1.75914e+2,7.59418e+0,3.30549e+1,0,0,0,0,1.20259e+0,2.50556e+0,1.09677e+0,0,0,0,0,0,0,6.85127e+0,3.36952e+1,0,0,0,0,0,0,3.35843e+2
"Rest South America","FLK","Falkland Islands (Malvinas)",2.15970e-4,0,2.54976e-4,0,1.17867e-4,0,0,0,8.62995e-4,7.16220e-3,2.56639e-3,0,0,0,0,0,0,0,0,0,0,0,0,0,0,0,0,0,0,0,0,0,0,3.89876e+0,7.65471e-2,0,0,0,0,0,0,0,0,0,0,0,0,0,0,8.25966e-3,8.84815e-3,3.02684e-5,0,0,0,0,0,4.00362e+0
"Rest South America","GUF","French Guiana",3.03348e-3,0,9.35192e-3,0,3.43115e-3,0,0,0,1.12937e-1,1.11170e-1,8.42638e-2,0,0,0,0,0,0,0,0,0,0,0,0,0,0,0,0,0,0,0,0,0,0,1.84538e-1,1.47404e-2,4.04410e-2,0,0,0,0,0,3.83514e-3,6.93600e-1,0,0,0,0,0,0,3.73994e-1,3.03431e-1,1.40872e-3,0,0,0,0,0,1.94018e+0
"Rest South America","GUY","Guyana",3.43979e-2,0,1.03532e-1,0,2.07885e-2,0,0,0,3.02010e+0,1.93760e-3,3.15081e-1,0,0,0,0,0,0,0,0,0,0,0,0,0,0,0,0,0,0,0,0,0,0,1.19427e+1,6.62549e-1,4.68265e+1,0,0,0,0,3.15840e+0,1.54277e+0,1.80173e+1,0,0,0,0,0,0,1.01243e+0,3.97486e+0,3.56023e-3,0,0,0,0,0,9.06369e+1
"Rest South America","PER","Peru",1.24782e-1,6.57211e-2,6.84542e-1,1.04670e-4,1.23071e+0,0,4.01514e-2,0,3.63738e+1,1.82218e+1,6.69482e+1,0,0,0,0,0,3.39660e-4,1.68698e-1,0,0,0,0,0,0,0,0,0,0,0,0,0,0,0,2.99516e+2,9.64111e+0,4.96695e+1,0,0,0,0,9.20640e-1,3.77693e+0,3.90939e+1,0,0,0,0,0,0,2.44879e+1,7.92390e+1,0,0,0,0,0,0,6.30204e+2
"Rest South America","PRY","Paraguay",5.67730e-2,1.63285e-3,5.57682e-1,0,1.27478e-1,1.38164e-2,1.17230e-3,0,1.25602e+1,7.65525e+0,8.45983e-2,0,0,0,0,0,0,0,0,0,0,0,0,0,0,0,0,0,0,0,0,0,0,3.45953e+2,7.90370e+0,5.84557e+0,0,0,0,0,7.15008e+1,1.18793e+0,7.79058e+1,8.27736e+0,0,0,0,0,0,5.86243e+0,1.32850e+1,0,0,0,0,0,0,5.58780e+2
"Rest South America","SGS","South Georgia and the South Sandwich Islands",0,0,0,0,0,0,0,0,0,0,0,0,0,0,0,0,0,0,0,0,0,0,0,0,0,0,0,0,0,0,0,0,0,0,0,0,0,0,0,0,0,0,0,0,0,0,0,0,0,0,0,0,0,0,0,0,0,0,
"Rest South America","SUR","Suriname",2.09859e-2,0,4.88696e-2,0,2.51213e-2,0,0,0,2.95787e-1,7.11930e-1,8.35356e-1,0,0,0,0,0,0,0,0,0,0,0,0,0,0,0,0,0,0,0,0,0,0,1.88566e+0,1.63000e-1,2.63237e+1,0,0,0,0,0,1.97363e-1,1.39067e+1,0,0,0,0,0,0,1.03994e+0,2.01854e+0,3.96982e-3,0,0,0,0,0,4.74769e+1
"Rest South America","URY","Uruguay",8.02718e-3,2.73213e-3,1.85349e-1,6.48954e-4,2.59652e-1,0,0,4.27053e-3,4.38619e+0,1.03954e-1,5.06818e-1,0,0,0,0,0,0,7.96899e-4,0,0,0,0,0,0,0,0,0,0,0,0,0,0,0,6.96227e+2,1.37576e+1,2.75657e+1,0,0,0,0,0,8.80487e-1,0,0,0,0,0,0,0,1.26264e+1,1.47770e+1,0,0,0,0,0,0,7.71293e+2
"Rest South America","VEN","Venezuela",3.21599e-1,5.36157e-1,6.69219e-1,0,7.19093e+0,4.03105e-2,0,3.76812e-4,5.73734e+0,1.76196e+0,6.45490e+2,0,0,0,0,0,2.93518e-1,2.29786e-1,0,0,0,0,0,0,0,0,0,0,0,0,0,0,0,6.06121e+2,1.73251e+1,3.05145e+1,0,0,0,0,3.55800e+1,2.55489e+0,7.48612e+1,0,0,0,0,0,0,4.76012e+1,8.36875e+1,0,0,0,0,0,0,1.56052e+3
"Northern_Africa","DZA","Algeria",1.29031e-1,3.31994e-1,7.89212e-2,0,1.10644e+0,1.07727e-2,1.08438e-2,0,1.52080e+1,2.44787e+1,1.06090e+3,0,0,0,0,0,1.23867e-1,4.24900e-2,0,0,0,0,0,0,0,0,0,0,0,0,0,0,0,1.30235e+2,4.94012e+0,4.85879e-2,0,0,0,0,0,7.66966e-2,0,0,0,0,0,0,0,2.43651e+1,6.23134e+1,0,0,0,0,0,0,1.32439e+3
"Northern_Africa","EGY","Egypt",2.18375e-2,2.81483e-2,9.05564e-1,1.27697e-3,1.12114e+0,0,1.72914e-2,2.60000e-2,4.12149e+1,8.72791e+1,2.15959e+2,0,0,0,0,0,2.34300e-3,1.53806e-1,0,0,0,0,0,0,0,0,0,0,0,0,0,0,0,2.45927e+2,7.31035e+0,2.10815e+2,0,0,0,0,0,2.57419e-1,0,0,0,0,0,0,0,5.24863e+1,1.55113e+2,0,0,0,0,0,0,1.01864e+3
"Northern_Africa","ESH","Western Sahara",3.80132e-4,7.41433e-5,1.98795e-4,5.69514e-5,4.49065e-3,3.19550e-6,5.39000e-6,0,7.17558e-3,0,2.04283e-3,0,0,0,0,0,0,0,0,0,0,0,0,0,0,0,0,0,0,0,0,0,0,7.74385e+0,2.28917e-1,0,0,0,0,0,0,5.18670e-5,0,0,0,0,0,0,0,7.51080e-2,5.49908e-1,0,0,0,0,0,0,8.61226e+0
"Northern_Africa","LBY","Libyan Arab Jamahiriya",5.87392e-2,5.90848e-2,4.61805e-2,4.18681e-5,1.03700e+0,0,0,0,1.99510e+0,2.19980e+0,7.68525e+2,0,0,0,0,0,6.45150e-1,0,0,0,0,0,0,0,0,0,0,0,0,0,0,0,0,3.99296e+1,1.35902e+0,0,0,0,0,0,0,1.57128e-2,0,0,0,0,0,0,0,7.74545e+0,1.29468e+1,0,0,0,0,0,0,8.36562e+2
"Northern_Africa","MAR","Morocco",1.48222e-2,3.26570e-3,1.59978e-1,0,4.73126e-1,2.78004e-3,1.75845e-2,0,2.22036e+1,1.51279e+1,8.36572e+0,0,0,0,0,0,0,0,0,0,0,0,0,0,0,0,0,0,0,0,0,0,0,2.57299e+2,8.91891e+0,1.68189e+0,0,0,0,0,0,1.92794e-1,0,0,0,0,0,0,0,1.94658e+1,7.56318e+1,0,0,0,0,0,0,4.09559e+2
"Northern_Africa","TUN","Tunisia",3.49590e-2,2.27729e-3,5.75266e-2,0,1.92333e-1,3.82255e-3,1.02577e-2,0,5.52828e+0,8.16560e+0,2.38170e+1,0,0,0,0,0,0,1.25300e-2,0,0,0,0,0,0,0,0,0,0,0,0,0,0,0,7.13735e+1,2.74363e+0,0,0,0,0,0,0,4.76682e-2,0,0,0,0,0,0,0,9.82727e+0,2.42830e+1,0,0,0,0,0,0,1.46100e+2
"Western_Africa","BEN","Benin",3.76812e-4,0,6.28020e-4,0,7.81928e-2,0,0,0,1.80468e+1,1.10236e+1,0,0,0,0,0,0,0,0,0,0,0,0,0,0,0,0,0,0,0,0,0,0,0,3.19605e+1,1.87482e+0,1.70058e+0,0,0,0,0,2.38594e+1,2.96997e-1,5.38587e+1,0,0,0,0,0,0,1.37315e+0,1.51941e+1,0,0,0,0,0,0,1.59268e+2
"Western_Africa","BFA","Burkina Faso",4.14548e-4,7.24503e-5,2.44911e-4,2.85016e-4,3.51423e-2,3.48600e-6,5.88000e-6,0,2.74519e+1,2.29739e+1,5.65503e-3,0,0,0,0,0,0,0,0,0,0,0,0,0,0,0,0,0,0,0,0,0,0,1.08591e+2,4.61602e+0,6.54068e+0,0,0,0,0,2.24734e+1,5.97827e-1,0,0,0,0,0,0,0,8.97551e-1,2.53166e+1,0,0,0,0,0,0,2.19501e+2
"Western_Africa","CAF","Central African Republic",1.64732e-4,2.02259e-5,7.35000e-5,2.26942e-4,9.20639e-3,1.38610e-6,2.33800e-6,0,8.55737e+0,2.44975e+0,1.88050e-3,0,0,0,0,0,0,0,0,0,0,0,0,0,0,0,0,0,0,0,0,0,0,4.38562e+1,1.54590e+0,2.39202e+0,0,0,0,0,8.21472e+2,1.69245e-1,2.25733e+2,0,0,0,0,0,0,3.00276e+0,9.72164e+0,0,0,0,0,0,0,1.11891e+3
"Western_Africa","CIV","Cote d'Ivoire",4.58522e-3,3.27644e-3,2.52882e-2,0,3.39499e-1,2.78004e-3,1.08438e-2,0,2.52355e+1,3.58266e+1,4.92025e-1,0,0,0,0,0,0,0,0,0,0,0,0,0,0,0,0,0,0,0,0,0,0,3.07412e+1,1.54897e+0,2.23669e+1,0,0,0,0,1.32895e+1,7.80660e-1,1.83450e+2,0,0,0,0,0,0,1.03038e+1,2.93171e+1,0,0,0,0,0,0,3.53739e+2
"Western_Africa","CMR","Cameroon",2.63768e-3,0,6.28020e-3,0,2.62061e-1,0,0,0,2.39045e+1,5.92006e+0,1.31334e+0,0,0,0,0,0,0,0,0,0,0,0,0,0,0,0,0,0,0,0,0,0,0,1.30819e+2,5.15698e+0,5.96136e+0,0,0,0,0,8.66832e+1,5.54254e-1,8.88624e+1,0,0,0,0,0,0,8.29525e+0,3.68280e+1,0,0,0,0,0,0,3.94570e+2
"Western_Africa","COD","Congo_the Democratic Republic of the",3.51690e-3,5.02416e-4,6.86635e-2,0,2.01837e-1,0,0,0,1.09249e+2,7.14458e+0,2.50337e+0,0,0,0,0,0,0,0,0,0,0,0,0,0,0,0,0,0,0,0,0,0,0,3.59819e+0,1.69433e-1,5.21385e+1,0,0,0,0,9.01032e+2,2.50887e+0,2.29548e+3,0,0,0,0,0,0,3.40025e+1,1.01865e+2,0,0,0,0,0,0,3.50997e+3
"Western_Africa","COG","Congo",1.75846e-3,0,2.76329e-3,6.48954e-4,7.18500e-2,0,0,0,3.52329e+0,1.42898e+1,4.89272e+1,0,0,0,0,0,0,0,0,0,0,0,0,0,0,0,0,0,0,0,0,0,0,5.73044e+1,2.63930e+0,6.54068e-1,0,0,0,0,1.98233e+1,1.26642e-1,9.61996e+1,0,0,0,0,0,0,1.84049e+0,7.00658e+0,0,0,0,0,0,0,2.52412e+2
"Western_Africa","CPV","Cape Verde",6.45220e-4,5.98317e-5,2.67174e-4,2.02294e-4,1.71501e-2,5.42820e-6,9.15600e-6,0,1.50855e-2,8.40780e-3,3.93481e-3,0,0,0,0,0,0,0,0,0,0,0,0,0,0,0,0,0,0,0,0,0,0,7.94523e-1,1.04950e-1,0,0,0,0,0,0,3.60775e-3,0,0,0,0,0,0,0,2.11160e-1,1.20780e+0,0,0,0,0,0,0,2.36781e+0
"Western_Africa","GAB","Gabon",2.00966e-3,0,4.25798e-2,0,4.16175e-2,0,0,0,1.38514e+0,5.37200e-1,1.14505e+2,0,0,0,0,0,0,0,0,0,0,0,0,0,0,0,0,0,0,0,0,0,0,1.16212e+0,2.01861e-1,7.10130e-2,0,0,0,0,4.56024e-1,2.65692e-2,7.85944e+0,0,0,0,0,0,0,1.94129e+0,3.19604e+0,0,0,0,0,0,0,1.31428e+2
"Western_Africa","GHA","Ghana",1.63285e-3,1.71659e-3,3.01575e-1,0,4.54134e-1,1.91127e-3,4.10306e-3,0,3.45487e+1,2.39865e+1,3.30488e-1,0,0,0,0,0,0,0,0,0,0,0,0,0,0,0,0,0,0,0,0,0,0,4.41182e+1,2.38505e+0,2.29858e+1,0,0,0,0,6.04920e+1,4.18282e-1,1.80037e+1,0,0,0,0,0,0,1.22765e+1,4.39118e+1,0,0,0,0,0,0,2.64222e+2
"Western_Africa","GIN","Guinea",9.02091e-4,5.45884e-4,6.54996e-4,5.62797e-4,6.82530e-2,5.51950e-6,9.31000e-6,0,2.99104e+1,1.22806e+1,1.05488e-2,0,0,0,0,0,0,0,0,0,0,0,0,0,0,0,0,0,0,0,0,0,0,5.07995e+1,1.81753e+0,7.22585e+1,0,0,0,0,5.17320e+1,4.75389e-1,6.77246e+1,0,0,0,0,0,0,2.85430e+0,1.98304e+1,0,0,0,0,0,0,3.09765e+2
"Western_Africa","GMB","Gambia",3.25101e-4,2.89909e-5,1.32273e-4,1.04464e-4,2.37989e-2,2.73485e-6,4.61300e-6,0,1.16227e+0,1.91750e+0,2.11680e-3,0,0,0,0,0,0,0,0,0,0,0,0,0,0,0,0,0,0,0,0,0,0,1.11806e+1,4.15765e-1,4.27946e+0,0,0,0,0,2.72016e+0,3.40027e-2,0,0,0,0,0,0,0,3.97732e-1,2.18806e+0,0,0,0,0,0,0,2.43221e+1
"Western_Africa","GNB","Guinea-Bissau",1.05638e-4,2.83395e-5,6.65610e-5,4.47681e-5,5.90558e-3,8.88100e-7,1.49800e-6,0,1.58306e+0,8.87490e-2,1.12582e-3,0,0,0,0,0,0,0,0,0,0,0,0,0,0,0,0,0,0,0,0,0,0,1.05920e+1,5.95710e-1,1.12126e+1,0,0,0,0,4.78680e+0,7.74284e-2,0,0,0,0,0,0,0,3.63564e-1,2.90860e+0,0,0,0,0,0,0,3.22158e+1
"Western_Africa","GNQ","Equatorial Guinea",6.54075e-5,1.33422e-5,6.40620e-5,7.14845e-5,3.84827e-3,1.33215e-6,2.24700e-6,0,1.41985e+0,2.62337e-1,5.64249e-1,0,0,0,0,0,0,0,0,0,0,0,0,0,0,0,0,0,0,0,0,0,0,3.22797e-1,1.76490e-2,0,0,0,0,0,0,5.81970e-3,0,0,0,0,0,0,0,2.70691e-1,1.22529e+0,0,0,0,0,0,0,4.09275e+0
"Western_Africa","LBR","Liberia",3.30559e-3,9.68866e-4,1.58431e-3,8.80013e-4,1.48170e-1,2.02313e-5,3.41250e-5,0,7.69502e+0,5.37542e+0,2.45562e-2,0,0,0,0,0,0,0,0,0,0,0,0,0,0,0,0,0,0,0,0,0,0,3.16547e+0,2.43717e-1,3.71083e+0,0,0,0,0,6.54480e-1,2.18090e-1,5.46632e-2,0,0,0,0,0,0,1.50039e+0,7.15985e+0,0,0,0,0,0,0,2.99575e+1
"Western_Africa","MLI","Mali",7.41769e-4,8.33889e-5,3.20817e-4,2.68875e-4,6.54633e-2,6.23745e-6,1.05210e-5,0,1.13456e+1,4.53284e+0,5.73814e-3,0,0,0,0,0,0,0,0,0,0,0,0,0,0,0,0,0,0,0,0,0,0,2.20207e+2,8.62506e+0,2.09302e+1,0,0,0,0,3.35712e+1,3.49244e-1,2.14180e+1,0,0,0,0,0,0,2.08909e+0,2.69068e+1,0,0,0,0,0,0,3.50048e+2
"Western_Africa","MRT","Mauritania",6.70054e-4,3.16392e-4,9.46893e-4,3.29571e-4,5.91788e-2,1.15580e-5,6.44000e-6,0,3.35261e+0,4.95437e+0,7.96049e-3,0,0,0,0,0,0,0,0,0,0,0,0,0,0,0,0,0,0,0,0,0,0,1.09997e+2,4.81579e+0,3.17690e-1,0,0,0,0,4.97304e-3,5.61461e-2,0,0,0,0,0,0,0,6.62676e-1,6.84718e+0,0,0,0,0,0,0,1.31078e+2
"Western_Africa","NER","Niger",2.10417e-3,1.62547e-4,2.39739e-3,1.27397e-4,3.77582e-2,3.77477e-5,2.01460e-5,0,1.37899e+1,1.64151e+1,7.53765e-3,0,0,0,0,0,0,0,0,0,0,0,0,0,0,0,0,0,0,0,0,0,0,1.68545e+2,7.43502e+0,4.74666e+0,0,0,0,0,7.21320e-1,5.50742e-1,0,0,0,0,0,0,0,1.20519e+0,2.24594e+1,0,0,0,0,0,0,2.35918e+2
"Western_Africa","NGA","Nigeria",5.27787e-2,2.67347e-2,1.48631e-1,0,2.66462e+0,3.80998e-3,2.43253e-2,0,1.50343e+2,5.14041e+1,1.15969e+3,0,0,0,0,0,0,0,0,0,0,0,0,0,0,0,0,0,0,0,0,0,0,6.36651e+2,1.89606e+1,5.40354e+1,0,0,0,0,8.04888e+1,3.05730e+0,1.18449e+1,0,0,0,0,0,0,2.51288e+1,2.53229e+2,0,0,0,0,0,0,2.44775e+3
"Western_Africa","SEN","Senegal",0,1.63655e-3,1.51855e-2,0,1.26473e-1,1.04251e-3,1.02577e-2,0,1.43095e+1,2.90899e+1,2.02033e-1,0,0,0,0,0,0,0,0,0,0,0,0,0,0,0,0,0,0,0,0,0,0,1.04958e+2,4.37483e+0,1.70992e+1,0,0,0,0,2.03890e+1,2.16013e-1,0,0,0,0,0,0,0,6.08374e+0,2.39644e+1,0,0,0,0,0,0,2.20841e+2
"Western_Africa","SHN","Saint Helena",1.37313e-5,1.79695e-6,5.96100e-6,2.72100e-6,0,9.13000e-8,0,0,1.24882e-4,0,0,0,0,0,0,0,0,0,0,0,0,0,0,0,0,0,0,0,0,0,0,0,0,6.90656e-2,6.12317e-3,0,0,0,0,0,0,0,0,0,0,0,0,0,0,4.03102e-3,2.29847e-2,0,0,0,0,0,0,1.02354e-1
"Western_Africa","SLE","Sierra Leone",1.44916e-3,3.56605e-4,6.56823e-4,3.03396e-4,2.46410e-2,8.86855e-6,1.49590e-5,0,1.85376e+1,1.40008e+1,9.33105e-3,0,0,0,0,0,0,0,0,0,0,0,0,0,0,0,0,0,0,0,0,0,0,1.16123e+1,5.16260e-1,5.01313e+1,0,0,0,0,1.20938e+1,4.82204e-1,6.49556e+0,0,0,0,0,0,0,2.14605e+0,1.33971e+1,0,0,0,0,0,0,1.29450e+2
"Western_Africa","STP","Sao Tome and Principe",9.70887e-5,8.16720e-6,3.92460e-5,1.59310e-5,2.39157e-3,8.13400e-7,1.37200e-6,0,5.55766e-3,3.31814e-1,4.33409e-4,0,0,0,0,0,0,0,0,0,0,0,0,0,0,0,0,0,0,0,0,0,0,1.28093e-1,1.47109e-2,0,0,0,0,0,0,2.83360e-3,0,0,0,0,0,0,0,1.13684e-1,3.57184e-1,0,0,0,0,0,0,9.56865e-1
"Western_Africa","TCD","Chad",4.70838e-4,3.96159e-5,1.98006e-4,5.44569e-5,9.57201e-3,3.95910e-6,6.67800e-6,0,1.36347e+1,1.72531e+1,3.73400e-3,0,0,0,0,0,0,0,0,0,0,0,0,0,0,0,0,0,0,0,0,0,0,1.84488e+2,6.92832e+0,9.34382e+0,0,0,0,0,1.02622e+2,3.55825e-1,0,0,0,0,0,0,0,1.40106e+0,1.88222e+1,0,0,0,0,0,0,3.54863e+2
"Western_Africa","TGO","Togo",3.01449e-3,0,0,0,5.51706e-2,0,0,0,1.41434e+1,1.43919e+1,4.60791e-2,0,0,0,0,0,0,0,0,0,0,0,0,0,0,0,0,0,0,0,0,0,0,1.55605e+1,9.57090e-1,2.99003e+0,0,0,0,0,2.40024e+1,1.59258e-1,1.04577e+1,0,0,0,0,0,0,1.25222e+0,1.07762e+1,0,0,0,0,0,0,9.47950e+1
"Eastern_Africa","BDI","Burundi",8.51340e-5,1.42123e-5,4.94700e-5,4.12284e-5,1.04975e-2,7.13800e-7,1.20400e-6,0,1.50364e+1,1.26308e+1,1.32154e-3,0,0,0,0,0,0,0,0,0,0,0,0,0,0,0,0,0,0,0,0,0,0,3.15134e+1,1.02323e+0,7.84881e-1,0,0,0,0,0,2.95196e-1,0,0,0,0,0,0,0,1.98566e-1,1.65201e+1,0,0,0,0,0,0,7.80146e+1
"Eastern_Africa","COM","Comoros",3.21705e-5,6.56115e-6,3.31170e-5,5.07110e-5,3.17191e-3,6.55700e-7,1.10600e-6,0,1.65551e-2,1.27210e+0,5.64323e-4,0,0,0,0,0,0,0,0,0,0,0,0,0,0,0,0,0,0,0,0,0,0,2.85660e+0,1.53298e-1,1.96220e+0,0,0,0,0,0,8.96069e-3,0,0,0,0,0,0,0,2.24938e-1,1.38983e+0,0,0,0,0,0,0,7.88835e+0
"Eastern_Africa","DJI","Djibouti",1.04272e-3,9.93887e-4,1.40522e-3,2.74613e-4,1.80379e-2,8.77310e-6,1.47980e-5,0,7.04981e-2,9.39355e-1,1.84837e-2,0,0,0,0,0,0,0,0,0,0,0,0,0,0,0,0,0,0,0,0,0,0,8.09962e+0,3.65800e-1,0,0,0,0,0,0,0,0,0,0,0,0,0,0,3.64652e-1,1.21386e+0,0,0,0,0,0,0,1.10940e+1
"Eastern_Africa","ERI","Eritrea",6.43159e-4,5.17640e-4,7.99908e-4,0,1.22671e-2,0,0,0,5.92192e+0,6.53418e+0,9.29263e-2,0,0,0,0,0,0,0,0,0,0,0,0,0,0,0,0,0,0,0,0,0,0,5.99332e+1,2.15172e+0,0,0,0,0,0,1.49597e+0,8.99089e-2,0,0,0,0,0,0,0,4.38737e-1,8.84478e+0,0,0,0,0,0,0,8.55176e+1
"Eastern_Africa","ETH","Ethiopia",2.81712e-3,1.94115e-4,8.24355e-3,0,1.10873e-1,0,0,0,1.03122e+2,8.26767e+0,6.45330e-2,0,0,0,0,0,0,0,0,0,0,0,0,0,0,0,0,0,0,0,0,0,0,1.04944e+3,4.18110e+1,0,0,0,0,0,1.59943e+2,4.19459e+0,0,0,0,0,0,0,0,5.39832e+0,1.40731e+2,0,0,0,0,0,0,1.51309e+3
"Eastern_Africa","KEN","Kenya",7.11735e-4,3.70160e-3,3.77231e-2,7.45250e-3,3.02330e-1,1.75573e-2,2.93076e-3,0,4.42508e+1,1.21055e+2,6.79455e-1,0,0,0,0,0,0,0,0,0,0,0,0,0,0,0,0,0,0,0,0,0,0,4.40080e+2,1.43125e+1,1.40157e+0,0,0,0,0,2.72904e+0,7.86497e-1,0,0,0,0,0,0,0,2.65005e+0,5.77764e+1,0,0,0,0,0,0,6.86093e+2
"Eastern_Africa","MDG","Madagascar",2.30874e-3,3.19920e-4,1.94663e-3,1.01623e-3,1.05810e-1,3.16849e-5,3.16820e-5,0,1.30117e+1,1.80173e+0,1.51324e-2,0,0,0,0,0,0,0,0,0,0,0,0,0,0,0,0,0,0,0,0,0,0,3.49865e+2,1.15560e+1,2.16015e+2,0,0,0,0,5.79768e+1,7.62226e-1,3.74898e+1,1.01150e-1,0,0,0,0,0,3.50325e+0,3.49883e+1,0,0,0,0,0,0,7.27198e+2
"Eastern_Africa","MUS","Mauritius",1.16208e-3,3.46501e-4,8.23955e-4,1.33101e-4,2.82836e-2,1.10010e-5,1.63800e-5,0,2.89566e-1,1.02070e-1,1.11621e-2,0,0,0,0,0,0,0,0,0,0,0,0,0,0,0,0,0,0,0,0,0,0,1.36234e+0,6.72360e-2,6.72756e-3,0,0,0,0,0,1.24067e-1,0,0,0,0,0,0,0,1.73970e+0,4.33216e+0,0,0,0,0,0,0,8.06581e+0
"Eastern_Africa","MYT","Mayotte",0,0,0,0,0,0,0,0,0,0,0,0,0,0,0,0,0,0,0,0,0,0,0,0,0,0,0,0,0,0,0,0,0,0,0,0,0,0,0,0,0,0,0,0,0,0,0,0,0,1.11047e-1,3.57366e-1,0,0,0,0,0,0,4.68413e-1
"Eastern_Africa","REU","Reunion",7.28228e-4,1.30891e-4,3.83814e-4,3.87883e-4,3.44774e-2,6.12540e-6,1.03320e-5,0,1.98013e-1,0,8.06053e-3,0,0,0,0,0,0,0,0,0,0,0,0,0,0,0,0,0,0,0,0,0,0,1.18226e+0,1.57491e-1,0,0,0,0,0,0,4.92439e-2,0,0,0,0,0,0,0,1.48246e+0,1.96919e+0,0,0,0,0,0,0,5.08285e+0
"Eastern_Africa","RWA","Rwanda",2.64044e-4,3.44593e-5,1.27941e-4,8.05925e-5,1.05198e-2,2.22025e-6,3.74500e-6,0,1.93794e+1,1.51707e+0,2.06020e-3,0,0,0,0,0,0,0,0,0,0,0,0,0,0,0,0,0,0,0,0,0,0,2.52614e+1,9.35793e-1,2.44808e-1,0,0,0,0,2.01619e+0,3.72303e-1,0,0,0,0,0,0,0,2.50480e-1,1.81986e+1,0,0,0,0,0,0,6.81891e+1
"Eastern_Africa","SDN","Sudan",7.92526e-4,2.51208e-4,2.29855e-2,0,2.64778e-1,0,0,0,4.54713e+1,1.54942e+2,1.36475e+0,0,0,0,0,0,0,0,0,0,0,0,0,0,0,0,0,0,0,0,0,0,0,8.88129e+2,2.89870e+1,1.56976e+0,0,0,0,0,4.21656e+2,1.11293e+0,0,0,0,0,0,0,0,1.43432e+1,7.40272e+1,0,0,0,0,0,0,1.63189e+3
"Eastern_Africa","SOM","Somalia",6.37022e-4,1.59985e-4,7.31478e-4,8.85633e-4,7.73080e-2,1.29936e-5,2.19170e-5,0,1.53879e+1,2.63000e+1,1.48679e-2,0,0,0,0,0,0,0,0,0,0,0,0,0,0,0,0,0,0,0,0,0,0,4.68579e+2,2.06556e+1,1.83139e+0,0,0,0,0,4.73040e-3,1.38068e-1,0,0,0,0,0,0,0,2.14897e+0,1.99290e+1,0,0,0,0,0,0,5.55070e+2
"Eastern_Africa","SYC","Seychelles",5.96250e-4,9.41851e-5,2.86593e-4,3.80000e-8,3.37797e-3,5.01320e-6,8.45600e-6,0,9.67558e-3,0,2.77620e-3,0,0,0,0,0,0,0,0,0,0,0,0,0,0,0,0,0,0,0,0,0,0,1.29060e-1,2.78905e-2,0,0,0,0,0,0,5.06075e-6,0,0,0,0,0,0,0,1.15272e-1,2.89106e-1,0,0,0,0,0,0,5.78153e-1
"Eastern_Africa","UGA","Uganda",1.23109e-3,1.65813e-4,5.60976e-4,3.69135e-4,6.34983e-2,1.03584e-5,1.74720e-5,0,8.40984e+1,3.98623e+1,9.52123e-3,0,0,0,0,0,0,0,0,0,0,0,0,0,0,0,0,0,0,0,0,0,0,2.12554e+2,6.31211e+0,4.55978e+0,0,0,0,0,7.54704e+1,1.50368e+0,0,0,0,0,0,0,0,1.65584e+0,4.30035e+1,0,0,0,0,0,0,4.69096e+2
"Southern_Africa","AGO","Angola",4.52174e-4,2.59581e-3,1.46538e-2,0,2.14182e-1,0,0,0,6.90181e+0,5.39950e+1,2.34752e+2,0,0,0,0,0,0,0,0,0,0,0,0,0,0,0,0,0,0,0,0,0,0,1.14724e+2,3.74664e+0,2.80315e+0,0,0,0,0,4.05864e+2,1.89322e-1,9.77038e+0,0,0,0,0,0,0,4.77229e+0,3.26856e+1,0,0,0,0,0,0,8.70436e+2
"Southern_Africa","BWA","Botswana",3.84040e-3,6.85163e-5,3.35689e-2,2.58170e-5,5.24786e-2,4.84849e-4,1.04160e-5,0,2.40656e+0,6.93808e+0,5.79760e-3,0,0,0,0,0,0,0,0,0,0,0,0,0,0,0,0,0,0,0,0,0,0,1.33523e+2,3.17065e+0,0,0,0,0,0,9.13224e+1,3.37869e-2,0,2.40480e+0,0,0,0,0,0,2.75919e-1,3.63261e+0,0,0,0,0,0,0,2.43804e+2
"Southern_Africa","LSO","Lesotho",1.78763e-4,3.82558e-5,9.66690e-5,2.12501e-4,1.84218e-2,1.50230e-6,2.53400e-6,0,5.66862e+0,4.34164e+0,1.91142e-3,0,0,0,0,0,0,0,0,0,0,0,0,0,0,0,0,0,0,0,0,0,0,2.96457e+1,6.12348e-1,0,0,0,0,0,0,5.95126e-2,0,1.53247e+0,0,0,0,0,0,2.33513e-1,5.07160e+0,0,0,0,0,0,0,4.71863e+1
"Southern_Africa","MOZ","Mozambique",0,2.22662e-3,6.15460e-2,0,1.27656e-1,0,0,0,3.99922e+1,3.48139e+1,1.64833e-1,0,0,0,0,0,0,0,0,0,0,0,0,0,0,0,0,0,0,0,0,0,0,5.23094e+1,1.88104e+0,1.58845e+1,0,0,0,0,2.21993e+2,1.06200e+0,2.78385e+1,3.99264e+0,0,0,0,0,0,2.09422e+0,4.67406e+1,0,0,0,0,0,0,4.48958e+2
"Southern_Africa","MWI","Malawi",1.28691e-3,6.81814e-5,6.15508e-3,2.40200e-4,5.54202e-2,9.05164e-5,1.12210e-5,0,1.40048e+1,1.96292e+1,5.70613e-3,0,0,0,0,0,0,0,0,0,0,0,0,0,0,0,0,0,0,0,0,0,0,3.23615e+1,1.26021e+0,8.78320e+0,0,0,0,0,4.27248e+1,9.78390e-1,0,0,0,0,0,0,0,7.43213e-1,2.37113e+1,0,0,0,0,0,0,1.44266e+2
"Southern_Africa","NAM","Namibia",9.73698e-4,0,1.64195e-4,0,1.14741e-1,0,0,0,1.76218e-1,2.07621e+0,0,0,0,0,0,0,0,0,0,0,0,0,0,0,0,0,0,0,0,0,0,0,0,1.34638e+2,3.32961e+0,0,0,0,0,0,2.34182e+1,4.81209e-2,0,0,0,0,0,0,0,1.00507e+0,3.24096e+0,0,0,0,0,0,0,1.68048e+2
"Southern_Africa","SWZ","Swaziland",1.54785e-3,4.24461e-5,1.59875e-2,9.57731e-5,2.99491e-2,2.31255e-4,7.04200e-6,0,1.97452e+0,2.06414e+0,3.86082e-3,0,0,0,0,0,0,0,0,0,0,0,0,0,0,0,0,0,0,0,0,0,0,3.14457e+1,7.36726e-1,3.55065e-1,0,0,0,0,0,6.29281e-2,0,0,0,0,0,0,0,2.79916e-1,1.25273e+1,0,0,0,0,0,0,4.94980e+1
"Southern_Africa","TZA","Tanzania_United Republic of",8.28987e-3,5.44284e-4,1.13462e-2,0,1.73619e-1,0,2.93076e-4,0,6.07590e+1,3.72777e+1,1.51202e-1,0,0,0,0,0,0,0,0,0,0,0,0,0,0,0,0,0,0,0,0,0,0,4.04878e+2,1.42414e+1,4.82142e+1,0,0,0,0,3.02448e+2,2.85360e+0,8.61356e+1,0,0,0,0,0,0,2.14640e+0,6.89759e+1,0,0,0,0,0,0,1.02827e+3
"Southern_Africa","ZAF","South Africa",6.42680e-1,8.83056e-2,6.33363e+0,6.34300e-3,4.93381e+0,1.27697e-1,0,0,6.23436e+1,5.49174e+2,4.95056e+0,0,0,0,0,0,5.35300e-2,4.71956e+0,0,0,0,0,0,0,0,0,0,0,0,0,0,0,0,8.13715e+2,2.07758e+1,2.42940e-1,0,0,0,0,1.23614e+1,2.48507e+0,5.03712e+0,9.50321e+1,0,0,0,0,0,1.10987e+2,1.50181e+2,0,0,0,0,0,0,1.84419e+3
"Southern_Africa","ZMB","Zambia",3.26152e-3,3.72625e-3,1.83849e-1,0,1.83518e-1,1.98873e-3,5.86152e-4,0,1.55066e+1,4.21272e+1,2.05716e-1,0,0,0,0,0,0,0,0,0,0,0,0,0,0,0,0,0,0,0,0,0,0,8.17199e+1,2.78237e+0,7.10130e-1,0,0,0,0,6.01440e+2,2.75372e-1,2.68158e+2,0,0,0,0,0,0,4.04968e+0,2.25525e+1,0,0,0,0,0,0,1.03990e+3
"Southern_Africa","ZWE","Zimbabwe",7.63247e-3,0,2.20770e-1,0,2.57991e-1,2.21796e-2,0,0,1.96266e+1,1.98806e+1,0,0,0,0,0,0,0,5.86969e-1,0,0,0,0,0,0,0,0,0,0,0,0,0,0,0,2.50945e+2,6.95822e+0,1.07828e-1,0,0,0,0,6.10368e+1,4.02183e-1,0,0,0,0,0,0,0,3.25528e+0,2.40044e+1,0,0,0,0,0,0,3.87312e+2
"OECD_Europe","AUT","Austria",1.70886e-1,6.02564e-2,6.08677e-1,2.51208e-4,4.44780e+0,1.85371e-2,2.93076e-4,1.21417e-3,2.48540e+1,2.19768e+1,3.83971e+1,0,0,0,0,0,7.32600e-2,3.38240e-1,0,0,0,0,0,0,0,0,0,0,0,0,0,0,0,1.79022e+2,5.81751e+1,0,0,0,0,0,0,6.02412e-1,0,1.69013e+0,0,0,0,0,0,8.23393e+1,3.54411e+1,2.97306e-3,0,0,0,0,0,4.48220e+2
"OECD_Europe","BEL","Belgium",3.14321e-1,1.44332e-1,1.50619e+0,2.63768e-3,5.76658e+0,2.56609e-2,5.01160e-2,0,3.71349e+1,1.22116e+2,7.95267e+1,0,0,0,0,0,1.20000e-4,1.34679e+0,0,0,0,0,0,0,0,0,0,0,0,0,0,0,0,2.06335e+2,6.74711e+1,0,0,0,0,0,0,4.89853e-1,0,3.79680e-1,0,0,0,0,0,5.73911e+1,6.96229e+1,5.47809e+0,0,0,0,0,0,6.55102e+2
"OECD_Europe","CHE","Switzerland",1.58286e-1,8.67354e-3,4.91741e-1,1.82126e-3,4.74146e+0,1.73752e-3,2.34461e-3,0,5.23990e+0,2.73639e-1,1.57337e+1,0,0,0,0,0,9.51342e-2,1.12263e-2,0,0,0,0,0,0,0,0,0,0,0,0,0,0,0,1.44658e+2,4.10343e+1,0,0,0,0,0,0,1.25535e-1,3.83707e+0,0,0,0,0,0,0,2.74981e+1,1.10452e+1,1.06152e-5,5.51040e-3,0,0,0,0,2.54963e+2
"OECD_Europe","DEU","Germany",6.20424e+0,8.73894e-1,9.87899e+0,6.42673e-3,4.67234e+1,3.17469e-1,2.78130e-1,1.21417e-3,1.99282e+2,1.69313e+3,2.91612e+2,0,0,0,0,0,4.95273e+0,4.17968e+0,0,0,0,0,0,0,0,0,0,0,0,0,0,0,0,1.49074e+3,4.89677e+2,0,0,0,0,0,0,4.83083e+0,0,2.36170e+0,0,0,0,0,0,1.50128e+3,2.01292e+2,0,0,0,0,0,0,5.94762e+3
"OECD_Europe","DNK","Denmark",3.84577e-1,1.55149e-2,5.85620e-1,4.68922e-3,3.17452e+0,1.73752e-2,1.10196e-1,0,3.62582e+0,6.58260e-3,1.10732e+0,0,0,0,0,0,0,0,0,0,0,0,0,0,0,0,0,0,0,0,0,0,0,2.15705e+2,9.48133e+1,0,0,0,0,0,0,9.17607e-1,0,0,0,0,0,0,0,6.65303e+1,9.62792e+0,0,0,0,0,0,0,3.96626e+2
"OECD_Europe","ESP","Spain",2.69668e-1,1.15916e-1,1.88687e+0,2.68164e-2,1.15349e+1,6.29402e-2,3.34693e-1,0,3.45297e+1,1.35628e+2,1.38246e+1,0,0,0,0,0,7.49793e-1,1.07104e+0,0,0,0,0,0,0,0,0,0,0,0,0,0,0,0,4.68943e+2,1.97030e+2,2.39514e+1,0,0,0,0,0,2.56993e+0,0,2.81496e+1,0,0,0,0,0,2.09406e+2,1.23302e+2,1.03741e+0,0,0,0,0,0,1.25442e+3
"OECD_Europe","FIN","Finland",1.65874e-1,2.41997e-2,6.18861e-1,1.73752e-3,2.57540e+0,1.51165e-2,2.52045e-2,0,5.72537e+1,2.34525e+0,4.22454e+0,0,0,0,0,0,9.42307e-2,4.97015e-1,0,0,0,0,0,0,0,0,0,0,0,0,0,0,0,1.16964e+2,3.27542e+1,0,0,0,0,0,0,3.97431e-1,6.80064e-1,9.27720e-2,0,0,0,0,0,1.09570e+2,1.31194e+2,0,0,0,0,0,0,4.59494e+2
"OECD_Europe","FRA","France",1.52587e+0,4.39435e-1,5.22998e+0,9.79710e-3,3.17938e+1,1.13140e-1,3.56088e-1,0,2.16541e+2,4.25726e+2,9.36091e+2,0,0,0,0,0,2.08956e+0,3.90487e+0,0,0,0,0,0,0,0,0,0,0,0,0,0,0,0,1.57917e+3,4.12491e+2,3.96268e+0,0,0,0,0,0,6.41662e+0,0,1.60075e+0,0,0,0,0,0,4.06353e+2,1.77150e+2,3.05060e+1,0,0,0,0,0,4.24147e+3
"OECD_Europe","FRO","Faroe Islands",0,0,0,0,0,0,0,0,0,0,0,0,0,0,0,0,0,0,0,0,0,0,0,0,0,0,0,0,0,0,0,0,0,6.30343e-1,2.43980e-2,0,0,0,0,0,0,1.39644e-5,0,0,0,0,0,0,0,7.35027e-1,3.91220e-2,4.40264e-2,0,0,0,0,0,1.47293e+0
"OECD_Europe","GBR","United Kingdom",1.45786e+0,6.67961e-1,5.04794e+0,4.01094e-2,3.18813e+1,1.63263e-1,3.64001e-1,0,1.89309e+2,1.15597e+3,6.59583e+2,0,0,0,0,0,1.66606e+0,1.24001e+0,0,0,0,0,0,0,0,0,0,0,0,0,0,0,0,1.04885e+3,2.23957e+2,0,0,0,0,0,0,2.38411e+0,0,1.59454e+0,0,0,0,0,0,2.31218e+3,1.27797e+2,1.01632e+1,0,0,0,0,0,5.77432e+3
"OECD_Europe","GIB","Gibraltar",1.25604e-4,0,0,0,5.81176e-3,0,0,0,0,0,0,0,0,0,0,0,0,0,0,0,0,0,0,0,0,0,0,0,0,0,0,0,0,0,0,0,0,0,0,0,0,0,0,0,0,0,0,0,0,1.33761e-1,2.78052e-2,1.15176e-2,0,0,0,0,0,1.79021e-1
"OECD_Europe","GRC","Greece",1.12168e-1,2.64813e-2,4.04718e-1,6.44766e-3,2.66320e+0,8.68131e-3,8.90952e-2,0,8.46594e+0,1.92339e+1,3.89394e+0,0,0,0,0,0,4.65300e-3,8.73925e-2,0,0,0,0,0,0,0,0,0,0,0,0,0,0,0,1.57526e+2,3.56531e+1,6.45251e+0,0,0,0,0,0,1.41351e+0,1.04395e-1,2.89896e+0,0,0,0,0,0,6.92809e+1,1.58875e+1,4.94412e-5,0,0,0,0,0,3.24214e+2
"OECD_Europe","GRL","Greenland",0,0,0,0,0,0,0,0,0,0,0,0,0,0,0,0,0,0,0,0,0,0,0,0,0,0,0,0,0,0,0,0,0,1.38984e-1,2.36648e-3,0,0,0,0,0,0,0,0,0,0,0,0,0,0,5.62667e-1,1.80698e-1,1.43429e-2,0,0,0,0,0,8.99058e-1
"OECD_Europe","IRL","Ireland",2.48749e-2,3.54551e-3,1.74537e-1,8.16427e-4,1.81326e+0,6.42885e-3,8.79228e-4,0,1.70236e+1,1.23327e+0,4.63358e+0,0,0,0,0,0,0,0,0,0,0,0,0,0,0,0,0,0,0,0,0,0,0,4.00964e+2,6.93592e+1,0,0,0,0,0,0,2.35540e-1,0,1.53137e-1,0,0,0,0,0,5.96422e+1,5.31112e+0,0,0,0,0,0,0,5.60580e+2
"OECD_Europe","ISL","Iceland",1.50725e-3,0,1.78358e-2,3.55878e-4,1.58614e-1,0,4.68922e-3,0,3.71034e-2,0,0,0,0,0,0,0,0,1.77443e-1,0,0,0,0,0,0,0,0,0,0,0,0,0,0,0,1.23723e+1,1.30951e+0,0,0,0,0,0,0,1.45561e-4,0,0,0,0,0,0,0,2.51468e+0,4.32545e-1,1.17270e-1,0,0,0,0,0,1.71440e+1
"OECD_Europe","ITA","Italy",6.29611e-1,2.70607e-1,3.34580e+0,1.47794e-2,2.71579e+1,2.76811e-2,1.54451e-1,5.42610e-2,1.64247e+1,1.70925e+1,2.45614e+2,0,0,0,0,0,9.52493e-1,1.69623e+0,0,0,0,0,0,0,0,0,0,0,0,0,0,0,0,6.35140e+2,2.54927e+2,6.69799e+1,0,0,0,0,0,6.62394e+0,6.53712e-1,8.23128e+0,0,0,0,0,0,6.10620e+2,1.46208e+2,1.24079e+1,0,0,0,0,0,2.05523e+3
"OECD_Europe","LUX","Luxembourg",3.37038e-2,0,3.60255e-1,0,4.54311e-1,1.56377e-3,2.34461e-3,0,3.64314e-1,0,3.17622e+0,0,0,0,0,0,0,4.35540e-1,0,0,0,0,0,0,0,0,0,0,0,0,0,0,0,1.36168e+1,1.91262e+1,0,0,0,0,0,0,3.62127e-2,0,3.65976e-1,0,0,0,0,0,2.58395e+0,4.59521e-1,0,0,0,0,0,0,4.10170e+1
"OECD_Europe","NLD","Netherlands",8.91387e-1,1.78931e-1,6.42632e-1,2.32367e-3,8.42044e+0,6.95009e-3,2.11894e-1,0,7.59859e+0,4.18214e+0,2.77185e+2,0,0,0,0,0,3.08590e+0,2.65930e-1,0,0,0,0,0,0,0,0,0,0,0,0,0,0,0,3.55551e+2,1.43394e+2,0,0,0,0,0,0,3.25939e-1,0,2.47080e-2,0,0,0,0,0,4.35651e+2,3.78367e+1,0,0,0,0,0,0,1.27546e+3
"OECD_Europe","NOR","Norway",3.55878e-3,1.14822e-1,7.75036e-1,3.62158e-3,2.41147e+0,5.03881e-3,2.47356e-1,0,6.02152e+0,7.90991e+0,8.31278e+1,0,0,0,0,0,1.63600e+0,2.84241e+0,0,0,0,0,0,0,0,0,0,0,0,0,0,0,0,8.35126e+1,1.73734e+1,0,0,0,0,0,0,1.34099e-1,0,0,0,0,0,0,0,1.74082e+2,3.06900e+1,4.22246e+0,0,0,0,0,0,4.15113e+2
"OECD_Europe","PRT","Portugal",8.43507e-2,2.29020e-2,7.73468e-1,5.21257e-3,1.89814e+0,9.63382e-3,1.26022e-2,0,5.43884e+0,2.53647e+0,4.56932e+0,0,0,0,0,0,3.72000e-4,1.71428e-1,0,0,0,0,0,0,0,0,0,0,0,0,0,0,0,1.23723e+2,4.76097e+1,1.15374e+1,0,0,0,0,0,4.62732e-1,0,3.22128e+0,0,0,0,0,0,1.29083e+2,2.85331e+1,3.17660e-2,0,0,0,0,0,3.59725e+2
"OECD_Europe","SWE","Sweden",9.49593e-2,3.05659e-2,4.63249e+0,9.00161e-3,6.46860e+0,1.52902e-2,2.46183e-2,0,1.21104e+1,3.12279e+0,5.91013e+0,0,0,0,0,0,1.41104e-1,4.87193e-1,0,0,0,0,0,0,0,0,0,0,0,0,0,0,0,1.29494e+2,4.19794e+1,0,0,0,0,0,0,7.40758e-1,6.84576e-1,2.72520e-1,0,0,0,0,0,1.09235e+2,1.76471e+2,7.96926e-3,0,0,0,0,0,4.91933e+2
"Central Europe","ALB","Albania",2.72142e-3,6.78261e-3,4.91949e-2,0,2.64258e-1,0,0,0,1.47202e+1,4.20643e+0,1.90633e+1,0,0,0,0,0,0,1.04962e-1,0,0,0,0,0,0,0,0,0,0,0,0,0,0,0,4.62538e+1,7.66874e+0,1.40272e+0,0,0,0,0,0,2.90846e-1,0,7.74024e-1,0,0,0,0,0,1.85492e+0,3.94803e+0,2.13704e-2,0,0,0,0,0,1.00632e+2
"Central Europe","BGR","Bulgaria",1.81456e-1,2.00967e-2,7.17533e-1,0,2.01237e+0,0,0,0,2.17314e+1,3.15553e+1,6.47682e+0,0,0,0,0,0,1.07773e-1,3.71440e-1,0,0,0,0,0,0,0,0,0,0,0,0,0,0,0,2.33018e+2,4.03884e+1,5.82129e+0,0,0,0,0,0,2.18740e+0,0,1.78022e+0,0,0,0,0,0,2.17470e+2,4.17368e+1,0,0,0,0,0,0,6.05576e+2
"Central Europe","BIH","Bosnia and Herzegovina",4.67082e-2,0,1.87067e-1,0,5.82167e-1,0,0,0,7.74372e+0,5.65441e+1,1.27978e+0,0,0,0,0,0,8.23400e-5,6.09813e-2,0,0,0,0,0,0,0,0,0,0,0,0,0,0,0,7.49728e+1,1.19359e+1,0,0,0,0,0,0,3.74314e-1,0,0,0,0,0,0,0,2.25147e+0,5.75711e+0,2.65197e-2,0,0,0,0,0,1.61763e+2
"Central Europe","CYP","Cyprus",0,8.85508e-4,2.58744e-2,0,1.68213e-1,0,0,0,1.88825e-1,1.02070e-1,1.17025e-1,0,0,0,0,0,0,0,0,0,0,0,0,0,0,0,0,0,0,0,0,0,0,5.08072e+0,1.93366e+0,0,0,0,0,0,0,1.41612e-2,0,0,0,0,0,0,0,3.57241e+0,2.99931e+0,0,0,0,0,0,0,1.42031e+1
"Central Europe","CZE","Czech Republic",3.72420e-1,4.23704e-2,4.73665e+0,0,2.18497e+0,4.56362e-3,0,0,1.22105e+2,3.12807e+2,9.25142e+0,0,0,0,0,0,3.63609e-1,6.26150e-1,0,0,0,0,0,0,0,0,0,0,0,0,0,0,0,3.18532e+2,5.59008e+1,0,0,0,0,0,0,2.24666e+0,0,4.81848e+0,0,0,0,0,0,5.24659e+1,4.36014e+1,0,0,0,0,0,0,9.30059e+2
"Central Europe","EST","Estonia",2.71924e-1,0,4.49455e-1,0,5.36279e-1,1.99510e-1,4.66528e-3,0,6.58529e+0,2.11140e+1,3.18726e+0,0,0,0,0,0,0,0,0,0,0,0,0,0,0,0,0,0,0,0,0,0,0,5.94908e+1,1.15140e+1,2.66517e+0,0,0,0,0,0,2.28444e-1,0,0,0,0,0,0,0,1.19569e+1,6.34011e+0,0,0,0,0,0,0,1.24544e+2
"Central Europe","HRV","Croatia",3.61226e-2,4.22741e-2,3.97523e-2,0,1.05945e+0,2.00966e-3,0,0,1.38349e+1,5.31453e+0,2.72007e+1,0,0,0,0,0,4.61125e-3,1.89307e+0,0,0,0,0,0,0,0,0,0,0,0,0,0,0,0,7.85246e+1,1.56990e+1,0,0,0,0,0,0,7.50140e-1,0,1.04201e+0,0,0,0,0,0,1.12021e+1,1.43836e+1,0,0,0,0,0,0,1.71029e+2
"Central Europe","HUN","Hungary",3.58404e-1,2.57957e-2,7.28976e-1,0,2.29379e+0,5.64442e-2,3.31176e-2,0,3.81297e+1,4.94595e+1,7.48073e+1,0,0,0,0,0,8.38560e-2,2.92534e-1,0,0,0,0,0,0,0,0,0,0,0,0,0,0,0,2.23258e+2,6.01058e+1,8.38125e+0,0,0,0,0,0,3.74910e+0,0,1.55971e+0,0,0,0,0,0,5.40336e+1,4.25777e+1,0,0,0,0,0,0,5.59934e+2
"Central Europe","LTU","Lithuania",3.57289e-2,2.87791e-2,4.65214e+0,0,1.09979e+0,2.97195e-2,3.33234e-3,0,1.14057e+1,1.94106e-2,5.84948e+0,0,0,0,0,0,4.58367e-2,0,0,0,0,0,0,0,0,0,0,0,0,0,0,0,0,1.76951e+2,3.15935e+1,0,0,0,0,0,0,8.50931e-1,0,1.29569e+0,0,0,0,0,0,2.23398e+1,1.05725e+1,5.59599e-4,0,0,0,0,0,2.66774e+2
"Central Europe","LVA","Latvia",3.13127e-2,0,1.28774e+0,0,8.39896e-1,4.44523e-2,1.36583e-2,0,2.15175e+1,1.02070e-1,7.52571e+0,0,0,0,0,0,0,0,0,0,0,0,0,0,0,0,0,0,0,0,0,0,0,1.19063e+2,1.83821e+1,0,0,0,0,0,0,4.47228e-1,0,2.01343e-1,0,0,0,0,0,1.34056e+1,6.50458e+0,0,0,0,0,0,0,1.89366e+2
"Central Europe","MKD","Macedonia, the former Yugoslav Republic of",2.94046e-2,0,2.90243e-2,0,2.40320e-1,0,0,0,6.49842e+0,4.26069e+0,2.16240e+0,0,0,0,0,0,2.13010e-4,2.30697e+0,0,0,0,0,0,0,0,0,0,0,0,0,0,0,0,4.89145e+1,5.33788e+0,2.92467e+0,0,0,0,0,0,2.58253e-1,0,5.63448e-1,0,0,0,0,0,2.49855e+0,3.40385e+0,3.15624e-2,0,0,0,0,0,7.94601e+1
"Central Europe","MLT","Malta",0,0,0,0,6.23484e-2,0,0,0,1.29791e-2,0,0,0,0,0,0,0,0,0,0,0,0,0,0,0,0,0,0,0,0,0,0,0,0,1.31407e+0,5.70856e-1,0,0,0,0,0,0,1.32315e-3,0,0,0,0,0,0,0,3.48889e+0,4.14078e-1,0,0,0,0,0,0,5.86454e+0
"Central Europe","POL","Poland",2.45355e+0,2.37387e-1,3.75806e+0,0,5.74965e+0,3.04615e-1,7.41483e-2,0,2.43951e+2,3.97173e+3,1.31374e+2,0,0,0,0,0,5.34817e-1,1.93312e+0,0,0,0,0,0,0,0,0,0,0,0,0,0,0,0,1.09400e+3,2.04149e+2,0,0,0,0,0,0,6.91612e+0,0,3.30504e+0,0,0,0,0,0,2.36006e+2,1.25034e+2,3.36370e-1,0,0,0,0,0,6.03184e+3
"Central Europe","ROU","Romania",5.10025e-1,5.20502e-2,1.52408e+0,0,3.79762e+0,0,0,0,6.70299e+1,8.27832e+1,8.51136e+2,0,0,0,0,0,1.13184e+0,1.58315e+0,0,0,0,0,0,0,0,0,0,0,0,0,0,0,0,5.84677e+2,1.09553e+2,7.60976e+0,0,0,0,0,0,5.41580e+0,0,0,0,0,0,0,0,5.42665e+1,9.28412e+1,1.18773e-2,0,0,0,0,0,1.86392e+3
"Central Europe","SCG","Serbia and Montenegro",2.02893e-1,0,3.14655e-1,0,1.11399e+0,0,0,0,4.58582e+1,4.05988e+1,9.30243e+1,0,0,0,0,0,1.13421e-1,1.81860e-1,0,0,0,0,0,0,0,0,0,0,0,0,0,0,0,2.76361e+2,5.53055e+1,0,0,0,0,0,0,2.43855e+0,0,0,0,0,0,0,0,7.43554e+0,3.67727e+1,9.00037e-2,0,0,0,0,0,5.59811e+2
"Central Europe","SVK","Slovakia",1.02394e-1,2.92274e-2,1.07065e+0,0,1.03563e+0,0,0,0,1.52735e+1,7.54547e+0,3.36621e+1,0,0,0,0,0,6.15977e-2,9.02281e-1,0,0,0,0,0,0,0,0,0,0,0,0,0,0,0,1.37715e+2,2.87191e+1,0,0,0,0,0,0,1.66145e+0,0,4.58712e-1,0,0,0,0,0,1.61161e+1,2.53908e+1,0,0,0,0,0,0,2.69744e+2
"Central Europe","SVN","Slovenia",0,1.75496e-3,1.31413e-2,0,1.13270e+0,0,0,0,9.55164e+0,1.58384e+1,5.96083e-1,0,0,0,0,0,2.92775e-1,3.69787e-1,0,0,0,0,0,0,0,0,0,0,0,0,0,0,0,6.41839e+1,1.12535e+1,0,0,0,0,0,0,1.59259e-1,0,0,0,0,0,0,0,1.18010e+1,8.58742e+0,0,0,0,0,0,0,1.23781e+2
"Turkey","TUR","Turkey",8.50943e-2,5.19796e-2,6.09807e-1,2.70049e-3,3.43356e+0,4.80958e-2,7.97167e-2,0,1.14349e+2,1.07664e+2,6.44901e+0,0,0,0,0,0,4.41933e-1,3.17344e-1,0,0,0,0,0,0,0,0,0,0,0,0,0,0,0,1.01122e+3,1.72211e+2,3.49337e+1,0,0,0,0,0,2.53012e+1,0,1.82503e+0,0,0,0,0,0,1.27914e+2,1.94782e+2,0,0,0,0,0,0,1.80172e+3
"Ukraine +","BLR","Belarus",1.03119e-1,5.61684e-2,2.79710e+0,0,1.62920e+0,1.33135e-1,2.13270e-2,4.31412e-4,8.31311e+0,7.18642e-2,1.63424e+1,0,0,0,0,0,2.51460e-2,0,0,0,0,0,0,0,0,0,0,0,0,0,0,0,0,5.25866e+2,7.05948e+1,0,0,0,0,0,0,2.08310e+0,0,7.07016e-3,0,0,0,0,0,6.83579e+1,2.61931e+1,0,0,0,0,0,0,7.22596e+2
"Ukraine +","MDA","Moldova, Republic of",4.93489e-2,0,4.35310e-1,0,7.12411e-1,0,0,0,4.30413e+0,4.32500e-3,3.69187e+0,0,0,0,0,0,0,0,0,0,0,0,0,0,0,0,0,0,0,0,0,0,0,8.38198e+1,8.14117e+0,0,0,0,0,0,0,8.10163e-1,0,1.43438e-2,0,0,0,0,0,2.87840e+0,1.37916e+1,3.77662e-2,0,0,0,0,0,1.18691e+2
"Ukraine +","UKR","Ukraine",9.85225e-1,1.05227e+0,3.85398e+0,0,6.54116e+0,2.03464e-1,0,5.15538e-2,5.79419e+1,8.84878e+2,7.77402e+2,0,0,0,0,0,1.37161e+0,9.18264e+0,0,0,0,0,0,0,0,0,0,0,0,0,0,0,0,1.96697e+3,3.15280e+2,1.10291e+1,0,0,0,0,0,1.53773e+1,0,2.94048e-1,0,0,0,0,0,1.85260e+2,1.36435e+2,0,0,0,0,0,0,4.37410e+3
"Asia-Stan","KAZ","Kazakhstan",5.02967e-1,3.67256e-1,4.18382e-1,0,1.98233e+0,1.18370e-1,4.66528e-3,0,4.66930e+0,1.65107e+3,3.98837e+2,0,0,0,0,0,1.63440e-2,3.63002e+0,0,0,0,0,0,0,0,0,0,0,0,0,0,0,0,1.01890e+3,7.89476e+1,3.75425e+1,0,0,0,0,0,1.28082e+1,5.97984e+0,3.39864e+1,0,0,0,0,0,6.20690e+1,4.63045e+1,0,0,0,0,0,0,3.35815e+3
"Asia-Stan","KGZ","Kyrgyzstan",1.97445e-2,0,5.95610e-1,0,7.61531e-1,0,0,0,1.88406e-1,2.54377e+1,2.11779e+0,0,0,0,0,0,0,0,0,0,0,0,0,0,0,0,0,0,0,0,0,0,0,1.82278e+2,9.00922e+0,6.12722e-1,0,0,0,0,0,5.64525e-1,2.43086e-2,1.40503e+0,0,0,0,0,0,3.45683e+0,1.88156e+1,0,0,0,0,0,0,2.45287e+2
"Asia-Stan","TJK","Tajikistan",7.65159e-3,0,0,0,6.81950e-1,0,0,0,0,9.44085e+0,4.79853e+0,0,0,0,0,0,0,0,0,0,0,0,0,0,0,0,0,0,0,0,0,0,0,1.13932e+2,9.58750e+0,3.21945e+0,0,0,0,0,0,1.40105e-1,0,1.17665e-2,0,0,0,0,0,3.69668e+0,1.48171e+1,0,0,0,0,0,0,1.60333e+2
"Asia-Stan","TKM","Turkmenistan",5.02334e-2,3.02868e-1,0,0,6.84430e-1,0,0,0,0,0,6.73965e+2,0,0,0,0,0,1.10500e-3,0,0,0,0,0,0,0,0,0,0,0,0,0,0,0,0,1.07961e+2,1.12252e+1,9.03145e+0,0,0,0,0,0,3.04148e-1,5.79456e-3,4.61784e-2,0,0,0,0,0,4.92259e+0,1.63276e+1,0,0,0,0,0,0,8.24827e+2
"Asia-Stan","UZB","Uzbekistan",2.51710e-1,2.62248e-1,0,0,1.93102e+0,0,0,0,0,9.56482e+0,4.24422e+2,0,0,0,0,0,0,0,0,0,0,0,0,0,0,0,0,0,0,0,0,0,0,4.81845e+2,4.18494e+1,5.84388e+1,0,0,0,0,0,8.71127e-1,5.63952e-3,2.06066e-1,0,0,0,0,0,1.35575e+1,7.90961e+1,0,0,0,0,0,0,1.11230e+3
"Russia +","ARM","Armenia",9.63187e-3,0,5.51452e-3,0,6.15892e-1,0,0,0,3.86972e-1,0,8.16697e+0,0,0,0,0,0,0,0,0,0,0,0,0,0,0,0,0,0,0,0,0,0,0,4.79904e+1,6.96762e+0,0,0,0,0,0,0,1.24635e-1,0,9.99192e-3,0,0,0,0,0,6.04318e+0,4.70562e+0,0,0,0,0,0,0,7.50265e+1
"Russia +","AZE","Azerbaijan",5.19558e-2,4.30262e-2,1.55974e-1,0,9.60765e-1,0,0,0,4.47866e-1,0,1.55307e+2,0,0,0,0,0,1.63650e-2,0,0,0,0,0,0,0,0,0,0,0,0,0,0,0,0,1.63320e+2,2.53032e+1,4.53639e-1,0,0,0,0,0,5.54583e-1,0,1.01868e-2,0,0,0,0,0,1.27396e+1,3.97216e+1,0,0,0,0,0,0,3.99087e+2
"Russia +","GEO","Georgia",2.65729e-2,0,4.38588e-1,0,4.30037e-1,4.15081e-1,0,0,1.56460e+1,1.03870e+1,1.28986e+1,0,0,0,0,0,0,8.76293e-1,0,0,0,0,0,0,0,0,0,0,0,0,0,0,0,9.66623e+1,2.60356e+1,0,0,0,0,0,0,1.79839e-1,0,2.99496e-2,0,0,0,0,0,1.28846e+1,1.47800e+1,0,0,0,0,0,0,1.91690e+2
"Russia +","RUS","Russian Federation",6.24463e+0,1.95478e+0,2.14839e+1,0,3.16319e+1,1.78664e+0,2.73159e+0,2.55368e-1,3.07812e+2,3.80095e+3,8.93897e+3,0,0,0,0,0,4.76451e+0,8.88883e+0,0,0,0,0,0,0,0,0,0,0,0,0,0,0,0,4.80513e+3,7.32714e+2,1.20272e+2,0,0,0,0,0,4.24753e+1,1.84445e+1,6.96360e+1,0,0,0,0,0,8.00915e+2,9.57007e+2,0,0,0,0,0,0,2.06741e+4
"Middle_East","ARE","United Arab Emirates",9.99286e-2,1.70822e-2,1.45450e-1,0,6.23736e-1,0,0,0,2.00988e-2,5.14502e-2,1.32271e+3,0,0,0,0,0,0,0,0,0,0,0,0,0,0,0,0,0,0,0,0,0,0,5.74660e+0,2.73418e-1,0,0,0,0,0,0,2.58838e-4,0,0,0,0,0,0,0,3.33949e+0,2.86447e+0,0,0,0,0,0,0,1.33589e+3
"Middle_East","BHR","Bahrain",7.37402e-2,1.03032e-1,3.90628e-2,0,1.29136e-1,0,0,0,5.65218e-3,4.08280e-3,5.53069e+1,0,0,0,0,0,0,0,0,0,0,0,0,0,0,0,0,0,0,0,0,0,0,3.51685e-1,1.32980e-2,0,0,0,0,0,0,4.18220e-6,0,0,0,0,0,0,0,1.49174e+0,1.29124e+0,0,0,0,0,0,0,5.88095e+1
"Middle_East","IRN","Iran, Islamic Republic of",2.94654e-1,1.89563e-1,8.46990e-1,0,6.18834e+0,0,0,0,9.36725e+0,1.61476e+1,2.19139e+3,0,0,0,0,0,3.54366e-3,0,0,0,0,0,0,0,0,0,0,0,0,0,0,0,0,4.87462e+2,1.98149e+1,1.30756e+2,0,0,0,0,0,0,0,1.12207e-2,0,0,0,0,0,6.19096e+1,1.68314e+2,0,0,0,0,0,0,3.09270e+3
"Middle_East","IRQ","Iraq",3.61740e-2,2.29854e-2,1.66509e-1,0,1.58883e+0,0,0,0,6.33254e-1,8.16560e-1,1.01209e+3,0,0,0,0,0,0,0,0,0,0,0,0,0,0,0,0,0,0,0,0,0,0,1.34844e+2,5.87672e+0,1.85293e+1,0,0,0,0,0,1.34531e+0,0,1.21178e+0,0,0,0,0,0,3.97536e+1,5.04099e+1,0,0,0,0,0,0,1.26733e+3
"Middle_East","ISR","Israel",7.15944e-3,7.50275e-3,1.22966e-1,0,9.26714e-1,1.73752e-3,0,0,2.58744e-1,0,3.44402e+0,0,0,0,0,0,1.13696e-1,0,0,0,0,0,0,0,0,0,0,0,0,0,0,0,0,2.49392e+1,1.75283e+0,0,0,0,0,0,0,1.39177e-1,0,0,0,0,0,0,0,1.87933e+1,1.54804e+1,0,0,0,0,0,0,6.59875e+1
"Middle_East","JOR","Jordan",1.09023e-2,5.53593e-3,1.43188e-2,0,4.12992e-1,0,0,0,2.15657e-1,7.95039e-1,3.73645e-1,0,0,0,0,0,0,0,0,0,0,0,0,0,0,0,0,0,0,0,0,0,0,8.29260e+0,5.81393e-1,0,0,0,0,0,0,8.23706e-2,0,0,0,0,0,0,0,3.67766e+0,7.61872e+0,0,0,0,0,0,0,2.20808e+1
"Middle_East","KWT","Kuwait",6.59616e-2,1.23248e-1,1.03916e-1,0,8.96757e-1,0,0,0,4.28938e-1,2.30782e-1,5.68342e+2,0,0,0,0,0,0,0,0,0,0,0,0,0,0,0,0,0,0,0,0,0,0,2.71267e+0,8.61765e-2,0,0,0,0,0,0,6.94821e-5,0,0,0,0,0,0,0,7.45081e+0,7.56303e+0,0,0,0,0,0,0,5.88004e+2
"Middle_East","LBN","Lebanon",0,7.60982e-3,5.36749e-2,0,5.93336e-1,0,0,0,1.26620e+0,1.32691e+0,7.86411e-1,0,0,0,0,0,0,0,0,0,0,0,0,0,0,0,0,0,0,0,0,0,0,6.22314e+0,3.67576e-1,0,0,0,0,0,0,5.25575e-2,0,0,0,0,0,0,0,6.29113e+0,1.16794e+1,0,0,0,0,0,0,2.86479e+1
"Middle_East","OMN","Oman",2.51464e-2,0,1.75846e-3,0,2.19767e-1,0,0,0,1.40668e-1,7.86804e-2,5.98601e+2,0,0,0,0,0,0,0,0,0,0,0,0,0,0,0,0,0,0,0,0,0,0,9.18458e+0,3.76871e-1,0,0,0,0,0,0,2.05998e-3,0,0,0,0,0,0,0,7.03943e-1,3.70623e+0,0,0,0,0,0,0,6.13041e+2
"Middle_East","QAT","Qatar",8.55870e-2,2.31082e-2,2.00547e-2,1.71659e-3,1.67129e-1,0,0,0,1.57845e-2,6.12420e-3,2.63210e+2,0,0,0,0,0,4.23390e-2,0,0,0,0,0,0,0,0,0,0,0,0,0,0,0,0,1.20681e+0,6.66211e-2,0,0,0,0,0,0,2.60308e-4,0,0,0,0,0,0,0,1.65503e+0,2.38240e+0,0,0,0,0,0,0,2.68883e+2
"Middle_East","SAU","Saudi Arabia",5.33643e-1,6.20023e-1,4.36224e-1,6.29090e-3,3.54739e+0,0,0,0,1.20580e-1,4.02882e-1,2.88564e+3,0,0,0,0,0,2.46330e+0,0,0,0,0,0,0,0,0,0,0,0,0,0,0,0,0,5.44228e+1,2.38741e+0,5.38605e-2,0,0,0,0,0,3.46731e-1,0,0,0,0,0,0,0,2.73657e+1,3.49183e+1,0,0,0,0,0,0,3.01327e+3
"Middle_East","SYR","Syrian Arab Republic",9.29024e-3,1.47763e-2,1.58638e-1,0,9.76229e-1,0,0,0,3.25422e+0,1.02070e-1,5.23899e+1,0,0,0,0,0,0,0,0,0,0,0,0,0,0,0,0,0,0,0,0,0,0,7.30957e+1,2.93529e+0,1.69372e-2,0,0,0,0,0,1.84245e+0,0,1.76280e-1,0,0,0,0,0,1.04687e+1,2.93172e+1,0,0,0,0,0,0,1.74758e+2
"Middle_East","YEM","Yemen",4.39615e-3,8.16426e-3,0,0,4.14835e-1,0,0,0,2.36298e+0,3.87866e+0,1.00493e+0,0,0,0,0,0,0,0,0,0,0,0,0,0,0,0,0,0,0,0,0,0,0,7.08459e+1,3.17555e+0,0,0,0,0,0,0,7.77935e-1,0,0,0,0,0,0,0,1.65213e+0,3.03791e+1,0,0,0,0,0,0,1.14505e+2
"India +","AFG","Afghanistan",1.63327e-3,0,6.83983e-2,0,1.32061e-1,0,2.45030e-3,0,1.02766e+1,7.02643e+0,3.96821e+1,0,0,0,0,0,0,0,0,0,0,0,0,0,0,0,0,0,0,0,0,0,0,2.83415e+2,1.56408e+1,6.78061e+1,0,0,0,0,0,6.80344e-1,0,0,0,0,0,0,0,4.39866e+0,6.51610e+1,0,0,0,0,0,0,4.94292e+2
"India +","BGD","Bangladesh",3.24255e-2,4.13239e-3,9.01417e-2,0,1.62725e-1,5.03881e-3,1.72915e-2,0,1.47680e+2,2.01377e+1,1.79748e+1,0,0,0,0,0,0,0,0,0,0,0,0,0,0,0,0,0,0,0,0,0,0,7.90735e+2,7.85150e+1,2.88761e+3,0,0,0,0,2.44224e-1,1.01236e+1,1.83831e+1,0,0,0,0,0,0,3.29563e+1,3.38861e+2,0,0,0,0,0,0,4.34353e+3
"India +","BTN","Bhutan",6.34770e-6,0,5.73503e-3,0,2.64318e-4,0,6.41200e-6,0,1.24298e+1,4.14224e-1,0,0,0,0,0,0,0,0,0,0,0,0,0,0,0,0,0,0,0,0,0,0,0,9.95642e+0,1.04319e+0,8.71793e+0,0,0,0,0,0,2.25822e-1,0,0,0,0,0,0,0,1.82556e-1,4.81444e+0,0,0,0,0,0,0,3.77904e+1
"India +","IND","India",5.08480e-1,1.24611e-1,5.77673e+0,0,6.20875e+0,6.14650e-1,5.77359e-2,0,1.34058e+3,9.11084e+2,8.72039e+1,0,0,0,0,0,3.40477e-1,1.70812e+0,0,0,0,0,0,0,0,0,0,0,0,0,0,0,0,9.38388e+3,8.31753e+2,5.02877e+3,0,0,0,0,2.55288e+1,1.77355e+2,6.98496e+1,5.11128e-1,0,0,0,0,0,3.15187e+2,2.40019e+3,0,0,4.23000e+1,0,0,0,2.06295e+4
"India +","IOT","British Indian Ocean Territory",0,0,0,0,0,0,0,0,0,0,0,0,0,0,0,0,0,0,0,0,0,0,0,0,0,0,0,0,0,0,0,0,0,0,0,0,0,0,0,0,0,0,0,0,0,0,0,0,0,0,0,0,0,0,0,0,0,0,
"India +","LKA","Sri Lanka",1.50725e-4,1.84219e-3,5.95195e-1,2.03060e-3,3.72678e-1,6.42885e-3,1.17230e-3,0,2.42497e+1,1.04630e-1,3.93928e-1,0,0,0,0,0,0,0,0,0,0,0,0,0,0,0,0,0,0,0,0,0,0,1.04252e+2,8.45518e+0,3.44288e+2,0,0,0,0,1.57243e-1,2.19138e-1,1.65532e+0,0,0,0,0,0,0,2.00037e+1,6.57707e+1,0,0,0,0,0,0,5.70529e+2
"India +","MDV","Maldives",5.76459e-5,0,7.26204e-4,0,6.79101e-4,0,4.52620e-5,0,4.16794e-3,4.30770e-2,0,0,0,0,0,0,0,0,0,0,0,0,0,0,0,0,0,0,0,0,0,0,0,0,0,0,0,0,0,0,0,6.92531e-3,0,0,0,0,0,0,0,1.91146e-1,5.68675e-1,0,0,0,0,0,0,8.15500e-1
"India +","NPL","Nepal",5.52658e-4,0,1.56168e-2,0,3.44106e-2,0,0,0,5.20798e+1,3.75047e+0,0,0,0,0,0,0,0,0,0,0,0,0,0,0,0,0,0,0,0,0,0,0,0,3.28520e+2,2.74589e+1,4.27523e+2,0,0,0,0,7.83168e-1,5.97625e+0,3.49683e-1,0,0,0,0,0,0,1.02560e+0,6.00216e+1,0,0,0,0,0,0,9.07539e+2
"India +","PAK","Pakistan",1.34151e-1,5.05000e-3,3.28412e-1,0,1.28809e+0,2.03290e-2,0,0,9.84779e+1,2.38907e+1,2.46627e+2,0,0,0,0,0,0,0,0,0,0,0,0,0,0,0,0,0,0,0,0,0,0,1.47097e+3,1.05486e+2,9.76486e+2,0,0,0,0,1.24584e+0,6.48035e+0,8.29124e-2,9.33528e-2,0,0,0,0,0,4.35087e+1,3.01213e+2,0,0,0,0,0,0,3.27633e+3
"Korea","KOR","Korea, Republic of",5.05861e-2,8.27351e-2,1.07291e+0,8.33173e-3,1.46471e+0,2.51208e-4,1.28074e-1,3.44154e-1,1.06062e+2,2.56074e+2,7.16357e+0,0,0,0,0,0,7.00662e-1,5.77104e-1,0,0,0,0,0,0,0,0,0,0,0,0,0,0,0,1.23237e+2,5.92385e+0,6.42284e+2,0,0,0,0,0,8.18021e-1,0,4.14528e-1,0,0,0,0,0,3.50681e+1,1.91825e+2,0,0,0,0,0,0,1.37330e+3
"Korea","PRK","Korea, Democratic People's Republic of",1.29870e-1,1.20580e-3,5.73621e+0,0,1.19636e+0,0,0,0,6.31692e+1,4.11322e+2,3.41574e-1,0,0,0,0,0,0,3.77683e-1,0,0,0,0,0,0,0,0,0,0,0,0,0,0,0,5.59538e+1,8.59906e+0,2.43629e+2,0,0,0,0,0,3.31498e+0,0,4.82784e+1,0,0,0,0,0,1.53587e+1,8.33080e+1,1.13921e-1,0,0,0,0,0,9.40830e+2
"China +","CHN","China",2.06592e+0,1.00077e+0,5.85222e+1,0,1.17243e+1,8.34178e-1,0,5.39889e-1,3.65405e+3,6.68622e+3,7.23768e+2,0,0,0,0,0,3.77962e+0,8.78303e+0,0,0,0,0,0,0,0,0,0,0,0,0,0,0,0,4.60519e+3,8.56326e+2,2.04041e+4,0,0,0,0,7.84008e+0,1.00529e+1,1.72945e+1,8.74584e+1,0,0,0,0,0,4.90242e+2,4.04887e+3,3.24637e+0,0,9.00000e+1,0,0,0,4.17719e+4
"China +","HKG","Hong Kong",3.76812e-5,0,1.77353e-1,0,2.75712e-1,0,7.18039e-2,0,2.95169e-1,0,7.63322e-1,0,0,0,0,0,0,0,0,0,0,0,0,0,0,0,0,0,0,0,0,0,0,0,0,0,0,0,0,0,0,0,0,0,0,0,0,0,0,2.08898e+1,2.20816e+1,1.15924e-1,0,0,0,0,0,4.46707e+1
"China +","MAC","Macao",1.84400e-4,0,1.35700e-3,0,8.09275e-3,0,4.38914e-4,0,1.49243e-2,0,0,0,0,0,0,0,0,0,0,0,0,0,0,0,0,0,0,0,0,0,0,0,0,0,0,0,0,0,0,0,0,0,0,0,0,0,0,0,0,1.49176e+0,1.07646e+0,7.07115e-3,0,0,0,0,0,2.60029e+0
"China +","MNG","Mongolia",3.05551e-3,0,8.70489e-3,0,2.75834e-1,0,6.15157e-3,0,8.39551e+0,2.11312e+1,0,0,0,0,0,0,0,0,0,0,0,0,0,0,0,0,0,0,0,0,0,0,0,2.71058e+2,1.22477e+1,0,0,0,0,0,0,8.01430e-2,5.97696e-1,5.03376e+1,0,0,0,0,0,1.25612e+0,6.67972e+0,1.21035e-2,0,0,0,0,0,3.72090e+2
"China +","TWN","Taiwan_Province of China",2.49210e-2,7.36239e-2,1.25094e+0,0,2.24151e+0,1.56001e-2,6.15459e-3,0,2.42883e+0,4.15081e+1,3.33443e+1,0,0,0,0,0,0,5.27342e-1,0,0,0,0,0,0,0,0,0,0,0,0,0,0,0,1.88795e+1,3.78851e+1,0,0,0,0,0,0,0,0,0,0,0,0,0,0,3.92344e+1,9.20596e+1,2.36424e-1,0,0,0,0,0,2.69716e+2
"Southeastern Asia","BRN","Brunei Darussalam",1.63704e-2,9.06861e-2,1.63285e-3,0,8.58871e-2,0,0,0,4.52295e-2,9.99940e-3,1.65818e+2,0,0,0,0,0,0,0,0,0,0,0,0,0,0,0,0,0,0,0,0,0,0,8.87475e-1,1.28489e-1,8.53561e-1,0,0,0,0,0,2.14978e-2,2.49363e+1,0,0,0,0,0,0,8.69762e-1,7.59044e-1,2.88850e-2,0,0,0,0,0,1.94553e+2
"Southeastern Asia","KHM","Cambodia",3.72171e-5,0,2.93539e-2,0,2.99768e-3,0,8.18650e-5,0,4.64436e+1,1.51064e+0,0,0,0,0,0,0,0,0,0,0,0,0,0,0,0,0,0,0,0,0,0,0,0,6.03668e+1,5.83990e+0,2.42058e+2,0,0,0,0,6.08544e+1,7.31696e+0,0,0,0,0,0,0,0,2.57319e+0,3.30497e+1,7.70042e-2,0,0,0,0,0,4.60122e+2
"Southeastern Asia","LAO","Lao People's Democratic Republic",3.66183e-4,0,1.44125e-2,0,2.38765e-2,0,6.03085e-4,0,2.16916e+1,1.00284e+0,0,0,0,0,0,0,0,0,0,0,0,0,0,0,0,0,0,0,0,0,0,0,0,5.56724e+1,6.24946e+0,1.09052e+2,0,0,0,0,8.21088e+1,4.46832e+0,4.07347e+1,0,0,0,0,0,0,9.41395e-1,1.35615e+1,0,0,0,0,0,0,3.35522e+2
"Southeastern Asia","MMR","Myanmar",2.40725e-2,6.61514e-3,1.04126e-1,0,3.94785e-1,0,0,0,6.78971e+1,4.53860e+1,2.03927e+1,0,0,0,0,0,0,0,0,0,0,0,0,0,0,0,0,0,0,0,0,0,0,4.70827e+2,4.90415e+1,1.40066e+3,0,0,0,0,5.81136e+1,4.67440e+1,1.78269e+3,0,0,0,0,0,0,1.87789e+1,1.39372e+2,0,0,0,0,0,0,4.10043e+3
"Southeastern Asia","MYS","Malaysia",1.15036e-2,2.88889e-3,3.03418e-1,0,1.63270e+0,0,0,0,2.25522e+1,2.81713e+1,9.93893e+1,0,0,0,0,0,6.61800e-3,0,0,0,0,0,0,0,0,0,0,0,0,0,0,0,0,4.28032e+1,1.31233e+1,2.16200e+2,0,0,0,0,4.62096e+1,6.29235e+0,2.20041e+2,0,0,0,0,0,0,2.30183e+1,6.98071e+1,3.74646e-1,0,0,0,0,0,7.89940e+2
"Southeastern Asia","PHL","Philippines",9.46251e-2,6.12575e-2,1.50022e+0,3.55878e-4,1.71122e+0,0,8.46990e-2,0,8.30858e+1,7.00645e+1,2.53317e+0,0,0,0,0,0,1.91525e-2,4.47355e-1,0,0,0,0,0,0,0,0,0,0,0,0,0,0,0,2.83735e+2,5.20194e+1,1.24098e+3,0,0,0,0,6.86592e+0,4.86494e+1,9.93480e+0,0,0,0,0,0,0,5.80324e+1,2.17566e+2,0,0,0,0,0,0,2.07738e+3
"Southeastern Asia","SGP","Singapore",2.89310e-4,4.13654e-2,2.80934e-2,0,4.76410e-1,0,0,0,2.47844e-2,3.06210e+0,1.15427e+1,0,0,0,0,0,0,0,0,0,0,0,0,0,0,0,0,0,0,0,0,0,0,1.21247e+0,3.25602e+0,0,0,0,0,0,1.29862e+0,8.53341e-4,0,0,0,0,0,0,0,3.97290e+0,1.11021e+1,2.36510e+0,0,0,0,0,0,3.83839e+1
"Southeastern Asia","THA","Thailand",1.24155e-2,1.76400e-2,1.89215e+0,0,2.64855e+0,0,4.68922e-3,0,1.20854e+2,2.89620e+2,2.24787e+0,0,0,0,0,0,0,0,0,0,0,0,0,0,0,0,0,0,0,0,0,0,0,6.19240e+2,5.37292e+1,2.46015e+3,0,0,0,0,7.21248e+1,5.40444e+1,2.47962e+1,0,0,0,0,0,0,7.07261e+1,2.00564e+2,1.03795e+0,0,0,0,0,0,3.97371e+3
"Southeastern Asia","TLS","Timor-Leste",0,0,2.57868e-3,0,0,0,0,0,1.67702e-1,0,0,0,0,0,0,0,0,0,0,0,0,0,0,0,0,0,0,0,0,0,0,0,0,7.24270e+0,6.22851e-1,4.95845e+0,0,0,0,0,0,2.79401e-1,0,0,0,0,0,0,0,1.15378e-1,2.52804e+0,3.11423e-3,0,0,0,0,0,1.59202e+1
"Southeastern Asia","VNM","Viet Nam",2.29478e-2,0,1.92593e-3,0,3.35971e-1,0,0,0,1.57492e+2,1.12235e+2,1.22382e+1,0,0,0,0,0,0,0,0,0,0,0,0,0,0,0,0,0,0,0,0,0,0,2.19253e+2,5.86333e+1,1.88451e+3,0,0,0,0,2.80248e+1,3.64810e+1,1.20292e+0,0,0,0,0,0,0,2.78921e+1,2.28499e+2,0,0,0,0,0,0,2.76683e+3
"Indonesia +","IDN","Indonesia",3.03091e-2,1.52667e-1,5.08320e-1,7.26409e-3,4.25296e+0,1.92593e-3,3.39968e-2,0,6.45463e+2,8.12906e+1,9.52301e+2,0,0,0,0,0,1.64293e-2,0,0,0,0,0,0,0,0,0,0,0,0,0,0,0,0,7.06557e+2,3.79852e+1,2.74541e+3,0,0,0,0,2.42976e+1,1.15106e+2,1.09677e+2,0,1.09305e+3,0,0,0,0,1.40925e+2,6.12211e+2,2.02524e+0,0,0,0,0,0,7.27130e+3
"Indonesia +","PNG","Papua New Guinea",3.83559e-3,0,1.61250e-2,0,3.17982e-2,0,3.25793e-3,0,1.78733e+1,2.92335e-1,0,0,0,0,0,0,0,0,0,0,0,0,0,0,0,0,0,0,0,0,0,0,0,7.67050e+0,3.54849e+0,1.23961e-1,0,0,0,0,7.07832e+0,2.57989e-1,1.37095e+1,0,0,0,0,0,0,1.40087e+0,1.14155e+1,4.73471e-2,0,0,0,0,0,6.34732e+1
"Japan","JPN","Japan",3.79728e+0,6.70011e-1,9.07198e+0,4.45266e-2,1.43854e+1,2.26747e-1,1.59991e+0,1.78358e-2,2.65143e+1,4.41668e+2,3.15161e+1,0,0,0,0,0,6.14868e+0,9.39519e+0,0,0,0,0,0,0,0,0,0,0,0,0,0,0,0,3.93696e+2,1.92862e+2,1.82912e+3,0,0,0,0,0,5.62566e-1,9.85008e+0,4.21512e+0,0,0,0,0,0,2.77632e+2,3.81937e+2,1.91518e+2,6.85600e-1,0,0,0,0,3.82713e+3
"Oceania","ASM","American Samoa",0,0,0,0,0,0,0,0,2.50501e-5,0,0,0,0,0,0,0,0,0,0,0,0,0,0,0,0,0,0,0,0,0,0,0,0,1.84636e-2,1.22380e-1,0,0,0,0,0,0,1.14131e-5,0,0,0,0,0,0,0,1.48187e-1,3.80042e-2,0,0,0,0,0,0,3.27071e-1
"Oceania","ATF","French Southern Territories",0,0,0,0,0,0,0,0,0,0,0,0,0,0,0,0,0,0,0,0,0,0,0,0,0,0,0,0,0,0,0,0,0,0,0,0,0,0,0,0,0,0,0,0,0,0,0,0,0,0,0,0,0,0,0,0,0,0,
"Oceania","AUS","Australia",8.53172e-1,2.59251e-1,4.33481e+0,2.17714e-2,1.51426e+1,1.08930e-1,3.45537e-1,0,3.41684e+1,5.72490e+2,1.39597e+2,0,0,0,0,0,5.36010e-3,8.63336e-1,0,0,0,0,0,0,0,0,0,0,0,0,0,0,0,2.79964e+3,1.91764e+2,4.27181e+1,0,0,0,0,3.80544e+2,3.09478e+1,4.61592e+1,9.87264e+1,0,0,0,0,0,3.49292e+2,4.45692e+1,4.10439e-3,0,6.00000e-1,0,0,0,4.75316e+3
"Oceania","CCK","Cocos (Keeling) Islands",0,0,0,0,0,0,0,0,0,0,0,0,0,0,0,0,0,0,0,0,0,0,0,0,0,0,0,0,0,0,0,0,0,0,0,0,0,0,0,0,0,0,0,0,0,0,0,0,0,0,0,0,0,0,0,0,0,0,
"Oceania","COK","Cook Islands",0,0,0,0,0,0,0,0,8.96100e-3,0,0,0,0,0,0,0,0,0,0,0,0,0,0,0,0,0,0,0,0,0,0,0,0,1.99060e-1,6.36584e-2,0,0,0,0,0,0,4.08273e-3,0,0,0,0,0,0,0,0,2.71684e-2,0,0,0,0,0,0,3.02930e-1
"Oceania","CXR","Christmas Island",0,0,0,0,0,0,0,0,0,0,0,0,0,0,0,0,0,0,0,0,0,0,0,0,0,0,0,0,0,0,0,0,0,0,0,0,0,0,0,0,0,0,0,0,0,0,0,0,0,0,0,0,0,0,0,0,0,0,
"Oceania","FJI","Fiji",4.47044e-3,0,4.26139e-3,0,4.97071e-2,0,3.11026e-3,0,7.33038e-1,1.54939e-1,0,0,0,0,0,0,0,0,0,0,0,0,0,0,0,0,0,0,0,0,0,0,0,1.29227e+1,2.12454e+0,2.98773e+0,0,0,0,0,0,2.80951e-1,0,0,0,0,0,0,0,1.44454e+0,1.51947e+0,0,0,0,0,0,0,2.22294e+1
"Oceania","FSM","Micronesia, Federated States of",0,0,0,0,0,0,0,0,0,2.38740e-2,0,0,0,0,0,0,0,0,0,0,0,0,0,0,0,0,0,0,0,0,0,0,0,3.65069e-1,1.40529e-2,2.70996e-2,0,0,0,0,0,0,0,0,0,0,0,0,0,1.40626e-1,8.04514e-2,0,0,0,0,0,0,6.51173e-1
"Oceania","GUM","Guam",0,0,0,0,0,0,0,0,2.27107e-3,0,0,0,0,0,0,0,0,0,0,0,0,0,0,0,0,0,0,0,0,0,0,0,0,1.15729e-1,1.30365e-1,0,0,0,0,0,0,1.03473e-3,0,0,0,0,0,0,0,7.16689e-1,8.15685e-1,0,0,0,0,0,0,1.78177e+0
"Oceania","HMD","Heard Island and McDonald Islands",0,0,0,0,0,0,0,0,0,0,0,0,0,0,0,0,0,0,0,0,0,0,0,0,0,0,0,0,0,0,0,0,0,0,0,0,0,0,0,0,0,0,0,0,0,0,0,0,0,0,0,0,0,0,0,0,0,0,
"Oceania","KIR","Kiribati",5.48640e-5,0,2.60454e-4,0,1.22157e-3,0,4.92240e-5,0,1.29769e-2,1.32864e-2,0,0,0,0,0,0,0,0,0,0,0,0,0,0,0,0,0,0,0,0,0,0,0,1.00000e-2,4.16864e-2,0,0,0,0,0,0,5.71180e-3,0,0,0,0,0,0,0,1.30749e-1,1.29481e-1,0,0,0,0,0,0,3.45478e-1
"Oceania","MHL","Marshall Islands",0,0,0,0,0,0,0,0,0,0,0,0,0,0,0,0,0,0,0,0,0,0,0,0,0,0,0,0,0,0,0,0,0,0,0,0,0,0,0,0,0,0,0,0,0,0,0,0,0,1.08750e-1,3.10958e-2,0,0,0,0,0,0,1.39846e-1
"Oceania","MNP","Northern Mariana Islands",0,0,0,0,0,0,0,0,3.09207e-3,0,0,0,0,0,0,0,0,0,0,0,0,0,0,0,0,0,0,0,0,0,0,0,0,0,1.52587e-5,0,0,0,0,0,0,1.40878e-3,0,0,0,0,0,0,0,1.20401e-1,1.82795e-2,0,0,0,0,0,0,1.43197e-1
"Oceania","NCL","New Caledonia",1.27511e-3,0,1.30651e-3,0,4.74536e-2,0,1.68472e-3,0,1.15895e-1,2.65382e-2,0,0,0,0,0,0,0,0,0,0,0,0,0,0,0,0,0,0,0,0,0,0,0,6.94708e+0,6.21649e-1,0,0,0,0,0,0,3.31884e-3,0,0,0,0,0,0,0,8.23535e-1,1.65539e-1,0,0,0,0,0,0,8.75527e+0
"Oceania","NFK","Norfolk Island",0,0,0,0,0,0,0,0,0,0,0,0,0,0,0,0,0,0,0,0,0,0,0,0,0,0,0,0,0,0,0,0,0,0,0,0,0,0,0,0,0,0,0,0,0,0,0,0,0,0,3.99456e-3,0,0,0,0,0,0,3.99456e-3
"Oceania","NIU","Niue",0,0,0,0,0,0,0,0,2.10620e-4,6.22800e-4,0,0,0,0,0,0,0,0,0,0,0,0,0,0,0,0,0,0,0,0,0,0,0,3.95977e-2,1.78340e-2,0,0,0,0,0,0,9.59611e-5,0,0,0,0,0,0,0,4.06679e-3,6.82152e-3,0,0,0,0,0,0,6.92494e-2
"Oceania","NRU","Nauru",0,0,0,0,0,0,0,0,0,0,0,0,0,0,0,0,0,0,0,0,0,0,0,0,0,0,0,0,0,0,0,0,0,1.60000e-3,4.59987e-3,0,0,0,0,0,0,0,0,0,0,0,0,0,0,4.78227e-2,9.74217e-3,0,0,0,0,0,0,6.37647e-2
"Oceania","NZL","New Zealand",1.37134e-1,1.72915e-2,6.46463e-1,3.28664e-3,2.30908e+0,8.37360e-5,6.15460e-3,7.28502e-3,8.06790e+0,1.14910e+1,1.14244e+1,0,0,0,0,0,0,0,0,0,0,0,0,0,0,0,0,0,0,0,0,0,0,1.03520e+3,7.67569e+1,0,0,0,0,0,0,8.32425e-1,0,0,0,0,0,0,0,7.43058e+1,8.78690e+0,0,0,0,0,0,0,1.23000e+3
"Oceania","PCN","Pitcairn",0,0,0,0,0,0,0,0,0,0,0,0,0,0,0,0,0,0,0,0,0,0,0,0,0,0,0,0,0,0,0,0,0,0,0,0,0,0,0,0,0,0,0,0,0,0,0,0,0,0,1.08132e-3,0,0,0,0,0,0,1.08132e-3
"Oceania","PLW","Palau",0,0,0,0,0,0,0,0,0,0,0,0,0,0,0,0,0,0,0,0,0,0,0,0,0,0,0,0,0,0,0,0,0,0,0,0,0,0,0,0,0,0,0,0,0,0,0,0,0,0,3.57893e-2,0,0,0,0,0,0,3.57893e-2
"Oceania","PYF","French Polynesia",6.06444e-4,0,8.76571e-4,0,1.02605e-2,0,4.85499e-4,0,1.89129e-2,0,0,0,0,0,0,0,0,0,0,0,0,0,0,0,0,0,0,0,0,0,0,0,0,5.09419e-1,2.86183e-1,0,0,0,0,0,0,6.20732e-3,0,0,0,0,0,0,0,8.44959e-1,5.70216e-1,0,0,0,0,0,0,2.24813e+0
"Oceania","SLB","Solomon Islands",4.36344e-4,0,1.15657e-3,0,4.86785e-3,0,3.03870e-4,0,3.67535e-1,4.99278e-2,0,0,0,0,0,0,0,0,0,0,0,0,0,0,0,0,0,0,0,0,0,0,0,8.75219e+1,2.47436e+0,9.01063e-1,0,0,0,0,0,1.46312e-2,0,0,0,0,0,0,0,7.91090e-2,3.13756e-1,0,0,0,0,0,0,9.17290e+1
"Oceania","TKL","Tokelau",0,0,0,0,0,0,0,0,3.88293e-4,0,0,0,0,0,0,0,0,0,0,0,0,0,0,0,0,0,0,0,0,0,0,0,0,9.80000e-4,3.01696e-3,0,0,0,0,0,0,1.76910e-4,0,0,0,0,0,0,0,0,1.13661e-2,0,0,0,0,0,0,1.59283e-2
"Oceania","TON","Tonga",0,0,0,0,5.78847e-3,0,0,0,1.01569e-2,1.85802e-2,0,0,0,0,0,0,0,0,0,0,0,0,0,0,0,0,0,0,0,0,0,0,0,8.81349e-1,1.19560e+0,0,0,0,0,0,0,4.62758e-3,0,0,0,0,0,0,0,1.46151e-1,5.76083e-1,0,0,0,0,0,0,2.83833e+0
"Oceania","TUV","Tuvalu",0,0,0,0,0,0,0,0,0,0,0,0,0,0,0,0,0,0,0,0,0,0,0,0,0,0,0,0,0,0,0,0,0,5.73100e-3,1.66483e-2,0,0,0,0,0,0,0,0,0,0,0,0,0,0,6.19028e-3,5.64060e-2,0,0,0,0,0,0,8.49756e-2
"Oceania","VUT","Vanuatu",3.80074e-4,0,6.84348e-4,0,6.75194e-3,0,3.75585e-4,0,1.33839e-1,2.09330e-2,0,0,0,0,0,0,0,0,0,0,0,0,0,0,0,0,0,0,0,0,0,0,0,6.06453e+0,1.07636e+0,0,0,0,0,0,0,2.18723e-2,0,0,0,0,0,0,0,1.01921e-1,5.71382e-1,0,0,0,0,0,0,7.99903e+0
"Oceania","WLF","Wallis and Futuna",0,0,0,0,0,0,0,0,2.26565e-3,0,0,0,0,0,0,0,0,0,0,0,0,0,0,0,0,0,0,0,0,0,0,0,0,6.57514e-2,5.37134e-2,0,0,0,0,0,0,1.03226e-3,0,0,0,0,0,0,0,0,5.38994e-2,0,0,0,0,0,0,1.76662e-1
"Oceania","WSM","Samoa",2.00071e-4,0,7.74276e-4,0,9.12606e-3,0,2.98410e-4,0,2.50123e-1,2.49812e-2,0,0,0,0,0,0,0,0,0,0,0,0,0,0,0,0,0,0,0,0,0,0,0,1.50055e+0,7.06163e-1,0,0,0,0,0,0,2.49318e-3,0,0,0,0,0,0,0,2.19660e-1,9.05142e-1,0,0,0,0,0,0,3.61951e+0
"Antartica","ATA","Antarctica",0,0,0,0,0,0,0,0,0,0,0,0,0,0,0,0,0,0,0,0,0,0,0,0,0,0,0,0,0,0,0,0,0,0,0,0,0,0,0,0,0,0,0,0,0,0,0,0,0,0,0,0,0,0,0,0,0,0,
"Int. Shipping","SEA","Int. Shipping",0,0,0,0,0,0,0,0,0,0,3.46084e+0,0,3.11871e+1,0,0,0,0,0,0,0,0,0,0,0,0,0,0,0,0,0,0,0,0,0,0,0,0,0,0,0,0,0,0,0,0,0,0,0,0,0,0,0,0,0,0,0,0,3.46479e+1
"Int. Aviation","AIR","Int. Aviation",0,0,0,0,0,0,0,0,0,0,0,1.41101e+0,0,0,0,0,0,0,0,0,0,0,0,0,0,0,0,0,0,0,0,0,0,0,0,0,0,0,0,0,0,0,0,0,0,0,0,0,0,0,0,0,0,0,0,0,0,1.41101e+0

"TOTALS",,,5.28148e+1,2.58999e+1,3.03632e+2,1.35036e+0,7.91288e+2,9.25365e+0,9.62872e+0,2.82412e+0,1.11321e+4,3.02606e+4,4.08836e+4,1.41101e+0,3.11871e+1,0,0,0,6.40698e+1,8.95135e+1,0,0,0,0,0,0,0,0,0,0,0,0,0,0,0,7.94798e+4,1.00578e+4,4.63854e+4,0,0,0,0,6.40349e+3,1.00465e+3,8.59829e+3,7.02150e+2,1.09305e+3,0,0,0,0,2.00024e+4,1.81866e+4,2.76306e+2,6.91110e-1,1.47900e+2,0,0,0,02.75998e+5