"Content:","Emissions by country and main source category" 
"Compound:","CH4"
"Year: ","1976"
"Unit:","Gg CH4"
"Source:","European Commission, Joint Research Centre (JRC)/PBL Netherlands Environmental Assessment Agency. Emission Database for Global Atmospheric Research (EDGAR), release version 4.2. http://edgar.jrc.ec.europe.eu, 2010" 
"Dataset:","v4.2_EM_CH4_300911(edgar)"
"Date calculated:","November 30, 1999, 12:00 am"

,,,"Public electricity and heat production","Other Energy Industries","Manufacturing Industries and Construction","Domestic aviation","Road transportation","Rail transportation","Inland navigation","Other transportation","Residential and other sectors","Fugitive emissions from solid fuels","Fugitive emissions from oil and gas","Memo: International aviation","Memo: International navigation","Cement production","Lime production","Production of other minerals","Production of chemicals","Production of metals","Production of pulp/paper/food/drink","Production of halocarbons and SF6","Refrigeration and Air Conditioning","Foam Blowing","Fire Extinguishers","Aerosols","F-gas as Solvent","Semiconductor/Electronics Manufacture","Electrical Equipment","Other F-gas use","Non-energy use of lubricants/waxes (CO2)","Solvent and other product use: paint","Solvent and other product use: degrease","Solvent and other product use: chemicals","Solvent and other product use: other","Enteric fermentation","Manure management","Rice cultivation","Direct soil emissions","Manure in pasture/range/paddock","Indirect N2O from agriculture","Other direct soil emissions","Savanna burning","Agricultural waste burning","Forest fires","Grassland fires","Peat fires and decay of drained peatland","Other vegetation fires","Other biomass burning","Forest Fires-Post burn decay","Forest Land: net carbon stock change","Solid waste disposal on land","Wastewater handling","Waste incineration","Other waste handling","Fossil fuel fires","Indirect N2O from non-agricultural NOx","Indirect N2O from non-agricultural NH3","Other sources",

"World Region","ISO_A3","Country","1A1a","1A1bc","1A2","1A3a","1A3b","1A3c","1A3d","1A3e","1A4","1B1","1B2","1C1","1C2","2A1","2A2","2A7","2B","2C","2D","2E","2F1","2F2","2F3","2F4","2F5","2F7","2F8","2F9","2G","3A","3B","3C","3D","4A","4B","4C","4D1","4D2","4D3","4D4","4E","4F","5A","5C","5D","5F","5F1","5F2","5FL","6A","6B","6C","6D","7A","7B","7C","7D","TOTAL" 
"Canada","CAN","Canada",6.98671e-1,1.15202e+0,8.27069e+0,5.71707e-2,3.49114e+1,3.40902e-1,3.73379e-1,0,4.69484e+1,6.63414e+1,9.35604e+2,0,0,0,0,0,4.35832e+0,1.45872e+0,0,0,0,0,0,0,0,0,0,0,0,0,0,0,0,7.46892e+2,1.99933e+2,0,0,0,0,0,0,6.55486e+0,1.66291e+2,1.39080e+2,0,0,0,0,0,7.07165e+2,1.54466e+2,6.32693e+0,0,0,0,0,0,3.22722e+3
"USA","SPM","Saint Pierre and Miquelon",0,0,0,0,0,0,0,0,0,0,0,0,0,0,0,0,0,0,0,0,0,0,0,0,0,0,0,0,0,0,0,0,0,4.28630e-4,3.41244e-5,0,0,0,0,0,0,0,0,0,0,0,0,0,0,3.12561e-2,1.00285e-2,7.09546e-4,0,0,0,0,0,4.24569e-2
"USA","UMI","United States Minor Outlying Islands",0,0,0,0,0,0,0,0,0,0,0,0,0,0,0,0,0,0,0,0,0,0,0,0,0,0,0,0,0,0,0,0,0,0,0,0,0,0,0,0,0,0,0,0,0,0,0,0,0,0,0,0,0,0,0,0,0,0,
"USA","USA","United States",1.21580e+1,9.16461e+0,6.38103e+1,9.38219e-1,3.93296e+2,2.49179e+0,7.83391e-1,5.30468e-1,4.53408e+2,3.47732e+3,6.64491e+3,0,0,0,0,0,1.50544e+1,3.54461e+0,0,0,0,0,0,0,0,0,0,0,0,0,0,0,0,6.96019e+3,1.74813e+3,4.45862e+2,0,0,0,0,6.42672e-1,4.24995e+1,5.91120e+1,2.06753e+1,0,0,0,0,0,7.09626e+3,6.08366e+2,0,0,1.50000e+1,0,0,0,2.80741e+4
"Mexico","MEX","Mexico",2.45533e-1,3.94083e-1,3.27244e+0,0,9.87267e+0,0,0,7.16571e-1,6.55748e+1,4.52027e+1,8.66089e+2,0,0,0,0,0,5.20517e-1,1.49169e+0,0,0,0,0,0,0,0,0,0,0,0,0,0,0,0,1.75186e+3,1.21459e+2,3.01697e+1,0,0,0,0,1.66464e+1,2.14927e+1,4.25954e+1,9.34848e-2,0,0,0,0,0,1.37768e+2,3.18612e+2,0,0,0,0,0,0,3.43408e+3
"Rest Central America","ABW","Aruba",1.95925e-3,0,7.28043e-3,2.25000e-7,2.23720e-3,0,0,0,3.36901e-3,1.04896e-2,7.56500e-5,0,0,0,0,0,0,0,0,0,0,0,0,0,0,0,0,0,0,0,0,0,0,3.39370e-2,4.18740e-3,0,0,0,0,0,0,0,0,0,0,0,0,0,0,1.95786e-1,2.88625e-1,0,0,0,0,0,0,5.47946e-1
"Rest Central America","AIA","Anguilla",2.16600e-4,0,8.49360e-4,0,0,0,0,0,3.80000e-5,2.48371e-1,0,0,0,0,0,0,0,0,0,0,0,0,0,0,0,0,0,0,0,0,0,0,0,0,0,0,0,0,0,0,0,0,0,0,0,0,0,0,0,4.87343e-3,2.38584e-2,0,0,0,0,0,0,2.78207e-1
"Rest Central America","ANT","Netherlands Antilles",0,1.03089e-1,1.37537e-1,8.16427e-4,1.83960e-1,0,0,0,3.01450e-2,2.17184e-2,7.12434e+0,0,0,0,0,0,0,0,0,0,0,0,0,0,0,0,0,0,0,0,0,0,0,2.89600e-1,1.41100e-2,0,0,0,0,0,0,0,0,0,0,0,0,0,0,1.06338e+0,7.27060e-1,0,0,0,0,0,0,9.69576e+0
"Rest Central America","ATG","Antigua and Barbuda",3.44466e-3,0,7.67663e-3,0,4.73168e-3,0,0,0,4.82143e-2,0,8.87047e-2,0,0,0,0,0,0,0,0,0,0,0,0,0,0,0,0,0,0,0,0,0,0,5.75675e-1,1.32733e-2,0,0,0,0,0,0,2.04394e-2,0,0,0,0,0,0,0,1.59741e-1,2.68998e-1,0,0,0,0,0,0,1.19090e+0
"Rest Central America","BHS","Bahamas",1.38563e-2,0,2.61770e-2,0,4.51356e-2,0,0,0,3.41137e-1,1.68256e-2,8.74213e-1,0,0,0,0,0,0,0,0,0,0,0,0,0,0,0,0,0,0,0,0,0,0,2.34830e-1,2.71630e-2,0,0,0,0,0,0,1.81828e-2,0,0,0,0,0,0,0,2.52228e+0,8.15723e-1,0,0,0,0,0,0,4.93552e+0
"Rest Central America","BLZ","Belize",5.47669e-3,0,1.73738e-2,0,6.85301e-3,0,0,0,5.71050e-1,4.67456e-2,5.09206e-2,0,0,0,0,0,0,0,0,0,0,0,0,0,0,0,0,0,0,0,0,0,0,2.62105e+0,8.88030e-2,8.14013e-1,0,0,0,0,4.92432e-1,2.02918e-1,0,0,0,0,0,0,0,4.14996e-1,6.88470e-1,0,0,0,0,0,0,6.02111e+0
"Rest Central America","BMU","Bermuda",4.19974e-3,0,6.87798e-3,0,5.08037e-3,0,0,0,3.65565e-2,0,1.20500e-1,0,0,0,0,0,0,0,0,0,0,0,0,0,0,0,0,0,0,0,0,0,0,5.92930e-2,2.67700e-3,0,0,0,0,0,0,3.71288e-5,0,0,0,0,0,0,0,5.18324e-1,2.50582e-1,0,0,0,0,0,0,1.00413e+0
"Rest Central America","BRB","Barbados",9.35203e-3,0,3.02282e-2,0,1.03852e-2,0,0,0,3.28868e-2,2.87584e-2,4.55324e-1,0,0,0,0,0,0,0,0,0,0,0,0,0,0,0,0,0,0,0,0,0,0,1.17734e+0,7.31000e-2,0,0,0,0,0,0,2.71761e-1,0,0,0,0,0,0,0,1.01722e+0,1.40439e+0,0,0,0,0,0,0,4.51075e+0
"Rest Central America","CRI","Costa Rica",8.38159e-3,2.48803e-3,2.04483e-1,0,1.36887e-1,0,0,2.68793e-2,5.32874e+0,1.14224e+0,6.91137e-2,0,0,0,0,0,0,0,0,0,0,0,0,0,0,0,0,0,0,0,0,0,0,1.14841e+2,2.58941e+0,1.52177e+1,0,0,0,0,9.02544e-1,9.31343e-1,0,0,0,0,0,0,0,2.23587e+0,9.65544e+0,0,0,0,0,0,0,1.53292e+2
"Rest Central America","CUB","Cuba",8.20613e-1,9.32998e-3,3.30532e+0,0,9.12826e-1,0,8.38194e-2,7.07151e-2,2.99115e+1,7.99568e+0,2.67098e+0,0,0,0,0,0,0,0,0,0,0,0,0,0,0,0,0,0,0,0,0,0,0,3.23076e+2,9.83096e+0,8.41015e+1,0,0,0,0,6.54672e+0,1.62417e+1,1.43310e+0,0,0,0,0,0,0,3.08861e+1,5.63575e+1,0,0,0,0,0,0,5.74254e+2
"Rest Central America","CYM","Cayman Islands",1.05613e-3,0,2.11993e-3,0,1.33507e-3,0,0,0,7.05393e-3,0,2.21887e-2,0,0,0,0,0,0,0,0,0,0,0,0,0,0,0,0,0,0,0,0,0,0,2.51517e-1,1.10765e-2,0,0,0,0,0,0,5.18758e-6,0,0,0,0,0,0,0,3.37199e-1,6.31479e-2,0,0,0,0,0,0,6.96699e-1
"Rest Central America","DMA","Dominica",2.36544e-3,0,8.96920e-3,0,7.67000e-4,0,0,0,2.21744e-3,2.86528e-2,6.05036e-3,0,0,0,0,0,0,0,0,0,0,0,0,0,0,0,0,0,0,0,0,0,0,3.85845e-1,1.53940e-2,0,0,0,0,0,0,1.81290e-3,0,0,0,0,0,0,0,2.17864e-1,3.71875e-1,0,0,0,0,0,0,1.04181e+0
"Rest Central America","DOM","Dominican Republic",8.25977e-2,0,7.40183e-1,0,4.81645e-1,0,0,1.00483e-3,1.10926e+1,1.72374e+1,4.48553e-1,0,0,0,0,0,0,0,0,0,0,0,0,0,0,0,0,0,0,0,0,0,0,1.18505e+2,3.42088e+0,5.61713e+1,0,0,0,0,8.23248e-1,3.58632e+0,6.52535e-1,0,0,0,0,0,0,1.18001e+1,2.70818e+1,1.94353e-1,0,0,0,0,0,2.52319e+2
"Rest Central America","GLP","Guadeloupe",1.07870e-2,0,3.95064e-2,0,9.10816e-3,0,0,0,5.62037e-1,1.19434e-1,1.10078e-1,0,0,0,0,0,0,0,0,0,0,0,0,0,0,0,0,0,0,0,0,0,0,4.83984e+0,1.29265e-1,0,0,0,0,0,0,3.22453e-1,0,0,0,0,0,0,0,1.84939e+0,1.91949e+0,0,0,0,0,0,0,9.91139e+0
"Rest Central America","GRD","Grenada",2.94666e-3,0,1.08567e-2,0,8.14012e-4,0,0,0,3.96850e-3,1.03770e-1,1.04893e-2,0,0,0,0,0,0,0,0,0,0,0,0,0,0,0,0,0,0,0,0,0,0,4.37263e-1,1.34030e-2,0,0,0,0,0,0,5.00104e-3,0,0,0,0,0,0,0,1.63994e-1,4.35377e-1,0,0,0,0,0,0,1.18788e+0
"Rest Central America","GTM","Guatemala",6.08146e-2,2.30439e-3,4.65948e-1,0,2.55791e-1,0,0,0,2.51972e+1,7.47648e+0,2.20931e-1,0,0,0,0,0,0,0,0,0,0,0,0,0,0,0,0,0,0,0,0,0,0,7.72147e+1,2.28770e+0,3.54826e+0,0,0,0,0,3.82632e+0,2.77379e+0,4.63692e+0,0,0,0,0,0,0,5.57137e+0,2.72537e+1,0,0,0,0,0,0,1.60792e+2
"Rest Central America","HND","Honduras",3.89372e-3,2.42834e-3,2.07163e-1,0,9.21623e-2,0,0,0,1.17662e+1,6.23040e-1,1.25065e-1,0,0,0,0,0,0,0,0,0,0,0,0,0,0,0,0,0,0,0,0,0,0,9.80038e+1,2.93254e+0,3.41543e+0,0,0,0,0,5.08200e+0,8.66021e-1,4.83140e+0,0,0,0,0,0,0,1.62586e+0,1.33571e+1,0,0,0,0,0,0,1.42934e+2
"Rest Central America","HTI","Haiti",3.14010e-3,0,1.63788e-1,0,3.28103e-2,0,0,5.40096e-3,1.42005e+1,2.90752e+1,0,0,0,0,0,0,0,0,0,0,0,0,0,0,0,0,0,0,0,0,0,0,0,6.48941e+1,3.74613e+0,7.58986e+0,0,0,0,0,0,1.37989e+0,0,0,0,0,0,0,0,5.99001e+0,2.37432e+1,0,0,0,0,0,0,1.50824e+2
"Rest Central America","JAM","Jamaica",2.46844e-1,9.21096e-4,1.25353e-1,6.28019e-5,2.17119e-1,0,0,0,1.90696e+0,1.86912e+0,2.56386e-1,0,0,0,0,0,0,0,0,0,0,0,0,0,0,0,0,0,0,0,0,0,0,1.86572e+1,6.62299e-1,1.89747e-1,0,0,0,0,0,1.10440e+0,0,0,0,0,0,0,0,5.90622e+0,1.00885e+1,0,0,0,0,0,0,4.12311e+1
"Rest Central America","KNA","Saint Kitts and Nevis",1.58516e-3,0,5.21608e-3,0,1.03511e-3,0,0,0,1.49025e-1,0,1.14093e-2,0,0,0,0,0,0,0,0,0,0,0,0,0,0,0,0,0,0,0,0,0,0,4.10954e-1,1.01305e-2,0,0,0,0,0,0,9.64676e-2,0,0,0,0,0,0,0,2.80623e-1,3.15256e-1,0,0,0,0,0,0,1.28170e+0
"Rest Central America","LCA","Saint Lucia",4.20191e-3,0,1.42696e-2,0,3.46617e-3,0,0,0,1.97272e-2,3.22080e-2,2.54157e-2,0,0,0,0,0,0,0,0,0,0,0,0,0,0,0,0,0,0,0,0,0,0,6.05313e-1,2.18047e-2,0,0,0,0,0,0,6.93155e-3,0,0,0,0,0,0,0,1.00818e-1,5.11835e-1,0,0,0,0,0,0,1.34599e+0
"Rest Central America","MSR","Montserrat",4.39812e-4,0,1.44003e-3,0,6.35246e-4,0,0,0,1.44579e-3,0,3.81287e-3,0,0,0,0,0,0,0,0,0,0,0,0,0,0,0,0,0,0,0,0,0,0,5.15520e-1,1.21690e-2,0,0,0,0,0,0,7.22542e-5,0,0,0,0,0,0,0,7.98488e-3,5.35712e-2,0,0,0,0,0,0,5.97091e-1
"Rest Central America","MTQ","Martinique",1.25445e-2,0,3.94744e-2,0,9.60658e-3,0,0,0,7.32220e-2,1.33443e-1,1.43581e-1,0,0,0,0,0,0,0,0,0,0,0,0,0,0,0,0,0,0,0,0,0,0,3.01252e+0,1.03610e-1,0,0,0,0,0,0,1.04432e-1,0,0,0,0,0,0,0,2.77187e+0,1.78229e+0,0,0,0,0,0,0,8.18659e+0
"Rest Central America","NIC","Nicaragua",1.67427e-2,9.42025e-4,2.86903e-1,2.09339e-4,1.68586e-1,0,2.63768e-3,0,7.35037e+0,1.76528e+0,1.84321e-1,0,0,0,0,0,0,0,0,0,0,0,0,0,0,0,0,0,0,0,0,0,0,1.66119e+2,4.37769e+0,4.00365e+0,0,0,0,0,5.17248e+0,9.94457e-1,0,0,0,0,0,0,0,1.14369e+1,1.26180e+1,0,0,0,0,0,0,2.14498e+2
"Rest Central America","PAN","Panama",1.25289e-2,5.70168e-3,1.30084e-1,0,3.33794e-1,0,0,1.48213e-2,4.82328e+0,1.03840e-1,8.10756e-1,0,0,0,0,0,0,0,0,0,0,0,0,0,0,0,0,0,0,0,0,0,0,8.31636e+1,1.85332e+0,2.31490e+1,0,0,0,0,8.91192e-1,8.39503e-1,0,0,0,0,0,0,0,4.03532e+0,7.87059e+0,0,0,0,0,0,0,1.28037e+2
"Rest Central America","PRI","Puerto Rico",0,0,0,0,0,0,0,0,0,0,0,0,0,0,0,0,0,0,0,0,0,0,0,0,0,0,0,0,0,0,0,0,0,3.33331e+1,9.81587e-1,1.29027e-1,0,0,0,0,0,9.81228e-1,1.08963e-1,0,0,0,0,0,0,1.63524e+1,1.45169e+1,0,0,0,0,0,0,6.64032e+1
"Rest Central America","SLV","El Salvador",1.36578e-2,2.06360e-3,2.16999e-1,0,1.62070e-1,0,0,2.51208e-4,1.78092e+1,2.07680e-1,1.93050e-1,0,0,0,0,0,0,0,0,0,0,0,0,0,0,0,0,0,0,0,0,0,0,6.16392e+1,2.13560e+0,2.61850e+0,0,0,0,0,9.37752e-2,1.35658e+0,0,0,0,0,0,0,0,7.84166e+0,1.75719e+1,0,0,0,0,0,0,1.11862e+2
"Rest Central America","TCA","Turks and Caicos Islands",2.31270e-4,0,9.06900e-4,0,0,0,0,0,4.04000e-5,2.49920e-3,0,0,0,0,0,0,0,0,0,0,0,0,0,0,0,0,0,0,0,0,0,0,0,0,0,0,0,0,0,0,0,0,0,0,0,0,0,0,0,3.19828e-2,2.70078e-2,0,0,0,0,0,0,6.26683e-2
"Rest Central America","TTO","Trinidad and Tobago",8.81992e-2,9.86516e-2,5.94524e-3,0,2.96628e-1,0,0,0,1.20772e+0,1.33760e-1,7.50667e+1,0,0,0,0,0,3.98123e-1,0,0,0,0,0,0,0,0,0,0,0,0,0,0,0,0,4.97973e+0,2.04790e-1,1.45156e+0,0,0,0,0,0,7.02690e-1,0,0,0,0,0,0,0,5.55384e+0,7.36112e+0,0,0,0,0,0,0,9.75495e+1
"Rest Central America","VCT","Saint Vincent and the Grenadines",3.29311e-3,0,1.21189e-2,0,8.85632e-4,0,0,0,2.33982e-2,2.54496e-2,8.57965e-3,0,0,0,0,0,0,0,0,0,0,0,0,0,0,0,0,0,0,0,0,0,0,4.92277e-1,1.60350e-2,0,0,0,0,0,0,1.32314e-2,0,0,0,0,0,0,0,1.41462e-1,4.24389e-1,0,0,0,0,0,0,1.16112e+0
"Rest Central America","VGB","Virgin Islands_British",4.52527e-4,0,1.33364e-3,0,7.44287e-4,0,0,0,1.79904e-3,1.54880e-3,5.08028e-3,0,0,0,0,0,0,0,0,0,0,0,0,0,0,0,0,0,0,0,0,0,0,4.52875e-1,3.12552e-2,0,0,0,0,0,0,0,0,0,0,0,0,0,0,5.69468e-2,4.85586e-2,0,0,0,0,0,0,6.00595e-1
"Rest Central America","VIR","Virgin Islands_USA",0,0,0,0,0,0,0,0,0,0,0,0,0,0,0,0,0,0,0,0,0,0,0,0,0,0,0,0,0,0,0,0,0,6.23700e-2,1.18869e-2,0,0,0,0,0,0,7.73645e-2,0,0,0,0,0,0,0,5.54628e-1,3.88470e-1,0,0,0,0,0,0,1.09472e+0
"Brazil","BRA","Brazil",2.58426e-1,3.10448e-1,1.21409e+1,3.07521e-2,1.71127e+1,1.00709e-1,5.41311e-1,0,2.78911e+2,5.30530e+2,6.19726e+1,0,0,0,0,0,9.60949e-1,3.44013e+0,0,0,0,0,0,0,0,0,0,0,0,0,0,0,0,6.10754e+3,1.73063e+2,7.26466e+2,0,0,0,0,5.72544e+2,7.80484e+1,2.15773e+3,1.30049e+0,0,0,0,0,0,2.48516e+2,8.65711e+2,3.74627e+0,0,0,0,0,0,1.18410e+4
"Rest South America","ARG","Argentina",3.66623e-1,2.04511e-1,2.01456e+0,9.54590e-3,4.60958e+0,3.34944e-4,1.79362e-1,1.50725e-2,5.21245e+0,3.94771e+1,2.96327e+2,0,0,0,0,0,2.14460e-1,3.09909e-1,0,0,0,0,0,0,0,0,0,0,0,0,0,0,0,3.74380e+3,7.29443e+1,1.65649e+1,0,0,0,0,1.54306e+1,2.33651e+1,4.73999e+1,1.02096e+2,0,0,0,0,0,8.49736e+1,1.75839e+2,0,0,0,0,0,0,4.63135e+3
"Rest South America","BOL","Bolivia",2.43084e-2,1.13044e-2,1.77813e-1,1.40258e-3,3.29475e-1,1.73752e-3,0,0,4.64203e+0,9.34560e-1,9.45870e+1,0,0,0,0,0,0,0,0,0,0,0,0,0,0,0,0,0,0,0,0,0,0,2.39389e+2,7.37797e+0,1.36238e+1,0,0,0,0,1.66466e+2,1.54040e+0,3.61087e+2,0,0,0,0,0,0,5.83888e+0,2.25731e+1,0,0,0,0,0,0,9.18606e+2
"Rest South America","BVT","Bouvet Island",0,0,0,0,0,0,0,0,0,0,0,0,0,0,0,0,0,0,0,0,0,0,0,0,0,0,0,0,0,0,0,0,0,0,0,0,0,0,0,0,0,0,0,0,0,0,0,0,0,0,0,0,0,0,0,0,0,0,
"Rest South America","CHL","Chile",5.37983e-2,7.96308e-2,6.71439e-1,0,8.68951e-1,1.27676e-2,2.75491e-2,0,1.51581e+1,4.02284e+1,1.66576e+2,0,0,0,0,0,0,6.29545e-2,0,0,0,0,0,0,0,0,0,0,0,0,0,0,0,2.70239e+2,5.60340e+0,5.42675e+0,0,0,0,0,0,1.39890e+0,2.44877e+0,5.55336e+0,0,0,0,0,0,1.94368e+1,9.02968e+1,0,0,0,0,0,0,6.24144e+2
"Rest South America","COL","Colombia",1.35491e-1,8.24774e-2,1.27127e+0,0,2.99653e+0,6.67377e-3,7.91308e-3,0,4.88901e+1,3.25503e+1,1.18960e+2,0,0,0,0,0,1.24372e-2,2.46400e-2,0,0,0,0,0,0,0,0,0,0,0,0,0,0,0,1.37446e+3,3.28436e+1,1.29621e+2,0,0,0,0,2.75424e+1,8.61092e+0,1.25215e+2,0,0,0,0,0,0,3.09766e+1,1.19316e+2,0,0,0,0,0,0,2.05352e+3
"Rest South America","ECU","Ecuador",2.04307e-2,2.64420e-2,2.50999e-1,0,7.11691e-1,0,0,3.66764e-2,1.43399e+1,1.52272e+1,4.19300e+1,0,0,0,0,0,4.39200e-5,0,0,0,0,0,0,0,0,0,0,0,0,0,0,0,0,1.65203e+2,6.80874e+0,5.67067e+1,0,0,0,0,1.41175e+0,2.45725e+0,1.28751e+0,0,0,0,0,0,0,6.05382e+0,3.15709e+1,0,0,0,0,0,0,3.44043e+2
"Rest South America","FLK","Falkland Islands (Malvinas)",1.91145e-4,0,2.27508e-4,0,1.10568e-4,0,0,0,9.77730e-4,7.28640e-3,2.53119e-3,0,0,0,0,0,0,0,0,0,0,0,0,0,0,0,0,0,0,0,0,0,0,3.91739e+0,7.67761e-2,0,0,0,0,0,0,0,0,0,0,0,0,0,0,8.10145e-3,9.00968e-3,2.97544e-5,0,0,0,0,0,4.02263e+0
"Rest South America","GUF","French Guiana",2.76782e-3,0,8.31386e-3,0,3.23062e-3,0,0,0,1.08092e-1,1.02080e-1,7.97537e-2,0,0,0,0,0,0,0,0,0,0,0,0,0,0,0,0,0,0,0,0,0,0,1.07689e-1,9.23403e-3,1.89747e-2,0,0,0,0,0,3.04059e-3,8.14232e-1,0,0,0,0,0,0,3.54433e-1,2.80655e-1,1.33036e-3,0,0,0,0,0,1.89383e+0
"Rest South America","GUY","Guyana",3.19735e-2,0,9.21367e-2,0,1.95567e-2,0,0,0,2.96129e+0,2.04160e-3,3.10457e-1,0,0,0,0,0,0,0,0,0,0,0,0,0,0,0,0,0,0,0,0,0,0,1.39896e+1,7.29799e-1,4.07132e+1,0,0,0,0,3.70752e+0,1.39280e+0,2.11507e+1,0,0,0,0,0,0,9.81873e-1,3.88643e+0,3.55931e-3,0,0,0,0,0,8.99730e+1
"Rest South America","PER","Peru",1.28287e-1,6.17062e-2,6.77005e-1,2.51208e-4,1.51305e+0,0,3.48760e-2,0,3.58833e+1,1.82361e+1,6.24165e+1,0,0,0,0,0,1.27800e-4,1.59875e-1,0,0,0,0,0,0,0,0,0,0,0,0,0,0,0,3.06554e+2,9.85763e+0,5.97954e+1,0,0,0,0,1.08074e+0,4.17150e+0,4.58932e+1,0,0,0,0,0,0,2.21640e+1,7.58344e+1,0,0,0,0,0,0,6.44462e+2
"Rest South America","PRY","Paraguay",3.78067e-2,1.13043e-3,4.50918e-1,0,8.36812e-2,1.25604e-2,1.17230e-3,0,1.19313e+1,7.26880e+0,5.34344e-2,0,0,0,0,0,0,0,0,0,0,0,0,0,0,0,0,0,0,0,0,0,0,3.35279e+2,7.51004e+0,5.33188e+0,0,0,0,0,8.39352e+1,1.00116e+0,9.14537e+1,9.71688e+0,0,0,0,0,0,5.32440e+0,1.24553e+1,0,0,0,0,0,0,5.71848e+2
"Rest South America","SGS","South Georgia and the South Sandwich Islands",0,0,0,0,0,0,0,0,0,0,0,0,0,0,0,0,0,0,0,0,0,0,0,0,0,0,0,0,0,0,0,0,0,0,0,0,0,0,0,0,0,0,0,0,0,0,0,0,0,0,0,0,0,0,0,0,0,0,
"Rest South America","SUR","Suriname",1.90857e-2,0,4.34775e-2,0,2.36506e-2,0,0,0,3.19010e-1,7.78589e-1,6.48656e-1,0,0,0,0,0,0,0,0,0,0,0,0,0,0,0,0,0,0,0,0,0,0,1.45656e+0,1.50215e-1,2.38482e+1,0,0,0,0,0,1.75342e-1,1.63248e+1,0,0,0,0,0,0,9.93269e-1,1.93509e+0,3.62601e-3,0,0,0,0,0,4.67195e+1
"Rest South America","URY","Uruguay",7.87334e-3,2.40481e-3,1.62574e-1,8.16426e-4,2.35706e-1,0,0,7.78746e-3,4.35184e+0,1.03840e-1,4.86467e-1,0,0,0,0,0,0,8.36857e-4,0,0,0,0,0,0,0,0,0,0,0,0,0,0,0,6.95657e+2,1.41046e+1,2.55227e+1,0,0,0,0,0,1.13805e+0,0,0,0,0,0,0,0,1.21328e+1,1.46748e+1,0,0,0,0,0,0,7.68590e+2
"Rest South America","VEN","Venezuela",2.16228e-1,5.28165e-1,7.26912e-1,0,5.93238e+0,4.29168e-2,0,9.79710e-3,5.37245e+0,1.76727e+0,6.45746e+2,0,0,0,0,0,2.57658e-1,2.27819e-1,0,0,0,0,0,0,0,0,0,0,0,0,0,0,0,5.73031e+2,1.64840e+1,1.26940e+1,0,0,0,0,4.17672e+1,2.39485e+0,8.78764e+1,0,0,0,0,0,0,4.26757e+1,7.87698e+1,0,0,0,0,0,0,1.51652e+3
"Northern_Africa","DZA","Algeria",6.71607e-2,1.78345e-1,6.53978e-2,0,8.35526e-1,9.73013e-3,9.67151e-3,0,1.46349e+1,2.36378e+1,9.10056e+2,0,0,0,0,0,1.01910e-1,6.11800e-2,0,0,0,0,0,0,0,0,0,0,0,0,0,0,0,1.12541e+2,4.36054e+0,9.61481e-2,0,0,0,0,0,1.05431e-1,0,0,0,0,0,0,0,2.16932e+1,5.82265e+1,0,0,0,0,0,0,1.14668e+3
"Northern_Africa","EGY","Egypt",2.19380e-3,2.73919e-2,9.22852e-1,1.08857e-3,9.30845e-1,0,1.58261e-2,2.47440e-2,4.07843e+1,8.87140e+1,2.24186e+2,0,0,0,0,0,1.94700e-3,1.51265e-1,0,0,0,0,0,0,0,0,0,0,0,0,0,0,0,2.40431e+2,7.14725e+0,2.26976e+2,0,0,0,0,0,2.58452e-1,0,0,0,0,0,0,0,4.81172e+1,1.49523e+2,0,0,0,0,0,0,1.02822e+3
"Northern_Africa","ESH","Western Sahara",2.96198e-4,6.24943e-5,2.79867e-4,4.97280e-5,3.55327e-3,3.19550e-6,0,0,7.33387e-3,0,2.03662e-3,0,0,0,0,0,0,0,0,0,0,0,0,0,0,0,0,0,0,0,0,0,0,7.28626e+0,2.19606e-1,0,0,0,0,0,0,4.30110e-5,0,0,0,0,0,0,0,6.27175e-2,3.77533e-1,0,0,0,0,0,0,7.95978e+0
"Northern_Africa","LBY","Libyan Arab Jamahiriya",5.20947e-2,5.28321e-2,3.36200e-2,4.18681e-5,7.86589e-1,0,0,0,1.86780e+0,1.97972e+0,7.50544e+2,0,0,0,0,0,6.45150e-1,0,0,0,0,0,0,0,0,0,0,0,0,0,0,0,0,4.36222e+1,1.49222e+0,0,0,0,0,0,0,1.70088e-2,0,0,0,0,0,0,0,6.39843e+0,1.16852e+1,0,0,0,0,0,0,8.19177e+2
"Northern_Africa","MAR","Morocco",1.77100e-2,1.50725e-3,1.31884e-1,0,4.32226e-1,2.78004e-3,1.61192e-2,0,2.18740e+1,1.53441e+1,8.41116e+0,0,0,0,0,0,0,0,0,0,0,0,0,0,0,0,0,0,0,0,0,0,0,2.52409e+2,8.86477e+0,1.01917e+0,0,0,0,0,0,2.17205e-1,0,0,0,0,0,0,0,1.74740e+1,7.19293e+1,0,0,0,0,0,0,3.98145e+2
"Northern_Africa","TUN","Tunisia",2.81834e-2,3.74741e-3,4.91531e-2,0,1.78969e-1,3.64880e-3,9.96457e-3,0,5.34440e+0,7.89184e+0,1.81568e+1,0,0,0,0,0,0,1.01500e-2,0,0,0,0,0,0,0,0,0,0,0,0,0,0,0,8.08591e+1,2.97994e+0,0,0,0,0,0,0,5.17154e-2,0,0,0,0,0,0,0,8.80743e+0,2.35182e+1,0,0,0,0,0,0,1.47893e+2
"Western_Africa","BEN","Benin",2.51208e-4,0,1.00483e-3,0,6.05625e-2,0,0,0,1.79120e+1,1.07994e+1,0,0,0,0,0,0,0,0,0,0,0,0,0,0,0,0,0,0,0,0,0,0,0,3.03182e+1,1.75748e+0,1.96142e+0,0,0,0,0,2.46552e+1,2.12366e-1,5.56546e+1,0,0,0,0,0,0,1.16324e+0,1.43457e+1,0,0,0,0,0,0,1.58841e+2
"Western_Africa","BFA","Burkina Faso",3.23015e-4,6.07899e-5,4.36062e-4,2.40663e-4,2.86015e-2,3.48600e-6,0,0,2.66095e+1,2.21559e+1,5.61874e-3,0,0,0,0,0,0,0,0,0,0,0,0,0,0,0,0,0,0,0,0,0,0,9.99073e+1,4.29371e+0,8.65333e+0,0,0,0,0,2.32226e+1,5.42907e-1,0,0,0,0,0,0,0,8.17499e-1,2.41117e+1,0,0,0,0,0,0,2.10350e+2
"Western_Africa","CAF","Central African Republic",1.28356e-4,1.66606e-5,9.67200e-5,1.98977e-4,7.47330e-3,1.38610e-6,0,0,8.17701e+0,2.35481e+0,1.86944e-3,0,0,0,0,0,0,0,0,0,0,0,0,0,0,0,0,0,0,0,0,0,0,3.49124e+1,1.24915e+0,2.59600e+0,0,0,0,0,8.48856e+2,1.66633e-1,2.33260e+2,0,0,0,0,0,0,2.76881e+0,9.35211e+0,0,0,0,0,0,0,1.14370e+3
"Western_Africa","CIV","Cote d'Ivoire",3.58040e-3,2.79544e-3,3.60903e-2,0,2.85485e-1,2.78004e-3,1.31885e-2,0,2.50721e+1,3.39557e+1,5.37352e-1,0,0,0,0,0,0,0,0,0,0,0,0,0,0,0,0,0,0,0,0,0,0,2.76673e+1,1.38045e+0,2.15038e+1,0,0,0,0,1.37326e+1,7.19038e-1,1.89564e+2,0,0,0,0,0,0,8.68576e+0,2.69378e+1,0,0,0,0,0,0,3.50100e+2
"Western_Africa","CMR","Cameroon",2.13527e-3,0,2.38648e-3,0,1.98839e-1,0,0,0,2.44751e+1,5.71120e+0,1.61000e-1,0,0,0,0,0,0,0,0,0,0,0,0,0,0,0,0,0,0,0,0,0,0,1.16687e+2,4.52734e+0,4.94201e+0,0,0,0,0,8.95728e+1,5.16095e-1,9.18272e+1,0,0,0,0,0,0,7.07132e+0,3.47157e+1,0,0,0,0,0,0,3.80410e+2
"Western_Africa","COD","Congo_the Democratic Republic of the",3.51690e-3,1.13043e-3,7.15942e-2,0,2.04079e-1,0,0,0,1.01576e+2,7.11336e+0,3.18003e+0,0,0,0,0,0,0,0,0,0,0,0,0,0,0,0,0,0,0,0,0,0,0,2.97885e+0,1.46241e-1,5.24969e+1,0,0,0,0,6.53232e+2,2.46540e+0,1.66423e+3,0,0,0,0,0,0,3.26157e+1,9.79439e+1,0,0,0,0,0,0,2.61826e+3
"Western_Africa","COG","Congo",1.71658e-3,0,4.01934e-3,4.60549e-4,7.38705e-2,0,0,0,3.41227e+0,1.37069e+1,6.54495e+1,0,0,0,0,0,0,0,0,0,0,0,0,0,0,0,0,0,0,0,0,0,0,5.78516e+1,2.62281e+0,7.46110e-1,0,0,0,0,1.43719e+1,1.35855e-1,6.97476e+1,0,0,0,0,0,0,1.58294e+0,6.46794e+0,0,0,0,0,0,0,2.36176e+2
"Western_Africa","CPV","Cape Verde",5.02751e-4,4.82794e-5,3.38367e-4,1.76941e-4,1.38020e-2,5.42820e-6,0,0,1.81528e-2,8.55360e-3,3.91489e-3,0,0,0,0,0,0,0,0,0,0,0,0,0,0,0,0,0,0,0,0,0,0,7.40560e-1,8.58141e-2,0,0,0,0,0,0,5.47484e-3,0,0,0,0,0,0,0,1.93865e-1,1.14856e+0,0,0,0,0,0,0,2.21976e+0
"Western_Africa","GAB","Gabon",4.52175e-3,0,3.62996e-2,0,1.94838e-2,0,0,0,1.22713e+0,4.28454e-1,1.17414e+2,0,0,0,0,0,0,0,0,0,0,0,0,0,0,0,0,0,0,0,0,0,0,9.47752e-1,1.76418e-1,4.80741e-2,0,0,0,0,3.30624e-1,1.98312e-2,5.69806e+0,0,0,0,0,0,0,1.50235e+0,3.04236e+0,0,0,0,0,0,0,1.30895e+2
"Western_Africa","GHA","Ghana",1.50725e-3,1.88406e-3,2.85121e-1,0,4.30256e-1,1.91127e-3,3.51691e-3,0,3.35106e+1,2.28448e+1,3.31166e-1,0,0,0,0,0,0,0,0,0,0,0,0,0,0,0,0,0,0,0,0,0,0,4.56701e+1,2.38649e+0,1.48068e+1,0,0,0,0,6.25080e+1,4.64876e-1,1.86041e+1,0,0,0,0,0,0,1.15393e+1,4.26509e+1,0,0,0,0,0,0,2.56041e+2
"Western_Africa","GIN","Guinea",7.54404e-4,5.05978e-4,1.12467e-3,4.89754e-4,5.56029e-2,5.51950e-6,0,0,2.99257e+1,1.19686e+1,1.04827e-2,0,0,0,0,0,0,0,0,0,0,0,0,0,0,0,0,0,0,0,0,0,0,5.06021e+1,1.79710e+0,8.70349e+1,0,0,0,0,5.34552e+1,5.32222e-1,6.99788e+1,0,0,0,0,0,0,2.55095e+0,1.88242e+1,0,0,0,0,0,0,3.26739e+2
"Western_Africa","GMB","Gambia",2.53317e-4,2.33172e-5,1.63623e-4,9.16524e-5,1.93498e-2,2.73485e-6,0,0,1.07432e+0,1.75085e+0,2.09348e-3,0,0,0,0,0,0,0,0,0,0,0,0,0,0,0,0,0,0,0,0,0,0,1.09513e+1,4.03875e-1,4.38436e+0,0,0,0,0,2.81088e+0,2.98030e-2,0,0,0,0,0,0,0,3.48810e-1,2.04592e+0,0,0,0,0,0,0,2.38221e+1
"Western_Africa","GNB","Guinea-Bissau",8.23116e-5,2.41384e-5,1.06140e-4,3.84681e-5,4.79303e-3,8.88100e-7,0,0,1.56512e+0,1.02467e-1,1.11976e-3,0,0,0,0,0,0,0,0,0,0,0,0,0,0,0,0,0,0,0,0,0,0,1.00109e+1,5.49990e-1,1.73067e+1,0,0,0,0,4.94640e+0,1.00129e-1,0,0,0,0,0,0,0,3.28247e-1,2.81828e+0,0,0,0,0,0,0,3.77343e+1
"Western_Africa","GNQ","Equatorial Guinea",5.46984e-5,1.06738e-5,7.97190e-5,6.26205e-5,3.09225e-3,1.33215e-6,0,0,1.37477e+0,2.67907e-1,4.80245e-1,0,0,0,0,0,0,0,0,0,0,0,0,0,0,0,0,0,0,0,0,0,0,3.14200e-1,1.70720e-2,0,0,0,0,0,0,5.82588e-3,0,0,0,0,0,0,0,2.74951e-1,1.18515e+0,0,0,0,0,0,0,3.92342e+0
"Western_Africa","LBR","Liberia",2.76440e-3,8.83305e-4,2.46572e-3,7.64017e-4,1.20407e-1,2.02313e-5,0,0,4.91522e+0,5.04870e+0,2.43872e-2,0,0,0,0,0,0,0,0,0,0,0,0,0,0,0,0,0,0,0,0,0,0,3.00062e+0,2.30148e-1,3.95520e+0,0,0,0,0,6.76320e-1,2.20420e-1,5.64856e-2,0,0,0,0,0,0,1.35986e+0,6.69134e+0,0,0,0,0,0,0,2.63060e+1
"Western_Africa","MLI","Mali",5.77983e-4,6.82908e-5,4.11723e-4,2.35769e-4,5.32944e-2,6.23745e-6,0,0,1.11956e+1,4.38423e+0,5.68262e-3,0,0,0,0,0,0,0,0,0,0,0,0,0,0,0,0,0,0,0,0,0,0,2.01445e+2,7.83814e+0,3.42287e+1,0,0,0,0,3.46920e+1,4.64557e-1,2.21320e+1,0,0,0,0,0,0,1.83308e+0,2.55436e+1,0,0,0,0,0,0,3.43817e+2
"Western_Africa","MRT","Mauritania",5.52951e-4,2.92384e-4,1.14925e-3,2.85746e-4,4.82391e-2,1.07840e-5,0,0,3.17737e+0,4.52524e+0,7.89960e-3,0,0,0,0,0,0,0,0,0,0,0,0,0,0,0,0,0,0,0,0,0,0,1.03726e+2,4.62437e+0,2.28833e-1,0,0,0,0,5.13888e-3,4.46458e-2,0,0,0,0,0,0,0,5.21171e-1,6.43314e+0,0,0,0,0,0,0,1.23344e+2
"Western_Africa","NER","Niger",1.73500e-3,1.36121e-4,2.27810e-3,1.11499e-4,3.04171e-2,3.51677e-5,0,0,1.33731e+1,1.63329e+1,7.48984e-3,0,0,0,0,0,0,0,0,0,0,0,0,0,0,0,0,0,0,0,0,0,0,1.45055e+2,6.28112e+0,4.17283e+0,0,0,0,0,7.45368e-1,4.58675e-1,0,0,0,0,0,0,0,1.03844e+0,2.11117e+1,0,0,0,0,0,0,2.08611e+2
"Western_Africa","NGA","Nigeria",7.02968e-2,2.86209e-2,9.86412e-2,0,1.66288e+0,6.31579e-3,2.05153e-2,0,1.44943e+2,4.90697e+1,1.41534e+3,0,0,0,0,0,0,0,0,0,0,0,0,0,0,0,0,0,0,0,0,0,0,5.90550e+2,1.75034e+1,3.29073e+1,0,0,0,0,8.31720e+1,3.88395e+0,1.22393e+1,0,0,0,0,0,0,2.20296e+1,2.38759e+2,0,0,0,0,0,0,2.61228e+3
"Western_Africa","SEN","Senegal",0,9.44298e-4,1.90792e-2,0,1.15913e-1,1.04251e-3,1.02577e-2,0,1.35619e+1,2.91790e+1,1.84896e-1,0,0,0,0,0,0,0,0,0,0,0,0,0,0,0,0,0,0,0,0,0,0,1.00295e+2,4.15324e+0,1.54029e+1,0,0,0,0,2.10684e+1,1.86978e-1,0,0,0,0,0,0,0,5.64234e+0,2.25270e+1,0,0,0,0,0,0,2.12349e+2
"Western_Africa","SHN","Saint Helena",7.41960e-6,9.71100e-7,3.54900e-6,1.43100e-6,0,5.39500e-8,9.10000e-8,0,5.61426e-5,0,0,0,0,0,0,0,0,0,0,0,0,0,0,0,0,0,0,0,0,0,0,0,0,6.05888e-2,5.63846e-3,0,0,0,0,0,0,0,0,0,0,0,0,0,0,3.88426e-3,2.29074e-2,0,0,0,0,0,0,9.30886e-2
"Western_Africa","SLE","Sierra Leone",1.21191e-3,3.23105e-4,1.03625e-3,2.59112e-4,1.97968e-2,8.86855e-6,0,0,1.83783e+1,1.32076e+1,9.29233e-3,0,0,0,0,0,0,0,0,0,0,0,0,0,0,0,0,0,0,0,0,0,0,1.11924e+1,4.89698e-1,4.87808e+1,0,0,0,0,1.24970e+1,4.53147e-1,6.71208e+0,0,0,0,0,0,0,1.94542e+0,1.29814e+1,0,0,0,0,0,0,1.26670e+2
"Western_Africa","STP","Sao Tome and Principe",7.56504e-5,6.53210e-6,4.89180e-5,1.39105e-5,1.92227e-3,8.13400e-7,0,0,6.22386e-3,3.18701e-1,4.30659e-4,0,0,0,0,0,0,0,0,0,0,0,0,0,0,0,0,0,0,0,0,0,0,1.21112e-1,2.46932e-2,0,0,0,0,0,0,3.26621e-3,0,0,0,0,0,0,0,1.03604e-1,3.38030e-1,0,0,0,0,0,0,9.18129e-1
"Western_Africa","TCD","Chad",3.66875e-4,3.16936e-5,2.67930e-4,4.55670e-5,7.67765e-3,3.95910e-6,0,0,1.30765e+1,1.63495e+1,3.71814e-3,0,0,0,0,0,0,0,0,0,0,0,0,0,0,0,0,0,0,0,0,0,0,1.62251e+2,6.20886e+0,9.03793e+0,0,0,0,0,1.06042e+2,3.37898e-1,0,0,0,0,0,0,0,1.20239e+0,1.79217e+1,0,0,0,0,0,0,3.32440e+2
"Western_Africa","TGO","Togo",1.88406e-3,0,0,0,4.32240e-2,0,0,0,1.41832e+1,1.40184e+1,0,0,0,0,0,0,0,0,0,0,0,0,0,0,0,0,0,0,0,0,0,0,0,1.53461e+1,9.55925e-1,2.23063e+0,0,0,0,0,2.48016e+1,9.79764e-2,1.08066e+1,0,0,0,0,0,0,1.07392e+0,9.64249e+0,0,0,0,0,0,0,9.32020e+1
"Eastern_Africa","BDI","Burundi",6.63372e-5,1.18975e-5,8.76960e-5,3.42705e-5,8.55546e-3,7.13800e-7,0,0,1.45315e+1,1.24233e+1,1.31259e-3,0,0,0,0,0,0,0,0,0,0,0,0,0,0,0,0,0,0,0,0,0,0,3.14662e+1,1.03666e+0,5.82658e-1,0,0,0,0,0,2.92908e-1,0,0,0,0,0,0,0,1.76186e-1,1.58435e+1,0,0,0,0,0,0,7.63629e+1
"Eastern_Africa","COM","Comoros",2.69037e-5,5.24975e-6,4.56390e-5,4.40475e-5,2.56712e-3,6.55700e-7,0,0,1.48578e-2,1.18906e+0,5.60968e-4,0,0,0,0,0,0,0,0,0,0,0,0,0,0,0,0,0,0,0,0,0,0,2.78951e+0,1.49224e-1,1.92296e+0,0,0,0,0,0,8.09848e-3,0,0,0,0,0,0,0,2.02238e-1,1.30987e+0,0,0,0,0,0,0,7.58908e+0
"Eastern_Africa","DJI","Djibouti",8.12489e-4,8.63392e-4,2.47889e-3,2.37331e-4,1.43964e-2,8.77310e-6,0,0,6.81846e-2,7.75174e-1,1.84476e-2,0,0,0,0,0,0,0,0,0,0,0,0,0,0,0,0,0,0,0,0,0,0,6.69423e+0,2.97000e-1,0,0,0,0,0,0,0,0,0,0,0,0,0,0,3.13163e-1,1.00883e+0,0,0,0,0,0,0,9.19383e+0
"Eastern_Africa","ERI","Eritrea",5.92035e-4,5.17640e-4,1.05376e-3,0,1.06762e-2,0,0,0,5.91525e+0,6.18274e+0,8.84013e-2,0,0,0,0,0,0,0,0,0,0,0,0,0,0,0,0,0,0,0,0,0,0,5.88360e+1,2.13017e+0,0,0,0,0,0,1.54584e+0,9.12572e-2,0,0,0,0,0,0,0,3.95629e-1,8.39688e+0,0,0,0,0,0,0,8.35950e+1
"Eastern_Africa","ETH","Ethiopia",3.22981e-3,1.94115e-4,8.36652e-3,0,9.75861e-2,0,0,0,9.82080e+1,7.89184e+0,6.13914e-2,0,0,0,0,0,0,0,0,0,0,0,0,0,0,0,0,0,0,0,0,0,0,1.02458e+3,4.13188e+1,0,0,0,0,0,1.65276e+2,4.10351e+0,0,0,0,0,0,0,0,4.86706e+0,1.33957e+2,0,0,0,0,0,0,1.48038e+3
"Eastern_Africa","KEN","Kenya",8.26666e-4,3.35873e-3,3.66763e-2,6.92915e-3,2.53867e-1,1.59748e-2,2.93076e-3,0,4.19613e+1,1.14328e+2,6.77321e-1,0,0,0,0,0,0,0,0,0,0,0,0,0,0,0,0,0,0,0,0,0,0,3.96957e+2,1.26572e+1,1.34607e+0,0,0,0,0,2.82000e+0,7.38705e-1,0,0,0,0,0,0,0,2.25259e+0,5.38146e+1,0,0,0,0,0,0,6.27873e+2
"Eastern_Africa","MDG","Madagascar",1.79097e-3,2.65892e-4,2.18072e-3,8.88639e-4,8.58686e-2,3.03949e-5,0,0,1.23020e+1,1.83297e+0,1.50235e-2,0,0,0,0,0,0,0,0,0,0,0,0,0,0,0,0,0,0,0,0,0,0,3.09180e+2,1.02017e+1,2.06095e+2,0,0,0,0,4.20336e+1,7.47433e-1,2.71796e+1,7.33344e-2,0,0,0,0,0,3.10238e+0,3.30893e+1,0,0,0,0,0,0,6.45944e+2
"Eastern_Africa","MUS","Mauritius",9.04693e-4,2.95989e-4,1.18236e-3,1.15951e-4,2.27717e-2,1.08710e-5,0,0,2.90166e-1,1.03840e-1,1.11238e-2,0,0,0,0,0,0,0,0,0,0,0,0,0,0,0,0,0,0,0,0,0,0,1.67191e+0,6.88280e-2,1.98065e-2,0,0,0,0,0,1.26999e-1,0,0,0,0,0,0,0,1.64917e+0,4.28425e+0,0,0,0,0,0,0,8.25137e+0
"Eastern_Africa","MYT","Mayotte",0,0,0,0,0,0,0,0,0,0,0,0,0,0,0,0,0,0,0,0,0,0,0,0,0,0,0,0,0,0,0,0,0,0,0,0,0,0,0,0,0,0,0,0,0,0,0,0,0,1.07679e-1,3.56003e-1,0,0,0,0,0,0,4.63682e-1
"Eastern_Africa","REU","Reunion",5.67430e-4,1.09961e-4,5.72433e-4,3.36181e-4,2.79645e-2,6.12540e-6,0,0,1.93541e-1,0,8.01893e-3,0,0,0,0,0,0,0,0,0,0,0,0,0,0,0,0,0,0,0,0,0,0,1.22451e+0,1.86669e-1,0,0,0,0,0,0,4.57199e-2,0,0,0,0,0,0,0,1.39944e+0,1.87211e+0,0,0,0,0,0,0,4.95957e+0
"Eastern_Africa","RWA","Rwanda",2.05740e-4,2.84901e-5,1.91085e-4,6.85420e-5,8.51695e-3,2.22025e-6,0,0,1.82248e+1,1.63043e+0,2.04997e-3,0,0,0,0,0,0,0,0,0,0,0,0,0,0,0,0,0,0,0,0,0,0,2.40991e+1,8.77171e-1,2.05757e-1,0,0,0,0,1.46174e+0,3.42766e-1,0,0,0,0,0,0,0,2.16054e-1,1.69715e+1,0,0,0,0,0,0,6.40404e+1
"Eastern_Africa","SDN","Sudan",4.21302e-4,2.51208e-4,5.01159e-2,0,2.12826e-1,0,0,0,4.40696e+1,1.49114e+2,1.20858e+0,0,0,0,0,0,0,0,0,0,0,0,0,0,0,0,0,0,0,0,0,0,0,8.63996e+2,2.85897e+1,1.81720e+0,0,0,0,0,4.35720e+2,1.09298e+0,0,0,0,0,0,0,0,1.22762e+1,7.09737e+1,0,0,0,0,0,0,1.60912e+3
"Eastern_Africa","SOM","Somalia",5.32730e-4,1.32224e-4,1.03106e-3,7.70791e-4,6.27318e-2,1.29936e-5,0,0,1.47780e+1,2.60514e+1,1.47778e-2,0,0,0,0,0,0,0,0,0,0,0,0,0,0,0,0,0,0,0,0,0,0,4.10801e+2,1.83905e+1,3.46134e-1,0,0,0,0,4.88808e-3,1.45124e-1,0,0,0,0,0,0,0,1.93823e+0,1.79543e+1,0,0,0,0,0,0,4.90490e+2
"Eastern_Africa","SYC","Seychelles",4.64596e-4,7.86632e-5,3.86436e-4,3.00000e-8,2.55823e-3,5.01320e-6,0,0,9.81626e-3,0,2.76993e-3,0,0,0,0,0,0,0,0,0,0,0,0,0,0,0,0,0,0,0,0,0,0,1.22265e-1,3.52909e-2,0,0,0,0,0,0,5.97599e-6,0,0,0,0,0,0,0,1.03067e-1,2.73906e-1,0,0,0,0,0,0,5.50614e-1
"Eastern_Africa","UGA","Uganda",9.59262e-4,1.37341e-4,7.37481e-4,3.23865e-4,5.15500e-2,1.03584e-5,0,0,7.84072e+1,3.66143e+1,9.43853e-3,0,0,0,0,0,0,0,0,0,0,0,0,0,0,0,0,0,0,0,0,0,0,2.00444e+2,5.92140e+0,4.69203e+0,0,0,0,0,7.79880e+1,1.65625e+0,0,0,0,0,0,0,0,1.49265e+0,4.04526e+1,0,0,0,0,0,0,4.47732e+2
"Southern_Africa","AGO","Angola",4.52174e-4,1.92593e-3,9.50404e-3,0,1.37254e-1,0,0,0,6.64460e+0,5.30622e+1,1.99794e+2,0,0,0,0,0,0,0,0,0,0,0,0,0,0,0,0,0,0,0,0,0,0,1.07727e+2,3.52397e+0,3.84592e+0,0,0,0,0,2.94240e+2,2.06310e-1,1.03941e+1,0,0,0,0,0,0,4.33460e+0,3.21099e+1,0,0,0,0,0,0,7.16032e+2
"Southern_Africa","BWA","Botswana",2.75374e-3,5.57627e-5,2.83787e-2,2.23755e-5,4.26845e-2,4.36983e-4,0,0,2.32667e+0,5.57151e+0,5.72833e-3,0,0,0,0,0,0,0,0,0,0,0,0,0,0,0,0,0,0,0,0,0,0,1.33392e+2,3.13704e+0,0,0,0,0,0,6.62088e+1,5.03409e-2,0,1.74341e+0,0,0,0,0,0,2.14387e-1,3.39786e+0,0,0,0,0,0,0,2.16122e+2
"Southern_Africa","LSO","Lesotho",1.39290e-4,3.23545e-5,1.36926e-4,1.86440e-4,1.50042e-2,1.50230e-6,0,0,5.71690e+0,4.55826e+0,1.89321e-3,0,0,0,0,0,0,0,0,0,0,0,0,0,0,0,0,0,0,0,0,0,0,3.30779e+1,7.02266e-1,0,0,0,0,0,0,3.93209e-2,0,1.11103e+0,0,0,0,0,0,1.82573e-1,4.86622e+0,0,0,0,0,0,0,5.02719e+1
"Southern_Africa","MOZ","Mozambique",0,1.29190e-3,1.24767e-1,0,1.01509e-1,0,0,0,3.46301e+1,4.08278e+1,9.94896e-2,0,0,0,0,0,0,0,0,0,0,0,0,0,0,0,0,0,0,0,0,0,0,5.05840e+1,1.80278e+0,1.44222e+1,0,0,0,0,1.60944e+2,1.08847e+0,2.01824e+1,2.89464e+0,0,0,0,0,0,1.76482e+0,4.39513e+1,0,0,0,0,0,0,3.73420e+2
"Southern_Africa","MWI","Malawi",9.50848e-4,5.46684e-5,5.32809e-3,2.08964e-4,4.50735e-2,8.21304e-5,0,0,1.81061e+1,1.89867e+1,5.65802e-3,0,0,0,0,0,0,0,0,0,0,0,0,0,0,0,0,0,0,0,0,0,0,3.01095e+1,1.18524e+0,8.65333e+0,0,0,0,0,3.09744e+1,8.97676e-1,0,0,0,0,0,0,0,6.25303e-1,2.23426e+1,0,0,0,0,0,0,1.31938e+2
"Southern_Africa","NAM","Namibia",9.34914e-4,0,1.57654e-4,0,1.10171e-1,0,0,0,1.43100e-1,1.99623e+0,0,0,0,0,0,0,0,0,0,0,0,0,0,0,0,0,0,0,0,0,0,0,0,1.15664e+2,2.87598e+0,0,0,0,0,0,1.69781e+1,4.62346e-2,0,0,0,0,0,0,0,8.97093e-1,3.08383e+0,0,0,0,0,0,0,1.41796e+2
"Southern_Africa","SWZ","Swaziland",1.07722e-3,3.40555e-5,1.35493e-2,8.29989e-5,2.43337e-2,2.08547e-4,0,0,1.84944e+0,1.84642e+0,3.81563e-3,0,0,0,0,0,0,0,0,0,0,0,0,0,0,0,0,0,0,0,0,0,0,3.11387e+1,7.23654e-1,3.57671e-1,0,0,0,0,0,5.81015e-2,0,0,0,0,0,0,0,2.29949e-1,1.21035e+1,0,0,0,0,0,0,4.83506e+1
"Southern_Africa","TZA","Tanzania_United Republic of",9.16908e-3,9.21096e-4,8.79229e-3,0,1.96598e-1,0,2.93076e-4,0,5.84999e+1,3.73824e+1,2.13207e-1,0,0,0,0,0,0,0,0,0,0,0,0,0,0,0,0,0,0,0,0,0,0,3.84160e+2,1.36184e+1,5.13430e+1,0,0,0,0,2.19269e+2,2.54065e+0,6.24492e+1,0,0,0,0,0,0,1.73205e+0,6.36577e+1,0,0,0,0,0,0,8.95081e+2
"Southern_Africa","ZAF","South Africa",8.25882e-1,8.60340e-2,6.22825e+0,5.69406e-3,4.86484e+0,1.58345e-1,0,0,6.37201e+1,4.60285e+2,4.83645e+0,0,0,0,0,0,5.34100e-2,6.20993e+0,0,0,0,0,0,0,0,0,0,0,0,0,0,0,0,8.12211e+2,2.01011e+1,2.49985e-1,0,0,0,0,8.96208e+0,2.27451e+0,3.65194e+0,9.47774e+1,0,0,0,0,0,1.03942e+2,1.44760e+2,0,0,0,0,0,0,1.73820e+3
"Southern_Africa","ZMB","Zambia",3.78905e-3,3.93559e-3,2.07881e-1,0,2.30241e-1,1.98873e-3,5.86152e-4,0,1.47074e+1,4.03351e+1,2.27606e-1,0,0,0,0,0,0,0,0,0,0,0,0,0,0,0,0,0,0,0,0,0,0,7.75839e+1,2.64985e+0,4.30744e-1,0,0,0,0,4.36056e+2,3.29562e-1,1.94412e+2,0,0,0,0,0,0,3.52757e+0,2.11209e+1,0,0,0,0,0,0,7.91829e+2
"Southern_Africa","ZWE","Zimbabwe",9.65596e-3,0,2.08042e-1,0,2.61502e-1,2.64501e-2,0,0,1.86727e+1,2.51316e+1,0,0,0,0,0,0,0,7.39982e-1,0,0,0,0,0,0,0,0,0,0,0,0,0,0,0,2.65937e+2,7.19905e+0,1.06532e-1,0,0,0,0,4.42512e+1,4.37874e-1,0,0,0,0,0,0,0,2.88886e+0,2.23593e+1,0,0,0,0,0,0,3.88230e+2
"OECD_Europe","AUT","Austria",1.72383e-1,5.85937e-2,4.85376e-1,2.30274e-4,4.14614e+0,1.79007e-2,7.91308e-3,1.00483e-3,2.57085e+1,2.30576e+1,3.50180e+1,0,0,0,0,0,6.17100e-2,3.64840e-1,0,0,0,0,0,0,0,0,0,0,0,0,0,0,0,1.74645e+2,5.76641e+1,0,0,0,0,0,0,5.82867e-1,0,6.80328e-1,0,0,0,0,0,7.94489e+1,3.86660e+1,2.92705e-3,0,0,0,0,0,4.40791e+2
"OECD_Europe","BEL","Belgium",2.68591e-1,1.83568e-1,1.53659e+0,2.23993e-3,5.30818e+0,2.52171e-2,6.88729e-2,0,3.63409e+1,1.48805e+2,6.63430e+1,0,0,0,0,0,1.20000e-4,1.60800e+0,0,0,0,0,0,0,0,0,0,0,0,0,0,0,0,2.03826e+2,6.57562e+1,0,0,0,0,0,0,4.89378e-1,0,1.52830e-1,0,0,0,0,0,5.53769e+1,6.94748e+1,5.77612e+0,0,0,0,0,0,6.61343e+2
"OECD_Europe","CHE","Switzerland",1.13564e-3,9.70277e-3,3.26864e-1,1.52818e-3,4.43485e+0,1.56377e-3,2.34461e-3,0,7.41728e+0,3.67079e-2,1.28919e+1,0,0,0,0,0,8.29458e-2,1.17891e-2,0,0,0,0,0,0,0,0,0,0,0,0,0,0,0,1.43263e+2,4.01773e+1,0,0,0,0,0,0,1.20681e-1,1.54454e+0,0,0,0,0,0,0,2.67617e+1,1.09191e+1,1.04071e-5,3.86080e-3,0,0,0,0,2.48009e+2
"OECD_Europe","DEU","Germany",5.99785e+0,8.51380e-1,9.99465e+0,7.11755e-4,4.00736e+1,3.53755e-1,2.71975e-1,0,2.14352e+2,1.78296e+3,2.57346e+2,0,0,0,0,0,5.15682e+0,5.30925e+0,0,0,0,0,0,0,0,0,0,0,0,0,0,0,0,1.45738e+3,4.74588e+2,0,0,0,0,0,0,4.08693e+0,0,9.50640e-1,0,0,0,0,0,1.45633e+3,2.07984e+2,0,0,0,0,0,0,5.92399e+3
"OECD_Europe","DNK","Denmark",3.61543e-1,1.59843e-2,5.24772e-1,4.98229e-3,2.90832e+0,1.91127e-2,1.18110e-1,0,3.72722e+0,6.85170e-3,9.12596e-1,0,0,0,0,0,0,0,0,0,0,0,0,0,0,0,0,0,0,0,0,0,0,2.12691e+2,8.85000e+1,0,0,0,0,0,0,7.58116e-1,0,0,0,0,0,0,0,6.44561e+1,9.68084e+0,0,0,0,0,0,0,3.84686e+2
"OECD_Europe","ESP","Spain",2.07457e-1,1.26901e-1,1.97509e+0,2.26296e-2,1.00760e+1,3.65298e-2,6.81695e-1,6.28020e-4,5.67377e+1,1.38513e+2,1.33142e+1,0,0,0,0,0,4.34413e-1,1.25910e+0,0,0,0,0,0,0,0,0,0,0,0,0,0,0,0,4.56867e+2,1.83087e+2,2.32038e+1,0,0,0,0,0,2.22165e+0,0,1.13309e+1,0,0,0,0,0,1.98419e+2,1.17516e+2,1.07617e+0,0,0,0,0,0,1.21711e+3
"OECD_Europe","FIN","Finland",1.23097e-1,2.21482e-2,4.64632e-1,1.88406e-3,2.52483e+0,1.73752e-2,2.49114e-2,0,5.62241e+1,2.44112e+0,2.94696e+0,0,0,0,0,0,8.93885e-2,5.12938e-1,0,0,0,0,0,0,0,0,0,0,0,0,0,0,0,1.18556e+2,3.21043e+1,0,0,0,0,0,0,5.21289e-1,2.73739e-1,3.73440e-2,0,0,0,0,0,1.05882e+2,1.29213e+2,0,0,0,0,0,0,4.51981e+2
"OECD_Europe","FRA","France",1.39491e+0,4.44519e-1,5.34881e+0,9.69244e-3,3.03791e+1,9.87350e-2,1.94016e-1,0,2.19761e+2,4.91575e+2,7.27342e+2,0,0,0,0,0,1.90838e+0,4.95797e+0,0,0,0,0,0,0,0,0,0,0,0,0,0,0,0,1.55999e+3,4.13590e+2,2.82797e+0,0,0,0,0,0,4.90932e+0,0,6.44352e-1,0,0,0,0,0,3.90700e+2,1.73624e+2,3.16497e+1,0,0,0,0,0,4.06135e+3
"OECD_Europe","FRO","Faroe Islands",0,0,0,0,0,0,0,0,0,0,0,0,0,0,0,0,0,0,0,0,0,0,0,0,0,0,0,0,0,0,0,0,0,6.40537e-1,2.62736e-2,0,0,0,0,0,0,1.40951e-5,0,0,0,0,0,0,0,7.20906e-1,3.88525e-2,4.63540e-2,0,0,0,0,0,1.47294e+0
"OECD_Europe","GBR","United Kingdom",1.47295e+0,5.40331e-1,5.72286e+0,3.44573e-2,2.93725e+1,1.59440e-1,3.68983e-1,0,2.10894e+2,1.23121e+3,5.58331e+2,0,0,0,0,0,1.70588e+0,1.74997e+0,0,0,0,0,0,0,0,0,0,0,0,0,0,0,0,1.10496e+3,2.32151e+2,0,0,0,0,0,0,1.88477e+0,0,6.41832e-1,0,0,0,0,0,2.25023e+3,1.31458e+2,1.06307e+1,0,0,0,0,0,5.77352e+3
"OECD_Europe","GIB","Gibraltar",1.25604e-4,0,0,0,6.03458e-3,0,0,0,0,0,0,0,0,0,0,0,0,0,0,0,0,0,0,0,0,0,0,0,0,0,0,0,0,0,0,0,0,0,0,0,0,0,0,0,0,0,0,0,0,1.27496e-1,2.78499e-2,1.16824e-2,0,0,0,0,0,1.73189e-1
"OECD_Europe","GRC","Greece",1.14713e-1,2.54372e-2,3.77365e-1,5.73592e-3,2.04586e+0,9.80760e-3,1.13127e-1,0,8.69436e+0,1.99364e+1,3.82070e+0,0,0,0,0,0,4.12500e-3,1.07615e-1,0,0,0,0,0,0,0,0,0,0,0,0,0,0,0,1.68363e+2,3.77239e+1,6.88864e+0,0,0,0,0,0,1.33197e+0,4.20211e-2,1.16688e+0,0,0,0,0,0,6.56452e+1,1.56812e+1,4.68387e-5,0,0,0,0,0,3.32098e+2
"OECD_Europe","GRL","Greenland",0,0,0,0,0,0,0,0,0,0,0,0,0,0,0,0,0,0,0,0,0,0,0,0,0,0,0,0,0,0,0,0,0,1.56024e-1,2.65662e-3,0,0,0,0,0,0,0,0,0,0,0,0,0,0,5.33840e-1,1.72030e-1,1.47771e-2,0,0,0,0,0,8.79328e-1
"OECD_Europe","IRL","Ireland",2.70970e-2,3.88418e-3,1.79154e-1,9.42029e-4,1.48229e+0,7.29761e-3,0,0,1.93565e+1,1.88164e+0,1.98861e+0,0,0,0,0,0,0,0,0,0,0,0,0,0,0,0,0,0,0,0,0,0,0,3.85661e+2,6.68800e+1,0,0,0,0,0,0,1.83436e-1,0,6.16416e-2,0,0,0,0,0,5.70707e+1,5.30033e+0,0,0,0,0,0,0,5.40084e+2
"OECD_Europe","ISL","Iceland",1.75846e-3,0,1.39420e-2,3.97746e-4,1.36408e-1,0,3.51691e-3,0,3.27324e-2,0,0,0,0,0,0,0,0,1.86340e-1,0,0,0,0,0,0,0,0,0,0,0,0,0,0,0,1.19717e+1,1.26362e+0,0,0,0,0,0,0,1.08021e-4,0,0,0,0,0,0,0,2.37652e+0,4.30792e-1,1.17620e-1,0,0,0,0,0,1.65354e+1
"OECD_Europe","ITA","Italy",6.03680e-1,2.73754e-1,3.77905e+0,1.80032e-2,2.58614e+1,2.94583e-2,1.59140e-1,5.42610e-2,2.21576e+1,1.80338e+1,2.28257e+2,0,0,0,0,0,1.35428e+0,1.93430e+0,0,0,0,0,0,0,0,0,0,0,0,0,0,0,0,6.21759e+2,2.46802e+2,6.59859e+1,0,0,0,0,0,6.45792e+0,2.63146e-1,3.31344e+0,0,0,0,0,0,5.87360e+2,1.55434e+2,1.29225e+1,0,0,0,0,0,2.00281e+3
"OECD_Europe","LUX","Luxembourg",1.05507e-2,0,2.76446e-1,0,3.82132e-1,1.56377e-3,5.86152e-4,0,4.12542e-1,0,2.62744e+0,0,0,0,0,0,0,4.39600e-1,0,0,0,0,0,0,0,0,0,0,0,0,0,0,0,1.34813e+1,1.81593e+1,0,0,0,0,0,0,3.66229e-2,0,1.47317e-1,0,0,0,0,0,2.49979e+0,4.63253e-1,0,0,0,0,0,0,3.89385e+1
"OECD_Europe","NLD","Netherlands",8.27904e-1,2.27877e-1,5.98084e-1,6.92915e-3,7.53327e+0,7.29761e-3,3.55208e-1,0,6.88116e+0,4.73840e+0,2.99297e+2,0,0,0,0,0,2.97957e+0,2.45840e-1,0,0,0,0,0,0,0,0,0,0,0,0,0,0,0,3.44663e+2,1.30425e+2,0,0,0,0,0,0,3.06957e-1,0,9.94536e-3,0,0,0,0,0,4.17207e+2,3.82333e+1,0,0,0,0,0,0,1.25454e+3
"OECD_Europe","NOR","Norway",2.63769e-3,5.79397e-2,7.62287e-1,2.26087e-3,2.18570e+0,4.86505e-3,2.28307e-1,0,5.93289e+0,9.92513e+0,3.85106e+1,0,0,0,0,0,1.44604e+0,3.50965e+0,0,0,0,0,0,0,0,0,0,0,0,0,0,0,0,8.01889e+1,1.72743e+1,0,0,0,0,0,0,1.07428e-1,0,0,0,0,0,0,0,1.67580e+2,3.35632e+1,4.34442e+0,0,0,0,0,0,3.65627e+2
"OECD_Europe","PRT","Portugal",8.99633e-2,1.96104e-2,6.50097e-1,4.98229e-3,1.92764e+0,1.07475e-2,1.17230e-2,0,4.79306e+0,3.29451e+0,4.72099e+0,0,0,0,0,0,3.24000e-4,2.34564e-1,0,0,0,0,0,0,0,0,0,0,0,0,0,0,0,1.01980e+2,3.96306e+1,8.08509e+0,0,0,0,0,0,4.90910e-1,0,1.29665e+0,0,0,0,0,0,1.23239e+2,2.69458e+1,3.22451e-2,0,0,0,0,0,3.17459e+2
"OECD_Europe","SWE","Sweden",6.57086e-2,2.89322e-2,4.67527e+0,8.64573e-3,6.04760e+0,1.45952e-2,2.96007e-2,0,1.03267e+1,3.12586e+0,6.44522e+0,0,0,0,0,0,1.55246e-1,5.86926e-1,0,0,0,0,0,0,0,0,0,0,0,0,0,0,0,1.27414e+2,4.09032e+1,0,0,0,0,0,0,7.38500e-1,2.75563e-1,1.09697e-1,0,0,0,0,0,1.06232e+2,1.78756e+2,7.93287e-3,0,0,0,0,0,4.85948e+2
"Central Europe","ALB","Albania",1.84219e-3,3.64251e-3,3.44992e-2,0,2.21748e-1,0,0,0,1.42958e+1,3.21411e+0,1.84287e+1,0,0,0,0,0,0,1.29250e-1,0,0,0,0,0,0,0,0,0,0,0,0,0,0,0,4.20600e+1,6.79355e+0,1.45024e+0,0,0,0,0,0,2.74359e-1,0,3.11568e-1,0,0,0,0,0,1.69254e+0,3.59923e+0,2.09845e-2,0,0,0,0,0,9.25321e+1
"Central Europe","BGR","Bulgaria",1.59073e-1,1.76850e-2,4.39781e-1,0,1.95250e+0,6.69888e-4,0,0,2.14808e+1,3.13043e+1,4.99293e+0,0,0,0,0,0,1.10580e-1,4.86944e-1,0,0,0,0,0,0,0,0,0,0,0,0,0,0,0,2.27147e+2,4.02890e+1,6.05475e+0,0,0,0,0,0,2.40828e+0,0,7.16592e-1,0,0,0,0,0,1.96408e+2,4.30394e+1,0,0,0,0,0,0,5.77008e+2
"Central Europe","BIH","Bosnia and Herzegovina",4.10067e-2,0,1.36346e-1,0,4.74930e-1,0,0,0,8.79969e+0,5.08099e+1,4.19703e-1,0,0,0,0,0,6.80200e-5,6.40389e-2,0,0,0,0,0,0,0,0,0,0,0,0,0,0,0,7.72296e+1,1.19780e+1,0,0,0,0,0,0,3.92619e-1,0,0,0,0,0,0,0,2.01086e+0,5.67380e+0,2.49658e-2,0,0,0,0,0,1.58056e+2
"Central Europe","CYP","Cyprus",0,9.42030e-4,2.22319e-2,0,1.37019e-1,0,0,0,1.89453e-1,1.03840e-1,1.01812e-1,0,0,0,0,0,0,0,0,0,0,0,0,0,0,0,0,0,0,0,0,0,0,4.10883e+0,1.56052e+0,0,0,0,0,0,0,1.62890e-2,0,0,0,0,0,0,0,3.37747e+0,2.88709e+0,0,0,0,0,0,0,1.25055e+1
"Central Europe","CZE","Czech Republic",3.24317e-1,3.96909e-2,4.97487e+0,0,2.15715e+0,4.47987e-3,0,0,1.28803e+2,3.09035e+2,7.04833e+0,0,0,0,0,0,3.24467e-1,5.94790e-1,0,0,0,0,0,0,0,0,0,0,0,0,0,0,0,3.02742e+2,5.25304e+1,0,0,0,0,0,0,2.23828e+0,0,1.93956e+0,0,0,0,0,0,4.83305e+1,4.13247e+1,0,0,0,0,0,0,9.02412e+2
"Central Europe","EST","Estonia",2.69686e-1,0,4.33457e-1,0,5.22100e-1,2.16492e-1,4.66528e-3,0,6.59467e+0,2.06810e+1,3.67410e+0,0,0,0,0,0,0,0,0,0,0,0,0,0,0,0,0,0,0,0,0,0,0,5.79065e+1,1.09679e+1,2.49079e+0,0,0,0,0,0,2.36156e-1,0,0,0,0,0,0,0,1.11596e+1,6.37751e+0,0,0,0,0,0,0,1.21535e+2
"Central Europe","HRV","Croatia",2.55169e-2,5.27677e-2,7.83479e-2,0,8.53821e-1,2.59582e-3,0,0,1.41067e+1,5.54532e+0,2.42484e+1,0,0,0,0,0,4.15816e-3,2.90875e+0,0,0,0,0,0,0,0,0,0,0,0,0,0,0,0,8.01520e+1,1.50647e+1,0,0,0,0,0,0,7.91793e-1,0,4.19448e-1,0,0,0,0,0,1.01997e+1,1.34358e+1,0,0,0,0,0,0,1.67890e+2
"Central Europe","HUN","Hungary",3.46131e-1,2.19763e-2,6.69746e-1,0,1.83451e+0,5.51339e-2,2.96007e-2,0,3.77906e+1,4.13060e+1,6.61588e+1,0,0,0,0,0,6.71250e-2,2.81506e-1,0,0,0,0,0,0,0,0,0,0,0,0,0,0,0,2.09550e+2,5.43674e+1,1.02967e+1,0,0,0,0,0,3.31556e+0,0,6.27816e-1,0,0,0,0,0,5.01688e+1,3.96086e+1,0,0,0,0,0,0,5.16496e+2
"Central Europe","LTU","Lithuania",3.25320e-2,2.61878e-2,4.37057e+0,0,1.06935e+0,2.79093e-2,3.33234e-3,0,1.14837e+1,1.97472e-2,5.45674e+0,0,0,0,0,0,3.92426e-2,0,0,0,0,0,0,0,0,0,0,0,0,0,0,0,0,1.72517e+2,2.92279e+1,0,0,0,0,0,0,8.58762e-1,0,5.21544e-1,0,0,0,0,0,2.03196e+1,1.00351e+1,5.16396e-4,0,0,0,0,0,2.56009e+2
"Central Europe","LVA","Latvia",3.11224e-2,0,1.17875e+0,0,8.16702e-1,4.17449e-2,1.29394e-2,0,2.15397e+1,1.09894e-1,8.22744e+0,0,0,0,0,0,0,0,0,0,0,0,0,0,0,0,0,0,0,0,0,0,0,1.16188e+2,1.71771e+1,0,0,0,0,0,0,4.56210e-1,0,8.10456e-2,0,0,0,0,0,1.25459e+1,6.34897e+0,0,0,0,0,0,0,1.84756e+2
"Central Europe","MKD","Macedonia, the former Yugoslav Republic of",2.58153e-2,0,6.39524e-2,0,1.93842e-1,0,0,0,6.51057e+0,3.82282e+0,5.27972e+0,0,0,0,0,0,1.77210e-4,2.80836e+0,0,0,0,0,0,0,0,0,0,0,0,0,0,0,0,5.06068e+1,5.36926e+0,2.98749e+0,0,0,0,0,0,2.68067e-1,0,2.26807e-1,0,0,0,0,0,2.26094e+0,3.13752e+0,3.04083e-2,0,0,0,0,0,8.35925e+1
"Central Europe","MLT","Malta",0,0,0,0,6.63789e-2,0,0,0,1.48632e-2,0,0,0,0,0,0,0,0,0,0,0,0,0,0,0,0,0,0,0,0,0,0,0,0,1.30748e+0,5.18816e-1,0,0,0,0,0,0,1.33718e-3,0,0,0,0,0,0,0,3.22054e+0,4.12830e-1,0,0,0,0,0,0,5.54224e+0
"Central Europe","POL","Poland",2.21582e+0,2.19985e-1,3.51379e+0,0,4.83017e+0,3.42001e-1,6.79936e-2,0,2.45363e+2,3.74816e+3,1.12708e+2,0,0,0,0,0,5.29484e-1,1.92824e+0,0,0,0,0,0,0,0,0,0,0,0,0,0,0,0,1.06598e+3,1.97935e+2,0,0,0,0,0,0,6.79741e+0,0,1.33034e+0,0,0,0,0,0,2.19754e+2,1.20938e+2,3.37626e-1,0,0,0,0,0,5.73295e+3
"Central Europe","ROU","Romania",6.24473e-1,4.53095e-2,1.26785e+0,0,4.33522e+0,0,0,0,5.81926e+1,7.82573e+1,8.26523e+2,0,0,0,0,0,7.11094e-1,1.79266e+0,0,0,0,0,0,0,0,0,0,0,0,0,0,0,0,5.59158e+2,1.02173e+2,7.57750e+0,0,0,0,0,0,5.82339e+0,0,0,0,0,0,0,0,4.92320e+1,8.86600e+1,1.06684e-2,0,0,0,0,0,1.78438e+3
"Central Europe","SCG","Serbia and Montenegro",1.73556e-1,0,2.31650e-1,0,9.12383e-1,0,0,0,4.61473e+1,3.74105e+1,7.61371e+1,0,0,0,0,0,8.40159e-2,1.64010e-1,0,0,0,0,0,0,0,0,0,0,0,0,0,0,0,2.81030e+2,5.23235e+1,0,0,0,0,0,0,2.56940e+0,0,0,0,0,0,0,0,6.73362e+0,3.61217e+1,8.66327e-2,0,0,0,0,0,5.40125e+2
"Central Europe","SVK","Slovakia",5.43447e-2,2.65029e-2,1.00018e+0,0,9.42968e-1,0,0,0,1.45295e+1,7.55385e+0,2.58633e+1,0,0,0,0,0,3.20230e-2,1.22551e+0,0,0,0,0,0,0,0,0,0,0,0,0,0,0,0,1.31212e+2,2.66705e+1,0,0,0,0,0,0,1.64654e+0,0,1.84639e-1,0,0,0,0,0,1.48951e+1,2.39413e+1,0,0,0,0,0,0,2.49779e+2
"Central Europe","SVN","Slovenia",0,2.31103e-3,1.05410e-2,0,9.11004e-1,0,0,0,9.76163e+0,1.42641e+1,4.33987e-1,0,0,0,0,0,2.83527e-1,4.41653e-1,0,0,0,0,0,0,0,0,0,0,0,0,0,0,0,6.49854e+1,1.09007e+1,0,0,0,0,0,0,1.66705e-1,0,0,0,0,0,0,0,1.06271e+1,7.91642e+0,0,0,0,0,0,0,1.20705e+2
"Turkey","TUR","Turkey",8.23171e-2,4.90711e-2,5.22219e-1,2.84701e-3,2.79974e+0,8.83585e-2,1.92844e-1,0,1.12510e+2,1.05746e+2,6.09018e+0,0,0,0,0,0,3.67528e-1,4.98536e-1,0,0,0,0,0,0,0,0,0,0,0,0,0,0,0,9.76547e+2,1.61427e+2,2.78618e+1,0,0,0,0,0,2.54101e+1,0,4.56264e-1,0,0,0,0,0,1.14601e+2,1.88876e+2,0,0,0,0,0,0,1.72413e+3
"Ukraine +","BLR","Belarus",1.01529e-1,5.13280e-2,2.55676e+0,0,1.58582e+0,1.25638e-1,2.13270e-2,4.31412e-4,8.35248e+0,6.90976e-2,1.48321e+1,0,0,0,0,0,2.10870e-2,0,0,0,0,0,0,0,0,0,0,0,0,0,0,0,0,5.13855e+2,6.72965e+1,0,0,0,0,0,0,2.20888e+0,0,2.12102e-2,0,0,0,0,0,6.15682e+1,2.53445e+1,0,0,0,0,0,0,6.98012e+2
"Ukraine +","MDA","Moldova, Republic of",4.74562e-2,0,4.09655e-1,0,6.93365e-1,0,0,0,4.59206e+0,4.15360e-3,4.99633e+0,0,0,0,0,0,0,0,0,0,0,0,0,0,0,0,0,0,0,0,0,0,0,8.19113e+1,8.01916e+0,0,0,0,0,0,0,8.41102e-1,0,4.30320e-2,0,0,0,0,0,2.57476e+0,1.32763e+1,3.70173e-2,0,0,0,0,0,1.17446e+2
"Ukraine +","UKR","Ukraine",9.52788e-1,9.07796e-1,1.87751e+0,0,6.34853e+0,1.91071e-1,0,5.15538e-2,6.10799e+1,8.29568e+2,7.12123e+2,0,0,0,0,0,1.30936e+0,1.04554e+1,0,0,0,0,0,0,0,0,0,0,0,0,0,0,0,1.92434e+3,3.09897e+2,1.03192e+1,0,0,0,0,0,1.52934e+1,0,8.82120e-1,0,0,0,0,0,1.71478e+2,1.28009e+2,0,0,0,0,0,0,4.18508e+3
"Asia-Stan","KAZ","Kazakhstan",5.16556e-1,3.16085e-1,3.25221e-1,0,1.93223e+0,1.11160e-1,4.66528e-3,0,4.64495e+0,1.76381e+3,3.47630e+2,0,0,0,0,0,1.34130e-2,3.87740e+0,0,0,0,0,0,0,0,0,0,0,0,0,0,0,0,1.00900e+3,7.44234e+1,3.50516e+1,0,0,0,0,0,1.24767e+1,1.79400e+1,1.01959e+2,0,0,0,0,0,5.69996e+1,4.46279e+1,0,0,0,0,0,0,3.47566e+3
"Asia-Stan","KGZ","Kyrgyzstan",1.89811e-2,0,5.84117e-1,0,7.43008e-1,0,0,0,1.88406e-1,2.50047e+1,2.23110e+0,0,0,0,0,0,0,0,0,0,0,0,0,0,0,0,0,0,0,0,0,0,0,1.81126e+2,8.70981e+0,5.68997e-1,0,0,0,0,0,5.76781e-1,7.29264e-2,4.21512e+0,0,0,0,0,0,3.19186e+0,1.79290e+1,0,0,0,0,0,0,2.45161e+2
"Asia-Stan","TJK","Tajikistan",6.90177e-3,0,0,0,6.65361e-1,0,0,0,0,9.28595e+0,5.12141e+0,0,0,0,0,0,0,0,0,0,0,0,0,0,0,0,0,0,0,0,0,0,0,1.12689e+2,9.19147e+0,2.99453e+0,0,0,0,0,0,1.38373e-1,0,3.52992e-2,0,0,0,0,0,3.40912e+0,1.37251e+1,0,0,0,0,0,0,1.57262e+2
"Asia-Stan","TKM","Turkmenistan",4.53107e-2,2.59391e-1,0,0,6.67783e-1,0,0,0,0,0,5.79379e+2,0,0,0,0,0,1.16242e-3,0,0,0,0,0,0,0,0,0,0,0,0,0,0,0,0,1.07056e+2,1.12927e+1,8.38905e+0,0,0,0,0,0,3.05338e-1,1.73832e-2,1.38533e-1,0,0,0,0,0,4.56487e+0,1.56118e+1,0,0,0,0,0,0,7.27729e+2
"Asia-Stan","UZB","Uzbekistan",2.36391e-1,2.24834e-1,0,0,1.88405e+0,0,0,0,0,9.39889e+0,3.64856e+2,0,0,0,0,0,0,0,0,0,0,0,0,0,0,0,0,0,0,0,0,0,0,4.74180e+2,4.00842e+1,5.47113e+1,0,0,0,0,0,8.74137e-1,1.69190e-2,6.18192e-1,0,0,0,0,0,1.23232e+1,7.46916e+1,0,0,0,0,0,0,1.03410e+3
"Russia +","ARM","Armenia",8.68799e-3,0,5.10123e-3,0,6.00645e-1,0,0,0,3.45993e-1,0,1.09932e+1,0,0,0,0,0,0,0,0,0,0,0,0,0,0,0,0,0,0,0,0,0,0,4.71705e+1,6.54913e+0,0,0,0,0,0,0,1.23890e-1,0,2.99760e-2,0,0,0,0,0,5.48639e+0,4.43565e+0,0,0,0,0,0,0,7.57492e+1
"Russia +","AZE","Azerbaijan",4.68644e-2,3.93184e-2,1.42090e-1,0,9.24634e-1,0,0,0,4.17624e-1,0,1.37653e+2,0,0,0,0,0,1.36920e-2,0,0,0,0,0,0,0,0,0,0,0,0,0,0,0,0,1.63110e+2,2.46114e+1,4.23603e-1,0,0,0,0,0,5.38773e-1,0,3.05616e-2,0,0,0,0,0,1.18019e+1,3.76325e+1,0,0,0,0,0,0,3.77386e+2
"Russia +","GEO","Georgia",2.44359e-2,0,4.06620e-1,0,4.17402e-1,4.64014e-1,0,0,1.56503e+1,1.02174e+1,1.60107e+1,0,0,0,0,0,0,1.49063e+0,0,0,0,0,0,0,0,0,0,0,0,0,0,0,0,9.52641e+1,2.59045e+1,0,0,0,0,0,0,1.91643e-1,0,8.98464e-2,0,0,0,0,0,1.20245e+1,1.48359e+1,0,0,0,0,0,0,1.92992e+2
"Russia +","RUS","Russian Federation",6.01334e+0,1.68885e+0,1.80369e+1,0,3.04916e+1,1.77962e+0,2.70418e+0,2.42305e-1,3.07309e+2,3.79329e+3,7.93220e+3,0,0,0,0,0,4.02742e+0,1.03098e+1,0,0,0,0,0,0,0,0,0,0,0,0,0,0,0,4.71069e+3,6.97469e+2,1.12479e+2,0,0,0,0,0,4.21373e+1,5.53344e+1,2.08906e+2,0,0,0,0,0,7.43543e+2,9.18067e+2,0,0,0,0,0,0,1.95967e+4
"Middle_East","ARE","United Arab Emirates",4.80040e-2,0,5.39260e-2,0,4.37495e-1,0,0,0,1.23433e-2,3.58336e-2,1.25933e+3,0,0,0,0,0,0,0,0,0,0,0,0,0,0,0,0,0,0,0,0,0,0,3.94506e+0,1.91922e-1,0,0,0,0,0,0,1.62117e-5,0,0,0,0,0,0,0,2.49389e+0,2.24079e+0,0,0,0,0,0,0,1.26879e+3
"Middle_East","BHR","Bahrain",4.18436e-2,6.81738e-2,3.88535e-2,0,8.97069e-2,0,0,0,5.23350e-3,4.15360e-3,4.83155e+1,0,0,0,0,0,0,0,0,0,0,0,0,0,0,0,0,0,0,0,0,0,0,3.28597e-1,1.26410e-2,0,0,0,0,0,0,1.43065e-6,0,0,0,0,0,0,0,1.29225e+0,1.18644e+0,0,0,0,0,0,0,5.13834e+1
"Middle_East","IRN","Iran, Islamic Republic of",1.58934e-1,2.00890e-1,8.44730e-1,0,4.87653e+0,0,0,0,8.93723e+0,2.00019e+1,2.46443e+3,0,0,0,0,0,3.54366e-3,0,0,0,0,0,0,0,0,0,0,0,0,0,0,0,0,4.60284e+2,1.89926e+1,1.44086e+2,0,0,0,0,0,0,0,2.80512e-3,0,0,0,0,0,5.43844e+1,1.57548e+2,0,0,0,0,0,0,3.33475e+3
"Middle_East","IRQ","Iraq",1.11787e-2,1.44445e-2,1.54032e-1,0,1.22358e+0,0,0,0,5.77778e-1,8.30720e-1,1.09617e+3,0,0,0,0,0,0,0,0,0,0,0,0,0,0,0,0,0,0,0,0,0,0,1.37728e+2,5.87290e+0,1.82811e+1,0,0,0,0,0,1.49220e+0,0,3.02952e-1,0,0,0,0,0,3.49144e+1,4.72645e+1,0,0,0,0,0,0,1.34484e+3
"Middle_East","ISR","Israel",6.28019e-3,6.02899e-3,1.13044e-1,0,8.48890e-1,1.39002e-3,0,0,2.68374e-1,0,3.10086e+0,0,0,0,0,0,1.14884e-1,0,0,0,0,0,0,0,0,0,0,0,0,0,0,0,0,2.44250e+1,1.64160e+0,0,0,0,0,0,0,1.78696e-1,0,0,0,0,0,0,0,1.71312e+1,1.49536e+1,0,0,0,0,0,0,6.27899e+1
"Middle_East","JOR","Jordan",7.24865e-3,4.77790e-3,8.79228e-3,0,3.10280e-1,0,0,0,2.31516e-1,7.89395e-1,3.12885e-1,0,0,0,0,0,0,0,0,0,0,0,0,0,0,0,0,0,0,0,0,0,0,7.14199e+0,5.49573e-1,0,0,0,0,0,0,9.28869e-2,0,0,0,0,0,0,0,3.25313e+0,6.96928e+0,0,0,0,0,0,0,1.96718e+1
"Middle_East","KWT","Kuwait",5.56196e-2,1.82466e-1,8.68342e-2,0,6.86284e-1,0,0,0,4.01096e-1,2.93920e-2,5.59115e+2,0,0,0,0,0,0,0,0,0,0,0,0,0,0,0,0,0,0,0,0,0,0,1.78794e+0,5.78250e-2,0,0,0,0,0,0,1.79988e-5,0,0,0,0,0,0,0,6.51417e+0,6.59527e+0,0,0,0,0,0,0,5.75512e+2
"Middle_East","LBN","Lebanon",0,7.92069e-3,3.60901e-2,0,6.20305e-1,0,0,0,1.23333e+0,1.34992e+0,7.78938e-1,0,0,0,0,0,0,0,0,0,0,0,0,0,0,0,0,0,0,0,0,0,0,4.24395e+0,2.30476e-1,0,0,0,0,0,0,5.23186e-2,0,0,0,0,0,0,0,5.88107e+0,1.16835e+1,0,0,0,0,0,0,2.61179e+1
"Middle_East","OMN","Oman",1.01739e-2,0,1.38164e-3,0,1.46512e-1,0,0,0,1.45257e-1,6.53312e-2,7.39649e+2,0,0,0,0,0,0,0,0,0,0,0,0,0,0,0,0,0,0,0,0,0,0,7.82302e+0,3.30313e-1,0,0,0,0,0,0,3.17075e-3,0,0,0,0,0,0,0,5.15767e-1,3.35589e+0,0,0,0,0,0,0,7.52046e+2
"Middle_East","QAT","Qatar",4.97366e-2,3.16069e-2,2.40741e-2,1.57005e-3,1.17518e-1,0,0,0,1.56353e-2,6.23040e-3,2.69221e+2,0,0,0,0,0,3.54750e-2,0,0,0,0,0,0,0,0,0,0,0,0,0,0,0,0,1.17427e+0,6.17300e-2,0,0,0,0,0,0,2.20936e-4,0,0,0,0,0,0,0,1.45679e+0,1.77188e+0,0,0,0,0,0,0,2.73967e+2
"Middle_East","SAU","Saudi Arabia",2.37731e-1,4.87678e-1,1.52232e-1,3.49030e-3,1.94507e+0,0,0,0,1.14928e-1,4.26378e-1,3.14416e+3,0,0,0,0,0,2.46330e+0,0,0,0,0,0,0,0,0,0,0,0,0,0,0,0,0,4.78891e+1,2.12091e+0,6.97753e-2,0,0,0,0,0,3.39299e-1,0,0,0,0,0,0,0,2.20409e+1,3.16060e+1,0,0,0,0,0,0,3.25406e+3
"Middle_East","SYR","Syrian Arab Republic",1.19324e-2,1.08770e-2,1.43566e-1,0,8.47014e-1,0,0,0,3.56823e+0,1.03840e-1,4.33398e+1,0,0,0,0,0,0,0,0,0,0,0,0,0,0,0,0,0,0,0,0,0,0,6.35494e+1,2.48347e+0,1.08501e-1,0,0,0,0,0,2.09684e+0,0,4.40712e-2,0,0,0,0,0,9.23385e+0,2.77113e+1,0,0,0,0,0,0,1.53253e+2
"Middle_East","YEM","Yemen",3.01450e-3,6.78259e-3,0,0,3.37511e-1,0,0,0,2.75524e+0,3.73824e+0,8.44776e-1,0,0,0,0,0,0,0,0,0,0,0,0,0,0,0,0,0,0,0,0,0,0,6.94549e+1,3.13962e+0,0,0,0,0,0,0,1.09246e+0,0,0,0,0,0,0,0,1.43531e+0,2.92401e+1,0,0,0,0,0,0,1.12048e+2
"India +","AFG","Afghanistan",1.40484e-3,0,6.53834e-2,0,1.03907e-1,0,1.95711e-3,0,1.02078e+1,6.16356e+0,4.04905e+1,0,0,0,0,0,0,0,0,0,0,0,0,0,0,0,0,0,0,0,0,0,0,2.92547e+2,1.56878e+1,6.97844e+1,0,0,0,0,0,6.96688e-1,0,0,0,0,0,0,0,3.95386e+0,6.19889e+1,0,0,0,0,0,0,5.01693e+2
"India +","BGD","Bangladesh",2.35682e-2,3.45912e-3,8.90532e-2,0,1.67302e-1,4.86506e-3,1.69984e-2,0,1.39504e+2,1.92810e+1,1.41163e+1,0,0,0,0,0,0,0,0,0,0,0,0,0,0,0,0,0,0,0,0,0,0,6.86114e+2,6.75022e+1,2.89897e+3,0,0,0,0,2.44224e-1,9.57945e+0,1.83831e+1,0,0,0,0,0,0,2.75093e+1,3.18782e+2,0,0,0,0,0,0,4.20029e+3
"India +","BTN","Bhutan",4.75650e-6,0,5.49358e-3,0,2.08301e-4,0,5.25700e-6,0,1.15682e+1,3.72306e-1,0,0,0,0,0,0,0,0,0,0,0,0,0,0,0,0,0,0,0,0,0,0,0,9.49070e+0,9.96498e-1,8.63997e+0,0,0,0,0,0,2.17009e-1,0,0,0,0,0,0,0,1.68881e-1,4.62465e+0,0,0,0,0,0,0,3.60839e+1
"India +","IND","India",5.09152e-1,1.31035e-1,5.93726e+0,0,5.41483e+0,6.74206e-1,6.47698e-2,0,1.29028e+3,1.00214e+3,7.33065e+1,0,0,0,0,0,2.78132e-1,2.36341e+0,0,0,0,0,0,0,0,0,0,0,0,0,0,0,0,9.10608e+3,8.07004e+2,4.90061e+3,0,0,0,0,2.55288e+1,1.58831e+2,6.98496e+1,5.11128e-1,0,0,0,0,0,2.89298e+2,2.28869e+3,0,0,4.15800e+1,0,0,0,2.00691e+4
"India +","IOT","British Indian Ocean Territory",0,0,0,0,0,0,0,0,0,0,0,0,0,0,0,0,0,0,0,0,0,0,0,0,0,0,0,0,0,0,0,0,0,0,0,0,0,0,0,0,0,0,0,0,0,0,0,0,0,0,0,0,0,0,0,0,0,0,
"India +","LKA","Sri Lanka",1.13044e-4,1.90918e-3,5.57347e-1,1.71659e-3,3.01753e-1,5.38633e-3,8.79228e-4,0,2.42986e+1,1.03101e-1,3.91963e-1,0,0,0,0,0,0,0,0,0,0,0,0,0,0,0,0,0,0,0,0,0,0,1.14057e+2,9.21091e+0,2.68632e+2,0,0,0,0,1.57243e-1,3.29324e-1,1.65532e+0,0,0,0,0,0,0,1.88078e+1,6.36812e+1,0,0,0,0,0,0,5.02194e+2
"India +","MDV","Maldives",4.32120e-5,0,6.91191e-4,0,5.39382e-4,0,3.83950e-5,0,3.92299e-3,4.31904e-2,0,0,0,0,0,0,0,0,0,0,0,0,0,0,0,0,0,0,0,0,0,0,0,0,0,0,0,0,0,0,0,6.55391e-3,0,0,0,0,0,0,0,1.67225e-1,5.41893e-1,0,0,0,0,0,0,7.64097e-1
"India +","NPL","Nepal",5.14976e-4,0,9.88085e-3,0,3.37284e-2,0,0,0,5.12154e+1,3.62972e+0,0,0,0,0,0,0,0,0,0,0,0,0,0,0,0,0,0,0,0,0,0,0,0,3.06257e+2,2.54676e+1,4.39930e+2,0,0,0,0,7.83168e-1,6.03956e+0,3.49683e-1,0,0,0,0,0,0,8.86734e-1,5.72424e+1,0,0,0,0,0,0,8.91845e+2
"India +","PAK","Pakistan",1.03341e-1,3.88144e-3,2.81436e-1,0,1.02635e+0,1.47689e-2,0,0,9.51743e+1,2.13518e+1,2.10607e+2,0,0,0,0,0,0,0,0,0,0,0,0,0,0,0,0,0,0,0,0,0,0,1.39257e+3,1.01431e+2,8.70317e+2,0,0,0,0,1.24584e+0,5.63024e+0,8.29124e-2,9.33528e-2,0,0,0,0,0,3.95381e+1,2.87018e+2,0,0,0,0,0,0,3.02649e+3
"Korea","KOR","Korea, Republic of",2.09460e-2,6.31938e-2,9.80422e-1,6.34299e-3,8.85725e-1,1.08857e-3,6.53559e-2,1.89536e-1,9.50775e+1,2.46972e+2,6.35211e+0,0,0,0,0,0,2.49153e-1,6.79362e-1,0,0,0,0,0,0,0,0,0,0,0,0,0,0,0,1.06800e+2,4.99832e+0,6.52562e+2,0,0,0,0,0,8.51404e-1,0,1.03630e-1,0,0,0,0,0,2.99598e+1,1.79727e+2,0,0,0,0,0,0,1.32654e+3
"Korea","PRK","Korea, Democratic People's Republic of",1.28350e-1,0,3.96720e+0,0,7.98558e-1,0,0,0,5.75174e+1,3.07497e+2,2.53092e-3,0,0,0,0,0,0,6.11444e-1,0,0,0,0,0,0,0,0,0,0,0,0,0,0,0,5.25659e+1,7.69833e+0,2.40985e+2,0,0,0,0,0,3.14301e+0,0,1.20698e+1,0,0,0,0,0,1.36313e+1,8.15905e+1,1.02636e-1,0,0,0,0,0,7.82309e+2
"China +","CHN","China",1.40069e+0,7.45502e-1,4.72747e+1,0,9.82204e+0,6.85462e-1,0,4.58956e-1,3.16440e+3,5.30002e+3,5.70490e+2,0,0,0,0,0,3.23389e+0,9.60022e+0,0,0,0,0,0,0,0,0,0,0,0,0,0,0,0,4.75798e+3,8.32553e+2,2.19502e+4,0,0,0,0,1.96003e+0,9.50566e+0,4.32363e+0,2.18642e+1,0,0,0,0,0,4.54044e+2,3.80399e+3,2.83843e+0,0,9.00000e+1,0,0,0,4.10374e+4
"China +","HKG","Hong Kong",3.76812e-5,0,1.47124e-1,0,2.08292e-1,0,6.62352e-2,0,2.32577e-1,0,5.81209e-1,0,0,0,0,0,0,0,0,0,0,0,0,0,0,0,0,0,0,0,0,0,0,0,0,0,0,0,0,0,0,0,0,0,0,0,0,0,0,1.89108e+1,2.03330e+1,1.03015e-1,0,0,0,0,0,4.05823e+1
"China +","MAC","Macao",1.31714e-4,0,1.26614e-3,0,6.40553e-3,0,3.62285e-4,0,2.87652e-2,0,0,0,0,0,0,0,0,0,0,0,0,0,0,0,0,0,0,0,0,0,0,0,0,0,0,0,0,0,0,0,0,0,0,0,0,0,0,0,0,1.44243e+0,1.09271e+0,6.91483e-3,0,0,0,0,0,2.57899e+0
"China +","MNG","Mongolia",2.29041e-3,0,8.10069e-3,0,2.16970e-1,0,4.75252e-3,0,7.20014e+0,1.65852e+1,0,0,0,0,0,0,0,0,0,0,0,0,0,0,0,0,0,0,0,0,0,0,0,2.83284e+2,1.24471e+1,0,0,0,0,0,0,7.83623e-2,1.49424e-1,1.25844e+1,0,0,0,0,0,1.12175e+0,6.35172e+0,1.10453e-2,0,0,0,0,0,3.40045e+2
"China +","TWN","Taiwan_Province of China",5.99562e-2,6.00205e-2,1.00148e+0,0,1.61839e+0,1.92446e-2,6.44767e-3,0,3.12269e+0,4.55243e+1,3.08289e+1,0,0,0,0,0,0,5.76792e-1,0,0,0,0,0,0,0,0,0,0,0,0,0,0,0,1.80448e+1,3.64441e+1,0,0,0,0,0,0,0,0,0,0,0,0,0,0,3.45094e+1,8.84321e+1,2.04954e-1,0,0,0,0,0,2.60454e+2
"Southeastern Asia","BRN","Brunei Darussalam",1.63704e-2,8.93043e-2,2.88889e-3,0,7.10790e-2,0,0,0,5.11680e-2,9.85600e-3,1.56317e+2,0,0,0,0,0,0,0,0,0,0,0,0,0,0,0,0,0,0,0,0,0,0,8.83475e-1,1.07189e-1,1.34225e+0,0,0,0,0,0,3.46464e-2,6.23410e+0,0,0,0,0,0,0,7.74888e-1,7.28066e-1,2.63390e-2,0,0,0,0,0,1.66689e+2
"Southeastern Asia","KHM","Cambodia",2.48355e-5,0,2.81168e-2,0,2.35862e-3,0,6.40990e-5,0,4.98406e+1,1.53768e+0,0,0,0,0,0,0,0,0,0,0,0,0,0,0,0,0,0,0,0,0,0,0,0,7.40844e+1,8.08609e+0,2.47005e+2,0,0,0,0,1.52138e+1,7.50056e+0,0,0,0,0,0,0,0,2.51463e+0,3.15746e+1,7.04736e-2,0,0,0,0,0,4.37458e+2
"Southeastern Asia","LAO","Lao People's Democratic Republic",2.74490e-4,0,1.37799e-2,0,1.87890e-2,0,4.72423e-4,0,2.13289e+1,9.57835e-1,0,0,0,0,0,0,0,0,0,0,0,0,0,0,0,0,0,0,0,0,0,0,0,4.88993e+1,6.36385e+0,1.00751e+2,0,0,0,0,2.05274e+1,4.05872e+0,1.01837e+1,0,0,0,0,0,0,8.51184e-1,1.31533e+1,0,0,0,0,0,0,2.27108e+2
"Southeastern Asia","MMR","Myanmar",2.20957e-2,6.19647e-3,9.05187e-2,0,3.49781e-1,0,0,0,6.47666e+1,4.44715e+1,1.45279e+1,0,0,0,0,0,0,0,0,0,0,0,0,0,0,0,0,0,0,0,0,0,0,4.48913e+2,4.59794e+1,1.40664e+3,0,0,0,0,1.45286e+1,4.39274e+1,4.45672e+2,0,0,0,0,0,0,1.73583e+1,1.34306e+2,0,0,0,0,0,0,2.68156e+3
"Southeastern Asia","MYS","Malaysia",1.60717e-3,3.93559e-3,2.91651e-1,0,1.74797e+0,0,0,0,2.40423e+1,2.73099e+1,7.40203e+1,0,0,0,0,0,1.28700e-3,0,0,0,0,0,0,0,0,0,0,0,0,0,0,0,0,3.95000e+1,1.28301e+1,2.80367e+2,0,0,0,0,1.15524e+1,7.99030e+0,5.50113e+1,0,0,0,0,0,0,2.01358e+1,6.63357e+1,3.30517e-1,0,0,0,0,0,6.21472e+2
"Southeastern Asia","PHL","Philippines",7.98824e-2,5.90910e-2,1.63239e+0,4.39613e-4,1.67282e+0,0,7.56136e-2,0,8.39373e+1,6.63623e+1,2.54713e+0,0,0,0,0,0,1.86619e-2,4.72969e-1,0,0,0,0,0,0,0,0,0,0,0,0,0,0,0,2.63969e+2,4.84464e+1,1.30479e+3,0,0,0,0,1.71650e+0,4.97496e+1,2.48370e+0,0,0,0,0,0,0,5.25181e+1,2.07448e+2,0,0,0,0,0,0,2.08798e+3
"Southeastern Asia","SGP","Singapore",1.23990e-4,2.82862e-2,2.42835e-2,0,4.34972e-1,0,0,0,2.30235e-2,3.11520e+0,1.00170e+1,0,0,0,0,0,0,0,0,0,0,0,0,0,0,0,0,0,0,0,0,0,0,1.19252e+0,3.17093e+0,0,0,0,0,0,3.24648e-1,1.00782e-3,0,0,0,0,0,0,0,3.69966e+0,1.09057e+1,2.20057e+0,0,0,0,0,0,3.51380e+1
"Southeastern Asia","THA","Thailand",7.52863e-3,2.59507e-2,1.86649e+0,0,2.30875e+0,0,7.03381e-3,0,1.17394e+2,2.68748e+2,2.07670e+0,0,0,0,0,0,0,0,0,0,0,0,0,0,0,0,0,0,0,0,0,0,0,6.06355e+2,4.03179e+1,2.29995e+3,0,0,0,0,1.80310e+1,4.87559e+1,6.19902e+0,0,0,0,0,0,0,6.17066e+1,1.87243e+2,8.90773e-1,0,0,0,0,0,3.66189e+3
"Southeastern Asia","TLS","Timor-Leste",0,0,2.47032e-3,0,0,0,0,0,1.63942e-1,0,0,0,0,0,0,0,0,0,0,0,0,0,0,0,0,0,0,0,0,0,0,0,0,1.07813e+1,8.68912e-1,4.37690e+0,0,0,0,0,0,2.57274e-1,0,0,0,0,0,0,0,1.14210e-1,2.46739e+0,3.20173e-3,0,0,0,0,0,1.90356e+1
"Southeastern Asia","VNM","Viet Nam",1.96654e-2,0,2.47021e-3,0,4.55466e-1,0,0,0,1.57042e+2,1.05992e+2,1.22382e+1,0,0,0,0,0,0,0,0,0,0,0,0,0,0,0,0,0,0,0,0,0,0,2.10049e+2,4.20113e+1,1.88229e+3,0,0,0,0,7.00608e+0,3.81762e+1,3.00737e-1,0,0,0,0,0,0,2.60263e+1,2.19789e+2,0,0,0,0,0,0,2.70140e+3
"Indonesia +","IDN","Indonesia",1.93435e-2,5.38263e-2,3.17401e-1,5.44284e-3,3.43829e+0,2.17714e-3,2.28599e-2,0,6.72661e+2,6.90275e+1,4.74673e+2,0,0,0,0,0,1.76913e-2,0,0,0,0,0,0,0,0,0,0,0,0,0,0,0,0,6.85320e+2,3.74511e+1,2.65489e+3,0,0,0,0,3.24432e+1,1.02717e+2,1.46445e+2,0,1.45633e+3,0,0,0,0,1.23923e+2,5.74752e+2,1.75549e+0,0,0,0,0,0,7.03626e+3
"Indonesia +","PNG","Papua New Guinea",2.87515e-3,0,1.51516e-2,0,2.53485e-2,0,2.73319e-3,0,1.70321e+1,2.84838e-1,0,0,0,0,0,0,0,0,0,0,0,0,0,0,0,0,0,0,0,0,0,0,0,7.66692e+0,3.47026e+0,2.51672e-1,0,0,0,0,9.43776e+0,2.51147e-1,1.82791e+1,0,0,0,0,0,0,1.25484e+0,1.03769e+1,4.26325e-2,0,0,0,0,0,6.83943e+1
"Japan","JPN","Japan",3.38462e+0,6.99543e-1,9.91100e+0,3.69065e-2,1.36358e+1,2.04506e-1,1.59023e+0,1.09276e-2,3.22239e+1,5.41234e+2,2.93623e+1,0,0,0,0,0,5.73797e+0,1.13462e+1,0,0,0,0,0,0,0,0,0,0,0,0,0,0,0,3.51099e+2,1.73832e+2,2.06165e+3,0,0,0,0,0,4.30026e-1,2.46254e+0,1.05377e+0,0,0,0,0,0,2.61499e+2,3.83396e+2,1.95457e+2,6.81868e-1,0,0,0,0,4.08094e+3
"Oceania","ASM","American Samoa",0,0,0,0,0,0,0,0,3.29694e-5,0,0,0,0,0,0,0,0,0,0,0,0,0,0,0,0,0,0,0,0,0,0,0,0,1.83072e-2,1.20094e-1,0,0,0,0,0,0,1.50212e-5,0,0,0,0,0,0,0,1.43207e-1,3.62224e-2,0,0,0,0,0,0,3.17879e-1
"Oceania","ATF","French Southern Territories",0,0,0,0,0,0,0,0,0,0,0,0,0,0,0,0,0,0,0,0,0,0,0,0,0,0,0,0,0,0,0,0,0,0,0,0,0,0,0,0,0,0,0,0,0,0,0,0,0,0,0,0,0,0,0,0,0,0,
"Oceania","AUS","Australia",8.35968e-1,2.34047e-1,4.31686e+0,2.06200e-2,1.38681e+1,1.07270e-1,2.42080e-1,0,3.76213e+1,5.14376e+2,1.22512e+2,0,0,0,0,0,4.65000e-3,1.09520e+0,0,0,0,0,0,0,0,0,0,0,0,0,0,0,0,3.19507e+3,2.11089e+2,3.61115e+1,0,0,0,0,6.57312e+2,2.40487e+1,7.97300e+1,1.70527e+2,0,0,0,0,0,3.33019e+2,4.20377e+1,3.95480e-3,0,6.00000e-1,0,0,0,5.44478e+3
"Oceania","CCK","Cocos (Keeling) Islands",0,0,0,0,0,0,0,0,0,0,0,0,0,0,0,0,0,0,0,0,0,0,0,0,0,0,0,0,0,0,0,0,0,0,0,0,0,0,0,0,0,0,0,0,0,0,0,0,0,0,0,0,0,0,0,0,0,0,
"Oceania","COK","Cook Islands",0,0,0,0,0,0,0,0,8.59011e-3,0,0,0,0,0,0,0,0,0,0,0,0,0,0,0,0,0,0,0,0,0,0,0,0,2.12089e-1,6.36229e-2,0,0,0,0,0,0,3.91376e-3,0,0,0,0,0,0,0,0,2.56322e-2,0,0,0,0,0,0,3.13848e-1
"Oceania","CXR","Christmas Island",0,0,0,0,0,0,0,0,0,0,0,0,0,0,0,0,0,0,0,0,0,0,0,0,0,0,0,0,0,0,0,0,0,0,0,0,0,0,0,0,0,0,0,0,0,0,0,0,0,0,0,0,0,0,0,0,0,0,
"Oceania","FJI","Fiji",3.19317e-3,0,3.82399e-3,0,3.93911e-2,0,2.57555e-3,0,5.93414e-1,1.52944e-1,0,0,0,0,0,0,0,0,0,0,0,0,0,0,0,0,0,0,0,0,0,0,0,1.27141e+1,2.03200e+0,3.14338e+0,0,0,0,0,0,2.33126e-1,0,0,0,0,0,0,0,1.35786e+0,1.39828e+0,0,0,0,0,0,0,2.16741e+1
"Oceania","FSM","Micronesia, Federated States of",0,0,0,0,0,0,0,0,0,2.42880e-2,0,0,0,0,0,0,0,0,0,0,0,0,0,0,0,0,0,0,0,0,0,0,0,2.52300e-1,9.71383e-3,2.79101e-2,0,0,0,0,0,0,0,0,0,0,0,0,0,1.36622e-1,7.50073e-2,0,0,0,0,0,0,5.25841e-1
"Oceania","GUM","Guam",0,0,0,0,0,0,0,0,2.18683e-3,0,0,0,0,0,0,0,0,0,0,0,0,0,0,0,0,0,0,0,0,0,0,0,0,1.29446e-1,1.03787e-1,0,0,0,0,0,0,9.96348e-4,0,0,0,0,0,0,0,6.40534e-1,7.43925e-1,0,0,0,0,0,0,1.62087e+0
"Oceania","HMD","Heard Island and McDonald Islands",0,0,0,0,0,0,0,0,0,0,0,0,0,0,0,0,0,0,0,0,0,0,0,0,0,0,0,0,0,0,0,0,0,0,0,0,0,0,0,0,0,0,0,0,0,0,0,0,0,0,0,0,0,0,0,0,0,0,
"Oceania","KIR","Kiribati",3.91890e-5,0,2.46336e-4,0,9.63666e-4,0,3.96060e-5,0,1.32375e-2,1.24608e-2,0,0,0,0,0,0,0,0,0,0,0,0,0,0,0,0,0,0,0,0,0,0,0,1.00000e-2,4.11601e-2,0,0,0,0,0,0,5.86211e-3,0,0,0,0,0,0,0,1.22213e-1,1.12957e-1,0,0,0,0,0,0,3.19180e-1
"Oceania","MHL","Marshall Islands",0,0,0,0,0,0,0,0,0,0,0,0,0,0,0,0,0,0,0,0,0,0,0,0,0,0,0,0,0,0,0,0,0,0,0,0,0,0,0,0,0,0,0,0,0,0,0,0,0,1.04791e-1,2.88725e-2,0,0,0,0,0,0,1.33663e-1
"Oceania","MNP","Northern Mariana Islands",0,0,0,0,0,0,0,0,2.93635e-3,0,0,0,0,0,0,0,0,0,0,0,0,0,0,0,0,0,0,0,0,0,0,0,0,0,8.08711e-6,0,0,0,0,0,0,1.33783e-3,0,0,0,0,0,0,0,1.15525e-1,1.74509e-2,0,0,0,0,0,0,1.37258e-1
"Oceania","NCL","New Caledonia",9.50980e-4,0,1.16054e-3,0,3.73987e-2,0,1.34084e-3,0,1.65663e-1,2.59776e-2,0,0,0,0,0,0,0,0,0,0,0,0,0,0,0,0,0,0,0,0,0,0,0,6.57664e+0,6.93030e-1,0,0,0,0,0,0,2.65471e-3,0,0,0,0,0,0,0,7.54882e-1,1.54532e-1,0,0,0,0,0,0,8.41423e+0
"Oceania","NFK","Norfolk Island",0,0,0,0,0,0,0,0,0,0,0,0,0,0,0,0,0,0,0,0,0,0,0,0,0,0,0,0,0,0,0,0,0,0,0,0,0,0,0,0,0,0,0,0,0,0,0,0,0,0,3.98142e-3,0,0,0,0,0,0,3.98142e-3
"Oceania","NIU","Niue",0,0,0,0,0,0,0,0,1.01379e-4,8.44800e-4,0,0,0,0,0,0,0,0,0,0,0,0,0,0,0,0,0,0,0,0,0,0,0,4.71644e-2,1.78950e-2,0,0,0,0,0,0,4.61895e-5,0,0,0,0,0,0,0,3.82948e-3,6.77631e-3,0,0,0,0,0,0,7.66575e-2
"Oceania","NRU","Nauru",0,0,0,0,0,0,0,0,0,0,0,0,0,0,0,0,0,0,0,0,0,0,0,0,0,0,0,0,0,0,0,0,0,1.60000e-3,4.59987e-3,0,0,0,0,0,0,0,0,0,0,0,0,0,0,4.59416e-2,9.53602e-3,0,0,0,0,0,0,6.16775e-2
"Oceania","NZL","New Zealand",1.18142e-1,1.42612e-2,6.18850e-1,3.01450e-3,2.23933e+0,0,5.27537e-3,1.16812e-2,8.79046e+0,1.44266e+1,1.03289e+1,0,0,0,0,0,0,0,0,0,0,0,0,0,0,0,0,0,0,0,0,0,0,1.01305e+3,7.61084e+1,0,0,0,0,0,0,9.10532e-1,0,0,0,0,0,0,0,7.18549e+1,9.23343e+0,0,0,0,0,0,0,1.20771e+3
"Oceania","PCN","Pitcairn",0,0,0,0,0,0,0,0,0,0,0,0,0,0,0,0,0,0,0,0,0,0,0,0,0,0,0,0,0,0,0,0,0,0,0,0,0,0,0,0,0,0,0,0,0,0,0,0,0,0,1.08103e-3,0,0,0,0,0,0,1.08103e-3
"Oceania","PLW","Palau",0,0,0,0,0,0,0,0,0,0,0,0,0,0,0,0,0,0,0,0,0,0,0,0,0,0,0,0,0,0,0,0,0,0,0,0,0,0,0,0,0,0,0,0,0,0,0,0,0,0,3.50384e-2,0,0,0,0,0,0,3.50384e-2
"Oceania","PYF","French Polynesia",4.33176e-4,0,8.05084e-4,0,8.10593e-3,0,3.95423e-4,0,2.17935e-2,0,0,0,0,0,0,0,0,0,0,0,0,0,0,0,0,0,0,0,0,0,0,0,0,4.95923e-1,2.62083e-1,0,0,0,0,0,0,6.02608e-3,0,0,0,0,0,0,0,7.82586e-1,5.45924e-1,0,0,0,0,0,0,2.12408e+0
"Oceania","SLB","Solomon Islands",3.11676e-4,0,1.08275e-3,0,3.85747e-3,0,2.51594e-4,0,3.38890e-1,4.93152e-2,0,0,0,0,0,0,0,0,0,0,0,0,0,0,0,0,0,0,0,0,0,0,0,7.64538e+1,2.20085e+0,4.53540e-1,0,0,0,0,0,1.02628e-2,0,0,0,0,0,0,0,7.01285e-2,2.86230e-1,0,0,0,0,0,0,7.98686e+1
"Oceania","TKL","Tokelau",0,0,0,0,0,0,0,0,3.78951e-4,0,0,0,0,0,0,0,0,0,0,0,0,0,0,0,0,0,0,0,0,0,0,0,0,9.00000e-4,2.75189e-3,0,0,0,0,0,0,1.72654e-4,0,0,0,0,0,0,0,0,1.25999e-2,0,0,0,0,0,0,1.68034e-2
"Oceania","TON","Tonga",0,0,0,0,4.55513e-3,0,0,0,1.09405e-2,1.85856e-2,0,0,0,0,0,0,0,0,0,0,0,0,0,0,0,0,0,0,0,0,0,0,0,5.86835e-1,8.05677e-1,0,0,0,0,0,0,4.98463e-3,0,0,0,0,0,0,0,1.36975e-1,5.72022e-1,0,0,0,0,0,0,2.14057e+0
"Oceania","TUV","Tuvalu",0,0,0,0,0,0,0,0,0,0,0,0,0,0,0,0,0,0,0,0,0,0,0,0,0,0,0,0,0,0,0,0,0,5.50000e-3,1.60861e-2,0,0,0,0,0,0,0,0,0,0,0,0,0,0,4.94228e-3,4.99613e-2,0,0,0,0,0,0,7.64897e-2
"Oceania","VUT","Vanuatu",2.84902e-4,0,6.25905e-4,0,5.34312e-3,0,3.09036e-4,0,1.28621e-1,2.02400e-2,0,0,0,0,0,0,0,0,0,0,0,0,0,0,0,0,0,0,0,0,0,0,0,6.66622e+0,1.08368e+0,0,0,0,0,0,0,2.12206e-2,0,0,0,0,0,0,0,8.92340e-2,5.35497e-1,0,0,0,0,0,0,8.55128e+0
"Oceania","WLF","Wallis and Futuna",0,0,0,0,0,0,0,0,2.26370e-3,0,0,0,0,0,0,0,0,0,0,0,0,0,0,0,0,0,0,0,0,0,0,0,0,4.90497e-2,2.80281e-2,0,0,0,0,0,0,1.03136e-3,0,0,0,0,0,0,0,0,5.50879e-2,0,0,0,0,0,0,1.35461e-1
"Oceania","WSM","Samoa",1.49972e-4,0,7.26120e-4,0,7.18820e-3,0,2.35599e-4,0,2.15175e-1,2.40064e-2,0,0,0,0,0,0,0,0,0,0,0,0,0,0,0,0,0,0,0,0,0,0,0,1.49823e+0,6.46531e-1,0,0,0,0,0,0,2.48531e-3,0,0,0,0,0,0,0,2.09175e-1,8.73184e-1,0,0,0,0,0,0,3.47709e+0
"Antartica","ATA","Antarctica",0,0,0,0,0,0,0,0,0,0,0,0,0,0,0,0,0,0,0,0,0,0,0,0,0,0,0,0,0,0,0,0,0,0,0,0,0,0,0,0,0,0,0,0,0,0,0,0,0,0,0,0,0,0,0,0,0,0,
"Int. Shipping","SEA","Int. Shipping",0,0,0,0,0,0,0,0,0,0,3.03478e+0,0,3.09658e+1,0,0,0,0,0,0,0,0,0,0,0,0,0,0,0,0,0,0,0,0,0,0,0,0,0,0,0,0,0,0,0,0,0,0,0,0,0,0,0,0,0,0,0,0,3.40006e+1
"Int. Aviation","AIR","Int. Aviation",0,0,0,0,0,0,0,0,0,0,0,1.24545e+0,0,0,0,0,0,0,0,0,0,0,0,0,0,0,0,0,0,0,0,0,0,0,0,0,0,0,0,0,0,0,0,0,0,0,0,0,0,0,0,0,0,0,0,0,0,1.24545e+0

"TOTALS",,,4.85510e+1,2.27784e+1,2.71083e+2,1.26849e+0,8.11751e+2,9.22880e+0,9.99916e+0,2.48147e+0,1.06047e+4,2.92486e+4,3.88151e+4,1.24545e+0,3.09658e+1,0,0,0,5.80569e+1,1.07115e+2,0,0,0,0,0,0,0,0,0,0,0,0,0,0,0,7.85520e+4,9.66968e+3,4.78246e+4,0,0,0,0,5.85315e+3,9.43188e+2,6.95070e+3,9.42601e+2,1.45633e+3,0,0,0,0,1.90060e+4,1.73497e+4,2.81507e+2,6.85729e-1,1.47180e+2,0,0,0,02.69020e+5