"Content:","Emissions by country and main source category" 
"Compound:","CH4"
"Year: ","1980"
"Unit:","Gg CH4"
"Source:","European Commission, Joint Research Centre (JRC)/PBL Netherlands Environmental Assessment Agency. Emission Database for Global Atmospheric Research (EDGAR), release version 4.2. http://edgar.jrc.ec.europe.eu, 2010" 
"Dataset:","v4.2_EM_CH4_300911(edgar)"
"Date calculated:","November 30, 1999, 12:00 am"

,,,"Public electricity and heat production","Other Energy Industries","Manufacturing Industries and Construction","Domestic aviation","Road transportation","Rail transportation","Inland navigation","Other transportation","Residential and other sectors","Fugitive emissions from solid fuels","Fugitive emissions from oil and gas","Memo: International aviation","Memo: International navigation","Cement production","Lime production","Production of other minerals","Production of chemicals","Production of metals","Production of pulp/paper/food/drink","Production of halocarbons and SF6","Refrigeration and Air Conditioning","Foam Blowing","Fire Extinguishers","Aerosols","F-gas as Solvent","Semiconductor/Electronics Manufacture","Electrical Equipment","Other F-gas use","Non-energy use of lubricants/waxes (CO2)","Solvent and other product use: paint","Solvent and other product use: degrease","Solvent and other product use: chemicals","Solvent and other product use: other","Enteric fermentation","Manure management","Rice cultivation","Direct soil emissions","Manure in pasture/range/paddock","Indirect N2O from agriculture","Other direct soil emissions","Savanna burning","Agricultural waste burning","Forest fires","Grassland fires","Peat fires and decay of drained peatland","Other vegetation fires","Other biomass burning","Forest Fires-Post burn decay","Forest Land: net carbon stock change","Solid waste disposal on land","Wastewater handling","Waste incineration","Other waste handling","Fossil fuel fires","Indirect N2O from non-agricultural NOx","Indirect N2O from non-agricultural NH3","Other sources",

"World Region","ISO_A3","Country","1A1a","1A1bc","1A2","1A3a","1A3b","1A3c","1A3d","1A3e","1A4","1B1","1B2","1C1","1C2","2A1","2A2","2A7","2B","2C","2D","2E","2F1","2F2","2F3","2F4","2F5","2F7","2F8","2F9","2G","3A","3B","3C","3D","4A","4B","4C","4D1","4D2","4D3","4D4","4E","4F","5A","5C","5D","5F","5F1","5F2","5FL","6A","6B","6C","6D","7A","7B","7C","7D","TOTAL" 
"Canada","CAN","Canada",9.04898e-1,1.03782e+0,1.00595e+1,7.37504e-2,2.38396e+1,3.76695e-1,5.47759e-1,7.18036e-2,4.50552e+1,7.51887e+1,1.06933e+3,0,0,0,0,0,1.62692e+0,8.33975e-1,0,0,0,0,0,0,0,0,0,0,0,0,0,0,0,6.84070e+2,2.36364e+2,0,0,0,0,0,0,6.05896e+0,3.55430e+2,2.97264e+2,0,0,0,0,0,7.84478e+2,1.61268e+2,5.94148e+0,0,0,0,0,0,3.75983e+3
"USA","SPM","Saint Pierre and Miquelon",0,0,0,0,0,0,0,0,0,0,0,0,0,0,0,0,0,0,0,0,0,0,0,0,0,0,0,0,0,0,0,0,0,4.28630e-4,3.41244e-5,0,0,0,0,0,0,0,0,0,0,0,0,0,0,3.42585e-2,1.02519e-2,7.43632e-4,0,0,0,0,0,4.57168e-2
"USA","UMI","United States Minor Outlying Islands",0,0,0,0,0,0,0,0,0,0,0,0,0,0,0,0,0,0,0,0,0,0,0,0,0,0,0,0,0,0,0,0,0,0,0,0,0,0,0,0,0,0,0,0,0,0,0,0,0,0,0,0,0,0,0,0,0,0,
"USA","USA","United States",1.44809e+1,7.05448e+0,7.32144e+1,1.03110e+0,2.31955e+2,2.46589e+0,3.48174e-1,6.17553e-1,5.35563e+2,3.85825e+3,6.69773e+3,0,0,0,0,0,1.80938e+1,2.72917e+0,0,0,0,0,0,0,0,0,0,0,0,0,0,0,0,6.47647e+3,1.99076e+3,5.58302e+2,0,0,0,0,4.28448e-1,4.68536e+1,3.94085e+1,1.37834e+1,0,0,0,0,0,7.69578e+3,6.50876e+2,0,0,1.50000e+1,0,0,0,2.89312e+4
"Mexico","MEX","Mexico",3.27423e-1,7.67220e-1,3.79843e+0,0,1.44971e+1,0,0,9.94407e-1,6.92565e+1,4.90344e+1,1.29969e+3,0,0,0,0,0,9.28307e-1,8.69498e-1,0,0,0,0,0,0,0,0,0,0,0,0,0,0,0,1.93690e+3,1.38458e+2,2.25932e+1,0,0,0,0,2.77440e+1,2.47178e+1,7.09936e+1,1.55808e-1,0,0,0,0,0,1.71455e+2,3.54221e+2,0,0,0,0,0,0,4.18740e+3
"Rest Central America","ABW","Aruba",2.23257e-3,0,8.80199e-3,1.75800e-6,1.45820e-2,0,0,0,1.53168e-2,9.21400e-3,2.93050e-4,0,0,0,0,0,0,0,0,0,0,0,0,0,0,0,0,0,0,0,0,0,0,3.39370e-2,4.18740e-3,0,0,0,0,0,0,0,0,0,0,0,0,0,0,2.17376e-1,2.97655e-1,0,0,0,0,0,0,6.03598e-1
"Rest Central America","AIA","Anguilla",2.13750e-4,0,9.32040e-4,0,0,0,0,0,7.60000e-5,2.11208e-1,0,0,0,0,0,0,0,0,0,0,0,0,0,0,0,0,0,0,0,0,0,0,0,0,0,0,0,0,0,0,0,0,0,0,0,0,0,0,0,4.93936e-3,2.52161e-2,0,0,0,0,0,0,2.42585e-1
"Rest Central America","ANT","Netherlands Antilles",0,9.68664e-2,4.27053e-2,1.15137e-3,2.59599e-1,0,0,0,3.83092e-2,2.04680e-2,7.51388e+0,0,0,0,0,0,0,0,0,0,0,0,0,0,0,0,0,0,0,0,0,0,0,2.89359e-1,1.53050e-2,0,0,0,0,0,0,0,0,0,0,0,0,0,0,1.14505e+0,7.55311e-1,0,0,0,0,0,0,1.01780e+1
"Rest Central America","ATG","Antigua and Barbuda",4.16338e-3,0,8.44751e-3,4.26550e-6,8.10261e-3,0,7.34790e-5,0,1.31922e-2,0,9.76887e-2,0,0,0,0,0,0,0,0,0,0,0,0,0,0,0,0,0,0,0,0,0,0,1.02693e+0,2.26104e-2,0,0,0,0,0,0,1.01004e-3,0,0,0,0,0,0,0,1.63441e-1,2.92774e-1,0,0,0,0,0,0,1.63844e+0
"Rest Central America","BHS","Bahamas",1.90967e-2,0,2.89565e-2,4.08718e-4,7.72684e-2,0,6.99699e-4,0,1.82941e-1,2.42760e-2,1.00068e+0,0,0,0,0,0,0,0,0,0,0,0,0,0,0,0,0,0,0,0,0,0,0,1.92689e-1,2.15108e-2,0,0,0,0,0,0,1.14875e-2,0,0,0,0,0,0,0,2.88951e+0,9.14733e-1,0,0,0,0,0,0,5.36426e+0
"Rest Central America","BLZ","Belize",5.94119e-3,0,1.90824e-2,1.55400e-6,1.17867e-2,0,1.09319e-4,0,7.73444e-1,4.38260e-2,5.59192e-2,0,0,0,0,0,0,0,0,0,0,0,0,0,0,0,0,0,0,0,0,0,0,2.78934e+0,8.78630e-2,5.83509e-1,0,0,0,0,8.20728e-1,3.24033e-1,0,0,0,0,0,0,0,4.43955e-1,8.05824e-1,0,0,0,0,0,0,6.76537e+0
"Rest Central America","BMU","Bermuda",5.94516e-3,0,7.61132e-3,5.65684e-5,8.59777e-3,0,7.31710e-5,0,2.37546e-2,0,1.32235e-1,0,0,0,0,0,0,0,0,0,0,0,0,0,0,0,0,0,0,0,0,0,0,7.63142e-2,3.95840e-3,0,0,0,0,0,0,4.95231e-5,0,0,0,0,0,0,0,5.69349e-1,2.54465e-1,0,0,0,0,0,0,1.08241e+0
"Rest Central America","BRB","Barbados",9.96149e-3,0,3.33269e-2,1.34310e-5,1.78429e-2,0,1.64598e-4,0,2.41734e-2,2.65880e-2,5.29515e-1,0,0,0,0,0,0,0,0,0,0,0,0,0,0,0,0,0,0,0,0,0,0,1.40730e+0,9.01400e-2,0,0,0,0,0,0,3.55926e-1,0,0,0,0,0,0,0,1.06131e+0,1.45557e+0,0,0,0,0,0,0,5.01183e+0
"Rest Central America","CRI","Costa Rica",5.21934e-3,2.89167e-3,2.00339e-1,0,1.33064e-1,0,0,3.75555e-2,5.31201e+0,1.20360e+0,1.37341e-1,0,0,0,0,0,0,0,0,0,0,0,0,0,0,0,0,0,0,0,0,0,0,1.33988e+2,3.00273e+0,1.06739e+1,0,0,0,0,1.50425e+0,9.97481e-1,0,0,0,0,0,0,0,2.79130e+0,1.09192e+1,0,0,0,0,0,0,1.70909e+2
"Rest Central America","CUB","Cuba",1.00927e+0,8.73343e-3,3.61776e+0,0,9.95477e-1,0,1.16351e-1,5.51403e-2,3.46611e+1,6.61980e+0,2.77519e+0,0,0,0,0,0,0,0,0,0,0,0,0,0,0,0,0,0,0,0,0,0,0,3.05038e+2,9.53688e+0,7.08756e+1,0,0,0,0,1.09111e+1,1.93041e+1,2.38850e+0,0,0,0,0,0,0,3.64439e+1,6.04121e+1,0,0,0,0,0,0,5.64769e+2
"Rest Central America","CYM","Cayman Islands",1.42115e-3,0,2.33889e-3,9.66999e-7,2.26865e-3,0,1.97470e-5,0,4.71570e-3,0,2.44154e-2,0,0,0,0,0,0,0,0,0,0,0,0,0,0,0,0,0,0,0,0,0,0,2.84249e-1,1.19844e-2,0,0,0,0,0,0,4.62819e-6,0,0,0,0,0,0,0,3.88401e-1,7.77766e-2,0,0,0,0,0,0,7.97596e-1
"Rest Central America","DMA","Dominica",2.39169e-3,0,9.84413e-3,7.01999e-7,1.31935e-3,0,1.45180e-5,0,2.11183e-3,3.09060e-2,6.60542e-3,0,0,0,0,0,0,0,0,0,0,0,0,0,0,0,0,0,0,0,0,0,0,4.92453e-1,1.74970e-2,0,0,0,0,0,0,2.17425e-3,0,0,0,0,0,0,0,2.62017e-1,4.05975e-1,0,0,0,0,0,0,1.23331e+0
"Rest Central America","DOM","Dominican Republic",7.73042e-2,0,6.80605e-1,0,4.19318e-1,0,0,1.50725e-3,1.09452e+1,1.86558e+1,4.23760e-1,0,0,0,0,0,0,0,0,0,0,0,0,0,0,0,0,0,0,0,0,0,0,1.20355e+2,3.27530e+0,5.16350e+1,0,0,0,0,1.37210e+0,3.04981e+0,1.08752e+0,0,0,0,0,0,0,1.54552e+1,2.93972e+1,2.42584e-1,0,0,0,0,0,2.57073e+2
"Rest Central America","GLP","Guadeloupe",1.11765e-2,0,4.33718e-2,5.54055e-5,1.56867e-2,0,1.15234e-4,0,5.21182e-1,9.66960e-2,1.21653e-1,0,0,0,0,0,0,0,0,0,0,0,0,0,0,0,0,0,0,0,0,0,0,5.01471e+0,1.47490e-1,0,0,0,0,0,0,3.00521e-1,0,0,0,0,0,0,0,1.99890e+0,1.87711e+0,0,0,0,0,0,0,1.01487e+1
"Rest Central America","GRD","Grenada",3.03870e-3,0,1.19179e-2,3.62050e-6,1.39357e-3,0,1.49590e-5,0,3.28881e-3,1.00232e-1,1.15672e-2,0,0,0,0,0,0,0,0,0,0,0,0,0,0,0,0,0,0,0,0,0,0,5.01022e-1,1.49263e-2,0,0,0,0,0,0,4.63801e-3,0,0,0,0,0,0,0,1.74018e-1,4.49127e-1,0,0,0,0,0,0,1.27519e+0
"Rest Central America","GTM","Guatemala",5.43153e-2,2.47749e-3,3.07353e-1,0,2.96033e-1,0,0,0,2.58953e+1,2.10630e+0,6.50176e-1,0,0,0,0,0,0,0,0,0,0,0,0,0,0,0,0,0,0,0,0,0,0,1.11884e+2,3.21155e+0,2.24153e+0,0,0,0,0,6.37704e+0,2.46185e+0,7.72820e+0,0,0,0,0,0,0,6.64477e+0,2.94121e+1,0,0,0,0,0,0,1.99273e+2
"Rest Central America","HND","Honduras",4.64734e-3,2.13527e-3,3.10158e-1,0,1.01451e-1,0,0,0,1.26521e+1,7.02100e-1,1.32234e-1,0,0,0,0,0,0,0,0,0,0,0,0,0,0,0,0,0,0,0,0,0,0,1.05269e+2,2.99754e+0,3.50461e+0,0,0,0,0,8.46984e+0,1.26008e+0,8.05256e+0,0,0,0,0,0,0,2.15220e+0,1.51370e+1,0,0,0,0,0,0,1.60748e+2
"Rest Central America","HTI","Haiti",4.27054e-3,1.25604e-4,1.90416e-1,0,4.08130e-2,0,0,6.28020e-3,1.59847e+1,3.47038e+1,0,0,0,0,0,0,0,0,0,0,0,0,0,0,0,0,0,0,0,0,0,0,0,7.32131e+1,3.73728e+0,8.89495e+0,0,0,0,0,0,1.48646e+0,0,0,0,0,0,0,0,7.00222e+0,2.55699e+1,0,0,0,0,0,0,1.70834e+2
"Rest Central America","JAM","Jamaica",2.03893e-1,7.11756e-4,1.51729e-1,4.18681e-5,1.64514e-1,0,0,0,1.53530e+0,1.80540e+0,1.65216e-1,0,0,0,0,0,0,0,0,0,0,0,0,0,0,0,0,0,0,0,0,0,0,1.93867e+1,7.03096e-1,1.62244e-1,0,0,0,0,0,8.61511e-1,0,0,0,0,0,0,0,6.27505e+0,1.01475e+1,0,0,0,0,0,0,4.15629e+1
"Rest Central America","KNA","Saint Kitts and Nevis",1.75160e-3,0,5.72978e-3,1.19170e-5,1.77183e-3,0,1.26000e-5,0,1.58853e-1,0,1.24486e-2,0,0,0,0,0,0,0,0,0,0,0,0,0,0,0,0,0,0,0,0,0,0,4.00525e-1,9.99270e-3,0,0,0,0,0,0,1.04058e-1,0,0,0,0,0,0,0,3.16810e-1,2.96060e-1,0,0,0,0,0,0,1.30803e+0
"Rest Central America","LCA","Saint Lucia",4.56029e-3,0,1.56722e-2,1.41450e-6,5.95151e-3,0,4.30290e-5,0,1.83392e-2,3.00900e-2,2.78375e-2,0,0,0,0,0,0,0,0,0,0,0,0,0,0,0,0,0,0,0,0,0,0,7.23113e-1,2.60157e-2,0,0,0,0,0,0,7.43819e-3,0,0,0,0,0,0,0,1.10867e-1,5.43071e-1,0,0,0,0,0,0,1.51300e+0
"Rest Central America","MSR","Montserrat",4.87340e-4,0,1.58191e-3,9.42000e-7,1.09268e-3,0,7.97300e-6,0,1.03492e-3,0,4.16197e-3,0,0,0,0,0,0,0,0,0,0,0,0,0,0,0,0,0,0,0,0,0,0,5.49120e-1,1.21550e-2,0,0,0,0,0,0,4.78046e-5,0,0,0,0,0,0,0,9.53546e-3,5.57446e-2,0,0,0,0,0,0,6.34971e-1
"Rest Central America","MTQ","Martinique",1.36481e-2,0,4.33588e-2,5.34574e-5,1.64905e-2,0,1.19077e-4,0,6.00304e-2,1.14444e-1,1.59423e-1,0,0,0,0,0,0,0,0,0,0,0,0,0,0,0,0,0,0,0,0,0,0,3.06259e+0,1.07255e-1,0,0,0,0,0,0,8.35309e-2,0,0,0,0,0,0,0,3.10892e+0,1.73932e+0,0,0,0,0,0,0,8.50919e+0
"Rest Central America","NIC","Nicaragua",1.77545e-2,8.35643e-4,2.32719e-1,2.09339e-4,1.40475e-1,0,2.34461e-3,0,7.99305e+0,1.80540e+0,1.50068e-1,0,0,0,0,0,0,0,0,0,0,0,0,0,0,0,0,0,0,0,0,0,0,1.33276e+2,3.85042e+0,5.79950e+0,0,0,0,0,8.62056e+0,9.46403e-1,0,0,0,0,0,0,0,1.29720e+1,1.39569e+1,0,0,0,0,0,0,1.89764e+2
"Rest Central America","PAN","Panama",1.81881e-2,6.25453e-3,1.62030e-1,0,3.11627e-1,0,0,1.30628e-2,5.09886e+0,1.00300e-1,5.29425e-1,0,0,0,0,0,0,0,0,0,0,0,0,0,0,0,0,0,0,0,0,0,0,8.58583e+1,1.93028e+0,1.64556e+1,0,0,0,0,1.48534e+0,9.48569e-1,0,0,0,0,0,0,0,4.73090e+0,8.61676e+0,0,0,0,0,0,0,1.26266e+2
"Rest Central America","PRI","Puerto Rico",0,0,0,0,0,0,0,0,0,0,0,0,0,0,0,0,0,0,0,0,0,0,0,0,0,0,0,0,0,0,0,0,0,2.96258e+1,8.75605e-1,1.17414e-1,0,0,0,0,0,6.09550e-1,1.81608e-1,0,0,0,0,0,0,1.97169e+1,1.47929e+1,0,0,0,0,0,0,6.59198e+1
"Rest Central America","SLV","El Salvador",1.23400e-2,1.72564e-3,1.86898e-1,0,1.61578e-1,0,0,0,1.78111e+1,2.00600e-1,1.75960e-1,0,0,0,0,0,0,0,0,0,0,0,0,0,0,0,0,0,0,0,0,0,0,6.67942e+1,2.29169e+0,2.98870e+0,0,0,0,0,1.56293e-1,1.28187e+0,0,0,0,0,0,0,0,9.33231e+0,1.98234e+1,0,0,0,0,0,0,1.21219e+2
"Rest Central America","TCA","Turks and Caicos Islands",2.28240e-4,0,9.95160e-4,0,0,0,0,0,8.10000e-5,2.72000e-3,0,0,0,0,0,0,0,0,0,0,0,0,0,0,0,0,0,0,0,0,0,0,0,0,0,0,0,0,0,0,0,0,0,0,0,0,0,0,0,3.47245e-2,3.14673e-2,0,0,0,0,0,0,7.02162e-2
"Rest Central America","TTO","Trinidad and Tobago",9.41154e-2,1.28317e-1,8.12238e-3,0,4.23062e-1,0,0,0,9.17526e-1,1.26378e-1,8.93443e+1,0,0,0,0,0,0,0,0,0,0,0,0,0,0,0,0,0,0,0,0,0,0,5.18645e+0,2.13870e-1,5.05233e-1,0,0,0,0,0,5.12077e-1,0,0,0,0,0,0,0,6.25447e+0,9.57725e+0,0,0,0,0,0,0,1.13291e+2
"Rest Central America","VCT","Saint Vincent and the Grenadines",3.39860e-3,0,1.33035e-2,3.28000e-7,1.51693e-3,0,1.08220e-5,0,2.40613e-2,2.58740e-2,9.43275e-3,0,0,0,0,0,0,0,0,0,0,0,0,0,0,0,0,0,0,0,0,0,0,5.26517e-1,1.73570e-2,0,0,0,0,0,0,1.39219e-2,0,0,0,0,0,0,0,1.59074e-1,4.18008e-1,0,0,0,0,0,0,1.21248e+0
"Rest Central America","VGB","Virgin Islands_British",5.29195e-4,0,1.46613e-3,1.09500e-6,1.27851e-3,0,9.26100e-6,0,1.25225e-3,1.80200e-3,5.54479e-3,0,0,0,0,0,0,0,0,0,0,0,0,0,0,0,0,0,0,0,0,0,0,4.87800e-1,3.36517e-2,0,0,0,0,0,0,0,0,0,0,0,0,0,0,7.00033e-2,5.10787e-2,0,0,0,0,0,0,6.54417e-1
"Rest Central America","VIR","Virgin Islands_USA",0,0,0,0,0,0,0,0,0,0,0,0,0,0,0,0,0,0,0,0,0,0,0,0,0,0,0,0,0,0,0,0,0,7.14600e-2,1.55710e-2,0,0,0,0,0,0,8.40534e-2,0,0,0,0,0,0,0,6.85357e-1,4.38254e-1,0,0,0,0,0,0,1.29470e+0
"Brazil","BRA","Brazil",5.23613e-1,2.72542e+0,1.57297e+1,3.63413e-2,1.43661e+1,1.07598e-1,4.82110e-1,0,2.40794e+2,7.03807e+2,8.80842e+1,0,0,0,0,0,1.33708e+0,3.08889e+0,0,0,0,0,0,0,0,0,0,0,0,0,0,0,0,6.99173e+3,1.92228e+2,6.39188e+2,0,0,0,0,5.72544e+2,9.57836e+1,2.15773e+3,1.30049e+0,0,0,0,0,0,3.14279e+2,1.07709e+3,4.60715e+0,0,0,0,0,0,1.31176e+4
"Rest South America","ARG","Argentina",3.86336e-1,2.84534e-1,2.27117e+0,1.76055e-2,6.34630e+0,0,2.69630e-2,0,5.18246e+0,3.94610e+1,3.67503e+2,0,0,0,0,0,2.30090e-1,2.13770e-1,0,0,0,0,0,0,0,0,0,0,0,0,0,0,0,3.59687e+3,6.94292e+1,1.46233e+1,0,0,0,0,1.54306e+1,2.13732e+1,4.73999e+1,1.02096e+2,0,0,0,0,0,9.60179e+1,1.73943e+2,0,0,0,0,0,0,4.55911e+3
"Rest South America","BOL","Bolivia",4.11227e-2,2.66699e-2,2.06451e-1,2.21901e-3,3.83253e-1,2.08503e-3,0,0,1.02666e+1,1.90570e+0,8.76794e+1,0,0,0,0,0,0,0,0,0,0,0,0,0,0,0,0,0,0,0,0,0,0,3.28593e+2,8.98725e+0,1.17592e+1,0,0,0,0,1.66466e+2,1.61042e+0,3.61087e+2,0,0,0,0,0,0,7.04145e+0,2.50505e+1,0,0,0,0,0,0,1.01111e+3
"Rest South America","BVT","Bouvet Island",0,0,0,0,0,0,0,0,0,0,0,0,0,0,0,0,0,0,0,0,0,0,0,0,0,0,0,0,0,0,0,0,0,0,0,0,0,0,0,0,0,0,0,0,0,0,0,0,0,0,0,0,0,0,0,0,0,0,
"Rest South America","CHL","Chile",7.44706e-2,8.71098e-2,9.66071e-1,0,1.12171e+0,7.14059e-3,3.25315e-2,0,1.58935e+1,3.78222e+1,1.03167e+2,0,0,0,0,0,0,3.43767e-2,0,0,0,0,0,0,0,0,0,0,0,0,0,0,0,2.98790e+2,6.13930e+0,7.25828e+0,0,0,0,0,0,1.47979e+0,2.44877e+0,5.55336e+0,0,0,0,0,0,2.21247e+1,9.96988e+1,0,0,0,0,0,0,6.02699e+2
"Rest South America","COL","Colombia",1.63638e-1,9.52330e-2,1.49378e+0,0,3.56664e+0,4.24123e-3,9.67148e-3,0,5.15595e+1,2.74395e+1,1.41969e+2,0,0,0,0,0,5.69352e-2,2.40100e-2,0,0,0,0,0,0,0,0,0,0,0,0,0,0,0,1.41899e+3,3.38454e+1,1.41208e+2,0,0,0,0,2.75424e+1,1.03612e+1,1.25215e+2,0,0,0,0,0,0,3.69396e+1,1.32387e+2,0,0,0,0,0,0,2.15287e+3
"Rest South America","ECU","Ecuador",3.46206e-2,3.43023e-2,3.03740e-1,1.04670e-4,1.00479e+0,8.68761e-4,6.41836e-2,0,1.39438e+1,1.21395e+1,4.80225e+1,0,0,0,0,0,4.69800e-5,0,0,0,0,0,0,0,0,0,0,0,0,0,0,0,0,1.89313e+2,8.47312e+0,4.99249e+1,0,0,0,0,1.41175e+0,2.59099e+0,1.28751e+0,0,0,0,0,0,0,7.73733e+0,3.58435e+1,0,0,0,0,0,0,3.72131e+2
"Rest South America","FLK","Falkland Islands (Malvinas)",2.56887e-4,0,2.51706e-4,1.25450e-6,1.85573e-4,0,1.17600e-6,0,5.98654e-4,7.03800e-3,2.76101e-3,0,0,0,0,0,0,0,0,0,0,0,0,0,0,0,0,0,0,0,0,0,0,3.91500e+0,7.71069e-2,0,0,0,0,0,0,0,0,0,0,0,0,0,0,8.41002e-3,8.70531e-3,3.00198e-5,0,0,0,0,0,4.02034e+0
"Rest South America","GUF","French Guiana",3.21708e-3,0,9.13970e-3,4.24240e-5,5.53845e-3,0,3.97180e-5,0,1.04282e-1,1.03394e-1,9.03966e-2,0,0,0,0,0,0,0,0,0,0,0,0,0,0,0,0,0,0,0,0,0,0,3.22596e-1,1.93781e-2,8.00546e-2,0,0,0,0,0,4.46531e-3,8.14232e-1,0,0,0,0,0,0,3.96570e-1,3.30072e-1,1.51516e-3,0,0,0,0,0,2.28493e+0
"Rest South America","GUY","Guyana",3.62077e-2,0,1.01265e-1,7.64285e-5,3.33699e-2,0,2.33352e-4,0,3.04408e+0,1.83600e-3,3.38988e-1,0,0,0,0,0,0,0,0,0,0,0,0,0,0,0,0,0,0,0,0,0,0,8.71279e+0,5.54676e-1,3.74129e+1,0,0,0,0,3.70752e+0,1.36931e+0,2.11507e+1,0,0,0,0,0,0,1.03078e+0,3.96740e+0,3.61833e-3,0,0,0,0,0,8.14657e+1
"Rest South America","PER","Peru",7.69140e-2,8.27464e-2,7.11044e-1,2.09339e-4,1.23597e+0,0,6.62352e-2,0,3.57965e+1,1.84829e+1,5.98503e+1,0,0,0,0,0,3.29160e-4,1.80872e-1,0,0,0,0,0,0,0,0,0,0,0,0,0,0,0,2.98412e+2,9.70062e+0,4.34459e+1,0,0,0,0,1.08074e+0,2.94515e+0,4.58932e+1,0,0,0,0,0,0,2.68574e+1,8.21775e+1,0,0,0,0,0,0,6.26996e+2
"Rest South America","PRY","Paraguay",4.68504e-2,1.75846e-3,7.06397e-1,0,1.56206e-1,1.88406e-2,8.79228e-4,0,1.33283e+1,8.12430e+0,7.40383e-2,0,0,0,0,0,0,0,0,0,0,0,0,0,0,0,0,0,0,0,0,0,0,3.43992e+2,7.72405e+0,4.26957e+0,0,0,0,0,8.39352e+1,1.45204e+0,9.14537e+1,9.71688e+0,0,0,0,0,0,6.61507e+0,1.41390e+1,0,0,0,0,0,0,5.85755e+2
"Rest South America","SGS","South Georgia and the South Sandwich Islands",0,0,0,0,0,0,0,0,0,0,0,0,0,0,0,0,0,0,0,0,0,0,0,0,0,0,0,0,0,0,0,0,0,0,0,0,0,0,0,0,0,0,0,0,0,0,0,0,0,0,0,0,0,0,0,0,0,0,
"Rest South America","SUR","Suriname",2.29741e-2,0,4.78521e-2,4.00584e-5,4.05222e-2,0,2.89737e-4,0,2.85012e-1,7.33108e-1,9.49809e-1,0,0,0,0,0,0,0,0,0,0,0,0,0,0,0,0,0,0,0,0,0,0,2.49801e+0,1.78797e-1,2.99668e+1,0,0,0,0,0,2.31514e-1,1.63248e+1,0,0,0,0,0,0,1.09559e+0,2.09052e+0,3.91210e-3,0,0,0,0,0,5.44695e+1
"Rest South America","URY","Uruguay",8.08118e-3,3.13562e-3,1.98580e-1,7.53624e-4,2.75502e-1,0,0,4.52175e-3,4.43217e+0,1.07836e-1,4.91327e-1,0,0,0,0,0,0,6.67286e-4,0,0,0,0,0,0,0,0,0,0,0,0,0,0,0,8.08309e+2,1.54089e+1,3.07361e+1,0,0,0,0,0,9.34079e-1,0,0,0,0,0,0,0,1.31820e+1,1.51395e+1,0,0,0,0,0,0,8.89232e+2
"Rest South America","VEN","Venezuela",4.51707e-1,5.34134e-1,7.72507e-1,0,8.00391e+0,4.06580e-2,0,5.02416e-4,6.05507e+0,1.04071e+0,6.88749e+2,0,0,0,0,0,2.73594e-1,2.38965e-1,0,0,0,0,0,0,0,0,0,0,0,0,0,0,0,6.46085e+2,1.86463e+1,3.57577e+1,0,0,0,0,4.17672e+1,2.69925e+0,8.78764e+1,0,0,0,0,0,0,5.27114e+1,8.89901e+1,0,0,0,0,0,0,1.68069e+3
"Northern_Africa","DZA","Algeria",2.41051e-1,4.39713e-1,1.07266e-1,0,1.38964e+0,1.16414e-2,8.49921e-3,0,1.61243e+1,2.59827e+1,9.45224e+2,0,0,0,0,0,1.07250e-1,9.90500e-2,0,0,0,0,0,0,0,0,0,0,0,0,0,0,0,1.50274e+2,5.75027e+0,7.62118e-2,0,0,0,0,0,1.04855e-1,0,0,0,0,0,0,0,2.74327e+1,6.68864e+1,0,0,0,0,0,0,1.24026e+3
"Northern_Africa","EGY","Egypt",8.15197e-2,3.57315e-2,1.03481e+0,6.21738e-3,1.35843e+0,0,1.78776e-2,2.66281e-2,4.20516e+1,8.64792e+1,2.03221e+2,0,0,0,0,0,2.44200e-3,1.45585e-1,0,0,0,0,0,0,0,0,0,0,0,0,0,0,0,2.38992e+2,7.17881e+0,1.91032e+2,0,0,0,0,0,2.52403e-1,0,0,0,0,0,0,0,5.72138e+1,1.61514e+2,0,0,0,0,0,0,9.90644e+2
"Northern_Africa","ESH","Western Sahara",9.09177e-4,8.87957e-5,3.20652e-4,1.94125e-5,6.94482e-3,3.19550e-6,1.07870e-5,0,8.92984e-3,0,4.53849e-3,0,0,0,0,0,0,0,0,0,0,0,0,0,0,0,0,0,0,0,0,0,0,8.32988e+0,2.42617e-1,0,0,0,0,0,0,5.75640e-5,0,0,0,0,0,0,0,9.35683e-2,7.04471e-1,0,0,0,0,0,0,9.39236e+0
"Northern_Africa","LBY","Libyan Arab Jamahiriya",6.62871e-2,1.95132e-1,5.78616e-2,4.18681e-5,1.29131e+0,0,0,0,1.99949e+0,2.44049e+0,7.58876e+2,0,0,0,0,0,6.45150e-1,0,0,0,0,0,0,0,0,0,0,0,0,0,0,0,0,4.94212e+1,1.70212e+0,0,0,0,0,0,0,1.28643e-2,0,0,0,0,0,0,0,9.28043e+0,1.41338e+1,0,0,0,0,0,0,8.40122e+2
"Northern_Africa","MAR","Morocco",1.25868e-2,4.06120e-3,1.88950e-1,0,4.56427e-1,2.95379e-3,1.23092e-2,0,2.23136e+1,1.77477e+1,8.43060e+0,0,0,0,0,0,0,0,0,0,0,0,0,0,0,0,0,0,0,0,0,0,0,2.63246e+2,8.79836e+0,1.07059e+0,0,0,0,0,0,1.80385e-1,0,0,0,0,0,0,0,2.16203e+1,7.96039e+1,0,0,0,0,0,0,4.23689e+2
"Northern_Africa","TUN","Tunisia",4.44277e-2,2.78440e-3,7.54880e-2,0,2.08062e-1,4.86505e-3,1.08438e-2,0,5.68613e+0,8.42520e+0,2.90637e+1,0,0,0,0,0,0,1.37900e-2,0,0,0,0,0,0,0,0,0,0,0,0,0,0,0,6.34422e+1,2.64458e+0,0,0,0,0,0,0,5.31762e-2,0,0,0,0,0,0,0,1.09104e+1,2.49952e+1,0,0,0,0,0,0,1.45581e+2
"Western_Africa","BEN","Benin",5.02416e-4,0,1.13044e-3,0,7.12033e-2,0,0,0,1.78214e+1,1.13339e+1,0,0,0,0,0,0,0,0,0,0,0,0,0,0,0,0,0,0,0,0,0,0,0,3.55734e+1,2.06678e+0,1.51879e+0,0,0,0,0,3.97656e+1,2.50185e-1,8.97668e+1,0,0,0,0,0,0,1.61493e+0,1.60838e+1,0,0,0,0,0,0,2.15868e+2
"Western_Africa","BFA","Burkina Faso",9.91487e-4,8.61422e-5,4.22400e-4,1.48897e-4,5.39169e-2,3.48600e-6,1.17670e-5,0,2.82191e+1,2.39206e+1,1.25052e-2,0,0,0,0,0,0,0,0,0,0,0,0,0,0,0,0,0,0,0,0,0,0,1.19187e+2,5.03806e+0,6.64132e+0,0,0,0,0,3.74568e+1,5.36638e-1,0,0,0,0,0,0,0,1.00192e+0,2.66789e+1,0,0,0,0,0,0,2.48748e+2
"Western_Africa","CAF","Central African Republic",3.93995e-4,2.33415e-5,1.10772e-4,7.22044e-5,1.41354e-2,1.38610e-6,4.67600e-6,0,8.99696e+0,2.54361e+0,4.16153e-3,0,0,0,0,0,0,0,0,0,0,0,0,0,0,0,0,0,0,0,0,0,0,6.26982e+1,2.13624e+0,2.50411e+0,0,0,0,0,1.36910e+3,1.72551e-1,3.76224e+2,0,0,0,0,0,0,3.21768e+0,1.00940e+1,0,0,0,0,0,0,1.83771e+3
"Western_Africa","CIV","Cote d'Ivoire",2.48433e-3,4.01887e-3,2.45766e-2,0,3.77533e-1,2.43253e-3,1.14299e-2,0,2.66489e+1,3.78131e+1,7.01893e-1,0,0,0,0,0,0,0,0,0,0,0,0,0,0,0,0,0,0,0,0,0,0,3.31110e+1,1.71191e+0,1.81760e+1,0,0,0,0,2.21491e+1,7.45488e-1,3.05748e+2,0,0,0,0,0,0,1.20427e+1,3.19469e+1,0,0,0,0,0,0,4.91217e+2
"Western_Africa","CMR","Cameroon",3.01449e-3,0,6.40581e-3,0,3.19598e-1,0,0,0,2.39415e+1,6.11830e+0,8.19585e+0,0,0,0,0,0,0,0,0,0,0,0,0,0,0,0,0,0,0,0,0,0,0,1.55313e+2,5.98511e+0,3.53841e+0,0,0,0,0,1.44473e+2,5.52352e-1,1.48104e+2,0,0,0,0,0,0,9.92368e+0,3.89056e+1,0,0,0,0,0,0,5.45380e+2
"Western_Africa","COD","Congo_the Democratic Republic of the",4.52175e-3,8.79228e-4,4.81482e-2,0,2.32112e-1,0,0,0,1.16908e+2,7.52748e+0,2.59788e+0,0,0,0,0,0,0,0,0,0,0,0,0,0,0,0,0,0,0,0,0,0,0,3.40472e+0,1.46164e-1,5.31668e+1,0,0,0,0,1.01364e+3,2.70105e+0,2.58244e+3,0,0,0,0,0,0,3.50710e+1,1.06538e+2,0,0,0,0,0,0,3.92443e+3
"Western_Africa","COG","Congo",1.75846e-3,0,1.88406e-3,9.83897e-4,7.34043e-2,0,0,0,3.42690e+0,1.49447e+1,5.18040e+1,0,0,0,0,0,0,0,0,0,0,0,0,0,0,0,0,0,0,0,0,0,0,5.72990e+1,2.68234e+0,4.89933e-1,0,0,0,0,2.23013e+1,1.17431e-1,1.08222e+2,0,0,0,0,0,0,2.12083e+0,7.65280e+0,0,0,0,0,0,0,2.71139e+2
"Western_Africa","CPV","Cape Verde",1.54319e-3,6.67635e-5,3.87687e-4,6.70330e-5,2.63969e-2,5.42820e-6,1.83120e-5,0,3.12403e-2,9.21400e-3,8.71751e-3,0,0,0,0,0,0,0,0,0,0,0,0,0,0,0,0,0,0,0,0,0,0,8.34708e-1,1.46312e-1,0,0,0,0,0,0,1.38673e-2,0,0,0,0,0,0,0,2.29116e-1,1.26742e+0,0,0,0,0,0,0,2.56908e+0
"Western_Africa","GAB","Gabon",4.89855e-3,0,3.32014e-2,0,4.33425e-2,0,0,0,1.43015e+0,5.81740e-1,1.14302e+2,0,0,0,0,0,0,0,0,0,0,0,0,0,0,0,0,0,0,0,0,0,0,1.20020e+0,1.93978e-1,7.25827e-2,0,0,0,0,5.13048e-1,3.05171e-2,8.84204e+0,0,0,0,0,0,0,2.19654e+0,3.38228e+0,0,0,0,0,0,0,1.32827e+2
"Western_Africa","GHA","Ghana",1.25604e-3,1.71659e-3,3.14430e-1,0,4.22735e-1,1.73752e-3,3.51691e-3,0,3.59489e+1,2.48744e+1,3.05189e-1,0,0,0,0,0,0,0,0,0,0,0,0,0,0,0,0,0,0,0,0,0,0,4.54487e+1,2.39854e+0,1.79642e+1,0,0,0,0,1.00819e+2,5.13367e-1,3.00064e+1,0,0,0,0,0,0,1.30763e+1,4.56344e+1,0,0,0,0,0,0,3.17735e+2
"Western_Africa","GIN","Guinea",1.83213e-3,6.81288e-4,1.25308e-3,2.02335e-4,1.04688e-1,5.51950e-6,1.86270e-5,0,3.01888e+1,1.25816e+1,2.33320e-2,0,0,0,0,0,0,0,0,0,0,0,0,0,0,0,0,0,0,0,0,0,0,5.10409e+1,1.82773e+0,9.18199e+1,0,0,0,0,8.62176e+1,5.96317e-1,1.12873e+2,0,0,0,0,0,0,3.21916e+0,2.07119e+1,0,0,0,0,0,0,4.11209e+2
"Western_Africa","GMB","Gambia",7.77557e-4,3.21713e-5,1.89807e-4,3.28500e-5,3.65239e-2,2.73485e-6,9.22600e-6,0,1.22707e+0,2.03527e+0,4.65121e-3,0,0,0,0,0,0,0,0,0,0,0,0,0,0,0,0,0,0,0,0,0,0,1.13799e+1,4.28925e-1,3.93761e+0,0,0,0,0,4.53360e+0,3.54608e-2,0,0,0,0,0,0,0,4.51836e-1,2.34918e+0,0,0,0,0,0,0,2.64210e+1
"Western_Africa","GNB","Guinea-Bissau",2.52661e-4,3.45146e-5,1.15176e-4,1.91840e-5,9.06786e-3,8.88100e-7,2.99600e-6,0,1.62432e+0,7.25560e-2,2.49314e-3,0,0,0,0,0,0,0,0,0,0,0,0,0,0,0,0,0,0,0,0,0,0,1.11373e+1,6.35940e-1,1.08874e+1,0,0,0,0,7.97808e+0,8.68538e-2,0,0,0,0,0,0,0,4.06670e-1,3.02891e+0,0,0,0,0,0,0,3.58700e+1
"Western_Africa","GNQ","Equatorial Guinea",1.32841e-4,1.46786e-5,9.16680e-5,2.30924e-5,5.92571e-3,1.33215e-6,4.50100e-6,0,1.47555e+0,2.95086e-1,6.31659e-1,0,0,0,0,0,0,0,0,0,0,0,0,0,0,0,0,0,0,0,0,0,0,3.31295e-1,1.79200e-2,0,0,0,0,0,0,5.68262e-3,0,0,0,0,0,0,0,2.70592e-1,1.24441e+0,0,0,0,0,0,0,4.27839e+0
"Western_Africa","LBR","Liberia",6.71356e-3,1.19200e-3,2.76448e-3,3.27626e-4,2.27429e-1,2.02313e-5,6.82570e-5,0,8.76730e+0,5.92022e+0,5.42671e-2,0,0,0,0,0,0,0,0,0,0,0,0,0,0,0,0,0,0,0,0,0,0,3.38713e+0,2.60904e-1,3.64056e+0,0,0,0,0,1.09082e+0,2.20499e-1,9.11064e-2,0,0,0,0,0,0,1.65641e+0,7.68060e+0,0,0,0,0,0,0,3.30083e+1
"Western_Africa","MLI","Mali",1.77411e-3,9.53281e-5,4.75641e-4,8.53745e-5,1.00429e-1,6.23745e-6,2.10490e-5,0,1.16625e+1,4.41320e-1,1.26318e-2,0,0,0,0,0,0,0,0,0,0,0,0,0,0,0,0,0,0,0,0,0,0,2.71064e+2,1.03794e+1,2.44967e+1,0,0,0,0,5.59536e+1,3.63098e-1,3.56973e+1,0,0,0,0,0,0,2.36651e+0,2.83900e+1,0,0,0,0,0,0,4.40930e+2
"Western_Africa","MRT","Mauritania",1.28115e-3,3.93850e-4,1.11715e-3,1.25119e-4,9.07539e-2,1.07840e-5,1.28870e-5,0,3.45807e+0,5.27398e+0,1.75735e-2,0,0,0,0,0,0,0,0,0,0,0,0,0,0,0,0,0,0,0,0,0,0,1.15460e+2,4.94544e+0,6.13323e-1,0,0,0,0,8.28840e-3,5.93059e-2,0,0,0,0,0,0,0,8.21592e-1,7.28066e+0,0,0,0,0,0,0,1.38032e+2
"Western_Africa","NER","Niger",4.00777e-3,1.85904e-4,2.04919e-3,4.17830e-5,5.81000e-2,3.51677e-5,4.02920e-5,0,1.44964e+1,1.70590e+1,1.66700e-2,0,0,0,0,0,0,0,0,0,0,0,0,0,0,0,0,0,0,0,0,0,0,1.77391e+2,7.89577e+0,3.64728e+0,0,0,0,0,1.20221e+0,5.63734e-1,0,0,0,0,0,0,0,1.40977e+0,2.38728e+1,0,0,0,0,0,0,2.47619e+2
"Western_Africa","NGA","Nigeria",9.48776e-2,6.27447e-2,1.47961e-1,0,3.20604e+0,3.73254e-3,2.28600e-2,0,1.53401e+2,5.30299e+1,1.47824e+3,0,0,0,0,0,0,0,0,0,0,0,0,0,0,0,0,0,0,0,0,0,0,6.79942e+2,2.02698e+1,9.83309e+1,0,0,0,0,1.34148e+2,3.58826e+0,1.97411e+1,0,0,0,0,0,0,2.82632e+1,2.68683e+2,0,0,0,0,0,0,2.94118e+3
"Western_Africa","SEN","Senegal",3.69012e-4,1.00962e-3,2.19576e-2,0,1.32987e-1,1.04251e-3,1.20162e-2,0,1.46784e+1,2.89867e+1,2.01245e-1,0,0,0,0,0,0,0,0,0,0,0,0,0,0,0,0,0,0,0,0,0,0,9.51947e+1,4.05210e+0,1.21939e+1,0,0,0,0,3.39816e+1,1.79573e-1,0,0,0,0,0,0,0,6.50928e+0,2.55310e+1,0,0,0,0,0,0,2.21678e+2
"Western_Africa","SHN","Saint Helena",8.71290e-6,1.75545e-6,5.84700e-6,7.51250e-6,0,8.71500e-8,0,0,1.18424e-4,0,0,0,0,0,0,0,0,0,0,0,0,0,0,0,0,0,0,0,0,0,0,0,0,7.33794e-2,6.63174e-3,0,0,0,0,0,0,0,0,0,0,0,0,0,0,4.18015e-3,2.30694e-2,0,0,0,0,0,0,1.07403e-1
"Western_Africa","SLE","Sierra Leone",2.94321e-3,4.36391e-4,1.13164e-3,1.40025e-4,3.79450e-2,8.86855e-6,2.99180e-5,0,1.79244e+1,1.42029e+1,2.06988e-2,0,0,0,0,0,0,0,0,0,0,0,0,0,0,0,0,0,0,0,0,0,0,1.21751e+1,5.46481e-1,4.67236e+1,0,0,0,0,2.01566e+1,4.48408e-1,1.08256e+1,0,0,0,0,0,0,2.35352e+0,1.38026e+1,0,0,0,0,0,0,1.39223e+2
"Western_Africa","STP","Sao Tome and Principe",2.32210e-4,8.98475e-6,5.61870e-5,5.42950e-6,3.68237e-3,8.13400e-7,2.75100e-6,0,4.44038e-3,3.31296e-1,9.58513e-4,0,0,0,0,0,0,0,0,0,0,0,0,0,0,0,0,0,0,0,0,0,0,1.36385e-1,1.05229e-2,0,0,0,0,0,0,1.94557e-3,0,0,0,0,0,0,0,1.24751e-1,3.77083e-1,0,0,0,0,0,0,9.91371e-1
"Western_Africa","TCD","Chad",1.12611e-3,4.35792e-5,2.91681e-4,3.10729e-5,1.47469e-2,3.95910e-6,1.33630e-5,0,1.51443e+1,2.02555e+1,8.28192e-3,0,0,0,0,0,0,0,0,0,0,0,0,0,0,0,0,0,0,0,0,0,0,1.95096e+2,7.27992e+0,7.25827e+0,0,0,0,0,1.71036e+2,3.28661e-1,0,0,0,0,0,0,0,1.59577e+0,1.96740e+1,0,0,0,0,0,0,4.37693e+2
"Western_Africa","TGO","Togo",6.28021e-4,0,0,0,6.72381e-2,0,0,0,1.42695e+1,1.49447e+1,5.77263e-2,0,0,0,0,0,0,0,0,0,0,0,0,0,0,0,0,0,0,0,0,0,0,1.28015e+1,7.62123e-1,3.33880e+0,0,0,0,0,4.00032e+1,1.88829e-1,1.74298e+1,0,0,0,0,0,0,1.48781e+0,1.19169e+1,0,0,0,0,0,0,1.17269e+2
"Eastern_Africa","BDI","Burundi",2.03621e-4,1.68421e-5,8.48700e-5,2.49590e-5,1.60995e-2,7.13800e-7,2.41500e-6,0,1.59370e+1,1.32743e+1,2.92097e-3,0,0,0,0,0,0,0,0,0,0,0,0,0,0,0,0,0,0,0,0,0,0,2.55003e+1,8.74090e-1,7.71191e-1,0,0,0,0,0,3.22538e-1,0,0,0,0,0,0,0,2.26387e-1,1.70778e+1,0,0,0,0,0,0,7.40029e+1
"Eastern_Africa","COM","Comoros",6.53382e-5,7.21685e-6,4.91040e-5,1.87425e-5,4.87432e-3,6.55700e-7,2.21200e-6,0,1.83601e-2,1.33317e+0,1.24872e-3,0,0,0,0,0,0,0,0,0,0,0,0,0,0,0,0,0,0,0,0,0,0,2.68540e+0,1.41718e-1,2.17748e+0,0,0,0,0,0,9.69384e-3,0,0,0,0,0,0,0,2.51412e-1,1.48028e+0,0,0,0,0,0,0,8.10378e+0
"Eastern_Africa","DJI","Djibouti",2.49392e-3,1.24881e-3,2.80105e-3,1.09082e-4,2.78286e-2,8.77310e-6,2.95960e-5,0,1.02161e-1,1.09929e+0,4.11258e-2,0,0,0,0,0,0,0,0,0,0,0,0,0,0,0,0,0,0,0,0,0,0,8.76181e+0,3.91940e-1,0,0,0,0,0,0,0,0,0,0,0,0,0,0,4.26825e-1,1.40581e+0,0,0,0,0,0,0,1.22635e+1
"Eastern_Africa","ERI","Eritrea",7.72319e-4,5.48090e-4,9.98712e-4,0,1.18735e-2,0,0,0,5.95444e+0,6.65152e+0,9.46120e-2,0,0,0,0,0,0,0,0,0,0,0,0,0,0,0,0,0,0,0,0,0,0,6.07396e+1,2.16126e+0,0,0,0,0,0,2.49336e+0,1.06929e-1,0,0,0,0,0,0,0,4.83380e-1,9.32484e+0,0,0,0,0,0,0,8.80242e+1
"Eastern_Africa","ETH","Ethiopia",2.53003e-3,2.05533e-4,8.79837e-3,0,1.07254e-1,0,0,0,1.09021e+2,8.52550e+0,6.57044e-2,0,0,0,0,0,0,0,0,0,0,0,0,0,0,0,0,0,0,0,0,0,0,1.05645e+3,4.09655e+1,0,0,0,0,0,2.66568e+2,4.81433e+0,0,0,0,0,0,0,0,5.93524e+0,1.48274e+2,0,0,0,0,0,0,1.64074e+3
"Eastern_Africa","KEN","Kenya",8.41014e-4,3.26095e-3,3.83510e-2,7.89212e-3,3.24215e-1,1.23364e-2,2.93076e-3,0,4.66509e+1,1.28284e+2,7.99952e-1,0,0,0,0,0,0,0,0,0,0,0,0,0,0,0,0,0,0,0,0,0,0,4.33846e+2,1.43157e+1,1.76920e+0,0,0,0,0,4.54848e+0,7.48414e-1,0,0,0,0,0,0,0,3.13936e+0,6.27450e+1,0,0,0,0,0,0,6.97237e+2
"Eastern_Africa","MDG","Madagascar",5.36145e-3,3.74586e-4,2.20316e-3,3.38244e-4,1.62473e-1,3.03949e-5,6.33640e-5,0,1.45311e+1,4.57960e+0,3.34270e-2,0,0,0,0,0,0,0,0,0,0,0,0,0,0,0,0,0,0,0,0,0,0,3.54689e+2,1.21368e+1,2.25478e+2,0,0,0,0,6.52248e+1,8.12850e-1,4.21756e+1,1.13796e-1,0,0,0,0,0,3.91499e+0,3.69110e+1,0,0,0,0,0,0,7.60771e+2
"Eastern_Africa","MUS","Mauritius",2.76335e-3,4.23952e-4,1.32321e-3,4.70674e-5,4.35282e-2,1.08710e-5,3.27670e-5,0,2.54951e-1,1.00300e-1,2.47849e-2,0,0,0,0,0,0,0,0,0,0,0,0,0,0,0,0,0,0,0,0,0,0,1.72322e+0,9.12430e-2,6.71389e-3,0,0,0,0,0,9.04883e-2,0,0,0,0,0,0,0,1.82078e+0,4.17593e+0,0,0,0,0,0,0,8.33654e+0
"Eastern_Africa","MYT","Mayotte",0,0,0,0,0,0,0,0,0,0,0,0,0,0,0,0,0,0,0,0,0,0,0,0,0,0,0,0,0,0,0,0,0,0,0,0,0,0,0,0,0,0,0,0,0,0,0,0,0,1.15162e-1,3.59048e-1,0,0,0,0,0,0,4.74210e-1
"Eastern_Africa","REU","Reunion",1.74172e-3,1.55930e-4,6.24939e-4,1.48031e-4,5.29485e-2,6.12540e-6,2.06710e-5,0,1.96552e-1,0,1.78555e-2,0,0,0,0,0,0,0,0,0,0,0,0,0,0,0,0,0,0,0,0,0,0,1.04325e+0,1.47601e-1,0,0,0,0,0,0,4.40597e-2,0,0,0,0,0,0,0,1.56837e+0,2.04926e+0,0,0,0,0,0,0,5.12259e+0
"Eastern_Africa","RWA","Rwanda",6.31522e-4,4.00111e-5,2.02290e-4,3.90105e-5,1.61643e-2,2.22025e-6,7.49000e-6,0,1.63146e+1,1.45268e+0,4.56496e-3,0,0,0,0,0,0,0,0,0,0,0,0,0,0,0,0,0,0,0,0,0,0,2.59894e+1,9.70055e-1,2.43152e-1,0,0,0,0,2.26822e+0,3.81227e-1,0,0,0,0,0,0,0,2.91606e-1,1.94972e+1,0,0,0,0,0,0,6.74298e+1
"Eastern_Africa","SDN","Sudan",5.72380e-4,2.51208e-4,3.98582e-2,0,3.12553e-1,0,0,0,4.98132e+1,1.60681e+2,1.46814e+0,0,0,0,0,0,0,0,0,0,0,0,0,0,0,0,0,0,0,0,0,0,0,1.00108e+3,3.22528e+1,2.28635e+0,0,0,0,0,7.02768e+2,1.01900e+0,0,0,0,0,0,0,0,1.62546e+1,7.75441e+1,0,0,0,0,0,0,2.04552e+3
"Eastern_Africa","SOM","Somalia",1.29378e-3,1.80929e-4,1.13844e-3,3.17757e-4,1.18711e-1,1.29936e-5,4.38410e-5,0,1.73227e+1,2.97426e+1,3.28943e-2,0,0,0,0,0,0,0,0,0,0,0,0,0,0,0,0,0,0,0,0,0,0,4.60424e+2,2.03648e+1,1.07059e+0,0,0,0,0,7.88400e-3,1.42786e-1,0,0,0,0,0,0,0,2.40760e+0,2.15142e+1,0,0,0,0,0,0,5.53152e+2
"Eastern_Africa","SYC","Seychelles",1.42608e-3,1.11158e-4,4.46274e-4,3.35000e-8,5.28617e-3,5.01320e-6,1.69190e-5,0,1.15467e-2,0,6.17443e-3,0,0,0,0,0,0,0,0,0,0,0,0,0,0,0,0,0,0,0,0,0,0,1.41275e-1,3.38587e-2,0,0,0,0,0,0,5.05440e-6,0,0,0,0,0,0,0,1.35016e-1,3.04703e-1,0,0,0,0,0,0,6.39870e-1
"Eastern_Africa","UGA","Uganda",2.94443e-3,1.93077e-4,8.52804e-4,1.16081e-4,9.74922e-2,1.03584e-5,3.49440e-5,0,9.12941e+1,4.49630e+1,2.09886e-2,0,0,0,0,0,0,0,0,0,0,0,0,0,0,0,0,0,0,0,0,0,0,1.95274e+2,5.86577e+0,1.99602e+0,0,0,0,0,1.25786e+2,9.33284e-1,0,0,0,0,0,0,0,1.82104e+0,4.56972e+1,0,0,0,0,0,0,5.13753e+2
"Southern_Africa","AGO","Angola",6.40580e-4,2.97263e-3,1.32302e-2,0,1.98513e-1,0,0,0,7.21961e+0,5.50647e+1,2.37650e+2,0,0,0,0,0,0,0,0,0,0,0,0,0,0,0,0,0,0,0,0,0,0,1.23574e+2,4.06404e+0,2.17748e+0,0,0,0,0,4.56600e+2,1.77904e-1,9.14627e+0,0,0,0,0,0,0,5.28234e+0,3.37895e+1,0,0,0,0,0,0,9.34961e+2
"Southern_Africa","BWA","Botswana",2.87023e-3,7.64795e-5,2.19744e-2,9.85200e-6,8.05294e-2,4.36983e-4,2.08320e-5,0,2.63348e+0,4.10246e+0,1.27224e-2,0,0,0,0,0,0,0,0,0,0,0,0,0,0,0,0,0,0,0,0,0,0,1.33844e+2,3.21969e+0,0,0,0,0,0,1.02737e+2,4.53331e-2,0,2.70528e+0,0,0,0,0,0,3.57661e-1,3.91363e+0,0,0,0,0,0,0,2.53677e+2
"Southern_Africa","LSO","Lesotho",4.27555e-4,4.60702e-5,1.57767e-4,6.68245e-5,2.82574e-2,1.50230e-6,5.06800e-6,0,5.94769e+0,4.67820e+0,4.20864e-3,0,0,0,0,0,0,0,0,0,0,0,0,0,0,0,0,0,0,0,0,0,0,3.37831e+1,6.81258e-1,0,0,0,0,0,0,4.70041e-2,0,1.72402e+0,0,0,0,0,0,2.96091e-1,5.30421e+0,0,0,0,0,0,0,5.24948e+1
"Southern_Africa","MOZ","Mozambique",5.56844e-4,2.66400e-3,6.40580e-2,0,1.53802e-1,0,0,0,4.32101e+1,3.53526e+1,1.92579e-1,0,0,0,0,0,0,0,0,0,0,0,0,0,0,0,0,0,0,0,0,0,0,5.34916e+1,1.96410e+0,1.63311e+1,0,0,0,0,2.49744e+2,1.14262e+0,3.13181e+1,4.49184e+0,0,0,0,0,0,2.52771e+0,4.96799e+1,0,0,0,0,0,0,4.89667e+2
"Southern_Africa","MWI","Malawi",2.03533e-3,7.52794e-5,4.24807e-3,8.67424e-5,8.50448e-2,8.21304e-5,2.24490e-5,0,1.43646e+1,2.08313e+1,1.25830e-2,0,0,0,0,0,0,0,0,0,0,0,0,0,0,0,0,0,0,0,0,0,0,3.37067e+1,1.28330e+0,7.62118e+0,0,0,0,0,4.80648e+1,8.68837e-1,0,0,0,0,0,0,0,8.79547e-1,2.50598e+1,0,0,0,0,0,0,1.52784e+2
"Southern_Africa","NAM","Namibia",3.36965e-3,6.52143e-4,2.51413e-3,9.41179e-5,1.19313e-1,3.26066e-5,0,0,2.43052e-1,2.22496e+0,0,0,0,0,0,0,0,0,0,0,0,0,0,0,0,0,0,0,0,0,0,0,0,1.48147e+2,3.65593e+0,0,0,0,0,0,2.63448e+1,4.98306e-2,0,0,0,0,0,0,0,1.11846e+0,3.41087e+0,0,0,0,0,0,0,1.85321e+2
"Southern_Africa","SWZ","Swaziland",8.05128e-4,4.68034e-5,1.05172e-2,3.66040e-5,4.59714e-2,2.08547e-4,1.40840e-5,0,2.17565e+0,1.68185e+0,8.47515e-3,0,0,0,0,0,0,0,0,0,0,0,0,0,0,0,0,0,0,0,0,0,0,3.19991e+1,7.55825e-1,3.44767e-1,0,0,0,0,0,7.41978e-2,0,0,0,0,0,0,0,3.35674e-1,1.25426e+1,0,0,0,0,0,0,4.99758e+1
"Southern_Africa","TZA","Tanzania_United Republic of",8.66669e-3,5.86152e-4,1.08438e-2,0,1.77492e-1,0,2.93076e-4,0,6.23525e+1,3.73338e+1,1.55001e-1,0,0,0,0,0,0,0,0,0,0,0,0,0,0,0,0,0,0,0,0,0,0,4.23375e+2,1.47943e+1,4.44569e+1,0,0,0,0,3.40248e+2,2.99961e+0,9.69068e+1,0,0,0,0,0,0,2.65616e+0,7.44075e+1,0,0,0,0,0,0,1.09988e+3
"Southern_Africa","ZAF","South Africa",7.63865e-1,8.14909e-2,6.76444e+0,6.04992e-3,4.48230e+0,1.04670e-1,0,0,5.30690e+1,6.81523e+2,4.77136e+0,0,0,0,0,0,5.35300e-2,4.74893e+0,0,0,0,0,0,0,0,0,0,0,0,0,0,0,0,8.17380e+2,2.10889e+1,2.35893e-1,0,0,0,0,1.39068e+1,2.44398e+0,5.66688e+0,9.51478e+1,0,0,0,0,0,1.18236e+2,1.54068e+2,0,0,0,0,0,0,1.98454e+3
"Southern_Africa","ZMB","Zambia",2.51208e-3,2.13527e-3,1.54807e-1,0,1.74784e-1,5.11626e-3,0,0,1.63605e+1,4.40226e+1,2.03621e-1,0,0,0,0,0,0,0,0,0,0,0,0,0,0,0,0,0,0,0,0,0,0,8.28888e+1,2.86127e+0,9.25429e-1,0,0,0,0,6.76632e+2,1.94473e-1,3.01675e+2,0,0,0,0,0,0,4.57875e+0,2.40339e+1,0,0,0,0,0,0,1.15472e+3
"Southern_Africa","ZWE","Zimbabwe",9.08797e-3,8.37360e-4,3.06516e-1,0,2.71447e-1,2.58472e-2,0,0,2.13654e+1,1.99980e+1,0,0,0,0,0,0,0,6.27457e-1,0,0,0,0,0,0,0,0,0,0,0,0,0,0,0,2.11547e+2,5.91758e+0,1.08874e-1,0,0,0,0,6.86640e+1,4.03322e-1,0,0,0,0,0,0,0,3.62955e+0,2.58951e+1,0,0,0,0,0,0,3.58770e+2
"OECD_Europe","AUT","Austria",2.02655e-1,5.62252e-2,6.41987e-1,3.14010e-4,4.58260e+0,1.39065e-2,2.34461e-3,1.42351e-3,3.04435e+1,2.00524e+1,3.86923e+1,0,0,0,0,0,7.65600e-2,3.83110e-1,0,0,0,0,0,0,0,0,0,0,0,0,0,0,0,1.81141e+2,5.98662e+1,0,0,0,0,0,0,6.36426e-1,0,1.40592e+0,0,0,0,0,0,8.50690e+1,3.93097e+1,3.04782e-3,0,0,0,0,0,4.62580e+2
"OECD_Europe","BEL","Belgium",3.24230e-1,1.64882e-1,1.38427e+0,1.61191e-3,5.60148e+0,2.63622e-2,3.98584e-2,0,3.12532e+1,1.18018e+2,8.50219e+1,0,0,0,0,0,1.20000e-4,1.20641e+0,0,0,0,0,0,0,0,0,0,0,0,0,0,0,0,2.11136e+2,6.89886e+1,0,0,0,0,0,0,4.93852e-1,0,3.15840e-1,0,0,0,0,0,5.92470e+1,6.95668e+1,5.22792e+0,0,0,0,0,0,6.58019e+2
"OECD_Europe","CHE","Switzerland",2.05930e-1,9.09568e-3,5.31431e-1,2.30274e-3,4.99723e+0,1.91127e-3,2.63768e-3,0,5.58318e+0,8.90905e-2,1.87926e+1,0,0,0,0,0,8.91066e-2,9.40035e-3,0,0,0,0,0,0,0,0,0,0,0,0,0,0,0,1.46085e+2,4.13971e+1,0,0,0,0,0,0,1.21331e-1,3.19186e+0,0,0,0,0,0,0,2.81467e+1,1.18608e+1,1.09192e-5,7.16000e-3,0,0,0,0,2.61124e+2
"OECD_Europe","DEU","Germany",7.11505e+0,8.93194e-1,9.43518e+0,1.51981e-2,4.86604e+1,3.05273e-1,2.61424e-1,2.59582e-3,2.22012e+2,1.78211e+3,2.99032e+2,0,0,0,0,0,4.96786e+0,4.01779e+0,0,0,0,0,0,0,0,0,0,0,0,0,0,0,0,1.52837e+3,4.99573e+2,0,0,0,0,0,0,4.71847e+0,0,1.96457e+0,0,0,0,0,0,1.53657e+3,1.94517e+2,0,0,0,0,0,0,6.14455e+3
"OECD_Europe","DNK","Denmark",4.85825e-1,1.47001e-2,5.19542e-1,4.43801e-3,2.88052e+0,1.91127e-2,1.06679e-1,0,7.50503e+0,6.31350e-3,9.76779e-1,0,0,0,0,0,0,0,0,0,0,0,0,0,0,0,0,0,0,0,0,0,0,2.08983e+2,1.01017e+2,0,0,0,0,0,0,8.74143e-1,0,0,0,0,0,0,0,6.85125e+1,9.62729e+0,0,0,0,0,0,0,4.01533e+2
"OECD_Europe","ESP","Spain",4.08980e-1,1.23607e-1,2.15420e+0,2.60418e-2,1.13331e+1,3.71579e-2,8.96812e-1,7.53624e-4,3.26684e+1,1.53435e+2,1.36392e+1,0,0,0,0,0,7.78731e-1,1.04789e+0,0,0,0,0,0,0,0,0,0,0,0,0,0,0,0,4.61116e+2,2.02348e+2,2.31739e+1,0,0,0,0,0,2.81922e+0,0,2.34161e+1,0,0,0,0,0,2.19856e+2,1.26845e+2,9.85322e-1,0,0,0,0,0,1.27711e+3
"OECD_Europe","FIN","Finland",1.76692e-1,2.47859e-2,6.40094e-1,1.92593e-3,2.58557e+0,1.58115e-2,2.57907e-2,0,6.17318e+1,2.24937e+0,3.66278e+0,0,0,0,0,0,5.94960e-2,5.41458e-1,0,0,0,0,0,0,0,0,0,0,0,0,0,0,0,1.16743e+2,3.33335e+1,0,0,0,0,0,0,4.31319e-1,5.65680e-1,7.71720e-2,0,0,0,0,0,1.13193e+2,1.42383e+2,0,0,0,0,0,0,4.78442e+2
"OECD_Europe","FRA","France",1.64836e+0,4.58534e-1,5.44184e+0,1.36699e-2,3.20478e+1,1.05951e-1,2.41494e-1,3.76812e-4,1.90322e+2,4.02108e+2,8.82521e+2,0,0,0,0,0,2.11979e+0,3.51012e+0,0,0,0,0,0,0,0,0,0,0,0,0,0,0,0,1.63014e+3,4.13999e+2,2.23608e+0,0,0,0,0,0,6.88372e+0,0,1.33157e+0,0,0,0,0,0,4.21849e+2,1.76472e+2,2.91328e+1,0,0,0,0,0,4.20258e+3
"OECD_Europe","FRO","Faroe Islands",0,0,0,0,0,0,0,0,0,0,0,0,0,0,0,0,0,0,0,0,0,0,0,0,0,0,0,0,0,0,0,0,0,6.06024e-1,2.49820e-2,0,0,0,0,0,0,1.39644e-5,0,0,0,0,0,0,0,7.49602e-1,3.93408e-2,4.19463e-2,0,0,0,0,0,1.46191e+0
"OECD_Europe","GBR","United Kingdom",1.59818e+0,6.96116e-1,4.13943e+0,4.24960e-2,3.32043e+1,1.54497e-1,3.51984e-1,0,1.72030e+2,1.22666e+3,6.85192e+2,0,0,0,0,0,1.70646e+0,7.44874e-1,0,0,0,0,0,0,0,0,0,0,0,0,0,0,0,1.05893e+3,2.21237e+2,0,0,0,0,0,0,2.70120e+0,0,1.32641e+0,0,0,0,0,0,2.37311e+3,1.20890e+2,9.49339e+0,0,0,0,0,0,5.91421e+3
"OECD_Europe","GIB","Gibraltar",6.28020e-4,0,0,0,8.86317e-3,0,0,0,0,0,0,0,0,0,0,0,0,0,0,0,0,0,0,0,0,0,0,0,0,0,0,0,0,0,0,0,0,0,0,0,0,0,0,0,0,0,0,0,0,1.39859e-1,2.75966e-2,1.07067e-2,0,0,0,0,0,1.87653e-1
"OECD_Europe","GRC","Greece",1.33573e-1,2.96488e-2,4.20790e-1,7.80837e-3,2.71085e+0,8.33384e-3,1.41848e-1,0,8.54408e+0,2.05349e+1,4.75145e+0,0,0,0,0,0,4.58700e-3,9.53714e-2,0,0,0,0,0,0,0,0,0,0,0,0,0,0,0,1.52459e+2,3.49743e+1,6.03064e+0,0,0,0,0,0,1.61249e+0,8.68416e-2,2.41152e+0,0,0,0,0,0,7.31259e+1,1.58605e+1,5.09439e-5,0,0,0,0,0,3.23944e+2
"OECD_Europe","GRL","Greenland",0,0,0,0,0,0,0,0,0,0,0,0,0,0,0,0,0,0,0,0,0,0,0,0,0,0,0,0,0,0,0,0,0,1.60000e-1,2.72432e-3,0,0,0,0,0,0,0,0,0,0,0,0,0,0,5.88529e-1,1.88040e-1,1.40337e-2,0,0,0,0,0,9.53327e-1
"OECD_Europe","IRL","Ireland",5.20918e-2,2.84474e-3,2.34940e-1,5.86152e-4,1.89115e+0,6.60257e-3,1.17230e-3,0,2.21259e+1,1.72623e+0,1.11811e+1,0,0,0,0,0,0,0,0,0,0,0,0,0,0,0,0,0,0,0,0,0,0,4.00728e+2,6.99870e+1,0,0,0,0,0,0,2.62704e-1,0,1.27385e-1,0,0,0,0,0,6.25829e+1,6.66839e+0,0,0,0,0,0,0,5.77579e+2
"OECD_Europe","ISL","Iceland",1.25604e-3,0,2.48277e-2,4.81481e-4,1.57044e-1,0,4.10307e-3,0,4.83220e-2,0,0,0,0,0,0,0,0,1.48583e-1,0,0,0,0,0,0,0,0,0,0,0,0,0,0,0,1.11805e+1,1.27301e+0,0,0,0,0,0,0,1.50930e-4,0,0,0,0,0,0,0,2.66072e+0,4.39469e-1,1.14727e-1,0,0,0,0,0,1.60532e+1
"OECD_Europe","ITA","Italy",5.72296e-1,2.91377e-1,3.42409e+0,1.06973e-2,2.96239e+1,3.07479e-2,1.74087e-1,5.42610e-2,2.18592e+1,1.74147e+1,2.50711e+2,0,0,0,0,0,5.25494e-1,1.73444e+0,0,0,0,0,0,0,0,0,0,0,0,0,0,0,0,6.56017e+2,2.56929e+2,5.96288e+1,0,0,0,0,0,6.71871e+0,5.43792e-1,6.84720e+0,0,0,0,0,0,6.25063e+2,1.40713e+2,1.19888e+1,0,0,0,0,0,2.09088e+3
"OECD_Europe","LUX","Luxembourg",3.56296e-2,0,3.21521e-1,0,5.38733e-1,1.39002e-3,8.79228e-4,0,4.02931e-1,0,3.34033e+0,0,0,0,0,0,0,4.17620e-1,0,0,0,0,0,0,0,0,0,0,0,0,0,0,0,1.39138e+1,2.02981e+1,0,0,0,0,0,0,3.33330e-2,0,3.04440e-1,0,0,0,0,0,2.66616e+0,4.48023e-1,0,0,0,0,0,0,4.27229e+1
"OECD_Europe","NLD","Netherlands",7.19157e-1,1.76428e-1,5.94148e-1,1.02576e-3,9.20190e+0,8.51385e-3,1.72915e-1,0,8.39318e+0,3.95181e+0,2.80085e+2,0,0,0,0,0,3.14025e+0,2.49480e-1,0,0,0,0,0,0,0,0,0,0,0,0,0,0,0,3.81924e+2,1.56700e+2,0,0,0,0,0,0,3.15226e-1,0,2.05526e-2,0,0,0,0,0,4.53168e+2,3.53543e+1,0,0,0,0,0,0,1.33418e+3
"OECD_Europe","NOR","Norway",3.85185e-3,1.32518e-1,8.12636e-1,3.70532e-3,2.49321e+0,5.03881e-3,2.23031e-1,0,7.88906e+0,5.98701e+0,1.37567e+2,0,0,0,0,0,2.87569e+0,2.63882e+0,0,0,0,0,0,0,0,0,0,0,0,0,0,0,0,8.69324e+1,1.72734e+1,0,0,0,0,0,0,1.35991e-1,0,0,0,0,0,0,0,1.80648e+2,3.50993e+1,4.10864e+0,0,0,0,0,0,4.84829e+2
"OECD_Europe","PRT","Portugal",1.09116e-1,2.35056e-2,7.05579e-1,5.02416e-3,1.95776e+0,9.07700e-3,1.43607e-2,0,5.93359e+0,2.45805e+0,4.47295e+0,0,0,0,0,0,3.72000e-4,1.53734e-1,0,0,0,0,0,0,0,0,0,0,0,0,0,0,0,1.27171e+2,6.03459e+1,1.17564e+1,0,0,0,0,0,5.05711e-1,0,2.67960e+0,0,0,0,0,0,1.35290e+2,2.78381e+1,3.12473e-2,1.78800e-1,0,0,0,0,3.81640e+2
"OECD_Europe","SWE","Sweden",3.47180e-1,3.10472e-2,4.58146e+0,8.26893e-3,6.21362e+0,5.03881e-3,3.28245e-2,0,1.59365e+1,3.07418e+0,5.07144e+0,0,0,0,0,0,1.26769e-1,5.04956e-1,0,0,0,0,0,0,0,0,0,0,0,0,0,0,0,1.33892e+2,4.29260e+1,0,0,0,0,0,0,6.91425e-1,5.69472e-1,2.26694e-1,0,0,0,0,0,1.12037e+2,1.78304e+2,8.15388e-3,0,0,0,0,0,5.04588e+2
"Central Europe","ALB","Albania",3.18197e-3,4.27053e-3,9.55847e-2,0,3.34637e-1,0,0,0,1.49929e+1,4.93319e+0,1.89637e+1,0,0,0,0,0,0,1.14545e-1,0,0,0,0,0,0,0,0,0,0,0,0,0,0,0,4.99397e+1,8.26710e+0,1.35520e+0,0,0,0,0,0,2.90860e-1,0,6.43872e-1,0,0,0,0,0,2.03020e+0,4.12453e+0,2.11159e-2,0,0,0,0,0,1.06115e+2
"Central Europe","BGR","Bulgaria",2.04362e-1,2.13695e-2,7.68613e-1,0,2.05939e+0,0,0,0,2.27724e+1,3.61248e+1,7.28423e+0,0,0,0,0,0,1.37565e-1,3.28133e-1,0,0,0,0,0,0,0,0,0,0,0,0,0,0,0,2.41486e+2,4.22122e+1,5.62408e+0,0,0,0,0,0,2.22696e+0,0,1.48087e+0,0,0,0,0,0,2.39456e+2,4.23407e+1,0,0,0,0,0,0,6.44528e+2
"Central Europe","BIH","Bosnia and Herzegovina",5.26196e-2,0,1.81481e-1,0,4.91948e-1,0,0,0,1.72620e+1,5.94059e+1,2.64650e+0,0,0,0,0,0,8.23400e-5,5.10628e-2,0,0,0,0,0,0,0,0,0,0,0,0,0,0,0,7.37366e+1,1.16121e+1,0,0,0,0,0,0,3.60651e-1,0,0,0,0,0,0,0,2.52466e+0,5.96163e+0,2.68297e-2,0,0,0,0,0,1.74314e+2
"Central Europe","CYP","Cyprus",0,1.15346e-3,3.12754e-2,0,1.70947e-1,0,0,0,1.57214e-1,1.00300e-1,1.56250e-1,0,0,0,0,0,0,0,0,0,0,0,0,0,0,0,0,0,0,0,0,0,0,5.32834e+0,1.92995e+0,0,0,0,0,0,0,1.48091e-2,0,0,0,0,0,0,0,3.82313e+0,3.10087e+0,0,0,0,0,0,0,1.48142e+1
"Central Europe","CZE","Czech Republic",5.69100e-1,4.39615e-2,4.91379e+0,0,1.80456e+0,4.10307e-3,0,0,1.18351e+2,3.07020e+2,1.00574e+1,0,0,0,0,0,3.45557e-1,6.65700e-1,0,0,0,0,0,0,0,0,0,0,0,0,0,0,0,3.30756e+2,5.68915e+1,0,0,0,0,0,0,2.15239e+0,0,4.00824e+0,0,0,0,0,0,5.70146e+1,4.54912e+1,0,0,0,0,0,0,9.40089e+2
"Central Europe","EST","Estonia",2.65241e-1,0,4.68734e-1,0,5.87522e-1,1.79732e-1,4.72863e-3,0,6.57625e+0,2.06735e+1,2.71019e+0,0,0,0,0,0,0,0,0,0,0,0,0,0,0,0,0,0,0,0,0,0,0,6.01292e+1,1.18801e+1,2.95772e+0,0,0,0,0,0,2.26674e-1,0,0,0,0,0,0,0,1.27523e+1,6.72555e+0,0,0,0,0,0,0,1.26137e+2
"Central Europe","HRV","Croatia",4.02864e-2,5.51060e-2,2.39289e-2,0,8.76503e-1,1.42351e-3,0,0,1.05523e+1,5.67163e+0,2.70127e+1,0,0,0,0,0,9.25803e-3,1.64174e+0,0,0,0,0,0,0,0,0,0,0,0,0,0,0,0,7.76770e+1,1.51432e+1,0,0,0,0,0,0,7.25373e-1,0,8.66784e-1,0,0,0,0,0,1.23367e+1,1.51642e+1,0,0,0,0,0,0,1.67798e+2
"Central Europe","HUN","Hungary",4.04394e-1,2.89599e-2,7.12252e-1,0,2.31458e+0,5.21820e-2,3.39968e-2,0,3.94408e+1,4.95679e+1,8.37130e+1,0,0,0,0,0,9.12150e-2,2.74886e-1,0,0,0,0,0,0,0,0,0,0,0,0,0,0,0,2.26837e+2,6.14946e+1,5.28528e+0,0,0,0,0,0,3.87946e+0,0,1.29744e+0,0,0,0,0,0,5.80716e+1,4.41724e+1,0,0,0,0,0,0,5.77672e+2
"Central Europe","LTU","Lithuania",3.83799e-2,3.16623e-2,4.89883e+0,0,1.20722e+0,2.92026e-2,3.37759e-3,0,1.13476e+1,1.90740e-2,6.68600e+0,0,0,0,0,0,5.07911e-2,0,0,0,0,0,0,0,0,0,0,0,0,0,0,0,0,1.79044e+2,3.20189e+1,0,0,0,0,0,0,8.39237e-1,0,1.07782e+0,0,0,0,0,0,2.44598e+1,1.09582e+1,5.94090e-4,0,0,0,0,0,2.72711e+2
"Central Europe","LVA","Latvia",3.16381e-2,0,1.39206e+0,0,9.16799e-1,4.36792e-2,1.29394e-2,0,2.14985e+1,9.49280e-2,7.03889e+0,0,0,0,0,0,0,0,0,0,0,0,0,0,0,0,0,0,0,0,0,0,0,1.20629e+2,1.82604e+1,0,0,0,0,0,0,4.44580e-1,0,1.67486e-1,0,0,0,0,0,1.42566e+1,6.65916e+0,0,0,0,0,0,0,1.91447e+2
"Central Europe","MKD","Macedonia, the former Yugoslav Republic of",3.31261e-2,0,2.91136e-2,0,1.99119e-1,0,0,0,6.34175e+0,4.46460e+0,7.59597e-1,0,0,0,0,0,1.32328e-2,2.47215e+0,0,0,0,0,0,0,0,0,0,0,0,0,0,0,0,4.75598e+1,5.16403e+0,2.88996e+0,0,0,0,0,0,2.46427e-1,0,4.68720e-1,0,0,0,0,0,2.76004e+0,3.62798e+0,3.12890e-2,0,0,0,0,0,7.70610e+1
"Central Europe","MLT","Malta",0,0,0,0,6.47369e-2,0,0,0,9.83898e-3,0,0,0,0,0,0,0,0,0,0,0,0,0,0,0,0,0,0,0,0,0,0,0,0,1.20052e+0,4.88116e-1,0,0,0,0,0,0,1.64144e-3,0,0,0,0,0,0,0,3.79751e+0,4.16500e-1,0,0,0,0,0,0,5.97887e+0
"Central Europe","POL","Poland",2.35417e+0,2.16926e-1,3.29416e+0,0,5.81381e+0,2.38857e-1,8.46989e-2,0,2.63562e+2,3.89500e+3,1.39032e+2,0,0,0,0,0,5.44553e-1,1.80508e+0,0,0,0,0,0,0,0,0,0,0,0,0,0,0,0,1.05587e+3,2.00173e+2,0,0,0,0,0,0,5.79391e+0,0,2.74920e+0,0,0,0,0,0,2.52031e+2,1.27518e+2,3.21784e-1,0,0,0,0,0,5.95641e+3
"Central Europe","ROU","Romania",4.04939e-1,6.87389e-2,2.17157e+0,0,3.32187e+0,0,0,0,6.38246e+1,9.23248e+1,8.46067e+2,0,0,0,0,0,1.15120e+0,1.59648e+0,0,0,0,0,0,0,0,0,0,0,0,0,0,0,0,6.08541e+2,1.16829e+2,6.70824e+0,0,0,0,0,0,5.69358e+0,0,0,0,0,0,0,0,5.98092e+1,9.26919e+1,1.28009e-2,0,0,0,0,0,1.90122e+3
"Central Europe","SCG","Serbia and Montenegro",2.30306e-1,0,3.26926e-1,0,9.47789e-1,0,0,0,4.03288e+1,4.19408e+1,9.38555e+1,0,0,0,0,0,3.30556e-2,2.12590e-1,0,0,0,0,0,0,0,0,0,0,0,0,0,0,0,2.72502e+2,5.26978e+1,0,0,0,0,0,0,2.35191e+0,0,0,0,0,0,0,0,8.21048e+0,3.93798e+1,8.95308e-2,0,0,0,0,0,5.53108e+2
"Central Europe","SVK","Slovakia",1.24147e-1,2.88679e-2,8.87685e-1,0,1.02704e+0,0,0,0,7.03622e+0,7.65133e+0,3.35233e+1,0,0,0,0,0,1.13176e-1,7.68538e-1,0,0,0,0,0,0,0,0,0,0,0,0,0,0,0,1.42650e+2,2.95003e+1,0,0,0,0,0,0,1.71406e+0,0,3.81576e-1,0,0,0,0,0,1.74155e+1,2.73128e+1,0,0,0,0,0,0,2.70134e+2
"Central Europe","SVN","Slovenia",0,1.84961e-3,1.74176e-2,0,9.33799e-1,0,0,0,6.88888e+0,1.65725e+1,6.67059e-1,0,0,0,0,0,2.88042e-1,3.84352e-1,0,0,0,0,0,0,0,0,0,0,0,0,0,0,0,6.41008e+1,1.11261e+1,0,0,0,0,0,0,1.51013e-1,0,0,0,0,0,0,0,1.31710e+1,9.08214e+0,0,0,0,0,0,0,1.23385e+2
"Turkey","TUR","Turkey",8.73017e-2,5.10996e-2,7.77614e-1,2.09340e-3,2.81578e+0,4.08067e-2,6.82867e-2,0,1.20969e+2,9.72517e+1,5.33402e+0,0,0,0,0,0,4.41996e-1,3.04716e-1,0,0,0,0,0,0,0,0,0,0,0,0,0,0,0,1.07609e+3,1.84368e+2,2.50716e+1,0,0,0,0,0,2.51083e+1,0,1.82503e+0,0,0,0,0,0,1.41305e+2,2.03666e+2,0,0,0,0,0,0,1.88558e+3
"Ukraine +","BLR","Belarus",1.03777e-1,6.10087e-2,3.03939e+0,0,1.78538e+0,1.30500e-1,2.16166e-2,5.17695e-4,8.30824e+0,7.46300e-2,1.46214e+1,0,0,0,0,0,2.63010e-2,0,0,0,0,0,0,0,0,0,0,0,0,0,0,0,0,5.33077e+2,7.50386e+1,0,0,0,0,0,0,2.11541e+0,0,7.07016e-3,0,0,0,0,0,7.55706e+1,2.73086e+1,0,0,0,0,0,0,7.41290e+2
"Ukraine +","MDA","Moldova, Republic of",6.16511e-2,0,4.65651e-1,0,7.75791e-1,0,0,0,4.00394e+0,4.48800e-3,2.05691e+0,0,0,0,0,0,0,0,0,0,0,0,0,0,0,0,0,0,0,0,0,0,0,8.48437e+1,8.30596e+0,0,0,0,0,0,0,8.21462e-1,0,1.43438e-2,0,0,0,0,0,3.20175e+0,1.41323e+1,3.65668e-2,0,0,0,0,0,1.18725e+2
"Ukraine +","UKR","Ukraine",1.03513e+0,4.59276e-1,4.00312e+0,0,7.20007e+0,1.99926e-1,0,6.18645e-2,5.48126e+1,8.59315e+2,9.16758e+2,0,0,0,0,0,1.49020e+0,8.17280e+0,0,0,0,0,0,0,0,0,0,0,0,0,0,0,0,1.99648e+3,3.19755e+2,1.22465e+1,0,0,0,0,0,1.51878e+1,0,2.94048e-1,0,0,0,0,0,1.99549e+2,1.39282e+2,0,0,0,0,0,0,4.53630e+3
"Asia-Stan","KAZ","Kazakhstan",5.36030e-1,1.53795e-1,4.39648e-1,0,2.16774e+0,1.16312e-1,4.72863e-3,0,4.69364e+0,1.46201e+3,2.94626e+2,0,0,0,0,0,1.68930e-2,3.41696e+0,0,0,0,0,0,0,0,0,0,0,0,0,0,0,0,1.03466e+3,7.90325e+1,4.19202e+1,0,0,0,0,0,1.25450e+1,5.97984e+0,3.39864e+1,0,0,0,0,0,6.72795e+1,4.74527e+1,0,0,0,0,0,0,3.09104e+3
"Asia-Stan","KGZ","Kyrgyzstan",2.11890e-2,0,6.34383e-1,0,8.31509e-1,0,0,0,1.88406e-1,2.47021e+1,1.94920e+0,0,0,0,0,0,0,0,0,0,0,0,0,0,0,0,0,0,0,0,0,0,0,1.84958e+2,9.19835e+0,6.80343e-1,0,0,0,0,0,5.61587e-1,2.43086e-2,1.40503e+0,0,0,0,0,0,3.73075e+0,1.96507e+1,0,0,0,0,0,0,2.48536e+2
"Asia-Stan","TJK","Tajikistan",8.26273e-3,0,0,0,7.44614e-1,0,0,0,0,9.12219e+0,4.31566e+0,0,0,0,0,0,0,0,0,0,0,0,0,0,0,0,0,0,0,0,0,0,0,1.15886e+2,9.38988e+0,3.57353e+0,0,0,0,0,0,1.39831e-1,0,1.17665e-2,0,0,0,0,0,3.98890e+0,1.60115e+1,0,0,0,0,0,0,1.63192e+2
"Asia-Stan","TKM","Turkmenistan",5.42455e-2,1.06381e-1,0,0,7.47325e-1,0,0,0,0,0,7.59612e+2,0,0,0,0,0,1.08182e-3,0,0,0,0,0,0,0,0,0,0,0,0,0,0,0,0,1.09757e+2,1.13115e+1,1.00333e+1,0,0,0,0,0,3.08345e-1,5.79456e-3,4.61784e-2,0,0,0,0,0,5.29415e+0,1.69590e+1,0,0,0,0,0,0,9.14237e+2
"Asia-Stan","UZB","Uzbekistan",2.60488e-1,9.74993e-2,0,0,2.10847e+0,0,0,0,0,9.31308e+0,4.44360e+2,0,0,0,0,0,0,0,0,0,0,0,0,0,0,0,0,0,0,0,0,0,0,4.89372e+2,4.32674e+1,6.52855e+1,0,0,0,0,0,8.98197e-1,5.63952e-3,2.06066e-1,0,0,0,0,0,1.48765e+1,8.32479e+1,0,0,0,0,0,0,1.15330e+3
"Russia +","ARM","Armenia",1.04012e-2,0,5.99353e-3,0,6.72950e-1,0,0,0,4.68968e-1,0,4.64038e+0,0,0,0,0,0,0,0,0,0,0,0,0,0,0,0,0,0,0,0,0,0,0,4.87161e+1,7.30892e+0,0,0,0,0,0,0,1.21465e-1,0,9.99192e-3,0,0,0,0,0,6.62604e+0,4.89192e+0,0,0,0,0,0,0,7.34732e+1
"Russia +","AZE","Azerbaijan",5.61056e-2,4.67341e-2,1.74743e-1,0,1.03356e+0,0,0,0,5.48117e-1,0,1.73191e+2,0,0,0,0,0,1.70970e-2,0,0,0,0,0,0,0,0,0,0,0,0,0,0,0,0,1.64175e+2,2.53007e+1,5.01433e-1,0,0,0,0,0,5.41413e-1,0,1.01868e-2,0,0,0,0,0,1.37170e+1,4.14135e+1,0,0,0,0,0,0,4.20726e+2
"Russia +","GEO","Georgia",2.86425e-2,0,4.73874e-1,0,4.73301e-1,3.66961e-1,0,0,1.56895e+1,1.00473e+1,8.67226e+0,0,0,0,0,0,0,6.39725e-1,0,0,0,0,0,0,0,0,0,0,0,0,0,0,0,9.82922e+1,2.62813e+1,0,0,0,0,0,0,1.85680e-1,0,2.99496e-2,0,0,0,0,0,1.38274e+1,1.46732e+1,0,0,0,0,0,0,1.89681e+2
"Russia +","RUS","Russian Federation",6.48109e+0,8.74573e-1,2.29606e+1,0,3.43689e+1,1.70266e+0,2.73420e+0,8.79656e-2,3.09807e+2,3.58929e+3,1.02163e+4,0,0,0,0,0,4.75287e+0,8.22012e+0,0,0,0,0,0,0,0,0,0,0,0,0,0,0,0,4.87364e+3,7.50734e+2,1.33555e+2,0,0,0,0,0,4.20405e+1,1.84445e+1,6.96360e+1,0,0,0,0,0,8.59895e+2,9.97746e+2,0,0,0,0,0,0,2.19433e+4
"Middle_East","ARE","United Arab Emirates",1.51105e-1,2.64187e-2,1.66090e-1,0,1.33851e+0,0,0,0,2.29139e-2,6.21860e-2,8.75546e+2,0,0,0,0,0,0,0,0,0,0,0,0,0,0,0,0,0,0,0,0,0,0,6.31865e+0,3.33382e-1,0,0,0,0,0,0,6.81980e-4,0,0,0,0,0,0,0,4.35625e+0,3.46246e+0,0,0,0,0,0,0,8.91785e+2
"Middle_East","BHR","Bahrain",1.19174e-1,1.12343e-1,3.64670e-2,0,1.49860e-1,0,0,0,7.11756e-3,4.01200e-3,5.91281e+1,0,0,0,0,0,0,0,0,0,0,0,0,0,0,0,0,0,0,0,0,0,0,3.89850e-1,1.43055e-2,0,0,0,0,0,0,8.92298e-6,0,0,0,0,0,0,0,1.71144e+0,1.39384e+0,0,0,0,0,0,0,6.30665e+1
"Middle_East","IRN","Iran, Islamic Republic of",2.77915e-1,9.73907e-2,8.90701e-1,0,5.94717e+0,0,0,0,9.59447e+0,1.94069e+1,8.00064e+2,0,0,0,0,0,3.54366e-3,0,0,0,0,0,0,0,0,0,0,0,0,0,0,0,0,4.78775e+2,1.95151e+1,1.51820e+2,0,0,0,0,0,0,0,1.12207e-2,0,0,0,0,0,6.90390e+1,1.80971e+2,0,0,0,0,0,0,1.73641e+3
"Middle_East","IRQ","Iraq",7.17199e-2,7.69900e-2,1.71407e-1,0,2.25362e+0,0,0,0,5.99340e-1,9.02700e-1,1.01795e+3,0,0,0,0,0,0,0,0,0,0,0,0,0,0,0,0,0,0,0,0,0,0,1.39490e+2,6.08287e+0,1.82381e+1,0,0,0,0,0,1.39452e+0,0,1.21178e+0,0,0,0,0,0,4.57609e+1,5.52031e+1,0,0,0,0,0,0,1.28941e+3
"Middle_East","ISR","Israel",3.31594e-3,6.59842e-3,1.14551e-1,0,9.36104e-1,1.73752e-3,0,0,2.66699e-1,0,4.49172e+0,0,0,0,0,0,1.08944e-1,0,0,0,0,0,0,0,0,0,0,0,0,0,0,0,0,2.45517e+1,1.83898e+0,0,0,0,0,0,0,1.87028e-1,0,0,0,0,0,0,0,2.05241e+1,1.60333e+1,0,0,0,0,0,0,6.90648e+1
"Middle_East","JOR","Jordan",1.14658e-2,5.87752e-3,2.31111e-2,0,4.50140e-1,0,0,0,3.00870e-1,8.13246e-1,4.71430e-1,0,0,0,0,0,0,0,0,0,0,0,0,0,0,0,0,0,0,0,0,0,0,8.51758e+0,5.81330e-1,0,0,0,0,0,0,1.29322e-1,0,0,0,0,0,0,0,4.17783e+0,8.33854e+0,0,0,0,0,0,0,2.38207e+1
"Middle_East","KWT","Kuwait",1.15693e-1,1.42916e-1,1.34145e-1,0,1.18192e+0,0,0,0,4.96136e-1,2.26780e-1,4.14890e+2,0,0,0,0,0,0,0,0,0,0,0,0,0,0,0,0,0,0,0,0,0,0,3.79208e+0,1.21235e-1,0,0,0,0,0,0,1.16950e-4,0,0,0,0,0,0,0,8.58432e+0,8.49971e+0,0,0,0,0,0,0,4.38185e+2
"Middle_East","LBN","Lebanon",0,6.43311e-3,1.67472e-3,0,7.49293e-1,0,0,0,1.19241e+0,1.20360e+0,9.33161e-1,0,0,0,0,0,0,0,0,0,0,0,0,0,0,0,0,0,0,0,0,0,0,6.17234e+0,7.09979e-1,0,0,0,0,0,0,3.97126e-2,0,0,0,0,0,0,0,6.81205e+0,1.16894e+1,0,0,0,0,0,0,2.95100e+1
"Middle_East","OMN","Oman",4.70904e-2,0,1.63285e-3,0,2.71916e-1,0,0,0,1.73860e-1,9.34660e-2,3.06603e+2,0,0,0,0,0,0,0,0,0,0,0,0,0,0,0,0,0,0,0,0,0,0,1.07446e+1,4.44249e-1,0,0,0,0,0,0,2.14337e-3,0,0,0,0,0,0,0,9.41148e-1,4.13765e+0,0,0,0,0,0,0,3.23461e+2
"Middle_East","QAT","Qatar",2.00229e-1,4.06738e-2,3.46667e-2,1.63285e-3,2.20616e-1,0,0,0,3.14233e-2,6.01800e-3,1.93330e+2,0,0,0,0,0,4.42860e-2,0,0,0,0,0,0,0,0,0,0,0,0,0,0,0,0,1.37286e+0,7.84876e-2,0,0,0,0,0,0,3.49868e-4,0,0,0,0,0,0,0,1.86649e+0,3.94543e+0,0,0,0,0,0,0,2.01173e+2
"Middle_East","SAU","Saudi Arabia",1.12540e+0,6.37932e-1,1.55347e+0,8.13010e-3,4.90333e+0,0,0,0,2.21224e-1,6.04316e-1,3.47565e+3,0,0,0,0,0,2.46330e+0,0,0,0,0,0,0,0,0,0,0,0,0,0,0,0,0,6.03636e+1,2.66595e+0,1.97169e-3,0,0,0,0,0,3.67754e-1,0,0,0,0,0,0,0,3.32935e+1,3.87182e+1,0,0,0,0,0,0,3.62258e+3
"Middle_East","SYR","Syrian Arab Republic",1.19994e-2,2.70653e-2,1.79362e-1,0,9.84959e-1,0,0,0,4.28685e+0,2.00600e-1,4.23140e+1,0,0,0,0,0,0,0,0,0,0,0,0,0,0,0,0,0,0,0,0,0,0,8.65245e+1,3.38487e+0,6.57229e-3,0,0,0,0,0,2.48092e+0,0,1.76280e-1,0,0,0,0,0,1.17943e+1,3.12982e+1,0,0,0,0,0,0,1.83670e+2
"Middle_East","YEM","Yemen",4.86571e-3,7.82494e-3,0,0,4.77230e-1,0,0,0,2.45572e+0,3.91170e+0,1.47344e+0,0,0,0,0,0,0,0,0,0,0,0,0,0,0,0,0,0,0,0,0,0,0,7.18683e+1,3.19641e+0,0,0,0,0,0,0,7.88706e-1,0,0,0,0,0,0,0,1.92720e+0,3.16167e+1,0,0,0,0,0,0,1.17728e+2
"India +","AFG","Afghanistan",2.51011e-3,0,7.79419e-2,7.54184e-5,2.45343e-1,0,2.37549e-3,0,1.00896e+1,1.13040e+1,4.46316e+1,0,0,0,0,0,0,0,0,0,0,0,0,0,0,0,0,0,0,0,0,0,0,2.78754e+2,1.54723e+1,5.98720e+1,0,0,0,0,0,6.42219e-1,0,0,0,0,0,0,0,4.87815e+0,6.81543e+1,0,0,0,0,0,0,4.94126e+2
"India +","BGD","Bangladesh",3.96135e-2,4.95156e-3,1.03288e-1,0,1.84066e-1,7.47136e-3,2.78423e-2,0,1.48429e+2,2.10282e+1,2.48705e+1,0,0,0,0,0,0,0,0,0,0,0,0,0,0,0,0,0,0,0,0,0,0,5.93223e+2,6.00009e+1,2.86737e+3,0,0,0,0,2.44224e-1,1.04925e+1,1.83831e+1,0,0,0,0,0,0,4.08276e+1,3.60403e+2,0,0,0,0,0,0,4.14564e+3
"India +","BTN","Bhutan",9.70980e-6,0,6.11975e-3,1.77450e-6,4.87776e-4,0,6.22300e-6,0,1.30453e+1,4.41949e-1,0,0,0,0,0,0,0,0,0,0,0,0,0,0,0,0,0,0,0,0,0,0,0,1.03715e+1,1.07938e+0,8.87110e+0,0,0,0,0,0,2.38459e-1,0,0,0,0,0,0,0,1.97848e-1,5.01614e+0,0,0,0,0,0,0,3.92683e+1
"India +","IND","India",7.47430e-1,1.43634e-1,5.81530e+0,0,6.55488e+0,6.10075e-1,1.00819e-1,0,1.39429e+3,1.00450e+3,7.38888e+1,0,0,0,0,0,3.23620e-1,1.44771e+0,0,0,0,0,0,0,0,0,0,0,0,0,0,0,0,9.78793e+3,8.67579e+2,4.86604e+3,0,0,0,0,2.55288e+1,1.72708e+2,6.98496e+1,5.11128e-1,0,0,0,0,0,3.42858e+2,2.50358e+3,0,0,4.30200e+1,0,0,0,2.11680e+4
"India +","IOT","British Indian Ocean Territory",0,0,0,0,0,0,0,0,0,0,0,0,0,0,0,0,0,0,0,0,0,0,0,0,0,0,0,0,0,0,0,0,0,0,0,0,0,0,0,0,0,0,0,0,0,0,0,0,0,0,0,0,0,0,0,0,0,0,
"India +","LKA","Sri Lanka",4.31407e-3,4.21583e-3,5.44911e-1,2.67956e-3,3.52128e-1,6.08133e-3,1.17230e-3,0,2.45506e+1,3.11522e+0,5.03265e-1,0,0,0,0,0,0,0,0,0,0,0,0,0,0,0,0,0,0,0,0,0,0,1.09790e+2,9.06849e+0,3.27678e+2,0,0,0,0,1.57243e-1,1.81603e-1,1.65532e+0,0,0,0,0,0,0,2.11876e+1,6.79449e+1,0,0,0,0,0,0,5.66748e+2
"India +","MDV","Maldives",8.81847e-5,0,7.83183e-4,8.47001e-7,1.20114e-3,0,4.40020e-5,0,4.65524e-3,4.22280e-2,0,0,0,0,0,0,0,0,0,0,0,0,0,0,0,0,0,0,0,0,0,0,0,0,0,0,0,0,0,0,0,7.18946e-3,0,0,0,0,0,0,0,2.17460e-1,5.94392e-1,0,0,0,0,0,0,8.68042e-1
"India +","NPL","Nepal",3.76812e-4,0,5.50565e-2,0,3.78218e-2,0,0,0,5.41427e+1,3.97708e+0,0,0,0,0,0,0,0,0,0,0,0,0,0,0,0,0,0,0,0,0,0,0,0,3.52959e+2,2.95556e+1,4.21706e+2,0,0,0,0,7.83168e-1,6.09474e+0,3.49683e-1,0,0,0,0,0,0,1.19428e+0,6.29333e+1,0,0,0,0,0,0,9.33789e+2
"India +","PAK","Pakistan",1.61093e-1,5.42575e-3,3.86777e-1,0,1.59419e+0,2.24140e-2,0,0,1.00863e+2,2.77705e+1,3.10437e+2,0,0,0,0,0,0,0,0,0,0,0,0,0,0,0,0,0,0,0,0,0,0,1.50697e+3,1.08524e+2,8.96933e+2,0,0,0,0,1.24584e+0,6.23222e+0,8.29124e-2,9.33528e-2,0,0,0,0,0,4.79683e+1,3.17241e+2,0,0,0,0,0,0,3.32653e+3
"Korea","KOR","Korea, Republic of",3.12880e-2,1.02815e-1,1.33898e+0,4.62642e-3,1.64969e+0,1.67472e-4,1.68812e-1,3.69654e-1,1.15271e+2,2.65408e+2,7.88569e+0,0,0,0,0,0,6.52819e-1,7.69743e-1,0,0,0,0,0,0,0,0,0,0,0,0,0,0,0,1.13537e+2,6.21438e+0,6.21220e+2,0,0,0,0,0,6.95026e-1,0,4.14528e-1,0,0,0,0,0,4.09509e+1,2.06333e+2,0,0,0,0,0,0,1.38302e+3
"Korea","PRK","Korea, Democratic People's Republic of",1.24713e-1,1.90918e-3,6.56578e+0,0,1.38526e+0,0,0,0,6.86107e+1,4.67490e+2,5.21627e-1,0,0,0,0,0,0,2.73903e-1,0,0,0,0,0,0,0,0,0,0,0,0,0,0,0,5.94902e+1,9.68873e+0,2.33432e+2,0,0,0,0,0,3.56647e+0,0,4.82784e+1,0,0,0,0,0,1.72236e+1,8.41517e+1,1.24756e-1,0,0,0,0,0,1.00093e+3
"China +","CHN","China",2.68047e+0,1.42039e+0,5.66494e+1,6.99196e-3,1.22549e+1,7.90468e-1,0,4.74071e-1,3.56066e+3,6.71966e+3,7.59849e+2,0,0,0,0,0,3.57293e+0,8.48414e+0,0,0,0,0,0,0,0,0,0,0,0,0,0,0,0,4.79398e+3,9.32879e+2,1.95295e+4,0,0,0,0,7.84008e+0,1.02016e+1,1.72945e+1,8.74584e+1,0,0,0,0,0,5.37080e+2,4.25100e+3,3.69622e+0,0,9.00000e+1,0,0,0,4.13874e+4
"China +","HKG","Hong Kong",3.76812e-5,0,8.64992e-2,0,3.92596e-1,0,0,0,2.61466e-1,0,1.01796e+0,0,0,0,0,0,0,0,0,0,0,0,0,0,0,0,0,0,0,0,0,0,0,0,0,0,0,0,0,0,0,0,0,0,0,0,0,0,0,2.32470e+1,2.28016e+1,1.30230e-1,0,0,0,0,0,4.79374e+1
"China +","MAC","Macao",2.95261e-4,0,1.76523e-3,3.32555e-5,1.45788e-2,0,4.26132e-4,0,2.28293e-2,0,0,0,0,0,0,0,0,0,0,0,0,0,0,0,0,0,0,0,0,0,0,0,0,0,0,0,0,0,0,0,0,0,0,0,0,0,0,0,0,1.53833e+0,1.09106e+0,7.28481e-3,0,0,0,0,0,2.67660e+0
"China +","MNG","Mongolia",4.67401e-3,0,2.28065e-1,2.10243e-4,5.13140e-1,0,5.95524e-3,0,6.60315e+0,3.35924e+1,0,0,0,0,0,0,0,0,0,0,0,0,0,0,0,0,0,0,0,0,0,0,0,2.80107e+2,1.23429e+1,0,0,0,0,0,0,6.95446e-2,5.97696e-1,5.03376e+1,0,0,0,0,0,1.40067e+0,7.02109e+0,1.30801e-2,0,0,0,0,0,3.92837e+2
"China +","TWN","Taiwan_Province of China",6.03327e-2,1.13076e-1,1.46168e+0,0,2.76026e+0,8.28568e-3,6.44767e-3,0,1.75032e+0,3.67115e+1,3.40303e+1,0,0,0,0,0,0,5.20442e-1,0,0,0,0,0,0,0,0,0,0,0,0,0,0,0,1.97553e+1,3.93748e+1,0,0,0,0,0,0,0,0,0,0,0,0,0,0,4.47978e+1,9.46965e+1,2.64677e-1,0,0,0,0,0,2.76312e+2
"Southeastern Asia","BRN","Brunei Darussalam",2.25668e-2,9.80967e-2,5.14975e-3,0,1.11641e-1,0,0,0,4.47668e-2,1.03360e-2,1.83960e+2,0,0,0,0,0,0,0,0,0,0,0,0,0,0,0,0,0,0,0,0,0,0,9.12476e-1,1.24349e-1,6.83780e-1,0,0,0,0,0,1.70707e-2,2.49363e+1,0,0,0,0,0,0,9.75592e-1,7.95082e-1,3.13545e-2,0,0,0,0,0,2.12728e+2
"Southeastern Asia","KHM","Cambodia",6.31236e-5,0,3.10950e-2,2.64235e-5,5.56895e-3,0,7.92960e-5,0,4.67193e+1,1.55336e+0,0,0,0,0,0,0,0,0,0,0,0,0,0,0,0,0,0,0,0,0,0,0,0,5.63852e+1,5.08997e+0,3.41441e+2,0,0,0,0,6.08544e+1,1.09863e+1,0,0,0,0,0,0,0,2.71806e+0,3.44298e+1,8.39956e-2,0,0,0,0,0,5.60298e+2
"Southeastern Asia","LAO","Lao People's Democratic Republic",5.60149e-4,0,1.53619e-2,2.33085e-4,4.43255e-2,0,5.84178e-4,0,2.22390e+1,1.01202e+0,0,0,0,0,0,0,0,0,0,0,0,0,0,0,0,0,0,0,0,0,0,0,0,6.61289e+1,8.97382e+0,1.35262e+2,0,0,0,0,8.21088e+1,5.88985e+0,4.07347e+1,0,0,0,0,0,0,1.03307e+0,1.40003e+1,0,0,0,0,0,0,3.77444e+2
"Southeastern Asia","MMR","Myanmar",2.95003e-2,7.82933e-3,1.06177e-1,0,4.44392e-1,0,0,0,7.16314e+1,4.58576e+1,2.50881e+1,0,0,0,0,0,0,0,0,0,0,0,0,0,0,0,0,0,0,0,0,0,0,5.06425e+2,5.31815e+1,1.30878e+3,0,0,0,0,5.81136e+1,5.08025e+1,1.78269e+3,0,0,0,0,0,0,2.02549e+1,1.44665e+2,0,0,0,0,0,0,4.06807e+3
"Southeastern Asia","MYS","Malaysia",2.59218e-2,2.80516e-3,3.62494e-1,0,2.11431e+0,0,0,0,2.28200e+1,2.89867e+1,1.19718e+2,0,0,0,0,0,6.71700e-3,0,0,0,0,0,0,0,0,0,0,0,0,0,0,0,0,4.43836e+1,1.49237e+1,2.57538e+2,0,0,0,0,4.62096e+1,7.91045e+0,2.20041e+2,0,0,0,0,0,0,2.62363e+1,7.33399e+1,4.27157e-1,0,0,0,0,0,8.65046e+2
"Southeastern Asia","PHL","Philippines",8.50425e-2,6.75015e-2,1.39640e+0,1.46538e-4,1.44974e+0,0,6.41836e-2,0,8.26021e+1,7.30714e+1,3.59227e+0,0,0,0,0,0,9.28705e-2,4.50382e-1,0,0,0,0,0,0,0,0,0,0,0,0,0,0,0,2.86871e+2,5.80995e+1,1.17198e+3,0,0,0,0,6.86592e+0,4.90537e+1,9.93480e+0,0,0,0,0,0,0,6.38373e+1,2.28218e+2,0,0,0,0,0,0,2.03773e+3
"Southeastern Asia","SGP","Singapore",4.13300e-5,4.43901e-2,3.08149e-2,0,5.45056e-1,0,0,0,2.76350e-2,3.00900e+0,1.27372e+1,0,0,0,0,0,0,0,0,0,0,0,0,0,0,0,0,0,0,0,0,0,0,1.10166e+0,2.97488e+0,0,0,0,0,0,1.29862e+0,7.97909e-4,0,0,0,0,0,0,0,4.27566e+0,1.13797e+1,2.57754e+0,0,0,0,0,0,4.00031e+1
"Southeastern Asia","THA","Thailand",2.30921e-2,1.45625e-2,1.92759e+0,0,2.60599e+0,0,8.79228e-4,0,1.22142e+2,3.05051e+2,3.05551e+0,0,0,0,0,0,8.16000e-4,0,0,0,0,0,0,0,0,0,0,0,0,0,0,0,0,5.67914e+2,3.72060e+1,2.47347e+3,0,0,0,0,7.21248e+1,5.32360e+1,2.47962e+1,0,0,0,0,0,0,8.12236e+1,2.12866e+2,1.15351e+0,0,0,0,0,0,3.95882e+3
"Southeastern Asia","TLS","Timor-Leste",0,0,2.73036e-3,0,0,0,0,0,1.75091e-1,0,0,0,0,0,0,0,0,0,0,0,0,0,0,0,0,0,0,0,0,0,0,0,0,4.28901e+0,4.55823e-1,5.15411e+0,0,0,0,0,0,3.02668e-1,0,0,0,0,0,0,0,1.14932e-1,2.61857e+0,3.06265e-3,0,0,0,0,0,1.31160e+1
"Southeastern Asia","VNM","Viet Nam",2.98001e-2,0,4.47150e-1,2.05153e-3,6.86074e-1,5.27536e-3,0,0,1.51237e+2,1.02292e+2,1.22942e+1,0,0,0,0,0,0,0,0,0,0,0,0,0,0,0,0,0,0,0,0,0,0,2.19581e+2,6.54487e+1,1.87683e+3,0,0,0,0,2.80248e+1,4.01323e+1,1.20292e+0,0,0,0,0,0,0,2.95895e+1,2.37474e+2,0,0,0,0,0,0,2.76528e+3
"Indonesia +","IDN","Indonesia",4.72443e-2,2.16294e-1,7.42572e-1,7.41064e-3,5.00871e+0,1.17230e-3,5.27537e-2,0,6.20353e+2,8.40303e+1,8.08065e+2,0,0,0,0,0,3.26100e-3,0,0,0,0,0,0,0,0,0,0,0,0,0,0,0,0,7.31392e+2,4.10296e+1,2.68212e+3,0,0,0,0,6.08424e+1,1.21947e+2,2.74645e+2,0,2.45727e+3,0,0,0,0,1.61236e+2,6.43680e+2,2.33164e+0,0,0,0,0,0,8.69502e+3
"Indonesia +","PNG","Papua New Guinea",5.86731e-3,0,1.81343e-2,1.71352e-4,5.51333e-2,0,3.16540e-3,0,1.88468e+1,3.08618e-1,0,0,0,0,0,0,0,0,0,0,0,0,0,0,0,0,0,0,0,0,0,0,0,7.57476e+0,3.67840e+0,6.18493e-2,0,0,0,0,1.65158e+1,2.59748e-1,3.19886e+1,0,0,0,0,0,0,1.55868e+0,1.24951e+1,4.99847e-2,0,0,0,0,0,9.34208e+1
"Japan","JPN","Japan",3.05055e+0,6.13714e-1,9.30382e+0,5.24814e-2,1.45953e+1,2.20145e-1,1.59316e+0,8.16426e-3,2.48342e+1,4.36784e+2,2.94435e+1,0,0,0,0,0,5.62349e+0,9.79640e+0,0,0,0,0,0,0,0,0,0,0,0,0,0,0,0,4.29260e+2,2.01655e+2,1.64934e+3,0,0,0,0,0,6.46379e-1,9.85008e+0,4.21512e+0,0,0,0,0,0,2.93812e+2,3.77020e+2,1.85558e+2,6.89332e-1,0,0,0,0,3.68797e+3
"Oceania","ASM","American Samoa",0,0,0,0,0,0,0,0,5.84307e-5,0,0,0,0,0,0,0,0,0,0,0,0,0,0,0,0,0,0,0,0,0,0,0,0,1.53493e-2,1.23642e-1,0,0,0,0,0,0,2.66217e-5,0,0,0,0,0,0,0,1.52659e-1,4.00404e-2,0,0,0,0,0,0,3.31776e-1
"Oceania","ATF","French Southern Territories",0,0,0,0,0,0,0,0,0,0,0,0,0,0,0,0,0,0,0,0,0,0,0,0,0,0,0,0,0,0,0,0,0,0,0,0,0,0,0,0,0,0,0,0,0,0,0,0,0,0,0,0,0,0,0,0,0,0,
"Oceania","AUS","Australia",9.60771e-1,2.42864e-1,4.32626e+0,2.13317e-2,1.57067e+1,1.11015e-1,3.22091e-1,0,3.53645e+1,5.76166e+2,2.09988e+2,0,0,0,0,0,5.32632e-3,8.20514e-1,0,0,0,0,0,0,0,0,0,0,0,0,0,0,0,2.64661e+3,1.88165e+2,5.24292e+1,0,0,0,0,7.61112e+2,2.46764e+1,9.23174e+1,1.97453e+2,0,0,0,0,0,3.65963e+2,4.71146e+1,4.28044e-3,0,6.00000e-1,0,0,0,5.22048e+3
"Oceania","CCK","Cocos (Keeling) Islands",0,0,0,0,0,0,0,0,0,0,0,0,0,0,0,0,0,0,0,0,0,0,0,0,0,0,0,0,0,0,0,0,0,0,0,0,0,0,0,0,0,0,0,0,0,0,0,0,0,0,0,0,0,0,0,0,0,0,
"Oceania","COK","Cook Islands",0,0,0,0,0,0,0,0,9.46152e-3,0,0,0,0,0,0,0,0,0,0,0,0,0,0,0,0,0,0,0,0,0,0,0,0,1.60902e-1,6.07827e-2,0,0,0,0,0,0,4.31078e-3,0,0,0,0,0,0,0,0,2.82590e-2,0,0,0,0,0,0,2.63716e-1
"Oceania","CXR","Christmas Island",0,0,0,0,0,0,0,0,0,0,0,0,0,0,0,0,0,0,0,0,0,0,0,0,0,0,0,0,0,0,0,0,0,0,0,0,0,0,0,0,0,0,0,0,0,0,0,0,0,0,0,0,0,0,0,0,0,0,
"Oceania","FJI","Fiji",7.15803e-3,0,6.24957e-3,4.87357e-4,8.89839e-2,0,3.02014e-3,0,8.76414e-1,1.55958e-1,0,0,0,0,0,0,0,0,0,0,0,0,0,0,0,0,0,0,0,0,0,0,0,1.45328e+1,2.32916e+0,2.96082e+0,0,0,0,0,0,3.28770e-1,0,0,0,0,0,0,0,1.54756e+0,1.63890e+0,0,0,0,0,0,0,2.44763e+1
"Oceania","FSM","Micronesia, Federated States of",0,0,0,0,0,0,0,0,0,2.34600e-2,0,0,0,0,0,0,0,0,0,0,0,0,0,0,0,0,0,0,0,0,0,0,0,3.74875e-1,1.44302e-2,2.72750e-2,0,0,0,0,0,0,0,0,0,0,0,0,0,1.46305e-1,8.50650e-2,0,0,0,0,0,0,6.71410e-1
"Oceania","GUM","Guam",0,0,0,0,0,0,0,0,2.30876e-3,0,0,0,0,0,0,0,0,0,0,0,0,0,0,0,0,0,0,0,0,0,0,0,0,8.56176e-2,1.58008e-1,0,0,0,0,0,0,1.05189e-3,0,0,0,0,0,0,0,7.95099e-1,8.67548e-1,0,0,0,0,0,0,1.90963e+0
"Oceania","HMD","Heard Island and McDonald Islands",0,0,0,0,0,0,0,0,0,0,0,0,0,0,0,0,0,0,0,0,0,0,0,0,0,0,0,0,0,0,0,0,0,0,0,0,0,0,0,0,0,0,0,0,0,0,0,0,0,0,0,0,0,0,0,0,0,0,
"Oceania","KIR","Kiribati",8.78550e-5,0,2.85840e-4,1.50100e-5,2.23914e-3,0,4.77330e-5,0,1.21327e-2,1.74420e-2,0,0,0,0,0,0,0,0,0,0,0,0,0,0,0,0,0,0,0,0,0,0,0,1.00000e-2,4.22126e-2,0,0,0,0,0,0,5.17042e-3,0,0,0,0,0,0,0,1.37008e-1,1.45207e-1,0,0,0,0,0,0,3.71849e-1
"Oceania","MHL","Marshall Islands",0,0,0,0,0,0,0,0,0,0,0,0,0,0,0,0,0,0,0,0,0,0,0,0,0,0,0,0,0,0,0,0,0,0,0,0,0,0,0,0,0,0,0,0,0,0,0,0,0,1.13492e-1,3.37593e-2,0,0,0,0,0,0,1.47251e-1
"Oceania","MNP","Northern Mariana Islands",0,0,0,0,0,0,0,0,3.26046e-3,0,0,0,0,0,0,0,0,0,0,0,0,0,0,0,0,0,0,0,0,0,0,0,0,0,1.52587e-5,0,0,0,0,0,0,1.48550e-3,0,0,0,0,0,0,0,1.25118e-1,1.95900e-2,0,0,0,0,0,0,1.49469e-1
"Oceania","NCL","New Caledonia",1.96033e-3,0,7.09783e-3,2.87890e-5,8.74191e-2,0,1.63302e-3,0,1.02608e-1,2.42760e-2,0,0,0,0,0,0,0,0,0,0,0,0,0,0,0,0,0,0,0,0,0,0,0,5.99897e+0,6.40950e-1,0,0,0,0,0,0,5.32704e-3,0,0,0,0,0,0,0,8.84526e-1,1.76669e-1,0,0,0,0,0,0,7.93146e+0
"Oceania","NFK","Norfolk Island",0,0,0,0,0,0,0,0,0,0,0,0,0,0,0,0,0,0,0,0,0,0,0,0,0,0,0,0,0,0,0,0,0,0,0,0,0,0,0,0,0,0,0,0,0,0,0,0,0,0,4.00770e-3,0,0,0,0,0,0,4.00770e-3
"Oceania","NIU","Niue",0,0,0,0,0,0,0,0,2.05660e-4,6.12000e-4,0,0,0,0,0,0,0,0,0,0,0,0,0,0,0,0,0,0,0,0,0,0,0,3.13675e-2,1.75800e-2,0,0,0,0,0,0,9.37008e-5,0,0,0,0,0,0,0,4.42534e-3,6.67760e-3,0,0,0,0,0,0,6.09618e-2
"Oceania","NRU","Nauru",0,0,0,0,0,0,0,0,0,0,0,0,0,0,0,0,0,0,0,0,0,0,0,0,0,0,0,0,0,0,0,0,0,1.80000e-3,5.24063e-3,0,0,0,0,0,0,0,0,0,0,0,0,0,0,5.01961e-2,9.96939e-3,0,0,0,0,0,0,6.72061e-2
"Oceania","NZL","New Zealand",1.06146e-1,1.91595e-2,7.13168e-1,2.97263e-3,2.28764e+0,1.25604e-4,2.52046e-2,6.78261e-3,3.06937e+0,1.04358e+1,1.66463e+1,0,0,0,0,0,0,0,0,0,0,0,0,0,0,0,0,0,0,0,0,0,0,1.09522e+3,8.33401e+1,0,0,0,0,0,0,7.76127e-1,0,0,0,0,0,0,0,7.59128e+1,8.78318e+0,0,0,0,0,0,0,1.29734e+3
"Oceania","PCN","Pitcairn",0,0,0,0,0,0,0,0,0,0,0,0,0,0,0,0,0,0,0,0,0,0,0,0,0,0,0,0,0,0,0,0,0,0,0,0,0,0,0,0,0,0,0,0,0,0,0,0,0,0,1.08303e-3,0,0,0,0,0,0,1.08303e-3
"Oceania","PLW","Palau",0,0,0,0,0,0,0,0,0,0,0,0,0,0,0,0,0,0,0,0,0,0,0,0,0,0,0,0,0,0,0,0,0,0,0,0,0,0,0,0,0,0,0,0,0,0,0,0,0,0,3.70208e-2,0,0,0,0,0,0,3.70208e-2
"Oceania","PYF","French Polynesia",9.71037e-4,0,1.04967e-3,8.97149e-6,1.86689e-2,0,4.71079e-4,0,2.38557e-2,0,0,0,0,0,0,0,0,0,0,0,0,0,0,0,0,0,0,0,0,0,0,0,0,5.93533e-1,2.66580e-1,0,0,0,0,0,0,6.38513e-3,0,0,0,0,0,0,0,9.18169e-1,5.97168e-1,0,0,0,0,0,0,2.42686e+0
"Oceania","SLB","Solomon Islands",6.98673e-4,0,1.30461e-3,1.38320e-5,8.71562e-3,0,2.95064e-4,0,4.02508e-1,5.17480e-2,0,0,0,0,0,0,0,0,0,0,0,0,0,0,0,0,0,0,0,0,0,0,0,8.63978e+1,2.47403e+0,1.27174e+0,0,0,0,0,0,2.02607e-2,0,0,0,0,0,0,0,9.37735e-2,3.46503e-1,0,0,0,0,0,0,9.10694e+1
"Oceania","TKL","Tokelau",0,0,0,0,0,0,0,0,3.97635e-4,0,0,0,0,0,0,0,0,0,0,0,0,0,0,0,0,0,0,0,0,0,0,0,0,1.03000e-3,3.17277e-3,0,0,0,0,0,0,1.81167e-4,0,0,0,0,0,0,0,0,1.01934e-2,0,0,0,0,0,0,1.49749e-2
"Oceania","TON","Tonga",0,0,0,0,1.07948e-2,0,0,0,9.84294e-3,1.85640e-2,0,0,0,0,0,0,0,0,0,0,0,0,0,0,0,0,0,0,0,0,0,0,0,9.24928e-1,1.21884e+0,0,0,0,0,0,0,4.48455e-3,0,0,0,0,0,0,0,1.57896e-1,5.61459e-1,0,0,0,0,0,0,2.90681e+0
"Oceania","TUV","Tuvalu",0,0,0,0,0,0,0,0,0,0,0,0,0,0,0,0,0,0,0,0,0,0,0,0,0,0,0,0,0,0,0,0,0,6.52000e-3,1.86221e-2,0,0,0,0,0,0,0,0,0,0,0,0,0,0,8.42652e-3,6.29750e-2,0,0,0,0,0,0,9.65436e-2
"Oceania","VUT","Vanuatu",5.81400e-4,0,8.18631e-4,1.54595e-5,1.21772e-2,0,3.64595e-4,0,1.39413e-1,2.30860e-2,0,0,0,0,0,0,0,0,0,0,0,0,0,0,0,0,0,0,0,0,0,0,0,5.70628e+0,1.10846e+0,0,0,0,0,0,0,2.33244e-2,0,0,0,0,0,0,0,1.13599e-1,6.06804e-1,0,0,0,0,0,0,7.73492e+0
"Oceania","WLF","Wallis and Futuna",0,0,0,0,0,0,0,0,2.26565e-3,0,0,0,0,0,0,0,0,0,0,0,0,0,0,0,0,0,0,0,0,0,0,0,0,5.85312e-2,5.11653e-2,0,0,0,0,0,0,1.03226e-3,0,0,0,0,0,0,0,0,5.29593e-2,0,0,0,0,0,0,1.65954e-1
"Oceania","WSM","Samoa",3.06047e-4,0,8.69313e-4,3.88850e-5,1.68612e-2,0,2.89156e-4,0,2.51302e-1,2.59420e-2,0,0,0,0,0,0,0,0,0,0,0,0,0,0,0,0,0,0,0,0,0,0,0,1.50888e+0,8.93254e-1,0,0,0,0,0,0,2.49318e-3,0,0,0,0,0,0,0,2.29550e-1,9.30412e-1,0,0,0,0,0,0,3.86020e+0
"Antartica","ATA","Antarctica",0,0,0,0,0,0,0,0,0,0,0,0,0,0,0,0,0,0,0,0,0,0,0,0,0,0,0,0,0,0,0,0,0,0,0,0,0,0,0,0,0,0,0,0,0,0,0,0,0,0,0,0,0,0,0,0,0,0,
"Int. Shipping","SEA","Int. Shipping",0,0,0,0,0,0,0,0,0,0,4.63190e+0,0,3.14898e+1,0,0,0,0,0,0,0,0,0,0,0,0,0,0,0,0,0,0,0,0,0,0,0,0,0,0,0,0,0,0,0,0,0,0,0,0,0,0,0,0,0,0,0,0,3.61217e+1
"Int. Aviation","AIR","Int. Aviation",0,0,0,0,0,0,0,0,0,0,0,1.44746e+0,0,0,0,0,0,0,0,0,0,0,0,0,0,0,0,0,0,0,0,0,0,0,0,0,0,0,0,0,0,0,0,0,0,0,0,0,0,0,0,0,0,0,0,0,0,1.44746e+0

"TOTALS",,,5.86153e+1,2.36293e+1,3.11736e+2,1.44776e+0,7.01225e+2,8.84686e+0,9.84736e+0,2.89739e+0,1.11848e+4,3.13100e+4,4.13367e+4,1.44746e+0,3.14898e+1,0,0,0,6.22528e+1,8.48859e+1,0,0,0,0,0,0,0,0,0,0,0,0,0,0,0,8.13500e+4,1.05044e+4,4.50946e+4,0,0,0,0,8.67078e+3,1.02746e+3,1.04276e+4,1.08729e+3,2.45727e+3,0,0,0,0,2.10357e+4,1.90542e+4,2.68959e+2,8.75292e-1,1.48620e+2,0,0,0,02.86258e+5