"Content:","Emissions by country and main source category" 
"Compound:","CH4"
"Year: ","1989"
"Unit:","Gg CH4"
"Source:","European Commission, Joint Research Centre (JRC)/PBL Netherlands Environmental Assessment Agency. Emission Database for Global Atmospheric Research (EDGAR), release version 4.2. http://edgar.jrc.ec.europe.eu, 2010" 
"Dataset:","v4.2_EM_CH4_300911(edgar)"
"Date calculated:","November 30, 1999, 12:00 am"

,,,"Public electricity and heat production","Other Energy Industries","Manufacturing Industries and Construction","Domestic aviation","Road transportation","Rail transportation","Inland navigation","Other transportation","Residential and other sectors","Fugitive emissions from solid fuels","Fugitive emissions from oil and gas","Memo: International aviation","Memo: International navigation","Cement production","Lime production","Production of other minerals","Production of chemicals","Production of metals","Production of pulp/paper/food/drink","Production of halocarbons and SF6","Refrigeration and Air Conditioning","Foam Blowing","Fire Extinguishers","Aerosols","F-gas as Solvent","Semiconductor/Electronics Manufacture","Electrical Equipment","Other F-gas use","Non-energy use of lubricants/waxes (CO2)","Solvent and other product use: paint","Solvent and other product use: degrease","Solvent and other product use: chemicals","Solvent and other product use: other","Enteric fermentation","Manure management","Rice cultivation","Direct soil emissions","Manure in pasture/range/paddock","Indirect N2O from agriculture","Other direct soil emissions","Savanna burning","Agricultural waste burning","Forest fires","Grassland fires","Peat fires and decay of drained peatland","Other vegetation fires","Other biomass burning","Forest Fires-Post burn decay","Forest Land: net carbon stock change","Solid waste disposal on land","Wastewater handling","Waste incineration","Other waste handling","Fossil fuel fires","Indirect N2O from non-agricultural NOx","Indirect N2O from non-agricultural NH3","Other sources",

"World Region","ISO_A3","Country","1A1a","1A1bc","1A2","1A3a","1A3b","1A3c","1A3d","1A3e","1A4","1B1","1B2","1C1","1C2","2A1","2A2","2A7","2B","2C","2D","2E","2F1","2F2","2F3","2F4","2F5","2F7","2F8","2F9","2G","3A","3B","3C","3D","4A","4B","4C","4D1","4D2","4D3","4D4","4E","4F","5A","5C","5D","5F","5F1","5F2","5FL","6A","6B","6C","6D","7A","7B","7C","7D","TOTAL" 
"Canada","CAN","Canada",1.92545e+0,1.40896e+0,1.00288e+1,7.63881e-2,2.02486e+1,3.65054e-1,5.10831e-1,1.17147e-1,4.29947e+1,1.16907e+2,1.41941e+3,0,0,0,0,0,6.15801e+0,5.50760e-1,0,0,0,0,0,0,0,0,0,0,0,0,0,0,0,6.51460e+2,2.31109e+2,0,0,0,0,0,0,7.34082e+0,4.66901e+2,3.90504e+2,0,0,0,0,0,8.40858e+2,1.80094e+2,4.65960e+0,3.96192e+0,0,0,0,0,4.39759e+3
"USA","SPM","Saint Pierre and Miquelon",0,0,0,0,0,0,0,0,0,0,0,0,0,0,0,0,0,0,0,0,0,0,0,0,0,0,0,0,0,0,0,0,0,3.03726e-3,9.63152e-4,0,0,0,0,0,0,0,0,0,0,0,0,0,0,4.14068e-2,1.04259e-2,8.23849e-4,1.84492e-4,0,0,0,0,5.68415e-2
"USA","UMI","United States Minor Outlying Islands",0,0,0,0,0,0,0,0,0,0,0,0,0,0,0,0,0,0,0,0,0,0,0,0,0,0,0,0,0,0,0,0,0,0,0,0,0,0,0,0,0,0,0,0,0,0,0,0,0,0,0,0,0,0,0,0,0,0,
"USA","USA","United States",5.96460e+1,7.78134e+0,3.96715e+1,1.29818e+0,2.19558e+2,1.84455e+0,1.17553e+0,6.15920e-1,6.47183e+2,4.14507e+3,6.57726e+3,0,0,0,0,0,1.96092e+1,1.86759e+0,0,0,0,0,0,0,0,0,0,0,0,0,0,0,0,5.93975e+3,1.85395e+3,3.82481e+2,0,0,0,0,2.14224e-1,3.66401e+1,1.97045e+1,6.89184e+0,0,0,0,0,0,8.84540e+3,7.67330e+2,0,1.14795e+1,1.50000e+1,0,0,0,2.96014e+4
"Mexico","MEX","Mexico",2.22098e-1,1.01630e+0,4.49238e+0,0,2.15494e+1,1.20931e-1,0,0,7.22187e+1,4.82443e+1,1.20021e+3,0,0,0,0,0,1.01234e+0,3.63020e-1,0,0,0,0,0,0,0,0,0,0,0,0,0,0,0,2.31078e+3,1.64772e+2,2.28375e+1,0,0,0,0,2.77440e+1,2.82620e+1,7.09936e+1,1.55808e-1,0,0,0,0,0,2.70077e+2,4.46168e+2,0,0,0,0,0,0,4.69124e+3
"Rest Central America","ABW","Aruba",1.98644e-3,0,8.55751e-3,2.77799e-6,4.08890e-2,0,0,0,1.37832e-2,9.51520e-3,1.19585e-3,0,0,0,0,0,0,0,0,0,0,0,0,0,0,0,0,0,0,0,0,0,0,3.39370e-2,4.18740e-3,0,0,0,0,0,0,0,0,0,0,0,0,0,0,2.82017e-1,3.13363e-1,0,0,0,0,0,0,7.09434e-1
"Rest Central America","AIA","Anguilla",1.44960e-4,0,7.50660e-4,0,0,0,0,0,4.28000e-5,1.46547e-1,0,0,0,0,0,0,0,0,0,0,0,0,0,0,0,0,0,0,0,0,0,0,0,0,0,0,0,0,0,0,0,0,0,0,0,0,0,0,0,6.96482e-3,2.81655e-2,0,0,0,0,0,0,1.82616e-1
"Rest Central America","ANT","Netherlands Antilles",0,1.27094e-2,2.52464e-2,8.16426e-4,1.43664e-1,0,0,0,1.80032e-2,1.94060e-2,2.69368e+0,0,0,0,0,0,0,0,0,0,0,0,0,0,0,0,0,0,0,0,0,0,0,1.75489e-1,8.93000e-3,0,0,0,0,0,0,0,0,0,0,0,0,0,0,1.32500e+0,8.13656e-1,0,0,0,0,0,0,5.23660e+0
"Rest Central America","ATG","Antigua and Barbuda",2.39475e-3,0,5.75952e-3,1.81235e-5,1.31685e-2,0,0,0,1.97311e-2,0,1.19649e-2,0,0,0,0,0,0,0,0,0,0,0,0,0,0,0,0,0,0,0,0,0,0,1.10717e+0,2.31946e-2,0,0,0,0,0,0,1.26035e-3,0,0,0,0,0,0,0,2.20608e-1,2.80797e-1,0,0,0,0,0,0,1.68607e+0
"Rest Central America","BHS","Bahamas",1.33609e-2,0,2.73068e-2,8.26924e-4,8.21553e-2,0,0,0,2.11027e-1,6.37268e-2,1.68807e-1,0,0,0,0,0,0,0,0,0,0,0,0,0,0,0,0,0,0,0,0,0,0,1.72837e-1,2.67438e-2,0,0,0,0,0,0,1.67130e-2,0,0,0,0,0,0,0,4.55097e+0,1.14746e+0,0,0,0,0,0,0,6.48193e+0
"Rest Central America","BLZ","Belize",4.39066e-3,0,1.57226e-2,6.49300e-6,1.89164e-2,0,0,0,9.04963e-1,4.70126e-2,6.22697e-3,0,0,0,0,0,0,0,0,0,0,0,0,0,0,0,0,0,0,0,0,0,0,3.19130e+0,9.91108e-2,6.29167e-1,0,0,0,0,8.20728e-1,3.00705e-1,0,0,0,0,0,0,0,6.06166e-1,9.04921e-1,0,0,0,0,0,0,7.54933e+0
"Rest Central America","BMU","Bermuda",8.04338e-3,0,5.92364e-3,1.77634e-4,2.26418e-2,0,0,0,6.07764e-2,0,2.38731e-2,0,0,0,0,0,0,0,0,0,0,0,0,0,0,0,0,0,0,0,0,0,0,7.56000e-2,3.69280e-3,0,0,0,0,0,0,4.01731e-5,0,0,0,0,0,0,0,6.96541e-1,2.64583e-1,0,0,0,0,0,0,1.16189e+0
"Rest Central America","BRB","Barbados",7.97769e-3,1.67472e-4,2.42259e-2,5.20675e-5,3.40247e-2,0,0,0,3.89658e-2,2.51965e-2,4.94550e-1,0,0,0,0,0,0,0,0,0,0,0,0,0,0,0,0,0,0,0,0,0,0,2.19648e+0,1.04881e-1,0,0,0,0,0,0,1.66672e-1,0,0,0,0,0,0,0,1.33367e+0,1.45251e+0,0,0,0,0,0,0,5.87937e+0
"Rest Central America","CRI","Costa Rica",1.05567e-3,4.76515e-3,2.62429e-1,0,1.96167e-1,0,0,4.35846e-2,6.31846e+0,1.10802e+0,1.74580e-1,0,0,0,0,0,0,0,0,0,0,0,0,0,0,0,0,0,0,0,0,0,0,1.36136e+2,3.13566e+0,6.53366e+0,0,0,0,0,1.50425e+0,9.06980e-1,0,0,0,0,0,0,0,4.45272e+0,1.36946e+1,0,0,0,0,0,0,1.74473e+2
"Rest Central America","CUB","Cuba",9.29884e-1,1.07391e-2,5.33775e+0,0,1.28512e+0,1.37264e-2,1.03749e-1,0,4.12911e+1,6.18644e+0,4.32870e+0,0,0,0,0,0,0,0,0,0,0,0,0,0,0,0,0,0,0,0,0,0,0,2.92914e+2,9.07745e+0,6.78131e+1,0,0,0,0,1.09111e+1,2.43629e+1,2.38850e+0,0,0,0,0,0,0,5.31348e+1,6.57592e+1,0,0,0,0,0,0,5.85848e+2
"Rest Central America","CYM","Cayman Islands",2.85053e-3,0,2.32009e-3,1.10560e-5,9.84635e-3,0,0,0,2.04976e-2,0,7.85900e-3,0,0,0,0,0,0,0,0,0,0,0,0,0,0,0,0,0,0,0,0,0,0,9.10739e-2,4.26399e-3,0,0,0,0,0,0,2.31409e-6,0,0,0,0,0,0,0,5.37749e-1,1.10012e-1,0,0,0,0,0,0,7.86486e-1
"Rest Central America","DMA","Dominica",1.51246e-3,0,6.25293e-3,2.76750e-6,4.85067e-3,0,0,0,4.20293e-3,2.43827e-2,1.36905e-3,0,0,0,0,0,0,0,0,0,0,0,0,0,0,0,0,0,0,0,0,0,0,9.40528e-1,2.11850e-2,0,0,0,0,0,0,2.06380e-3,0,0,0,0,0,0,0,3.76617e-1,3.64558e-1,0,0,0,0,0,0,1.74753e+0
"Rest Central America","DOM","Dominican Republic",3.64480e-2,0,3.94479e-1,0,7.84143e-1,0,0,1.54911e-3,1.12543e+1,9.69518e+0,5.17207e-1,0,0,0,0,0,0,0,0,0,0,0,0,0,0,0,0,0,0,0,0,0,0,1.57047e+2,4.16798e+0,4.09179e+1,0,0,0,0,1.37210e+0,2.75723e+0,1.08752e+0,0,0,0,0,0,0,2.50299e+1,3.28748e+1,3.27957e-1,0,0,0,0,0,2.88266e+2
"Rest Central America","GLP","Guadeloupe",9.74251e-3,0,3.53675e-2,3.01653e-4,6.73000e-2,0,0,0,4.93485e-1,1.35998e-1,4.30885e-2,0,0,0,0,0,0,0,0,0,0,0,0,0,0,0,0,0,0,0,0,0,0,4.56063e+0,1.26392e-1,0,0,0,0,0,0,2.56637e-1,0,0,0,0,0,0,0,2.60116e+0,2.05692e+0,0,0,0,0,0,0,1.03870e+1
"Rest Central America","GRD","Grenada",2.13560e-3,0,8.32080e-3,1.32665e-5,3.88545e-3,0,0,0,6.23493e-3,9.22724e-2,2.53378e-3,0,0,0,0,0,0,0,0,0,0,0,0,0,0,0,0,0,0,0,0,0,0,3.30644e-1,1.25194e-2,0,0,0,0,0,0,4.02052e-3,0,0,0,0,0,0,0,2.51699e-1,4.40340e-1,0,0,0,0,0,0,1.15462e+0
"Rest Central America","GTM","Guatemala",1.44293e-1,2.23629e-3,2.78338e-1,0,3.35566e-1,0,0,0,3.19624e+1,2.40071e+0,5.67875e-1,0,0,0,0,0,0,0,0,0,0,0,0,0,0,0,0,0,0,0,0,0,0,1.20669e+2,3.24324e+0,2.28375e+0,0,0,0,0,6.37704e+0,3.21316e+0,7.72820e+0,0,0,0,0,0,0,9.41177e+0,3.69902e+1,0,0,0,0,0,0,2.25607e+2
"Rest Central America","HND","Honduras",1.50725e-3,7.53624e-4,3.63332e-1,0,1.55633e-1,0,0,0,1.48835e+1,6.46345e-1,1.19468e-1,0,0,0,0,0,0,0,0,0,0,0,0,0,0,0,0,0,0,0,0,0,0,1.24473e+2,3.68220e+0,2.55599e+0,0,0,0,0,8.46984e+0,1.28029e+0,8.05256e+0,0,0,0,0,0,0,3.61694e+0,1.97029e+1,0,0,0,0,0,0,1.88004e+2
"Rest Central America","HTI","Haiti",1.70822e-2,0,1.54075e-1,0,5.04161e-2,0,0,9.04350e-3,1.10668e+1,1.98520e+1,0,0,0,0,0,0,0,0,0,0,0,0,0,0,0,0,0,0,0,0,0,0,0,7.11952e+1,2.76934e+0,8.46955e+0,0,0,0,0,0,1.11699e+0,0,0,0,0,0,0,0,1.07462e+1,3.12316e+1,0,0,0,0,0,0,1.56678e+2
"Rest Central America","JAM","Jamaica",2.55793e-1,7.11756e-4,1.23259e-1,4.18681e-5,2.05484e-1,0,0,0,1.61016e+0,4.98609e+0,3.16405e-1,0,0,0,0,0,0,0,0,0,0,0,0,0,0,0,0,0,0,0,0,0,0,2.42871e+1,7.85181e-1,2.32913e-2,0,0,0,0,0,7.01510e-1,0,0,0,0,0,0,0,8.02711e+0,1.10257e+1,0,0,0,0,0,0,5.23478e+1
"Rest Central America","KNA","Saint Kitts and Nevis",1.23981e-3,0,3.57013e-3,2.60350e-5,3.59349e-3,0,0,0,1.17100e-1,0,1.38214e-3,0,0,0,0,0,0,0,0,0,0,0,0,0,0,0,0,0,0,0,0,0,0,3.59807e-1,9.07250e-3,0,0,0,0,0,0,7.47881e-2,0,0,0,0,0,0,0,4.59755e-1,2.64103e-1,0,0,0,0,0,0,1.29444e+0
"Rest Central America","LCA","Saint Lucia",3.74196e-3,0,1.18077e-2,5.44750e-6,1.45814e-2,0,0,0,2.63855e-2,2.68554e-2,4.31910e-3,0,0,0,0,0,0,0,0,0,0,0,0,0,0,0,0,0,0,0,0,0,0,8.73527e-1,3.12380e-2,0,0,0,0,0,0,8.08113e-3,0,0,0,0,0,0,0,1.37695e-1,6.08215e-1,0,0,0,0,0,0,1.74645e+0
"Rest Central America","MSR","Montserrat",3.88041e-4,0,9.43356e-4,2.70150e-6,2.92204e-3,0,0,0,2.15254e-3,0,6.19826e-4,0,0,0,0,0,0,0,0,0,0,0,0,0,0,0,0,0,0,0,0,0,0,5.98478e-1,1.30390e-2,0,0,0,0,0,0,3.95683e-5,0,0,0,0,0,0,0,8.47780e-3,5.13161e-2,0,0,0,0,0,0,6.78379e-1
"Rest Central America","MTQ","Martinique",1.29528e-2,0,3.37005e-2,2.70514e-4,5.77724e-2,0,0,0,1.10917e-1,1.32869e-1,5.18784e-2,0,0,0,0,0,0,0,0,0,0,0,0,0,0,0,0,0,0,0,0,0,0,2.60630e+0,8.87654e-2,0,0,0,0,0,0,7.56111e-2,0,0,0,0,0,0,0,4.08828e+0,1.73929e+0,0,0,0,0,0,0,8.99861e+0
"Rest Central America","NIC","Nicaragua",2.02288e-2,8.40507e-4,2.35183e-1,6.28019e-5,9.53237e-2,0,2.63768e-3,0,1.03610e+1,2.21604e+0,1.45909e-1,0,0,0,0,0,0,0,0,0,0,0,0,0,0,0,0,0,0,0,0,0,0,1.44083e+2,4.38586e+0,5.98918e+0,0,0,0,0,8.62056e+0,1.07372e+0,0,0,0,0,0,0,0,1.64642e+1,1.76680e+1,0,0,0,0,0,0,2.11362e+2
"Rest Central America","PAN","Panama",3.75000e-2,4.92394e-3,1.12080e-1,0,2.76423e-1,0,0,1.93430e-2,5.01990e+0,2.77005e-1,2.57827e-1,0,0,0,0,0,0,0,0,0,0,0,0,0,0,0,0,0,0,0,0,0,0,9.02419e+1,2.00288e+0,1.32942e+1,0,0,0,0,1.48534e+0,6.60353e-1,0,0,0,0,0,0,0,6.79149e+0,1.02850e+1,0,0,0,0,0,0,1.30766e+2
"Rest Central America","PRI","Puerto Rico",0,0,0,0,0,0,0,0,0,0,0,0,0,0,0,0,0,0,0,0,0,0,0,0,0,0,0,0,0,0,0,0,0,3.82342e+1,1.03649e+0,7.56210e-3,0,0,0,0,0,3.31867e-1,1.81608e-1,0,0,0,0,0,0,2.88158e+1,1.55621e+1,0,0,0,0,0,0,8.41696e+1
"Rest Central America","SLV","El Salvador",6.39648e-2,5.02416e-4,2.95923e-1,0,2.08895e-1,0,0,0,1.29077e+1,1.47736e+0,1.83631e-1,0,0,0,0,0,0,0,0,0,0,0,0,0,0,0,0,0,0,0,0,0,0,6.71211e+1,2.04840e+0,2.34425e+0,0,0,0,0,1.56293e-1,1.31813e+0,0,0,0,0,0,0,0,1.13712e+1,2.33659e+1,0,0,0,0,0,0,1.22863e+2
"Rest Central America","TCA","Turks and Caicos Islands",1.84020e-4,0,9.52860e-4,0,0,0,0,0,5.44000e-5,4.35070e-3,0,0,0,0,0,0,0,0,0,0,0,0,0,0,0,0,0,0,0,0,0,0,0,0,0,0,0,0,0,0,0,0,0,0,0,0,0,0,0,5.42939e-2,4.65769e-2,0,0,0,0,0,0,1.06413e-1
"Rest Central America","TTO","Trinidad and Tobago",1.90735e-1,9.69174e-2,3.50016e-2,0,4.72940e-1,0,0,1.00483e-3,7.10046e-1,1.58534e-1,1.17591e+2,0,0,0,0,0,9.25775e-1,0,0,0,0,0,0,0,0,0,0,0,0,0,0,0,0,3.21351e+0,2.18889e-1,7.25962e-1,0,0,0,0,0,3.73128e-1,0,0,0,0,0,0,0,8.09414e+0,1.84370e+1,0,0,0,0,0,0,1.51245e+2
"Rest Central America","VCT","Saint Vincent and the Grenadines",2.55033e-3,0,9.42200e-3,2.90750e-6,5.15310e-3,0,0,0,3.74130e-2,2.52904e-2,2.30354e-3,0,0,0,0,0,0,0,0,0,0,0,0,0,0,0,0,0,0,0,0,0,0,5.01918e-1,2.22060e-2,7.56210e-4,0,0,0,0,0,2.01284e-2,0,0,0,0,0,0,0,2.80409e-1,5.08298e-1,0,0,0,0,0,0,1.41585e+0
"Rest Central America","VGB","Virgin Islands_British",6.87205e-4,0,1.40238e-3,4.10451e-6,4.46442e-3,0,0,0,3.85910e-3,2.50400e-3,1.07335e-3,0,0,0,0,0,0,0,0,0,0,0,0,0,0,0,0,0,0,0,0,0,0,4.96575e-1,2.88463e-2,0,0,0,0,0,0,0,0,0,0,0,0,0,0,1.12079e-1,6.22696e-2,0,0,0,0,0,0,7.13764e-1
"Rest Central America","VIR","Virgin Islands_USA",0,0,0,0,0,0,0,0,0,0,0,0,0,0,0,0,0,0,0,0,0,0,0,0,0,0,0,0,0,0,0,0,0,4.41800e-2,8.57060e-3,0,0,0,0,0,0,9.31190e-2,0,0,0,0,0,0,0,9.52985e-1,4.83120e-1,0,0,0,0,0,0,1.58198e+0
"Brazil","BRA","Brazil",9.59318e-1,9.23037e+0,2.39161e+1,4.35008e-2,1.19340e+1,1.07188e-1,3.03627e-1,0,1.52318e+2,9.60170e+2,2.42437e+2,0,0,0,0,0,1.61231e+0,2.73571e+0,0,0,0,0,0,0,0,0,0,0,0,0,0,0,0,8.56313e+3,2.22681e+2,4.59285e+2,0,0,0,0,4.24104e+2,1.39511e+2,1.59832e+3,9.63336e-1,0,0,0,0,0,4.97811e+2,1.42670e+3,6.23374e+0,1.02691e+0,0,0,0,0,1.47455e+4
"Rest South America","ARG","Argentina",6.79080e-1,5.63217e-1,1.55322e+0,1.44863e-2,5.48576e+0,0,2.93076e-3,0,5.08568e+0,3.00084e+1,6.20411e+2,0,0,0,0,0,2.27744e-1,1.53840e-1,0,0,0,0,0,0,0,0,0,0,0,0,0,0,0,3.55105e+3,6.56602e+1,1.58804e+1,0,0,0,0,1.14300e+1,2.24766e+1,3.51115e+1,7.56264e+1,0,0,0,0,0,1.24095e+2,2.10310e+2,0,0,0,0,0,0,4.77582e+3
"Rest South America","BOL","Bolivia",5.71350e-2,3.38713e-2,1.30628e-1,1.92592e-3,3.76213e-1,1.73752e-3,0,0,9.77960e+0,9.23350e-1,1.19093e+2,0,0,0,0,0,0,0,0,0,0,0,0,0,0,0,0,0,0,0,0,0,0,3.53609e+2,9.97825e+0,1.58804e+1,0,0,0,0,1.23307e+2,1.69157e+0,2.67471e+2,0,0,0,0,0,0,1.03988e+1,3.15070e+1,0,0,0,0,0,0,9.44240e+2
"Rest South America","BVT","Bouvet Island",0,0,0,0,0,0,0,0,0,0,0,0,0,0,0,0,0,0,0,0,0,0,0,0,0,0,0,0,0,0,0,0,0,0,0,0,0,0,0,0,0,0,0,0,0,0,0,0,0,0,0,0,0,0,0,0,0,0,
"Rest South America","CHL","Chile",2.03339e-1,8.45012e-2,1.20932e+0,0,1.42292e+0,4.34381e-3,4.54268e-2,0,2.31318e+1,4.96623e+1,5.67892e+1,0,0,0,0,0,1.47945e+0,1.52900e-2,0,0,0,0,0,0,0,0,0,0,0,0,0,0,0,2.70605e+2,5.91832e+0,6.50341e+0,0,0,0,0,0,2.36461e+0,1.81387e+0,4.11360e+0,0,0,0,0,0,3.01625e+1,1.12748e+2,0,0,0,0,0,0,5.68277e+2
"Rest South America","COL","Colombia",2.06868e-1,1.35704e-1,1.78144e+0,7.74558e-4,4.67358e+0,4.24960e-4,2.28599e-2,2.51208e-4,5.92483e+1,5.15057e+1,1.91264e+2,0,0,0,0,0,4.26904e-2,2.63200e-2,0,0,0,0,0,0,0,0,0,0,0,0,0,0,0,1.48922e+3,3.71841e+1,1.49269e+2,0,0,0,0,2.04012e+1,1.10666e+1,9.27520e+1,0,0,0,0,0,0,5.52702e+1,1.60623e+2,0,0,0,0,0,0,2.32470e+3
"Rest South America","ECU","Ecuador",2.47009e-3,3.18492e-2,3.67184e-1,1.46538e-4,1.39544e+0,8.68761e-4,1.27195e-1,0,1.52341e+1,1.57893e+1,8.32426e+1,0,0,0,0,0,6.19200e-5,0,0,0,0,0,0,0,0,0,0,0,0,0,0,0,0,2.40195e+2,8.70437e+0,9.24333e+1,0,0,0,0,1.04573e+0,3.00220e+0,9.53700e-1,0,0,0,0,0,0,1.29198e+1,4.55219e+1,0,0,0,0,0,0,5.20968e+2
"Rest South America","FLK","Falkland Islands (Malvinas)",4.42749e-4,0,1.87941e-4,5.13300e-6,6.91053e-4,0,0,0,2.48390e-3,1.25513e-2,5.65886e-4,0,0,0,0,0,0,0,0,0,0,0,0,0,0,0,0,0,0,0,0,0,0,4.16040e+0,8.24030e-2,0,0,0,0,0,0,0,0,0,0,0,0,0,0,9.36008e-3,8.51190e-3,3.27761e-5,5.87444e-6,0,0,0,0,4.27764e+0
"Rest South America","GUF","French Guiana",3.60981e-3,0,1.10291e-2,1.69933e-4,1.34686e-2,0,0,0,2.09996e-1,2.04139e-1,3.01301e-2,0,0,0,0,0,0,0,0,0,0,0,0,0,0,0,0,0,0,0,0,0,0,9.06272e-1,3.52703e-2,6.07993e-1,0,0,0,0,0,1.37986e-2,6.03126e-1,0,0,0,0,0,0,5.90058e-1,5.23895e-1,2.15285e-3,1.71498e-4,0,0,0,0,3.75528e+0
"Rest South America","GUY","Guyana",1.75113e-2,0,6.44642e-2,6.42800e-5,2.53205e-2,0,0,0,3.22077e+0,1.40850e-3,1.45425e-2,0,0,0,0,0,0,0,0,0,0,0,0,0,0,0,0,0,0,0,0,0,0,8.42809e+0,3.33879e-1,2.35751e+1,0,0,0,0,2.74632e+0,9.40652e-1,1.56672e+1,0,0,0,0,0,0,1.10791e+0,3.93827e+0,3.39119e-3,2.77022e-4,0,0,0,0,6.00852e+1
"Rest South America","PER","Peru",1.06821e-1,6.89418e-2,3.11330e-1,4.18681e-5,1.26335e+0,0,3.37037e-2,0,3.24850e+1,7.74448e+0,4.23719e+1,0,0,0,0,0,3.00000e-4,1.04400e-1,0,0,0,0,0,0,0,0,0,0,0,0,0,0,0,3.08438e+2,1.01899e+1,7.65283e+1,0,0,0,0,8.00568e-1,4.04442e+0,3.39946e+1,0,0,0,0,0,0,3.98163e+1,1.00925e+2,0,0,0,0,0,0,6.59228e+2
"Rest South America","PRY","Paraguay",2.39904e-2,8.79228e-4,1.43875e+0,0,1.87192e-1,1.25604e-2,3.22384e-3,2.93076e-4,1.92778e+1,1.80053e+1,7.67757e-2,0,0,0,0,0,0,0,0,0,0,0,0,0,0,0,0,0,0,0,0,0,0,4.68721e+2,1.14132e+1,4.90024e+0,0,0,0,0,6.21744e+1,2.93383e+0,6.77423e+1,7.19760e+0,0,0,0,0,0,1.14235e+1,1.95132e+1,0,0,0,0,0,0,6.95046e+2
"Rest South America","SGS","South Georgia and the South Sandwich Islands",0,0,0,0,0,0,0,0,0,0,0,0,0,0,0,0,0,0,0,0,0,0,0,0,0,0,0,0,0,0,0,0,0,0,0,0,0,0,0,0,0,0,0,0,0,0,0,0,0,0,0,0,0,0,0,0,0,0,
"Rest South America","SUR","Suriname",1.32587e-2,0,3.78486e-2,6.79229e-5,4.04083e-2,0,0,0,1.89345e-1,5.67312e-1,6.51617e-1,0,0,0,0,0,0,0,0,0,0,0,0,0,0,0,0,0,0,0,0,0,0,4.92854e+0,2.74278e-1,2.72396e+1,0,0,0,0,0,2.14484e-1,1.20924e+1,0,0,0,0,0,0,1.38107e+0,2.19094e+0,4.84286e-3,3.74730e-4,0,0,0,0,4.98264e+1
"Rest South America","URY","Uruguay",1.75517e-2,4.20494e-3,3.32223e-1,2.51208e-4,2.62193e-1,0,0,1.75846e-3,3.94635e+0,3.71224e-1,3.08277e-1,0,0,0,0,0,0,3.30000e-4,0,0,0,0,0,0,0,0,0,0,0,0,0,0,0,7.14050e+2,1.43148e+1,3.65631e+1,0,0,0,0,0,1.29321e+0,0,0,0,0,0,0,0,1.58337e+1,1.54574e+1,0,0,0,0,0,0,8.02756e+2
"Rest South America","VEN","Venezuela",3.18973e-1,8.84895e-1,1.09125e+0,0,8.10923e+0,1.21627e-3,0,6.28020e-4,7.88654e+0,3.75853e+1,7.44325e+2,0,0,0,0,0,3.31594e-1,9.35000e-2,0,0,0,0,0,0,0,0,0,0,0,0,0,0,0,8.24728e+2,2.29377e+1,1.41260e+1,0,0,0,0,3.09384e+1,3.65062e+0,6.50944e+1,0,0,0,0,0,0,7.68659e+1,1.09837e+2,0,0,0,0,0,0,1.94881e+3
"Northern_Africa","DZA","Algeria",4.96608e-1,8.31764e-1,1.48883e-1,0,2.52708e+0,0,0,0,2.00637e+1,3.51829e+1,1.20918e+3,0,0,0,0,0,2.24150e-1,1.75000e-1,0,0,0,0,0,0,0,0,0,0,0,0,0,0,0,1.67919e+2,6.76624e+0,8.32457e-2,0,0,0,0,0,8.78765e-2,0,0,0,0,0,0,0,4.74292e+1,9.23323e+1,0,0,0,0,0,0,1.58345e+3
"Northern_Africa","EGY","Egypt",3.47564e-1,9.81416e-2,1.54623e+0,3.16104e-3,2.68133e+0,0,0,0,4.97893e+1,9.33157e+1,3.38554e+2,0,0,0,0,0,3.36600e-3,1.41720e-1,0,0,0,0,0,0,0,0,0,0,0,0,0,0,0,3.00830e+2,9.33135e+0,1.62860e+2,0,0,0,0,0,3.42725e-1,0,0,0,0,0,0,0,8.67813e+1,1.92824e+2,0,0,0,0,0,0,1.23945e+3
"Northern_Africa","ESH","Western Sahara",1.01166e-3,6.25488e-5,4.29183e-4,4.43909e-5,8.73672e-3,3.29095e-6,0,0,7.27683e-3,0,4.45100e-3,0,0,0,0,0,0,0,0,0,0,0,0,0,0,0,0,0,0,0,0,0,0,9.28080e+0,2.64458e-1,0,0,0,0,0,0,7.52490e-5,0,0,0,0,0,0,0,2.07486e-1,9.49436e-1,0,0,0,0,0,0,1.07243e+1
"Northern_Africa","LBY","Libyan Arab Jamahiriya",5.30778e-2,4.43513e-1,4.50919e-2,4.18681e-5,1.61619e+0,0,0,0,2.04751e+0,5.09746e+0,5.92218e+2,0,0,0,0,0,1.35630e+0,0,0,0,0,0,0,0,0,0,0,0,0,0,0,0,0,4.79014e+1,1.77375e+0,0,0,0,0,0,0,1.46300e-2,0,0,0,0,0,0,0,1.63604e+1,1.88082e+1,0,0,0,0,0,0,6.87735e+2
"Northern_Africa","MAR","Morocco",2.17521e-2,5.02416e-3,2.91443e-1,0,4.13583e-1,0,2.93076e-3,0,2.46008e+1,1.34127e+1,7.07602e+0,0,0,0,0,0,0,0,0,0,0,0,0,0,0,0,0,0,0,0,0,0,0,2.47542e+2,8.85647e+0,1.09947e-1,0,0,0,0,0,2.77899e-1,0,0,0,0,0,0,0,3.51547e+1,9.88642e+1,0,0,0,0,0,0,4.36630e+2
"Northern_Africa","TUN","Tunisia",1.06136e-1,2.68968e-3,1.11034e-1,0,3.23512e-1,3.82255e-3,1.40676e-2,0,6.91789e+0,9.51051e+0,4.28784e+1,0,0,0,0,0,0,1.35100e-2,0,0,0,0,0,0,0,0,0,0,0,0,0,0,0,7.86611e+1,3.28876e+0,0,0,0,0,0,0,3.30904e-2,0,0,0,0,0,0,0,1.74089e+1,3.04206e+1,0,0,0,0,0,0,1.89694e+2
"Western_Africa","BEN","Benin",6.28020e-4,0,1.25604e-3,0,5.01568e-2,0,0,0,1.98303e+1,1.32039e+1,4.26020e-1,0,0,0,0,0,0,0,0,0,0,0,0,0,0,0,0,0,0,0,0,0,0,3.77138e+1,2.11416e+0,1.02565e+0,0,0,0,0,2.94264e+1,3.59148e-1,6.64258e+1,0,0,0,0,0,0,3.25194e+0,2.05562e+1,0,0,0,0,0,0,1.94385e+2
"Western_Africa","BFA","Burkina Faso",9.91558e-4,6.13038e-5,6.50814e-4,4.76521e-4,5.51757e-2,3.22455e-6,0,0,3.28124e+1,2.86806e+1,1.11086e-2,0,0,0,0,0,0,0,0,0,0,0,0,0,0,0,0,0,0,0,0,0,0,1.82510e+2,8.05375e+0,3.20417e+0,0,0,0,0,2.77176e+1,8.29777e-1,0,0,0,0,0,0,0,1.98896e+0,3.36906e+1,0,0,0,0,0,0,3.19557e+2
"Western_Africa","CAF","Central African Republic",5.61731e-4,3.47272e-5,1.63344e-4,1.87359e-4,2.08267e-2,1.82600e-6,0,0,1.10252e+1,2.67052e+0,5.26365e-3,0,0,0,0,0,0,0,0,0,0,0,0,0,0,0,0,0,0,0,0,0,0,8.90180e+1,3.11022e+0,1.49528e+0,0,0,0,0,1.01314e+3,1.24803e-1,2.78406e+2,0,0,0,0,0,0,4.43628e+0,1.21752e+1,0,0,0,0,0,0,1.41563e+3
"Western_Africa","CIV","Cote d'Ivoire",4.26288e-3,3.10312e-3,1.68310e-2,0,2.68115e-1,2.95379e-3,1.05508e-2,0,2.75212e+1,4.78295e+1,8.84220e-1,0,0,0,0,0,0,0,0,0,0,0,0,0,0,0,0,0,0,0,0,0,0,4.68202e+1,2.27881e+0,2.31745e+1,0,0,0,0,1.63903e+1,1.01631e+0,2.26256e+2,0,0,0,0,0,0,2.00207e+1,4.66488e+1,0,0,0,0,0,0,4.59146e+2
"Western_Africa","CMR","Cameroon",1.50725e-3,0,7.03383e-3,0,4.50228e-1,0,0,0,2.68551e+1,7.10980e+0,1.13315e+2,0,0,0,0,0,0,0,0,0,0,0,0,0,0,0,0,0,0,0,0,0,0,1.93580e+2,7.48296e+0,1.77486e+0,0,0,0,0,1.06910e+2,4.78082e-1,1.09596e+2,0,0,0,0,0,0,2.03387e+1,5.25528e+1,0,0,0,0,0,0,6.40452e+2
"Western_Africa","COD","Congo_the Democratic Republic of the",8.79228e-4,8.79228e-4,5.52658e-2,0,2.22020e-1,0,0,0,1.53487e+2,8.09861e+0,4.00826e+0,0,0,0,0,0,0,0,0,0,0,0,0,0,0,0,0,0,0,0,0,0,0,4.19024e+0,2.00506e-1,7.22510e+1,0,0,0,0,6.53232e+2,3.68168e+0,1.66423e+3,0,0,0,0,0,0,4.47654e+1,1.39652e+2,0,0,0,0,0,0,2.74808e+3
"Western_Africa","COG","Congo",1.25604e-4,1.25604e-4,2.38648e-3,7.11755e-4,8.36959e-2,0,0,0,3.69124e+0,1.84670e+1,6.39538e+1,0,0,0,0,0,0,0,0,0,0,0,0,0,0,0,0,0,0,0,0,0,0,7.82539e+1,3.71568e+0,1.53769e-1,0,0,0,0,1.43719e+1,1.61551e-1,6.97476e+1,0,0,0,0,0,0,4.51303e+0,1.04525e+1,0,0,0,0,0,0,2.67569e+2
"Western_Africa","CPV","Cape Verde",4.71338e-4,2.91413e-5,1.09704e-4,4.01420e-5,8.59971e-3,1.53135e-6,0,0,4.10027e-2,6.57300e-3,2.35769e-3,0,0,0,0,0,0,0,0,0,0,0,0,0,0,0,0,0,0,0,0,0,0,1.43035e+0,2.93745e-1,0,0,0,0,0,0,2.48568e-2,0,0,0,0,0,0,0,4.08106e-1,1.60494e+0,0,0,0,0,0,0,3.82118e+0
"Western_Africa","GAB","Gabon",1.21836e-2,4.68921e-3,1.14718e-2,0,7.34530e-2,0,0,0,1.63542e+0,8.50421e-1,1.30469e+2,0,0,0,0,0,0,0,0,0,0,0,0,0,0,0,0,0,0,0,0,0,0,2.24720e+0,2.69475e-1,5.96856e-2,0,0,0,0,3.30624e-1,3.71142e-2,5.69806e+0,0,0,0,0,0,0,4.07029e+0,4.52158e+0,0,0,0,0,0,0,1.50291e+2
"Western_Africa","GHA","Ghana",0,1.38164e-3,3.62243e-1,0,5.69834e-1,2.08503e-3,4.10306e-3,0,4.84342e+1,3.59183e+1,2.56904e-1,0,0,0,0,0,0,0,0,0,0,0,0,0,0,0,0,0,0,0,0,0,0,5.94393e+1,3.04563e+0,1.12460e+1,0,0,0,0,7.46064e+1,7.38001e-1,2.22047e+1,0,0,0,0,0,0,1.84307e+1,6.05541e+1,0,0,0,0,0,0,3.35814e+2
"Western_Africa","GIN","Guinea",2.12987e-3,1.10411e-4,2.31332e-3,5.12483e-4,1.21445e-1,5.81000e-6,0,0,3.42965e+1,1.68974e+1,2.35728e-2,0,0,0,0,0,0,0,0,0,0,0,0,0,0,0,0,0,0,0,0,0,0,4.95442e+1,1.79180e+0,4.76442e+1,0,0,0,0,6.38016e+1,4.14917e-1,8.35244e+1,0,0,0,0,0,0,5.89037e+0,2.47933e+1,0,0,0,0,0,0,3.28749e+2
"Western_Africa","GMB","Gambia",8.53388e-4,5.27631e-5,1.84209e-4,6.41204e-5,4.11772e-2,2.77635e-6,0,0,1.58134e+0,2.71243e+0,4.58276e-3,0,0,0,0,0,0,0,0,0,0,0,0,0,0,0,0,0,0,0,0,0,0,1.29799e+1,5.12913e-1,2.19894e+0,0,0,0,0,3.35496e+0,3.00591e-2,0,0,0,0,0,0,0,8.50296e-1,3.31400e+0,0,0,0,0,0,0,2.75818e+1
"Western_Africa","GNB","Guinea-Bissau",5.73698e-4,3.54701e-5,3.73107e-4,1.18880e-4,2.12921e-2,1.86335e-6,0,0,1.65457e+0,6.00960e-2,5.01638e-3,0,0,0,0,0,0,0,0,0,0,0,0,0,0,0,0,0,0,0,0,0,0,1.50025e+1,8.06582e-1,8.57588e+0,0,0,0,0,5.90376e+0,9.32720e-2,0,0,0,0,0,0,0,7.19928e-1,4.13228e+0,0,0,0,0,0,0,3.69763e+1
"Western_Africa","GNQ","Equatorial Guinea",2.49763e-4,4.31558e-5,1.48920e-4,7.96099e-5,1.16955e-2,2.27005e-6,0,0,1.56949e+0,5.43775e-1,1.23470e+0,0,0,0,0,0,0,0,0,0,0,0,0,0,0,0,0,0,0,0,0,0,0,3.57285e-1,2.10890e-2,0,0,0,0,0,0,7.29995e-3,0,0,0,0,0,0,0,4.25363e-1,1.22045e+0,0,0,0,0,0,0,5.39168e+0
"Western_Africa","LBR","Liberia",3.08882e-3,1.60124e-4,1.76001e-3,3.44240e-4,1.05412e-1,8.42450e-6,0,0,1.24395e+1,9.29482e+0,2.17301e-2,0,0,0,0,0,0,0,0,0,0,0,0,0,0,0,0,0,0,0,0,0,0,3.79706e+0,3.33043e-1,3.92213e+0,0,0,0,0,8.07216e-1,2.78860e-1,6.74179e-2,0,0,0,0,0,0,2.63457e+0,9.77716e+0,0,0,0,0,0,0,4.34843e+1
"Western_Africa","MLI","Mali",1.77025e-3,1.09448e-4,4.64577e-4,1.54437e-4,1.02432e-1,5.76020e-6,0,0,1.48043e+1,5.95035e+0,1.12802e-2,0,0,0,0,0,0,0,0,0,0,0,0,0,0,0,0,0,0,0,0,0,0,2.33647e+2,9.04628e+0,3.62826e+1,0,0,0,0,4.14048e+1,7.16541e-1,2.64160e+1,0,0,0,0,0,0,3.91760e+0,3.62614e+1,0,0,0,0,0,0,4.08563e+2
"Western_Africa","MRT","Mauritania",2.07075e-3,1.06315e-4,2.02388e-3,4.73764e-4,1.46159e-1,9.56020e-6,0,0,4.24463e+0,7.54321e+0,2.47836e-2,0,0,0,0,0,0,0,0,0,0,0,0,0,0,0,0,0,0,0,0,0,0,1.30203e+2,5.60717e+0,2.15182e+0,0,0,0,0,6.13344e-3,1.09922e-1,0,0,0,0,0,0,0,1.93460e+0,9.42323e+0,0,0,0,0,0,0,1.61399e+2
"Western_Africa","NER","Niger",4.54630e-3,2.06284e-4,3.15584e-3,7.90634e-5,6.06804e-2,1.23894e-4,0,0,2.11398e+1,2.55788e+1,1.45480e-2,0,0,0,0,0,0,0,0,0,0,0,0,0,0,0,0,0,0,0,0,0,0,1.12831e+2,5.25263e+0,3.53401e+0,0,0,0,0,8.89632e-1,1.03756e+0,0,0,0,0,0,0,0,2.54663e+0,3.14790e+1,0,0,0,0,0,0,2.04372e+2
"Western_Africa","NGA","Nigeria",1.89864e-1,1.11758e-1,1.37913e-1,0,4.04256e+0,7.29132e-3,1.52400e-2,0,1.90225e+2,6.17398e+1,1.16617e+3,0,0,0,0,0,0,0,0,0,0,0,0,0,0,0,0,0,0,0,0,0,0,7.15073e+2,2.88920e+1,2.48445e+2,0,0,0,0,9.92688e+1,7.86844e+0,1.46084e+1,0,0,0,0,0,0,4.63480e+1,3.59769e+2,0,0,0,0,0,0,2.94291e+3
"Western_Africa","SEN","Senegal",3.23111e-3,2.09340e-4,8.03866e-3,0,8.94566e-2,0,5.56845e-3,0,1.67712e+1,2.86239e+1,8.74200e-1,0,0,0,0,0,0,0,0,0,0,0,0,0,0,0,0,0,0,0,0,0,0,1.21731e+2,5.34374e+0,1.24554e+1,0,0,0,0,2.51472e+1,2.53021e-1,0,0,0,0,0,0,0,9.42480e+0,3.43188e+1,0,0,0,0,0,0,2.55050e+2
"Western_Africa","SHN","Saint Helena",8.29710e-6,1.49815e-6,6.30000e-6,9.32550e-6,8.04571e-4,7.05500e-8,0,0,1.60640e-4,0,3.35415e-6,0,0,0,0,0,0,0,0,0,0,0,0,0,0,0,0,0,0,0,0,0,0,6.88105e-2,5.58456e-3,0,0,0,0,0,0,0,0,0,0,0,0,0,0,8.13879e-3,3.09300e-2,0,0,0,0,0,0,1.14458e-1
"Western_Africa","SLE","Sierra Leone",3.80519e-3,1.97262e-4,2.01848e-3,5.16778e-4,5.15286e-2,1.03792e-5,0,0,1.73287e+1,1.74663e+1,2.31447e-2,0,0,0,0,0,0,0,0,0,0,0,0,0,0,0,0,0,0,0,0,0,0,1.18000e+1,5.81058e-1,3.86791e+1,0,0,0,0,1.49158e+1,4.52871e-1,8.01108e+0,0,0,0,0,0,0,3.77625e+0,1.63341e+1,0,0,0,0,0,0,1.29426e+2
"Western_Africa","STP","Sao Tome and Principe",2.24914e-4,1.39025e-5,4.81650e-5,1.08085e-5,3.82130e-3,7.30400e-7,0,0,3.46402e-3,4.64617e-1,8.24503e-4,0,0,0,0,0,0,0,0,0,0,0,0,0,0,0,0,0,0,0,0,0,0,1.77008e-1,1.60425e-2,0,0,0,0,0,0,1.36728e-3,0,0,0,0,0,0,0,1.86445e-1,4.68521e-1,0,0,0,0,0,0,1.32241e+0
"Western_Africa","TCD","Chad",5.98933e-4,3.70305e-5,1.58067e-4,5.58861e-5,8.46580e-3,1.94635e-6,0,0,1.65814e+1,2.05866e+1,3.89307e-3,0,0,0,0,0,0,0,0,0,0,0,0,0,0,0,0,0,0,0,0,0,0,2.05000e+2,7.33138e+0,5.96856e+0,0,0,0,0,1.26566e+2,3.35186e-1,0,0,0,0,0,0,0,2.66730e+0,2.32112e+1,0,0,0,0,0,0,4.08261e+2
"Western_Africa","TGO","Togo",1.50482e-3,0,0,0,7.79777e-2,0,0,0,1.72092e+1,1.84670e+1,0,0,0,0,0,0,0,0,0,0,0,0,0,0,0,0,0,0,0,0,0,0,0,2.21273e+1,1.51856e+0,3.12563e+0,0,0,0,0,2.96016e+1,2.81350e-1,1.28982e+1,0,0,0,0,0,0,3.01559e+0,1.51926e+1,0,0,0,0,0,0,1.23516e+2
"Eastern_Africa","BDI","Burundi",5.14397e-4,3.18015e-5,3.28170e-4,2.20353e-4,4.13998e-2,1.67245e-6,0,0,2.04238e+1,1.54439e+1,6.55959e-3,0,0,0,0,0,0,0,0,0,0,0,0,0,0,0,0,0,0,0,0,0,0,2.03048e+1,7.84006e-1,1.88481e+0,0,0,0,0,0,3.71432e-1,0,0,0,0,0,0,0,4.50110e-1,1.95326e+1,0,0,0,0,0,0,7.92445e+1
"Eastern_Africa","COM","Comoros",8.84223e-5,1.52762e-5,6.81420e-5,5.73804e-5,6.74675e-3,8.00950e-7,0,0,2.20055e-2,1.73136e+0,1.46760e-3,0,0,0,0,0,0,0,0,0,0,0,0,0,0,0,0,0,0,0,0,0,0,2.18653e+0,1.02345e-1,2.04188e+0,0,0,0,0,0,1.10611e-2,0,0,0,0,0,0,0,4.39483e-1,2.01844e+0,0,0,0,0,0,0,8.56154e+0
"Eastern_Africa","DJI","Djibouti",2.41336e-3,1.49213e-4,4.58809e-3,2.66274e-4,2.95741e-2,7.85180e-6,0,0,8.20394e-2,2.27182e+0,3.49892e-2,0,0,0,0,0,0,0,0,0,0,0,0,0,0,0,0,0,0,0,0,0,0,1.28404e+1,5.27972e-1,0,0,0,0,0,0,7.79674e-7,0,0,0,0,0,0,0,8.04608e-1,2.34533e+0,0,0,0,0,0,0,1.89441e+1
"Eastern_Africa","ERI","Eritrea",4.94763e-4,1.52247e-4,1.72521e-3,0,1.43356e-2,0,0,0,5.97303e+0,8.44540e+0,1.13972e-1,0,0,0,0,0,0,0,0,0,0,0,0,0,0,0,0,0,0,0,0,0,0,6.53061e+1,2.33170e+0,0,0,0,0,0,1.84505e+0,8.84671e-2,0,0,0,0,0,0,0,7.95377e-1,1.18365e+1,0,0,0,0,0,0,9.67524e+1
"Eastern_Africa","ETH","Ethiopia",2.97861e-3,5.70920e-5,1.76178e-2,0,1.21836e-1,0,0,0,1.38591e+2,1.02492e+1,7.91499e-2,0,0,0,0,0,0,0,0,0,0,0,0,0,0,0,0,0,0,0,0,0,0,1.17785e+3,4.73568e+1,0,0,0,0,0,1.97263e+2,4.82159e+0,0,0,0,0,0,0,0,1.00721e+1,1.83041e+2,0,0,0,0,0,0,1.76947e+3
"Eastern_Africa","KEN","Kenya",2.09313e-3,4.17186e-3,7.25154e-2,6.23833e-3,5.37959e-1,5.38633e-3,2.05153e-3,0,6.02860e+1,1.64356e+2,5.93933e-1,0,0,0,0,0,0,0,0,0,0,0,0,0,0,0,0,0,0,0,0,0,0,5.97824e+2,1.96320e+1,2.23036e+0,0,0,0,0,3.36600e+0,1.10039e+0,0,0,0,0,0,0,0,7.00112e+0,8.97974e+1,0,0,0,0,0,0,9.46817e+2
"Eastern_Africa","MDG","Madagascar",4.07191e-3,2.49091e-4,1.52573e-3,5.04231e-4,1.26820e-1,2.17018e-5,0,0,2.39299e+1,2.97809e+1,2.24441e-2,0,0,0,0,0,0,0,0,0,0,0,0,0,0,0,0,0,0,0,0,0,0,3.55577e+2,1.23770e+1,1.99182e+2,0,0,0,0,4.20336e+1,8.61824e-1,2.71796e+1,7.33344e-2,0,0,0,0,0,6.34298e+0,4.72826e+1,0,0,0,0,0,0,7.44776e+2
"Eastern_Africa","MUS","Mauritius",4.66364e-3,2.72966e-4,3.78258e-3,1.63611e-4,7.41249e-2,6.39411e-5,0,0,3.43561e-1,9.23350e-2,3.49605e-2,0,0,0,0,0,0,0,0,0,0,0,0,0,0,0,0,0,0,0,0,0,0,1.99645e+0,1.36168e-1,7.85337e-4,0,0,0,0,0,1.07984e-1,0,0,0,0,0,0,0,2.34088e+0,4.82226e+0,0,0,0,0,0,0,9.95846e+0
"Eastern_Africa","MYT","Mayotte",0,0,0,0,0,0,0,0,0,0,0,0,0,0,0,0,0,0,0,0,0,0,0,0,0,0,0,0,0,0,0,0,0,0,0,0,0,0,0,0,0,0,0,0,0,0,0,0,0,1.46888e-1,3.63473e-1,0,0,0,0,0,0,5.10361e-1
"Eastern_Africa","REU","Reunion",2.99080e-3,1.84916e-4,1.37009e-3,6.11863e-4,9.42433e-2,9.73175e-6,0,0,2.01611e-1,0,2.71556e-2,0,0,0,0,0,0,0,0,0,0,0,0,0,0,0,0,0,0,0,0,0,0,1.09341e+0,2.36456e-1,6.28269e-3,0,0,0,0,0,3.68789e-2,0,0,0,0,0,0,0,2.55631e+0,2.98058e+0,0,0,0,0,0,0,7.23809e+0
"Eastern_Africa","RWA","Rwanda",2.50600e-3,1.54940e-4,9.89103e-4,4.69005e-4,6.69411e-2,8.15475e-6,0,0,2.28265e+1,9.58969e-1,1.60367e-2,0,0,0,0,0,0,0,0,0,0,0,0,0,0,0,0,0,0,0,0,0,0,2.65439e+1,9.82458e-1,4.85338e-1,0,0,0,0,1.46174e+0,4.02728e-1,0,0,0,0,0,0,0,5.45330e-1,2.58141e+1,0,0,0,0,0,0,8.01081e+1
"Eastern_Africa","SDN","Sudan",3.89390e-3,1.25604e-4,2.16039e-2,0,3.64914e-1,0,0,0,5.91805e+1,1.79869e+2,2.54014e+0,0,0,0,0,0,0,0,0,0,0,0,0,0,0,0,0,0,0,0,0,0,0,1.05917e+3,3.57922e+1,7.85337e-2,0,0,0,0,5.20056e+2,1.13951e+0,0,0,0,0,0,0,0,2.80502e+1,1.04561e+2,0,0,0,0,0,0,1.99083e+3
"Eastern_Africa","SOM","Somalia",1.77930e-3,1.98304e-4,1.13808e-3,6.12343e-4,1.06652e-1,1.04331e-5,0,0,2.21149e+1,3.58507e+1,2.53456e-2,0,0,0,0,0,0,0,0,0,0,0,0,0,0,0,0,0,0,0,0,0,0,5.45480e+2,2.42263e+1,1.02094e+0,0,0,0,0,5.83416e-3,2.24591e-1,0,0,0,0,0,0,0,3.59914e+0,3.07532e+1,0,0,0,0,0,0,6.63412e+2
"Eastern_Africa","SYC","Seychelles",2.84927e-3,1.76163e-4,9.86073e-4,2.75000e-7,1.36072e-2,9.27110e-6,0,0,1.65974e-2,0,1.08534e-2,0,0,0,0,0,0,0,0,0,0,0,0,0,0,0,0,0,0,0,0,0,0,1.42237e-1,5.41116e-2,0,0,0,0,0,0,5.05440e-6,0,0,0,0,0,0,0,2.20086e-1,3.42795e-1,0,0,0,0,0,0,8.04314e-1
"Eastern_Africa","UGA","Uganda",2.95577e-3,1.82749e-4,8.94333e-4,2.07239e-4,1.01101e-1,9.61555e-6,0,0,1.03009e+2,5.06575e+1,1.88132e-2,0,0,0,0,0,0,0,0,0,0,0,0,0,0,0,0,0,0,0,0,0,0,1.90181e+2,6.38132e+0,5.02615e+0,0,0,0,0,9.30816e+1,1.48021e+0,0,0,0,0,0,0,0,2.88738e+0,6.11208e+1,0,0,0,0,0,0,5.13949e+2
"Southern_Africa","AGO","Angola",9.04347e-4,3.93559e-3,2.79888e-2,0,2.56674e-1,0,0,0,8.50537e+0,5.94637e+1,2.75582e+2,0,0,0,0,0,0,0,0,0,0,0,0,0,0,0,0,0,0,0,0,0,0,1.24011e+2,4.32577e+0,6.28269e-1,0,0,0,0,2.94240e+2,1.88646e-1,6.28954e+0,0,0,0,0,0,0,8.79113e+0,4.14214e+1,0,0,0,0,0,0,8.23736e+2
"Southern_Africa","BWA","Botswana",6.01686e-3,1.91738e-4,1.01923e-2,4.18930e-5,1.45913e-1,4.72191e-4,0,0,3.22929e+0,1.19686e+1,1.97648e-2,0,0,0,0,0,0,0,0,0,0,0,0,0,0,0,0,0,0,0,0,0,0,1.25587e+2,3.13972e+0,0,0,0,0,0,6.62088e+1,6.32259e-2,0,1.74341e+0,0,0,0,0,0,1.32233e+0,6.17746e+0,0,0,0,0,0,0,2.19622e+2
"Southern_Africa","LSO","Lesotho",4.26970e-4,2.63982e-5,1.93806e-4,1.18683e-4,2.87942e-2,1.38610e-6,0,0,6.63864e+0,5.64314e+0,3.76008e-3,0,0,0,0,0,0,0,0,0,0,0,0,0,0,0,0,0,0,0,0,0,0,3.76433e+1,8.04452e-1,0,0,0,0,0,0,4.77195e-2,0,1.11103e+0,0,0,0,0,0,6.89042e-1,6.47733e+0,0,0,0,0,0,0,5.90880e+1
"Southern_Africa","MOZ","Mozambique",6.74075e-4,0,8.37360e-3,0,6.30587e-2,0,0,0,5.29946e+1,2.89453e+1,0,0,0,0,0,0,0,0,0,0,0,0,0,0,0,0,0,0,0,0,0,0,0,5.27395e+1,2.08076e+0,1.72774e+1,0,0,0,0,1.60944e+2,1.23868e+0,2.01824e+1,2.89464e+0,0,0,0,0,0,5.05317e+0,6.20675e+1,0,0,0,0,0,0,4.06490e+2
"Southern_Africa","MWI","Malawi",2.00749e-3,1.21865e-4,6.18163e-4,2.02469e-4,9.09246e-2,1.36817e-5,0,0,1.95494e+1,3.11531e+1,1.17010e-2,0,0,0,0,0,0,0,0,0,0,0,0,0,0,0,0,0,0,0,0,0,0,4.26003e+1,1.47245e+0,4.02093e+0,0,0,0,0,3.09744e+1,1.07491e+0,0,0,0,0,0,0,0,1.67273e+0,3.30596e+1,0,0,0,0,0,0,1.65683e+2
"Southern_Africa","NAM","Namibia",1.37465e-3,0,2.31808e-4,9.42028e-4,1.61990e-1,0,3.51691e-3,0,3.28280e-1,3.05388e+0,0,0,0,0,0,0,0,0,0,0,0,0,0,0,0,0,0,0,0,0,0,0,0,1.20526e+2,2.99878e+0,0,0,0,0,0,1.69781e+1,5.87709e-2,0,0,0,0,0,0,0,1.69810e+0,4.37095e+0,0,0,0,0,0,0,1.50181e+2
"Southern_Africa","SWZ","Swaziland",1.03436e-3,8.41827e-5,2.56733e-3,1.01253e-4,5.43081e-2,1.13500e-4,0,0,2.35557e+0,1.93395e+0,8.74166e-3,0,0,0,0,0,0,0,0,0,0,0,0,0,0,0,0,0,0,0,0,0,0,3.23138e+1,7.88418e-1,6.28269e-2,0,0,0,0,0,9.45095e-2,0,0,0,0,0,0,0,7.51499e-1,1.49266e+1,0,0,0,0,0,0,5.32941e+1
"Southern_Africa","TZA","Tanzania_United Republic of",9.92270e-3,7.11756e-4,1.35652e-2,0,1.55430e-1,0,0,0,7.12840e+1,4.15971e+1,1.54484e-1,0,0,0,0,0,0,0,0,0,0,0,0,0,0,0,0,0,0,0,0,0,0,4.58286e+2,1.57676e+1,6.04710e+1,0,0,0,0,2.19269e+2,4.07177e+0,6.24492e+1,0,0,0,0,0,0,6.07844e+0,1.00360e+2,0,0,0,0,0,0,1.03997e+3
"Southern_Africa","ZAF","South Africa",1.01378e+0,8.37555e-2,6.07886e+0,7.41063e-3,6.83687e+0,9.04348e-3,0,0,6.80696e+1,1.01371e+3,1.16613e+1,0,0,0,0,0,5.44300e-2,2.04710e+0,0,0,0,0,0,0,0,0,0,0,0,0,0,0,0,8.31157e+2,2.07702e+1,2.04188e-1,0,0,0,0,8.96208e+0,2.80218e+0,3.65194e+0,9.47774e+1,0,0,0,0,0,1.59514e+2,1.91463e+2,0,0,0,0,0,0,2.42287e+3
"Southern_Africa","ZMB","Zambia",1.52400e-3,1.92593e-3,1.32575e-1,0,1.44189e-1,4.51757e-3,0,0,2.26689e+1,5.41874e+1,1.77673e-1,0,0,0,0,0,0,0,0,0,0,0,0,0,0,0,0,0,0,0,0,0,0,1.04436e+2,3.36543e+0,2.01046e+0,0,0,0,0,4.36056e+2,3.64749e-1,1.94412e+2,0,0,0,0,0,0,7.13551e+0,2.97712e+1,0,0,0,0,0,0,8.54870e+2
"Southern_Africa","ZWE","Zimbabwe",5.34374e-2,2.09340e-3,2.81102e-1,0,2.94884e-1,2.72120e-2,0,0,2.61976e+1,2.58072e+1,0,0,0,0,0,0,0,2.27530e-1,0,0,0,0,0,0,0,0,0,0,0,0,0,0,0,2.71057e+2,6.98603e+0,3.18847e-2,0,0,0,0,4.42512e+1,4.90924e-1,0,0,0,0,0,0,0,6.72871e+0,3.60896e+1,0,0,0,0,0,0,4.18527e+2
"OECD_Europe","AUT","Austria",5.63588e-1,5.74245e-2,8.00398e-1,6.07086e-4,3.87472e+0,9.37632e-3,2.34461e-3,2.76329e-3,4.95545e+1,1.36844e+1,3.76104e+1,0,0,0,0,0,1.12200e-1,3.34250e-1,0,0,0,0,0,0,0,0,0,0,0,0,0,0,0,1.77987e+2,5.74410e+1,0,0,0,0,0,0,5.07725e-1,0,2.58408e+0,0,0,0,0,0,9.71219e+1,4.01866e+1,3.29173e-3,1.31371e+0,0,0,0,0,4.83753e+2
"OECD_Europe","BEL","Belgium",5.02385e-1,1.05325e-1,1.24118e+0,8.37362e-5,5.88539e+0,1.23364e-2,3.10661e-2,0,1.88579e+1,4.87220e+1,6.62985e+1,0,0,0,0,0,1.62000e-4,9.16570e-1,0,0,0,0,0,0,0,0,0,0,0,0,0,0,0,2.23073e+2,7.96217e+1,0,0,0,0,0,0,3.59807e-1,0,5.80488e-1,0,0,0,0,0,6.94749e+1,7.06296e+1,3.70588e+0,1.18687e+0,0,0,0,0,5.91205e+2
"OECD_Europe","CHE","Switzerland",5.04192e-1,6.08436e-3,4.57188e-1,2.42834e-3,4.73722e+0,1.73752e-3,3.80999e-3,0,6.35710e+0,2.94789e-1,3.62291e+1,0,0,0,0,0,6.94766e-2,5.50000e-3,0,0,0,0,0,0,0,0,0,0,0,0,0,0,0,1.38768e+2,3.69606e+1,0,0,0,0,0,0,1.46489e-1,5.86656e+0,0,0,0,0,0,0,3.28665e+1,1.33648e+1,1.17907e-5,9.17248e-1,0,0,0,0,2.77559e+2
"OECD_Europe","DEU","Germany",6.29846e+0,6.82752e-1,7.66353e+0,2.54767e-2,4.63891e+1,1.82814e-1,1.86983e-1,0,1.90141e+2,1.24276e+3,3.07401e+2,0,0,0,0,0,5.28939e+0,2.95486e+0,0,0,0,0,0,0,0,0,0,0,0,0,0,0,0,1.52966e+3,4.87250e+2,0,0,0,0,0,0,4.02147e+0,0,3.61080e+0,0,0,0,0,0,1.58446e+3,1.71210e+2,0,6.33868e-4,0,0,0,0,5.59019e+3
"OECD_Europe","DNK","Denmark",8.93109e-1,4.34132e-2,4.09488e-1,2.72142e-3,2.91436e+0,1.75490e-2,1.65002e-1,8.79228e-4,9.00784e+0,2.42063e-2,1.48331e+1,0,0,0,0,0,0,0,0,0,0,0,0,0,0,0,0,0,0,0,0,0,0,1.70005e+2,8.76986e+1,0,0,0,0,0,0,9.28496e-1,0,0,0,0,0,0,0,7.91790e+1,8.05159e+0,0,1.01448e+0,0,0,0,0,3.75189e+2
"OECD_Europe","ESP","Spain",1.22382e+0,1.84276e-1,3.31588e+0,2.71305e-2,1.62893e+1,3.60504e-2,4.90610e-1,0,5.22501e+1,1.62907e+2,2.88418e+1,0,0,0,0,0,7.53240e-1,6.07010e-1,0,0,0,0,0,0,0,0,0,0,0,0,0,0,0,5.56213e+2,2.54447e+2,1.66924e+1,0,0,0,0,0,2.16894e+0,0,4.30392e+1,0,0,0,0,0,2.71259e+2,1.39498e+2,7.39295e-1,4.26152e+0,0,0,0,0,1.55524e+3
"OECD_Europe","FIN","Finland",1.41018e+0,1.98036e-2,3.89617e+0,2.65861e-3,3.74964e+0,1.21627e-2,2.46184e-2,0,1.36525e+1,2.38127e+0,2.35499e+0,0,0,0,0,0,7.10130e-2,3.99890e-1,0,0,0,0,0,0,0,0,0,0,0,0,0,0,0,9.53876e+1,2.61455e+1,0,0,0,0,0,0,3.72031e-1,1.03973e+0,1.41842e-1,0,0,0,0,0,1.38178e+2,1.70927e+2,0,4.93600e-1,0,0,0,0,4.60661e+2
"OECD_Europe","FRA","France",2.00396e+0,3.74978e-1,4.71213e+0,1.50515e-2,3.48875e+1,7.41921e-2,7.67859e-2,0,1.80304e+2,1.23571e+2,6.35752e+2,0,0,0,0,0,1.48846e+0,2.38441e+0,0,0,0,0,0,0,0,0,0,0,0,0,0,0,0,1.53133e+3,3.81055e+2,4.99345e+0,0,0,0,0,0,6.46173e+0,0,2.44752e+0,0,0,0,0,0,4.83039e+2,1.74278e+2,2.18972e+1,5.00360e+0,0,0,0,0,3.59615e+3
"OECD_Europe","FRO","Faroe Islands",0,0,0,0,0,0,0,0,0,0,0,0,0,0,0,0,0,0,0,0,0,0,0,0,0,0,0,0,0,0,0,0,0,6.00584e-1,2.46350e-2,0,0,0,0,0,0,1.16636e-5,0,0,0,0,0,0,0,8.51237e-1,4.08627e-2,2.92968e-2,8.43480e-3,0,0,0,0,1.55506e+0
"OECD_Europe","GBR","United Kingdom",1.52702e+0,8.03671e-1,3.65885e+0,5.64589e-2,4.21238e+1,1.16060e-1,3.78068e-1,0,1.09521e+2,7.61287e+2,7.03295e+2,0,0,0,0,0,1.96305e+0,1.03974e+0,0,0,0,0,0,0,0,0,0,0,0,0,0,0,0,1.15627e+3,2.11433e+2,0,0,0,0,0,0,2.54806e+0,0,2.43792e+0,0,0,0,0,0,2.51943e+3,1.15733e+2,7.06410e+0,1.40056e+0,0,0,0,0,5.64209e+3
"OECD_Europe","GIB","Gibraltar",0,0,0,0,2.49614e-2,0,0,0,0,0,0,0,0,0,0,0,0,0,0,0,0,0,0,0,0,0,0,0,0,0,0,0,0,0,0,0,0,0,0,0,0,0,0,0,0,0,0,0,0,1.67647e-1,2.50280e-2,7.74714e-3,2.53430e-3,0,0,0,0,2.27918e-1
"OECD_Europe","GRC","Greece",3.12492e-1,5.39738e-2,7.51005e-1,8.45733e-3,4.55405e+0,9.98763e-3,1.51227e-1,0,6.64020e+0,4.84444e+1,6.90871e+0,0,0,0,0,0,3.59700e-3,4.95000e-2,0,0,0,0,0,0,0,0,0,0,0,0,0,0,0,1.43007e+2,3.06062e+1,4.59397e+0,0,0,0,0,0,9.98405e-1,1.59610e-1,4.43208e+0,0,0,0,0,0,9.10154e+1,1.66366e+1,5.37816e-5,6.02876e-2,0,0,0,0,3.59398e+2
"OECD_Europe","GRL","Greenland",0,0,0,0,0,0,0,0,0,0,0,0,0,0,0,0,0,0,0,0,0,0,0,0,0,0,0,0,0,0,0,0,0,1.71200e-1,2.91502e-3,0,0,0,0,0,0,0,0,0,0,0,0,0,0,7.17940e-1,1.99492e-1,1.15701e-2,4.03664e-3,0,0,0,0,1.10715e+0
"OECD_Europe","IRL","Ireland",1.45916e-1,4.19755e-3,3.00989e-1,3.55878e-4,1.67180e+0,7.81885e-3,1.46538e-3,0,2.53751e+1,1.25848e+0,2.41742e+1,0,0,0,0,0,0,0,0,0,0,0,0,0,0,0,0,0,0,0,0,0,0,4.23053e+2,6.51380e+1,0,0,0,0,0,0,1.92390e-1,0,2.34132e-1,0,0,0,0,0,7.89035e+1,7.10088e+0,0,1.03983e-1,0,0,0,0,6.27666e+2
"OECD_Europe","ISL","Iceland",1.25604e-4,0,3.86358e-2,2.30274e-4,2.19993e-1,0,5.56844e-3,0,4.40933e-2,0,0,0,0,0,0,0,0,7.92000e-2,0,0,0,0,0,0,0,0,0,0,0,0,0,0,0,1.00340e+1,1.46962e+0,0,0,0,0,0,0,9.27504e-5,0,0,0,0,0,0,0,3.50099e+0,4.81691e-1,8.96606e-2,2.18158e-3,0,0,0,0,1.59661e+1
"OECD_Europe","ITA","Italy",1.53673e+0,3.26404e-1,2.97280e+0,5.67311e-3,3.37260e+1,3.50980e-2,1.23092e-1,3.68019e-2,1.75759e+1,1.40353e+1,3.30609e+2,0,0,0,0,0,6.67648e-1,1.18205e+0,0,0,0,0,0,0,0,0,0,0,0,0,0,0,0,6.73539e+2,2.57680e+2,5.87800e+1,0,0,0,0,0,3.87632e+0,9.99504e-1,1.25849e+1,0,0,0,0,0,6.70652e+2,1.37440e+2,8.68254e+0,3.22696e-3,0,0,0,0,2.22707e+3
"OECD_Europe","LUX","Luxembourg",4.15331e-2,0,1.99061e-1,2.09339e-5,6.92528e-1,0,0,0,1.53733e-1,0,3.58246e+0,0,0,0,0,0,0,3.41250e-1,0,0,0,0,0,0,0,0,0,0,0,0,0,0,0,1.45236e+1,2.21034e+1,0,0,0,0,0,0,1.95441e-2,0,5.59560e-1,0,0,0,0,0,3.18557e+0,3.95924e-1,0,4.10988e-3,0,0,0,0,4.58023e+1
"OECD_Europe","NLD","Netherlands",1.06693e+0,3.06026e-1,6.90709e-1,3.26570e-3,8.55986e+0,2.25878e-3,1.51813e-1,0,7.95137e+0,4.61229e+0,2.96398e+2,0,0,0,0,0,2.86524e+0,2.72370e-1,0,0,0,0,0,0,0,0,0,0,0,0,0,0,0,3.68107e+2,1.72444e+2,0,0,0,0,0,0,2.83960e-1,0,3.77760e-2,0,0,0,0,0,5.31505e+2,4.18053e+1,0,0,0,0,0,0,1.43706e+3
"OECD_Europe","NOR","Norway",1.48129e-1,2.50165e-1,9.52215e-1,1.67472e-3,3.11478e+0,4.69133e-3,2.46477e-1,0,8.13933e+0,6.02290e+0,2.62886e+2,0,0,0,0,0,2.23351e+0,1.12383e+0,0,0,0,0,0,0,0,0,0,0,0,0,0,0,0,8.64668e+1,1.64875e+1,0,0,0,0,0,0,1.09968e-1,0,0,0,0,0,0,0,2.21104e+2,4.53549e+1,3.16180e+0,4.01700e-1,0,0,0,0,6.58210e+2
"OECD_Europe","PRT","Portugal",2.22489e-1,2.74433e-2,1.19779e+0,1.46538e-3,3.20002e+0,1.05989e-2,1.40676e-2,0,2.00321e+1,3.95592e+0,3.76915e+0,0,0,0,0,0,7.48140e-2,4.21700e-2,0,0,0,0,0,0,0,0,0,0,0,0,0,0,0,1.39050e+2,5.17230e+1,9.58742e+0,0,0,0,0,0,3.06002e-1,0,4.92504e+0,0,0,0,0,0,1.69005e+2,5.01102e+1,2.37915e-2,1.78800e-1,0,0,0,0,4.57457e+2
"OECD_Europe","SWE","Sweden",1.13105e+0,3.01970e-2,5.18677e+0,1.15765e-2,6.76603e+0,9.73011e-3,4.63060e-2,3.89373e-3,1.75967e+1,1.41918e+0,1.55200e+1,0,0,0,0,0,1.90358e-1,2.67970e-1,0,0,0,0,0,0,0,0,0,0,0,0,0,0,0,1.22150e+2,3.66717e+1,0,0,0,0,0,0,5.59618e-1,1.04664e+0,4.16664e-1,0,0,0,0,0,1.21026e+2,2.10695e+2,8.93106e-3,4.28236e-1,0,0,0,0,5.41183e+2
"Central Europe","ALB","Albania",4.14493e-3,6.57326e-3,1.00065e-1,0,1.72835e-1,0,0,0,1.64236e+1,7.49507e+0,1.64506e+1,0,0,0,0,0,0,5.17000e-2,0,0,0,0,0,0,0,0,0,0,0,0,0,0,0,6.44708e+1,1.02864e+1,7.70418e-1,0,0,0,0,0,3.30281e-1,0,1.18342e+0,0,0,0,0,0,2.99877e+0,5.34594e+0,1.82770e-2,2.25000e-3,0,0,0,0,1.26111e+2
"Central Europe","BGR","Bulgaria",3.60735e-1,1.92928e-2,1.14290e+0,0,2.51678e+0,0,0,0,1.89725e+1,4.01376e+1,6.92952e+0,0,0,0,0,0,1.36299e-1,2.13950e-1,0,0,0,0,0,0,0,0,0,0,0,0,0,0,0,2.22385e+2,4.14245e+1,3.88062e+0,0,0,0,0,0,2.71637e+0,0,2.72184e+0,0,0,0,0,0,3.61226e+2,4.58054e+1,0,0,0,0,0,0,7.50589e+2
"Central Europe","BIH","Bosnia and Herzegovina",1.84875e-1,0,2.68982e-2,0,6.04648e-1,0,0,0,1.91807e+1,9.51645e+1,6.41717e+0,0,0,0,0,0,9.45120e-4,2.53763e-2,0,0,0,0,0,0,0,0,0,0,0,0,0,0,0,6.55231e+1,1.12917e+1,0,0,0,0,0,0,3.59663e-1,0,0,0,0,0,0,0,3.90961e+0,6.80188e+0,2.10223e-2,3.29879e-3,0,0,0,0,2.09515e+2
"Central Europe","CYP","Cyprus",0,1.43745e-3,5.53913e-2,0,2.38370e-1,0,0,0,1.25604e-1,9.23350e-2,1.75218e-1,0,0,0,0,0,0,0,0,0,0,0,0,0,0,0,0,0,0,0,0,0,0,7.29459e+0,3.01173e+0,0,0,0,0,0,0,1.50480e-2,0,0,0,0,0,0,0,5.79204e+0,3.43041e+0,0,0,0,0,0,0,2.02322e+1
"Central Europe","CZE","Czech Republic",6.01445e-1,3.92303e-2,4.84761e+0,0,2.18321e+0,4.01933e-3,0,0,1.14598e+2,2.22375e+2,1.55762e+1,0,0,0,0,0,2.49588e-1,5.97030e-1,0,0,0,0,0,0,0,0,0,0,0,0,0,0,0,3.59447e+2,5.74251e+1,0,0,0,0,0,0,2.06169e+0,0,7.36704e+0,0,0,0,0,0,7.51852e+1,5.41184e+1,0,1.55004e-1,0,0,0,0,9.16831e+2
"Central Europe","EST","Estonia",2.78015e-1,0,5.50111e-1,0,5.81889e-1,1.29026e-1,4.98081e-3,0,6.79214e+0,2.07979e+1,2.09782e+1,0,0,0,0,0,0,0,0,0,0,0,0,0,0,0,0,0,0,0,0,0,0,6.70554e+1,1.08480e+1,2.45678e+0,0,0,0,0,0,2.05879e-1,0,0,0,0,0,0,0,1.67630e+1,7.96117e+0,0,0,0,0,0,0,1.55402e+2
"Central Europe","HRV","Croatia",2.24394e-1,1.41835e-1,2.07888e-1,0,1.09775e+0,3.34944e-4,0,0,1.06092e+1,5.83019e+0,5.32616e+1,0,0,0,0,0,4.75240e-2,8.84102e-1,0,0,0,0,0,0,0,0,0,0,0,0,0,0,0,6.96233e+1,1.43381e+1,0,0,0,0,0,0,7.35151e-1,0,1.59314e+0,0,0,0,0,0,1.77230e+1,1.89690e+1,0,0,0,0,0,0,1.95287e+2
"Central Europe","HUN","Hungary",3.35972e-1,4.49074e-2,5.02981e-1,0,2.84632e+0,3.43129e-2,2.52045e-2,0,4.31247e+1,3.50282e+1,4.16633e+1,0,0,0,0,0,8.66280e-2,1.81710e-1,0,0,0,0,0,0,0,0,0,0,0,0,0,0,0,2.03771e+2,5.77769e+1,3.42408e+0,0,0,0,0,0,4.33665e+0,0,2.38464e+0,0,0,0,0,0,7.86993e+1,4.17696e+1,0,0,0,0,0,0,5.16036e+2
"Central Europe","LTU","Lithuania",8.81110e-2,2.65361e-2,5.01681e+0,0,1.20804e+0,2.99767e-2,3.55772e-3,0,1.29325e+1,1.75593e-2,5.76739e+1,0,0,0,0,0,1.02989e-1,0,0,0,0,0,0,0,0,0,0,0,0,0,0,0,0,1.99848e+2,3.13764e+1,0,0,0,0,0,0,7.24515e-1,0,1.98098e+0,0,0,0,0,0,3.59067e+1,1.36203e+1,7.45278e-4,0,0,0,0,0,3.60558e+2
"Central Europe","LVA","Latvia",5.84315e-2,0,1.54135e+0,0,1.00410e+0,4.48370e-2,1.36583e-2,0,2.19592e+1,7.66224e-2,3.91869e+1,0,0,0,0,0,0,0,0,0,0,0,0,0,0,0,0,0,0,0,0,0,0,1.35413e+2,1.88719e+1,0,0,0,0,0,0,3.97906e-1,0,3.07848e-1,0,0,0,0,0,1.91678e+1,7.50708e+0,0,0,0,0,0,0,2.45550e+2
"Central Europe","MKD","Macedonia, the former Yugoslav Republic of",5.77270e-2,0,6.11776e-2,0,2.49049e-1,0,0,0,6.34192e+0,7.09648e+0,3.45163e-1,0,0,0,0,0,2.24769e-1,1.68313e+0,0,0,0,0,0,0,0,0,0,0,0,0,0,0,0,4.40720e+1,4.78927e+0,1.72916e+0,0,0,0,0,0,2.26383e-1,0,8.61480e-1,0,0,0,0,0,4.03349e+0,5.74938e+0,2.31997e-2,2.50324e-3,0,0,0,0,7.75463e+1
"Central Europe","MLT","Malta",6.74694e-3,0,0,0,1.08162e-1,0,0,0,1.02577e-2,0,0,0,0,0,0,0,0,0,0,0,0,0,0,0,0,0,0,0,0,0,0,0,0,1.56955e+0,7.43739e-1,0,0,0,0,0,0,1.19696e-3,0,0,0,0,0,0,0,5.51579e+0,4.25332e-1,0,0,0,0,0,0,8.38077e+0
"Central Europe","POL","Poland",2.14665e+0,4.08514e-1,3.35628e+0,0,6.20657e+0,5.54311e-2,2.43253e-2,0,2.93396e+2,3.87922e+3,1.69670e+2,0,0,0,0,0,5.42279e-1,1.14392e+0,0,0,0,0,0,0,0,0,0,0,0,0,0,0,0,9.64072e+2,1.68706e+2,0,0,0,0,0,0,7.11441e+0,0,5.05296e+0,0,0,0,0,0,3.27391e+2,1.38373e+2,2.67467e-1,1.76141e-1,0,0,0,0,5.96732e+3
"Central Europe","ROU","Romania",8.35902e-1,1.25663e-1,1.84081e+0,0,2.73623e+0,0,1.31884e-1,2.30274e-2,3.29547e+1,1.18072e+2,7.86106e+2,0,0,0,0,0,1.36643e+0,1.14829e+0,0,0,0,0,0,0,0,0,0,0,0,0,0,0,0,6.20632e+2,1.39296e+2,1.40673e+1,0,0,0,0,0,5.69136e+0,0,0,0,0,0,0,0,9.10497e+1,9.01481e+1,1.57554e-2,0,0,0,0,0,1.90624e+3
"Central Europe","SCG","Serbia and Montenegro",3.69590e-1,0,1.97355e-1,0,1.15789e+0,0,0,0,4.30001e+1,6.51795e+1,9.71253e+1,0,0,0,0,0,7.79030e-2,2.64600e-1,0,0,0,0,0,0,0,0,0,0,0,0,0,0,0,2.43706e+2,5.29636e+1,0,0,0,0,0,0,2.36840e+0,0,0,0,0,0,0,0,1.20835e+1,4.53981e+1,6.77238e-2,7.14280e-3,0,0,0,0,5.63967e+2
"Central Europe","SVK","Slovakia",1.18926e-1,3.51486e-2,7.36332e-1,0,7.66351e-1,0,0,0,7.80101e+0,7.95699e+0,3.78942e+1,0,0,0,0,0,1.29898e-1,4.89780e-1,0,0,0,0,0,0,0,0,0,0,0,0,0,0,0,1.54059e+2,2.99652e+1,0,0,0,0,0,0,2.00787e+0,0,7.01304e-1,0,0,0,0,0,2.47114e+1,4.04866e+1,0,7.15732e-2,0,0,0,0,3.07932e+2
"Central Europe","SVN","Slovenia",4.04395e-2,4.16461e-3,7.32396e-2,0,1.17318e+0,0,0,0,6.89983e+0,2.61668e+1,2.15442e+0,0,0,0,0,0,3.17965e-1,2.37474e-1,0,0,0,0,0,0,0,0,0,0,0,0,0,0,0,5.70864e+1,1.09026e+1,0,0,0,0,0,0,1.47943e-1,0,0,0,0,0,0,0,1.91463e+1,9.96007e+0,0,1.99956e-6,0,0,0,0,1.34311e+2
"Turkey","TUR","Turkey",5.88958e-1,7.06199e-2,1.04451e+0,6.46860e-3,4.11081e+0,5.12611e-2,8.32336e-2,0,1.66638e+2,1.83797e+2,2.85855e+1,0,0,0,0,0,1.09326e-1,2.94500e-1,0,0,0,0,0,0,0,0,0,0,0,0,0,0,0,9.92781e+2,1.61905e+2,2.68004e+1,0,0,0,0,0,2.64886e+1,0,4.56264e-1,0,0,0,0,0,2.39619e+2,2.78781e+2,0,3.42892e-1,0,0,0,0,2.11255e+3
"Ukraine +","BLR","Belarus",2.05048e-1,5.74793e-2,2.01318e+0,0,1.77100e+0,1.34446e-1,2.27695e-2,6.03975e-4,9.36936e+0,7.83439e-2,2.34661e+1,0,0,0,0,0,4.81800e-2,0,0,0,0,0,0,0,0,0,0,0,0,0,0,0,0,5.93999e+2,7.90913e+1,0,0,0,0,0,0,2.09950e+0,0,3.53496e-2,0,0,0,0,0,1.15997e+2,3.31729e+1,0,3.67434e-2,0,0,0,0,8.61599e+2
"Ukraine +","MDA","Moldova, Republic of",1.14653e-1,0,5.88964e-1,0,8.57372e-1,0,0,0,6.91941e+0,4.69500e-3,3.87027e+1,0,0,0,0,0,0,0,0,0,0,0,0,0,0,0,0,0,0,0,0,0,0,9.53157e+1,8.47624e+0,0,0,0,0,0,0,7.87332e-1,0,7.17192e-2,0,0,0,0,0,5.00575e+0,1.70472e+1,3.29752e-2,2.33317e-3,0,0,0,0,1.73927e+2
"Ukraine +","UKR","Ukraine",1.99625e+0,5.61758e-1,2.84546e+0,0,7.30998e+0,2.05225e-1,0,7.21752e-2,8.70301e+1,7.14666e+2,1.42877e+3,0,0,0,0,0,1.73831e+0,5.96736e+0,0,0,0,0,0,0,0,0,0,0,0,0,0,0,0,2.22746e+3,3.29633e+2,1.01517e+1,0,0,0,0,0,1.32572e+1,0,1.47019e+0,0,0,0,0,0,2.75351e+2,1.68240e+2,0,1.41934e-1,0,0,0,0,5.27687e+3
"Asia-Stan","KAZ","Kazakhstan",6.18363e-1,1.85897e-1,1.58523e-1,0,2.12590e+0,1.19394e-1,4.98081e-3,0,4.70728e+0,1.14625e+3,5.19374e+2,0,0,0,0,0,2.96820e-2,2.21006e+0,0,0,0,0,0,0,0,0,0,0,0,0,0,0,0,1.10848e+3,7.35632e+1,3.55268e+1,0,0,0,0,0,1.01271e+1,2.99002e+1,1.69930e+2,0,0,0,0,0,9.50656e+1,5.48588e+1,0,1.48564e-1,0,0,0,0,3.25339e+3
"Asia-Stan","KGZ","Kyrgyzstan",3.77810e-2,0,9.82580e-2,0,8.08869e-1,0,0,0,1.88406e-1,2.38578e+1,1.03620e+1,0,0,0,0,0,0,0,0,0,0,0,0,0,0,0,0,0,0,0,0,0,0,1.94220e+2,9.05499e+0,5.77310e-1,0,0,0,0,0,4.91679e-1,1.21546e-1,7.02504e+0,0,0,0,0,0,5.20142e+0,2.36767e+1,0,2.03518e-2,0,0,0,0,2.75742e+2
"Asia-Stan","TJK","Tajikistan",1.93706e-2,0,0,0,7.24341e-1,0,0,0,0,8.58207e+0,2.10698e+1,0,0,0,0,0,0,0,0,0,0,0,0,0,0,0,0,0,0,0,0,0,0,1.24121e+2,1.08235e+1,3.04939e+0,0,0,0,0,0,1.21880e-1,0,5.88312e-2,0,0,0,0,0,5.55275e+0,2.35118e+1,0,1.51518e-2,0,0,0,0,1.97650e+2
"Asia-Stan","TKM","Turkmenistan",1.27169e-1,1.45394e-1,0,0,7.26976e-1,0,0,0,0,0,1.24692e+3,0,0,0,0,0,5.40600e-4,0,0,0,0,0,0,0,0,0,0,0,0,0,0,0,0,1.15382e+2,1.12657e+1,8.52643e+0,0,0,0,0,0,2.85111e-1,2.89723e-2,2.30890e-1,0,0,0,0,0,7.27365e+0,2.07222e+1,0,3.27719e-2,0,0,0,0,1.41167e+3
"Asia-Stan","UZB","Uzbekistan",4.57886e-1,1.25631e-1,0,0,2.05106e+0,0,0,0,0,9.11877e+0,7.89581e+2,0,0,0,0,0,0,0,0,0,0,0,0,0,0,0,0,0,0,0,0,0,0,5.35319e+2,4.35218e+1,5.53625e+1,0,0,0,0,0,8.16803e-1,2.81986e-2,1.03032e+0,0,0,0,0,0,2.20358e+1,9.97409e+1,0,1.10312e-1,0,0,0,0,1.55930e+3
"Russia +","ARM","Armenia",2.43838e-2,0,5.61081e-3,0,6.57065e-1,0,0,0,6.79403e-1,0,5.03109e+1,0,0,0,0,0,0,0,0,0,0,0,0,0,0,0,0,0,0,0,0,0,0,5.25498e+1,7.38167e+0,0,0,0,0,0,0,9.85564e-2,0,4.99584e-2,0,0,0,0,0,9.66004e+0,5.66927e+0,0,2.67409e-2,0,0,0,0,1.27113e+2
"Russia +","AZE","Azerbaijan",1.31530e-1,4.40304e-2,2.08425e-1,0,1.76837e+0,0,0,0,1.41351e+0,0,2.70893e+2,0,0,0,0,0,4.82970e-2,0,0,0,0,0,0,0,0,0,0,0,0,0,0,0,0,1.74993e+2,2.53501e+1,4.18249e-1,0,0,0,0,0,4.32291e-1,0,5.09352e-2,0,0,0,0,0,1.89925e+1,4.56932e+1,0,5.51460e-2,0,0,0,0,5.40492e+2
"Russia +","GEO","Georgia",6.24062e-2,0,2.33344e-1,0,4.80245e-1,2.78398e-1,0,0,1.63469e+1,9.40487e+0,5.80248e+1,0,0,0,0,0,0,2.57795e-1,0,0,0,0,0,0,0,0,0,0,0,0,0,0,0,1.06207e+2,1.75167e+1,0,0,0,0,0,0,1.84446e-1,0,1.49743e-1,0,0,0,0,0,1.92919e+1,1.40827e+1,0,3.09125e-2,0,0,0,0,2.42553e+2
"Russia +","RUS","Russian Federation",1.07891e+1,1.07736e+0,1.62475e+1,0,5.07669e+1,1.82855e+0,2.88111e+0,6.22691e-1,3.23634e+2,3.20930e+3,1.62454e+4,0,0,0,0,0,8.31304e+0,6.36587e+0,0,0,0,0,0,0,0,0,0,0,0,0,0,0,0,5.37139e+3,8.27399e+2,1.10856e+2,0,0,0,0,0,3.67913e+1,9.22224e+1,3.48168e+2,0,0,0,0,0,1.16996e+3,1.28970e+3,0,0,0,0,0,0,2.91237e+4
"Middle_East","ARE","United Arab Emirates",5.38956e-1,3.54621e-2,6.03569e-1,0,1.83279e+0,0,0,0,6.46093e-2,1.51617e-1,5.97138e+2,0,0,0,0,0,0,0,0,0,0,0,0,0,0,0,0,0,0,0,0,0,0,1.11807e+1,6.73845e-1,0,0,0,0,0,0,1.04691e-3,0,0,0,0,0,0,0,1.02191e+1,8.07297e+0,0,8.20912e-2,0,0,0,0,6.30595e+2
"Middle_East","BHR","Bahrain",2.28528e-1,1.42651e-1,7.24316e-2,0,2.76064e-1,0,0,0,1.25604e-2,9.98470e-3,7.51035e+1,0,0,0,0,0,7.09665e-1,0,0,0,0,0,0,0,0,0,0,0,0,0,0,0,0,8.94143e-1,3.05218e-2,0,0,0,0,0,0,1.06892e-5,0,0,0,0,0,0,0,2.78010e+0,3.53397e+0,0,1.59655e-2,0,0,0,0,8.38101e+1
"Middle_East","IRN","Iran, Islamic Republic of",5.72815e-1,1.02355e-1,1.38868e+0,0,9.66974e+0,0,0,0,1.18710e+1,1.96042e+1,7.52591e+2,0,0,0,0,0,3.54366e-3,0,0,0,0,0,0,0,0,0,0,0,0,0,0,0,0,6.69325e+2,2.70341e+1,1.46890e+2,0,0,0,0,0,0,0,2.80512e-3,0,0,0,0,0,1.08802e+2,2.52607e+2,0,8.32260e-1,0,0,0,0,2.00130e+3
"Middle_East","IRQ","Iraq",1.05507e-2,7.05659e-2,4.07795e-1,0,4.42447e+0,0,0,0,7.37505e-1,1.20036e+0,8.77778e+2,0,0,0,0,0,3.43200e-2,0,0,0,0,0,0,0,0,0,0,0,0,0,0,0,0,1.24579e+2,7.10656e+0,2.06042e+1,0,0,0,0,0,1.03598e+0,0,3.02952e-1,0,0,0,0,0,6.62071e+1,6.78325e+1,0,1.84670e-1,0,0,0,0,1.17252e+3
"Middle_East","ISR","Israel",7.15554e-2,3.21164e-2,1.68645e-1,0,1.65595e+0,2.43253e-3,0,0,4.11563e-1,0,2.76368e+0,0,0,0,0,0,1.40525e-1,0,0,0,0,0,0,0,0,0,0,0,0,0,0,0,0,3.33703e+1,1.57855e+0,0,0,0,0,0,0,1.86428e-1,0,0,0,0,0,0,0,3.01244e+1,1.81007e+1,0,1.72675e-1,0,0,0,0,8.87796e+1
"Middle_East","JOR","Jordan",1.14357e-2,1.12346e-2,4.64734e-2,0,6.25334e-1,0,0,0,2.14450e-1,1.18577e+0,2.07149e+0,0,0,0,0,0,0,0,0,0,0,0,0,0,0,0,0,0,0,0,0,0,0,1.24555e+1,7.18503e-1,0,0,0,0,0,0,5.99002e-2,0,0,0,0,0,0,0,7.84919e+0,1.21989e+1,0,6.29488e-2,0,0,0,0,3.75111e+1
"Middle_East","KWT","Kuwait",1.85518e-1,1.20913e-1,1.61946e-1,0,1.52492e+0,0,0,0,7.32482e-1,2.08771e-1,3.71758e+2,0,0,0,0,0,1.15500e-1,0,0,0,0,0,0,0,0,0,0,0,0,0,0,0,0,3.36336e+0,1.01796e-1,0,0,0,0,0,0,1.24989e-3,0,0,0,0,0,0,0,1.36714e+1,1.38610e+1,0,6.14340e-2,0,0,0,0,4.05868e+2
"Middle_East","LBN","Lebanon",0,2.80260e-4,1.26860e-2,0,7.52809e-1,0,0,0,1.32887e+0,1.10802e+0,6.84006e-1,0,0,0,0,0,0,0,0,0,0,0,0,0,0,0,0,0,0,0,0,0,0,6.35941e+0,8.08773e-1,0,0,0,0,0,0,7.03780e-2,0,0,0,0,0,0,0,9.74945e+0,1.14338e+1,0,4.87320e-2,0,0,0,0,3.23572e+1
"Middle_East","OMN","Oman",1.89083e-1,1.20580e-2,1.08020e-2,0,5.82322e-1,0,0,0,2.46111e-1,1.66109e-1,2.38231e+2,0,0,0,0,0,0,0,0,0,0,0,0,0,0,0,0,0,0,0,0,0,0,1.35294e+1,6.07095e-1,0,0,0,0,0,0,3.09933e-3,0,0,0,0,0,0,0,3.73637e+0,7.07732e+0,0,4.55284e-2,0,0,0,0,2.64436e+2
"Middle_East","QAT","Qatar",4.22855e-1,1.00707e-1,5.40935e-2,2.00966e-3,4.28204e-1,0,0,0,6.25426e-2,5.54010e-3,1.92454e+2,0,0,0,0,0,9.73830e-2,0,0,0,0,0,0,0,0,0,0,0,0,0,0,0,0,2.61524e+0,1.85120e-1,0,0,0,0,0,0,1.62336e-3,0,0,0,0,0,0,0,3.21672e+0,7.18764e+0,0,1.95365e-2,0,0,0,0,2.06853e+2
"Middle_East","SAU","Saudi Arabia",2.78788e+0,9.00163e-1,5.90213e-1,9.40500e-3,8.36206e+0,0,0,0,2.69420e-1,2.15594e-1,1.30927e+3,0,0,0,0,0,3.34395e+0,0,0,0,0,0,0,0,0,0,0,0,0,0,0,0,0,7.74363e+1,4.18811e+0,0,0,0,0,0,0,2.56934e+0,0,0,0,0,0,0,0,6.86431e+1,6.67289e+1,0,4.54912e-1,0,0,0,0,1.54577e+3
"Middle_East","SYR","Syrian Arab Republic",4.25168e-2,2.80418e-2,2.14280e-1,0,1.92641e+0,0,0,0,3.68315e+0,9.23350e-2,1.48668e+2,0,0,0,0,0,0,0,0,0,0,0,0,0,0,0,0,0,0,0,0,0,0,1.13149e+2,3.99147e+0,5.66050e-3,0,0,0,0,0,1.75568e+0,0,4.40712e-2,0,0,0,0,0,1.98028e+1,4.20430e+1,0,1.23962e-1,0,0,0,0,3.35570e+2
"Middle_East","YEM","Yemen",1.53276e-2,6.97842e-3,0,0,9.90794e-1,0,0,0,2.67509e+0,4.70908e+0,2.17486e+1,0,0,0,0,0,0,0,0,0,0,0,0,0,0,0,0,0,0,0,0,0,0,8.31214e+1,3.73597e+0,0,0,0,0,0,0,6.75899e-1,0,0,0,0,0,0,0,3.93019e+0,4.15910e+1,0,3.97013e-2,0,0,0,0,1.63240e+2
"India +","AFG","Afghanistan",3.30035e-3,0,6.94251e-2,1.73201e-4,4.07981e-1,0,3.67932e-3,0,7.12089e+0,1.50093e+1,1.23731e+1,0,0,0,0,0,0,0,0,0,0,0,0,0,0,0,0,0,0,0,0,0,0,1.80425e+2,9.30790e+0,4.60828e+1,0,0,0,0,0,4.58769e-1,0,0,0,0,0,0,0,7.00426e+0,7.71600e+1,0,5.16592e-2,0,0,0,0,3.55478e+2
"India +","BGD","Bangladesh",1.14140e-1,2.85907e-3,7.92142e-2,0,3.08250e-1,9.73013e-3,3.39968e-2,0,1.62478e+2,2.33847e+1,8.18376e+1,0,0,0,0,0,0,0,0,0,0,0,0,0,0,0,0,0,0,0,0,0,0,7.03472e+2,6.64529e+1,2.56789e+3,0,0,0,0,2.44224e-1,1.17981e+1,1.83831e+1,0,0,0,0,0,0,8.60811e+1,4.50769e+2,0,0,0,0,0,0,4.17334e+3
"India +","BTN","Bhutan",8.33748e-5,0,7.87521e-3,9.17394e-5,5.70114e-3,0,8.11510e-5,0,1.38626e+1,6.28704e-1,0,0,0,0,0,0,0,0,0,0,0,0,0,0,0,0,0,0,0,0,0,0,0,1.34689e+1,1.35586e+0,7.04796e+0,0,0,0,0,0,1.84066e-1,0,0,0,0,0,0,0,3.06643e-1,6.10326e+0,0,1.78427e-3,0,0,0,0,4.29736e+1
"India +","IND","India",2.04867e+0,3.54206e-1,1.19078e+1,0,1.47011e+1,4.83723e-1,1.75846e-1,2.51208e-3,1.64711e+3,2.31031e+3,4.21420e+2,0,0,0,0,0,4.75401e-1,1.20086e+0,0,0,0,0,0,0,0,0,0,0,0,0,0,0,0,1.15314e+4,9.99144e+2,4.51534e+3,0,0,0,0,2.55288e+1,2.08231e+2,6.98496e+1,5.11128e-1,0,0,0,0,0,5.30456e+2,3.02920e+3,0,1.29429e+1,4.50000e+1,0,0,0,2.53778e+4
"India +","IOT","British Indian Ocean Territory",0,0,0,0,0,0,0,0,0,0,0,0,0,0,0,0,0,0,0,0,0,0,0,0,0,0,0,0,0,0,0,0,0,0,0,0,0,0,0,0,0,0,0,0,0,0,0,0,0,0,0,0,0,0,0,0,0,0,
"India +","LKA","Sri Lanka",2.16039e-4,3.97412e-3,6.85422e-1,1.08857e-3,5.51334e-1,4.51757e-3,0,0,2.56314e+1,1.75436e+0,3.22722e-1,0,0,0,0,0,0,0,0,0,0,0,0,0,0,0,0,0,0,0,0,0,0,1.21908e+2,1.02407e+1,2.34998e+2,0,0,0,0,1.57243e-1,2.32270e-1,1.65532e+0,0,0,0,0,0,0,2.89186e+1,7.94075e+1,0,0,0,0,0,0,5.06472e+2
"India +","MDV","Maldives",3.29691e-4,0,1.15087e-3,1.98125e-5,6.24148e-3,0,3.02386e-4,0,1.01514e-2,4.56980e-2,0,0,0,0,0,0,0,0,0,0,0,0,0,0,0,0,0,0,0,0,0,0,0,0,0,0,0,0,0,0,0,8.23061e-3,0,0,0,0,0,0,0,3.62055e-1,7.17530e-1,0,1.41070e-3,0,0,0,0,1.15312e+0
"India +","NPL","Nepal",0,0,4.48824e-2,0,6.22404e-2,0,0,0,5.67749e+1,4.47086e+0,0,0,0,0,0,0,0,0,0,0,0,0,0,0,0,0,0,0,0,0,0,0,0,3.71241e+2,3.18452e+1,4.07764e+2,0,0,0,0,7.83168e-1,8.07376e+0,3.49683e-1,0,0,0,0,0,0,2.34653e+0,7.74009e+1,0,0,0,0,0,0,9.61158e+2
"India +","PAK","Pakistan",3.26466e-1,1.21247e-2,7.87538e-1,0,2.96519e+0,4.56969e-2,0,1.25604e-4,1.28193e+2,4.09668e+1,5.31295e+2,0,0,0,0,0,0,0,0,0,0,0,0,0,0,0,0,0,0,0,0,0,0,2.05759e+3,1.49075e+2,8.25854e+2,0,0,0,0,1.24584e+0,7.18847e+0,8.29124e-2,9.33528e-2,0,0,0,0,0,8.03452e+1,4.17204e+2,0,6.08380e-1,0,0,0,0,4.24387e+3
"Korea","KOR","Korea, Republic of",2.62728e-1,1.70673e-1,2.12962e+0,1.52399e-2,6.91440e+0,4.76082e-2,4.30529e-1,0,1.29014e+2,3.01655e+2,2.50903e+1,0,0,0,0,0,2.74780e-1,1.56966e+0,0,0,0,0,0,0,0,0,0,0,0,0,0,0,0,1.72339e+2,1.42309e+1,5.39269e+2,0,0,0,0,0,5.96830e-1,0,1.03630e-1,0,0,0,0,0,7.97487e+1,2.59364e+2,0,0,0,0,0,0,1.53323e+3
"Korea","PRK","Korea, Democratic People's Republic of",1.75636e-1,2.04316e-3,7.42976e+0,0,1.20086e+0,0,0,0,7.49350e+1,5.23162e+2,5.58680e-1,0,0,0,0,0,0,1.10000e-1,0,0,0,0,0,0,0,0,0,0,0,0,0,0,0,7.05099e+1,1.25763e+1,1.93095e+2,0,0,0,0,0,4.75734e+0,0,1.20698e+1,0,0,0,0,0,2.84448e+1,9.72642e+1,1.77529e-1,0,0,0,0,0,1.02647e+3
"China +","CHN","China",4.49864e+0,1.94505e+0,7.33562e+1,1.60983e-2,2.09813e+1,9.10043e-1,0,1.04645e+0,4.86346e+3,1.03194e+4,9.05941e+2,0,0,0,0,0,4.89281e+0,8.43384e+0,0,0,0,0,0,0,0,0,0,0,0,0,0,0,0,6.77738e+3,1.05936e+3,1.67632e+4,0,0,0,0,1.96003e+0,1.27860e+1,4.32363e+0,2.18642e+1,0,0,0,0,0,9.84487e+2,5.28698e+3,7.42976e+0,1.62947e+0,9.00000e+1,0,0,0,4.72163e+4
"China +","HKG","Hong Kong",1.67057e-1,0,1.56879e-1,0,5.48041e-1,0,0,0,2.71933e-1,0,3.04393e+0,0,0,0,0,0,0,0,0,0,0,0,0,0,0,0,0,0,0,0,0,0,0,0,0,0,0,0,0,0,0,0,0,0,0,0,0,0,0,3.79104e+1,2.75151e+1,1.87989e-1,0,0,0,0,0,6.98013e+1
"China +","MAC","Macao",4.54869e-4,0,2.84765e-3,2.10726e-4,2.68053e-2,0,8.94992e-4,0,2.95093e-2,0,0,0,0,0,0,0,0,0,0,0,0,0,0,0,0,0,0,0,0,0,0,0,0,0,0,0,0,0,0,0,0,0,0,0,0,0,0,0,0,2.22065e+0,1.51478e+0,1.12586e-2,0,0,0,0,0,3.80741e+0
"China +","MNG","Mongolia",6.62501e-2,0,1.87810e-1,1.02479e-3,6.19275e-1,1.59098e-3,5.08736e-3,0,1.49459e+1,1.84341e+1,0,0,0,0,0,0,0,0,0,0,0,0,0,0,0,0,0,0,0,0,0,0,0,2.74052e+2,1.37924e+1,0,0,0,0,0,0,7.99353e-2,1.49424e-1,1.25844e+1,0,0,0,0,0,2.03786e+0,8.70698e+0,1.59639e-2,0,0,0,0,0,3.45680e+2
"China +","TWN","Taiwan_Province of China",2.00096e-1,9.19943e-2,1.91291e+0,1.77650e-3,6.96804e+0,5.73384e-3,6.33044e-2,0,1.11964e+0,1.47502e+1,2.73924e+1,0,0,0,0,0,3.99630e-1,6.77780e-1,0,0,0,0,0,0,0,0,0,0,0,0,0,0,0,2.03180e+1,4.47022e+1,0,0,0,0,0,0,0,0,0,0,0,0,0,0,7.77856e+1,1.00740e+2,4.04706e-1,0,0,0,0,0,2.97534e+2
"Southeastern Asia","BRN","Brunei Darussalam",7.45668e-2,7.27667e-2,8.91791e-3,0,2.17625e-1,0,0,0,4.49948e-2,1.51492e-2,1.38826e+2,0,0,0,0,0,0,0,0,0,0,0,0,0,0,0,0,0,0,0,0,0,0,4.19202e-1,2.42611e-1,2.07240e-1,0,0,0,0,0,7.52749e-3,6.23410e+0,0,0,0,0,0,0,1.33150e+0,1.15944e+0,3.73081e-2,6.22992e-3,0,0,0,0,1.48906e+2
"Southeastern Asia","KHM","Cambodia",5.45927e-4,0,4.36694e-2,1.06801e-3,4.88188e-2,0,5.54050e-4,0,4.78219e+1,2.20865e+0,0,0,0,0,0,0,0,0,0,0,0,0,0,0,0,0,0,0,0,0,0,0,0,1.39267e+2,1.90054e+1,3.99623e+2,0,0,0,0,1.52138e+1,1.49776e+1,0,0,0,0,0,0,0,4.05091e+0,3.42737e+1,1.17308e-1,2.72495e-2,0,0,0,0,6.76681e+2
"Southeastern Asia","LAO","Lao People's Democratic Republic",2.02938e-4,0,1.86803e-2,3.97740e-4,2.17973e-2,0,2.29670e-4,0,2.29939e+1,1.21556e+0,0,0,0,0,0,0,0,0,0,0,0,0,0,0,0,0,0,0,0,0,0,0,0,8.96814e+1,1.12942e+1,1.00581e+2,0,0,0,0,2.05274e+1,5.87582e+0,1.01837e+1,0,0,0,0,0,0,1.67675e+0,1.58540e+1,0,0,0,0,0,0,2.79926e+2
"Southeastern Asia","MMR","Myanmar",8.74827e-2,1.76683e-2,4.13656e-2,0,2.95710e-1,0,0,4.18680e-5,8.53852e+1,4.96614e+1,2.41236e+1,0,0,0,0,0,2.93250e-1,0,0,0,0,0,0,0,0,0,0,0,0,0,0,0,0,5.46311e+2,6.25163e+1,1.14258e+3,0,0,0,0,1.45286e+1,5.16560e+1,4.45672e+2,0,0,0,0,0,0,2.85683e+1,1.79525e+2,0,0,0,0,0,0,2.63126e+3
"Southeastern Asia","MYS","Malaysia",1.36769e-1,1.46873e-1,6.45479e-1,0,4.18605e+0,0,0,0,2.10145e+1,3.43809e+1,3.72906e+2,0,0,0,0,0,1.29758e+0,0,0,0,0,0,0,0,0,0,0,0,0,0,0,0,0,4.62969e+1,1.86003e+1,2.03685e+2,0,0,0,0,1.15524e+1,7.22149e+0,5.50113e+1,0,0,0,0,0,0,4.73952e+1,9.06182e+1,6.91060e-1,5.74620e-1,0,0,0,0,9.16360e+2
"Southeastern Asia","PHL","Philippines",1.30832e-1,8.04079e-2,1.51011e+0,8.37360e-5,1.66504e+0,0,8.00098e-2,0,7.72573e+1,9.21102e+1,3.17818e+0,0,0,0,0,0,1.26378e-3,3.58880e-1,0,0,0,0,0,0,0,0,0,0,0,0,0,0,0,2.91312e+2,5.84247e+1,1.03011e+3,0,0,0,0,1.71650e+0,5.29136e+1,2.48370e+0,0,0,0,0,0,0,1.04448e+2,3.06542e+2,0,1.13613e+0,0,0,0,0,2.02546e+3
"Southeastern Asia","SGP","Singapore",2.70027e-3,8.88380e-2,1.88825e-2,0,7.61719e-1,0,0,0,2.39278e-2,2.77005e+0,1.23667e+1,0,0,0,0,0,1.78200e-1,0,0,0,0,0,0,0,0,0,0,0,0,0,0,0,0,3.82523e-1,1.15419e+0,0,0,0,0,0,3.24648e-1,3.19899e-5,0,0,0,0,0,0,0,6.54611e+0,1.37113e+1,3.68349e+0,0,0,0,0,0,4.20133e+1
"Southeastern Asia","THA","Thailand",4.61754e-1,3.02138e-2,4.24621e+0,0,4.76035e+0,1.66802e-2,1.02869e-1,0,1.33070e+2,4.19688e+2,9.50579e+1,0,0,0,0,0,2.49234e-1,0,0,0,0,0,0,0,0,0,0,0,0,0,0,0,0,6.45861e+2,5.07341e+1,2.37494e+3,0,0,0,0,1.80310e+1,6.88672e+1,6.19902e+0,0,0,0,0,0,0,1.38227e+2,2.53915e+2,1.75625e+0,1.03168e+0,0,0,0,0,4.21725e+3
"Southeastern Asia","TLS","Timor-Leste",0,0,3.30642e-3,0,0,0,0,0,1.84431e-1,0,0,0,0,0,0,0,0,0,0,0,0,0,0,0,0,0,0,0,0,0,0,0,0,6.32149e+0,1.02056e+0,4.61848e+0,0,0,0,0,0,3.09632e-1,0,0,0,0,0,0,0,1.29926e-1,2.61929e+0,3.51655e-3,4.25040e-4,0,0,0,0,1.52111e+1
"Southeastern Asia","VNM","Viet Nam",4.48418e-2,0,5.54960e-1,2.40741e-3,8.78748e-1,1.50725e-3,0,5.27538e-3,1.72652e+2,1.05107e+2,3.49236e+1,0,0,0,0,0,0,0,0,0,0,0,0,0,0,0,0,0,0,0,0,0,0,3.50698e+2,8.19046e+1,1.71475e+3,0,0,0,0,7.00608e+0,5.15133e+1,3.00737e-1,0,0,0,0,0,0,4.25848e+1,2.84005e+2,0,0,0,0,0,0,2.84693e+3
"Indonesia +","IDN","Indonesia",1.91384e-1,4.79897e-1,8.63523e-1,1.00692e-2,7.54701e+0,0,1.92258e-1,0,5.15394e+2,1.22202e+2,9.75815e+2,0,0,0,0,0,9.96396e-3,0,0,0,0,0,0,0,0,0,0,0,0,0,0,0,0,9.42021e+2,8.31786e+1,2.66477e+3,0,0,0,0,3.87864e+1,1.65646e+2,1.75080e+2,0,1.31379e+3,0,0,0,0,3.20563e+2,8.43233e+2,4.24726e+0,3.31622e+0,0,0,0,0,8.17734e+3
"Indonesia +","PNG","Papua New Guinea",6.09934e-3,0,2.23105e-2,6.80491e-4,6.33719e-2,0,4.48355e-3,0,1.93710e+1,3.58635e-1,9.27429e+0,0,0,0,0,0,0,0,0,0,0,0,0,0,0,0,0,0,0,0,0,0,0,6.20919e+0,4.14806e+0,9.47381e-2,0,0,0,0,9.43776e+0,1.96925e-1,1.82791e+1,0,0,0,0,0,0,2.21509e+0,1.93627e+1,6.10327e-2,0,0,0,0,0,8.91055e+1
"Japan","JPN","Japan",8.15739e+0,6.26350e-1,1.30654e+1,6.07924e-2,1.70990e+1,1.14850e-1,1.45131e+0,7.53624e-3,1.97551e+1,2.61207e+2,3.32009e+1,0,0,0,0,0,4.40365e+0,7.88046e+0,0,0,0,0,0,0,0,0,0,0,0,0,0,0,0,5.11423e+2,2.22763e+2,1.22566e+3,0,0,0,0,0,8.13086e-1,2.46254e+0,1.05377e+0,0,0,0,0,0,3.81490e+2,3.68551e+2,1.44249e+2,7.06132e-1,0,0,0,0,3.22620e+3
"Oceania","ASM","American Samoa",0,0,0,0,0,0,0,0,3.45672e-5,0,0,0,0,0,0,0,0,0,0,0,0,0,0,0,0,0,0,0,0,0,0,0,0,2.30105e-2,1.55692e-1,0,0,0,0,0,0,1.57492e-5,0,0,0,0,0,0,0,2.14053e-1,5.25523e-2,0,0,0,0,0,0,4.45358e-1
"Oceania","ATF","French Southern Territories",0,0,0,0,0,0,0,0,0,0,0,0,0,0,0,0,0,0,0,0,0,0,0,0,0,0,0,0,0,0,0,0,0,0,0,0,0,0,0,0,0,0,0,0,0,0,0,0,0,0,0,0,0,0,0,0,0,0,
"Oceania","AUS","Australia",2.16685e+0,3.73189e-1,3.67028e+0,2.67955e-2,1.91592e+1,1.01554e-1,2.06326e-1,4.18680e-4,3.64853e+1,8.27631e+2,2.96623e+2,0,0,0,0,0,1.01035e-1,5.70550e-1,0,0,0,0,0,0,0,0,0,0,0,0,0,0,0,2.76072e+3,1.86891e+2,3.71197e+1,0,0,0,0,3.45960e+2,2.58700e+1,4.19629e+1,8.97504e+1,0,0,0,0,0,4.64752e+2,5.52863e+1,5.18855e-3,0,6.00000e-1,0,0,0,5.19603e+3
"Oceania","CCK","Cocos (Keeling) Islands",0,0,0,0,0,0,0,0,0,0,0,0,0,0,0,0,0,0,0,0,0,0,0,0,0,0,0,0,0,0,0,0,0,0,0,0,0,0,0,0,0,0,0,0,0,0,0,0,0,0,0,0,0,0,0,0,0,0,
"Oceania","COK","Cook Islands",0,0,0,0,0,0,0,0,5.76531e-3,0,0,0,0,0,0,0,0,0,0,0,0,0,0,0,0,0,0,0,0,0,0,0,0,6.58198e-2,5.11261e-2,0,0,0,0,0,0,2.62674e-3,0,0,0,0,0,0,0,0,2.39385e-2,0,0,0,0,0,0,1.49277e-1
"Oceania","CXR","Christmas Island",0,0,0,0,0,0,0,0,0,0,0,0,0,0,0,0,0,0,0,0,0,0,0,0,0,0,0,0,0,0,0,0,0,0,0,0,0,0,0,0,0,0,0,0,0,0,0,0,0,0,0,0,0,0,0,0,0,0,
"Oceania","FJI","Fiji",4.07367e-3,0,5.15977e-3,4.75489e-4,6.06265e-2,0,2.38920e-3,0,7.97130e-1,1.65295e-1,0,0,0,0,0,0,0,0,0,0,0,0,0,0,0,0,0,0,0,0,0,0,0,1.81975e+1,2.74078e+0,3.70764e+0,0,0,0,0,0,2.63470e-1,0,0,0,0,0,0,0,2.06651e+0,2.05590e+0,0,0,0,0,0,0,3.00669e+1
"Oceania","FSM","Micronesia, Federated States of",0,0,0,0,0,0,0,0,0,2.15970e-2,0,0,0,0,0,0,0,0,0,0,0,0,0,0,0,0,0,0,0,0,0,0,0,6.10219e-1,2.34858e-2,2.26420e-2,0,0,0,0,0,0,0,0,0,0,0,0,0,1.97803e-1,1.02055e-1,0,0,0,0,0,0,9.77802e-1
"Oceania","GUM","Guam",0,0,0,0,0,0,0,0,1.54020e-3,0,0,0,0,0,0,0,0,0,0,0,0,0,0,0,0,0,0,0,0,0,0,0,0,2.83384e-2,6.18357e-2,0,0,0,0,0,0,7.01733e-4,0,0,0,0,0,0,0,1.13691e+0,9.54355e-1,0,0,0,0,0,0,2.18368e+0
"Oceania","HMD","Heard Island and McDonald Islands",0,0,0,0,0,0,0,0,0,0,0,0,0,0,0,0,0,0,0,0,0,0,0,0,0,0,0,0,0,0,0,0,0,0,0,0,0,0,0,0,0,0,0,0,0,0,0,0,0,0,0,0,0,0,0,0,0,0,
"Oceania","KIR","Kiribati",5.96280e-5,0,3.42954e-4,4.22419e-5,1.79856e-3,0,3.74430e-5,0,6.80660e-3,1.99381e-2,0,0,0,0,0,0,0,0,0,0,0,0,0,0,0,0,0,0,0,0,0,0,0,9.30000e-3,4.75568e-2,0,0,0,0,0,0,2.58419e-3,0,0,0,0,0,0,0,1.62127e-1,2.36004e-1,0,0,0,0,0,0,4.86597e-1
"Oceania","MHL","Marshall Islands",0,0,0,0,0,0,0,0,0,0,0,0,0,0,0,0,0,0,0,0,0,0,0,0,0,0,0,0,0,0,0,0,0,0,0,0,0,0,0,0,0,0,0,0,0,0,0,0,0,1.65624e-1,5.43915e-2,0,0,0,0,0,0,2.20016e-1
"Oceania","MNP","Northern Mariana Islands",0,0,0,0,0,0,0,0,2.15552e-3,0,0,0,0,0,0,0,0,0,0,0,0,0,0,0,0,0,0,0,0,0,0,0,0,0,1.52587e-5,0,0,0,0,0,0,9.82082e-4,0,0,0,0,0,0,0,1.72562e-1,3.84874e-2,0,0,0,0,0,0,2.14202e-1
"Oceania","NCL","New Caledonia",9.44396e-4,0,7.18306e-3,3.11010e-5,5.64041e-2,0,9.52014e-4,0,1.10555e-1,3.17695e-2,0,0,0,0,0,0,0,0,0,0,0,0,0,0,0,0,0,0,0,0,0,0,0,7.03846e+0,9.38145e-1,0,0,0,0,0,0,1.96524e-3,0,0,0,0,0,0,0,1.19721e+0,2.12635e-1,0,0,0,0,0,0,9.59626e+0
"Oceania","NFK","Norfolk Island",0,0,0,0,0,0,0,0,0,0,0,0,0,0,0,0,0,0,0,0,0,0,0,0,0,0,0,0,0,0,0,0,0,0,0,0,0,0,0,0,0,0,0,0,0,0,0,0,0,0,4.06683e-3,0,0,0,0,0,0,4.06683e-3
"Oceania","NIU","Niue",0,0,0,0,0,0,0,0,1.48361e-4,3.75600e-4,0,0,0,0,0,0,0,0,0,0,0,0,0,0,0,0,0,0,0,0,0,0,0,1.44004e-2,2.00113e-2,0,0,0,0,0,0,6.75951e-5,0,0,0,0,0,0,0,3.31559e-3,3.18539e-3,0,0,0,0,0,0,4.15042e-2
"Oceania","NRU","Nauru",0,0,0,0,0,0,0,0,0,0,0,0,0,0,0,0,0,0,0,0,0,0,0,0,0,0,0,0,0,0,0,0,0,2.40000e-3,7.07522e-3,0,0,0,0,0,0,0,0,0,0,0,0,0,0,6.56337e-2,1.22176e-2,0,0,0,0,0,0,8.73265e-2
"Oceania","NZL","New Zealand",1.51563e-1,2.93101e-2,8.52926e-1,6.61515e-3,3.04884e+0,0,2.37392e-2,7.28502e-3,2.38318e+0,9.93144e+0,2.57451e+1,0,0,0,0,0,0,0,0,0,0,0,0,0,0,0,0,0,0,0,0,0,0,1.03925e+3,8.96068e+1,0,0,0,0,0,0,3.85054e-1,0,0,0,0,0,0,0,9.04477e+1,8.78154e+0,0,0,0,0,0,0,1.27065e+3
"Oceania","PCN","Pitcairn",0,0,0,0,0,0,0,0,0,0,0,0,0,0,0,0,0,0,0,0,0,0,0,0,0,0,0,0,0,0,0,0,0,0,0,0,0,0,0,0,0,0,0,0,0,0,0,0,0,0,1.04067e-3,0,0,0,0,0,0,1.04067e-3
"Oceania","PLW","Palau",0,0,0,0,0,0,0,0,0,0,0,0,0,0,0,0,0,0,0,0,0,0,0,0,0,0,0,0,0,0,0,0,0,0,0,0,0,0,0,0,0,0,0,0,0,0,0,0,0,0,5.27942e-2,0,0,0,0,0,0,5.27942e-2
"Oceania","PYF","French Polynesia",3.08766e-3,0,2.31833e-3,5.13884e-5,7.05040e-2,0,1.87761e-3,0,4.82691e-2,0,0,0,0,0,0,0,0,0,0,0,0,0,0,0,0,0,0,0,0,0,0,0,0,6.18121e-1,4.14396e-1,0,0,0,0,0,0,2.70940e-3,0,0,0,0,0,0,0,1.41751e+0,7.46329e-1,0,0,0,0,0,0,3.32517e+0
"Oceania","SLB","Solomon Islands",8.57838e-4,0,1.72049e-3,6.02725e-5,1.28101e-2,0,5.03230e-4,0,5.00450e-1,6.15045e-2,0,0,0,0,0,0,0,0,0,0,0,0,0,0,0,0,0,0,0,0,0,0,0,1.02330e+2,2.91036e+0,0,0,0,0,0,0,4.50634e-3,0,0,0,0,0,0,0,2.04449e-1,5.29395e-1,0,0,0,0,0,0,1.06556e+2
"Oceania","TKL","Tokelau",0,0,0,0,0,0,0,0,2.83354e-4,0,0,0,0,0,0,0,0,0,0,0,0,0,0,0,0,0,0,0,0,0,0,0,0,1.00000e-3,3.20383e-3,0,0,0,0,0,0,1.29099e-4,0,0,0,0,0,0,0,0,7.28234e-3,0,0,0,0,0,0,1.18986e-2
"Oceania","TON","Tonga",0,0,0,0,1.49493e-2,0,0,0,5.06046e-3,1.94686e-2,0,0,0,0,0,0,0,0,0,0,0,0,0,0,0,0,0,0,0,0,0,0,0,1.05966e+0,1.14799e+0,0,0,0,0,0,0,2.30560e-3,0,0,0,0,0,0,0,2.31011e-1,4.15366e-1,0,0,0,0,0,0,2.89581e+0
"Oceania","TUV","Tuvalu",0,0,0,0,0,0,0,0,0,0,0,0,0,0,0,0,0,0,0,0,0,0,0,0,0,0,0,0,0,0,0,0,0,1.11550e-2,3.35962e-2,0,0,0,0,0,0,0,0,0,0,0,0,0,0,1.61653e-2,6.56786e-2,0,0,0,0,0,0,1.26595e-1
"Oceania","VUT","Vanuatu",3.57378e-4,0,8.75919e-4,4.04550e-5,1.03039e-2,0,3.45842e-4,0,1.32942e-1,2.57599e-2,0,0,0,0,0,0,0,0,0,0,0,0,0,0,0,0,0,0,0,0,0,0,0,7.27401e+0,1.05582e+0,0,0,0,0,0,0,1.94266e-2,0,0,0,0,0,0,0,1.60954e-1,7.65732e-1,0,0,0,0,0,0,9.44656e+0
"Oceania","WLF","Wallis and Futuna",0,0,0,0,0,0,0,0,1.44881e-3,0,0,0,0,0,0,0,0,0,0,0,0,0,0,0,0,0,0,0,0,0,0,0,0,6.51712e-2,7.24247e-2,0,0,0,0,0,0,6.60097e-4,0,0,0,0,0,0,0,0,6.57649e-2,0,0,0,0,0,0,2.05470e-1
"Oceania","WSM","Samoa",2.46759e-4,0,8.79405e-4,1.96145e-4,1.84953e-2,0,2.69717e-4,0,2.51430e-1,2.72310e-2,0,0,0,0,0,0,0,0,0,0,0,0,0,0,0,0,0,0,0,0,0,0,0,1.62353e+0,2.32216e+0,0,0,0,0,0,0,1.66938e-3,0,0,0,0,0,0,0,2.54320e-1,9.89286e-1,0,0,0,0,0,0,5.48971e+0
"Antartica","ATA","Antarctica",0,0,0,0,0,0,0,0,0,0,0,0,0,0,0,0,0,0,0,0,0,0,0,0,0,0,0,0,0,0,0,0,0,0,0,0,0,0,0,0,0,0,0,0,0,0,0,0,0,0,0,0,0,0,0,0,0,0,
"Int. Shipping","SEA","Int. Shipping",0,0,0,0,0,0,0,0,0,0,7.15258e+0,0,2.95870e+1,0,0,0,0,0,0,0,0,0,0,0,0,0,0,0,0,0,0,0,0,0,0,0,0,0,0,0,0,0,0,0,0,0,0,0,0,0,0,0,0,0,0,0,0,3.67396e+1
"Int. Aviation","AIR","Int. Aviation",0,0,0,0,0,0,0,0,0,0,0,2.08639e+0,0,0,0,0,0,0,0,0,0,0,0,0,0,0,0,0,0,0,0,0,0,0,0,0,0,0,0,0,0,0,0,0,0,0,0,0,0,0,0,0,0,0,0,0,0,2.08639e+0

"TOTALS",,,1.33547e+2,3.54734e+1,3.13923e+2,1.79265e+0,7.97042e+2,7.73919e+0,1.04666e+1,2.64300e+0,1.30695e+4,3.56476e+4,4.88766e+4,2.08639e+0,2.95870e+1,0,0,0,7.94121e+1,6.33349e+1,0,0,0,0,0,0,0,0,0,0,0,0,0,0,0,9.01229e+4,1.09498e+4,4.00095e+4,0,0,0,0,5.74242e+3,1.19839e+3,6.66099e+3,1.35535e+3,1.31379e+3,0,0,0,0,2.59107e+4,2.34232e+4,2.20183e+2,5.88196e+1,1.50600e+2,0,0,0,03.06187e+5