"Content:","Emissions by country and main source category" 
"Compound:","CH4"
"Year: ","1972"
"Unit:","Gg CH4"
"Source:","European Commission, Joint Research Centre (JRC)/PBL Netherlands Environmental Assessment Agency. Emission Database for Global Atmospheric Research (EDGAR), release version 4.2. http://edgar.jrc.ec.europe.eu, 2010" 
"Dataset:","v4.2_EM_CH4_300911(edgar)"
"Date calculated:","November 30, 1999, 12:00 am"

,,,"Public electricity and heat production","Other Energy Industries","Manufacturing Industries and Construction","Domestic aviation","Road transportation","Rail transportation","Inland navigation","Other transportation","Residential and other sectors","Fugitive emissions from solid fuels","Fugitive emissions from oil and gas","Memo: International aviation","Memo: International navigation","Cement production","Lime production","Production of other minerals","Production of chemicals","Production of metals","Production of pulp/paper/food/drink","Production of halocarbons and SF6","Refrigeration and Air Conditioning","Foam Blowing","Fire Extinguishers","Aerosols","F-gas as Solvent","Semiconductor/Electronics Manufacture","Electrical Equipment","Other F-gas use","Non-energy use of lubricants/waxes (CO2)","Solvent and other product use: paint","Solvent and other product use: degrease","Solvent and other product use: chemicals","Solvent and other product use: other","Enteric fermentation","Manure management","Rice cultivation","Direct soil emissions","Manure in pasture/range/paddock","Indirect N2O from agriculture","Other direct soil emissions","Savanna burning","Agricultural waste burning","Forest fires","Grassland fires","Peat fires and decay of drained peatland","Other vegetation fires","Other biomass burning","Forest Fires-Post burn decay","Forest Land: net carbon stock change","Solid waste disposal on land","Wastewater handling","Waste incineration","Other waste handling","Fossil fuel fires","Indirect N2O from non-agricultural NOx","Indirect N2O from non-agricultural NH3","Other sources",

"World Region","ISO_A3","Country","1A1a","1A1bc","1A2","1A3a","1A3b","1A3c","1A3d","1A3e","1A4","1B1","1B2","1C1","1C2","2A1","2A2","2A7","2B","2C","2D","2E","2F1","2F2","2F3","2F4","2F5","2F7","2F8","2F9","2G","3A","3B","3C","3D","4A","4B","4C","4D1","4D2","4D3","4D4","4E","4F","5A","5C","5D","5F","5F1","5F2","5FL","6A","6B","6C","6D","7A","7B","7C","7D","TOTAL" 
"Canada","CAN","Canada",7.10004e-1,1.15151e+0,9.67287e+0,4.53430e-2,3.97670e+1,3.80344e-1,4.67163e-1,0,5.20601e+1,6.07164e+1,1.19270e+3,0,0,0,0,0,4.23586e+0,2.04558e+0,0,0,0,0,0,0,0,0,0,0,0,0,0,0,0,6.81366e+2,2.27188e+2,0,0,0,0,0,0,5.06482e+0,3.83755e+1,3.20952e+1,0,0,0,0,0,6.28840e+2,1.61179e+2,6.55579e+0,0,0,0,0,0,3.14462e+3
"USA","SPM","Saint Pierre and Miquelon",0,0,0,0,0,0,0,0,0,0,0,0,0,0,0,0,0,0,0,0,0,0,0,0,0,0,0,0,0,0,0,0,0,4.28630e-4,3.41244e-5,0,0,0,0,0,0,0,0,0,0,0,0,0,0,2.76952e-2,9.41190e-3,6.52151e-4,0,0,0,0,0,3.82220e-2
"USA","UMI","United States Minor Outlying Islands",0,0,0,0,0,0,0,0,0,0,0,0,0,0,0,0,0,0,0,0,0,0,0,0,0,0,0,0,0,0,0,0,0,0,0,0,0,0,0,0,0,0,0,0,0,0,0,0,0,0,0,0,0,0,0,0,0,0,
"USA","USA","United States",1.20854e+1,9.03982e+0,6.83427e+1,9.71567e-1,4.88968e+2,2.42194e+0,1.11780e+0,7.46339e-1,3.91470e+2,3.47211e+3,7.32248e+3,0,0,0,0,0,1.50978e+1,3.99290e+0,0,0,0,0,0,0,0,0,0,0,0,0,0,0,0,6.62708e+3,1.94587e+3,3.49659e+2,0,0,0,0,4.28448e-1,3.68493e+1,3.94085e+1,1.37834e+1,0,0,0,0,0,6.51760e+3,5.81239e+2,0,0,1.50000e+1,0,0,0,2.79158e+4
"Mexico","MEX","Mexico",1.31889e-1,3.95779e-1,2.69324e+0,0,8.04346e+0,0,0,4.32831e-1,6.18452e+1,3.92240e+1,6.75178e+2,0,0,0,0,0,4.28662e-1,2.29988e+0,0,0,0,0,0,0,0,0,0,0,0,0,0,0,0,1.53230e+3,1.07800e+2,3.14486e+1,0,0,0,0,1.66464e+1,2.08691e+1,4.25954e+1,9.34848e-2,0,0,0,0,0,1.08700e+2,2.84938e+2,0,0,0,0,0,0,2.93606e+3
"Rest Central America","ABW","Aruba",1.52628e-3,0,7.24389e-3,0,0,0,0,0,3.23000e-4,1.11748e-2,0,0,0,0,0,0,0,0,0,0,0,0,0,0,0,0,0,0,0,0,0,0,0,3.39370e-2,4.18740e-3,0,0,0,0,0,0,0,0,0,0,0,0,0,0,1.73597e-1,2.75485e-1,0,0,0,0,0,0,5.07474e-1
"Rest Central America","AIA","Anguilla",1.79550e-4,0,8.52210e-4,0,0,0,0,0,3.80000e-5,3.53116e-1,0,0,0,0,0,0,0,0,0,0,0,0,0,0,0,0,0,0,0,0,0,0,0,0,0,0,0,0,0,0,0,0,0,0,0,0,0,0,0,5.47365e-3,2.26931e-2,0,0,0,0,0,0,3.82352e-1
"Rest Central America","ANT","Netherlands Antilles",0,1.44956e-1,1.76097e-1,1.04670e-3,1.55292e-1,0,0,0,3.20290e-2,2.16944e-2,1.01345e+1,0,0,0,0,0,0,0,0,0,0,0,0,0,0,0,0,0,0,0,0,0,0,3.60351e-1,1.43200e-2,0,0,0,0,0,0,0,0,0,0,0,0,0,0,9.64294e-1,7.01787e-1,0,0,0,0,0,0,1.27064e+1
"Rest Central America","ATG","Antigua and Barbuda",2.18448e-3,0,7.69591e-3,0,2.25108e-3,0,0,0,7.57549e-2,0,1.08786e-1,0,0,0,0,0,0,0,0,0,0,0,0,0,0,0,0,0,0,0,0,0,0,5.89583e-1,1.57360e-2,0,0,0,0,0,0,3.61673e-2,0,0,0,0,0,0,0,1.55955e-1,2.53841e-1,0,0,0,0,0,0,1.24795e+0
"Rest Central America","BHS","Bahamas",7.59969e-3,0,2.63338e-2,0,2.14895e-2,0,0,0,4.26138e-1,6.66120e-3,1.07219e+0,0,0,0,0,0,0,0,0,0,0,0,0,0,0,0,0,0,0,0,0,0,0,3.70248e-1,2.51670e-2,0,0,0,0,0,0,1.16687e-2,0,0,0,0,0,0,0,2.22069e+0,7.22841e-1,0,0,0,0,0,0,4.91103e+0
"Rest Central America","BLZ","Belize",4.06871e-3,0,1.74284e-2,0,3.22290e-3,0,0,0,5.88566e-1,4.84120e-2,6.24275e-2,0,0,0,0,0,0,0,0,0,0,0,0,0,0,0,0,0,0,0,0,0,0,2.13154e+0,7.56190e-2,6.79372e-1,0,0,0,0,4.92432e-1,2.17158e-1,0,0,0,0,0,0,0,3.82034e-1,6.56819e-1,0,0,0,0,0,0,5.35910e+0
"Rest Central America","BMU","Bermuda",2.13964e-3,0,6.88116e-3,0,2.49103e-3,0,0,0,4.60438e-2,0,1.47631e-1,0,0,0,0,0,0,0,0,0,0,0,0,0,0,0,0,0,0,0,0,0,0,8.02302e-2,3.28704e-3,0,0,0,0,0,0,4.67309e-5,0,0,0,0,0,0,0,4.69541e-1,2.44088e-1,0,0,0,0,0,0,1.00238e+0
"Rest Central America","BRB","Barbados",7.11696e-3,0,3.02541e-2,0,4.89781e-3,0,0,0,3.64769e-2,2.83556e-2,3.98454e-1,0,0,0,0,0,0,0,0,0,0,0,0,0,0,0,0,0,0,0,0,0,0,1.46332e+0,6.79700e-2,0,0,0,0,0,0,3.13853e-1,0,0,0,0,0,0,0,9.57185e-1,1.42530e+0,0,0,0,0,0,0,4.73318e+0
"Rest Central America","CRI","Costa Rica",4.15532e-3,3.33307e-3,1.95566e-1,0,1.11949e-1,0,0,1.74590e-2,5.35742e+0,1.07380e+0,1.09102e-1,0,0,0,0,0,0,0,0,0,0,0,0,0,0,0,0,0,0,0,0,0,0,1.04311e+2,2.42059e+0,6.45101e+0,0,0,0,0,9.02544e-1,8.29081e-1,0,0,0,0,0,0,0,1.79322e+0,8.55738e+0,0,0,0,0,0,0,1.32138e+2
"Rest Central America","CUB","Cuba",6.90086e-1,6.45269e-3,2.98498e+0,0,7.00057e-1,0,8.26476e-2,3.19035e-2,2.67139e+1,8.26826e+0,1.78978e+0,0,0,0,0,0,0,0,0,0,0,0,0,0,0,0,0,0,0,0,0,0,0,3.20390e+2,9.49746e+0,9.34615e+1,0,0,0,0,6.54672e+0,1.42476e+1,1.43310e+0,0,0,0,0,0,0,2.61385e+1,4.98681e+1,0,0,0,0,0,0,5.62851e+2
"Rest Central America","CYM","Cayman Islands",5.93120e-4,0,2.12410e-3,0,6.47920e-4,0,0,0,9.66597e-3,0,2.72055e-2,0,0,0,0,0,0,0,0,0,0,0,0,0,0,0,0,0,0,0,0,0,0,2.16576e-1,8.39459e-3,0,0,0,0,0,0,4.62818e-6,0,0,0,0,0,0,0,2.98481e-1,5.02557e-2,0,0,0,0,0,0,6.13949e-1
"Rest Central America","DMA","Dominica",1.91807e-3,0,8.99860e-3,0,3.58512e-4,0,0,0,2.60153e-3,2.48976e-2,7.41847e-3,0,0,0,0,0,0,0,0,0,0,0,0,0,0,0,0,0,0,0,0,0,0,2.81803e-1,1.31820e-2,0,0,0,0,0,0,1.74457e-3,0,0,0,0,0,0,0,1.81904e-1,3.34507e-1,0,0,0,0,0,0,8.59333e-1
"Rest Central America","DOM","Dominican Republic",6.80967e-2,0,6.79476e-1,0,3.70545e-1,0,0,8.79228e-4,1.01844e+1,1.62144e+1,0,0,0,0,0,0,0,0,0,0,0,0,0,0,0,0,0,0,0,0,0,0,0,8.99682e+1,2.93811e+0,3.50322e+1,0,0,0,0,8.23248e-1,3.15153e+0,6.52535e-1,0,0,0,0,0,0,8.76908e+0,2.43383e+1,1.42669e-1,0,0,0,0,0,1.93334e+2
"Rest Central America","GLP","Guadeloupe",8.54588e-3,0,3.96274e-2,0,4.24302e-3,0,0,0,5.43322e-1,1.47129e-1,1.34942e-1,0,0,0,0,0,0,0,0,0,0,0,0,0,0,0,0,0,0,0,0,0,0,4.28662e+0,1.07802e-1,0,0,0,0,0,0,3.10956e-1,0,0,0,0,0,0,0,1.62573e+0,1.88851e+0,0,0,0,0,0,0,9.09743e+0
"Rest Central America","GRD","Grenada",2.34514e-3,0,1.08924e-2,0,3.85446e-4,0,0,0,4.57212e-3,1.07307e-1,1.28520e-2,0,0,0,0,0,0,0,0,0,0,0,0,0,0,0,0,0,0,0,0,0,0,4.12889e-1,1.35831e-2,0,0,0,0,0,0,4.85653e-3,0,0,0,0,0,0,0,1.45759e-1,4.33364e-1,0,0,0,0,0,0,1.14881e+0
"Rest Central America","GTM","Guatemala",2.26422e-2,2.74754e-3,5.02166e-1,0,2.09261e-1,0,0,0,1.77621e+1,6.97970e+0,2.38453e-1,0,0,0,0,0,0,0,0,0,0,0,0,0,0,0,0,0,0,0,0,0,0,1.03853e+2,3.17035e+0,2.21754e+0,0,0,0,0,3.82632e+0,1.68699e+0,4.63692e+0,0,0,0,0,0,0,4.59331e+0,2.46638e+1,0,0,0,0,0,0,1.74365e+2
"Rest Central America","HND","Honduras",4.14492e-3,2.47021e-3,1.78232e-1,0,8.87337e-2,0,0,0,1.09446e+1,6.44280e-1,1.55813e-1,0,0,0,0,0,0,0,0,0,0,0,0,0,0,0,0,0,0,0,0,0,0,8.72003e+1,3.05127e+0,2.49976e+0,0,0,0,0,5.08200e+0,7.75552e-1,4.83140e+0,0,0,0,0,0,0,1.26400e+0,1.18080e+1,0,0,0,0,0,0,1.28530e+2
"Rest Central America","HTI","Haiti",3.14010e-3,0,1.72328e-1,0,2.24071e-2,0,0,3.14010e-3,1.25915e+1,2.43753e+1,0,0,0,0,0,0,0,0,0,0,0,0,0,0,0,0,0,0,0,0,0,0,0,7.04981e+1,3.87932e+0,8.46695e+0,0,0,0,0,0,1.50119e+0,0,0,0,0,0,0,0,5.03857e+0,2.21352e+1,0,0,0,0,0,0,1.48687e+2
"Rest Central America","JAM","Jamaica",2.80084e-1,3.66484e-3,9.00580e-2,1.04670e-4,2.43912e-1,1.35527e-2,0,0,2.07487e+0,1.71808e+0,4.50566e-1,0,0,0,0,0,0,0,0,0,0,0,0,0,0,0,0,0,0,0,0,0,0,1.79766e+1,6.35703e-1,2.01594e-2,0,0,0,0,0,1.24843e+0,0,0,0,0,0,0,0,5.05154e+0,9.72947e+0,0,0,0,0,0,0,3.95368e+1
"Rest Central America","KNA","Saint Kitts and Nevis",1.17446e-3,0,5.23151e-3,0,4.90314e-4,0,0,0,1.15785e-1,0,1.39960e-2,0,0,0,0,0,0,0,0,0,0,0,0,0,0,0,0,0,0,0,0,0,0,4.21264e-1,1.02750e-2,0,0,0,0,0,0,7.37715e-2,0,0,0,0,0,0,0,2.44989e-1,3.17039e-1,0,0,0,0,0,0,1.20402e+0
"Rest Central America","LCA","Saint Lucia",3.17494e-3,0,1.43134e-2,0,1.62823e-3,0,0,0,2.19897e-2,3.13404e-2,3.11660e-2,0,0,0,0,0,0,0,0,0,0,0,0,0,0,0,0,0,0,0,0,0,0,6.03822e-1,2.21150e-2,0,0,0,0,0,0,6.45349e-3,0,0,0,0,0,0,0,9.07115e-2,4.84642e-1,0,0,0,0,0,0,1.31136e+0
"Rest Central America","MSR","Montserrat",3.24841e-4,0,1.44425e-3,0,2.96972e-4,0,0,0,1.72668e-3,0,4.67863e-3,0,0,0,0,0,0,0,0,0,0,0,0,0,0,0,0,0,0,0,0,0,0,4.62993e-1,1.20506e-2,0,0,0,0,0,0,1.74421e-5,0,0,0,0,0,0,0,6.46590e-3,5.06017e-2,0,0,0,0,0,0,5.40600e-1
"Rest Central America","MTQ","Martinique",9.26633e-3,0,3.95864e-2,0,4.51580e-3,0,0,0,7.54077e-2,1.53644e-1,1.76032e-1,0,0,0,0,0,0,0,0,0,0,0,0,0,0,0,0,0,0,0,0,0,0,2.93727e+0,1.02025e-1,0,0,0,0,0,0,1.40396e-1,0,0,0,0,0,0,0,2.34817e+0,1.75974e+0,0,0,0,0,0,0,7.74606e+0
"Rest Central America","NIC","Nicaragua",1.79310e-2,1.08225e-3,1.89750e-1,1.88406e-4,1.20296e-1,0,1.75846e-3,0,6.71270e+0,1.39594e+0,1.33729e-1,0,0,0,0,0,0,0,0,0,0,0,0,0,0,0,0,0,0,0,0,0,0,1.37801e+2,3.68419e+0,5.28176e+0,0,0,0,0,5.17248e+0,8.23620e-1,0,0,0,0,0,0,0,9.31119e+0,1.11323e+1,0,0,0,0,0,0,1.81780e+2
"Rest Central America","PAN","Panama",4.84255e-3,6.72105e-3,7.01290e-2,0,2.84247e-1,0,0,7.78746e-3,4.32811e+0,1.07380e-1,1.09655e+0,0,0,0,0,0,0,0,0,0,0,0,0,0,0,0,0,0,0,0,0,0,0,7.87626e+1,1.76222e+0,2.11673e+1,0,0,0,0,8.91192e-1,5.77650e-1,0,0,0,0,0,0,0,3.35776e+0,7.23250e+0,0,0,0,0,0,0,1.19657e+2
"Rest Central America","PRI","Puerto Rico",0,0,0,0,0,0,0,0,0,0,0,0,0,0,0,0,0,0,0,0,0,0,0,0,0,0,0,0,0,0,0,0,0,3.25683e+1,8.76699e-1,1.41116e-1,0,0,0,0,0,1.18168e+0,1.08963e-1,0,0,0,0,0,0,1.39574e+1,1.38780e+1,0,0,0,0,0,0,6.27122e+1
"Rest Central America","SLV","El Salvador",1.38845e-2,1.33503e-3,1.68544e-1,0,1.27564e-1,0,0,7.53624e-4,1.56217e+1,3.22140e-1,1.31773e-1,0,0,0,0,0,0,0,0,0,0,0,0,0,0,0,0,0,0,0,0,0,0,6.13108e+1,2.16402e+0,2.21754e+0,0,0,0,0,9.37752e-2,1.03624e+0,0,0,0,0,0,0,0,6.50530e+0,1.52727e+1,0,0,0,0,0,0,1.04988e+2
"Rest Central America","TCA","Turks and Caicos Islands",1.91730e-4,0,9.09960e-4,0,0,0,0,0,4.04000e-5,1.92920e-3,0,0,0,0,0,0,0,0,0,0,0,0,0,0,0,0,0,0,0,0,0,0,0,0,0,0,0,0,0,0,0,0,0,0,0,0,0,0,0,3.49013e-2,2.83940e-2,0,0,0,0,0,0,6.63666e-2
"Rest Central America","TTO","Trinidad and Tobago",7.88843e-2,8.88857e-2,5.86152e-3,0,2.69170e-1,0,0,0,1.31011e+0,1.40577e-1,5.68541e+1,0,0,0,0,0,3.92074e-1,0,0,0,0,0,0,0,0,0,0,0,0,0,0,0,0,4.46848e+0,1.82590e-1,8.84998e-1,0,0,0,0,0,7.69598e-1,0,0,0,0,0,0,0,5.02695e+0,6.82968e+0,0,0,0,0,0,0,7.73019e+1
"Rest Central America","VCT","Saint Vincent and the Grenadines",2.61891e-3,0,1.21583e-2,0,4.18774e-4,0,0,0,2.56446e-2,2.12576e-2,1.05108e-2,0,0,0,0,0,0,0,0,0,0,0,0,0,0,0,0,0,0,0,0,0,0,4.58815e-1,1.39020e-2,0,0,0,0,0,0,1.40533e-2,0,0,0,0,0,0,0,1.20692e-1,4.33857e-1,0,0,0,0,0,0,1.11393e+0
"Rest Central America","VGB","Virgin Islands_British",3.13563e-4,0,1.33722e-3,0,3.49211e-4,0,0,0,2.38530e-3,1.27400e-3,6.23336e-3,0,0,0,0,0,0,0,0,0,0,0,0,0,0,0,0,0,0,0,0,0,0,4.28964e-1,2.92834e-2,0,0,0,0,0,0,0,0,0,0,0,0,0,0,4.37202e-2,4.57672e-2,0,0,0,0,0,0,5.59627e-1
"Rest Central America","VIR","Virgin Islands_USA",0,0,0,0,0,0,0,0,0,0,0,0,0,0,0,0,0,0,0,0,0,0,0,0,0,0,0,0,0,0,0,0,0,5.78660e-2,1.08516e-2,0,0,0,0,0,0,6.61867e-2,0,0,0,0,0,0,0,4.26374e-1,3.07785e-1,0,0,0,0,0,0,8.69063e-1
"Brazil","BRA","Brazil",2.34504e-1,1.78221e-1,1.08484e+1,1.94268e-2,1.33172e+1,1.02799e-1,2.32702e-1,0,3.04378e+2,3.99715e+2,5.12742e+1,0,0,0,0,0,7.90343e-1,4.13606e+0,0,0,0,0,0,0,0,0,0,0,0,0,0,0,0,5.05997e+3,1.46972e+2,5.24230e+2,0,0,0,0,4.34712e+2,5.65200e+1,1.63826e+3,9.87408e-1,0,0,0,0,0,1.91421e+2,7.92698e+2,2.87680e+0,0,0,0,0,0,9.63388e+3
"Rest South America","ARG","Argentina",2.78413e-1,2.08065e-1,1.98631e+0,9.02255e-3,5.13422e+0,1.17230e-3,1.86396e-1,5.14977e-2,5.46289e+0,4.93664e+1,2.41994e+2,0,0,0,0,0,2.11972e-1,3.97668e-1,0,0,0,0,0,0,0,0,0,0,0,0,0,0,0,3.43435e+3,6.84165e+1,1.67524e+1,0,0,0,0,1.17158e+1,1.81125e+1,3.59892e+1,7.75176e+1,0,0,0,0,0,7.39447e+1,1.72009e+2,0,0,0,0,0,0,4.21410e+3
"Rest South America","BOL","Bolivia",1.46957e-2,8.08051e-3,1.03833e-1,6.90822e-4,2.65421e-1,0,0,0,3.55601e+0,5.36900e-1,7.81978e+1,0,0,0,0,0,0,0,0,0,0,0,0,0,0,0,0,0,0,0,0,0,0,1.90941e+2,5.95395e+0,1.03418e+1,0,0,0,0,1.26391e+2,9.78002e-1,2.74162e+2,0,0,0,0,0,0,4.89717e+0,2.04269e+1,0,0,0,0,0,0,7.16775e+2
"Rest South America","BVT","Bouvet Island",0,0,0,0,0,0,0,0,0,0,0,0,0,0,0,0,0,0,0,0,0,0,0,0,0,0,0,0,0,0,0,0,0,0,0,0,0,0,0,0,0,0,0,0,0,0,0,0,0,0,0,0,0,0,0,0,0,0,
"Rest South America","CHL","Chile",4.72572e-2,8.28293e-2,6.05294e-1,0,1.37728e+0,1.55226e-2,3.16522e-2,0,1.50186e+1,3.98368e+1,1.49643e+2,0,0,0,0,0,0,9.49904e-2,0,0,0,0,0,0,0,0,0,0,0,0,0,0,0,2.59561e+2,5.51713e+0,5.18097e+0,0,0,0,0,0,1.59591e+0,1.85923e+0,4.21632e+0,0,0,0,0,0,1.68015e+1,8.27194e+1,0,0,0,0,0,0,5.84204e+2
"Rest South America","COL","Colombia",3.98407e-2,1.21884e-1,8.42426e-1,0,2.22437e+0,1.28744e-3,0,2.61256e-2,4.31243e+1,3.63246e+1,1.09486e+2,0,0,0,0,0,1.17869e-2,2.47800e-2,0,0,0,0,0,0,0,0,0,0,0,0,0,0,0,1.23559e+3,2.92058e+1,1.06072e+2,0,0,0,0,2.09112e+1,6.38832e+0,9.50708e+1,0,0,0,0,0,0,2.52965e+1,1.07346e+2,0,0,0,0,0,0,1.81811e+3
"Rest South America","ECU","Ecuador",4.65595e-3,1.48981e-2,1.84010e-1,0,4.80390e-1,0,0,1.87149e-2,1.55632e+1,3.35770e+1,1.98986e+1,0,0,0,0,0,3.74400e-5,0,0,0,0,0,0,0,0,0,0,0,0,0,0,0,0,1.48595e+2,5.80398e+0,4.08549e+1,0,0,0,0,1.07189e+0,2.28259e+0,9.77568e-1,0,0,0,0,0,0,4.78747e+0,2.80208e+1,0,0,0,0,0,0,3.02135e+2
"Rest South America","FLK","Falkland Islands (Malvinas)",9.85140e-5,0,2.27577e-4,0,5.51232e-5,0,0,0,1.40792e-3,7.53480e-3,3.10452e-3,0,0,0,0,0,0,0,0,0,0,0,0,0,0,0,0,0,0,0,0,0,0,3.92144e+0,7.68694e-2,0,0,0,0,0,0,0,0,0,0,0,0,0,0,7.74995e-3,9.33500e-3,2.94059e-5,0,0,0,0,0,4.02785e+0
"Rest South America","GUF","French Guiana",1.93249e-3,0,8.33954e-3,0,1.52397e-3,0,0,0,1.03595e-1,1.11894e-1,9.78087e-2,0,0,0,0,0,0,0,0,0,0,0,0,0,0,0,0,0,0,0,0,0,0,1.20288e-1,1.16903e-2,5.03985e-3,0,0,0,0,0,2.16586e-3,6.18202e-1,0,0,0,0,0,0,3.14127e-1,2.44101e-1,1.19346e-3,0,0,0,0,0,1.64190e+0
"Rest South America","GUY","Guyana",2.07551e-2,0,9.23567e-2,0,9.34248e-3,0,0,0,3.04895e+0,2.03840e-3,3.80691e-1,0,0,0,0,0,0,0,0,0,0,0,0,0,0,0,0,0,0,0,0,0,0,1.32906e+1,6.30987e-1,3.57617e+1,0,0,0,0,2.81496e+0,1.24682e+0,1.60589e+1,0,0,0,0,0,0,8.94633e-1,3.64851e+0,3.39117e-3,0,0,0,0,0,7.79046e+1
"Rest South America","PER","Peru",1.03895e-1,4.80331e-2,6.01937e-1,6.48954e-4,1.39098e+0,0,3.54622e-2,0,3.57894e+1,2.16909e+1,5.54604e+1,0,0,0,0,0,3.00000e-4,1.21413e-1,0,0,0,0,0,0,0,0,0,0,0,0,0,0,0,3.03636e+2,9.65433e+0,5.63303e+1,0,0,0,0,8.20560e-1,4.04447e+0,3.48446e+1,0,0,0,0,0,0,1.78891e+1,7.26402e+1,0,0,0,0,0,0,6.15103e+2
"Rest South America","PRY","Paraguay",4.79808e-2,1.13043e-3,3.91507e-1,0,7.91424e-2,1.63285e-2,1.46538e-3,0,1.08032e+1,6.44280e+0,5.19184e-2,0,0,0,0,0,0,0,0,0,0,0,0,0,0,0,0,0,0,0,0,0,0,2.68428e+2,5.94495e+0,4.35443e+0,0,0,0,0,6.37296e+1,7.15694e-1,6.94356e+1,7.37760e+0,0,0,0,0,0,4.45436e+0,1.11339e+1,0,0,0,0,0,0,4.53410e+2
"Rest South America","SGS","South Georgia and the South Sandwich Islands",0,0,0,0,0,0,0,0,0,0,0,0,0,0,0,0,0,0,0,0,0,0,0,0,0,0,0,0,0,0,0,0,0,0,0,0,0,0,0,0,0,0,0,0,0,0,0,0,0,0,0,0,0,0,0,0,0,0,
"Rest South America","SUR","Suriname",1.21860e-2,0,4.34957e-2,0,1.11739e-2,0,0,0,2.99840e-1,8.73855e-1,5.51574e-1,0,0,0,0,0,0,0,0,0,0,0,0,0,0,0,0,0,0,0,0,0,0,1.85410e+0,1.41623e-1,1.96138e+1,0,0,0,0,0,1.59770e-1,1.23950e+1,0,0,0,0,0,0,9.12038e-1,1.82949e+0,3.42961e-3,0,0,0,0,0,3.87014e+1
"Rest South America","URY","Uruguay",8.33614e-3,2.49952e-3,1.35778e-1,5.65218e-4,3.02739e-1,0,0,7.03383e-3,4.29644e+0,1.07380e-1,4.51917e-1,0,0,0,0,0,0,8.17984e-4,0,0,0,0,0,0,0,0,0,0,0,0,0,0,0,6.36744e+2,1.27421e+1,1.61716e+1,0,0,0,0,0,6.24235e-1,0,0,0,0,0,0,0,1.11371e+1,1.44148e+1,0,0,0,0,0,0,6.97147e+2
"Rest South America","VEN","Venezuela",1.58805e-1,6.89325e-1,6.66245e-1,0,4.00203e+0,5.90757e-3,0,5.02416e-4,4.72024e+0,1.98064e+0,8.31112e+2,0,0,0,0,0,2.67348e-1,2.40924e-1,0,0,0,0,0,0,0,0,0,0,0,0,0,0,0,5.01871e+2,1.50675e+1,1.31641e+1,0,0,0,0,3.17136e+1,2.29228e+0,6.67216e+1,0,0,0,0,0,0,3.42800e+1,6.90774e+1,0,0,0,0,0,0,1.57803e+3
"Northern_Africa","DZA","Algeria",4.29326e-2,1.00023e-1,5.55588e-2,0,5.56232e-1,6.77633e-3,8.20613e-3,0,1.32511e+1,2.14637e+1,7.30921e+2,0,0,0,0,0,9.85540e-2,5.83800e-2,0,0,0,0,0,0,0,0,0,0,0,0,0,0,0,1.05172e+2,4.11626e+0,2.17356e-1,0,0,0,0,0,1.06707e-1,0,0,0,0,0,0,0,1.70884e+1,5.45854e+1,0,0,0,0,0,0,9.47848e+2
"Northern_Africa","EGY","Egypt",3.78571e-4,2.36757e-2,7.64216e-1,1.23511e-3,7.74875e-1,0,1.46538e-2,2.21063e-2,3.99672e+1,9.05122e+1,1.60580e+2,0,0,0,0,0,3.96000e-4,1.43672e-1,0,0,0,0,0,0,0,0,0,0,0,0,0,0,0,2.35635e+2,6.95011e+0,2.56800e+2,0,0,0,0,0,2.39984e-1,0,0,0,0,0,0,0,4.08615e+1,1.38319e+2,0,0,0,0,0,0,9.71610e+2
"Northern_Africa","ESH","Western Sahara",6.19671e-5,3.63508e-5,2.09370e-5,3.22875e-5,2.86548e-3,0,0,0,9.61622e-3,0,2.34502e-3,0,0,0,0,0,0,0,0,0,0,0,0,0,0,0,0,0,0,0,0,0,0,6.30102e+0,1.88988e-1,0,0,0,0,0,0,3.44790e-5,0,0,0,0,0,0,0,4.86712e-2,2.37484e-1,0,0,0,0,0,0,6.79117e+0
"Northern_Africa","LBY","Libyan Arab Jamahiriya",2.66193e-2,8.58567e-2,1.83382e-2,4.18681e-5,3.79209e-1,0,0,0,1.58824e+0,1.46626e+0,8.55277e+2,0,0,0,0,0,6.45150e-1,0,0,0,0,0,0,0,0,0,0,0,0,0,0,0,0,2.77441e+1,1.00701e+0,0,0,0,0,0,0,7.21482e-3,0,0,0,0,0,0,0,4.38346e+0,9.43977e+0,0,0,0,0,0,0,9.02068e+2
"Northern_Africa","MAR","Morocco",8.05959e-3,1.46538e-3,9.53334e-2,0,4.00567e-1,2.25878e-3,1.46538e-2,0,2.13085e+1,1.25257e+1,6.46217e+0,0,0,0,0,0,0,0,0,0,0,0,0,0,0,0,0,0,0,0,0,0,0,2.70036e+2,9.32900e+0,6.29722e-1,0,0,0,0,0,1.99585e-1,0,0,0,0,0,0,0,1.42762e+1,6.50155e+1,0,0,0,0,0,0,4.00305e+2
"Northern_Africa","TUN","Tunisia",1.58261e-3,3.61135e-3,4.43801e-2,0,1.35081e-1,3.12754e-3,9.08537e-3,0,5.07018e+0,7.62398e+0,1.29654e+1,0,0,0,0,0,0,1.29500e-2,0,0,0,0,0,0,0,0,0,0,0,0,0,0,0,7.55282e+1,2.79870e+0,0,0,0,0,0,0,5.36746e-2,0,0,0,0,0,0,0,7.05588e+0,2.16621e+1,0,0,0,0,0,0,1.32968e+2
"Western_Africa","BEN","Benin",0,0,6.28020e-4,0,6.36197e-2,0,0,0,1.76132e+1,1.03085e+1,0,0,0,0,0,0,0,0,0,0,0,0,0,0,0,0,0,0,0,0,0,0,0,2.60068e+1,1.52424e+0,8.87705e-1,0,0,0,0,2.78352e+1,2.27710e-1,6.28354e+1,0,0,0,0,0,0,8.13277e-1,1.29204e+1,0,0,0,0,0,0,1.61037e+2
"Western_Africa","BFA","Burkina Faso",6.75777e-5,3.23931e-5,2.26731e-4,2.00329e-4,2.28667e-2,0,0,0,2.54607e+1,2.13338e+1,6.45473e-3,0,0,0,0,0,0,0,0,0,0,0,0,0,0,0,0,0,0,0,0,0,0,1.00856e+2,4.08888e+0,8.22701e+0,0,0,0,0,2.62200e+1,5.21900e-1,0,0,0,0,0,0,0,6.91339e-1,2.23542e+1,0,0,0,0,0,0,2.09783e+2
"Western_Africa","CAF","Central African Republic",2.68536e-5,5.48910e-6,9.24600e-6,1.24805e-4,5.97959e-3,0,0,0,7.13982e+0,2.20446e+0,2.14839e-3,0,0,0,0,0,0,0,0,0,0,0,0,0,0,0,0,0,0,0,0,0,0,2.96442e+1,1.01438e+0,2.74234e+0,0,0,0,0,9.58368e+2,1.54627e-1,2.63357e+2,0,0,0,0,0,0,2.30061e+0,8.64694e+0,0,0,0,0,0,0,1.27558e+3
"Western_Africa","CIV","Cote d'Ivoire",4.89541e-3,1.04042e-3,3.26570e-2,0,2.34139e-1,2.25878e-3,8.79228e-3,0,2.44955e+1,3.06033e+1,3.05883e-1,0,0,0,0,0,0,0,0,0,0,0,0,0,0,0,0,0,0,0,0,0,0,2.44532e+1,1.12095e+0,1.62349e+1,0,0,0,0,1.55045e+1,5.32653e-1,2.14023e+2,0,0,0,0,0,0,6.27242e+0,2.26786e+1,0,0,0,0,0,0,3.56509e+2
"Western_Africa","CMR","Cameroon",1.50725e-3,0,3.14010e-3,0,1.65300e-1,0,0,0,2.41694e+1,5.36900e+0,1.12000e-1,0,0,0,0,0,0,0,0,0,0,0,0,0,0,0,0,0,0,0,0,0,0,1.02530e+2,3.85798e+0,3.43300e+0,0,0,0,0,1.01131e+2,4.72585e-1,1.03673e+2,0,0,0,0,0,0,4.95323e+0,3.04366e+1,0,0,0,0,0,0,3.80308e+2
"Western_Africa","COD","Congo_the Democratic Republic of the",0,1.63286e-3,8.49502e-2,0,1.70440e-1,0,0,0,9.03436e+1,7.05357e+0,4.48530e-1,0,0,0,0,0,0,0,0,0,0,0,0,0,0,0,0,0,0,0,0,0,0,2.03310e+0,1.08174e-1,5.13934e+1,0,0,0,0,6.75768e+2,2.24422e+0,1.72162e+3,0,0,0,0,0,0,2.74644e+1,9.14216e+1,0,0,0,0,0,0,2.67016e+3
"Western_Africa","COG","Congo",1.21417e-3,0,5.27538e-3,0,5.59633e-2,0,0,0,3.30232e+0,1.26708e+1,4.56713e+1,0,0,0,0,0,0,0,0,0,0,0,0,0,0,0,0,0,0,0,0,0,0,5.36684e+1,2.41589e+0,1.13350e+0,0,0,0,0,1.48675e+1,1.42685e-1,7.21480e+1,0,0,0,0,0,0,1.22684e+0,5.63752e+0,0,0,0,0,0,0,2.12947e+2
"Western_Africa","CPV","Cape Verde",1.05181e-4,4.77660e-6,3.58920e-5,1.13249e-4,1.10726e-2,0,0,0,1.43801e-2,9.28200e-3,4.50153e-3,0,0,0,0,0,0,0,0,0,0,0,0,0,0,0,0,0,0,0,0,0,0,8.91536e-1,1.18010e-1,0,0,0,0,0,0,1.73909e-3,0,0,0,0,0,0,0,1.58976e-1,1.04142e+0,0,0,0,0,0,0,2.25118e+0
"Western_Africa","GAB","Gabon",3.64251e-3,0,1.48213e-2,0,0,0,0,0,1.31523e+0,4.74074e-1,3.36269e+1,0,0,0,0,0,0,0,0,0,0,0,0,0,0,0,0,0,0,0,0,0,0,7.30378e-1,1.40111e-1,8.12544e-2,0,0,0,0,3.42024e-1,1.61229e-2,5.89458e+0,0,0,0,0,0,0,9.57219e-1,2.80407e+0,0,0,0,0,0,0,4.64004e+1
"Western_Africa","GHA","Ghana",1.50725e-3,1.21417e-3,2.30358e-1,0,3.21422e-1,2.60628e-3,3.80999e-3,0,3.02606e+1,1.73956e+1,2.73730e-1,0,0,0,0,0,0,0,0,0,0,0,0,0,0,0,0,0,0,0,0,0,0,4.57645e+1,2.23815e+0,1.42195e+1,0,0,0,0,7.05744e+1,4.79291e-1,2.10045e+1,0,0,0,0,0,0,9.63564e+0,3.90029e+1,0,0,0,0,0,0,2.51410e+2
"Western_Africa","GIN","Guinea",1.79616e-4,4.76238e-4,1.28238e-4,3.26929e-4,4.44413e-2,0,0,0,3.06447e+1,1.20049e+1,1.20437e-2,0,0,0,0,0,0,0,0,0,0,0,0,0,0,0,0,0,0,0,0,0,0,4.42434e+1,1.55633e+0,8.13668e+1,0,0,0,0,6.03528e+1,4.68337e-1,7.90092e+1,0,0,0,0,0,0,2.02124e+0,1.72863e+1,0,0,0,0,0,0,3.29012e+2
"Western_Africa","GMB","Gambia",5.29962e-5,1.41170e-6,1.19310e-5,5.71594e-5,1.54748e-2,0,0,0,9.99117e-1,1.63443e+0,2.39736e-3,0,0,0,0,0,0,0,0,0,0,0,0,0,0,0,0,0,0,0,0,0,0,1.01441e+1,3.66715e-1,4.73306e+0,0,0,0,0,3.17352e+0,3.35865e-2,0,0,0,0,0,0,0,2.72597e-1,1.78964e+0,0,0,0,0,0,0,2.31648e+1
"Western_Africa","GNB","Guinea-Bissau",1.72191e-5,1.67732e-5,2.27520e-5,2.83185e-5,3.83525e-3,0,0,0,1.39290e+0,1.27109e-1,1.28727e-3,0,0,0,0,0,0,0,0,0,0,0,0,0,0,0,0,0,0,0,0,0,0,9.00357e+0,4.84110e-1,6.50035e+0,0,0,0,0,5.58480e+0,4.78097e-2,0,0,0,0,0,0,0,2.74577e-1,2.73870e+0,0,0,0,0,0,0,2.61591e+1
"Western_Africa","GNQ","Equatorial Guinea",1.30221e-5,0,7.95900e-6,3.95730e-5,2.48188e-3,0,0,0,1.28268e+0,2.86905e-1,3.40357e-1,0,0,0,0,0,0,0,0,0,0,0,0,0,0,0,0,0,0,0,0,0,0,2.89118e-1,1.57440e-2,0,0,0,0,0,0,6.94176e-3,0,0,0,0,0,0,0,2.69866e-1,1.18184e+0,0,0,0,0,0,0,3.67599e+0
"Western_Africa","LBR","Liberia",6.58191e-4,7.43985e-4,2.90670e-4,5.19621e-4,9.63099e-2,0,0,0,6.16027e+0,4.31657e+0,2.80065e-2,0,0,0,0,0,0,0,0,0,0,0,0,0,0,0,0,0,0,0,0,0,0,2.67972e+0,2.06422e-1,3.58224e+0,0,0,0,0,7.63584e-1,1.89083e-1,6.37738e-2,0,0,0,0,0,0,1.09685e+0,5.86000e+0,0,0,0,0,0,0,2.50450e+1
"Western_Africa","MLI","Mali",1.20918e-4,1.80861e-5,3.08490e-5,1.47736e-4,4.26048e-2,0,0,0,1.06746e+1,4.06497e+0,6.51353e-3,0,0,0,0,0,0,0,0,0,0,0,0,0,0,0,0,0,0,0,0,0,0,2.14544e+2,8.29027e+0,3.39238e+1,0,0,0,0,3.91680e+1,3.40093e-1,2.49880e+1,0,0,0,0,0,0,1.44035e+0,2.32010e+1,0,0,0,0,0,0,3.60685e+2
"Western_Africa","MRT","Mauritania",1.25383e-4,2.70000e-4,2.09251e-4,1.96414e-4,3.85487e-2,0,0,0,3.03849e+0,3.89091e+0,9.06733e-3,0,0,0,0,0,0,0,0,0,0,0,0,0,0,0,0,0,0,0,0,0,0,1.16247e+2,5.01584e+0,4.06272e-1,0,0,0,0,5.80176e-3,7.48452e-2,0,0,0,0,0,0,0,3.22300e-1,5.66964e+0,0,0,0,0,0,0,1.34719e+2
"Western_Africa","NER","Niger",3.92190e-4,4.18290e-5,4.20438e-4,7.09965e-5,2.43945e-2,0,0,0,1.13689e+1,1.31438e+1,8.60466e-3,0,0,0,0,0,0,0,0,0,0,0,0,0,0,0,0,0,0,0,0,0,0,2.00082e+2,8.09329e+0,3.49394e+0,0,0,0,0,8.41560e-1,4.34698e-1,0,0,0,0,0,0,0,7.67324e-1,1.85959e+1,0,0,0,0,0,0,2.56855e+2
"Western_Africa","NGA","Nigeria",1.95700e-2,1.90662e-2,6.03736e-2,0,6.82600e-1,1.07412e-2,1.58261e-2,0,1.41780e+2,4.73760e+1,1.12794e+3,0,0,0,0,0,0,0,0,0,0,0,0,0,0,0,0,0,0,0,0,0,0,5.04776e+2,1.49371e+1,4.83148e+1,0,0,0,0,9.39048e+1,3.44268e+0,1.38190e+1,0,0,0,0,0,0,1.70441e+1,2.13955e+2,0,0,0,0,0,0,2.22809e+3
"Western_Africa","SEN","Senegal",0,7.50422e-4,1.30796e-2,0,9.35561e-2,1.04251e-3,7.91305e-3,0,1.26344e+1,2.92074e+1,1.72773e-1,0,0,0,0,0,0,0,0,0,0,0,0,0,0,0,0,0,0,0,0,0,0,1.02863e+2,4.19326e+0,1.09084e+1,0,0,0,0,2.37871e+1,1.34790e-1,0,0,0,0,0,0,0,4.84963e+0,1.99949e+1,0,0,0,0,0,0,2.08862e+2
"Western_Africa","SHN","Saint Helena",5.76270e-6,9.71100e-7,2.10600e-6,1.29950e-6,0,5.39500e-8,1.82000e-7,0,7.62186e-5,0,0,0,0,0,0,0,0,0,0,0,0,0,0,0,0,0,0,0,0,0,0,0,0,5.85185e-2,4.97833e-3,0,0,0,0,0,0,0,0,0,0,0,0,0,0,3.59920e-3,2.27487e-2,0,0,0,0,0,0,8.99313e-2
"Western_Africa","SLE","Sierra Leone",2.88546e-4,2.60025e-4,2.04477e-4,1.99416e-4,1.58900e-2,0,0,0,1.87866e+1,1.20563e+1,1.06914e-2,0,0,0,0,0,0,0,0,0,0,0,0,0,0,0,0,0,0,0,0,0,0,1.03995e+1,4.45347e-1,4.52205e+1,0,0,0,0,1.41096e+1,3.90488e-1,7.57792e+0,0,0,0,0,0,0,1.47413e+0,1.21081e+1,0,0,0,0,0,0,1.22596e+2
"Western_Africa","STP","Sao Tome and Principe",1.58262e-5,0,5.03100e-6,9.03150e-6,1.54273e-3,0,0,0,5.31872e-3,2.96369e-1,4.94762e-4,0,0,0,0,0,0,0,0,0,0,0,0,0,0,0,0,0,0,0,0,0,0,1.06305e-1,1.28570e-2,0,0,0,0,0,0,2.49474e-3,0,0,0,0,0,0,0,8.27475e-2,3.23774e-1,0,0,0,0,0,0,8.31934e-1
"Western_Africa","TCD","Chad",7.67529e-5,0,6.66120e-5,4.02405e-5,6.16563e-3,0,0,0,1.23911e+1,1.49931e+1,4.27766e-3,0,0,0,0,0,0,0,0,0,0,0,0,0,0,0,0,0,0,0,0,0,0,2.11547e+2,8.07124e+0,1.01771e+1,0,0,0,0,1.19724e+2,2.98767e-1,0,0,0,0,0,0,0,8.66483e-1,1.62936e+1,0,0,0,0,0,0,3.94373e+2
"Western_Africa","TGO","Togo",4.14493e-3,0,0,0,3.46138e-2,0,0,0,1.37787e+1,1.34225e+1,0,0,0,0,0,0,0,0,0,0,0,0,0,0,0,0,0,0,0,0,0,0,0,1.35373e+1,8.20187e-1,3.25017e+0,0,0,0,0,2.80008e+1,9.97239e-2,1.22012e+1,0,0,0,0,0,0,8.01895e-1,8.44509e+0,0,0,0,0,0,0,9.43963e+1
"Eastern_Africa","BDI","Burundi",1.38762e-5,6.07810e-6,4.59000e-5,3.15394e-5,6.83721e-3,0,0,0,1.41172e+1,1.25818e+1,1.50753e-3,0,0,0,0,0,0,0,0,0,0,0,0,0,0,0,0,0,0,0,0,0,0,2.89987e+1,9.31834e-1,4.50962e-1,0,0,0,0,0,2.56361e-1,0,0,0,0,0,0,0,1.46019e-1,1.47003e+1,0,0,0,0,0,0,7.21916e+1
"Eastern_Africa","COM","Comoros",6.40530e-6,0,1.27560e-5,2.98405e-5,2.05591e-3,0,0,0,1.26523e-2,9.40867e-1,6.44635e-4,0,0,0,0,0,0,0,0,0,0,0,0,0,0,0,0,0,0,0,0,0,0,2.56771e+0,1.37225e-1,1.84854e+0,0,0,0,0,0,7.28567e-3,0,0,0,0,0,0,0,1.60173e-1,1.21440e+0,0,0,0,0,0,0,6.89160e+0
"Eastern_Africa","DJI","Djibouti",1.69979e-4,7.81314e-4,1.55979e-4,1.67275e-4,1.15789e-2,0,0,0,9.90962e-2,5.72135e-1,2.12566e-2,0,0,0,0,0,0,0,0,0,0,0,0,0,0,0,0,0,0,0,0,0,0,5.69277e+0,2.52360e-1,0,0,0,0,0,0,0,0,0,0,0,0,0,0,2.33216e-1,7.34438e-1,0,0,0,0,0,0,7.61812e+0
"Eastern_Africa","ERI","Eritrea",6.10892e-4,4.56741e-4,8.93907e-4,0,1.04710e-2,0,0,0,5.92159e+0,5.72241e+0,9.41473e-2,0,0,0,0,0,0,0,0,0,0,0,0,0,0,0,0,0,0,0,0,0,0,6.12921e+1,2.17909e+0,0,0,0,0,0,1.74530e+0,1.06353e-1,0,0,0,0,0,0,0,3.13297e-1,7.60937e+0,0,0,0,0,0,0,8.49961e+1
"Eastern_Africa","ETH","Ethiopia",5.04210e-3,1.71278e-4,7.64715e-3,0,9.63709e-2,0,0,0,9.20702e+1,7.40922e+0,6.53852e-2,0,0,0,0,0,0,0,0,0,0,0,0,0,0,0,0,0,0,0,0,0,0,1.07631e+3,4.21640e+1,0,0,0,0,0,1.86602e+2,5.64419e+0,0,0,0,0,0,0,0,3.83871e+0,1.21118e+2,0,0,0,0,0,0,1.53533e+3
"Eastern_Africa","KEN","Kenya",7.79425e-4,3.37055e-3,2.73398e-2,4.75201e-3,2.17917e-1,2.99127e-2,2.63769e-3,0,3.67366e+1,1.02118e+2,6.66566e-1,0,0,0,0,0,0,0,0,0,0,0,0,0,0,0,0,0,0,0,0,0,0,3.92170e+2,1.22379e+1,1.39758e+0,0,0,0,0,3.18384e+0,6.24882e-1,0,0,0,0,0,0,0,1.62517e+0,4.65021e+1,0,0,0,0,0,0,5.97549e+2
"Eastern_Africa","MDG","Madagascar",3.65726e-4,1.13884e-4,3.33735e-4,5.70035e-4,6.87115e-2,0,0,0,1.11766e+1,1.89546e+0,1.72497e-2,0,0,0,0,0,0,0,0,0,0,0,0,0,0,0,0,0,0,0,0,0,0,2.86568e+2,9.69656e+0,2.04980e+2,0,0,0,0,4.34832e+1,7.00185e-1,2.81173e+1,7.58640e-2,0,0,0,0,0,2.37338e+0,2.96080e+1,0,0,0,0,0,0,6.18763e+2
"Eastern_Africa","MUS","Mauritius",1.88376e-4,2.15010e-4,8.89500e-5,7.67315e-5,1.82660e-2,0,0,0,2.95828e-1,1.07380e-1,1.28048e-2,0,0,0,0,0,0,0,0,0,0,0,0,0,0,0,0,0,0,0,0,0,0,2.19297e+0,7.53680e-2,5.34248e-2,0,0,0,0,0,1.25184e-1,0,0,0,0,0,0,0,1.40517e+0,4.15113e+0,0,0,0,0,0,0,8.43809e+0
"Eastern_Africa","MYT","Mayotte",0,0,0,0,0,0,0,0,0,0,0,0,0,0,0,0,0,0,0,0,0,0,0,0,0,0,0,0,0,0,0,0,0,0,0,0,0,0,0,0,0,0,0,0,0,0,0,0,0,1.00597e-1,3.56196e-1,0,0,0,0,0,0,4.56793e-1
"Eastern_Africa","REU","Reunion",1.18712e-4,6.00267e-5,1.21791e-4,2.31746e-4,2.23808e-2,0,0,0,1.84317e-1,0,9.21991e-3,0,0,0,0,0,0,0,0,0,0,0,0,0,0,0,0,0,0,0,0,0,0,9.52245e-1,1.34223e-1,0,0,0,0,0,0,4.49262e-2,0,0,0,0,0,0,0,1.19153e+0,1.70281e+0,0,0,0,0,0,0,4.24218e+0
"Eastern_Africa","RWA","Rwanda",4.30431e-5,1.05583e-5,5.85750e-5,5.43304e-5,6.82017e-3,0,0,0,1.61944e+1,1.88956e+0,2.35732e-3,0,0,0,0,0,0,0,0,0,0,0,0,0,0,0,0,0,0,0,0,0,0,2.58807e+1,9.29589e-1,1.27976e-1,0,0,0,0,1.51214e+0,2.89802e-1,0,0,0,0,0,0,0,1.63285e-1,1.53645e+1,0,0,0,0,0,0,6.23613e+1
"Eastern_Africa","SDN","Sudan",4.86159e-4,2.51208e-4,3.15267e-2,0,2.09552e-1,0,0,0,4.19642e+1,1.40668e+2,8.95183e-1,0,0,0,0,0,0,0,0,0,0,0,0,0,0,0,0,0,0,0,0,0,0,7.33415e+2,2.44827e+1,1.02381e+0,0,0,0,0,4.91952e+2,6.53213e-1,0,0,0,0,0,0,0,9.13123e+0,6.44862e+1,0,0,0,0,0,0,1.50891e+3
"Eastern_Africa","SOM","Somalia",1.26840e-4,2.91328e-5,1.98810e-4,5.13983e-4,5.01992e-2,0,0,0,1.28634e+1,2.29578e+1,1.69807e-2,0,0,0,0,0,0,0,0,0,0,0,0,0,0,0,0,0,0,0,0,0,0,3.92053e+2,1.73355e+1,1.76728e-1,0,0,0,0,5.51880e-3,1.58972e-1,0,0,0,0,0,0,0,1.60982e+0,1.57305e+1,0,0,0,0,0,0,4.62959e+2
"Eastern_Africa","SYC","Seychelles",9.71958e-5,3.79506e-5,2.36490e-5,3.70000e-8,2.09170e-3,0,0,0,1.27802e-2,0,3.19105e-3,0,0,0,0,0,0,0,0,0,0,0,0,0,0,0,0,0,0,0,0,0,0,1.02975e-1,3.15352e-2,0,0,0,0,0,0,1.42531e-5,0,0,0,0,0,0,0,8.50362e-2,2.37962e-1,0,0,0,0,0,0,4.75745e-1
"Eastern_Africa","UGA","Uganda",2.00687e-4,5.36522e-5,4.74930e-5,2.01981e-4,4.12455e-2,0,0,0,7.02872e+1,3.17443e+1,1.08259e-2,0,0,0,0,0,0,0,0,0,0,0,0,0,0,0,0,0,0,0,0,0,0,1.78707e+2,5.21562e+0,3.63614e+0,0,0,0,0,8.80512e+1,1.47805e+0,0,0,0,0,0,0,0,1.14704e+0,3.59925e+1,0,0,0,0,0,0,4.16312e+2
"Southern_Africa","AGO","Angola",2.26087e-4,2.05153e-3,9.92270e-3,0,2.65917e-1,0,0,0,5.51911e+0,5.25088e+1,2.13141e+2,0,0,0,0,0,0,0,0,0,0,0,0,0,0,0,0,0,0,0,0,0,0,1.11314e+2,3.42769e+0,4.46899e+0,0,0,0,0,3.04392e+2,2.14561e-1,1.16448e+1,0,0,0,0,0,0,3.39443e+0,3.20768e+1,0,0,0,0,0,0,7.42381e+2
"Southern_Africa","BWA","Botswana",2.67925e-4,6.55800e-6,6.73459e-3,1.54240e-5,3.41325e-2,0,0,0,2.80027e+0,3.52641e+0,6.55559e-3,0,0,0,0,0,0,0,0,0,0,0,0,0,0,0,0,0,0,0,0,0,0,9.52898e+1,2.33479e+0,0,0,0,0,0,6.84912e+1,3.09548e-2,0,1.80353e+0,0,0,0,0,0,1.27264e-1,2.94314e+0,0,0,0,0,0,0,1.77395e+2
"Southern_Africa","LSO","Lesotho",2.91387e-5,2.00184e-5,7.47900e-6,1.16274e-4,1.19930e-2,0,0,0,5.58017e+0,4.51597e+0,2.17026e-3,0,0,0,0,0,0,0,0,0,0,0,0,0,0,0,0,0,0,0,0,0,0,3.21540e+1,7.19355e-1,0,0,0,0,0,0,4.21085e-2,0,1.14934e+0,0,0,0,0,0,1.18143e-1,4.52431e+0,0,0,0,0,0,0,4.88177e+1
"Southern_Africa","MOZ","Mozambique",0,2.68563e-3,1.34396e-1,0,1.47650e-1,0,0,0,3.17129e+1,3.93122e+1,2.05373e-1,0,0,0,0,0,0,0,0,0,0,0,0,0,0,0,0,0,0,0,0,0,0,4.99173e+1,1.85638e+0,1.54383e+1,0,0,0,0,1.66495e+2,1.09634e+0,2.08787e+1,2.99448e+0,0,0,0,0,0,1.23283e+0,3.94815e+1,0,0,0,0,0,0,3.70906e+2
"Southern_Africa","MWI","Malawi",1.40661e-4,1.41170e-6,1.24276e-3,1.39823e-4,3.60437e-2,0,0,0,1.63097e+1,1.74598e+1,6.49088e-3,0,0,0,0,0,0,0,0,0,0,0,0,0,0,0,0,0,0,0,0,0,0,2.34159e+1,9.72966e-1,8.53171e+0,0,0,0,0,3.20424e+1,9.13383e-1,0,0,0,0,0,0,0,4.49675e-1,2.00995e+1,0,0,0,0,0,0,1.20239e+2
"Southern_Africa","NAM","Namibia",3.65938e-4,0,1.41653e-4,0,9.89890e-2,0,0,0,1.07420e-1,1.82761e+0,0,0,0,0,0,0,0,0,0,0,0,0,0,0,0,0,0,0,0,0,0,0,0,1.47165e+2,3.55187e+0,0,0,0,0,0,1.75637e+1,4.29293e-2,0,0,0,0,0,0,0,7.09624e-1,2.77440e+0,0,0,0,0,0,0,1.73842e+2
"Southern_Africa","SWZ","Swaziland",7.25432e-5,6.68000e-7,3.22030e-3,5.72610e-5,1.94646e-2,0,0,0,1.93955e+0,1.39503e+0,4.36738e-3,0,0,0,0,0,0,0,0,0,0,0,0,0,0,0,0,0,0,0,0,0,0,2.92536e+1,6.77176e-1,3.45331e-1,0,0,0,0,0,5.46293e-2,0,0,0,0,0,0,0,1.44159e-1,1.13492e+1,0,0,0,0,0,0,4.51858e+1
"Southern_Africa","TZA","Tanzania_United Republic of",1.14299e-2,8.79228e-4,9.54592e-3,0,2.04040e-1,0,2.93076e-4,0,5.53728e+1,3.79051e+1,2.18674e-1,0,0,0,0,0,0,0,0,0,0,0,0,0,0,0,0,0,0,0,0,0,0,3.56408e+2,1.23701e+1,3.14860e+1,0,0,0,0,2.26831e+2,1.75538e+0,6.46027e+1,0,0,0,0,0,0,1.18306e+0,5.46879e+1,0,0,0,0,0,0,8.43046e+2
"Southern_Africa","ZAF","South Africa",5.87090e-1,7.18347e-2,4.29424e+0,3.70532e-3,4.25082e+0,2.47104e-1,0,0,5.94668e+1,3.67394e+2,4.65206e+0,0,0,0,0,0,5.26300e-2,8.81010e+0,0,0,0,0,0,0,0,0,0,0,0,0,0,0,0,7.29616e+2,1.87841e+1,2.64077e-1,0,0,0,0,9.27120e+0,2.40411e+0,3.77784e+0,9.48007e+1,0,0,0,0,0,8.96401e+1,1.32574e+2,0,0,0,0,0,0,1.53096e+3
"Southern_Africa","ZMB","Zambia",4.59292e-3,0,2.26439e-1,0,2.05529e-1,1.71869e-3,5.86152e-4,0,1.26280e+1,3.62648e+1,0,0,0,0,0,0,0,0,0,0,0,0,0,0,0,0,0,0,0,0,0,0,0,6.74473e+1,2.06571e+0,1.44227e-1,0,0,0,0,4.51080e+2,2.84319e-1,2.01117e+2,0,0,0,0,0,0,2.57361e+0,1.84340e+1,0,0,0,0,0,0,7.92478e+2
"Southern_Africa","ZWE","Zimbabwe",8.80397e-3,0,1.83340e-1,0,2.91462e-1,3.40449e-2,0,0,1.47842e+1,2.42877e+1,0,0,0,0,0,0,0,9.87228e-1,0,0,0,0,0,0,0,0,0,0,0,0,0,0,0,2.40333e+2,6.47979e+0,4.06272e-1,0,0,0,0,4.57776e+1,4.78337e-1,0,0,0,0,0,0,0,2.20036e+0,1.95705e+1,0,0,0,0,0,0,3.55823e+2
"OECD_Europe","AUT","Austria",1.19624e-1,4.12311e-2,4.26258e-1,1.88406e-4,3.87602e+0,2.98917e-2,7.91308e-3,7.53624e-4,2.68545e+1,2.45025e+1,3.03492e+1,0,0,0,0,0,5.64300e-2,3.15840e-1,0,0,0,0,0,0,0,0,0,0,0,0,0,0,0,1.72077e+2,5.41126e+1,0,0,0,0,0,0,4.71805e-1,0,7.02672e-1,0,0,0,0,0,7.34437e+1,3.71634e+1,2.78321e-3,0,0,0,0,0,4.24554e+2
"OECD_Europe","BEL","Belgium",2.05875e-1,6.51467e-2,1.39551e+0,0,4.64883e+0,2.65464e-2,7.15106e-2,0,5.84024e+1,1.61771e+2,3.98551e+1,0,0,0,0,0,1.08000e-4,2.22315e+0,0,0,0,0,0,0,0,0,0,0,0,0,0,0,0,1.93190e+2,5.95034e+1,0,0,0,0,0,0,5.21922e-1,0,1.57853e-1,0,0,0,0,0,5.11306e+1,6.97206e+1,6.11220e+0,0,0,0,0,0,6.49002e+2
"OECD_Europe","CHE","Switzerland",1.81727e-3,1.00483e-2,3.68020e-1,1.46538e-4,4.48947e+0,3.64880e-3,1.37746e-2,0,8.78802e+0,3.09198e-1,6.65890e+0,0,0,0,0,0,8.66676e-2,1.15233e-2,0,0,0,0,0,0,0,0,0,0,0,0,0,0,0,1.33749e+2,3.81762e+1,0,0,0,0,0,0,1.12632e-1,1.59528e+0,0,0,0,0,0,0,2.46322e+1,1.05963e+1,9.90747e-6,5.61600e-4,0,0,0,0,2.29604e+2
"OECD_Europe","DEU","Germany",3.88618e+0,8.35037e-1,1.04757e+1,7.53625e-4,3.66894e+1,4.02795e-1,2.79008e-1,0,2.65154e+2,1.95881e+3,1.84690e+2,0,0,0,0,0,4.58127e+0,6.79556e+0,0,0,0,0,0,0,0,0,0,0,0,0,0,0,0,1.38285e+3,4.62826e+2,0,0,0,0,0,0,4.15849e+0,0,9.81888e-1,0,0,0,0,0,1.35602e+3,2.15483e+2,0,0,0,0,0,0,5.89492e+3
"OECD_Europe","DNK","Denmark",2.72246e-1,7.11756e-4,4.87743e-1,0,2.79088e+0,1.89390e-2,1.21919e-1,0,4.96121e+0,7.38990e-3,9.48271e-1,0,0,0,0,0,0,0,0,0,0,0,0,0,0,0,0,0,0,0,0,0,0,1.94595e+2,9.49246e+1,0,0,0,0,0,0,8.45130e-1,0,0,0,0,0,0,0,5.99863e+1,1.01887e+1,0,0,0,0,0,0,3.70149e+2
"OECD_Europe","ESP","Spain",1.15003e-1,1.13879e-1,1.89861e+0,1.61401e-2,7.05710e+0,5.85900e-2,4.30529e-1,5.02416e-4,1.50339e+2,1.54786e+2,1.04791e+1,0,0,0,0,0,3.94395e-1,1.44272e+0,0,0,0,0,0,0,0,0,0,0,0,0,0,0,0,4.56586e+2,1.63359e+2,2.28315e+1,0,0,0,0,0,2.12200e+0,0,1.17034e+1,0,0,0,0,0,1.76913e+2,1.06683e+2,1.08861e+0,0,0,0,0,0,1.26842e+3
"OECD_Europe","FIN","Finland",3.52362e-2,2.38648e-2,5.41536e-1,1.21417e-3,2.12898e+0,1.82440e-2,2.69629e-2,0,7.41276e+1,2.63288e+0,1.06567e+0,0,0,0,0,0,9.50402e-2,6.13845e-1,0,0,0,0,0,0,0,0,0,0,0,0,0,0,0,1.22129e+2,3.36969e+1,0,0,0,0,0,0,4.08298e-1,2.82739e-1,3.85704e-2,0,0,0,0,0,9.73220e+1,1.39447e+2,0,0,0,0,0,0,4.74636e+2
"OECD_Europe","FRA","France",1.63766e+0,3.68700e-1,6.29150e+0,1.02577e-3,2.61260e+1,1.09989e-1,2.03101e-1,0,2.66059e+2,6.38679e+2,5.02102e+2,0,0,0,0,0,1.47981e+0,6.41621e+0,0,0,0,0,0,0,0,0,0,0,0,0,0,0,0,1.44070e+3,3.90737e+2,6.91513e+0,0,0,0,0,0,5.67699e+0,0,6.65520e-1,0,0,0,0,0,3.56416e+2,1.74549e+2,3.39290e+1,0,0,0,0,0,3.85906e+3
"OECD_Europe","FRO","Faroe Islands",0,0,0,0,0,0,0,0,0,0,0,0,0,0,0,0,0,0,0,0,0,0,0,0,0,0,0,0,0,0,0,0,0,6.28595e-1,2.72086e-2,0,0,0,0,0,0,1.35553e-5,0,0,0,0,0,0,0,6.89532e-1,4.02412e-2,5.05066e-2,0,0,0,0,0,1.43610e+0
"OECD_Europe","GBR","United Kingdom",1.33029e+0,5.31781e-1,7.30272e+0,3.53994e-2,2.76632e+1,1.88431e-1,2.71389e-1,0,2.83010e+2,1.21895e+3,4.10369e+2,0,0,0,0,0,1.61448e+0,2.34977e+0,0,0,0,0,0,0,0,0,0,0,0,0,0,0,0,1.07370e+3,2.34588e+2,0,0,0,0,0,0,2.10011e+0,0,6.62928e-1,0,0,0,0,0,2.12150e+3,1.24740e+2,1.13963e+1,0,0,0,0,0,5.52230e+3
"OECD_Europe","GIB","Gibraltar",5.02416e-4,0,0,0,6.25742e-3,0,0,0,0,0,0,0,0,0,0,0,0,0,0,0,0,0,0,0,0,0,0,0,0,0,0,0,0,0,0,0,0,0,0,0,0,0,0,0,0,0,0,0,0,1.15826e-1,2.82726e-2,1.20355e-2,0,0,0,0,0,1.62894e-1
"OECD_Europe","GRC","Greece",5.65593e-2,1.21341e-2,3.04345e-1,5.40097e-3,1.70030e+0,2.60000e-2,1.72915e-2,0,8.50001e+0,1.06505e+1,2.52482e+0,0,0,0,0,0,4.95000e-3,1.40812e-1,0,0,0,0,0,0,0,0,0,0,0,0,0,0,0,1.48737e+2,3.31443e+1,5.75617e+0,0,0,0,0,0,1.11046e+0,4.34026e-2,1.20523e+0,0,0,0,0,0,5.87925e+1,1.47860e+1,4.28763e-5,0,0,0,0,0,2.87518e+2
"OECD_Europe","GRL","Greenland",0,0,0,0,0,0,0,0,0,0,0,0,0,0,0,0,0,0,0,0,0,0,0,0,0,0,0,0,0,0,0,0,0,2.75616e-1,4.69291e-3,0,0,0,0,0,0,0,0,0,0,0,0,0,0,4.62751e-1,1.56004e-1,1.53179e-2,0,0,0,0,0,9.14381e-1
"OECD_Europe","IRL","Ireland",3.25314e-2,1.25604e-4,2.21105e-1,9.21094e-4,1.27586e+0,7.47133e-3,0,0,2.15809e+1,2.09608e+0,2.35112e+0,0,0,0,0,0,0,0,0,0,0,0,0,0,0,0,0,0,0,0,0,0,0,3.46701e+2,6.33244e+1,0,0,0,0,0,0,1.98423e-1,0,6.36672e-2,0,0,0,0,0,5.26062e+1,5.97871e+0,0,0,0,0,0,0,4.96438e+2
"OECD_Europe","ISL","Iceland",1.38165e-3,0,1.21836e-2,4.18681e-5,1.13108e-1,0,3.51691e-3,0,3.30464e-2,0,0,0,0,0,0,0,0,1.82138e-1,0,0,0,0,0,0,0,0,0,0,0,0,0,0,0,1.11724e+1,1.19555e+0,0,0,0,0,0,0,1.40528e-4,0,0,0,0,0,0,0,2.11819e+0,4.06686e-1,1.19428e-1,0,0,0,0,0,1.53578e+1
"OECD_Europe","ITA","Italy",5.79569e-1,2.32300e-1,3.66450e+0,1.63285e-2,2.41683e+1,3.96595e-2,1.51520e-1,4.22028e-2,2.84843e+1,2.00690e+1,1.49794e+2,0,0,0,0,0,1.23116e+0,2.13649e+0,0,0,0,0,0,0,0,0,0,0,0,0,0,0,0,6.34895e+2,2.44388e+2,7.06966e+1,0,0,0,0,0,6.15201e+0,2.71795e-1,3.42216e+0,0,0,0,0,0,5.39882e+2,1.46033e+2,1.36608e+1,0,0,0,0,0,1.89001e+3
"OECD_Europe","LUX","Luxembourg",1.20077e-2,0,1.94531e-1,0,2.40680e-1,2.95378e-3,0,0,6.77383e-1,0,1.02040e+0,0,0,0,0,0,0,5.46700e-1,0,0,0,0,0,0,0,0,0,0,0,0,0,0,0,1.28594e+1,1.60831e+1,0,0,0,0,0,0,4.26010e-2,0,1.52160e-1,0,0,0,0,0,2.30567e+0,4.52565e-1,0,0,0,0,0,0,3.45902e+1
"OECD_Europe","NLD","Netherlands",4.30114e-1,2.35231e-1,7.43995e-1,1.92592e-3,6.45620e+0,9.55637e-3,3.22384e-1,0,1.50242e+1,2.51918e+0,1.99229e+2,0,0,0,0,0,2.66300e+0,2.47240e-1,0,0,0,0,0,0,0,0,0,0,0,0,0,0,0,2.92618e+2,1.10219e+2,0,0,0,0,0,0,2.96765e-1,0,1.02722e-2,0,0,0,0,0,3.78979e+2,3.59811e+1,0,0,0,0,0,0,1.04599e+3
"OECD_Europe","NOR","Norway",5.86151e-3,4.77295e-3,4.59292e-1,1.46538e-4,1.88795e+0,4.34381e-3,2.20979e-1,0,8.88073e+0,8.87364e+0,1.09701e+1,0,0,0,0,0,1.52801e+0,4.63604e+0,0,0,0,0,0,0,0,0,0,0,0,0,0,0,0,8.01615e+1,1.80861e+1,0,0,0,0,0,0,9.99294e-2,0,0,0,0,0,0,0,1.54538e+2,4.06966e+1,4.55910e+0,0,0,0,0,0,3.35613e+2
"OECD_Europe","PRT","Portugal",5.68878e-2,1.49694e-2,6.15173e-1,5.90339e-3,1.47870e+0,1.45094e-2,1.08438e-2,0,5.15233e+0,3.99656e+0,4.62424e+0,0,0,0,0,0,3.06000e-4,3.40582e-1,0,0,0,0,0,0,0,0,0,0,0,0,0,0,0,1.08248e+2,4.34447e+1,1.68049e+1,0,0,0,0,0,5.99792e-1,0,1.33927e+0,0,0,0,0,0,1.12409e+2,2.40640e+1,3.29502e-2,0,0,0,0,0,3.23254e+2
"OECD_Europe","SWE","Sweden",8.11578e-2,1.67304e-2,4.03337e+0,9.14815e-3,5.14363e+0,1.59852e-2,5.04091e-2,0,8.40628e+0,2.42018e+0,7.19500e+0,0,0,0,0,0,1.36737e-1,6.88562e-1,0,0,0,0,0,0,0,0,0,0,0,0,0,0,0,1.24527e+2,4.09749e+1,0,0,0,0,0,0,6.66059e-1,2.84621e-1,1.13302e-1,0,0,0,0,0,9.89671e+1,1.82998e+2,7.65483e-3,0,0,0,0,0,4.76736e+2
"Central Europe","ALB","Albania",1.25604e-3,4.14492e-3,6.39325e-2,0,1.73024e-1,0,0,0,1.40379e+1,2.68441e+0,1.62844e+1,0,0,0,0,0,0,1.69122e-1,0,0,0,0,0,0,0,0,0,0,0,0,0,0,0,3.69458e+1,5.60454e+0,1.54528e+0,0,0,0,0,0,1.99884e-1,0,3.21816e-1,0,0,0,0,0,1.39770e+0,3.26482e+0,2.02139e-2,0,0,0,0,0,8.27182e+1
"Central Europe","BGR","Bulgaria",1.70746e-1,1.36657e-2,4.46062e-1,0,2.05084e+0,2.34461e-3,0,0,2.21132e+1,3.31730e+1,3.22723e+0,0,0,0,0,0,1.04140e-1,6.39734e-1,0,0,0,0,0,0,0,0,0,0,0,0,0,0,0,2.04672e+2,3.34471e+1,5.71754e+0,0,0,0,0,0,2.30528e+0,0,7.40136e-1,0,0,0,0,0,1.58943e+2,4.12567e+1,0,0,0,0,0,0,5.09023e+2
"Central Europe","BIH","Bosnia and Herzegovina",2.86316e-2,0,1.25973e-1,0,3.67055e-1,0,0,0,1.94000e+1,4.41284e+1,2.92640e-1,0,0,0,0,0,6.08600e-5,6.25946e-2,0,0,0,0,0,0,0,0,0,0,0,0,0,0,0,7.10917e+1,1.07951e+1,0,0,0,0,0,0,4.13372e-1,0,0,0,0,0,0,0,1.59878e+0,5.13689e+0,2.27356e-2,0,0,0,0,0,1.53464e+2
"Central Europe","CYP","Cyprus",0,1.42351e-3,2.08503e-2,0,2.05026e-1,0,0,0,2.25250e-1,1.07380e-1,1.62635e-1,0,0,0,0,0,0,0,0,0,0,0,0,0,0,0,0,0,0,0,0,0,0,7.97229e+0,2.49014e+0,0,0,0,0,0,0,3.14318e-2,0,0,0,0,0,0,0,2.97606e+0,2.79022e+0,0,0,0,0,0,0,1.69827e+1
"Central Europe","CZE","Czech Republic",2.88678e-1,2.93914e-2,5.02307e+0,0,1.81742e+0,5.65218e-3,0,0,1.40668e+2,2.98193e+2,4.67190e+0,0,0,0,0,0,3.29103e-1,5.23600e-1,0,0,0,0,0,0,0,0,0,0,0,0,0,0,0,2.81139e+2,5.11557e+1,0,0,0,0,0,0,2.29457e+0,0,2.00330e+0,0,0,0,0,0,4.19152e+1,3.59769e+1,0,0,0,0,0,0,8.66035e+2
"Central Europe","EST","Estonia",2.72893e-1,0,3.23076e-1,0,3.73937e-1,2.33920e-1,4.53919e-3,0,6.63613e+0,1.96941e+1,3.13077e+0,0,0,0,0,0,0,0,0,0,0,0,0,0,0,0,0,0,0,0,0,0,0,5.27100e+1,1.13558e+1,2.13249e+0,0,0,0,0,0,2.09423e-1,0,0,0,0,0,0,0,9.65717e+0,5.93076e+0,0,0,0,0,0,0,1.12665e+2
"Central Europe","HRV","Croatia",1.70075e-2,3.31442e-2,9.03815e-2,0,6.47377e-1,9.00162e-3,0,0,1.05382e+1,4.95495e+0,1.89116e+1,0,0,0,0,0,3.44389e-3,4.50658e+0,0,0,0,0,0,0,0,0,0,0,0,0,0,0,0,7.24495e+1,1.32816e+1,0,0,0,0,0,0,8.25213e-1,0,4.33224e-1,0,0,0,0,0,8.46043e+0,1.12241e+1,0,0,0,0,0,0,1.46386e+2
"Central Europe","HUN","Hungary",2.12067e-1,1.72333e-2,6.65193e-1,0,1.33611e+0,5.56552e-2,3.25314e-2,0,3.65082e+1,4.34353e+1,4.49389e+1,0,0,0,0,0,6.37200e-3,2.60703e-1,0,0,0,0,0,0,0,0,0,0,0,0,0,0,0,2.05543e+2,5.68008e+1,1.06624e+1,0,0,0,0,0,3.07237e+0,0,6.48456e-1,0,0,0,0,0,4.34048e+1,3.54726e+1,0,0,0,0,0,0,4.83073e+2
"Central Europe","LTU","Lithuania",4.77396e-2,1.21883e-2,4.36717e+0,0,7.65108e-1,2.35174e-2,3.24228e-3,0,1.20131e+1,2.04204e-2,4.28032e+0,0,0,0,0,0,3.30556e-2,0,0,0,0,0,0,0,0,0,0,0,0,0,0,0,0,1.56701e+2,3.00748e+1,0,0,0,0,0,0,7.80776e-1,0,5.38680e-1,0,0,0,0,0,1.67883e+1,9.03883e+0,4.21926e-4,0,0,0,0,0,2.35488e+2
"Central Europe","LVA","Latvia",7.90430e-2,0,1.09806e+0,0,5.86583e-1,3.51756e-2,1.22206e-2,0,2.15583e+1,1.25544e-1,6.94159e+0,0,0,0,0,0,0,0,0,0,0,0,0,0,0,0,0,0,0,0,0,0,0,1.04921e+2,1.67299e+1,0,0,0,0,0,0,4.16128e-1,0,8.37096e-2,0,0,0,0,0,1.09629e+1,5.98387e+0,0,0,0,0,0,0,1.69534e+2
"Central Europe","MKD","Macedonia, the former Yugoslav Republic of",1.80247e-2,0,5.63155e-2,0,1.47175e-1,0,0,0,6.34175e+0,3.34378e+0,1.47859e+1,0,0,0,0,0,1.57520e-4,3.61247e+0,0,0,0,0,0,0,0,0,0,0,0,0,0,0,0,4.97344e+1,4.92973e+0,2.75446e+0,0,0,0,0,0,2.90404e-1,0,2.34262e-1,0,0,0,0,0,1.83114e+0,2.65531e+0,2.91271e-2,0,0,0,0,0,9.07644e+1
"Central Europe","MLT","Malta",0,0,0,0,6.57649e-2,0,0,0,1.04670e-2,0,0,0,0,0,0,0,0,0,0,0,0,0,0,0,0,0,0,0,0,0,0,0,0,9.61262e-1,5.20843e-1,0,0,0,0,0,0,1.18730e-3,0,0,0,0,0,0,0,2.84808e+0,4.23111e-1,0,0,0,0,0,0,4.83072e+0
"Central Europe","POL","Poland",2.01453e+0,1.83070e-1,3.26286e+0,0,3.80207e+0,3.73325e-1,7.20968e-2,0,2.10682e+2,3.20490e+3,8.52252e+1,0,0,0,0,0,2.53520e-1,2.39497e+0,0,0,0,0,0,0,0,0,0,0,0,0,0,0,0,9.41974e+2,1.81788e+2,0,0,0,0,0,0,6.94351e+0,0,1.37407e+0,0,0,0,0,0,1.89095e+2,1.11813e+2,3.24463e-1,0,0,0,0,0,4.94648e+3
"Central Europe","ROU","Romania",5.87346e-1,5.01160e-2,7.61412e-1,0,3.12251e+0,4.68922e-3,0,0,5.92352e+1,7.65452e+1,7.33341e+2,0,0,0,0,0,5.86911e-1,1.99189e+0,0,0,0,0,0,0,0,0,0,0,0,0,0,0,0,5.12403e+2,8.91254e+1,1.03920e+1,0,0,0,0,0,5.19001e+0,0,0,0,0,0,0,0,4.10112e+1,8.54949e+1,8.49588e-3,0,0,0,0,0,1.61985e+3
"Central Europe","SCG","Serbia and Montenegro",1.16172e-1,0,2.07332e-1,0,7.09434e-1,0,0,0,4.03997e+1,3.29843e+1,5.83408e+1,0,0,0,0,0,2.43198e-2,1.60720e-1,0,0,0,0,0,0,0,0,0,0,0,0,0,0,0,2.54364e+2,4.43790e+1,0,0,0,0,0,0,2.68606e+0,0,0,0,0,0,0,0,5.46886e+0,3.38150e+1,8.26642e-2,0,0,0,0,0,4.73739e+2
"Central Europe","SVK","Slovakia",5.11209e-2,1.94832e-2,9.18918e-1,0,9.49519e-1,0,0,0,1.58736e+1,7.61055e+0,2.13965e+1,0,0,0,0,0,3.39610e-2,1.69805e+0,0,0,0,0,0,0,0,0,0,0,0,0,0,0,0,1.23394e+2,2.46423e+1,0,0,0,0,0,0,1.43671e+0,0,1.90709e-1,0,0,0,0,0,1.27648e+1,1.80705e+1,0,0,0,0,0,0,2.29051e+2
"Central Europe","SVN","Slovenia",0,1.27777e-3,1.00209e-2,0,6.88510e-1,0,0,0,6.88812e+0,1.24561e+1,3.03298e-1,0,0,0,0,0,2.86433e-1,5.51617e-1,0,0,0,0,0,0,0,0,0,0,0,0,0,0,0,5.65676e+1,9.52490e+0,0,0,0,0,0,0,1.79076e-1,0,0,0,0,0,0,0,8.69279e+0,7.06225e+0,0,0,0,0,0,0,1.03212e+2
"Turkey","TUR","Turkey",4.65780e-2,1.95523e-2,3.38168e-1,2.28181e-3,1.58539e+0,8.14329e-2,1.25143e-1,0,9.96369e+1,9.21432e+1,7.71646e+0,0,0,0,0,0,3.21949e-1,2.91674e-1,0,0,0,0,0,0,0,0,0,0,0,0,0,0,0,9.16732e+2,1.50109e+2,2.80384e+1,0,0,0,0,0,2.02083e+1,0,9.12528e-1,0,0,0,0,0,9.06821e+1,1.73803e+2,0,0,0,0,0,0,1.58279e+3
"Ukraine +","BLR","Belarus",1.26092e-1,1.56303e-2,2.12529e+0,0,1.13562e+0,1.07145e-1,2.07506e-2,4.31412e-4,8.28966e+0,6.46828e-2,1.11000e+1,0,0,0,0,0,1.92720e-2,0,0,0,0,0,0,0,0,0,0,0,0,0,0,0,0,4.65048e+2,6.51426e+1,0,0,0,0,0,0,1.96908e+0,0,6.36312e-2,0,0,0,0,0,4.96695e+1,2.25199e+1,0,0,0,0,0,0,6.27417e+2
"Ukraine +","MDA","Moldova, Republic of",3.62185e-2,0,3.54888e-1,0,4.98688e-1,0,0,0,4.81950e+0,3.89480e-3,4.38589e+0,0,0,0,0,0,0,0,0,0,0,0,0,0,0,0,0,0,0,0,0,0,0,7.35326e+1,7.46067e+0,0,0,0,0,0,0,8.49276e-1,0,1.29094e-1,0,0,0,0,0,2.03899e+0,1.22924e+1,3.39721e-2,0,0,0,0,0,1.06436e+2
"Ukraine +","UKR","Ukraine",8.92706e-1,5.98174e-1,1.68396e+0,0,4.53574e+0,1.61004e-1,0,5.15538e-2,6.31298e+1,7.62937e+2,5.80260e+2,0,0,0,0,0,9.82260e-1,1.24449e+1,0,0,0,0,0,0,0,0,0,0,0,0,0,0,0,1.73944e+3,3.07477e+2,8.85135e+0,0,0,0,0,0,1.46898e+1,0,2.64624e+0,0,0,0,0,0,1.46324e+2,1.17173e+2,0,0,0,0,0,0,3.76428e+3
"Asia-Stan","KAZ","Kazakhstan",3.28668e-1,2.06793e-1,3.10063e-1,0,1.38522e+0,9.36676e-2,4.53919e-3,0,5.53916e+0,1.79693e+3,2.30527e+2,0,0,0,0,0,1.27350e-2,3.98148e+0,0,0,0,0,0,0,0,0,0,0,0,0,0,0,0,9.43349e+2,7.63867e+1,2.97895e+1,0,0,0,0,0,1.17077e+1,5.38224e+1,3.05880e+2,0,0,0,0,0,4.75590e+1,4.12079e+1,0,0,0,0,0,0,3.54902e+3
"Asia-Stan","KGZ","Kyrgyzstan",1.44984e-2,0,5.53428e-1,0,5.33072e-1,0,0,0,2.69539e-1,2.32974e+1,1.78447e+0,0,0,0,0,0,0,0,0,0,0,0,0,0,0,0,0,0,0,0,0,0,0,1.72234e+2,8.67179e+0,4.82344e-1,0,0,0,0,0,5.47287e-1,2.18779e-1,1.26451e+1,0,0,0,0,0,2.70163e+0,1.61138e+1,0,0,0,0,0,0,2.40067e+2
"Asia-Stan","TJK","Tajikistan",6.17751e-3,0,0,0,4.77365e-1,0,0,0,9.82705e-2,8.53505e+0,4.12462e+0,0,0,0,0,0,0,0,0,0,0,0,0,0,0,0,0,0,0,0,0,0,0,1.04690e+2,8.87154e+0,2.54678e+0,0,0,0,0,0,1.34390e-1,0,1.05898e-1,0,0,0,0,0,2.85748e+0,1.15857e+1,0,0,0,0,0,0,1.44033e+2
"Asia-Stan","TKM","Turkmenistan",4.05559e-2,1.68561e-1,0,0,4.79102e-1,0,0,0,9.01975e-1,0,4.02155e+2,0,0,0,0,0,1.21310e-3,0,0,0,0,0,0,0,0,0,0,0,0,0,0,0,0,1.01151e+2,1.11313e+1,7.13870e+0,0,0,0,0,0,2.99597e-1,5.21520e-2,4.15608e-1,0,0,0,0,0,3.91275e+0,1.41462e+1,0,0,0,0,0,0,5.41994e+2
"Asia-Stan","UZB","Uzbekistan",2.18166e-1,1.49639e-1,0,0,1.35171e+0,0,0,0,2.63470e+0,8.82063e+0,2.50685e+2,0,0,0,0,0,0,0,0,0,0,0,0,0,0,0,0,0,0,0,0,0,0,4.33930e+2,3.76400e+1,4.63050e+1,0,0,0,0,0,8.15790e-1,5.07552e-2,1.85460e+0,0,0,0,0,0,1.02050e+1,6.49198e+1,0,0,0,0,0,0,8.59581e+2
"Russia +","ARM","Armenia",7.77629e-3,0,3.81121e-3,0,4.30781e-1,0,0,0,1.35553e-1,0,9.63823e+0,0,0,0,0,0,0,0,0,0,0,0,0,0,0,0,0,0,0,0,0,0,0,4.35550e+1,6.22765e+0,0,0,0,0,0,0,1.13639e-1,0,8.99280e-2,0,0,0,0,0,4.48867e+0,3.90344e+0,0,0,0,0,0,0,6.85945e+1
"Russia +","AZE","Azerbaijan",4.19465e-2,1.19732e-2,1.08739e-1,0,6.72536e-1,0,0,0,2.26083e-1,0,1.00661e+2,0,0,0,0,0,1.25790e-2,0,0,0,0,0,0,0,0,0,0,0,0,0,0,0,0,1.54831e+2,2.22563e+1,3.62850e-1,0,0,0,0,0,5.11500e-1,0,9.16824e-2,0,0,0,0,0,1.01067e+1,3.37535e+1,0,0,0,0,0,0,3.23649e+2
"Russia +","GEO","Georgia",2.25607e-2,0,3.45428e-1,0,2.98234e-1,5.27193e-1,0,0,1.59943e+1,9.37540e+0,1.36654e+1,0,0,0,0,0,0,2.42400e+0,0,0,0,0,0,0,0,0,0,0,0,0,0,0,0,8.77477e+1,2.31731e+1,0,0,0,0,0,0,2.00363e-1,0,2.69544e-1,0,0,0,0,0,1.04567e+1,1.47813e+1,0,0,0,0,0,0,1.79281e+2
"Russia +","RUS","Russian Federation",5.38966e+0,1.01677e+0,1.45097e+1,0,2.20196e+1,1.71157e+0,2.61701e+0,2.16305e-1,2.99844e+2,3.63116e+3,6.12494e+3,0,0,0,0,0,3.35890e+0,1.12289e+1,0,0,0,0,0,0,0,0,0,0,0,0,0,0,0,4.30244e+3,6.56922e+2,9.62103e+1,0,0,0,0,0,3.98273e+1,1.66003e+2,6.26712e+2,0,0,0,0,0,6.38214e+2,8.19225e+2,0,0,0,0,0,0,1.74636e+4
"Middle_East","ARE","United Arab Emirates",6.15460e-3,0,3.02706e-2,0,1.49001e-1,0,0,0,2.13571e-2,1.70716e-2,8.19484e+2,0,0,0,0,0,0,0,0,0,0,0,0,0,0,0,0,0,0,0,0,0,0,7.34985e+0,3.53338e-1,0,0,0,0,0,0,0,0,0,0,0,0,0,0,1.44537e+0,1.18852e+0,0,0,0,0,0,0,8.30045e+2
"Middle_East","BHR","Bahrain",2.24412e-2,1.11829e-1,9.67151e-3,0,4.66915e-2,0,0,0,4.81482e-3,4.29520e-3,3.62396e+1,0,0,0,0,0,0,0,0,0,0,0,0,0,0,0,0,0,0,0,0,0,0,3.27342e-1,1.07110e-2,0,0,0,0,0,0,6.80400e-7,0,0,0,0,0,0,0,1.03601e+0,9.96211e-1,0,0,0,0,0,0,3.88096e+1
"Middle_East","IRN","Iran, Islamic Republic of",9.53106e-2,9.74762e-2,4.74574e-1,0,2.03700e+0,0,0,0,4.81322e+0,1.23908e+1,2.10255e+3,0,0,0,0,0,3.54366e-3,0,0,0,0,0,0,0,0,0,0,0,0,0,0,0,0,4.31513e+2,1.77962e+1,1.39165e+2,0,0,0,0,0,0,0,5.61024e-3,0,0,0,0,0,4.24325e+1,1.37717e+2,0,0,0,0,0,0,2.89109e+3
"Middle_East","IRQ","Iraq",1.93430e-2,2.36135e-2,7.74977e-2,0,7.07061e-1,0,0,0,4.01305e-1,7.51660e-1,7.00858e+2,0,0,0,0,0,0,0,0,0,0,0,0,0,0,0,0,0,0,0,0,0,0,1.60332e+2,6.99792e+0,3.46990e+1,0,0,0,0,0,2.47778e+0,0,6.05904e-1,0,0,0,0,0,2.73431e+1,4.15697e+1,0,0,0,0,0,0,9.76864e+2
"Middle_East","ISR","Israel",4.00216e-2,5.19164e-3,9.62545e-2,0,7.32719e-1,1.39002e-3,0,0,2.75701e-1,0,1.64991e+1,0,0,0,0,0,1.15148e-1,0,0,0,0,0,0,0,0,0,0,0,0,0,0,0,0,1.87703e+1,1.00849e+0,0,0,0,0,0,0,2.41127e-1,0,0,0,0,0,0,0,1.39100e+1,1.32289e+1,0,0,0,0,0,0,6.49244e+1
"Middle_East","JOR","Jordan",3.76812e-4,4.89855e-3,5.52658e-3,0,1.82195e-1,0,0,0,3.78168e-1,5.76430e-1,1.65913e-1,0,0,0,0,0,0,0,0,0,0,0,0,0,0,0,0,0,0,0,0,0,0,8.45880e+0,5.86216e-1,0,0,0,0,0,0,2.02291e-1,0,0,0,0,0,0,0,2.53684e+0,6.08289e+0,0,0,0,0,0,0,1.91805e+1
"Middle_East","KWT","Kuwait",5.36130e-2,4.64610e-1,8.79228e-2,0,6.95728e-1,0,0,0,3.71578e-1,3.03940e-2,1.09268e+3,0,0,0,0,0,0,0,0,0,0,0,0,0,0,0,0,0,0,0,0,0,0,1.50716e+0,5.08466e-2,0,0,0,0,0,0,1.11711e-5,0,0,0,0,0,0,0,4.90435e+0,4.67641e+0,0,0,0,0,0,0,1.10552e+3
"Middle_East","LBN","Lebanon",0,3.31594e-3,5.49726e-2,0,5.55812e-1,0,0,0,1.17833e+0,1.28856e+0,7.48303e-1,0,0,0,0,0,0,0,0,0,0,0,0,0,0,0,0,0,0,0,0,0,0,7.36576e+0,4.19388e-1,0,0,0,0,0,0,7.16736e-2,0,0,0,0,0,0,0,4.56139e+0,1.10608e+1,0,0,0,0,0,0,2.73083e+1
"Middle_East","OMN","Oman",1.00483e-3,0,8.79228e-4,0,3.97320e-2,0,0,0,6.36331e-2,5.45636e-2,2.09212e+2,0,0,0,0,0,0,0,0,0,0,0,0,0,0,0,0,0,0,0,0,0,0,4.77354e+0,2.09088e-1,0,0,0,0,0,0,3.18891e-3,0,0,0,0,0,0,0,2.90371e-1,2.83497e+0,0,0,0,0,0,0,2.17483e+2
"Middle_East","QAT","Qatar",5.29101e-2,1.25604e-4,1.60354e-2,0,5.97274e-2,0,0,0,1.26725e-2,6.44280e-3,3.17934e+2,0,0,0,0,0,3.24390e-2,0,0,0,0,0,0,0,0,0,0,0,0,0,0,0,0,1.00884e+0,5.04602e-2,0,0,0,0,0,0,1.04282e-4,0,0,0,0,0,0,0,1.07132e+0,1.04158e+0,0,0,0,0,0,0,3.21287e+2
"Middle_East","SAU","Saudi Arabia",8.15170e-2,2.77499e-1,8.89275e-2,1.48390e-3,8.22288e-1,0,0,0,8.95975e-2,2.97024e-1,2.25313e+3,0,0,0,0,0,2.46330e+0,0,0,0,0,0,0,0,0,0,0,0,0,0,0,0,0,3.18655e+1,1.37656e+0,1.73495e-2,0,0,0,0,0,1.18574e-1,0,0,0,0,0,0,0,1.43991e+1,2.62509e+1,0,0,0,0,0,0,2.33128e+3
"Middle_East","SYR","Syrian Arab Republic",2.38648e-3,2.57908e-3,3.73461e-2,0,4.59920e-1,0,0,0,2.99235e+0,5.05960e-3,2.36575e+1,0,0,0,0,0,0,0,0,0,0,0,0,0,0,0,0,0,0,0,0,0,0,5.16614e+1,2.08929e+0,5.86930e-2,0,0,0,0,0,1.75675e+0,0,8.81400e-2,0,0,0,0,0,7.27234e+0,2.47693e+1,0,0,0,0,0,0,1.14853e+2
"Middle_East","YEM","Yemen",1.00483e-3,6.78261e-3,0,0,2.09095e-1,0,0,0,2.43996e+0,3.54354e+0,1.19719e+0,0,0,0,0,0,0,0,0,0,0,0,0,0,0,0,0,0,0,0,0,0,0,7.17281e+1,3.21741e+0,0,0,0,0,0,0,8.90769e-1,0,0,0,0,0,0,0,1.09386e+0,2.70163e+1,0,0,0,0,0,0,1.11344e+2
"India +","AFG","Afghanistan",5.27939e-4,0,6.02814e-2,0,1.08616e-1,0,8.53405e-4,0,9.49844e+0,4.83910e+0,4.55891e+1,0,0,0,0,0,0,0,0,0,0,0,0,0,0,0,0,0,0,0,0,0,0,2.29564e+2,1.37406e+1,7.37409e+1,0,0,0,0,0,6.42287e-1,0,0,0,0,0,0,0,3.17753e+0,5.57325e+1,0,0,0,0,0,0,4.36695e+2
"India +","BGD","Bangladesh",2.00961e-2,2.67108e-3,6.09180e-2,0,1.23040e-1,1.39002e-3,4.68921e-3,0,1.30199e+2,1.77219e+1,9.74583e+0,0,0,0,0,0,0,0,0,0,0,0,0,0,0,0,0,0,0,0,0,0,0,6.62817e+2,6.55769e+1,2.97038e+3,0,0,0,0,2.44224e-1,8.92017e+0,1.83831e+1,0,0,0,0,0,0,2.12334e+1,2.87767e+2,0,0,0,0,0,0,4.19320e+3
"India +","BTN","Bhutan",1.78620e-6,0,5.01647e-3,0,2.16444e-4,0,2.23300e-6,0,1.12292e+1,3.71102e-1,0,0,0,0,0,0,0,0,0,0,0,0,0,0,0,0,0,0,0,0,0,0,0,8.63066e+0,9.11175e-1,8.42752e+0,0,0,0,0,0,1.99520e-1,0,0,0,0,0,0,0,1.43820e-1,4.28030e+0,0,0,0,0,0,0,3.41986e+1
"India +","IND","India",3.14993e-1,1.14250e-1,4.42704e+0,0,5.99577e+0,7.28987e-1,6.41836e-2,0,1.19784e+3,8.55999e+2,5.06446e+1,0,0,0,0,0,2.63433e-1,3.21181e+0,0,0,0,0,0,0,0,0,0,0,0,0,0,0,0,8.71136e+3,7.80455e+2,4.90063e+3,0,0,0,0,2.55288e+1,1.47170e+2,6.98496e+1,5.11128e-1,0,0,0,0,0,2.44994e+2,2.08536e+3,0,0,4.01400e+1,0,0,0,1.91256e+4
"India +","IOT","British Indian Ocean Territory",0,0,0,0,0,0,0,0,0,0,0,0,0,0,0,0,0,0,0,0,0,0,0,0,0,0,0,0,0,0,0,0,0,0,0,0,0,0,0,0,0,0,0,0,0,0,0,0,0,0,0,0,0,0,0,0,0,0,
"India +","LKA","Sri Lanka",2.26087e-4,2.44509e-3,5.41394e-1,9.62963e-4,4.06526e-1,3.64880e-3,8.79228e-4,0,2.37082e+1,9.98816e-2,4.76266e-1,0,0,0,0,0,0,0,0,0,0,0,0,0,0,0,0,0,0,0,0,0,0,1.03351e+2,8.74795e+0,2.86538e+2,0,0,0,0,1.57243e-1,1.56044e-1,1.65532e+0,0,0,0,0,0,0,1.60842e+1,5.92693e+1,0,0,0,0,0,0,5.01199e+2
"India +","MDV","Maldives",1.62381e-5,0,6.34584e-4,0,5.40943e-4,0,1.58620e-5,0,3.70050e-3,3.96396e-2,0,0,0,0,0,0,0,0,0,0,0,0,0,0,0,0,0,0,0,0,0,0,0,0,0,0,0,0,0,0,0,5.95521e-3,0,0,0,0,0,0,0,1.27422e-1,4.86556e-1,0,0,0,0,0,0,6.64481e-1
"India +","NPL","Nepal",5.14976e-4,0,1.33978e-2,0,3.89684e-2,0,0,0,4.87059e+1,3.37086e+0,0,0,0,0,0,0,0,0,0,0,0,0,0,0,0,0,0,0,0,0,0,0,0,2.69228e+2,2.23208e+1,4.20480e+2,0,0,0,0,7.83168e-1,5.47393e+0,3.49683e-1,0,0,0,0,0,0,6.84211e-1,5.25370e+1,0,0,0,0,0,0,8.23986e+2
"India +","PAK","Pakistan",6.36603e-2,4.12117e-3,3.06893e-1,0,8.75124e-1,1.02514e-2,0,0,8.92838e+1,2.29475e+1,1.50347e+2,0,0,0,0,0,0,0,0,0,0,0,0,0,0,0,0,0,0,0,0,0,0,1.27205e+3,9.40886e+1,7.84276e+2,0,0,0,0,1.24584e+0,4.84550e+0,8.29124e-2,9.33528e-2,0,0,0,0,0,3.26435e+1,2.61108e+2,0,0,0,0,0,0,2.71427e+3
"Korea","KOR","Korea, Republic of",1.18394e-2,2.59954e-2,6.56490e-1,0,1.06780e+0,1.08857e-3,6.27183e-2,1.26734e-1,7.10006e+1,1.95623e+2,3.24605e+0,0,0,0,0,0,1.87989e-1,7.55983e-1,0,0,0,0,0,0,0,0,0,0,0,0,0,0,0,8.72128e+1,4.78279e+0,6.82536e+2,0,0,0,0,0,8.60852e-1,0,2.07262e-1,0,0,0,0,0,2.15940e+1,1.60314e+2,0,0,0,0,0,0,1.23027e+3
"Korea","PRK","Korea, Democratic People's Republic of",1.06566e-1,0,3.60956e+0,0,5.45942e-1,0,0,0,5.19026e+1,2.71557e+2,2.66280e-3,0,0,0,0,0,0,9.57334e-1,0,0,0,0,0,0,0,0,0,0,0,0,0,0,0,4.64188e+1,5.95154e+0,2.15130e+2,0,0,0,0,0,2.57215e+0,0,2.41392e+1,0,0,0,0,0,1.06051e+1,7.68556e+1,8.19916e-2,0,0,0,0,0,7.10436e+2
"China +","CHN","China",9.08124e-1,3.08986e-1,3.80972e+1,0,6.38872e+0,5.65972e-1,0,3.28161e-1,2.70789e+3,4.55982e+3,2.89364e+2,0,0,0,0,0,3.35868e+0,1.30350e+1,0,0,0,0,0,0,0,0,0,0,0,0,0,0,0,4.63687e+3,7.50942e+2,2.22735e+4,0,0,0,0,3.92016e+0,8.47469e+0,8.64726e+0,4.37280e+1,0,0,0,0,0,3.89405e+2,3.49444e+3,2.46369e+0,0,9.00000e+1,0,0,0,3.93225e+4
"China +","HKG","Hong Kong",3.76812e-5,0,9.60453e-2,0,1.93400e-1,0,5.94944e-2,0,2.31530e-1,0,3.88959e-1,0,0,0,0,0,0,0,0,0,0,0,0,0,0,0,0,0,0,0,0,0,0,0,0,0,0,0,0,0,0,0,0,0,0,0,0,0,0,1.60006e+1,1.84201e+1,8.49303e-2,0,0,0,0,0,3.54751e+1
"China +","MAC","Macao",4.39047e-5,0,1.20701e-3,0,6.52324e-3,0,1.53405e-4,0,2.32897e-2,0,0,0,0,0,0,0,0,0,0,0,0,0,0,0,0,0,0,0,0,0,0,0,0,0,0,0,0,0,0,0,0,0,0,0,0,0,0,0,0,1.28600e+0,1.12682e+0,6.70124e-3,0,0,0,0,0,2.45074e+0
"China +","MNG","Mongolia",8.60738e-4,0,2.82789e-2,0,2.27067e-1,0,2.13504e-3,0,5.77661e+0,4.07729e+0,0,0,0,0,0,0,0,0,0,0,0,0,0,0,0,0,0,0,0,0,0,0,0,2.64819e+2,1.17665e+1,0,0,0,0,0,0,6.92318e-2,2.98843e-1,2.51688e+1,0,0,0,0,0,8.76558e-1,5.81492e+0,9.24859e-3,0,0,0,0,0,3.18935e+2
"China +","TWN","Taiwan_Province of China",4.62717e-2,2.78171e-2,1.04284e+0,0,8.63760e-1,1.84345e-2,1.46538e-3,0,2.98682e+0,5.50567e+1,2.09492e+1,0,0,0,0,0,0,6.51135e-1,0,0,0,0,0,0,0,0,0,0,0,0,0,0,0,1.57868e+1,3.37899e+1,0,0,0,0,0,0,0,0,0,0,0,0,0,0,2.65830e+1,8.13162e+1,1.60995e-1,0,0,0,0,0,2.39281e+2
"Southeastern Asia","BRN","Brunei Darussalam",1.63704e-2,6.28020e-4,2.76328e-3,0,3.10971e-2,0,0,0,4.25298e-2,9.75520e-3,6.66134e+1,0,0,0,0,0,0,0,0,0,0,0,0,0,0,0,0,0,0,0,0,0,0,9.86538e-1,1.20760e-1,9.53112e-1,0,0,0,0,0,2.19254e-2,1.24685e+1,0,0,0,0,0,0,6.06502e-1,6.56237e-1,2.15775e-2,0,0,0,0,0,8.25517e+1
"Southeastern Asia","KHM","Cambodia",6.70260e-6,0,2.56540e-2,0,2.46545e-3,0,2.84480e-5,0,5.31395e+1,1.49462e+0,0,0,0,0,0,0,0,0,0,0,0,0,0,0,0,0,0,0,0,0,0,0,0,1.43188e+2,1.47328e+1,3.59656e+2,0,0,0,0,3.04272e+1,1.11408e+1,0,0,0,0,0,0,0,2.39174e+0,2.94057e+1,7.21786e-2,0,0,0,0,0,6.45677e+2
"Southeastern Asia","LAO","Lao People's Democratic Republic",1.03152e-4,0,1.26001e-2,0,1.96283e-2,0,2.09615e-4,0,2.12125e+1,8.65195e-1,0,0,0,0,0,0,0,0,0,0,0,0,0,0,0,0,0,0,0,0,0,0,0,5.41111e+1,7.10278e+0,1.32353e+2,0,0,0,0,4.10544e+1,5.07389e+0,2.03674e+1,0,0,0,0,0,0,6.70296e-1,1.22049e+1,0,0,0,0,0,0,2.95048e+2
"Southeastern Asia","MMR","Myanmar",9.67812e-3,4.01933e-3,7.69534e-2,0,3.18842e-1,0,0,0,5.84236e+1,4.22703e+1,1.63136e+1,0,0,0,0,0,0,0,0,0,0,0,0,0,0,0,0,0,0,0,0,0,0,4.27329e+2,3.45623e+1,1.36040e+3,0,0,0,0,2.90568e+1,3.82565e+1,8.91344e+2,0,0,0,0,0,0,1.46514e+1,1.24111e+2,0,0,0,0,0,0,3.03712e+3
"Southeastern Asia","MYS","Malaysia",1.51806e-3,2.93076e-3,2.11350e-1,0,1.22452e+0,0,0,0,2.48092e+1,2.56638e+1,2.96677e+1,0,0,0,0,0,1.18800e-3,0,0,0,0,0,0,0,0,0,0,0,0,0,0,0,0,3.51181e+1,8.89131e+0,3.10840e+2,0,0,0,0,2.31046e+1,7.62795e+0,1.10024e+2,0,0,0,0,0,0,1.54383e+1,6.02498e+1,2.51190e-1,0,0,0,0,0,6.53127e+2
"Southeastern Asia","PHL","Philippines",5.54890e-2,5.84474e-2,1.80187e+0,2.93076e-4,1.75822e+0,0,1.06094e-1,0,8.16828e+1,6.06532e+1,2.33720e+0,0,0,0,0,0,1.83506e-2,4.87812e-1,0,0,0,0,0,0,0,0,0,0,0,0,0,0,0,3.82310e+2,6.02053e+1,1.20644e+3,0,0,0,0,3.43296e+0,3.75154e+1,4.96733e+0,0,0,0,0,0,0,4.26642e+1,1.82432e+2,0,0,0,0,0,0,2.06893e+3
"Southeastern Asia","SGP","Singapore",4.24026e-5,2.78695e-2,1.00483e-2,0,3.44832e-1,0,0,0,3.26886e-2,3.22140e+0,8.70944e+0,0,0,0,0,0,0,0,0,0,0,0,0,0,0,0,0,0,0,0,0,0,0,1.46467e+0,3.35727e+0,0,0,0,0,0,6.49296e-1,2.07849e-3,0,0,0,0,0,0,0,3.14433e+0,1.03435e+1,1.91018e+0,0,0,0,0,0,3.32176e+1
"Southeastern Asia","THA","Thailand",7.75015e-3,2.12156e-2,1.77813e+0,0,1.50617e+0,0,1.14299e-2,0,1.08226e+2,2.51295e+2,1.81564e+0,0,0,0,0,0,0,0,0,0,0,0,0,0,0,0,0,0,0,0,0,0,0,5.89605e+2,4.33064e+1,1.99447e+3,0,0,0,0,3.60624e+1,3.57817e+1,1.23978e+1,0,0,0,0,0,0,4.86647e+1,1.60278e+2,6.68759e-1,0,0,0,0,0,3.28590e+3
"Southeastern Asia","TLS","Timor-Leste",0,0,2.25363e-3,0,0,0,0,0,1.68619e-1,0,0,0,0,0,0,0,0,0,0,0,0,0,0,0,0,0,0,0,0,0,0,0,0,1.43338e+1,1.32687e+0,3.47288e+0,0,0,0,0,0,2.50513e-1,0,0,0,0,0,0,0,1.05523e-1,2.29901e+0,3.16125e-3,0,0,0,0,0,2.19627e+1
"Southeastern Asia","VNM","Viet Nam",1.45659e-2,0,0,0,1.73181e+0,0,0,0,1.34075e+2,5.60433e+1,1.22382e+1,0,0,0,0,0,0,0,0,0,0,0,0,0,0,0,0,0,0,0,0,0,0,2.08338e+2,6.49087e+1,1.83824e+3,0,0,0,0,1.40124e+1,3.43654e+1,6.01467e-1,0,0,0,0,0,0,2.26965e+1,2.03873e+2,0,0,0,0,0,0,2.59114e+3
"Indonesia +","IDN","Indonesia",1.76109e-2,8.97246e-2,2.19430e-1,2.32368e-3,2.34475e+0,2.51208e-3,1.52400e-2,0,7.13606e+2,8.82313e+1,3.20680e+2,0,0,0,0,0,2.08546e-2,0,0,0,0,0,0,0,0,0,0,0,0,0,0,0,0,6.58940e+2,4.02144e+1,2.65994e+3,0,0,0,0,8.01120e+1,9.44469e+1,3.61604e+2,0,3.66338e+3,0,0,0,0,9.65987e+1,5.19982e+2,1.34253e+0,0,0,0,0,0,9.30179e+3
"Indonesia +","PNG","Papua New Guinea",1.08049e-3,0,1.40976e-2,0,2.50052e-2,0,1.14076e-3,0,1.54730e+1,2.57603e-1,0,0,0,0,0,0,0,0,0,0,0,0,0,0,0,0,0,0,0,0,0,0,0,5.78117e+0,3.16539e+0,2.04514e-1,0,0,0,0,2.35942e+1,2.31900e-1,4.56974e+1,0,0,0,0,0,0,8.78672e-1,8.32591e+0,3.58061e-2,0,0,0,0,0,1.03687e+2
"Japan","JPN","Japan",2.24061e+0,5.15544e-1,1.01443e+1,2.65234e-2,1.09007e+1,2.45772e-1,1.05390e+0,1.25604e-2,4.59784e+1,7.38456e+2,2.57644e+1,0,0,0,0,0,5.75690e+0,1.24232e+1,0,0,0,0,0,0,0,0,0,0,0,0,0,0,0,3.21533e+2,1.68521e+2,2.08613e+3,0,0,0,0,0,5.49346e-1,4.92528e+0,2.10756e+0,0,0,0,0,0,2.26826e+2,3.85891e+2,2.02140e+2,6.74400e-1,0,0,0,0,4.25282e+3
"Oceania","ASM","American Samoa",0,0,0,0,0,0,0,0,4.11075e-5,0,0,0,0,0,0,0,0,0,0,0,0,0,0,0,0,0,0,0,0,0,0,0,0,1.93308e-2,1.16132e-1,0,0,0,0,0,0,1.87290e-5,0,0,0,0,0,0,0,1.29095e-1,3.22882e-2,0,0,0,0,0,0,2.96906e-1
"Oceania","ATF","French Southern Territories",0,0,0,0,0,0,0,0,0,0,0,0,0,0,0,0,0,0,0,0,0,0,0,0,0,0,0,0,0,0,0,0,0,0,0,0,0,0,0,0,0,0,0,0,0,0,0,0,0,0,0,0,0,0,0,0,0,0,
"Oceania","AUS","Australia",5.46675e-1,6.82092e-2,3.70707e+0,1.44863e-2,1.16190e+1,6.22704e-2,2.32409e-1,0,4.80046e+1,6.62916e+2,6.52994e+1,0,0,0,0,0,3.50700e-3,1.30699e+0,0,0,0,0,0,0,0,0,0,0,0,0,0,0,0,2.95644e+3,2.23277e+2,2.07997e+1,0,0,0,0,5.18928e+2,1.70612e+1,6.29467e+1,1.34628e+2,0,0,0,0,0,2.97873e+2,3.92694e+1,3.75850e-3,0,6.00000e-1,0,0,0,5.06560e+3
"Oceania","CCK","Cocos (Keeling) Islands",0,0,0,0,0,0,0,0,0,0,0,0,0,0,0,0,0,0,0,0,0,0,0,0,0,0,0,0,0,0,0,0,0,0,0,0,0,0,0,0,0,0,0,0,0,0,0,0,0,0,0,0,0,0,0,0,0,0,
"Oceania","COK","Cook Islands",0,0,0,0,0,0,0,0,5.43120e-3,0,0,0,0,0,0,0,0,0,0,0,0,0,0,0,0,0,0,0,0,0,0,0,0,5.20201e-2,2.46380e-2,0,0,0,0,0,0,2.47452e-3,0,0,0,0,0,0,0,0,2.44602e-2,0,0,0,0,0,0,1.09024e-1
"Oceania","CXR","Christmas Island",0,0,0,0,0,0,0,0,0,0,0,0,0,0,0,0,0,0,0,0,0,0,0,0,0,0,0,0,0,0,0,0,0,0,0,0,0,0,0,0,0,0,0,0,0,0,0,0,0,0,0,0,0,0,0,0,0,0,
"Oceania","FJI","Fiji",1.06439e-3,0,3.80765e-3,0,3.99035e-2,0,1.08749e-3,0,5.97678e-1,1.47420e-1,0,0,0,0,0,0,0,0,0,0,0,0,0,0,0,0,0,0,0,0,0,0,0,1.10732e+1,1.72050e+0,3.28533e+0,0,0,0,0,0,2.28795e-1,0,0,0,0,0,0,0,1.17174e+0,1.28148e+0,0,0,0,0,0,0,1.95520e+1
"Oceania","FSM","Micronesia, Federated States of",0,0,0,0,0,0,0,0,0,2.51160e-2,0,0,0,0,0,0,0,0,0,0,0,0,0,0,0,0,0,0,0,0,0,0,0,6.53807e-1,2.51630e-2,2.95311e-2,0,0,0,0,0,0,0,0,0,0,0,0,0,1.25439e-1,6.74795e-2,0,0,0,0,0,0,9.26536e-1
"Oceania","GUM","Guam",0,0,0,0,0,0,0,0,2.02840e-3,0,0,0,0,0,0,0,0,0,0,0,0,0,0,0,0,0,0,0,0,0,0,0,0,2.63545e-1,1.05162e-1,0,0,0,0,0,0,9.24163e-4,0,0,0,0,0,0,0,5.13232e-1,5.59036e-1,0,0,0,0,0,0,1.44393e+0
"Oceania","HMD","Heard Island and McDonald Islands",0,0,0,0,0,0,0,0,0,0,0,0,0,0,0,0,0,0,0,0,0,0,0,0,0,0,0,0,0,0,0,0,0,0,0,0,0,0,0,0,0,0,0,0,0,0,0,0,0,0,0,0,0,0,0,0,0,0,
"Oceania","KIR","Kiribati",1.30620e-5,0,2.27568e-4,0,9.95864e-4,0,1.71500e-5,0,1.21458e-2,1.23396e-2,0,0,0,0,0,0,0,0,0,0,0,0,0,0,0,0,0,0,0,0,0,0,0,1.00000e-2,3.99322e-2,0,0,0,0,0,0,5.33601e-3,0,0,0,0,0,0,0,9.50526e-2,8.00036e-2,0,0,0,0,0,0,2.56063e-1
"Oceania","MHL","Marshall Islands",0,0,0,0,0,0,0,0,0,0,0,0,0,0,0,0,0,0,0,0,0,0,0,0,0,0,0,0,0,0,0,0,0,0,0,0,0,0,0,0,0,0,0,0,0,0,0,0,0,9.68564e-2,2.51294e-2,0,0,0,0,0,0,1.21986e-1
"Oceania","MNP","Northern Mariana Islands",0,0,0,0,0,0,0,0,2.50270e-3,0,0,0,0,0,0,0,0,0,0,0,0,0,0,0,0,0,0,0,0,0,0,0,0,0,1.44958e-5,0,0,0,0,0,0,1.14026e-3,0,0,0,0,0,0,0,1.04643e-1,1.63978e-2,0,0,0,0,0,0,1.24698e-1
"Oceania","NCL","New Caledonia",3.54062e-4,0,1.65310e-3,0,3.88134e-2,0,5.86537e-4,0,1.20027e-1,2.57712e-2,0,0,0,0,0,0,0,0,0,0,0,0,0,0,0,0,0,0,0,0,0,0,0,6.67068e+0,6.94659e-1,0,0,0,0,0,0,3.00823e-3,0,0,0,0,0,0,0,6.25442e-1,1.33253e-1,0,0,0,0,0,0,8.31424e+0
"Oceania","NFK","Norfolk Island",0,0,0,0,0,0,0,0,0,0,0,0,0,0,0,0,0,0,0,0,0,0,0,0,0,0,0,0,0,0,0,0,0,1.44372e-1,4.52777e-3,0,0,0,0,0,0,0,0,0,0,0,0,0,0,0,3.95514e-3,0,0,0,0,0,0,1.52855e-1
"Oceania","NIU","Niue",0,0,0,0,0,0,0,0,7.60740e-5,9.82800e-4,0,0,0,0,0,0,0,0,0,0,0,0,0,0,0,0,0,0,0,0,0,0,0,2.54484e-2,2.10024e-2,0,0,0,0,0,0,3.46602e-5,0,0,0,0,0,0,0,3.51377e-3,6.57611e-3,0,0,0,0,0,0,5.76342e-2
"Oceania","NRU","Nauru",0,0,0,0,0,0,0,0,0,0,0,0,0,0,0,0,0,0,0,0,0,0,0,0,0,0,0,0,0,0,0,0,0,1.50000e-3,4.41106e-3,0,0,0,0,0,0,0,0,0,0,0,0,0,0,4.15620e-2,8.99211e-3,0,0,0,0,0,0,5.64652e-2
"Oceania","NZL","New Zealand",1.42629e-2,1.07182e-2,3.55417e-1,5.65218e-4,2.11541e+0,0,1.14299e-2,6.65700e-3,1.59068e+1,1.48727e+1,4.73983e+0,0,0,0,0,0,0,0,0,0,0,0,0,0,0,0,0,0,0,0,0,0,0,1.00669e+3,7.88378e+1,0,0,0,0,0,0,8.64468e-1,0,0,0,0,0,0,0,6.47336e+1,8.32161e+0,0,0,0,0,0,0,1.19748e+3
"Oceania","PCN","Pitcairn",0,0,0,0,0,0,0,0,0,0,0,0,0,0,0,0,0,0,0,0,0,0,0,0,0,0,0,0,0,0,0,0,0,0,0,0,0,0,0,0,0,0,0,0,0,0,0,0,0,0,1.13128e-3,0,0,0,0,0,0,1.13128e-3
"Oceania","PLW","Palau",0,0,0,0,0,0,0,0,0,0,0,0,0,0,0,0,0,0,0,0,0,0,0,0,0,0,0,0,0,0,0,0,0,0,0,0,0,0,0,0,0,0,0,0,0,0,0,0,0,0,3.08913e-2,0,0,0,0,0,0,3.08913e-2
"Oceania","PYF","French Polynesia",1.44387e-4,0,7.66822e-4,0,8.32450e-3,0,1.69442e-4,0,2.04972e-2,0,0,0,0,0,0,0,0,0,0,0,0,0,0,0,0,0,0,0,0,0,0,0,0,5.81479e-1,2.18773e-1,0,0,0,0,0,0,5.67844e-3,0,0,0,0,0,0,0,6.56508e-1,4.99008e-1,0,0,0,0,0,0,1.99135e+0
"Oceania","SLB","Solomon Islands",1.03890e-4,0,1.01041e-3,0,3.90818e-3,0,1.06246e-4,0,2.93336e-1,4.74656e-2,0,0,0,0,0,0,0,0,0,0,0,0,0,0,0,0,0,0,0,0,0,0,0,7.44650e+1,2.09113e+0,1.45810e-1,0,0,0,0,0,7.15394e-3,0,0,0,0,0,0,0,6.05908e-2,2.45682e-1,0,0,0,0,0,0,7.73612e+1
"Oceania","TKL","Tokelau",0,0,0,0,0,0,0,0,3.31653e-4,0,0,0,0,0,0,0,0,0,0,0,0,0,0,0,0,0,0,0,0,0,0,0,0,9.00000e-4,2.74311e-3,0,0,0,0,0,0,1.51105e-4,0,0,0,0,0,0,0,0,1.37708e-2,0,0,0,0,0,0,1.78967e-2
"Oceania","TON","Tonga",0,0,0,0,4.75822e-3,0,0,0,1.03191e-2,1.82728e-2,0,0,0,0,0,0,0,0,0,0,0,0,0,0,0,0,0,0,0,0,0,0,0,3.70433e-1,3.95393e-1,0,0,0,0,0,0,4.70150e-3,0,0,0,0,0,0,0,1.18073e-1,5.77662e-1,0,0,0,0,0,0,1.49961e+0
"Oceania","TUV","Tuvalu",0,0,0,0,0,0,0,0,0,0,0,0,0,0,0,0,0,0,0,0,0,0,0,0,0,0,0,0,0,0,0,0,0,5.50000e-3,1.60861e-2,0,0,0,0,0,0,0,0,0,0,0,0,0,0,4.46258e-3,4.82230e-2,0,0,0,0,0,0,7.42717e-2
"Oceania","VUT","Vanuatu",1.07067e-4,0,5.97477e-4,0,5.44653e-3,0,1.31229e-4,0,1.16615e-1,1.83456e-2,0,0,0,0,0,0,0,0,0,0,0,0,0,0,0,0,0,0,0,0,0,0,0,5.10241e+0,9.82454e-1,0,0,0,0,0,0,2.01819e-2,0,0,0,0,0,0,0,6.65536e-2,4.64861e-1,0,0,0,0,0,0,6.77771e+0
"Oceania","WLF","Wallis and Futuna",0,0,0,0,0,0,0,0,2.26213e-3,0,0,0,0,0,0,0,0,0,0,0,0,0,0,0,0,0,0,0,0,0,0,0,0,6.24847e-2,2.86248e-2,0,0,0,0,0,0,1.03065e-3,0,0,0,0,0,0,0,0,5.33791e-2,0,0,0,0,0,0,1.47781e-1
"Oceania","WSM","Samoa",5.63574e-5,0,6.76368e-4,0,7.47875e-3,0,1.03803e-4,0,2.13955e-1,2.24588e-2,0,0,0,0,0,0,0,0,0,0,0,0,0,0,0,0,0,0,0,0,0,0,0,1.25952e+0,5.67073e-1,0,0,0,0,0,0,1.75310e-3,0,0,0,0,0,0,0,1.82341e-1,7.97222e-1,0,0,0,0,0,0,3.05264e+0
"Antartica","ATA","Antarctica",0,0,0,0,0,0,0,0,0,0,0,0,0,0,0,0,0,0,0,0,0,0,0,0,0,0,0,0,0,0,0,0,0,0,0,0,0,0,0,0,0,0,0,0,0,0,0,0,0,0,0,0,0,0,0,0,0,0,
"Int. Shipping","SEA","Int. Shipping",0,0,0,0,0,0,0,0,0,0,2.04242e+0,0,3.29643e+1,0,0,0,0,0,0,0,0,0,0,0,0,0,0,0,0,0,0,0,0,0,0,0,0,0,0,0,0,0,0,0,0,0,0,0,0,0,0,0,0,0,0,0,0,3.50067e+1
"Int. Aviation","AIR","Int. Aviation",0,0,0,0,0,0,0,0,0,0,0,1.28443e+0,0,0,0,0,0,0,0,0,0,0,0,0,0,0,0,0,0,0,0,0,0,0,0,0,0,0,0,0,0,0,0,0,0,0,0,0,0,0,0,0,0,0,0,0,0,1.28443e+0

"TOTALS",,,4.05982e+1,1.98694e+1,2.54736e+2,1.20626e+0,8.47601e+2,9.34501e+0,8.96930e+0,2.15293e+0,1.01901e+4,2.78234e+4,3.30210e+4,1.28443e+0,3.29643e+1,0,0,0,5.47010e+1,1.32227e+2,0,0,0,0,0,0,0,0,0,0,0,0,0,0,0,7.32554e+4,9.54214e+3,4.74340e+4,0,0,0,0,5.98561e+3,8.28901e+2,7.16003e+3,1.44778e+3,3.66338e+3,0,0,0,0,1.70849e+4,1.59881e+4,2.90350e+2,6.74962e-1,1.45740e+2,0,0,0,02.55267e+5