"Content:","Emissions by country and main source category" 
"Compound:","CH4"
"Year: ","1988"
"Unit:","Gg CH4"
"Source:","European Commission, Joint Research Centre (JRC)/PBL Netherlands Environmental Assessment Agency. Emission Database for Global Atmospheric Research (EDGAR), release version 4.2. http://edgar.jrc.ec.europe.eu, 2010" 
"Dataset:","v4.2_EM_CH4_300911(edgar)"
"Date calculated:","November 30, 1999, 12:00 am"

,,,"Public electricity and heat production","Other Energy Industries","Manufacturing Industries and Construction","Domestic aviation","Road transportation","Rail transportation","Inland navigation","Other transportation","Residential and other sectors","Fugitive emissions from solid fuels","Fugitive emissions from oil and gas","Memo: International aviation","Memo: International navigation","Cement production","Lime production","Production of other minerals","Production of chemicals","Production of metals","Production of pulp/paper/food/drink","Production of halocarbons and SF6","Refrigeration and Air Conditioning","Foam Blowing","Fire Extinguishers","Aerosols","F-gas as Solvent","Semiconductor/Electronics Manufacture","Electrical Equipment","Other F-gas use","Non-energy use of lubricants/waxes (CO2)","Solvent and other product use: paint","Solvent and other product use: degrease","Solvent and other product use: chemicals","Solvent and other product use: other","Enteric fermentation","Manure management","Rice cultivation","Direct soil emissions","Manure in pasture/range/paddock","Indirect N2O from agriculture","Other direct soil emissions","Savanna burning","Agricultural waste burning","Forest fires","Grassland fires","Peat fires and decay of drained peatland","Other vegetation fires","Other biomass burning","Forest Fires-Post burn decay","Forest Land: net carbon stock change","Solid waste disposal on land","Wastewater handling","Waste incineration","Other waste handling","Fossil fuel fires","Indirect N2O from non-agricultural NOx","Indirect N2O from non-agricultural NH3","Other sources",

"World Region","ISO_A3","Country","1A1a","1A1bc","1A2","1A3a","1A3b","1A3c","1A3d","1A3e","1A4","1B1","1B2","1C1","1C2","2A1","2A2","2A7","2B","2C","2D","2E","2F1","2F2","2F3","2F4","2F5","2F7","2F8","2F9","2G","3A","3B","3C","3D","4A","4B","4C","4D1","4D2","4D3","4D4","4E","4F","5A","5C","5D","5F","5F1","5F2","5FL","6A","6B","6C","6D","7A","7B","7C","7D","TOTAL" 
"Canada","CAN","Canada",1.52730e+0,1.53436e+0,1.05739e+1,7.72883e-2,2.03746e+1,3.40902e-1,4.85919e-1,1.10448e-1,4.49143e+1,1.09671e+2,1.48317e+3,0,0,0,0,0,6.30643e+0,4.47080e-1,0,0,0,0,0,0,0,0,0,0,0,0,0,0,0,6.36272e+2,2.29984e+2,0,0,0,0,0,0,5.59646e+0,9.41088e+1,7.87104e+1,0,0,0,0,0,8.27225e+2,1.77429e+2,4.83444e+0,1.90918e+0,0,0,0,0,3.73560e+3
"USA","SPM","Saint Pierre and Miquelon",0,0,0,0,0,0,0,0,0,0,0,0,0,0,0,0,0,0,0,0,0,0,0,0,0,0,0,0,0,0,0,0,0,4.47938e-3,2.75554e-3,0,0,0,0,0,0,0,0,0,0,0,0,0,0,4.04269e-2,1.03789e-2,8.10680e-4,8.89036e-5,0,0,0,0,5.89403e-2
"USA","UMI","United States Minor Outlying Islands",0,0,0,0,0,0,0,0,0,0,0,0,0,0,0,0,0,0,0,0,0,0,0,0,0,0,0,0,0,0,0,0,0,0,0,0,0,0,0,0,0,0,0,0,0,0,0,0,0,0,0,0,0,0,0,0,0,0,
"USA","USA","United States",1.65339e+1,7.67613e+0,9.04201e+1,1.26626e+0,2.23352e+2,1.87565e+0,1.21216e+0,5.99675e-1,5.71319e+2,4.01372e+3,6.50626e+3,0,0,0,0,0,2.06774e+1,2.00126e+0,0,0,0,0,0,0,0,0,0,0,0,0,0,0,0,6.05586e+3,1.83752e+3,4.19100e+2,0,0,0,0,1.49957e+0,3.05596e+1,1.37928e+2,4.82424e+1,0,0,0,0,0,8.66069e+3,7.57156e+2,0,7.71900e+0,1.50000e+1,0,0,0,2.94282e+4
"Mexico","MEX","Mexico",1.99812e-1,1.01698e+0,4.34543e+0,0,1.94184e+1,9.79964e-2,0,0,7.19989e+1,4.35043e+1,1.21432e+3,0,0,0,0,0,1.02050e+0,3.55410e-1,0,0,0,0,0,0,0,0,0,0,0,0,0,0,0,2.19653e+3,1.61157e+2,1.95839e+1,0,0,0,0,3.88416e+1,2.72322e+1,9.93909e+1,2.18131e-1,0,0,0,0,0,2.58351e+2,4.33606e+2,0,0,0,0,0,0,4.59119e+3
"Rest Central America","ABW","Aruba",1.97612e-3,0,8.54565e-3,2.50950e-6,3.49725e-2,0,0,0,1.31732e-2,9.60640e-3,8.74461e-4,0,0,0,0,0,0,0,0,0,0,0,0,0,0,0,0,0,0,0,0,0,0,3.39370e-2,4.18740e-3,0,0,0,0,0,0,0,0,0,0,0,0,0,0,2.73442e-1,3.12134e-1,0,0,0,0,0,0,6.92851e-1
"Rest Central America","AIA","Anguilla",1.43160e-4,0,7.34520e-4,0,0,0,0,0,4.14000e-5,1.55030e-1,0,0,0,0,0,0,0,0,0,0,0,0,0,0,0,0,0,0,0,0,0,0,0,0,0,0,0,0,0,0,0,0,0,0,0,0,0,0,0,7.09161e-3,2.90686e-2,0,0,0,0,0,0,1.92109e-1
"Rest Central America","ANT","Netherlands Antilles",0,1.86765e-2,3.10242e-2,8.16426e-4,1.63000e-1,0,0,0,1.63285e-2,1.94024e-2,2.70293e+0,0,0,0,0,0,0,0,0,0,0,0,0,0,0,0,0,0,0,0,0,0,0,1.77555e-1,8.87000e-3,0,0,0,0,0,0,0,0,0,0,0,0,0,0,1.30297e+0,8.07610e-1,0,0,0,0,0,0,5.24918e+0
"Rest Central America","ATG","Antigua and Barbuda",2.77255e-3,0,5.89866e-3,1.02110e-5,1.33200e-2,0,0,0,1.91376e-2,0,1.29976e-2,0,0,0,0,0,0,0,0,0,0,0,0,0,0,0,0,0,0,0,0,0,0,1.22531e+0,2.57046e-2,0,0,0,0,0,0,1.31718e-3,0,0,0,0,0,0,0,2.11741e-1,2.79965e-1,0,0,0,0,0,0,1.79818e+0
"Rest Central America","BHS","Bahamas",1.35836e-2,0,2.71805e-2,5.23037e-4,7.34382e-2,0,0,0,1.76066e-1,6.24732e-2,1.67157e-1,0,0,0,0,0,0,0,0,0,0,0,0,0,0,0,0,0,0,0,0,0,0,1.72764e-1,2.48372e-2,0,0,0,0,0,0,1.28977e-2,0,0,0,0,0,0,0,4.33193e+0,1.12311e+0,0,0,0,0,0,0,6.18596e+0
"Rest Central America","BLZ","Belize",4.19341e-3,0,1.56337e-2,2.62800e-6,1.37369e-2,0,0,0,8.31725e-1,4.76212e-2,4.82871e-3,0,0,0,0,0,0,0,0,0,0,0,0,0,0,0,0,0,0,0,0,0,0,3.00041e+0,1.06089e-1,3.08408e-1,0,0,0,0,1.14900e+0,2.54761e-1,0,0,0,0,0,0,0,5.77900e-1,8.76503e-1,0,0,0,0,0,0,7.19082e+0
"Rest Central America","BMU","Bermuda",7.44780e-3,0,5.87323e-3,1.54935e-4,1.88918e-2,0,0,0,4.64171e-2,0,2.12166e-2,0,0,0,0,0,0,0,0,0,0,0,0,0,0,0,0,0,0,0,0,0,0,6.25868e-2,3.07900e-3,0,0,0,0,0,0,3.91131e-5,0,0,0,0,0,0,0,6.79215e-1,2.63410e-1,0,0,0,0,0,0,1.10833e+0
"Rest Central America","BRB","Barbados",8.55333e-3,1.67472e-4,2.47345e-2,3.26545e-5,3.18133e-2,0,0,0,3.46330e-2,2.57224e-2,4.75795e-1,0,0,0,0,0,0,0,0,0,0,0,0,0,0,0,0,0,0,0,0,0,0,1.77961e+0,9.30400e-2,0,0,0,0,0,0,2.07365e-1,0,0,0,0,0,0,0,1.28256e+0,1.47335e+0,0,0,0,0,0,0,5.43738e+0
"Rest Central America","CRI","Costa Rica",5.37039e-3,4.41891e-3,2.41369e-1,0,1.83355e-1,0,0,4.05702e-2,6.88939e+0,1.11864e+0,1.65917e-1,0,0,0,0,0,0,0,0,0,0,0,0,0,0,0,0,0,0,0,0,0,0,1.36736e+2,3.13235e+0,9.00551e+0,0,0,0,0,2.10593e+0,1.04126e+0,0,0,0,0,0,0,0,4.20680e+0,1.36626e+1,0,0,0,0,0,0,1.78539e+2
"Rest Central America","CUB","Cuba",1.18737e+0,1.07645e-2,4.25613e+0,0,1.20432e+0,1.32052e-2,1.06387e-1,0,3.84557e+1,6.33896e+0,4.05063e+0,0,0,0,0,0,0,0,0,0,0,0,0,0,0,0,0,0,0,0,0,0,0,2.84065e+2,1.00914e+1,6.25925e+1,0,0,0,0,1.52758e+1,2.21929e+1,3.34390e+0,0,0,0,0,0,0,5.11685e+1,6.65430e+1,0,0,0,0,0,0,5.70897e+2
"Rest Central America","CYM","Cayman Islands",3.06482e-3,0,2.24339e-3,6.16150e-6,9.86399e-3,0,0,0,1.92697e-2,0,8.43242e-3,0,0,0,0,0,0,0,0,0,0,0,0,0,0,0,0,0,0,0,0,0,0,9.78987e-2,5.05837e-3,0,0,0,0,0,0,3.41103e-6,0,0,0,0,0,0,0,5.16246e-1,1.04864e-1,0,0,0,0,0,0,7.66951e-1
"Rest Central America","DMA","Dominica",1.57527e-3,0,6.41048e-3,2.98749e-6,4.64735e-3,0,0,0,3.90110e-3,2.43320e-2,1.37514e-3,0,0,0,0,0,0,0,0,0,0,0,0,0,0,0,0,0,0,0,0,0,0,8.64693e-1,2.05460e-2,0,0,0,0,0,0,2.15925e-3,0,0,0,0,0,0,0,3.61462e-1,3.69015e-1,0,0,0,0,0,0,1.66012e+0
"Rest Central America","DOM","Dominican Republic",4.46457e-2,0,3.69485e-1,0,5.46510e-1,0,0,1.88406e-3,1.23235e+1,9.78810e+0,4.86082e-1,0,0,0,0,0,0,0,0,0,0,0,0,0,0,0,0,0,0,0,0,0,0,1.46562e+2,3.99814e+0,3.97620e+1,0,0,0,0,1.92094e+0,2.87975e+0,1.52259e+0,0,0,0,0,0,0,2.38543e+1,3.27094e+1,3.17674e-1,0,0,0,0,0,2.77087e+2
"Rest Central America","GLP","Guadeloupe",1.00361e-2,0,3.55041e-2,2.67162e-4,6.11360e-2,0,0,0,5.01940e-1,1.33384e-1,4.21947e-2,0,0,0,0,0,0,0,0,0,0,0,0,0,0,0,0,0,0,0,0,0,0,4.63659e+0,1.33489e-1,0,0,0,0,0,0,2.68165e-1,0,0,0,0,0,0,0,2.51336e+0,2.03351e+0,0,0,0,0,0,0,1.03696e+1
"Rest Central America","GRD","Grenada",2.21622e-3,0,8.44878e-3,1.23285e-5,3.79823e-3,0,0,0,5.75635e-3,9.31568e-2,2.65861e-3,0,0,0,0,0,0,0,0,0,0,0,0,0,0,0,0,0,0,0,0,0,0,3.29298e-1,1.22044e-2,0,0,0,0,0,0,3.95739e-3,0,0,0,0,0,0,0,2.37899e-1,4.41199e-1,0,0,0,0,0,0,1.14061e+0
"Rest Central America","GTM","Guatemala",8.41642e-2,2.27816e-3,2.72812e-1,0,3.10986e-1,0,0,0,3.11629e+1,2.42372e+0,5.74281e-1,0,0,0,0,0,0,0,0,0,0,0,0,0,0,0,0,0,0,0,0,0,0,1.21377e+2,3.27435e+0,1.85045e+0,0,0,0,0,8.92800e+0,3.20756e+0,1.08195e+1,0,0,0,0,0,0,9.01695e+0,3.61966e+1,0,0,0,0,0,0,2.29502e+2
"Rest Central America","HND","Honduras",1.75846e-3,1.33978e-3,3.54704e-1,0,1.41801e-1,0,0,0,1.46178e+1,6.52540e-1,1.12486e-1,0,0,0,0,0,0,0,0,0,0,0,0,0,0,0,0,0,0,0,0,0,0,1.27972e+2,3.75325e+0,2.08176e+0,0,0,0,0,1.18579e+1,1.16188e+0,1.12730e+1,0,0,0,0,0,0,3.40437e+0,1.91135e+1,0,0,0,0,0,0,1.96500e+2
"Rest Central America","HTI","Haiti",1.57005e-2,0,1.58052e-1,0,4.56145e-2,0,0,8.41548e-3,1.09353e+1,2.01355e+1,0,0,0,0,0,0,0,0,0,0,0,0,0,0,0,0,0,0,0,0,0,0,0,7.34161e+1,2.87445e+0,8.32701e+0,0,0,0,0,0,1.16723e+0,0,0,0,0,0,0,0,1.02140e+1,3.04500e+1,0,0,0,0,0,0,1.57747e+2
"Rest Central America","JAM","Jamaica",1.93151e-1,1.81403e-3,6.20064e-2,4.18681e-5,2.00133e-1,0,0,0,1.74014e+0,4.94066e+0,2.65619e-1,0,0,0,0,0,0,0,0,0,0,0,0,0,0,0,0,0,0,0,0,0,0,2.44259e+1,7.56211e-1,6.13732e-2,0,0,0,0,0,7.95842e-1,0,0,0,0,0,0,0,7.72898e+0,1.10112e+1,0,0,0,0,0,0,5.21831e+1
"Rest Central America","KNA","Saint Kitts and Nevis",1.32409e-3,0,3.66878e-3,2.97304e-5,3.64454e-3,0,0,0,1.24830e-1,0,1.46706e-3,0,0,0,0,0,0,0,0,0,0,0,0,0,0,0,0,0,0,0,0,0,0,3.77136e-1,9.45700e-3,0,0,0,0,0,0,8.03054e-2,0,0,0,0,0,0,0,4.34574e-1,2.67055e-1,0,0,0,0,0,0,1.30349e+0
"Rest Central America","LCA","Saint Lucia",3.92957e-3,0,1.18603e-2,4.52050e-6,1.47818e-2,0,0,0,2.56983e-2,2.72076e-2,4.63504e-3,0,0,0,0,0,0,0,0,0,0,0,0,0,0,0,0,0,0,0,0,0,0,8.72527e-1,3.15170e-2,0,0,0,0,0,0,8.01218e-3,0,0,0,0,0,0,0,1.32661e-1,5.99020e-1,0,0,0,0,0,0,1.73185e+0
"Rest Central America","MSR","Montserrat",4.18475e-4,0,9.72126e-4,3.08500e-6,2.96145e-3,0,0,0,2.04404e-3,0,6.58110e-4,0,0,0,0,0,0,0,0,0,0,0,0,0,0,0,0,0,0,0,0,0,0,5.92086e-1,1.30220e-2,0,0,0,0,0,0,3.95683e-5,0,0,0,0,0,0,0,7.95067e-3,5.06416e-2,0,0,0,0,0,0,6.70797e-1
"Rest Central America","MTQ","Martinique",1.19260e-2,0,3.34128e-2,1.69259e-4,4.12080e-2,0,0,0,8.58744e-2,1.31361e-1,4.01118e-2,0,0,0,0,0,0,0,0,0,0,0,0,0,0,0,0,0,0,0,0,0,0,2.53048e+0,8.62195e-2,0,0,0,0,0,0,7.10941e-2,0,0,0,0,0,0,0,3.95829e+0,1.73849e+0,0,0,0,0,0,0,8.72864e+0
"Rest Central America","NIC","Nicaragua",1.60756e-2,7.31214e-4,2.72033e-1,1.04670e-4,1.17213e-1,0,2.63768e-3,0,1.01460e+1,2.33050e+0,1.36946e-1,0,0,0,0,0,0,0,0,0,0,0,0,0,0,0,0,0,0,0,0,0,0,1.15181e+2,3.83684e+0,5.92143e+0,0,0,0,0,1.20689e+1,1.02007e+0,0,0,0,0,0,0,0,1.61550e+1,1.72808e+1,0,0,0,0,0,0,1.84486e+2
"Rest Central America","PAN","Panama",5.21079e-2,4.69469e-3,9.26537e-2,0,2.73815e-1,0,0,1.83382e-2,4.92563e+0,2.79660e-1,2.72330e-1,0,0,0,0,0,0,0,0,0,0,0,0,0,0,0,0,0,0,0,0,0,0,8.96890e+1,2.00263e+0,1.29223e+1,0,0,0,0,2.07946e+0,6.56123e-1,0,0,0,0,0,0,0,6.62580e+0,1.00475e+1,0,0,0,0,0,0,1.29942e+2
"Rest Central America","PRI","Puerto Rico",0,0,0,0,0,0,0,0,0,0,0,0,0,0,0,0,0,0,0,0,0,0,0,0,0,0,0,0,0,0,0,0,0,3.61756e+1,1.01659e+0,8.17280e-2,0,0,0,0,0,3.78868e-1,2.54252e-1,0,0,0,0,0,0,2.75073e+1,1.54247e+1,0,0,0,0,0,0,8.08390e+1
"Rest Central America","SLV","El Salvador",7.78702e-2,1.66612e-3,3.08783e-1,0,2.00658e-1,0,0,0,1.28229e+1,1.39830e+0,1.88109e-1,0,0,0,0,0,0,0,0,0,0,0,0,0,0,0,0,0,0,0,0,0,0,6.47679e+1,2.13387e+0,2.12801e+0,0,0,0,0,2.18810e-1,1.36836e+0,0,0,0,0,0,0,0,1.10087e+1,2.29959e+1,0,0,0,0,0,0,1.19620e+2
"Rest Central America","TCA","Turks and Caicos Islands",1.82520e-4,0,9.36420e-4,0,0,0,0,0,5.28000e-5,4.39240e-3,0,0,0,0,0,0,0,0,0,0,0,0,0,0,0,0,0,0,0,0,0,0,0,0,0,0,0,0,0,0,0,0,0,0,0,0,0,0,0,5.20298e-2,4.60056e-2,0,0,0,0,0,0,1.03600e-1
"Rest Central America","TTO","Trinidad and Tobago",1.95097e-1,1.01892e-1,3.34107e-2,0,4.92250e-1,0,0,3.76812e-4,7.19458e-1,1.56704e-1,1.25352e+2,0,0,0,0,0,9.10805e-1,0,0,0,0,0,0,0,0,0,0,0,0,0,0,0,0,4.70319e+0,2.22690e-1,4.31770e-1,0,0,0,0,0,3.74213e-1,0,0,0,0,0,0,0,7.95981e+0,1.73500e+1,0,0,0,0,0,0,1.59004e+2
"Rest Central America","VCT","Saint Vincent and the Grenadines",2.40323e-3,0,9.52395e-3,1.10950e-6,3.53958e-3,0,0,0,4.96849e-2,2.52484e-2,1.68975e-3,0,0,0,0,0,0,0,0,0,0,0,0,0,0,0,0,0,0,0,0,0,0,5.23418e-1,2.36865e-2,7.71020e-4,0,0,0,0,0,2.98656e-2,0,0,0,0,0,0,0,2.57226e-1,4.98622e-1,0,0,0,0,0,0,1.42568e+0
"Rest Central America","VGB","Virgin Islands_British",7.01118e-4,0,1.37351e-3,4.40699e-6,4.25536e-3,0,0,0,3.42938e-3,2.24360e-3,1.07153e-3,0,0,0,0,0,0,0,0,0,0,0,0,0,0,0,0,0,0,0,0,0,0,4.96599e-1,2.96114e-2,0,0,0,0,0,0,0,0,0,0,0,0,0,0,1.04170e-1,6.02236e-2,0,0,0,0,0,0,7.03683e-1
"Rest Central America","VIR","Virgin Islands_USA",0,0,0,0,0,0,0,0,0,0,0,0,0,0,0,0,0,0,0,0,0,0,0,0,0,0,0,0,0,0,0,0,0,4.11000e-2,8.35354e-3,0,0,0,0,0,0,9.29429e-2,0,0,0,0,0,0,0,9.21637e-1,4.84664e-1,0,0,0,0,0,0,1.54870e+0
"Brazil","BRA","Brazil",1.02196e+0,8.92291e+0,2.58556e+1,4.11353e-2,1.06712e+1,1.05666e-1,4.76542e-1,0,1.62969e+2,8.99956e+2,2.34976e+2,0,0,0,0,0,1.60809e+0,2.69275e+0,0,0,0,0,0,0,0,0,0,0,0,0,0,0,0,8.30244e+3,2.15881e+2,5.31299e+2,0,0,0,0,4.24104e+2,1.37711e+2,1.59832e+3,9.63336e-1,0,0,0,0,0,4.73385e+2,1.39487e+3,6.02593e+0,4.94848e-1,0,0,0,0,1.44348e+4
"Rest South America","ARG","Argentina",6.82972e-1,5.43872e-1,1.82800e+0,1.48003e-2,5.32511e+0,0,5.86152e-3,0,5.51659e+0,3.30902e+1,5.89196e+2,0,0,0,0,0,2.31773e-1,1.35750e-1,0,0,0,0,0,0,0,0,0,0,0,0,0,0,0,3.47828e+3,6.53694e+1,1.41405e+1,0,0,0,0,1.14300e+1,2.60081e+1,3.51115e+1,7.56264e+1,0,0,0,0,0,1.20569e+2,2.08526e+2,0,0,0,0,0,0,4.67163e+3
"Rest South America","BOL","Bolivia",5.42892e-2,3.03962e-2,1.08606e-1,1.73752e-3,3.65656e-1,1.73752e-3,0,0,1.02631e+1,6.52540e-1,1.08531e+2,0,0,0,0,0,0,0,0,0,0,0,0,0,0,0,0,0,0,0,0,0,0,3.49270e+2,9.72126e+0,1.48345e+1,0,0,0,0,1.23307e+2,1.57030e+0,2.67471e+2,0,0,0,0,0,0,9.92967e+0,3.07905e+1,0,0,0,0,0,0,9.26903e+2
"Rest South America","BVT","Bouvet Island",0,0,0,0,0,0,0,0,0,0,0,0,0,0,0,0,0,0,0,0,0,0,0,0,0,0,0,0,0,0,0,0,0,0,0,0,0,0,0,0,0,0,0,0,0,0,0,0,0,0,0,0,0,0,0,0,0,0,
"Rest South America","CHL","Chile",1.79381e-1,7.86544e-2,1.24235e+0,0,1.30633e+0,4.34381e-3,5.04091e-2,0,2.20188e+1,4.97343e+1,4.73743e+1,0,0,0,0,0,3.65100e-1,1.46300e-2,0,0,0,0,0,0,0,0,0,0,0,0,0,0,0,2.74171e+2,6.25890e+0,5.99853e+0,0,0,0,0,0,2.19480e+0,1.81387e+0,4.11360e+0,0,0,0,0,0,2.90342e+1,1.12310e+2,0,0,0,0,0,0,5.58264e+2
"Rest South America","COL","Colombia",2.12082e-1,1.39504e-1,1.71654e+0,7.11755e-4,4.80438e+0,4.33752e-3,1.26022e-2,1.25604e-4,5.80227e+1,4.61587e+1,1.92845e+2,0,0,0,0,0,4.56767e-2,2.77200e-2,0,0,0,0,0,0,0,0,0,0,0,0,0,0,0,1.46949e+3,3.66992e+1,1.14769e+2,0,0,0,0,2.04012e+1,1.04172e+1,9.27520e+1,0,0,0,0,0,0,5.26148e+1,1.57197e+2,0,0,0,0,0,0,2.25833e+3
"Rest South America","ECU","Ecuador",4.05947e-3,4.11395e-2,3.71830e-1,8.37360e-5,1.37268e+0,0,1.55624e-1,0,1.53563e+1,1.57542e+1,7.69607e+1,0,0,0,0,0,6.49800e-5,0,0,0,0,0,0,0,0,0,0,0,0,0,0,0,0,2.34464e+2,8.26494e+0,9.76980e+1,0,0,0,0,1.04573e+0,2.83832e+0,9.53700e-1,0,0,0,0,0,0,1.22046e+1,4.48122e+1,0,0,0,0,0,0,5.12299e+2
"Rest South America","FLK","Falkland Islands (Malvinas)",5.43858e-4,0,1.87941e-4,6.36550e-6,7.63386e-4,0,0,0,2.45829e-3,1.26716e-2,6.52121e-4,0,0,0,0,0,0,0,0,0,0,0,0,0,0,0,0,0,0,0,0,0,0,3.96426e+0,7.84718e-2,0,0,0,0,0,0,0,0,0,0,0,0,0,0,9.18439e-3,8.47089e-3,3.24202e-5,2.83080e-6,0,0,0,0,4.07771e+0
"Rest South America","GUF","French Guiana",3.62294e-3,0,1.07116e-2,1.20806e-4,1.21373e-2,0,0,0,1.95754e-1,1.97247e-1,2.98845e-2,0,0,0,0,0,0,0,0,0,0,0,0,0,0,0,0,0,0,0,0,0,0,8.43864e-1,3.44540e-2,5.59761e-1,0,0,0,0,0,1.16575e-2,6.03126e-1,0,0,0,0,0,0,5.59280e-1,4.96812e-1,2.06316e-3,8.26416e-5,0,0,0,0,3.56058e+0
"Rest South America","GUY","Guyana",2.19669e-2,0,6.70148e-2,1.06754e-4,3.81939e-2,0,0,0,3.22954e+0,1.45360e-3,2.30166e-2,0,0,0,0,0,0,0,0,0,0,0,0,0,0,0,0,0,0,0,0,0,0,7.91540e+0,3.61510e-1,2.54245e+1,0,0,0,0,2.74632e+0,1.06655e+0,1.56672e+1,0,0,0,0,0,0,1.09659e+0,3.92513e+0,3.44237e-3,1.33492e-4,0,0,0,0,6.15880e+1
"Rest South America","PER","Peru",9.95101e-2,8.19291e-2,4.24709e-1,1.04670e-4,1.44745e+0,0,4.04445e-2,0,3.33907e+1,7.25134e+0,4.47008e+1,0,0,0,0,0,3.00000e-4,1.30510e-1,0,0,0,0,0,0,0,0,0,0,0,0,0,0,0,3.06280e+2,1.00919e+1,8.02052e+1,0,0,0,0,8.00568e-1,3.92880e+0,3.39946e+1,0,0,0,0,0,0,3.81971e+1,9.92639e+1,0,0,0,0,0,0,6.60330e+2
"Rest South America","PRY","Paraguay",3.81836e-2,5.11648e-2,1.29075e+0,0,1.86681e-1,1.63285e-2,3.51691e-3,1.67472e-4,1.91038e+1,1.93898e+1,7.98136e-2,0,0,0,0,0,0,0,0,0,0,0,0,0,0,0,0,0,0,0,0,0,0,4.61248e+2,1.08951e+1,5.15041e+0,0,0,0,0,6.21744e+1,2.77070e+0,6.77423e+1,7.19760e+0,0,0,0,0,0,1.07312e+1,1.87641e+1,0,0,0,0,0,0,6.86834e+2
"Rest South America","SGS","South Georgia and the South Sandwich Islands",0,0,0,0,0,0,0,0,0,0,0,0,0,0,0,0,0,0,0,0,0,0,0,0,0,0,0,0,0,0,0,0,0,0,0,0,0,0,0,0,0,0,0,0,0,0,0,0,0,0,0,0,0,0,0,0,0,0,
"Rest South America","SUR","Suriname",1.39480e-2,0,3.84519e-2,4.84234e-5,3.74476e-2,0,0,0,1.69193e-1,5.15143e-1,6.04989e-1,0,0,0,0,0,0,0,0,0,0,0,0,0,0,0,0,0,0,0,0,0,0,4.61589e+0,2.56273e-1,2.76346e+1,0,0,0,0,0,2.11670e-1,1.20924e+1,0,0,0,0,0,0,1.33764e+0,2.18160e+0,4.56334e-3,1.80576e-4,0,0,0,0,4.97140e+1
"Rest South America","URY","Uruguay",1.76865e-2,4.00063e-3,3.23221e-1,2.51208e-4,2.47978e-1,0,0,1.50725e-3,3.95805e+0,3.74764e-1,3.13595e-1,0,0,0,0,0,0,3.30000e-4,0,0,0,0,0,0,0,0,0,0,0,0,0,0,0,7.68034e+2,1.51827e+1,3.16786e+1,0,0,0,0,0,1.14122e+0,0,0,0,0,0,0,0,1.54298e+1,1.59639e+1,0,0,0,0,0,0,8.52672e+2
"Rest South America","VEN","Venezuela",3.89796e-1,5.62725e-1,9.35206e-1,0,8.72110e+0,1.73752e-4,0,6.28020e-4,8.68642e+0,1.95650e+1,7.32885e+2,0,0,0,0,0,3.27212e-1,9.37200e-2,0,0,0,0,0,0,0,0,0,0,0,0,0,0,0,8.08962e+2,2.35276e+1,2.08176e+1,0,0,0,0,3.09384e+1,4.21361e+0,6.50944e+1,0,0,0,0,0,0,7.34912e+1,1.07982e+2,0,0,0,0,0,0,1.90719e+3
"Northern_Africa","DZA","Algeria",5.03026e-1,8.28681e-1,1.72077e-1,0,2.29116e+0,9.03513e-3,9.67151e-3,0,1.96742e+1,3.47319e+1,1.13947e+3,0,0,0,0,0,2.40920e-1,1.75000e-1,0,0,0,0,0,0,0,0,0,0,0,0,0,0,0,1.63150e+2,6.61899e+0,8.46820e-2,0,0,0,0,0,5.42656e-2,0,0,0,0,0,0,0,4.47588e+1,9.03755e+1,0,0,0,0,0,0,1.50315e+3
"Northern_Africa","EGY","Egypt",3.02889e-1,8.97585e-2,1.55414e+0,1.84219e-3,2.67903e+0,0,0,0,4.87001e+1,9.21287e+1,3.14198e+2,0,0,0,0,0,3.39900e-3,1.43470e-1,0,0,0,0,0,0,0,0,0,0,0,0,0,0,0,2.97128e+2,9.16775e+0,1.41695e+2,0,0,0,0,0,3.07270e-1,0,0,0,0,0,0,0,8.28866e+1,1.89790e+2,0,0,0,0,0,0,1.18077e+3
"Northern_Africa","ESH","Western Sahara",1.44934e-3,6.50720e-5,4.67316e-4,2.09550e-5,9.34807e-3,3.42375e-6,0,0,7.66520e-3,0,5.82767e-3,0,0,0,0,0,0,0,0,0,0,0,0,0,0,0,0,0,0,0,0,0,0,9.27689e+0,2.64077e-1,0,0,0,0,0,0,7.20900e-5,0,0,0,0,0,0,0,1.93081e-1,9.14681e-1,0,0,0,0,0,0,1.06736e+1
"Northern_Africa","LBY","Libyan Arab Jamahiriya",5.24788e-2,3.51312e-1,4.23704e-2,4.18681e-5,1.56914e+0,0,0,0,2.01090e+0,4.85227e+0,5.88841e+2,0,0,0,0,0,1.35630e+0,0,0,0,0,0,0,0,0,0,0,0,0,0,0,0,0,4.42700e+1,1.62980e+0,0,0,0,0,0,0,1.29764e-2,0,0,0,0,0,0,0,1.55464e+1,1.84107e+1,0,0,0,0,0,0,6.78945e+2
"Northern_Africa","MAR","Morocco",2.46686e-2,4.77295e-3,1.84470e-1,0,4.06274e-1,0,2.93076e-3,0,2.43476e+1,1.51259e+1,8.13936e+0,0,0,0,0,0,0,0,0,0,0,0,0,0,0,0,0,0,0,0,0,0,0,2.33989e+2,8.44079e+0,1.19833e+0,0,0,0,0,0,2.89762e-1,0,0,0,0,0,0,0,3.31986e+1,9.50995e+1,0,0,0,0,0,0,4.20452e+2
"Northern_Africa","TUN","Tunisia",1.08365e-1,2.69589e-3,8.80901e-2,0,3.05818e-1,6.25509e-3,1.40676e-2,0,6.74957e+0,9.50844e+0,4.14968e+1,0,0,0,0,0,0,1.17600e-2,0,0,0,0,0,0,0,0,0,0,0,0,0,0,0,7.87170e+1,3.25433e+0,0,0,0,0,0,0,1.71156e-2,0,0,0,0,0,0,0,1.65240e+1,2.95467e+1,0,0,0,0,0,0,1.86351e+2
"Western_Africa","BEN","Benin",6.28020e-4,0,1.00483e-3,0,9.08435e-2,0,0,0,1.94054e+1,1.29576e+1,5.31429e-1,0,0,0,0,0,0,0,0,0,0,0,0,0,0,0,0,0,0,0,0,0,0,3.78757e+1,2.14784e+0,1.13761e+0,0,0,0,0,2.46552e+1,3.52979e-1,5.56546e+1,0,0,0,0,0,0,3.02470e+0,1.99444e+1,0,0,0,0,0,0,1.77780e+2
"Western_Africa","BFA","Burkina Faso",1.60805e-3,7.21975e-5,7.78500e-4,2.12303e-4,6.74348e-2,3.79725e-6,0,0,3.21394e+1,2.79909e+1,1.64671e-2,0,0,0,0,0,0,0,0,0,0,0,0,0,0,0,0,0,0,0,0,0,0,1.77283e+2,7.84503e+0,3.49912e+0,0,0,0,0,2.32226e+1,8.24699e-1,0,0,0,0,0,0,0,1.83026e+0,3.29601e+1,0,0,0,0,0,0,3.07682e+2
"Western_Africa","CAF","Central African Republic",8.51306e-4,3.82215e-5,1.83972e-4,9.91744e-5,2.37645e-2,2.00860e-6,0,0,1.10184e+1,2.94834e+0,7.29133e-3,0,0,0,0,0,0,0,0,0,0,0,0,0,0,0,0,0,0,0,0,0,0,8.50511e+1,2.97842e+0,1.53067e+0,0,0,0,0,8.48856e+2,1.30944e-1,2.33260e+2,0,0,0,0,0,0,4.27166e+0,1.18725e+1,0,0,0,0,0,0,1.20195e+3
"Western_Africa","CIV","Cote d'Ivoire",7.54729e-3,3.19367e-3,1.75846e-2,0,2.68540e-1,3.12754e-3,1.11369e-2,0,2.71425e+1,4.65168e+1,1.77677e+0,0,0,0,0,0,0,0,0,0,0,0,0,0,0,0,0,0,0,0,0,0,0,4.46039e+1,2.18488e+0,2.25284e+1,0,0,0,0,1.37326e+1,9.79211e-1,1.89564e+2,0,0,0,0,0,0,1.89271e+1,4.47310e+1,0,0,0,0,0,0,4.12998e+2
"Western_Africa","CMR","Cameroon",1.75846e-3,0,6.53142e-3,0,4.96631e-1,0,0,0,2.64088e+1,6.99150e+0,4.05149e+1,0,0,0,0,0,0,0,0,0,0,0,0,0,0,0,0,0,0,0,0,0,0,1.85959e+2,7.19416e+0,1.86939e+0,0,0,0,0,8.95728e+1,5.08330e-1,9.18272e+1,0,0,0,0,0,0,1.91063e+1,5.10518e+1,0,0,0,0,0,0,5.21509e+2
"Western_Africa","COD","Congo_the Democratic Republic of the",3.89373e-3,1.00483e-3,5.35492e-2,0,2.22020e-1,0,0,0,1.47611e+2,7.96974e+0,4.17963e+0,0,0,0,0,0,0,0,0,0,0,0,0,0,0,0,0,0,0,0,0,0,0,4.38768e+0,2.11586e-1,6.96629e+1,0,0,0,0,4.95552e+2,3.53207e+0,1.26249e+3,0,0,0,0,0,0,4.32381e+1,1.35182e+2,0,0,0,0,0,0,2.17430e+3
"Western_Africa","COG","Congo",1.25604e-4,1.25604e-4,1.75846e-3,6.48953e-4,8.43176e-2,0,0,0,3.63398e+0,1.80847e+1,6.18563e+1,0,0,0,0,0,0,0,0,0,0,0,0,0,0,0,0,0,0,0,0,0,0,7.44740e+1,3.50561e+0,1.51149e-1,0,0,0,0,1.09030e+1,1.54893e-1,5.29094e+1,0,0,0,0,0,0,4.26981e+0,1.01998e+1,0,0,0,0,0,0,2.40230e+2
"Western_Africa","CPV","Cape Verde",6.35348e-4,2.85230e-5,1.08015e-4,1.82280e-5,8.70254e-3,1.49815e-6,0,0,4.08229e-2,6.92040e-3,2.90478e-3,0,0,0,0,0,0,0,0,0,0,0,0,0,0,0,0,0,0,0,0,0,0,1.29922e+0,2.87272e-1,0,0,0,0,0,0,2.51153e-2,0,0,0,0,0,0,0,3.74196e-1,1.56180e+0,0,0,0,0,0,0,3.60774e+0
"Western_Africa","GAB","Gabon",5.40097e-3,0,1.97617e-2,0,5.54017e-2,0,0,0,1.66565e+0,8.30511e-1,9.57819e+1,0,0,0,0,0,0,0,0,0,0,0,0,0,0,0,0,0,0,0,0,0,0,2.11015e+0,2.52749e-1,3.83465e-2,0,0,0,0,2.50824e-1,3.78924e-2,4.32269e+0,0,0,0,0,0,0,3.81307e+0,4.37805e+0,0,0,0,0,0,0,1.13562e+2
"Western_Africa","GHA","Ghana",0,1.33978e-3,3.52529e-1,0,4.78317e-1,2.08503e-3,4.10306e-3,0,4.77944e+1,3.43982e+1,2.53850e-1,0,0,0,0,0,0,0,0,0,0,0,0,0,0,0,0,0,0,0,0,0,0,5.69328e+1,2.81526e+0,8.27646e+0,0,0,0,0,6.25080e+1,6.75602e-1,1.86041e+1,0,0,0,0,0,0,1.74504e+1,5.86775e+1,0,0,0,0,0,0,3.09225e+2
"Western_Africa","GIN","Guinea",3.03265e-3,1.19321e-4,2.68172e-3,2.42337e-4,1.36254e-1,6.27895e-6,0,0,3.36378e+1,1.63597e+1,3.20661e-2,0,0,0,0,0,0,0,0,0,0,0,0,0,0,0,0,0,0,0,0,0,0,4.53169e+1,1.64336e+0,4.61229e+1,0,0,0,0,5.34552e+1,3.79507e-1,6.99788e+1,0,0,0,0,0,0,5.45614e+0,2.40593e+1,0,0,0,0,0,0,2.96584e+2
"Western_Africa","GMB","Gambia",1.24179e-3,5.57511e-5,1.95504e-4,3.29655e-5,4.51392e-2,2.93405e-6,0,0,1.53073e+0,2.60653e+0,6.09687e-3,0,0,0,0,0,0,0,0,0,0,0,0,0,0,0,0,0,0,0,0,0,0,1.26622e+1,4.97869e-1,3.06772e+0,0,0,0,0,2.81088e+0,3.52691e-2,0,0,0,0,0,0,0,7.90219e-1,3.19318e+0,0,0,0,0,0,0,2.72474e+1
"Western_Africa","GNB","Guinea-Bissau",7.85542e-4,3.52667e-5,3.88722e-4,4.74805e-5,2.19497e-2,1.85505e-6,0,0,1.64042e+0,6.17148e-2,6.27813e-3,0,0,0,0,0,0,0,0,0,0,0,0,0,0,0,0,0,0,0,0,0,0,1.40116e+1,7.72786e-1,7.79714e+0,0,0,0,0,4.94640e+0,8.56864e-2,0,0,0,0,0,0,0,6.69983e-1,3.96262e+0,0,0,0,0,0,0,3.39778e+1
"Western_Africa","GNQ","Equatorial Guinea",2.38152e-4,3.12329e-5,1.07706e-4,2.73200e-5,8.74586e-3,1.64340e-6,0,0,1.56815e+0,5.25666e-1,1.13996e+0,0,0,0,0,0,0,0,0,0,0,0,0,0,0,0,0,0,0,0,0,0,0,3.54186e-1,2.06920e-2,0,0,0,0,0,0,7.29995e-3,0,0,0,0,0,0,0,3.97755e-1,1.18709e+0,0,0,0,0,0,0,5.20995e+0
"Western_Africa","LBR","Liberia",5.33355e-3,2.09853e-4,2.44228e-3,1.93368e-4,1.43293e-1,1.10432e-5,0,0,1.20700e+1,9.07179e+0,3.58481e-2,0,0,0,0,0,0,0,0,0,0,0,0,0,0,0,0,0,0,0,0,0,0,3.92291e+0,3.44605e-1,3.70190e+0,0,0,0,0,6.76320e-1,2.64833e-1,5.64856e-2,0,0,0,0,0,0,2.51053e+0,9.64952e+0,0,0,0,0,0,0,4.24563e+1
"Western_Africa","MLI","Mali",1.23611e-3,5.54979e-5,2.40126e-4,3.77386e-5,5.39085e-2,2.91745e-6,0,0,1.47175e+1,5.78896e+0,7.20096e-3,0,0,0,0,0,0,0,0,0,0,0,0,0,0,0,0,0,0,0,0,0,0,2.26929e+2,8.89736e+0,3.69086e+1,0,0,0,0,3.46920e+1,6.86441e-1,2.21320e+1,0,0,0,0,0,0,3.70335e+0,3.53574e+1,0,0,0,0,0,0,3.89875e+2
"Western_Africa","MRT","Mauritania",2.43556e-3,9.50931e-5,1.96719e-3,1.79709e-4,1.35751e-1,9.49090e-6,0,0,4.17914e+0,7.29110e+0,2.79053e-2,0,0,0,0,0,0,0,0,0,0,0,0,0,0,0,0,0,0,0,0,0,0,1.24584e+2,5.37883e+0,1.94928e+0,0,0,0,0,5.13888e-3,1.13763e-1,0,0,0,0,0,0,0,1.77190e+0,9.17505e+0,0,0,0,0,0,0,1.54617e+2
"Western_Africa","NER","Niger",5.85770e-3,2.11501e-4,3.76402e-3,3.79309e-5,6.43398e-2,1.27028e-4,0,0,2.01704e+1,2.43435e+1,1.87751e-2,0,0,0,0,0,0,0,0,0,0,0,0,0,0,0,0,0,0,0,0,0,0,1.08731e+2,5.08354e+0,2.81208e+0,0,0,0,0,7.45368e-1,9.59851e-1,0,0,0,0,0,0,0,2.38636e+0,3.04895e+1,0,0,0,0,0,0,1.95815e+2
"Western_Africa","NGA","Nigeria",1.99128e-1,9.37971e-2,1.32387e-1,0,3.78317e+0,7.46508e-3,1.64123e-2,0,1.88257e+2,6.07172e+1,1.03376e+3,0,0,0,0,0,0,0,0,0,0,0,0,0,0,0,0,0,0,0,0,0,0,7.24740e+2,2.75738e+1,1.59856e+2,0,0,0,0,8.31720e+1,6.85655e+0,1.22393e+1,0,0,0,0,0,0,4.34070e+1,3.47982e+2,0,0,0,0,0,0,2.69280e+3
"Western_Africa","SEN","Senegal",3.17648e-3,3.34944e-4,1.68644e-2,0,8.22075e-2,8.68761e-4,1.40677e-2,0,1.64470e+1,2.87118e+1,8.22947e-1,0,0,0,0,0,0,0,0,0,0,0,0,0,0,0,0,0,0,0,0,0,0,1.17856e+2,5.17022e+0,1.25905e+1,0,0,0,0,2.10684e+1,2.48231e-1,0,0,0,0,0,0,0,8.97313e+0,3.32109e+1,0,0,0,0,0,0,2.45216e+2
"Western_Africa","SHN","Saint Helena",7.98750e-6,1.49815e-6,5.16600e-6,8.69950e-6,8.67386e-4,7.05500e-8,0,0,1.49374e-4,0,4.53675e-6,0,0,0,0,0,0,0,0,0,0,0,0,0,0,0,0,0,0,0,0,0,0,6.82780e-2,5.37742e-3,0,0,0,0,0,0,0,0,0,0,0,0,0,0,7.56883e-3,3.08530e-2,0,0,0,0,0,0,1.13122e-1
"Western_Africa","SLE","Sierra Leone",5.34729e-3,2.10393e-4,2.25765e-3,2.15777e-4,5.67858e-2,1.10722e-5,0,0,1.74084e+1,1.71656e+1,3.10690e-2,0,0,0,0,0,0,0,0,0,0,0,0,0,0,0,0,0,0,0,0,0,0,1.17735e+1,5.75978e-1,3.80147e+1,0,0,0,0,1.24970e+1,4.37794e-1,6.71208e+0,0,0,0,0,0,0,3.59155e+0,1.59809e+1,0,0,0,0,0,0,1.24253e+2
"Western_Africa","STP","Sao Tome and Principe",3.22218e-4,1.44669e-5,5.00700e-5,5.10200e-6,4.10820e-3,7.59450e-7,0,0,2.86713e-3,4.56304e-1,1.07970e-3,0,0,0,0,0,0,0,0,0,0,0,0,0,0,0,0,0,0,0,0,0,0,1.73843e-1,1.56611e-2,0,0,0,0,0,0,1.08033e-3,0,0,0,0,0,0,0,1.77805e-1,4.56416e-1,0,0,0,0,0,0,1.28956e+0
"Western_Africa","TCD","Chad",8.42017e-4,3.78023e-5,1.60644e-4,2.11695e-5,8.92538e-3,1.98785e-6,0,0,1.63524e+1,2.05139e+1,5.00224e-3,0,0,0,0,0,0,0,0,0,0,0,0,0,0,0,0,0,0,0,0,0,0,1.95050e+2,7.12444e+0,5.04897e+0,0,0,0,0,1.06042e+2,3.12190e-1,0,0,0,0,0,0,0,2.50963e+0,2.27299e+1,0,0,0,0,0,0,3.75698e+2
"Western_Africa","TGO","Togo",1.88406e-3,0,0,0,7.75011e-2,0,0,0,1.68974e+1,1.80847e+1,0,0,0,0,0,0,0,0,0,0,0,0,0,0,0,0,0,0,0,0,0,0,0,2.29806e+1,1.47468e+0,4.02638e+0,0,0,0,0,2.48016e+1,2.76363e-1,1.08066e+1,0,0,0,0,0,0,2.80882e+0,1.48805e+1,0,0,0,0,0,0,1.17117e+2
"Eastern_Africa","BDI","Burundi",6.69032e-4,3.00377e-5,3.14328e-4,7.63580e-5,4.05992e-2,1.57700e-6,0,0,1.98293e+1,1.50554e+1,7.79846e-3,0,0,0,0,0,0,0,0,0,0,0,0,0,0,0,0,0,0,0,0,0,0,2.05264e+1,8.09017e-1,1.59777e+0,0,0,0,0,0,4.05025e-1,0,0,0,0,0,0,0,4.14542e-1,1.90321e+1,0,0,0,0,0,0,7.77191e+1
"Eastern_Africa","COM","Comoros",1.21201e-4,1.58945e-5,7.05150e-5,2.56915e-5,7.26998e-3,8.34150e-7,0,0,2.09914e-2,1.65391e+0,1.92181e-3,0,0,0,0,0,0,0,0,0,0,0,0,0,0,0,0,0,0,0,0,0,0,2.12467e+0,9.95550e-2,2.04515e+0,0,0,0,0,0,1.06659e-2,0,0,0,0,0,0,0,4.13741e-1,1.94352e+0,0,0,0,0,0,0,8.32163e+0
"Eastern_Africa","DJI","Djibouti",1.49510e-3,6.71262e-5,2.23255e-3,4.96741e-5,1.37185e-2,3.53165e-6,0,0,4.91021e-2,2.10939e+0,1.98088e-2,0,0,0,0,0,0,0,0,0,0,0,0,0,0,0,0,0,0,0,0,0,0,1.22609e+1,5.10728e-1,0,0,0,0,0,0,1.86134e-6,0,0,0,0,0,0,0,7.47608e-1,2.19557e+0,0,0,0,0,0,0,1.79107e+1
"Eastern_Africa","ERI","Eritrea",4.94763e-4,1.52247e-4,1.65080e-3,0,1.41304e-2,0,0,0,5.97586e+0,8.14815e+0,1.12347e-1,0,0,0,0,0,0,0,0,0,0,0,0,0,0,0,0,0,0,0,0,0,0,6.26975e+1,2.25252e+0,0,0,0,0,0,1.54584e+0,9.74757e-2,0,0,0,0,0,0,0,7.51891e-1,1.15389e+1,0,0,0,0,0,0,9.31370e+1
"Eastern_Africa","ETH","Ethiopia",2.97861e-3,5.70920e-5,1.46777e-2,0,1.20621e-1,0,0,0,1.33339e+2,1.00678e+1,7.80211e-2,0,0,0,0,0,0,0,0,0,0,0,0,0,0,0,0,0,0,0,0,0,0,1.11445e+3,4.53045e+1,0,0,0,0,0,1.65276e+2,4.98352e+0,0,0,0,0,0,0,0,9.46086e+0,1.79583e+2,0,0,0,0,0,0,1.66268e+3
"Eastern_Africa","KEN","Kenya",2.09003e-3,3.77405e-3,7.03381e-2,5.81965e-3,4.85194e-1,5.73381e-3,1.75846e-3,0,5.87379e+1,1.60338e+2,5.61868e-1,0,0,0,0,0,0,0,0,0,0,0,0,0,0,0,0,0,0,0,0,0,0,5.73882e+2,1.87708e+1,2.23688e+0,0,0,0,0,2.82000e+0,1.01153e+0,0,0,0,0,0,0,0,6.37623e+0,8.60146e+1,0,0,0,0,0,0,9.11325e+2
"Eastern_Africa","MDG","Madagascar",8.09823e-3,3.61917e-4,2.24484e-3,3.38635e-4,1.91031e-1,2.80164e-5,0,0,2.28356e+1,2.69190e+1,4.10490e-2,0,0,0,0,0,0,0,0,0,0,0,0,0,0,0,0,0,0,0,0,0,0,3.55817e+2,1.24207e+1,1.94066e+2,0,0,0,0,3.18864e+1,8.18731e-1,2.06190e+1,5.56320e-2,0,0,0,0,0,5.97284e+0,4.59330e+1,0,0,0,0,0,0,7.17587e+2
"Eastern_Africa","MUS","Mauritius",5.73473e-3,2.51747e-4,3.47248e-3,6.67285e-5,7.06849e-2,4.39028e-5,0,0,3.24851e-1,9.32200e-2,4.05795e-2,0,0,0,0,0,0,0,0,0,0,0,0,0,0,0,0,0,0,0,0,0,0,1.97042e+0,1.24243e-1,7.98886e-4,0,0,0,0,0,1.09740e-1,0,0,0,0,0,0,0,2.25393e+0,4.85853e+0,0,0,0,0,0,0,9.85657e+0
"Eastern_Africa","MYT","Mayotte",0,0,0,0,0,0,0,0,0,0,0,0,0,0,0,0,0,0,0,0,0,0,0,0,0,0,0,0,0,0,0,0,0,0,0,0,0,0,0,0,0,0,0,0,0,0,0,0,0,1.42406e-1,3.63399e-1,0,0,0,0,0,0,5.05805e-1
"Eastern_Africa","REU","Reunion",4.05059e-3,1.81861e-4,1.39374e-3,2.54497e-4,9.60754e-2,9.56990e-6,0,0,2.14199e-1,0,3.36155e-2,0,0,0,0,0,0,0,0,0,0,0,0,0,0,0,0,0,0,0,0,0,0,1.14943e+0,2.36459e-1,6.39110e-3,0,0,0,0,0,4.63402e-2,0,0,0,0,0,0,0,2.39859e+0,2.92966e+0,0,0,0,0,0,0,7.11665e+0
"Eastern_Africa","RWA","Rwanda",3.50311e-3,1.57281e-4,1.01980e-3,1.83737e-4,7.03911e-2,8.27510e-6,0,0,2.01712e+1,9.96190e-1,2.04894e-2,0,0,0,0,0,0,0,0,0,0,0,0,0,0,0,0,0,0,0,0,0,0,2.57439e+1,9.65024e-1,5.22472e-1,0,0,0,0,1.10890e+0,4.13838e-1,0,0,0,0,0,0,0,5.11988e-1,2.49960e+1,0,0,0,0,0,0,7.55253e+1
"Eastern_Africa","SDN","Sudan",3.30301e-3,2.09340e-4,1.92174e-2,0,4.08706e-1,0,0,0,6.02998e+1,1.78610e+2,2.41765e+0,0,0,0,0,0,0,0,0,0,0,0,0,0,0,0,0,0,0,0,0,0,0,1.03718e+3,3.46799e+1,1.91733e-1,0,0,0,0,4.35720e+2,1.87054e+0,0,0,0,0,0,0,0,2.62718e+1,1.00826e+2,0,0,0,0,0,0,1.87850e+3
"Eastern_Africa","SOM","Somalia",2.46286e-3,2.03250e-4,1.19384e-3,2.74973e-4,1.13327e-1,1.06946e-5,0,0,2.16972e+1,3.53181e+1,3.26993e-2,0,0,0,0,0,0,0,0,0,0,0,0,0,0,0,0,0,0,0,0,0,0,5.48456e+2,2.42583e+1,7.98886e-1,0,0,0,0,4.88808e-3,2.23815e-1,0,0,0,0,0,0,0,3.46964e+0,2.88954e+1,0,0,0,0,0,0,6.63273e+2
"Eastern_Africa","SYC","Seychelles",3.86626e-3,1.73586e-4,1.00894e-3,9.44999e-8,1.36443e-2,9.13415e-6,0,0,1.57000e-2,0,1.34589e-2,0,0,0,0,0,0,0,0,0,0,0,0,0,0,0,0,0,0,0,0,0,0,1.41167e-1,5.17179e-2,0,0,0,0,0,0,5.05440e-6,0,0,0,0,0,0,0,2.07705e-1,3.39359e-1,0,0,0,0,0,0,7.87815e-1
"Eastern_Africa","UGA","Uganda",4.60999e-3,2.06977e-4,1.04346e-3,1.14199e-4,1.18728e-1,1.08896e-5,0,0,1.01763e+2,5.02807e+1,2.68238e-2,0,0,0,0,0,0,0,0,0,0,0,0,0,0,0,0,0,0,0,0,0,0,1.82327e+2,5.88143e+0,2.71621e+0,0,0,0,0,7.79880e+1,1.32723e+0,0,0,0,0,0,0,0,2.71861e+0,5.91097e+1,0,0,0,0,0,0,4.84264e+2
"Southern_Africa","AGO","Angola",9.04347e-4,3.60064e-3,2.61340e-2,0,2.54974e-1,0,0,0,8.29215e+0,5.87286e+1,2.73850e+2,0,0,0,0,0,0,0,0,0,0,0,0,0,0,0,0,0,0,0,0,0,0,1.27686e+2,4.38794e+0,4.79332e-1,0,0,0,0,2.23224e+2,1.98153e-1,6.71124e+0,0,0,0,0,0,0,8.22167e+0,4.02234e+1,0,0,0,0,0,0,7.52288e+2
"Southern_Africa","BWA","Botswana",6.10626e-3,1.65228e-4,1.20574e-2,1.52675e-5,1.30463e-1,4.66960e-4,0,0,3.14486e+0,1.11192e+1,2.14289e-2,0,0,0,0,0,0,0,0,0,0,0,0,0,0,0,0,0,0,0,0,0,0,1.17431e+2,2.96738e+0,0,0,0,0,0,5.02272e+1,7.15637e-2,0,1.32259e+0,0,0,0,0,0,1.12978e+0,5.87448e+0,0,0,0,0,0,0,1.93458e+2
"Southern_Africa","LSO","Lesotho",4.26705e-4,1.91564e-5,1.47894e-4,4.19060e-5,2.16922e-2,1.00430e-6,0,0,6.66359e+0,5.66171e+0,3.43534e-3,0,0,0,0,0,0,0,0,0,0,0,0,0,0,0,0,0,0,0,0,0,0,4.02594e+1,8.39295e-1,0,0,0,0,0,0,6.02844e-2,0,8.42856e-1,0,0,0,0,0,6.35495e-1,6.36145e+0,0,0,0,0,0,0,6.13499e+1
"Southern_Africa","MOZ","Mozambique",6.44767e-4,0,7.11756e-3,0,5.99831e-2,0,0,0,5.21306e+1,2.95199e+1,0,0,0,0,0,0,0,0,0,0,0,0,0,0,0,0,0,0,0,0,0,0,0,5.23403e+1,2.05464e+0,1.67766e+1,0,0,0,0,1.22095e+2,1.16877e+0,1.53109e+1,2.19600e+0,0,0,0,0,0,4.67867e+0,6.06290e+1,0,0,0,0,0,0,3.58968e+2
"Southern_Africa","MWI","Malawi",2.26141e-3,9.92970e-5,6.80702e-4,7.19869e-5,7.68686e-2,1.71868e-5,0,0,1.86307e+1,2.94242e+1,1.20023e-2,0,0,0,0,0,0,0,0,0,0,0,0,0,0,0,0,0,0,0,0,0,0,4.32304e+1,1.48790e+0,3.62694e+0,0,0,0,0,2.34986e+1,1.02675e+0,0,0,0,0,0,0,0,1.54780e+0,3.19549e+1,0,0,0,0,0,0,1.54520e+2
"Southern_Africa","NAM","Namibia",1.31281e-3,0,2.21379e-4,9.62963e-4,1.54703e-1,0,4.10306e-3,0,3.20294e-1,2.95609e+0,0,0,0,0,0,0,0,0,0,0,0,0,0,0,0,0,0,0,0,0,0,0,0,1.16287e+2,2.89125e+0,0,0,0,0,0,1.28801e+1,5.64877e-2,0,0,0,0,0,0,0,1.61360e+0,4.25632e+0,0,0,0,0,0,0,1.41422e+2
"Southern_Africa","SWZ","Swaziland",1.16819e-3,8.58801e-5,3.41647e-3,4.36506e-5,5.74614e-2,1.27895e-4,0,0,2.35340e+0,1.89494e+0,1.12281e-2,0,0,0,0,0,0,0,0,0,0,0,0,0,0,0,0,0,0,0,0,0,0,3.04038e+1,7.39819e-1,6.39110e-2,0,0,0,0,0,9.79928e-2,0,0,0,0,0,0,0,6.87979e-1,1.49395e+1,0,0,0,0,0,0,5.12549e+1
"Southern_Africa","TZA","Tanzania_United Republic of",9.79711e-3,7.11756e-4,1.29372e-2,0,1.65421e-1,0,0,0,7.00790e+1,4.10631e+1,1.64232e-1,0,0,0,0,0,0,0,0,0,0,0,0,0,0,0,0,0,0,0,0,0,0,4.53887e+2,1.56038e+1,5.51232e+1,0,0,0,0,1.66342e+2,3.43291e+0,4.73749e+1,0,0,0,0,0,0,5.55933e+0,9.70029e+1,0,0,0,0,0,0,9.55821e+2
"Southern_Africa","ZAF","South Africa",9.72385e-1,8.37136e-2,6.28112e+0,6.90821e-3,6.57665e+0,2.35298e-2,0,0,6.26693e+1,1.03089e+3,7.46836e+0,0,0,0,0,0,5.44300e-2,2.02730e+0,0,0,0,0,0,0,0,0,0,0,0,0,0,0,0,8.00786e+2,2.00501e+1,2.07711e-1,0,0,0,0,6.79872e+0,2.58953e+0,2.77042e+0,9.46154e+1,0,0,0,0,0,1.54227e+2,1.81087e+2,0,0,0,0,0,0,2.38018e+3
"Southern_Africa","ZMB","Zambia",2.21063e-3,1.80033e-3,1.34267e-1,0,1.84439e-1,4.86505e-3,0,0,2.10451e+1,5.31221e+1,2.00802e-1,0,0,0,0,0,0,0,0,0,0,0,0,0,0,0,0,0,0,0,0,0,0,1.03028e+2,3.23010e+0,1.69364e+0,0,0,0,0,3.30792e+2,3.49450e-1,1.47485e+2,0,0,0,0,0,0,6.81694e+0,2.91615e+1,0,0,0,0,0,0,6.97252e+2
"Southern_Africa","ZWE","Zimbabwe",4.81309e-2,5.44284e-3,2.81772e-1,0,2.94352e-1,2.70446e-2,0,0,2.63974e+1,2.56877e+1,0,0,0,0,0,0,0,2.91630e-1,0,0,0,0,0,0,0,0,0,0,0,0,0,0,0,2.68078e+2,6.88334e+0,3.19555e-2,0,0,0,0,3.35688e+1,5.71326e-1,0,0,0,0,0,0,0,6.25229e+0,3.49305e+1,0,0,0,0,0,0,4.03349e+2
"OECD_Europe","AUT","Austria",5.88630e-1,6.38328e-2,8.94340e-1,5.02416e-4,3.91771e+0,9.89760e-3,2.34461e-3,2.55395e-3,5.66173e+1,1.41979e+1,3.69204e+1,0,0,0,0,0,1.05600e-1,3.10170e-1,0,0,0,0,0,0,0,0,0,0,0,0,0,0,0,1.80873e+2,5.95291e+1,0,0,0,0,0,0,5.51757e-1,0,1.61779e+0,0,0,0,0,0,9.60013e+1,3.95248e+1,3.23999e-3,9.74612e-1,0,0,0,0,4.92707e+2
"OECD_Europe","BEL","Belgium",4.61887e-1,1.06689e-1,1.11493e+0,2.30274e-4,5.92463e+0,1.30314e-2,4.19098e-2,0,2.08266e+1,5.28500e+1,6.67591e+1,0,0,0,0,0,1.47000e-4,9.53180e-1,0,0,0,0,0,0,0,0,0,0,0,0,0,0,0,2.20357e+2,7.88332e+1,0,0,0,0,0,0,3.67521e-1,0,3.63432e-1,0,0,0,0,0,6.80101e+1,7.03439e+1,3.85975e+0,7.07072e-1,0,0,0,0,5.91894e+2
"OECD_Europe","CHE","Switzerland",5.00849e-1,7.78602e-3,4.67337e-1,2.67956e-3,4.82694e+0,2.43253e-3,4.98230e-3,0,6.40502e+0,3.02563e-1,3.37630e+1,0,0,0,0,0,7.00366e-2,5.50000e-3,0,0,0,0,0,0,0,0,0,0,0,0,0,0,0,1.37132e+2,3.73153e+1,0,0,0,0,0,0,1.36494e-1,3.67286e+0,0,0,0,0,0,0,3.21348e+1,1.32789e+1,1.16495e-5,7.79092e-1,0,0,0,0,2.70809e+2
"OECD_Europe","DEU","Germany",6.19610e+0,6.91836e-1,7.82016e+0,2.43253e-2,4.69110e+1,1.89218e-1,1.82000e-1,0,2.12900e+2,1.22169e+3,3.07006e+2,0,0,0,0,0,5.14216e+0,2.79357e+0,0,0,0,0,0,0,0,0,0,0,0,0,0,0,0,1.53417e+3,4.97782e+2,0,0,0,0,0,0,4.17566e+0,0,2.26063e+0,0,0,0,0,0,1.59057e+3,1.75378e+2,0,0,0,0,0,0,5.61588e+3
"OECD_Europe","DNK","Denmark",8.98040e-1,4.13483e-2,4.33432e-1,1.71659e-3,2.96840e+0,1.92865e-2,1.54158e-1,3.76812e-4,9.62907e+0,2.59806e-1,1.27507e+1,0,0,0,0,0,0,0,0,0,0,0,0,0,0,0,0,0,0,0,0,0,0,1.71012e+2,8.69650e+1,0,0,0,0,0,0,8.67608e-1,0,0,0,0,0,0,0,7.77147e+1,8.33409e+0,0,4.88860e-1,0,0,0,0,3.72538e+2
"OECD_Europe","ESP","Spain",5.29330e-1,1.77887e-1,2.41113e+0,2.85121e-2,1.58361e+1,3.60504e-2,4.53389e-1,0,4.19758e+1,1.56550e+2,2.56340e+1,0,0,0,0,0,7.27115e-1,5.85130e-1,0,0,0,0,0,0,0,0,0,0,0,0,0,0,0,5.53046e+2,2.59386e+2,2.32733e+1,0,0,0,0,0,2.62623e+0,0,2.69448e+1,0,0,0,0,0,2.64891e+2,1.40695e+2,7.65030e-1,2.05354e+0,0,0,0,0,1.51862e+3
"OECD_Europe","FIN","Finland",1.37591e+0,2.23994e-2,3.75857e+0,2.57488e-3,3.51392e+0,1.25102e-2,2.60838e-2,0,9.74224e+0,2.38587e+0,2.32454e+0,0,0,0,0,0,7.17060e-2,3.79500e-1,0,0,0,0,0,0,0,0,0,0,0,0,0,0,0,9.74828e+1,2.68156e+1,0,0,0,0,0,0,3.04581e-1,6.50976e-1,8.88024e-2,0,0,0,0,0,1.34573e+2,1.66863e+2,0,4.07200e-1,0,0,0,0,4.50802e+2
"OECD_Europe","FRA","France",1.76451e+0,3.80294e-1,4.66317e+0,1.44444e-2,3.51079e+1,7.78412e-2,2.02515e-1,0,1.80313e+2,1.46738e+2,6.28799e+2,0,0,0,0,0,1.48784e+0,2.32947e+0,0,0,0,0,0,0,0,0,0,0,0,0,0,0,0,1.52151e+3,3.91591e+2,4.16530e+0,0,0,0,0,0,6.44248e+0,0,1.53226e+0,0,0,0,0,0,4.79667e+2,1.71164e+2,2.26924e+1,4.11340e+0,0,0,0,0,3.60476e+3
"OECD_Europe","FRO","Faroe Islands",0,0,0,0,0,0,0,0,0,0,0,0,0,0,0,0,0,0,0,0,0,0,0,0,0,0,0,0,0,0,0,0,0,6.00584e-1,2.46350e-2,0,0,0,0,0,0,1.19828e-5,0,0,0,0,0,0,0,8.36366e-1,4.09647e-2,3.07215e-2,4.06456e-3,0,0,0,0,1.53735e+0
"OECD_Europe","GBR","United Kingdom",1.53782e+0,8.51162e-1,4.06887e+0,5.30676e-2,4.08301e+1,1.26749e-1,3.21504e-1,0,1.26557e+2,8.47184e+2,7.18416e+2,0,0,0,0,0,2.00532e+0,1.03272e+0,0,0,0,0,0,0,0,0,0,0,0,0,0,0,0,1.13831e+3,2.17040e+2,0,0,0,0,0,0,2.45054e+0,0,1.52630e+0,0,0,0,0,0,2.50280e+3,1.14726e+2,7.37955e+0,6.74908e-1,0,0,0,0,5.72790e+3
"OECD_Europe","GIB","Gibraltar",0,0,0,0,2.60755e-2,0,0,0,0,0,0,0,0,0,0,0,0,0,0,0,0,0,0,0,0,0,0,0,0,0,0,0,0,0,0,0,0,0,0,0,0,0,0,0,0,0,0,0,0,1.63870e-1,2.52780e-2,8.06830e-3,1.22124e-3,0,0,0,0,2.24513e-1
"OECD_Europe","GRC","Greece",2.85390e-1,4.74501e-2,6.23526e-1,8.77133e-3,4.20805e+0,9.81387e-3,1.35401e-1,0,9.36425e+0,4.27916e+1,7.27343e+0,0,0,0,0,0,3.49800e-3,4.84000e-2,0,0,0,0,0,0,0,0,0,0,0,0,0,0,0,1.42611e+2,3.04939e+1,6.40816e+0,0,0,0,0,0,1.00845e+0,9.99264e-2,2.77488e+0,0,0,0,0,0,8.88624e+1,1.63540e+1,5.28837e-5,2.90516e-2,0,0,0,0,3.53441e+2
"OECD_Europe","GRL","Greenland",0,0,0,0,0,0,0,0,0,0,0,0,0,0,0,0,0,0,0,0,0,0,0,0,0,0,0,0,0,0,0,0,0,1.69600e-1,2.88778e-3,0,0,0,0,0,0,0,0,0,0,0,0,0,0,7.01423e-1,1.99388e-1,1.19141e-2,1.94519e-3,0,0,0,0,1.08716e+0
"OECD_Europe","IRL","Ireland",1.32418e-1,3.89511e-3,3.00911e-1,3.76812e-4,1.62958e+0,7.47133e-3,1.46538e-3,0,2.58972e+1,1.29733e+0,2.22616e+1,0,0,0,0,0,0,0,0,0,0,0,0,0,0,0,0,0,0,0,0,0,0,4.10664e+2,6.48640e+1,0,0,0,0,0,0,2.09842e-1,0,1.46585e-1,0,0,0,0,0,7.67893e+1,7.34326e+0,0,5.01076e-2,0,0,0,0,6.11599e+2
"OECD_Europe","ISL","Iceland",1.25604e-4,0,3.92513e-2,2.30274e-4,2.21325e-1,0,5.27537e-3,0,4.17843e-2,0,0,0,0,0,0,0,0,7.71100e-2,0,0,0,0,0,0,0,0,0,0,0,0,0,0,0,1.01627e+1,1.47451e+0,0,0,0,0,0,0,1.09289e-4,0,0,0,0,0,0,0,3.38641e+0,4.85479e-1,9.39185e-2,1.05126e-3,0,0,0,0,1.59893e+1
"OECD_Europe","ITA","Italy",1.52525e+0,3.09715e-1,2.72523e+0,5.65218e-3,3.25147e+1,3.61404e-2,1.69105e-1,4.58454e-2,1.93996e+1,1.33595e+1,3.17913e+2,0,0,0,0,0,6.85184e-1,1.14565e+0,0,0,0,0,0,0,0,0,0,0,0,0,0,0,0,6.77530e+2,2.59948e+2,5.76734e+1,0,0,0,0,0,4.13281e+0,6.25776e-1,7.87920e+0,0,0,0,0,0,6.62606e+2,1.37601e+2,9.04932e+0,1.55502e-3,0,0,0,0,2.20688e+3
"OECD_Europe","LUX","Luxembourg",4.04027e-2,0,1.85532e-1,0,6.09438e-1,1.21627e-3,0,0,1.85092e-1,0,3.56030e+0,0,0,0,0,0,0,3.20040e-1,0,0,0,0,0,0,0,0,0,0,0,0,0,0,0,1.43807e+1,2.20965e+1,0,0,0,0,0,0,2.11426e-2,0,3.50328e-1,0,0,0,0,0,3.09670e+0,4.01052e-1,0,0,0,0,0,0,4.52484e+1
"OECD_Europe","NLD","Netherlands",1.01179e+0,2.73633e-1,6.97757e-1,3.20290e-3,8.27044e+0,2.25878e-3,1.66760e-1,0,8.52446e+0,3.74998e+0,2.40287e+2,0,0,0,0,0,2.86008e+0,2.74470e-1,0,0,0,0,0,0,0,0,0,0,0,0,0,0,0,3.56149e+2,1.76397e+2,0,0,0,0,0,0,2.66861e-1,0,2.36501e-2,0,0,0,0,0,5.23113e+2,4.18400e+1,0,0,0,0,0,0,1.36391e+3
"OECD_Europe","NOR","Norway",1.65923e-1,2.44175e-1,9.36034e-1,1.77939e-3,3.12064e+0,5.21257e-3,2.29772e-1,0,8.22775e+0,5.04534e+0,2.22475e+2,0,0,0,0,0,2.20103e+0,1.15041e+0,0,0,0,0,0,0,0,0,0,0,0,0,0,0,0,8.57700e+1,1.70275e+1,0,0,0,0,0,0,1.05699e-1,0,0,0,0,0,0,0,2.15681e+2,4.28640e+1,3.29491e+0,1.93573e-1,0,0,0,0,6.08740e+2
"OECD_Europe","PRT","Portugal",2.23055e-1,2.51623e-2,1.13941e+0,1.25604e-3,2.95292e+0,1.09464e-2,1.58261e-2,0,6.48203e+0,3.99828e+0,3.65526e+0,0,0,0,0,0,7.57770e-2,5.08900e-2,0,0,0,0,0,0,0,0,0,0,0,0,0,0,0,1.36778e+2,5.32517e+1,9.78701e+0,0,0,0,0,0,2.91307e-1,0,3.08352e+0,0,0,0,0,0,1.64372e+2,4.86845e+1,2.45027e-2,1.78800e-1,0,0,0,0,4.35082e+2
"OECD_Europe","SWE","Sweden",1.17617e+0,2.66510e-2,5.23090e+0,1.04879e-2,6.64927e+0,1.04251e-2,6.41836e-2,3.64251e-3,1.83566e+1,1.89600e+0,1.32282e+1,0,0,0,0,0,2.01357e-1,2.78440e-1,0,0,0,0,0,0,0,0,0,0,0,0,0,0,0,1.18874e+2,3.64515e+1,0,0,0,0,0,0,5.01620e-1,6.55296e-1,2.60856e-1,0,0,0,0,0,1.22790e+2,2.06008e+2,8.80992e-3,2.06359e-1,0,0,0,0,5.32889e+2
"Central Europe","ALB","Albania",4.27054e-3,5.19163e-3,8.59550e-2,0,2.72562e-1,0,0,0,1.67849e+1,7.45889e+0,1.73039e+1,0,0,0,0,0,0,5.06000e-2,0,0,0,0,0,0,0,0,0,0,0,0,0,0,0,6.21765e+1,1.00332e+1,9.32096e-1,0,0,0,0,0,3.20085e-1,0,7.40904e-1,0,0,0,0,0,2.87379e+0,5.04969e+0,1.82729e-2,1.08424e-3,0,0,0,0,1.24112e+2
"Central Europe","BGR","Bulgaria",3.53684e-1,1.92929e-2,1.16261e+0,0,2.29213e+0,0,0,0,1.97252e+1,3.98648e+1,6.63934e+0,0,0,0,0,0,1.46768e-1,2.10690e-1,0,0,0,0,0,0,0,0,0,0,0,0,0,0,0,2.26398e+2,4.14951e+1,4.10705e+0,0,0,0,0,0,2.30292e+0,0,1.70405e+0,0,0,0,0,0,3.45329e+2,4.61403e+1,0,0,0,0,0,0,7.37891e+2
"Central Europe","BIH","Bosnia and Herzegovina",1.64052e-1,0,1.05667e-1,0,6.08406e-1,0,0,0,1.39237e+1,9.42991e+1,6.43971e+0,0,0,0,0,0,8.05500e-5,3.24455e-2,0,0,0,0,0,0,0,0,0,0,0,0,0,0,0,6.72305e+1,1.15768e+1,0,0,0,0,0,0,3.57200e-1,0,0,0,0,0,0,0,3.74462e+0,6.81400e+0,2.19177e-2,1.58963e-3,0,0,0,0,2.05320e+2
"Central Europe","CYP","Cyprus",0,1.43745e-3,5.64800e-2,0,2.39532e-1,0,0,0,1.25813e-1,9.32200e-2,1.92585e-1,0,0,0,0,0,0,0,0,0,0,0,0,0,0,0,0,0,0,0,0,0,0,7.23481e+0,2.91414e+0,0,0,0,0,0,0,1.64737e-2,0,0,0,0,0,0,0,5.48432e+0,3.38912e+0,0,0,0,0,0,0,1.97479e+1
"Central Europe","CZE","Czech Republic",5.75300e-1,4.32079e-2,5.39185e+0,0,1.96583e+0,4.89856e-3,0,0,1.29480e+2,2.45756e+2,1.51652e+1,0,0,0,0,0,3.36290e-1,5.69030e-1,0,0,0,0,0,0,0,0,0,0,0,0,0,0,0,3.52865e+2,5.58752e+1,0,0,0,0,0,0,2.05016e+0,0,4.61232e+0,0,0,0,0,0,7.37966e+1,5.35438e+1,0,7.46940e-2,0,0,0,0,9.42105e+2
"Central Europe","EST","Estonia",2.83332e-1,0,5.56143e-1,0,5.66984e-1,1.29361e-1,4.98081e-3,0,6.81110e+0,2.18111e+1,1.17664e+1,0,0,0,0,0,0,0,0,0,0,0,0,0,0,0,0,0,0,0,0,0,0,6.57499e+1,1.09822e+1,2.56326e+0,0,0,0,0,0,2.16887e-1,0,0,0,0,0,0,0,1.62350e+1,7.93964e+0,0,0,0,0,0,0,1.45616e+2
"Central Europe","HRV","Croatia",1.88232e-1,1.37899e-1,1.42768e-1,0,1.08876e+0,2.09340e-4,0,0,1.06548e+1,5.89679e+0,4.62929e+1,0,0,0,0,0,2.44559e-2,7.61713e-1,0,0,0,0,0,0,0,0,0,0,0,0,0,0,0,7.15120e+1,1.50002e+1,0,0,0,0,0,0,7.35640e-1,0,9.97416e-1,0,0,0,0,0,1.71325e+1,1.97336e+1,0,0,0,0,0,0,1.90300e+2
"Central Europe","HUN","Hungary",3.61775e-1,3.85508e-2,5.20949e-1,0,2.57914e+0,3.65298e-2,3.13591e-2,0,4.45096e+1,3.76953e+1,4.27839e+1,0,0,0,0,0,8.72880e-2,2.13350e-1,0,0,0,0,0,0,0,0,0,0,0,0,0,0,0,2.02631e+2,5.86069e+1,3.81577e+0,0,0,0,0,0,4.26304e+0,0,1.49297e+0,0,0,0,0,0,7.62032e+1,4.24548e+1,0,0,0,0,0,0,5.18325e+2
"Central Europe","LTU","Lithuania",8.08021e-2,2.69763e-2,5.02194e+0,0,1.17698e+0,2.99767e-2,3.55772e-3,0,1.30666e+1,1.77276e-2,3.27497e+1,0,0,0,0,0,9.81251e-2,0,0,0,0,0,0,0,0,0,0,0,0,0,0,0,0,1.95865e+2,3.14659e+1,0,0,0,0,0,0,7.56342e-1,0,1.24025e+0,0,0,0,0,0,3.44180e+1,1.34961e+1,7.29294e-4,0,0,0,0,0,3.29514e+2
"Central Europe","LVA","Latvia",5.46517e-2,0,1.53137e+0,0,9.70328e-1,4.48370e-2,1.36583e-2,0,2.19979e+1,7.07524e-2,2.43210e+1,0,0,0,0,0,0,0,0,0,0,0,0,0,0,0,0,0,0,0,0,0,0,1.32542e+2,1.88271e+1,0,0,0,0,0,0,4.11656e-1,0,1.92727e-1,0,0,0,0,0,1.84916e+1,7.41626e+0,0,0,0,0,0,0,2.26886e+2
"Central Europe","MKD","Macedonia, the former Yugoslav Republic of",5.80551e-2,0,1.49914e-2,0,2.47261e-1,0,0,0,6.34175e+0,7.07188e+0,3.59434e-1,0,0,0,0,0,1.41725e-1,1.50148e+0,0,0,0,0,0,0,0,0,0,0,0,0,0,0,0,4.54085e+1,4.95862e+0,2.51666e+0,0,0,0,0,0,2.29113e-1,0,5.39352e-1,0,0,0,0,0,3.88497e+0,5.76282e+0,2.41364e-2,1.20627e-3,0,0,0,0,7.90619e+1
"Central Europe","MLT","Malta",5.16593e-3,0,0,0,1.08162e-1,0,0,0,1.02577e-2,0,0,0,0,0,0,0,0,0,0,0,0,0,0,0,0,0,0,0,0,0,0,0,0,1.51062e+0,7.43189e-1,0,0,0,0,0,0,1.26858e-3,0,0,0,0,0,0,0,5.28941e+0,4.24626e-1,0,0,0,0,0,0,8.09270e+0
"Central Europe","POL","Poland",2.20892e+0,4.24129e-1,3.57428e+0,0,5.64980e+0,1.25351e-1,3.13591e-2,0,3.28574e+2,4.25042e+3,1.66462e+2,0,0,0,0,0,5.55300e-1,1.23345e+0,0,0,0,0,0,0,0,0,0,0,0,0,0,0,0,9.29491e+2,1.67461e+2,0,0,0,0,0,0,6.69276e+0,0,3.16368e+0,0,0,0,0,0,3.17192e+2,1.38752e+2,2.75985e-1,8.48792e-2,0,0,0,0,6.32237e+3
"Central Europe","ROU","Romania",7.93469e-1,6.55988e-2,1.94950e+0,0,2.50104e+0,0,0,0,6.63009e+1,1.21938e+2,8.22406e+2,0,0,0,0,0,1.46866e+0,1.20975e+0,0,0,0,0,0,0,0,0,0,0,0,0,0,0,0,6.43295e+2,1.40926e+2,1.42727e+1,0,0,0,0,0,5.81456e+0,0,0,0,0,0,0,0,8.70737e+1,9.28210e+1,1.58591e-2,0,0,0,0,0,2.00285e+3
"Central Europe","SCG","Serbia and Montenegro",3.63568e-1,0,3.03928e-1,0,1.17052e+0,0,0,0,4.36995e+1,6.52364e+1,9.73594e+1,0,0,0,0,0,6.14756e-2,2.64390e-1,0,0,0,0,0,0,0,0,0,0,0,0,0,0,0,2.50705e+2,5.36587e+1,0,0,0,0,0,0,2.36090e+0,0,0,0,0,0,0,0,1.16282e+1,4.42830e+1,7.05371e-2,3.44198e-3,0,0,0,0,5.71169e+2
"Central Europe","SVK","Slovakia",1.22663e-1,3.07386e-2,7.69199e-1,0,7.75087e-1,0,0,0,8.49056e+0,7.99684e+0,3.90142e+1,0,0,0,0,0,1.28431e-1,4.70650e-1,0,0,0,0,0,0,0,0,0,0,0,0,0,0,0,1.51693e+2,2.97073e+1,0,0,0,0,0,0,2.00742e+0,0,4.39080e-1,0,0,0,0,0,2.37504e+1,3.92616e+1,0,6.31468e-2,0,0,0,0,3.04720e+2
"Central Europe","SVN","Slovenia",3.71506e-2,4.37756e-3,3.53358e-2,0,1.16079e+0,0,0,0,6.90755e+0,2.60397e+1,1.92079e+0,0,0,0,0,0,3.62645e-1,2.08959e-1,0,0,0,0,0,0,0,0,0,0,0,0,0,0,0,5.84796e+1,1.12660e+1,0,0,0,0,0,0,1.47319e-1,0,0,0,0,0,0,0,1.85414e+1,1.08944e+1,0,9.63552e-7,0,0,0,0,1.36006e+2
"Turkey","TUR","Turkey",2.84607e-1,6.94515e-2,1.01454e+0,5.56844e-3,4.02564e+0,4.87134e-2,8.49921e-2,0,1.68127e+2,1.65942e+2,2.14045e+1,0,0,0,0,0,9.87322e-2,3.63040e-1,0,0,0,0,0,0,0,0,0,0,0,0,0,0,0,9.91529e+2,1.63442e+2,2.11405e+1,0,0,0,0,0,3.25650e+1,0,1.36877e+0,0,0,0,0,0,2.24122e+2,2.68918e+2,0,1.65234e-1,0,0,0,0,2.06472e+3
"Ukraine +","BLR","Belarus",1.90791e-1,5.79835e-2,2.02221e+0,0,1.72561e+0,1.34446e-1,2.27695e-2,6.03975e-4,9.45244e+0,8.64892e-2,2.11773e+1,0,0,0,0,0,4.80150e-2,0,0,0,0,0,0,0,0,0,0,0,0,0,0,0,0,5.82062e+2,8.13618e+1,0,0,0,0,0,0,2.15424e+0,0,3.53496e-2,0,0,0,0,0,1.10691e+2,3.28661e+1,0,1.77060e-2,0,0,0,0,8.44107e+2
"Ukraine +","MDA","Moldova, Republic of",1.06745e-1,0,5.84261e-1,0,8.27428e-1,0,0,0,7.19783e+0,5.18240e-3,1.96207e+1,0,0,0,0,0,0,0,0,0,0,0,0,0,0,0,0,0,0,0,0,0,0,9.32863e+1,8.41565e+0,0,0,0,0,0,0,8.25260e-1,0,7.17192e-2,0,0,0,0,0,4.76683e+0,1.66850e+1,3.37279e-2,1.12431e-3,0,0,0,0,1.52428e+2
"Ukraine +","UKR","Ukraine",1.86357e+0,5.64020e-1,3.04481e+0,0,7.12102e+0,2.05225e-1,0,7.21752e-2,9.02890e+1,7.61794e+2,1.28203e+3,0,0,0,0,0,1.74799e+0,6.08971e+0,0,0,0,0,0,0,0,0,0,0,0,0,0,0,0,2.18153e+3,3.31817e+2,1.06117e+1,0,0,0,0,0,1.37810e+1,0,1.47019e+0,0,0,0,0,0,2.65700e+2,1.65562e+2,0,6.83952e-2,0,0,0,0,5.12537e+3
"Asia-Stan","KAZ","Kazakhstan",6.04013e-1,1.86834e-1,2.14281e-1,0,2.07164e+0,1.19394e-1,4.98081e-3,0,4.70728e+0,1.08751e+3,5.00656e+2,0,0,0,0,0,3.25050e-2,2.28054e+0,0,0,0,0,0,0,0,0,0,0,0,0,0,0,0,1.09265e+3,7.45687e+1,3.70648e+1,0,0,0,0,0,1.04894e+1,2.99002e+1,1.69930e+2,0,0,0,0,0,9.14729e+1,5.43091e+1,0,7.15904e-2,0,0,0,0,3.15884e+3
"Asia-Stan","KGZ","Kyrgyzstan",3.52966e-2,0,2.07883e-1,0,7.88286e-1,0,0,0,1.88406e-1,2.50596e+1,6.54450e+0,0,0,0,0,0,0,0,0,0,0,0,0,0,0,0,0,0,0,0,0,0,0,1.92072e+2,9.05576e+0,6.02680e-1,0,0,0,0,0,5.20415e-1,1.21546e-1,7.02504e+0,0,0,0,0,0,4.99936e+0,2.33009e+1,0,9.80716e-3,0,0,0,0,2.70531e+2
"Asia-Stan","TJK","Tajikistan",1.77350e-2,0,0,0,7.05913e-1,0,0,0,0,9.02350e+0,1.59225e+1,0,0,0,0,0,0,0,0,0,0,0,0,0,0,0,0,0,0,0,0,0,0,1.22317e+2,1.05138e+1,3.16407e+0,0,0,0,0,0,1.26010e-1,0,5.88312e-2,0,0,0,0,0,5.33780e+0,2.26846e+1,0,7.30140e-3,0,0,0,0,1.89879e+2
"Asia-Stan","TKM","Turkmenistan",1.16432e-1,1.45532e-1,0,0,7.08478e-1,0,0,0,0,0,1.21579e+3,0,0,0,0,0,5.46000e-4,0,0,0,0,0,0,0,0,0,0,0,0,0,0,0,0,1.14109e+2,1.14535e+1,8.88953e+0,0,0,0,0,0,2.97671e-1,2.89723e-2,2.30890e-1,0,0,0,0,0,7.00440e+0,2.03937e+1,0,1.57922e-2,0,0,0,0,1.37918e+3
"Asia-Stan","UZB","Uzbekistan",4.32020e-1,1.26047e-1,0,0,1.99886e+0,0,0,0,0,9.57319e+0,7.65202e+2,0,0,0,0,0,0,0,0,0,0,0,0,0,0,0,0,0,0,0,0,0,0,5.25686e+2,4.38512e+1,5.75560e+1,0,0,0,0,0,8.44385e-1,2.81986e-2,1.03032e+0,0,0,0,0,0,2.10870e+1,9.87194e+1,0,5.31576e-2,0,0,0,0,1.52619e+3
"Russia +","ARM","Armenia",2.23250e-2,0,5.78063e-3,0,6.40322e-1,0,0,0,6.63618e-1,0,4.29102e+1,0,0,0,0,0,0,0,0,0,0,0,0,0,0,0,0,0,0,0,0,0,0,5.17418e+1,7.57546e+0,0,0,0,0,0,0,1.04544e-1,0,4.99584e-2,0,0,0,0,0,9.27554e+0,5.63185e+0,0,1.28860e-2,0,0,0,0,1.18634e+2
"Russia +","AZE","Azerbaijan",1.20425e-1,4.44167e-2,2.08337e-1,0,1.66300e+0,0,0,0,1.35690e+0,0,2.67967e+2,0,0,0,0,0,4.27770e-2,0,0,0,0,0,0,0,0,0,0,0,0,0,0,0,0,1.73028e+2,2.45079e+1,4.35246e-1,0,0,0,0,0,4.47340e-1,0,5.09352e-2,0,0,0,0,0,1.83092e+1,4.54302e+1,0,2.65739e-2,0,0,0,0,5.33639e+2
"Russia +","GEO","Georgia",5.74183e-2,0,2.37839e-1,0,4.67834e-1,2.79068e-1,0,0,1.63824e+1,9.87706e+0,5.72776e+1,0,0,0,0,0,0,2.65515e-1,0,0,0,0,0,0,0,0,0,0,0,0,0,0,0,1.04497e+2,1.94582e+1,0,0,0,0,0,0,1.94214e-1,0,1.49743e-1,0,0,0,0,0,1.85996e+1,1.43918e+1,0,1.48962e-2,0,0,0,0,2.42150e+2
"Russia +","RUS","Russian Federation",1.01724e+1,1.08043e+0,1.63632e+1,0,4.81640e+1,1.82855e+0,2.88111e+0,5.57627e-1,3.24982e+2,3.27859e+3,1.57764e+4,0,0,0,0,0,8.00175e+0,6.52325e+0,0,0,0,0,0,0,0,0,0,0,0,0,0,0,0,5.27159e+3,8.44971e+2,1.15651e+2,0,0,0,0,0,3.78011e+1,9.22224e+1,3.48168e+2,0,0,0,0,0,1.12990e+3,1.26168e+3,0,0,0,0,0,0,2.85776e+4
"Middle_East","ARE","United Arab Emirates",4.86963e-1,3.61738e-2,5.07022e-1,0,1.70415e+0,0,0,0,6.72353e-2,1.50353e-1,5.44107e+2,0,0,0,0,0,0,0,0,0,0,0,0,0,0,0,0,0,0,0,0,0,0,1.06772e+1,6.29072e-1,0,0,0,0,0,0,6.70629e-4,0,0,0,0,0,0,0,9.55586e+0,7.55868e+0,0,3.95583e-2,0,0,0,0,5.75520e+2
"Middle_East","BHR","Bahrain",2.25756e-1,1.44331e-1,7.42319e-2,0,2.59574e-1,0,0,0,1.19324e-2,1.00804e-2,7.18905e+1,0,0,0,0,0,7.09665e-1,0,0,0,0,0,0,0,0,0,0,0,0,0,0,0,0,7.91606e-1,2.70108e-2,0,0,0,0,0,0,8.61608e-6,0,0,0,0,0,0,0,2.63657e+0,3.55887e+0,0,7.69348e-3,0,0,0,0,8.03479e+1
"Middle_East","IRN","Iran, Islamic Republic of",4.97309e-1,1.01490e-1,1.33655e+0,0,9.00379e+0,0,0,0,1.12609e+1,2.37356e+1,7.27875e+2,0,0,0,0,0,3.54366e-3,0,0,0,0,0,0,0,0,0,0,0,0,0,0,0,0,5.89121e+2,2.42866e+1,1.34539e+2,0,0,0,0,0,0,0,8.41536e-3,0,0,0,0,0,1.03799e+2,2.43903e+2,0,4.01052e-1,0,0,0,0,1.86987e+3
"Middle_East","IRQ","Iraq",5.14978e-2,7.12358e-2,2.86084e-1,0,4.24274e+0,0,0,0,7.10500e-1,1.11864e+0,8.30025e+2,0,0,0,0,0,3.43200e-2,0,0,0,0,0,0,0,0,0,0,0,0,0,0,0,0,1.23470e+2,6.42965e+0,1.45486e+1,0,0,0,0,0,1.64864e+0,0,9.08832e-1,0,0,0,0,0,6.43058e+1,6.55026e+1,0,8.89896e-2,0,0,0,0,1.11344e+3
"Middle_East","ISR","Israel",6.34267e-2,2.82457e-2,1.70403e-1,0,1.57391e+0,1.91127e-3,0,0,4.09888e-1,0,2.74506e+0,0,0,0,0,0,1.40525e-1,0,0,0,0,0,0,0,0,0,0,0,0,0,0,0,0,3.29235e+1,1.81336e+0,0,0,0,0,0,0,1.82458e-1,0,0,0,0,0,0,0,2.88952e+1,1.78513e+1,0,8.32088e-2,0,0,0,0,8.68824e+1
"Middle_East","JOR","Jordan",8.91113e-3,1.07410e-2,4.65992e-2,0,6.19314e-1,0,0,0,2.62278e-1,1.04760e+0,1.08850e+0,0,0,0,0,0,0,0,0,0,0,0,0,0,0,0,0,0,0,0,0,0,0,1.14009e+1,7.06424e-1,0,0,0,0,0,0,9.17723e-2,0,0,0,0,0,0,0,7.33180e+0,1.17159e+1,0,3.03340e-2,0,0,0,0,3.43611e+1
"Middle_East","KWT","Kuwait",1.87178e-1,1.18941e-1,1.48966e-1,0,1.52983e+0,0,0,0,6.19857e-1,2.10772e-1,3.14725e+2,0,0,0,0,0,1.15500e-1,0,0,0,0,0,0,0,0,0,0,0,0,0,0,0,0,3.38097e+0,1.02432e-1,0,0,0,0,0,0,1.76439e-3,0,0,0,0,0,0,0,1.29856e+1,1.23006e+1,0,2.96040e-2,0,0,0,0,3.46457e+2
"Middle_East","LBN","Lebanon",0,1.66317e-3,8.03865e-3,0,6.01544e-1,0,0,0,1.28885e+0,1.11864e+0,7.64663e-1,0,0,0,0,0,0,0,0,0,0,0,0,0,0,0,0,0,0,0,0,0,0,6.21666e+0,7.47734e-1,0,0,0,0,0,0,6.54670e-2,0,0,0,0,0,0,0,9.37000e+0,1.15783e+1,0,2.34831e-2,0,0,0,0,3.17850e+1
"Middle_East","OMN","Oman",1.85113e-1,1.15556e-2,9.46216e-3,0,5.51283e-1,0,0,0,2.44021e-1,1.52976e-1,2.41275e+2,0,0,0,0,0,0,0,0,0,0,0,0,0,0,0,0,0,0,0,0,0,0,1.34348e+1,5.92446e-1,0,0,0,0,0,0,2.89386e-3,0,0,0,0,0,0,0,3.25800e+0,6.70617e+0,0,2.19393e-2,0,0,0,0,2.66446e+2
"Middle_East","QAT","Qatar",3.83288e-1,1.03302e-1,5.65218e-2,1.90500e-3,3.48959e-1,0,0,0,4.81063e-2,5.59320e-3,1.81585e+2,0,0,0,0,0,8.46450e-2,0,0,0,0,0,0,0,0,0,0,0,0,0,0,0,0,2.54069e+0,1.60774e-1,0,0,0,0,0,0,1.58237e-3,0,0,0,0,0,0,0,3.02392e+0,6.72538e+0,0,9.41428e-3,0,0,0,0,1.95080e+2
"Middle_East","SAU","Saudi Arabia",2.58557e+0,8.59858e-1,5.57808e-1,1.05336e-2,8.97760e+0,0,0,0,2.53930e-1,4.43917e-1,1.25443e+3,0,0,0,0,0,3.35055e+0,0,0,0,0,0,0,0,0,0,0,0,0,0,0,0,0,7.75143e+1,4.13814e+0,0,0,0,0,0,0,2.41621e+0,0,0,0,0,0,0,0,6.37880e+1,6.37887e+1,0,2.19213e-1,0,0,0,0,1.48334e+3
"Middle_East","SYR","Syrian Arab Republic",2.67829e-2,2.79756e-2,2.19304e-1,0,1.67488e+0,0,0,0,5.67706e+0,9.32200e-2,1.57173e+2,0,0,0,0,0,0,0,0,0,0,0,0,0,0,0,0,0,0,0,0,0,0,1.10106e+2,3.90520e+0,5.76182e-3,0,0,0,0,0,2.94655e+0,0,1.32211e-1,0,0,0,0,0,1.87206e+1,4.05044e+1,0,5.97348e-2,0,0,0,0,3.41272e+2
"Middle_East","YEM","Yemen",1.45165e-2,7.11007e-3,0,0,9.85098e-1,0,0,0,2.63895e+0,4.56778e+0,1.94912e+1,0,0,0,0,0,0,0,0,0,0,0,0,0,0,0,0,0,0,0,0,0,0,8.06918e+1,3.79912e+0,0,0,0,0,0,0,6.92121e-1,0,0,0,0,0,0,0,3.62803e+0,3.99277e+1,0,1.91314e-2,0,0,0,0,1.56463e+2
"India +","AFG","Afghanistan",3.57422e-3,0,7.39073e-2,2.01423e-4,4.14983e-1,0,5.40601e-3,0,7.17044e+0,1.49798e+1,3.05216e+1,0,0,0,0,0,0,0,0,0,0,0,0,0,0,0,0,0,0,0,0,0,0,1.81039e+2,9.47314e+0,4.96414e+1,0,0,0,0,0,4.89796e-1,0,0,0,0,0,0,0,6.76756e+0,7.65501e+1,0,2.48937e-2,0,0,0,0,3.77156e+2
"India +","BGD","Bangladesh",1.05082e-1,3.40737e-3,7.43157e-2,0,2.45194e-1,9.20885e-3,3.22384e-2,0,1.58040e+2,2.30549e+1,7.64473e+1,0,0,0,0,0,0,0,0,0,0,0,0,0,0,0,0,0,0,0,0,0,0,6.89240e+2,6.53915e+1,2.53286e+3,0,0,0,0,2.44224e-1,1.09748e+1,1.83831e+1,0,0,0,0,0,0,8.03220e+1,4.41409e+2,0,0,0,0,0,0,4.09683e+3
"India +","BTN","Bhutan",9.18627e-5,0,8.37982e-3,1.16958e-4,5.89287e-3,0,1.22836e-4,0,1.36476e+1,6.08190e-1,0,0,0,0,0,0,0,0,0,0,0,0,0,0,0,0,0,0,0,0,0,0,0,1.34391e+1,1.34226e+0,7.17042e+0,0,0,0,0,0,1.83791e-1,0,0,0,0,0,0,0,2.88539e-1,5.96687e+0,0,8.59808e-4,0,0,0,0,4.26622e+1
"India +","IND","India",1.87842e+0,3.52550e-1,1.10383e+1,0,1.29970e+1,5.01118e-1,1.55623e-1,1.88406e-3,1.62219e+3,2.08935e+3,3.38865e+2,0,0,0,0,0,3.18682e-1,1.09712e+0,0,0,0,0,0,0,0,0,0,0,0,0,0,0,0,1.13368e+4,9.85757e+2,4.52692e+3,0,0,0,0,2.55288e+1,2.00850e+2,6.98496e+1,5.11128e-1,0,0,0,0,0,5.02300e+2,2.97328e+3,0,6.23696e+0,4.50000e+1,0,0,0,2.47518e+4
"India +","IOT","British Indian Ocean Territory",0,0,0,0,0,0,0,0,0,0,0,0,0,0,0,0,0,0,0,0,0,0,0,0,0,0,0,0,0,0,0,0,0,0,0,0,0,0,0,0,0,0,0,0,0,0,0,0,0,0,0,0,0,0,0,0,0,0,
"India +","LKA","Sri Lanka",3.56465e-3,4.16001e-3,6.40789e-1,2.23994e-3,5.03772e-1,4.51757e-3,0,0,2.55884e+1,1.39830e+0,4.75288e-1,0,0,0,0,0,0,0,0,0,0,0,0,0,0,0,0,0,0,0,0,0,0,1.20632e+2,1.02306e+1,2.83087e+2,0,0,0,0,1.57243e-1,2.58138e-1,1.65532e+0,0,0,0,0,0,0,2.79285e+1,7.81183e+1,0,0,0,0,0,0,5.50687e+2
"India +","MDV","Maldives",3.63259e-4,0,1.21122e-3,2.52899e-5,6.48522e-3,0,4.63449e-4,0,9.83642e-3,4.53144e-2,0,0,0,0,0,0,0,0,0,0,0,0,0,0,0,0,0,0,0,0,0,0,0,0,0,0,0,0,0,0,0,8.21730e-3,0,0,0,0,0,0,0,3.47021e-1,7.04793e-1,0,6.79788e-4,0,0,0,0,1.12441e+0
"India +","NPL","Nepal",8.79228e-4,0,5.99969e-2,0,6.42635e-2,0,0,0,5.64051e+1,4.40883e+0,0,0,0,0,0,0,0,0,0,0,0,0,0,0,0,0,0,0,0,0,0,0,0,3.69014e+2,3.15591e+1,4.20605e+2,0,0,0,0,7.83168e-1,7.84005e+0,3.49683e-1,0,0,0,0,0,0,2.17745e+0,7.56095e+1,0,0,0,0,0,0,9.68877e+2
"India +","PAK","Pakistan",2.80352e-1,1.20929e-2,7.89338e-1,0,2.82526e+0,4.48281e-2,0,1.25604e-4,1.25385e+2,4.28557e+1,5.38933e+2,0,0,0,0,0,0,0,0,0,0,0,0,0,0,0,0,0,0,0,0,0,0,2.00938e+3,1.46333e+2,8.15078e+2,0,0,0,0,1.24584e+0,6.89957e+0,8.29124e-2,9.33528e-2,0,0,0,0,0,7.55214e+1,4.05229e+2,0,2.93167e-1,0,0,0,0,4.17128e+3
"Korea","KOR","Korea, Republic of",2.80166e-1,1.45350e-1,2.03045e+0,1.23720e-2,5.88254e+0,4.76080e-2,4.03859e-1,0,1.45024e+2,3.49451e+2,1.91676e+1,0,0,0,0,0,2.56177e-1,1.49265e+0,0,0,0,0,0,0,0,0,0,0,0,0,0,0,0,1.69979e+2,1.41258e+1,5.50058e+2,0,0,0,0,0,5.45919e-1,0,3.10896e-1,0,0,0,0,0,7.36699e+1,2.56126e+2,0,0,0,0,0,0,1.58901e+3
"Korea","PRK","Korea, Democratic People's Republic of",1.82013e-1,1.77520e-3,7.65744e+0,0,1.05376e+0,0,0,0,7.81940e+1,5.35288e+2,4.82598e-1,0,0,0,0,0,0,1.10000e-1,0,0,0,0,0,0,0,0,0,0,0,0,0,0,0,7.80574e+1,1.25109e+1,2.01464e+2,0,0,0,0,0,4.58479e+0,0,3.62088e+1,0,0,0,0,0,2.69767e+1,9.54408e+1,1.71976e-1,0,0,0,0,0,1.07838e+3
"China +","CHN","China",4.12487e+0,1.62089e+0,7.41744e+1,1.53028e-2,1.99251e+1,8.98655e-1,0,9.98551e-1,4.92086e+3,9.57291e+3,8.84449e+2,0,0,0,0,0,4.85774e+0,8.02006e+0,0,0,0,0,0,0,0,0,0,0,0,0,0,0,0,6.36440e+3,1.01362e+3,1.66306e+4,0,0,0,0,5.88000e+0,1.24578e+1,1.29712e+1,6.55920e+1,0,0,0,0,0,9.05339e+2,5.18666e+3,7.00304e+0,7.85212e-1,9.00000e+1,0,0,0,4.57882e+4
"China +","HKG","Hong Kong",1.56352e-1,0,1.60982e-1,0,5.35093e-1,0,0,0,2.64396e-1,0,2.80967e+0,0,0,0,0,0,0,0,0,0,0,0,0,0,0,0,0,0,0,0,0,0,0,0,0,0,0,0,0,0,0,0,0,0,0,0,0,0,0,3.56795e+1,2.58526e+1,1.82573e-1,0,0,0,0,0,6.56411e+1
"China +","MAC","Macao",4.53259e-4,0,3.02308e-3,2.49075e-4,2.59965e-2,0,1.27055e-3,0,2.52368e-2,0,0,0,0,0,0,0,0,0,0,0,0,0,0,0,0,0,0,0,0,0,0,0,0,0,0,0,0,0,0,0,0,0,0,0,0,0,0,0,0,2.08454e+0,1.46429e+0,1.07758e-2,0,0,0,0,0,3.61584e+0
"China +","MNG","Mongolia",7.01486e-2,0,1.94539e-1,1.34969e-3,6.62781e-1,6.28020e-3,7.64799e-3,0,1.20506e+1,1.85236e+1,0,0,0,0,0,0,0,0,0,0,0,0,0,0,0,0,0,0,0,0,0,0,0,2.71760e+2,1.31871e+1,0,0,0,0,0,0,8.82609e-2,4.48267e-1,3.77544e+1,0,0,0,0,0,1.94442e+0,8.52121e+0,1.53485e-2,0,0,0,0,0,3.65236e+2
"China +","TWN","Taiwan_Province of China",1.68640e-1,9.29384e-2,1.93443e+0,1.58840e-3,5.98108e+0,7.99260e-3,5.86152e-2,0,1.21029e+0,2.08285e+1,2.54426e+1,0,0,0,0,0,4.02930e-1,6.54490e-1,0,0,0,0,0,0,0,0,0,0,0,0,0,0,0,2.01433e+1,4.42084e+1,0,0,0,0,0,0,0,0,0,0,0,0,0,0,7.29809e+1,1.00016e+2,3.86359e-1,0,0,0,0,0,2.94519e+2
"Southeastern Asia","BRN","Brunei Darussalam",7.24316e-2,7.69115e-2,8.41547e-3,0,2.14346e-1,0,0,0,4.54677e-2,1.45360e-2,1.36774e+2,0,0,0,0,0,0,0,0,0,0,0,0,0,0,0,0,0,0,0,0,0,0,3.89775e-1,2.24372e-1,2.68193e-1,0,0,0,0,0,9.33615e-3,1.87020e+1,0,0,0,0,0,0,1.27793e+0,1.11023e+0,3.63752e-2,3.00209e-3,0,0,0,0,1.59227e+2
"Southeastern Asia","KHM","Cambodia",5.63583e-4,0,4.60950e-2,1.36330e-3,5.04171e-2,0,8.14310e-4,0,4.77348e+1,2.14415e+0,0,0,0,0,0,0,0,0,0,0,0,0,0,0,0,0,0,0,0,0,0,0,0,1.27935e+2,1.70870e+1,3.97704e+2,0,0,0,0,4.56408e+1,1.44450e+1,0,0,0,0,0,0,0,3.85745e+0,3.46492e+1,1.13018e-1,1.31310e-2,0,0,0,0,6.91423e+2
"Southeastern Asia","LAO","Lao People's Democratic Republic",2.02423e-4,0,1.98571e-2,4.54781e-4,2.03806e-2,0,3.05697e-4,0,2.24633e+1,1.21656e+0,0,0,0,0,0,0,0,0,0,0,0,0,0,0,0,0,0,0,0,0,0,0,0,8.83455e+1,1.07650e+1,8.95342e+1,0,0,0,0,6.15816e+1,4.76902e+0,3.05510e+1,0,0,0,0,0,0,1.58685e+0,1.56977e+1,0,0,0,0,0,0,3.26552e+2
"Southeastern Asia","MMR","Myanmar",9.03299e-2,1.82127e-2,4.27473e-2,0,2.80448e-1,0,0,4.18680e-5,8.31799e+1,4.33319e+1,2.51333e+1,0,0,0,0,0,0,0,0,0,0,0,0,0,0,0,0,0,0,0,0,0,0,6.04829e+2,6.69051e+1,1.10992e+3,0,0,0,0,4.35864e+1,4.97508e+1,1.33702e+3,0,0,0,0,0,0,2.79643e+1,1.75231e+2,0,0,0,0,0,0,3.56728e+3
"Southeastern Asia","MYS","Malaysia",1.16733e-1,1.37829e-1,4.62432e-1,0,3.94538e+0,0,0,0,2.11847e+1,3.32998e+1,3.40913e+2,0,0,0,0,0,1.29761e+0,0,0,0,0,0,0,0,0,0,0,0,0,0,0,0,0,4.49606e+1,1.69964e+1,2.10054e+2,0,0,0,0,3.46560e+1,7.16729e+0,1.65036e+2,0,0,0,0,0,0,4.43475e+1,8.86990e+1,6.47490e-1,2.76899e-1,0,0,0,0,1.01420e+3
"Southeastern Asia","PHL","Philippines",1.08752e-1,7.14435e-2,1.29227e+0,8.37360e-5,1.48724e+0,0,6.94590e-2,0,7.73103e+1,9.09304e+1,3.18193e+0,0,0,0,0,0,1.25478e-3,3.22490e-1,0,0,0,0,0,0,0,0,0,0,0,0,0,0,0,2.92124e+2,5.62802e+1,1.01447e+3,0,0,0,0,5.14944e+0,4.95989e+1,7.45076e+0,0,0,0,0,0,0,9.80579e+1,2.95942e+2,0,5.47480e-1,0,0,0,0,1.99439e+3
"Southeastern Asia","SGP","Singapore",2.40541e-3,8.09987e-2,1.87569e-2,0,7.07373e-1,0,0,0,2.16447e-2,2.79660e+0,1.20774e+1,0,0,0,0,0,1.81500e-1,0,0,0,0,0,0,0,0,0,0,0,0,0,0,0,0,3.56784e-1,1.07297e+0,0,0,0,0,0,9.73968e-1,4.50257e-5,0,0,0,0,0,0,0,6.20927e+0,1.34498e+1,3.50752e+0,0,0,0,0,0,4.14570e+1
"Southeastern Asia","THA","Thailand",3.35393e-1,2.85589e-2,3.24759e+0,0,4.19501e+0,1.37264e-2,7.97167e-2,0,1.29241e+2,3.59372e+2,9.22329e+1,0,0,0,0,0,2.52534e-1,0,0,0,0,0,0,0,0,0,0,0,0,0,0,0,0,6.46712e+2,5.04793e+1,2.41351e+3,0,0,0,0,5.40936e+1,6.66689e+1,1.85973e+1,0,0,0,0,0,0,1.29683e+2,2.48954e+2,1.65201e+0,4.97152e-1,0,0,0,0,4.21984e+3
"Southeastern Asia","TLS","Timor-Leste",0,0,3.53010e-3,0,0,0,0,0,1.90728e-1,0,0,0,0,0,0,0,0,0,0,0,0,0,0,0,0,0,0,0,0,0,0,0,0,5.44061e+0,8.68098e-1,5.21318e+0,0,0,0,0,0,3.24866e-1,0,0,0,0,0,0,0,1.26054e-1,2.69920e+0,3.44479e-3,2.04820e-4,0,0,0,0,1.48699e+1
"Southeastern Asia","VNM","Viet Nam",6.40373e-2,0,5.91972e-1,2.88889e-3,1.01083e+0,3.76812e-3,0,3.76812e-3,1.67635e+2,1.16956e+2,1.43359e+1,0,0,0,0,0,0,0,0,0,0,0,0,0,0,0,0,0,0,0,0,0,0,3.41070e+2,7.82291e+1,1.69413e+3,0,0,0,0,2.10185e+1,4.83511e+1,9.02224e-1,0,0,0,0,0,0,4.06178e+1,2.78275e+2,0,0,0,0,0,0,2.80320e+3
"Indonesia +","IDN","Indonesia",1.75181e-1,4.65178e-1,8.21451e-1,9.21095e-3,6.98451e+0,0,5.39260e-2,0,5.29186e+2,1.15976e+2,9.45814e+2,0,0,0,0,0,9.68100e-3,0,0,0,0,0,0,0,0,0,0,0,0,0,0,0,0,9.20037e+2,7.82555e+1,2.61251e+3,0,0,0,0,2.79600e+1,1.59091e+2,1.26215e+2,0,1.01071e+3,0,0,0,0,2.96403e+2,8.18168e+2,3.94406e+0,1.59803e+0,0,0,0,0,7.65439e+3
"Indonesia +","PNG","Papua New Guinea",6.45438e-3,0,2.37852e-2,8.41901e-4,6.45775e-2,0,6.69790e-3,0,1.93624e+1,3.48358e-1,8.32731e+0,0,0,0,0,0,0,0,0,0,0,0,0,0,0,0,0,0,0,0,0,0,0,6.22294e+0,4.08661e+0,9.94422e-2,0,0,0,0,7.07832e+0,2.10008e-1,1.37095e+1,0,0,0,0,0,0,2.12931e+0,1.84875e+1,6.03960e-2,0,0,0,0,0,8.02245e+1
"Japan","JPN","Japan",7.72976e+0,6.13419e-1,1.25958e+1,5.79662e-2,1.63268e+1,1.19715e-1,1.35694e+0,7.53624e-3,2.07334e+1,2.82439e+2,3.21921e+1,0,0,0,0,0,4.04910e+0,7.58666e+0,0,0,0,0,0,0,0,0,0,0,0,0,0,0,0,5.00601e+2,2.22436e+2,1.25714e+3,0,0,0,0,0,8.27053e-1,7.38768e+0,3.16128e+0,0,0,0,0,0,3.69324e+2,3.64504e+2,1.49093e+2,7.04268e-1,0,0,0,0,3.26099e+3
"Oceania","ASM","American Samoa",0,0,0,0,0,0,0,0,3.96891e-5,0,0,0,0,0,0,0,0,0,0,0,0,0,0,0,0,0,0,0,0,0,0,0,0,1.85816e-2,1.55560e-1,0,0,0,0,0,0,1.80829e-5,0,0,0,0,0,0,0,2.04054e-1,5.09075e-2,0,0,0,0,0,0,4.29161e-1
"Oceania","ATF","French Southern Territories",0,0,0,0,0,0,0,0,0,0,0,0,0,0,0,0,0,0,0,0,0,0,0,0,0,0,0,0,0,0,0,0,0,0,0,0,0,0,0,0,0,0,0,0,0,0,0,0,0,0,0,0,0,0,0,0,0,0,
"Oceania","AUS","Australia",2.06647e+0,3.56013e-1,3.42758e+0,2.71095e-2,1.84564e+1,1.10068e-1,2.25375e-1,4.18680e-4,3.64950e+1,7.58013e+2,2.91050e+2,0,0,0,0,0,1.01032e-1,5.63670e-1,0,0,0,0,0,0,0,0,0,0,0,0,0,0,0,2.63234e+3,1.88400e+2,4.09895e+1,0,0,0,0,3.11352e+2,2.61469e+1,3.77666e+1,8.07768e+1,0,0,0,0,0,4.51244e+2,5.41632e+1,5.06760e-3,0,6.00000e-1,0,0,0,4.93468e+3
"Oceania","CCK","Cocos (Keeling) Islands",0,0,0,0,0,0,0,0,0,0,0,0,0,0,0,0,0,0,0,0,0,0,0,0,0,0,0,0,0,0,0,0,0,0,0,0,0,0,0,0,0,0,0,0,0,0,0,0,0,0,0,0,0,0,0,0,0,0,
"Oceania","COK","Cook Islands",0,0,0,0,0,0,0,0,6.71121e-3,0,0,0,0,0,0,0,0,0,0,0,0,0,0,0,0,0,0,0,0,0,0,0,0,6.56893e-2,5.11261e-2,0,0,0,0,0,0,3.05771e-3,0,0,0,0,0,0,0,0,2.46336e-2,0,0,0,0,0,0,1.51218e-1
"Oceania","CXR","Christmas Island",0,0,0,0,0,0,0,0,0,0,0,0,0,0,0,0,0,0,0,0,0,0,0,0,0,0,0,0,0,0,0,0,0,0,0,0,0,0,0,0,0,0,0,0,0,0,0,0,0,0,0,0,0,0,0,0,0,0,
"Oceania","FJI","Fiji",3.61000e-3,0,5.04360e-3,4.69953e-4,5.23309e-2,0,3.02042e-3,0,6.93398e-1,1.72536e-1,0,0,0,0,0,0,0,0,0,0,0,0,0,0,0,0,0,0,0,0,0,0,0,1.79578e+1,2.64016e+0,3.86042e+0,0,0,0,0,0,2.24993e-1,0,0,0,0,0,0,0,2.00500e+0,1.91006e+0,0,0,0,0,0,0,2.95289e+1
"Oceania","FSM","Micronesia, Federated States of",0,0,0,0,0,0,0,0,0,2.18040e-2,0,0,0,0,0,0,0,0,0,0,0,0,0,0,0,0,0,0,0,0,0,0,0,5.90607e-1,2.27313e-2,2.30473e-2,0,0,0,0,0,0,0,0,0,0,0,0,0,1.90296e-1,9.89421e-2,0,0,0,0,0,0,9.47428e-1
"Oceania","GUM","Guam",0,0,0,0,0,0,0,0,1.63581e-3,0,0,0,0,0,0,0,0,0,0,0,0,0,0,0,0,0,0,0,0,0,0,0,0,4.05795e-2,1.72771e-1,0,0,0,0,0,0,7.45293e-4,0,0,0,0,0,0,0,1.09960e+0,9.39657e-1,0,0,0,0,0,0,2.25499e+0
"Oceania","HMD","Heard Island and McDonald Islands",0,0,0,0,0,0,0,0,0,0,0,0,0,0,0,0,0,0,0,0,0,0,0,0,0,0,0,0,0,0,0,0,0,0,0,0,0,0,0,0,0,0,0,0,0,0,0,0,0,0,0,0,0,0,0,0,0,0,
"Oceania","KIR","Kiribati",6.35130e-5,0,3.63846e-4,5.33894e-5,1.86055e-3,0,5.61190e-5,0,7.43844e-3,1.96552e-2,0,0,0,0,0,0,0,0,0,0,0,0,0,0,0,0,0,0,0,0,0,0,0,9.50000e-3,4.73206e-2,0,0,0,0,0,0,2.88544e-3,0,0,0,0,0,0,0,1.53829e-1,2.25660e-1,0,0,0,0,0,0,4.68686e-1
"Oceania","MHL","Marshall Islands",0,0,0,0,0,0,0,0,0,0,0,0,0,0,0,0,0,0,0,0,0,0,0,0,0,0,0,0,0,0,0,0,0,0,0,0,0,0,0,0,0,0,0,0,0,0,0,0,0,1.56523e-1,5.20551e-2,0,0,0,0,0,0,2.08578e-1
"Oceania","MNP","Northern Mariana Islands",0,0,0,0,0,0,0,0,2.29671e-3,0,0,0,0,0,0,0,0,0,0,0,0,0,0,0,0,0,0,0,0,0,0,0,0,0,1.52587e-5,0,0,0,0,0,0,1.04641e-3,0,0,0,0,0,0,0,1.63052e-1,3.52644e-2,0,0,0,0,0,0,2.01675e-1
"Oceania","NCL","New Caledonia",9.42470e-4,0,6.16155e-3,3.40915e-5,5.30389e-2,0,1.28877e-3,0,8.06261e-2,3.14104e-2,0,0,0,0,0,0,0,0,0,0,0,0,0,0,0,0,0,0,0,0,0,0,0,8.00942e+0,9.82464e-1,0,0,0,0,0,0,2.12117e-3,0,0,0,0,0,0,0,1.11553e+0,2.09822e-1,0,0,0,0,0,0,1.04929e+1
"Oceania","NFK","Norfolk Island",0,0,0,0,0,0,0,0,0,0,0,0,0,0,0,0,0,0,0,0,0,0,0,0,0,0,0,0,0,0,0,0,0,0,0,0,0,0,0,0,0,0,0,0,0,0,0,0,0,0,4.06026e-3,0,0,0,0,0,0,4.06026e-3
"Oceania","NIU","Niue",0,0,0,0,0,0,0,0,1.51121e-4,3.79200e-4,0,0,0,0,0,0,0,0,0,0,0,0,0,0,0,0,0,0,0,0,0,0,0,1.73811e-2,1.97500e-2,0,0,0,0,0,0,6.88527e-5,0,0,0,0,0,0,0,3.92046e-3,3.57967e-3,0,0,0,0,0,0,4.52304e-2
"Oceania","NRU","Nauru",0,0,0,0,0,0,0,0,0,0,0,0,0,0,0,0,0,0,0,0,0,0,0,0,0,0,0,0,0,0,0,0,0,2.40000e-3,7.07522e-3,0,0,0,0,0,0,0,0,0,0,0,0,0,0,6.27723e-2,1.18509e-2,0,0,0,0,0,0,8.40985e-2
"Oceania","NZL","New Zealand",1.50444e-1,2.95641e-2,8.89543e-1,4.45894e-3,3.05466e+0,0,1.78776e-2,8.91789e-3,2.04073e+0,8.67790e+0,2.48887e+1,0,0,0,0,0,0,0,0,0,0,0,0,0,0,0,0,0,0,0,0,0,0,1.08942e+3,8.93037e+1,0,0,0,0,0,0,4.87678e-1,0,0,0,0,0,0,0,8.83369e+1,8.53996e+0,0,0,0,0,0,0,1.31585e+3
"Oceania","PCN","Pitcairn",0,0,0,0,0,0,0,0,0,0,0,0,0,0,0,0,0,0,0,0,0,0,0,0,0,0,0,0,0,0,0,0,0,0,0,0,0,0,0,0,0,0,0,0,0,0,0,0,0,0,1.04407e-3,0,0,0,0,0,0,1.04407e-3
"Oceania","PLW","Palau",0,0,0,0,0,0,0,0,0,0,0,0,0,0,0,0,0,0,0,0,0,0,0,0,0,0,0,0,0,0,0,0,0,0,0,0,0,0,0,0,0,0,0,0,0,0,0,0,0,0,5.18252e-2,0,0,0,0,0,0,5.18252e-2
"Oceania","PYF","French Polynesia",3.31357e-3,0,2.50353e-3,6.18299e-5,7.35498e-2,0,2.85331e-3,0,4.62979e-2,0,0,0,0,0,0,0,0,0,0,0,0,0,0,0,0,0,0,0,0,0,0,0,0,5.97094e-1,4.13922e-1,0,0,0,0,0,0,2.87080e-3,0,0,0,0,0,0,0,1.35442e+0,7.30683e-1,0,0,0,0,0,0,3.22757e+0
"Oceania","SLB","Solomon Islands",8.83989e-4,0,1.80374e-3,7.31729e-5,1.28576e-2,0,7.39746e-4,0,4.86240e-1,6.04192e-2,0,0,0,0,0,0,0,0,0,0,0,0,0,0,0,0,0,0,0,0,0,0,0,1.03580e+2,2.93784e+0,0,0,0,0,0,0,4.74180e-3,0,0,0,0,0,0,0,1.89164e-1,5.09296e-1,0,0,0,0,0,0,1.07784e+2
"Oceania","TKL","Tokelau",0,0,0,0,0,0,0,0,2.96200e-4,0,0,0,0,0,0,0,0,0,0,0,0,0,0,0,0,0,0,0,0,0,0,0,0,1.00000e-3,3.20383e-3,0,0,0,0,0,0,1.34952e-4,0,0,0,0,0,0,0,0,7.50424e-3,0,0,0,0,0,0,1.21392e-2
"Oceania","TON","Tonga",0,0,0,0,1.39961e-2,0,0,0,5.19633e-3,1.93076e-2,0,0,0,0,0,0,0,0,0,0,0,0,0,0,0,0,0,0,0,0,0,0,0,9.79252e-1,1.45943e+0,0,0,0,0,0,0,2.36751e-3,0,0,0,0,0,0,0,2.23558e-1,4.26556e-1,0,0,0,0,0,0,3.12967e+0
"Oceania","TUV","Tuvalu",0,0,0,0,0,0,0,0,0,0,0,0,0,0,0,0,0,0,0,0,0,0,0,0,0,0,0,0,0,0,0,0,0,8.13400e-3,2.47008e-2,0,0,0,0,0,0,0,0,0,0,0,0,0,0,1.50986e-2,6.59545e-2,0,0,0,0,0,0,1.13888e-1
"Oceania","VUT","Vanuatu",4.40443e-4,0,9.50172e-4,5.68925e-5,1.19464e-2,0,5.86236e-4,0,1.36037e-1,2.55328e-2,0,0,0,0,0,0,0,0,0,0,0,0,0,0,0,0,0,0,0,0,0,0,0,6.96439e+0,1.04383e+0,0,0,0,0,0,0,2.06369e-2,0,0,0,0,0,0,0,1.55679e-1,7.45753e-1,0,0,0,0,0,0,9.10584e+0
"Oceania","WLF","Wallis and Futuna",0,0,0,0,0,0,0,0,1.53937e-3,0,0,0,0,0,0,0,0,0,0,0,0,0,0,0,0,0,0,0,0,0,0,0,0,6.51712e-2,7.24247e-2,0,0,0,0,0,0,7.01353e-4,0,0,0,0,0,0,0,0,6.29625e-2,0,0,0,0,0,0,2.02799e-1
"Oceania","WSM","Samoa",2.58035e-4,0,9.38649e-4,2.37622e-4,1.81402e-2,0,3.78770e-4,0,2.51183e-1,3.00516e-2,0,0,0,0,0,0,0,0,0,0,0,0,0,0,0,0,0,0,0,0,0,0,0,1.61480e+0,2.35843e+0,0,0,0,0,0,0,1.75316e-3,0,0,0,0,0,0,0,2.49838e-1,9.83761e-1,0,0,0,0,0,0,5.50977e+0
"Antartica","ATA","Antarctica",0,0,0,0,0,0,0,0,0,0,0,0,0,0,0,0,0,0,0,0,0,0,0,0,0,0,0,0,0,0,0,0,0,0,0,0,0,0,0,0,0,0,0,0,0,0,0,0,0,0,0,0,0,0,0,0,0,0,
"Int. Shipping","SEA","Int. Shipping",0,0,0,0,0,0,0,0,0,0,6.63312e+0,0,2.96201e+1,0,0,0,0,0,0,0,0,0,0,0,0,0,0,0,0,0,0,0,0,0,0,0,0,0,0,0,0,0,0,0,0,0,0,0,0,0,0,0,0,0,0,0,0,3.62532e+1
"Int. Aviation","AIR","Int. Aviation",0,0,0,0,0,0,0,0,0,0,0,1.98651e+0,0,0,0,0,0,0,0,0,0,0,0,0,0,0,0,0,0,0,0,0,0,0,0,0,0,0,0,0,0,0,0,0,0,0,0,0,0,0,0,0,0,0,0,0,0,1.98651e+0

"TOTALS",,,8.62782e+1,3.42919e+1,3.64155e+2,1.74065e+0,7.79877e+2,7.87774e+0,1.03711e+1,2.48620e+0,1.31283e+4,3.49319e+4,4.71709e+4,1.98651e+0,2.96201e+1,0,0,0,7.83358e+1,6.23787e+1,0,0,0,0,0,0,0,0,0,0,0,0,0,0,0,8.83953e+4,1.09026e+4,3.98108e+4,0,0,0,0,5.01977e+3,1.16890e+3,6.81617e+3,1.13318e+3,1.01071e+3,0,0,0,0,2.52192e+4,2.29512e+4,2.25705e+2,3.36997e+1,1.50600e+2,0,0,0,02.99528e+5