"Content:","Emissions by country and main source category" 
"Compound:","CH4"
"Year: ","2006"
"Unit:","Gg CH4"
"Source:","European Commission, Joint Research Centre (JRC)/PBL Netherlands Environmental Assessment Agency. Emission Database for Global Atmospheric Research (EDGAR), release version 4.2. http://edgar.jrc.ec.europe.eu, 2010" 
"Dataset:","v4.2_EM_CH4_300911(edgar)"
"Date calculated:","November 30, 1999, 12:00 am"

,,,"Public electricity and heat production","Other Energy Industries","Manufacturing Industries and Construction","Domestic aviation","Road transportation","Rail transportation","Inland navigation","Other transportation","Residential and other sectors","Fugitive emissions from solid fuels","Fugitive emissions from oil and gas","Memo: International aviation","Memo: International navigation","Cement production","Lime production","Production of other minerals","Production of chemicals","Production of metals","Production of pulp/paper/food/drink","Production of halocarbons and SF6","Refrigeration and Air Conditioning","Foam Blowing","Fire Extinguishers","Aerosols","F-gas as Solvent","Semiconductor/Electronics Manufacture","Electrical Equipment","Other F-gas use","Non-energy use of lubricants/waxes (CO2)","Solvent and other product use: paint","Solvent and other product use: degrease","Solvent and other product use: chemicals","Solvent and other product use: other","Enteric fermentation","Manure management","Rice cultivation","Direct soil emissions","Manure in pasture/range/paddock","Indirect N2O from agriculture","Other direct soil emissions","Savanna burning","Agricultural waste burning","Forest fires","Grassland fires","Peat fires and decay of drained peatland","Other vegetation fires","Other biomass burning","Forest Fires-Post burn decay","Forest Land: net carbon stock change","Solid waste disposal on land","Wastewater handling","Waste incineration","Other waste handling","Fossil fuel fires","Indirect N2O from non-agricultural NOx","Indirect N2O from non-agricultural NH3","Other sources",

"World Region","ISO_A3","Country","1A1a","1A1bc","1A2","1A3a","1A3b","1A3c","1A3d","1A3e","1A4","1B1","1B2","1C1","1C2","2A1","2A2","2A7","2B","2C","2D","2E","2F1","2F2","2F3","2F4","2F5","2F7","2F8","2F9","2G","3A","3B","3C","3D","4A","4B","4C","4D1","4D2","4D3","4D4","4E","4F","5A","5C","5D","5F","5F1","5F2","5FL","6A","6B","6C","6D","7A","7B","7C","7D","TOTAL" 
"Canada","CAN","Canada",3.97345e+0,2.46398e+0,1.20487e+1,1.04249e-1,9.15833e+0,3.19358e-1,4.90690e-1,1.70377e-1,5.13820e+1,8.89409e+1,2.10533e+3,0,0,0,0,0,4.05431e+0,1.37195e-1,0,0,0,0,0,0,0,0,0,0,0,0,0,0,0,1.01126e+3,2.77234e+2,0,0,0,0,0,0,8.22777e+0,2.86560e+1,6.50400e+0,0,0,0,0,0,1.30399e+3,2.13046e+2,2.53664e-1,1.29278e+1,0,0,0,0,5.14067e+3
"USA","SPM","Saint Pierre and Miquelon",0,0,6.29474e-3,0,0,0,7.59507e-5,1.71051e-4,0,0,0,0,0,0,0,0,0,0,0,0,0,0,0,0,0,0,0,0,0,0,0,0,0,3.94494e-3,2.57615e-3,0,0,0,0,0,0,0,0,0,0,0,0,0,0,5.25074e-2,1.28912e-2,9.17293e-4,5.64488e-4,0,0,0,0,7.99432e-2
"USA","UMI","United States Minor Outlying Islands",0,0,0,0,0,0,0,0,0,0,0,0,0,0,0,0,0,0,0,0,0,0,0,0,0,0,0,0,0,0,0,0,0,0,0,0,0,0,0,0,0,0,0,0,0,0,0,0,0,0,0,0,0,0,0,0,0,0,
"USA","USA","United States",5.70128e+1,8.64317e+0,6.35260e+1,1.34427e+0,1.07562e+2,2.33109e+0,1.12914e+0,7.19546e-1,2.89764e+2,3.94398e+3,5.73560e+3,0,0,0,0,0,2.66028e+1,9.00425e-1,0,0,0,0,0,0,0,0,0,0,0,0,0,0,0,6.58522e+3,2.15017e+3,3.89774e+2,0,0,0,0,5.28000e-1,3.40945e+1,1.10880e+1,1.26720e+1,0,0,0,0,0,5.35947e+3,8.78359e+2,0,7.54080e+1,1.50000e+1,0,0,0,2.57509e+4
"Mexico","MEX","Mexico",3.62347e+0,1.79346e+0,3.47712e+0,4.18000e-4,2.05804e+1,1.12582e-1,2.46955e-1,0,7.64621e+1,3.84156e+1,1.65448e+3,0,0,0,0,0,4.61022e+0,2.62645e-1,0,0,0,0,0,0,0,0,0,0,0,0,0,0,0,2.27060e+3,2.32725e+2,6.67470e+0,0,0,0,0,1.81440e+1,3.17442e+1,3.06920e+1,1.14000e-1,0,0,0,0,0,4.80425e+2,5.02536e+2,0,0,0,0,0,0,5.37772e+3
"Rest Central America","ABW","Aruba",1.69589e-3,0,9.87240e-3,0,7.54582e-3,0,0,1.85999e-7,1.72601e-2,1.38880e-2,4.86719e-3,0,0,0,0,0,0,0,0,0,0,0,0,0,0,0,0,0,0,0,0,0,0,3.39370e-2,4.18740e-3,0,0,0,0,0,0,0,0,0,0,0,0,0,0,4.75142e-1,4.16170e-1,0,0,0,0,0,0,9.84566e-1
"Rest Central America","AIA","Anguilla",2.07610e-4,0,1.20858e-3,0,0,0,0,0,1.02371e-4,9.14500e-2,0,0,0,0,0,0,0,0,0,0,0,0,0,0,0,0,0,0,0,0,0,0,0,0,0,0,0,0,0,0,0,0,0,0,0,0,0,0,0,1.16233e-2,4.03846e-2,0,0,0,0,0,0,1.44976e-1
"Rest Central America","ANT","Netherlands Antilles",0,8.40352e-2,1.70544e-2,1.22464e-3,7.58030e-2,0,0,0,3.41000e-2,2.29400e-2,2.90219e+0,0,0,0,0,0,0,0,0,0,0,0,0,0,0,0,0,0,0,0,0,0,0,1.80611e-1,8.56075e-3,0,0,0,0,0,0,0,0,0,0,0,0,0,0,1.65688e+0,7.81542e-1,0,0,0,0,0,0,5.76494e+0
"Rest Central America","ATG","Antigua and Barbuda",4.22490e-3,0,8.64825e-3,2.24460e-5,1.56242e-2,0,0,3.16350e-6,1.12998e-2,0,1.25469e-2,0,0,0,0,0,0,0,0,0,0,0,0,0,0,0,0,0,0,0,0,0,0,1.16694e+0,2.58670e-2,0,0,0,0,0,0,1.61792e-3,0,0,0,0,0,0,0,3.54603e-1,3.12482e-1,0,0,0,0,0,0,1.91388e+0
"Rest Central America","BHS","Bahamas",2.56932e-2,0,4.21892e-2,9.76192e-4,1.11890e-1,0,6.73842e-4,1.69758e-3,9.14134e-2,9.14500e-2,9.31099e-2,0,0,0,0,0,0,0,0,0,0,0,0,0,0,0,0,0,0,0,0,0,0,1.61800e-1,3.82000e-2,0,0,0,0,0,0,2.21866e-3,0,0,0,0,0,0,0,7.52128e+0,1.38883e+0,0,0,0,0,0,0,9.57142e+0
"Rest Central America","BLZ","Belize",1.21373e-2,0,2.73751e-2,1.00757e-5,6.69722e-2,0,2.09549e-4,4.73305e-4,1.02396e+0,6.23720e-2,2.16636e-2,0,0,0,0,0,0,0,0,0,0,0,0,0,0,0,0,0,0,0,0,0,0,3.85959e+0,1.30642e-1,3.54204e-1,0,0,0,0,4.10400e-1,4.54992e-1,0,0,0,0,0,0,0,1.25142e+0,1.36564e+0,0,0,0,0,0,0,9.04206e+0
"Rest Central America","BMU","Bermuda",7.20218e-3,0,7.14231e-3,9.03882e-5,1.50672e-2,0,2.03771e-4,4.97101e-4,1.53230e-2,0,1.37555e-2,0,0,0,0,0,0,0,0,0,0,0,0,0,0,0,0,0,0,0,0,0,0,6.49475e-2,2.66760e-3,0,0,0,0,0,0,3.60975e-5,0,0,0,0,0,0,0,9.69369e-1,2.71136e-1,0,0,0,0,0,0,1.36744e+0
"Rest Central America","BRB","Barbados",9.78353e-3,1.51841e-3,3.02978e-2,5.32844e-5,3.89948e-2,0,2.02478e-4,4.48165e-4,1.59821e-2,2.68770e-2,3.02099e-1,0,0,0,0,0,0,0,0,0,0,0,0,0,0,0,0,0,0,0,0,0,0,7.32979e-1,7.64347e-2,0,0,0,0,0,0,9.34890e-2,0,0,0,0,0,0,0,1.94764e+0,1.53473e+0,0,0,0,0,0,0,4.81152e+0
"Rest Central America","CRI","Costa Rica",2.72096e-2,3.08925e-3,4.77336e-1,0,4.03641e-1,0,2.34366e-3,0,1.85405e+0,9.14500e-2,8.90509e+0,0,0,0,0,0,0,0,0,0,0,0,0,0,0,0,0,0,0,0,0,0,0,6.65725e+1,2.83460e+0,6.62131e+0,0,0,0,0,6.31200e-1,1.28946e+0,0,0,0,0,0,0,0,2.28064e+0,1.96615e+1,0,0,0,0,0,0,1.11655e+2
"Rest Central America","CUB","Cuba",4.32261e-1,2.34386e-3,1.24734e+0,0,9.22457e-2,0,0,0,8.96184e+0,5.39555e+0,2.65568e+1,0,0,0,0,0,0,0,0,0,0,0,0,0,0,0,0,0,0,0,0,0,0,2.19294e+2,8.29534e+0,2.75510e+1,0,0,0,0,2.21280e+0,3.92899e+0,0,0,0,0,0,0,0,6.45471e+1,5.43577e+1,0,0,0,0,0,0,4.22876e+2
"Rest Central America","CYM","Cayman Islands",5.14153e-3,0,4.83739e-3,1.52428e-5,1.29518e-2,0,0,2.06100e-6,4.30607e-3,0,8.59909e-3,0,0,0,0,0,0,0,0,0,0,0,0,0,0,0,0,0,0,0,0,0,0,7.78915e-2,4.11749e-3,0,0,0,0,0,0,1.11551e-5,0,0,0,0,0,0,0,8.87369e-1,1.90315e-1,0,0,0,0,0,0,1.19556e+0
"Rest Central America","DMA","Dominica",2.25884e-3,0,7.85662e-3,3.63700e-6,1.89328e-2,0,4.07539e-5,9.16962e-5,1.61478e-3,2.22270e-2,3.11251e-3,0,0,0,0,0,0,0,0,0,0,0,0,0,0,0,0,0,0,0,0,0,0,8.94046e-1,2.21270e-2,0,0,0,0,0,0,2.24464e-3,0,0,0,0,0,0,0,5.09389e-1,3.68203e-1,0,0,0,0,0,0,1.85215e+0
"Rest Central America","DOM","Dominican Republic",1.19129e-1,5.43400e-3,5.90383e-1,0,5.55648e-1,0,0,2.02730e-2,1.47023e+1,3.59398e+1,7.17828e-1,0,0,0,0,0,0,0,0,0,0,0,0,0,0,0,0,0,0,0,0,0,0,1.45104e+2,4.63662e+0,3.00997e+1,0,0,0,0,2.30640e+0,1.94975e+0,0,0,0,0,0,0,0,4.56809e+1,3.81097e+1,5.46435e-1,0,0,0,0,0,3.21084e+2
"Rest Central America","GLP","Guadeloupe",1.41045e-2,0,4.84551e-2,3.60787e-4,6.51107e-2,0,0,1.53990e-5,4.88269e-1,1.86558e-1,4.48436e-2,0,0,0,0,0,0,0,0,0,0,0,0,0,0,0,0,0,0,0,0,0,0,4.42011e+0,1.15331e-1,0,0,0,0,0,0,2.02748e-1,0,0,0,0,0,0,0,3.38721e+0,2.04541e+0,0,0,0,0,0,0,1.10185e+1
"Rest Central America","GRD","Grenada",4.23499e-3,0,1.02997e-2,2.46305e-5,2.46052e-2,0,3.57981e-4,9.65993e-4,4.63359e-2,1.57015e-1,6.04119e-3,0,0,0,0,0,0,0,0,0,0,0,0,0,0,0,0,0,0,0,0,0,0,3.47175e-1,1.25407e-2,0,0,0,0,0,0,4.61793e-3,0,0,0,0,0,0,0,4.48445e-1,5.73794e-1,0,0,0,0,0,0,1.63645e+0
"Rest Central America","GTM","Guatemala",5.05129e-1,0,5.68062e-1,0,5.14938e-1,0,0,7.94200e-4,4.57435e+1,2.92640e+0,1.97029e+0,0,0,0,0,0,0,0,0,0,0,0,0,0,0,0,0,0,0,0,0,0,0,1.46363e+2,3.62414e+0,1.72059e+0,0,0,0,0,4.03200e+0,5.30845e+0,8.77200e+0,0,0,0,0,0,0,1.85783e+1,5.35116e+1,0,0,0,0,0,0,2.94139e+2
"Rest Central America","HND","Honduras",1.22967e-1,0,2.07035e-1,0,3.69950e-1,0,0,0,1.70469e+1,2.29540e+0,0,0,0,0,0,0,0,0,0,0,0,0,0,0,0,0,0,0,0,0,0,0,0,1.83170e+2,3.96911e+0,5.53555e-1,0,0,0,0,3.76800e-1,2.20684e+0,0,0,0,0,0,0,0,7.56195e+0,2.88340e+1,0,0,0,0,0,0,2.46715e+2
"Rest Central America","HTI","Haiti",6.28020e-3,0,4.29495e-1,0,1.94430e-1,0,0,2.01894e-2,1.74647e+1,1.83815e+1,0,0,0,0,0,0,0,0,0,0,0,0,0,0,0,0,0,0,0,0,0,0,0,9.58869e+1,3.99088e+0,6.31872e+0,0,0,0,0,4.80000e-1,8.82737e-1,0,0,0,0,0,0,0,1.81965e+1,4.33321e+1,0,0,0,0,0,0,2.05584e+2
"Rest Central America","JAM","Jamaica",2.05775e-1,1.80370e-4,2.02855e-2,0,4.61978e-1,0,0,4.77774e-2,2.68447e+0,3.65800e+0,2.58690e-1,0,0,0,0,0,0,0,0,0,0,0,0,0,0,0,0,0,0,0,0,0,0,2.97601e+1,8.76252e-1,2.07658e-3,0,0,0,0,0,7.39032e-1,0,0,0,0,0,0,0,1.14349e+1,1.24643e+1,0,0,0,0,0,0,6.26138e+1
"Rest Central America","KNA","Saint Kitts and Nevis",2.04273e-3,0,4.31321e-3,3.23337e-5,4.50009e-3,0,1.24382e-4,2.79659e-4,2.82131e-2,0,2.70478e-3,0,0,0,0,0,0,0,0,0,0,0,0,0,0,0,0,0,0,0,0,0,0,4.23495e-1,1.08230e-2,0,0,0,0,0,0,3.01371e-2,0,0,0,0,0,0,0,8.78667e-1,2.53448e-1,0,0,0,0,0,0,1.63878e+0
"Rest Central America","LCA","Saint Lucia",7.37663e-3,0,1.62634e-2,6.48998e-6,2.33989e-2,0,4.26065e-5,9.58647e-5,1.74704e-2,2.97290e-2,9.54533e-3,0,0,0,0,0,0,0,0,0,0,0,0,0,0,0,0,0,0,0,0,0,0,8.57097e-1,3.45930e-2,0,0,0,0,0,0,8.59073e-3,0,0,0,0,0,0,0,1.87539e-1,7.86063e-1,0,0,0,0,0,0,1.97781e+0
"Rest Central America","MSR","Montserrat",7.09319e-4,0,4.69116e-4,4.13749e-6,4.48049e-3,0,1.96149e-3,2.34492e-4,6.26118e-2,0,1.57304e-3,0,0,0,0,0,0,0,0,0,0,0,0,0,0,0,0,0,0,0,0,0,0,6.20405e-1,1.37480e-2,0,0,0,0,0,0,4.62834e-5,0,0,0,0,0,0,0,8.53461e-3,3.68261e-2,0,0,0,0,0,0,7.51604e-1
"Rest Central America","MTQ","Martinique",2.08138e-2,0,4.49061e-2,3.41723e-4,5.98826e-2,0,2.40822e-5,7.79628e-5,7.45709e-2,1.63773e-1,4.99694e-2,0,0,0,0,0,0,0,0,0,0,0,0,0,0,0,0,0,0,0,0,0,0,1.67062e+0,5.51006e-2,0,0,0,0,0,0,7.34505e-2,0,0,0,0,0,0,0,5.37036e+0,1.71803e+0,0,0,0,0,0,0,9.30192e+0
"Rest Central America","NIC","Nicaragua",7.99185e-2,0,3.66467e-1,0,2.04805e-1,0,4.09640e-3,0,1.78118e+1,8.23050e-1,2.09657e-1,0,0,0,0,0,0,0,0,0,0,0,0,0,0,0,0,0,0,0,0,0,0,1.91435e+2,4.98836e+0,1.15161e+1,0,0,0,0,4.24800e-1,2.03467e+0,0,0,0,0,0,0,0,2.66055e+1,2.81654e+1,0,0,0,0,0,0,2.84669e+2
"Rest Central America","PAN","Panama",2.37821e-2,0,1.37564e-1,0,4.75419e-1,0,0,6.84684e-2,5.11787e+0,4.57250e-1,0,0,0,0,0,0,0,0,0,0,0,0,0,0,0,0,0,0,0,0,0,0,0,1.07898e+2,2.52720e+0,1.16288e+1,0,0,0,0,4.39200e-1,8.03717e-1,0,0,0,0,0,0,0,1.21699e+1,1.42906e+1,0,0,0,0,0,0,1.56038e+2
"Rest Central America","PRI","Puerto Rico",0,0,2.40666e-3,0,0,0,6.85413e-5,1.75256e-4,0,0,0,0,0,0,0,0,0,0,0,0,0,0,0,0,0,0,0,0,0,0,0,0,0,2.45398e+1,6.80879e-1,0,0,0,0,0,0,1.38109e-2,0,0,0,0,0,0,0,6.32082e+1,1.75912e+1,0,0,0,0,0,0,1.06037e+2
"Rest Central America","SLV","El Salvador",1.67253e-1,7.10600e-4,3.24172e-1,0,2.76639e-1,0,0,0,1.69321e+1,1.82900e+0,2.39847e-1,0,0,0,0,0,0,0,0,0,0,0,0,0,0,0,0,0,0,0,0,0,0,7.42467e+1,2.43893e+0,4.43793e-1,0,0,0,0,7.48800e-1,2.02233e+0,0,0,0,0,0,0,0,2.28638e+1,2.96006e+1,0,0,0,0,0,0,1.52135e+2
"Rest Central America","TCA","Turks and Caicos Islands",4.58889e-4,0,2.67034e-3,0,5.40756e-4,0,1.86126e-6,4.07865e-6,2.68125e-4,9.23800e-3,5.60996e-5,0,0,0,0,0,0,0,0,0,0,0,0,0,0,0,0,0,0,0,0,0,0,0,0,0,0,0,0,0,0,0,0,0,0,0,0,0,0,1.16466e-1,1.09377e-1,0,0,0,0,0,0,2.39081e-1
"Rest Central America","TTO","Trinidad and Tobago",3.33399e-1,3.49840e-1,1.63438e-1,0,2.28174e-1,0,0,0,7.07204e-1,1.73755e-1,5.36779e+2,0,0,0,0,0,1.28541e+1,0,0,0,0,0,0,0,0,0,0,0,0,0,0,0,0,2.38508e+0,3.74876e-1,1.22221e-1,0,0,0,0,0,3.83210e-1,0,0,0,0,0,0,0,1.20967e+1,5.21330e+1,0,0,0,0,0,0,6.19084e+2
"Rest Central America","VCT","Saint Vincent and the Grenadines",4.47685e-3,0,1.19459e-2,6.02974e-6,8.98428e-3,0,0,7.24500e-7,2.57683e-2,3.22710e-2,4.68221e-3,0,0,0,0,0,0,0,0,0,0,0,0,0,0,0,0,0,0,0,0,0,0,4.07415e-1,1.81590e-2,0,0,0,0,0,0,1.34484e-2,0,0,0,0,0,0,0,6.47692e-1,5.42669e-1,0,0,0,0,0,0,1.71752e+0
"Rest Central America","VGB","Virgin Islands_British",1.16725e-3,0,2.24485e-3,3.77601e-6,4.26996e-3,0,0,0,1.25646e-3,5.30100e-3,1.65198e-3,0,0,0,0,0,0,0,0,0,0,0,0,0,0,0,0,0,0,0,0,0,0,4.96543e-1,2.81092e-2,0,0,0,0,0,0,0,0,0,0,0,0,0,0,2.39787e-1,8.53694e-2,0,0,0,0,0,0,8.65703e-1
"Rest Central America","VIR","Virgin Islands_USA",0,0,0,0,0,0,0,0,0,0,0,0,0,0,0,0,0,0,0,0,0,0,0,0,0,0,0,0,0,0,0,0,0,4.42400e-2,8.57493e-3,0,0,0,0,0,0,9.76957e-2,0,0,0,0,0,0,0,1.38496e+0,4.77047e-1,0,0,0,0,0,0,2.01252e+0
"Brazil","BRA","Brazil",4.24108e+0,1.19427e+1,3.96913e+1,4.01724e-2,1.78278e+1,9.36526e-2,3.19599e-1,0,1.41763e+2,7.32703e+2,8.67833e+2,0,0,0,0,0,2.44010e+0,3.67319e+0,0,0,0,0,0,0,0,0,0,0,0,0,0,0,0,1.34396e+4,3.03994e+2,3.74662e+2,0,0,0,0,3.21600e+1,2.32538e+2,2.94495e+2,8.16000e-2,0,0,0,0,0,7.41322e+2,2.14143e+3,9.50586e+0,3.50986e+0,0,0,0,0,1.93959e+4
"Rest South America","ARG","Argentina",1.44687e+0,7.45382e-1,2.90884e+0,1.63914e-2,6.63076e+0,0,7.32690e-3,0,5.37882e+0,2.89505e+1,8.04358e+2,0,0,0,0,0,1.27054e+0,1.38732e-1,0,0,0,0,0,0,0,0,0,0,0,0,0,0,0,3.27413e+3,6.14977e+1,2.09437e+1,0,0,0,0,6.69600e+0,5.58740e+1,1.93660e+1,4.75200e+1,0,0,0,0,0,1.62109e+2,2.63116e+2,0,0,0,0,0,0,4.76311e+3
"Rest South America","BOL","Bolivia",1.75391e-1,5.79815e-2,6.63069e-1,1.90499e-3,4.12020e-1,3.56192e-3,2.93076e-3,0,9.99409e+0,2.10335e+0,3.57021e+2,0,0,0,0,0,0,0,0,0,0,0,0,0,0,0,0,0,0,0,0,0,0,4.29457e+2,1.21560e+1,2.50969e+1,0,0,0,0,6.40800e-1,4.64864e+0,1.05400e+1,0,0,0,0,0,0,1.75755e+1,4.28327e+1,0,0,0,0,0,0,9.13382e+2
"Rest South America","BVT","Bouvet Island",0,0,0,0,0,0,0,0,0,0,0,0,0,0,0,0,0,0,0,0,0,0,0,0,0,0,0,0,0,0,0,0,0,0,0,0,0,0,0,0,0,0,0,0,0,0,0,0,0,0,0,0,0,0,0,0,0,0,
"Rest South America","CHL","Chile",5.13495e-1,1.05668e-1,2.24977e+0,1.47449e-2,2.06194e+0,3.29593e-3,4.94787e-1,0,3.72715e+1,2.88665e+1,1.37612e+2,0,0,0,0,0,7.52370e+0,0,0,0,0,0,0,0,0,0,0,0,0,0,0,0,0,3.31377e+2,1.29747e+1,2.77667e+0,0,0,0,0,0,2.30996e+0,7.24800e-2,1.17360e+0,0,0,0,0,0,5.77363e+1,2.50550e+2,0,0,0,0,0,0,8.75687e+2
"Rest South America","COL","Colombia",3.04918e-1,2.30893e-1,2.97805e+0,7.73301e-4,3.59898e+0,5.55104e-3,6.49572e-2,0,2.73970e+1,1.84305e+2,3.25441e+2,0,0,0,0,0,5.74645e-2,3.43700e-2,0,0,0,0,0,0,0,0,0,0,0,0,0,0,0,1.73495e+3,4.23877e+1,9.96530e+1,0,0,0,0,3.76800e+1,1.15874e+1,5.58280e+1,0,0,0,0,0,0,1.03992e+2,2.11943e+2,0,0,0,0,0,0,2.84244e+3
"Rest South America","ECU","Ecuador",1.55781e-1,2.47038e-2,2.20871e-1,6.26999e-5,1.69691e+0,0,1.14699e-1,0,8.11523e+0,8.50485e+0,1.43269e+2,0,0,0,0,0,7.47000e-5,0,0,0,0,0,0,0,0,0,0,0,0,0,0,0,0,3.58773e+2,9.38805e+0,9.98747e+1,0,0,0,0,5.59200e-2,3.80832e+0,5.82080e-1,0,0,0,0,0,0,2.54495e+1,6.06634e+1,0,0,0,0,0,0,7.20697e+2
"Rest South America","FLK","Falkland Islands (Malvinas)",7.22731e-4,0,3.48506e-4,4.68975e-6,7.36969e-4,0,1.66726e-5,3.75135e-5,3.62917e-4,9.42400e-3,7.64918e-4,0,0,0,0,0,0,0,0,0,0,0,0,0,0,0,0,0,0,0,0,0,0,3.75922e+0,7.45571e-2,0,0,0,0,0,0,0,0,0,0,0,0,0,0,2.73200e-2,1.30769e-2,1.07141e-4,1.97800e-5,0,0,0,0,3.88672e+0
"Rest South America","GUF","French Guiana",7.44972e-3,0,2.18540e-2,2.84167e-4,1.71090e-2,0,6.87951e-5,1.55498e-4,4.24971e-1,5.25853e-1,2.29813e-2,0,0,0,0,0,0,0,0,0,0,0,0,0,0,0,0,0,0,0,0,0,0,5.37093e-1,3.14128e-2,1.23289e+0,0,0,0,0,0,1.82131e-2,4.20240e-1,0,0,0,0,0,0,1.00090e+0,9.32443e-1,3.26353e-3,6.02500e-4,0,0,0,0,5.19779e+0
"Rest South America","GUY","Guyana",2.95994e-2,0,7.80055e-2,6.98425e-5,4.35045e-2,0,0,5.58000e-7,3.02064e+0,2.07855e-1,3.57762e-2,0,0,0,0,0,0,0,0,0,0,0,0,0,0,0,0,0,0,0,0,0,0,7.00338e+0,6.03112e-1,3.50073e+1,0,0,0,0,4.10400e-1,1.26427e+0,1.95840e+0,0,0,0,0,0,0,1.56643e+0,4.23607e+0,4.90147e-3,9.04888e-4,0,0,0,0,5.54707e+1
"Rest South America","PER","Peru",3.25291e-1,8.96710e-2,3.58059e-1,2.09000e-5,1.27439e+0,0,6.14460e-3,2.50800e-4,2.59336e+1,9.37730e+0,5.27385e+1,0,0,0,0,0,3.00000e-4,2.39430e-1,0,0,0,0,0,0,0,0,0,0,0,0,0,0,0,3.85152e+2,1.27965e+1,1.07494e+2,0,0,0,0,2.17920e-1,4.95318e+0,1.61840e+0,0,0,0,0,0,0,6.88315e+1,1.24879e+2,0,0,0,0,0,0,7.96285e+2
"Rest South America","PRY","Paraguay",0,0,1.77884e+0,0,2.62978e-1,0,2.93076e-4,7.94200e-4,2.02134e+1,4.48105e+1,3.05332e-4,0,0,0,0,0,0,0,0,0,0,0,0,0,0,0,0,0,0,0,0,0,0,5.23424e+2,1.21465e+1,4.16502e+0,0,0,0,0,1.70400e+1,5.88278e+0,7.66800e+0,2.15040e+0,0,0,0,0,0,2.35063e+1,3.04188e+1,0,0,0,0,0,0,6.93469e+2
"Rest South America","SGS","South Georgia and the South Sandwich Islands",0,0,0,0,0,0,0,0,0,0,0,0,0,0,0,0,0,0,0,0,0,0,0,0,0,0,0,0,0,0,0,0,0,0,0,0,0,0,0,0,0,0,0,0,0,0,0,0,0,0,0,0,0,0,0,0,0,0,
"Rest South America","SUR","Suriname",1.86861e-2,0,5.03218e-2,7.35159e-5,3.61070e-2,0,3.56448e-4,7.83722e-4,1.79829e-1,6.40150e-1,4.05865e-2,0,0,0,0,0,0,0,0,0,0,0,0,0,0,0,0,0,0,0,0,0,0,6.82775e+0,2.61892e-1,1.53524e+1,0,0,0,0,0,2.13070e-1,0,0,0,0,0,0,0,2.20337e+0,2.46956e+0,7.22143e-3,1.33319e-3,0,0,0,0,2.83034e+1
"Rest South America","URY","Uruguay",2.47604e-2,8.83289e-3,2.17067e-1,8.35999e-5,2.61971e-1,0,0,3.76812e-4,3.92449e+0,1.07940e+1,1.09286e+1,0,0,0,0,0,0,2.20000e-4,0,0,0,0,0,0,0,0,0,0,0,0,0,0,0,8.13090e+2,1.47973e+1,6.13705e+1,0,0,0,0,0,2.07159e+0,0,1.31280e+0,0,0,0,0,0,2.23658e+1,1.68321e+1,0,0,0,0,0,0,9.58000e+2
"Rest South America","VEN","Venezuela",5.71284e-1,1.22742e+0,1.22056e+0,0,1.06923e+1,2.25511e-3,0,5.83324e-3,1.07995e+1,1.28002e+2,1.05748e+3,0,0,0,0,0,3.18400e+0,1.57849e-1,0,0,0,0,0,0,0,0,0,0,0,0,0,0,0,1.09001e+3,2.86431e+1,3.03179e+1,0,0,0,0,3.62400e+1,5.24407e+0,8.36400e+1,0,0,0,0,0,0,1.31338e+2,1.37059e+2,0,0,0,0,0,0,2.75583e+3
"Northern_Africa","DZA","Algeria",1.07237e+0,5.57555e-1,2.56107e-1,0,2.42999e+0,0,0,2.20435e-2,2.87810e+1,5.85006e+1,1.72314e+3,0,0,0,0,0,2.27524e-1,1.38215e-1,0,0,0,0,0,0,0,0,0,0,0,0,0,0,0,2.08772e+2,8.67310e+0,2.54516e-2,0,0,0,0,0,1.40864e-1,7.63200e-2,0,0,0,0,0,0,1.00296e+2,1.27618e+2,0,0,0,0,0,0,2.26073e+3
"Northern_Africa","EGY","Egypt",1.41367e+0,5.71889e-1,2.03566e+0,1.12651e-2,4.37240e+0,0,1.19966e-1,0,6.27885e+1,1.20878e+2,1.05981e+3,0,0,0,0,0,1.84650e-2,2.35732e-1,0,0,0,0,0,0,0,0,0,0,0,0,0,0,0,5.11161e+2,1.54777e+1,1.86594e+2,0,0,0,0,7.15200e-3,6.47143e-1,0,0,0,0,0,0,0,1.58074e+2,2.44129e+2,0,0,0,0,0,0,2.36835e+3
"Northern_Africa","ESH","Western Sahara",1.05599e-3,6.25011e-5,1.55776e-2,6.20579e-5,8.41150e-3,2.99838e-6,0,0,2.10591e-2,0,3.02717e-2,0,0,0,0,0,0,0,0,0,0,0,0,0,0,0,0,0,0,0,0,0,0,1.06936e+1,2.92713e-1,0,0,0,0,0,0,6.76550e-5,0,0,0,0,0,0,0,4.79191e-1,1.52472e+0,0,0,0,0,0,0,1.30668e+1
"Northern_Africa","LBY","Libyan Arab Jamahiriya",6.21816e-1,1.05889e-1,8.95774e-2,7.32689e-5,1.81369e+0,0,0,0,2.15603e+0,8.98606e+0,7.25839e+2,0,0,0,0,0,1.76735e+0,0,0,0,0,0,0,0,0,0,0,0,0,0,0,0,0,3.83119e+1,1.71109e+0,0,0,0,0,0,0,9.42932e-3,7.77600e-3,0,0,0,0,0,0,2.93438e+1,2.54263e+1,0,0,0,0,0,0,8.36189e+2
"Northern_Africa","MAR","Morocco",8.49880e-2,1.14114e-2,3.15924e-1,0,5.19441e-1,0,0,0,4.06290e+0,9.21444e+0,3.46636e+1,0,0,0,0,0,0,0,0,0,0,0,0,0,0,0,0,0,0,0,0,0,0,2.52042e+2,1.01277e+1,0,0,0,0,0,0,3.57156e-1,0,0,0,0,0,0,0,7.67748e+1,1.30084e+2,0,0,0,0,0,0,5.18259e+2
"Northern_Africa","TUN","Tunisia",4.20865e-1,2.67616e-3,8.24714e-2,0,4.26070e-1,0,0,4.18000e-5,9.50028e+0,1.96617e+1,1.46227e+2,0,0,0,0,0,0,3.85000e-3,0,0,0,0,0,0,0,0,0,0,0,0,0,0,0,9.60312e+1,4.62625e+0,0,0,0,0,0,0,6.65518e-2,0,0,0,0,0,0,0,3.69988e+1,3.84052e+1,0,0,0,0,0,0,3.52453e+2
"Western_Africa","BEN","Benin",3.01450e-3,0,6.01920e-3,0,5.11340e-1,0,0,0,2.37968e+1,1.93874e+1,1.01111e-3,0,0,0,0,0,0,0,0,0,0,0,0,0,0,0,0,0,0,0,0,0,0,6.84184e+1,3.06432e+0,4.02773e+0,0,0,0,0,2.19840e+1,5.59163e-1,2.64520e+1,0,0,0,0,0,0,9.48138e+0,3.78362e+1,0,0,0,0,0,0,2.15529e+2
"Western_Africa","BFA","Burkina Faso",2.24005e-3,1.15990e-4,5.70524e-1,6.51422e-4,9.57932e-2,3.77442e-6,0,0,5.45635e+1,4.79313e+1,1.38908e-1,0,0,0,0,0,0,0,0,0,0,0,0,0,0,0,0,0,0,0,0,0,0,3.66599e+2,1.87626e+1,6.40746e+0,0,0,0,0,2.76000e+1,1.09631e+0,0,0,0,0,0,0,0,6.02207e+0,5.25298e+1,0,0,0,0,0,0,5.82321e+2
"Western_Africa","CAF","Central African Republic",6.87841e-4,4.07037e-5,1.73469e-1,3.22375e-4,3.67157e-2,1.88825e-6,0,0,7.88293e+0,1.37175e+1,4.09094e-2,0,0,0,0,0,0,0,0,0,0,0,0,0,0,0,0,0,0,0,0,0,0,1.54571e+2,4.97396e+0,1.84525e+0,0,0,0,0,3.16800e+3,1.77936e-1,9.92800e+2,0,0,0,0,0,0,7.39820e+0,1.86518e+1,0,0,0,0,0,0,4.37027e+3
"Western_Africa","CIV","Cote d'Ivoire",1.55128e-1,2.36366e-3,2.12344e-2,0,1.85438e-1,4.51022e-3,1.11188e-2,0,3.99657e+1,9.51994e+1,2.80663e+1,0,0,0,0,0,0,0,0,0,0,0,0,0,0,0,0,0,0,0,0,0,0,6.68540e+1,3.08066e+0,0,0,0,0,0,2.35680e+1,1.64400e+0,2.52280e+2,0,0,0,0,0,0,3.77003e+1,7.87787e+1,0,0,0,0,0,0,6.27517e+2
"Western_Africa","CMR","Cameroon",2.63768e-3,4.63980e-3,5.65901e-1,5.43400e-4,4.07698e-1,2.42858e-3,0,0,3.60834e+1,1.89301e+1,5.77021e+1,0,0,0,0,0,0,0,0,0,0,0,0,0,0,0,0,0,0,0,0,0,0,2.60605e+2,9.67732e+0,5.22395e+0,0,0,0,0,1.74240e+2,8.67380e-1,6.64360e+1,0,0,0,0,0,0,4.30920e+1,8.10289e+1,0,0,0,0,0,0,7.54870e+2
"Western_Africa","COD","Congo_the Democratic Republic of the",5.02416e-4,2.93076e-4,5.06939e+0,0,1.65911e-1,0,0,0,2.61622e+2,1.72532e+1,5.08861e+0,0,0,0,0,0,0,0,0,0,0,0,0,0,0,0,0,0,0,0,0,0,0,6.59200e+0,2.84845e-1,5.32576e+1,0,0,0,0,9.00000e+2,3.43429e+0,2.97840e+3,0,0,0,0,0,0,6.10884e+1,2.49184e+2,0,0,0,0,0,0,4.54144e+3
"Western_Africa","COG","Congo",3.34944e-3,1.25400e-4,1.37940e-3,1.14950e-3,1.31759e-1,0,0,0,6.46049e+0,5.82537e+1,1.32507e+2,0,0,0,0,0,0,0,0,0,0,0,0,0,0,0,0,0,0,0,0,0,0,5.37361e+1,2.94837e+0,0,0,0,0,0,9.91200e+0,1.59524e-1,2.27120e+1,0,0,0,0,0,0,8.88196e+0,1.75246e+1,0,0,0,0,0,0,3.13233e+2
"Western_Africa","CPV","Cape Verde",5.39880e-4,3.15632e-5,2.19272e-2,6.27858e-5,9.25469e-3,1.51268e-6,0,0,5.86727e-2,8.42270e-2,1.89800e-2,0,0,0,0,0,0,0,0,0,0,0,0,0,0,0,0,0,0,0,0,0,0,1.87505e+0,6.39388e-1,0,0,0,0,0,0,2.28723e-2,0,0,0,0,0,0,0,1.30176e+0,2.24450e+0,0,0,0,0,0,0,6.27727e+0
"Western_Africa","GAB","Gabon",3.65508e-2,1.67200e-3,2.87751e-1,0,5.78071e-2,0,0,0,9.91146e-1,1.64610e+0,1.40914e+2,0,0,0,0,0,0,0,0,0,0,0,0,0,0,0,0,0,0,0,0,0,0,2.83437e+0,3.58639e-1,6.36292e-2,0,0,0,0,3.00000e-1,4.50681e-2,4.04600e+0,0,0,0,0,0,0,9.44703e+0,6.83441e+0,0,0,0,0,0,0,1.67864e+2
"Western_Africa","GHA","Ghana",9.60871e-2,1.37940e-3,1.35474e+0,0,8.32195e-1,6.93880e-3,1.43374e-2,3.76200e-4,7.79960e+1,6.11801e+1,2.75032e-1,0,0,0,0,0,0,0,0,0,0,0,0,0,0,0,0,0,0,0,0,0,0,8.19289e+1,3.94680e+0,1.52710e+1,0,0,0,0,1.10400e+2,1.21468e+0,2.91720e+1,0,0,0,0,0,0,4.48630e+1,9.85397e+1,0,0,0,0,0,0,5.27093e+2
"Western_Africa","GIN","Guinea",2.19864e-3,9.90559e-5,4.10020e-1,6.79942e-4,1.11422e-1,5.28710e-6,0,0,4.27960e+1,2.91140e+1,1.42254e-1,0,0,0,0,0,0,0,0,0,0,0,0,0,0,0,0,0,0,0,0,0,0,1.26257e+2,4.89218e+0,5.86183e+1,0,0,0,0,2.71200e+2,7.90962e-1,3.70600e+2,0,0,0,0,0,0,1.66623e+1,4.22054e+1,0,0,0,0,0,0,9.63803e+2
"Western_Africa","GMB","Gambia",1.02352e-3,6.09141e-5,6.55921e-2,1.02364e-4,4.40104e-2,2.61450e-6,0,0,2.46560e+0,4.93830e+0,3.39642e-2,0,0,0,0,0,0,0,0,0,0,0,0,0,0,0,0,0,0,0,0,0,0,1.34812e+1,5.34060e-1,2.78060e+0,0,0,0,0,4.58400e+0,4.95470e-2,0,0,0,0,0,0,0,1.86005e+0,5.62011e+0,0,0,0,0,0,0,3.64582e+1
"Western_Africa","GNB","Guinea-Bissau",7.95151e-4,4.50312e-5,6.93476e-2,1.70293e-4,2.51355e-2,2.08330e-6,0,0,1.79366e+0,4.57250e-2,4.23379e-2,0,0,0,0,0,0,0,0,0,0,0,0,0,0,0,0,0,0,0,0,0,0,2.02880e+1,1.08853e+0,8.90808e+0,0,0,0,0,1.58160e+1,1.24549e-1,0,0,0,0,0,0,0,1.88124e+0,7.02892e+0,0,0,0,0,0,0,5.71125e+1
"Western_Africa","GNQ","Equatorial Guinea",2.88078e-4,4.37721e-5,2.18104e-2,1.14208e-4,1.21966e-2,1.98578e-6,0,0,1.61317e+0,7.37738e-1,1.11649e+2,0,0,0,0,0,1.68130e+0,0,0,0,0,0,0,0,0,0,0,0,0,0,0,0,0,3.90474e-1,2.53200e-2,0,0,0,0,0,0,1.88791e-2,0,0,0,0,0,0,0,1.90010e+0,5.79865e+0,0,0,0,0,0,0,1.23849e+2
"Western_Africa","LBR","Liberia",1.48993e-3,6.83410e-5,1.43116e-1,1.55189e-4,3.92238e-2,2.67882e-6,0,0,2.13880e+1,2.22223e+1,5.97217e-2,0,0,0,0,0,0,0,0,0,0,0,0,0,0,0,0,0,0,0,0,0,0,3.46574e+0,3.52592e-1,1.44000e+0,0,0,0,0,2.71200e+0,1.62614e-1,1.02000e-1,0,0,0,0,0,0,5.59569e+0,1.30253e+1,0,0,0,0,0,0,7.07100e+1
"Western_Africa","MLI","Mali",2.32785e-3,1.10229e-4,5.80988e-1,2.28871e-4,8.36588e-2,5.10243e-6,0,0,2.08799e+1,1.06997e+1,7.31308e-2,0,0,0,0,0,0,0,0,0,0,0,0,0,0,0,0,0,0,0,0,0,0,4.00892e+2,1.55238e+1,5.31940e+1,0,0,0,0,6.93600e+1,1.25069e+0,3.66520e+1,0,0,0,0,0,0,1.05184e+1,5.81114e+1,0,0,0,0,0,0,6.77822e+2
"Western_Africa","MRT","Mauritania",5.80460e-3,2.58345e-4,1.46662e-1,1.68246e-3,3.29636e-1,1.42677e-5,0,0,6.29935e+0,1.49063e+1,4.06364e-1,0,0,0,0,0,0,0,0,0,0,0,0,0,0,0,0,0,0,0,0,0,0,2.07809e+2,9.28383e+0,0,0,0,0,0,0,6.91453e-2,0,0,0,0,0,0,0,6.08216e+0,1.48166e+1,0,0,0,0,0,0,2.60157e+2
"Western_Africa","NER","Niger",5.13832e-3,2.00578e-4,6.01945e-1,1.14945e-4,6.68070e-2,9.83550e-6,0,0,3.48125e+1,4.77326e+1,9.32320e-2,0,0,0,0,0,0,0,0,0,0,0,0,0,0,0,0,0,0,0,0,0,0,1.31639e+2,4.89381e+0,1.08170e+0,0,0,0,0,1.13760e+0,1.85505e+0,0,0,0,0,0,0,0,6.83086e+0,5.62860e+1,0,0,0,0,0,0,2.87037e+2
"Western_Africa","NGA","Nigeria",3.46542e-1,4.83272e-1,1.07611e+1,0,6.57167e+0,4.68369e-3,7.90020e-3,0,2.42531e+2,9.50754e+1,1.65788e+3,0,0,0,0,0,7.20000e-4,0,0,0,0,0,0,0,0,0,0,0,0,0,0,0,0,8.26572e+2,3.98876e+1,3.12316e+2,0,0,0,0,4.58400e+2,1.36413e+1,5.39240e+1,0,0,0,0,0,0,1.22802e+2,5.89679e+2,0,0,0,0,0,0,4.43088e+3
"Western_Africa","SEN","Senegal",9.64405e-2,3.76200e-4,5.02018e-2,0,1.33028e-1,0,7.90020e-3,0,2.14742e+1,3.12759e+1,2.03050e+0,0,0,0,0,0,0,0,0,0,0,0,0,0,0,0,0,0,0,0,0,0,0,1.69376e+2,7.72877e+0,1.30822e+1,0,0,0,0,4.58400e+1,3.20058e-1,0,0,0,0,0,0,0,2.07698e+1,5.55778e+1,0,0,0,0,0,0,3.67763e+2
"Western_Africa","SHN","Saint Helena",0,0,2.08397e-4,0,1.04881e-3,0,0,0,3.21640e-4,0,1.50610e-3,0,0,0,0,0,0,0,0,0,0,0,0,0,0,0,0,0,0,0,0,0,0,4.44422e-2,4.16823e-3,0,0,0,0,0,0,0,0,0,0,0,0,0,0,1.79276e-2,2.12242e-2,0,0,0,0,0,0,9.08472e-2
"Western_Africa","SLE","Sierra Leone",3.14786e-3,1.41587e-4,2.42854e-1,4.34473e-4,4.34030e-2,7.08198e-6,0,0,1.96323e+1,3.15502e+1,1.11589e-1,0,0,0,0,0,0,0,0,0,0,0,0,0,0,0,0,0,0,0,0,0,0,1.46758e+1,7.22549e-1,1.55400e+1,0,0,0,0,4.75200e+1,3.77576e-1,6.51440e+0,0,0,0,0,0,0,6.94151e+0,2.30481e+1,0,0,0,0,0,0,1.66924e+2
"Western_Africa","STP","Sao Tome and Principe",4.76757e-4,2.82142e-5,6.84372e-3,2.97854e-5,7.61125e-3,1.31555e-6,0,0,1.65989e-2,7.57671e-1,1.11402e-2,0,0,0,0,0,0,0,0,0,0,0,0,0,0,0,0,0,0,0,0,0,0,2.33759e-1,2.00222e-2,0,0,0,0,0,0,1.85530e-3,0,0,0,0,0,0,0,3.09757e-1,6.30630e-1,0,0,0,0,0,0,1.99643e+0
"Western_Africa","TCD","Chad",6.05956e-4,3.49579e-5,4.20169e-1,5.31120e-5,8.89458e-3,1.63303e-6,0,0,2.54105e+1,3.32949e+1,2.34593e+1,0,0,0,0,0,0,0,0,0,0,0,0,0,0,0,0,0,0,0,0,0,0,3.01424e+2,1.16064e+1,1.49529e+1,0,0,0,0,3.67200e+2,8.25647e-1,0,0,0,0,0,0,0,6.51349e+0,3.89630e+1,0,0,0,0,0,0,8.24080e+2
"Western_Africa","TGO","Togo",4.26339e-3,0,8.53638e-3,0,1.36994e-1,0,0,0,2.39088e+1,4.73711e+1,0,0,0,0,0,0,0,0,0,0,0,0,0,0,0,0,0,0,0,0,0,0,0,2.64693e+1,1.60756e+0,4.45404e+0,0,0,0,0,1.35360e+1,4.44222e-1,1.02000e+1,0,0,0,0,0,0,7.34767e+0,2.60241e+1,0,0,0,0,0,0,1.61513e+2
"Eastern_Africa","BDI","Burundi",7.52992e-4,3.90842e-5,3.22088e-1,2.63817e-4,3.62624e-2,1.79695e-6,0,0,3.12262e+1,2.61509e+1,5.25894e-2,0,0,0,0,0,0,0,0,0,0,0,0,0,0,0,0,0,0,0,0,0,0,1.89109e+1,7.36197e-1,3.72230e+0,0,0,0,0,0,3.61568e-1,0,0,0,0,0,0,0,1.24400e+0,2.92880e+1,0,0,0,0,0,0,1.12052e+2
"Eastern_Africa","COM","Comoros",1.35595e-4,1.91752e-5,3.43632e-2,8.59320e-5,7.96529e-3,8.42450e-7,0,0,1.38694e-1,3.32878e+0,1.21755e-2,0,0,0,0,0,0,0,0,0,0,0,0,0,0,0,0,0,0,0,0,0,0,2.17050e+0,9.90733e-2,1.78162e+0,0,0,0,0,0,1.32823e-2,0,0,0,0,0,0,0,9.37643e-1,3.46883e+0,0,0,0,0,0,0,1.19932e+1
"Eastern_Africa","DJI","Djibouti",2.15533e-3,1.25247e-4,4.74406e-2,3.01956e-4,2.92715e-2,6.61095e-6,0,0,1.60813e-1,4.05424e+0,2.00603e-1,0,0,0,0,0,0,0,0,0,0,0,0,0,0,0,0,0,0,0,0,0,0,1.74434e+1,7.00280e-1,0,0,0,0,0,5.16000e-3,1.81737e-6,0,0,0,0,0,0,0,1.91548e+0,3.83582e+0,0,0,0,0,0,0,2.83951e+1
"Eastern_Africa","ERI","Eritrea",9.36389e-4,0,1.00320e-3,0,1.47990e-2,0,0,0,1.17017e+1,1.06997e+1,0,0,0,0,0,0,0,0,0,0,0,0,0,0,0,0,0,0,0,0,0,0,0,8.24522e+1,2.82192e+0,0,0,0,0,0,9.67200e-1,1.17234e-1,0,0,0,0,0,0,0,1.74096e+0,1.69880e+1,0,0,0,0,0,0,1.27506e+2
"Eastern_Africa","ETH","Ethiopia",3.76812e-4,0,5.14140e-2,0,3.02073e-1,0,0,0,3.56140e+2,2.03019e+1,0,0,0,0,0,0,0,0,0,0,0,0,0,0,0,0,0,0,0,0,0,0,0,1.50660e+3,5.56580e+1,0,0,0,0,0,4.96800e+2,9.73389e+0,0,0,0,0,0,0,0,2.41078e+1,3.12672e+2,0,0,0,0,0,0,2.78236e+3
"Eastern_Africa","KEN","Kenya",5.38860e-1,9.32184e-3,8.62752e-2,7.41056e-3,5.16405e-1,7.80615e-3,1.17040e-3,0,9.35522e+1,2.56243e+2,4.54501e-1,0,0,0,0,0,0,0,0,0,0,0,0,0,0,0,0,0,0,0,0,0,0,6.76073e+2,2.12794e+1,2.34791e+0,0,0,0,0,1.31760e+1,1.07048e+0,0,0,0,0,0,0,0,2.51505e+1,1.65808e+2,0,0,0,0,0,0,1.25632e+3
"Eastern_Africa","MDG","Madagascar",7.18641e-3,4.24690e-4,8.04207e-1,8.70387e-4,1.80477e-1,1.44295e-5,0,0,4.33929e+1,8.68775e+1,2.46164e-1,0,0,0,0,0,0,0,0,0,0,0,0,0,0,0,0,0,0,0,0,0,0,3.65189e+2,1.31787e+1,1.96379e+2,0,0,0,0,5.06400e+0,1.13520e+0,4.74640e+0,2.16000e-1,0,0,0,0,0,1.30990e+1,7.36464e+1,0,0,0,0,0,0,8.04163e+2
"Eastern_Africa","MUS","Mauritius",8.55559e-3,4.13457e-4,6.79417e-2,3.01676e-4,1.03799e-1,1.79363e-5,0,0,8.99644e-1,3.65800e-2,3.61157e-1,0,0,0,0,0,0,0,0,0,0,0,0,0,0,0,0,0,0,0,0,0,0,1.87560e+0,2.55503e-1,0,0,0,0,0,0,9.40087e-2,0,0,0,0,0,0,0,4.03490e+0,5.59510e+0,0,0,0,0,0,0,1.33335e+1
"Eastern_Africa","MYT","Mayotte",0,0,0,0,0,0,0,0,0,0,0,0,0,0,0,0,0,0,0,0,0,0,0,0,0,0,0,0,0,0,0,0,0,0,0,0,0,0,0,0,0,0,0,0,0,0,0,0,0,2.03898e-1,3.61039e-1,0,0,0,0,0,0,5.64937e-1
"Eastern_Africa","REU","Reunion",5.51988e-3,3.16118e-4,3.92401e-2,1.13244e-3,9.60686e-2,1.29854e-5,0,0,2.63115e-1,0,3.12754e-1,0,0,0,0,0,0,0,0,0,0,0,0,0,0,0,0,0,0,0,0,0,0,1.92115e+0,4.38300e-1,5.09033e-3,0,0,0,0,0,5.19080e-2,0,0,0,0,0,0,0,4.34552e+0,4.97587e+0,0,0,0,0,0,0,1.24560e+1
"Eastern_Africa","RWA","Rwanda",2.30910e-3,1.30156e-4,3.93175e-1,4.65845e-4,5.71344e-2,6.71055e-6,0,0,1.88754e+1,2.30454e+1,1.95133e-1,0,0,0,0,0,0,0,0,0,0,0,0,0,0,0,0,0,0,0,0,0,0,4.29180e+1,1.80526e+0,2.16912e+0,0,0,0,0,1.66320e-1,5.89159e-1,0,0,0,0,0,0,0,2.18758e+0,3.39092e+1,0,0,0,0,0,0,1.26314e+2
"Eastern_Africa","SDN","Sudan",3.85901e-2,1.44210e-2,1.33081e+0,0,1.04730e+0,1.73470e-3,5.85200e-4,0,8.24940e+1,1.76590e+2,4.35481e+1,0,0,0,0,0,0,0,0,0,0,0,0,0,0,0,0,0,0,0,0,0,0,1.93997e+3,6.89122e+1,6.13385e-1,0,0,0,0,1.50960e+3,2.63822e+0,0,0,0,0,0,0,0,8.50982e+1,1.71213e+2,0,0,0,0,0,0,4.08312e+3
"Eastern_Africa","SOM","Somalia",9.83877e-4,9.75682e-5,3.53900e-1,3.72442e-4,4.93773e-2,4.34090e-6,0,0,4.01343e+1,7.58120e+1,8.40900e-2,0,0,0,0,0,0,0,0,0,0,0,0,0,0,0,0,0,0,0,0,0,0,5.67162e+2,2.52409e+1,0,0,0,0,0,1.44240e+0,1.49632e-1,0,0,0,0,0,0,0,5.70327e+0,3.50479e+1,0,0,0,0,0,0,7.51181e+2
"Eastern_Africa","SYC","Seychelles",4.21833e-3,2.52745e-4,6.74341e-3,2.43250e-7,1.58937e-2,7.97423e-6,0,0,1.71703e-2,0,9.71171e-2,0,0,0,0,0,0,0,0,0,0,0,0,0,0,0,0,0,0,0,0,0,0,9.46695e-2,5.96278e-2,0,0,0,0,0,0,5.05440e-6,0,0,0,0,0,0,0,3.87414e-1,3.58467e-1,0,0,0,0,0,0,1.04159e+0
"Eastern_Africa","UGA","Uganda",4.80359e-3,2.86785e-4,1.23741e+0,3.67464e-4,1.91205e-1,1.00617e-5,0,0,1.35757e+2,7.64522e+1,1.86437e-1,0,0,0,0,0,0,0,0,0,0,0,0,0,0,0,0,0,0,0,0,0,0,3.07509e+2,1.12996e+1,1.39984e+1,0,0,0,0,1.09920e+2,2.38524e+0,0,0,0,0,0,0,0,7.65936e+0,1.06905e+2,0,0,0,0,0,0,7.73507e+2
"Southern_Africa","AGO","Angola",4.86088e-3,6.40016e-3,2.13387e-1,4.25315e-3,4.60408e-1,0,0,0,2.03792e+1,9.27303e+1,3.76194e+2,0,0,0,0,0,0,0,0,0,0,0,0,0,0,0,0,0,0,0,0,0,0,1.77702e+2,5.47119e+0,1.86624e+0,0,0,0,0,6.62400e+0,4.72756e-1,1.64560e+1,0,0,0,0,0,0,2.22355e+1,6.98319e+1,0,0,0,0,0,0,7.90653e+2
"Southern_Africa","BWA","Botswana",1.11662e-2,2.46238e-5,1.49934e-1,6.83446e-5,3.38153e-1,1.39170e-5,0,0,2.92816e+0,1.83590e+1,1.13122e-2,0,0,0,0,0,0,0,0,0,0,0,0,0,0,0,0,0,0,0,0,0,0,1.42183e+2,3.93912e+0,0,0,0,0,0,7.65600e-1,4.08185e-2,0,3.09600e-2,0,0,0,0,0,6.29125e+0,8.29604e+0,0,0,0,0,0,0,1.83345e+2
"Southern_Africa","LSO","Lesotho",4.18538e-4,2.48283e-5,7.74910e-2,1.83756e-4,2.49105e-2,1.27198e-6,0,0,7.37948e+0,8.14435e+0,2.35727e-2,0,0,0,0,0,0,0,0,0,0,0,0,0,0,0,0,0,0,0,0,0,0,3.09915e+1,7.94241e-1,0,0,0,0,0,0,3.53527e-2,0,1.51920e-1,0,0,0,0,0,1.62921e+0,8.26898e+0,0,0,0,0,0,0,5.75216e+1
"Southern_Africa","MOZ","Mozambique",6.41937e-4,0,7.43286e-1,0,1.29278e-1,0,9.65580e-3,0,6.39920e+1,3.92351e+1,7.55904e+1,0,0,0,0,0,0,0,0,0,0,0,0,0,0,0,0,0,0,0,0,0,0,5.10486e+1,2.18188e+0,2.29701e+1,0,0,0,0,2.21040e+0,1.95622e+0,9.04400e-1,8.92800e-2,0,0,0,0,0,1.91920e+1,9.38992e+1,0,0,0,0,0,0,3.74152e+2
"Southern_Africa","MWI","Malawi",2.57686e-3,1.45920e-4,5.54173e-1,3.62318e-4,8.49215e-2,7.94310e-6,0,0,2.08168e+1,4.07852e+1,9.28278e-2,0,0,0,0,0,0,0,0,0,0,0,0,0,0,0,0,0,0,0,0,0,0,4.44296e+1,1.86960e+0,4.54948e+0,0,0,0,0,2.35200e+1,2.21377e+0,0,0,0,0,0,0,0,4.59366e+0,5.29048e+1,0,0,0,0,0,0,1.96418e+2
"Southern_Africa","NAM","Namibia",1.25399e-3,0,1.26382e-2,6.48300e-4,2.41228e-1,0,7.31500e-3,0,7.13597e-1,4.89661e+0,0,0,0,0,0,0,0,0,0,0,0,0,0,0,0,0,0,0,0,0,0,0,0,1.89033e+2,4.39515e+0,0,0,0,0,0,6.04800e-2,7.88532e-2,0,1.20960e-5,0,0,0,0,0,4.05206e+0,7.98319e+0,0,0,0,0,0,0,2.11476e+2
"Southern_Africa","SWZ","Swaziland",2.23196e-3,8.60573e-5,4.73299e-2,1.60712e-4,6.18611e-2,5.08375e-6,0,0,2.59362e+0,4.09970e+0,5.89719e-2,0,0,0,0,0,0,0,0,0,0,0,0,0,0,0,0,0,0,0,0,0,0,3.23579e+1,7.69763e-1,6.36292e-3,0,0,0,0,0,1.02098e-1,0,4.24800e-2,0,0,0,0,0,1.78131e+0,1.70209e+1,0,0,0,0,0,0,5.89448e+1
"Southern_Africa","TZA","Tanzania_United Republic of",1.50725e-3,0,1.97430e+0,0,3.65387e-1,0,0,0,9.55214e+1,1.38810e+2,1.89297e+1,0,0,0,0,0,0,0,0,0,0,0,0,0,0,0,0,0,0,0,0,0,0,6.40790e+2,2.16662e+1,4.54948e+1,0,0,0,0,1.80960e+1,4.92850e+0,1.12200e+1,0,0,0,0,0,0,2.28572e+1,1.81500e+2,0,0,0,0,0,0,1.20215e+3
"Southern_Africa","ZAF","South Africa",1.68672e+0,6.36196e-2,5.35595e+0,2.06184e-2,5.10386e+0,2.44593e-2,0,0,1.02266e+2,1.25955e+3,8.44099e+1,0,0,0,0,0,2.49930e-1,4.33334e+0,0,0,0,0,0,0,0,0,0,0,0,0,0,0,0,9.27308e+2,2.24340e+1,1.78162e-1,0,0,0,0,9.76800e-1,1.97824e+0,2.30400e+0,9.40800e+1,0,0,0,0,0,2.80624e+2,3.24706e+2,0,0,0,0,0,0,3.11765e+3
"Southern_Africa","ZMB","Zambia",1.11369e-3,1.29580e-3,1.06270e+0,0,1.79091e-1,0,0,2.00640e-2,3.13110e+1,8.10803e+1,1.11257e-1,0,0,0,0,0,0,0,0,0,0,0,0,0,0,0,0,0,0,0,0,0,0,1.06016e+2,3.78002e+0,1.34894e+0,0,0,0,0,4.22400e+2,3.37108e-1,2.55000e+2,0,0,0,0,0,0,1.08998e+1,4.81496e+1,0,0,0,0,0,0,9.61699e+2
"Southern_Africa","ZWE","Zimbabwe",4.46464e-2,5.01600e-4,2.46244e-1,0,2.05369e-1,4.23434e-3,0,0,3.17200e+1,1.92581e+1,6.90000e-5,0,0,0,0,0,0,2.35530e-1,0,0,0,0,0,0,0,0,0,0,0,0,0,0,0,2.72324e+2,7.22333e+0,3.18146e-2,0,0,0,0,1.08240e+0,4.88260e-1,0,0,0,0,0,0,0,1.53995e+1,5.48146e+1,0,0,0,0,0,0,4.03078e+2
"OECD_Europe","AUT","Austria",2.04541e+0,1.56538e-1,1.74446e+0,2.38260e-3,1.59037e+0,1.04082e-2,4.09640e-3,8.27640e-3,3.58186e+1,1.89161e+0,4.84530e+1,0,0,0,0,0,1.65330e-1,3.76040e-1,0,0,0,0,0,0,0,0,0,0,0,0,0,0,0,1.51172e+2,4.29477e+1,0,0,0,0,0,0,3.49181e-1,0,4.41600e-2,0,0,0,0,0,6.22293e+1,4.55263e+1,1.72800e-3,6.99788e+0,0,0,0,0,4.01535e+2
"OECD_Europe","BEL","Belgium",1.76108e+0,9.47943e-2,1.27481e+0,1.04602e-4,1.45442e+0,7.63268e-3,6.14460e-2,0,6.69801e+0,3.95324e+0,4.62355e+1,0,0,0,0,0,4.78544e-1,5.30390e-1,0,0,0,0,0,0,0,0,0,0,0,0,0,0,0,1.93482e+2,7.45663e+1,0,0,0,0,0,0,2.66273e-1,0,8.06400e-2,0,0,0,0,0,3.10488e+1,8.47907e+1,2.59646e-1,9.34344e+0,0,0,0,0,4.56388e+2
"OECD_Europe","CHE","Switzerland",7.57526e-1,2.13256e-2,8.22346e-1,7.31500e-4,1.92904e+0,1.90817e-3,2.63340e-3,0,1.29266e+1,3.54000e-1,3.00349e+1,0,0,0,0,0,7.07996e-2,0,0,0,0,0,0,0,0,0,0,0,0,0,0,0,0,1.19621e+2,3.29026e+1,0,0,0,0,0,0,9.15597e-2,4.08480e-2,0,0,0,0,0,0,2.04733e+1,1.21269e+1,1.20608e-5,3.30170e+0,0,0,0,0,2.35479e+2
"OECD_Europe","DEU","Germany",1.03383e+1,4.50201e-1,4.95429e+0,3.68049e-2,1.24640e+1,7.80615e-2,8.01724e-2,2.75880e-3,1.06423e+2,3.54751e+2,2.66849e+2,0,0,0,0,0,5.89257e+0,1.96035e+0,0,0,0,0,0,0,0,0,0,0,0,0,0,0,0,1.04417e+3,3.45799e+2,0,0,0,0,0,0,3.53391e+0,0,6.40800e-2,0,0,0,0,0,5.30964e+2,1.71325e+2,0,3.71859e-2,0,0,0,0,2.86018e+3
"OECD_Europe","DNK","Denmark",2.34170e+0,9.96933e-2,3.65198e-1,6.27000e-4,1.30241e+0,1.26633e-2,3.51120e-2,5.14140e-3,1.47201e+1,2.45040e-1,4.31523e+1,0,0,0,0,0,0,0,0,0,0,0,0,0,0,0,0,0,0,0,0,0,0,1.31974e+2,1.08864e+2,0,0,0,0,0,0,7.10677e-1,0,0,0,0,0,0,0,5.67126e+1,9.38168e+0,0,3.68748e+0,0,0,0,0,3.73611e+2
"OECD_Europe","ESP","Spain",3.14595e+0,5.74782e-1,3.35037e+0,4.98373e-2,7.71497e+0,1.09460e-1,4.90983e-1,2.59160e-3,4.16485e+1,7.66038e+1,4.11551e+1,0,0,0,0,0,8.22530e-1,4.84913e-1,0,0,0,0,0,0,0,0,0,0,0,0,0,0,0,6.26757e+2,3.24810e+2,2.62900e+1,0,0,0,0,0,1.55778e+0,0,2.90400e-1,0,0,0,0,0,4.09327e+2,1.22952e+2,2.84228e-2,2.96000e+1,0,0,0,0,1.71777e+3
"OECD_Europe","FIN","Finland",4.68352e+0,7.63448e-2,4.37280e+0,3.13499e-3,1.45138e+0,7.63268e-3,6.46646e-2,7.10600e-4,2.03971e+1,2.91553e+0,5.36483e+0,0,0,0,0,0,8.33220e-2,5.12708e-1,0,0,0,0,0,0,0,0,0,0,0,0,0,0,0,7.35763e+1,2.10462e+1,0,0,0,0,0,0,2.91194e-1,0,3.12000e-1,0,0,0,0,0,1.04081e+2,2.25648e+2,0,1.91733e+0,0,0,0,0,4.66806e+2
"OECD_Europe","FRA","France",3.39215e+0,2.93928e-1,4.32101e+0,2.89883e-2,8.79012e+0,3.62552e-2,8.98296e-2,0,1.50373e+2,1.75600e+1,1.48602e+3,0,0,0,0,0,1.66579e+0,1.54464e+0,0,0,0,0,0,0,0,0,0,0,0,0,0,0,0,1.37782e+3,3.53091e+2,3.81700e+0,0,0,0,0,0,5.23421e+0,0,5.78400e-2,0,0,0,0,0,3.36258e+2,1.90421e+2,2.49332e+0,2.00954e+1,0,0,0,0,3.96341e+3
"OECD_Europe","FRO","Faroe Islands",0,0,0,0,0,0,0,0,0,0,0,0,0,0,0,0,0,0,0,0,0,0,0,0,0,0,0,0,0,0,0,0,0,6.13384e-1,2.49390e-2,0,0,0,0,0,0,9.69408e-6,0,0,0,0,0,0,0,1.03615e+0,4.15962e-2,2.86119e-3,2.60108e-2,0,0,0,0,1.74495e+0
"OECD_Europe","GBR","United Kingdom",6.60668e+0,1.10840e+0,2.29125e+0,1.72216e-2,9.13242e+0,1.17527e-1,4.93909e-1,0,2.54011e+1,8.38724e+1,5.40760e+2,0,0,0,0,0,1.07483e+0,3.79820e-1,0,0,0,0,0,0,0,0,0,0,0,0,0,0,0,1.00440e+3,1.76448e+2,0,0,0,0,0,0,1.88344e+0,0,3.50400e-2,0,0,0,0,0,1.02668e+3,1.10253e+2,2.23047e-1,9.46084e+0,0,0,0,0,3.00064e+3
"OECD_Europe","GIB","Gibraltar",0,0,0,0,1.43702e-2,0,0,0,0,0,0,0,0,0,0,0,0,0,0,0,0,0,0,0,0,0,0,0,0,0,0,0,0,0,0,0,0,0,0,0,0,0,0,0,0,0,0,0,0,2.36471e-1,2.43595e-2,8.81397e-4,8.01268e-3,0,0,0,0,2.84095e-1
"OECD_Europe","GRC","Greece",6.86736e-1,9.71291e-2,6.60730e-1,7.56580e-3,7.15709e+0,7.36948e-3,2.06868e-1,8.36000e-5,1.29140e+1,5.55395e+1,1.18880e+1,0,0,0,0,0,3.36600e-3,0,0,0,0,0,0,0,0,0,0,0,0,0,0,0,0,1.38999e+2,3.02739e+1,5.06000e+0,0,0,0,0,0,3.96089e-1,0,0,0,0,0,0,0,1.16194e+2,1.37036e+1,3.80400e-4,2.15108e-1,0,0,0,0,3.94011e+2
"OECD_Europe","GRL","Greenland",0,0,0,0,0,0,0,0,0,0,0,0,0,0,0,0,0,0,0,0,0,0,0,0,0,0,0,0,0,0,0,0,0,1.54459e-1,2.81391e-3,0,0,0,0,0,0,0,0,0,0,0,0,0,0,9.19336e-1,2.12635e-1,1.45865e-3,1.32604e-2,0,0,0,0,1.30396e+0
"OECD_Europe","IRL","Ireland",3.25908e-1,1.08937e-2,4.49983e-1,1.25400e-3,1.07997e+0,7.28574e-3,7.90020e-3,0,9.40937e+0,7.08000e-1,7.71781e+1,0,0,0,0,0,0,0,0,0,0,0,0,0,0,0,0,0,0,0,0,0,0,4.82385e+2,7.31069e+1,0,0,0,0,0,0,1.54230e-1,0,2.26080e-2,0,0,0,0,0,6.09480e+1,6.11246e+0,0,6.19172e-1,0,0,0,0,7.12527e+2
"OECD_Europe","ISL","Iceland",2.63768e-3,0,5.31717e-2,1.88100e-4,6.52592e-2,0,4.68160e-3,0,5.38029e-2,0,0,0,0,0,0,0,0,1.49703e-1,0,0,0,0,0,0,0,0,0,0,0,0,0,0,0,8.86581e+0,1.25015e+0,0,0,0,0,0,0,6.92064e-5,0,0,0,0,0,0,0,5.95305e+0,4.16913e-1,5.55483e-4,7.20216e-3,0,0,0,0,1.68232e+1
"OECD_Europe","ITA","Italy",5.98519e+0,3.29808e-1,2.94831e+0,1.60930e-2,2.18449e+1,1.97756e-2,4.62840e-1,0,2.99753e+1,1.55234e+1,2.17037e+2,0,0,0,0,0,9.18785e-1,1.07876e+0,0,0,0,0,0,0,0,0,0,0,0,0,0,0,0,5.04682e+2,2.00567e+2,4.88400e+1,0,0,0,0,0,1.66064e+0,1.50240e-2,1.28400e-1,0,0,0,0,0,6.90642e+2,7.80957e+1,1.26109e+0,2.90362e+1,0,0,0,0,1.85107e+3
"OECD_Europe","LUX","Luxembourg",7.59439e-2,0,7.48722e-2,2.09339e-5,3.21923e-1,0,0,1.50480e-3,1.10820e-1,0,4.93007e+0,0,0,0,0,0,0,5.90100e-2,0,0,0,0,0,0,0,0,0,0,0,0,0,0,0,1.25320e+1,2.94107e+1,0,0,0,0,0,0,1.13287e-2,0,4.08000e-1,0,0,0,0,0,2.33944e+0,4.59364e-1,0,2.35189e-1,0,0,0,0,5.09702e+1
"OECD_Europe","NLD","Netherlands",3.42431e+0,3.82886e-1,4.28067e-1,1.10770e-3,3.19367e+0,5.37757e-3,7.81242e-2,0,7.13024e+0,3.47683e+0,2.22184e+2,0,0,0,0,0,2.43688e+0,3.22385e-1,0,0,0,0,0,0,0,0,0,0,0,0,0,0,0,2.96327e+2,1.48114e+2,0,0,0,0,0,0,2.16397e-1,0,3.45600e-2,0,0,0,0,0,2.60200e+2,4.09313e+1,0,5.20000e+0,0,0,0,0,9.94087e+2
"OECD_Europe","NOR","Norway",3.37137e-1,5.36672e-1,8.53550e-1,5.85200e-3,1.16780e+0,2.42858e-3,2.45199e-1,3.34400e-4,1.10152e+1,3.88548e+1,5.54240e+2,0,0,0,0,0,2.22726e+0,8.31482e-1,0,0,0,0,0,0,0,0,0,0,0,0,0,0,0,8.37564e+1,1.63170e+1,0,0,0,0,0,0,9.14310e-2,0,0,0,0,0,0,0,4.97652e+1,4.91823e+1,4.74902e+0,1.54130e+0,0,0,0,0,8.15721e+2
"OECD_Europe","PRT","Portugal",7.64567e-1,4.19455e-2,1.93865e+0,3.26040e-3,2.14107e+0,4.16328e-3,5.85200e-3,0,2.06179e+1,1.34520e+0,5.05286e+1,0,0,0,0,0,1.07662e-1,2.92950e-2,0,0,0,0,0,0,0,0,0,0,0,0,0,0,0,1.43163e+2,5.77398e+1,4.40000e+0,0,0,0,0,0,1.00759e-1,0,4.34400e-1,0,0,0,0,0,2.78678e+2,5.36301e+1,3.13585e-1,1.09243e+0,0,0,0,0,6.17080e+2
"OECD_Europe","SWE","Sweden",5.45912e+0,4.71207e-2,5.35467e+0,7.20464e-3,1.92271e+0,5.20410e-4,3.59898e-2,3.95652e-3,1.89567e+1,1.56996e+0,2.64692e+1,0,0,0,0,0,3.39311e-1,1.80166e-1,0,0,0,0,0,0,0,0,0,0,0,0,0,0,0,1.22399e+2,2.94030e+1,0,0,0,0,0,0,3.39412e-1,0,2.27520e-2,0,0,0,0,0,9.09124e+1,2.48445e+2,3.95875e-2,1.56272e+0,0,0,0,0,5.53471e+2
"Central Europe","ALB","Albania",1.25604e-4,4.93240e-3,3.62949e-2,0,2.19777e-1,3.47504e-3,1.31880e-2,0,8.52515e+0,5.18093e+0,1.40190e+1,0,0,0,0,0,0,5.71046e-2,0,0,0,0,0,0,0,0,0,0,0,0,0,0,0,6.87874e+1,1.07483e+1,0,0,0,0,0,0,1.47274e-1,0,0,0,0,0,0,0,5.23628e+0,5.35680e+0,2.46823e-3,8.22744e-3,0,0,0,0,1.18347e+2
"Central Europe","BGR","Bulgaria",2.72282e-1,2.63298e-2,4.53597e-1,5.22500e-4,2.19532e+0,5.96714e-3,0,9.53040e-3,2.55902e+1,3.21606e+1,1.16973e+1,0,0,0,0,0,1.71551e-1,1.09600e-1,0,0,0,0,0,0,0,0,0,0,0,0,0,0,0,7.90326e+1,1.51170e+1,8.65700e-1,0,0,0,0,0,1.57887e+0,0,2.85600e-1,0,0,0,0,0,4.05144e+2,2.77757e+1,0,0,0,0,0,0,6.02492e+2
"Central Europe","BIH","Bosnia and Herzegovina",1.02455e-1,5.20201e-3,7.22565e-2,2.00000e-3,4.74883e-1,0,0,0,7.04793e+0,4.81440e+1,6.26854e+0,0,0,0,0,0,9.97430e-4,1.01200e-3,0,0,0,0,0,0,0,0,0,0,0,0,0,0,0,4.67547e+1,1.03089e+1,0,0,0,0,0,0,3.43066e-1,0,0,0,0,0,0,0,7.50482e+0,6.37133e+0,3.54609e-3,1.18202e-2,0,0,0,0,1.33417e+2
"Central Europe","CYP","Cyprus",3.69935e-4,0,5.05783e-2,0,2.33989e-1,0,0,0,6.48677e-2,1.82900e-1,0,0,0,0,0,0,0,0,0,0,0,0,0,0,0,0,0,0,0,0,0,0,0,8.51915e+0,3.83599e+0,0,0,0,0,0,0,6.51645e-3,0,0,0,0,0,0,0,1.28245e+1,3.56800e+0,0,0,0,0,0,0,2.92869e+1
"Central Europe","CZE","Czech Republic",1.06389e+0,5.79960e-2,1.66071e+0,0,2.49519e+0,0,0,5.08696e-3,4.57220e+1,1.40090e+2,5.06342e+1,0,0,0,0,0,1.86404e-1,3.73415e-1,0,0,0,0,0,0,0,0,0,0,0,0,0,0,0,1.52679e+2,2.26648e+1,0,0,0,0,0,0,1.86674e+0,0,1.02480e-1,0,0,0,0,0,1.04321e+2,4.66537e+1,2.11175e-1,9.22980e-1,0,0,0,0,5.71710e+2
"Central Europe","EST","Estonia",2.58489e-1,7.54475e-3,2.49410e-1,0,2.92128e-1,8.15309e-3,1.75560e-3,0,1.03216e+1,1.36284e+1,1.81919e+1,0,0,0,0,0,0,0,0,0,0,0,0,0,0,0,0,0,0,0,0,0,0,2.52341e+1,3.84242e+0,1.83700e+0,0,0,0,0,0,1.76781e-1,0,0,0,0,0,0,0,2.19595e+1,7.47146e+0,0,2.32232e+0,0,0,0,0,1.05803e+2
"Central Europe","HRV","Croatia",1.14626e-1,4.35366e-2,2.03817e-1,1.25400e-3,1.28132e+0,5.98514e-3,9.94840e-3,1.88406e-4,1.01166e+1,3.10930e-1,1.00502e+2,0,0,0,0,0,6.08258e-2,0,0,0,0,0,0,0,0,0,0,0,0,0,0,0,0,5.16459e+1,1.13817e+1,0,0,0,0,0,0,8.48470e-1,0,0,0,0,0,0,0,3.49198e+1,1.43402e+1,2.11235e-5,0,0,0,0,0,2.25788e+2
"Central Europe","HUN","Hungary",1.01665e+0,5.75881e-2,3.24755e-1,4.18000e-5,1.17926e+0,1.07551e-2,1.46490e-3,0,1.65187e+1,8.83667e+0,8.22555e+1,0,0,0,0,0,1.94897e-1,1.06282e-1,0,0,0,0,0,0,0,0,0,0,0,0,0,0,0,8.80838e+1,2.81007e+1,5.99500e-1,0,0,0,0,0,3.60132e+0,0,5.68800e-1,0,0,0,0,0,1.06639e+2,3.27153e+1,1.08480e-1,0,0,0,0,0,3.70919e+2
"Central Europe","LTU","Lithuania",2.53334e-1,2.87751e-2,1.95803e-1,2.09000e-5,8.90462e-1,1.23164e-2,1.75560e-3,1.21220e-3,1.65654e+1,9.14500e-2,6.59911e+1,0,0,0,0,0,1.15000e-1,0,0,0,0,0,0,0,0,0,0,0,0,0,0,0,0,7.72351e+1,1.32616e+1,0,0,0,0,0,0,5.65619e-1,0,3.48000e-1,0,0,0,0,0,5.37424e+1,1.33859e+1,1.08236e-3,0,0,0,0,0,2.42686e+2
"Central Europe","LVA","Latvia",2.62297e-1,0,3.69329e-1,2.09000e-5,5.18254e-1,1.26633e-2,0,2.72142e-4,2.96608e+1,6.40150e-1,4.99542e+1,0,0,0,0,0,0,0,0,0,0,0,0,0,0,0,0,0,0,0,0,0,0,3.39089e+1,5.59260e+0,0,0,0,0,0,0,3.66619e-1,0,2.09520e+0,0,0,0,0,0,2.28576e+1,4.43722e+0,1.37446e-4,3.39558e-2,0,0,0,0,1.50710e+2
"Central Europe","MKD","Macedonia, the former Yugoslav Republic of",6.46861e-2,3.46940e-4,7.32794e-2,0,2.66580e-1,1.21627e-3,0,0,4.78583e+0,7.00613e+0,9.67430e+0,0,0,0,0,0,1.65933e-3,5.50000e-2,0,0,0,0,0,0,0,0,0,0,0,0,0,0,0,2.65976e+1,3.55175e+0,4.51000e-1,0,0,0,0,0,1.75993e-1,0,2.80800e-1,0,0,0,0,0,6.04593e+0,8.02401e+0,2.31127e-3,7.70424e-3,0,0,0,0,6.70661e+1
"Central Europe","MLT","Malta",3.72834e-3,0,0,0,4.51360e-2,0,0,0,5.43400e-3,0,0,0,0,0,0,0,0,0,0,0,0,0,0,0,0,0,0,0,0,0,0,0,0,1.59911e+0,7.02332e-1,0,0,0,0,0,0,1.21262e-3,0,0,0,0,0,0,0,9.03959e+0,3.73232e-1,0,0,0,0,0,0,1.17698e+1
"Central Europe","POL","Poland",2.36492e+0,1.82525e-1,3.71943e+0,0,8.33814e+0,2.88137e-2,6.15174e-3,1.36686e-2,2.32100e+2,1.77753e+3,1.52090e+2,0,0,0,0,0,2.31376e-1,4.40412e-1,0,0,0,0,0,0,0,0,0,0,0,0,0,0,0,5.79672e+2,1.41944e+2,0,0,0,0,0,0,5.03393e+0,0,8.78400e-1,0,0,0,0,0,3.29416e+2,9.50264e+1,1.38490e-1,1.04884e+0,0,0,0,0,3.33020e+3
"Central Europe","ROU","Romania",5.94193e-1,2.27171e-1,8.75467e-1,4.18000e-5,2.51888e+0,1.40672e-2,1.19966e-2,1.29580e-3,1.10341e+2,5.77592e+1,4.13763e+2,0,0,0,0,0,1.03084e+0,6.91882e-1,0,0,0,0,0,0,0,0,0,0,0,0,0,0,0,3.33665e+2,8.07086e+1,1.10715e+0,0,0,0,0,0,4.46122e+0,0,2.44800e-1,0,0,0,0,0,1.84279e+2,7.00235e+1,1.78433e-2,0,0,0,0,0,1.26234e+3
"Central Europe","SCG","Serbia and Montenegro",9.90590e-2,0,3.70223e-1,0,9.49420e-1,0,0,0,3.38161e+1,2.90005e+1,8.07335e+1,0,0,0,0,0,5.67854e-2,7.68600e-1,0,0,0,0,0,0,0,0,0,0,0,0,0,0,0,1.16385e+2,3.18778e+1,0,0,0,0,0,0,2.81402e+0,0,0,0,0,0,0,0,1.83420e+1,3.44149e+1,7.14450e-3,2.38150e-2,0,0,0,0,3.49659e+2
"Central Europe","SVK","Slovakia",3.29411e-1,6.64858e-2,6.22526e-1,6.26999e-5,3.94082e-1,0,0,1.73888e-2,2.62005e+0,1.17154e+1,2.73956e+1,0,0,0,0,0,6.86210e-2,3.50644e-1,0,0,0,0,0,0,0,0,0,0,0,0,0,0,0,5.70170e+1,1.12447e+1,0,0,0,0,0,0,8.44945e-1,0,7.80000e-1,0,0,0,0,0,4.24406e+1,3.85931e+1,7.12213e-2,1.14107e-1,0,0,0,0,1.94686e+2
"Central Europe","SVN","Slovenia",1.14505e-1,3.76200e-4,2.27387e-1,2.09000e-5,3.97830e-1,2.08164e-3,0,0,1.11650e+1,3.78850e+1,4.33933e+0,0,0,0,0,0,2.99000e-1,1.03400e-2,0,0,0,0,0,0,0,0,0,0,0,0,0,0,0,4.59511e+1,6.37016e+0,0,0,0,0,0,0,1.31215e-1,0,0,0,0,0,0,0,2.21495e+1,1.24979e+1,0,1.19064e-5,0,0,0,0,1.41541e+2
"Turkey","TUR","Turkey",2.66898e+0,1.13962e-1,3.98287e+0,1.64692e-2,8.86533e+0,4.17259e-2,1.43243e-1,4.68160e-3,1.13927e+2,1.83720e+2,2.30655e+2,0,0,0,0,0,3.60118e-1,3.71292e-1,0,0,0,0,0,0,0,0,0,0,0,0,0,0,0,7.67013e+2,2.15159e+2,2.73945e+1,0,0,0,0,0,3.24531e+1,0,0,0,0,0,0,0,1.28152e+3,3.29670e+2,0,9.54212e-1,0,0,0,0,3.19903e+3
"Ukraine +","BLR","Belarus",1.39721e+0,3.91268e-2,3.50552e-1,3.01134e-2,7.41973e-1,7.98389e-2,9.37846e-3,1.25604e-4,2.81838e+1,1.82900e-1,1.61948e+1,0,0,0,0,0,5.96087e-2,0,0,0,0,0,0,0,0,0,0,0,0,0,0,0,0,3.38315e+2,5.03166e+1,0,0,0,0,0,0,1.48075e+0,0,4.05600e-1,0,0,0,0,0,2.22639e+2,2.71429e+1,0,1.61112e-1,0,0,0,0,6.87731e+2
"Ukraine +","MDA","Moldova, Republic of",8.27159e-2,0,1.27803e-2,0,1.29929e-1,7.46344e-3,0,2.46620e-3,2.97425e+0,7.95615e+0,7.08509e+1,0,0,0,0,0,0,0,0,0,0,0,0,0,0,0,0,0,0,0,0,0,0,3.28390e+1,1.00800e+1,0,0,0,0,0,0,7.01002e-1,0,0,0,0,0,0,0,6.78413e+0,3.27483e+1,2.40527e-3,8.01756e-3,0,0,0,0,1.65179e+2
"Ukraine +","UKR","Ukraine",1.43953e+0,2.86534e-1,2.68896e+0,8.36000e-4,3.82096e+0,5.36022e-2,4.18418e-2,1.33091e-1,4.27492e+1,4.20416e+2,1.69718e+3,0,0,0,0,0,8.48631e-2,5.96507e+0,0,0,0,0,0,0,0,0,0,0,0,0,0,0,0,5.57733e+2,1.12538e+2,6.54337e+0,0,0,0,0,0,1.11931e+1,0,0,0,0,0,0,0,3.66493e+2,1.15398e+2,0,5.41672e-1,0,0,0,0,3.34530e+3
"Asia-Stan","KAZ","Kazakhstan",7.66461e-1,4.60802e-1,2.39451e+0,1.82875e-3,1.16736e+0,1.03122e-1,2.49115e-3,0,6.37037e+0,6.00027e+2,1.21175e+3,0,0,0,0,0,8.73300e-3,2.22147e+0,0,0,0,0,0,0,0,0,0,0,0,0,0,0,0,5.35498e+2,4.13018e+1,1.68341e+1,0,0,0,0,0,6.07134e+0,4.64160e-1,8.73600e+1,0,0,0,0,0,1.90380e+2,3.97666e+1,0,5.40844e-1,0,0,0,0,2.74349e+3
"Asia-Stan","KGZ","Kyrgyzstan",2.12159e-2,0,9.62654e-2,1.04670e-3,9.49019e-2,0,0,0,2.71945e-1,1.57610e+0,9.30811e+0,0,0,0,0,0,0,0,0,0,0,0,0,0,0,0,0,0,0,0,0,0,0,1.16082e+2,6.93935e+0,1.33722e+0,0,0,0,0,0,4.84839e-1,0,0,0,0,0,0,0,4.22138e+0,2.80688e+1,0,6.72676e-2,0,0,0,0,1.68571e+2
"Asia-Stan","TJK","Tajikistan",1.05089e-2,0,1.00000e-4,0,1.68195e+0,0,0,0,7.82287e-1,1.28277e+0,1.95121e+1,0,0,0,0,0,0,0,0,0,0,0,0,0,0,0,0,0,0,0,0,0,0,1.19797e+2,1.00616e+1,5.42500e+0,0,0,0,0,0,3.03378e-1,0,0,0,0,0,0,0,6.59744e+0,2.84650e+1,0,5.30160e-2,0,0,0,0,1.93972e+2
"Asia-Stan","TKM","Turkmenistan",4.67147e-1,2.55356e-1,1.00000e-4,0,6.10842e-1,0,0,0,2.20996e+0,0,1.08648e+3,0,0,0,0,0,8.16000e-5,0,0,0,0,0,0,0,0,0,0,0,0,0,0,0,0,2.83601e+2,1.40952e+1,0,0,0,0,0,0,1.14842e+0,0,7.56000e-2,0,0,0,0,0,1.16406e+1,3.04131e+1,0,1.44179e-1,0,0,0,0,1.43114e+3
"Asia-Stan","UZB","Uzbekistan",5.25935e-1,2.11173e-1,3.21120e-1,4.91150e-3,1.71075e+0,1.30103e-2,0,5.54268e-2,6.10116e+0,4.18276e+0,1.24268e+3,0,0,0,0,0,0,0,0,0,0,0,0,0,0,0,0,0,0,0,0,0,0,6.06264e+2,4.84331e+1,9.25581e+0,0,0,0,0,0,2.06602e+0,0,0,0,0,0,0,0,3.65095e+1,1.33948e+2,0,3.73850e-1,0,0,0,0,2.09265e+3
"Russia +","ARM","Armenia",1.61192e-2,0,2.55816e-2,0,5.54365e-2,0,0,0,1.49068e-1,0,7.54389e+1,0,0,0,0,0,0,0,0,0,0,0,0,0,0,0,0,0,0,0,0,0,0,4.60166e+1,7.09330e+0,0,0,0,0,0,0,8.49099e-2,0,2.18160e-1,0,0,0,0,0,1.28648e+1,4.80312e+0,0,9.81872e-2,0,0,0,0,1.46864e+2
"Russia +","AZE","Azerbaijan",1.95627e-1,1.25517e-1,6.99000e-2,1.25604e-4,6.33140e-1,0,0,8.36000e-5,6.72403e-1,0,2.99401e+2,0,0,0,0,0,1.66650e-2,0,0,0,0,0,0,0,0,0,0,0,0,0,0,0,0,2.11134e+2,3.20400e+1,5.63544e-1,0,0,0,0,0,6.49594e-1,0,0,0,0,0,0,0,2.59792e+1,5.10274e+1,0,2.10980e-1,0,0,0,0,6.22719e+2
"Russia +","GEO","Georgia",1.98873e-2,2.03148e-2,9.65580e-3,0,2.52493e-1,6.69888e-4,0,1.12982e-3,1.93771e+1,1.23728e-1,5.98889e+1,0,0,0,0,0,0,2.49186e-2,0,0,0,0,0,0,0,0,0,0,0,0,0,0,0,9.12973e+1,1.71107e+1,0,0,0,0,0,0,1.02296e-1,0,0,0,0,0,0,0,1.83203e+1,8.95439e+0,0,9.95656e-2,0,0,0,0,2.15603e+2
"Russia +","RUS","Russian Federation",1.92039e+1,3.03204e+0,5.82378e+0,1.11669e-1,2.13068e+1,4.26216e-1,3.50242e-1,1.46614e+0,2.06579e+2,2.63897e+3,1.55725e+4,0,0,0,0,0,9.14504e+0,5.74329e+0,0,0,0,0,0,0,0,0,0,0,0,0,0,0,0,1.90440e+3,3.18889e+2,4.19527e+1,0,0,0,0,0,2.66952e+1,4.05120e-3,8.90400e-3,0,0,0,0,0,1.92781e+3,8.77243e+2,0,0,0,0,0,0,2.35817e+4
"Middle_East","ARE","United Arab Emirates",3.35269e+0,8.26804e-2,6.63742e-1,0,2.58373e+0,0,0,0,4.71735e-1,2.27540e-1,1.05424e+3,0,0,0,0,0,0,0,0,0,0,0,0,0,0,0,0,0,0,0,0,0,0,2.70813e+1,1.57875e+0,0,0,0,0,0,0,2.19089e-4,0,0,0,0,0,0,0,3.07479e+1,1.80462e+1,0,3.68959e-1,0,0,0,0,1.13945e+3
"Middle_East","BHR","Bahrain",5.02617e-1,2.09669e-1,9.76448e-2,0,3.37450e-1,0,0,0,1.90190e-2,9.14500e-2,1.23979e+2,0,0,0,0,0,8.30875e-1,0,0,0,0,0,0,0,0,0,0,0,0,0,0,0,0,7.75664e-1,2.69976e-2,0,0,0,0,0,0,1.11992e-5,0,0,0,0,0,0,0,6.10546e+0,6.26133e+0,0,5.71776e-2,0,0,0,0,1.39294e+2
"Middle_East","IRN","Iran, Islamic Republic of",3.87029e+0,8.85997e-1,2.29684e+0,0,2.92467e+1,0,0,0,1.90232e+1,3.36284e+1,3.27840e+3,0,0,0,0,0,6.39967e+0,6.46656e-2,0,0,0,0,0,0,0,0,0,0,0,0,0,0,0,8.22442e+2,2.87334e+1,1.44907e+2,0,0,0,0,0,0,0,0,0,0,0,0,0,2.36258e+2,3.75109e+2,0,3.07444e+0,0,0,0,0,4.98434e+3
"Middle_East","IRQ","Iraq",3.78784e-1,8.31439e-2,7.61761e-1,0,5.51047e+0,0,0,0,1.24677e+0,1.37175e+0,6.76923e+2,0,0,0,0,0,8.58000e-3,0,0,0,0,0,0,0,0,0,0,0,0,0,0,0,0,1.09294e+2,5.08098e+0,3.31297e+1,0,0,0,0,0,3.69189e+0,0,0,0,0,0,0,0,7.86726e+1,9.91428e+1,0,5.47304e-1,0,0,0,0,1.01584e+3
"Middle_East","ISR","Israel",4.26958e-1,7.43793e-2,3.85814e-2,0,1.30484e+0,2.60628e-3,0,0,1.19702e+0,2.78930e-1,3.88118e+1,0,0,0,0,0,0,0,0,0,0,0,0,0,0,0,0,0,0,0,0,0,0,4.97090e+1,2.46652e+0,0,0,0,0,0,0,1.64806e-1,0,9.86400e-2,0,0,0,0,0,5.48800e+1,2.69333e+1,0,5.72052e-1,0,0,0,0,1.76959e+2
"Middle_East","JOR","Jordan",1.39070e-1,1.54324e-2,1.17876e-1,0,5.37206e-1,0,0,1.63020e-3,4.66777e-1,3.20075e+0,2.18986e+1,0,0,0,0,0,0,0,0,0,0,0,0,0,0,0,0,0,0,0,0,0,0,1.86392e+1,1.02753e+0,0,0,0,0,0,0,4.02411e-2,0,0,0,0,0,0,0,2.10031e+1,2.57268e+1,0,2.36399e-1,0,0,0,0,9.30506e+1
"Middle_East","KWT","Kuwait",4.03413e-1,5.06508e-1,2.09585e-1,0,1.42566e+0,0,0,0,3.97100e-2,2.37956e-1,5.79626e+2,0,0,0,0,0,3.44850e-1,0,0,0,0,0,0,0,0,0,0,0,0,0,0,0,0,7.14624e+0,2.11380e-1,0,0,0,0,0,0,2.43422e-3,0,0,0,0,0,0,0,2.53662e+1,1.27436e+1,0,2.41370e-1,0,0,0,0,6.28505e+2
"Middle_East","LBN","Lebanon",9.36376e-2,0,8.70276e-2,0,7.13800e-1,0,0,0,1.56138e+0,1.46320e+0,1.59250e+0,0,0,0,0,0,0,0,0,0,0,0,0,0,0,0,0,0,0,0,0,0,0,1.12220e+1,1.04684e+0,0,0,0,0,0,0,1.08526e-1,0,0,0,0,0,0,0,1.75556e+1,1.39559e+1,0,1.66844e-1,0,0,0,0,4.95672e+1
"Middle_East","OMN","Oman",7.44090e-1,3.37326e-1,1.93033e-1,0,7.04277e-1,0,0,0,3.91879e-1,4.57343e-1,6.74507e+2,0,0,0,0,0,0,0,0,0,0,0,0,0,0,0,0,0,0,0,0,0,0,2.44799e+1,1.02545e+0,0,0,0,0,0,0,3.87225e-3,0,0,0,0,0,0,0,1.57208e+1,9.98588e+0,0,1.56566e-1,0,0,0,0,7.28707e+2
"Middle_East","QAT","Qatar",6.80864e-1,7.45095e-1,1.93618e-1,2.08294e-3,6.11212e-1,0,0,0,3.87510e-2,6.67740e-2,9.60405e+2,0,0,0,0,0,1.78950e+0,0,0,0,0,0,0,0,0,0,0,0,0,0,0,0,0,4.04488e+0,2.91906e-1,0,0,0,0,0,0,3.78089e-3,0,0,0,0,0,0,0,7.51637e+0,1.63963e+1,0,8.29388e-2,0,0,0,0,9.92869e+2
"Middle_East","SAU","Saudi Arabia",5.34860e+0,1.67832e+0,1.42128e+0,1.20279e-2,1.05800e+1,0,0,0,3.66795e-1,3.29595e+0,2.19996e+3,0,0,0,0,0,1.16841e+1,0,0,0,0,0,0,0,0,0,0,0,0,0,0,0,0,8.56757e+1,5.54849e+0,0,0,0,0,0,0,1.95386e+0,0,0,0,0,0,0,0,1.70770e+2,1.06454e+2,0,1.64541e+0,0,0,0,0,2.60639e+3
"Middle_East","SYR","Syrian Arab Republic",3.34298e-1,4.57316e-2,2.43736e-1,4.43081e-3,1.17277e+0,0,0,0,6.73492e+0,9.14500e-2,2.77586e+2,0,0,0,0,0,0,0,0,0,0,0,0,0,0,0,0,0,0,0,0,0,0,1.71313e+2,5.81279e+0,0,0,0,0,0,0,4.01292e+0,0,4.51200e-2,0,0,0,0,0,4.33205e+1,6.63036e+1,0,4.39524e-1,0,0,0,0,5.77462e+2
"Middle_East","YEM","Yemen",4.08380e-2,7.64170e-2,8.31402e-2,0,1.23723e+0,0,0,0,3.89397e+0,4.66395e+0,1.15513e+2,0,0,0,0,0,0,0,0,0,0,0,0,0,0,0,0,0,0,0,0,0,0,1.71947e+2,5.73898e+0,0,0,0,0,0,0,7.46757e-1,0,0,0,0,0,0,0,1.30562e+1,7.99150e+1,0,1.52894e-1,0,0,0,0,3.97065e+2
"India +","AFG","Afghanistan",9.55339e-4,0,1.03247e-1,2.10947e-4,1.43602e-1,0,1.01613e-3,2.82750e-4,1.32518e+1,9.16210e+0,1.82252e+1,0,0,0,0,0,0,0,0,0,0,0,0,0,0,0,0,0,0,0,0,0,0,2.79651e+2,1.62829e+1,3.94676e+1,0,0,0,0,0,4.66137e-1,0,0,0,0,0,0,0,1.45467e+1,1.26106e+2,0,2.05831e-1,0,0,0,0,5.17616e+2
"India +","BGD","Bangladesh",4.95741e-1,5.03281e-3,2.38302e-1,0,9.64843e-1,1.76358e-2,3.70741e-2,0,1.79458e+2,3.37927e+1,2.78147e+2,0,0,0,0,0,0,0,0,0,0,0,0,0,0,0,0,0,0,0,0,0,0,8.77666e+2,7.55735e+1,2.19118e+3,0,0,0,0,0,1.54645e+1,0,0,0,0,0,0,0,2.08727e+2,6.62973e+2,0,0,0,0,0,0,4.52475e+3
"India +","BTN","Bhutan",4.56319e-4,0,9.19692e-3,2.99446e-4,2.20582e-2,0,1.84338e-4,4.31160e-5,1.66432e+1,3.49084e+0,6.97878e-3,0,0,0,0,0,0,2.47866e-2,0,0,0,0,0,0,0,0,0,0,0,0,0,0,0,1.34661e+1,1.38214e+0,6.57793e+0,0,0,0,0,0,1.85312e-1,8.63600e+0,0,0,0,0,0,0,7.32290e-1,8.63341e+0,0,7.10768e-3,0,0,0,0,5.98184e+1
"India +","IND","India",9.01342e+0,1.68853e+0,4.95334e+1,0,3.12539e+1,4.84350e-1,1.95749e-1,1.12860e-3,1.86106e+3,1.92650e+3,6.90389e+2,0,0,0,0,0,1.96561e+0,2.54626e+0,0,0,0,0,0,0,0,0,0,0,0,0,0,0,0,1.26451e+4,1.11026e+3,3.93616e+3,0,0,0,0,8.73600e+0,2.36841e+2,1.19680e+1,2.33760e+0,0,0,0,0,0,1.15283e+3,4.30854e+3,0,4.87960e+1,4.50000e+1,0,0,0,2.80812e+4
"India +","IOT","British Indian Ocean Territory",0,0,0,0,0,0,0,0,0,0,0,0,0,0,0,0,0,0,0,0,0,0,0,0,0,0,0,0,0,0,0,0,0,0,0,0,0,0,0,0,0,0,0,0,0,0,0,0,0,0,0,0,0,0,0,0,0,0,
"India +","LKA","Sri Lanka",3.11013e-2,5.71735e-3,2.08465e+0,2.84240e-3,1.76629e+0,4.68369e-3,2.92600e-4,1.67200e-4,2.13054e+1,3.29220e+0,5.70280e-1,0,0,0,0,0,0,0,0,0,0,0,0,0,0,0,0,0,0,0,0,0,0,6.47222e+1,5.69812e+0,2.48321e+2,0,0,0,0,1.57440e-2,2.61207e-1,0,0,0,0,0,0,0,4.55337e+1,9.97769e+1,0,0,0,0,0,0,4.93393e+2
"India +","MDV","Maldives",4.64313e-3,0,5.47243e-3,9.83585e-5,9.15914e-2,0,1.02685e-3,2.12075e-4,5.67119e-3,6.46660e-2,4.99686e-2,0,0,0,0,0,0,0,0,0,0,0,0,0,0,0,0,0,0,0,0,0,0,0,0,0,0,0,0,0,0,2.69217e-2,0,0,0,0,0,0,0,6.14979e-1,1.20361e+0,0,5.11044e-3,0,0,0,0,2.07397e+0
"India +","NPL","Nepal",0,0,1.98592e-1,0,2.39756e-1,0,0,0,6.15979e+1,6.70353e+0,0,0,0,0,0,0,0,0,0,0,0,0,0,0,0,0,0,0,0,0,0,0,0,4.71130e+2,4.16623e+1,3.59382e+2,0,0,0,0,1.77120e+0,9.78313e+0,2.46840e-1,0,0,0,0,0,0,8.12764e+0,1.12837e+2,0,0,0,0,0,0,1.07368e+3
"India +","PAK","Pakistan",6.63493e-1,6.04087e-2,6.69782e+0,0,7.74910e+0,4.61430e-2,0,6.28020e-5,1.83846e+2,6.20507e+1,1.41152e+3,0,0,0,0,0,0,0,0,0,0,0,0,0,0,0,0,0,0,0,0,0,0,3.17305e+3,2.30247e+2,8.35063e+2,0,0,0,0,8.40000e-1,9.99463e+0,0,1.76880e+0,0,0,0,0,0,1.86621e+2,6.65084e+2,0,2.26318e+0,0,0,0,0,6.77756e+3
"Korea","KOR","Korea, Republic of",3.22725e+0,3.52366e-1,5.40045e+0,2.33605e-2,2.16153e+1,4.14594e-2,2.50758e-1,1.45882e-2,3.03147e+1,5.29977e+1,2.05357e+2,0,0,0,0,0,2.29182e+0,2.79376e+0,0,0,0,0,0,0,0,0,0,0,0,0,0,0,0,2.53464e+2,2.23734e+1,3.13639e+2,0,0,0,0,0,3.51564e-1,0,1.93680e-2,0,0,0,0,0,1.88616e+2,4.43665e+2,0,0,0,0,0,0,1.54681e+3
"Korea","PRK","Korea, Democratic People's Republic of",8.35267e-2,3.67840e-4,5.07390e+0,0,2.35943e-1,0,0,0,6.89564e+1,4.93379e+2,1.27219e-1,0,0,0,0,0,1.65000e-2,9.90000e-3,0,0,0,0,0,0,0,0,0,0,0,0,0,0,0,5.01341e+1,7.76377e+0,1.43612e+2,0,0,0,0,0,3.20845e+0,0,6.21600e-3,0,0,0,0,0,4.14166e+1,1.11611e+2,1.76907e-1,0,0,0,0,0,9.25812e+2
"China +","CHN","China",2.25696e+1,4.16059e+0,1.07944e+2,1.78612e-1,5.24041e+1,2.01261e+0,2.97515e+0,6.64870e-1,3.48177e+3,2.46896e+4,2.30512e+3,0,0,0,0,0,2.02962e+1,2.48782e+1,0,0,0,0,0,0,0,0,0,0,0,0,0,0,0,1.01472e+4,1.59089e+3,1.38825e+4,0,0,0,0,5.35200e+0,1.57956e+1,3.03344e+0,1.19040e+1,0,0,0,0,0,3.39487e+3,6.43084e+3,2.25110e+1,6.92644e+0,9.00000e+1,0,0,0,6.63164e+4
"China +","HKG","Hong Kong",5.64932e-1,0,4.68244e-1,0,2.53306e-1,0,1.46538e-4,0,2.58533e-1,0,3.46400e+1,0,0,0,0,0,0,0,0,0,0,0,0,0,0,0,0,0,0,0,0,0,0,0,0,0,0,0,0,0,0,0,0,0,0,0,0,0,0,6.67166e+1,3.35488e+1,2.83938e-1,0,0,0,0,0,1.36735e+2
"China +","MAC","Macao",7.14844e-4,0,6.25542e-3,2.83389e-4,2.32578e-2,0,7.00763e-4,1.65672e-4,6.25588e-3,0,9.33113e-2,0,0,0,0,0,0,0,0,0,0,0,0,0,0,0,0,0,0,0,0,0,0,0,0,0,0,0,0,0,0,0,0,0,0,0,0,0,0,4.20678e+0,1.82176e+0,1.93606e-2,0,0,0,0,0,6.17884e+0
"China +","MNG","Mongolia",7.07150e-2,1.25400e-3,7.28519e-2,1.01299e-3,4.01306e-1,1.40720e-2,3.18770e-3,0,5.02457e+0,1.73541e+1,1.15085e-1,0,0,0,0,0,0,0,0,0,0,0,0,0,0,0,0,0,0,0,0,0,0,2.55687e+2,1.39360e+1,0,0,0,0,0,0,1.46854e-2,0,2.23920e+0,0,0,0,0,0,3.54945e+0,1.10503e+1,2.15906e-2,0,0,0,0,0,3.09556e+2
"China +","TWN","Taiwan_Province of China",3.39204e+0,2.55669e-1,3.07103e+0,3.82470e-3,9.06938e+0,6.07258e-3,9.53876e-2,0,1.01683e+0,5.44361e+0,4.40671e+1,0,0,0,0,0,4.96260e-1,8.12350e-1,0,0,0,0,0,0,0,0,0,0,0,0,0,0,0,1.71888e+1,3.35439e+1,0,0,0,0,0,0,0,0,0,0,0,0,0,0,1.64547e+2,1.14492e+2,7.06914e-1,0,0,0,0,0,3.98208e+2
"Southeastern Asia","BRN","Brunei Darussalam",1.75009e-1,8.25968e-2,5.11813e-2,0,1.99163e-1,0,0,0,4.75779e-2,2.48620e-2,2.07459e+2,0,0,0,0,0,0,0,0,0,0,0,0,0,0,0,0,0,0,0,0,0,0,3.49695e-1,3.06681e-1,0,0,0,0,0,0,4.74616e-3,1.12200e+0,0,0,0,0,0,0,2.45512e+0,1.90523e+0,6.56084e-2,2.24302e-2,0,0,0,0,2.14271e+2
"Southeastern Asia","KHM","Cambodia",2.32301e-2,0,5.43003e-2,1.50762e-3,2.93887e-1,0,1.06091e-3,0,4.64310e+1,8.59630e+0,5.67858e-4,0,0,0,0,0,0,0,0,0,0,0,0,0,0,0,0,0,0,0,0,0,0,1.84207e+2,2.67233e+1,4.68655e+2,0,0,0,0,1.02000e+2,2.55641e+1,2.12840e+2,0,0,0,0,0,0,1.18177e+1,6.45377e+1,3.61248e-1,1.23504e-1,0,0,0,0,1.15223e+3
"Southeastern Asia","LAO","Lao People's Democratic Republic",8.95496e-4,0,2.83178e-2,6.30692e-4,4.57105e-2,0,1.97957e-4,5.78925e-5,2.62533e+1,1.06574e+1,1.77251e-2,0,0,0,0,0,0,0,0,0,0,0,0,0,0,0,0,0,0,0,0,0,0,1.28034e+2,1.55074e+1,1.08458e+2,0,0,0,0,4.53600e+1,9.66374e+0,3.61080e+1,0,0,0,0,0,0,4.86411e+0,2.55690e+1,0,0,0,0,0,0,4.10568e+2
"Southeastern Asia","MMR","Myanmar",1.37248e-1,2.46577e-2,4.71504e-1,0,5.54245e-1,0,1.75846e-3,1.04670e-4,1.70583e+2,3.10480e+1,2.66712e+2,0,0,0,0,0,0,0,0,0,0,0,0,0,0,0,0,0,0,0,0,0,0,8.97763e+2,9.85167e+1,1.53043e+3,0,0,0,0,2.83200e+1,9.62750e+1,1.55040e+2,0,0,0,0,0,0,5.81368e+1,2.52668e+2,0,0,0,0,0,0,3.58668e+3
"Southeastern Asia","MYS","Malaysia",2.36590e+0,9.93921e-1,1.57252e+0,0,8.40289e+0,0,0,4.51440e-3,1.83978e+1,5.02541e+1,9.84999e+2,0,0,0,0,0,1.82383e+0,0,0,0,0,0,0,0,0,0,0,0,0,0,0,0,0,4.90595e+1,2.14214e+1,1.64529e+2,0,0,0,0,1.55280e+0,7.77207e+0,5.52160e+0,0,0,0,0,0,0,1.34173e+2,1.39658e+2,1.73558e+0,2.13610e+0,0,0,0,0,1.59637e+3
"Southeastern Asia","PHL","Philippines",3.57526e-1,9.24198e-2,2.32258e+0,5.37131e-3,3.33010e+0,0,1.27635e-1,0,7.38585e+1,1.21227e+2,5.85925e+1,0,0,0,0,0,1.27878e-3,3.32080e-1,0,0,0,0,0,0,0,0,0,0,0,0,0,0,0,4.11300e+2,8.71157e+1,1.06217e+3,0,0,0,0,1.86480e+0,6.81057e+1,0,0,0,0,0,0,0,2.36451e+2,4.40533e+2,0,4.27600e+0,0,0,0,0,2.57207e+3
"Southeastern Asia","SGP","Singapore",4.64170e-1,1.58569e-1,1.20384e-2,0,7.59782e-1,0,0,0,1.77915e-2,3.20075e+0,6.08187e+1,0,0,0,0,0,3.33912e-1,0,0,0,0,0,0,0,0,0,0,0,0,0,0,0,0,2.69932e-1,8.76352e-1,0,0,0,0,0,2.73600e-1,1.07722e-5,0,0,0,0,0,0,0,1.38627e+1,2.08592e+1,6.90293e+0,0,0,0,0,0,1.08810e+2
"Southeastern Asia","THA","Thailand",3.69584e+0,4.39978e-1,1.04958e+1,0,9.96326e+0,1.71735e-2,2.53206e-2,0,1.23151e+2,3.88602e+2,4.01652e+2,0,0,0,0,0,5.23995e-1,0,0,0,0,0,0,0,0,0,0,0,0,0,0,0,0,3.91637e+2,7.61110e+1,2.16265e+3,0,0,0,0,2.47200e+1,7.36078e+1,1.27840e+1,0,0,0,0,0,0,2.74764e+2,3.83091e+2,3.00419e+0,3.69746e+0,0,0,0,0,4.34464e+3
"Southeastern Asia","TLS","Timor-Leste",0,0,3.18492e-3,0,0,0,0,0,3.37604e-1,0,2.17131e-2,0,0,0,0,0,0,0,0,0,0,0,0,0,0,0,0,0,0,0,0,0,0,1.50210e+1,1.82812e+0,1.08738e+1,0,0,0,0,0,5.62135e-1,0,0,0,0,0,0,0,1.76561e-1,3.82350e+0,4.84208e-3,1.65541e-3,0,0,0,0,3.26541e+1
"Southeastern Asia","VNM","Viet Nam",9.13079e-1,0,2.02914e+0,3.88740e-3,4.95074e+0,2.05154e-3,0,4.91568e-2,2.46072e+2,1.10804e+3,1.80858e+2,0,0,0,0,0,0,0,0,0,0,0,0,0,0,0,0,0,0,0,0,0,0,5.56809e+2,1.82554e+2,1.82305e+3,0,0,0,0,5.35200e+0,8.57322e+1,2.91720e+0,0,0,0,0,0,0,1.08086e+2,4.22981e+2,0,0,0,0,0,0,4.73039e+3
"Indonesia +","IDN","Indonesia",1.71989e+0,1.72179e+0,1.59152e+1,1.25609e-2,2.27392e+1,0,3.99984e-1,0,3.13200e+2,9.76654e+2,1.26965e+3,0,0,0,0,0,2.30492e+0,1.87000e-2,0,0,0,0,0,0,0,0,0,0,0,0,0,0,0,1.01492e+3,9.90055e+1,2.63827e+3,0,0,0,0,8.90558e+2,1.95241e+2,4.98970e+3,0,9.66044e+3,0,0,0,0,9.23463e+2,1.52890e+3,1.07481e+1,1.32285e+1,0,0,0,0,2.45688e+4
"Indonesia +","PNG","Papua New Guinea",1.03335e-2,0,3.31500e-2,7.13004e-4,3.84278e-2,0,2.84233e-3,6.43067e-4,1.93908e+1,5.16522e-1,2.26504e+1,0,0,0,0,0,0,0,0,0,0,0,0,0,0,0,0,0,0,0,0,0,0,6.58486e+0,7.10845e+0,9.51754e-2,0,0,0,0,3.12000e-1,1.55132e-1,2.42080e+0,0,0,0,0,0,0,3.74978e+0,3.00194e+1,9.57372e-2,0,0,0,0,0,9.31852e+1
"Japan","JPN","Japan",1.10866e+1,5.33989e-1,1.51908e+1,7.89393e-2,1.36896e+1,3.69491e-2,1.13265e+0,0,2.08373e+1,5.89692e+1,4.61327e+1,0,0,0,0,0,5.05777e+0,7.58826e+0,0,0,0,0,0,0,0,0,0,0,0,0,0,0,0,4.95553e+2,1.72655e+2,7.63147e+2,0,0,0,0,0,6.37148e-1,1.82880e-2,1.68480e+0,0,0,0,0,0,1.64740e+2,1.99110e+2,1.85487e+1,7.25332e-1,0,0,0,0,1.99715e+3
"Oceania","ASM","American Samoa",0,0,0,0,0,0,0,0,2.16044e-5,0,0,0,0,0,0,0,0,0,0,0,0,0,0,0,0,0,0,0,0,0,0,0,0,1.62360e-2,1.25873e-1,0,0,0,0,0,0,9.85677e-6,0,0,0,0,0,0,0,3.20934e-1,7.89802e-2,0,0,0,0,0,0,5.42055e-1
"Oceania","ATF","French Southern Territories",0,0,0,0,0,0,0,0,0,0,0,0,0,0,0,0,0,0,0,0,0,0,0,0,0,0,0,0,0,0,0,0,0,0,0,0,0,0,0,0,0,0,0,0,0,0,0,0,0,0,0,0,0,0,0,0,0,0,
"Oceania","AUS","Australia",3.80230e+0,7.87344e-1,5.40308e+0,3.85396e-2,1.01266e+1,1.05033e-1,9.71432e-2,3.16844e-2,2.73169e+1,1.46382e+3,2.58530e+2,0,0,0,0,0,2.74010e-1,6.95215e-1,0,0,0,0,0,0,0,0,0,0,0,0,0,0,0,2.86408e+3,1.96544e+2,1.64884e+1,0,0,0,0,1.71360e+2,2.26923e+1,2.58364e+1,5.78400e+1,0,0,0,0,0,4.78872e+2,6.53481e+1,6.81367e-3,0,6.00000e-1,0,0,0,5.67070e+3
"Oceania","CCK","Cocos (Keeling) Islands",0,0,0,0,0,0,0,0,0,0,0,0,0,0,0,0,0,0,0,0,0,0,0,0,0,0,0,0,0,0,0,0,0,0,0,0,0,0,0,0,0,0,0,0,0,0,0,0,0,0,0,0,0,0,0,0,0,0,
"Oceania","COK","Cook Islands",0,0,2.45586e-3,0,0,0,0,0,1.29676e-3,0,0,0,0,0,0,0,0,0,0,0,0,0,0,0,0,0,0,0,0,0,0,0,0,4.77120e-2,9.30888e-2,0,0,0,0,0,0,5.90822e-4,0,0,0,0,0,0,0,0,2.66775e-2,0,0,0,0,0,0,1.71822e-1
"Oceania","CXR","Christmas Island",0,0,0,0,0,0,0,0,0,0,0,0,0,0,0,0,0,0,0,0,0,0,0,0,0,0,0,0,0,0,0,0,0,0,0,0,0,0,0,0,0,0,0,0,0,0,0,0,0,0,0,0,0,0,0,0,0,0,
"Oceania","FJI","Fiji",4.17791e-3,0,7.08236e-3,9.97938e-4,2.74523e-2,0,1.27553e-3,2.99068e-4,3.93992e-1,2.08878e-1,6.76438e-2,0,0,0,0,0,0,0,0,0,0,0,0,0,0,0,0,0,0,0,0,0,0,2.12115e+1,3.55999e+0,1.47748e+0,0,0,0,0,0,1.30146e-1,0,0,0,0,0,0,0,3.73655e+0,2.50532e+0,0,0,0,0,0,0,3.33327e+1
"Oceania","FSM","Micronesia, Federated States of",0,0,0,0,0,0,0,0,1.35721e-3,2.89850e-2,0,0,0,0,0,0,0,0,0,0,0,0,0,0,0,0,0,0,0,0,0,0,0,7.40667e-1,1.31745e-1,1.81844e-2,0,0,0,0,0,6.18365e-4,0,0,0,0,0,0,0,3.01801e-1,1.48594e-1,0,0,0,0,0,0,1.37195e+0
"Oceania","GUM","Guam",0,0,0,0,0,0,0,0,1.58810e-3,0,0,0,0,0,0,0,0,0,0,0,0,0,0,0,0,0,0,0,0,0,0,0,0,2.00012e-2,6.30366e-2,0,0,0,0,0,0,7.02979e-4,0,0,0,0,0,0,0,1.69097e+0,1.31470e+0,0,0,0,0,0,0,3.09100e+0
"Oceania","HMD","Heard Island and McDonald Islands",0,0,0,0,0,0,0,0,0,0,0,0,0,0,0,0,0,0,0,0,0,0,0,0,0,0,0,0,0,0,0,0,0,0,0,0,0,0,0,0,0,0,0,0,0,0,0,0,0,0,0,0,0,0,0,0,0,0,
"Oceania","KIR","Kiribati",5.82607e-5,0,3.84058e-4,4.56765e-5,6.74211e-4,0,2.32225e-5,6.09600e-6,6.58231e-3,2.86130e-2,1.23294e-3,0,0,0,0,0,0,0,0,0,0,0,0,0,0,0,0,0,0,0,0,0,0,1.26000e-2,3.48426e-2,0,0,0,0,0,0,2.32741e-3,0,0,0,0,0,0,0,2.74728e-1,3.28540e-1,0,0,0,0,0,0,6.90657e-1
"Oceania","MHL","Marshall Islands",0,0,0,0,0,0,0,0,0,0,0,0,0,0,0,0,0,0,0,0,0,0,0,0,0,0,0,0,0,0,0,0,0,0,0,0,0,0,0,0,0,0,0,0,0,0,0,0,0,2.45420e-1,7.86874e-2,0,0,0,0,0,0,3.24107e-1
"Oceania","MNP","Northern Mariana Islands",0,0,0,0,0,0,0,0,0,0,0,0,0,0,0,0,0,0,0,0,0,0,0,0,0,0,0,0,0,0,0,0,0,0,0,0,0,0,0,0,0,0,0,0,0,0,0,0,0,3.73095e-1,1.28802e-1,0,0,0,0,0,0,5.01897e-1
"Oceania","NCL","New Caledonia",1.41378e-3,0,7.13357e-3,7.66477e-5,2.01457e-2,0,6.50510e-4,1.81294e-4,2.56445e-2,4.68100e-2,6.04473e-2,0,0,0,0,0,0,0,0,0,0,0,0,0,0,0,0,0,0,0,0,0,0,6.58739e+0,7.81782e-1,0,0,0,0,0,0,1.64916e-3,0,0,0,0,0,0,0,2.05411e+0,2.99279e-1,0,0,0,0,0,0,9.88671e+0
"Oceania","NFK","Norfolk Island",0,0,0,0,0,0,0,0,0,0,0,0,0,0,0,0,0,0,0,0,0,0,0,0,0,0,0,0,0,0,0,0,0,0,0,0,0,0,0,0,0,0,0,0,0,0,0,0,0,0,4.07340e-3,0,0,0,0,0,0,4.07340e-3
"Oceania","NIU","Niue",0,0,0,0,0,0,0,0,9.61404e-5,2.79000e-4,0,0,0,0,0,0,0,0,0,0,0,0,0,0,0,0,0,0,0,0,0,0,0,9.62974e-3,2.61970e-2,0,0,0,0,0,0,4.38026e-5,0,0,0,0,0,0,0,6.53807e-3,1.84135e-3,0,0,0,0,0,0,4.46251e-2
"Oceania","NRU","Nauru",0,0,0,0,0,0,0,0,0,0,0,0,0,0,0,0,0,0,0,0,0,0,0,0,0,0,0,0,0,0,0,0,0,2.80000e-3,8.18133e-3,0,0,0,0,0,0,0,0,0,0,0,0,0,0,1.07028e-1,1.83998e-2,0,0,0,0,0,0,1.36409e-1
"Oceania","NZL","New Zealand",4.04537e-1,3.27233e-2,8.75013e-1,8.44360e-3,1.05203e+0,0,0,1.26654e-2,4.13593e+0,2.15682e+1,2.19963e+1,0,0,0,0,0,1.03615e+0,0,0,0,0,0,0,0,0,0,0,0,0,0,0,0,0,1.07178e+3,1.27530e+2,0,0,0,0,0,0,2.50179e-1,1.63200e+0,0,0,0,0,0,0,6.13363e+1,1.09582e+1,0,0,0,0,0,0,1.32461e+3
"Oceania","PCN","Pitcairn",0,0,0,0,0,0,0,0,0,0,0,0,0,0,0,0,0,0,0,0,0,0,0,0,0,0,0,0,0,0,0,0,0,0,0,0,0,0,0,0,0,0,0,0,0,0,0,0,0,0,1.02795e-3,0,0,0,0,0,0,1.02795e-3
"Oceania","PLW","Palau",0,0,0,0,0,0,0,0,0,0,0,0,0,0,0,0,0,0,0,0,0,0,0,0,0,0,0,0,0,0,0,0,0,0,0,0,0,0,0,0,0,0,0,0,0,0,0,0,0,0,6.25389e-2,0,0,0,0,0,0,6.25389e-2
"Oceania","PYF","French Polynesia",2.00349e-3,0,3.01143e-3,8.48725e-5,1.76452e-2,0,7.86314e-4,2.04639e-4,9.62214e-3,0,3.72428e-2,0,0,0,0,0,0,0,0,0,0,0,0,0,0,0,0,0,0,0,0,0,0,7.91754e-1,3.49877e-1,0,0,0,0,0,0,1.79481e-3,0,0,0,0,0,0,0,1.99128e+0,1.03406e+0,0,0,0,0,0,0,4.23936e+0
"Oceania","SLB","Solomon Islands",6.23827e-4,0,2.09690e-3,7.61422e-5,3.56035e-3,0,3.24002e-4,7.60830e-5,5.24619e-1,1.03354e-1,7.47232e-3,0,0,0,0,0,0,0,0,0,0,0,0,0,0,0,0,0,0,0,0,0,0,6.41271e+1,2.09656e+0,3.29593e-1,0,0,0,0,0,6.41309e-3,0,0,0,0,0,0,0,4.37491e-1,9.48074e-1,0,0,0,0,0,0,6.85874e+1
"Oceania","TKL","Tokelau",0,0,0,0,0,0,0,0,1.85680e-4,0,0,0,0,0,0,0,0,0,0,0,0,0,0,0,0,0,0,0,0,0,0,0,0,1.00000e-3,3.20383e-3,0,0,0,0,0,0,8.45978e-5,0,0,0,0,0,0,0,0,6.74362e-3,0,0,0,0,0,0,1.12177e-2
"Oceania","TON","Tonga",0,0,1.40054e-3,0,3.87960e-3,0,0,0,2.54096e-3,2.30330e-2,8.60934e-3,0,0,0,0,0,0,0,0,0,0,0,0,0,0,0,0,0,0,0,0,0,0,1.01165e+0,9.97451e-1,0,0,0,0,0,0,1.19618e-3,0,0,0,0,0,0,0,3.29120e-1,4.40875e-1,0,0,0,0,0,0,2.81975e+0
"Oceania","TUV","Tuvalu",0,0,0,0,0,0,0,0,0,0,0,0,0,0,0,0,0,0,0,0,0,0,0,0,0,0,0,0,0,0,0,0,0,1.35000e-2,4.15071e-2,0,0,0,0,0,0,0,0,0,0,0,0,0,0,2.82952e-2,7.24440e-2,0,0,0,0,0,0,1.55746e-1
"Oceania","VUT","Vanuatu",2.77574e-4,0,9.56935e-4,2.79375e-5,2.13836e-3,0,1.25657e-4,3.02250e-5,1.15098e-1,4.16020e-2,3.66634e-3,0,0,0,0,0,0,0,0,0,0,0,0,0,0,0,0,0,0,0,0,0,0,9.36812e+0,1.21656e+0,0,0,0,0,0,0,1.29458e-2,0,0,0,0,0,0,0,3.23433e-1,1.24046e+0,0,0,0,0,0,0,1.23254e+1
"Oceania","WLF","Wallis and Futuna",0,0,0,0,0,0,0,0,9.05508e-4,0,0,0,0,0,0,0,0,0,0,0,0,0,0,0,0,0,0,0,0,0,0,0,0,6.64502e-2,7.60005e-2,0,0,0,0,0,0,4.16588e-4,0,0,0,0,0,0,0,0,8.61902e-2,0,0,0,0,0,0,2.29963e-1
"Oceania","WSM","Samoa",2.77143e-4,0,8.61596e-4,1.85242e-4,5.45768e-3,0,1.81807e-4,5.21655e-5,2.54244e-1,3.85020e-2,5.80651e-3,0,0,0,0,0,0,0,0,0,0,0,0,0,0,0,0,0,0,0,0,0,0,1.84111e+0,2.46507e+0,0,0,0,0,0,0,1.13977e-3,0,0,0,0,0,0,0,3.50614e-1,1.11610e+0,0,0,0,0,0,0,6.07960e+0
"Antartica","ATA","Antarctica",0,0,0,0,0,0,0,0,0,0,0,0,0,0,0,0,0,0,0,0,0,0,0,0,0,0,0,0,0,0,0,0,0,0,0,0,0,0,0,0,0,0,0,0,0,0,0,0,0,0,0,0,0,0,0,0,0,0,
"Int. Shipping","SEA","Int. Shipping",0,0,0,0,0,0,0,0,0,0,1.60114e+1,0,5.11591e+1,0,0,0,0,0,0,0,0,0,0,0,0,0,0,0,0,0,0,0,0,0,0,0,0,0,0,0,0,0,0,0,0,0,0,0,0,0,0,0,0,0,0,0,0,6.71705e+1
"Int. Aviation","AIR","Int. Aviation",0,0,0,0,0,0,0,0,0,0,0,3.07505e+0,0,0,0,0,0,0,0,0,0,0,0,0,0,0,0,0,0,0,0,0,0,0,0,0,0,0,0,0,0,0,0,0,0,0,0,0,0,0,0,0,0,0,0,0,0,3.07505e+0

"TOTALS",,,2.48795e+2,5.53386e+1,4.79276e+2,2.31700e+0,6.22843e+2,6.97877e+0,1.13847e+1,3.62339e+0,1.17104e+4,4.69954e+4,6.54229e+4,3.07505e+0,5.11591e+1,0,0,0,1.52403e+2,7.59849e+1,0,0,0,0,0,0,0,0,0,0,0,0,0,0,0,9.80019e+4,1.13616e+4,3.55150e+4,0,0,0,0,9.79646e+3,1.50121e+3,1.11668e+4,3.39670e+2,9.66044e+3,0,0,0,0,2.85775e+4,3.04467e+4,8.54578e+1,3.13750e+2,1.50600e+2,0,0,0,03.62759e+5