"Content:","Emissions by country and main source category" 
"Compound:","CH4"
"Year: ","1990"
"Unit:","Gg CH4"
"Source:","European Commission, Joint Research Centre (JRC)/PBL Netherlands Environmental Assessment Agency. Emission Database for Global Atmospheric Research (EDGAR), release version 4.2. http://edgar.jrc.ec.europe.eu, 2010" 
"Dataset:","v4.2_EM_CH4_300911(edgar)"
"Date calculated:","November 30, 1999, 12:00 am"

,,,"Public electricity and heat production","Other Energy Industries","Manufacturing Industries and Construction","Domestic aviation","Road transportation","Rail transportation","Inland navigation","Other transportation","Residential and other sectors","Fugitive emissions from solid fuels","Fugitive emissions from oil and gas","Memo: International aviation","Memo: International navigation","Cement production","Lime production","Production of other minerals","Production of chemicals","Production of metals","Production of pulp/paper/food/drink","Production of halocarbons and SF6","Refrigeration and Air Conditioning","Foam Blowing","Fire Extinguishers","Aerosols","F-gas as Solvent","Semiconductor/Electronics Manufacture","Electrical Equipment","Other F-gas use","Non-energy use of lubricants/waxes (CO2)","Solvent and other product use: paint","Solvent and other product use: degrease","Solvent and other product use: chemicals","Solvent and other product use: other","Enteric fermentation","Manure management","Rice cultivation","Direct soil emissions","Manure in pasture/range/paddock","Indirect N2O from agriculture","Other direct soil emissions","Savanna burning","Agricultural waste burning","Forest fires","Grassland fires","Peat fires and decay of drained peatland","Other vegetation fires","Other biomass burning","Forest Fires-Post burn decay","Forest Land: net carbon stock change","Solid waste disposal on land","Wastewater handling","Waste incineration","Other waste handling","Fossil fuel fires","Indirect N2O from non-agricultural NOx","Indirect N2O from non-agricultural NH3","Other sources",

"World Region","ISO_A3","Country","1A1a","1A1bc","1A2","1A3a","1A3b","1A3c","1A3d","1A3e","1A4","1B1","1B2","1C1","1C2","2A1","2A2","2A7","2B","2C","2D","2E","2F1","2F2","2F3","2F4","2F5","2F7","2F8","2F9","2G","3A","3B","3C","3D","4A","4B","4C","4D1","4D2","4D3","4D4","4E","4F","5A","5C","5D","5F","5F1","5F2","5FL","6A","6B","6C","6D","7A","7B","7C","7D","TOTAL" 
"Canada","CAN","Canada",1.92326e+0,1.50535e+0,9.34098e+0,7.28084e-2,1.98555e+1,3.57756e-1,4.32873e-1,1.21375e-1,3.88436e+1,1.11991e+2,1.40088e+3,0,0,0,0,0,6.18857e+0,5.45500e-1,0,0,0,0,0,0,0,0,0,0,0,0,0,0,0,6.67130e+2,2.25482e+2,0,0,0,0,0,0,8.50520e+0,7.03536e+1,5.88408e+1,0,0,0,0,0,8.62239e+2,1.79391e+2,4.43662e+0,6.01468e+0,0,0,0,0,3.67445e+3
"USA","SPM","Saint Pierre and Miquelon",0,0,0,0,0,0,0,0,0,0,0,0,0,0,0,0,0,0,0,0,0,0,0,0,0,0,0,0,0,0,0,0,0,3.19826e-3,7.31580e-4,0,0,0,0,0,0,0,0,0,0,0,0,0,0,4.24470e-2,1.04642e-2,8.32877e-4,2.80081e-4,0,0,0,0,5.79540e-2
"USA","UMI","United States Minor Outlying Islands",0,0,0,0,0,0,0,0,0,0,0,0,0,0,0,0,0,0,0,0,0,0,0,0,0,0,0,0,0,0,0,0,0,0,0,0,0,0,0,0,0,0,0,0,0,0,0,0,0,0,0,0,0,0,0,0,0,0,
"USA","USA","United States",6.86875e+1,8.38224e+0,3.61009e+1,1.33036e+0,2.11043e+2,1.84646e+0,1.12776e+0,9.74394e-1,4.05909e+2,4.56986e+3,6.71139e+3,0,0,0,0,0,2.67030e+1,1.71700e+0,0,0,0,0,0,0,0,0,0,0,0,0,0,0,0,5.94617e+3,1.84673e+3,3.91699e+2,0,0,0,0,1.71379e+0,3.82033e+1,1.57632e+2,5.51352e+1,0,0,0,0,0,9.07071e+3,7.80328e+2,0,1.52400e+1,1.50000e+1,0,0,0,3.03636e+4
"Mexico","MEX","Mexico",2.92852e-1,1.25960e+0,4.40186e+0,0,2.22899e+1,1.16414e-1,0,0,7.27738e+1,5.32449e+1,1.25637e+3,0,0,0,0,0,1.06080e+0,3.49790e-1,0,0,0,0,0,0,0,0,0,0,0,0,0,0,0,2.26624e+3,1.61226e+2,1.55694e+1,0,0,0,0,2.77440e+1,2.91475e+1,7.09936e+1,1.55808e-1,0,0,0,0,0,2.82520e+2,4.44717e+2,0,0,0,0,0,0,4.71048e+3
"Rest Central America","ABW","Aruba",2.08866e-3,0,8.89157e-3,2.92800e-6,4.13250e-2,0,0,0,1.46081e-2,9.33100e-3,1.52879e-3,0,0,0,0,0,0,0,0,0,0,0,0,0,0,0,0,0,0,0,0,0,0,3.39370e-2,4.18740e-3,0,0,0,0,0,0,0,0,0,0,0,0,0,0,2.90251e-1,3.16553e-1,0,0,0,0,0,0,7.22705e-1
"Rest Central America","AIA","Anguilla",1.55910e-4,0,8.16060e-4,0,0,0,0,0,6.62000e-5,1.38043e-1,0,0,0,0,0,0,0,0,0,0,0,0,0,0,0,0,0,0,0,0,0,0,0,0,0,0,0,0,0,0,0,0,0,0,0,0,0,0,0,6.67451e-3,2.72704e-2,0,0,0,0,0,0,1.73026e-1
"Rest Central America","ANT","Netherlands Antilles",0,7.88632e-3,2.09759e-2,8.16426e-4,1.41659e-1,0,0,0,2.15621e-2,1.92820e-2,2.84239e+0,0,0,0,0,0,0,0,0,0,0,0,0,0,0,0,0,0,0,0,0,0,0,1.75439e-1,8.65000e-3,0,0,0,0,0,0,0,0,0,0,0,0,0,0,1.35091e+0,8.17714e-1,0,0,0,0,0,0,5.40729e+0
"Rest Central America","ATG","Antigua and Barbuda",2.51684e-3,0,5.99927e-3,1.97090e-5,1.35779e-2,0,0,0,1.92964e-2,0,1.31341e-2,0,0,0,0,0,0,0,0,0,0,0,0,0,0,0,0,0,0,0,0,0,0,1.10066e+0,2.31670e-2,0,0,0,0,0,0,1.20191e-3,0,0,0,0,0,0,0,2.29575e-1,2.81840e-1,0,0,0,0,0,0,1.69099e+0
"Rest Central America","BHS","Bahamas",1.41818e-2,0,2.77658e-2,9.05793e-4,8.56895e-2,0,0,0,2.07673e-1,6.51000e-2,1.75902e-1,0,0,0,0,0,0,0,0,0,0,0,0,0,0,0,0,0,0,0,0,0,0,1.71214e-1,2.76105e-2,0,0,0,0,0,0,1.81960e-2,0,0,0,0,0,0,0,4.77127e+0,1.17068e+0,0,0,0,0,0,0,6.73619e+0
"Rest Central America","BLZ","Belize",5.14941e-3,0,1.69101e-2,9.49199e-6,2.62627e-2,0,0,0,9.72843e-1,4.65620e-2,9.28211e-3,0,0,0,0,0,0,0,0,0,0,0,0,0,0,0,0,0,0,0,0,0,0,3.67102e+0,1.21652e-1,4.74497e-1,0,0,0,0,8.20728e-1,3.42469e-1,0,0,0,0,0,0,0,6.40392e-1,9.40538e-1,0,0,0,0,0,0,8.08832e+0
"Rest Central America","BMU","Bermuda",6.03193e-3,0,5.88642e-3,1.29382e-4,1.57914e-2,0,0,0,4.07955e-2,0,1.80383e-2,0,0,0,0,0,0,0,0,0,0,0,0,0,0,0,0,0,0,0,0,0,0,7.63137e-2,3.69390e-3,0,0,0,0,0,0,3.78065e-5,0,0,0,0,0,0,0,7.14368e-1,2.65636e-1,0,0,0,0,0,0,1.14672e+0
"Rest Central America","BRB","Barbados",8.22745e-3,1.67472e-4,2.49877e-2,5.61190e-5,3.49278e-2,0,0,0,3.82207e-2,2.57920e-2,5.65086e-1,0,0,0,0,0,0,0,0,0,0,0,0,0,0,0,0,0,0,0,0,0,0,2.28689e+0,9.67740e-2,0,0,0,0,0,0,1.80235e-1,0,0,0,0,0,0,0,1.38741e+0,1.47595e+0,0,0,0,0,0,0,6.12472e+0
"Rest Central America","CRI","Costa Rica",1.29451e-3,4.46685e-3,3.07353e-1,0,1.96696e-1,0,0,4.00677e-2,6.32496e+0,1.00595e+0,1.30517e-1,0,0,0,0,0,0,0,0,0,0,0,0,0,0,0,0,0,0,0,0,0,0,1.39356e+2,3.19416e+0,7.53263e+0,0,0,0,0,1.50425e+0,1.01338e+0,0,0,0,0,0,0,0,4.71350e+0,1.41288e+1,0,0,0,0,0,0,1.79454e+2
"Rest Central America","CUB","Cuba",3.16737e-1,4.32069e-3,6.50788e+0,0,9.63574e-1,0,0,0,4.15840e+1,6.49295e+0,3.81107e+0,0,0,0,0,0,0,0,0,0,0,0,0,0,0,0,0,0,0,0,0,0,0,2.84570e+2,9.17268e+0,6.16301e+1,0,0,0,0,1.09111e+1,2.45487e+1,2.38850e+0,0,0,0,0,0,0,5.50686e+1,6.64161e+1,0,0,0,0,0,0,5.74386e+2
"Rest Central America","CYM","Cayman Islands",2.94418e-3,0,2.52157e-3,1.17945e-5,9.93096e-3,0,0,0,1.96577e-2,0,8.48712e-3,0,0,0,0,0,0,0,0,0,0,0,0,0,0,0,0,0,0,0,0,0,0,1.12900e-1,4.52560e-3,0,0,0,0,0,0,2.84070e-6,0,0,0,0,0,0,0,5.61399e-1,1.15258e-1,0,0,0,0,0,0,8.37639e-1
"Rest Central America","DMA","Dominica",1.55318e-3,0,6.53657e-3,2.83050e-6,4.78034e-3,0,0,0,4.16517e-3,2.34980e-2,1.49356e-3,0,0,0,0,0,0,0,0,0,0,0,0,0,0,0,0,0,0,0,0,0,0,9.15265e-1,2.11860e-2,0,0,0,0,0,0,2.14214e-3,0,0,0,0,0,0,0,3.89867e-1,3.60503e-1,0,0,0,0,0,0,1.73099e+0
"Rest Central America","DOM","Dominican Republic",3.65601e-2,0,3.59981e-1,0,5.98592e-1,0,0,1.46538e-3,1.11845e+1,1.07911e+1,4.21184e-1,0,0,0,0,0,0,0,0,0,0,0,0,0,0,0,0,0,0,0,0,0,0,1.59895e+2,4.20275e+0,3.41301e+1,0,0,0,0,1.37210e+0,2.29722e+0,1.08752e+0,0,0,0,0,0,0,2.62442e+1,3.29091e+1,3.26234e-1,0,0,0,0,0,2.85858e+2
"Rest Central America","GLP","Guadeloupe",1.03041e-2,0,3.71462e-2,3.33134e-4,7.04557e-2,0,0,0,2.78813e-1,1.39097e-1,4.80862e-2,0,0,0,0,0,0,0,0,0,0,0,0,0,0,0,0,0,0,0,0,0,0,4.19449e+0,1.14039e-1,0,0,0,0,0,0,1.12742e-1,0,0,0,0,0,0,0,2.69170e+0,1.98383e+0,0,0,0,0,0,0,9.68104e+0
"Rest Central America","GRD","Grenada",2.50397e-3,0,8.76914e-3,2.13975e-5,6.00091e-3,0,0,0,9.22928e-3,9.13880e-2,4.15284e-3,0,0,0,0,0,0,0,0,0,0,0,0,0,0,0,0,0,0,0,0,0,0,3.32070e-1,1.29344e-2,0,0,0,0,0,0,4.06662e-3,0,0,0,0,0,0,0,2.66294e-1,4.41177e-1,0,0,0,0,0,0,1.17861e+0
"Rest Central America","GTM","Guatemala",1.75237e-1,2.26093e-3,3.23640e-1,0,3.61365e-1,0,0,0,3.27781e+1,2.46915e+0,5.85110e-1,0,0,0,0,0,0,0,0,0,0,0,0,0,0,0,0,0,0,0,0,0,0,1.20632e+2,3.24259e+0,2.12041e+0,0,0,0,0,6.37704e+0,3.82947e+0,7.72820e+0,0,0,0,0,0,0,9.84281e+0,3.80267e+1,0,0,0,0,0,0,2.28494e+2
"Rest Central America","HND","Honduras",1.13044e-3,5.02416e-4,3.67811e-1,0,1.48022e-1,0,0,0,1.52922e+1,7.31600e-1,1.12874e-1,0,0,0,0,0,0,0,0,0,0,0,0,0,0,0,0,0,0,0,0,0,0,1.24112e+2,3.73657e+0,2.60973e+0,0,0,0,0,8.46984e+0,1.38018e+0,8.05256e+0,0,0,0,0,0,0,3.84255e+0,2.02552e+1,0,0,0,0,0,0,1.89113e+2
"Rest Central America","HTI","Haiti",1.58262e-2,0,9.57521e-2,0,5.12163e-2,0,0,9.79710e-3,1.04932e+1,2.43257e+1,0,0,0,0,0,0,0,0,0,0,0,0,0,0,0,0,0,0,0,0,0,0,0,6.65144e+1,2.61150e+0,9.11923e+0,0,0,0,0,0,9.90157e-1,0,0,0,0,0,0,0,1.13155e+1,3.19715e+1,0,0,0,0,0,0,1.57514e+2
"Rest Central America","JAM","Jamaica",2.70922e-1,2.69936e-3,3.17360e-2,4.18681e-5,2.02464e-1,2.08503e-3,0,1.25604e-2,3.05610e+0,7.13310e+0,4.14473e-1,0,0,0,0,0,0,0,0,0,0,0,0,0,0,0,0,0,0,0,0,0,0,2.66257e+1,8.67166e-1,1.37901e-2,0,0,0,0,0,7.60908e-1,0,0,0,0,0,0,0,8.36605e+0,1.11027e+1,0,0,0,0,0,0,5.88625e+1
"Rest Central America","KNA","Saint Kitts and Nevis",1.25837e-3,0,3.71020e-3,2.66275e-5,3.49568e-3,0,0,0,8.06057e-2,0,1.51476e-3,0,0,0,0,0,0,0,0,0,0,0,0,0,0,0,0,0,0,0,0,0,0,3.46288e-1,8.85150e-3,0,0,0,0,0,0,5.06558e-2,0,0,0,0,0,0,0,4.87528e-1,2.45851e-1,0,0,0,0,0,0,1.22979e+0
"Rest Central America","LCA","Saint Lucia",3.85521e-3,0,1.25377e-2,5.62201e-6,1.41925e-2,0,0,0,2.59932e-2,2.67840e-2,4.63358e-3,0,0,0,0,0,0,0,0,0,0,0,0,0,0,0,0,0,0,0,0,0,0,8.72806e-1,3.13190e-2,0,0,0,0,0,0,8.18106e-3,0,0,0,0,0,0,0,1.43083e-1,6.17173e-1,0,0,0,0,0,0,1.76056e+0
"Rest Central America","MSR","Montserrat",4.57892e-4,0,9.85305e-4,3.62600e-6,3.73318e-3,0,0,0,2.62378e-3,0,8.88804e-4,0,0,0,0,0,0,0,0,0,0,0,0,0,0,0,0,0,0,0,0,0,0,6.05420e-1,1.32210e-2,0,0,0,0,0,0,4.23367e-5,0,0,0,0,0,0,0,9.20585e-3,5.18618e-2,0,0,0,0,0,0,6.88444e-1
"Rest Central America","MTQ","Martinique",1.38268e-2,0,3.50690e-2,3.00642e-4,6.06552e-2,0,0,0,1.11850e-1,1.34447e-1,5.74158e-2,0,0,0,0,0,0,0,0,0,0,0,0,0,0,0,0,0,0,0,0,0,0,2.60554e+0,8.90722e-2,0,0,0,0,0,0,6.65417e-2,0,0,0,0,0,0,0,4.22403e+0,1.74010e+0,0,0,0,0,0,0,9.13884e+0
"Rest Central America","NIC","Nicaragua",2.28934e-2,9.42449e-4,2.88188e-1,6.28019e-5,9.98662e-2,0,2.63768e-3,0,1.06600e+1,2.28625e+0,1.59958e-1,0,0,0,0,0,0,0,0,0,0,0,0,0,0,0,0,0,0,0,0,0,0,1.59361e+2,4.64156e+0,6.80606e+0,0,0,0,0,8.62056e+0,1.13071e+0,0,0,0,0,0,0,0,1.68109e+1,1.82088e+1,0,0,0,0,0,0,2.29101e+2
"Rest Central America","PAN","Panama",4.40752e-2,1.43446e-3,1.07140e-1,0,2.93373e-1,0,0,2.08503e-2,5.06987e+0,2.74350e-1,3.18415e-1,0,0,0,0,0,0,0,0,0,0,0,0,0,0,0,0,0,0,0,0,0,0,8.94125e+1,2.00972e+0,1.45908e+1,0,0,0,0,1.48534e+0,6.92134e-1,0,0,0,0,0,0,0,6.98432e+0,1.05635e+1,0,0,0,0,0,0,1.31868e+2
"Rest Central America","PRI","Puerto Rico",0,0,0,0,0,0,0,0,0,0,0,0,0,0,0,0,0,0,0,0,0,0,0,0,0,0,0,0,0,0,0,0,0,3.93408e+1,1.07032e+0,0,0,0,0,0,0,2.36125e-1,1.81608e-1,0,0,0,0,0,0,3.02142e+1,1.57950e+1,0,0,0,0,0,0,8.68380e+1
"Rest Central America","SLV","El Salvador",9.27969e-2,3.34944e-4,2.98938e-1,0,2.10977e-1,0,0,0,1.32616e+1,1.46320e+0,1.84726e-1,0,0,0,0,0,0,0,0,0,0,0,0,0,0,0,0,0,0,0,0,0,0,7.03033e+1,2.14313e+0,2.12041e+0,0,0,0,0,1.56293e-1,1.44505e+0,0,0,0,0,0,0,0,1.17643e+1,2.38380e+1,0,0,0,0,0,0,1.27283e+2
"Rest Central America","TCA","Turks and Caicos Islands",1.99350e-4,0,1.04352e-3,0,0,0,0,0,8.48000e-5,4.58800e-3,0,0,0,0,0,0,0,0,0,0,0,0,0,0,0,0,0,0,0,0,0,0,0,0,0,0,0,0,0,0,0,0,0,0,0,0,0,0,0,5.63732e-2,4.74578e-2,0,0,0,0,0,0,1.09747e-1
"Rest Central America","TTO","Trinidad and Tobago",2.06383e-1,1.08073e-1,3.67601e-2,0,4.53826e-1,0,0,1.75846e-3,8.21798e-1,1.59123e-1,1.10934e+2,0,0,0,0,0,9.25833e-1,0,0,0,0,0,0,0,0,0,0,0,0,0,0,0,0,3.03141e+0,2.23120e-1,7.11745e-1,0,0,0,0,0,4.48256e-1,0,0,0,0,0,0,0,8.24070e+0,1.83442e+1,0,0,0,0,0,0,1.44647e+2
"Rest Central America","VCT","Saint Vincent and the Grenadines",2.65892e-3,0,9.93119e-3,3.15450e-6,5.23027e-3,0,0,0,3.13026e-2,2.55130e-2,2.53662e-3,0,0,0,0,0,0,0,0,0,0,0,0,0,0,0,0,0,0,0,0,0,0,4.80662e-1,2.09055e-2,5.93121e-4,0,0,0,0,0,1.59432e-2,0,0,0,0,0,0,0,3.03688e-1,5.16353e-1,0,0,0,0,0,0,1.41532e+0
"Rest Central America","VGB","Virgin Islands_British",7.05233e-4,0,1.51541e-3,4.19749e-6,4.34567e-3,0,0,0,3.62400e-3,2.48000e-3,1.17386e-3,0,0,0,0,0,0,0,0,0,0,0,0,0,0,0,0,0,0,0,0,0,0,4.96575e-1,2.62151e-2,0,0,0,0,0,0,0,0,0,0,0,0,0,0,1.20406e-1,6.44539e-2,0,0,0,0,0,0,7.21498e-1
"Rest Central America","VIR","Virgin Islands_USA",0,0,0,0,0,0,0,0,0,0,0,0,0,0,0,0,0,0,0,0,0,0,0,0,0,0,0,0,0,0,0,0,0,4.41800e-2,8.57060e-3,0,0,0,0,0,0,9.32950e-2,0,0,0,0,0,0,0,9.81139e-1,4.82484e-1,0,0,0,0,0,0,1.60967e+0
"Brazil","BRA","Brazil",1.05339e+0,8.73068e+0,2.30411e+1,4.11771e-2,1.31943e+1,9.22037e-2,3.17401e-1,0,1.37532e+2,7.55922e+2,2.52467e+2,0,0,0,0,0,1.54272e+0,2.41846e+0,0,0,0,0,0,0,0,0,0,0,0,0,0,0,0,8.72963e+3,2.27063e+2,3.38996e+2,0,0,0,0,5.51352e+2,1.30173e+2,2.07783e+3,1.25232e+0,0,0,0,0,0,5.23118e+2,1.43919e+3,6.26157e+0,1.55896e+0,0,0,0,0,1.52228e+4
"Rest South America","ARG","Argentina",5.97263e-1,5.51551e-1,1.74346e+0,1.43817e-2,5.95952e+0,0,2.93076e-3,0,4.18650e+0,2.58559e+1,6.12802e+2,0,0,0,0,0,2.59828e-1,1.38740e-1,0,0,0,0,0,0,0,0,0,0,0,0,0,0,0,3.60006e+3,6.57300e+1,1.73488e+1,0,0,0,0,1.48591e+1,2.67953e+1,4.56453e+1,9.83136e+1,0,0,0,0,0,1.27336e+2,2.12880e+2,0,0,0,0,0,0,4.86108e+3
"Rest South America","BOL","Bolivia",6.06740e-2,3.59227e-2,2.00881e-1,1.96780e-3,3.65236e-1,3.82255e-3,2.93076e-3,0,1.04635e+1,1.28030e+0,1.20017e+2,0,0,0,0,0,0,0,0,0,0,0,0,0,0,0,0,0,0,0,0,0,0,3.56217e+2,1.01955e+1,1.61626e+1,0,0,0,0,1.60301e+2,2.12626e+0,3.47711e+2,0,0,0,0,0,0,1.09121e+1,3.23175e+1,0,0,0,0,0,0,1.06838e+3
"Rest South America","BVT","Bouvet Island",0,0,0,0,0,0,0,0,0,0,0,0,0,0,0,0,0,0,0,0,0,0,0,0,0,0,0,0,0,0,0,0,0,0,0,0,0,0,0,0,0,0,0,0,0,0,0,0,0,0,0,0,0,0,0,0,0,0,
"Rest South America","CHL","Chile",1.97662e-1,8.83675e-2,1.30919e+0,6.31181e-3,1.44009e+0,3.30129e-3,8.05959e-2,0,2.47969e+1,5.30097e+1,6.25475e+1,0,0,0,0,0,1.47945e+0,1.39700e-2,0,0,0,0,0,0,0,0,0,0,0,0,0,0,0,2.63471e+2,5.92561e+0,4.83393e+0,0,0,0,0,0,2.23833e+0,2.35805e+0,5.34768e+0,0,0,0,0,0,3.14101e+1,1.10323e+2,0,0,0,0,0,0,5.70882e+2
"Rest South America","COL","Colombia",2.09290e-1,1.36788e-1,1.97231e+0,5.02416e-4,4.80338e+0,3.90629e-3,3.31176e-2,5.44284e-4,5.76113e+1,5.55437e+1,2.08862e+2,0,0,0,0,0,4.33833e-2,2.90500e-2,0,0,0,0,0,0,0,0,0,0,0,0,0,0,0,1.49698e+3,3.74100e+1,1.47717e+2,0,0,0,0,2.65224e+1,1.17110e+1,1.20578e+2,0,0,0,0,0,0,5.80600e+1,1.64747e+2,0,0,0,0,0,0,2.39297e+3
"Rest South America","ECU","Ecuador",3.65939e-3,3.89756e-2,4.30277e-1,1.46538e-4,1.45100e+0,0,8.96813e-2,0,1.15366e+1,1.58209e+1,8.59154e+1,0,0,0,0,0,6.55200e-5,0,0,0,0,0,0,0,0,0,0,0,0,0,0,0,0,2.45548e+2,9.14487e+0,8.76291e+1,0,0,0,0,1.35946e+0,2.98480e+0,1.23984e+0,0,0,0,0,0,0,1.36526e+1,4.63559e+1,0,0,0,0,0,0,5.23202e+2
"Rest South America","FLK","Falkland Islands (Malvinas)",4.02645e-4,0,1.97040e-4,4.67550e-6,5.96469e-4,0,0,0,2.04546e-3,1.24310e-2,5.53430e-4,0,0,0,0,0,0,0,0,0,0,0,0,0,0,0,0,0,0,0,0,0,0,4.10387e+0,8.13487e-2,0,0,0,0,0,0,0,0,0,0,0,0,0,0,9.54567e-3,8.59169e-3,3.29914e-5,8.91812e-6,0,0,0,0,4.21963e+0
"Rest South America","GUF","French Guiana",4.10457e-3,0,1.18757e-2,2.09942e-4,1.56751e-2,0,0,0,2.16063e-1,1.93874e-1,3.58172e-2,0,0,0,0,0,0,0,0,0,0,0,0,0,0,0,0,0,0,0,0,0,0,8.55732e-1,3.52619e-2,7.56228e-1,0,0,0,0,0,1.80501e-2,7.84040e-1,0,0,0,0,0,0,6.22955e-1,5.49353e-1,2.24718e-3,2.60354e-4,0,0,0,0,4.10175e+0
"Rest South America","GUY","Guyana",1.77025e-2,0,6.68000e-2,6.31015e-5,2.36107e-2,0,0,0,3.23047e+0,5.12120e-2,1.52163e-2,0,0,0,0,0,0,0,0,0,0,0,0,0,0,0,0,0,0,0,0,0,0,9.18129e+0,3.34093e-1,1.70300e+1,0,0,0,0,3.57024e+0,9.29925e-1,2.03674e+1,0,0,0,0,0,0,1.11602e+0,3.87897e+0,3.36937e-3,4.20552e-4,0,0,0,0,5.98168e+1
"Rest South America","PER","Peru",9.92641e-2,7.26366e-2,2.66532e-1,1.25604e-4,1.33409e+0,0,2.16876e-2,0,3.17241e+1,7.60285e+0,3.94321e+1,0,0,0,0,0,3.00000e-4,1.09680e-1,0,0,0,0,0,0,0,0,0,0,0,0,0,0,0,2.97622e+2,9.99758e+0,6.51832e+1,0,0,0,0,1.04071e+0,3.47879e+0,4.41932e+1,0,0,0,0,0,0,4.12586e+1,1.03018e+2,0,0,0,0,0,0,6.46454e+2
"Rest South America","PRY","Paraguay",5.42608e-2,1.00483e-3,1.29866e+0,0,2.00227e-1,1.00483e-2,1.17230e-3,4.60548e-4,1.94584e+1,1.80157e+1,8.48893e-2,0,0,0,0,0,0,0,0,0,0,0,0,0,0,0,0,0,0,0,0,0,0,4.69107e+2,1.17384e+1,5.04152e+0,0,0,0,0,8.08272e+1,2.83058e+0,8.80646e+1,9.35712e+0,0,0,0,0,0,1.21855e+1,1.98589e+1,0,0,0,0,0,0,7.38136e+2
"Rest South America","SGS","South Georgia and the South Sandwich Islands",0,0,0,0,0,0,0,0,0,0,0,0,0,0,0,0,0,0,0,0,0,0,0,0,0,0,0,0,0,0,0,0,0,0,0,0,0,0,0,0,0,0,0,0,0,0,0,0,0,0,0,0,0,0,0,0,0,0,
"Rest South America","SUR","Suriname",1.49874e-2,0,3.96051e-2,8.50634e-5,4.76393e-2,0,0,0,1.99925e-1,5.72477e-1,1.29948e+0,0,0,0,0,0,0,0,0,0,0,0,0,0,0,0,0,0,0,0,0,0,0,5.08223e+0,3.39136e-1,1.98520e+1,0,0,0,0,0,1.65567e-1,1.57202e+1,0,0,0,0,0,0,1.44191e+0,2.19993e+0,4.94181e-3,5.68884e-4,0,0,0,0,4.69806e+1
"Rest South America","URY","Uruguay",1.65833e-2,4.38512e-3,3.10242e-1,2.30273e-4,2.72047e-1,0,0,1.50725e-3,3.94792e+0,3.65800e-1,3.31412e-1,0,0,0,0,0,0,3.30000e-4,0,0,0,0,0,0,0,0,0,0,0,0,0,0,0,6.68926e+2,1.36377e+1,2.93712e+1,0,0,0,0,0,1.07824e+0,0,0,0,0,0,0,0,1.62473e+1,1.55879e+1,0,0,0,0,0,0,7.50099e+2
"Rest South America","VEN","Venezuela",3.46955e-1,9.57197e-1,1.08610e+0,0,8.27446e+0,1.04251e-3,0,3.76812e-4,7.74660e+0,3.87016e+1,8.44803e+2,0,0,0,0,0,3.13682e-1,9.35000e-2,0,0,0,0,0,0,0,0,0,0,0,0,0,0,0,8.38379e+2,2.28800e+1,1.70522e+1,0,0,0,0,4.02216e+1,3.23652e+0,8.46192e+1,0,0,0,0,0,0,7.99067e+1,1.12425e+2,0,0,0,0,0,0,2.10105e+3
"Northern_Africa","DZA","Algeria",4.93032e-1,6.62333e-1,2.18346e-1,0,2.67793e+0,0,0,1.36908e-2,2.06313e+1,3.61410e+1,1.15353e+3,0,0,0,0,0,2.27430e-1,1.75000e-1,0,0,0,0,0,0,0,0,0,0,0,0,0,0,0,1.70055e+2,6.87567e+0,8.48966e-2,0,0,0,0,0,7.27457e-2,0,0,0,0,0,0,0,5.02611e+1,9.59476e+1,0,0,0,0,0,0,1.53807e+3
"Northern_Africa","EGY","Egypt",3.72917e-1,9.98317e-2,1.56335e+0,4.47987e-3,2.75456e+0,0,0,0,5.09053e+1,9.44505e+1,3.48779e+2,0,0,0,0,0,3.43200e-3,1.40950e-1,0,0,0,0,0,0,0,0,0,0,0,0,0,0,0,3.20222e+2,9.89644e+0,1.68351e+2,0,0,0,0,0,3.91428e-1,0,0,0,0,0,0,0,9.08287e+1,1.96636e+2,0,0,0,0,0,0,1.28540e+3
"Northern_Africa","ESH","Western Sahara",9.33605e-4,6.63834e-5,3.50097e-4,6.33485e-5,8.51589e-3,3.31585e-6,0,0,5.56324e-3,0,3.54952e-3,0,0,0,0,0,0,0,0,0,0,0,0,0,0,0,0,0,0,0,0,0,0,9.34112e+0,2.67336e-1,0,0,0,0,0,0,7.84080e-5,0,0,0,0,0,0,0,2.22072e-1,9.79344e-1,0,0,0,0,0,0,1.08290e+1
"Northern_Africa","LBY","Libyan Arab Jamahiriya",5.30778e-2,3.79832e-1,4.68922e-2,4.18681e-5,1.62950e+0,0,0,0,2.06942e+0,5.26532e+0,6.98603e+2,0,0,0,0,0,1.35960e+0,0,0,0,0,0,0,0,0,0,0,0,0,0,0,0,0,5.03283e+1,1.90413e+0,0,0,0,0,0,0,1.23589e-2,0,0,0,0,0,0,0,1.71817e+1,1.91525e+1,0,0,0,0,0,0,7.97986e+2
"Northern_Africa","MAR","Morocco",2.51846e-2,4.81482e-3,2.34378e-1,0,4.26116e-1,0,0,0,2.47302e+1,1.38487e+1,6.15372e+0,0,0,0,0,0,0,0,0,0,0,0,0,0,0,0,0,0,0,0,0,0,0,2.46333e+2,8.94442e+0,1.23486e-1,0,0,0,0,0,2.54621e-1,0,0,0,0,0,0,0,3.71983e+1,1.00957e+2,0,0,0,0,0,0,4.39234e+2
"Northern_Africa","TUN","Tunisia",1.27253e-1,3.05621e-3,1.13797e-1,0,3.48851e-1,1.73752e-3,0,0,7.01869e+0,9.60225e+0,4.18926e+1,0,0,0,0,0,0,1.35100e-2,0,0,0,0,0,0,0,0,0,0,0,0,0,0,0,8.10319e+1,3.46171e+0,0,0,0,0,0,0,6.39457e-2,0,0,0,0,0,0,0,1.83354e+1,3.12725e+1,0,0,0,0,0,0,1.93287e+2
"Western_Africa","BEN","Benin",7.53624e-4,0,1.25604e-3,0,3.58462e-2,0,0,0,2.00251e+1,1.33517e+1,4.61155e-1,0,0,0,0,0,0,0,0,0,0,0,0,0,0,0,0,0,0,0,0,0,0,4.15084e+1,2.22326e+0,1.21016e+0,0,0,0,0,4.29456e+1,3.51771e-1,9.69476e+1,0,0,0,0,0,0,3.48417e+0,2.12390e+1,0,0,0,0,0,0,2.43786e+2
"Western_Africa","BFA","Burkina Faso",1.09203e-3,6.53376e-5,6.87561e-4,6.46713e-4,5.25385e-2,3.26605e-6,0,0,3.37250e+1,2.97212e+1,8.88266e-3,0,0,0,0,0,0,0,0,0,0,0,0,0,0,0,0,0,0,0,0,0,0,1.91395e+2,8.43463e+0,3.55022e+0,0,0,0,0,4.04520e+1,7.39997e-1,0,0,0,0,0,0,0,2.15608e+0,3.44367e+1,0,0,0,0,0,0,3.44675e+2
"Western_Africa","CAF","Central African Republic",5.39116e-4,3.82755e-5,1.60371e-4,2.82945e-4,2.05656e-2,1.91315e-6,0,0,1.10381e+1,2.60360e+0,4.35326e-3,0,0,0,0,0,0,0,0,0,0,0,0,0,0,0,0,0,0,0,0,0,0,9.22098e+1,3.24165e+0,7.22393e-1,0,0,0,0,1.47864e+3,1.23866e-1,4.06320e+2,0,0,0,0,0,0,4.61095e+0,1.25035e+1,0,0,0,0,0,0,2.01204e+3
"Western_Africa","CIV","Cote d'Ivoire",3.92042e-3,2.83146e-3,1.62030e-2,0,2.52799e-1,2.95379e-3,9.96460e-3,0,2.80412e+1,4.91086e+1,7.65427e-1,0,0,0,0,0,0,0,0,0,0,0,0,0,0,0,0,0,0,0,0,0,0,4.90362e+1,2.36089e+0,2.38163e+1,0,0,0,0,2.39210e+1,1.05449e+0,3.30208e+2,0,0,0,0,0,0,2.11902e+1,4.86011e+1,0,0,0,0,0,0,5.78392e+2
"Western_Africa","CMR","Cameroon",1.38164e-3,0,6.53142e-3,0,4.10004e-1,0,0,0,2.77583e+1,7.22455e+0,1.22368e+2,0,0,0,0,0,0,0,0,0,0,0,0,0,0,0,0,0,0,0,0,0,0,2.01619e+2,7.80214e+0,1.69793e+0,0,0,0,0,1.56031e+2,4.59659e-1,1.59956e+2,0,0,0,0,0,0,2.15774e+1,5.40475e+1,0,0,0,0,0,0,7.60960e+2
"Western_Africa","COD","Congo_the Democratic Republic of the",8.79228e-4,9.62964e-4,5.60194e-2,0,1.96043e-1,0,0,0,1.60203e+2,8.22376e+0,4.30282e+0,0,0,0,0,0,0,0,0,0,0,0,0,0,0,0,0,0,0,0,0,0,0,4.57571e+0,2.10889e-1,7.51721e+1,0,0,0,0,1.19386e+3,3.88014e+0,3.04150e+3,0,0,0,0,0,0,4.63003e+1,1.44349e+2,0,0,0,0,0,0,4.68283e+3
"Western_Africa","COG","Congo",1.25604e-4,1.25604e-4,1.63285e-3,7.11755e-4,7.98347e-2,0,0,0,3.72146e+0,1.89301e+1,6.40909e+1,0,0,0,0,0,0,0,0,0,0,0,0,0,0,0,0,0,0,0,0,0,0,8.22277e+1,3.94299e+0,2.51603e-1,0,0,0,0,2.62656e+1,1.42731e-1,1.27466e+2,0,0,0,0,0,0,4.76132e+0,1.06982e+1,0,0,0,0,0,0,3.42581e+2
"Western_Africa","CPV","Cape Verde",4.41727e-4,3.13491e-5,1.15923e-4,5.84845e-5,8.36510e-3,1.56455e-6,0,0,3.81619e-2,6.13800e-3,1.90423e-3,0,0,0,0,0,0,0,0,0,0,0,0,0,0,0,0,0,0,0,0,0,0,1.46447e+0,3.31739e-1,0,0,0,0,0,0,2.32428e-2,0,0,0,0,0,0,0,4.45921e-1,1.64275e+0,0,0,0,0,0,0,3.96335e+0
"Western_Africa","GAB","Gabon",1.84219e-2,2.84702e-3,5.48470e-3,0,5.81634e-2,0,0,0,1.65000e+0,8.79749e-1,1.40156e+2,0,0,0,0,0,0,0,0,0,0,0,0,0,0,0,0,0,0,0,0,0,0,2.42155e+0,2.84016e-1,6.17430e-2,0,0,0,0,6.04248e-1,3.90004e-2,1.04135e+1,0,0,0,0,0,0,4.37764e+0,4.67087e+0,0,0,0,0,0,0,1.65643e+2
"Western_Africa","GHA","Ghana",0,1.17230e-3,3.72039e-1,0,5.65946e-1,2.08503e-3,4.10306e-3,0,4.81708e+1,3.56655e+1,2.13002e-1,0,0,0,0,0,0,0,0,0,0,0,0,0,0,0,0,0,0,0,0,0,0,5.78810e+1,2.88317e+0,7.56352e+0,0,0,0,0,1.08886e+2,5.54526e-1,3.24068e+1,0,0,0,0,0,0,1.95242e+1,6.26739e+1,0,0,0,0,0,0,3.77368e+2
"Western_Africa","GIN","Guinea",2.61894e-3,1.51782e-4,2.03891e-3,9.36498e-4,1.48994e-1,7.58620e-6,0,0,3.53308e+1,1.75877e+1,2.43140e-2,0,0,0,0,0,0,0,0,0,0,0,0,0,0,0,0,0,0,0,0,0,0,5.07492e+1,1.83446e+0,6.18251e+1,0,0,0,0,9.31152e+1,5.11361e-1,1.21904e+2,0,0,0,0,0,0,6.35390e+0,2.55447e+1,0,0,0,0,0,0,4.14935e+2
"Western_Africa","GMB","Gambia",7.64536e-4,5.46555e-5,1.87512e-4,9.13665e-5,3.81519e-2,2.73070e-6,0,0,1.65752e+0,2.86514e+0,3.55452e-3,0,0,0,0,0,0,0,0,0,0,0,0,0,0,0,0,0,0,0,0,0,0,1.26586e+1,4.93884e-1,2.25362e+0,0,0,0,0,4.89648e+0,3.10563e-2,0,0,0,0,0,0,0,9.16791e-1,3.43755e+0,0,0,0,0,0,0,2.92534e+1
"Western_Africa","GNB","Guinea-Bissau",6.73065e-4,4.51437e-5,3.71613e-4,1.96002e-4,2.42856e-2,2.25345e-6,0,0,1.66963e+0,5.82800e-2,4.79221e-3,0,0,0,0,0,0,0,0,0,0,0,0,0,0,0,0,0,0,0,0,0,0,1.53892e+1,8.19864e-1,9.27689e+0,0,0,0,0,8.61648e+0,1.02326e-1,0,0,0,0,0,0,0,7.76394e-1,4.29048e+0,0,0,0,0,0,0,4.10299e+1
"Western_Africa","GNQ","Equatorial Guinea",2.26374e-4,4.50109e-5,1.57455e-4,1.13242e-4,1.10450e-2,2.24930e-6,0,0,1.58007e+0,5.56760e-1,1.33212e+0,0,0,0,0,0,0,0,0,0,0,0,0,0,0,0,0,0,0,0,0,0,0,3.60384e-1,2.15460e-2,0,0,0,0,0,0,1.53545e-2,0,0,0,0,0,0,0,4.52987e-1,1.27320e+0,0,0,0,0,0,0,5.60400e+0
"Western_Africa","LBR","Liberia",1.64893e-3,9.74420e-5,7.63443e-4,2.76708e-4,5.74104e-2,4.87210e-6,0,0,1.23170e+1,9.25018e+0,9.91947e-3,0,0,0,0,0,0,0,0,0,0,0,0,0,0,0,0,0,0,0,0,0,0,3.62120e+0,3.13517e-1,2.66700e+0,0,0,0,0,1.17809e+0,1.95786e-1,9.83960e-2,0,0,0,0,0,0,2.76144e+0,9.89310e+0,0,0,0,0,0,0,4.23658e+1
"Western_Africa","MLI","Mali",1.54779e-3,1.10481e-4,4.25427e-4,2.13761e-4,9.23502e-2,5.52365e-6,0,0,1.51462e+1,6.12076e+0,8.53093e-3,0,0,0,0,0,0,0,0,0,0,0,0,0,0,0,0,0,0,0,0,0,0,2.47112e+2,9.58191e+0,3.04084e+1,0,0,0,0,6.04296e+1,6.61531e-1,3.85526e+1,0,0,0,0,0,0,4.16403e+0,3.72090e+1,0,0,0,0,0,0,4.49489e+2
"Western_Africa","MRT","Mauritania",1.65731e-3,9.41220e-5,1.21838e-3,5.52217e-4,1.15404e-1,8.28810e-6,0,0,4.32707e+0,7.97627e+0,1.64530e-2,0,0,0,0,0,0,0,0,0,0,0,0,0,0,0,0,0,0,0,0,0,0,1.36160e+2,5.84600e+0,2.40798e+0,0,0,0,0,8.95152e-3,8.01076e-2,0,0,0,0,0,0,0,2.11066e+0,9.66984e+0,0,0,0,0,0,0,1.68722e+2
"Western_Africa","NER","Niger",4.10170e-3,2.17298e-4,2.69566e-3,1.13101e-4,5.77350e-2,1.13573e-4,0,0,2.19665e+1,2.60465e+1,1.14981e-2,0,0,0,0,0,0,0,0,0,0,0,0,0,0,0,0,0,0,0,0,0,0,1.17595e+2,5.47232e+0,3.55022e+0,0,0,0,0,1.29840e+0,1.26189e+0,0,0,0,0,0,0,0,2.71629e+0,3.25077e+1,0,0,0,0,0,0,2.12492e+2
"Western_Africa","NGA","Nigeria",1.80482e-1,9.26542e-2,1.29121e-1,0,3.02561e+0,6.24880e-3,1.02577e-2,0,1.90146e+2,6.27439e+1,1.35880e+3,0,0,0,0,0,7.20000e-4,0,0,0,0,0,0,0,0,0,0,0,0,0,0,0,0,6.87459e+2,2.95846e+1,1.78400e+2,0,0,0,0,1.44881e+2,7.64568e+0,2.13207e+1,0,0,0,0,0,0,4.96801e+1,3.71693e+2,0,0,0,0,0,0,3.10580e+3
"Western_Africa","SEN","Senegal",2.64345e-3,3.34944e-4,9.29469e-3,0,8.85940e-2,0,6.15460e-3,0,1.69473e+1,2.86238e+1,9.35958e-1,0,0,0,0,0,0,0,0,0,0,0,0,0,0,0,0,0,0,0,0,0,0,1.22174e+2,5.57199e+0,1.12681e+1,0,0,0,0,3.67008e+1,2.67727e-1,0,0,0,0,0,0,0,9.88818e+0,3.55047e+1,0,0,0,0,0,0,2.67990e+2
"Western_Africa","SHN","Saint Helena",2.74761e-5,4.66460e-6,2.09310e-5,2.77435e-5,7.33599e-4,2.19950e-7,0,0,3.10549e-4,0,2.61060e-6,0,0,0,0,0,0,0,0,0,0,0,0,0,0,0,0,0,0,0,0,0,0,6.82060e-2,5.37199e-3,0,0,0,0,0,0,0,0,0,0,0,0,0,0,8.67978e-3,3.10163e-2,0,0,0,0,0,0,1.14402e-1
"Western_Africa","SLE","Sierra Leone",3.50093e-3,2.02076e-4,1.60404e-3,6.80690e-4,4.78059e-2,1.01011e-5,0,0,1.70360e+1,1.75456e+1,1.78060e-2,0,0,0,0,0,0,0,0,0,0,0,0,0,0,0,0,0,0,0,0,0,0,1.18270e+1,5.88160e-1,3.69341e+1,0,0,0,0,2.17692e+1,4.46963e-1,1.16919e+1,0,0,0,0,0,0,3.97406e+0,1.66545e+1,0,0,0,0,0,0,1.38539e+2
"Western_Africa","STP","Sao Tome and Principe",3.84781e-4,2.73444e-5,9.61320e-5,2.85805e-5,6.80274e-3,1.36535e-6,0,0,4.17986e-3,4.84220e-1,1.21655e-3,0,0,0,0,0,0,0,0,0,0,0,0,0,0,0,0,0,0,0,0,0,0,1.79960e-1,1.63500e-2,0,0,0,0,0,0,1.65306e-3,0,0,0,0,0,0,0,1.95621e-1,4.79470e-1,0,0,0,0,0,0,1.37001e+0
"Western_Africa","TCD","Chad",1.13091e-3,7.77088e-5,3.52605e-4,1.48538e-4,1.61155e-2,3.88440e-6,0,0,1.69810e+1,2.10198e+1,6.13538e-3,0,0,0,0,0,0,0,0,0,0,0,0,0,0,0,0,0,0,0,0,0,0,2.15123e+2,7.52084e+0,5.69579e+0,0,0,0,0,1.84718e+2,3.30449e-1,0,0,0,0,0,0,0,2.83530e+0,2.37343e+1,0,0,0,0,0,0,4.77983e+2
"Western_Africa","TGO","Togo",2.75844e-3,0,1.00483e-3,0,9.06167e-2,0,0,0,1.76562e+1,1.88387e+1,0,0,0,0,0,0,0,0,0,0,0,0,0,0,0,0,0,0,0,0,0,0,0,2.49112e+1,1.54993e+0,2.96366e+0,0,0,0,0,4.32024e+1,2.83742e-1,1.88244e+1,0,0,0,0,0,0,3.23244e+0,1.55599e+1,0,0,0,0,0,0,1.47117e+2
"Eastern_Africa","BDI","Burundi",5.89032e-4,3.53248e-5,3.64662e-4,3.09043e-4,4.10219e-2,1.76375e-6,0,0,2.09460e+1,1.56818e+1,5.46586e-3,0,0,0,0,0,0,0,0,0,0,0,0,0,0,0,0,0,0,0,0,0,0,2.14064e+1,8.34403e-1,1.85229e+0,0,0,0,0,0,3.86011e-1,0,0,0,0,0,0,0,4.88097e-1,2.00922e+1,0,0,0,0,0,0,8.17350e+1
"Eastern_Africa","COM","Comoros",1.14054e-4,2.02271e-5,9.67320e-5,1.00462e-4,8.02849e-3,1.00845e-6,0,0,2.20753e-2,1.79425e+0,1.45795e-3,0,0,0,0,0,0,0,0,0,0,0,0,0,0,0,0,0,0,0,0,0,0,2.12361e+0,9.83932e-2,2.00665e+0,0,0,0,0,0,1.10506e-2,0,0,0,0,0,0,0,4.63470e-1,2.09298e+0,0,0,0,0,0,0,8.62230e+0
"Eastern_Africa","DJI","Djibouti",2.20696e-3,1.53222e-4,2.77786e-3,3.57573e-4,2.76779e-2,7.66090e-6,0,0,7.18187e-2,2.41189e+0,2.70097e-2,0,0,0,0,0,0,0,0,0,0,0,0,0,0,0,0,0,0,0,0,0,0,1.34615e+1,5.51404e-1,0,0,0,0,0,0,1.81743e-6,0,0,0,0,0,0,0,8.66538e-1,2.46221e+0,0,0,0,0,0,0,1.98856e+1
"Eastern_Africa","ERI","Eritrea",4.48393e-4,2.43595e-4,2.11793e-3,0,1.49974e-2,0,0,0,5.99264e+0,8.65551e+0,1.13473e-1,0,0,0,0,0,0,0,0,0,0,0,0,0,0,0,0,0,0,0,0,0,0,6.57340e+1,2.33655e+0,0,0,0,0,0,2.69280e+0,9.62655e-2,0,0,0,0,0,0,0,8.39420e-1,1.21194e+1,0,0,0,0,0,0,9.85979e+1
"Eastern_Africa","ETH","Ethiopia",2.91580e-3,9.13480e-5,1.96115e-2,0,1.29192e-1,0,0,0,1.43256e+2,1.06082e+1,7.88005e-2,0,0,0,0,0,0,0,0,0,0,0,0,0,0,0,0,0,0,0,0,0,0,1.21048e+3,4.83781e+1,0,0,0,0,0,2.87904e+2,4.97416e+0,0,0,0,0,0,0,0,1.07026e+1,1.87337e+2,0,0,0,0,0,0,1.90387e+3
"Eastern_Africa","KEN","Kenya",7.93697e-4,4.21776e-3,7.93399e-2,6.07086e-3,4.60780e-1,5.73381e-3,5.86152e-4,0,6.15579e+1,1.68268e+2,6.07240e-1,0,0,0,0,0,0,0,0,0,0,0,0,0,0,0,0,0,0,0,0,0,0,6.07862e+2,2.00724e+1,2.05295e+0,0,0,0,0,4.91232e+0,1.02862e+0,0,0,0,0,0,0,0,7.68662e+0,9.32191e+1,0,0,0,0,0,0,9.67824e+2
"Eastern_Africa","MDG","Madagascar",3.49161e-3,2.44091e-4,1.27225e-3,6.68328e-4,1.11383e-1,1.99630e-5,0,0,2.78840e+1,3.13673e+1,1.64953e-2,0,0,0,0,0,0,0,0,0,0,0,0,0,0,0,0,0,0,0,0,0,0,3.56212e+2,1.24745e+1,2.00735e+2,0,0,0,0,7.68192e+1,8.74342e-1,4.96733e+1,1.34026e-1,0,0,0,0,0,6.75017e+0,4.86504e+1,0,0,0,0,0,0,8.11708e+2
"Eastern_Africa","MUS","Mauritius",4.71573e-3,3.19347e-4,3.05324e-3,2.55290e-4,7.83729e-2,6.07511e-5,0,0,3.42869e-1,9.14500e-2,3.07268e-2,0,0,0,0,0,0,0,0,0,0,0,0,0,0,0,0,0,0,0,0,0,0,1.79918e+0,1.48743e-1,4.63073e-4,0,0,0,0,0,1.10175e-1,0,0,0,0,0,0,0,2.42929e+0,4.96547e+0,0,0,0,0,0,0,1.00051e+1
"Eastern_Africa","MYT","Mayotte",0,0,0,0,0,0,0,0,0,0,0,0,0,0,0,0,0,0,0,0,0,0,0,0,0,0,0,0,0,0,0,0,0,0,0,0,0,0,0,0,0,0,0,0,0,0,0,0,0,1.51665e-1,3.63464e-1,0,0,0,0,0,0,5.15129e-1
"Eastern_Africa","REU","Reunion",2.98657e-3,2.03582e-4,1.28669e-3,8.86161e-4,9.30499e-2,1.01758e-5,0,0,1.96791e-1,0,2.24432e-2,0,0,0,0,0,0,0,0,0,0,0,0,0,0,0,0,0,0,0,0,0,0,1.20075e+0,2.69920e-1,6.17430e-3,0,0,0,0,0,3.73151e-2,0,0,0,0,0,0,0,2.72137e+0,3.09791e+0,0,0,0,0,0,0,7.65110e+0
"Eastern_Africa","RWA","Rwanda",2.44010e-3,1.62946e-4,1.00360e-3,6.31637e-4,6.32593e-2,8.14645e-6,0,0,1.11746e+1,9.41687e-1,1.26616e-2,0,0,0,0,0,0,0,0,0,0,0,0,0,0,0,0,0,0,0,0,0,0,2.61370e+1,9.64212e-1,1.05272e+0,0,0,0,0,2.67144e+0,4.53846e-1,0,0,0,0,0,0,0,5.79827e-1,2.66359e+1,0,0,0,0,0,0,7.06914e+1
"Eastern_Africa","SDN","Sudan",2.76900e-3,2.09340e-4,2.61256e-2,0,4.18282e-1,0,0,0,6.00897e+1,1.80888e+2,2.80550e+0,0,0,0,0,0,0,0,0,0,0,0,0,0,0,0,0,0,0,0,0,0,0,1.06550e+3,3.64802e+1,1.23486e-1,0,0,0,0,7.59000e+2,9.14587e-1,0,0,0,0,0,0,0,3.00626e+1,1.08515e+2,0,0,0,0,0,0,2.24482e+3
"Eastern_Africa","SOM","Somalia",1.50994e-3,1.83911e-4,9.57240e-4,7.55219e-4,8.86624e-2,9.19225e-6,0,0,2.24875e+1,3.65462e+1,1.76387e-2,0,0,0,0,0,0,0,0,0,0,0,0,0,0,0,0,0,0,0,0,0,0,5.03485e+2,2.26888e+1,7.71787e-1,0,0,0,0,8.51472e-3,1.93645e-1,0,0,0,0,0,0,0,3.73740e+0,3.19921e+1,0,0,0,0,0,0,6.22021e+2
"Eastern_Africa","SYC","Seychelles",2.30007e-3,1.64423e-4,7.43700e-4,3.19999e-7,1.20344e-2,8.22115e-6,0,0,1.09490e-2,0,7.61410e-3,0,0,0,0,0,0,0,0,0,0,0,0,0,0,0,0,0,0,0,0,0,0,1.76476e-1,5.68524e-2,0,0,0,0,0,0,5.05440e-6,0,0,0,0,0,0,0,2.34922e-1,3.45955e-1,0,0,0,0,0,0,8.48024e-1
"Eastern_Africa","UGA","Uganda",2.77658e-3,1.98494e-4,8.26098e-4,3.09634e-4,9.83834e-2,9.92265e-6,0,0,1.04517e+2,5.12842e+1,1.53160e-2,0,0,0,0,0,0,0,0,0,0,0,0,0,0,0,0,0,0,0,0,0,0,2.10273e+2,7.38531e+0,6.01994e+0,0,0,0,0,1.35850e+2,1.49038e+0,0,0,0,0,0,0,0,3.07486e+0,6.31392e+1,0,0,0,0,0,0,5.83152e+2
"Southern_Africa","AGO","Angola",9.04347e-4,3.97746e-3,4.93833e-2,0,2.24745e-1,0,0,0,8.73629e+0,6.02655e+1,2.56505e+2,0,0,0,0,0,0,0,0,0,0,0,0,0,0,0,0,0,0,0,0,0,0,1.23564e+2,4.31844e+0,6.17430e-1,0,0,0,0,5.37768e+2,1.68387e-1,5.95560e+0,0,0,0,0,0,0,9.38387e+0,4.27408e+1,0,0,0,0,0,0,1.05030e+3
"Southern_Africa","BWA","Botswana",6.04436e-3,2.19265e-4,9.73502e-3,6.30219e-5,1.49183e-1,4.99450e-4,0,0,3.39854e+0,1.39398e+1,1.69078e-2,0,0,0,0,0,0,0,0,0,0,0,0,0,0,0,0,0,0,0,0,0,0,1.36121e+2,3.35850e+0,0,0,0,0,0,1.21001e+2,5.21884e-2,0,3.18624e+0,0,0,0,0,0,1.54474e+0,6.45442e+0,0,0,0,0,0,0,2.89239e+2
"Southern_Africa","LSO","Lesotho",3.75110e-4,2.68132e-5,1.45848e-4,1.65839e-4,2.61109e-2,1.34045e-6,0,0,4.52358e+0,5.77415e+0,2.86183e-3,0,0,0,0,0,0,0,0,0,0,0,0,0,0,0,0,0,0,0,0,0,0,3.36803e+1,7.43271e-1,0,0,0,0,0,0,5.37653e-2,0,2.03052e+0,0,0,0,0,0,7.44704e-1,6.59622e+0,0,0,0,0,0,0,5.41762e+1
"Southern_Africa","MOZ","Mozambique",2.25124e-3,0,1.02995e-2,0,8.66889e-2,0,7.32690e-3,0,5.36699e+1,2.83535e+1,0,0,0,0,0,0,0,0,0,0,0,0,0,0,0,0,0,0,0,0,0,0,0,5.31387e+1,2.10689e+0,1.69793e+1,0,0,0,0,2.94144e+2,1.31519e+0,3.68859e+1,5.29032e+0,0,0,0,0,0,5.46830e+0,6.36217e+1,0,0,0,0,0,0,5.61080e+2
"Southern_Africa","MWI","Malawi",1.89661e-3,1.29293e-4,7.07929e-4,2.85314e-4,8.62562e-2,1.72095e-5,0,0,1.96235e+1,3.14541e+1,9.30613e-3,0,0,0,0,0,0,0,0,0,0,0,0,0,0,0,0,0,0,0,0,0,0,4.19725e+1,1.46104e+0,4.47636e+0,0,0,0,0,5.66112e+1,1.06632e+0,0,0,0,0,0,0,0,1.80737e+0,3.41435e+1,0,0,0,0,0,0,1.92715e+2
"Southern_Africa","NAM","Namibia",1.43406e-3,0,2.41826e-4,1.08857e-3,1.68991e-1,0,3.51691e-3,0,3.45727e-1,3.17186e+0,9.28768e-4,0,0,0,0,0,0,0,0,0,0,0,0,0,0,0,0,0,0,0,0,0,0,1.25047e+2,3.10551e+0,0,0,0,0,0,3.10296e+1,5.93095e-2,0,0,0,0,0,0,0,1.78925e+0,4.48706e+0,0,0,0,0,0,0,1.69212e+2
"Southern_Africa","SWZ","Swaziland",9.29212e-4,8.78721e-5,2.09742e-3,1.38996e-4,5.07399e-2,9.99327e-5,0,0,2.36251e+0,1.94855e+0,6.83000e-3,0,0,0,0,0,0,0,0,0,0,0,0,0,0,0,0,0,0,0,0,0,0,3.40611e+1,8.28862e-1,6.17430e-2,0,0,0,0,0,9.59312e-2,0,0,0,0,0,0,0,8.19063e-1,1.37665e+1,0,0,0,0,0,0,5.40052e+1
"Southern_Africa","TZA","Tanzania_United Republic of",1.01739e-2,7.11756e-4,1.39420e-2,0,1.66991e-1,0,0,0,7.09659e+1,4.20440e+1,1.58673e-1,0,0,0,0,0,0,0,0,0,0,0,0,0,0,0,0,0,0,0,0,0,0,4.62737e+2,1.59651e+1,5.94276e+1,0,0,0,0,4.00728e+2,3.46173e+0,1.14131e+2,0,0,0,0,0,0,6.64842e+0,1.04058e+2,0,0,0,0,0,0,1.28052e+3
"Southern_Africa","ZAF","South Africa",1.06152e+0,8.37555e-2,5.96249e+0,7.61998e-3,7.18810e+0,3.93560e-3,0,0,7.17317e+1,1.00194e+3,3.82273e+1,0,0,0,0,0,5.44300e-2,2.03280e+0,0,0,0,0,0,0,0,0,0,0,0,0,0,0,0,8.68668e+2,2.23654e+1,2.00665e-1,0,0,0,0,1.63790e+1,2.30177e+0,6.67440e+0,9.53330e+1,0,0,0,0,0,1.65046e+2,2.36150e+2,0,0,0,0,0,0,2.54142e+3
"Southern_Africa","ZMB","Zambia",1.37746e-3,1.88406e-3,1.02690e-1,0,1.51226e-1,4.69133e-3,0,0,2.31963e+1,5.51953e+1,1.92871e-1,0,0,0,0,0,0,0,0,0,0,0,0,0,0,0,0,0,0,0,0,0,0,1.12386e+2,3.58822e+0,1.47103e+0,0,0,0,0,7.96920e+2,2.58225e-1,3.55307e+2,0,0,0,0,0,0,7.45022e+0,3.04075e+1,0,0,0,0,0,0,1.38663e+3
"Southern_Africa","ZWE","Zimbabwe",5.34063e-2,1.50725e-3,4.12693e-1,0,3.42343e-1,2.41871e-2,0,0,2.65556e+1,2.83678e+1,6.90000e-5,0,0,0,0,0,0,2.25980e-1,0,0,0,0,0,0,0,0,0,0,0,0,0,0,0,2.98591e+2,7.60649e+0,3.08715e-2,0,0,0,0,8.08728e+1,4.66356e-1,0,0,0,0,0,0,0,7.24666e+0,3.75880e+1,0,0,0,0,0,0,4.88385e+2
"OECD_Europe","AUT","Austria",6.32546e-1,1.07388e-1,1.11012e+0,7.32690e-4,3.64965e+0,9.89760e-3,2.05153e-3,4.01933e-3,3.73447e+1,1.57026e+1,3.82581e+1,0,0,0,0,0,1.05600e-1,3.06600e-1,0,0,0,0,0,0,0,0,0,0,0,0,0,0,0,1.79266e+2,5.70720e+1,0,0,0,0,0,0,5.10215e-1,0,2.27815e+0,0,0,0,0,0,9.83758e+1,4.11910e+1,3.36000e-3,1.65280e+0,0,0,0,0,4.77584e+2
"OECD_Europe","BEL","Belgium",7.21990e-1,1.07447e-1,1.44828e+0,1.04670e-4,5.63181e+0,1.23364e-2,3.86861e-2,0,1.82387e+1,3.48379e+1,6.72120e+1,0,0,0,0,0,1.77000e-4,9.47960e-1,0,0,0,0,0,0,0,0,0,0,0,0,0,0,0,2.29441e+2,8.61344e+1,0,0,0,0,0,0,3.43426e-1,0,5.11776e-1,0,0,0,0,0,7.10427e+1,7.07404e+1,3.54304e+0,1.66667e+0,0,0,0,0,5.92621e+2
"OECD_Europe","CHE","Switzerland",3.76060e-1,6.00287e-3,4.50608e-1,2.97263e-3,4.80952e+0,1.56377e-3,2.34461e-3,0,8.73939e+0,2.87016e-1,3.84155e+1,0,0,0,0,0,6.28229e-2,5.50000e-3,0,0,0,0,0,0,0,0,0,0,0,0,0,0,0,1.38490e+2,3.62861e+1,0,0,0,0,0,0,1.28746e-1,5.17200e+0,0,0,0,0,0,0,3.35843e+1,1.34134e+1,1.20000e-5,1.05541e+0,0,0,0,0,2.81289e+2
"OECD_Europe","DEU","Germany",6.14710e+0,6.47432e-1,7.45702e+0,2.93286e-2,4.81556e+1,1.65626e-1,1.96947e-1,0,1.88689e+2,1.19847e+3,3.02852e+2,0,0,0,0,0,5.45319e+0,2.67493e+0,0,0,0,0,0,0,0,0,0,0,0,0,0,0,0,1.51527e+3,4.72943e+2,0,0,0,0,0,0,3.95830e+0,0,3.18336e+0,0,0,0,0,0,1.57857e+3,1.64490e+2,0,2.89600e-3,0,0,0,0,5.49935e+3
"OECD_Europe","DNK","Denmark",9.04690e-1,4.18276e-2,4.12664e-1,1.57005e-3,2.97227e+0,1.68540e-2,4.42545e-2,4.89856e-3,9.12461e+0,4.60320e-2,1.55024e+1,0,0,0,0,0,0,0,0,0,0,0,0,0,0,0,0,0,0,0,0,0,0,1.71921e+2,8.83369e+1,0,0,0,0,0,0,9.88987e-1,0,0,0,0,0,0,0,8.02080e+1,7.99344e+0,0,1.54010e+0,0,0,0,0,3.80060e+2
"OECD_Europe","ESP","Spain",6.70829e-1,1.88036e-1,4.12349e+0,2.92657e-2,1.70910e+1,3.77042e-2,4.94712e-1,0,4.45677e+1,1.61064e+2,2.89523e+1,0,0,0,0,0,6.79660e-1,5.99810e-1,0,0,0,0,0,0,0,0,0,0,0,0,0,0,0,5.61510e+2,2.53262e+2,2.52578e+1,0,0,0,0,0,1.99666e+0,0,3.79440e+1,0,0,0,0,0,2.78070e+2,1.38615e+2,7.09382e-1,6.46948e+0,0,0,0,0,1.56233e+3
"OECD_Europe","FIN","Finland",1.54700e+0,5.64806e-2,3.67285e+0,2.90983e-3,3.75826e+0,1.11201e-2,3.42899e-2,0,1.90391e+1,2.40304e+0,5.94189e+0,0,0,0,0,0,7.22670e-2,3.44390e-1,0,0,0,0,0,0,0,0,0,0,0,0,0,0,0,9.57577e+1,2.59395e+1,0,0,0,0,0,0,3.98141e-1,9.16656e-1,1.25052e-1,0,0,0,0,0,1.42028e+2,1.76827e+2,0,5.80000e-1,0,0,0,0,4.79455e+2
"OECD_Europe","FRA","France",2.00197e+0,3.93497e-1,4.72341e+0,1.57005e-2,3.47521e+1,6.88058e-2,7.97166e-2,0,1.92503e+2,8.90461e+1,6.44883e+2,0,0,0,0,0,1.47011e+0,2.21912e+0,0,0,0,0,0,0,0,0,0,0,0,0,0,0,0,1.54567e+3,3.81399e+2,5.69976e+0,0,0,0,0,0,6.19576e+0,0,2.15770e+0,0,0,0,0,0,4.92491e+2,1.74480e+2,2.09740e+1,5.89380e+0,0,0,0,0,3.60712e+3
"OECD_Europe","FRO","Faroe Islands",0,0,0,0,0,0,0,0,0,0,0,0,0,0,0,0,0,0,0,0,0,0,0,0,0,0,0,0,0,0,0,0,0,6.04584e-1,2.47300e-2,0,0,0,0,0,0,1.14254e-5,0,0,0,0,0,0,0,8.66912e-1,4.06513e-2,2.78805e-2,1.28050e-2,0,0,0,0,1.57757e+0
"OECD_Europe","GBR","United Kingdom",1.66005e+0,8.08858e-1,3.40712e+0,3.66136e-2,4.28898e+1,1.10848e-1,3.80413e-1,0,9.46340e+1,7.14571e+2,7.05218e+2,0,0,0,0,0,1.82697e+0,1.07110e+0,0,0,0,0,0,0,0,0,0,0,0,0,0,0,0,1.17269e+3,2.11643e+2,0,0,0,0,0,0,2.44164e+0,0,2.14932e+0,0,0,0,0,0,2.51913e+3,1.11564e+2,6.70752e+0,2.12622e+0,0,0,0,0,5.59507e+3
"OECD_Europe","GIB","Gibraltar",0,0,0,0,2.49197e-2,0,0,0,0,0,0,0,0,0,0,0,0,0,0,0,0,0,0,0,0,0,0,0,0,0,0,0,0,0,0,0,0,0,0,0,0,0,0,0,0,0,0,0,0,1.71616e-1,2.47831e-2,7.40007e-3,3.84737e-3,0,0,0,0,2.32566e-1
"OECD_Europe","GRC","Greece",3.24194e-1,5.05579e-2,8.47649e-1,1.05089e-2,4.73719e+0,1.13776e-2,1.68812e-1,0,1.27145e+1,4.84338e+1,8.71814e+0,0,0,0,0,0,3.39900e-3,4.95000e-2,0,0,0,0,0,0,0,0,0,0,0,0,0,0,0,1.41943e+2,3.02706e+1,4.61010e+0,0,0,0,0,0,7.22297e-1,1.40717e-1,3.90744e+0,0,0,0,0,0,9.32766e+1,1.72741e+1,5.40000e-5,9.15240e-2,0,0,0,0,3.68306e+2
"OECD_Europe","GRL","Greenland",0,0,0,0,0,0,0,0,0,0,0,0,0,0,0,0,0,0,0,0,0,0,0,0,0,0,0,0,0,0,0,0,0,1.72000e-1,2.92864e-3,0,0,0,0,0,0,0,0,0,0,0,0,0,0,7.35081e-1,1.99803e-1,1.12374e-2,6.12812e-3,0,0,0,0,1.12718e+0
"OECD_Europe","IRL","Ireland",1.40293e-1,3.19262e-3,2.81018e-1,3.55878e-4,1.69730e+0,8.34009e-3,7.61997e-3,0,2.83192e+1,1.02285e+0,2.60739e+1,0,0,0,0,0,0,0,0,0,0,0,0,0,0,0,0,0,0,0,0,0,0,4.47582e+2,6.68198e+1,0,0,0,0,0,0,1.93178e-1,0,2.06417e-1,0,0,0,0,0,8.11532e+1,7.48522e+0,0,1.57859e-1,0,0,0,0,6.61152e+2
"OECD_Europe","ISL","Iceland",1.25604e-4,0,3.94187e-2,2.51207e-4,2.23065e-1,0,5.56844e-3,0,6.47887e-2,0,0,0,0,0,0,0,0,6.90800e-2,0,0,0,0,0,0,0,0,0,0,0,0,0,0,0,1.01381e+1,1.54289e+0,0,0,0,0,0,0,9.87625e-5,0,0,0,0,0,0,0,3.61488e+0,4.84096e-1,8.56030e-2,3.31189e-3,0,0,0,0,1.62713e+1
"OECD_Europe","ITA","Italy",7.83355e-1,3.14290e-1,2.95538e+0,3.45410e-3,3.55301e+1,3.52717e-2,1.16644e-1,3.01449e-2,1.74132e+1,1.28993e+1,3.39373e+2,0,0,0,0,0,9.08626e-1,1.22459e+0,0,0,0,0,0,0,0,0,0,0,0,0,0,0,0,6.73703e+2,2.61823e+2,5.97916e+1,0,0,0,0,0,3.51279e+0,8.81184e-1,1.10952e+1,0,0,0,0,0,6.81792e+2,1.32169e+2,8.26737e+0,1.45818e+0,0,0,0,0,2.24608e+3
"OECD_Europe","LUX","Luxembourg",3.81837e-2,0,1.96652e-1,2.09339e-5,7.61861e-1,0,0,0,1.32008e-1,0,3.56997e+0,0,0,0,0,0,0,3.36210e-1,0,0,0,0,0,0,0,0,0,0,0,0,0,0,0,1.49200e+1,2.24773e+1,0,0,0,0,0,0,1.74092e-2,0,4.93320e-1,0,0,0,0,0,3.28781e+0,3.91588e-1,0,1.45454e-2,0,0,0,0,4.66369e+1
"OECD_Europe","NLD","Netherlands",1.51543e+0,3.15851e-1,6.59637e-1,3.47504e-3,8.54390e+0,6.60257e-3,5.18745e-2,0,8.38374e+0,4.36854e+0,2.76572e+2,0,0,0,0,0,3.12122e+0,2.75730e-1,0,0,0,0,0,0,0,0,0,0,0,0,0,0,0,3.78262e+2,1.75072e+2,0,0,0,0,0,0,2.83203e-1,0,3.33048e-2,0,0,0,0,0,5.35812e+2,4.33335e+1,0,0,0,0,0,0,1.43661e+3
"OECD_Europe","NOR","Norway",1.69733e-1,2.95566e-1,9.19238e-1,1.84219e-3,3.11052e+0,5.73381e-3,2.77250e-1,0,9.30835e+0,5.41094e+0,2.74833e+2,0,0,0,0,0,2.27912e+0,1.00727e+0,0,0,0,0,0,0,0,0,0,0,0,0,0,0,0,8.73144e+1,1.67654e+1,0,0,0,0,0,0,1.35628e-1,0,0,0,0,0,0,0,2.25726e+2,4.67323e+1,3.03978e+0,6.09828e-1,0,0,0,0,6.77942e+2
"OECD_Europe","PRT","Portugal",2.48602e-1,2.42403e-2,1.92772e+0,1.73752e-3,3.43113e+0,9.90389e-3,1.31884e-2,0,2.00537e+1,4.09233e+0,3.85444e+0,0,0,0,0,0,1.13421e-1,3.72800e-2,0,0,0,0,0,0,0,0,0,0,0,0,0,0,0,1.41479e+2,5.47471e+1,9.44372e+0,0,0,0,0,0,2.39596e-1,0,4.34208e+0,0,0,0,0,0,1.73967e+2,5.13511e+1,2.28405e-2,4.46800e-1,0,0,0,0,4.69847e+2
"OECD_Europe","SWE","Sweden",1.16755e+0,3.59048e-2,5.18543e+0,8.75040e-3,6.31094e+0,6.95009e-3,4.27891e-2,3.76812e-3,1.78260e+1,2.72945e+0,1.95233e+1,0,0,0,0,0,2.11002e-1,2.65610e-1,0,0,0,0,0,0,0,0,0,0,0,0,0,0,0,1.24497e+2,3.70038e+1,0,0,0,0,0,0,6.19908e-1,9.22752e-1,3.67344e-1,0,0,0,0,0,1.22134e+2,2.09098e+2,9.00000e-3,6.50112e-1,0,0,0,0,5.48620e+2
"Central Europe","ALB","Albania",0,5.19163e-3,1.11662e-1,0,1.27259e-1,0,0,0,1.75214e+1,4.84702e+0,1.51781e+1,0,0,0,0,0,0,5.17000e-2,0,0,0,0,0,0,0,0,0,0,0,0,0,0,0,6.29060e+1,9.81578e+0,8.38200e-1,0,0,0,0,0,2.93979e-1,0,1.04333e+0,0,0,0,0,0,3.13728e+0,5.38641e+0,1.69023e-2,3.41576e-3,0,0,0,0,1.21284e+2
"Central Europe","BGR","Bulgaria",3.93509e-1,2.27001e-2,5.18517e-1,9.62963e-4,2.22819e+0,1.85915e-2,5.56844e-3,5.40096e-3,1.60376e+1,3.75215e+1,5.93661e+0,0,0,0,0,0,1.27632e-1,1.78810e-1,0,0,0,0,0,0,0,0,0,0,0,0,0,0,0,2.16410e+2,4.00535e+1,2.96164e+0,0,0,0,0,0,2.40053e+0,0,2.39959e+0,0,0,0,0,0,3.76510e+2,4.27209e+1,0,0,0,0,0,0,7.46451e+2
"Central Europe","BIH","Bosnia and Herzegovina",9.31982e-2,0,1.24725e-1,0,6.06198e-1,0,0,0,2.16874e+1,1.02446e+2,6.38842e+0,0,0,0,0,0,9.46910e-4,2.70136e-2,0,0,0,0,0,0,0,0,0,0,0,0,0,0,0,6.48378e+1,1.11971e+1,0,0,0,0,0,0,3.58478e-1,0,0,0,0,0,0,0,4.07600e+0,6.67859e+0,1.91625e-2,5.00796e-3,0,0,0,0,2.18546e+2
"Central Europe","CYP","Cyprus",0,1.40117e-3,4.71015e-2,0,2.39837e-1,0,0,0,1.27697e-1,9.14500e-2,1.69789e-1,0,0,0,0,0,0,0,0,0,0,0,0,0,0,0,0,0,0,0,0,0,0,7.65839e+0,3.04851e+0,0,0,0,0,0,0,1.17687e-2,0,0,0,0,0,0,0,6.12659e+0,3.46947e+0,0,0,0,0,0,0,2.09920e+1
"Central Europe","CZE","Czech Republic",5.54004e-1,4.32389e-2,3.06591e+0,0,2.08945e+0,0,0,0,1.00796e+2,1.85303e+2,1.52951e+1,0,0,0,0,0,2.02339e-1,5.78410e-1,0,0,0,0,0,0,0,0,0,0,0,0,0,0,0,3.65019e+2,5.73365e+1,0,0,0,0,0,0,2.02317e+0,0,6.49488e+0,0,0,0,0,0,7.73483e+1,5.25296e+1,0,2.35315e-1,0,0,0,0,8.68913e+2
"Central Europe","EST","Estonia",2.31316e-1,4.97810e-3,1.51129e-1,0,7.88936e-1,8.71690e-3,2.05153e-3,0,9.64485e+0,1.96586e+1,2.62672e+1,0,0,0,0,0,0,0,0,0,0,0,0,0,0,0,0,0,0,0,0,0,0,6.69089e+1,1.08768e+1,2.24917e+0,0,0,0,0,0,2.04320e-1,0,0,0,0,0,0,0,1.73057e+1,7.93292e+0,0,2.85560e-2,0,0,0,0,1.62264e+2
"Central Europe","HRV","Croatia",9.72615e-2,8.95835e-2,2.14479e-1,2.49114e-3,1.12798e+0,6.63819e-3,1.46538e-2,3.76812e-3,1.20914e+1,2.63059e+0,5.89680e+1,0,0,0,0,0,6.45845e-2,8.91587e-1,0,0,0,0,0,0,0,0,0,0,0,0,0,0,0,6.89114e+1,1.41214e+1,0,0,0,0,0,0,7.32191e-1,0,1.40458e+0,0,0,0,0,0,1.83180e+1,1.86874e+1,0,0,0,0,0,0,1.98378e+2
"Central Europe","HUN","Hungary",3.49112e-1,4.94129e-2,4.30642e-1,0,2.88883e+0,3.00592e-2,2.19807e-2,0,3.48282e+1,2.64085e+1,3.69960e+1,0,0,0,0,0,7.76520e-2,1.36210e-1,0,0,0,0,0,0,0,0,0,0,0,0,0,0,0,1.92874e+2,5.38741e+1,3.26898e+0,0,0,0,0,0,3.67679e+0,0,2.10238e+0,0,0,0,0,0,8.12239e+1,4.01783e+1,0,0,0,0,0,0,4.79415e+2
"Central Europe","LTU","Lithuania",1.54304e-1,2.53051e-2,2.23288e-1,0,1.70794e+0,2.03290e-2,1.46538e-3,0,1.71110e+1,1.73910e-2,5.78670e+1,0,0,0,0,0,9.91006e-2,0,0,0,0,0,0,0,0,0,0,0,0,0,0,0,0,1.99474e+2,3.12956e+1,0,0,0,0,0,0,7.22063e-1,0,1.74648e+0,0,0,0,0,0,3.74385e+1,1.41132e+1,7.34316e-4,0,0,0,0,0,3.62017e+2
"Central Europe","LVA","Latvia",1.48694e-1,7.53624e-4,9.44061e-2,0,1.25290e+0,3.04066e-2,1.05507e-2,1.08857e-3,2.38946e+1,7.70970e-2,5.24637e+1,0,0,0,0,0,0,0,0,0,0,0,0,0,0,0,0,0,0,0,0,0,0,1.35212e+2,1.90502e+1,0,0,0,0,0,0,3.95990e-1,0,2.71392e-1,0,0,0,0,0,1.98851e+1,7.60685e+0,0,0,0,0,0,0,2.60395e+2
"Central Europe","MKD","Macedonia, the former Yugoslav Republic of",5.54751e-2,0,8.21554e-2,0,2.55433e-1,1.21627e-3,0,0,6.44110e+0,7.63402e+0,3.26398e-1,0,0,0,0,0,1.52298e-1,1.67641e+0,0,0,0,0,0,0,0,0,0,0,0,0,0,0,0,4.37881e+1,4.74729e+0,2.48107e+0,0,0,0,0,0,2.31257e-1,0,7.59504e-1,0,0,0,0,0,4.18548e+0,6.31449e+0,2.14052e-2,3.80022e-3,0,0,0,0,7.91568e+1
"Central Europe","MLT","Malta",6.71764e-3,0,0,0,1.08162e-1,0,0,0,1.06763e-2,0,0,0,0,0,0,0,0,0,0,0,0,0,0,0,0,0,0,0,0,0,0,0,0,1.67410e+0,7.48409e-1,0,0,0,0,0,0,1.15912e-3,0,0,0,0,0,0,0,5.75817e+0,4.26098e-1,0,0,0,0,0,0,8.73349e+0
"Central Europe","POL","Poland",2.06914e+0,3.06545e-1,2.84188e+0,0,5.57958e+0,1.09734e-1,3.07730e-2,0,1.67434e+2,3.21446e+3,1.67698e+2,0,0,0,0,0,4.94175e-1,1.03210e+0,0,0,0,0,0,0,0,0,0,0,0,0,0,0,0,9.09653e+2,1.67421e+2,0,0,0,0,0,0,7.37990e+0,0,4.45488e+0,0,0,0,0,0,3.37690e+2,1.35153e+2,2.48032e-1,2.67403e-1,0,0,0,0,5.12433e+3
"Central Europe","ROU","Romania",7.23995e-1,1.02392e-1,1.33986e+0,0,3.34482e+0,6.69888e-4,9.20262e-2,1.63285e-2,3.24684e+1,8.49972e+1,7.37091e+2,0,0,0,0,0,9.24417e-1,8.57370e-1,0,0,0,0,0,0,0,0,0,0,0,0,0,0,0,6.02533e+2,1.27199e+2,1.11481e+1,0,0,0,0,0,5.05608e+0,0,0,0,0,0,0,0,9.49096e+1,7.84117e+1,1.56136e-2,0,0,0,0,0,1.78123e+3
"Central Europe","SCG","Serbia and Montenegro",3.72135e-1,0,3.90126e-1,0,1.15151e+0,0,0,0,4.72987e+1,7.01474e+1,9.62949e+1,0,0,0,0,0,7.89830e-2,2.31000e-1,0,0,0,0,0,0,0,0,0,0,0,0,0,0,0,2.41166e+2,5.21363e+1,0,0,0,0,0,0,2.35646e+0,0,0,0,0,0,0,0,1.25476e+1,4.42976e+1,6.23661e-2,1.08436e-2,0,0,0,0,5.68542e+2
"Central Europe","SVK","Slovakia",1.29343e-1,3.48962e-2,8.06198e-1,0,8.24980e-1,0,0,0,8.40845e+0,7.55182e+0,3.58101e+1,0,0,0,0,0,1.16704e-1,4.75730e-1,0,0,0,0,0,0,0,0,0,0,0,0,0,0,0,1.56255e+2,3.00513e+1,0,0,0,0,0,0,2.00229e+0,0,6.18288e-1,0,0,0,0,0,2.56874e+1,3.83468e+1,0,8.00000e-2,0,0,0,0,3.07199e+2
"Central Europe","SVN","Slovenia",6.26626e-2,9.20888e-4,1.77686e-1,0,1.21010e+0,1.73752e-3,0,0,8.66808e+0,3.51240e+1,2.19265e+0,0,0,0,0,0,2.00418e-1,2.37485e-1,0,0,0,0,0,0,0,0,0,0,0,0,0,0,0,5.64977e+1,1.06642e+1,0,0,0,0,0,0,1.47347e-1,0,0,0,0,0,0,0,1.95232e+1,9.75648e+0,0,3.03556e-6,0,0,0,0,1.44465e+2
"Turkey","TUR","Turkey",5.97664e-1,6.49168e-2,1.14803e+0,6.51047e-3,4.71955e+0,3.85060e-2,7.47343e-2,0,1.52971e+2,1.79491e+2,3.76215e+1,0,0,0,0,0,2.39280e-1,3.87060e-1,0,0,0,0,0,0,0,0,0,0,0,0,0,0,0,9.56809e+2,1.58402e+2,1.84095e+1,0,0,0,0,0,3.21723e+1,0,1.82503e+0,0,0,0,0,0,2.55678e+2,2.87017e+2,0,5.20548e-1,0,0,0,0,2.08819e+3
"Ukraine +","BLR","Belarus",5.60298e-1,4.21610e-2,3.64471e-1,0,2.49689e+0,9.01773e-2,9.37846e-3,3.26570e-3,2.53183e+1,7.63840e-2,2.46269e+1,0,0,0,0,0,4.78789e-2,0,0,0,0,0,0,0,0,0,0,0,0,0,0,0,0,5.92885e+2,8.45824e+1,0,0,0,0,0,0,2.07229e+0,0,5.65608e-2,0,0,0,0,0,1.21479e+2,3.32939e+1,0,5.57808e-2,0,0,0,0,8.88062e+2
"Ukraine +","MDA","Moldova, Republic of",1.56949e-1,1.25604e-4,1.07936e-1,0,1.00914e+0,0,0,6.28020e-4,1.07693e+1,4.58800e-3,5.56407e+1,0,0,0,0,0,0,0,0,0,0,0,0,0,0,0,0,0,0,0,0,0,0,9.51206e+1,8.40355e+0,0,0,0,0,0,0,7.06731e-1,0,1.14749e-1,0,0,0,0,0,5.25625e+0,1.72275e+1,3.11056e-2,3.54203e-3,0,0,0,0,1.94553e+2
"Ukraine +","UKR","Ukraine",3.40100e+0,5.94094e-1,6.95057e+0,0,1.00603e+1,1.39176e-1,0,2.15703e-1,1.24086e+2,9.92752e+2,1.64614e+3,0,0,0,0,0,1.73513e+0,5.81682e+0,0,0,0,0,0,0,0,0,0,0,0,0,0,0,0,2.22395e+3,3.30841e+2,9.30415e+0,0,0,0,0,0,1.28503e+1,0,2.35231e+0,0,0,0,0,0,2.85391e+2,1.68019e+2,0,2.15472e-1,0,0,0,0,5.82481e+3
"Asia-Stan","KAZ","Kazakhstan",7.68652e-1,1.99417e-1,6.71100e+0,6.31184e-3,2.86476e+0,8.09686e-2,2.05153e-3,0,6.78745e+0,1.12407e+3,4.70570e+2,0,0,0,0,0,3.12990e-2,2.16758e+0,0,0,0,0,0,0,0,0,0,0,0,0,0,0,0,1.10120e+3,7.32512e+1,3.28574e+1,0,0,0,0,0,1.01403e+1,4.78402e+1,2.71896e+2,0,0,0,0,0,9.87594e+1,5.49319e+1,0,2.25538e-1,0,0,0,0,3.30536e+3
"Asia-Stan","KGZ","Kyrgyzstan",5.13846e-2,0,5.89459e-1,1.92592e-3,1.08443e+0,0,0,0,1.10217e+0,2.05685e+1,1.03780e+1,0,0,0,0,0,0,0,0,0,0,0,0,0,0,0,0,0,0,0,0,0,0,1.92637e+2,8.96939e+0,5.32115e-1,0,0,0,0,0,4.63181e-1,1.94472e-1,1.12402e+1,0,0,0,0,0,5.40854e+0,2.40199e+1,0,3.08964e-2,0,0,0,0,2.77272e+2
"Asia-Stan","TJK","Tajikistan",2.73398e-2,0,0,0,9.71110e-1,0,0,0,8.63611e+0,6.92756e+0,2.10832e+1,0,0,0,0,0,0,0,0,0,0,0,0,0,0,0,0,0,0,0,0,0,0,1.22997e+2,1.09571e+1,2.80015e+0,0,0,0,0,0,1.16868e-1,0,9.41304e-2,0,0,0,0,0,5.75604e+0,2.43311e+1,0,2.30023e-2,0,0,0,0,2.04721e+2
"Asia-Stan","TKM","Turkmenistan",1.79488e-1,2.16374e-1,0,0,9.74645e-1,0,0,0,6.84605e+0,0,1.25112e+3,0,0,0,0,0,5.31300e-4,0,0,0,0,0,0,0,0,0,0,0,0,0,0,0,0,1.14153e+2,1.12899e+1,7.85088e+0,0,0,0,0,0,2.64154e-1,4.63555e-2,3.69432e-1,0,0,0,0,0,7.53723e+0,2.12244e+1,0,4.97516e-2,0,0,0,0,1.42212e+3
"Asia-Stan","UZB","Uzbekistan",5.74763e-1,1.40886e-1,0,1.69565e-3,2.74982e+0,0,0,0,2.15249e+1,8.11779e+0,7.82257e+2,0,0,0,0,0,0,0,0,0,0,0,0,0,0,0,0,0,0,0,0,0,0,5.32801e+2,4.33776e+1,5.08853e+1,0,0,0,0,0,7.62682e-1,4.51171e-2,1.64854e+0,0,0,0,0,0,2.30158e+1,1.00770e+2,0,1.67467e-1,0,0,0,0,1.56884e+3
"Russia +","ARM","Armenia",3.44155e-2,0,9.99808e-2,0,8.82987e-1,0,0,0,1.12081e+1,0,5.02630e+1,0,0,0,0,0,0,0,0,0,0,0,0,0,0,0,0,0,0,0,0,0,0,5.22889e+1,7.15337e+0,0,0,0,0,0,0,9.84147e-2,0,7.99344e-2,0,0,0,0,0,1.00535e+1,5.40139e+0,0,4.05960e-2,0,0,0,0,1.37605e+2
"Russia +","AZE","Azerbaijan",1.85643e-1,3.15266e-2,2.52381e-1,0,1.32836e+0,0,0,5.10790e-3,3.14659e+0,0,2.71874e+2,0,0,0,0,0,2.83170e-2,0,0,0,0,0,0,0,0,0,0,0,0,0,0,0,0,1.74794e+2,2.71835e+1,3.82902e-1,0,0,0,0,0,4.33408e-1,0,8.14944e-2,0,0,0,0,0,1.96994e+1,4.61312e+1,0,8.37184e-2,0,0,0,0,5.45641e+2
"Russia +","GEO","Georgia",8.79479e-2,0,2.78902e-1,0,6.68493e-1,5.18746e-3,0,2.17713e-3,1.58779e+1,7.78264e+0,5.78978e+1,0,0,0,0,0,0,2.53845e-1,0,0,0,0,0,0,0,0,0,0,0,0,0,0,0,1.05791e+2,1.70861e+1,0,0,0,0,0,0,1.58429e-1,0,2.39587e-1,0,0,0,0,0,1.99167e+1,1.36789e+1,0,4.69288e-2,0,0,0,0,2.39773e+2
"Russia +","RUS","Russian Federation",1.90898e+1,2.17210e+0,8.19471e+0,1.93651e-1,4.73209e+1,1.07431e+0,1.37453e+0,1.63876e+0,8.18984e+2,2.93174e+3,1.63082e+4,0,0,0,0,0,8.04691e+0,6.20594e+0,0,0,0,0,0,0,0,0,0,0,0,0,0,0,0,5.35474e+3,8.18928e+2,1.01391e+2,0,0,0,0,0,3.64044e+1,1.47557e+2,5.57088e+2,0,0,0,0,0,1.20990e+3,1.37612e+3,0,0,0,0,0,0,2.97563e+4
"Middle_East","ARE","United Arab Emirates",5.98838e-1,3.65926e-2,5.75476e-1,0,2.01494e+0,0,0,0,6.90013e-2,1.50536e-1,6.12402e+2,0,0,0,0,0,0,0,0,0,0,0,0,0,0,0,0,0,0,0,0,0,0,1.19631e+1,7.15892e-1,0,0,0,0,0,0,2.18722e-3,0,0,0,0,0,0,0,1.09700e+1,8.28060e+0,0,1.24624e-1,0,0,0,0,6.47903e+2
"Middle_East","BHR","Bahrain",2.43312e-1,1.41084e-1,7.17618e-2,0,2.93580e-1,0,0,0,1.40258e-2,9.88900e-3,7.64595e+1,0,0,0,0,0,8.30875e-1,0,0,0,0,0,0,0,0,0,0,0,0,0,0,0,0,8.97265e-1,3.12760e-2,0,0,0,0,0,0,1.02303e-5,0,0,0,0,0,0,0,2.92685e+0,3.77688e+0,0,2.42375e-2,0,0,0,0,8.57206e+1
"Middle_East","IRN","Iran, Islamic Republic of",6.68234e-1,1.29134e-1,1.45098e+0,0,1.03379e+1,0,0,0,1.17286e+1,1.93917e+1,1.44009e+3,0,0,0,0,0,1.67764e-1,0,0,0,0,0,0,0,0,0,0,0,0,0,0,0,0,6.68054e+2,2.70538e+1,1.45651e+2,0,0,0,0,0,0,0,1.12207e-2,0,0,0,0,0,1.14233e+2,2.62099e+2,0,1.26347e+0,0,0,0,0,2.70233e+3
"Middle_East","IRQ","Iraq",3.56715e-2,6.30614e-2,3.88619e-1,0,4.49425e+0,0,0,0,6.25298e-1,1.18885e+0,7.17462e+2,0,0,0,0,0,3.43200e-2,0,0,0,0,0,0,0,0,0,0,0,0,0,0,0,0,1.26135e+2,6.60333e+0,2.20144e+1,0,0,0,0,0,2.19621e+0,0,1.21178e+0,0,0,0,0,0,6.83390e+1,6.89985e+1,0,2.80352e-1,0,0,0,0,1.02007e+3
"Middle_East","ISR","Israel",8.11261e-2,3.82308e-2,1.26274e-1,0,1.76036e+0,3.12754e-3,0,0,4.49662e-1,2.61709e-1,2.90301e+0,0,0,0,0,0,1.40525e-1,0,0,0,0,0,0,0,0,0,0,0,0,0,0,0,0,3.33734e+1,1.52476e+0,0,0,0,0,0,0,2.28489e-1,0,0,0,0,0,0,0,3.13760e+1,1.84319e+1,0,2.62141e-1,0,0,0,0,9.09607e+1
"Middle_East","JOR","Jordan",1.48458e-2,1.19373e-2,5.04929e-2,0,7.07431e-1,0,0,0,3.61613e-1,1.26843e+0,3.16899e+0,0,0,0,0,0,0,0,0,0,0,0,0,0,0,0,0,0,0,0,0,0,0,1.36430e+1,7.09660e-1,0,0,0,0,0,0,8.83012e-2,0,0,0,0,0,0,0,8.34109e+0,1.27748e+1,0,9.55640e-2,0,0,0,0,4.12362e+1
"Middle_East","KWT","Kuwait",3.24115e-1,2.05197e-1,7.91306e-2,0,1.35049e+0,0,0,0,1.64750e-1,2.06770e-1,2.26457e+2,0,0,0,0,0,1.18800e-1,0,0,0,0,0,0,0,0,0,0,0,0,0,0,0,0,2.79222e+0,8.80846e-2,0,0,0,0,0,0,9.29491e-4,0,0,0,0,0,0,0,1.45075e+1,1.17142e+1,0,9.32644e-2,0,0,0,0,2.58102e+2
"Middle_East","LBN","Lebanon",0,2.80260e-4,1.26860e-2,0,7.52810e-1,0,0,0,1.24400e+0,1.09740e+0,7.36506e-1,0,0,0,0,0,0,0,0,0,0,0,0,0,0,0,0,0,0,0,0,0,0,7.11901e+0,7.92186e-1,0,0,0,0,0,0,7.02007e-2,0,0,0,0,0,0,0,9.97137e+0,1.13707e+1,0,7.39808e-2,0,0,0,0,3.32411e+1
"Middle_East","OMN","Oman",2.03816e-1,1.00986e-1,7.24317e-2,0,6.45416e-1,0,0,0,1.67100e-1,1.78498e-1,2.65990e+2,0,0,0,0,0,0,0,0,0,0,0,0,0,0,0,0,0,0,0,0,0,0,1.39238e+1,6.25201e-1,0,0,0,0,0,0,3.41695e-3,0,0,0,0,0,0,0,4.27970e+0,7.44442e+0,0,6.91176e-2,0,0,0,0,2.93704e+2
"Middle_East","QAT","Qatar",3.68075e-1,1.23599e-1,5.57263e-2,2.42835e-3,3.71014e-1,0,0,0,5.14289e-2,5.48700e-3,1.94093e+2,0,0,0,0,0,9.69870e-2,0,0,0,0,0,0,0,0,0,0,0,0,0,0,0,0,2.84187e+0,1.93097e-1,0,0,0,0,0,0,1.66554e-3,0,0,0,0,0,0,0,3.42231e+0,7.84545e+0,0,2.96587e-2,0,0,0,0,2.09502e+2
"Middle_East","SAU","Saudi Arabia",2.90303e+0,9.14317e-1,6.35932e-1,1.44419e-2,9.51562e+0,0,0,0,3.54413e-1,2.82224e-1,1.21450e+3,0,0,0,0,0,3.35715e+0,0,0,0,0,0,0,0,0,0,0,0,0,0,0,0,0,8.05847e+1,4.35913e+0,0,0,0,0,0,0,2.68577e+0,0,0,0,0,0,0,0,7.37003e+1,7.03908e+1,0,6.90608e-1,0,0,0,0,1.46489e+3
"Middle_East","SYR","Syrian Arab Republic",8.29243e-2,3.34428e-2,2.09131e-1,0,2.08722e+0,0,0,0,5.11353e+0,9.14500e-2,2.05637e+2,0,0,0,0,0,0,0,0,0,0,0,0,0,0,0,0,0,0,0,0,0,0,1.14931e+2,4.04354e+0,5.55919e-3,0,0,0,0,0,2.52756e+0,0,1.76280e-1,0,0,0,0,0,2.08386e+1,4.32255e+1,0,1.88188e-1,0,0,0,0,3.99191e+2
"Middle_East","YEM","Yemen",1.41038e-2,7.44498e-3,0,0,1.49667e+0,0,0,0,2.61219e+0,4.66395e+0,2.28063e+1,0,0,0,0,0,0,0,0,0,0,0,0,0,0,0,0,0,0,0,0,0,0,1.01923e+2,4.42590e+0,0,0,0,0,0,0,6.37678e-1,0,0,0,0,0,0,0,4.25773e+0,4.33892e+1,0,6.02712e-2,0,0,0,0,1.86294e+2
"India +","AFG","Afghanistan",3.56618e-3,0,6.93290e-2,1.81148e-4,4.26067e-1,0,3.04361e-3,0,7.32369e+0,1.90206e+1,1.21225e+1,0,0,0,0,0,0,0,0,0,0,0,0,0,0,0,0,0,0,0,0,0,0,1.83162e+2,9.16211e+0,4.66140e+1,0,0,0,0,0,4.74573e-1,0,0,0,0,0,0,0,7.25661e+0,7.75015e+1,0,7.84248e-2,0,0,0,0,3.63218e+2
"India +","BGD","Bangladesh",1.29270e-1,2.90697e-3,1.48380e-1,0,3.25667e-1,9.03513e-3,2.87214e-2,0,1.62604e+2,2.33646e+1,8.81244e+1,0,0,0,0,0,0,0,0,0,0,0,0,0,0,0,0,0,0,0,0,0,0,7.18668e+2,6.76766e+1,2.50435e+3,0,0,0,0,2.44224e-1,1.17956e+1,1.83831e+1,0,0,0,0,0,0,9.20223e+1,4.59396e+2,0,0,0,0,0,0,4.14728e+3
"India +","BTN","Bhutan",2.30004e-4,0,7.71874e-3,2.19161e-4,1.35387e-2,0,1.48554e-4,0,1.39682e+1,7.43183e-1,4.10909e-3,0,0,0,0,0,0,0,0,0,0,0,0,0,0,0,0,0,0,0,0,0,0,1.39174e+1,1.41653e+0,6.92550e+0,0,0,0,0,0,1.92006e-1,0,0,0,0,0,0,0,3.25207e-1,6.24235e+0,0,2.70873e-3,0,0,0,0,4.37591e+1
"India +","IND","India",2.34849e+0,3.71481e-1,1.18927e+1,0,1.49697e+1,4.68811e-1,1.63243e-1,3.51691e-3,1.69147e+3,1.05187e+3,4.31296e+2,0,0,0,0,0,4.81302e-1,1.19172e+0,0,0,0,0,0,0,0,0,0,0,0,0,0,0,0,1.17237e+4,1.01264e+3,4.50219e+3,0,0,0,0,2.55288e+1,2.09537e+2,6.98496e+1,5.11128e-1,0,0,0,0,0,5.60596e+2,3.08632e+3,0,1.96489e+1,4.50000e+1,0,0,0,2.44621e+4
"India +","IOT","British Indian Ocean Territory",0,0,0,0,0,0,0,0,0,0,0,0,0,0,0,0,0,0,0,0,0,0,0,0,0,0,0,0,0,0,0,0,0,0,0,0,0,0,0,0,0,0,0,0,0,0,0,0,0,0,0,0,0,0,0,0,0,0,
"India +","LKA","Sri Lanka",0,4.37436e-3,7.53790e-1,1.27697e-3,5.61399e-1,4.69133e-3,5.86152e-4,0,2.55584e+1,8.23050e-1,4.71857e-1,0,0,0,0,0,0,0,0,0,0,0,0,0,0,0,0,0,0,0,0,0,0,1.20480e+2,1.02543e+1,2.76744e+2,0,0,0,0,1.57243e-1,2.40192e-1,1.65532e+0,0,0,0,0,0,0,2.99123e+1,8.06681e+1,0,0,0,0,0,0,5.48291e+2
"India +","MDV","Maldives",3.63238e-4,0,1.21477e-3,2.25540e-5,6.98508e-3,0,2.57012e-4,0,1.11529e-2,4.51670e-2,4.26326e-3,0,0,0,0,0,0,0,0,0,0,0,0,0,0,0,0,0,0,0,0,0,0,0,0,0,0,0,0,0,0,7.95267e-3,0,0,0,0,0,0,0,3.74137e-1,7.30338e-1,0,2.14160e-3,0,0,0,0,1.18400e+0
"India +","NPL","Nepal",0,0,6.16715e-2,0,7.98840e-2,0,0,0,5.70671e+1,4.53226e+0,0,0,0,0,0,0,0,0,0,0,0,0,0,0,0,0,0,0,0,0,0,0,0,3.71888e+2,3.20372e+1,4.09131e+2,0,0,0,0,7.83168e-1,8.26402e+0,3.49683e-1,0,0,0,0,0,0,2.52824e+0,7.92659e+1,0,0,0,0,0,0,9.65988e+2
"India +","PAK","Pakistan",2.82321e-1,1.21978e-2,8.82829e-1,0,2.59267e+0,4.91719e-2,0,0,1.30502e+2,4.36015e+1,5.53980e+2,0,0,0,0,0,0,0,0,0,0,0,0,0,0,0,0,0,0,0,0,0,0,2.10693e+3,1.51858e+2,8.08662e+2,0,0,0,0,1.24584e+0,7.11338e+0,8.29124e-2,9.33528e-2,0,0,0,0,0,8.54518e+1,4.29921e+2,0,9.23592e-1,0,0,0,0,4.32418e+3
"Korea","KOR","Korea, Republic of",3.02353e-1,1.45636e-1,2.79054e+0,4.04445e-2,7.97630e+0,5.03883e-2,4.64818e-1,0,1.22593e+2,2.52234e+2,3.00396e+1,0,0,0,0,0,4.08464e-1,1.73897e+0,0,0,0,0,0,0,0,0,0,0,0,0,0,0,0,1.78437e+2,1.37111e+1,5.20091e+2,0,0,0,0,0,5.56199e-1,0,4.14528e-1,0,0,0,0,0,8.61566e+1,2.72380e+2,0,0,0,0,0,0,1.49053e+3
"Korea","PRK","Korea, Democratic People's Republic of",1.62443e-1,2.07665e-3,7.29788e+0,0,1.22927e+0,0,0,0,7.00754e+1,5.08934e+2,5.68252e-1,0,0,0,0,0,0,1.10000e-1,0,0,0,0,0,0,0,0,0,0,0,0,0,0,0,6.59837e+1,1.30961e+1,1.80391e+2,0,0,0,0,0,4.92738e+0,0,4.82784e+1,0,0,0,0,0,2.99615e+1,9.85926e+1,1.76931e-1,0,0,0,0,0,1.02979e+3
"China +","CHN","China",4.78548e+0,1.66914e+0,7.10955e+1,1.45282e-2,2.08715e+1,1.19144e+0,8.02149e-1,2.93076e-3,4.95649e+3,1.08623e+4,9.13339e+2,0,0,0,0,0,5.25603e+0,8.73245e+0,0,0,0,0,0,0,0,0,0,0,0,0,0,0,0,7.11740e+3,1.09443e+3,1.66871e+4,0,0,0,0,7.84008e+0,1.38623e+1,1.72945e+1,8.74584e+1,0,0,0,0,0,1.06860e+3,5.38347e+3,7.84888e+0,2.47372e+0,9.00000e+1,0,0,0,4.84243e+4
"China +","HKG","Hong Kong",1.78622e-1,0,1.17984e-1,0,5.66468e-1,0,5.86152e-4,0,2.55395e-1,0,3.27294e+0,0,0,0,0,0,0,0,0,0,0,0,0,0,0,0,0,0,0,0,0,0,0,0,0,0,0,0,0,0,0,0,0,0,0,0,0,0,0,4.00972e+1,2.82729e+1,1.92607e-1,0,0,0,0,0,7.29547e+1
"China +","MAC","Macao",4.58687e-4,0,2.93689e-3,2.18311e-4,2.74426e-2,0,7.07007e-4,0,3.48666e-2,0,4.46251e-2,0,0,0,0,0,0,0,0,0,0,0,0,0,0,0,0,0,0,0,0,0,0,0,0,0,0,0,0,0,0,0,0,0,0,0,0,0,0,2.36202e+0,1.56035e+0,1.18960e-2,0,0,0,0,0,4.04553e+0
"China +","MNG","Mongolia",7.99355e-2,0,8.18148e-2,9.95089e-4,5.99102e-1,1.63285e-3,4.10814e-3,0,1.24362e+1,1.71059e+1,0,0,0,0,0,0,0,0,0,0,0,0,0,0,0,0,0,0,0,0,0,0,0,2.88633e+2,1.43232e+1,0,0,0,0,0,0,6.74942e-2,5.97696e-1,5.03376e+1,0,0,0,0,0,2.13692e+0,8.86482e+0,1.72178e-2,0,0,0,0,0,3.95287e+2
"China +","TWN","Taiwan_Province of China",2.32722e-1,1.29472e-1,1.95396e+0,2.06910e-3,7.79719e+0,5.21256e-3,6.24252e-2,0,1.07605e+0,1.02867e+1,2.70733e+1,0,0,0,0,0,4.06230e-1,6.51380e-1,0,0,0,0,0,0,0,0,0,0,0,0,0,0,0,2.04917e+1,4.52053e+1,0,0,0,0,0,0,0,0,0,0,0,0,0,0,8.28280e+1,1.01255e+2,4.19759e-1,0,0,0,0,0,2.99877e+2
"Southeastern Asia","BRN","Brunei Darussalam",7.72464e-2,7.72883e-2,9.54590e-3,0,2.28149e-1,0,0,0,4.45045e-2,1.55620e-2,1.43336e+2,0,0,0,0,0,0,0,0,0,0,0,0,0,0,0,0,0,0,0,0,0,0,2.87847e-1,1.27930e-1,1.74464e-1,0,0,0,0,0,5.84065e-3,2.49363e+1,0,0,0,0,0,0,1.38646e+0,1.20822e+0,3.88116e-2,9.45776e-3,0,0,0,0,1.71964e+2
"Southeastern Asia","KHM","Cambodia",5.38435e-4,0,4.43682e-2,1.09705e-3,4.99343e-2,0,4.61839e-4,0,4.75740e+1,2.28991e+0,1.99429e-2,0,0,0,0,0,0,0,0,0,0,0,0,0,0,0,0,0,0,0,0,0,0,1.42872e+2,1.75245e+1,3.95023e+2,0,0,0,0,6.08544e+1,1.46688e+1,0,0,0,0,0,0,0,4.25614e+0,3.44530e+1,1.22035e-1,4.13680e-2,0,0,0,0,7.19796e+2
"Southeastern Asia","LAO","Lao People's Democratic Republic",2.03816e-4,0,1.88218e-2,4.08397e-4,2.22912e-2,0,1.91317e-4,0,2.34243e+1,1.26823e+0,1.11835e-2,0,0,0,0,0,0,0,0,0,0,0,0,0,0,0,0,0,0,0,0,0,0,9.33500e+1,1.15498e+1,1.10875e+2,0,0,0,0,8.21088e+1,6.41292e+0,4.07347e+1,0,0,0,0,0,0,1.79537e+0,1.60646e+1,0,0,0,0,0,0,3.87637e+2
"Southeastern Asia","MMR","Myanmar",7.53415e-2,1.53237e-2,3.85605e-2,0,2.67467e-1,0,0,4.18680e-5,8.60104e+1,3.91306e+1,2.17079e+1,0,0,0,0,0,2.93250e-1,0,0,0,0,0,0,0,0,0,0,0,0,0,0,0,0,5.55269e+2,5.73126e+1,1.13337e+3,0,0,0,0,5.81136e+1,5.20662e+1,1.78269e+3,0,0,0,0,0,0,2.93450e+1,1.83955e+2,0,0,0,0,0,0,3.99966e+3
"Southeastern Asia","MYS","Malaysia",1.94255e-1,1.36322e-1,7.12176e-1,0,4.71023e+0,0,0,0,2.10031e+1,3.48285e+1,3.70693e+2,0,0,0,0,0,1.29764e+0,0,0,0,0,0,0,0,0,0,0,0,0,0,0,0,0,4.67754e+1,2.07469e+1,2.04932e+2,0,0,0,0,4.62096e+1,7.59636e+0,2.20041e+2,0,0,0,0,0,0,5.08296e+1,9.24462e+1,7.38816e-1,8.72340e-1,0,0,0,0,1.12476e+3
"Southeastern Asia","PHL","Philippines",5.52558e-2,8.42348e-2,1.39842e+0,8.37360e-5,1.74197e+0,0,8.93885e-2,0,7.66583e+1,9.27115e+1,3.47428e+0,0,0,0,0,0,1.25478e-3,3.90800e-1,0,0,0,0,0,0,0,0,0,0,0,0,0,0,0,2.83456e+2,5.89069e+1,9.60756e+2,0,0,0,0,6.86592e+0,5.33759e+1,9.93480e+0,0,0,0,0,0,0,1.11617e+2,3.15221e+2,0,1.72478e+0,0,0,0,0,1.97846e+3
"Southeastern Asia","SGP","Singapore",9.76295e-3,1.67781e-1,1.52818e-2,0,6.95511e-1,0,0,0,1.53387e-2,2.74350e+0,1.54406e+1,0,0,0,0,0,1.82112e-1,0,0,0,0,0,0,0,0,0,0,0,0,0,0,0,0,3.31294e-1,1.01592e+0,0,0,0,0,0,1.29862e+0,2.82851e-5,0,0,0,0,0,0,0,6.91961e+0,1.40049e+1,3.86285e+0,0,0,0,0,0,4.67031e+1
"Southeastern Asia","THA","Thailand",5.05171e-1,3.58733e-2,4.05395e+0,0,5.31477e+0,1.82440e-2,1.07266e-1,0,1.31101e+2,4.46802e+2,1.04490e+2,0,0,0,0,0,2.57418e-1,0,0,0,0,0,0,0,0,0,0,0,0,0,0,0,0,6.51643e+2,5.14445e+1,2.08512e+3,0,0,0,0,7.21248e+1,6.03050e+1,2.47962e+1,0,0,0,0,0,0,1.47782e+2,2.57484e+2,1.85804e+0,1.56622e+0,0,0,0,0,4.04681e+3
"Southeastern Asia","TLS","Timor-Leste",0,0,3.33666e-3,0,0,0,0,0,2.14536e-1,0,0,0,0,0,0,0,0,0,0,0,0,0,0,0,0,0,0,0,0,0,0,0,0,6.66442e+0,1.10049e+0,5.14668e+0,0,0,0,0,0,3.62540e-1,0,0,0,0,0,0,0,1.34049e-1,2.58269e+0,3.57618e-3,6.45260e-4,0,0,0,0,1.62130e+1
"Southeastern Asia","VNM","Viet Nam",3.87347e-2,0,4.84288e-1,2.09340e-3,1.14537e+0,1.17230e-3,0,4.27053e-3,1.74917e+2,9.89225e+1,3.75333e+1,0,0,0,0,0,0,0,0,0,0,0,0,0,0,0,0,0,0,0,0,0,0,3.46356e+2,8.20536e+1,1.72227e+3,0,0,0,0,2.80248e+1,5.21405e+1,1.20292e+0,0,0,0,0,0,0,4.48232e+1,2.89786e+2,0,0,0,0,0,0,2.87971e+3
"Indonesia +","IDN","Indonesia",2.28756e-1,1.45163e+0,1.01575e+1,6.28020e-3,8.47923e+0,0,2.26548e-1,0,4.99521e+2,1.39507e+2,1.13860e+3,0,0,0,0,0,1.05550e-2,0,0,0,0,0,0,0,0,0,0,0,0,0,0,0,0,9.66850e+2,8.67740e+1,2.61355e+3,0,0,0,0,6.95880e+1,1.67900e+2,3.14106e+2,0,2.80694e+3,0,0,0,0,3.47634e+2,8.91784e+2,4.56840e+0,5.03440e+0,0,0,0,0,1.00729e+4
"Indonesia +","PNG","Papua New Guinea",6.13946e-3,0,2.27805e-2,7.08888e-4,6.45840e-2,0,3.51554e-3,0,1.93831e+1,3.70543e-1,6.86566e+0,0,0,0,0,0,0,0,0,0,0,0,0,0,0,0,0,0,0,0,0,0,0,6.17024e+0,4.18932e+0,9.30475e-2,0,0,0,0,1.88753e+1,1.85352e-1,3.65582e+1,0,0,0,0,0,0,2.29488e+0,2.03030e+1,6.13242e-2,0,0,0,0,0,1.15448e+2
"Japan","JPN","Japan",7.95231e+0,5.64471e-1,1.59149e+1,5.11627e-2,1.87731e+1,5.40367e-2,1.18843e+0,0,2.09296e+1,2.27159e+2,3.52145e+1,0,0,0,0,0,4.37360e+0,7.73001e+0,0,0,0,0,0,0,0,0,0,0,0,0,0,0,0,5.24490e+2,2.20755e+2,1.18300e+3,0,0,0,0,0,7.73839e-1,9.85008e+0,4.21512e+0,0,0,0,0,0,3.93698e+2,3.71049e+2,1.39055e+2,7.08000e-1,0,0,0,0,3.18750e+3
"Oceania","ASM","American Samoa",0,0,0,0,0,0,0,0,3.24066e-5,0,0,0,0,0,0,0,0,0,0,0,0,0,0,0,0,0,0,0,0,0,0,0,0,1.60816e-2,1.25830e-1,0,0,0,0,0,0,1.47649e-5,0,0,0,0,0,0,0,2.24702e-1,5.43451e-2,0,0,0,0,0,0,4.21006e-1
"Oceania","ATF","French Southern Territories",0,0,0,0,0,0,0,0,0,0,0,0,0,0,0,0,0,0,0,0,0,0,0,0,0,0,0,0,0,0,0,0,0,0,0,0,0,0,0,0,0,0,0,0,0,0,0,0,0,0,0,0,0,0,0,0,0,0,
"Oceania","AUS","Australia",2.22662e+0,4.33164e-1,3.76322e+0,2.19388e-2,1.98706e+1,9.86013e-2,1.78190e-1,4.18680e-4,3.81864e+1,7.79767e+2,3.30345e+2,0,0,0,0,0,1.04332e-1,6.15850e-1,0,0,0,0,0,0,0,0,0,0,0,0,0,0,0,2.89264e+3,1.92519e+2,3.93727e+1,0,0,0,0,4.49736e+2,2.56037e+1,5.45503e+1,1.16676e+2,0,0,0,0,0,4.79741e+2,5.62671e+1,5.22349e-3,0,6.00000e-1,0,0,0,5.48332e+3
"Oceania","CCK","Cocos (Keeling) Islands",0,0,0,0,0,0,0,0,0,0,0,0,0,0,0,0,0,0,0,0,0,0,0,0,0,0,0,0,0,0,0,0,0,0,0,0,0,0,0,0,0,0,0,0,0,0,0,0,0,0,0,0,0,0,0,0,0,0,
"Oceania","COK","Cook Islands",0,0,0,0,0,0,0,0,4.80696e-3,0,0,0,0,0,0,0,0,0,0,0,0,0,0,0,0,0,0,0,0,0,0,0,0,6.65773e-2,5.22466e-2,0,0,0,0,0,0,2.19011e-3,0,0,0,0,0,0,0,0,2.34760e-2,0,0,0,0,0,0,1.49297e-1
"Oceania","CXR","Christmas Island",0,0,0,0,0,0,0,0,0,0,0,0,0,0,0,0,0,0,0,0,0,0,0,0,0,0,0,0,0,0,0,0,0,0,0,0,0,0,0,0,0,0,0,0,0,0,0,0,0,0,0,0,0,0,0,0,0,0,
"Oceania","FJI","Fiji",4.35535e-3,0,5.30565e-3,5.20139e-4,6.55715e-2,0,1.99173e-3,0,7.66289e-1,1.63432e-1,4.87570e-2,0,0,0,0,0,0,0,0,0,0,0,0,0,0,0,0,0,0,0,0,0,0,1.85265e+1,2.86150e+0,3.36332e+0,0,0,0,0,0,2.42387e-1,0,0,0,0,0,0,0,2.14919e+0,2.04858e+0,0,0,0,0,0,0,3.02476e+1
"Oceania","FSM","Micronesia, Federated States of",0,0,0,0,0,0,0,0,0,2.13900e-2,0,0,0,0,0,0,0,0,0,0,0,0,0,0,0,0,0,0,0,0,0,0,0,6.29831e-1,2.42404e-2,2.22368e-2,0,0,0,0,0,0,0,0,0,0,0,0,0,2.06065e-1,1.05289e-1,0,0,0,0,0,0,1.00905e+0
"Oceania","GUM","Guam",0,0,0,0,0,0,0,0,1.44394e-3,0,0,0,0,0,0,0,0,0,0,0,0,0,0,0,0,0,0,0,0,0,0,0,0,1.64223e-2,4.96993e-2,0,0,0,0,0,0,6.57874e-4,0,0,0,0,0,0,0,1.17497e+0,9.70548e-1,0,0,0,0,0,0,2.21374e+0
"Oceania","HMD","Heard Island and McDonald Islands",0,0,0,0,0,0,0,0,0,0,0,0,0,0,0,0,0,0,0,0,0,0,0,0,0,0,0,0,0,0,0,0,0,0,0,0,0,0,0,0,0,0,0,0,0,0,0,0,0,0,0,0,0,0,0,0,0,0,
"Oceania","KIR","Kiribati",5.90310e-5,0,3.48156e-4,4.33749e-5,1.83327e-3,0,3.00650e-5,0,7.55503e-3,2.06770e-2,9.68282e-4,0,0,0,0,0,0,0,0,0,0,0,0,0,0,0,0,0,0,0,0,0,0,9.20000e-3,2.54406e-2,0,0,0,0,0,0,2.88595e-3,0,0,0,0,0,0,0,1.67965e-1,2.46361e-1,0,0,0,0,0,0,4.83367e-1
"Oceania","MHL","Marshall Islands",0,0,0,0,0,0,0,0,0,0,0,0,0,0,0,0,0,0,0,0,0,0,0,0,0,0,0,0,0,0,0,0,0,0,0,0,0,0,0,0,0,0,0,0,0,0,0,0,0,1.73667e-1,5.66043e-2,0,0,0,0,0,0,2.30271e-1
"Oceania","MNP","Northern Mariana Islands",0,0,0,0,0,0,0,0,2.02456e-3,0,0,0,0,0,0,0,0,0,0,0,0,0,0,0,0,0,0,0,0,0,0,0,0,0,1.52587e-5,0,0,0,0,0,0,9.22414e-4,0,0,0,0,0,0,0,1.83340e-1,4.15902e-2,0,0,0,0,0,0,2.27892e-1
"Oceania","NCL","New Caledonia",1.29824e-3,0,3.98668e-3,3.25845e-5,5.88372e-2,0,7.91938e-4,0,1.00623e-1,3.21780e-2,4.98049e-2,0,0,0,0,0,0,0,0,0,0,0,0,0,0,0,0,0,0,0,0,0,0,6.88614e+0,9.44854e-1,0,0,0,0,0,0,1.96293e-3,0,0,0,0,0,0,0,1.28288e+0,2.15758e-1,0,0,0,0,0,0,9.57915e+0
"Oceania","NFK","Norfolk Island",0,0,0,0,0,0,0,0,0,0,0,0,0,0,0,0,0,0,0,0,0,0,0,0,0,0,0,0,0,0,0,0,0,0,0,0,0,0,0,0,0,0,0,0,0,0,0,0,0,0,4.07340e-3,0,0,0,0,0,0,4.07340e-3
"Oceania","NIU","Niue",0,0,0,0,0,0,0,0,1.36822e-4,3.72000e-4,0,0,0,0,0,0,0,0,0,0,0,0,0,0,0,0,0,0,0,0,0,0,0,9.16335e-3,2.14079e-2,0,0,0,0,0,0,6.23377e-5,0,0,0,0,0,0,0,2.61551e-3,2.80320e-3,0,0,0,0,0,0,3.65611e-2
"Oceania","NRU","Nauru",0,0,0,0,0,0,0,0,0,0,0,0,0,0,0,0,0,0,0,0,0,0,0,0,0,0,0,0,0,0,0,0,0,2.50000e-3,7.35175e-3,0,0,0,0,0,0,0,0,0,0,0,0,0,0,6.87001e-2,1.25763e-2,0,0,0,0,0,0,9.11281e-2
"Oceania","NZL","New Zealand",1.54574e-1,2.72561e-2,7.59808e-1,5.73591e-3,3.11138e+0,0,0,8.91789e-3,2.40417e+0,8.71030e+0,2.84684e+1,0,0,0,0,0,1.01660e+0,0,0,0,0,0,0,0,0,0,0,0,0,0,0,0,0,1.03289e+3,9.15047e+1,0,0,0,0,0,0,4.44881e-1,0,0,0,0,0,0,0,9.26182e+1,8.84837e+0,0,0,0,0,0,0,1.27097e+3
"Oceania","PCN","Pitcairn",0,0,0,0,0,0,0,0,0,0,0,0,0,0,0,0,0,0,0,0,0,0,0,0,0,0,0,0,0,0,0,0,0,0,0,0,0,0,0,0,0,0,0,0,0,0,0,0,0,0,1.04508e-3,0,0,0,0,0,0,1.04508e-3
"Oceania","PLW","Palau",0,0,0,0,0,0,0,0,0,0,0,0,0,0,0,0,0,0,0,0,0,0,0,0,0,0,0,0,0,0,0,0,0,0,0,0,0,0,0,0,0,0,0,0,0,0,0,0,0,0,5.39692e-2,0,0,0,0,0,0,5.39692e-2
"Oceania","PYF","French Polynesia",2.91741e-3,0,2.38602e-3,5.02610e-5,6.84567e-2,0,1.42055e-3,0,5.01615e-2,0,4.11291e-2,0,0,0,0,0,0,0,0,0,0,0,0,0,0,0,0,0,0,0,0,0,0,5.44421e-1,4.12648e-1,0,0,0,0,0,0,2.61913e-3,0,0,0,0,0,0,0,1.47770e+0,7.61968e-1,0,0,0,0,0,0,3.36588e+0
"Oceania","SLB","Solomon Islands",8.64138e-4,0,1.78561e-3,6.29575e-5,1.32051e-2,0,3.99854e-4,0,5.01000e-1,6.36430e-2,7.79741e-3,0,0,0,0,0,0,0,0,0,0,0,0,0,0,0,0,0,0,0,0,0,0,9.33306e+1,2.72426e+0,0,0,0,0,0,0,4.26420e-3,0,0,0,0,0,0,0,2.20973e-1,5.49825e-1,0,0,0,0,0,0,9.74187e+1
"Oceania","TKL","Tokelau",0,0,0,0,0,0,0,0,2.69936e-4,0,0,0,0,0,0,0,0,0,0,0,0,0,0,0,0,0,0,0,0,0,0,0,0,1.00000e-3,3.20383e-3,0,0,0,0,0,0,1.22986e-4,0,0,0,0,0,0,0,0,7.09492e-3,0,0,0,0,0,0,1.16917e-2
"Oceania","TON","Tonga",0,0,0,0,1.52342e-2,0,0,0,4.69785e-3,2.00260e-2,3.98588e-3,0,0,0,0,0,0,0,0,0,0,0,0,0,0,0,0,0,0,0,0,0,0,8.67359e-1,1.13859e+0,0,0,0,0,0,0,2.14040e-3,0,0,0,0,0,0,0,2.38232e-1,4.02307e-1,0,0,0,0,0,0,2.69257e+0
"Oceania","TUV","Tuvalu",0,0,0,0,0,0,0,0,0,0,0,0,0,0,0,0,0,0,0,0,0,0,0,0,0,0,0,0,0,0,0,0,0,1.12770e-2,3.36285e-2,0,0,0,0,0,0,0,0,0,0,0,0,0,0,1.73287e-2,6.53557e-2,0,0,0,0,0,0,1.27590e-1
"Oceania","VUT","Vanuatu",3.72130e-4,0,9.22209e-4,4.35020e-5,1.09543e-2,0,2.84403e-4,0,1.32300e-1,2.58850e-2,5.29980e-3,0,0,0,0,0,0,0,0,0,0,0,0,0,0,0,0,0,0,0,0,0,0,7.93502e+0,1.10605e+0,0,0,0,0,0,0,1.87073e-2,0,0,0,0,0,0,0,1.67222e-1,7.86903e-1,0,0,0,0,0,0,1.01900e+1
"Oceania","WLF","Wallis and Futuna",0,0,0,0,0,0,0,0,1.35826e-3,0,0,0,0,0,0,0,0,0,0,0,0,0,0,0,0,0,0,0,0,0,0,0,0,6.52072e-2,7.24274e-2,0,0,0,0,0,0,6.18839e-4,0,0,0,0,0,0,0,0,6.87153e-2,0,0,0,0,0,0,2.08327e-1
"Oceania","WSM","Samoa",2.57386e-4,0,8.99127e-4,2.11394e-4,1.98208e-2,0,2.32904e-4,0,2.51713e-1,2.65360e-2,5.83204e-3,0,0,0,0,0,0,0,0,0,0,0,0,0,0,0,0,0,0,0,0,0,0,1.62094e+0,2.26287e+0,0,0,0,0,0,0,1.52590e-3,0,0,0,0,0,0,0,2.60015e-1,9.94299e-1,0,0,0,0,0,0,5.44515e+0
"Antartica","ATA","Antarctica",0,0,0,0,0,0,0,0,0,0,0,0,0,0,0,0,0,0,0,0,0,0,0,0,0,0,0,0,0,0,0,0,0,0,0,0,0,0,0,0,0,0,0,0,0,0,0,0,0,0,0,0,0,0,0,0,0,0,
"Int. Shipping","SEA","Int. Shipping",0,0,0,0,0,0,0,0,0,0,8.08301e+0,0,3.30358e+1,0,0,0,0,0,0,0,0,0,0,0,0,0,0,0,0,0,0,0,0,0,0,0,0,0,0,0,0,0,0,0,0,0,0,0,0,0,0,0,0,0,0,0,0,4.11188e+1
"Int. Aviation","AIR","Int. Aviation",0,0,0,0,0,0,0,0,0,0,0,2.06035e+0,0,0,0,0,0,0,0,0,0,0,0,0,0,0,0,0,0,0,0,0,0,0,0,0,0,0,0,0,0,0,0,0,0,0,0,0,0,0,0,0,0,0,0,0,0,2.06035e+0

"TOTALS",,,1.53102e+2,3.79301e+1,3.13503e+2,2.03094e+0,8.07670e+2,6.62046e+0,9.08155e+0,3.15400e+0,1.33952e+4,3.41557e+4,5.03493e+4,2.06035e+0,3.30358e+1,0,0,0,8.79746e+1,6.18052e+1,0,0,0,0,0,0,0,0,0,0,0,0,0,0,0,9.12003e+4,1.09862e+4,3.91633e+4,0,0,0,0,9.15656e+3,1.19809e+3,1.09851e+4,1.58094e+3,2.80694e+3,0,0,0,0,2.66633e+4,2.39328e+4,2.13841e+2,8.56973e+1,1.50600e+2,0,0,0,03.17542e+5