"Content:","Emissions by country and main source category" 
"Compound:","CH4"
"Year: ","1987"
"Unit:","Gg CH4"
"Source:","European Commission, Joint Research Centre (JRC)/PBL Netherlands Environmental Assessment Agency. Emission Database for Global Atmospheric Research (EDGAR), release version 4.2. http://edgar.jrc.ec.europe.eu, 2010" 
"Dataset:","v4.2_EM_CH4_300911(edgar)"
"Date calculated:","November 30, 1999, 12:00 am"

,,,"Public electricity and heat production","Other Energy Industries","Manufacturing Industries and Construction","Domestic aviation","Road transportation","Rail transportation","Inland navigation","Other transportation","Residential and other sectors","Fugitive emissions from solid fuels","Fugitive emissions from oil and gas","Memo: International aviation","Memo: International navigation","Cement production","Lime production","Production of other minerals","Production of chemicals","Production of metals","Production of pulp/paper/food/drink","Production of halocarbons and SF6","Refrigeration and Air Conditioning","Foam Blowing","Fire Extinguishers","Aerosols","F-gas as Solvent","Semiconductor/Electronics Manufacture","Electrical Equipment","Other F-gas use","Non-energy use of lubricants/waxes (CO2)","Solvent and other product use: paint","Solvent and other product use: degrease","Solvent and other product use: chemicals","Solvent and other product use: other","Enteric fermentation","Manure management","Rice cultivation","Direct soil emissions","Manure in pasture/range/paddock","Indirect N2O from agriculture","Other direct soil emissions","Savanna burning","Agricultural waste burning","Forest fires","Grassland fires","Peat fires and decay of drained peatland","Other vegetation fires","Other biomass burning","Forest Fires-Post burn decay","Forest Land: net carbon stock change","Solid waste disposal on land","Wastewater handling","Waste incineration","Other waste handling","Fossil fuel fires","Indirect N2O from non-agricultural NOx","Indirect N2O from non-agricultural NH3","Other sources",

"World Region","ISO_A3","Country","1A1a","1A1bc","1A2","1A3a","1A3b","1A3c","1A3d","1A3e","1A4","1B1","1B2","1C1","1C2","2A1","2A2","2A7","2B","2C","2D","2E","2F1","2F2","2F3","2F4","2F5","2F7","2F8","2F9","2G","3A","3B","3C","3D","4A","4B","4C","4D1","4D2","4D3","4D4","4E","4F","5A","5C","5D","5F","5F1","5F2","5FL","6A","6B","6C","6D","7A","7B","7C","7D","TOTAL" 
"Canada","CAN","Canada",1.24063e+0,1.26299e+0,1.03278e+1,7.09662e-2,1.88877e+1,3.01460e-1,3.87153e-1,7.16781e-2,4.86218e+1,9.07212e+1,1.37725e+3,0,0,0,0,0,5.04384e+0,4.68250e-1,0,0,0,0,0,0,0,0,0,0,0,0,0,0,0,6.22141e+2,2.22580e+2,0,0,0,0,0,0,7.72104e+0,7.21824e+1,6.03696e+1,0,0,0,0,0,8.16110e+2,1.69980e+2,4.95688e+0,0,0,0,0,0,3.53070e+3
"USA","SPM","Saint Pierre and Miquelon",0,0,0,0,0,0,0,0,0,0,0,0,0,0,0,0,0,0,0,0,0,0,0,0,0,0,0,0,0,0,0,0,0,3.89622e-3,3.63068e-3,0,0,0,0,0,0,0,0,0,0,0,0,0,0,3.95328e-2,1.03221e-2,7.95229e-4,0,0,0,0,0,5.81770e-2
"USA","UMI","United States Minor Outlying Islands",0,0,0,0,0,0,0,0,0,0,0,0,0,0,0,0,0,0,0,0,0,0,0,0,0,0,0,0,0,0,0,0,0,0,0,0,0,0,0,0,0,0,0,0,0,0,0,0,0,0,0,0,0,0,0,0,0,0,
"USA","USA","United States",1.51288e+1,6.96109e+0,8.28651e+1,1.18160e+0,2.13854e+2,1.74291e+0,1.16322e+0,4.73862e-1,5.64821e+2,3.95812e+3,6.35829e+3,0,0,0,0,0,1.86723e+1,1.74806e+0,0,0,0,0,0,0,0,0,0,0,0,0,0,0,0,6.12599e+3,1.79524e+3,3.45041e+2,0,0,0,0,2.14224e-1,3.78909e+1,1.97045e+1,6.89184e+0,0,0,0,0,0,8.49225e+3,7.37560e+2,0,3.95850e+0,1.50000e+1,0,0,0,2.88048e+4
"Mexico","MEX","Mexico",1.98106e-1,1.13587e+0,4.43298e+0,0,1.86653e+1,1.01297e-1,0,0,7.11799e+1,5.46261e+1,1.26700e+3,0,0,0,0,0,1.03934e+0,3.61550e-1,0,0,0,0,0,0,0,0,0,0,0,0,0,0,0,2.18849e+3,1.60501e+2,2.43607e+1,0,0,0,0,3.88416e+1,3.02213e+1,9.93909e+1,2.18131e-1,0,0,0,0,0,2.46943e+2,4.23690e+2,0,0,0,0,0,0,4.63140e+3
"Rest Central America","ABW","Aruba",2.56234e-3,0,8.99950e-3,2.69250e-6,2.49070e-2,0,0,0,1.83112e-2,1.00804e-2,6.77548e-4,0,0,0,0,0,0,0,0,0,0,0,0,0,0,0,0,0,0,0,0,0,0,3.39370e-2,4.18740e-3,0,0,0,0,0,0,0,0,0,0,0,0,0,0,2.65256e-1,3.12113e-1,0,0,0,0,0,0,6.81034e-1
"Rest Central America","AIA","Anguilla",1.97490e-4,0,9.41070e-4,0,0,0,0,0,5.80000e-5,1.61031e-1,0,0,0,0,0,0,0,0,0,0,0,0,0,0,0,0,0,0,0,0,0,0,0,0,0,0,0,0,0,0,0,0,0,0,0,0,0,0,0,7.06775e-3,2.99596e-2,0,0,0,0,0,0,1.99255e-1
"Rest Central America","ANT","Netherlands Antilles",0,3.05969e-2,3.94398e-2,7.95492e-4,1.60696e-1,0,0,0,2.72142e-2,1.94909e-2,2.25885e+0,0,0,0,0,0,0,0,0,0,0,0,0,0,0,0,0,0,0,0,0,0,0,1.85459e-1,8.95000e-3,0,0,0,0,0,0,0,0,0,0,0,0,0,0,1.28247e+0,8.00275e-1,0,0,0,0,0,0,4.81424e+0
"Rest Central America","ATG","Antigua and Barbuda",2.87885e-3,0,7.95883e-3,1.00490e-5,8.20712e-3,0,0,0,1.96475e-2,0,1.13063e-2,0,0,0,0,0,0,0,0,0,0,0,0,0,0,0,0,0,0,0,0,0,0,1.22615e+0,2.55046e-2,0,0,0,0,0,0,1.36187e-3,0,0,0,0,0,0,0,2.02633e-1,2.79591e-1,0,0,0,0,0,0,1.78525e+0
"Rest Central America","BHS","Bahamas",1.38533e-2,0,3.13232e-2,5.23988e-4,5.39771e-2,0,0,0,1.78944e-1,6.15351e-2,1.73134e-1,0,0,0,0,0,0,0,0,0,0,0,0,0,0,0,0,0,0,0,0,0,0,1.78819e-1,2.46350e-2,0,0,0,0,0,0,9.42050e-3,0,0,0,0,0,0,0,4.11303e+0,1.09792e+0,0,0,0,0,0,0,5.93711e+0
"Rest Central America","BLZ","Belize",6.10046e-3,0,2.07866e-2,5.47100e-6,1.80147e-2,0,0,0,8.48046e-1,4.83604e-2,7.82188e-3,0,0,0,0,0,0,0,0,0,0,0,0,0,0,0,0,0,0,0,0,0,0,2.90378e+0,1.05589e-1,2.82898e-1,0,0,0,0,1.14900e+0,2.57583e-1,0,0,0,0,0,0,0,5.53475e-1,8.63817e-1,0,0,0,0,0,0,7.06527e+0
"Rest Central America","BMU","Bermuda",5.17533e-3,0,7.42785e-3,8.38835e-5,9.30164e-3,0,0,0,4.18134e-2,0,1.55585e-2,0,0,0,0,0,0,0,0,0,0,0,0,0,0,0,0,0,0,0,0,0,0,6.10180e-2,3.17000e-3,0,0,0,0,0,0,4.11212e-5,0,0,0,0,0,0,0,6.63103e-1,2.62175e-1,0,0,0,0,0,0,1.06887e+0
"Rest Central America","BRB","Barbados",1.05225e-2,1.67472e-4,3.20800e-2,4.13670e-5,2.87036e-2,0,0,0,4.78991e-2,2.62537e-2,4.03340e-1,0,0,0,0,0,0,0,0,0,0,0,0,0,0,0,0,0,0,0,0,0,0,1.65817e+0,8.81500e-2,0,0,0,0,0,0,2.04531e-1,0,0,0,0,0,0,0,1.23767e+0,1.46122e+0,0,0,0,0,0,0,5.19875e+0
"Rest Central America","CRI","Costa Rica",4.34607e-3,4.60356e-3,2.22067e-1,0,1.41808e-1,0,0,3.55458e-2,7.01581e+0,1.12926e+0,1.65201e-1,0,0,0,0,0,0,0,0,0,0,0,0,0,0,0,0,0,0,0,0,0,0,1.42083e+2,3.07555e+0,7.98402e+0,0,0,0,0,2.10593e+0,1.03102e+0,0,0,0,0,0,0,0,3.97003e+0,1.33408e+1,0,0,0,0,0,0,1.82309e+2
"Rest Central America","CUB","Cuba",1.25288e+0,1.05203e-2,3.72824e+0,0,1.13966e+0,1.25102e-2,1.03749e-1,0,3.71016e+1,6.39914e+0,4.16135e+0,0,0,0,0,0,0,0,0,0,0,0,0,0,0,0,0,0,0,0,0,0,0,2.86206e+2,9.94269e+0,6.47149e+1,0,0,0,0,1.52758e+1,2.13178e+1,3.34390e+0,0,0,0,0,0,0,4.93205e+1,6.49770e+1,0,0,0,0,0,0,5.69008e+2
"Rest Central America","CYM","Cayman Islands",1.54648e-3,0,2.72163e-3,3.21450e-6,3.18633e-3,0,0,0,1.11807e-2,0,3.63925e-3,0,0,0,0,0,0,0,0,0,0,0,0,0,0,0,0,0,0,0,0,0,0,1.14900e-1,6.05171e-3,0,0,0,0,0,0,2.29223e-6,0,0,0,0,0,0,0,4.97034e-1,9.99591e-2,0,0,0,0,0,0,7.40225e-1
"Rest Central America","DMA","Dominica",2.10301e-3,0,9.04521e-3,1.70250e-6,2.56500e-3,0,0,0,3.78896e-3,2.52329e-2,9.92699e-4,0,0,0,0,0,0,0,0,0,0,0,0,0,0,0,0,0,0,0,0,0,0,8.46185e-1,2.06560e-2,0,0,0,0,0,0,2.21279e-3,0,0,0,0,0,0,0,3.47794e-1,3.73706e-1,0,0,0,0,0,0,1.63428e+0
"Rest Central America","DOM","Dominican Republic",5.58939e-2,0,5.11628e-1,0,5.22374e-1,0,0,1.50725e-3,1.19615e+1,9.69281e+0,4.90924e-1,0,0,0,0,0,0,0,0,0,0,0,0,0,0,0,0,0,0,0,0,0,0,1.41139e+2,3.90854e+0,4.58267e+1,0,0,0,0,1.92094e+0,2.97093e+0,1.52259e+0,0,0,0,0,0,0,2.26545e+1,3.23886e+1,3.09949e-1,0,0,0,0,0,2.75878e+2
"Rest Central America","GLP","Guadeloupe",1.19841e-2,0,4.53555e-2,1.90399e-4,3.90783e-2,0,0,0,4.33685e-1,1.30248e-1,3.67565e-2,0,0,0,0,0,0,0,0,0,0,0,0,0,0,0,0,0,0,0,0,0,0,4.75578e+0,1.33189e-1,0,0,0,0,0,0,2.22836e-1,0,0,0,0,0,0,0,2.42983e+0,1.98702e+0,0,0,0,0,0,0,1.02260e+1
"Rest Central America","GRD","Grenada",2.87768e-3,0,1.16403e-2,9.42049e-6,2.54531e-3,0,0,0,6.72482e-3,9.40412e-2,2.39779e-3,0,0,0,0,0,0,0,0,0,0,0,0,0,0,0,0,0,0,0,0,0,0,3.41788e-1,1.21594e-2,0,0,0,0,0,0,3.91744e-3,0,0,0,0,0,0,0,2.24073e-1,4.42627e-1,0,0,0,0,0,0,1.14480e+0
"Rest Central America","GTM","Guatemala",5.96100e-2,1.97931e-3,2.66113e-1,0,2.58025e-1,0,0,0,2.96637e+1,2.35263e+0,5.48474e-1,0,0,0,0,0,0,0,0,0,0,0,0,0,0,0,0,0,0,0,0,0,0,1.16795e+2,3.16047e+0,3.66196e+0,0,0,0,0,8.92800e+0,3.05552e+0,1.08195e+1,0,0,0,0,0,0,8.66000e+0,3.49212e+1,0,0,0,0,0,0,2.23153e+2
"Rest Central America","HND","Honduras",1.50725e-3,1.33977e-3,2.96635e-1,0,1.27145e-1,0,0,0,1.40946e+1,6.58735e-1,5.40009e-2,0,0,0,0,0,0,0,0,0,0,0,0,0,0,0,0,0,0,0,0,0,0,1.30502e+2,3.75461e+0,3.26905e+0,0,0,0,0,1.18579e+1,1.22791e+0,1.12730e+1,0,0,0,0,0,0,3.20667e+0,1.85894e+1,0,0,0,0,0,0,1.98914e+2
"Rest Central America","HTI","Haiti",1.41933e-2,0,1.54577e-1,0,3.84122e-2,0,0,7.28502e-3,1.06012e+1,1.96679e+1,0,0,0,0,0,0,0,0,0,0,0,0,0,0,0,0,0,0,0,0,0,0,0,7.54043e+1,2.96816e+0,7.85829e+0,0,0,0,0,0,1.18465e+0,0,0,0,0,0,0,0,9.72102e+0,2.97021e+1,0,0,0,0,0,0,1.57322e+2
"Rest Central America","JAM","Jamaica",1.85894e-1,6.28020e-4,6.38069e-2,4.18681e-5,1.70822e-1,0,0,0,1.47889e+0,4.89346e+0,2.36429e-1,0,0,0,0,0,0,0,0,0,0,0,0,0,0,0,0,0,0,0,0,0,0,2.54819e+1,7.79062e-1,1.71311e-1,0,0,0,0,0,6.28059e-1,0,0,0,0,0,0,0,7.45002e+0,1.08839e+1,0,0,0,0,0,0,5.24242e+1
"Rest Central America","KNA","Saint Kitts and Nevis",1.52115e-3,0,5.17966e-3,1.93535e-5,2.28126e-3,0,0,0,1.20130e-1,0,1.20477e-3,0,0,0,0,0,0,0,0,0,0,0,0,0,0,0,0,0,0,0,0,0,0,3.90707e-1,9.67150e-3,0,0,0,0,0,0,7.67259e-2,0,0,0,0,0,0,0,4.13897e-1,2.68304e-1,0,0,0,0,0,0,1.28964e+0
"Rest Central America","LCA","Saint Lucia",4.39687e-3,0,1.59649e-2,3.19549e-6,8.43130e-3,0,0,0,2.57208e-2,2.84229e-2,3.52467e-3,0,0,0,0,0,0,0,0,0,0,0,0,0,0,0,0,0,0,0,0,0,0,8.73713e-1,3.13360e-2,0,0,0,0,0,0,7.91239e-3,0,0,0,0,0,0,0,1.28242e-1,5.89897e-1,0,0,0,0,0,0,1.71756e+0
"Rest Central America","MSR","Montserrat",4.47497e-4,0,1.38893e-3,1.91750e-6,1.78255e-3,0,0,0,2.12231e-3,0,5.20312e-4,0,0,0,0,0,0,0,0,0,0,0,0,0,0,0,0,0,0,0,0,0,0,5.85145e-1,1.28400e-2,0,0,0,0,0,0,3.50254e-5,0,0,0,0,0,0,0,7.72732e-3,4.98642e-2,0,0,0,0,0,0,6.61875e-1
"Rest Central America","MTQ","Martinique",1.28496e-2,0,4.31267e-2,1.15727e-4,2.36795e-2,0,0,0,8.21579e-2,1.30248e-1,3.20689e-2,0,0,0,0,0,0,0,0,0,0,0,0,0,0,0,0,0,0,0,0,0,0,2.63593e+0,8.72050e-2,0,0,0,0,0,0,7.42772e-2,0,0,0,0,0,0,0,3.83557e+0,1.73640e+0,0,0,0,0,0,0,8.69363e+0
"Rest Central America","NIC","Nicaragua",1.28633e-2,7.83614e-4,2.23724e-1,2.09339e-4,1.29162e-1,0,2.93076e-3,0,9.57927e+0,2.25852e+0,1.37826e-1,0,0,0,0,0,0,0,0,0,0,0,0,0,0,0,0,0,0,0,0,0,0,1.04573e+2,3.65721e+0,6.11375e+0,0,0,0,0,1.20689e+1,1.07955e+0,0,0,0,0,0,0,0,1.56724e+1,1.68294e+1,0,0,0,0,0,0,1.72339e+2
"Rest Central America","PAN","Panama",4.38696e-2,4.91978e-3,1.31549e-1,0,3.01196e-1,0,0,1.79614e-2,4.82470e+0,2.82315e-1,2.66421e-1,0,0,0,0,0,0,0,0,0,0,0,0,0,0,0,0,0,0,0,0,0,0,8.81843e+1,2.02317e+0,1.30291e+1,0,0,0,0,2.07946e+0,7.12764e-1,0,0,0,0,0,0,0,6.36716e+0,9.88585e+0,0,0,0,0,0,0,1.28155e+2
"Rest Central America","PRI","Puerto Rico",0,0,0,0,0,0,0,0,0,0,0,0,0,0,0,0,0,0,0,0,0,0,0,0,0,0,0,0,0,0,0,0,0,3.40215e+1,9.41787e-1,1.02158e-1,0,0,0,0,0,3.31177e-1,2.54252e-1,0,0,0,0,0,0,2.63133e+1,1.53449e+1,0,0,0,0,0,0,7.73090e+1
"Rest Central America","SLV","El Salvador",8.21995e-2,1.61847e-3,1.54870e-1,0,1.70689e-1,0,0,0,1.52561e+1,1.31747e+0,1.82687e-1,0,0,0,0,0,0,0,0,0,0,0,0,0,0,0,0,0,0,0,0,0,0,6.11723e+1,2.15162e+0,1.83884e+0,0,0,0,0,2.18810e-1,1.49275e+0,0,0,0,0,0,0,0,1.06839e+1,2.26609e+1,0,0,0,0,0,0,1.17385e+2
"Rest Central America","TCA","Turks and Caicos Islands",2.56140e-4,0,1.22049e-3,0,0,0,0,0,7.52000e-5,3.57280e-3,0,0,0,0,0,0,0,0,0,0,0,0,0,0,0,0,0,0,0,0,0,0,0,0,0,0,0,0,0,0,0,0,0,0,0,0,0,0,0,4.97921e-2,4.56275e-2,0,0,0,0,0,0,1.00544e-1
"Rest Central America","TTO","Trinidad and Tobago",1.83324e-1,9.70411e-2,1.08857e-2,0,5.49063e-1,0,0,0,6.55522e-1,1.53120e-1,1.23685e+2,0,0,0,0,0,9.81732e-1,0,0,0,0,0,0,0,0,0,0,0,0,0,0,0,0,4.24318e+0,2.23490e-1,4.24347e-1,0,0,0,0,0,3.32597e-1,0,0,0,0,0,0,0,7.80988e+0,1.58791e+1,0,0,0,0,0,0,1.55229e+2
"Rest Central America","VCT","Saint Vincent and the Grenadines",3.10522e-3,0,1.30413e-2,1.05050e-6,2.09763e-3,0,0,0,3.94053e-2,2.54243e-2,1.34376e-3,0,0,0,0,0,0,0,0,0,0,0,0,0,0,0,0,0,0,0,0,0,0,4.73560e-1,2.11050e-2,0,0,0,0,0,0,2.27173e-2,0,0,0,0,0,0,0,2.38204e-1,4.87872e-1,0,0,0,0,0,0,1.32788e+0
"Rest Central America","VGB","Virgin Islands_British",6.70568e-4,0,1.74012e-3,2.83599e-6,2.64657e-3,0,0,0,3.74078e-3,2.26490e-3,8.79391e-4,0,0,0,0,0,0,0,0,0,0,0,0,0,0,0,0,0,0,0,0,0,0,3.35834e-1,2.40989e-2,0,0,0,0,0,0,0,0,0,0,0,0,0,0,9.74680e-2,5.83289e-2,0,0,0,0,0,0,5.27675e-1
"Rest Central America","VIR","Virgin Islands_USA",0,0,0,0,0,0,0,0,0,0,0,0,0,0,0,0,0,0,0,0,0,0,0,0,0,0,0,0,0,0,0,0,0,3.93530e-2,8.21853e-3,0,0,0,0,0,0,9.27669e-2,0,0,0,0,0,0,0,8.91598e-1,4.86137e-1,0,0,0,0,0,0,1.51807e+0
"Brazil","BRA","Brazil",9.54170e-1,9.49944e+0,2.65678e+1,4.21192e-2,1.22249e+1,1.04756e-1,6.02271e-1,0,1.65206e+2,8.62971e+2,2.26661e+2,0,0,0,0,0,1.55307e+0,2.33155e+0,0,0,0,0,0,0,0,0,0,0,0,0,0,0,0,8.07857e+3,2.11968e+2,5.44833e+2,0,0,0,0,6.04368e+2,1.39800e+2,2.27763e+3,1.37275e+0,0,0,0,0,0,4.48125e+2,1.31223e+3,5.89014e+0,0,0,0,0,0,1.49335e+4
"Rest South America","ARG","Argentina",4.83702e-1,5.56216e-1,1.88411e+0,1.40676e-2,5.59159e+0,0,4.98229e-3,0,4.45993e+0,2.37230e+1,5.27099e+2,0,0,0,0,0,2.33970e-1,1.37090e-1,0,0,0,0,0,0,0,0,0,0,0,0,0,0,0,3.36728e+3,6.47720e+1,1.48836e+1,0,0,0,0,1.62878e+1,2.48585e+1,5.00339e+1,1.07767e+2,0,0,0,0,0,1.16997e+2,2.08578e+2,0,0,0,0,0,0,4.53564e+3
"Rest South America","BOL","Bolivia",4.68568e-2,2.99357e-2,1.69440e-1,1.82125e-3,3.21516e-1,1.73752e-3,0,0,1.27142e+1,4.70525e-1,9.86738e+1,0,0,0,0,0,0,0,0,0,0,0,0,0,0,0,0,0,0,0,0,0,0,3.39978e+2,9.36838e+0,1.46950e+1,0,0,0,0,1.75714e+2,1.64586e+0,3.81147e+2,0,0,0,0,0,0,9.50046e+0,3.01482e+1,0,0,0,0,0,0,1.07463e+3
"Rest South America","BVT","Bouvet Island",0,0,0,0,0,0,0,0,0,0,0,0,0,0,0,0,0,0,0,0,0,0,0,0,0,0,0,0,0,0,0,0,0,0,0,0,0,0,0,0,0,0,0,0,0,0,0,0,0,0,0,0,0,0,0,0,0,0,
"Rest South America","CHL","Chile",1.48175e-1,7.55411e-2,1.19027e+0,0,1.09474e+0,4.51757e-3,4.54268e-2,0,1.98608e+1,4.49696e+1,4.45483e+1,0,0,0,0,0,1.32000e-2,1.33100e-2,0,0,0,0,0,0,0,0,0,0,0,0,0,0,0,2.69078e+2,6.10390e+0,5.86228e+0,0,0,0,0,0,2.27565e+0,2.58480e+0,5.86176e+0,0,0,0,0,0,2.79881e+1,1.08806e+2,0,0,0,0,0,0,5.40525e+2
"Rest South America","COL","Colombia",2.03107e-1,1.48740e-1,1.77917e+0,0,4.26255e+0,3.81626e-3,1.17230e-2,0,5.43097e+1,4.41047e+1,2.00311e+2,0,0,0,0,0,5.68374e-2,2.83500e-2,0,0,0,0,0,0,0,0,0,0,0,0,0,0,0,1.44407e+3,3.59312e+1,1.04977e+2,0,0,0,0,2.90712e+1,1.01288e+1,1.32172e+2,0,0,0,0,0,0,5.01181e+1,1.53871e+2,0,0,0,0,0,0,2.26556e+3
"Rest South America","ECU","Ecuador",5.61471e-3,4.50915e-2,3.28454e-1,1.46538e-4,1.09091e+0,1.04251e-3,1.48296e-1,0,1.47806e+1,1.57155e+1,4.19526e+1,0,0,0,0,0,6.17400e-5,0,0,0,0,0,0,0,0,0,0,0,0,0,0,0,0,2.32192e+2,7.76895e+0,9.54860e+1,0,0,0,0,1.49018e+0,2.93071e+0,1.35905e+0,0,0,0,0,0,0,1.15654e+1,4.38997e+1,0,0,0,0,0,0,4.70760e+2
"Rest South America","FLK","Falkland Islands (Malvinas)",2.75910e-4,0,2.39166e-4,2.53999e-6,2.84158e-4,0,0,0,1.77235e-3,6.60330e-3,3.26406e-4,0,0,0,0,0,0,0,0,0,0,0,0,0,0,0,0,0,0,0,0,0,0,3.91955e+0,7.72357e-2,0,0,0,0,0,0,0,0,0,0,0,0,0,0,9.03652e-3,8.46021e-3,3.16503e-5,0,0,0,0,0,4.02382e+0
"Rest South America","GUF","French Guiana",3.68567e-3,0,1.18947e-2,9.31654e-5,7.36953e-3,0,0,0,1.78119e-1,1.78321e-1,2.50421e-2,0,0,0,0,0,0,0,0,0,0,0,0,0,0,0,0,0,0,0,0,0,0,9.46074e-1,3.56703e-2,5.01359e-1,0,0,0,0,0,1.05560e-2,8.59452e-1,0,0,0,0,0,0,5.31312e-1,4.69287e-1,1.97099e-3,0,0,0,0,0,3.76021e+0
"Rest South America","GUY","Guyana",3.05854e-2,0,9.34763e-2,1.15688e-4,3.91568e-2,0,0,0,3.28486e+0,1.46740e-3,2.99323e-2,0,0,0,0,0,0,0,0,0,0,0,0,0,0,0,0,0,0,0,0,0,0,7.14898e+0,3.38822e-1,2.62729e+1,0,0,0,0,3.91368e+0,1.14063e+0,2.23258e+1,0,0,0,0,0,0,1.08269e+0,3.99844e+0,3.47934e-3,0,0,0,0,0,6.97050e+1
"Rest South America","PER","Peru",1.06921e-1,8.89980e-2,6.27601e-1,6.28019e-5,1.26713e+0,0,3.54622e-2,0,3.61571e+1,6.65265e+0,4.94295e+1,0,0,0,0,0,3.00000e-4,1.82230e-1,0,0,0,0,0,0,0,0,0,0,0,0,0,0,0,3.06230e+2,9.92599e+0,8.54583e+1,0,0,0,0,1.14079e+0,3.94507e+0,4.84425e+1,0,0,0,0,0,0,3.64494e+1,9.71322e+1,0,0,0,0,0,0,6.83272e+2
"Rest South America","PRY","Paraguay",1.64541e-2,4.82800e-2,6.62938e-1,0,1.55528e-1,1.38164e-2,2.93076e-3,0,1.75438e+1,1.69389e+1,5.80140e-2,0,0,0,0,0,0,0,0,0,0,0,0,0,0,0,0,0,0,0,0,0,0,4.46417e+2,1.01606e+1,6.42808e+0,0,0,0,0,8.85984e+1,2.44040e+0,9.65329e+1,1.02566e+1,0,0,0,0,0,1.01219e+1,1.80984e+1,0,0,0,0,0,0,7.24495e+2
"Rest South America","SGS","South Georgia and the South Sandwich Islands",0,0,0,0,0,0,0,0,0,0,0,0,0,0,0,0,0,0,0,0,0,0,0,0,0,0,0,0,0,0,0,0,0,0,0,0,0,0,0,0,0,0,0,0,0,0,0,0,0,0,0,0,0,0,0,0,0,0,
"Rest South America","SUR","Suriname",1.69485e-2,0,4.90336e-2,5.17734e-5,3.10153e-2,0,0,0,1.83485e-1,4.98374e-1,5.61418e-1,0,0,0,0,0,0,0,0,0,0,0,0,0,0,0,0,0,0,0,0,0,0,4.17239e+0,2.27663e-1,2.88749e+1,0,0,0,0,0,2.16049e-1,1.72319e+1,0,0,0,0,0,0,1.31641e+0,2.18346e+0,4.28437e-3,0,0,0,0,0,5.55673e+1
"Rest South America","URY","Uruguay",2.27483e-2,1.69643e-3,3.16522e-1,2.51208e-4,2.21464e-1,0,0,3.01449e-3,4.57615e+0,2.84199e-1,2.78827e-1,0,0,0,0,0,0,3.30000e-4,0,0,0,0,0,0,0,0,0,0,0,0,0,0,0,7.41913e+2,1.46414e+1,3.17646e+1,0,0,0,0,0,1.00335e+0,0,0,0,0,0,0,0,1.50394e+1,1.58225e+1,0,0,0,0,0,0,8.25889e+2
"Rest South America","VEN","Venezuela",4.04990e-1,6.04499e-1,9.51115e-1,0,8.21449e+0,1.26839e-2,0,1.75846e-3,8.21615e+0,1.63854e+0,7.24317e+2,0,0,0,0,0,3.09030e-1,8.82200e-2,0,0,0,0,0,0,0,0,0,0,0,0,0,0,0,7.91599e+2,2.29163e+1,2.13745e+1,0,0,0,0,4.40880e+1,4.10281e+0,9.27588e+1,0,0,0,0,0,0,7.03955e+1,1.05346e+2,0,0,0,0,0,0,1.89734e+3
"Northern_Africa","DZA","Algeria",4.78244e-1,7.53771e-1,1.65044e-1,0,2.16774e+0,1.00776e-2,9.67151e-3,0,1.90860e+1,3.33738e+1,1.14080e+3,0,0,0,0,0,2.30100e-1,1.75000e-1,0,0,0,0,0,0,0,0,0,0,0,0,0,0,0,1.63915e+2,6.65428e+0,7.79938e-2,0,0,0,0,0,9.17725e-2,0,0,0,0,0,0,0,4.21458e+1,8.78689e+1,0,0,0,0,0,0,1.49800e+3
"Northern_Africa","EGY","Egypt",2.16451e-1,7.59423e-2,1.32127e+0,2.05152e-3,2.36509e+0,0,2.11014e-2,2.60000e-2,4.83011e+1,9.10331e+1,3.08768e+2,0,0,0,0,0,3.16800e-3,1.40980e-1,0,0,0,0,0,0,0,0,0,0,0,0,0,0,0,2.75245e+2,8.44108e+0,1.69640e+2,0,0,0,0,0,2.93956e-1,0,0,0,0,0,0,0,7.91592e+1,1.86132e+2,0,0,0,0,0,0,1.17119e+3
"Northern_Africa","ESH","Western Sahara",1.54031e-3,6.93797e-5,4.11231e-4,2.11215e-5,7.24992e-3,3.85120e-6,6.49600e-6,0,4.94690e-3,0,2.62031e-3,0,0,0,0,0,0,0,0,0,0,0,0,0,0,0,0,0,0,0,0,0,0,9.15148e+0,2.60966e-1,0,0,0,0,0,0,7.08210e-5,0,0,0,0,0,0,0,1.79326e-1,8.76323e-1,0,0,0,0,0,0,1.04850e+1
"Northern_Africa","LBY","Libyan Arab Jamahiriya",4.41590e-2,3.26113e-1,4.91531e-2,4.18681e-5,1.55593e+0,0,0,0,1.98601e+0,4.61481e+0,5.52233e+2,0,0,0,0,0,1.35300e+0,0,0,0,0,0,0,0,0,0,0,0,0,0,0,0,0,4.32390e+1,1.57332e+0,0,0,0,0,0,0,1.31936e-2,0,0,0,0,0,0,0,1.47914e+1,1.87406e+1,0,0,0,0,0,0,6.40520e+2
"Northern_Africa","MAR","Morocco",1.92287e-2,4.98229e-3,2.46979e-1,0,4.32537e-1,4.34381e-3,2.08084e-2,0,2.38101e+1,1.49849e+1,8.71162e+0,0,0,0,0,0,0,0,0,0,0,0,0,0,0,0,0,0,0,0,0,0,0,2.55574e+2,9.02610e+0,1.44614e+0,0,0,0,0,0,1.98110e-1,0,0,0,0,0,0,0,3.14314e+1,9.33695e+1,0,0,0,0,0,0,4.39281e+2
"Northern_Africa","TUN","Tunisia",7.15753e-2,2.72236e-3,8.54945e-2,0,2.84335e-1,6.60257e-3,1.26022e-2,0,6.65944e+0,9.41050e+0,4.40026e+1,0,0,0,0,0,0,1.33700e-2,0,0,0,0,0,0,0,0,0,0,0,0,0,0,0,7.93406e+1,3.21902e+0,0,0,0,0,0,0,7.53748e-2,0,0,0,0,0,0,0,1.56683e+1,2.86911e+1,0,0,0,0,0,0,1.87544e+2
"Western_Africa","BEN","Benin",7.53624e-4,0,1.13044e-3,0,1.16136e-1,0,0,0,1.91150e+1,1.27042e+1,6.96127e-1,0,0,0,0,0,0,0,0,0,0,0,0,0,0,0,0,0,0,0,0,0,0,3.70149e+1,2.39150e+0,1.13091e+0,0,0,0,0,2.86320e+1,2.78559e-1,6.46306e+1,0,0,0,0,0,0,2.81189e+0,1.93877e+1,0,0,0,0,0,0,1.88911e+2
"Western_Africa","BFA","Burkina Faso",1.67233e-3,7.53266e-5,5.20629e-4,1.90003e-4,4.99838e-2,4.18320e-6,7.05600e-6,0,3.15167e+1,2.75731e+1,7.19673e-3,0,0,0,0,0,0,0,0,0,0,0,0,0,0,0,0,0,0,0,0,0,0,1.72162e+2,7.64006e+0,3.07101e+0,0,0,0,0,2.69688e+1,6.87794e-1,0,0,0,0,0,0,0,1.68600e+0,3.22226e+1,0,0,0,0,0,0,3.03588e+2
"Western_Africa","CAF","Central African Republic",9.81420e-4,4.42058e-5,2.03664e-4,1.11289e-4,1.95743e-2,2.45265e-6,4.13700e-6,0,1.10008e+1,2.88631e+0,3.51262e-3,0,0,0,0,0,0,0,0,0,0,0,0,0,0,0,0,0,0,0,0,0,0,8.21794e+1,2.88011e+0,1.60212e+0,0,0,0,0,9.85752e+2,1.28434e-1,2.70878e+2,0,0,0,0,0,0,4.11555e+0,1.15886e+1,0,0,0,0,0,0,1.37304e+3
"Western_Africa","CIV","Cote d'Ivoire",5.69344e-3,4.27690e-3,1.63285e-2,0,2.88478e-1,2.43253e-3,1.02576e-2,0,2.67810e+1,4.53586e+1,2.28004e+0,0,0,0,0,0,0,0,0,0,0,0,0,0,0,0,0,0,0,0,0,0,0,4.16461e+1,2.07809e+0,2.26777e+1,0,0,0,0,1.59475e+1,9.50973e-1,2.20143e+2,0,0,0,0,0,0,1.78726e+1,4.28742e+1,0,0,0,0,0,0,4.38937e+2
"Western_Africa","CMR","Cameroon",1.63285e-3,0,8.16426e-3,0,4.83758e-1,0,0,0,2.53129e+1,6.86967e+0,1.67853e+2,0,0,0,0,0,0,0,0,0,0,0,0,0,0,0,0,0,0,0,0,0,0,1.78715e+2,6.88500e+0,2.43731e+0,0,0,0,0,1.04021e+2,4.36712e-1,1.06638e+2,0,0,0,0,0,0,1.77315e+1,4.95957e+1,0,0,0,0,0,0,6.66989e+2
"Western_Africa","COD","Congo_the Democratic Republic of the",4.39614e-3,5.02416e-4,5.14558e-2,0,2.10807e-1,0,0,0,1.42947e+2,7.85298e+0,4.20346e+0,0,0,0,0,0,0,0,0,0,0,0,0,0,0,0,0,0,0,0,0,0,0,4.33507e+0,2.13231e-1,6.67822e+1,0,0,0,0,1.01364e+3,3.36711e+0,2.58244e+3,0,0,0,0,0,0,4.17615e+1,1.30931e+2,0,0,0,0,0,0,3.99874e+3
"Western_Africa","COG","Congo",1.25604e-4,1.25604e-4,1.38164e-3,6.90822e-4,9.21054e-2,0,0,0,3.57071e+0,1.75976e+1,6.02426e+1,0,0,0,0,0,0,0,0,0,0,0,0,0,0,0,0,0,0,0,0,0,0,7.08816e+1,3.31036e+0,1.44614e-1,0,0,0,0,2.23013e+1,1.45849e-1,1.08222e+2,0,0,0,0,0,0,4.02634e+0,9.94293e+0,0,0,0,0,0,0,3.00480e+2
"Western_Africa","CPV","Cape Verde",4.43202e-4,1.99615e-5,7.88910e-5,1.21825e-5,4.37079e-3,1.10805e-6,1.86900e-6,0,4.40240e-2,7.24130e-3,8.57236e-4,0,0,0,0,0,0,0,0,0,0,0,0,0,0,0,0,0,0,0,0,0,0,1.02544e+0,2.62196e-1,0,0,0,0,0,0,2.87156e-2,0,0,0,0,0,0,0,3.44405e-1,1.51601e+0,0,0,0,0,0,0,3.23382e+0
"Western_Africa","GAB","Gabon",5.14976e-3,0,1.69984e-2,0,6.56631e-2,0,0,0,1.66577e+0,8.26242e-1,9.35426e+1,0,0,0,0,0,0,0,0,0,0,0,0,0,0,0,0,0,0,0,0,0,0,1.99001e+0,2.42636e-1,1.62487e-2,0,0,0,0,5.13048e-1,3.55515e-2,8.84204e+0,0,0,0,0,0,0,3.63104e+0,4.23203e+0,0,0,0,0,0,0,1.15625e+2
"Western_Africa","GHA","Ghana",1.00483e-3,1.29791e-3,3.33812e-1,0,4.29505e-1,2.08503e-3,4.10306e-3,0,4.68965e+1,3.29368e+1,2.42391e-1,0,0,0,0,0,0,0,0,0,0,0,0,0,0,0,0,0,0,0,0,0,0,5.69385e+1,2.71001e+0,1.16991e+1,0,0,0,0,7.25904e+1,6.74497e-1,2.16043e+1,0,0,0,0,0,0,1.65890e+1,5.69705e+1,0,0,0,0,0,0,3.20624e+2
"Western_Africa","GIN","Guinea",3.14172e-3,1.23388e-4,1.80430e-3,2.32833e-4,1.00006e-1,6.85165e-6,1.15570e-5,0,3.35317e+1,1.61205e+1,1.39151e-2,0,0,0,0,0,0,0,0,0,0,0,0,0,0,0,0,0,0,0,0,0,0,3.93073e+1,1.43549e+0,5.73210e+1,0,0,0,0,6.20784e+1,4.41158e-1,8.12668e+1,0,0,0,0,0,0,5.06322e+0,2.33663e+1,0,0,0,0,0,0,3.20051e+2
"Western_Africa","GMB","Gambia",1.15610e-3,5.20742e-5,1.99839e-4,3.00190e-5,2.99807e-2,2.89255e-6,4.87900e-6,0,1.47078e+0,2.51063e+0,2.38197e-3,0,0,0,0,0,0,0,0,0,0,0,0,0,0,0,0,0,0,0,0,0,0,1.24247e+1,4.92470e-1,2.58355e+0,0,0,0,0,3.26424e+0,3.10234e-2,0,0,0,0,0,0,0,7.35620e-1,3.07534e+0,0,0,0,0,0,0,2.66222e+1
"Western_Africa","GNB","Guinea-Bissau",4.33655e-4,1.95299e-5,1.52982e-4,2.33625e-5,8.65893e-3,1.08315e-6,1.82700e-6,0,1.63837e+0,6.27792e-2,1.52063e-3,0,0,0,0,0,0,0,0,0,0,0,0,0,0,0,0,0,0,0,0,0,0,1.33297e+1,7.49310e-1,8.12436e+0,0,0,0,0,5.74416e+0,9.03721e-2,0,0,0,0,0,0,0,6.25105e-1,3.79025e+0,0,0,0,0,0,0,3.41652e+1
"Western_Africa","GNQ","Equatorial Guinea",2.76292e-4,3.61672e-5,1.35747e-4,3.05090e-5,7.27801e-3,2.00860e-6,3.38800e-6,0,1.56773e+0,5.14930e-1,9.77694e-1,0,0,0,0,0,0,0,0,0,0,0,0,0,0,0,0,0,0,0,0,0,0,3.51587e-1,2.03120e-2,0,0,0,0,0,0,7.29686e-3,0,0,0,0,0,0,0,3.72052e-1,1.17017e+0,0,0,0,0,0,0,4.98953e+0
"Western_Africa","LBR","Liberia",6.17696e-3,2.42592e-4,2.04213e-3,2.05568e-4,1.17852e-1,1.34750e-5,2.27290e-5,0,9.81377e+0,8.62924e+0,1.70854e-2,0,0,0,0,0,0,0,0,0,0,0,0,0,0,0,0,0,0,0,0,0,0,3.91291e+0,3.44253e-1,3.82603e+0,0,0,0,0,7.85400e-1,2.63918e-1,6.55955e-2,0,0,0,0,0,0,2.39657e+0,9.50101e+0,0,0,0,0,0,0,3.96823e+1
"Western_Africa","MLI","Mali",2.17071e-3,9.77740e-5,4.22169e-4,6.45609e-5,6.74549e-2,5.42820e-6,9.15600e-6,0,1.40381e+1,5.17578e-1,5.32336e-3,0,0,0,0,0,0,0,0,0,0,0,0,0,0,0,0,0,0,0,0,0,0,2.17385e+2,8.46286e+0,2.64854e+1,0,0,0,0,4.02864e+1,5.00861e-1,2.57020e+1,0,0,0,0,0,0,3.50228e+0,3.44828e+1,0,0,0,0,0,0,3.71439e+2
"Western_Africa","MRT","Mauritania",1.51744e-3,5.88843e-5,8.71976e-4,1.01785e-4,5.96328e-2,7.99820e-6,5.51600e-6,0,4.03484e+0,7.00272e+0,7.35753e-3,0,0,0,0,0,0,0,0,0,0,0,0,0,0,0,0,0,0,0,0,0,0,1.19732e+2,5.19012e+0,1.83611e+0,0,0,0,0,5.96760e-3,9.26613e-2,0,0,0,0,0,0,0,1.61909e+0,8.92664e+0,0,0,0,0,0,0,1.48510e+2
"Western_Africa","NER","Niger",4.03405e-3,1.40863e-4,3.45902e-3,2.42180e-5,3.07264e-2,1.25097e-4,1.31950e-5,0,1.95572e+1,2.39231e+1,5.22190e-3,0,0,0,0,0,0,0,0,0,0,0,0,0,0,0,0,0,0,0,0,0,0,1.03795e+2,4.84649e+0,4.02968e+0,0,0,0,0,8.65584e-1,8.66519e-1,0,0,0,0,0,0,0,2.24184e+0,2.95401e+1,0,0,0,0,0,0,1.89709e+2
"Western_Africa","NGA","Nigeria",1.91824e-1,9.56889e-2,1.34271e-1,0,3.16676e+0,1.65902e-2,1.72914e-2,0,1.88338e+2,6.01487e+1,8.81779e+2,0,0,0,0,0,0,0,0,0,0,0,0,0,0,0,0,0,0,0,0,0,0,7.31059e+2,2.65056e+1,1.16847e+2,0,0,0,0,9.65880e+1,6.44523e+0,1.42134e+1,0,0,0,0,0,0,4.09590e+1,3.35346e+2,0,0,0,0,0,0,2.50185e+3
"Western_Africa","SEN","Senegal",1.31024e-3,8.66350e-4,1.73187e-2,0,1.11535e-1,6.95009e-4,1.02577e-2,0,1.62627e+1,2.87020e+1,4.99282e-1,0,0,0,0,0,0,0,0,0,0,0,0,0,0,0,0,0,0,0,0,0,0,1.18709e+2,5.01269e+0,1.20728e+1,0,0,0,0,2.44656e+1,2.37793e-1,0,0,0,0,0,0,0,8.56350e+0,3.21606e+1,0,0,0,0,0,0,2.46828e+2
"Western_Africa","SHN","Saint Helena",7.77780e-6,1.55210e-6,5.15700e-6,7.27251e-6,3.33691e-4,7.05500e-8,0,0,1.82020e-4,0,4.76145e-6,0,0,0,0,0,0,0,0,0,0,0,0,0,0,0,0,0,0,0,0,0,0,6.56118e-2,5.11430e-3,0,0,0,0,0,0,0,0,0,0,0,0,0,0,6.96967e-3,3.07793e-2,0,0,0,0,0,0,1.09017e-1
"Western_Africa","SLE","Sierra Leone",4.99833e-3,1.96303e-4,1.51069e-3,1.76264e-4,3.80790e-2,1.09021e-5,1.83890e-5,0,1.73515e+1,1.67581e+1,1.22240e-2,0,0,0,0,0,0,0,0,0,0,0,0,0,0,0,0,0,0,0,0,0,0,1.18435e+1,5.78618e-1,3.56907e+1,0,0,0,0,1.45128e+1,4.07914e-1,7.79484e+0,0,0,0,0,0,0,3.38133e+0,1.56159e+1,0,0,0,0,0,0,1.23992e+2
"Western_Africa","STP","Sao Tome and Principe",3.57410e-4,1.60979e-5,6.04260e-5,5.36749e-6,3.28441e-3,8.92250e-7,1.50500e-6,0,2.69462e-3,4.42676e-1,5.02836e-4,0,0,0,0,0,0,0,0,0,0,0,0,0,0,0,0,0,0,0,0,0,0,1.70926e-1,1.52936e-2,0,0,0,0,0,0,1.12036e-3,0,0,0,0,0,0,0,1.69799e-1,4.43805e-1,0,0,0,0,0,0,1.25054e+0
"Western_Africa","TCD","Chad",1.61008e-3,7.25213e-5,2.92398e-4,3.44171e-5,1.23225e-2,4.02550e-6,6.79000e-6,0,1.64919e+1,2.11542e+1,4.00428e-3,0,0,0,0,0,0,0,0,0,0,0,0,0,0,0,0,0,0,0,0,0,0,1.85361e+2,6.93221e+0,3.47723e+0,0,0,0,0,1.23146e+2,2.82171e-1,0,0,0,0,0,0,0,2.37299e+0,2.22951e+1,0,0,0,0,0,0,3.81531e+2
"Western_Africa","TGO","Togo",1.38164e-3,0,0,0,6.99009e-2,0,0,0,1.65226e+1,1.76917e+1,0,0,0,0,0,0,0,0,0,0,0,0,0,0,0,0,0,0,0,0,0,0,0,1.92978e+1,1.14137e+0,2.51855e+0,0,0,0,0,2.88024e+1,2.14867e-1,1.25494e+1,0,0,0,0,0,0,2.61664e+0,1.45980e+1,0,0,0,0,0,0,1.16025e+2
"Eastern_Africa","BDI","Burundi",4.31795e-4,1.94469e-5,1.31568e-4,4.16001e-5,1.86512e-2,1.07900e-6,1.82000e-6,0,1.92543e+1,1.47896e+1,2.11621e-3,0,0,0,0,0,0,0,0,0,0,0,0,0,0,0,0,0,0,0,0,0,0,1.99740e+1,7.54684e-1,1.94985e+0,0,0,0,0,0,3.92898e-1,0,0,0,0,0,0,0,3.82140e-1,1.85938e+1,0,0,0,0,0,0,7.61126e+1
"Eastern_Africa","COM","Comoros",8.08137e-5,1.05784e-5,4.31490e-5,1.57565e-5,3.45528e-3,5.85150e-7,9.87000e-7,0,1.93403e-2,1.61060e+0,5.52826e-4,0,0,0,0,0,0,0,0,0,0,0,0,0,0,0,0,0,0,0,0,0,0,2.05827e+0,9.70808e-2,2.07984e+0,0,0,0,0,0,1.05757e-2,0,0,0,0,0,0,0,3.89358e-1,1.86982e+0,0,0,0,0,0,0,8.13904e+0
"Eastern_Africa","DJI","Djibouti",1.65386e-3,7.44925e-5,1.56815e-3,4.98344e-5,1.10011e-2,4.13755e-6,6.97900e-6,0,3.30100e-2,1.95850e+0,9.28545e-3,0,0,0,0,0,0,0,0,0,0,0,0,0,0,0,0,0,0,0,0,0,0,1.15331e+1,4.84600e-1,0,0,0,0,0,0,1.68839e-6,0,0,0,0,0,0,0,6.96327e-1,2.03018e+0,0,0,0,0,0,0,1.67593e+1
"Eastern_Africa","ERI","Eritrea",4.37628e-4,6.69888e-4,1.66812e-3,0,1.49249e-2,0,0,0,5.97155e+0,7.86600e+0,1.17386e-1,0,0,0,0,0,0,0,0,0,0,0,0,0,0,0,0,0,0,0,0,0,0,6.24322e+1,2.25099e+0,0,0,0,0,0,1.79518e+0,9.79954e-2,0,0,0,0,0,0,0,7.09634e-1,1.12333e+1,0,0,0,0,0,0,9.24919e+1
"Eastern_Africa","ETH","Ethiopia",2.70048e-3,2.51208e-4,1.10179e-2,0,1.36062e-1,0,0,0,1.29484e+2,9.78692e+0,8.15172e-2,0,0,0,0,0,0,0,0,0,0,0,0,0,0,0,0,0,0,0,0,0,0,1.10601e+3,4.50654e+1,0,0,0,0,0,1.91933e+2,4.82849e+0,0,0,0,0,0,0,0,8.87425e+0,1.76600e+2,0,0,0,0,0,0,1.67281e+3
"Eastern_Africa","KEN","Kenya",1.53400e-3,3.57162e-3,5.83640e-2,5.98712e-3,4.53804e-1,6.85378e-3,2.93076e-3,0,5.72541e+1,1.56308e+2,5.35921e-1,0,0,0,0,0,0,0,0,0,0,0,0,0,0,0,0,0,0,0,0,0,0,5.35086e+2,1.73967e+1,2.35607e+0,0,0,0,0,3.27480e+0,8.94083e-1,0,0,0,0,0,0,0,5.81314e+0,8.26050e+1,0,0,0,0,0,0,8.62057e+2
"Eastern_Africa","MDG","Madagascar",5.64514e-3,2.52486e-4,1.51105e-3,2.25242e-4,9.49357e-2,2.44290e-5,2.36600e-5,0,2.17802e+1,2.41568e+1,1.22579e-2,0,0,0,0,0,0,0,0,0,0,0,0,0,0,0,0,0,0,0,0,0,0,3.55166e+2,1.24689e+1,1.94114e+2,0,0,0,0,6.52248e+1,8.13961e-1,4.21756e+1,1.13796e-1,0,0,0,0,0,5.63752e+0,4.46142e+1,0,0,0,0,0,0,7.66382e+2
"Eastern_Africa","MUS","Mauritius",5.02925e-3,2.19058e-4,2.82724e-3,5.42265e-5,4.41246e-2,5.56718e-5,2.05240e-5,0,3.34380e-1,9.41050e-2,1.47466e-2,0,0,0,0,0,0,0,0,0,0,0,0,0,0,0,0,0,0,0,0,0,0,1.94155e+0,1.15703e-1,2.27482e-3,0,0,0,0,0,1.23888e-1,0,0,0,0,0,0,0,2.17296e+0,4.78984e+0,0,0,0,0,0,0,9.64178e+0
"Eastern_Africa","MYT","Mayotte",0,0,0,0,0,0,0,0,0,0,0,0,0,0,0,0,0,0,0,0,0,0,0,0,0,0,0,0,0,0,0,0,0,0,0,0,0,0,0,0,0,0,0,0,0,0,0,0,0,1.38266e-1,3.63229e-1,0,0,0,0,0,0,5.01495e-1
"Eastern_Africa","REU","Reunion",3.47787e-3,1.56654e-4,9.39138e-4,2.00226e-4,5.89822e-2,8.70255e-6,1.46790e-5,0,1.96705e-1,0,1.22088e-2,0,0,0,0,0,0,0,0,0,0,0,0,0,0,0,0,0,0,0,0,0,0,1.15045e+0,2.09215e-1,6.49949e-3,0,0,0,0,0,4.54200e-2,0,0,0,0,0,0,0,2.25136e+0,2.79091e+0,0,0,0,0,0,0,6.72655e+0
"Eastern_Africa","RWA","Rwanda",3.77901e-3,1.70216e-4,8.74455e-4,1.72641e-4,5.43856e-2,9.45370e-6,1.59460e-5,0,2.01689e+1,1.03943e+0,9.31172e-3,0,0,0,0,0,0,0,0,0,0,0,0,0,0,0,0,0,0,0,0,0,0,2.57427e+1,9.37509e-1,4.71213e-1,0,0,0,0,2.26822e+0,4.19258e-1,0,0,0,0,0,0,0,4.80579e-1,2.41874e+1,0,0,0,0,0,0,7.57839e+1
"Eastern_Africa","SDN","Sudan",2.17515e-3,2.09340e-4,2.75073e-2,0,3.37590e-1,0,0,0,5.73681e+1,1.77294e+2,2.10446e+0,0,0,0,0,0,0,0,0,0,0,0,0,0,0,0,0,0,0,0,0,0,0,1.04323e+3,3.43984e+1,1.94985e-1,0,0,0,0,5.05992e+2,1.03400e+0,0,0,0,0,0,0,0,2.45899e+1,9.73013e+1,0,0,0,0,0,0,1.94387e+3
"Eastern_Africa","SOM","Somalia",2.28325e-3,2.98908e-4,1.50314e-3,3.75954e-4,1.18733e-1,1.66042e-5,2.80070e-5,0,2.11682e+1,3.46683e+1,1.98595e-2,0,0,0,0,0,0,0,0,0,0,0,0,0,0,0,0,0,0,0,0,0,0,5.24764e+2,2.32587e+1,5.84954e-1,0,0,0,0,5.67648e-3,2.03328e-1,0,0,0,0,0,0,0,3.34345e+0,2.67944e+1,0,0,0,0,0,0,6.34934e+2
"Eastern_Africa","SYC","Seychelles",2.87376e-3,1.29443e-4,6.67707e-4,5.70000e-8,7.60654e-3,7.18780e-6,1.21240e-5,0,7.22462e-3,0,4.24662e-3,0,0,0,0,0,0,0,0,0,0,0,0,0,0,0,0,0,0,0,0,0,0,1.35574e-1,5.04622e-2,0,0,0,0,0,0,5.05440e-6,0,0,0,0,0,0,0,1.96385e-1,3.35689e-1,0,0,0,0,0,0,7.40884e-1
"Eastern_Africa","UGA","Uganda",3.90143e-3,1.75732e-4,8.33412e-4,9.45325e-5,7.17839e-2,9.76080e-6,1.64640e-5,0,1.01151e+2,5.03468e+1,9.41800e-3,0,0,0,0,0,0,0,0,0,0,0,0,0,0,0,0,0,0,0,0,0,0,1.67647e+2,5.47344e+0,2.59980e+0,0,0,0,0,9.05664e+1,1.18704e+0,0,0,0,0,0,0,0,2.57108e+0,5.71349e+1,0,0,0,0,0,0,4.78764e+2
"Southern_Africa","AGO","Angola",9.04347e-4,3.51692e-3,2.57028e-2,0,2.26460e-1,0,0,0,8.14770e+0,5.81569e+1,2.62369e+2,0,0,0,0,0,0,0,0,0,0,0,0,0,0,0,0,0,0,0,0,0,0,1.31342e+2,4.47862e+0,4.87461e-1,0,0,0,0,4.56600e+2,2.02142e-1,6.97945e+0,0,0,0,0,0,0,7.70100e+0,3.91357e+1,0,0,0,0,0,0,9.75856e+2
"Southern_Africa","BWA","Botswana",5.36084e-3,1.39776e-4,1.21172e-2,1.17970e-5,7.84553e-2,4.80057e-4,1.30970e-5,0,3.06455e+0,9.36998e+0,7.28166e-3,0,0,0,0,0,0,0,0,0,0,0,0,0,0,0,0,0,0,0,0,0,0,1.08214e+2,2.76043e+0,0,0,0,0,0,1.02737e+2,3.79949e-2,0,2.70528e+0,0,0,0,0,0,9.70571e-1,5.56175e+0,0,0,0,0,0,0,2.35525e+2
"Southern_Africa","LSO","Lesotho",6.78506e-4,3.05606e-5,1.93419e-4,6.51775e-5,2.45668e-2,1.69735e-6,2.86300e-6,0,6.66222e+0,5.70681e+0,2.28024e-3,0,0,0,0,0,0,0,0,0,0,0,0,0,0,0,0,0,0,0,0,0,0,4.08644e+1,8.71533e-1,0,0,0,0,0,0,4.54121e-2,0,1.72402e+0,0,0,0,0,0,5.84894e-1,6.24544e+0,0,0,0,0,0,0,6.27325e+1
"Southern_Africa","MOZ","Mozambique",4.68922e-4,0,9.62964e-3,0,5.38308e-2,0,0,0,5.21187e+1,3.00536e+1,0,0,0,0,0,0,0,0,0,0,0,0,0,0,0,0,0,0,0,0,0,0,0,5.19366e+1,2.02837e+0,1.70612e+1,0,0,0,0,2.49744e+2,1.16637e+0,3.13181e+1,4.49184e+0,0,0,0,0,0,4.34727e+0,5.92756e+1,0,0,0,0,0,0,5.03606e+2
"Southern_Africa","MWI","Malawi",2.45699e-3,1.06120e-4,1.06473e-3,7.13830e-5,5.84009e-2,3.23730e-5,9.94000e-6,0,1.76494e+1,2.76754e+1,5.35782e-3,0,0,0,0,0,0,0,0,0,0,0,0,0,0,0,0,0,0,0,0,0,0,5.19801e+1,1.73785e+0,3.10350e+0,0,0,0,0,4.80648e+1,9.35429e-1,0,0,0,0,0,0,0,1.43662e+0,3.08236e+1,0,0,0,0,0,0,1.83474e+2
"Southern_Africa","NAM","Namibia",1.19568e-3,0,2.01627e-4,1.00483e-3,1.40900e-1,0,5.27537e-3,0,2.92317e-1,2.84545e+0,0,0,0,0,0,0,0,0,0,0,0,0,0,0,0,0,0,0,0,0,0,0,0,1.08665e+2,2.72181e+0,0,0,0,0,0,2.63448e+1,5.32984e-2,0,0,0,0,0,0,0,1.53504e+0,4.14319e+0,0,0,0,0,0,0,1.46750e+2
"Southern_Africa","SWZ","Swaziland",1.21616e-3,7.79660e-5,4.29323e-3,3.61805e-5,3.71196e-2,1.67000e-4,7.30100e-6,0,2.38037e+0,1.86846e+0,4.25430e-3,0,0,0,0,0,0,0,0,0,0,0,0,0,0,0,0,0,0,0,0,0,0,3.06457e+1,7.50268e-1,6.49949e-2,0,0,0,0,0,9.44152e-2,0,0,0,0,0,0,0,6.27808e-1,1.48460e+1,0,0,0,0,0,0,5.13251e+1
"Southern_Africa","TZA","Tanzania_United Republic of",9.79711e-3,7.11756e-4,1.35234e-2,0,1.54574e-1,0,0,0,7.02223e+1,4.06056e+1,1.53296e-1,0,0,0,0,0,0,0,0,0,0,0,0,0,0,0,0,0,0,0,0,0,0,4.49594e+2,1.54356e+1,5.70330e+1,0,0,0,0,3.40248e+2,3.76438e+0,9.69068e+1,0,0,0,0,0,0,5.08658e+0,9.38224e+1,0,0,0,0,0,0,1.17305e+3
"Southern_Africa","ZAF","South Africa",9.22743e-1,8.58720e-2,5.71629e+0,6.07085e-3,5.53466e+0,4.89856e-2,0,0,5.85745e+1,1.00039e+3,4.78166e+0,0,0,0,0,0,5.44300e-2,1.88210e+0,0,0,0,0,0,0,0,0,0,0,0,0,0,0,0,7.88434e+2,1.97611e+1,2.11233e-1,0,0,0,0,1.39068e+1,2.59483e+0,5.66688e+0,9.51478e+1,0,0,0,0,0,1.49220e+2,1.78752e+2,0,0,0,0,0,0,2.33169e+3
"Southern_Africa","ZMB","Zambia",1.98873e-3,1.63285e-3,1.36481e-1,0,1.40334e-1,4.24751e-3,0,0,2.01960e+1,5.18755e+1,1.53056e-1,0,0,0,0,0,0,0,0,0,0,0,0,0,0,0,0,0,0,0,0,0,0,1.01433e+2,3.15654e+0,1.41202e+0,0,0,0,0,6.76632e+2,2.34726e-1,3.01675e+2,0,0,0,0,0,0,6.52457e+0,2.86375e+1,0,0,0,0,0,0,1.19221e+3
"Southern_Africa","ZWE","Zimbabwe",2.63773e-2,4.81482e-3,2.84284e-1,0,2.94027e-1,2.77878e-2,0,0,2.55477e+1,2.69537e+1,0,0,0,0,0,0,0,2.50640e-1,0,0,0,0,0,0,0,0,0,0,0,0,0,0,0,2.68973e+2,6.88087e+0,3.36348e-2,0,0,0,0,6.86640e+1,3.72783e-1,0,0,0,0,0,0,0,5.82562e+0,3.34626e+1,0,0,0,0,0,0,4.37602e+2
"OECD_Europe","AUT","Austria",4.75451e-1,6.11891e-2,8.98732e-1,4.60548e-4,3.81731e+0,1.21564e-2,2.63769e-3,2.21900e-3,4.07107e+1,1.78795e+1,3.75623e+1,0,0,0,0,0,9.83400e-2,3.36980e-1,0,0,0,0,0,0,0,0,0,0,0,0,0,0,0,1.86995e+2,5.90714e+1,0,0,0,0,0,0,5.38204e-1,0,1.43227e+0,0,0,0,0,0,9.50189e+1,3.86726e+1,3.19221e-3,6.35520e-1,0,0,0,0,4.84225e+2
"OECD_Europe","BEL","Belgium",3.97011e-1,1.05749e-1,1.13495e+0,7.11756e-4,5.49645e+0,1.62426e-2,5.83221e-2,0,3.00427e+1,8.38582e+1,7.09280e+1,0,0,0,0,0,1.32000e-4,8.80900e-1,0,0,0,0,0,0,0,0,0,0,0,0,0,0,0,2.21864e+2,7.93446e+1,0,0,0,0,0,0,3.67854e-1,0,3.21744e-1,0,0,0,0,0,6.66914e+1,6.75038e+1,3.99161e+0,2.27273e-1,0,0,0,0,6.33232e+2
"OECD_Europe","CHE","Switzerland",4.96196e-1,8.25270e-3,5.57771e-1,2.80516e-3,4.68079e+0,2.25878e-3,4.68922e-3,0,6.51923e+0,3.10336e-1,3.19281e+1,0,0,0,0,0,6.69727e-2,5.50000e-3,0,0,0,0,0,0,0,0,0,0,0,0,0,0,0,1.37981e+2,3.71017e+1,0,0,0,0,0,0,1.12497e-1,3.25166e+0,0,0,0,0,0,0,3.14663e+1,1.29892e+1,1.15171e-5,6.40932e-1,0,0,0,0,2.68126e+2
"OECD_Europe","DEU","Germany",5.82731e+0,7.15036e-1,8.15321e+0,2.25041e-2,4.44240e+1,2.12591e-1,2.15411e-1,0,2.32072e+2,1.27683e+3,3.14201e+2,0,0,0,0,0,5.08820e+0,2.52069e+0,0,0,0,0,0,0,0,0,0,0,0,0,0,0,0,1.56312e+3,5.08986e+2,0,0,0,0,0,0,4.16570e+0,0,2.00138e+0,0,0,0,0,0,1.60429e+3,1.74947e+2,0,0,0,0,0,0,5.74779e+3
"OECD_Europe","DNK","Denmark",7.41411e-1,3.13708e-2,4.48839e-1,2.47021e-3,2.96208e+0,2.03290e-2,1.53571e-1,4.27053e-3,1.05331e+1,3.02759e-1,1.21377e+1,0,0,0,0,0,0,0,0,0,0,0,0,0,0,0,0,0,0,0,0,0,0,1.76131e+2,9.04615e+1,0,0,0,0,0,0,8.29058e-1,0,0,0,0,0,0,0,7.62955e+1,8.97370e+0,0,0,0,0,0,0,3.80029e+2
"OECD_Europe","ESP","Spain",5.97875e-1,1.61983e-1,2.40889e+0,2.18760e-2,1.31752e+1,3.24016e-2,4.49285e-1,0,4.87152e+1,1.64978e+2,2.48634e+1,0,0,0,0,0,6.42052e-1,6.30080e-1,0,0,0,0,0,0,0,0,0,0,0,0,0,0,0,4.91830e+2,2.23763e+2,2.27076e+1,0,0,0,0,0,2.44313e+0,0,2.38550e+1,0,0,0,0,0,2.58949e+2,1.36244e+2,7.88583e-1,0,0,0,0,0,1.41726e+3
"OECD_Europe","FIN","Finland",1.19470e+0,2.08921e-2,3.29604e+0,2.09339e-3,3.19738e+0,1.14677e-2,2.72561e-2,0,1.53071e+1,1.91381e+0,2.99120e+0,0,0,0,0,0,6.67560e-2,3.55890e-1,0,0,0,0,0,0,0,0,0,0,0,0,0,0,0,1.01439e+2,2.80363e+1,0,0,0,0,0,0,2.54227e-1,5.76288e-1,7.86192e-2,0,0,0,0,0,1.31213e+2,1.57104e+2,0,3.20800e-1,0,0,0,0,4.47407e+2
"OECD_Europe","FRA","France",1.91881e+0,3.74588e-1,4.54345e+0,1.17021e-2,3.39715e+1,8.14899e-2,1.98999e-1,0,1.98132e+2,1.98150e+2,6.61194e+2,0,0,0,0,0,1.39106e+0,2.09234e+0,0,0,0,0,0,0,0,0,0,0,0,0,0,0,0,1.55292e+3,4.00396e+2,3.56664e+0,0,0,0,0,0,6.24537e+0,0,1.35653e+0,0,0,0,0,0,4.77308e+2,1.72420e+2,2.33959e+1,3.22343e+0,0,0,0,0,3.74290e+3
"OECD_Europe","FRO","Faroe Islands",0,0,0,0,0,0,0,0,0,0,0,0,0,0,0,0,0,0,0,0,0,0,0,0,0,0,0,0,0,0,0,0,0,5.97584e-1,2.45638e-2,0,0,0,0,0,0,1.22959e-5,0,0,0,0,0,0,0,8.22613e-1,4.09931e-2,3.20462e-2,0,0,0,0,0,1.51781e+0
"OECD_Europe","GBR","United Kingdom",1.47371e+0,8.66415e-1,3.95830e+0,4.80853e-2,3.75295e+1,1.34130e-1,3.18866e-1,0,1.62787e+2,8.71575e+2,6.88948e+2,0,0,0,0,0,1.93477e+0,9.10140e-1,0,0,0,0,0,0,0,0,0,0,0,0,0,0,0,1.13938e+3,2.20507e+2,0,0,0,0,0,0,2.55423e+0,0,1.35127e+0,0,0,0,0,0,2.49195e+3,1.15285e+2,7.61194e+0,0,0,0,0,0,5.74912e+3
"OECD_Europe","GIB","Gibraltar",2.51208e-4,0,0,0,1.06458e-2,0,0,0,0,0,0,0,0,0,0,0,0,0,0,0,0,0,0,0,0,0,0,0,0,0,0,0,0,0,0,0,0,0,0,0,0,0,0,0,0,0,0,0,0,1.60304e-1,2.55379e-2,8.36908e-3,0,0,0,0,0,2.05108e-1
"OECD_Europe","GRC","Greece",2.24871e-1,3.68006e-2,5.93655e-1,7.99678e-3,3.71020e+0,9.98763e-3,9.17329e-2,0,8.38854e+0,4.06385e+1,8.37614e+0,0,0,0,0,0,3.30000e-3,4.62000e-2,0,0,0,0,0,0,0,0,0,0,0,0,0,0,0,1.40084e+2,3.20413e+1,5.94440e+0,0,0,0,0,0,1.05409e+0,8.84688e-2,2.45664e+0,0,0,0,0,0,8.68234e+1,1.61966e+1,5.19456e-5,0,0,0,0,0,3.46817e+2
"OECD_Europe","GRL","Greenland",0,0,0,0,0,0,0,0,0,0,0,0,0,0,0,0,0,0,0,0,0,0,0,0,0,0,0,0,0,0,0,0,0,1.69600e-1,2.88778e-3,0,0,0,0,0,0,0,0,0,0,0,0,0,0,6.85606e-1,1.99324e-1,1.22202e-2,0,0,0,0,0,1.06964e+0
"OECD_Europe","IRL","Ireland",8.99287e-2,3.89372e-3,2.81608e-1,5.44284e-4,1.68964e+0,6.42885e-3,1.46538e-3,0,3.14593e+1,1.31651e+0,2.18870e+1,0,0,0,0,0,0,0,0,0,0,0,0,0,0,0,0,0,0,0,0,0,0,4.07542e+2,6.57519e+1,0,0,0,0,0,0,2.21612e-1,0,1.29773e-1,0,0,0,0,0,7.47900e+1,7.35832e+0,0,0,0,0,0,0,6.12530e+2
"OECD_Europe","ISL","Iceland",1.25604e-4,0,4.30194e-2,1.88406e-4,1.84523e-1,0,5.86152e-3,0,3.70134e-2,0,0,0,0,0,0,0,0,6.62200e-2,0,0,0,0,0,0,0,0,0,0,0,0,0,0,0,1.03806e+1,1.47222e+0,0,0,0,0,0,0,1.28075e-4,0,0,0,0,0,0,0,3.27040e+0,4.81708e-1,9.82167e-2,0,0,0,0,0,1.60403e+1
"OECD_Europe","ITA","Italy",1.21748e+0,3.01621e-1,2.74236e+0,8.81320e-3,3.06058e+1,3.80517e-2,1.67933e-1,4.82319e-2,2.04597e+1,1.34880e+1,3.09599e+2,0,0,0,0,0,6.17508e-1,1.26850e+0,0,0,0,0,0,0,0,0,0,0,0,0,0,0,0,6.80719e+2,2.55946e+2,5.64718e+1,0,0,0,0,0,4.76314e+0,5.54016e-1,6.97560e+0,0,0,0,0,0,6.55511e+2,1.32514e+2,9.38044e+0,0,0,0,0,0,2.18340e+3
"OECD_Europe","LUX","Luxembourg",2.74529e-2,0,2.17042e-1,0,5.66241e-1,1.56377e-3,0,0,2.89456e-1,0,3.59680e+0,0,0,0,0,0,0,2.87070e-1,0,0,0,0,0,0,0,0,0,0,0,0,0,0,0,1.45057e+1,2.17823e+1,0,0,0,0,0,0,2.16705e-2,0,3.10152e-1,0,0,0,0,0,3.01907e+0,4.04909e-1,0,0,0,0,0,0,4.50294e+1
"OECD_Europe","NLD","Netherlands",9.03649e-1,2.16868e-1,6.51525e-1,1.59099e-3,8.38434e+0,2.95379e-3,2.21565e-1,0,9.27734e+0,3.69738e+0,2.78725e+2,0,0,0,0,0,2.79636e+0,2.58440e-1,0,0,0,0,0,0,0,0,0,0,0,0,0,0,0,3.73782e+2,1.82019e+2,0,0,0,0,0,0,2.68400e-1,0,2.09378e-2,0,0,0,0,0,5.15449e+2,3.83934e+1,0,0,0,0,0,0,1.41507e+3
"OECD_Europe","NOR","Norway",1.31926e-1,2.89480e-1,9.72287e-1,3.76813e-3,2.98524e+0,5.38633e-3,2.14825e-1,0,8.33651e+0,7.67199e+0,2.05905e+2,0,0,0,0,0,2.24286e+0,9.76010e-1,0,0,0,0,0,0,0,0,0,0,0,0,0,0,0,8.64025e+1,1.75196e+1,0,0,0,0,0,0,1.28721e-1,0,0,0,0,0,0,0,2.10207e+2,4.09966e+1,3.43935e+0,0,0,0,0,0,5.88429e+2
"OECD_Europe","PRT","Portugal",1.76892e-1,3.04461e-2,1.05137e+0,8.58293e-4,2.40592e+0,1.05088e-2,1.52400e-2,0,6.58165e+0,4.34353e+0,3.75782e+0,0,0,0,0,0,1.30584e-1,6.30300e-2,0,0,0,0,0,0,0,0,0,0,0,0,0,0,0,1.33959e+2,5.25538e+1,9.74882e+0,0,0,0,0,0,3.40653e-1,0,2.72976e+0,0,0,0,0,0,1.60149e+2,4.78639e+1,2.50787e-2,1.78800e-1,0,0,0,0,4.26116e+2
"OECD_Europe","SWE","Sweden",1.06531e+0,2.74677e-2,4.96754e+0,9.83898e-3,6.25691e+0,1.45952e-2,5.94945e-2,6.65700e-3,2.10070e+1,2.31143e+0,1.07027e+1,0,0,0,0,0,1.83779e-1,2.40480e-1,0,0,0,0,0,0,0,0,0,0,0,0,0,0,0,1.18069e+2,3.62859e+1,0,0,0,0,0,0,5.52039e-1,5.80128e-1,2.30945e-1,0,0,0,0,0,1.22943e+2,1.96317e+2,8.69844e-3,0,0,0,0,0,5.21839e+2
"Central Europe","ALB","Albania",4.22867e-3,6.69887e-3,8.80065e-2,0,2.00699e-1,0,0,0,1.65894e+1,7.29943e+0,1.70370e+1,0,0,0,0,0,0,5.06000e-2,0,0,0,0,0,0,0,0,0,0,0,0,0,0,0,5.82906e+1,9.77399e+0,9.80826e-1,0,0,0,0,0,3.21215e-1,0,6.55944e-1,0,0,0,0,0,2.75150e+0,4.83438e+0,1.89149e-2,0,0,0,0,0,1.18903e+2
"Central Europe","BGR","Bulgaria",2.63438e-1,2.04316e-2,8.72446e-1,0,1.84561e+0,0,0,0,2.91671e+1,4.24751e+1,6.58133e+0,0,0,0,0,0,1.60294e-1,2.35290e-1,0,0,0,0,0,0,0,0,0,0,0,0,0,0,0,2.33752e+2,4.12712e+1,4.19080e+0,0,0,0,0,0,2.13139e+0,0,1.50862e+0,0,0,0,0,0,3.30475e+2,4.24388e+1,0,0,0,0,0,0,7.37389e+2
"Central Europe","BIH","Bosnia and Herzegovina",9.79977e-2,0,4.30231e-3,0,5.98066e-1,0,0,0,1.97005e+1,9.87118e+1,6.36485e+0,0,0,0,0,0,6.80200e-5,3.44831e-2,0,0,0,0,0,0,0,0,0,0,0,0,0,0,0,6.91896e+1,1.17502e+1,0,0,0,0,0,0,3.57041e-1,0,0,0,0,0,0,0,3.57909e+0,6.65581e+0,2.28883e-2,0,0,0,0,0,2.17067e+2
"Central Europe","CYP","Cyprus",0,8.35685e-4,4.06119e-2,0,2.24105e-1,0,0,0,1.57842e-1,9.41050e-2,1.52232e-1,0,0,0,0,0,0,0,0,0,0,0,0,0,0,0,0,0,0,0,0,0,0,7.27682e+0,2.69316e+0,0,0,0,0,0,0,1.43729e-2,0,0,0,0,0,0,0,5.20444e+0,3.35272e+0,0,0,0,0,0,0,1.92112e+1
"Central Europe","CZE","Czech Republic",6.14366e-1,4.35009e-2,5.27729e+0,0,1.85434e+0,4.64735e-3,0,0,1.25155e+2,2.61610e+2,1.47772e+1,0,0,0,0,0,3.84110e-1,5.93530e-1,0,0,0,0,0,0,0,0,0,0,0,0,0,0,0,3.50756e+2,5.47722e+1,0,0,0,0,0,0,2.08330e+0,0,4.08336e+0,0,0,0,0,0,7.24243e+1,5.37784e+1,0,0,0,0,0,0,9.48212e+2
"Central Europe","EST","Estonia",2.74010e-1,0,5.15367e-1,0,5.37275e-1,1.41459e-1,5.04355e-3,0,6.77079e+0,2.09263e+1,2.67888e+0,0,0,0,0,0,0,0,0,0,0,0,0,0,0,0,0,0,0,0,0,0,0,6.66609e+1,1.13419e+1,2.55906e+0,0,0,0,0,0,2.19108e-1,0,0,0,0,0,0,0,1.57292e+1,7.88090e+0,0,0,0,0,0,0,1.36240e+2
"Central Europe","HRV","Croatia",6.16307e-2,1.99893e-1,6.51015e-1,0,1.05937e+0,3.34944e-4,0,0,1.05294e+1,6.43406e+0,3.25983e+1,0,0,0,0,0,2.07708e-2,7.06237e-1,0,0,0,0,0,0,0,0,0,0,0,0,0,0,0,7.35905e+1,1.52905e+1,0,0,0,0,0,0,7.29035e-1,0,8.83032e-1,0,0,0,0,0,1.65216e+1,1.96159e+1,0,0,0,0,0,0,1.78892e+2
"Central Europe","HUN","Hungary",4.12183e-1,3.97490e-2,5.72337e-1,0,2.30903e+0,4.19098e-2,3.16522e-2,0,4.39238e+1,3.84030e+1,4.55290e+1,0,0,0,0,0,8.93670e-2,2.23710e-1,0,0,0,0,0,0,0,0,0,0,0,0,0,0,0,2.08511e+2,6.08988e+1,3.92330e+0,0,0,0,0,0,3.92756e+0,0,1.32175e+0,0,0,0,0,0,7.37202e+1,4.27014e+1,0,0,0,0,0,0,5.26580e+2
"Central Europe","LTU","Lithuania",7.63354e-2,2.74078e-2,4.88013e+0,0,1.11693e+0,3.07532e-2,3.60254e-3,0,1.27549e+1,1.78959e-2,8.14375e+0,0,0,0,0,0,1.21710e-1,0,0,0,0,0,0,0,0,0,0,0,0,0,0,0,0,1.98833e+2,3.21684e+1,0,0,0,0,0,0,7.55587e-1,0,1.09800e+0,0,0,0,0,0,3.29987e+1,1.32455e+1,7.08969e-4,0,0,0,0,0,3.06273e+2
"Central Europe","LVA","Latvia",5.08620e-2,0,1.48396e+0,0,8.90575e-1,4.59982e-2,1.36583e-2,0,2.19000e+1,7.36252e-2,7.74826e+0,0,0,0,0,0,0,0,0,0,0,0,0,0,0,0,0,0,0,0,0,0,0,1.34660e+2,1.90201e+1,0,0,0,0,0,0,4.12025e-1,0,1.70626e-1,0,0,0,0,0,1.78626e+1,7.38712e+0,0,0,0,0,0,0,2.11719e+2
"Central Europe","MKD","Macedonia, the former Yugoslav Republic of",6.16933e-2,0,7.55280e-2,0,2.40763e-1,0,0,0,6.34592e+0,7.41710e+0,3.25377e-1,0,0,0,0,0,2.53658e-2,1.28988e+0,0,0,0,0,0,0,0,0,0,0,0,0,0,0,0,4.60965e+1,5.03430e+0,2.87709e+0,0,0,0,0,0,2.28747e-1,0,4.77504e-1,0,0,0,0,0,3.73582e+0,5.08683e+0,2.53373e-2,0,0,0,0,0,7.93437e+1
"Central Europe","MLT","Malta",3.09788e-3,0,0,0,9.68845e-2,0,0,0,8.58294e-3,0,0,0,0,0,0,0,0,0,0,0,0,0,0,0,0,0,0,0,0,0,0,0,0,1.46846e+0,7.28838e-1,0,0,0,0,0,0,1.31911e-3,0,0,0,0,0,0,0,5.07891e+0,4.23919e-1,0,0,0,0,0,0,7.81001e+0
"Central Europe","POL","Poland",2.59451e+0,4.40322e-1,3.73900e+0,0,5.72050e+0,1.54579e-1,4.71852e-2,0,3.05997e+2,4.39791e+3,1.61220e+2,0,0,0,0,0,5.37722e-1,1.32348e+0,0,0,0,0,0,0,0,0,0,0,0,0,0,0,0,9.43180e+2,1.64993e+2,0,0,0,0,0,0,7.25645e+0,0,2.80080e+0,0,0,0,0,0,3.07501e+2,1.36156e+2,2.80357e-1,0,0,0,0,0,6.44185e+3
"Central Europe","ROU","Romania",7.50392e-1,6.41501e-2,1.70968e+0,0,1.92493e+0,0,0,0,6.04739e+1,1.12782e+2,8.28626e+2,0,0,0,0,0,1.35012e+0,1.21815e+0,0,0,0,0,0,0,0,0,0,0,0,0,0,0,0,6.54234e+2,1.40871e+2,1.32857e+1,0,0,0,0,0,5.18837e+0,0,0,0,0,0,0,0,8.31666e+1,9.34304e+1,1.56081e-2,0,0,0,0,0,1.99909e+3
"Central Europe","SCG","Serbia and Montenegro",4.40113e-1,0,1.74914e-1,0,1.15437e+0,0,0,0,4.34181e+1,6.82541e+1,9.59946e+1,0,0,0,0,0,6.45196e-2,2.62920e-1,0,0,0,0,0,0,0,0,0,0,0,0,0,0,0,2.57563e+2,5.54403e+1,0,0,0,0,0,0,2.35390e+0,0,0,0,0,0,0,0,1.11695e+1,4.53604e+1,7.40620e-2,0,0,0,0,0,5.81725e+2
"Central Europe","SVK","Slovakia",1.23002e-1,3.01609e-2,7.50317e-1,0,6.91949e-1,0,0,0,6.92895e+0,7.72882e+0,3.72565e+1,0,0,0,0,0,1.30889e-1,4.83560e-1,0,0,0,0,0,0,0,0,0,0,0,0,0,0,0,1.51022e+2,2.91212e+1,0,0,0,0,0,0,2.01209e+0,0,3.88728e-1,0,0,0,0,0,2.28142e+1,3.93612e+1,0,5.47200e-2,0,0,0,0,2.98899e+2
"Central Europe","SVN","Slovenia",0,3.93192e-3,1.32685e-1,0,1.12750e+0,0,0,0,6.88480e+0,2.72481e+1,1.67092e+0,0,0,0,0,0,2.05955e-1,1.89965e-1,0,0,0,0,0,0,0,0,0,0,0,0,0,0,0,6.02530e+1,1.14003e+1,0,0,0,0,0,0,1.46734e-1,0,0,0,0,0,0,0,1.78991e+1,9.75276e+0,0,0,0,0,0,0,1.36916e+2
"Turkey","TUR","Turkey",2.64865e-1,6.37817e-2,8.34798e-1,4.18681e-3,3.34059e+0,3.98144e-2,8.46989e-2,0,1.50777e+2,1.77285e+2,1.85519e+1,0,0,0,0,0,5.05663e-1,3.40350e-1,0,0,0,0,0,0,0,0,0,0,0,0,0,0,0,9.94133e+2,1.63506e+2,2.24176e+1,0,0,0,0,0,3.11899e+1,0,2.28130e+0,0,0,0,0,0,2.09433e+2,2.66473e+2,0,0,0,0,0,0,2.04153e+3
"Ukraine +","BLR","Belarus",1.76241e-1,5.64709e-2,1.48686e+0,0,1.63555e+0,1.37884e-1,2.30563e-2,6.03975e-4,9.23122e+0,8.46626e-2,1.51545e+1,0,0,0,0,0,4.78830e-2,0,0,0,0,0,0,0,0,0,0,0,0,0,0,0,0,5.91813e+2,8.78019e+1,0,0,0,0,0,0,2.16025e+0,0,3.53496e-2,0,0,0,0,0,1.05627e+2,3.23650e+1,0,0,0,0,0,0,8.47837e+2
"Ukraine +","MDA","Moldova, Republic of",1.02975e-1,0,5.03801e-1,0,7.54239e-1,0,0,0,6.57958e+0,5.07210e-3,7.08942e-1,0,0,0,0,0,0,0,0,0,0,0,0,0,0,0,0,0,0,0,0,0,0,9.47856e+1,8.64037e+0,0,0,0,0,0,0,8.29596e-1,0,7.17192e-2,0,0,0,0,0,4.53561e+0,1.67303e+1,3.46576e-2,0,0,0,0,0,1.34282e+2
"Ukraine +","UKR","Ukraine",1.77565e+0,5.47122e-1,2.78153e+0,0,6.77129e+0,2.10541e-1,0,7.21752e-2,8.36321e+1,7.64670e+2,1.18436e+3,0,0,0,0,0,1.70655e+0,6.06807e+0,0,0,0,0,0,0,0,0,0,0,0,0,0,0,0,2.21861e+3,3.38210e+2,1.06166e+1,0,0,0,0,0,1.37419e+1,0,1.47019e+0,0,0,0,0,0,2.56363e+2,1.62711e+2,0,0,0,0,0,0,5.05432e+3
"Asia-Stan","KAZ","Kazakhstan",6.15278e-1,1.82812e-1,1.09384e-1,0,1.96034e+0,1.22487e-1,5.04355e-3,0,4.70533e+0,1.09754e+3,3.29731e+2,0,0,0,0,0,3.13080e-2,2.20052e+0,0,0,0,0,0,0,0,0,0,0,0,0,0,0,0,1.10984e+3,7.53981e+1,3.71015e+1,0,0,0,0,0,1.03912e+1,2.99002e+1,1.69930e+2,0,0,0,0,0,8.80337e+1,5.39690e+1,0,0,0,0,0,0,3.01177e+3
"Asia-Stan","KGZ","Kyrgyzstan",3.41900e-2,0,0,0,7.45066e-1,0,0,0,1.88406e-1,2.45125e+1,2.37184e+0,0,0,0,0,0,0,0,0,0,0,0,0,0,0,0,0,0,0,0,0,0,0,1.94873e+2,9.18419e+0,6.00983e-1,0,0,0,0,0,5.24366e-1,1.21546e-1,7.02504e+0,0,0,0,0,0,4.81930e+0,2.28478e+1,0,0,0,0,0,0,2.67848e+2
"Asia-Stan","TJK","Tajikistan",1.67640e-2,0,0,0,6.67206e-1,0,0,0,0,8.93920e+0,5.35496e+0,0,0,0,0,0,0,0,0,0,0,0,0,0,0,0,0,0,0,0,0,0,0,1.24143e+2,1.06063e+1,3.15823e+0,0,0,0,0,0,1.24716e-1,0,5.88312e-2,0,0,0,0,0,5.14760e+0,2.18127e+1,0,0,0,0,0,0,1.80030e+2
"Asia-Stan","TKM","Turkmenistan",1.10057e-1,1.39714e-1,0,0,6.69633e-1,0,0,0,0,0,1.14124e+3,0,0,0,0,0,5.40000e-4,0,0,0,0,0,0,0,0,0,0,0,0,0,0,0,0,1.15627e+2,1.15261e+1,8.83076e+0,0,0,0,0,0,2.96005e-1,2.89723e-2,2.30890e-1,0,0,0,0,0,6.76258e+0,2.00335e+1,0,0,0,0,0,0,1.30550e+3
"Asia-Stan","UZB","Uzbekistan",4.12477e-1,1.22553e-1,0,0,1.88927e+0,0,0,0,0,9.30294e+0,6.85289e+2,0,0,0,0,0,0,0,0,0,0,0,0,0,0,0,0,0,0,0,0,0,0,5.34923e+2,4.37679e+1,5.73386e+1,0,0,0,0,0,8.46953e-1,2.81986e-2,1.03032e+0,0,0,0,0,0,2.02134e+1,9.73007e+1,0,0,0,0,0,0,1.45247e+3
"Russia +","ARM","Armenia",2.11026e-2,0,5.76110e-3,0,6.05537e-1,0,0,0,6.13114e-1,0,1.76850e+0,0,0,0,0,0,0,0,0,0,0,0,0,0,0,0,0,0,0,0,0,0,0,5.26055e+1,7.96242e+0,0,0,0,0,0,0,1.04772e-1,0,4.99584e-2,0,0,0,0,0,8.90644e+0,5.76556e+0,0,0,0,0,0,0,7.84086e+1
"Russia +","AZE","Azerbaijan",1.13831e-1,4.32580e-2,1.97688e-1,0,1.36513e+0,0,0,0,1.12925e+0,0,2.59041e+2,0,0,0,0,0,1.73850e-2,0,0,0,0,0,0,0,0,0,0,0,0,0,0,0,0,1.75560e+2,2.42881e+1,4.35663e-1,0,0,0,0,0,4.41303e-1,0,5.09352e-2,0,0,0,0,0,1.76560e+1,4.44500e+1,0,0,0,0,0,0,5.24790e+2
"Russia +","GEO","Georgia",5.46036e-2,0,1.08130e-1,0,4.44823e-1,3.02626e-1,0,0,1.62728e+1,9.79753e+0,6.26013e+0,0,0,0,0,0,0,2.60245e-1,0,0,0,0,0,0,0,0,0,0,0,0,0,0,0,1.06695e+2,1.94452e+1,0,0,0,0,0,0,1.96249e-1,0,1.49743e-1,0,0,0,0,0,1.79544e+1,1.45829e+1,0,0,0,0,0,0,1.92524e+2
"Russia +","RUS","Russian Federation",9.78225e+0,1.04090e+0,1.47263e+1,0,4.11797e+1,1.86848e+0,2.91084e+0,4.27628e-1,3.20883e+2,3.25049e+3,1.47272e+4,0,0,0,0,0,9.25633e+0,6.43888e+0,0,0,0,0,0,0,0,0,0,0,0,0,0,0,0,5.35872e+3,8.60776e+2,1.15472e+2,0,0,0,0,0,3.77728e+1,9.22224e+1,3.48168e+2,0,0,0,0,0,1.09175e+3,1.22793e+3,0,0,0,0,0,0,2.75190e+4
"Middle_East","ARE","United Arab Emirates",4.20384e-1,3.37874e-2,4.54854e-1,0,1.54367e+0,0,0,0,5.23066e-2,1.41158e-1,5.83922e+2,0,0,0,0,0,0,0,0,0,0,0,0,0,0,0,0,0,0,0,0,0,0,1.00299e+1,5.91477e-1,0,0,0,0,0,0,8.65573e-4,0,0,0,0,0,0,0,8.90447e+0,7.25933e+0,0,0,0,0,0,0,6.13354e+2
"Middle_East","BHR","Bahrain",2.12975e-1,1.37051e-1,8.19775e-2,0,2.37015e-1,0,0,0,9.62964e-3,1.01761e-2,6.90932e+1,0,0,0,0,0,7.09665e-1,0,0,0,0,0,0,0,0,0,0,0,0,0,0,0,0,6.37148e-1,2.21130e-2,0,0,0,0,0,0,7.38307e-6,0,0,0,0,0,0,0,2.50343e+0,3.31428e+0,0,0,0,0,0,0,7.69686e+1
"Middle_East","IRN","Iran, Islamic Republic of",3.96353e-1,7.59554e-2,1.22305e+0,0,8.55664e+0,0,0,0,1.08598e+1,2.25718e+1,7.53017e+2,0,0,0,0,0,3.54366e-3,0,0,0,0,0,0,0,0,0,0,0,0,0,0,0,0,5.94164e+2,2.45992e+1,1.54494e+2,0,0,0,0,0,0,0,1.40258e-2,0,0,0,0,0,9.87343e+1,2.35761e+2,0,0,0,0,0,0,1.90447e+3
"Middle_East","IRQ","Iraq",8.93044e-2,7.49163e-2,2.54851e-1,0,4.00314e+0,0,0,0,6.20483e-1,1.12926e+0,7.76026e+2,0,0,0,0,0,3.43200e-2,0,0,0,0,0,0,0,0,0,0,0,0,0,0,0,0,1.21648e+2,6.35740e+0,2.05209e+1,0,0,0,0,0,1.22126e+0,0,1.51474e+0,0,0,0,0,0,6.22361e+1,6.26247e+1,0,0,0,0,0,0,1.05836e+3
"Middle_East","ISR","Israel",6.04695e-2,1.92680e-2,1.38499e-1,0,1.34333e+0,1.73752e-3,0,0,3.69904e-1,0,3.07082e+0,0,0,0,0,0,1.37225e-1,0,0,0,0,0,0,0,0,0,0,0,0,0,0,0,0,3.05143e+1,1.92898e+0,0,0,0,0,0,0,2.34999e-1,0,0,0,0,0,0,0,2.76921e+1,1.76493e+1,0,0,0,0,0,0,8.31609e+1
"Middle_East","JOR","Jordan",8.24863e-3,7.27040e-3,5.23350e-2,0,6.02661e-1,0,0,0,2.54294e-1,9.96843e-1,7.88949e-1,0,0,0,0,0,0,0,0,0,0,0,0,0,0,0,0,0,0,0,0,0,0,1.06314e+1,6.81468e-1,0,0,0,0,0,0,8.68602e-2,0,0,0,0,0,0,0,6.82676e+0,1.12913e+1,0,0,0,0,0,0,3.22284e+1
"Middle_East","KWT","Kuwait",1.55899e-1,9.95875e-2,1.40928e-1,0,1.41068e+0,0,0,0,5.65009e-1,2.12773e-1,2.81723e+2,0,0,0,0,0,1.08900e-1,0,0,0,0,0,0,0,0,0,0,0,0,0,0,0,0,3.62715e+0,1.07797e-1,0,0,0,0,0,0,1.59281e-3,0,0,0,0,0,0,0,1.22708e+1,1.25105e+1,0,0,0,0,0,0,3.12935e+2
"Middle_East","LBN","Lebanon",0,3.09694e-3,6.02898e-3,0,8.36064e-1,0,0,0,1.28342e+0,1.12926e+0,8.18543e-1,0,0,0,0,0,0,0,0,0,0,0,0,0,0,0,0,0,0,0,0,0,0,6.27785e+0,7.36110e-1,0,0,0,0,0,0,6.29817e-2,0,0,0,0,0,0,0,8.93826e+0,1.17603e+1,0,0,0,0,0,0,3.18519e+1
"Middle_East","OMN","Oman",1.78776e-1,1.20580e-2,7.53624e-3,0,5.58732e-1,0,0,0,2.20047e-1,1.42115e-1,2.09984e+2,0,0,0,0,0,0,0,0,0,0,0,0,0,0,0,0,0,0,0,0,0,0,1.32950e+1,5.78216e-1,0,0,0,0,0,0,2.61637e-3,0,0,0,0,0,0,0,2.82787e+0,6.33605e+0,0,0,0,0,0,0,2.34143e+2
"Middle_East","QAT","Qatar",3.12699e-1,6.32643e-2,7.46088e-2,2.07247e-3,3.04164e-1,0,0,0,4.77493e-2,5.64630e-3,1.75472e+2,0,0,0,0,0,8.66910e-2,0,0,0,0,0,0,0,0,0,0,0,0,0,0,0,0,2.51544e+0,1.54969e-1,0,0,0,0,0,0,1.48677e-3,0,0,0,0,0,0,0,2.84429e+0,6.49844e+0,0,0,0,0,0,0,1.88384e+2
"Middle_East","SAU","Saudi Arabia",2.45630e+0,6.80302e-1,5.34320e-1,1.01365e-2,8.94148e+0,0,0,0,2.48487e-1,3.54313e-1,1.04606e+3,0,0,0,0,0,3.23275e+0,0,0,0,0,0,0,0,0,0,0,0,0,0,0,0,0,8.03259e+1,4.20357e+0,0,0,0,0,0,0,1.92167e+0,0,0,0,0,0,0,0,5.94093e+1,5.94919e+1,0,0,0,0,0,0,1.26787e+3
"Middle_East","SYR","Syrian Arab Republic",1.82514e-2,2.85796e-2,2.28096e-1,0,1.46961e+0,0,0,0,3.76822e+0,9.41050e-2,1.69933e+2,0,0,0,0,0,0,0,0,0,0,0,0,0,0,0,0,0,0,0,0,0,0,1.01158e+2,3.61023e+0,5.86312e-3,0,0,0,0,0,1.84997e+0,0,2.20351e-1,0,0,0,0,0,1.77554e+1,3.93963e+1,0,0,0,0,0,0,3.39536e+2
"Middle_East","YEM","Yemen",1.31234e-2,8.03176e-3,0,0,8.29485e-1,0,0,0,2.51632e+0,4.51704e+0,3.87050e+0,0,0,0,0,0,0,0,0,0,0,0,0,0,0,0,0,0,0,0,0,0,0,7.88844e+1,3.63487e+0,0,0,0,0,0,0,6.47411e-1,0,0,0,0,0,0,0,3.35269e+0,3.84073e+1,0,0,0,0,0,0,1.36681e+2
"India +","AFG","Afghanistan",3.50077e-3,0,6.48541e-2,1.76874e-4,3.80960e-1,0,5.37262e-3,0,6.97204e+0,5.60110e+0,3.44531e+1,0,0,0,0,0,0,0,0,0,0,0,0,0,0,0,0,0,0,0,0,0,0,1.71366e+2,9.38683e+0,4.54402e+1,0,0,0,0,0,4.77562e-1,0,0,0,0,0,0,0,6.53910e+0,7.57469e+1,0,0,0,0,0,0,3.56438e+2
"India +","BGD","Bangladesh",7.91997e-2,3.56403e-3,5.74010e-2,0,2.10971e-1,8.51384e-3,2.81353e-2,0,1.56931e+2,2.27213e+1,6.63095e+1,0,0,0,0,0,0,0,0,0,0,0,0,0,0,0,0,0,0,0,0,0,0,6.75539e+2,6.43166e+1,2.59640e+3,0,0,0,0,2.44224e-1,1.09797e+1,1.83831e+1,0,0,0,0,0,0,7.46894e+1,4.31388e+2,0,0,0,0,0,0,4.11829e+3
"India +","BTN","Bhutan",7.56996e-5,0,6.60525e-3,7.93135e-5,4.57088e-3,0,1.02403e-4,0,1.34483e+1,4.54585e-1,0,0,0,0,0,0,0,0,0,0,0,0,0,0,0,0,0,0,0,0,0,0,0,1.33555e+1,1.35031e+0,1.03783e+1,0,0,0,0,0,2.49668e-1,0,0,0,0,0,0,0,2.71812e-1,5.83368e+0,0,0,0,0,0,0,4.53537e+1
"India +","IND","India",1.58419e+0,3.14675e-1,1.14522e+1,0,1.06848e+1,5.16574e-1,1.45659e-1,1.63286e-3,1.55691e+3,1.74740e+3,2.98924e+2,0,0,0,0,0,2.83251e-1,1.03594e+0,0,0,0,0,0,0,0,0,0,0,0,0,0,0,0,1.11436e+4,9.72555e+2,4.27266e+3,0,0,0,0,2.55288e+1,1.77566e+2,6.98496e+1,5.11128e-1,0,0,0,0,0,4.77162e+2,2.91364e+3,0,0,4.50000e+1,0,0,0,2.37273e+4
"India +","IOT","British Indian Ocean Territory",0,0,0,0,0,0,0,0,0,0,0,0,0,0,0,0,0,0,0,0,0,0,0,0,0,0,0,0,0,0,0,0,0,0,0,0,0,0,0,0,0,0,0,0,0,0,0,0,0,0,0,0,0,0,0,0,0,0,
"India +","LKA","Sri Lanka",0,4.39781e-3,6.60426e-1,2.51208e-3,4.29932e-1,4.69133e-3,5.86152e-4,0,2.55911e+1,3.01136e+0,4.53695e-1,0,0,0,0,0,0,0,0,0,0,0,0,0,0,0,0,0,0,0,0,0,0,1.23730e+2,1.04718e+1,2.39865e+2,0,0,0,0,1.57243e-1,2.34195e-1,1.65532e+0,0,0,0,0,0,0,2.69451e+1,7.68051e+1,0,0,0,0,0,0,5.10023e+2
"India +","MDV","Maldives",3.20435e-4,0,1.03989e-3,1.83325e-5,5.47159e-3,0,4.11957e-4,0,8.69584e-3,4.52661e-2,0,0,0,0,0,0,0,0,0,0,0,0,0,0,0,0,0,0,0,0,0,0,0,0,0,0,0,0,0,0,0,8.28500e-3,0,0,0,0,0,0,0,3.31106e-1,6.91958e-1,0,0,0,0,0,0,1.09257e+0
"India +","NPL","Nepal",2.51208e-4,0,6.15879e-2,0,6.47751e-2,0,0,0,5.63422e+1,4.39480e+0,0,0,0,0,0,0,0,0,0,0,0,0,0,0,0,0,0,0,0,0,0,0,0,3.66662e+2,3.12595e+1,4.18895e+2,0,0,0,0,7.83168e-1,7.29230e+0,3.49683e-1,0,0,0,0,0,0,2.02373e+0,7.39228e+1,0,0,0,0,0,0,9.62051e+2
"India +","PAK","Pakistan",1.72816e-1,1.19565e-2,6.28606e-1,0,2.42645e+0,3.63143e-2,0,0,1.23675e+2,3.74903e+1,5.02185e+2,0,0,0,0,0,0,0,0,0,0,0,0,0,0,0,0,0,0,0,0,0,0,1.96014e+3,1.43416e+2,7.99084e+2,0,0,0,0,1.24584e+0,7.26430e+0,8.29124e-2,9.33528e-2,0,0,0,0,0,7.10666e+1,3.93299e+2,0,0,0,0,0,0,4.04232e+3
"Korea","KOR","Korea, Republic of",1.76556e-1,1.10080e-1,1.59561e+0,1.27069e-2,4.14130e+0,4.39592e-2,2.32409e-1,0,1.52202e+2,3.46583e+2,1.54023e+1,0,0,0,0,0,2.40160e-1,1.17400e+0,0,0,0,0,0,0,0,0,0,0,0,0,0,0,0,1.91944e+2,1.32540e+1,5.60848e+2,0,0,0,0,0,5.56909e-1,0,5.18160e-1,0,0,0,0,0,6.81300e+1,2.50792e+2,0,0,0,0,0,0,1.60796e+3
"Korea","PRK","Korea, Democratic People's Republic of",1.80753e-1,1.50725e-3,7.99343e+0,0,9.16752e-1,0,0,0,8.31135e+1,5.48017e+2,4.15762e-1,0,0,0,0,0,0,1.10000e-1,0,0,0,0,0,0,0,0,0,0,0,0,0,0,0,7.51069e+1,1.20493e+1,2.05235e+2,0,0,0,0,0,4.50090e+0,0,6.03480e+1,0,0,0,0,0,2.55509e+1,9.34034e+1,1.66716e-1,0,0,0,0,0,1.11711e+3
"China +","CHN","China",3.29603e+0,1.38599e+0,6.54679e+1,1.18068e-2,1.65056e+1,9.15150e-1,0,8.50298e-1,4.59515e+3,9.05246e+3,8.61354e+2,0,0,0,0,0,4.19125e+0,7.58875e+0,0,0,0,0,0,0,0,0,0,0,0,0,0,0,0,6.03616e+3,1.02821e+3,1.69551e+4,0,0,0,0,9.80016e+0,1.25170e+1,2.16185e+1,1.09322e+2,0,0,0,0,0,8.35097e+2,5.08146e+3,6.42625e+0,0,9.00000e+1,0,0,0,4.47949e+4
"China +","HKG","Hong Kong",1.13123e-1,0,1.25101e-1,0,4.49597e-1,0,0,0,2.75282e-1,0,2.55930e+0,0,0,0,0,0,0,0,0,0,0,0,0,0,0,0,0,0,0,0,0,0,0,0,0,0,0,0,0,0,0,0,0,0,0,0,0,0,0,3.36066e+1,2.47066e+1,1.73778e-1,0,0,0,0,0,6.20094e+1
"China +","MAC","Macao",3.98968e-4,0,2.33254e-3,1.77431e-4,2.11568e-2,0,1.10038e-3,0,1.90877e-2,0,0,0,0,0,0,0,0,0,0,0,0,0,0,0,0,0,0,0,0,0,0,0,0,0,0,0,0,0,0,0,0,0,0,0,0,0,0,0,0,1.96026e+0,1.41055e+0,1.02008e-2,0,0,0,0,0,3.42526e+0
"China +","MNG","Mongolia",6.54407e-2,0,9.75189e-2,1.01229e-3,5.64641e-1,0,7.12145e-3,0,9.20216e+0,1.77967e+1,0,0,0,0,0,0,0,0,0,0,0,0,0,0,0,0,0,0,0,0,0,0,0,2.69969e+2,1.31100e+1,0,0,0,0,0,0,9.48168e-2,7.47120e-1,6.29232e+1,0,0,0,0,0,1.85762e+0,8.31772e+0,1.46585e-2,0,0,0,0,0,3.84769e+2
"China +","TWN","Taiwan_Province of China",1.44843e-1,1.09554e-1,1.57382e+0,1.42120e-3,4.30611e+0,6.77632e-3,5.45121e-2,0,1.42265e+0,2.31656e+1,2.48874e+1,0,0,0,0,0,3.83130e-1,4.21140e-1,0,0,0,0,0,0,0,0,0,0,0,0,0,0,0,1.99658e+1,4.37089e+1,0,0,0,0,0,0,0,0,0,0,0,0,0,0,6.83656e+1,9.90992e+1,3.69280e-1,0,0,0,0,0,2.87986e+2
"Southeastern Asia","BRN","Brunei Darussalam",5.11628e-2,8.69600e-2,1.19324e-2,0,1.92663e-1,0,0,0,4.41788e-2,1.40360e-2,1.39053e+2,0,0,0,0,0,0,0,0,0,0,0,0,0,0,0,0,0,0,0,0,0,0,3.20046e-1,2.10010e-1,3.12756e-1,0,0,0,0,0,8.57668e-3,3.11705e+1,0,0,0,0,0,0,1.22904e+0,1.06157e+0,3.51918e-2,0,0,0,0,0,1.73802e+2
"Southeastern Asia","KHM","Cambodia",4.27557e-4,0,3.74683e-2,8.06737e-4,3.40840e-2,0,5.98808e-4,0,4.65455e+1,2.14221e+0,0,0,0,0,0,0,0,0,0,0,0,0,0,0,0,0,0,0,0,0,0,0,0,1.23118e+2,1.51269e+1,3.01124e+2,0,0,0,0,7.60680e+1,1.07491e+1,0,0,0,0,0,0,0,3.67543e+0,3.53573e+1,1.08921e-1,0,0,0,0,0,6.14088e+2
"Southeastern Asia","LAO","Lao People's Democratic Republic",1.90030e-4,0,1.65384e-2,3.55111e-4,1.79669e-2,0,2.93020e-4,0,2.22440e+1,1.12012e+0,0,0,0,0,0,0,0,0,0,0,0,0,0,0,0,0,0,0,0,0,0,0,0,8.54433e+1,1.15228e+1,9.33983e+1,0,0,0,0,1.02636e+2,5.20032e+0,5.09184e+1,0,0,0,0,0,0,1.49579e+0,1.55708e+1,0,0,0,0,0,0,3.89585e+2
"Southeastern Asia","MMR","Myanmar",8.83342e-2,1.88406e-2,9.85154e-2,0,4.73901e-1,0,0,4.18680e-5,8.24965e+1,4.88122e+1,2.80278e+1,0,0,0,0,0,0,0,0,0,0,0,0,0,0,0,0,0,0,0,0,0,0,5.93877e+2,6.52063e+1,1.11315e+3,0,0,0,0,7.26432e+1,5.04366e+1,2.22836e+3,0,0,0,0,0,0,2.70711e+1,1.70908e+2,0,0,0,0,0,0,4.48167e+3
"Southeastern Asia","MYS","Malaysia",8.74427e-2,1.10364e-1,4.37437e-1,0,3.48270e+0,0,0,0,2.12848e+1,3.26544e+1,3.18057e+2,0,0,0,0,0,1.29745e+0,0,0,0,0,0,0,0,0,0,0,0,0,0,0,0,0,4.62865e+1,1.76915e+1,2.09830e+2,0,0,0,0,5.77608e+1,7.00422e+0,2.75053e+2,0,0,0,0,0,0,4.17284e+1,8.68187e+1,6.05643e-1,0,0,0,0,0,1.12019e+3
"Southeastern Asia","PHL","Philippines",9.55332e-2,5.21612e-2,1.06872e+0,8.37360e-5,1.23740e+0,0,5.80291e-2,0,7.77471e+1,8.85028e+1,2.54852e+0,0,0,0,0,0,1.24578e-3,3.01490e-1,0,0,0,0,0,0,0,0,0,0,0,0,0,0,0,2.90527e+2,5.27719e+1,9.91646e+2,0,0,0,0,8.58240e+0,4.72285e+1,1.24182e+1,0,0,0,0,0,0,9.25843e+1,2.86187e+2,0,0,0,0,0,0,1.95356e+3
"Southeastern Asia","SGP","Singapore",1.76005e-3,6.48476e-2,2.85121e-2,0,6.47675e-1,0,0,0,2.68897e-2,2.82315e+0,1.21112e+1,0,0,0,0,0,1.68300e-1,0,0,0,0,0,0,0,0,0,0,0,0,0,0,0,0,4.98051e-1,1.46070e+0,0,0,0,0,0,1.62326e+0,5.10324e-5,0,0,0,0,0,0,0,5.92059e+0,1.32075e+1,3.32683e+0,0,0,0,0,0,4.19094e+1
"Southeastern Asia","THA","Thailand",1.98358e-1,1.79351e-2,3.27147e+0,0,3.41853e+0,0,1.41849e-1,0,1.22903e+2,3.36624e+2,7.91005e+1,0,0,0,0,0,2.36034e-1,0,0,0,0,0,0,0,0,0,0,0,0,0,0,0,0,6.54980e+2,4.81164e+1,2.25737e+3,0,0,0,0,9.01560e+1,5.80971e+1,3.09951e+1,0,0,0,0,0,0,1.22391e+2,2.44498e+2,1.54699e+0,0,0,0,0,0,4.05407e+3
"Southeastern Asia","TLS","Timor-Leste",0,0,2.97165e-3,0,0,0,0,0,2.07530e-1,0,0,0,0,0,0,0,0,0,0,0,0,0,0,0,0,0,0,0,0,0,0,0,0,5.41770e+0,8.50046e-1,6.04049e+0,0,0,0,0,0,3.53930e-1,0,0,0,0,0,0,0,1.22678e-1,2.79742e+0,3.35825e-3,0,0,0,0,0,1.57961e+1
"Southeastern Asia","VNM","Viet Nam",4.81857e-2,0,7.19669e-1,2.49114e-3,7.04044e-1,4.10306e-3,0,4.01934e-3,1.62257e+2,1.20008e+2,1.29983e+1,0,0,0,0,0,0,0,0,0,0,0,0,0,0,0,0,0,0,0,0,0,0,3.29262e+2,8.02678e+1,1.68081e+3,0,0,0,0,3.50304e+1,4.49769e+1,1.50368e+0,0,0,0,0,0,0,3.88051e+1,2.72701e+2,0,0,0,0,0,0,2.78010e+3
"Indonesia +","IDN","Indonesia",1.48114e-1,4.14584e-1,7.24442e-1,6.38487e-3,5.99181e+0,0,5.18745e-2,0,5.40953e+2,1.07618e+2,8.59588e+2,0,0,0,0,0,9.20400e-3,0,0,0,0,0,0,0,0,0,0,0,0,0,0,0,0,9.08335e+2,7.58661e+1,2.61433e+3,0,0,0,0,2.50699e+2,1.51088e+2,1.13164e+3,0,8.02491e+3,0,0,0,0,2.74167e+2,7.95706e+2,3.69348e+0,0,0,0,0,0,1.57459e+4
"Indonesia +","PNG","Papua New Guinea",5.84715e-3,0,2.02367e-2,6.40051e-4,5.69529e-2,0,6.18495e-3,0,1.93448e+1,3.44042e-1,8.43021e+0,0,0,0,0,0,0,0,0,0,0,0,0,0,0,0,0,0,0,0,0,0,0,6.43394e+0,4.03030e+0,1.01186e-1,0,0,0,0,5.89848e+1,2.15308e-1,1.14247e+2,0,0,0,0,0,0,2.04692e+0,1.75957e+1,5.88489e-2,0,0,0,0,0,2.31923e+2
"Japan","JPN","Japan",6.50107e+0,5.95145e-1,1.22075e+1,5.49517e-2,1.61951e+1,1.37612e-1,1.21744e+0,8.79228e-3,2.01289e+1,3.16979e+2,3.15892e+1,0,0,0,0,0,3.88317e+0,6.87838e+0,0,0,0,0,0,0,0,0,0,0,0,0,0,0,0,4.94346e+2,2.23018e+2,1.30709e+3,0,0,0,0,0,7.78165e-1,1.23125e+1,5.26896e+0,0,0,0,0,0,3.58150e+2,3.59971e+2,1.52846e+2,7.02400e-1,0,0,0,0,3.33086e+3
"Oceania","ASM","American Samoa",0,0,0,0,0,0,0,0,5.32485e-5,0,0,0,0,0,0,0,0,0,0,0,0,0,0,0,0,0,0,0,0,0,0,0,0,1.83816e-2,1.53170e-1,0,0,0,0,0,0,2.42605e-5,0,0,0,0,0,0,0,1.94839e-1,4.93691e-2,0,0,0,0,0,0,4.15837e-1
"Oceania","ATF","French Southern Territories",0,0,0,0,0,0,0,0,0,0,0,0,0,0,0,0,0,0,0,0,0,0,0,0,0,0,0,0,0,0,0,0,0,0,0,0,0,0,0,0,0,0,0,0,0,0,0,0,0,0,0,0,0,0,0,0,0,0,
"Oceania","AUS","Australia",1.93526e+0,3.14849e-1,3.25006e+0,2.43253e-2,1.76151e+1,1.08505e-1,2.24789e-1,3.76812e-4,3.56640e+1,8.38515e+2,2.83322e+2,0,0,0,0,0,9.44293e-2,4.94510e-1,0,0,0,0,0,0,0,0,0,0,0,0,0,0,0,2.59157e+3,1.84167e+2,3.81755e+1,0,0,0,0,3.11352e+2,2.45366e+1,3.77666e+1,8.07768e+1,0,0,0,0,0,4.38568e+2,5.23880e+1,4.94634e-3,0,6.00000e-1,0,0,0,4.94147e+3
"Oceania","CCK","Cocos (Keeling) Islands",0,0,0,0,0,0,0,0,0,0,0,0,0,0,0,0,0,0,0,0,0,0,0,0,0,0,0,0,0,0,0,0,0,0,0,0,0,0,0,0,0,0,0,0,0,0,0,0,0,0,0,0,0,0,0,0,0,0,
"Oceania","COK","Cook Islands",0,0,0,0,0,0,0,0,7.07784e-3,0,0,0,0,0,0,0,0,0,0,0,0,0,0,0,0,0,0,0,0,0,0,0,0,6.08355e-2,5.16740e-2,0,0,0,0,0,0,3.22473e-3,0,0,0,0,0,0,0,0,2.54615e-2,0,0,0,0,0,0,1.48274e-1
"Oceania","CXR","Christmas Island",0,0,0,0,0,0,0,0,0,0,0,0,0,0,0,0,0,0,0,0,0,0,0,0,0,0,0,0,0,0,0,0,0,0,0,0,0,0,0,0,0,0,0,0,0,0,0,0,0,0,0,0,0,0,0,0,0,0,
"Oceania","FJI","Fiji",3.23165e-3,0,4.62914e-3,3.65193e-4,4.34156e-2,0,2.65923e-3,0,6.67924e-1,1.72962e-1,0,0,0,0,0,0,0,0,0,0,0,0,0,0,0,0,0,0,0,0,0,0,0,1.77802e+1,2.61253e+0,3.57651e+0,0,0,0,0,0,2.18900e-1,0,0,0,0,0,0,0,1.94896e+0,1.91392e+0,0,0,0,0,0,0,2.89462e+1
"Oceania","FSM","Micronesia, Federated States of",0,0,0,0,0,0,0,0,0,2.20110e-2,0,0,0,0,0,0,0,0,0,0,0,0,0,0,0,0,0,0,0,0,0,0,0,5.70995e-1,2.19765e-2,2.34524e-2,0,0,0,0,0,0,0,0,0,0,0,0,0,1.83385e-1,9.60558e-2,0,0,0,0,0,0,9.17876e-1
"Oceania","GUM","Guam",0,0,0,0,0,0,0,0,1.73129e-3,0,0,0,0,0,0,0,0,0,0,0,0,0,0,0,0,0,0,0,0,0,0,0,0,3.87457e-2,1.69165e-1,0,0,0,0,0,0,7.88799e-4,0,0,0,0,0,0,0,1.06285e+0,9.26898e-1,0,0,0,0,0,0,2.20018e+0
"Oceania","HMD","Heard Island and McDonald Islands",0,0,0,0,0,0,0,0,0,0,0,0,0,0,0,0,0,0,0,0,0,0,0,0,0,0,0,0,0,0,0,0,0,0,0,0,0,0,0,0,0,0,0,0,0,0,0,0,0,0,0,0,0,0,0,0,0,0,
"Oceania","KIR","Kiribati",5.34210e-5,0,3.04626e-4,3.63281e-5,1.43740e-3,0,4.66270e-5,0,8.83156e-3,1.98418e-2,0,0,0,0,0,0,0,0,0,0,0,0,0,0,0,0,0,0,0,0,0,0,0,9.70000e-3,4.69965e-2,0,0,0,0,0,0,3.62548e-3,0,0,0,0,0,0,0,1.48987e-1,2.15401e-1,0,0,0,0,0,0,4.55261e-1
"Oceania","MHL","Marshall Islands",0,0,0,0,0,0,0,0,0,0,0,0,0,0,0,0,0,0,0,0,0,0,0,0,0,0,0,0,0,0,0,0,0,0,0,0,0,0,0,0,0,0,0,0,0,0,0,0,0,1.49101e-1,4.96530e-2,0,0,0,0,0,0,1.98754e-1
"Oceania","MNP","Northern Mariana Islands",0,0,0,0,0,0,0,0,2.42730e-3,0,0,0,0,0,0,0,0,0,0,0,0,0,0,0,0,0,0,0,0,0,0,0,0,0,1.52587e-5,0,0,0,0,0,0,1.10591e-3,0,0,0,0,0,0,0,1.54944e-1,3.20743e-2,0,0,0,0,0,0,1.90567e-1
"Oceania","NCL","New Caledonia",9.12146e-4,0,4.06299e-3,2.88529e-5,4.81848e-2,0,1.26436e-3,0,3.45493e-2,3.10706e-2,0,0,0,0,0,0,0,0,0,0,0,0,0,0,0,0,0,0,0,0,0,0,0,7.79090e+0,9.58660e-1,0,0,0,0,0,0,2.18406e-3,0,0,0,0,0,0,0,1.07426e+0,2.07094e-1,0,0,0,0,0,0,1.01532e+1
"Oceania","NFK","Norfolk Island",0,0,0,0,0,0,0,0,0,0,0,0,0,0,0,0,0,0,0,0,0,0,0,0,0,0,0,0,0,0,0,0,0,0,0,0,0,0,0,0,0,0,0,0,0,0,0,0,0,0,4.05369e-3,0,0,0,0,0,0,4.05369e-3
"Oceania","NIU","Niue",0,0,0,0,0,0,0,0,1.54362e-4,4.78500e-4,0,0,0,0,0,0,0,0,0,0,0,0,0,0,0,0,0,0,0,0,0,0,0,2.03589e-2,1.94530e-2,0,0,0,0,0,0,7.03293e-5,0,0,0,0,0,0,0,4.39944e-3,3.99649e-3,0,0,0,0,0,0,4.89111e-2
"Oceania","NRU","Nauru",0,0,0,0,0,0,0,0,0,0,0,0,0,0,0,0,0,0,0,0,0,0,0,0,0,0,0,0,0,0,0,0,0,2.30000e-3,6.79870e-3,0,0,0,0,0,0,0,0,0,0,0,0,0,0,6.03283e-2,1.14922e-2,0,0,0,0,0,0,8.09192e-2
"Oceania","NZL","New Zealand",1.42681e-1,2.34686e-2,6.83209e-1,2.90982e-3,2.98534e+0,8.37360e-5,1.84638e-2,6.53142e-3,2.27011e+0,8.98134e+0,2.29659e+1,0,0,0,0,0,0,0,0,0,0,0,0,0,0,0,0,0,0,0,0,0,0,1.07549e+3,8.89826e+1,0,0,0,0,0,0,6.98438e-1,0,0,0,0,0,0,0,8.62352e+1,8.49429e+0,0,0,0,0,0,0,1.29798e+3
"Oceania","PCN","Pitcairn",0,0,0,0,0,0,0,0,0,0,0,0,0,0,0,0,0,0,0,0,0,0,0,0,0,0,0,0,0,0,0,0,0,0,0,0,0,0,0,0,0,0,0,0,0,0,0,0,0,0,1.03933e-3,0,0,0,0,0,0,1.03933e-3
"Oceania","PLW","Palau",0,0,0,0,0,0,0,0,0,0,0,0,0,0,0,0,0,0,0,0,0,0,0,0,0,0,0,0,0,0,0,0,0,0,0,0,0,0,0,0,0,0,0,0,0,0,0,0,0,0,5.09404e-2,0,0,0,0,0,0,5.09404e-2
"Oceania","PYF","French Polynesia",3.22051e-3,0,2.31203e-3,5.18565e-5,6.58437e-2,0,2.73379e-3,0,3.98450e-2,0,0,0,0,0,0,0,0,0,0,0,0,0,0,0,0,0,0,0,0,0,0,0,0,5.95879e-1,4.17395e-1,0,0,0,0,0,0,2.73949e-3,0,0,0,0,0,0,0,1.28592e+0,7.14840e-1,0,0,0,0,0,0,3.13078e+0
"Oceania","SLB","Solomon Islands",6.71202e-4,0,1.50256e-3,4.53154e-5,9.04720e-3,0,5.52419e-4,0,4.66196e-1,5.87279e-2,0,0,0,0,0,0,0,0,0,0,0,0,0,0,0,0,0,0,0,0,0,0,0,9.94069e+1,2.83388e+0,0,0,0,0,0,0,4.97440e-3,0,0,0,0,0,0,0,1.73770e-1,4.89257e-1,0,0,0,0,0,0,1.03446e+2
"Oceania","TKL","Tokelau",0,0,0,0,0,0,0,0,3.10533e-4,0,0,0,0,0,0,0,0,0,0,0,0,0,0,0,0,0,0,0,0,0,0,0,0,1.00000e-3,3.20383e-3,0,0,0,0,0,0,1.41483e-4,0,0,0,0,0,0,0,0,7.75476e-3,0,0,0,0,0,0,1.24106e-2
"Oceania","TON","Tonga",0,0,0,0,1.18194e-2,0,0,0,5.76414e-3,1.85339e-2,0,0,0,0,0,0,0,0,0,0,0,0,0,0,0,0,0,0,0,0,0,0,0,9.55463e-1,1.28041e+0,0,0,0,0,0,0,2.62622e-3,0,0,0,0,0,0,0,2.14938e-1,4.36848e-1,0,0,0,0,0,0,2.92640e+0
"Oceania","TUV","Tuvalu",0,0,0,0,0,0,0,0,0,0,0,0,0,0,0,0,0,0,0,0,0,0,0,0,0,0,0,0,0,0,0,0,0,8.21500e-3,2.41668e-2,0,0,0,0,0,0,0,0,0,0,0,0,0,0,1.41916e-2,6.62218e-2,0,0,0,0,0,0,1.12795e-1
"Oceania","VUT","Vanuatu",3.70414e-4,0,8.32977e-4,4.00065e-5,9.53938e-3,0,4.98589e-4,0,1.37675e-1,2.50415e-2,0,0,0,0,0,0,0,0,0,0,0,0,0,0,0,0,0,0,0,0,0,0,0,6.71233e+0,1.26490e+0,0,0,0,0,0,0,2.21805e-2,0,0,0,0,0,0,0,1.50515e-1,7.26766e-1,0,0,0,0,0,0,9.05069e+0
"Oceania","WLF","Wallis and Futuna",0,0,0,0,0,0,0,0,1.62991e-3,0,0,0,0,0,0,0,0,0,0,0,0,0,0,0,0,0,0,0,0,0,0,0,0,6.51712e-2,7.20738e-2,0,0,0,0,0,0,7.42608e-4,0,0,0,0,0,0,0,0,6.03962e-2,0,0,0,0,0,0,2.00014e-1
"Oceania","WSM","Samoa",2.45290e-4,0,8.50905e-4,1.85625e-4,1.62232e-2,0,3.66898e-4,0,2.50773e-1,2.94118e-2,0,0,0,0,0,0,0,0,0,0,0,0,0,0,0,0,0,0,0,0,0,0,0,1.60288e+0,2.35841e+0,0,0,0,0,0,0,1.84536e-3,0,0,0,0,0,0,0,2.44873e-1,9.77888e-1,0,0,0,0,0,0,5.48395e+0
"Antartica","ATA","Antarctica",0,0,0,0,0,0,0,0,0,0,0,0,0,0,0,0,0,0,0,0,0,0,0,0,0,0,0,0,0,0,0,0,0,0,0,0,0,0,0,0,0,0,0,0,0,0,0,0,0,0,0,0,0,0,0,0,0,0,
"Int. Shipping","SEA","Int. Shipping",0,0,0,0,0,0,0,0,0,0,6.50602e+0,0,2.85836e+1,0,0,0,0,0,0,0,0,0,0,0,0,0,0,0,0,0,0,0,0,0,0,0,0,0,0,0,0,0,0,0,0,0,0,0,0,0,0,0,0,0,0,0,0,3.50896e+1
"Int. Aviation","AIR","Int. Aviation",0,0,0,0,0,0,0,0,0,0,0,1.78236e+0,0,0,0,0,0,0,0,0,0,0,0,0,0,0,0,0,0,0,0,0,0,0,0,0,0,0,0,0,0,0,0,0,0,0,0,0,0,0,0,0,0,0,0,0,0,1.78236e+0

"TOTALS",,,7.87960e+1,3.31931e+1,3.41317e+2,1.61821e+0,7.25120e+2,7.93034e+0,1.01577e+1,2.07209e+0,1.27378e+4,3.42941e+4,4.46027e+4,1.78236e+0,2.85836e+1,0,0,0,7.45643e+1,5.86836e+1,0,0,0,0,0,0,0,0,0,0,0,0,0,0,0,8.74050e+4,1.08455e+4,3.96235e+4,0,0,0,0,7.67754e+3,1.12454e+3,1.15177e+4,1.20562e+3,8.02491e+3,0,0,0,0,2.45906e+4,2.23807e+4,2.29827e+2,9.94238e+0,1.50600e+2,0,0,0,03.07784e+5