"Content:","Emissions by country and main source category" 
"Compound:","CH4"
"Year: ","1992"
"Unit:","Gg CH4"
"Source:","European Commission, Joint Research Centre (JRC)/PBL Netherlands Environmental Assessment Agency. Emission Database for Global Atmospheric Research (EDGAR), release version 4.2. http://edgar.jrc.ec.europe.eu, 2010" 
"Dataset:","v4.2_EM_CH4_300911(edgar)"
"Date calculated:","November 30, 1999, 12:00 am"

,,,"Public electricity and heat production","Other Energy Industries","Manufacturing Industries and Construction","Domestic aviation","Road transportation","Rail transportation","Inland navigation","Other transportation","Residential and other sectors","Fugitive emissions from solid fuels","Fugitive emissions from oil and gas","Memo: International aviation","Memo: International navigation","Cement production","Lime production","Production of other minerals","Production of chemicals","Production of metals","Production of pulp/paper/food/drink","Production of halocarbons and SF6","Refrigeration and Air Conditioning","Foam Blowing","Fire Extinguishers","Aerosols","F-gas as Solvent","Semiconductor/Electronics Manufacture","Electrical Equipment","Other F-gas use","Non-energy use of lubricants/waxes (CO2)","Solvent and other product use: paint","Solvent and other product use: degrease","Solvent and other product use: chemicals","Solvent and other product use: other","Enteric fermentation","Manure management","Rice cultivation","Direct soil emissions","Manure in pasture/range/paddock","Indirect N2O from agriculture","Other direct soil emissions","Savanna burning","Agricultural waste burning","Forest fires","Grassland fires","Peat fires and decay of drained peatland","Other vegetation fires","Other biomass burning","Forest Fires-Post burn decay","Forest Land: net carbon stock change","Solid waste disposal on land","Wastewater handling","Waste incineration","Other waste handling","Fossil fuel fires","Indirect N2O from non-agricultural NOx","Indirect N2O from non-agricultural NH3","Other sources",

"World Region","ISO_A3","Country","1A1a","1A1bc","1A2","1A3a","1A3b","1A3c","1A3d","1A3e","1A4","1B1","1B2","1C1","1C2","2A1","2A2","2A7","2B","2C","2D","2E","2F1","2F2","2F3","2F4","2F5","2F7","2F8","2F9","2G","3A","3B","3C","3D","4A","4B","4C","4D1","4D2","4D3","4D4","4E","4F","5A","5C","5D","5F","5F1","5F2","5FL","6A","6B","6C","6D","7A","7B","7C","7D","TOTAL" 
"Canada","CAN","Canada",2.17849e+0,1.48657e+0,9.61121e+0,6.59630e-2,1.74216e+1,3.46462e-1,4.37562e-1,1.73962e-1,3.57965e+1,1.26832e+2,1.60250e+3,0,0,0,0,0,6.50417e+0,1.51450e-1,0,0,0,0,0,0,0,0,0,0,0,0,0,0,0,7.06636e+2,2.23209e+2,0,0,0,0,0,0,7.74649e+0,6.39600e+1,5.34912e+1,0,0,0,0,0,9.26050e+2,1.76322e+2,3.69206e+0,6.84572e+0,0,0,0,0,3.97146e+3
"USA","SPM","Saint Pierre and Miquelon",0,0,0,0,0,0,0,0,0,0,0,0,0,0,0,0,0,0,0,0,0,0,0,0,0,0,0,0,0,0,0,0,0,1.11226e-3,5.80434e-4,0,0,0,0,0,0,0,0,0,0,0,0,0,0,4.44629e-2,1.08010e-2,8.41834e-4,3.33556e-4,0,0,0,0,5.81320e-2
"USA","UMI","United States Minor Outlying Islands",0,0,0,0,0,0,0,0,0,0,0,0,0,0,0,0,0,0,0,0,0,0,0,0,0,0,0,0,0,0,0,0,0,0,0,0,0,0,0,0,0,0,0,0,0,0,0,0,0,0,0,0,0,0,0,0,0,0,
"USA","USA","United States",7.48264e+1,8.34218e+0,3.44590e+1,1.24134e+0,1.82074e+2,1.86731e+0,1.25172e+0,8.48036e-1,4.59001e+2,4.18842e+3,6.77297e+3,0,0,0,0,0,2.68329e+1,1.42385e+0,0,0,0,0,0,0,0,0,0,0,0,0,0,0,0,6.10168e+3,1.91807e+3,4.17812e+2,0,0,0,0,2.14224e-1,3.92145e+1,1.97045e+1,6.89184e+0,0,0,0,0,0,8.57043e+3,8.10568e+2,0,2.27610e+1,1.50000e+1,0,0,0,2.96759e+4
"Mexico","MEX","Mexico",3.05761e-1,1.31499e+0,4.51114e+0,0,2.43756e+1,9.81699e-2,0,0,7.40990e+1,3.61538e+1,8.06147e+2,0,0,0,0,0,1.22109e+0,1.75737e-1,0,0,0,0,0,0,0,0,0,0,0,0,0,0,0,2.16020e+3,1.78152e+2,1.28690e+1,0,0,0,0,2.77440e+1,2.94700e+1,7.09936e+1,1.55808e-1,0,0,0,0,0,3.08982e+2,4.48086e+2,0,0,0,0,0,0,4.18506e+3
"Rest Central America","ABW","Aruba",2.14945e-3,0,9.78848e-3,3.19399e-6,4.10676e-2,0,0,0,1.57236e-2,8.15300e-3,1.91583e-3,0,0,0,0,0,0,0,0,0,0,0,0,0,0,0,0,0,0,0,0,0,0,3.39370e-2,4.18740e-3,0,0,0,0,0,0,0,0,0,0,0,0,0,0,3.10414e-1,3.29707e-1,0,0,0,0,0,0,7.57047e-1
"Rest Central America","AIA","Anguilla",1.66020e-4,0,8.23290e-4,0,0,0,0,0,6.90000e-5,1.25891e-1,0,0,0,0,0,0,0,0,0,0,0,0,0,0,0,0,0,0,0,0,0,0,0,0,0,0,0,0,0,0,0,0,0,0,0,0,0,0,0,5.96383e-3,2.73302e-2,0,0,0,0,0,0,1.60243e-1
"Rest Central America","ANT","Netherlands Antilles",0,7.19994e-3,2.09759e-2,1.08857e-3,1.46687e-1,0,0,0,2.36555e-2,1.93750e-2,3.22641e+0,0,0,0,0,0,0,0,0,0,0,0,0,0,0,0,0,0,0,0,0,0,0,1.65066e-1,8.02000e-3,0,0,0,0,0,0,0,0,0,0,0,0,0,0,1.40364e+0,8.16143e-1,0,0,0,0,0,0,5.83826e+0
"Rest Central America","ATG","Antigua and Barbuda",2.59328e-3,0,5.84389e-3,2.31440e-5,1.43066e-2,0,0,0,1.73198e-2,0,1.42150e-2,0,0,0,0,0,0,0,0,0,0,0,0,0,0,0,0,0,0,0,0,0,0,1.10645e+0,2.33588e-2,0,0,0,0,0,0,1.26144e-3,0,0,0,0,0,0,0,2.45784e-1,2.83461e-1,0,0,0,0,0,0,1.71461e+0
"Rest Central America","BHS","Bahamas",1.29929e-2,0,2.62824e-2,8.10162e-4,7.01502e-2,0,0,0,1.59972e-1,7.02460e-2,1.56072e-1,0,0,0,0,0,0,0,0,0,0,0,0,0,0,0,0,0,0,0,0,0,0,1.62410e-1,2.50616e-2,0,0,0,0,0,0,1.06807e-2,0,0,0,0,0,0,0,5.16905e+0,1.20727e+0,0,0,0,0,0,0,7.07100e+0
"Rest Central America","BLZ","Belize",5.37768e-3,0,1.69398e-2,1.08335e-5,2.68205e-2,0,0,0,9.93087e-1,4.30590e-2,9.67095e-3,0,0,0,0,0,0,0,0,0,0,0,0,0,0,0,0,0,0,0,0,0,0,3.95674e+0,1.43126e-1,6.27791e-1,0,0,0,0,8.20728e-1,3.57748e-1,0,0,0,0,0,0,0,7.19056e-1,9.83178e-1,0,0,0,0,0,0,8.70333e+0
"Rest Central America","BMU","Bermuda",4.98848e-3,0,5.50109e-3,1.04139e-4,1.22800e-2,0,0,0,2.45511e-2,0,1.41333e-2,0,0,0,0,0,0,0,0,0,0,0,0,0,0,0,0,0,0,0,0,0,0,7.42344e-2,3.49960e-3,0,0,0,0,0,0,3.54616e-5,0,0,0,0,0,0,0,7.47861e-1,2.66833e-1,0,0,0,0,0,0,1.15402e+0
"Rest Central America","BRB","Barbados",8.53833e-3,1.67472e-4,2.39737e-2,6.82679e-5,3.86100e-2,0,0,0,3.61103e-2,2.56990e-2,4.28197e-1,0,0,0,0,0,0,0,0,0,0,0,0,0,0,0,0,0,0,0,0,0,0,2.25363e+0,9.21850e-2,0,0,0,0,0,0,1.57007e-1,0,0,0,0,0,0,0,1.46467e+0,1.46542e+0,0,0,0,0,0,0,5.99427e+0
"Rest Central America","CRI","Costa Rica",2.01537e-2,2.91718e-3,2.32619e-1,0,4.88364e-1,0,4.98229e-3,0,6.30699e+0,1.00595e+0,1.41282e-1,0,0,0,0,0,0,0,0,0,0,0,0,0,0,0,0,0,0,0,0,0,0,1.35945e+2,3.22587e+0,7.50218e+0,0,0,0,0,1.50425e+0,1.12167e+0,0,0,0,0,0,0,0,5.24129e+0,1.46655e+1,0,0,0,0,0,0,1.77409e+2
"Rest Central America","CUB","Cuba",3.51458e-1,1.80559e-3,5.32501e+0,0,4.24593e-1,0,0,0,3.63943e+1,6.21860e+0,2.63790e+0,0,0,0,0,0,0,0,0,0,0,0,0,0,0,0,0,0,0,0,0,0,0,2.73087e+2,1.01489e+1,6.54815e+1,0,0,0,0,1.09111e+1,2.00186e+1,2.38850e+0,0,0,0,0,0,0,5.78048e+1,6.48115e+1,0,0,0,0,0,0,5.56005e+2
"Rest Central America","CYM","Cayman Islands",3.45417e-3,0,2.60678e-3,1.52635e-5,1.15895e-2,0,0,0,1.78143e-2,0,1.00966e-2,0,0,0,0,0,0,0,0,0,0,0,0,0,0,0,0,0,0,0,0,0,0,8.01064e-2,4.07106e-3,0,0,0,0,0,0,1.33162e-5,0,0,0,0,0,0,0,6.12586e-1,1.25486e-1,0,0,0,0,0,0,8.67839e-1
"Rest Central America","DMA","Dominica",1.59613e-3,0,6.26313e-3,3.11799e-6,5.12139e-3,0,0,0,3.71872e-3,2.30330e-2,1.58469e-3,0,0,0,0,0,0,0,0,0,0,0,0,0,0,0,0,0,0,0,0,0,0,8.99265e-1,2.14570e-2,0,0,0,0,0,0,2.04790e-3,0,0,0,0,0,0,0,4.15815e-1,3.62299e-1,0,0,0,0,0,0,1.74220e+0
"Rest Central America","DOM","Dominican Republic",4.52777e-2,0,4.11438e-1,0,5.98759e-1,0,0,2.30274e-3,1.33268e+1,3.75859e+1,5.13011e-1,0,0,0,0,0,0,0,0,0,0,0,0,0,0,0,0,0,0,0,0,0,0,1.69088e+2,4.64270e+0,4.02508e+1,0,0,0,0,1.37210e+0,2.49507e+0,1.08752e+0,0,0,0,0,0,0,2.81446e+1,3.35964e+1,3.47005e-1,0,0,0,0,0,3.33508e+2
"Rest Central America","GLP","Guadeloupe",1.07044e-2,0,3.59978e-2,3.67423e-4,7.05204e-2,0,0,0,3.38293e-1,1.40275e-1,5.21780e-2,0,0,0,0,0,0,0,0,0,0,0,0,0,0,0,0,0,0,0,0,0,0,4.09666e+0,1.15005e-1,0,0,0,0,0,0,1.54574e-1,0,0,0,0,0,0,0,2.86824e+0,2.00267e+0,0,0,0,0,0,0,9.88549e+0
"Rest Central America","GRD","Grenada",2.62821e-3,0,8.41427e-3,2.48265e-5,6.62996e-3,0,0,0,8.40614e-3,9.13880e-2,4.69741e-3,0,0,0,0,0,0,0,0,0,0,0,0,0,0,0,0,0,0,0,0,0,0,3.35391e-1,1.29444e-2,0,0,0,0,0,0,4.15636e-3,0,0,0,0,0,0,0,2.95046e-1,4.45401e-1,0,0,0,0,0,0,1.21513e+0
"Rest Central America","GTM","Guatemala",2.44007e-1,2.36836e-3,3.87445e-1,0,3.78716e-1,0,0,0,3.34962e+1,2.65205e+0,8.30564e-1,0,0,0,0,0,0,0,0,0,0,0,0,0,0,0,0,0,0,0,0,0,0,1.32694e+2,3.54350e+0,2.20652e+0,0,0,0,0,6.37704e+0,4.41013e+0,7.72820e+0,0,0,0,0,0,0,1.07636e+1,3.98152e+1,0,0,0,0,0,0,2.45529e+2
"Rest Central America","HND","Honduras",2.26087e-3,5.02416e-4,3.74343e-1,0,1.76244e-1,0,0,0,1.53345e+1,9.14500e-1,1.10249e-1,0,0,0,0,0,0,0,0,0,0,0,0,0,0,0,0,0,0,0,0,0,0,1.26046e+2,3.67439e+0,1.93605e+0,0,0,0,0,8.46984e+0,1.36095e+0,8.05256e+0,0,0,0,0,0,0,4.27836e+0,2.11822e+1,0,0,0,0,0,0,1.91913e+2
"Rest Central America","HTI","Haiti",2.76329e-3,0,2.06535e-1,0,4.67167e-2,0,0,9.79710e-3,1.13686e+1,2.13078e+1,0,0,0,0,0,0,0,0,0,0,0,0,0,0,0,0,0,0,0,0,0,0,0,8.31084e+1,3.04829e+0,8.27091e+0,0,0,0,0,0,1.05658e+0,0,0,0,0,0,0,0,1.25089e+1,3.34976e+1,0,0,0,0,0,0,1.74433e+2
"Rest Central America","JAM","Jamaica",2.55750e-1,3.10662e-4,4.01954e-2,2.09339e-5,2.27139e-1,0,0,1.02995e-2,3.02147e+0,7.49890e+0,3.67831e-1,0,0,0,0,0,0,0,0,0,0,0,0,0,0,0,0,0,0,0,0,0,0,3.19586e+1,9.11285e-1,3.00372e-2,0,0,0,0,0,7.75035e-1,0,0,0,0,0,0,0,9.04053e+0,1.13716e+1,0,0,0,0,0,0,6.55091e+1
"Rest Central America","KNA","Saint Kitts and Nevis",1.38873e-3,0,3.49151e-3,3.33844e-5,4.08919e-3,0,0,0,1.28707e-1,0,1.82509e-3,0,0,0,0,0,0,0,0,0,0,0,0,0,0,0,0,0,0,0,0,0,0,3.26009e-1,8.57500e-3,0,0,0,0,0,0,8.29884e-2,0,0,0,0,0,0,0,5.57345e-1,2.55834e-1,0,0,0,0,0,0,1.37029e+0
"Rest Central America","LCA","Saint Lucia",4.12576e-3,0,1.22474e-2,6.70100e-6,1.50712e-2,0,0,0,2.45364e-2,2.61640e-2,5.17151e-3,0,0,0,0,0,0,0,0,0,0,0,0,0,0,0,0,0,0,0,0,0,0,8.71535e-1,3.23330e-2,0,0,0,0,0,0,8.31949e-3,0,0,0,0,0,0,0,1.51389e-1,6.35905e-1,0,0,0,0,0,0,1.78680e+0
"Rest Central America","MSR","Montserrat",5.13416e-4,0,9.49926e-4,4.35601e-6,4.16435e-3,0,0,0,2.41548e-3,0,1.02807e-3,0,0,0,0,0,0,0,0,0,0,0,0,0,0,0,0,0,0,0,0,0,0,6.13353e-1,1.35745e-2,0,0,0,0,0,0,4.46598e-5,0,0,0,0,0,0,0,1.07488e-2,5.24520e-2,0,0,0,0,0,0,6.99249e-1
"Rest Central America","MTQ","Martinique",1.37504e-2,0,3.36735e-2,3.12111e-4,5.65655e-2,0,0,0,1.00536e-1,1.31967e-1,5.84477e-2,0,0,0,0,0,0,0,0,0,0,0,0,0,0,0,0,0,0,0,0,0,0,2.52114e+0,8.62358e-2,0,0,0,0,0,0,6.95934e-2,0,0,0,0,0,0,0,4.49553e+0,1.73796e+0,0,0,0,0,0,0,9.30572e+0
"Rest Central America","NIC","Nicaragua",1.66613e-2,1.04371e-3,1.97290e-1,2.09339e-5,1.33143e-1,0,2.05153e-3,0,1.11924e+1,2.46915e+0,1.74548e-1,0,0,0,0,0,0,0,0,0,0,0,0,0,0,0,0,0,0,0,0,0,0,1.42715e+2,4.15119e+0,7.48795e+0,0,0,0,0,8.62056e+0,1.17397e+0,0,0,0,0,0,0,0,1.76132e+1,1.93427e+1,0,0,0,0,0,0,2.15290e+2
"Rest Central America","PAN","Panama",4.92414e-2,1.76201e-3,1.50516e-1,0,3.28961e-1,0,0,2.49952e-2,5.41303e+0,2.74350e-1,4.52336e-1,0,0,0,0,0,0,0,0,0,0,0,0,0,0,0,0,0,0,0,0,0,0,9.25792e+1,2.14767e+0,1.32534e+1,0,0,0,0,1.48534e+0,7.94048e-1,0,0,0,0,0,0,0,7.53762e+0,1.10444e+1,0,0,0,0,0,0,1.35537e+2
"Rest Central America","PRI","Puerto Rico",0,0,0,0,0,0,0,0,0,0,0,0,0,0,0,0,0,0,0,0,0,0,0,0,0,0,0,0,0,0,0,0,0,3.01255e+1,9.21834e-1,0,0,0,0,0,0,2.19843e-1,1.81608e-1,0,0,0,0,0,0,3.33122e+1,1.67114e+1,0,0,0,0,0,0,8.14724e+1
"Rest Central America","SLV","El Salvador",1.13197e-1,5.02416e-4,2.98963e-1,0,2.67935e-1,0,0,0,1.52636e+1,1.55465e+0,2.25213e-1,0,0,0,0,0,0,0,0,0,0,0,0,0,0,0,0,0,0,0,0,0,0,7.31562e+1,2.20960e+0,2.34888e+0,0,0,0,0,1.56293e-1,1.99331e+0,0,0,0,0,0,0,0,1.27426e+1,2.46725e+1,0,0,0,0,0,0,1.35003e+2
"Rest Central America","TCA","Turks and Caicos Islands",2.43914e-4,0,1.13618e-3,0,0,0,0,0,3.01854e-4,4.58800e-3,0,0,0,0,0,0,0,0,0,0,0,0,0,0,0,0,0,0,0,0,0,0,0,0,0,0,0,0,0,0,0,0,0,0,0,0,0,0,0,6.03763e-2,1.36603e-1,0,0,0,0,0,0,2.03250e-1
"Rest Central America","TTO","Trinidad and Tobago",2.18675e-1,1.12406e-1,2.88471e-2,0,4.18731e-1,0,0,2.38648e-3,7.55482e-1,1.62781e-1,1.15647e+2,0,0,0,0,0,1.10795e+0,0,0,0,0,0,0,0,0,0,0,0,0,0,0,0,0,2.50547e+0,2.14804e-1,8.54138e-1,0,0,0,0,0,3.98556e-1,0,0,0,0,0,0,0,8.59930e+0,1.91289e+1,0,0,0,0,0,0,1.50156e+2
"Rest Central America","VCT","Saint Vincent and the Grenadines",2.78127e-3,0,9.54345e-3,3.86151e-6,5.52255e-3,0,0,0,2.92170e-2,2.64430e-2,2.84581e-3,0,0,0,0,0,0,0,0,0,0,0,0,0,0,0,0,0,0,0,0,0,0,4.60406e-1,1.96160e-2,0,0,0,0,0,0,1.51405e-2,0,0,0,0,0,0,0,3.51130e-1,5.26304e-1,0,0,0,0,0,0,1.44895e+0
"Rest Central America","VGB","Virgin Islands_British",7.90526e-4,0,1.50985e-3,4.93949e-6,4.75433e-3,0,0,0,3.20368e-3,2.29400e-3,1.32922e-3,0,0,0,0,0,0,0,0,0,0,0,0,0,0,0,0,0,0,0,0,0,0,4.96562e-1,2.80253e-2,0,0,0,0,0,0,0,0,0,0,0,0,0,0,1.37047e-1,6.98680e-2,0,0,0,0,0,0,7.45389e-1
"Rest Central America","VIR","Virgin Islands_USA",0,0,0,0,0,0,0,0,0,0,0,0,0,0,0,0,0,0,0,0,0,0,0,0,0,0,0,0,0,0,0,0,0,4.42600e-2,8.65717e-3,0,0,0,0,0,0,9.36471e-2,0,0,0,0,0,0,0,1.02659e+0,4.83531e-1,0,0,0,0,0,0,1.65668e+0
"Brazil","BRA","Brazil",1.34345e+0,9.23485e+0,2.21301e+1,4.05072e-2,1.39918e+1,9.22624e-2,3.18866e-1,0,1.33379e+2,6.18424e+2,2.58667e+2,0,0,0,0,0,1.65513e+0,2.75475e+0,0,0,0,0,0,0,0,0,0,0,0,0,0,0,0,9.66833e+3,2.38121e+2,3.86922e+2,0,0,0,0,5.51352e+2,1.38695e+2,2.07783e+3,1.25232e+0,0,0,0,0,0,5.66483e+2,1.49786e+3,6.51911e+0,1.85662e+0,0,0,0,0,1.61973e+4
"Rest South America","ARG","Argentina",6.15119e-1,6.23098e-1,1.84910e+0,1.57214e-2,7.50237e+0,0,5.86152e-3,0,5.85365e+0,2.73771e+1,6.47639e+2,0,0,0,0,0,3.01700e-1,8.91657e-2,0,0,0,0,0,0,0,0,0,0,0,0,0,0,0,3.55112e+3,6.57169e+1,2.00723e+1,0,0,0,0,1.48591e+1,2.94391e+1,4.56453e+1,9.83136e+1,0,0,0,0,0,1.34262e+2,2.12792e+2,0,0,0,0,0,0,4.86409e+3
"Rest South America","BOL","Bolivia",7.98777e-2,3.64251e-2,2.26192e-1,1.92593e-3,4.17481e-1,3.64880e-3,2.93076e-3,0,1.03135e+1,1.18885e+0,1.33522e+2,0,0,0,0,0,0,0,0,0,0,0,0,0,0,0,0,0,0,0,0,0,0,3.68281e+2,1.05742e+1,1.77945e+1,0,0,0,0,1.60301e+2,2.06371e+0,3.47711e+2,0,0,0,0,0,0,1.20623e+1,3.36199e+1,0,0,0,0,0,0,1.09820e+3
"Rest South America","BVT","Bouvet Island",0,0,0,0,0,0,0,0,0,0,0,0,0,0,0,0,0,0,0,0,0,0,0,0,0,0,0,0,0,0,0,0,0,0,0,0,0,0,0,0,0,0,0,0,0,0,0,0,0,0,0,0,0,0,0,0,0,0,
"Rest South America","CHL","Chile",2.46811e-1,9.47353e-2,1.86927e+0,7.25229e-3,1.88847e+0,3.30129e-3,1.01111e-1,0,2.75969e+1,4.52359e+1,6.05503e+1,0,0,0,0,0,1.47945e+0,1.64604e-2,0,0,0,0,0,0,0,0,0,0,0,0,0,0,0,2.72058e+2,6.32180e+0,4.52694e+0,0,0,0,0,0,2.25019e+0,2.35805e+0,5.34768e+0,0,0,0,0,0,3.40596e+1,1.29478e+2,0,0,0,0,0,0,5.95490e+2
"Rest South America","COL","Colombia",2.47351e-1,1.36319e-1,2.31752e+0,6.07086e-4,5.32850e+0,2.51627e-3,3.42899e-2,1.13044e-3,5.22697e+1,5.69261e+1,2.15208e+2,0,0,0,0,0,8.65105e-2,2.69500e-2,0,0,0,0,0,0,0,0,0,0,0,0,0,0,0,1.53506e+3,3.85696e+1,1.15334e+2,0,0,0,0,2.65224e+1,1.14212e+1,1.20578e+2,0,0,0,0,0,0,6.40368e+1,1.71518e+2,0,0,0,0,0,0,2.41563e+3
"Rest South America","ECU","Ecuador",1.43181e-2,4.62534e-2,4.43047e-1,1.46538e-4,1.54582e+0,0,5.92013e-2,0,1.22627e+1,1.60952e+1,8.17074e+1,0,0,0,0,0,6.87600e-5,0,0,0,0,0,0,0,0,0,0,0,0,0,0,0,0,2.82046e+2,9.90789e+0,9.68095e+1,0,0,0,0,1.35946e+0,3.50360e+0,1.23984e+0,0,0,0,0,0,0,1.51956e+1,4.84682e+1,0,0,0,0,0,0,5.70704e+2
"Rest South America","FLK","Falkland Islands (Malvinas)",4.29183e-4,0,1.97328e-4,5.15050e-6,6.25640e-4,0,0,0,1.57225e-3,1.08810e-2,5.85113e-4,0,0,0,0,0,0,0,0,0,0,0,0,0,0,0,0,0,0,0,0,0,0,3.92865e+0,7.79219e-2,0,0,0,0,0,0,0,0,0,0,0,0,0,0,1.01941e-2,1.07005e-2,4.84219e-5,1.06208e-5,0,0,0,0,4.04182e+0
"Rest South America","GUF","French Guiana",4.22884e-3,0,1.19810e-2,2.18244e-4,1.44820e-2,0,0,0,2.29071e-1,2.05778e-1,3.70676e-2,0,0,0,0,0,0,0,0,0,0,0,0,0,0,0,0,0,0,0,0,0,0,7.08753e-1,3.39350e-2,1.05059e+0,0,0,0,0,0,2.17138e-2,7.84040e-1,0,0,0,0,0,0,6.89861e-1,5.93872e-1,2.36609e-3,3.10062e-4,0,0,0,0,4.38827e+0
"Rest South America","GUY","Guyana",1.98669e-2,0,6.34090e-2,9.34020e-5,3.25978e-2,0,0,0,3.19618e+0,1.88570e+0,2.16501e-2,0,0,0,0,0,0,0,0,0,0,0,0,0,0,0,0,0,0,0,0,0,0,1.33292e+1,3.90212e-1,2.60338e+1,0,0,0,0,3.57024e+0,1.13471e+0,2.03674e+1,0,0,0,0,0,0,1.13804e+0,4.06785e+0,3.58973e-3,5.00848e-4,0,0,0,0,7.52550e+1
"Rest South America","PER","Peru",9.36837e-2,5.96604e-2,2.80013e-1,8.37360e-5,1.22159e+0,0,5.86152e-3,0,2.98189e+1,8.11301e+0,3.50461e+1,0,0,0,0,0,3.00000e-4,9.78200e-2,0,0,0,0,0,0,0,0,0,0,0,0,0,0,0,2.99660e+2,9.85610e+0,5.61824e+1,0,0,0,0,1.04071e+0,2.96651e+0,4.41932e+1,0,0,0,0,0,0,4.40545e+1,1.05039e+2,0,0,0,0,0,0,6.37729e+2
"Rest South America","PRY","Paraguay",3.68019e-2,1.00483e-3,1.67769e+0,0,2.20327e-1,8.79228e-3,5.86152e-4,5.02416e-4,1.76987e+1,2.18565e+1,7.91784e-2,0,0,0,0,0,0,0,0,0,0,0,0,0,0,0,0,0,0,0,0,0,0,4.48090e+2,1.13057e+1,4.69776e+0,0,0,0,0,8.08272e+1,2.78693e+0,8.80646e+1,9.35712e+0,0,0,0,0,0,1.37337e+1,2.12937e+1,0,0,0,0,0,0,7.21737e+2
"Rest South America","SGS","South Georgia and the South Sandwich Islands",0,0,0,0,0,0,0,0,0,0,0,0,0,0,0,0,0,0,0,0,0,0,0,0,0,0,0,0,0,0,0,0,0,0,0,0,0,0,0,0,0,0,0,0,0,0,0,0,0,0,0,0,0,0,0,0,0,0,
"Rest South America","SUR","Suriname",1.45300e-2,0,3.76638e-2,8.61945e-5,4.28144e-2,0,0,0,1.83153e-1,5.62433e-1,1.38485e+0,0,0,0,0,0,0,0,0,0,0,0,0,0,0,0,0,0,0,0,0,0,0,5.20456e+0,2.98511e-1,2.51750e+1,0,0,0,0,0,2.14913e-1,1.57202e+1,0,0,0,0,0,0,1.55869e+0,2.23694e+0,5.17956e-3,6.77500e-4,0,0,0,0,5.26402e+1
"Rest South America","URY","Uruguay",3.13218e-2,6.99153e-3,3.52696e-1,3.76812e-4,3.10138e-1,0,0,7.53624e-4,3.94524e+0,2.76234e-1,3.49927e-1,0,0,0,0,0,0,2.75000e-4,0,0,0,0,0,0,0,0,0,0,0,0,0,0,0,7.37053e+2,1.46456e+1,4.57303e+1,0,0,0,0,0,1.24204e+0,0,0,0,0,0,0,0,1.70787e+1,1.60960e+1,0,0,0,0,0,0,8.37119e+2
"Rest South America","VEN","Venezuela",3.46140e-1,1.16835e+0,9.96415e-1,0,8.85425e+0,1.39002e-3,0,1.00483e-3,8.35722e+0,4.32428e+1,8.89306e+2,0,0,0,0,0,3.26882e-1,8.87370e-2,0,0,0,0,0,0,0,0,0,0,0,0,0,0,0,8.39892e+2,2.41400e+1,2.26347e+1,0,0,0,0,4.02216e+1,3.52972e+0,8.46192e+1,0,0,0,0,0,0,8.69250e+1,1.16188e+2,0,0,0,0,0,0,2.17084e+3
"Northern_Africa","DZA","Algeria",5.10959e-1,6.66800e-1,2.39849e-1,0,2.76463e+0,0,0,1.92593e-2,2.19084e+1,3.92210e+1,1.38505e+3,0,0,0,0,0,2.35892e-1,1.33700e-1,0,0,0,0,0,0,0,0,0,0,0,0,0,0,0,1.70016e+2,6.87430e+0,8.48945e-2,0,0,0,0,0,1.31073e-1,0,0,0,0,0,0,0,5.60715e+1,1.01186e+2,0,0,0,0,0,0,1.78511e+3
"Northern_Africa","EGY","Egypt",4.60248e-1,1.05905e-1,1.58922e+0,5.88245e-3,2.65638e+0,0,0,0,5.31461e+1,9.39111e+1,3.77902e+2,0,0,0,0,0,3.82800e-3,1.81122e-1,0,0,0,0,0,0,0,0,0,0,0,0,0,0,0,3.55592e+2,1.12812e+1,1.88920e+2,0,0,0,0,0,4.29741e-1,0,0,0,0,0,0,0,9.91298e+1,2.03734e+2,0,0,0,0,0,0,1.38905e+3
"Northern_Africa","ESH","Western Sahara",9.13603e-4,6.06066e-5,3.11040e-4,5.48495e-5,7.61491e-3,3.02950e-6,0,0,5.66968e-3,0,3.56114e-3,0,0,0,0,0,0,0,0,0,0,0,0,0,0,0,0,0,0,0,0,0,0,9.46378e+0,2.71215e-1,0,0,0,0,0,0,8.15670e-5,0,0,0,0,0,0,0,2.51102e-1,1.03624e+0,0,0,0,0,0,0,1.10406e+1
"Northern_Africa","LBY","Libyan Arab Jamahiriya",5.30778e-2,3.22806e-1,5.37585e-2,6.28019e-5,1.66471e+0,0,0,0,2.07226e+0,5.94533e+0,6.22762e+2,0,0,0,0,0,1.36620e+0,0,0,0,0,0,0,0,0,0,0,0,0,0,0,0,0,4.62659e+1,1.81292e+0,0,0,0,0,0,0,9.97782e-3,0,0,0,0,0,0,0,1.86170e+1,1.98124e+1,0,0,0,0,0,0,7.20758e+2
"Northern_Africa","MAR","Morocco",2.52386e-2,4.81482e-3,3.17360e-1,0,4.41361e-1,0,0,0,2.52598e+1,1.48760e+1,4.35592e+0,0,0,0,0,0,0,0,0,0,0,0,0,0,0,0,0,0,0,0,0,0,0,2.28990e+2,8.60583e+0,1.07235e+0,0,0,0,0,0,1.59098e-1,0,0,0,0,0,0,0,4.16165e+1,1.03958e+2,0,0,0,0,0,0,4.29681e+2
"Northern_Africa","TUN","Tunisia",1.19642e-1,2.54753e-3,1.11076e-1,0,3.69420e-1,0,0,0,7.20468e+0,9.96805e+0,5.61947e+1,0,0,0,0,0,0,1.41400e-2,0,0,0,0,0,0,0,0,0,0,0,0,0,0,0,8.48178e+1,3.55294e+0,0,0,0,0,0,0,8.06505e-2,0,0,0,0,0,0,0,2.03863e+1,3.28723e+1,0,0,0,0,0,0,2.15694e+2
"Western_Africa","BEN","Benin",7.53624e-4,0,1.00483e-3,0,2.29488e-2,0,0,0,2.04181e+1,1.39918e+1,3.03045e-1,0,0,0,0,0,0,0,0,0,0,0,0,0,0,0,0,0,0,0,0,0,0,4.29586e+1,2.30662e+0,1.16023e+0,0,0,0,0,3.65832e+1,3.81702e-1,8.25860e+1,0,0,0,0,0,0,3.99587e+0,2.28906e+1,0,0,0,0,0,0,2.27600e+2
"Western_Africa","BFA","Burkina Faso",1.48538e-3,6.71553e-5,7.32900e-4,5.41238e-4,5.00861e-2,3.35735e-6,0,0,3.53980e+1,3.17542e+1,1.00254e-2,0,0,0,0,0,0,0,0,0,0,0,0,0,0,0,0,0,0,0,0,0,0,2.06896e+2,9.26296e+0,3.69365e+0,0,0,0,0,3.44592e+1,9.34018e-1,0,0,0,0,0,0,0,2.51391e+0,3.58703e+1,0,0,0,0,0,0,3.60846e+2
"Western_Africa","CAF","Central African Republic",5.60873e-4,3.70636e-5,1.46118e-4,2.72180e-4,1.93205e-2,1.85090e-6,0,0,1.17451e+1,2.68696e+0,4.62964e-3,0,0,0,0,0,0,0,0,0,0,0,0,0,0,0,0,0,0,0,0,0,0,1.03402e+2,3.53117e+0,8.20646e-1,0,0,0,0,1.25959e+3,1.18453e-1,3.46127e+2,0,0,0,0,0,0,4.94085e+0,1.32403e+1,0,0,0,0,0,0,1.74623e+3
"Western_Africa","CIV","Cote d'Ivoire",4.60533e-3,3.55589e-3,1.70403e-2,0,2.19285e-1,2.95379e-3,1.05508e-2,0,3.01305e+1,5.24923e+1,1.35635e+0,0,0,0,0,0,0,0,0,0,0,0,0,0,0,0,0,0,0,0,0,0,0,5.20746e+1,2.49797e+0,2.58733e+1,0,0,0,0,2.03772e+1,1.14125e+0,2.81289e+2,0,0,0,0,0,0,2.33809e+1,5.25497e+1,0,0,0,0,0,0,5.43421e+2
"Western_Africa","CMR","Cameroon",1.25604e-3,0,5.27538e-3,0,3.68590e-1,0,0,0,2.94793e+1,7.59035e+0,1.20581e+2,0,0,0,0,0,0,0,0,0,0,0,0,0,0,0,0,0,0,0,0,0,0,2.01146e+2,7.51495e+0,2.23407e+0,0,0,0,0,1.32917e+2,5.86600e-1,1.36258e+2,0,0,0,0,0,0,2.38051e+1,5.73072e+1,0,0,0,0,0,0,7.19795e+2
"Western_Africa","COD","Congo_the Democratic Republic of the",5.02416e-4,4.60548e-4,4.94880e-2,0,1.45968e-1,0,0,0,1.80094e+2,8.56472e+0,3.79423e+0,0,0,0,0,0,0,0,0,0,0,0,0,0,0,0,0,0,0,0,0,0,0,4.49819e+0,2.12581e-1,8.28093e+1,0,0,0,0,1.77953e+3,4.12599e+0,4.53356e+3,0,0,0,0,0,0,4.86966e+1,1.54755e+2,0,0,0,0,0,0,6.80084e+3
"Western_Africa","COG","Congo",1.25604e-4,1.25604e-4,1.88406e-3,7.11755e-4,7.82851e-2,0,0,0,4.26690e+0,2.01190e+1,6.54596e+1,0,0,0,0,0,0,0,0,0,0,0,0,0,0,0,0,0,0,0,0,0,0,7.79322e+1,3.86735e+0,2.68087e-1,0,0,0,0,3.91512e+1,1.35929e-1,1.89992e+2,0,0,0,0,0,0,5.24863e+0,1.12513e+1,0,0,0,0,0,0,4.17773e+2
"Western_Africa","CPV","Cape Verde",4.63576e-4,3.06145e-5,1.04268e-4,5.51284e-5,7.61055e-3,1.52720e-6,0,0,3.42438e-2,5.64200e-3,2.04239e-3,0,0,0,0,0,0,0,0,0,0,0,0,0,0,0,0,0,0,0,0,0,0,1.67045e+0,6.31490e-1,0,0,0,0,0,0,2.05417e-2,0,0,0,0,0,0,0,5.27054e-1,1.71168e+0,0,0,0,0,0,0,4.61141e+0
"Western_Africa","GAB","Gabon",2.44928e-2,1.84219e-3,1.08438e-2,0,5.19129e-2,0,0,0,1.69615e+0,9.66642e-1,1.43214e+2,0,0,0,0,0,0,0,0,0,0,0,0,0,0,0,0,0,0,0,0,0,0,2.70364e+0,3.23427e-1,5.95751e-2,0,0,0,0,9.00672e-1,3.85799e-2,1.55224e+1,0,0,0,0,0,0,5.06824e+0,5.00971e+0,0,0,0,0,0,0,1.75593e+2
"Western_Africa","GHA","Ghana",0,1.33978e-3,3.91299e-1,0,5.84502e-1,2.25878e-3,4.98229e-3,0,5.63953e+1,4.18841e+1,2.54236e-1,0,0,0,0,0,0,0,0,0,0,0,0,0,0,0,0,0,0,0,0,0,0,5.86023e+1,2.86142e+0,1.18703e+1,0,0,0,0,9.27552e+1,8.30857e-1,2.76060e+1,0,0,0,0,0,0,2.19552e+1,6.73532e+1,0,0,0,0,0,0,3.83353e+2
"Western_Africa","GIN","Guinea",2.15769e-3,1.09299e-4,1.53803e-3,6.20962e-4,1.01560e-1,5.46140e-6,0,0,2.74739e+1,2.74350e+0,1.92264e-2,0,0,0,0,0,0,0,0,0,0,0,0,0,0,0,0,0,0,0,0,0,0,5.75042e+1,2.12919e+0,5.21362e+1,0,0,0,0,7.93200e+1,5.04942e-1,1.03843e+2,0,0,0,0,0,0,7.35021e+0,2.71427e+1,0,0,0,0,0,0,3.60273e+2
"Western_Africa","GMB","Gambia",7.65046e-4,5.14351e-5,1.60074e-4,8.61841e-5,3.30915e-2,2.56885e-6,0,0,1.81383e+0,3.23184e+0,3.66930e-3,0,0,0,0,0,0,0,0,0,0,0,0,0,0,0,0,0,0,0,0,0,0,1.33692e+1,5.15170e-1,1.66810e+0,0,0,0,0,4.17096e+0,3.01809e-2,0,0,0,0,0,0,0,1.05372e+0,3.67095e+0,0,0,0,0,0,0,2.95617e+1
"Western_Africa","GNB","Guinea-Bissau",7.25588e-4,4.18860e-5,3.51033e-4,1.55918e-4,2.07975e-2,2.09160e-6,0,0,1.67639e+0,5.56760e-2,4.88361e-3,0,0,0,0,0,0,0,0,0,0,0,0,0,0,0,0,0,0,0,0,0,0,1.59573e+1,8.52206e-1,9.68095e+0,0,0,0,0,7.33992e+0,1.05620e-1,0,0,0,0,0,0,0,9.05067e-1,4.56876e+0,0,0,0,0,0,0,4.11688e+1
"Western_Africa","GNQ","Equatorial Guinea",2.24321e-4,4.05579e-5,1.29285e-4,1.00232e-4,9.40246e-3,2.02520e-6,0,0,1.58277e+0,5.88659e-1,1.59898e+1,0,0,0,0,0,0,0,0,0,0,0,0,0,0,0,0,0,0,0,0,0,0,3.66581e-1,2.22800e-2,0,0,0,0,0,0,1.71120e-2,0,0,0,0,0,0,0,5.12202e-1,1.44208e+0,0,0,0,0,0,0,2.05313e+1
"Western_Africa","LBR","Liberia",1.00121e-3,5.30951e-5,4.21530e-4,1.36497e-4,3.02111e-2,2.65185e-6,0,0,1.10627e+1,8.50578e+0,5.93464e-3,0,0,0,0,0,0,0,0,0,0,0,0,0,0,0,0,0,0,0,0,0,0,3.48074e+0,3.02473e-1,1.75104e+0,0,0,0,0,1.00356e+0,1.36226e-1,8.38168e-2,0,0,0,0,0,0,2.99089e+0,9.98222e+0,0,0,0,0,0,0,3.93372e+1
"Western_Africa","MLI","Mali",1.56607e-3,1.04895e-4,3.74643e-4,2.01907e-4,8.10840e-2,5.24145e-6,0,0,1.61192e+1,6.60818e+0,8.88707e-3,0,0,0,0,0,0,0,0,0,0,0,0,0,0,0,0,0,0,0,0,0,0,2.51749e+2,9.73654e+0,3.47025e+1,0,0,0,0,5.14776e+1,8.31048e-1,3.28413e+1,0,0,0,0,0,0,4.68053e+0,3.92294e+1,0,0,0,0,0,0,4.48068e+2
"Western_Africa","MRT","Mauritania",6.04181e-3,2.98705e-4,3.85277e-3,1.57257e-3,3.36830e-1,1.57137e-5,0,0,4.59609e+0,8.74079e+0,5.73182e-2,0,0,0,0,0,0,0,0,0,0,0,0,0,0,0,0,0,0,0,0,0,0,1.35732e+2,6.03288e+0,1.89151e+0,0,0,0,0,7.62528e-3,9.64070e-2,0,0,0,0,0,0,0,2.47987e+0,1.01565e+1,0,0,0,0,0,0,1.70140e+2
"Western_Africa","NER","Niger",4.03330e-3,2.03840e-4,1.75681e-3,1.03123e-4,5.31814e-2,3.23603e-5,0,0,2.42965e+1,2.89979e+1,1.18438e-2,0,0,0,0,0,0,0,0,0,0,0,0,0,0,0,0,0,0,0,0,0,0,1.30092e+2,5.94467e+0,4.17025e+0,0,0,0,0,1.10604e+0,1.62977e+0,0,0,0,0,0,0,0,3.07719e+0,3.47133e+1,0,0,0,0,0,0,2.34099e+2
"Western_Africa","NGA","Nigeria",1.61867e-1,2.60756e-1,1.52023e-1,0,4.54359e+0,7.29761e-3,1.23092e-2,0,1.99802e+2,6.61158e+1,1.58993e+3,0,0,0,0,0,7.20000e-4,0,0,0,0,0,0,0,0,0,0,0,0,0,0,0,0,7.05446e+2,3.03112e+1,2.34341e+2,0,0,0,0,1.23418e+2,9.50599e+0,1.81621e+1,0,0,0,0,0,0,5.73292e+1,3.95371e+2,0,0,0,0,0,0,3.43487e+3
"Western_Africa","SEN","Senegal",3.24033e-3,2.93076e-4,1.06763e-2,0,8.70732e-2,0,6.15460e-3,0,1.73544e+1,2.89896e+1,1.23767e+0,0,0,0,0,0,0,0,0,0,0,0,0,0,0,0,0,0,0,0,0,0,0,1.29849e+2,5.89904e+0,1.09767e+1,0,0,0,0,3.12624e+1,2.53650e-1,0,0,0,0,0,0,0,1.08983e+1,3.77375e+1,0,0,0,0,0,0,2.74566e+2
"Western_Africa","SHN","Saint Helena",1.53999e-5,2.46095e-6,1.06050e-5,1.48795e-5,3.09917e-4,1.16200e-7,0,0,2.16903e-4,0,2.97920e-6,0,0,0,0,0,0,0,0,0,0,0,0,0,0,0,0,0,0,0,0,0,0,6.02659e-2,5.03816e-3,0,0,0,0,0,0,0,0,0,0,0,0,0,0,9.75413e-3,2.98227e-2,0,0,0,0,0,0,1.05454e-1
"Western_Africa","SLE","Sierra Leone",2.78983e-3,1.39996e-4,1.12810e-3,3.95523e-4,3.23195e-2,6.99690e-6,0,0,1.65328e+1,1.81977e+1,1.35528e-2,0,0,0,0,0,0,0,0,0,0,0,0,0,0,0,0,0,0,0,0,0,0,1.24005e+1,6.09115e-1,3.18543e+1,0,0,0,0,1.85441e+1,4.14616e-1,9.95996e+0,0,0,0,0,0,0,4.39505e+0,1.72256e+1,0,0,0,0,0,0,1.30184e+2
"Western_Africa","STP","Sao Tome and Principe",4.07746e-4,2.70124e-5,8.66310e-5,2.67770e-5,6.25051e-3,1.34875e-6,0,0,4.75983e-3,5.21358e-1,1.31969e-3,0,0,0,0,0,0,0,0,0,0,0,0,0,0,0,0,0,0,0,0,0,0,1.85258e-1,1.83689e-2,0,0,0,0,0,0,1.88538e-3,0,0,0,0,0,0,0,2.13865e-1,4.95929e-1,0,0,0,0,0,0,1.44954e+0
"Western_Africa","TCD","Chad",1.09069e-3,6.66075e-5,2.88483e-4,1.01919e-4,1.33001e-2,3.32830e-6,0,0,1.78186e+1,2.20888e+1,5.77742e-3,0,0,0,0,0,0,0,0,0,0,0,0,0,0,0,0,0,0,0,0,0,0,2.20665e+2,7.82202e+0,7.95328e+0,0,0,0,0,1.57354e+2,4.29434e-1,0,0,0,0,0,0,0,3.17940e+0,2.48861e+1,0,0,0,0,0,0,4.62217e+2
"Western_Africa","TGO","Togo",1.63043e-3,0,5.02416e-4,0,6.77256e-2,0,0,0,1.87006e+1,2.24052e+1,0,0,0,0,0,0,0,0,0,0,0,0,0,0,0,0,0,0,0,0,0,0,0,1.81685e+1,1.35517e+0,2.04045e+0,0,0,0,0,3.68016e+1,2.55395e-1,1.60358e+1,0,0,0,0,0,0,3.66411e+0,1.64933e+1,0,0,0,0,0,0,1.35990e+2
"Eastern_Africa","BDI","Burundi",7.45926e-4,3.38847e-5,3.62319e-4,2.34973e-4,3.66321e-2,1.69320e-6,0,0,2.15295e+1,1.62305e+1,5.75683e-3,0,0,0,0,0,0,0,0,0,0,0,0,0,0,0,0,0,0,0,0,0,0,2.25081e+1,8.57750e-1,1.93619e+0,0,0,0,0,0,4.14176e-1,0,0,0,0,0,0,0,5.72535e-1,2.13190e+1,0,0,0,0,0,0,8.54115e+1
"Eastern_Africa","COM","Comoros",1.25393e-4,1.75337e-5,8.06790e-5,7.91070e-5,6.43406e-3,8.75650e-7,0,0,2.32075e-2,1.95337e+0,1.38795e-3,0,0,0,0,0,0,0,0,0,0,0,0,0,0,0,0,0,0,0,0,0,0,2.08587e+0,9.52532e-2,2.08513e+0,0,0,0,0,0,1.17173e-2,0,0,0,0,0,0,0,5.13230e-1,2.24632e+0,0,0,0,0,0,0,9.02222e+0
"Eastern_Africa","DJI","Djibouti",2.24299e-3,1.40382e-4,2.69665e-3,2.88524e-4,2.47342e-2,7.01765e-6,0,0,7.04684e-2,2.63999e+0,2.72001e-2,0,0,0,0,0,0,0,0,0,0,0,0,0,0,0,0,0,0,0,0,0,0,1.36314e+1,5.61200e-1,0,0,0,0,0,0,1.81743e-6,0,0,0,0,0,0,0,1.02500e+0,2.61924e+0,0,0,0,0,0,0,2.06046e+1
"Eastern_Africa","ERI","Eritrea",1.40910e-3,3.34944e-4,8.79228e-4,0,1.52026e-2,0,0,0,6.66927e+0,1.01509e+1,1.82276e-1,0,0,0,0,0,0,0,0,0,0,0,0,0,0,0,0,0,0,0,0,0,0,6.78940e+1,2.40942e+0,0,0,0,0,0,2.29382e+0,8.12446e-2,0,0,0,0,0,0,0,9.26298e-1,1.26369e+1,0,0,0,0,0,0,1.03262e+2
"Eastern_Africa","ETH","Ethiopia",3.14010e-3,1.25604e-4,1.02995e-2,0,1.32273e-1,0,0,0,2.30990e+2,1.13398e+1,1.26283e-1,0,0,0,0,0,0,0,0,0,0,0,0,0,0,0,0,0,0,0,0,0,0,1.24509e+3,4.99886e+1,0,0,0,0,0,2.45256e+2,4.66886e+0,0,0,0,0,0,0,0,1.20044e+1,1.99070e+2,0,0,0,0,0,0,1.99868e+3
"Eastern_Africa","KEN","Kenya",8.79770e-4,3.87125e-3,8.30661e-2,7.05475e-3,4.00690e-1,5.38631e-3,8.79228e-4,0,6.50378e+1,1.79333e+2,6.13142e-1,0,0,0,0,0,0,0,0,0,0,0,0,0,0,0,0,0,0,0,0,0,0,5.88678e+2,1.90801e+1,1.86172e+0,0,0,0,0,4.18464e+0,1.06500e+0,0,0,0,0,0,0,0,9.21973e+0,1.01520e+2,0,0,0,0,0,0,9.71095e+2
"Eastern_Africa","MDG","Madagascar",3.78734e-3,2.45601e-4,1.16772e-3,6.47280e-4,1.02687e-1,1.39739e-5,0,0,3.05378e+1,3.82261e+1,1.82218e-2,0,0,0,0,0,0,0,0,0,0,0,0,0,0,0,0,0,0,0,0,0,0,3.57681e+2,1.25834e+1,1.96915e+2,0,0,0,0,1.14504e+2,8.82612e-1,7.40452e+1,1.99774e-1,0,0,0,0,0,7.56393e+0,5.13083e+1,0,0,0,0,0,0,8.84573e+2
"Eastern_Africa","MUS","Mauritius",5.44973e-3,3.49754e-4,2.89764e-3,2.59685e-4,8.36316e-2,2.68740e-5,0,0,3.04059e-1,9.14500e-2,3.69775e-2,0,0,0,0,0,0,0,0,0,0,0,0,0,0,0,0,0,0,0,0,0,0,1.61746e+0,1.64873e-1,1.48938e-4,0,0,0,0,0,1.14724e-1,0,0,0,0,0,0,0,2.61350e+0,5.01752e+0,0,0,0,0,0,0,1.00533e+1
"Eastern_Africa","MYT","Mayotte",0,0,0,0,0,0,0,0,0,0,0,0,0,0,0,0,0,0,0,0,0,0,0,0,0,0,0,0,0,0,0,0,0,0,0,0,0,0,0,0,0,0,0,0,0,0,0,0,0,1.61445e-1,3.63150e-1,0,0,0,0,0,0,5.24595e-1
"Eastern_Africa","REU","Reunion",3.69343e-3,2.21344e-4,1.39081e-3,8.62589e-4,9.78109e-2,1.10639e-5,0,0,2.08471e-1,0,2.68017e-2,0,0,0,0,0,0,0,0,0,0,0,0,0,0,0,0,0,0,0,0,0,0,1.32070e+0,3.10961e-1,5.95751e-3,0,0,0,0,0,4.16054e-2,0,0,0,0,0,0,0,3.05126e+0,3.45180e+0,0,0,0,0,0,0,8.52155e+0
"Eastern_Africa","RWA","Rwanda",2.68099e-3,1.53230e-4,9.36696e-4,4.92080e-4,5.64278e-2,7.66090e-6,0,0,1.11982e+1,1.12852e+0,1.17197e-1,0,0,0,0,0,0,0,0,0,0,0,0,0,0,0,0,0,0,0,0,0,0,2.59659e+1,9.80986e-1,9.97882e-1,0,0,0,0,3.98208e+0,4.66022e-1,0,0,0,0,0,0,0,6.50595e-1,2.80472e+1,0,0,0,0,0,0,7.35953e+1
"Eastern_Africa","SDN","Sudan",4.45524e-3,2.09340e-4,2.47440e-2,0,3.90209e-1,0,0,0,6.21626e+1,1.86009e+2,3.04836e+0,0,0,0,0,0,0,0,0,0,0,0,0,0,0,0,0,0,0,0,0,0,0,1.23209e+3,4.34143e+1,1.93619e-1,0,0,0,0,6.46560e+2,2.08957e+0,0,0,0,0,0,0,0,3.43221e+1,1.17220e+2,0,0,0,0,0,0,2.32753e+3
"Eastern_Africa","SOM","Somalia",8.77905e-4,9.19433e-5,4.65246e-4,3.48018e-4,4.28439e-2,4.59405e-6,0,0,2.47550e+1,4.22418e+1,9.68387e-3,0,0,0,0,0,0,0,0,0,0,0,0,0,0,0,0,0,0,0,0,0,0,4.24169e+2,1.91997e+1,5.95751e-1,0,0,0,0,7.25328e-3,1.03630e-1,0,0,0,0,0,0,0,4.00080e+0,3.25133e+1,0,0,0,0,0,0,5.47640e+2
"Eastern_Africa","SYC","Seychelles",2.45350e-3,1.64933e-4,7.10766e-4,2.43499e-7,1.17935e-2,8.24605e-6,0,0,1.24923e-2,0,8.39484e-3,0,0,0,0,0,0,0,0,0,0,0,0,0,0,0,0,0,0,0,0,0,0,1.69983e-1,5.66744e-2,0,0,0,0,0,0,5.05440e-6,0,0,0,0,0,0,0,2.65242e-1,3.53152e-1,0,0,0,0,0,0,8.81075e-1
"Eastern_Africa","UGA","Uganda",3.03647e-3,2.04151e-4,7.98657e-4,3.19196e-4,9.51965e-2,1.02049e-5,0,0,1.09734e+2,5.49844e+1,1.72882e-2,0,0,0,0,0,0,0,0,0,0,0,0,0,0,0,0,0,0,0,0,0,0,2.23395e+2,7.85255e+0,7.44688e+0,0,0,0,0,1.15723e+2,1.63560e+0,0,0,0,0,0,0,0,3.49541e+0,6.72529e+1,0,0,0,0,0,0,5.91637e+2
"Southern_Africa","AGO","Angola",6.02899e-4,4.27053e-3,4.57639e-2,0,2.18048e-1,0,0,0,9.33043e+0,6.31005e+1,2.72332e+2,0,0,0,0,0,0,0,0,0,0,0,0,0,0,0,0,0,0,0,0,0,0,1.32994e+2,4.44262e+0,5.95751e-1,0,0,0,0,8.01576e+2,2.10631e-1,5.71426e+0,0,0,0,0,0,0,1.06163e+1,4.58423e+1,0,0,0,0,0,0,1.34702e+3
"Southern_Africa","BWA","Botswana",6.75119e-3,2.58694e-4,6.48095e-3,6.65705e-5,1.63622e-1,1.31685e-4,0,0,3.36258e+0,1.58016e+1,2.11637e-2,0,0,0,0,0,0,0,0,0,0,0,0,0,0,0,0,0,0,0,0,0,0,1.02604e+2,2.69023e+0,0,0,0,0,0,1.80360e+2,3.04256e-2,0,4.74936e+0,0,0,0,0,0,2.05033e+0,6.89011e+0,0,0,0,0,0,0,3.18737e+2
"Southern_Africa","LSO","Lesotho",3.66718e-4,2.46552e-5,1.30896e-4,1.52830e-4,2.20695e-2,1.23255e-6,0,0,4.86822e+0,6.21311e+0,2.88719e-3,0,0,0,0,0,0,0,0,0,0,0,0,0,0,0,0,0,0,0,0,0,0,3.87929e+1,7.29180e-1,0,0,0,0,0,0,2.80018e-2,0,3.02664e+0,0,0,0,0,0,8.59001e-1,6.84679e+0,0,0,0,0,0,0,6.13895e+1
"Southern_Africa","MOZ","Mozambique",1.75422e-3,0,1.19324e-2,0,7.45133e-2,0,6.74075e-3,0,5.53286e+1,2.84450e+1,0,0,0,0,0,0,0,0,0,0,0,0,0,0,0,0,0,0,0,0,0,0,0,4.83361e+1,1.97259e+0,1.62342e+1,0,0,0,0,4.38432e+2,1.09114e+0,5.49807e+1,7.88568e+0,0,0,0,0,0,6.37821e+0,6.71552e+1,0,0,0,0,0,0,7.26334e+2
"Southern_Africa","MWI","Malawi",2.35657e-3,1.49350e-4,6.24771e-4,3.02774e-4,9.20318e-2,9.02985e-6,0,0,1.94023e+1,3.30454e+1,1.17983e-2,0,0,0,0,0,0,0,0,0,0,0,0,0,0,0,0,0,0,0,0,0,0,4.12875e+1,1.51031e+0,2.71067e+0,0,0,0,0,8.43816e+1,8.07090e-1,0,0,0,0,0,0,0,2.11284e+0,3.58757e+1,0,0,0,0,0,0,2.21241e+2
"Southern_Africa","NAM","Namibia",4.33378e-4,0,2.51208e-4,6.48954e-4,1.75776e-1,0,5.27537e-3,0,3.77920e-1,3.33591e+0,0,0,0,0,0,0,0,0,0,0,0,0,0,0,0,0,0,0,0,0,0,0,0,1.28166e+2,3.14464e+0,0,0,0,0,0,4.62504e+1,4.65446e-2,0,0,0,0,0,0,0,1.99366e+0,4.76538e+0,0,0,0,0,0,0,1.88262e+2
"Southern_Africa","SWZ","Swaziland",7.49650e-4,8.59839e-5,9.37996e-4,1.21692e-4,4.79517e-2,1.74032e-5,0,0,2.29755e+0,2.03409e+0,7.32971e-3,0,0,0,0,0,0,0,0,0,0,0,0,0,0,0,0,0,0,0,0,0,0,3.61453e+1,8.90513e-1,5.95751e-2,0,0,0,0,0,9.29488e-2,0,0,0,0,0,0,0,9.59718e-1,1.51614e+1,0,0,0,0,0,0,5.76982e+1
"Southern_Africa","TZA","Tanzania_United Republic of",1.01739e-2,6.69888e-4,1.44444e-2,0,1.69376e-1,0,0,0,7.41209e+1,4.38730e+1,1.59664e-1,0,0,0,0,0,0,0,0,0,0,0,0,0,0,0,0,0,0,0,0,0,0,4.74742e+2,1.63503e+1,4.57239e+1,0,0,0,0,5.97312e+2,3.46620e+0,1.70122e+2,0,0,0,0,0,0,7.96515e+0,1.12722e+2,0,0,0,0,0,0,1.54675e+3
"Southern_Africa","ZAF","South Africa",1.07515e+0,8.38392e-2,5.20499e+0,8.72948e-3,7.38458e+0,1.00483e-3,0,3.39132e-3,7.44453e+1,9.71890e+2,4.84739e+1,0,0,0,0,0,5.44300e-2,1.54593e+0,0,0,0,0,0,0,0,0,0,0,0,0,0,0,0,8.72896e+2,2.23736e+1,1.93619e-1,0,0,0,0,2.44128e+1,1.37199e+0,9.94848e+0,9.59347e+1,0,0,0,0,0,1.76532e+2,2.38043e+2,0,0,0,0,0,0,2.55188e+3
"Southern_Africa","ZMB","Zambia",1.28116e-3,2.00966e-3,1.07230e-1,0,1.78710e-1,5.38633e-3,0,0,2.43609e+1,5.84356e+1,1.65516e-1,0,0,0,0,0,0,0,0,0,0,0,0,0,0,0,0,0,0,0,0,0,0,1.15558e+2,3.77609e+0,2.14470e+0,0,0,0,0,1.18786e+3,1.84378e-1,5.29611e+2,0,0,0,0,0,0,8.04929e+0,3.21716e+1,0,0,0,0,0,0,1.96261e+3
"Southern_Africa","ZWE","Zimbabwe",6.69985e-2,1.54911e-3,3.67936e-1,0,3.85075e-1,2.00841e-2,0,0,2.62343e+1,3.15346e+1,6.90000e-5,0,0,0,0,0,0,2.41574e-1,0,0,0,0,0,0,0,0,0,0,0,0,0,0,0,2.78556e+2,7.22186e+0,2.68087e-2,0,0,0,0,1.20545e+2,1.57985e-1,0,0,0,0,0,0,0,8.40088e+0,3.98294e+1,0,0,0,0,0,0,5.13590e+2
"OECD_Europe","AUT","Austria",7.51676e-1,1.03464e-1,1.15548e+0,6.90821e-4,3.41483e+0,8.94511e-3,2.05153e-3,3.93559e-3,3.68914e+1,1.17212e+1,4.14872e+1,0,0,0,0,0,1.12200e-1,2.11820e-1,0,0,0,0,0,0,0,0,0,0,0,0,0,0,0,1.77223e+2,5.53713e+1,0,0,0,0,0,0,4.12964e-1,0,1.45889e+0,0,0,0,0,0,9.84578e+1,3.95365e+1,3.15600e-3,2.36520e+0,0,0,0,0,4.70693e+2
"OECD_Europe","BEL","Belgium",8.17671e-1,1.21456e-1,1.40857e+0,1.25604e-4,5.37445e+0,1.44214e-2,1.26609e-1,0,1.76925e+1,1.88362e+1,6.75367e+1,0,0,0,0,0,2.07000e-4,8.22000e-1,0,0,0,0,0,0,0,0,0,0,0,0,0,0,0,2.30030e+2,9.02074e+1,0,0,0,0,0,0,3.04984e-1,0,3.27720e-1,0,0,0,0,0,7.43280e+1,7.20228e+1,3.01037e+0,2.62626e+0,0,0,0,0,5.85608e+2
"OECD_Europe","CHE","Switzerland",4.26873e-1,8.16128e-3,4.39390e-1,2.88889e-3,4.37414e+0,1.56377e-3,2.05154e-3,0,9.43021e+0,2.87016e-1,3.71959e+1,0,0,0,0,0,6.62248e-2,5.50000e-3,0,0,0,0,0,0,0,0,0,0,0,0,0,0,0,1.33953e+2,3.49959e+1,0,0,0,0,0,0,1.17542e-1,3.31210e+0,0,0,0,0,0,0,3.53645e+1,1.24986e+1,1.20076e-5,1.29322e+0,0,0,0,0,2.73775e+2
"OECD_Europe","DEU","Germany",6.30009e+0,6.68299e-1,5.30121e+0,2.45137e-2,4.18512e+1,1.46609e-1,2.11894e-1,0,1.11556e+2,9.81233e+2,3.22233e+2,0,0,0,0,0,5.81145e+0,2.08237e+0,0,0,0,0,0,0,0,0,0,0,0,0,0,0,0,1.28865e+3,3.79793e+2,0,0,0,0,0,0,3.35586e+0,0,2.03856e+0,0,0,0,0,0,1.57094e+3,1.58795e+2,0,7.82396e-3,0,0,0,0,4.88100e+3
"OECD_Europe","DNK","Denmark",1.07380e+0,4.97901e-2,4.21196e-1,1.21417e-3,2.90162e+0,1.82440e-2,4.89438e-2,5.77778e-3,9.94012e+0,1.35720e-1,1.98285e+1,0,0,0,0,0,0,0,0,0,0,0,0,0,0,0,0,0,0,0,0,0,0,1.66496e+2,9.48421e+1,0,0,0,0,0,0,7.10899e-1,0,0,0,0,0,0,0,8.20274e+1,9.38411e+0,0,1.80852e+0,0,0,0,0,3.89694e+2
"OECD_Europe","ESP","Spain",7.25469e-1,2.14725e-1,3.33065e+0,2.58115e-2,1.83515e+1,4.13530e-2,5.37208e-1,0,4.92480e+1,1.53626e+2,3.15011e+1,0,0,0,0,0,6.06449e-1,5.73650e-1,0,0,0,0,0,0,0,0,0,0,0,0,0,0,0,5.69100e+2,2.53982e+2,2.29265e+1,0,0,0,0,0,1.53900e+0,0,2.42976e+1,0,0,0,0,0,2.93394e+2,1.28008e+2,5.45635e-1,9.36080e+0,0,0,0,0,1.56194e+3
"OECD_Europe","FIN","Finland",1.33254e+0,5.67953e-2,3.26570e+0,2.80515e-3,3.49147e+0,1.04251e-2,3.37038e-2,0,1.94719e+1,2.41812e+0,6.09920e+0,0,0,0,0,0,8.07480e-2,4.25890e-1,0,0,0,0,0,0,0,0,0,0,0,0,0,0,0,8.77869e+1,2.42021e+1,0,0,0,0,0,0,2.32511e-1,5.86992e-1,8.00808e-2,0,0,0,0,0,1.47278e+2,1.64298e+2,0,7.24000e-1,0,0,0,0,4.61878e+2
"OECD_Europe","FRA","France",2.18229e+0,4.10894e-1,4.72889e+0,1.90081e-2,3.27192e+1,7.67987e-2,8.26473e-2,0,2.09668e+2,6.57700e+1,6.68416e+2,0,0,0,0,0,1.55320e+0,2.04157e+0,0,0,0,0,0,0,0,0,0,0,0,0,0,0,0,1.50404e+3,3.77175e+2,6.36698e+0,0,0,0,0,0,6.03986e+0,0,1.38175e+0,0,0,0,0,0,5.10943e+2,1.79758e+2,1.81069e+1,7.66956e+0,0,0,0,0,3.59915e+3
"OECD_Europe","FRO","Faroe Islands",0,0,0,0,0,0,0,0,0,0,0,0,0,0,0,0,0,0,0,0,0,0,0,0,0,0,0,0,0,0,0,0,0,6.10184e-1,2.48630e-2,0,0,0,0,0,0,1.09866e-5,0,0,0,0,0,0,0,8.98424e-1,4.14413e-2,2.41465e-2,1.52498e-2,0,0,0,0,1.61432e+0
"OECD_Europe","GBR","United Kingdom",1.87924e+0,8.80256e-1,3.47379e+0,2.83654e-2,3.85842e+1,1.17631e-1,3.81878e-1,0,9.08490e+1,6.38983e+2,7.12145e+2,0,0,0,0,0,2.10385e+0,1.09115e+0,0,0,0,0,0,0,0,0,0,0,0,0,0,0,0,1.15349e+3,2.07077e+2,0,0,0,0,0,0,2.24617e+0,0,1.37638e+0,0,0,0,0,0,2.42492e+3,1.05733e+2,5.16912e+0,2.53218e+0,0,0,0,0,5.39307e+3
"OECD_Europe","GIB","Gibraltar",0,0,0,0,3.42248e-2,0,0,0,0,0,0,0,0,0,0,0,0,0,0,0,0,0,0,0,0,0,0,0,0,0,0,0,0,0,0,0,0,0,0,0,0,0,0,0,0,0,0,0,0,1.79903e-1,2.47560e-2,6.61376e-3,4.58196e-3,0,0,0,0,2.50080e-1
"OECD_Europe","GRC","Greece",3.86365e-1,5.12839e-2,8.22035e-1,1.07601e-2,5.56593e+0,8.59759e-3,1.77312e-1,0,1.28019e+1,4.75995e+1,7.40922e+0,0,0,0,0,0,3.43200e-3,0,0,0,0,0,0,0,0,0,0,0,0,0,0,0,0,1.39161e+2,2.94611e+1,3.85229e+0,0,0,0,0,0,6.57128e-1,9.01104e-2,2.50224e+0,0,0,0,0,0,9.04346e+1,1.62418e+1,9.48000e-5,1.08998e-1,0,0,0,0,3.57346e+2
"OECD_Europe","GRL","Greenland",0,0,0,0,0,0,0,0,0,0,0,0,0,0,0,0,0,0,0,0,0,0,0,0,0,0,0,0,0,0,0,0,0,1.76000e-1,2.99675e-3,0,0,0,0,0,0,0,0,0,0,0,0,0,0,7.70142e-1,2.02309e-1,1.02167e-2,7.29816e-3,0,0,0,0,1.16896e+0
"OECD_Europe","IRL","Ireland",1.38937e-1,2.99070e-3,2.39533e-1,1.25604e-4,1.74060e+0,9.90389e-3,8.20613e-3,0,1.96948e+1,7.27678e-1,2.93809e+1,0,0,0,0,0,0,0,0,0,0,0,0,0,0,0,0,0,0,0,0,0,0,4.56916e+2,6.93187e+1,0,0,0,0,0,0,1.85235e-1,0,1.32185e-1,0,0,0,0,0,8.57706e+1,7.97945e+0,0,2.15523e-1,0,0,0,0,6.72461e+2
"OECD_Europe","ISL","Iceland",1.25604e-4,0,3.11456e-2,1.88406e-4,2.08757e-1,0,5.56845e-3,0,7.23500e-2,0,0,0,0,0,0,0,0,5.68161e-2,0,0,0,0,0,0,0,0,0,0,0,0,0,0,0,9.72311e+0,1.50053e+0,0,0,0,0,0,0,9.59421e-5,0,0,0,0,0,0,0,3.84266e+0,4.87663e-1,6.54833e-2,3.94422e-3,0,0,0,0,1.59984e+1
"OECD_Europe","ITA","Italy",7.09249e-1,3.23388e-1,2.76121e+0,5.00323e-3,3.86674e+1,3.47504e-2,1.18696e-1,2.08503e-2,2.18788e+1,1.27323e+1,3.40817e+2,0,0,0,0,0,1.08669e+0,9.99438e-1,0,0,0,0,0,0,0,0,0,0,0,0,0,0,0,6.28376e+2,2.37032e+2,5.77843e+1,0,0,0,0,0,2.99370e+0,5.64288e-1,7.10520e+0,0,0,0,0,0,7.16187e+2,1.25313e+2,7.71575e+0,4.90572e+0,0,0,0,0,2.20813e+3
"OECD_Europe","LUX","Luxembourg",3.92722e-2,0,1.73384e-1,2.09339e-5,8.16631e-1,1.21627e-3,0,0,1.41284e-1,0,3.62791e+0,0,0,0,0,0,0,2.90640e-1,0,0,0,0,0,0,0,0,0,0,0,0,0,0,0,1.49361e+1,3.17519e+1,0,0,0,0,0,0,1.46064e-2,0,3.15912e-1,0,0,0,0,0,3.43137e+0,3.96150e-1,0,1.45454e-2,0,0,0,0,5.59509e+1
"OECD_Europe","NLD","Netherlands",1.60314e+0,3.33959e-1,5.53746e-1,1.36071e-3,7.62847e+0,6.42885e-3,5.01160e-2,0,8.88207e+0,4.60763e+0,2.98638e+2,0,0,0,0,0,3.31599e+0,2.64670e-1,0,0,0,0,0,0,0,0,0,0,0,0,0,0,0,3.87428e+2,1.77654e+2,0,0,0,0,0,0,2.52698e-1,0,2.13269e-2,0,0,0,0,0,5.37127e+2,4.12414e+1,0,6.50000e-1,0,0,0,0,1.47026e+3
"OECD_Europe","NOR","Norway",1.70822e-1,4.50877e-1,7.88022e-1,1.84219e-3,2.80506e+0,5.90757e-3,1.77604e-1,0,8.39787e+0,6.31781e+0,3.39632e+2,0,0,0,0,0,2.30389e+0,1.05360e+0,0,0,0,0,0,0,0,0,0,0,0,0,0,0,0,8.95254e+1,1.72977e+1,0,0,0,0,0,0,9.03468e-2,0,0,0,0,0,0,0,1.90386e+2,4.21244e+1,7.26569e+0,7.26264e-1,0,0,0,0,7.09521e+2
"OECD_Europe","PRT","Portugal",2.51737e-1,3.50724e-2,1.87150e+0,1.67472e-3,3.84551e+0,1.04251e-2,1.20161e-2,0,2.00559e+1,3.58866e+0,3.81381e+0,0,0,0,0,0,1.26528e-1,2.99600e-2,0,0,0,0,0,0,0,0,0,0,0,0,0,0,0,1.45301e+2,5.53536e+1,5.64467e+0,0,0,0,0,0,1.76840e-1,0,2.78064e+0,0,0,0,0,0,1.85504e+2,5.29500e+1,2.45615e-1,2.31200e-1,0,0,0,0,4.81831e+2
"OECD_Europe","SWE","Sweden",1.87598e+0,4.64840e-2,5.11241e+0,9.50404e-3,6.08166e+0,6.42885e-3,2.87214e-2,3.89373e-3,1.71983e+1,3.21844e+0,2.26716e+1,0,0,0,0,0,2.14666e-1,2.40626e-1,0,0,0,0,0,0,0,0,0,0,0,0,0,0,0,1.25449e+2,3.57219e+1,0,0,0,0,0,0,3.61006e-1,5.90928e-1,2.35236e-1,0,0,0,0,0,1.23670e+2,1.94937e+2,3.23047e-2,7.63420e-1,0,0,0,0,5.38470e+2
"Central Europe","ALB","Albania",0,5.44283e-3,3.34943e-2,0,9.48480e-2,0,0,0,1.31066e+1,9.98559e-1,1.21774e+1,0,0,0,0,0,0,2.38150e-2,0,0,0,0,0,0,0,0,0,0,0,0,0,0,0,6.36885e+1,8.55061e+0,6.42048e-2,0,0,0,0,0,1.43733e-1,0,6.68112e-1,0,0,0,0,0,3.36374e+0,5.10974e+0,1.31559e-2,4.06792e-3,0,0,0,0,1.08046e+2
"Central Europe","BGR","Bulgaria",3.49078e-1,1.61005e-2,2.59234e-1,4.18681e-5,1.31071e+0,1.68414e-2,5.86152e-4,0,1.52926e+1,3.33348e+1,4.99289e+0,0,0,0,0,0,9.48034e-2,1.27320e-1,0,0,0,0,0,0,0,0,0,0,0,0,0,0,0,1.77150e+2,2.92265e+1,1.21187e+0,0,0,0,0,0,1.92694e+0,0,1.53665e+0,0,0,0,0,0,4.05832e+2,3.43483e+1,0,0,0,0,0,0,7.07027e+2
"Central Europe","BIH","Bosnia and Herzegovina",6.50629e-2,0,4.92786e-2,0,2.02321e-1,0,0,0,1.78389e+1,7.86498e+1,4.74302e+0,0,0,0,0,0,9.00370e-4,7.70000e-3,0,0,0,0,0,0,0,0,0,0,0,0,0,0,0,5.37641e+1,1.01771e+1,0,0,0,0,0,0,3.15866e-1,0,0,0,0,0,0,0,4.33869e+0,6.71913e+0,1.48789e-2,5.96412e-3,0,0,0,0,1.76893e+2
"Central Europe","CYP","Cyprus",6.24752e-4,1.47959e-3,4.60129e-2,0,2.39437e-1,0,0,0,1.31256e-1,9.14500e-2,1.93314e-1,0,0,0,0,0,0,0,0,0,0,0,0,0,0,0,0,0,0,0,0,0,0,7.89027e+0,3.28850e+0,0,0,0,0,0,0,1.60810e-2,0,0,0,0,0,0,0,6.84935e+0,3.45165e+0,0,0,0,0,0,0,2.21994e+1
"Central Europe","CZE","Czech Republic",5.57074e-1,5.09280e-2,3.09279e+0,0,2.42561e+0,0,0,3.39131e-3,6.68818e+1,1.47359e+2,1.06018e+1,0,0,0,0,0,2.13670e-1,4.75510e-1,0,0,0,0,0,0,0,0,0,0,0,0,0,0,0,2.96591e+2,5.31673e+1,0,0,0,0,0,0,1.96104e+0,0,4.15920e+0,0,0,0,0,0,8.19495e+1,4.64171e+1,0,3.21273e-1,0,0,0,0,7.16228e+2
"Central Europe","EST","Estonia",1.74702e-1,6.95009e-4,7.44015e-2,0,3.38357e-1,5.81755e-3,1.46538e-3,0,7.52019e+0,1.64981e+1,1.66246e+1,0,0,0,0,0,0,0,0,0,0,0,0,0,0,0,0,0,0,0,0,0,0,5.89488e+1,9.83413e+0,2.23647e+0,0,0,0,0,0,1.98844e-1,0,0,0,0,0,0,0,1.82101e+1,6.25693e+0,0,3.15240e-2,0,0,0,0,1.36955e+2
"Central Europe","HRV","Croatia",9.40468e-2,6.37915e-2,1.10220e-1,5.65218e-4,7.98107e-1,5.56008e-3,1.64123e-2,3.39131e-3,9.05193e+0,2.20884e+0,7.34381e+1,0,0,0,0,0,5.64924e-2,8.96016e-2,0,0,0,0,0,0,0,0,0,0,0,0,0,0,0,5.63113e+1,1.26694e+1,0,0,0,0,0,0,6.45788e-1,0,8.99448e-1,0,0,0,0,0,1.93812e+1,1.69670e+1,0,0,0,0,0,0,1.92811e+2
"Central Europe","HUN","Hungary",3.56642e-1,4.19030e-2,2.96727e-1,0,2.43516e+0,2.11978e-2,3.80999e-3,0,2.62034e+1,2.08134e+1,3.74483e+1,0,0,0,0,0,9.29970e-2,1.13030e-1,0,0,0,0,0,0,0,0,0,0,0,0,0,0,0,1.64847e+2,4.15980e+1,1.31085e+0,0,0,0,0,0,2.80528e+0,0,1.34630e+0,0,0,0,0,0,8.56413e+1,3.61851e+1,1.35600e-2,0,0,0,0,0,4.21574e+2
"Central Europe","LTU","Lithuania",1.01099e-1,1.51813e-2,1.23031e-1,0,1.12585e+0,2.08503e-2,2.93076e-4,0,1.11072e+1,1.73910e-2,5.63487e+1,0,0,0,0,0,9.67780e-2,0,0,0,0,0,0,0,0,0,0,0,0,0,0,0,0,1.76146e+2,2.95179e+1,0,0,0,0,0,0,7.13351e-1,0,1.11840e+0,0,0,0,0,0,4.01972e+1,1.13986e+1,7.77822e-4,0,0,0,0,0,3.28048e+2
"Central Europe","LVA","Latvia",1.26081e-1,1.00483e-3,5.75308e-2,0,1.07833e+0,2.41515e-2,8.79228e-4,5.44284e-4,2.65653e+1,7.47100e-2,5.31163e+1,0,0,0,0,0,0,0,0,0,0,0,0,0,0,0,0,0,0,0,0,0,0,1.23919e+2,1.78345e+1,0,0,0,0,0,0,3.94046e-1,0,1.73796e-1,0,0,0,0,0,2.10255e+1,6.89443e+0,1.26901e-5,0,0,0,0,0,2.51286e+2
"Central Europe","MKD","Macedonia, the former Yugoslav Republic of",5.65637e-2,1.73752e-4,6.58333e-2,0,2.56437e-1,1.21627e-3,0,0,6.46267e+0,8.02077e+0,2.68731e-1,0,0,0,0,0,7.11641e-2,4.01038e-2,0,0,0,0,0,0,0,0,0,0,0,0,0,0,0,3.57574e+1,4.60924e+0,2.26589e+0,0,0,0,0,0,1.90400e-1,0,4.86360e-1,0,0,0,0,0,4.46213e+0,7.02901e+0,1.83850e-2,4.52580e-3,0,0,0,0,7.00670e+1
"Central Europe","MLT","Malta",4.29703e-3,0,0,0,1.15979e-1,0,0,0,1.13044e-2,0,0,0,0,0,0,0,0,0,0,0,0,0,0,0,0,0,0,0,0,0,0,0,0,1.72239e+0,7.88594e-1,0,0,0,0,0,0,9.98197e-4,0,0,0,0,0,0,0,6.24879e+0,4.22239e-1,0,0,0,0,0,0,9.31459e+0
"Central Europe","POL","Poland",2.11338e+0,1.56149e-1,2.35387e+0,0,6.55541e+0,4.84998e-2,1.46538e-2,0,2.10677e+2,3.00588e+3,1.69892e+2,0,0,0,0,0,2.60350e-1,7.64054e-1,0,0,0,0,0,0,0,0,0,0,0,0,0,0,0,7.34729e+2,1.56901e+2,0,0,0,0,0,0,5.68056e+0,0,2.85288e+0,0,0,0,0,0,3.38411e+2,1.14760e+2,2.59872e-1,3.65082e-1,0,0,0,0,4.75267e+3
"Central Europe","ROU","Romania",1.45960e+0,1.23878e-1,5.96326e-1,0,2.00984e+0,6.10458e-2,1.02283e-1,5.44284e-3,2.74491e+1,8.20447e+1,5.49793e+2,0,0,0,0,0,5.34348e-1,4.51321e-1,0,0,0,0,0,0,0,0,0,0,0,0,0,0,0,4.62049e+2,1.09267e+2,4.38733e+0,0,0,0,0,0,3.68161e+0,0,0,0,0,0,0,0,1.02217e+2,6.16933e+1,1.58924e-2,0,0,0,0,0,1.40794e+3
"Central Europe","SCG","Serbia and Montenegro",3.62544e-1,0,3.45788e-1,0,5.46573e-1,0,0,0,3.39729e+1,5.98515e+1,1.01047e+2,0,0,0,0,0,1.41173e-1,1.26000e-1,0,0,0,0,0,0,0,0,0,0,0,0,0,0,0,1.99047e+2,4.51313e+1,0,0,0,0,0,0,2.04593e+0,0,0,0,0,0,0,0,1.33440e+1,3.37872e+1,5.11412e-2,1.29140e-2,0,0,0,0,4.89812e+2
"Central Europe","SVK","Slovakia",1.24177e-1,2.79783e-2,6.72208e-1,0,7.86028e-1,0,0,0,4.39230e+0,5.91298e+0,3.29922e+1,0,0,0,0,0,8.75800e-2,4.08230e-1,0,0,0,0,0,0,0,0,0,0,0,0,0,0,0,1.30781e+2,2.44776e+1,0,0,0,0,0,0,1.78867e+0,0,3.95952e-1,0,0,0,0,0,2.75522e+1,3.36858e+1,0,8.00000e-2,0,0,0,0,2.64165e+2
"Central Europe","SVN","Slovenia",6.56047e-2,7.38313e-4,1.38221e-1,0,1.21466e+0,2.78004e-3,0,0,8.67049e+0,3.51402e+1,2.44730e+0,0,0,0,0,0,1.89940e-1,3.42144e-2,0,0,0,0,0,0,0,0,0,0,0,0,0,0,0,4.65368e+1,7.65641e+0,0,0,0,0,0,0,1.22891e-1,0,0,0,0,0,0,0,1.97620e+1,8.86379e+0,0,4.14440e-6,0,0,0,0,1.30846e+2
"Turkey","TUR","Turkey",6.84742e-1,7.02803e-2,1.22171e+0,6.23832e-3,4.91060e+0,3.52528e-2,7.29759e-2,8.37360e-4,1.51123e+2,1.74032e+2,4.81123e+1,0,0,0,0,0,3.50449e-1,4.07276e-1,0,0,0,0,0,0,0,0,0,0,0,0,0,0,0,9.36769e+2,1.81181e+2,1.63704e+1,0,0,0,0,0,3.11102e+1,0,2.73744e+0,0,0,0,0,0,3.05837e+2,2.92093e+2,0,6.19936e-1,0,0,0,0,2.14774e+3
"Ukraine +","BLR","Belarus",8.80627e-1,3.03962e-2,2.26659e-1,2.00757e-2,2.74552e+0,8.32274e-2,9.37846e-3,3.85185e-3,2.52453e+1,7.88330e-2,1.99210e+1,0,0,0,0,0,3.06199e-2,0,0,0,0,0,0,0,0,0,0,0,0,0,0,0,0,5.33846e+2,8.15406e+1,0,0,0,0,0,0,2.01507e+0,0,2.82792e-2,0,0,0,0,0,1.31647e+2,2.91001e+1,0,6.64308e-2,0,0,0,0,8.27520e+2
"Ukraine +","MDA","Moldova, Republic of",1.33675e-1,0,3.30339e-2,0,5.50923e-1,1.98077e-2,0,7.78746e-3,6.52848e+0,4.74300e-3,6.94281e+1,0,0,0,0,0,0,0,0,0,0,0,0,0,0,0,0,0,0,0,0,0,0,9.48971e+1,2.12524e+1,0,0,0,0,0,0,6.75369e-1,0,5.73744e-2,0,0,0,0,0,5.71137e+0,1.63370e+1,2.26167e-2,4.21832e-3,0,0,0,0,2.15664e+2
"Ukraine +","UKR","Ukraine",3.22596e+0,2.42152e-1,6.33932e+0,3.34944e-4,7.45969e+0,8.30535e-2,0,1.14886e-1,8.51856e+1,7.91100e+2,1.88156e+3,0,0,0,0,0,1.64215e+0,5.75170e+0,0,0,0,0,0,0,0,0,0,0,0,0,0,0,0,1.93411e+3,3.06643e+2,9.25117e+0,0,0,0,0,0,1.25065e+1,0,1.17614e+0,0,0,0,0,0,3.01408e+2,1.55209e+2,0,2.56612e-1,0,0,0,0,5.50327e+3
"Asia-Stan","KAZ","Kazakhstan",7.63338e-1,2.64246e-1,6.88307e+0,5.28770e-3,3.29390e+0,9.57376e-2,2.34461e-3,0,7.60860e+0,1.09186e+3,5.14066e+2,0,0,0,0,0,1.00950e-2,1.87246e+0,0,0,0,0,0,0,0,0,0,0,0,0,0,0,0,9.90983e+2,7.16642e+1,3.27841e+1,0,0,0,0,0,1.01893e+1,2.39203e+1,1.35943e+2,0,0,0,0,0,1.05702e+2,5.22709e+1,0,2.68600e-1,0,0,0,0,3.05045e+3
"Asia-Stan","KGZ","Kyrgyzstan",4.13363e-2,0,2.00088e-1,1.33978e-3,4.51884e-1,0,0,0,8.68553e-1,1.26210e+1,1.01577e+1,0,0,0,0,0,0,0,0,0,0,0,0,0,0,0,0,0,0,0,0,0,0,1.78455e+2,8.46464e+0,5.32391e-1,0,0,0,0,0,4.58427e-1,9.72336e-2,5.62008e+0,0,0,0,0,0,5.81771e+0,2.43776e+1,0,3.67954e-2,0,0,0,0,2.48202e+2
"Asia-Stan","TJK","Tajikistan",3.01450e-2,0,0,0,1.43918e+0,0,0,0,3.97725e+0,3.11624e+0,2.03944e+1,0,0,0,0,0,0,0,0,0,0,0,0,0,0,0,0,0,0,0,0,0,0,1.19127e+2,1.04666e+1,2.80207e+0,0,0,0,0,0,1.11814e-1,0,4.70664e-2,0,0,0,0,0,6.13629e+0,2.47865e+1,0,2.73941e-2,0,0,0,0,1.92462e+2
"Asia-Stan","TKM","Turkmenistan",8.03866e-2,1.15095e-1,0,0,8.61792e-1,0,0,0,5.62916e+0,0,8.81700e+2,0,0,0,0,0,3.72600e-4,0,0,0,0,0,0,0,0,0,0,0,0,0,0,0,0,1.04551e+2,1.06887e+1,7.84578e+0,0,0,0,0,0,2.35018e-1,2.31778e-2,1.84711e-1,0,0,0,0,0,8.06734e+0,2.27240e+1,0,5.92504e-2,0,0,0,0,1.04277e+3
"Asia-Stan","UZB","Uzbekistan",6.29485e-1,1.36892e-1,0,1.84220e-3,3.18015e+0,0,0,0,1.53448e+1,7.36685e+0,8.32417e+2,0,0,0,0,0,0,0,0,0,0,0,0,0,0,0,0,0,0,0,0,0,0,4.74522e+2,4.25054e+1,5.09976e+1,0,0,0,0,0,7.47684e-1,2.25586e-2,8.24256e-1,0,0,0,0,0,2.49883e+1,1.04717e+2,0,1.99442e-1,0,0,0,0,1.55860e+3
"Russia +","ARM","Armenia",2.05153e-2,0,3.75975e-2,0,5.70670e-1,0,0,0,2.96278e+0,0,5.01215e+1,0,0,0,0,0,0,0,0,0,0,0,0,0,0,0,0,0,0,0,0,0,0,4.78047e+1,6.55021e+0,0,0,0,0,0,0,9.97150e-2,0,3.99672e-2,0,0,0,0,0,1.07352e+1,5.06663e+0,0,4.83468e-2,0,0,0,0,1.24058e+2
"Russia +","AZE","Azerbaijan",1.05968e-1,1.64960e-2,1.92593e-1,8.37360e-5,1.29576e+0,0,0,3.89372e-3,1.58052e+0,0,2.43221e+2,0,0,0,0,0,3.13200e-3,0,0,0,0,0,0,0,0,0,0,0,0,0,0,0,0,1.58063e+2,2.78980e+1,3.80707e-1,0,0,0,0,0,4.28719e-1,0,4.07472e-2,0,0,0,0,0,2.10349e+1,4.54035e+1,0,9.97024e-2,0,0,0,0,4.99769e+2
"Russia +","GEO","Georgia",6.51885e-2,0,1.17500e-1,0,4.20812e-1,1.88616e-3,0,2.26087e-3,2.25684e+1,1.95188e+0,5.71014e+1,0,0,0,0,0,0,2.00000e-1,0,0,0,0,0,0,0,0,0,0,0,0,0,0,0,9.73918e+1,1.69295e+1,0,0,0,0,0,0,1.54438e-1,0,1.19794e-1,0,0,0,0,0,2.06728e+1,1.28031e+1,0,5.58888e-2,0,0,0,0,2.30557e+2
"Russia +","RUS","Russian Federation",1.83982e+1,1.84601e+0,7.23702e+0,1.53161e-1,4.32332e+1,7.94397e-1,7.31224e-1,1.92781e+0,6.08007e+2,2.31387e+3,1.61731e+4,0,0,0,0,0,7.55489e+0,5.12984e+0,0,0,0,0,0,0,0,0,0,0,0,0,0,0,0,4.69638e+3,7.59638e+2,1.00887e+2,0,0,0,0,0,3.53198e+1,7.37760e+1,2.78544e+2,0,0,0,0,0,1.28583e+3,1.05163e+3,0,0,0,0,0,0,2.74640e+4
"Middle_East","ARE","United Arab Emirates",7.37744e-1,3.90209e-2,6.35012e-1,0,2.00161e+0,0,0,0,3.42252e-1,1.56736e-1,6.78666e+2,0,0,0,0,0,0,0,0,0,0,0,0,0,0,0,0,0,0,0,0,0,0,1.37007e+1,8.07451e-1,0,0,0,0,0,0,2.45305e-3,0,0,0,0,0,0,0,1.27025e+1,8.98084e+0,0,1.48418e-1,0,0,0,0,7.18921e+2
"Middle_East","BHR","Bahrain",2.70723e-1,1.35215e-1,6.51048e-2,0,3.27292e-1,0,0,0,1.63286e-2,1.71120e-2,7.58848e+1,0,0,0,0,0,8.30875e-1,0,0,0,0,0,0,0,0,0,0,0,0,0,0,0,0,8.81071e-1,3.10530e-2,0,0,0,0,0,0,1.29160e-5,0,0,0,0,0,0,0,3.24931e+0,3.90965e+0,0,2.88652e-2,0,0,0,0,8.56475e+1
"Middle_East","IRN","Iran, Islamic Republic of",8.80458e-1,1.80453e-1,1.72287e+0,0,1.19192e+1,0,0,0,1.35971e+1,1.80871e+1,1.62236e+3,0,0,0,0,0,1.67764e-1,0,0,0,0,0,0,0,0,0,0,0,0,0,0,0,0,6.61506e+2,2.63324e+1,1.59626e+2,0,0,0,0,0,0,0,1.68310e-2,0,0,0,0,0,1.27142e+2,2.80789e+2,0,1.50470e+0,0,0,0,0,2.92583e+3
"Middle_East","IRQ","Iraq",1.86271e-1,5.61847e-2,4.52300e-1,0,4.02669e+0,0,0,0,5.51611e-1,1.28030e+0,2.98775e+2,0,0,0,0,0,0,0,0,0,0,0,0,0,0,0,0,0,0,0,0,0,0,9.83951e+1,3.99603e+0,2.54438e+1,0,0,0,0,0,2.14853e+0,0,1.81769e+0,0,0,0,0,0,6.98311e+1,6.97852e+1,0,3.33879e-1,0,0,0,0,5.77080e+2
"Middle_East","ISR","Israel",1.07048e-1,4.57491e-2,6.54396e-2,0,1.94739e+0,2.78004e-3,0,0,5.53285e-1,3.14155e-1,3.14134e+0,0,0,0,0,0,1.47125e-1,0,0,0,0,0,0,0,0,0,0,0,0,0,0,0,0,3.46711e+1,1.74231e+0,0,0,0,0,0,0,2.01993e-1,0,0,0,0,0,0,0,3.41429e+1,1.96151e+1,0,3.12191e-1,0,0,0,0,9.70100e+1
"Middle_East","JOR","Jordan",1.77235e-2,1.16550e-2,5.03673e-2,0,7.22723e-1,0,0,0,4.85717e-1,1.38548e+0,4.08918e+0,0,0,0,0,0,0,0,0,0,0,0,0,0,0,0,0,0,0,0,0,0,0,2.12749e+1,1.04731e+0,0,0,0,0,0,0,1.01167e-1,0,0,0,0,0,0,0,9.42307e+0,1.43130e+1,0,1.13810e-1,0,0,0,0,5.30361e+1
"Middle_East","KWT","Kuwait",7.72290e-2,1.19475e-1,1.08271e-1,0,1.42508e+0,0,0,0,2.35089e-1,2.06770e-1,2.46408e+2,0,0,0,0,0,1.32000e-1,0,0,0,0,0,0,0,0,0,0,0,0,0,0,0,0,8.19762e-1,2.58531e-2,0,0,0,0,0,0,8.11335e-4,0,0,0,0,0,0,0,1.61132e+1,9.66486e+0,0,1.11071e-1,0,0,0,0,2.75448e+2
"Middle_East","LBN","Lebanon",0,1.06499e-3,8.41548e-3,0,1.29747e+0,0,0,0,1.30222e+0,1.09740e+0,8.99754e-1,0,0,0,0,0,0,0,0,0,0,0,0,0,0,0,0,0,0,0,0,0,0,8.17249e+0,7.95512e-1,0,0,0,0,0,0,8.59278e-2,0,0,0,0,0,0,0,1.06571e+1,1.16905e+1,0,8.81060e-2,0,0,0,0,3.60959e+1
"Middle_East","OMN","Oman",2.62603e-1,6.83284e-2,1.76809e-1,0,7.44306e-1,0,0,0,2.15127e-1,2.02461e-1,2.72553e+2,0,0,0,0,0,0,0,0,0,0,0,0,0,0,0,0,0,0,0,0,0,0,1.59816e+1,6.98639e-1,0,0,0,0,0,0,3.49744e-3,0,0,0,0,0,0,0,5.47199e+0,8.20694e+0,0,8.23140e-2,0,0,0,0,3.04668e+2
"Middle_East","QAT","Qatar",3.72181e-1,2.12818e-1,6.10854e-2,2.19807e-3,3.96382e-1,0,0,0,2.77120e-2,5.48700e-3,2.12465e+2,0,0,0,0,0,1.09791e-1,0,0,0,0,0,0,0,0,0,0,0,0,0,0,0,0,3.56820e+0,2.48544e-1,0,0,0,0,0,0,1.90893e-3,0,0,0,0,0,0,0,3.78732e+0,8.59363e+0,0,3.53214e-2,0,0,0,0,2.29888e+2
"Middle_East","SAU","Saudi Arabia",3.27747e+0,1.11488e+0,6.77634e-1,1.06381e-2,1.08682e+1,0,0,0,3.24477e-1,8.99217e-1,1.49357e+3,0,0,0,0,0,4.37145e+0,0,0,0,0,0,0,0,0,0,0,0,0,0,0,0,0,8.70608e+1,4.69159e+0,0,0,0,0,0,0,3.06003e+0,0,0,0,0,0,0,0,8.50815e+1,7.51189e+1,0,8.22464e-1,0,0,0,0,1.77094e+3
"Middle_East","SYR","Syrian Arab Republic",1.10440e-1,3.18091e-2,3.01617e-1,0,1.94720e+0,0,0,0,5.97505e+0,9.14500e-2,2.77077e+2,0,0,0,0,0,0,0,0,0,0,0,0,0,0,0,0,0,0,0,0,0,0,1.14776e+2,4.07839e+0,5.35657e-3,0,0,0,0,0,3.08630e+0,0,2.64432e-1,0,0,0,0,0,2.31330e+1,4.60017e+1,0,2.24119e-1,0,0,0,0,4.77103e+2
"Middle_East","YEM","Yemen",9.09037e-3,7.44038e-3,0,0,1.75613e+0,0,0,0,2.70851e+0,4.66395e+0,2.19118e+1,0,0,0,0,0,0,0,0,0,0,0,0,0,0,0,0,0,0,0,0,0,0,9.89754e+1,4.37815e+0,0,0,0,0,0,0,6.11172e-1,0,0,0,0,0,0,0,5.02451e+0,4.72688e+1,0,7.17788e-2,0,0,0,0,1.87387e+2
"India +","AFG","Afghanistan",2.05504e-3,0,7.16359e-2,1.38857e-4,2.56689e-1,0,1.54892e-3,0,7.11492e+0,6.08026e+0,1.19300e+1,0,0,0,0,0,0,0,0,0,0,0,0,0,0,0,0,0,0,0,0,0,0,1.85825e+2,9.19206e+0,4.49654e+1,0,0,0,0,0,3.90052e-1,0,0,0,0,0,0,0,7.84015e+0,7.79282e+1,0,9.33984e-2,0,0,0,0,3.51692e+2
"India +","BGD","Bangladesh",1.42305e-1,2.82217e-3,6.51048e-2,0,3.89626e-1,1.47689e-2,3.42899e-2,0,1.63322e+2,2.40788e+1,1.00004e+2,0,0,0,0,0,0,0,0,0,0,0,0,0,0,0,0,0,0,0,0,0,0,7.43912e+2,6.93620e+1,2.37953e+3,0,0,0,0,2.44224e-1,1.17694e+1,1.83831e+1,0,0,0,0,0,0,1.04691e+2,4.82611e+2,0,0,0,0,0,0,4.09855e+3
"India +","BTN","Bhutan",4.11498e-4,0,7.82791e-3,2.69098e-4,1.57985e-2,0,1.44137e-4,0,1.40447e+1,1.53562e+1,5.65204e-3,0,0,0,0,0,0,0,0,0,0,0,0,0,0,0,0,0,0,0,0,0,0,1.24504e+1,1.29904e+0,6.68058e+0,0,0,0,0,0,1.91793e-1,0,0,0,0,0,0,0,3.65282e-1,6.52312e+0,0,3.22591e-3,0,0,0,0,5.69445e+1
"India +","IND","India",2.94153e+0,3.92609e-1,1.23733e+1,0,1.55950e+1,4.25901e-1,1.41848e-1,3.39131e-3,1.73541e+3,1.19582e+3,3.91681e+2,0,0,0,0,0,6.99602e-1,1.63459e+0,0,0,0,0,0,0,0,0,0,0,0,0,0,0,0,1.20752e+4,1.04361e+3,4.27681e+3,0,0,0,0,2.55288e+1,2.11356e+2,6.98496e+1,5.11128e-1,0,0,0,0,0,6.23173e+2,3.22565e+3,0,2.34004e+1,4.50000e+1,0,0,0,2.49772e+4
"India +","IOT","British Indian Ocean Territory",0,0,0,0,0,0,0,0,0,0,0,0,0,0,0,0,0,0,0,0,0,0,0,0,0,0,0,0,0,0,0,0,0,0,0,0,0,0,0,0,0,0,0,0,0,0,0,0,0,0,0,0,0,0,0,0,0,0,
"India +","LKA","Sri Lanka",1.39345e-2,3.17695e-3,8.45232e-1,1.80032e-3,5.54111e-1,4.51757e-3,0,0,3.45394e+1,9.14500e-1,4.33511e-1,0,0,0,0,0,0,0,0,0,0,0,0,0,0,0,0,0,0,0,0,0,0,1.10265e+2,9.58167e+0,2.46304e+2,0,0,0,0,1.57243e-1,2.02813e-1,1.65532e+0,0,0,0,0,0,0,3.20754e+1,8.32207e+1,0,0,0,0,0,0,5.20771e+2
"India +","MDV","Maldives",4.33074e-4,0,1.26177e-3,2.76104e-5,8.33721e-3,0,2.43369e-4,0,9.42849e-3,4.57250e-2,5.86868e-3,0,0,0,0,0,0,0,0,0,0,0,0,0,0,0,0,0,0,0,0,0,0,0,0,0,0,0,0,0,0,8.23411e-3,0,0,0,0,0,0,0,4.02702e-1,7.61942e-1,0,2.55049e-3,0,0,0,0,1.24675e+0
"India +","NPL","Nepal",0,0,5.66056e-2,0,1.01103e-1,0,0,0,5.65203e+1,4.76463e+0,0,0,0,0,0,0,0,0,0,0,0,0,0,0,0,0,0,0,0,0,0,0,0,3.74164e+2,3.23142e+1,3.40679e+2,0,0,0,0,7.83168e-1,7.20522e+0,3.49683e-1,0,0,0,0,0,0,2.93906e+0,8.26385e+1,0,0,0,0,0,0,9.02516e+2
"India +","PAK","Pakistan",3.27553e-1,1.28194e-2,9.06568e-1,0,2.66844e+0,4.32643e-2,0,4.18680e-5,1.34013e+2,4.80755e+1,6.20347e+2,0,0,0,0,0,0,0,0,0,0,0,0,0,0,0,0,0,0,0,0,0,0,2.20508e+3,1.57721e+2,7.22903e+2,0,0,0,0,1.24584e+0,7.10725e+0,8.29124e-2,9.33528e-2,0,0,0,0,0,9.63246e+1,4.58356e+2,0,1.09993e+0,0,0,0,0,4.45641e+3
"Korea","KOR","Korea, Republic of",4.67305e-1,2.27920e-1,3.31389e+0,3.47085e-2,1.01931e+1,5.21259e-2,6.20442e-1,0,7.82768e+1,1.63208e+2,5.10668e+1,0,0,0,0,0,1.00280e+0,2.06121e+0,0,0,0,0,0,0,0,0,0,0,0,0,0,0,0,2.20163e+2,1.61150e+1,4.66671e+2,0,0,0,0,0,4.36007e-1,0,6.21792e-1,0,0,0,0,0,1.00040e+2,3.16989e+2,0,0,0,0,0,0,1.43156e+3
"Korea","PRK","Korea, Democratic People's Republic of",1.05851e-1,1.47375e-3,6.17151e+0,0,8.85393e-1,0,0,0,6.78254e+1,4.47456e+2,3.98357e-1,0,0,0,0,0,0,1.10000e-1,0,0,0,0,0,0,0,0,0,0,0,0,0,0,0,5.91501e+1,1.13957e+1,1.71062e+2,0,0,0,0,0,4.57874e+0,0,7.24200e+1,0,0,0,0,0,3.26453e+1,1.01667e+2,1.72024e-1,0,0,0,0,0,9.76044e+2
"China +","CHN","China",5.98066e+0,2.03661e+0,7.71838e+1,3.01239e-2,2.96070e+1,1.13938e+0,8.12407e-1,3.09823e-3,4.63123e+3,1.11359e+4,9.59743e+2,0,0,0,0,0,7.00391e+0,1.01237e+1,0,0,0,0,0,0,0,0,0,0,0,0,0,0,0,7.28112e+3,1.15525e+3,1.57473e+4,0,0,0,0,1.17602e+1,1.41490e+1,2.59418e+1,1.31186e+2,0,0,0,0,0,1.25143e+3,5.53002e+3,9.15213e+0,2.94603e+0,9.00000e+1,0,0,0,4.81110e+4
"China +","HKG","Hong Kong",2.05748e-1,0,1.46454e-1,0,7.37215e-1,0,2.93076e-4,0,2.69421e-1,0,3.61095e+0,0,0,0,0,0,0,0,0,0,0,0,0,0,0,0,0,0,0,0,0,0,0,0,0,0,0,0,0,0,0,0,0,0,0,0,0,0,0,4.42475e+1,2.86652e+1,2.06028e-1,0,0,0,0,0,7.80888e+1
"China +","MAC","Macao",5.37785e-4,0,3.03456e-3,2.76858e-4,3.27834e-2,0,6.86539e-4,0,3.07737e-2,0,6.17357e-2,0,0,0,0,0,0,0,0,0,0,0,0,0,0,0,0,0,0,0,0,0,0,0,0,0,0,0,0,0,0,0,0,0,0,0,0,0,0,2.65915e+0,1.62599e+0,1.30341e-2,0,0,0,0,0,4.42800e+0
"China +","MNG","Mongolia",6.74102e-2,0,6.83916e-2,1.00702e-3,5.62387e-1,9.62964e-4,3.49451e-3,0,8.95381e+0,3.98525e+1,2.54111e-3,0,0,0,0,0,0,0,0,0,0,0,0,0,0,0,0,0,0,0,0,0,0,2.96939e+2,1.40712e+1,0,0,0,0,0,0,2.59316e-2,8.96544e-1,7.55064e+1,0,0,0,0,0,2.33893e+0,9.16808e+0,1.53835e-2,0,0,0,0,0,4.48474e+2
"China +","TWN","Taiwan_Province of China",3.80047e-1,1.58837e-1,2.23519e+0,2.71701e-3,9.44211e+0,6.42883e-3,7.53205e-2,0,9.25289e-1,8.14061e+0,2.37573e+1,0,0,0,0,0,4.40490e-1,5.45927e-1,0,0,0,0,0,0,0,0,0,0,0,0,0,0,0,2.07586e+1,4.42282e+1,0,0,0,0,0,0,0,0,0,0,0,0,0,0,9.30578e+1,1.03654e+2,4.61150e-1,0,0,0,0,0,3.08270e+2
"Southeastern Asia","BRN","Brunei Darussalam",9.19840e-2,7.48599e-2,1.29372e-2,0,2.57306e-1,0,0,0,4.58395e-2,1.64610e-2,1.57313e+2,0,0,0,0,0,0,0,0,0,0,0,0,0,0,0,0,0,0,0,0,0,0,3.84027e-1,1.06334e-1,1.68124e-1,0,0,0,0,0,5.39417e-3,3.74048e+1,0,0,0,0,0,0,1.51355e+0,1.29491e+0,4.17714e-2,1.12635e-2,0,0,0,0,1.98742e+2
"Southeastern Asia","KHM","Cambodia",6.28536e-4,0,4.38664e-2,1.37077e-3,6.36571e-2,0,4.81922e-4,0,4.63809e+1,2.78191e+0,2.80205e-2,0,0,0,0,0,0,0,0,0,0,0,0,0,0,0,0,0,0,0,0,0,0,1.60427e+2,2.18386e+1,3.50560e+2,0,0,0,0,9.12840e+1,1.32287e+1,0,0,0,0,0,0,0,4.69228e+0,3.68455e+1,1.33091e-1,4.92664e-2,0,0,0,0,7.28359e+2
"Southeastern Asia","LAO","Lao People's Democratic Republic",2.79353e-4,0,1.83804e-2,5.93678e-4,3.17982e-2,0,2.24973e-4,0,2.33802e+1,1.40194e+0,1.77176e-2,0,0,0,0,0,0,0,0,0,0,0,0,0,0,0,0,0,0,0,0,0,0,1.03051e+2,1.29606e+1,9.24956e+1,0,0,0,0,1.23163e+2,5.88497e+0,6.11021e+1,0,0,0,0,0,0,2.05691e+0,1.69240e+1,0,0,0,0,0,0,4.42489e+2
"Southeastern Asia","MMR","Myanmar",7.64431e-2,1.40640e-2,4.09469e-2,0,2.83079e-1,0,1.17230e-3,8.37360e-5,8.79127e+1,4.46958e+1,2.13439e+1,0,0,0,0,0,0,0,0,0,0,0,0,0,0,0,0,0,0,0,0,0,0,5.67106e+2,6.04624e+1,1.16983e+3,0,0,0,0,8.71704e+1,5.53420e+1,2.67403e+3,0,0,0,0,0,0,3.10893e+1,1.92620e+2,0,0,0,0,0,0,4.99202e+3
"Southeastern Asia","MYS","Malaysia",4.95139e-1,3.41600e-1,8.08051e-1,0,5.28183e+0,0,0,0,2.04822e+1,3.65288e+1,4.35137e+2,0,0,0,0,0,1.29788e+0,0,0,0,0,0,0,0,0,0,0,0,0,0,0,0,0,4.90285e+1,2.24772e+1,1.94682e+2,0,0,0,0,6.93144e+1,7.79684e+0,3.30065e+2,0,0,0,0,0,0,5.87667e+1,9.76503e+1,8.49959e-1,1.03889e+0,0,0,0,0,1.33204e+3
"Southeastern Asia","PHL","Philippines",1.01229e-1,9.73415e-2,1.56554e+0,6.28019e-5,1.73132e+0,0,1.14886e-1,0,7.57740e+1,9.99133e+1,4.18401e+0,0,0,0,0,0,1.26078e-3,3.90760e-1,0,0,0,0,0,0,0,0,0,0,0,0,0,0,0,2.80072e+2,5.89252e+1,9.05635e+2,0,0,0,0,1.02991e+1,5.27878e+1,1.49022e+1,0,0,0,0,0,0,1.26067e+2,3.32950e+2,0,2.05409e+0,0,0,0,0,1.96757e+3
"Southeastern Asia","SGP","Singapore",1.70684e-2,1.82957e-1,1.64541e-2,0,7.67786e-1,0,0,0,7.16185e-3,3.20075e+0,2.49667e+1,0,0,0,0,0,2.05212e-1,0,0,0,0,0,0,0,0,0,0,0,0,0,0,0,0,2.30728e-1,7.35386e-1,0,0,0,0,0,1.94791e+0,1.31499e-5,0,0,0,0,0,0,0,7.71770e+0,1.47731e+1,4.18378e+0,0,0,0,0,0,5.89528e+1
"Southeastern Asia","THA","Thailand",6.67509e-1,4.46417e-2,5.27506e+0,0,6.34097e+0,2.08503e-2,6.35975e-2,0,1.33319e+2,4.57183e+2,1.36458e+2,0,0,0,0,0,2.90418e-1,5.30640e-3,0,0,0,0,0,0,0,0,0,0,0,0,0,0,0,7.29241e+2,5.27573e+1,2.11492e+3,0,0,0,0,1.08185e+2,6.76349e+1,3.71940e+1,0,0,0,0,0,0,1.68165e+2,2.69832e+2,2.03192e+0,1.86525e+0,0,0,0,0,4.29149e+3
"Southeastern Asia","TLS","Timor-Leste",0,0,3.32064e-3,0,0,0,0,0,2.34948e-1,0,0,0,0,0,0,0,0,0,0,0,0,0,0,0,0,0,0,0,0,0,0,0,0,7.87568e+0,1.36770e+0,5.43600e+0,0,0,0,0,0,3.95552e-1,0,0,0,0,0,0,0,1.41632e-1,2.66053e+0,3.68486e-3,7.68460e-4,0,0,0,0,1.81198e+1
"Southeastern Asia","VNM","Viet Nam",2.83200e-2,0,5.83430e-1,3.78904e-3,1.14993e+0,1.75846e-3,0,5.52657e-3,1.86053e+2,1.05413e+2,4.40258e+1,0,0,0,0,0,0,0,0,0,0,0,0,0,0,0,0,0,0,0,0,0,0,3.52295e+2,9.18112e+1,1.78293e+3,0,0,0,0,4.20360e+1,5.74382e+1,1.80438e+0,0,0,0,0,0,0,4.97666e+1,3.03865e+2,0,0,0,0,0,0,3.01921e+3
"Indonesia +","IDN","Indonesia",2.51744e-1,1.78941e+0,1.08241e+1,1.58261e-2,9.60129e+0,0,2.66992e-1,0,4.67910e+2,1.65570e+2,1.34631e+3,0,0,0,0,0,2.05038e-2,0,0,0,0,0,0,0,0,0,0,0,0,0,0,0,0,1.01736e+3,9.78893e+1,2.65463e+3,0,0,0,0,2.13127e+2,1.81468e+2,9.62044e+2,0,8.86933e+3,0,0,0,0,4.08719e+2,9.45449e+2,5.23549e+0,5.99564e+0,0,0,0,0,1.73638e+4
"Indonesia +","PNG","Papua New Guinea",6.90895e-3,0,2.28585e-2,8.52102e-4,7.37537e-2,0,3.20382e-3,0,1.93659e+1,3.68559e-1,5.73786e+0,0,0,0,0,0,0,0,0,0,0,0,0,0,0,0,0,0,0,0,0,0,0,6.11775e+0,4.59045e+0,8.96660e-2,0,0,0,0,5.89848e+1,1.66683e-1,1.14247e+2,0,0,0,0,0,0,2.45328e+0,2.13090e+1,6.87876e-2,0,0,0,0,0,2.33607e+2
"Japan","JPN","Japan",8.27582e+0,5.82595e-1,1.48788e+1,5.92013e-2,1.85047e+1,5.19518e-2,1.22124e+0,0,2.12660e+1,2.11527e+2,3.82031e+1,0,0,0,0,0,4.44139e+0,7.05696e+0,0,0,0,0,0,0,0,0,0,0,0,0,0,0,0,5.48900e+2,2.20296e+2,1.15459e+3,0,0,0,0,0,6.48943e-1,1.47754e+1,6.32256e+0,0,0,0,0,0,3.49194e+2,3.46450e+2,1.25411e+2,6.68000e-1,0,0,0,0,3.09332e+3
"Oceania","ASM","American Samoa",0,0,0,0,0,0,0,0,2.80858e-5,0,0,0,0,0,0,0,0,0,0,0,0,0,0,0,0,0,0,0,0,0,0,0,0,1.60816e-2,1.25850e-1,0,0,0,0,0,0,1.27962e-5,0,0,0,0,0,0,0,2.46160e-1,5.75805e-2,0,0,0,0,0,0,4.45713e-1
"Oceania","ATF","French Southern Territories",0,0,0,0,0,0,0,0,0,0,0,0,0,0,0,0,0,0,0,0,0,0,0,0,0,0,0,0,0,0,0,0,0,0,0,0,0,0,0,0,0,0,0,0,0,0,0,0,0,0,0,0,0,0,0,0,0,0,
"Oceania","AUS","Australia",2.06813e+0,4.43183e-1,3.25371e+0,2.93493e-2,1.99555e+1,9.46049e-2,1.51520e-1,4.60548e-3,4.02985e+1,9.09081e+2,3.55644e+2,0,0,0,0,0,1.17535e-1,6.39270e-1,0,0,0,0,0,0,0,0,0,0,0,0,0,0,0,2.77590e+3,1.89682e+2,4.56664e+1,0,0,0,0,4.49736e+2,2.54634e+1,5.45503e+1,1.16676e+2,0,0,0,0,0,5.01369e+2,5.63081e+1,5.42227e-3,0,6.00000e-1,0,0,0,5.54774e+3
"Oceania","CCK","Cocos (Keeling) Islands",0,0,0,0,0,0,0,0,0,0,0,0,0,0,0,0,0,0,0,0,0,0,0,0,0,0,0,0,0,0,0,0,0,0,0,0,0,0,0,0,0,0,0,0,0,0,0,0,0,0,0,0,0,0,0,0,0,0,
"Oceania","COK","Cook Islands",0,0,0,0,0,0,0,0,3.77064e-3,0,0,0,0,0,0,0,0,0,0,0,0,0,0,0,0,0,0,0,0,0,0,0,0,6.33254e-2,5.69529e-2,0,0,0,0,0,0,1.71794e-3,0,0,0,0,0,0,0,0,2.33800e-2,0,0,0,0,0,0,1.49147e-1
"Oceania","CXR","Christmas Island",0,0,0,0,0,0,0,0,0,0,0,0,0,0,0,0,0,0,0,0,0,0,0,0,0,0,0,0,0,0,0,0,0,0,0,0,0,0,0,0,0,0,0,0,0,0,0,0,0,0,0,0,0,0,0,0,0,0,
"Oceania","FJI","Fiji",3.70235e-3,0,5.01177e-3,5.60039e-4,5.67309e-2,0,1.39530e-3,0,5.92168e-1,1.68268e-1,4.87903e-2,0,0,0,0,0,0,0,0,0,0,0,0,0,0,0,0,0,0,0,0,0,0,1.95696e+1,3.10209e+0,2.78542e+0,0,0,0,0,0,1.81190e-1,0,0,0,0,0,0,0,2.32658e+0,2.14683e+0,0,0,0,0,0,0,3.09884e+1
"Oceania","FSM","Micronesia, Federated States of",0,0,0,0,0,0,0,0,0,2.19480e-2,0,0,0,0,0,0,0,0,0,0,0,0,0,0,0,0,0,0,0,0,0,0,0,6.69055e-1,2.57498e-2,2.14263e-2,0,0,0,0,0,0,0,0,0,0,0,0,0,2.24802e-1,1.12142e-1,0,0,0,0,0,0,1.07512e+0
"Oceania","GUM","Guam",0,0,0,0,0,0,0,0,1.25141e-3,0,0,0,0,0,0,0,0,0,0,0,0,0,0,0,0,0,0,0,0,0,0,0,0,1.62811e-2,4.95974e-2,0,0,0,0,0,0,5.70158e-4,0,0,0,0,0,0,0,1.25277e+0,1.01073e+0,0,0,0,0,0,0,2.33120e+0
"Oceania","HMD","Heard Island and McDonald Islands",0,0,0,0,0,0,0,0,0,0,0,0,0,0,0,0,0,0,0,0,0,0,0,0,0,0,0,0,0,0,0,0,0,0,0,0,0,0,0,0,0,0,0,0,0,0,0,0,0,0,0,0,0,0,0,0,0,0,
"Oceania","KIR","Kiribati",6.66450e-5,0,3.44742e-4,5.29079e-5,2.09997e-3,0,2.87700e-5,0,6.27037e-3,2.12970e-2,1.28970e-3,0,0,0,0,0,0,0,0,0,0,0,0,0,0,0,0,0,0,0,0,0,0,9.00000e-3,2.48876e-2,0,0,0,0,0,0,2.42300e-3,0,0,0,0,0,0,0,1.81330e-1,2.54154e-1,0,0,0,0,0,0,5.03244e-1
"Oceania","MHL","Marshall Islands",0,0,0,0,0,0,0,0,0,0,0,0,0,0,0,0,0,0,0,0,0,0,0,0,0,0,0,0,0,0,0,0,0,0,0,0,0,0,0,0,0,0,0,0,0,0,0,0,0,1.90300e-1,6.04781e-2,0,0,0,0,0,0,2.50778e-1
"Oceania","MNP","Northern Mariana Islands",0,0,0,0,0,0,0,0,1.76113e-3,0,0,0,0,0,0,0,0,0,0,0,0,0,0,0,0,0,0,0,0,0,0,0,0,0,1.52587e-5,0,0,0,0,0,0,8.02390e-4,0,0,0,0,0,0,0,2.07537e-1,4.95848e-2,0,0,0,0,0,0,2.59701e-1
"Oceania","NCL","New Caledonia",1.69038e-3,0,4.13371e-3,5.15704e-5,7.69396e-2,0,8.76953e-4,0,1.09251e-1,2.22270e-2,7.58165e-2,0,0,0,0,0,0,0,0,0,0,0,0,0,0,0,0,0,0,0,0,0,0,7.23752e+0,8.62031e-1,0,0,0,0,0,0,1.56101e-3,0,0,0,0,0,0,0,1.43337e+0,2.23190e-1,0,0,0,0,0,0,1.00487e+1
"Oceania","NFK","Norfolk Island",0,0,0,0,0,0,0,0,0,0,0,0,0,0,0,0,0,0,0,0,0,0,0,0,0,0,0,0,0,0,0,0,0,0,0,0,0,0,0,0,0,0,0,0,0,0,0,0,0,0,4.07340e-3,0,0,0,0,0,0,4.07340e-3
"Oceania","NIU","Niue",0,0,0,0,0,0,0,0,1.23333e-4,3.72000e-4,0,0,0,0,0,0,0,0,0,0,0,0,0,0,0,0,0,0,0,0,0,0,0,9.27974e-3,2.19820e-2,0,0,0,0,0,0,5.61920e-5,0,0,0,0,0,0,0,2.10765e-3,3.01879e-3,0,0,0,0,0,0,3.69397e-2
"Oceania","NRU","Nauru",0,0,0,0,0,0,0,0,0,0,0,0,0,0,0,0,0,0,0,0,0,0,0,0,0,0,0,0,0,0,0,0,0,2.70000e-3,7.90481e-3,0,0,0,0,0,0,0,0,0,0,0,0,0,0,7.41662e-2,1.32569e-2,0,0,0,0,0,0,9.80279e-2
"Oceania","NZL","New Zealand",1.75752e-1,2.92239e-2,7.36548e-1,4.79388e-3,3.19887e+0,0,0,8.79228e-3,2.09006e+0,1.02294e+1,2.83900e+1,0,0,0,0,0,1.89635e+0,0,0,0,0,0,0,0,0,0,0,0,0,0,0,0,0,9.97997e+2,9.08857e+1,0,0,0,0,0,0,3.40634e-1,0,0,0,0,0,0,0,9.41426e+1,9.60608e+0,0,0,0,0,0,0,1.23973e+3
"Oceania","PCN","Pitcairn",0,0,0,0,0,0,0,0,0,0,0,0,0,0,0,0,0,0,0,0,0,0,0,0,0,0,0,0,0,0,0,0,0,0,0,0,0,0,0,0,0,0,0,0,0,0,0,0,0,0,1.03739e-3,0,0,0,0,0,0,1.03739e-3
"Oceania","PLW","Palau",0,0,0,0,0,0,0,0,0,0,0,0,0,0,0,0,0,0,0,0,0,0,0,0,0,0,0,0,0,0,0,0,0,0,0,0,0,0,0,0,0,0,0,0,0,0,0,0,0,0,5.59173e-2,0,0,0,0,0,0,5.59173e-2
"Oceania","PYF","French Polynesia",3.15244e-3,0,2.53158e-3,6.81009e-5,7.51822e-2,0,1.28618e-3,0,3.75178e-2,0,5.24359e-2,0,0,0,0,0,0,0,0,0,0,0,0,0,0,0,0,0,0,0,0,0,0,5.49443e-1,4.61091e-1,0,0,0,0,0,0,2.27453e-3,0,0,0,0,0,0,0,1.58712e+0,7.93160e-1,0,0,0,0,0,0,3.56526e+0
"Oceania","SLB","Solomon Islands",9.58719e-4,0,1.82661e-3,7.70350e-5,1.49443e-2,0,3.66464e-4,0,4.96766e-1,6.79520e-2,1.02068e-2,0,0,0,0,0,0,0,0,0,0,0,0,0,0,0,0,0,0,0,0,0,0,5.08316e+1,1.80121e+0,0,0,0,0,0,0,3.82832e-3,0,0,0,0,0,0,0,2.51904e-1,5.90534e-1,0,0,0,0,0,0,5.40722e+1
"Oceania","TKL","Tokelau",0,0,0,0,0,0,0,0,2.37664e-4,0,0,0,0,0,0,0,0,0,0,0,0,0,0,0,0,0,0,0,0,0,0,0,0,1.00000e-3,3.20383e-3,0,0,0,0,0,0,1.08282e-4,0,0,0,0,0,0,0,0,7.25307e-3,0,0,0,0,0,0,1.18028e-2
"Oceania","TON","Tonga",0,0,0,0,2.00736e-2,0,0,0,3.78489e-3,2.03050e-2,5.97103e-3,0,0,0,0,0,0,0,0,0,0,0,0,0,0,0,0,0,0,0,0,0,0,9.45093e-1,1.14796e+0,0,0,0,0,0,0,1.72444e-3,0,0,0,0,0,0,0,2.51471e-1,4.03154e-1,0,0,0,0,0,0,2.79954e+0
"Oceania","TUV","Tuvalu",0,0,0,0,0,0,0,0,0,0,0,0,0,0,0,0,0,0,0,0,0,0,0,0,0,0,0,0,0,0,0,0,0,1.30000e-2,3.87325e-2,0,0,0,0,0,0,0,0,0,0,0,0,0,0,1.95276e-2,6.85439e-2,0,0,0,0,0,0,1.39804e-1
"Oceania","VUT","Vanuatu",2.34523e-4,0,8.26089e-4,2.94305e-5,6.87996e-3,0,1.45635e-4,0,1.19473e-1,2.87060e-2,3.85639e-3,0,0,0,0,0,0,0,0,0,0,0,0,0,0,0,0,0,0,0,0,0,0,8.87633e+0,1.11469e+0,0,0,0,0,0,0,1.50025e-2,0,0,0,0,0,0,0,1.82975e-1,8.33985e-1,0,0,0,0,0,0,1.11831e+1
"Oceania","WLF","Wallis and Futuna",0,0,0,0,0,0,0,0,1.17638e-3,0,0,0,0,0,0,0,0,0,0,0,0,0,0,0,0,0,0,0,0,0,0,0,0,6.61692e-2,7.51780e-2,0,0,0,0,0,0,5.35972e-4,0,0,0,0,0,0,0,0,7.50662e-2,0,0,0,0,0,0,2.18126e-1
"Oceania","WSM","Samoa",3.03764e-4,0,8.95935e-4,2.56165e-4,2.31859e-2,0,2.33128e-4,0,2.49801e-1,2.74040e-2,7.94693e-3,0,0,0,0,0,0,0,0,0,0,0,0,0,0,0,0,0,0,0,0,0,0,1.58849e+0,2.14375e+0,0,0,0,0,0,0,1.27344e-3,0,0,0,0,0,0,0,2.67022e-1,1.00312e+0,0,0,0,0,0,0,5.31368e+0
"Antartica","ATA","Antarctica",0,0,0,0,0,0,0,0,0,0,0,0,0,0,0,0,0,0,0,0,0,0,0,0,0,0,0,0,0,0,0,0,0,0,0,0,0,0,0,0,0,0,0,0,0,0,0,0,0,0,0,0,0,0,0,0,0,0,
"Int. Shipping","SEA","Int. Shipping",0,0,0,0,0,0,0,0,0,0,8.04067e+0,0,3.66744e+1,0,0,0,0,0,0,0,0,0,0,0,0,0,0,0,0,0,0,0,0,0,0,0,0,0,0,0,0,0,0,0,0,0,0,0,0,0,0,0,0,0,0,0,0,4.47151e+1
"Int. Aviation","AIR","Int. Aviation",0,0,0,0,0,0,0,0,0,0,0,1.99973e+0,0,0,0,0,0,0,0,0,0,0,0,0,0,0,0,0,0,0,0,0,0,0,0,0,0,0,0,0,0,0,0,0,0,0,0,0,0,0,0,0,0,0,0,0,0,1.99973e+0

"TOTALS",,,1.65344e+2,3.95992e+1,3.10126e+2,1.93468e+0,7.82895e+2,6.16883e+0,8.75183e+0,3.23191e+0,1.28941e+4,3.26501e+4,5.12009e+4,1.99973e+0,3.66744e+1,0,0,0,9.31710e+1,5.57213e+1,0,0,0,0,0,0,0,0,0,0,0,0,0,0,0,9.10196e+4,1.09823e+4,3.77879e+4,0,0,0,0,1.07644e+4,1.22679e+3,1.41838e+4,1.17510e+3,8.86933e+3,0,0,0,0,2.70334e+4,2.42664e+4,2.01166e+2,1.13173e+2,1.50600e+2,0,0,0,03.26025e+5