"Content:","Emissions by country and main source category" 
"Compound:","CH4"
"Year: ","2004"
"Unit:","Gg CH4"
"Source:","European Commission, Joint Research Centre (JRC)/PBL Netherlands Environmental Assessment Agency. Emission Database for Global Atmospheric Research (EDGAR), release version 4.2. http://edgar.jrc.ec.europe.eu, 2010" 
"Dataset:","v4.2_EM_CH4_300911(edgar)"
"Date calculated:","November 30, 1999, 12:00 am"

,,,"Public electricity and heat production","Other Energy Industries","Manufacturing Industries and Construction","Domestic aviation","Road transportation","Rail transportation","Inland navigation","Other transportation","Residential and other sectors","Fugitive emissions from solid fuels","Fugitive emissions from oil and gas","Memo: International aviation","Memo: International navigation","Cement production","Lime production","Production of other minerals","Production of chemicals","Production of metals","Production of pulp/paper/food/drink","Production of halocarbons and SF6","Refrigeration and Air Conditioning","Foam Blowing","Fire Extinguishers","Aerosols","F-gas as Solvent","Semiconductor/Electronics Manufacture","Electrical Equipment","Other F-gas use","Non-energy use of lubricants/waxes (CO2)","Solvent and other product use: paint","Solvent and other product use: degrease","Solvent and other product use: chemicals","Solvent and other product use: other","Enteric fermentation","Manure management","Rice cultivation","Direct soil emissions","Manure in pasture/range/paddock","Indirect N2O from agriculture","Other direct soil emissions","Savanna burning","Agricultural waste burning","Forest fires","Grassland fires","Peat fires and decay of drained peatland","Other vegetation fires","Other biomass burning","Forest Fires-Post burn decay","Forest Land: net carbon stock change","Solid waste disposal on land","Wastewater handling","Waste incineration","Other waste handling","Fossil fuel fires","Indirect N2O from non-agricultural NOx","Indirect N2O from non-agricultural NH3","Other sources",

"World Region","ISO_A3","Country","1A1a","1A1bc","1A2","1A3a","1A3b","1A3c","1A3d","1A3e","1A4","1B1","1B2","1C1","1C2","2A1","2A2","2A7","2B","2C","2D","2E","2F1","2F2","2F3","2F4","2F5","2F7","2F8","2F9","2G","3A","3B","3C","3D","4A","4B","4C","4D1","4D2","4D3","4D4","4E","4F","5A","5C","5D","5F","5F1","5F2","5FL","6A","6B","6C","6D","7A","7B","7C","7D","TOTAL" 
"Canada","CAN","Canada",4.05588e+0,2.46072e+0,1.29500e+1,9.97975e-2,9.79180e+0,2.94552e-1,5.65889e-1,1.51734e-1,4.59375e+1,8.86355e+1,2.17011e+3,0,0,0,0,0,4.59152e+0,1.40800e-1,0,0,0,0,0,0,0,0,0,0,0,0,0,0,0,9.34255e+2,2.75796e+2,0,0,0,0,0,0,8.43314e+0,3.84917e+2,5.07552e+1,0,0,0,0,0,1.23049e+3,2.15490e+2,4.42498e-1,1.20198e+1,0,0,0,0,5.45238e+3
"USA","SPM","Saint Pierre and Miquelon",0,0,6.25635e-3,0,0,0,7.54677e-5,1.26253e-4,0,0,0,0,0,0,0,0,0,0,0,0,0,0,0,0,0,0,0,0,0,0,0,0,0,4.22315e-3,2.52564e-3,0,0,0,0,0,0,0,0,0,0,0,0,0,0,5.15988e-2,1.26714e-2,9.06353e-4,5.57756e-4,0,0,0,0,7.89412e-2
"USA","UMI","United States Minor Outlying Islands",0,0,0,0,0,0,0,0,0,0,0,0,0,0,0,0,0,0,0,0,0,0,0,0,0,0,0,0,0,0,0,0,0,0,0,0,0,0,0,0,0,0,0,0,0,0,0,0,0,0,0,0,0,0,0,0,0,0,
"USA","USA","United States",6.11774e+1,8.44065e+0,5.71879e+1,1.43616e+0,1.13237e+2,1.87434e+0,9.26078e-1,6.97809e-1,2.91058e+2,3.88825e+3,6.24939e+3,0,0,0,0,0,2.90408e+1,1.07085e+0,0,0,0,0,0,0,0,0,0,0,0,0,0,0,0,6.40622e+3,2.09880e+3,3.66204e+2,0,0,0,0,1.91741e+0,3.79744e+1,3.37229e+1,4.36632e+1,0,0,0,0,0,5.26223e+3,8.72741e+2,0,6.78872e+1,1.50000e+1,0,0,0,2.59101e+4
"Mexico","MEX","Mexico",2.94048e+0,1.57904e+0,3.13139e+0,3.55300e-4,2.05395e+1,1.03388e-1,2.22961e-1,0,7.67835e+1,3.72556e+1,1.54961e+3,0,0,0,0,0,2.56896e+0,2.72695e-1,0,0,0,0,0,0,0,0,0,0,0,0,0,0,0,2.24195e+3,2.33268e+2,7.40446e+0,0,0,0,0,2.85576e+1,3.36296e+1,5.10696e+1,1.11230e-1,0,0,0,0,0,4.56123e+2,5.00291e+2,0,0,0,0,0,0,5.24742e+3
"Rest Central America","ABW","Aruba",1.66584e-3,0,9.61794e-3,0,6.62368e-3,0,0,1.31281e-7,1.68621e-2,1.28030e-2,4.65548e-3,0,0,0,0,0,0,0,0,0,0,0,0,0,0,0,0,0,0,0,0,0,0,3.39370e-2,4.18740e-3,0,0,0,0,0,0,0,0,0,0,0,0,0,0,4.54306e-1,3.98342e-1,0,0,0,0,0,0,9.43000e-1
"Rest Central America","AIA","Anguilla",2.03790e-4,0,1.17660e-3,0,0,0,0,0,1.02371e-4,9.14500e-2,0,0,0,0,0,0,0,0,0,0,0,0,0,0,0,0,0,0,0,0,0,0,0,0,0,0,0,0,0,0,0,0,0,0,0,0,0,0,0,1.06732e-2,4.08781e-2,0,0,0,0,0,0,1.44484e-1
"Rest Central America","ANT","Netherlands Antilles",0,8.20009e-2,1.65528e-2,1.08857e-3,7.72160e-2,0,0,0,3.28450e-2,2.23200e-2,2.70118e+0,0,0,0,0,0,0,0,0,0,0,0,0,0,0,0,0,0,0,0,0,0,0,1.77070e-1,8.39500e-3,0,0,0,0,0,0,0,0,0,0,0,0,0,0,1.62758e+0,7.76458e-1,0,0,0,0,0,0,5.52271e+0
"Rest Central America","ATG","Antigua and Barbuda",4.16554e-3,0,8.45832e-3,2.30920e-5,1.73233e-2,0,0,2.27100e-6,1.06229e-2,0,1.20775e-2,0,0,0,0,0,0,0,0,0,0,0,0,0,0,0,0,0,0,0,0,0,0,1.15665e+0,2.55041e-2,0,0,0,0,0,0,1.58867e-3,0,0,0,0,0,0,0,3.36633e-1,3.03240e-1,0,0,0,0,0,0,1.87628e+0
"Rest Central America","BHS","Bahamas",2.43995e-2,0,4.08151e-2,8.25163e-4,1.19415e-1,0,7.39374e-4,1.39376e-3,8.81116e-2,9.14500e-2,8.57523e-2,0,0,0,0,0,0,0,0,0,0,0,0,0,0,0,0,0,0,0,0,0,0,1.58754e-1,3.79950e-2,0,0,0,0,0,0,1.66597e-2,0,0,0,0,0,0,0,7.10372e+0,1.36162e+0,0,0,0,0,0,0,9.13165e+0
"Rest Central America","BLZ","Belize",1.15226e-2,0,2.64635e-2,9.23401e-6,7.11246e-2,0,1.93705e-4,3.25068e-4,1.00779e+0,6.03570e-2,2.07779e-2,0,0,0,0,0,0,0,0,0,0,0,0,0,0,0,0,0,0,0,0,0,0,3.72502e+0,1.28957e-1,3.72596e-1,0,0,0,0,2.14454e-1,3.71477e-1,0,0,0,0,0,0,0,1.16163e+0,1.30648e+0,0,0,0,0,0,0,8.47918e+0
"Rest Central America","BMU","Bermuda",6.98953e-3,0,7.04484e-3,9.68996e-5,1.62938e-2,0,1.95441e-4,3.75101e-4,1.66667e-2,0,1.30540e-2,0,0,0,0,0,0,0,0,0,0,0,0,0,0,0,0,0,0,0,0,0,0,6.61867e-2,2.66760e-3,0,0,0,0,0,0,3.07916e-5,0,0,0,0,0,0,0,9.33314e-1,2.70148e-1,0,0,0,0,0,0,1.33306e+0
"Rest Central America","BRB","Barbados",9.97296e-3,1.33978e-3,3.00521e-2,5.82565e-5,4.46659e-2,0,1.55148e-4,2.53781e-4,1.38365e-2,2.68770e-2,3.57782e-1,0,0,0,0,0,0,0,0,0,0,0,0,0,0,0,0,0,0,0,0,0,0,6.91721e-1,7.03995e-2,0,0,0,0,0,0,1.06979e-1,0,0,0,0,0,0,0,1.86179e+0,1.52236e+0,0,0,0,0,0,0,4.73825e+0
"Rest Central America","CRI","Costa Rica",1.31029e-1,2.59505e-3,1.23457e-1,0,4.39110e-1,0,1.40448e-2,0,1.58879e+0,4.57250e-1,8.59664e+0,0,0,0,0,0,0,0,0,0,0,0,0,0,0,0,0,0,0,0,0,0,0,7.59745e+1,2.81685e+0,7.36887e+0,0,0,0,0,9.43176e-1,1.33909e+0,0,0,0,0,0,0,0,8.99175e+0,1.89490e+1,0,0,0,0,0,0,1.27736e+2
"Rest Central America","CUB","Cuba",5.76405e-1,2.13458e-3,1.95266e+0,0,1.10348e-1,0,0,0,1.69305e+1,5.57845e+0,2.25128e+1,0,0,0,0,0,0,0,0,0,0,0,0,0,0,0,0,0,0,0,0,0,0,2.26446e+2,8.29778e+0,4.94666e+1,0,0,0,0,1.44406e+1,7.80190e+0,0,0,0,0,0,0,0,6.32431e+1,5.48753e+1,0,0,0,0,0,0,4.72234e+2
"Rest Central America","CYM","Cayman Islands",5.02283e-3,0,4.66095e-3,1.42710e-5,1.42714e-2,0,0,1.40100e-6,4.94733e-3,0,8.28098e-3,0,0,0,0,0,0,0,0,0,0,0,0,0,0,0,0,0,0,0,0,0,0,7.78915e-2,4.11749e-3,0,0,0,0,0,0,1.11551e-5,0,0,0,0,0,0,0,8.45116e-1,1.83304e-1,0,0,0,0,0,0,1.14764e+0
"Rest Central America","DMA","Dominica",2.16089e-3,0,7.78135e-3,3.04100e-6,1.68587e-2,0,3.87012e-5,6.46863e-5,1.55072e-3,2.23200e-2,2.93113e-3,0,0,0,0,0,0,0,0,0,0,0,0,0,0,0,0,0,0,0,0,0,0,8.94046e-1,2.21270e-2,0,0,0,0,0,0,2.23725e-3,0,0,0,0,0,0,0,4.98629e-1,3.65909e-1,0,0,0,0,0,0,1.83666e+0
"Rest Central America","DOM","Dominican Republic",1.20369e-1,5.85200e-4,5.78637e-1,0,7.10381e-1,0,0,6.10280e-3,1.29128e+1,3.53911e+1,6.88184e-1,0,0,0,0,0,0,0,0,0,0,0,0,0,0,0,0,0,0,0,0,0,0,1.41096e+2,4.55800e+0,4.05362e+1,0,0,0,0,5.44464e-1,2.07947e+0,0,0,0,0,0,0,0,4.29940e+1,3.73634e+1,5.14277e-1,0,0,0,0,0,3.20094e+2
"Rest Central America","GLP","Guadeloupe",1.38663e-2,0,4.75968e-2,3.64457e-4,6.49555e-2,0,0,1.10700e-5,4.99553e-1,1.84078e-1,4.34570e-2,0,0,0,0,0,0,0,0,0,0,0,0,0,0,0,0,0,0,0,0,0,0,4.73079e+0,1.11443e-1,0,0,0,0,0,0,2.37402e-1,0,0,0,0,0,0,0,3.28529e+0,2.02212e+0,0,0,0,0,0,0,1.12409e+1
"Rest Central America","GRD","Grenada",3.90560e-3,0,1.01981e-2,2.69305e-5,2.12470e-2,0,3.72704e-4,7.12738e-4,3.28329e-2,1.44367e-1,5.79895e-3,0,0,0,0,0,0,0,0,0,0,0,0,0,0,0,0,0,0,0,0,0,0,3.47126e-1,1.23507e-2,0,0,0,0,0,0,4.50836e-3,0,0,0,0,0,0,0,4.32032e-1,5.67788e-1,0,0,0,0,0,0,1.58327e+0
"Rest Central America","GTM","Guatemala",4.40230e-1,0,5.48959e-1,0,5.46010e-1,0,0,7.94200e-4,4.01359e+1,2.74350e+0,2.49903e+0,0,0,0,0,0,0,0,0,0,0,0,0,0,0,0,0,0,0,0,0,0,0,1.46336e+2,3.59714e+0,1.72059e+0,0,0,0,0,7.28424e+0,6.15473e+0,1.73726e+1,0,0,0,0,0,0,1.73159e+1,5.13666e+1,0,0,0,0,0,0,2.98062e+2
"Rest Central America","HND","Honduras",6.73237e-2,0,3.48069e-1,0,3.35817e-1,0,0,0,1.55683e+1,2.18748e+0,0,0,0,0,0,0,0,0,0,0,0,0,0,0,0,0,0,0,0,0,0,0,0,1.71827e+2,3.85360e+0,6.47891e-1,0,0,0,0,1.77583e+0,2.01191e+0,0,0,0,0,0,0,0,7.01552e+0,2.76357e+1,0,0,0,0,0,0,2.33275e+2
"Rest Central America","HTI","Haiti",5.90340e-3,0,3.69554e-1,0,1.87782e-1,0,0,1.88100e-2,1.39939e+1,1.72841e+1,0,0,0,0,0,0,0,0,0,0,0,0,0,0,0,0,0,0,0,0,0,0,0,9.63240e+1,4.00732e+0,6.28905e+0,0,0,0,0,4.53768e-2,8.66908e-1,0,0,0,0,0,0,0,1.72901e+1,4.20817e+1,0,0,0,0,0,0,1.98764e+2
"Rest Central America","JAM","Jamaica",2.30558e-1,1.80630e-4,3.86671e-2,2.09000e-5,4.58654e-1,8.68761e-4,0,2.13180e-2,2.66819e+0,4.29815e+0,1.97981e-1,0,0,0,0,0,0,0,0,0,0,0,0,0,0,0,0,0,0,0,0,0,0,2.98946e+1,8.76252e-1,1.77992e-3,0,0,0,0,0,6.40779e-1,0,0,0,0,0,0,0,1.12103e+1,1.22692e+1,0,0,0,0,0,0,6.28075e+1
"Rest Central America","KNA","Saint Kitts and Nevis",1.98000e-3,0,4.23131e-3,3.58885e-5,4.45656e-3,0,1.22157e-4,2.04045e-4,8.94319e-2,0,2.54952e-3,0,0,0,0,0,0,0,0,0,0,0,0,0,0,0,0,0,0,0,0,0,0,3.83347e-1,1.18840e-2,0,0,0,0,0,0,5.74432e-2,0,0,0,0,0,0,0,8.27927e-1,2.50645e-1,0,0,0,0,0,0,1.63426e+0
"Rest Central America","LCA","Saint Lucia",7.10325e-3,0,1.59928e-2,6.44599e-6,2.27859e-2,0,4.25719e-5,7.11558e-5,1.71269e-2,2.91710e-2,9.01946e-3,0,0,0,0,0,0,0,0,0,0,0,0,0,0,0,0,0,0,0,0,0,0,8.57052e-1,3.43980e-2,0,0,0,0,0,0,8.56891e-3,0,0,0,0,0,0,0,1.79671e-1,7.65634e-1,0,0,0,0,0,0,1.94664e+0
"Rest Central America","MSR","Montserrat",6.79125e-4,0,4.60002e-4,3.52099e-6,4.39330e-3,0,3.24677e-3,1.89136e-4,8.18335e-2,0,1.45327e-3,0,0,0,0,0,0,0,0,0,0,0,0,0,0,0,0,0,0,0,0,0,0,6.20405e-1,1.37480e-2,0,0,0,0,0,0,4.62834e-5,0,0,0,0,0,0,0,8.41252e-3,3.98252e-2,0,0,0,0,0,0,7.74696e-1
"Rest Central America","MTQ","Martinique",2.04908e-2,0,4.42661e-2,3.56758e-4,5.99018e-2,0,1.93511e-5,4.94799e-5,6.67491e-2,1.63153e-1,4.77464e-2,0,0,0,0,0,0,0,0,0,0,0,0,0,0,0,0,0,0,0,0,0,0,1.66631e+0,5.51006e-2,0,0,0,0,0,0,7.81965e-2,0,0,0,0,0,0,0,5.20198e+0,1.71594e+0,0,0,0,0,0,0,9.12027e+0
"Rest Central America","NIC","Nicaragua",7.77535e-2,2.10363e-3,2.78311e-1,0,2.06444e-1,0,2.63340e-3,0,1.75009e+1,1.73755e+0,2.23365e-1,0,0,0,0,0,0,0,0,0,0,0,0,0,0,0,0,0,0,0,0,0,0,1.85230e+2,4.79391e+0,8.73348e+0,0,0,0,0,2.30606e+0,1.85796e+0,0,0,0,0,0,0,0,2.50924e+1,2.69868e+1,0,0,0,0,0,0,2.75030e+2
"Rest Central America","PAN","Panama",2.76758e-2,0,1.26236e-1,0,4.81282e-1,0,0,5.34204e-2,5.44458e+0,4.57250e-1,0,0,0,0,0,0,0,0,0,0,0,0,0,0,0,0,0,0,0,0,0,0,0,1.01389e+2,2.39476e+0,1.54259e+1,0,0,0,0,8.83056e-1,8.54040e-1,0,0,0,0,0,0,0,1.13747e+1,1.38031e+1,0,0,0,0,0,0,1.52715e+2
"Rest Central America","PRI","Puerto Rico",0,0,2.31854e-3,0,0,0,4.25719e-5,9.50536e-5,0,0,0,0,0,0,0,0,0,0,0,0,0,0,0,0,0,0,0,0,0,0,0,0,0,2.66866e+1,6.43560e-1,0,0,0,0,0,0,1.41180e-2,0,0,0,0,0,0,0,5.94197e+1,1.82509e+1,0,0,0,0,0,0,1.05017e+2
"Rest Central America","SLV","El Salvador",1.41774e-1,6.68800e-4,3.11632e-1,0,3.08395e-1,0,0,0,1.64961e+1,1.73755e+0,2.63995e-1,0,0,0,0,0,0,0,0,0,0,0,0,0,0,0,0,0,0,0,0,0,0,7.36928e+1,2.40796e+0,4.73458e-1,0,0,0,0,3.30216e-1,1.98361e+0,0,0,0,0,0,0,0,2.15855e+1,2.90602e+1,0,0,0,0,0,0,1.48794e+2
"Rest Central America","TCA","Turks and Caicos Islands",4.27050e-4,0,2.46567e-3,0,4.30318e-4,0,1.98442e-6,3.23391e-6,2.62935e-4,8.40100e-3,5.11891e-5,0,0,0,0,0,0,0,0,0,0,0,0,0,0,0,0,0,0,0,0,0,0,0,0,0,0,0,0,0,0,0,0,0,0,0,0,0,0,1.04503e-1,9.97026e-2,0,0,0,0,0,0,2.16249e-1
"Rest Central America","TTO","Trinidad and Tobago",3.10710e-1,3.54323e-1,4.81118e-2,0,2.05538e-1,0,0,0,7.18975e-1,1.70097e-1,4.06372e+2,0,0,0,0,0,1.05081e+1,0,0,0,0,0,0,0,0,0,0,0,0,0,0,0,0,2.35964e+0,3.69778e-1,7.11967e-2,0,0,0,0,0,3.89020e-1,0,0,0,0,0,0,0,1.13078e+1,4.95158e+1,0,0,0,0,0,0,4.82701e+2
"Rest Central America","VCT","Saint Vincent and the Grenadines",4.35263e-3,0,1.17916e-2,5.17349e-6,8.84013e-3,0,0,5.07000e-7,2.40711e-2,3.18370e-2,4.50225e-3,0,0,0,0,0,0,0,0,0,0,0,0,0,0,0,0,0,0,0,0,0,0,4.05915e-1,1.81260e-2,0,0,0,0,0,0,1.24656e-2,0,0,0,0,0,0,0,6.01303e-1,5.43104e-1,0,0,0,0,0,0,1.66631e+0
"Rest Central America","VGB","Virgin Islands_British",1.12167e-3,0,2.18959e-3,3.99249e-6,4.17594e-3,0,0,0,1.18694e-3,4.92900e-3,1.54460e-3,0,0,0,0,0,0,0,0,0,0,0,0,0,0,0,0,0,0,0,0,0,0,4.96543e-1,2.81092e-2,0,0,0,0,0,0,0,0,0,0,0,0,0,0,2.26408e-1,8.55375e-2,0,0,0,0,0,0,8.51749e-1
"Rest Central America","VIR","Virgin Islands_USA",0,0,0,0,0,0,0,0,0,0,0,0,0,0,0,0,0,0,0,0,0,0,0,0,0,0,0,0,0,0,0,0,0,4.42400e-2,8.57493e-3,0,0,0,0,0,0,9.73436e-2,0,0,0,0,0,0,0,1.32353e+0,4.80082e-1,0,0,0,0,0,0,1.95377e+0
"Brazil","BRA","Brazil",3.81212e+0,9.98402e+0,3.54682e+1,4.31030e-2,1.80636e+1,9.19465e-2,3.04505e-1,0,1.36294e+2,7.68013e+2,7.69890e+2,0,0,0,0,0,2.35215e+0,3.57282e+0,0,0,0,0,0,0,0,0,0,0,0,0,0,0,0,1.29266e+4,2.90359e+2,3.03220e+2,0,0,0,0,5.01840e+2,2.16449e+2,3.03348e+3,1.70023e+0,0,0,0,0,0,8.12608e+2,2.03680e+3,9.10026e+0,3.36010e+0,0,0,0,0,2.18834e+4
"Rest South America","ARG","Argentina",1.32337e+0,7.37565e-1,2.36024e+0,1.35443e-2,7.83517e+0,0,2.93076e-3,0,6.56681e+0,2.59044e+1,8.22890e+2,0,0,0,0,0,8.46535e-1,1.22200e-1,0,0,0,0,0,0,0,0,0,0,0,0,0,0,0,3.29810e+3,6.15378e+1,2.00538e+1,0,0,0,0,7.86048e+0,5.10433e+1,1.67664e+1,7.01688e+1,0,0,0,0,0,1.82960e+2,2.56304e+2,0,0,0,0,0,0,4.83340e+3
"Rest South America","BOL","Bolivia",1.57539e-1,4.09507e-2,6.07400e-1,1.88406e-3,5.30384e-1,3.64880e-3,2.93076e-3,0,9.00824e+0,2.01190e+0,2.95190e+2,0,0,0,0,0,0,0,0,0,0,0,0,0,0,0,0,0,0,0,0,0,0,4.27484e+2,1.20581e+1,1.80365e+1,0,0,0,0,3.96768e+1,3.90244e+0,1.79003e+3,0,0,0,0,0,0,2.00501e+1,4.13351e+1,0,0,0,0,0,0,2.66013e+3
"Rest South America","BVT","Bouvet Island",0,0,0,0,0,0,0,0,0,0,0,0,0,0,0,0,0,0,0,0,0,0,0,0,0,0,0,0,0,0,0,0,0,0,0,0,0,0,0,0,0,0,0,0,0,0,0,0,0,0,0,0,0,0,0,0,0,0,
"Rest South America","CHL","Chile",6.15786e-1,1.28676e-1,1.88765e+0,1.28953e-2,2.13965e+0,3.12246e-3,3.99691e-1,0,3.69419e+1,2.61734e+1,1.39671e+2,0,0,0,0,0,6.42890e+0,0,0,0,0,0,0,0,0,0,0,0,0,0,0,0,0,3.08769e+2,1.18453e+1,2.95467e+0,0,0,0,0,0,2.64388e+0,1.52366e-1,1.50818e+0,0,0,0,0,0,5.40944e+1,2.48645e+2,0,0,0,0,0,0,8.45015e+2
"Rest South America","COL","Colombia",2.76241e-1,2.84903e-1,2.84442e+0,8.56900e-4,4.07965e+0,4.59382e-3,5.70570e-2,0,2.86493e+1,1.58681e+2,3.23008e+2,0,0,0,0,0,5.74645e-2,3.09400e-2,0,0,0,0,0,0,0,0,0,0,0,0,0,0,0,1.64198e+3,4.09683e+1,1.22928e+2,0,0,0,0,2.58600e+1,1.49937e+1,6.85712e+1,0,0,0,0,0,0,9.80839e+1,2.06717e+2,0,0,0,0,0,0,2.73807e+3
"Rest South America","ECU","Ecuador",8.39316e-2,3.08195e-2,5.18613e-1,6.26999e-5,1.62176e+0,0,1.29667e-1,0,9.17566e+0,9.03526e+0,1.36160e+2,0,0,0,0,0,7.47000e-5,0,0,0,0,0,0,0,0,0,0,0,0,0,0,0,0,3.64186e+2,9.54617e+0,1.09048e+2,0,0,0,0,6.39576e-1,3.82291e+0,3.79637e+0,0,0,0,0,0,0,2.38140e+1,5.86258e+1,0,0,0,0,0,0,7.30235e+2
"Rest South America","FLK","Falkland Islands (Malvinas)",6.92571e-4,0,3.41928e-4,4.16300e-6,7.34990e-4,0,1.74154e-5,2.91085e-5,3.55486e-4,9.70300e-3,7.26673e-4,0,0,0,0,0,0,0,0,0,0,0,0,0,0,0,0,0,0,0,0,0,0,3.75922e+0,7.45571e-2,0,0,0,0,0,0,0,0,0,0,0,0,0,0,2.51465e-2,1.36920e-2,1.02958e-4,1.90076e-5,0,0,0,0,3.88534e+0
"Rest South America","GUF","French Guiana",7.23077e-3,0,2.10619e-2,2.52210e-4,1.71224e-2,0,6.57926e-5,1.10469e-4,3.80660e-1,4.64566e-1,2.21383e-2,0,0,0,0,0,0,0,0,0,0,0,0,0,0,0,0,0,0,0,0,0,0,5.38151e-1,3.14128e-2,1.05134e+0,0,0,0,0,0,1.98078e-2,4.41619e-1,0,0,0,0,0,0,9.45108e-1,8.84118e-1,3.08775e-3,5.70048e-4,0,0,0,0,4.82842e+0
"Rest South America","GUY","Guyana",2.96060e-2,0,7.73565e-2,9.20224e-5,4.46568e-2,0,0,4.71000e-7,3.04421e+0,2.00136e-1,3.55788e-2,0,0,0,0,0,0,0,0,0,0,0,0,0,0,0,0,0,0,0,0,0,0,7.00294e+0,6.00487e-1,3.50073e+1,0,0,0,0,2.59392e+0,1.25631e+0,7.65612e+0,0,0,0,0,0,0,1.51384e+0,4.20011e+0,4.78555e-3,8.83488e-4,0,0,0,0,6.32684e+1
"Rest South America","PER","Peru",1.92870e-1,7.37560e-2,4.20090e-1,2.09000e-5,1.10959e+0,0,1.14114e-2,0,2.78065e+1,8.05988e+0,4.08921e+1,0,0,0,0,0,3.00000e-4,2.31450e-1,0,0,0,0,0,0,0,0,0,0,0,0,0,0,0,3.78119e+2,1.25821e+1,8.09031e+1,0,0,0,0,8.96760e-1,4.60904e+0,4.73307e+0,0,0,0,0,0,0,6.47772e+1,1.21804e+2,0,0,0,0,0,0,7.47221e+2
"Rest South America","PRY","Paraguay",0,0,1.70264e+0,0,2.63160e-1,0,8.79228e-4,5.43400e-4,1.94946e+1,1.93874e+1,1.70690e-2,0,0,0,0,0,0,0,0,0,0,0,0,0,0,0,0,0,0,0,0,0,0,5.37411e+2,1.22351e+1,3.67850e+0,0,0,0,0,3.57120e+1,4.33910e+0,3.35853e+1,6.18600e+0,0,0,0,0,0,2.19962e+1,2.89842e+1,0,0,0,0,0,0,7.24994e+2
"Rest South America","SGS","South Georgia and the South Sandwich Islands",0,0,0,0,0,0,0,0,0,0,0,0,0,0,0,0,0,0,0,0,0,0,0,0,0,0,0,0,0,0,0,0,0,0,0,0,0,0,0,0,0,0,0,0,0,0,0,0,0,0,0,0,0,0,0,0,0,0,
"Rest South America","SUR","Suriname",1.82924e-2,0,4.94299e-2,7.66929e-5,3.57975e-2,0,3.49077e-4,5.72637e-4,1.75760e-1,6.61199e-1,4.03193e-2,0,0,0,0,0,0,0,0,0,0,0,0,0,0,0,0,0,0,0,0,0,0,6.79329e+0,2.64201e-1,1.55187e+1,0,0,0,0,0,1.80842e-1,1.81104e+1,0,0,0,0,0,0,2.07790e+0,2.45010e+0,6.83274e-3,1.26143e-3,0,0,0,0,4.63853e+1
"Rest South America","URY","Uruguay",1.76991e-2,9.98676e-3,1.84463e-1,1.04500e-4,2.52011e-1,0,0,0,3.92425e+0,7.31600e+0,8.04750e+0,0,0,0,0,0,0,2.20000e-4,0,0,0,0,0,0,0,0,0,0,0,0,0,0,0,8.09818e+2,1.46011e+1,5.65042e+1,0,0,0,0,0,1.92903e+0,0,5.23248e-1,0,0,0,0,0,2.17098e+1,1.67166e+1,0,0,0,0,0,0,9.41554e+2
"Rest South America","VEN","Venezuela",5.05470e-1,1.06342e+0,1.22374e+0,0,9.44296e+0,2.94899e-3,0,4.84962e-3,1.02789e+1,1.17733e+2,1.05294e+3,0,0,0,0,0,3.18400e+0,1.56200e-1,0,0,0,0,0,0,0,0,0,0,0,0,0,0,0,1.04090e+3,2.71872e+1,2.36136e+1,0,0,0,0,3.95664e+1,4.86416e+0,1.07229e+2,0,0,0,0,0,0,1.24968e+2,1.42142e+2,0,0,0,0,0,0,2.70701e+3
"Northern_Africa","DZA","Algeria",9.67670e-1,5.53345e-1,2.26180e-1,0,2.56834e+0,0,0,1.51143e-2,2.78807e+1,5.60597e+1,1.61755e+3,0,0,0,0,0,2.27524e-1,1.45250e-1,0,0,0,0,0,0,0,0,0,0,0,0,0,0,0,2.01079e+2,8.43046e+0,2.54516e-2,0,0,0,0,0,1.45543e-1,1.23907e-1,0,0,0,0,0,0,9.29155e+1,1.23939e+2,0,0,0,0,0,0,2.13285e+3
"Northern_Africa","EGY","Egypt",1.22254e+0,4.20659e-1,1.81696e+0,1.00320e-2,4.04412e+0,0,1.34596e-1,0,6.13518e+1,1.18223e+2,7.86581e+2,0,0,0,0,0,1.41600e-2,2.18380e-1,0,0,0,0,0,0,0,0,0,0,0,0,0,0,0,4.94144e+2,1.50560e+1,1.98846e+2,0,0,0,0,0,5.99270e-1,0,0,0,0,0,0,0,1.48896e+2,2.40374e+2,0,0,0,0,0,0,2.07195e+3
"Northern_Africa","ESH","Western Sahara",1.00392e-3,6.09261e-5,1.48150e-2,4.83350e-5,7.99813e-3,2.78465e-6,0,0,2.08712e-2,0,2.51181e-2,0,0,0,0,0,0,0,0,0,0,0,0,0,0,0,0,0,0,0,0,0,0,1.05419e+1,2.89728e-1,0,0,0,0,0,0,6.76620e-5,0,0,0,0,0,0,0,4.41195e-1,1.42915e+0,0,0,0,0,0,0,1.27719e+1
"Northern_Africa","LBY","Libyan Arab Jamahiriya",4.62917e-1,3.06088e-1,8.31402e-2,4.18681e-5,2.12522e+0,0,0,0,2.18089e+0,8.70520e+0,5.91119e+2,0,0,0,0,0,1.51972e+0,0,0,0,0,0,0,0,0,0,0,0,0,0,0,0,0,3.83108e+1,1.71109e+0,0,0,0,0,0,0,1.03820e-2,7.78608e-3,5.56152e-4,0,0,0,0,0,2.75784e+1,2.70864e+1,0,0,0,0,0,0,7.01208e+2
"Northern_Africa","MAR","Morocco",8.07933e-2,1.13278e-2,2.58408e-1,0,5.56465e-1,0,0,0,3.80213e+0,9.18853e+0,2.03410e+1,0,0,0,0,0,0,0,0,0,0,0,0,0,0,0,0,0,0,0,0,0,0,2.50630e+2,1.00741e+1,5.59937e-1,0,0,0,0,0,3.14683e-1,0,1.36565e-1,0,0,0,0,0,7.09657e+1,1.26725e+2,0,0,0,0,0,0,4.93645e+2
"Northern_Africa","TUN","Tunisia",4.13249e-1,2.53533e-3,1.10686e-1,0,4.18211e-1,0,0,0,9.33504e+0,1.80157e+1,1.44045e+2,0,0,0,0,0,0,3.85000e-3,0,0,0,0,0,0,0,0,0,0,0,0,0,0,0,9.07953e+1,4.48198e+0,0,0,0,0,0,0,8.24660e-2,0,0,0,0,0,0,0,3.44241e+1,3.77111e+1,0,0,0,0,0,0,3.39839e+2
"Western_Africa","BEN","Benin",1.88406e-3,0,5.89380e-3,0,4.37174e-1,0,0,0,2.34698e+1,1.80157e+1,0,0,0,0,0,0,0,0,0,0,0,0,0,0,0,0,0,0,0,0,0,0,0,6.41903e+1,2.85609e+0,3.15601e+0,0,0,0,0,3.04176e+1,6.54602e-1,2.10705e+1,0,0,0,0,0,0,8.46210e+0,3.53546e+1,0,0,0,0,0,0,2.08092e+2
"Western_Africa","BFA","Burkina Faso",2.09306e-3,1.10983e-4,5.36840e-1,6.04238e-4,8.93853e-2,3.75160e-6,0,0,3.11227e+1,4.53456e+1,1.14554e-1,0,0,0,0,0,0,0,0,0,0,0,0,0,0,0,0,0,0,0,0,0,0,3.37828e+2,1.69224e+1,6.29929e+0,0,0,0,0,3.24360e+1,1.06389e+0,0,0,0,0,0,0,0,5.35465e+0,4.95352e+1,0,0,0,0,0,0,5.26652e+2
"Western_Africa","CAF","Central African Republic",6.44161e-4,3.90474e-5,1.66482e-1,2.65211e-4,3.43474e-2,1.90485e-6,0,0,7.87189e+0,8.23050e+0,3.38013e-2,0,0,0,0,0,0,0,0,0,0,0,0,0,0,0,0,0,0,0,0,0,0,1.52646e+2,4.91896e+0,1.84525e+0,0,0,0,0,7.17096e+2,1.83154e-1,2.28704e+2,0,0,0,0,0,0,7.07553e+0,1.78650e+1,0,0,0,0,0,0,1.14667e+3
"Western_Africa","CIV","Cote d'Ivoire",1.40055e-1,5.21825e-3,2.14434e-2,0,1.16694e-1,6.41839e-3,1.19966e-2,0,3.87055e+1,8.85236e+1,2.16095e+1,0,0,0,0,0,0,0,0,0,0,0,0,0,0,0,0,0,0,0,0,0,0,6.72169e+1,3.05388e+0,1.63924e+1,0,0,0,0,9.85080e+0,1.62356e+0,1.51409e+2,0,0,0,0,0,0,3.59874e+1,7.51741e+1,0,0,0,0,0,0,5.09849e+2
"Western_Africa","CMR","Cameroon",4.14492e-3,0,1.12985e+0,0,4.34982e-1,0,0,0,3.54304e+1,9.60225e+0,6.04579e+1,0,0,0,0,0,0,0,0,0,0,0,0,0,0,0,0,0,0,0,0,0,0,2.53361e+2,9.47684e+0,5.11578e+0,0,0,0,0,1.14725e+2,9.04474e-1,5.15263e+1,0,0,0,0,0,0,3.96149e+1,7.78627e+1,0,0,0,0,0,0,6.59646e+2
"Western_Africa","COD","Congo_the Democratic Republic of the",5.02416e-4,2.93076e-4,4.72800e+0,0,1.48876e-1,0,0,0,2.52344e+2,1.54648e+1,5.14093e+0,0,0,0,0,0,0,0,0,0,0,0,0,0,0,0,0,0,0,0,0,0,0,6.11268e+0,2.67911e-1,5.30667e+1,0,0,0,0,6.23640e+2,3.42177e+0,1.77806e+3,0,0,0,0,0,0,5.68656e+1,2.32842e+2,0,0,0,0,0,0,3.03210e+3
"Western_Africa","COG","Congo",2.84702e-3,0,8.77800e-4,1.23310e-3,9.61313e-2,0,0,0,6.33327e+0,5.43213e+1,1.00866e+2,0,0,0,0,0,0,0,0,0,0,0,0,0,0,0,0,0,0,0,0,0,0,5.37774e+1,2.94253e+0,2.54516e-1,0,0,0,0,1.80996e+1,1.58886e-1,8.78900e+1,0,0,0,0,0,0,8.18048e+0,1.64590e+1,0,0,0,0,0,0,3.49384e+2
"Western_Africa","CPV","Cape Verde",5.71054e-4,3.46069e-5,2.08366e-2,5.39825e-5,9.78242e-3,1.56870e-6,0,0,6.08048e-2,8.42270e-2,1.60583e-2,0,0,0,0,0,0,0,0,0,0,0,0,0,0,0,0,0,0,0,0,0,0,1.82539e+0,6.29930e-1,0,0,0,0,0,0,1.89136e-2,0,0,0,0,0,0,0,1.16312e+0,2.13117e+0,0,0,0,0,0,0,5.96090e+0
"Western_Africa","GAB","Gabon",3.11498e-2,1.50480e-3,2.70070e-1,0,6.07537e-2,0,0,0,3.81432e+0,1.59123e+0,1.72575e+2,0,0,0,0,0,0,0,0,0,0,0,0,0,0,0,0,0,0,0,0,0,0,2.83437e+0,3.58639e-1,6.36292e-2,0,0,0,0,1.08178e+0,4.47737e-2,1.36530e+1,0,0,0,0,0,0,8.92784e+0,6.66285e+0,0,0,0,0,0,0,2.11971e+2
"Western_Africa","GHA","Ghana",2.08503e-2,2.59160e-3,1.29497e+0,0,8.89710e-1,6.41839e-3,1.25818e-2,1.25400e-4,7.78504e+1,5.86195e+1,4.93435e-1,0,0,0,0,0,0,0,0,0,0,0,0,0,0,0,0,0,0,0,0,0,0,7.92355e+1,3.79670e+0,1.51437e+1,0,0,0,0,3.89712e+1,1.19260e+0,5.35956e+0,0,0,0,0,0,0,4.09662e+1,9.45284e+1,0,0,0,0,0,0,4.18385e+2
"Western_Africa","GIN","Guinea",2.09492e-3,9.68693e-5,3.90072e-1,6.00664e-4,1.06035e-1,5.47385e-6,0,0,4.23840e+1,2.78017e+1,1.17901e-1,0,0,0,0,0,0,0,0,0,0,0,0,0,0,0,0,0,0,0,0,0,0,1.13822e+2,4.40312e+0,5.86183e+1,0,0,0,0,6.12456e+1,7.55866e-1,7.21276e+1,0,0,0,0,0,0,1.51406e+1,3.96997e+1,0,0,0,0,0,0,4.36615e+2
"Western_Africa","GMB","Gambia",9.50066e-4,5.78967e-5,6.18783e-2,9.05700e-5,4.08096e-2,2.85935e-6,0,0,2.39620e+0,4.70512e+0,2.79836e-2,0,0,0,0,0,0,0,0,0,0,0,0,0,0,0,0,0,0,0,0,0,0,1.33115e+1,5.25130e-1,2.03613e+0,0,0,0,0,4.78392e+0,4.74952e-2,0,0,0,0,0,0,0,1.73951e+0,5.29887e+0,0,0,0,0,0,0,3.49756e+1
"Western_Africa","GNB","Guinea-Bissau",7.43177e-4,4.31102e-5,6.53862e-2,1.58730e-4,2.34675e-2,2.16215e-6,0,0,1.76109e+0,4.57250e-2,3.49131e-2,0,0,0,0,0,0,0,0,0,0,0,0,0,0,0,0,0,0,0,0,0,0,1.96945e+1,1.05153e+0,8.27179e+0,0,0,0,0,1.10381e+1,1.12550e-1,0,0,0,0,0,0,0,1.71952e+0,6.59261e+0,0,0,0,0,0,0,5.04122e+1
"Western_Africa","GNQ","Equatorial Guinea",3.01120e-4,4.73764e-5,2.07371e-2,9.71130e-5,1.27447e-2,2.06670e-6,0,0,1.61159e+0,6.94121e-1,1.05505e+2,0,0,0,0,0,1.55250e+0,0,0,0,0,0,0,0,0,0,0,0,0,0,0,0,0,3.90474e-1,2.53200e-2,0,0,0,0,0,0,1.88791e-2,0,0,0,0,0,0,0,1.61789e+0,5.68921e+0,0,0,0,0,0,0,1.17139e+2
"Western_Africa","LBR","Liberia",1.35232e-3,6.34079e-5,1.37070e-1,1.38596e-4,3.55766e-2,2.77635e-6,0,0,1.97579e+1,1.67701e+1,4.89025e-2,0,0,0,0,0,0,0,0,0,0,0,0,0,0,0,0,0,0,0,0,0,0,3.46574e+0,3.41592e-1,1.44000e+0,0,0,0,0,3.50832e+0,1.51577e-1,0,0,0,0,0,0,0,5.17249e+0,1.24198e+1,0,0,0,0,0,0,6.32506e+1
"Western_Africa","MLI","Mali",2.14823e-3,1.04136e-4,5.47776e-1,1.90745e-4,7.71427e-2,5.23730e-6,0,0,2.04304e+1,1.00412e+1,6.01370e-2,0,0,0,0,0,0,0,0,0,0,0,0,0,0,0,0,0,0,0,0,0,0,3.85944e+2,1.49945e+1,5.73934e+1,0,0,0,0,6.74688e+1,1.20433e+0,2.00206e+1,0,0,0,0,0,0,9.33979e+0,5.48028e+1,0,0,0,0,0,0,6.42328e+2
"Western_Africa","MRT","Mauritania",5.60591e-3,2.56283e-4,1.38929e-1,1.48429e-3,3.18008e-1,1.52761e-5,0,0,6.10409e+0,1.39032e+1,3.38213e-1,0,0,0,0,0,0,0,0,0,0,0,0,0,0,0,0,0,0,0,0,0,0,1.98953e+2,8.90276e+0,2.31610e+0,0,0,0,0,1.17679e+0,1.12794e-1,0,0,0,0,0,0,0,5.41213e+0,1.39762e+1,0,0,0,0,0,0,2.51659e+2
"Western_Africa","NER","Niger",4.76738e-3,1.91190e-4,5.65043e-1,9.72575e-5,6.21420e-2,3.23649e-5,0,0,3.30545e+1,4.47270e+1,7.68330e-2,0,0,0,0,0,0,0,0,0,0,0,0,0,0,0,0,0,0,0,0,0,0,1.05811e+2,4.86325e+0,2.54516e+0,0,0,0,0,1.28554e+0,1.35718e+0,0,0,0,0,0,0,0,6.09252e+0,5.24945e+1,0,0,0,0,0,0,2.52940e+2
"Western_Africa","NGA","Nigeria",3.55533e-1,3.90374e-1,1.02939e+1,0,6.58597e+0,5.55104e-3,9.36320e-3,0,2.37431e+2,9.06505e+1,1.77785e+3,0,0,0,0,0,7.20000e-4,0,0,0,0,0,0,0,0,0,0,0,0,0,0,0,0,8.04846e+2,3.86745e+1,2.76983e+2,0,0,0,0,9.87648e+1,1.20494e+1,1.70333e+1,0,0,0,0,0,0,1.10538e+2,5.62354e+2,0,0,0,0,0,0,4.04481e+3
"Western_Africa","SEN","Senegal",8.97188e-2,3.76200e-4,5.68062e-2,0,1.32992e-1,0,1.08262e-2,0,2.12736e+1,3.05443e+1,1.75423e+0,0,0,0,0,0,0,0,0,0,0,0,0,0,0,0,0,0,0,0,0,0,0,1.64882e+2,7.51036e+0,1.03715e+1,0,0,0,0,4.33608e+1,3.89377e-1,0,0,0,0,0,0,0,1.89107e+1,5.29338e+1,0,0,0,0,0,0,3.52221e+2
"Western_Africa","SHN","Saint Helena",0,0,2.03979e-4,0,1.25426e-3,0,0,0,3.17539e-4,0,1.30830e-3,0,0,0,0,0,0,0,0,0,0,0,0,0,0,0,0,0,0,0,0,0,0,4.44422e-2,4.16823e-3,0,0,0,0,0,0,0,0,0,0,0,0,0,0,1.70171e-2,2.28498e-2,0,0,0,0,0,0,9.15615e-2
"Western_Africa","SLE","Sierra Leone",2.95610e-3,1.36294e-4,2.26159e-1,3.76576e-4,4.07379e-2,6.72715e-6,0,0,1.94930e+1,3.00112e+1,9.21329e-2,0,0,0,0,0,0,0,0,0,0,0,0,0,0,0,0,0,0,0,0,0,0,1.46758e+1,7.22549e-1,1.55400e+1,0,0,0,0,1.79285e+1,2.91206e-1,3.56946e+0,0,0,0,0,0,0,6.00903e+0,2.22040e+1,0,0,0,0,0,0,1.30807e+2
"Western_Africa","STP","Sao Tome and Principe",4.49820e-4,2.72862e-5,6.50382e-3,2.53240e-5,7.17804e-3,1.33215e-6,0,0,1.87277e-2,7.28934e-1,9.21996e-3,0,0,0,0,0,0,0,0,0,0,0,0,0,0,0,0,0,0,0,0,0,0,2.29600e-1,1.98769e-2,0,0,0,0,0,0,1.81252e-3,0,0,0,0,0,0,0,2.92832e-1,6.06788e-1,0,0,0,0,0,0,1.92198e+0
"Western_Africa","TCD","Chad",5.69529e-4,3.36648e-5,3.93957e-1,5.11864e-5,8.35545e-3,1.66415e-6,0,0,2.42101e+1,3.16197e+1,1.88442e+1,0,0,0,0,0,0,0,0,0,0,0,0,0,0,0,0,0,0,0,0,0,0,2.90076e+2,1.12062e+1,1.19368e+1,0,0,0,0,2.20490e+2,6.50140e-1,0,0,0,0,0,0,0,5.73331e+0,3.64826e+1,0,0,0,0,0,0,6.51652e+2
"Western_Africa","TGO","Togo",3.38892e-3,0,1.16704e-2,0,1.68352e-1,0,0,0,1.89457e+1,4.51763e+1,0,0,0,0,0,0,0,0,0,0,0,0,0,0,0,0,0,0,0,0,0,0,0,2.62620e+1,1.58830e+0,4.45404e+0,0,0,0,0,1.08178e+1,4.25592e-1,9.25752e+0,0,0,0,0,0,0,6.69060e+0,2.45414e+1,0,0,0,0,0,0,1.48343e+2
"Eastern_Africa","BDI","Burundi",6.95134e-4,3.69267e-5,3.04268e-1,2.62655e-4,3.34628e-2,1.87995e-6,0,0,3.01491e+1,2.51250e+1,4.33118e-2,0,0,0,0,0,0,0,0,0,0,0,0,0,0,0,0,0,0,0,0,0,0,1.74528e+1,6.93316e-1,2.48154e+0,0,0,0,0,0,3.84267e-1,0,0,0,0,0,0,0,1.11672e+0,2.84743e+1,0,0,0,0,0,0,1.06259e+2
"Eastern_Africa","COM","Comoros",1.26590e-4,1.83347e-5,3.25101e-2,7.55259e-5,7.43227e-3,8.63200e-7,0,0,1.33125e-1,3.04510e+0,1.00568e-2,0,0,0,0,0,0,0,0,0,0,0,0,0,0,0,0,0,0,0,0,0,0,2.17639e+0,9.96779e-2,1.78162e+0,0,0,0,0,0,1.37779e-2,0,0,0,0,0,0,0,8.61935e-1,3.27169e+0,0,0,0,0,0,0,1.14335e+1
"Eastern_Africa","DJI","Djibouti",2.03978e-3,1.21537e-4,4.53200e-2,2.74696e-4,2.76911e-2,6.83920e-6,0,0,1.64772e-1,3.89348e+0,1.66001e-1,0,0,0,0,0,0,0,0,0,0,0,0,0,0,0,0,0,0,0,0,0,0,1.73974e+1,6.97720e-1,0,0,0,0,0,1.29235e-3,1.81743e-6,0,0,0,0,0,0,0,1.78421e+0,3.71719e+0,0,0,0,0,0,0,2.78975e+1
"Eastern_Africa","ERI","Eritrea",1.17163e-3,0,1.50480e-3,0,3.15376e-2,0,0,0,9.42802e+0,1.01509e+1,0,0,0,0,0,0,0,0,0,0,0,0,0,0,0,0,0,0,0,0,0,0,0,8.14861e+1,2.78853e+0,0,0,0,0,0,8.34432e-1,9.52744e-2,0,0,0,0,0,0,0,1.57929e+0,1.63800e+1,0,0,0,0,0,0,1.22777e+2
"Eastern_Africa","ETH","Ethiopia",6.28020e-4,0,4.32630e-2,0,2.93879e-1,0,0,0,3.42934e+2,1.95703e+1,0,0,0,0,0,0,0,0,0,0,0,0,0,0,0,0,0,0,0,0,0,0,0,1.49092e+3,5.49188e+1,0,0,0,0,0,1.94566e+2,8.89846e+0,0,0,0,0,0,0,0,2.18531e+1,2.94526e+2,0,0,0,0,0,0,2.42852e+3
"Eastern_Africa","KEN","Kenya",5.31375e-1,7.78985e-3,6.49990e-2,5.17063e-3,4.04484e-1,5.89798e-3,5.85200e-4,0,9.11591e+1,2.43257e+2,4.57764e-1,0,0,0,0,0,0,0,0,0,0,0,0,0,0,0,0,0,0,0,0,0,0,6.70352e+2,2.12827e+1,1.67981e+0,0,0,0,0,8.80968e+0,9.00590e-1,0,0,0,0,0,0,0,2.21833e+1,1.57194e+2,0,0,0,0,0,0,1.21830e+3
"Eastern_Africa","MDG","Madagascar",6.56031e-3,3.96321e-4,7.59528e-1,6.76303e-4,1.64634e-1,1.52580e-5,0,0,4.09357e+1,7.97379e+1,2.02618e-1,0,0,0,0,0,0,0,0,0,0,0,0,0,0,0,0,0,0,0,0,0,0,2.86557e+2,1.07786e+1,1.92497e+2,0,0,0,0,4.38888e+1,1.01900e+0,3.51587e+1,1.72694e+0,0,0,0,0,0,1.21766e+1,6.96460e+1,0,0,0,0,0,0,7.75256e+2
"Eastern_Africa","MUS","Mauritius",8.08826e-3,4.05189e-4,6.54772e-2,2.40229e-4,1.04812e-1,2.13292e-5,0,0,8.21337e-1,9.14500e-3,3.00060e-1,0,0,0,0,0,0,0,0,0,0,0,0,0,0,0,0,0,0,0,0,0,0,1.86854e+0,2.55503e-1,0,0,0,0,0,0,1.04515e-1,0,0,0,0,0,0,0,3.82272e+0,5.56249e+0,0,0,0,0,0,0,1.29234e+1
"Eastern_Africa","MYT","Mayotte",0,0,0,0,0,0,0,0,0,0,0,0,0,0,0,0,0,0,0,0,0,0,0,0,0,0,0,0,0,0,0,0,0,0,0,0,0,0,0,0,0,0,0,0,0,0,0,0,0,1.96187e-1,3.60989e-1,0,0,0,0,0,0,5.57176e-1
"Eastern_Africa","REU","Reunion",5.23798e-3,3.07706e-4,3.75864e-2,1.02295e-3,1.01915e-1,1.34916e-5,0,0,2.62491e-1,0,2.59035e-1,0,0,0,0,0,0,0,0,0,0,0,0,0,0,0,0,0,0,0,0,0,0,1.92542e+0,4.36944e-1,5.09033e-3,0,0,0,0,0,4.15681e-2,0,0,0,0,0,0,0,4.18385e+0,4.70669e+0,0,0,0,0,0,0,1.19672e+1
"Eastern_Africa","RWA","Rwanda",2.19599e-3,1.26961e-4,3.71772e-1,4.28841e-4,5.42710e-2,6.71470e-6,0,0,1.87679e+1,1.73755e+1,1.79520e-1,0,0,0,0,0,0,0,0,0,0,0,0,0,0,0,0,0,0,0,0,0,0,4.10093e+1,1.65690e+0,1.55255e+0,0,0,0,0,7.47528e+0,5.66625e-1,0,0,0,0,0,0,0,1.72191e+0,3.39358e+1,0,0,0,0,0,0,1.24670e+2
"Eastern_Africa","SDN","Sudan",3.79744e-2,1.30416e-2,1.17006e+0,0,7.63300e-1,1.73470e-3,5.85200e-4,0,8.20784e+1,2.02836e+2,3.93741e+1,0,0,0,0,0,0,0,0,0,0,0,0,0,0,0,0,0,0,0,0,0,0,1.90390e+3,6.75325e+1,9.62072e-1,0,0,0,0,6.65112e+2,1.90022e+0,0,0,0,0,0,0,0,7.51834e+1,1.63360e+2,0,0,0,0,0,0,3.20423e+3
"Eastern_Africa","SOM","Somalia",9.41137e-4,9.57529e-5,3.33058e-1,3.28605e-4,4.71778e-2,4.49860e-6,0,0,3.77718e+1,7.00023e+1,6.98416e-2,0,0,0,0,0,0,0,0,0,0,0,0,0,0,0,0,0,0,0,0,0,0,5.75677e+2,2.55369e+1,3.81775e-1,0,0,0,0,8.20104e-1,1.68745e-1,0,0,0,0,0,0,0,5.38046e+0,3.42280e+1,0,0,0,0,0,0,7.50418e+2
"Eastern_Africa","SYC","Seychelles",3.57797e-3,2.18033e-4,6.16473e-3,2.44500e-7,1.52598e-2,8.12155e-6,0,0,2.06625e-2,0,7.81256e-2,0,0,0,0,0,0,0,0,0,0,0,0,0,0,0,0,0,0,0,0,0,0,9.47589e-2,5.96278e-2,0,0,0,0,0,0,5.05440e-6,0,0,0,0,0,0,0,3.85239e-1,3.53613e-1,0,0,0,0,0,0,1.01726e+0
"Eastern_Africa","UGA","Uganda",4.30807e-3,2.62533e-4,1.16217e+0,3.03916e-4,1.71325e-1,1.02920e-5,0,0,1.31639e+2,7.24668e+1,1.52193e-1,0,0,0,0,0,0,0,0,0,0,0,0,0,0,0,0,0,0,0,0,0,0,2.91185e+2,1.06746e+1,1.18350e+1,0,0,0,0,5.82888e+1,2.26682e+0,0,0,0,0,0,0,0,6.90789e+0,1.00394e+2,0,0,0,0,0,0,6.87148e+2
"Southern_Africa","AGO","Angola",8.26475e-3,6.31629e-3,2.41846e-1,7.41950e-3,4.52646e-1,0,0,0,1.92576e+1,8.76091e+1,3.70823e+2,0,0,0,0,0,0,0,0,0,0,0,0,0,0,0,0,0,0,0,0,0,0,1.78130e+2,5.46470e+0,1.42529e+0,0,0,0,0,1.05256e+0,3.73168e-1,2.61297e+0,0,0,0,0,0,0,1.95349e+1,6.58107e+1,0,0,0,0,0,0,7.52811e+2
"Southern_Africa","BWA","Botswana",1.13881e-2,2.72215e-5,1.29294e-1,6.24395e-5,3.22931e-1,5.19095e-4,0,0,3.09750e+0,1.82119e+1,1.05040e-2,0,0,0,0,0,0,0,0,0,0,0,0,0,0,0,0,0,0,0,0,0,0,1.42519e+2,3.90087e+0,0,0,0,0,0,2.85024e+1,3.42731e-2,0,3.96744e-1,0,0,0,0,0,5.63418e+0,8.16392e+0,0,0,0,0,0,0,2.10935e+2
"Southern_Africa","LSO","Lesotho",4.02256e-4,2.45099e-5,7.54103e-2,1.48385e-4,2.39116e-2,1.26575e-6,0,0,7.34815e+0,7.81259e+0,1.95785e-2,0,0,0,0,0,0,0,0,0,0,0,0,0,0,0,0,0,0,0,0,0,0,2.52114e+1,5.31160e-1,0,0,0,0,0,0,3.39357e-2,0,1.23521e+0,0,0,0,0,0,1.52467e+0,8.09306e+0,0,0,0,0,0,0,5.19097e+1
"Southern_Africa","MOZ","Mozambique",1.35825e-3,0,7.33720e-1,0,1.24444e-1,0,9.94840e-3,0,6.38621e+1,3.73586e+1,4.08286e+1,0,0,0,0,0,0,0,0,0,0,0,0,0,0,0,0,0,0,0,0,0,0,5.10486e+1,2.18188e+0,2.27792e+1,0,0,0,0,1.82950e+2,2.07898e+0,4.50044e+1,7.50480e+0,0,0,0,0,0,1.64714e+1,8.83610e+1,0,0,0,0,0,0,5.61299e+2
"Southern_Africa","MWI","Malawi",2.44125e-3,1.42013e-4,5.26357e-1,2.87959e-4,8.04835e-2,9.55380e-6,0,0,2.05934e+1,3.90026e+1,7.68868e-2,0,0,0,0,0,0,0,0,0,0,0,0,0,0,0,0,0,0,0,0,0,0,4.46044e+1,1.86760e+0,5.42121e+0,0,0,0,0,2.00326e+1,1.41863e+0,0,0,0,0,0,0,0,4.12605e+0,5.13404e+1,0,0,0,0,0,0,1.89093e+2
"Southern_Africa","NAM","Namibia",2.93076e-5,0,1.19443e-2,6.06500e-4,2.56430e-1,0,6.72980e-3,0,6.41417e-1,4.70868e+0,0,0,0,0,0,0,0,0,0,0,0,0,0,0,0,0,0,0,0,0,0,0,0,1.67286e+2,3.95797e+0,0,0,0,0,0,5.23392e+1,7.22447e-2,0,0,0,0,0,0,0,3.68961e+0,7.56070e+0,0,0,0,0,0,0,2.40532e+2
"Southern_Africa","SWZ","Swaziland",2.09432e-3,8.50667e-5,4.58565e-2,1.41557e-4,5.94478e-2,2.27757e-5,0,0,3.03872e+0,3.85513e+0,4.89831e-2,0,0,0,0,0,0,0,0,0,0,0,0,0,0,0,0,0,0,0,0,0,0,3.07004e+1,7.40327e-1,6.36292e-3,0,0,0,0,0,1.05459e-1,0,0,0,0,0,0,0,1.67997e+0,1.69208e+1,0,0,0,0,0,0,5.72038e+1
"Southern_Africa","TZA","Tanzania_United Republic of",2.99357e-3,0,1.72107e+0,0,3.17316e-1,0,0,0,9.23348e+1,1.27087e+2,9.49817e+0,0,0,0,0,0,0,0,0,0,0,0,0,0,0,0,0,0,0,0,0,0,0,6.33286e+2,2.14113e+1,4.51767e+1,0,0,0,0,2.01473e+2,4.41336e+0,1.35837e+2,0,0,0,0,0,0,1.98995e+1,1.72018e+2,0,0,0,0,0,0,1.46448e+3
"Southern_Africa","ZAF","South Africa",1.69659e+0,6.68800e-2,5.77578e+0,1.88735e-2,5.99877e+0,3.22772e-2,0,0,9.28178e+1,1.24664e+3,7.81422e+1,0,0,0,0,0,2.49930e-1,4.51935e+0,0,0,0,0,0,0,0,0,0,0,0,0,0,0,0,8.96492e+2,2.28184e+1,1.78162e-1,0,0,0,0,4.63200e+0,2.28398e+0,4.37938e+0,9.66358e+1,0,0,0,0,0,2.63577e+2,3.20445e+2,0,0,0,0,0,0,3.04740e+3
"Southern_Africa","ZMB","Zambia",1.08438e-3,1.37940e-3,1.02526e+0,0,1.61447e-1,4.51022e-3,0,0,3.12481e+1,7.79263e+1,1.29371e-1,0,0,0,0,0,0,0,0,0,0,0,0,0,0,0,0,0,0,0,0,0,0,1.06016e+2,3.78002e+0,1.27258e+0,0,0,0,0,3.73776e+2,2.76338e-1,2.79800e+2,0,0,0,0,0,0,1.03678e+1,4.52323e+1,0,0,0,0,0,0,9.31019e+2
"Southern_Africa","ZWE","Zimbabwe",4.43604e-2,5.43400e-4,2.38093e-1,0,2.50162e-1,3.36699e-3,0,0,3.15162e+1,1.89912e+1,6.90000e-5,0,0,0,0,0,0,2.19365e-1,0,0,0,0,0,0,0,0,0,0,0,0,0,0,0,2.71767e+2,6.64909e+0,3.18146e-2,0,0,0,0,5.52984e+1,3.04681e-1,0,0,0,0,0,0,0,1.47654e+1,5.33687e+1,0,0,0,0,0,0,4.53448e+2
"OECD_Europe","AUT","Austria",1.63183e+0,1.28373e-1,1.51497e+0,2.02730e-3,1.84346e+0,8.50003e-3,1.46300e-3,6.52080e-3,3.36746e+1,3.04976e+0,4.74352e+1,0,0,0,0,0,1.15830e-1,3.12620e-1,0,0,0,0,0,0,0,0,0,0,0,0,0,0,0,1.52796e+2,4.52960e+1,0,0,0,0,0,0,4.20016e-1,0,6.48168e-2,0,0,0,0,0,6.77739e+1,4.54813e+1,1.93200e-3,6.58468e+0,0,0,0,0,4.08144e+2
"OECD_Europe","BEL","Belgium",1.45379e+0,1.08262e-1,1.24349e+0,1.04602e-4,1.92140e+0,7.11227e-3,3.42342e-2,0,7.06445e+0,5.93309e+0,4.40807e+1,0,0,0,0,0,4.58760e-1,6.25450e-1,0,0,0,0,0,0,0,0,0,0,0,0,0,0,0,2.00995e+2,7.63133e+1,0,0,0,0,0,0,3.05958e-1,0,1.21219e-1,0,0,0,0,0,3.69506e+1,8.52826e+1,4.32810e-1,8.38384e+0,0,0,0,0,4.71716e+2
"OECD_Europe","CHE","Switzerland",6.87974e-1,1.68470e-2,8.28578e-1,1.10770e-3,2.12802e+0,2.08220e-3,2.63340e-3,0,9.81478e+0,3.54000e-1,2.98359e+1,0,0,0,0,0,7.07996e-2,0,0,0,0,0,0,0,0,0,0,0,0,0,0,0,0,1.20830e+2,3.24480e+1,0,0,0,0,0,0,9.71491e-2,0,0,0,0,0,0,0,2.48874e+1,1.19666e+1,1.20532e-5,3.06249e+0,0,0,0,0,2.37034e+2
"OECD_Europe","DEU","Germany",1.07705e+1,5.60156e-1,4.71317e+0,3.55767e-2,1.39075e+1,8.44799e-2,6.90536e-2,2.75880e-3,1.02219e+2,3.97446e+2,2.82850e+2,0,0,0,0,0,5.35238e+0,2.06095e+0,0,0,0,0,0,0,0,0,0,0,0,0,0,0,0,1.06633e+3,3.42332e+2,0,0,0,0,0,0,4.09613e+0,0,2.92416e-1,0,0,0,0,0,6.33684e+2,1.67396e+2,0,3.67644e-2,0,0,0,0,3.03424e+3
"OECD_Europe","DNK","Denmark",2.25592e+0,9.61093e-2,3.83521e-1,5.64300e-4,1.44758e+0,1.19694e-2,3.54046e-2,9.78120e-3,1.25221e+1,2.45040e-1,4.11488e+1,0,0,0,0,0,0,0,0,0,0,0,0,0,0,0,0,0,0,0,0,0,0,1.41833e+2,1.06928e+2,0,0,0,0,0,0,7.38510e-1,0,0,0,0,0,0,0,5.88429e+1,9.27322e+0,0,3.41906e+0,0,0,0,0,3.79191e+2
"OECD_Europe","ESP","Spain",2.52113e+0,3.35733e-1,3.36873e+0,4.15725e-2,9.46020e+0,1.13276e-1,4.69915e-1,0,4.06731e+1,8.36693e+1,5.03244e+1,0,0,0,0,0,8.16294e-1,4.60430e-1,0,0,0,0,0,0,0,0,0,0,0,0,0,0,0,6.43798e+2,3.24800e+2,2.70600e+1,0,0,0,0,0,2.01816e+0,0,1.29086e+1,0,0,0,0,0,3.71416e+2,1.19344e+2,3.25744e-2,2.67087e+1,0,0,0,0,1.72034e+3
"OECD_Europe","FIN","Finland",3.69836e+0,8.02242e-2,5.18126e+0,2.86330e-3,1.66318e+0,7.63268e-3,6.08608e-2,8.77800e-4,2.06354e+1,2.96067e+0,4.44146e+0,0,0,0,0,0,8.33220e-2,5.34121e-1,0,0,0,0,0,0,0,0,0,0,0,0,0,0,0,7.49605e+1,2.12165e+1,0,0,0,0,0,0,2.89236e-1,0,4.67352e-2,0,0,0,0,0,1.08243e+2,2.34286e+2,0,1.70800e+0,0,0,0,0,4.80100e+2
"OECD_Europe","FRA","France",3.33245e+0,3.70892e-1,4.16354e+0,3.00333e-2,1.11113e+1,4.12859e-2,9.10000e-2,0,1.54054e+2,2.49238e+1,1.44653e+3,0,0,0,0,0,1.66602e+0,1.68059e+0,0,0,0,0,0,0,0,0,0,0,0,0,0,0,0,1.37422e+3,3.61905e+2,4.44400e+0,0,0,0,0,0,5.92838e+0,0,1.47806e+0,0,0,0,0,0,3.43937e+2,1.88901e+2,3.52057e+0,1.83212e+1,0,0,0,0,3.95065e+3
"OECD_Europe","FRO","Faroe Islands",0,0,0,0,0,0,0,0,0,0,0,0,0,0,0,0,0,0,0,0,0,0,0,0,0,0,0,0,0,0,0,0,0,6.13384e-1,2.49390e-2,0,0,0,0,0,0,9.69408e-6,0,0,0,0,0,0,0,1.01383e+0,4.27302e-2,4.49150e-3,2.56727e-2,0,0,0,0,1.72506e+0
"OECD_Europe","GBR","United Kingdom",6.47461e+0,1.24190e+0,2.37850e+0,1.59676e-2,1.12998e+1,1.13449e-1,3.25663e-1,0,3.31129e+1,1.27573e+2,6.34806e+2,0,0,0,0,0,1.07535e+0,5.96190e-1,0,0,0,0,0,0,0,0,0,0,0,0,0,0,0,1.02531e+3,1.86160e+2,0,0,0,0,0,0,2.00711e+0,0,2.26603e-1,0,0,0,0,0,1.06885e+3,1.10534e+2,2.92262e-1,7.88000e+0,0,0,0,0,3.22028e+3
"OECD_Europe","GIB","Gibraltar",0,0,0,0,1.82720e-2,0,0,0,0,0,0,0,0,0,0,0,0,0,0,0,0,0,0,0,0,0,0,0,0,0,0,0,0,0,0,0,0,0,0,0,0,0,0,0,0,0,0,0,0,2.27741e-1,2.43875e-2,1.37269e-3,7.84604e-3,0,0,0,0,2.79619e-1
"OECD_Europe","GRC","Greece",7.10789e-1,7.88722e-2,6.88107e-1,8.54830e-3,7.13556e+0,7.19601e-3,1.96335e-1,4.18000e-5,1.27298e+1,5.80924e+1,1.20461e+1,0,0,0,0,0,3.36600e-3,0,0,0,0,0,0,0,0,0,0,0,0,0,0,0,0,1.37345e+2,3.01489e+1,5.30200e+0,0,0,0,0,0,4.34180e-1,0,1.22124e+0,0,0,0,0,0,1.13143e+2,1.37418e+1,3.39600e-4,2.02936e-1,0,0,0,0,3.93236e+2
"OECD_Europe","GRL","Greenland",0,0,0,0,0,0,0,0,0,0,0,0,0,0,0,0,0,0,0,0,0,0,0,0,0,0,0,0,0,0,0,0,0,1.55535e-1,2.83385e-3,0,0,0,0,0,0,0,0,0,0,0,0,0,0,9.01364e-1,2.12286e-1,2.24381e-3,1.28252e-2,0,0,0,0,1.28709e+0
"OECD_Europe","IRL","Ireland",2.99124e-1,6.29121e-3,3.68581e-1,7.73299e-4,1.07632e+0,6.76533e-3,5.26680e-3,0,9.29217e+0,7.08000e-1,7.45431e+1,0,0,0,0,0,0,0,0,0,0,0,0,0,0,0,0,0,0,0,0,0,0,4.93419e+2,7.50749e+1,0,0,0,0,0,0,2.04596e-1,0,6.42288e-3,0,0,0,0,0,6.77618e+1,6.93825e+0,0,5.61508e-1,0,0,0,0,7.30273e+2
"OECD_Europe","ISL","Iceland",2.67955e-3,0,6.24826e-2,1.46300e-4,7.48394e-2,0,1.75560e-3,0,6.82280e-2,0,0,0,0,0,0,0,0,1.29800e-1,0,0,0,0,0,0,0,0,0,0,0,0,0,0,0,8.99306e+0,1.23866e+0,0,0,0,0,0,0,6.86232e-5,0,0,0,0,0,0,0,4.84836e+0,4.15991e-1,1.03103e-3,7.45748e-3,0,0,0,0,1.58446e+1
"OECD_Europe","ITA","Italy",5.17598e+0,3.32579e-1,3.18768e+0,1.44210e-2,2.61258e+1,2.02960e-2,4.70010e-1,0,2.85075e+1,1.25880e+1,2.35364e+2,0,0,0,0,0,9.37371e-1,9.66220e-1,0,0,0,0,0,0,0,0,0,0,0,0,0,0,0,5.29222e+2,2.02203e+2,5.06000e+1,0,0,0,0,0,1.92686e+0,1.59922e-1,3.68760e+0,0,0,0,0,0,7.43056e+2,8.32119e+1,1.91853e+0,2.55894e+1,0,0,0,0,1.95526e+3
"OECD_Europe","LUX","Luxembourg",7.40804e-2,0,6.38704e-2,2.09339e-5,3.90165e-1,1.73470e-4,0,1.25400e-3,1.27163e-1,0,4.77457e+0,0,0,0,0,0,0,5.90100e-2,0,0,0,0,0,0,0,0,0,0,0,0,0,0,0,1.28348e+1,2.54722e+1,0,0,0,0,0,0,1.22689e-2,0,3.17760e-1,0,0,0,0,0,2.43042e+0,4.50970e-1,0,3.13176e-1,0,0,0,0,4.73219e+1
"OECD_Europe","NLD","Netherlands",3.42198e+0,3.71840e-1,4.85686e-1,1.27490e-3,3.51844e+0,7.97962e-3,8.33910e-2,0,7.30219e+0,3.53138e+0,2.43864e+2,0,0,0,0,0,3.70408e+0,3.16470e-1,0,0,0,0,0,0,0,0,0,0,0,0,0,0,0,2.95610e+2,1.42789e+2,0,0,0,0,0,0,2.34046e-1,0,4.46712e-2,0,0,0,0,0,3.08211e+2,4.24394e+1,0,4.55000e+0,0,0,0,0,1.06049e+3
"OECD_Europe","NOR","Norway",3.16216e-1,5.27727e-1,9.20263e-1,6.43720e-3,1.28007e+0,2.60205e-3,2.24132e-1,2.92600e-4,1.14025e+1,4.70033e+1,5.78998e+2,0,0,0,0,0,2.35970e+0,9.68000e-1,0,0,0,0,0,0,0,0,0,0,0,0,0,0,0,8.55331e+1,1.64957e+1,0,0,0,0,0,0,1.07199e-1,0,0,0,0,0,0,0,6.38469e+1,5.01719e+1,6.57000e+0,1.42487e+0,0,0,0,0,8.68159e+2
"OECD_Europe","PRT","Portugal",7.28629e-1,7.06453e-2,1.94139e+0,3.13499e-3,2.69888e+0,4.68369e-3,7.31500e-3,4.18000e-5,2.04018e+1,1.41600e+0,2.93695e+1,0,0,0,0,0,1.07613e-1,3.03800e-2,0,0,0,0,0,0,0,0,0,0,0,0,0,0,0,1.39660e+2,5.56757e+1,5.63200e+0,0,0,0,0,0,1.22336e-1,0,6.34464e+0,0,0,0,0,0,2.74613e+2,5.40320e+1,3.76593e-1,1.00240e+0,0,0,0,0,5.94238e+2
"OECD_Europe","SWE","Sweden",4.83979e+0,4.49766e-2,4.87274e+0,8.93126e-3,2.16683e+0,3.64287e-3,4.30122e-2,3.89373e-3,1.64314e+1,1.80132e+0,2.40665e+1,0,0,0,0,0,3.32711e-1,1.84770e-1,0,0,0,0,0,0,0,0,0,0,0,0,0,0,0,1.21782e+2,2.96400e+1,0,0,0,0,0,0,4.40267e-1,0,0,0,0,0,0,0,9.86534e+1,2.43106e+2,4.62540e-2,1.44941e+0,0,0,0,0,5.49919e+2
"Central Europe","ALB","Albania",1.25604e-4,2.71700e-3,2.61668e-2,0,2.47610e-1,5.21257e-3,7.32900e-3,0,7.76984e+0,5.21881e+0,1.27010e+1,0,0,0,0,0,0,5.24700e-2,0,0,0,0,0,0,0,0,0,0,0,0,0,0,0,7.01454e+1,1.07125e+1,0,0,0,0,0,0,1.48126e-1,0,2.59632e-1,0,0,0,0,0,4.87266e+0,5.43881e+0,3.67647e-3,7.70516e-3,0,0,0,0,1.17620e+2
"Central Europe","BGR","Bulgaria",2.77953e-1,2.44217e-2,4.63722e-1,3.97100e-4,1.91596e+0,5.36586e-3,2.93076e-4,5.85200e-3,2.53665e+1,3.20129e+1,1.02758e+1,0,0,0,0,0,1.71551e-1,1.34450e-1,0,0,0,0,0,0,0,0,0,0,0,0,0,0,0,8.28601e+1,1.65404e+1,1.24740e+0,0,0,0,0,0,2.05508e+0,0,6.29040e+0,0,0,0,0,0,4.15147e+2,3.06496e+1,0,0,0,0,0,0,6.25445e+2
"Central Europe","BIH","Bosnia and Herzegovina",8.92834e-2,4.95121e-3,5.04722e-2,1.59099e-3,4.97770e-1,0,0,0,7.18025e+0,4.23047e+1,5.46956e+0,0,0,0,0,0,9.97430e-4,1.10000e-3,0,0,0,0,0,0,0,0,0,0,0,0,0,0,0,4.38972e+1,9.11311e+0,0,0,0,0,0,0,3.70203e-1,0,4.54680e-1,0,0,0,0,0,6.84587e+0,6.56572e+0,5.33074e-3,1.11722e-2,0,0,0,0,1.22864e+2
"Central Europe","CYP","Cyprus",4.22782e-4,4.59800e-4,8.15541e-2,0,2.30300e-1,0,0,0,1.11243e-1,1.82900e-1,7.37698e-2,0,0,0,0,0,0,0,0,0,0,0,0,0,0,0,0,0,0,0,0,0,0,9.28405e+0,4.31555e+0,0,0,0,0,0,0,9.74453e-3,0,0,0,0,0,0,0,1.19087e+1,3.52084e+0,0,0,0,0,0,0,2.97195e+1
"Central Europe","CZE","Czech Republic",1.23238e+0,5.24312e-2,1.50757e+0,0,2.68891e+0,0,0,0,4.36059e+1,1.50077e+2,5.08037e+1,0,0,0,0,0,2.09537e-1,4.63540e-1,0,0,0,0,0,0,0,0,0,0,0,0,0,0,0,1.60875e+2,2.50572e+1,0,0,0,0,0,0,2.46837e+0,0,5.55072e-2,0,0,0,0,0,1.00979e+2,4.70606e+1,2.27873e-1,8.37020e-1,0,0,0,0,5.88202e+2
"Central Europe","EST","Estonia",2.64683e-1,6.86769e-3,1.86555e-1,2.09000e-5,3.01864e-1,7.31561e-3,1.75560e-3,0,1.28885e+1,1.32950e+1,1.72215e+1,0,0,0,0,0,0,0,0,0,0,0,0,0,0,0,0,0,0,0,0,0,0,2.48134e+1,3.82422e+0,1.83700e+0,0,0,0,0,0,1.68191e-1,0,0,0,0,0,0,0,2.36594e+1,7.37497e+0,0,1.61363e+0,0,0,0,0,1.07465e+2
"Central Europe","HRV","Croatia",1.34613e-1,4.62955e-2,2.27916e-1,1.08680e-3,1.28228e+0,5.63506e-3,1.08262e-2,0,1.09950e+1,3.10930e-1,9.09927e+1,0,0,0,0,0,8.11107e-2,0,0,0,0,0,0,0,0,0,0,0,0,0,0,0,0,4.78140e+1,1.22239e+1,0,0,0,0,0,0,8.84481e-1,0,4.58520e-1,0,0,0,0,0,3.26189e+1,1.59598e+1,2.80241e-5,0,0,0,0,0,2.14048e+2
"Central Europe","HUN","Hungary",7.55137e-1,3.62797e-2,2.81972e-1,4.18000e-5,1.40105e+0,1.18736e-2,4.39518e-3,0,2.36463e+1,1.02819e+1,8.60836e+1,0,0,0,0,0,1.27546e-1,1.08210e-1,0,0,0,0,0,0,0,0,0,0,0,0,0,0,0,9.20188e+1,3.41052e+1,6.18200e-1,0,0,0,0,0,4.22014e+0,0,1.38720e+0,0,0,0,0,0,1.05374e+2,3.34205e+1,9.49200e-2,0,0,0,0,0,3.93977e+2
"Central Europe","LTU","Lithuania",2.52372e-1,3.12786e-2,1.88272e-1,1.25400e-4,8.46780e-1,1.26633e-2,1.46300e-3,3.34400e-4,1.68116e+1,9.14500e-2,6.65772e+1,0,0,0,0,0,1.03500e-1,0,0,0,0,0,0,0,0,0,0,0,0,0,0,0,0,7.54083e+1,1.30054e+1,0,0,0,0,0,0,7.95069e-1,0,6.40152e-1,0,0,0,0,0,5.20202e+1,1.38594e+1,1.03886e-3,0,0,0,0,0,2.40647e+2
"Central Europe","LVA","Latvia",2.66014e-1,0,2.44234e-1,0,5.13204e-1,1.43980e-2,2.93076e-3,1.08857e-3,2.98787e+1,9.14500e-1,4.77036e+1,0,0,0,0,0,0,0,0,0,0,0,0,0,0,0,0,0,0,0,0,0,0,3.46258e+1,5.75461e+0,0,0,0,0,0,0,3.25760e-1,0,1.52045e+0,0,0,0,0,0,2.22363e+1,4.50682e+0,1.46207e-4,3.16200e-2,0,0,0,0,1.48540e+2
"Central Europe","MKD","Macedonia, the former Yugoslav Republic of",6.51047e-2,3.46940e-4,3.40252e-2,0,2.78111e-1,1.21627e-3,0,0,5.70449e+0,6.99532e+0,9.60317e+0,0,0,0,0,0,1.65933e-3,5.50000e-2,0,0,0,0,0,0,0,0,0,0,0,0,0,0,0,2.88646e+1,3.70044e+0,6.24800e-1,0,0,0,0,0,1.99249e-1,0,3.51144e-1,0,0,0,0,0,5.81593e+0,7.98368e+0,3.61691e-3,7.58036e-3,0,0,0,0,7.02895e+1
"Central Europe","MLT","Malta",3.59519e-3,0,0,0,4.75793e-2,0,0,0,1.19130e-2,0,0,0,0,0,0,0,0,0,0,0,0,0,0,0,0,0,0,0,0,0,0,0,0,1.68103e+0,7.16858e-1,0,0,0,0,0,0,1.24945e-3,0,0,0,0,0,0,0,8.72408e+0,3.77453e-1,0,0,0,0,0,0,1.15638e+1
"Central Europe","POL","Poland",1.92313e+0,1.90054e-1,3.56352e+0,0,7.48628e+0,3.50642e-2,1.43579e-2,7.60760e-3,2.04452e+2,1.81088e+3,1.54099e+2,0,0,0,0,0,1.50902e-1,6.48270e-1,0,0,0,0,0,0,0,0,0,0,0,0,0,0,0,5.55479e+2,1.47200e+2,0,0,0,0,0,0,6.69912e+0,0,8.53248e-1,0,0,0,0,0,3.39713e+2,9.57241e+1,1.57533e-1,9.51160e-1,0,0,0,0,3.33023e+3
"Central Europe","ROU","Romania",5.24980e-1,2.43092e-1,8.55267e-1,6.26999e-5,3.13636e+0,3.43890e-2,1.19966e-2,2.40299e-2,9.60864e+1,4.76753e+1,4.37384e+2,0,0,0,0,0,1.22927e+0,6.48230e-1,0,0,0,0,0,0,0,0,0,0,0,0,0,0,0,3.36248e+2,7.04191e+1,2.72800e-1,0,0,0,0,0,6.44388e+0,0,0,0,0,0,0,0,1.70349e+2,7.31543e+1,1.75645e-2,0,0,0,0,0,1.24476e+3
"Central Europe","SCG","Serbia and Montenegro",4.14427e-1,0,4.44752e-1,0,1.20497e+0,0,0,0,3.54005e+1,3.72001e+1,8.09486e+1,0,0,0,0,0,5.67854e-2,5.15830e-1,0,0,0,0,0,0,0,0,0,0,0,0,0,0,0,1.39691e+2,3.71478e+1,0,0,0,0,0,0,2.66206e+0,0,0,0,0,0,0,0,1.75805e+1,3.64359e+1,1.09765e-2,2.30047e-2,0,0,0,0,3.89737e+2
"Central Europe","SVK","Slovakia",2.57856e-1,5.94653e-2,7.02497e-1,2.09000e-5,4.58409e-1,0,0,2.51218e-2,3.04727e+0,9.17083e+0,2.99773e+1,0,0,0,0,0,7.32210e-2,3.84932e-1,0,0,0,0,0,0,0,0,0,0,0,0,0,0,0,6.05406e+1,1.21232e+1,0,0,0,0,0,0,1.06734e+0,0,2.97552e-1,0,0,0,0,0,4.00974e+1,4.01261e+1,1.05611e-1,1.63600e-1,0,0,0,0,1.98678e+2
"Central Europe","SVN","Slovenia",1.19763e-1,5.01600e-4,2.19112e-1,2.09000e-5,5.75903e-1,2.08164e-3,0,0,1.11885e+1,3.76065e+1,4.00764e+0,0,0,0,0,0,2.87500e-1,9.90000e-3,0,0,0,0,0,0,0,0,0,0,0,0,0,0,0,4.65405e+1,6.80182e+0,0,0,0,0,0,0,1.48178e-1,0,0,0,0,0,0,0,2.27290e+1,1.13613e+1,0,1.07976e-5,0,0,0,0,1.41598e+2
"Turkey","TUR","Turkey",2.01521e+0,1.21589e-1,3.43994e+0,1.86219e-2,7.68031e+0,3.66402e-2,1.24082e-1,4.22180e-3,1.18342e+2,1.46020e+2,1.96244e+2,0,0,0,0,0,4.31346e-1,3.83251e-1,0,0,0,0,0,0,0,0,0,0,0,0,0,0,0,7.46630e+2,1.97316e+2,2.19156e+1,0,0,0,0,0,3.38908e+1,0,1.43551e+0,0,0,0,0,0,1.15004e+3,3.23505e+2,0,9.58568e-1,0,0,0,0,2.95055e+3
"Ukraine +","BLR","Belarus",1.26981e+0,2.07766e-2,3.28277e-1,0,7.30353e-1,8.80609e-2,9.37846e-3,1.25604e-4,2.41395e+1,9.14500e-2,1.60897e+1,0,0,0,0,0,5.76947e-2,0,0,0,0,0,0,0,0,0,0,0,0,0,0,0,0,3.25718e+2,5.00193e+1,0,0,0,0,0,0,1.64653e+0,0,7.08288e-1,0,0,0,0,0,1.92104e+2,2.77186e+1,0,1.44569e-1,0,0,0,0,6.40884e+2
"Ukraine +","MDA","Moldova, Republic of",8.24645e-2,0,1.33948e-2,0,1.31040e-1,2.77552e-3,0,3.30329e-3,2.98701e+0,7.95615e+0,6.70868e+1,0,0,0,0,0,0,0,0,0,0,0,0,0,0,0,0,0,0,0,0,0,0,3.84431e+1,1.01821e+1,0,0,0,0,0,0,8.51837e-1,0,9.57432e-1,0,0,0,0,0,6.61146e+0,3.30074e+1,3.64590e-3,7.64112e-3,0,0,0,0,1.68327e+2
"Ukraine +","UKR","Ukraine",1.67827e+0,2.47485e-1,2.60147e+0,1.25400e-4,3.77055e+0,5.73266e-2,0,1.39529e-1,5.27936e+1,3.59443e+2,1.79788e+3,0,0,0,0,0,3.62144e-1,5.96562e+0,0,0,0,0,0,0,0,0,0,0,0,0,0,0,0,6.84668e+2,1.30580e+2,6.66860e+0,0,0,0,0,0,1.26858e+1,0,3.96432e+0,0,0,0,0,0,3.51441e+2,1.19424e+2,0,4.74760e-1,0,0,0,0,3.53484e+3
"Asia-Stan","KAZ","Kazakhstan",6.49967e-1,3.19076e-1,2.58996e+0,1.54663e-3,1.27338e+0,1.14329e-1,2.93076e-3,0,4.79179e+0,5.41971e+2,1.04946e+3,0,0,0,0,0,8.73300e-3,2.13373e+0,0,0,0,0,0,0,0,0,0,0,0,0,0,0,0,4.74144e+2,3.87697e+1,1.81548e+1,0,0,0,0,0,5.05197e+0,7.24608e-1,1.23343e+2,0,0,0,0,0,1.72342e+2,4.07023e+1,0,5.07108e-1,0,0,0,0,2.47706e+3
"Asia-Stan","KGZ","Kyrgyzstan",2.25462e-2,0,1.18545e-1,1.61191e-3,1.60729e-1,0,0,0,3.47603e-1,2.14900e+0,9.43655e+0,0,0,0,0,0,0,0,0,0,0,0,0,0,0,0,0,0,0,0,0,0,0,1.11994e+2,6.76521e+0,1.45143e+0,0,0,0,0,0,5.51876e-1,0,9.91824e-1,0,0,0,0,0,7.09753e+0,2.74260e+1,0,6.56124e-2,0,0,0,0,1.68580e+2
"Asia-Stan","TJK","Tajikistan",1.05089e-2,0,1.00000e-4,0,1.37892e+0,0,0,0,7.28156e-1,1.18838e+0,1.92560e+1,0,0,0,0,0,0,0,0,0,0,0,0,0,0,0,0,0,0,0,0,0,0,1.05880e+2,9.21489e+0,2.49835e+0,0,0,0,0,0,2.94275e-1,0,1.52496e-1,0,0,0,0,0,6.48402e+0,2.78213e+1,0,5.04200e-2,0,0,0,0,1.74958e+2
"Asia-Stan","TKM","Turkmenistan",4.07900e-1,2.53308e-1,1.00000e-4,0,6.45704e-1,0,0,0,2.12658e+0,0,1.03186e+3,0,0,0,0,0,8.16000e-5,0,0,0,0,0,0,0,0,0,0,0,0,0,0,0,0,2.64943e+2,1.38701e+1,1.18969e+1,0,0,0,0,0,9.36828e-1,0,7.02408e-1,0,0,0,0,0,1.07791e+1,2.92768e+1,0,1.29410e-1,0,0,0,0,1.36782e+3
"Asia-Stan","UZB","Uzbekistan",5.19186e-1,2.11216e-1,3.22201e-1,6.43721e-3,2.24862e+0,1.71735e-2,0,5.46744e-2,5.95409e+0,3.50598e+0,1.16336e+3,0,0,0,0,0,0,0,0,0,0,0,0,0,0,0,0,0,0,0,0,0,0,5.43430e+2,4.37580e+1,1.57277e+1,0,0,0,0,0,1.89101e+0,0,2.52432e+0,0,0,0,0,0,3.46109e+1,1.30193e+2,0,3.57424e-1,0,0,0,0,1.94869e+3
"Russia +","ARM","Armenia",1.36489e-2,0,1.95206e-2,0,7.49392e-2,0,0,0,1.35483e-1,0,6.56295e+1,0,0,0,0,0,0,0,0,0,0,0,0,0,0,0,0,0,0,0,0,0,0,4.42419e+1,6.79160e+0,0,0,0,0,0,0,1.50448e-1,0,2.05728e-1,0,0,0,0,0,1.23772e+1,4.87288e+0,0,9.13424e-2,0,0,0,0,1.34604e+2
"Russia +","AZE","Azerbaijan",1.66357e-1,1.15165e-1,7.14195e-2,0,5.54146e-1,0,0,0,7.54116e-1,0,2.32850e+2,0,0,0,0,0,1.66650e-2,0,0,0,0,0,0,0,0,0,0,0,0,0,0,0,0,1.98287e+2,3.00061e+1,8.04616e-1,0,0,0,0,0,6.74813e-1,0,4.18392e-1,0,0,0,0,0,2.47866e+1,4.98553e+1,0,1.90336e-1,0,0,0,0,5.39551e+2
"Russia +","GEO","Georgia",1.35820e-2,1.14114e-2,5.25008e-2,0,2.27484e-1,6.69888e-4,0,9.20824e-4,1.93113e+1,1.23728e-1,5.16764e+1,0,0,0,0,0,0,2.75000e-2,0,0,0,0,0,0,0,0,0,0,0,0,0,0,0,9.03163e+1,1.63877e+1,0,0,0,0,0,0,2.02613e-1,0,5.83560e-2,0,0,0,0,0,1.83091e+1,9.36989e+0,0,9.64340e-2,0,0,0,0,2.06186e+2
"Russia +","RUS","Russian Federation",1.80033e+1,2.48283e+0,5.53709e+0,1.00424e-1,2.15703e+1,3.61164e-1,3.23615e-1,1.47655e+0,2.99886e+2,2.24041e+3,1.49596e+4,0,0,0,0,0,8.52945e+0,5.67221e+0,0,0,0,0,0,0,0,0,0,0,0,0,0,0,0,2.14823e+3,3.63032e+2,3.91350e+1,0,0,0,0,0,2.63020e+1,6.77280e+1,3.15672e+2,0,0,0,0,0,1.77846e+3,8.79327e+2,0,0,0,0,0,0,2.31819e+4
"Middle_East","ARE","United Arab Emirates",2.92940e+0,8.69022e-2,6.82135e-1,0,2.82378e+0,0,0,0,4.56731e-1,2.21123e-1,9.91548e+2,0,0,0,0,0,0,0,0,0,0,0,0,0,0,0,0,0,0,0,0,0,0,2.71276e+1,1.61383e+0,0,0,0,0,0,0,2.15124e-4,0,0,0,0,0,0,0,2.69523e+1,1.91346e+1,0,3.27718e-1,0,0,0,0,1.07390e+3
"Middle_East","BHR","Bahrain",5.08516e-1,1.82173e-1,6.44556e-2,0,3.65836e-1,0,0,0,2.44530e-2,9.14500e-2,1.10515e+2,0,0,0,0,0,9.20000e-1,0,0,0,0,0,0,0,0,0,0,0,0,0,0,0,0,7.94582e-1,2.80546e-2,0,0,0,0,0,0,1.11593e-5,0,0,0,0,0,0,0,5.64928e+0,8.93325e+0,0,5.37492e-2,0,0,0,0,1.28131e+2
"Middle_East","IRN","Iran, Islamic Republic of",3.55648e+0,5.25233e-1,2.28008e+0,0,2.46616e+1,0,0,0,1.79917e+1,2.83811e+1,2.95269e+3,0,0,0,0,0,2.59264e+0,6.36900e-2,0,0,0,0,0,0,0,0,0,0,0,0,0,0,0,8.33027e+2,2.90894e+1,1.43202e+2,0,0,0,0,5.73936e-4,0,0,9.80400e-1,0,0,0,0,0,2.17960e+2,3.72128e+2,0,2.87352e+0,0,0,0,0,4.63201e+3
"Middle_East","IRQ","Iraq",3.79789e-1,9.64272e-2,7.15575e-1,0,5.03691e+0,0,0,0,1.09545e+0,1.37175e+0,6.97873e+2,0,0,0,0,0,8.58000e-3,0,0,0,0,0,0,0,0,0,0,0,0,0,0,0,0,1.07707e+2,5.01474e+0,2.00029e+1,0,0,0,0,0,2.25726e+0,0,8.63040e-2,0,0,0,0,0,7.62388e+1,9.50419e+1,0,5.30684e-1,0,0,0,0,1.01346e+3
"Middle_East","ISR","Israel",3.37941e-1,5.33612e-2,3.77036e-2,0,1.41813e+0,3.30129e-3,0,0,1.31114e+0,2.70213e-1,2.19687e+1,0,0,0,0,0,0,0,0,0,0,0,0,0,0,0,0,0,0,0,0,0,0,4.83194e+1,2.36121e+0,0,0,0,0,0,0,1.75688e-1,0,5.51880e-2,0,0,0,0,0,5.54911e+1,2.60740e+1,0,5.49868e-1,0,0,0,0,1.58427e+2
"Middle_East","JOR","Jordan",9.02938e-2,1.46653e-2,1.02452e-1,0,6.06780e-1,0,0,1.25400e-3,4.45157e-1,3.01785e+0,1.59470e+1,0,0,0,0,0,0,0,0,0,0,0,0,0,0,0,0,0,0,0,0,0,0,1.57693e+1,9.57375e-1,0,0,0,0,0,0,3.45386e-2,0,0,0,0,0,0,0,1.90835e+1,2.47079e+1,0,2.19512e-1,0,0,0,0,8.09976e+1
"Middle_East","KWT","Kuwait",3.82869e-1,5.57634e-1,1.39152e-1,0,1.42250e+0,0,0,0,3.44850e-2,2.28067e-1,5.17019e+2,0,0,0,0,0,2.87100e-1,0,0,0,0,0,0,0,0,0,0,0,0,0,0,0,0,7.01884e+0,2.07472e-1,0,0,0,0,0,0,2.31816e-3,0,0,0,0,0,0,0,2.34916e+1,1.40631e+1,0,2.20758e-1,0,0,0,0,5.65075e+2
"Middle_East","LBN","Lebanon",7.45327e-2,0,1.61139e-1,0,8.07489e-1,0,0,0,1.58217e+0,1.46320e+0,1.42450e+0,0,0,0,0,0,0,0,0,0,0,0,0,0,0,0,0,0,0,0,0,0,0,9.51903e+0,1.01620e+0,0,0,0,0,0,0,1.10783e-1,0,2.60856e-2,0,0,0,0,0,1.65098e+1,1.36141e+1,0,1.60483e-1,0,0,0,0,4.64695e+1
"Middle_East","OMN","Oman",6.41524e-1,3.05976e-1,1.69207e-1,0,6.22733e-1,0,0,0,3.63126e-1,4.21414e-1,6.15438e+2,0,0,0,0,0,0,0,0,0,0,0,0,0,0,0,0,0,0,0,0,0,0,2.39520e+1,1.00066e+0,0,0,0,0,0,0,4.06722e-3,0,0,0,0,0,0,0,1.42978e+1,9.82922e+0,0,1.49395e-1,0,0,0,0,6.67195e+2
"Middle_East","QAT","Qatar",6.09531e-1,5.50271e-1,1.85717e-1,1.92592e-3,5.04154e-1,0,0,0,3.19800e-2,6.53790e-2,8.27749e+2,0,0,0,0,0,1.82208e+0,0,0,0,0,0,0,0,0,0,0,0,0,0,0,0,0,3.62572e+0,2.71542e-1,0,0,0,0,0,0,2.62433e-3,0,0,0,0,0,0,0,6.72833e+0,1.62942e+1,0,7.45176e-2,0,0,0,0,8.58517e+2
"Middle_East","SAU","Saudi Arabia",4.82867e+0,1.45922e+0,1.47733e+0,1.22265e-2,1.02983e+1,0,0,0,3.60943e-1,3.08772e+0,2.01531e+3,0,0,0,0,0,1.16181e+1,0,0,0,0,0,0,0,0,0,0,0,0,0,0,0,0,8.43184e+1,5.37737e+0,0,0,0,0,0,0,2.07162e+0,0,0,0,0,0,0,0,1.57199e+2,1.10921e+2,0,1.53906e+0,0,0,0,0,2.40988e+3
"Middle_East","SYR","Syrian Arab Republic",3.14250e-1,5.31879e-2,2.66893e-1,5.30861e-3,1.34091e+0,0,0,0,6.52177e+0,9.14500e-2,3.01212e+2,0,0,0,0,0,0,0,0,0,0,0,0,0,0,0,0,0,0,0,0,0,0,1.44258e+2,5.14036e+0,0,0,0,0,0,0,3.54416e+0,0,9.03840e-2,0,0,0,0,0,4.01983e+1,6.36105e+1,0,4.14400e-1,0,0,0,0,5.67062e+2
"Middle_East","YEM","Yemen",3.33990e-2,6.45323e-2,7.44876e-2,0,1.30270e+0,0,0,0,3.57292e+0,4.66395e+0,8.30256e+1,0,0,0,0,0,0,0,0,0,0,0,0,0,0,0,0,0,0,0,0,0,0,1.42662e+2,5.55884e+0,0,0,0,0,0,1.28239e-3,4.94126e-1,0,0,0,0,0,0,0,1.16717e+1,7.40693e+1,0,1.41015e-1,0,0,0,0,3.27336e+2
"India +","AFG","Afghanistan",9.82248e-4,0,9.85374e-2,1.87212e-4,1.65529e-1,0,1.34568e-3,2.13807e-4,1.24300e+1,8.57711e+0,1.64100e+1,0,0,0,0,0,0,0,0,0,0,0,0,0,0,0,0,0,0,0,0,0,0,2.79445e+2,1.62759e+1,4.05639e+1,0,0,0,0,0,4.03626e-1,0,2.17135e-2,0,0,0,0,0,1.32674e+1,1.13171e+2,0,1.87534e-1,0,0,0,0,5.01020e+2
"India +","BGD","Bangladesh",4.72492e-1,5.14149e-3,2.18907e-1,0,8.53031e-1,1.25102e-2,2.96007e-2,0,1.73626e+2,2.78008e+1,2.37094e+2,0,0,0,0,0,0,0,0,0,0,0,0,0,0,0,0,0,0,0,0,0,0,8.77860e+2,7.55735e+1,2.12365e+3,0,0,0,0,1.28563e-1,1.40392e+1,6.25634e+0,0,0,0,0,0,0,1.89965e+2,6.42809e+2,0,0,0,0,0,0,4.37039e+3
"India +","BTN","Bhutan",4.38831e-4,0,8.95837e-3,2.47995e-4,2.28771e-2,0,1.56408e-4,2.45820e-5,1.61630e+1,3.37876e+0,5.50119e-3,0,0,0,0,0,0,2.20000e-2,0,0,0,0,0,0,0,0,0,0,0,0,0,0,0,1.34785e+1,1.38265e+0,4.14410e+0,0,0,0,0,0,2.12384e-1,5.23688e-1,0,0,0,0,0,0,6.60486e-1,8.38589e+0,0,6.47892e-3,0,0,0,0,4.83961e+1
"India +","IND","India",8.49929e+0,1.43574e+0,4.61765e+1,0,2.84563e+1,4.88316e-1,1.42789e-1,4.89060e-3,1.84059e+3,1.73076e+3,6.83545e+2,0,0,0,0,0,1.78356e+0,2.38302e+0,0,0,0,0,0,0,0,0,0,0,0,0,0,0,0,1.26284e+4,1.10871e+3,3.78001e+3,0,0,0,0,3.64392e+1,2.26804e+2,3.30364e+1,1.95576e+0,0,0,0,0,0,1.06392e+3,4.19664e+3,0,4.51192e+1,4.50000e+1,0,0,0,2.75103e+4
"India +","IOT","British Indian Ocean Territory",0,0,0,0,0,0,0,0,0,0,0,0,0,0,0,0,0,0,0,0,0,0,0,0,0,0,0,0,0,0,0,0,0,0,0,0,0,0,0,0,0,0,0,0,0,0,0,0,0,0,0,0,0,0,0,0,0,0,
"India +","LKA","Sri Lanka",5.61280e-2,5.80095e-3,2.03318e+0,3.72019e-3,1.41621e+0,4.68369e-3,7.02240e-3,1.67200e-4,2.16483e+1,3.93235e+0,5.93449e-1,0,0,0,0,0,0,0,0,0,0,0,0,0,0,0,0,0,0,0,0,0,0,6.19722e+1,5.31166e+0,1.94974e+2,0,0,0,0,4.96440e-1,2.20413e-1,0,0,0,0,0,0,0,4.35969e+1,9.76970e+1,0,0,0,0,0,0,4.33970e+2
"India +","MDV","Maldives",3.65867e-3,0,4.71744e-3,5.50339e-5,7.83078e-2,0,5.82043e-4,9.05310e-5,6.96498e-3,6.20000e-2,3.41453e-2,0,0,0,0,0,0,0,0,0,0,0,0,0,0,0,0,0,0,0,0,0,0,0,0,0,0,0,0,0,0,9.47903e-3,0,0,0,0,0,0,0,5.74528e-1,1.12899e+0,0,4.80052e-3,0,0,0,0,1.90832e+0
"India +","NPL","Nepal",0,0,1.53197e-1,0,2.30530e-1,0,0,0,6.11622e+1,6.42369e+0,0,0,0,0,0,0,0,0,0,0,0,0,0,0,0,0,0,0,0,0,0,0,0,4.53779e+2,4.01822e+1,3.57390e+2,0,0,0,0,2.04936e+0,9.70959e+0,2.77732e-1,0,0,0,0,0,0,7.17577e+0,1.08020e+2,0,0,0,0,0,0,1.04655e+3
"India +","PAK","Pakistan",7.90975e-1,5.62313e-2,6.05539e+0,0,5.57583e+0,5.29084e-2,0,4.18680e-5,1.75769e+2,7.19972e+1,1.28170e+3,0,0,0,0,0,0,0,0,0,0,0,0,0,0,0,0,0,0,0,0,0,0,3.02237e+3,2.18887e+2,7.73083e+2,0,0,0,0,2.34502e+0,1.00657e+1,0,3.05400e+0,0,0,0,0,0,1.71356e+2,6.48713e+2,0,2.09728e+0,0,0,0,0,6.39397e+3
"Korea","KOR","Korea, Republic of",2.81085e+0,3.85805e-1,5.32956e+0,6.23080e-2,1.98297e+1,4.82247e-2,3.46731e-1,1.64692e-2,2.54939e+1,5.70483e+1,1.86907e+2,0,0,0,0,0,2.17211e+0,2.82332e+0,0,0,0,0,0,0,0,0,0,0,0,0,0,0,0,2.26976e+2,2.22544e+1,3.29072e+2,0,0,0,0,0,3.61507e-1,0,3.61056e-1,0,0,0,0,0,1.77445e+2,4.44592e+2,0,0,0,0,0,0,1.50434e+3
"Korea","PRK","Korea, Democratic People's Republic of",7.71669e-2,5.68480e-4,4.69218e+0,0,3.65192e-1,0,0,0,6.47932e+1,4.45635e+2,1.53863e-1,0,0,0,0,0,1.65000e-2,9.90000e-3,0,0,0,0,0,0,0,0,0,0,0,0,0,0,0,4.92683e+1,7.70577e+0,1.41189e+2,0,0,0,0,0,2.85892e+0,0,2.04559e+0,0,0,0,0,0,4.05413e+1,1.13407e+2,1.74630e-1,0,0,0,0,0,8.72935e+2
"China +","CHN","China",1.80121e+1,3.98337e+0,9.45169e+1,1.46530e-1,5.23231e+1,1.73774e+0,2.49384e+0,4.94704e-1,3.35310e+3,2.07706e+4,1.86935e+3,0,0,0,0,0,1.62322e+1,2.49116e+1,0,0,0,0,0,0,0,0,0,0,0,0,0,0,0,9.48992e+3,1.49669e+3,1.28511e+4,0,0,0,0,9.48888e+0,1.45650e+1,8.63382e+0,2.51352e+1,0,0,0,0,0,3.00571e+3,6.36040e+3,2.01735e+1,6.20720e+0,9.00000e+1,0,0,0,5.95860e+4
"China +","HKG","Hong Kong",5.35931e-1,0,3.97811e-1,0,3.24523e-1,0,0,0,2.75253e-1,0,3.48371e+1,0,0,0,0,0,0,0,0,0,0,0,0,0,0,0,0,0,0,0,0,0,0,0,0,0,0,0,0,0,0,0,0,0,0,0,0,0,0,6.34012e+1,3.28957e+1,2.71971e-1,0,0,0,0,0,1.32940e+2
"China +","MAC","Macao",6.57237e-4,0,6.32784e-3,2.91775e-4,2.71182e-2,0,7.61719e-4,1.19484e-4,8.56902e-3,0,7.05442e-2,0,0,0,0,0,0,0,0,0,0,0,0,0,0,0,0,0,0,0,0,0,0,0,0,0,0,0,0,0,0,0,0,0,0,0,0,0,0,3.85736e+0,1.80644e+0,1.80848e-2,0,0,0,0,0,5.79628e+0
"China +","MNG","Mongolia",6.82867e-2,0,5.70289e-2,1.00524e-3,3.94686e-1,1.13278e-2,3.92288e-3,0,4.93723e+0,1.14815e+1,6.74424e-2,0,0,0,0,0,0,0,0,0,0,0,0,0,0,0,0,0,0,0,0,0,0,2.37363e+2,1.34889e+1,0,0,0,0,0,0,1.27437e-2,0,4.79136e+0,0,0,0,0,0,3.35428e+0,1.07490e+1,2.05285e-2,0,0,0,0,0,2.86803e+2
"China +","TWN","Taiwan_Province of China",3.15292e+0,2.42066e-1,3.02774e+0,4.74429e-3,1.04938e+1,5.89854e-3,9.71432e-2,0,1.11870e+0,5.63738e+0,4.54537e+1,0,0,0,0,0,4.76460e-1,9.30370e-1,0,0,0,0,0,0,0,0,0,0,0,0,0,0,0,1.72975e+1,3.10724e+1,0,0,0,0,0,1.13662e-1,0,0,0,0,0,0,0,0,1.56138e+2,1.15313e+2,6.83117e-1,0,0,0,0,0,3.91258e+2
"Southeastern Asia","BRN","Brunei Darussalam",1.68183e-1,7.06420e-2,1.54415e-2,0,2.20152e-1,0,0,0,4.77762e-2,2.38700e-2,1.90347e+2,0,0,0,0,0,0,0,0,0,0,0,0,0,0,0,0,0,0,0,0,0,0,3.46097e-1,2.79369e-1,1.10166e-1,0,0,0,0,0,4.62604e-3,1.10078e+0,0,0,0,0,0,0,2.30424e+0,1.82154e+0,6.18383e-2,2.11413e-2,0,0,0,0,1.96943e+2
"Southeastern Asia","KHM","Cambodia",2.36901e-2,0,5.20722e-2,1.22917e-3,2.79316e-1,0,1.01844e-3,0,4.38303e+1,8.32195e+0,5.69340e-4,0,0,0,0,0,0,0,0,0,0,0,0,0,0,0,0,0,0,0,0,0,0,1.78935e+2,2.54222e+1,3.96202e+2,0,0,0,0,8.34888e+1,1.93536e+1,1.02075e+2,0,0,0,0,0,0,1.01491e+1,6.09227e+1,3.16161e-1,1.08089e-1,0,0,0,0,9.29482e+2
"Southeastern Asia","LAO","Lao People's Democratic Republic",8.57198e-4,0,2.68615e-2,5.76862e-4,4.66200e-2,0,2.28480e-4,3.66450e-5,2.54293e+1,9.86357e+0,1.42273e-2,0,0,0,0,0,0,0,0,0,0,0,0,0,0,0,0,0,0,0,0,0,0,1.25553e+2,1.44565e+1,8.60081e+1,0,0,0,0,1.29139e+2,8.00376e+0,1.89142e+2,0,0,0,0,0,0,4.31310e+0,2.42302e+1,0,0,0,0,0,0,6.16228e+2
"Southeastern Asia","MMR","Myanmar",1.48082e-1,2.16363e-2,4.56916e-1,0,5.62893e-1,0,0,8.37360e-5,1.68173e+2,2.92047e+1,2.18203e+2,0,0,0,0,0,0,0,0,0,0,0,0,0,0,0,0,0,0,0,0,0,0,8.12795e+2,8.85567e+1,1.43084e+3,0,0,0,0,1.06994e+2,8.51111e+1,1.07535e+3,0,0,0,0,0,0,5.31548e+1,2.44379e+2,0,0,0,0,0,0,4.31395e+3
"Southeastern Asia","MYS","Malaysia",1.76439e+0,7.69246e-1,1.37777e+0,0,9.44767e+0,0,0,2.25720e-3,1.86472e+1,4.48010e+1,9.29651e+2,0,0,0,0,0,1.81152e+0,0,0,0,0,0,0,0,0,0,0,0,0,0,0,0,0,4.71424e+1,2.04009e+1,1.65257e+2,0,0,0,0,2.24832e+1,8.19873e+0,1.22046e+2,0,0,0,0,0,0,1.22779e+2,1.37721e+2,1.61813e+0,1.99154e+0,0,0,0,0,1.65791e+3
"Southeastern Asia","PHL","Philippines",3.20685e-1,1.16120e-1,2.11024e+0,5.53851e-3,3.87604e+0,0,9.26118e-2,0,7.42663e+1,1.20021e+2,5.16895e+1,0,0,0,0,0,1.27878e-3,3.32080e-1,0,0,0,0,0,0,0,0,0,0,0,0,0,0,0,4.11823e+2,8.97501e+1,1.01138e+3,0,0,0,0,3.27984e+0,6.56678e+1,0,0,0,0,0,0,0,2.18684e+2,4.25504e+2,0,3.97036e+0,0,0,0,0,2.48289e+3
"Southeastern Asia","SGP","Singapore",3.82121e-1,1.33033e-1,1.06590e-2,0,7.34948e-1,0,0,0,1.88365e-2,3.20075e+0,5.94010e+1,0,0,0,0,0,3.20712e-1,0,0,0,0,0,0,0,0,0,0,0,0,0,0,0,0,2.69880e-1,8.76352e-1,0,0,0,0,0,1.23929e-1,1.07722e-5,0,0,0,0,0,0,0,1.30391e+1,2.03811e+1,6.60543e+0,0,0,0,0,0,1.05498e+2
"Southeastern Asia","THA","Thailand",3.35349e+0,3.95017e-1,9.04412e+0,0,9.91682e+0,1.64797e-2,2.75111e-2,0,1.25400e+2,3.63740e+2,3.72192e+2,0,0,0,0,0,5.19660e-1,0,0,0,0,0,0,0,0,0,0,0,0,0,0,0,0,3.76369e+2,7.06685e+1,2.06941e+3,0,0,0,0,5.53992e+1,7.73935e+1,4.71464e+1,0,0,0,0,0,0,2.58339e+2,3.76895e+2,2.83193e+0,3.48545e+0,0,0,0,0,4.22254e+3
"Southeastern Asia","TLS","Timor-Leste",0,0,3.02439e-3,0,0,0,0,0,3.34804e-1,0,1.44593e-2,0,0,0,0,0,0,0,0,0,0,0,0,0,0,0,0,0,0,0,0,0,0,1.47630e+1,1.76160e+0,1.07072e+1,0,0,0,0,0,5.47738e-1,0,0,0,0,0,0,0,1.63516e-1,3.72292e+0,4.42543e-3,1.51297e-3,0,0,0,0,3.20242e+1
"Southeastern Asia","VNM","Viet Nam",8.25297e-1,0,2.37424e+0,3.61570e-3,4.63084e+0,1.92593e-3,0,3.71184e-2,2.22790e+2,7.30773e+2,1.62666e+2,0,0,0,0,0,0,0,0,0,0,0,0,0,0,0,0,0,0,0,0,0,0,4.75505e+2,1.66281e+2,1.82938e+3,0,0,0,0,1.94126e+1,8.59454e+1,4.30066e+0,0,0,0,0,0,0,9.70544e+1,4.08403e+2,0,0,0,0,0,0,4.21039e+3
"Indonesia +","IDN","Indonesia",1.61521e+0,1.73181e+0,1.32714e+1,1.44210e-2,2.24789e+1,0,4.42704e-1,0,3.32335e+2,6.11275e+2,1.31553e+3,0,0,0,0,0,2.23605e+0,2.09000e-2,0,0,0,0,0,0,0,0,0,0,0,0,0,0,0,9.62635e+2,9.25465e+1,2.54537e+3,0,0,0,0,2.33702e+2,1.95328e+2,9.16864e+2,0,2.31111e+3,0,0,0,0,8.34775e+2,1.51004e+3,9.80583e+0,1.20687e+1,0,0,0,0,1.19252e+4
"Indonesia +","PNG","Papua New Guinea",8.65135e-3,0,3.14019e-2,7.36201e-4,3.83271e-2,0,2.94713e-3,4.59897e-4,1.93537e+1,4.97116e-1,7.87053e+0,0,0,0,0,0,0,0,0,0,0,0,0,0,0,0,0,0,0,0,0,0,0,6.49078e+0,7.00400e+0,9.51754e-2,0,0,0,0,3.18264e+0,1.50915e-1,2.33573e+1,0,0,0,0,0,0,3.59516e+0,2.85547e+1,9.21498e-2,0,0,0,0,0,1.00327e+2
"Japan","JPN","Japan",1.00031e+1,5.14140e-1,1.38429e+1,7.53445e-2,1.48635e+1,3.72960e-2,1.16630e+0,0,2.22461e+1,5.78159e+1,4.31362e+1,0,0,0,0,0,5.01991e+0,7.54633e+0,0,0,0,0,0,0,0,0,0,0,0,0,0,0,0,5.08985e+2,1.84419e+2,7.54942e+2,0,0,0,0,0,6.61983e-1,1.43410e-1,3.62424e+0,0,0,0,0,0,1.83679e+2,2.04747e+2,2.76993e+1,6.96000e-1,0,0,0,0,2.04586e+3
"Oceania","ASM","American Samoa",0,0,0,0,0,0,0,0,2.16044e-5,0,0,0,0,0,0,0,0,0,0,0,0,0,0,0,0,0,0,0,0,0,0,0,0,1.62360e-2,1.25873e-1,0,0,0,0,0,0,9.84323e-6,0,0,0,0,0,0,0,3.08668e-1,7.59690e-2,0,0,0,0,0,0,5.26777e-1
"Oceania","ATF","French Southern Territories",0,0,0,0,0,0,0,0,0,0,0,0,0,0,0,0,0,0,0,0,0,0,0,0,0,0,0,0,0,0,0,0,0,0,0,0,0,0,0,0,0,0,0,0,0,0,0,0,0,0,0,0,0,0,0,0,0,0,
"Oceania","AUS","Australia",3.68463e+0,6.35251e-1,5.05513e+0,4.22807e-2,1.04633e+1,9.22864e-2,9.42172e-2,1.30834e-2,3.49106e+1,1.42449e+3,2.84438e+2,0,0,0,0,0,2.71391e-1,6.53380e-1,0,0,0,0,0,0,0,0,0,0,0,0,0,0,0,2.78580e+3,1.98483e+2,2.01368e+1,0,0,0,0,5.15688e+2,3.14561e+1,5.62289e+1,1.23622e+2,0,0,0,0,0,4.72694e+2,6.52902e+1,6.61489e-3,0,6.00000e-1,0,0,0,6.03484e+3
"Oceania","CCK","Cocos (Keeling) Islands",0,0,0,0,0,0,0,0,0,0,0,0,0,0,0,0,0,0,0,0,0,0,0,0,0,0,0,0,0,0,0,0,0,0,0,0,0,0,0,0,0,0,0,0,0,0,0,0,0,0,0,0,0,0,0,0,0,0,
"Oceania","COK","Cook Islands",0,0,2.72410e-3,0,0,0,0,0,1.29676e-3,0,0,0,0,0,0,0,0,0,0,0,0,0,0,0,0,0,0,0,0,0,0,0,0,4.75328e-2,9.05700e-2,0,0,0,0,0,0,5.90822e-4,0,0,0,0,0,0,0,0,2.61355e-2,0,0,0,0,0,0,1.68850e-1
"Oceania","CXR","Christmas Island",0,0,0,0,0,0,0,0,0,0,0,0,0,0,0,0,0,0,0,0,0,0,0,0,0,0,0,0,0,0,0,0,0,0,0,0,0,0,0,0,0,0,0,0,0,0,0,0,0,0,0,0,0,0,0,0,0,0,
"Oceania","FJI","Fiji",3.38927e-3,0,6.54314e-3,7.84538e-4,2.73257e-2,0,1.29970e-3,2.03655e-4,3.90974e-1,2.05034e-1,4.74241e-2,0,0,0,0,0,0,0,0,0,0,0,0,0,0,0,0,0,0,0,0,0,0,2.11979e+1,3.54511e+0,1.47748e+0,0,0,0,0,0,1.16625e-1,0,0,0,0,0,0,0,3.51651e+0,2.44463e+0,0,0,0,0,0,0,3.29812e+1
"Oceania","FSM","Micronesia, Federated States of",0,0,0,0,0,0,0,0,1.35721e-3,2.79930e-2,0,0,0,0,0,0,0,0,0,0,0,0,0,0,0,0,0,0,0,0,0,0,0,7.40667e-1,1.31745e-1,1.81844e-2,0,0,0,0,0,6.18365e-4,0,0,0,0,0,0,0,2.92119e-1,1.44332e-1,0,0,0,0,0,0,1.35702e+0
"Oceania","GUM","Guam",0,0,0,0,0,0,0,0,1.44545e-3,0,0,0,0,0,0,0,0,0,0,0,0,0,0,0,0,0,0,0,0,0,0,0,0,1.96772e-2,6.30316e-2,0,0,0,0,0,0,6.58566e-4,0,0,0,0,0,0,0,1.63308e+0,1.27048e+0,0,0,0,0,0,0,2.98837e+0
"Oceania","HMD","Heard Island and McDonald Islands",0,0,0,0,0,0,0,0,0,0,0,0,0,0,0,0,0,0,0,0,0,0,0,0,0,0,0,0,0,0,0,0,0,0,0,0,0,0,0,0,0,0,0,0,0,0,0,0,0,0,0,0,0,0,0,0,0,0,
"Oceania","KIR","Kiribati",5.26800e-5,0,3.77397e-4,4.72524e-5,7.55291e-4,0,2.71250e-5,4.29300e-6,6.71408e-3,2.72490e-2,9.48476e-4,0,0,0,0,0,0,0,0,0,0,0,0,0,0,0,0,0,0,0,0,0,0,1.22000e-2,3.37365e-2,0,0,0,0,0,0,2.35282e-3,0,0,0,0,0,0,0,2.66284e-1,3.14280e-1,0,0,0,0,0,0,6.65028e-1
"Oceania","MHL","Marshall Islands",0,0,0,0,0,0,0,0,0,0,0,0,0,0,0,0,0,0,0,0,0,0,0,0,0,0,0,0,0,0,0,0,0,0,0,0,0,0,0,0,0,0,0,0,0,0,0,0,0,2.35098e-1,7.53234e-2,0,0,0,0,0,0,3.10421e-1
"Oceania","MNP","Northern Mariana Islands",0,0,0,0,0,0,0,0,0,0,0,0,0,0,0,0,0,0,0,0,0,0,0,0,0,0,0,0,0,0,0,0,0,0,0,0,0,0,0,0,0,0,0,0,0,0,0,0,0,3.50453e-1,1.18807e-1,0,0,0,0,0,0,4.69260e-1
"Oceania","NCL","New Caledonia",1.32034e-3,0,7.10378e-3,6.59185e-5,2.34709e-2,0,8.03033e-4,1.27794e-4,2.88388e-2,4.48880e-2,4.74241e-2,0,0,0,0,0,0,0,0,0,0,0,0,0,0,0,0,0,0,0,0,0,0,6.57622e+0,7.81532e-1,0,0,0,0,0,0,2.02461e-3,0,0,0,0,0,0,0,1.96403e+0,2.86814e-1,0,0,0,0,0,0,9.76466e+0
"Oceania","NFK","Norfolk Island",0,0,0,0,0,0,0,0,0,0,0,0,0,0,0,0,0,0,0,0,0,0,0,0,0,0,0,0,0,0,0,0,0,0,0,0,0,0,0,0,0,0,0,0,0,0,0,0,0,0,4.07340e-3,0,0,0,0,0,0,4.07340e-3
"Oceania","NIU","Niue",0,0,0,0,0,0,0,0,9.61404e-5,2.79000e-4,0,0,0,0,0,0,0,0,0,0,0,0,0,0,0,0,0,0,0,0,0,0,0,9.47974e-3,2.44120e-2,0,0,0,0,0,0,4.38026e-5,0,0,0,0,0,0,0,6.53127e-3,2.39222e-3,0,0,0,0,0,0,4.32342e-2
"Oceania","NRU","Nauru",0,0,0,0,0,0,0,0,0,0,0,0,0,0,0,0,0,0,0,0,0,0,0,0,0,0,0,0,0,0,0,0,0,2.80000e-3,8.18133e-3,0,0,0,0,0,0,0,0,0,0,0,0,0,0,1.02581e-1,1.77257e-2,0,0,0,0,0,0,1.31288e-1
"Oceania","NZL","New Zealand",3.11003e-1,3.29808e-2,8.06759e-1,8.88251e-3,1.21055e+0,0,0,1.32924e-2,3.82213e+0,1.88112e+1,2.31848e+1,0,0,0,0,0,9.97050e-1,0,0,0,0,0,0,0,0,0,0,0,0,0,0,0,0,1.06373e+3,1.24752e+2,0,0,0,0,0,0,2.64521e-1,1.50204e+0,0,0,0,0,0,0,6.67571e+1,1.08679e+1,0,0,0,0,0,0,1.31707e+3
"Oceania","PCN","Pitcairn",0,0,0,0,0,0,0,0,0,0,0,0,0,0,0,0,0,0,0,0,0,0,0,0,0,0,0,0,0,0,0,0,0,0,0,0,0,0,0,0,0,0,0,0,0,0,0,0,0,0,1.03245e-3,0,0,0,0,0,0,1.03245e-3
"Oceania","PLW","Palau",0,0,0,0,0,0,0,0,0,0,0,0,0,0,0,0,0,0,0,0,0,0,0,0,0,0,0,0,0,0,0,0,0,0,0,0,0,0,0,0,0,0,0,0,0,0,0,0,0,0,6.27341e-2,0,0,0,0,0,0,6.27341e-2
"Oceania","PYF","French Polynesia",1.83884e-3,0,3.03710e-3,7.41035e-5,2.00353e-2,0,9.54919e-4,1.50513e-4,1.11792e-2,0,2.84545e-2,0,0,0,0,0,0,0,0,0,0,0,0,0,0,0,0,0,0,0,0,0,0,7.40269e-1,3.58027e-1,0,0,0,0,0,0,1.76605e-3,0,0,0,0,0,0,0,1.92873e+0,9.95191e-1,0,0,0,0,0,0,4.08971e+0
"Oceania","SLB","Solomon Islands",6.12894e-4,0,2.10790e-3,7.17235e-5,4.40395e-3,0,3.33837e-4,5.23110e-5,5.29119e-1,9.78670e-2,6.07028e-3,0,0,0,0,0,0,0,0,0,0,0,0,0,0,0,0,0,0,0,0,0,0,6.48607e+1,2.08896e+0,3.18226e-1,0,0,0,0,0,6.58613e-3,0,0,0,0,0,0,0,4.02867e-1,8.87196e-1,0,0,0,0,0,0,6.92052e+1
"Oceania","TKL","Tokelau",0,0,0,0,0,0,0,0,1.85680e-4,0,0,0,0,0,0,0,0,0,0,0,0,0,0,0,0,0,0,0,0,0,0,0,0,1.00000e-3,3.20383e-3,0,0,0,0,0,0,8.45978e-5,0,0,0,0,0,0,0,0,6.88242e-3,0,0,0,0,0,0,1.13565e-2
"Oceania","TON","Tonga",0,0,1.25126e-3,0,5.13054e-3,0,0,0,2.54096e-3,2.29400e-2,4.13154e-3,0,0,0,0,0,0,0,0,0,0,0,0,0,0,0,0,0,0,0,0,0,0,1.01165e+0,9.97451e-1,0,0,0,0,0,0,1.15769e-3,0,0,0,0,0,0,0,3.16817e-1,4.33218e-1,0,0,0,0,0,0,2.79628e+0
"Oceania","TUV","Tuvalu",0,0,0,0,0,0,0,0,0,0,0,0,0,0,0,0,0,0,0,0,0,0,0,0,0,0,0,0,0,0,0,0,0,1.35000e-2,4.15072e-2,0,0,0,0,0,0,0,0,0,0,0,0,0,0,2.75922e-2,7.30502e-2,0,0,0,0,0,0,1.55650e-1
"Oceania","VUT","Vanuatu",2.59637e-4,0,9.64791e-4,2.78491e-5,2.58875e-3,0,1.37452e-4,2.15820e-5,1.15555e-1,3.92460e-2,2.94029e-3,0,0,0,0,0,0,0,0,0,0,0,0,0,0,0,0,0,0,0,0,0,0,9.39099e+0,1.21457e+0,0,0,0,0,0,0,1.34438e-2,0,0,0,0,0,0,0,3.01722e-1,1.17618e+0,0,0,0,0,0,0,1.22586e+1
"Oceania","WLF","Wallis and Futuna",0,0,0,0,0,0,0,0,9.05508e-4,0,0,0,0,0,0,0,0,0,0,0,0,0,0,0,0,0,0,0,0,0,0,0,0,6.64412e-2,7.59998e-2,0,0,0,0,0,0,4.12560e-4,0,0,0,0,0,0,0,0,8.46944e-2,0,0,0,0,0,0,2.28453e-1
"Oceania","WSM","Samoa",2.63212e-4,0,8.87190e-4,1.92698e-4,6.73680e-3,0,2.09552e-4,3.34770e-5,2.51990e-1,3.72310e-2,4.74241e-3,0,0,0,0,0,0,0,0,0,0,0,0,0,0,0,0,0,0,0,0,0,0,1.81824e+0,2.46457e+0,0,0,0,0,0,0,1.13641e-3,0,0,0,0,0,0,0,3.35140e-1,1.09549e+0,0,0,0,0,0,0,6.01686e+0
"Antartica","ATA","Antarctica",0,0,0,0,0,0,0,0,0,0,0,0,0,0,0,0,0,0,0,0,0,0,0,0,0,0,0,0,0,0,0,0,0,0,0,0,0,0,0,0,0,0,0,0,0,0,0,0,0,0,0,0,0,0,0,0,0,0,
"Int. Shipping","SEA","Int. Shipping",0,0,0,0,0,0,0,0,0,0,1.43104e+1,0,4.81467e+1,0,0,0,0,0,0,0,0,0,0,0,0,0,0,0,0,0,0,0,0,0,0,0,0,0,0,0,0,0,0,0,0,0,0,0,0,0,0,0,0,0,0,0,0,6.24571e+1
"Int. Aviation","AIR","Int. Aviation",0,0,0,0,0,0,0,0,0,0,0,2.77282e+0,0,0,0,0,0,0,0,0,0,0,0,0,0,0,0,0,0,0,0,0,0,0,0,0,0,0,0,0,0,0,0,0,0,0,0,0,0,0,0,0,0,0,0,0,0,2.77282e+0

"TOTALS",,,2.35280e+2,5.04119e+1,4.42359e+2,2.36215e+0,6.36953e+2,6.21570e+0,1.04356e+1,3.32893e+0,1.14983e+4,4.13933e+4,6.26988e+4,2.77282e+0,4.81467e+1,0,0,0,1.41234e+2,7.65302e+1,0,0,0,0,0,0,0,0,0,0,0,0,0,0,0,9.57016e+4,1.11903e+4,3.36353e+4,0,0,0,0,5.96588e+3,1.47220e+3,1.11908e+4,9.38565e+2,2.31111e+3,0,0,0,0,2.75105e+4,2.98391e+4,9.42894e+1,2.84463e+2,1.50600e+2,0,0,0,03.37531e+5