"Content:","Emissions by country and main source category" 
"Compound:","CH4"
"Year: ","2002"
"Unit:","Gg CH4"
"Source:","European Commission, Joint Research Centre (JRC)/PBL Netherlands Environmental Assessment Agency. Emission Database for Global Atmospheric Research (EDGAR), release version 4.2. http://edgar.jrc.ec.europe.eu, 2010" 
"Dataset:","v4.2_EM_CH4_300911(edgar)"
"Date calculated:","November 30, 1999, 12:00 am"

,,,"Public electricity and heat production","Other Energy Industries","Manufacturing Industries and Construction","Domestic aviation","Road transportation","Rail transportation","Inland navigation","Other transportation","Residential and other sectors","Fugitive emissions from solid fuels","Fugitive emissions from oil and gas","Memo: International aviation","Memo: International navigation","Cement production","Lime production","Production of other minerals","Production of chemicals","Production of metals","Production of pulp/paper/food/drink","Production of halocarbons and SF6","Refrigeration and Air Conditioning","Foam Blowing","Fire Extinguishers","Aerosols","F-gas as Solvent","Semiconductor/Electronics Manufacture","Electrical Equipment","Other F-gas use","Non-energy use of lubricants/waxes (CO2)","Solvent and other product use: paint","Solvent and other product use: degrease","Solvent and other product use: chemicals","Solvent and other product use: other","Enteric fermentation","Manure management","Rice cultivation","Direct soil emissions","Manure in pasture/range/paddock","Indirect N2O from agriculture","Other direct soil emissions","Savanna burning","Agricultural waste burning","Forest fires","Grassland fires","Peat fires and decay of drained peatland","Other vegetation fires","Other biomass burning","Forest Fires-Post burn decay","Forest Land: net carbon stock change","Solid waste disposal on land","Wastewater handling","Waste incineration","Other waste handling","Fossil fuel fires","Indirect N2O from non-agricultural NOx","Indirect N2O from non-agricultural NH3","Other sources",

"World Region","ISO_A3","Country","1A1a","1A1bc","1A2","1A3a","1A3b","1A3c","1A3d","1A3e","1A4","1B1","1B2","1C1","1C2","2A1","2A2","2A7","2B","2C","2D","2E","2F1","2F2","2F3","2F4","2F5","2F7","2F8","2F9","2G","3A","3B","3C","3D","4A","4B","4C","4D1","4D2","4D3","4D4","4E","4F","5A","5C","5D","5F","5F1","5F2","5FL","6A","6B","6C","6D","7A","7B","7C","7D","TOTAL" 
"Canada","CAN","Canada",3.99804e+0,2.41221e+0,1.19575e+1,8.92221e-2,1.02585e+1,2.90736e-1,4.67575e-1,1.91778e-1,4.51708e+1,8.90128e+1,2.14288e+3,0,0,0,0,0,4.97015e+0,1.40030e-1,0,0,0,0,0,0,0,0,0,0,0,0,0,0,0,8.80793e+2,2.73515e+2,0,0,0,0,0,0,5.91480e+0,1.49083e+2,7.23576e+1,0,0,0,0,0,1.17399e+3,2.07174e+2,8.39109e-1,1.11118e+1,0,0,0,0,5.08662e+3
"USA","SPM","Saint Pierre and Miquelon",0,0,6.16614e-3,0,0,0,8.20400e-5,1.24847e-4,0,0,0,0,0,0,0,0,0,0,0,0,0,0,0,0,0,0,0,0,0,0,0,0,0,3.52375e-3,2.15087e-3,0,0,0,0,0,0,0,0,0,0,0,0,0,0,5.06772e-2,1.23649e-2,8.96019e-4,5.51396e-4,0,0,0,0,7.65372e-2
"USA","UMI","United States Minor Outlying Islands",0,0,0,0,0,0,0,0,0,0,0,0,0,0,0,0,0,0,0,0,0,0,0,0,0,0,0,0,0,0,0,0,0,0,0,0,0,0,0,0,0,0,0,0,0,0,0,0,0,0,0,0,0,0,0,0,0,0,
"USA","USA","United States",6.32568e+1,8.57603e+0,5.12194e+1,1.44568e+0,1.18980e+2,1.74632e+0,9.29881e-1,7.84586e-1,2.28460e+2,3.77941e+3,6.85539e+3,0,0,0,0,0,2.93623e+1,1.00926e+0,0,0,0,0,0,0,0,0,0,0,0,0,0,0,0,6.40459e+3,2.08050e+3,3.52177e+2,0,0,0,0,1.44470e+0,3.12613e+1,9.77376e+1,3.79056e+1,0,0,0,0,0,5.14764e+3,8.67818e+2,0,6.03660e+1,1.50000e+1,0,0,0,2.62370e+4
"Mexico","MEX","Mexico",2.16583e+0,1.47087e+0,3.20382e+0,3.76200e-4,2.05471e+1,9.36738e-2,2.26180e-1,0,7.71113e+1,3.62524e+1,1.59299e+3,0,0,0,0,0,1.48476e+0,1.97175e-1,0,0,0,0,0,0,0,0,0,0,0,0,0,0,0,2.25778e+3,2.22441e+2,5.99240e+0,0,0,0,0,4.82016e+1,3.15552e+1,1.11244e+2,2.15390e-1,0,0,0,0,0,4.32305e+2,4.94208e+2,0,0,0,0,0,0,5.33969e+3
"Rest Central America","ABW","Aruba",1.61115e-3,0,9.32616e-3,0,8.96082e-3,0,0,8.83479e-8,1.62046e-2,1.17180e-2,2.67822e-3,0,0,0,0,0,0,0,0,0,0,0,0,0,0,0,0,0,0,0,0,0,0,3.39370e-2,4.18740e-3,0,0,0,0,0,0,0,0,0,0,0,0,0,0,4.33717e-1,3.77704e-1,0,0,0,0,0,0,9.00045e-1
"Rest Central America","AIA","Anguilla",1.96710e-4,0,1.13874e-3,0,0,0,0,0,1.00721e-4,9.78670e-2,0,0,0,0,0,0,0,0,0,0,0,0,0,0,0,0,0,0,0,0,0,0,0,0,0,0,0,0,0,0,0,0,0,0,0,0,0,0,0,9.73507e-3,4.10861e-2,0,0,0,0,0,0,1.50124e-1
"Rest Central America","ANT","Netherlands Antilles",0,6.62182e-2,1.61766e-2,8.16426e-4,8.76287e-2,0,0,0,3.20083e-2,2.17620e-2,2.60520e+0,0,0,0,0,0,0,0,0,0,0,0,0,0,0,0,0,0,0,0,0,0,0,1.73395e-1,8.11500e-3,0,0,0,0,0,0,0,0,0,0,0,0,0,0,1.60147e+0,7.71449e-1,0,0,0,0,0,0,5.38424e+0
"Rest Central America","ATG","Antigua and Barbuda",3.62673e-3,0,8.36408e-3,2.31440e-5,1.73458e-2,0,0,0,8.50026e-3,0,1.04817e-2,0,0,0,0,0,0,0,0,0,0,0,0,0,0,0,0,0,0,0,0,0,0,1.12095e+0,2.42123e-2,0,0,0,0,0,0,1.52845e-3,0,0,0,0,0,0,0,3.22407e-1,2.95374e-1,0,0,0,0,0,0,1.81281e+0
"Rest Central America","BHS","Bahamas",1.92563e-2,0,4.06033e-2,8.10162e-4,1.06118e-1,0,8.50028e-4,1.41217e-3,7.84638e-2,9.14500e-2,6.60526e-2,0,0,0,0,0,0,0,0,0,0,0,0,0,0,0,0,0,0,0,0,0,0,1.45470e-1,3.25570e-2,0,0,0,0,0,0,1.64765e-2,0,0,0,0,0,0,0,6.74507e+0,1.33820e+0,0,0,0,0,0,0,8.68279e+0
"Rest Central America","BLZ","Belize",1.04660e-2,0,2.54508e-2,1.08335e-5,7.21536e-2,0,2.10103e-4,3.19669e-4,1.01737e+0,5.83420e-2,1.82840e-2,0,0,0,0,0,0,0,0,0,0,0,0,0,0,0,0,0,0,0,0,0,0,3.40810e+0,1.30226e-1,5.66014e-1,0,0,0,0,2.71680e-1,3.78669e-1,0,0,0,0,0,0,0,1.07370e+0,1.24669e+0,0,0,0,0,0,0,8.27769e+0
"Rest Central America","BMU","Bermuda",5.81448e-3,0,7.04398e-3,1.04139e-4,1.56351e-2,0,2.12340e-4,3.58946e-4,1.50457e-2,0,1.09160e-2,0,0,0,0,0,0,0,0,0,0,0,0,0,0,0,0,0,0,0,0,0,0,6.94145e-2,2.66760e-3,0,0,0,0,0,0,3.98235e-5,0,0,0,0,0,0,0,8.99587e-1,2.69918e-1,0,0,0,0,0,0,1.29676e+0
"Rest Central America","BRB","Barbados",9.37015e-3,1.33978e-3,3.09761e-2,6.82679e-5,4.54795e-2,0,1.85576e-4,2.72369e-4,1.26090e-2,2.69700e-2,3.82866e-1,0,0,0,0,0,0,0,0,0,0,0,0,0,0,0,0,0,0,0,0,0,0,1.03331e+0,6.52535e-2,0,0,0,0,0,0,1.23575e-1,0,0,0,0,0,0,0,1.80125e+0,1.50846e+0,0,0,0,0,0,0,5.04198e+0
"Rest Central America","CRI","Costa Rica",2.70192e-2,2.58310e-3,1.93469e-1,0,4.65228e-1,0,1.11188e-2,0,1.36504e+0,5.48700e-1,8.28328e+0,0,0,0,0,0,0,0,0,0,0,0,0,0,0,0,0,0,0,0,0,0,0,8.38725e+1,2.56174e+0,5.68388e+0,0,0,0,0,9.55320e-1,1.21086e+0,0,0,0,0,0,0,0,8.32606e+0,1.82745e+1,0,0,0,0,0,0,1.31781e+2
"Rest Central America","CUB","Cuba",6.24978e-1,2.09251e-3,2.46294e+0,0,3.60073e-1,1.37264e-2,1.03749e-1,0,2.19418e+1,4.93830e+0,2.15997e+1,0,0,0,0,0,0,0,0,0,0,0,0,0,0,0,0,0,0,0,0,0,0,2.30674e+2,8.23644e+0,6.19898e+1,0,0,0,0,1.76486e+1,1.10546e+1,0,0,0,0,0,0,0,6.16255e+1,5.75246e+1,0,0,0,0,0,0,5.00801e+2
"Rest Central America","CYM","Cayman Islands",4.27359e-3,0,4.46440e-3,1.52635e-5,1.42345e-2,0,0,0,4.63049e-3,0,7.18624e-3,0,0,0,0,0,0,0,0,0,0,0,0,0,0,0,0,0,0,0,0,0,0,7.78915e-2,4.11749e-3,0,0,0,0,0,0,1.11551e-5,0,0,0,0,0,0,0,8.11530e-1,1.76129e-1,0,0,0,0,0,0,1.10448e+0
"Rest Central America","DMA","Dominica",1.99809e-3,0,7.76028e-3,3.11799e-6,1.46385e-2,0,2.90141e-5,4.39971e-5,1.37058e-3,2.25060e-2,2.49104e-3,0,0,0,0,0,0,0,0,0,0,0,0,0,0,0,0,0,0,0,0,0,0,8.94046e-1,2.21270e-2,0,0,0,0,0,0,2.22005e-3,0,0,0,0,0,0,0,4.96459e-1,3.64898e-1,0,0,0,0,0,0,1.83059e+0
"Rest Central America","DOM","Dominican Republic",7.99966e-2,5.43400e-4,5.96402e-1,0,7.99061e-1,0,0,5.64300e-3,1.26793e+1,3.47510e+1,5.51123e-1,0,0,0,0,0,0,0,0,0,0,0,0,0,0,0,0,0,0,0,0,0,0,1.40251e+2,4.52866e+0,4.53764e+1,0,0,0,0,8.08560e-1,2.07378e+0,0,0,0,0,0,0,0,4.02713e+1,3.67237e+1,4.98231e-1,0,0,0,0,0,3.19995e+2
"Rest Central America","GLP","Guadeloupe",1.27651e-2,0,4.78486e-2,3.67423e-4,6.63435e-2,0,0,0,4.77533e-1,1.81350e-1,3.84795e-2,0,0,0,0,0,0,0,0,0,0,0,0,0,0,0,0,0,0,0,0,0,0,5.69795e+0,1.35648e-1,0,0,0,0,0,0,2.37416e-1,0,0,0,0,0,0,0,3.23043e+0,2.00260e+0,0,0,0,0,0,0,1.21287e+1
"Rest Central America","GRD","Grenada",3.61267e-3,0,1.01758e-2,2.48265e-5,1.97395e-2,0,4.42989e-4,7.40070e-4,3.13974e-2,1.40740e-1,5.26350e-3,0,0,0,0,0,0,0,0,0,0,0,0,0,0,0,0,0,0,0,0,0,0,3.43464e-1,1.17797e-2,0,0,0,0,0,0,4.50836e-3,0,0,0,0,0,0,0,4.09101e-1,5.61800e-1,0,0,0,0,0,0,1.54279e+0
"Rest Central America","GTM","Guatemala",4.28744e-1,1.04500e-2,5.22040e-1,0,6.24085e-1,0,0,7.10600e-4,3.99797e+1,2.65205e+0,3.15748e+0,0,0,0,0,0,0,0,0,0,0,0,0,0,0,0,0,0,0,0,0,0,0,1.46194e+2,3.56229e+0,1.89858e+0,0,0,0,0,1.86072e+1,5.99752e+0,5.50861e+1,0,0,0,0,0,0,1.61174e+1,4.94039e+1,0,0,0,0,0,0,3.44242e+2
"Rest Central America","HND","Honduras",3.10242e-2,0,3.24870e-1,0,3.64269e-1,0,0,0,1.46764e+1,3.29220e+0,0,0,0,0,0,0,0,0,0,0,0,0,0,0,0,0,0,0,0,0,0,0,0,1.38307e+2,3.51054e+0,4.42606e-1,0,0,0,0,3.52200e+0,1.48867e+0,0,0,0,0,0,0,0,6.52780e+0,2.65535e+1,0,0,0,0,0,0,1.99041e+2
"Rest Central America","HTI","Haiti",8.16426e-3,0,3.99274e-1,0,9.47222e-2,0,0,1.96878e-2,1.45628e+1,1.81071e+1,0,0,0,0,0,0,0,0,0,0,0,0,0,0,0,0,0,0,0,0,0,0,0,9.68468e+1,4.02750e+0,6.17038e+0,0,0,0,0,4.72416e-2,8.62396e-1,0,0,0,0,0,0,0,1.63727e+1,4.08607e+1,0,0,0,0,0,0,1.98380e+2
"Rest Central America","JAM","Jamaica",1.96209e-1,3.65063e-4,4.48848e-2,2.09000e-5,4.27911e-1,0,0,1.75560e-2,2.42882e+0,4.20670e+0,3.02657e-1,0,0,0,0,0,0,0,0,0,0,0,0,0,0,0,0,0,0,0,0,0,0,2.82513e+1,8.56253e-1,1.30527e-3,0,0,0,0,0,6.00773e-1,0,0,0,0,0,0,0,1.09841e+1,1.20585e+1,0,0,0,0,0,0,6.03774e+1
"Rest Central America","KNA","Saint Kitts and Nevis",1.69470e-3,0,4.13111e-3,3.33844e-5,4.25746e-3,0,1.49662e-4,2.27497e-4,8.96302e-2,0,2.09486e-3,0,0,0,0,0,0,0,0,0,0,0,0,0,0,0,0,0,0,0,0,0,0,3.83347e-1,1.18840e-2,0,0,0,0,0,0,5.74432e-2,0,0,0,0,0,0,0,7.89992e-1,2.47962e-1,0,0,0,0,0,0,1.59285e+0
"Rest Central America","LCA","Saint Lucia",6.17064e-3,0,1.57489e-2,6.70100e-6,2.19647e-2,0,4.58461e-5,6.96624e-5,1.65108e-2,2.86130e-2,7.51680e-3,0,0,0,0,0,0,0,0,0,0,0,0,0,0,0,0,0,0,0,0,0,0,8.57022e-1,3.40680e-2,0,0,0,0,0,0,8.52131e-3,0,0,0,0,0,0,0,1.75208e-1,7.43473e-1,0,0,0,0,0,0,1.91494e+0
"Rest Central America","MSR","Montserrat",5.09874e-4,0,3.87291e-4,4.35601e-6,3.92076e-3,0,3.46517e-3,2.26570e-4,7.59595e-2,0,1.12420e-3,0,0,0,0,0,0,0,0,0,0,0,0,0,0,0,0,0,0,0,0,0,0,6.20405e-1,1.37480e-2,0,0,0,0,0,0,4.62834e-5,0,0,0,0,0,0,0,9.10772e-3,4.00627e-2,0,0,0,0,0,0,7.68967e-1
"Rest Central America","MTQ","Martinique",1.83728e-2,0,4.49160e-2,3.12111e-4,5.91252e-2,0,1.93040e-5,2.93320e-5,5.17182e-2,1.62316e-1,4.06630e-2,0,0,0,0,0,0,0,0,0,0,0,0,0,0,0,0,0,0,0,0,0,0,1.59497e+0,5.37331e-2,0,0,0,0,0,0,8.34059e-2,0,0,0,0,0,0,0,5.11075e+0,1.71739e+0,0,0,0,0,0,0,8.93771e+0
"Rest Central America","NIC","Nicaragua",3.35511e-2,1.69480e-3,2.71364e-1,0,2.03749e-1,0,7.60760e-3,0,1.48740e+1,2.37770e+0,2.18615e-1,0,0,0,0,0,0,0,0,0,0,0,0,0,0,0,0,0,0,0,0,0,0,1.81432e+2,4.66898e+0,1.09287e+1,0,0,0,0,2.64768e+0,1.70385e+0,0,0,0,0,0,0,0,2.36892e+1,2.57040e+1,0,0,0,0,0,0,2.68763e+2
"Rest Central America","PAN","Panama",3.29742e-2,2.34080e-3,1.24773e-1,0,4.64124e-1,0,0,5.39220e-2,5.65124e+0,3.65800e-1,2.66506e-1,0,0,0,0,0,0,0,0,0,0,0,0,0,0,0,0,0,0,0,0,0,0,1.00159e+2,2.34122e+0,1.51887e+1,0,0,0,0,7.14792e-1,8.13289e-1,0,0,0,0,0,0,0,1.07371e+1,1.33494e+1,0,0,0,0,0,0,1.50265e+2
"Rest Central America","PRI","Puerto Rico",0,0,2.25980e-3,0,0,0,4.34330e-5,8.08019e-5,0,0,0,0,0,0,0,0,0,0,0,0,0,0,0,0,0,0,0,0,0,0,0,0,0,2.84270e+1,7.77713e-1,0,0,0,0,0,0,1.35229e-2,0,0,0,0,0,0,0,5.55219e+1,1.90059e+1,0,0,0,0,0,0,1.03748e+2
"Rest Central America","SLV","El Salvador",1.32020e-1,7.10600e-4,3.00638e-1,0,2.77270e-1,0,0,0,1.60947e+1,1.55465e+0,2.51299e-1,0,0,0,0,0,0,0,0,0,0,0,0,0,0,0,0,0,0,0,0,0,0,8.11121e+1,2.21158e+0,5.81440e-1,0,0,0,0,5.66184e-1,1.85860e+0,0,0,0,0,0,0,0,2.02034e+1,2.86196e+1,0,0,0,0,0,0,1.53764e+2
"Rest Central America","TCA","Turks and Caicos Islands",3.76290e-4,0,2.17827e-3,0,4.86988e-4,0,2.47184e-6,3.66672e-6,2.46383e-4,7.59500e-3,3.21047e-5,0,0,0,0,0,0,0,0,0,0,0,0,0,0,0,0,0,0,0,0,0,0,0,0,0,0,0,0,0,0,0,0,0,0,0,0,0,0,9.37784e-2,8.85905e-2,0,0,0,0,0,0,1.93290e-1
"Rest Central America","TTO","Trinidad and Tobago",2.85426e-1,8.18036e-2,4.75684e-2,0,2.13616e-1,0,0,0,7.38416e-1,1.70097e-1,2.54749e+2,0,0,0,0,0,7.86888e+0,0,0,0,0,0,0,0,0,0,0,0,0,0,0,0,0,2.46771e+0,3.99684e-1,1.54259e-1,0,0,0,0,0,3.99148e-1,0,0,0,0,0,0,0,1.06145e+1,4.47530e+1,0,0,0,0,0,0,3.22943e+2
"Rest Central America","VCT","Saint Vincent and the Grenadines",3.94807e-3,0,1.16823e-2,3.86151e-6,8.96441e-3,0,0,0,2.28318e-2,3.11860e-2,3.93466e-3,0,0,0,0,0,0,0,0,0,0,0,0,0,0,0,0,0,0,0,0,0,0,4.74440e-1,2.04160e-2,0,0,0,0,0,0,1.23023e-2,0,0,0,0,0,0,0,5.62456e-1,5.44092e-1,0,0,0,0,0,0,1.69626e+0
"Rest Central America","VGB","Virgin Islands_British",9.39296e-4,0,2.13191e-3,4.93949e-6,3.88476e-3,0,0,0,8.25521e-4,4.49500e-3,1.24275e-3,0,0,0,0,0,0,0,0,0,0,0,0,0,0,0,0,0,0,0,0,0,0,4.96543e-1,2.81092e-2,0,0,0,0,0,0,0,0,0,0,0,0,0,0,2.13299e-1,8.58310e-2,0,0,0,0,0,0,8.37306e-1
"Rest Central America","VIR","Virgin Islands_USA",0,0,0,0,0,0,0,0,0,0,0,0,0,0,0,0,0,0,0,0,0,0,0,0,0,0,0,0,0,0,0,0,0,4.42400e-2,8.57493e-3,0,0,0,0,0,0,9.66395e-2,0,0,0,0,0,0,0,1.26485e+0,4.84116e-1,0,0,0,0,0,0,1.89842e+0
"Brazil","BRA","Brazil",3.00975e+0,8.57724e+0,3.07438e+1,4.35008e-2,1.74164e+1,1.07188e-1,3.03627e-1,0,1.26610e+2,5.71568e+2,6.71777e+2,0,0,0,0,0,2.23670e+0,3.01065e+0,0,0,0,0,0,0,0,0,0,0,0,0,0,0,0,1.17292e+4,2.68162e+2,2.37040e+2,0,0,0,0,5.27664e+2,1.84276e+2,1.43775e+3,1.64318e+0,0,0,0,0,0,7.72391e+2,1.88359e+3,8.63980e+0,3.19008e+0,0,0,0,0,1.84890e+4
"Rest South America","ARG","Argentina",1.00747e+0,5.39980e-1,3.34789e+0,1.44863e-2,9.97682e+0,0,2.93076e-3,0,6.23919e+0,2.36587e+1,7.11194e+2,0,0,0,0,0,6.35004e-1,1.12890e-1,0,0,0,0,0,0,0,0,0,0,0,0,0,0,0,3.18274e+3,5.87808e+1,1.47140e+1,0,0,0,0,8.12760e+0,4.58906e+1,1.83721e+1,6.34536e+1,0,0,0,0,0,1.76919e+2,2.40624e+2,0,0,0,0,0,0,4.56635e+3
"Rest South America","BOL","Bolivia",1.35872e-1,4.03036e-2,5.90082e-1,1.92592e-3,3.96953e-1,1.73752e-3,0,0,8.39769e+0,2.01190e+0,1.96059e+2,0,0,0,0,0,0,0,0,0,0,0,0,0,0,0,0,0,0,0,0,0,0,4.20067e+2,1.17188e+1,1.54259e+1,0,0,0,0,4.92192e+1,3.48830e+0,3.45100e+2,0,0,0,0,0,0,1.86655e+1,3.99255e+1,0,0,0,0,0,0,1.11125e+3
"Rest South America","BVT","Bouvet Island",0,0,0,0,0,0,0,0,0,0,0,0,0,0,0,0,0,0,0,0,0,0,0,0,0,0,0,0,0,0,0,0,0,0,0,0,0,0,0,0,0,0,0,0,0,0,0,0,0,0,0,0,0,0,0,0,0,0,
"Rest South America","CHL","Chile",9.24642e-1,1.69338e-1,1.93124e+0,1.37313e-2,2.22145e+0,3.29593e-3,2.66266e-1,0,3.64820e+1,2.94386e+1,1.48003e+2,0,0,0,0,0,5.68600e+0,0,0,0,0,0,0,0,0,0,0,0,0,0,0,0,0,3.05824e+2,1.10825e+1,3.32252e+0,0,0,0,0,0,2.44707e+0,3.80160e-2,1.54121e+0,0,0,0,0,0,5.06502e+1,2.39087e+2,0,0,0,0,0,0,8.39131e+2
"Rest South America","COL","Colombia",3.07036e-1,2.82002e-1,2.93159e+0,8.15101e-4,4.09234e+0,3.37953e-3,4.41826e-2,9.93528e-2,2.94653e+1,1.48617e+2,3.34785e+2,0,0,0,0,0,4.11729e-2,3.08700e-2,0,0,0,0,0,0,0,0,0,0,0,0,0,0,0,1.59956e+3,3.91122e+1,1.05980e+2,0,0,0,0,2.25377e+1,1.36394e+1,4.34513e+1,0,0,0,0,0,0,9.28337e+1,2.01153e+2,0,0,0,0,0,0,2.63896e+3
"Rest South America","ECU","Ecuador",4.95245e-2,2.06446e-2,5.37548e-1,8.36000e-5,1.82234e+0,8.68761e-4,1.88880e-1,0,1.01458e+1,9.49893e+0,1.10628e+2,0,0,0,0,0,7.47000e-5,0,0,0,0,0,0,0,0,0,0,0,0,0,0,0,0,3.02764e+2,9.71069e+0,8.44995e+1,0,0,0,0,3.44328e-1,3.23808e+0,4.64086e+0,0,0,0,0,0,0,2.23706e+1,5.67662e+1,0,0,0,0,0,0,6.17227e+2
"Rest South America","FLK","Falkland Islands (Malvinas)",5.93592e-4,0,3.40242e-4,5.15050e-6,7.36327e-4,0,1.93040e-5,2.93320e-5,3.55429e-4,1.00750e-2,6.13791e-4,0,0,0,0,0,0,0,0,0,0,0,0,0,0,0,0,0,0,0,0,0,0,3.75575e+0,7.45071e-2,0,0,0,0,0,0,0,0,0,0,0,0,0,0,2.27624e-2,1.54574e-2,9.90912e-5,1.82937e-5,0,0,0,0,3.88136e+0
"Rest South America","GUF","French Guiana",6.39864e-3,0,2.09051e-2,2.18244e-4,1.73268e-2,0,8.68658e-5,1.32328e-4,3.36961e-1,4.05139e-1,1.92818e-2,0,0,0,0,0,0,0,0,0,0,0,0,0,0,0,0,0,0,0,0,0,0,5.40266e-1,3.14128e-2,9.80142e-1,0,0,0,0,0,2.21156e-2,3.83942e-1,0,0,0,0,0,0,9.04250e-1,8.36676e-1,2.87362e-3,5.30516e-4,0,0,0,0,4.50866e+0
"Rest South America","GUY","Guyana",2.86797e-2,0,7.81482e-2,9.34020e-5,4.90313e-2,0,0,0,3.06658e+0,1.91890e-1,3.34648e-2,0,0,0,0,0,0,0,0,0,0,0,0,0,0,0,0,0,0,0,0,0,0,6.51230e+0,4.65237e-1,3.12373e+1,0,0,0,0,2.01194e+0,1.21355e+0,8.28104e+0,0,0,0,0,0,0,1.46024e+0,4.15794e+0,4.62397e-3,8.53656e-4,0,0,0,0,5.87929e+1
"Rest South America","PER","Peru",1.56124e-1,7.11958e-2,3.89451e-1,2.09000e-5,1.09457e+0,0,1.22892e-2,0,2.69414e+1,8.25971e+0,3.66400e+1,0,0,0,0,0,3.00000e-4,2.04290e-1,0,0,0,0,0,0,0,0,0,0,0,0,0,0,0,3.65713e+2,1.20235e+1,8.96723e+1,0,0,0,0,7.64280e-1,5.31030e+0,6.73642e+0,0,0,0,0,0,0,6.10375e+1,1.19392e+2,0,0,0,0,0,0,7.34419e+2
"Rest South America","PRY","Paraguay",0,0,1.67083e+0,0,2.68139e-1,0,3.22384e-3,5.01600e-4,1.96205e+1,1.79242e+1,2.52860e-2,0,0,0,0,0,0,0,0,0,0,0,0,0,0,0,0,0,0,0,0,0,0,5.18263e+2,1.16684e+1,3.20385e+0,0,0,0,0,1.05132e+2,4.45461e+0,3.98913e+1,8.89080e+0,0,0,0,0,0,2.07414e+1,2.75715e+1,0,0,0,0,0,0,7.79329e+2
"Rest South America","SGS","South Georgia and the South Sandwich Islands",0,0,0,0,0,0,0,0,0,0,0,0,0,0,0,0,0,0,0,0,0,0,0,0,0,0,0,0,0,0,0,0,0,0,0,0,0,0,0,0,0,0,0,0,0,0,0,0,0,0,0,0,0,0,0,0,0,0,
"Rest South America","SUR","Suriname",1.77068e-2,0,5.08025e-2,8.61945e-5,3.97554e-2,0,3.57253e-4,5.32169e-4,1.71524e-1,6.47466e-1,3.80473e-2,0,0,0,0,0,0,0,0,0,0,0,0,0,0,0,0,0,0,0,0,0,0,6.67677e+0,2.72055e-1,1.21306e+1,0,0,0,0,0,1.51127e-1,1.35252e+1,0,0,0,0,0,0,1.97872e+0,2.43087e+0,6.36357e-3,1.17481e-3,0,0,0,0,3.81392e+1
"Rest South America","URY","Uruguay",1.15355e-2,5.76145e-3,1.58464e-1,1.04500e-4,2.65941e-1,0,0,0,3.92738e+0,3.65800e+0,5.22899e+0,0,0,0,0,0,0,2.20000e-4,0,0,0,0,0,0,0,0,0,0,0,0,0,0,0,7.82935e+2,1.40848e+1,4.79926e+1,0,0,0,0,0,1.14236e+0,0,2.31770e-1,0,0,0,0,0,2.13683e+1,1.66427e+1,0,0,0,0,0,0,8.97654e+2
"Rest South America","VEN","Venezuela",6.33193e-1,1.15781e+0,1.17680e+0,0,9.64523e+0,1.90817e-3,0,5.18422e-3,9.18966e+0,1.28526e+2,1.07412e+3,0,0,0,0,0,3.26220e+0,1.63405e-1,0,0,0,0,0,0,0,0,0,0,0,0,0,0,0,1.00664e+3,2.71698e+1,1.59006e+1,0,0,0,0,4.17720e+1,4.13350e+0,8.05324e+1,0,0,0,0,0,0,1.20420e+2,1.47146e+2,0,0,0,0,0,0,2.67160e+3
"Northern_Africa","DZA","Algeria",8.97211e-1,6.69311e-1,1.72183e-1,0,2.50695e+0,0,0,0,2.67676e+1,5.33935e+1,1.51889e+3,0,0,0,0,0,2.29986e-1,1.40280e-1,0,0,0,0,0,0,0,0,0,0,0,0,0,0,0,1.93061e+2,8.10285e+0,2.54516e-2,0,0,0,0,0,7.86777e-2,5.97792e-2,0,0,0,0,0,0,8.61164e+1,1.20651e+2,0,0,0,0,0,0,2.01177e+3
"Northern_Africa","EGY","Egypt",9.94962e-1,4.53074e-1,1.82603e+0,8.96610e-3,3.77302e+0,0,1.51567e-1,0,6.00936e+1,1.15276e+2,6.57278e+2,0,0,0,0,0,1.09500e-2,2.30840e-1,0,0,0,0,0,0,0,0,0,0,0,0,0,0,0,4.55474e+2,1.42772e+1,1.98850e+2,0,0,0,0,0,5.82856e-1,0,0,0,0,0,0,0,1.40158e+2,2.34291e+2,0,0,0,0,0,0,1.88373e+3
"Northern_Africa","ESH","Western Sahara",9.22090e-4,5.66019e-5,1.38405e-2,5.48495e-5,7.30412e-3,3.02950e-6,0,0,2.11820e-2,0,1.18490e-2,0,0,0,0,0,0,0,0,0,0,0,0,0,0,0,0,0,0,0,0,0,0,1.03074e+1,2.84948e-1,0,0,0,0,0,0,7.08210e-5,0,0,0,0,0,0,0,4.05859e-1,1.35835e+0,0,0,0,0,0,0,1.24119e+1
"Northern_Africa","LBY","Libyan Arab Jamahiriya",3.04764e-1,2.28775e-1,8.10920e-2,4.18681e-5,2.74218e+0,0,0,0,2.17293e+0,8.40763e+0,4.80957e+2,0,0,0,0,0,1.39590e+0,0,0,0,0,0,0,0,0,0,0,0,0,0,0,0,0,3.82626e+1,1.70917e+0,0,0,0,0,0,0,1.03734e-2,2.00213e-2,1.11230e-3,0,0,0,0,0,2.60088e+1,2.53734e+1,0,0,0,0,0,0,5.87676e+2
"Northern_Africa","MAR","Morocco",7.56812e-2,5.68480e-3,4.02200e-1,0,3.28858e-1,0,2.93076e-3,0,3.88539e+0,8.55699e+0,6.08562e+0,0,0,0,0,0,0,0,0,0,0,0,0,0,0,0,0,0,0,0,0,0,0,2.41883e+2,9.84773e+0,8.14453e-1,0,0,0,0,0,2.20784e-1,0,3.11640e-2,0,0,0,0,0,6.54664e+1,1.23539e+2,0,0,0,0,0,0,4.61146e+2
"Northern_Africa","TUN","Tunisia",3.85497e-1,2.68982e-3,1.10979e-1,0,4.45514e-1,3.82255e-3,1.40676e-2,0,9.05610e+0,1.65525e+1,1.41952e+2,0,0,0,0,0,0,1.30200e-2,0,0,0,0,0,0,0,0,0,0,0,0,0,0,0,9.56899e+1,4.52418e+0,0,0,0,0,0,0,2.39467e-2,0,0,0,0,0,0,0,3.19683e+1,3.71187e+1,0,0,0,0,0,0,3.37861e+2
"Western_Africa","BEN","Benin",1.75845e-3,0,6.39540e-3,0,3.63829e-1,0,0,0,2.33116e+1,1.71926e+1,4.81482e-4,0,0,0,0,0,0,0,0,0,0,0,0,0,0,0,0,0,0,0,0,0,0,6.02447e+1,2.63176e+0,3.79229e+0,0,0,0,0,3.21504e+1,6.17491e-1,5.71030e+1,0,0,0,0,0,0,7.52132e+0,3.28742e+1,0,0,0,0,0,0,2.37812e+2
"Western_Africa","BFA","Burkina Faso",1.80449e-3,1.03509e-4,4.95141e-1,5.41238e-4,8.18208e-2,3.35735e-6,0,0,2.40409e+1,4.29238e+1,5.43079e-2,0,0,0,0,0,0,0,0,0,0,0,0,0,0,0,0,0,0,0,0,0,0,3.10762e+2,1.52238e+1,5.96842e+0,0,0,0,0,2.55576e+1,1.14169e+0,0,0,0,0,0,0,0,4.76018e+0,4.66726e+1,0,0,0,0,0,0,4.77685e+2
"Western_Africa","CAF","Central African Republic",6.01706e-4,3.69142e-5,1.59680e-1,2.72180e-4,3.18695e-2,1.85090e-6,0,0,7.85377e+0,3.65800e+0,1.62404e-2,0,0,0,0,0,0,0,0,0,0,0,0,0,0,0,0,0,0,0,0,0,0,1.44981e+2,4.66621e+0,1.78162e+0,0,0,0,0,6.31344e+2,1.84374e-1,3.12882e+2,0,0,0,0,0,0,6.73514e+0,1.70745e+1,0,0,0,0,0,0,1.13137e+3
"Western_Africa","CIV","Cote d'Ivoire",1.54556e-1,6.55636e-3,2.70446e-2,0,2.09287e-1,4.16328e-3,1.60930e-2,0,3.61264e+1,6.80388e+1,3.43516e+1,0,0,0,0,0,0,0,0,0,0,0,0,0,0,0,0,0,0,0,0,0,0,6.77754e+1,3.00926e+0,1.11468e+1,0,0,0,0,2.14171e+1,9.45492e-1,2.87456e+2,0,0,0,0,0,0,3.43690e+1,7.16939e+1,0,0,0,0,0,0,6.36747e+2
"Western_Africa","CMR","Cameroon",3.64251e-3,0,1.08020e+0,0,4.00547e-1,0,0,0,3.46815e+1,9.41935e+0,6.62954e+1,0,0,0,0,0,0,0,0,0,0,0,0,0,0,0,0,0,0,0,0,0,0,2.42441e+2,9.17587e+0,1.90887e+0,0,0,0,0,1.06133e+2,7.77196e-1,6.15352e+1,0,0,0,0,0,0,3.62372e+1,7.46110e+1,0,0,0,0,0,0,6.44700e+2
"Western_Africa","COD","Congo_the Democratic Republic of the",5.02416e-4,2.93076e-4,4.41052e+0,0,1.48876e-1,0,0,0,2.43342e+2,1.44020e+1,4.32114e+0,0,0,0,0,0,0,0,0,0,0,0,0,0,0,0,0,0,0,0,0,0,0,5.47888e+0,2.47409e-1,5.29394e+1,0,0,0,0,7.13856e+2,3.41491e+0,1.82424e+3,0,0,0,0,0,0,5.44175e+1,2.16005e+2,0,0,0,0,0,0,3.13722e+3
"Western_Africa","COG","Congo",0,0,2.50800e-4,9.61398e-4,6.30897e-2,0,0,0,5.35983e+0,5.07548e+1,8.97748e+1,0,0,0,0,0,0,0,0,0,0,0,0,0,0,0,0,0,0,0,0,0,0,5.38267e+1,2.93669e+0,2.54516e-1,0,0,0,0,1.31062e+1,1.57153e-1,4.78897e+1,0,0,0,0,0,0,7.56628e+0,1.54432e+1,0,0,0,0,0,0,2.87134e+2
"Western_Africa","CPV","Cape Verde",5.41592e-4,3.32208e-5,1.95495e-2,5.51284e-5,9.22358e-3,1.52720e-6,0,0,5.42290e-2,3.65800e-3,7.83253e-3,0,0,0,0,0,0,0,0,0,0,0,0,0,0,0,0,0,0,0,0,0,0,1.78358e+0,6.14898e-1,0,0,0,0,0,0,1.90681e-2,0,0,0,0,0,0,0,1.03437e+0,2.01660e+0,0,0,0,0,0,0,5.56365e+0
"Western_Africa","GAB","Gabon",2.75492e-2,1.33760e-3,2.60163e-1,0,6.18139e-2,0,0,0,1.89853e+0,1.49978e+0,1.67090e+2,0,0,0,0,0,0,0,0,0,0,0,0,0,0,0,0,0,0,0,0,0,0,2.86782e+0,3.59639e-1,6.36292e-2,0,0,0,0,8.55936e-1,4.31931e-2,7.97436e+0,0,0,0,0,0,0,8.38956e+0,6.48777e+0,0,0,0,0,0,0,1.97881e+2
"Western_Africa","GHA","Ghana",6.38068e-2,1.67200e-3,5.10880e-1,0,7.94234e-1,5.55104e-3,1.08262e-2,0,7.78243e+1,5.60588e+1,3.23121e-1,0,0,0,0,0,0,0,0,0,0,0,0,0,0,0,0,0,0,0,0,0,0,7.52995e+1,3.55052e+0,1.56528e+1,0,0,0,0,6.93888e+1,1.29761e+0,1.15627e+1,0,0,0,0,0,0,3.73222e+1,9.04788e+1,0,0,0,0,0,0,4.40146e+2
"Western_Africa","GIN","Guinea",1.99680e-3,9.42839e-5,3.67472e-1,6.20962e-4,1.01284e-1,5.46140e-6,0,0,4.19485e+1,2.65187e+1,5.83285e-2,0,0,0,0,0,0,0,0,0,0,0,0,0,0,0,0,0,0,0,0,0,0,1.02237e+2,3.94656e+0,5.82834e+1,0,0,0,0,8.42736e+1,7.29666e-1,1.20353e+2,0,0,0,0,0,0,1.36751e+1,3.70190e+1,0,0,0,0,0,0,4.89514e+2
"Western_Africa","GMB","Gambia",9.09445e-4,5.59337e-5,5.75505e-2,8.61841e-5,3.87010e-2,2.56885e-6,0,0,2.30839e+0,4.48747e+0,1.37636e-2,0,0,0,0,0,0,0,0,0,0,0,0,0,0,0,0,0,0,0,0,0,0,1.32431e+1,5.21523e-1,1.27258e+0,0,0,0,0,8.99280e+0,3.22399e-2,0,0,0,0,0,0,0,1.63701e+0,4.99835e+0,0,0,0,0,0,0,3.76045e+1
"Western_Africa","GNB","Guinea-Bissau",6.78670e-4,4.07447e-5,6.05572e-2,1.55918e-4,2.17732e-2,2.09160e-6,0,0,1.75376e+0,4.57250e-2,1.67675e-2,0,0,0,0,0,0,0,0,0,0,0,0,0,0,0,0,0,0,0,0,0,0,1.94644e+1,1.03343e+0,8.65356e+0,0,0,0,0,1.02156e+1,1.09377e-1,0,0,0,0,0,0,0,1.59018e+0,6.15894e+0,0,0,0,0,0,0,4.91250e+1
"Western_Africa","GNQ","Equatorial Guinea",2.75677e-4,4.38281e-5,1.94736e-2,1.00232e-4,1.15799e-2,2.02520e-6,0,0,1.61107e+0,6.51217e-1,7.87031e+1,0,0,0,0,0,1.43750e+0,0,0,0,0,0,0,0,0,0,0,0,0,0,0,0,0,3.88975e-1,2.52700e-2,0,0,0,0,0,0,1.88791e-2,0,0,0,0,0,0,0,1.35149e+0,5.57939e+0,0,0,0,0,0,0,8.97984e+1
"Western_Africa","LBR","Liberia",1.25691e-3,5.97517e-5,1.33341e-1,1.36497e-4,3.29078e-2,2.65185e-6,0,0,1.82163e+1,1.52987e+1,2.34283e-2,0,0,0,0,0,0,0,0,0,0,0,0,0,0,0,0,0,0,0,0,0,0,3.46574e+0,3.31592e-1,1.44000e+0,0,0,0,0,2.98584e+0,1.50735e-1,4.35152e-1,0,0,0,0,0,0,4.69034e+0,1.22281e+1,0,0,0,0,0,0,5.94336e+1
"Western_Africa","MLI","Mali",2.05037e-3,9.99611e-5,5.07313e-1,2.01907e-4,7.26784e-2,5.24145e-6,0,0,1.96796e+1,9.40472e+0,2.93732e-2,0,0,0,0,0,0,0,0,0,0,0,0,0,0,0,0,0,0,0,0,0,0,3.58193e+2,1.39311e+1,4.58130e+1,0,0,0,0,4.42944e+1,1.02490e+0,1.88081e+1,0,0,0,0,0,0,8.27732e+0,5.16447e+1,0,0,0,0,0,0,5.71683e+2
"Western_Africa","MRT","Mauritania",5.05255e-3,2.36633e-4,1.28830e-1,1.57257e-3,2.88151e-1,1.57137e-5,0,0,5.78542e+0,1.29009e+1,1.58799e-1,0,0,0,0,0,0,0,0,0,0,0,0,0,0,0,0,0,0,0,0,0,0,1.93008e+2,8.61293e+0,2.16339e+0,0,0,0,0,3.13848e-1,9.45419e-2,0,0,0,0,0,0,0,4.81636e+0,1.31574e+1,0,0,0,0,0,0,2.41435e+2
"Western_Africa","NER","Niger",4.49495e-3,1.80969e-4,5.19400e-1,1.03123e-4,5.77605e-2,3.23603e-5,0,0,3.17793e+1,4.18813e+1,3.69664e-2,0,0,0,0,0,0,0,0,0,0,0,0,0,0,0,0,0,0,0,0,0,0,1.05093e+2,4.82051e+0,3.43598e+0,0,0,0,0,1.72092e+0,1.62126e+0,0,0,0,0,0,0,0,5.42564e+0,4.89291e+1,0,0,0,0,0,0,2.45326e+2
"Western_Africa","NGA","Nigeria",2.47117e-1,2.99648e-1,9.76244e+0,0,6.68547e+0,7.62668e-3,1.25818e-2,0,2.33439e+2,8.65438e+1,1.53407e+3,0,0,0,0,0,7.20000e-4,0,0,0,0,0,0,0,0,0,0,0,0,0,0,0,0,7.75675e+2,3.68134e+1,2.56184e+2,0,0,0,0,1.01820e+2,1.11537e+1,3.68023e+1,0,0,0,0,0,0,1.00022e+2,5.33216e+2,0,0,0,0,0,0,3.72275e+3
"Western_Africa","SEN","Senegal",1.11502e-1,3.76200e-4,2.82986e-2,0,1.16549e-1,0,1.22897e-2,0,2.08963e+1,3.09101e+1,9.31801e-1,0,0,0,0,0,0,0,0,0,0,0,0,0,0,0,0,0,0,0,0,0,0,1.61141e+2,7.33753e+0,9.67163e+0,0,0,0,0,4.13832e+1,2.76922e-1,0,0,0,0,0,0,0,1.72635e+1,5.04555e+1,0,0,0,0,0,0,3.40536e+2
"Western_Africa","SHN","Saint Helena",0,0,2.00364e-4,0,1.03332e-3,0,0,0,3.13139e-4,0,5.21557e-4,0,0,0,0,0,0,0,0,0,0,0,0,0,0,0,0,0,0,0,0,0,0,4.44992e-2,4.17520e-3,0,0,0,0,0,0,0,0,0,0,0,0,0,0,1.60609e-2,2.46183e-2,0,0,0,0,0,0,9.14220e-2
"Western_Africa","SLE","Sierra Leone",2.75536e-3,1.29916e-4,2.04154e-1,3.95523e-4,3.81366e-2,6.99690e-6,0,0,1.93492e+1,2.85461e+1,4.46096e-2,0,0,0,0,0,0,0,0,0,0,0,0,0,0,0,0,0,0,0,0,0,0,1.46508e+1,7.11585e-1,1.48000e+1,0,0,0,0,1.28102e+1,2.76878e-1,5.72478e+0,0,0,0,0,0,0,5.19268e+0,2.13649e+1,0,0,0,0,0,0,1.23717e+2
"Western_Africa","STP","Sao Tome and Principe",4.21031e-4,2.58379e-5,6.10188e-3,2.67770e-5,6.67641e-3,1.34875e-6,0,0,2.18402e-2,6.96942e-1,4.43774e-3,0,0,0,0,0,0,0,0,0,0,0,0,0,0,0,0,0,0,0,0,0,0,2.16098e-1,1.90187e-2,0,0,0,0,0,0,1.75930e-3,0,0,0,0,0,0,0,2.77669e-1,5.84138e-1,0,0,0,0,0,0,1.83516e+0
"Western_Africa","TCD","Chad",5.27923e-4,3.19923e-5,3.61487e-1,1.01919e-4,7.79916e-3,3.32830e-6,0,0,2.32569e+1,2.99874e+1,9.83857e-3,0,0,0,0,0,0,0,0,0,0,0,0,0,0,0,0,0,0,0,0,0,0,2.78643e+2,1.07805e+1,1.32349e+1,0,0,0,0,1.68725e+2,6.16784e-1,0,0,0,0,0,0,0,5.16009e+0,3.40487e+1,0,0,0,0,0,0,5.64833e+2
"Western_Africa","TGO","Togo",2.00966e-3,0,1.00361e-2,0,1.26367e-1,0,0,0,2.29248e+1,4.30729e+1,0,0,0,0,0,0,0,0,0,0,0,0,0,0,0,0,0,0,0,0,0,0,0,2.53733e+1,1.51676e+0,4.45404e+0,0,0,0,0,2.47680e+1,4.39164e-1,2.06387e+1,0,0,0,0,0,0,6.08001e+0,2.32183e+1,0,0,0,0,0,0,1.72624e+2
"Eastern_Africa","BDI","Burundi",5.76816e-4,3.31170e-5,2.80190e-1,2.34973e-4,2.94540e-2,1.69320e-6,0,0,2.91092e+1,2.41080e+1,1.97472e-2,0,0,0,0,0,0,0,0,0,0,0,0,0,0,0,0,0,0,0,0,0,0,1.57815e+1,6.42000e-1,2.44336e+0,0,0,0,0,0,3.96280e-1,0,0,0,0,0,0,0,1.00777e+0,2.76342e+1,0,0,0,0,0,0,1.01453e+2
"Eastern_Africa","COM","Comoros",1.12880e-4,1.72266e-5,3.03395e-2,7.91070e-5,6.85515e-3,8.75650e-7,0,0,1.35692e-1,2.86322e+0,4.80153e-3,0,0,0,0,0,0,0,0,0,0,0,0,0,0,0,0,0,0,0,0,0,0,2.47614e+0,1.18444e-1,1.78162e+0,0,0,0,0,0,1.35278e-2,0,0,0,0,0,0,0,7.88541e-1,3.08168e+0,0,0,0,0,0,0,1.13011e+1
"Eastern_Africa","DJI","Djibouti",1.88020e-3,1.14382e-4,4.29905e-2,2.88524e-4,2.56038e-2,7.01765e-6,0,0,1.78140e-1,3.73172e+0,7.93043e-2,0,0,0,0,0,0,0,0,0,0,0,0,0,0,0,0,0,0,0,0,0,0,1.72534e+1,6.89638e-1,0,0,0,0,0,1.55083e-2,1.81743e-6,0,0,0,0,0,0,0,1.65722e+0,3.60457e+0,0,0,0,0,0,0,2.72804e+1
"Eastern_Africa","ERI","Eritrea",1.28925e-3,0,1.63020e-3,0,4.32612e-2,0,0,0,5.27050e+0,7.49890e+0,0,0,0,0,0,0,0,0,0,0,0,0,0,0,0,0,0,0,0,0,0,0,0,8.00214e+1,2.73761e+0,0,0,0,0,0,1.83924e+0,8.39170e-2,0,0,0,0,0,0,0,1.43892e+0,1.59415e+1,0,0,0,0,0,0,1.14878e+2
"Eastern_Africa","ETH","Ethiopia",6.28020e-4,0,4.05042e-2,0,3.02000e-1,0,0,0,3.31491e+2,1.87473e+1,0,0,0,0,0,0,0,0,0,0,0,0,0,0,0,0,0,0,0,0,0,0,0,1.55887e+3,5.73188e+1,0,0,0,0,0,2.25466e+2,7.60085e+0,0,0,0,0,0,0,0,1.99243e+1,2.76311e+2,0,0,0,0,0,0,2.49608e+3
"Eastern_Africa","KEN","Kenya",5.29394e-1,9.06013e-3,7.07674e-2,6.15453e-3,4.12269e-1,5.20410e-3,1.17040e-3,0,8.87500e+1,2.31003e+2,4.16252e-1,0,0,0,0,0,0,0,0,0,0,0,0,0,0,0,0,0,0,0,0,0,0,6.00492e+2,1.87320e+1,1.65436e+0,0,0,0,0,9.22272e+0,9.59811e-1,0,0,0,0,0,0,0,1.95262e+1,1.47876e+2,0,0,0,0,0,0,1.11967e+3
"Eastern_Africa","MDG","Madagascar",6.71224e-3,4.11116e-4,7.07533e-1,6.47280e-4,1.67661e-1,1.39739e-5,0,0,3.87733e+1,7.27037e+1,1.06864e-1,0,0,0,0,0,0,0,0,0,0,0,0,0,0,0,0,0,0,0,0,0,0,2.78973e+2,1.05463e+1,1.89393e+2,0,0,0,0,5.27880e+1,9.35458e-1,1.87666e+1,2.25439e+0,0,0,0,0,0,1.14778e+1,6.60077e+1,0,0,0,0,0,0,7.43609e+2
"Eastern_Africa","MUS","Mauritius",7.22849e-3,3.66362e-4,6.22776e-2,2.59685e-4,9.69120e-2,2.68740e-5,0,0,8.25801e-1,9.14500e-3,1.37779e-1,0,0,0,0,0,0,0,0,0,0,0,0,0,0,0,0,0,0,0,0,0,0,1.85391e+0,2.54978e-1,0,0,0,0,0,0,9.64795e-2,0,0,0,0,0,0,0,3.62125e+0,5.24032e+0,0,0,0,0,0,0,1.22067e+1
"Eastern_Africa","MYT","Mayotte",0,0,0,0,0,0,0,0,0,0,0,0,0,0,0,0,0,0,0,0,0,0,0,0,0,0,0,0,0,0,0,0,0,0,0,0,0,0,0,0,0,0,0,0,0,0,0,0,0,1.90676e-1,3.60922e-1,0,0,0,0,0,0,5.51598e-1
"Eastern_Africa","REU","Reunion",4.98786e-3,3.01340e-4,3.59796e-2,8.62589e-4,1.05616e-1,1.10639e-5,0,0,2.53905e-1,0,1.28895e-1,0,0,0,0,0,0,0,0,0,0,0,0,0,0,0,0,0,0,0,0,0,0,1.76063e+0,4.14246e-1,5.09033e-3,0,0,0,0,0,3.88537e-2,0,0,0,0,0,0,0,4.03905e+0,4.58777e+0,0,0,0,0,0,0,1.13762e+1
"Eastern_Africa","RWA","Rwanda",2.02896e-3,1.21612e-4,3.54607e-1,4.92080e-4,5.10373e-2,7.66090e-6,0,0,1.87443e+1,4.38960e+0,1.40815e-1,0,0,0,0,0,0,0,0,0,0,0,0,0,0,0,0,0,0,0,0,0,0,3.25647e+1,1.25701e+0,8.16999e-1,0,0,0,0,7.53600e+0,5.73119e-1,0,0,0,0,0,0,0,1.34882e+0,3.66236e+1,0,0,0,0,0,0,1.04403e+2
"Eastern_Africa","SDN","Sudan",2.65200e-2,1.05336e-2,1.28948e+0,0,6.00467e-1,1.38776e-3,5.85200e-4,0,8.22953e+1,2.32923e+2,3.17248e+1,0,0,0,0,0,0,0,0,0,0,0,0,0,0,0,0,0,0,0,0,0,0,1.85864e+3,6.61527e+1,6.05749e-1,0,0,0,0,7.30632e+2,1.69222e+0,0,0,0,0,0,0,0,6.62218e+1,1.55607e+2,0,0,0,0,0,0,3.22842e+3
"Eastern_Africa","SOM","Somalia",8.60986e-4,9.03040e-5,3.06909e-1,3.48018e-4,4.36760e-2,4.59405e-6,0,0,3.54986e+1,6.45590e+1,3.34775e-2,0,0,0,0,0,0,0,0,0,0,0,0,0,0,0,0,0,0,0,0,0,0,5.71235e+2,2.53398e+1,2.54516e-1,0,0,0,0,5.49744e-1,1.56418e-1,0,0,0,0,0,0,0,5.10562e+0,3.38751e+1,0,0,0,0,0,0,7.36960e+2
"Eastern_Africa","SYC","Seychelles",3.56010e-3,2.18966e-4,6.05365e-3,2.43499e-7,1.65174e-2,8.24605e-6,0,0,2.44000e-2,0,3.98310e-2,0,0,0,0,0,0,0,0,0,0,0,0,0,0,0,0,0,0,0,0,0,0,9.82183e-2,5.93164e-2,0,0,0,0,0,0,5.05440e-6,0,0,0,0,0,0,0,3.77372e-1,3.54669e-1,0,0,0,0,0,0,9.80170e-1
"Eastern_Africa","UGA","Uganda",3.82481e-3,2.35255e-4,1.06670e+0,3.19196e-4,1.50688e-1,1.02049e-5,0,0,1.27686e+2,6.87577e+1,6.93745e-2,0,0,0,0,0,0,0,0,0,0,0,0,0,0,0,0,0,0,0,0,0,0,2.76673e+2,1.00426e+1,1.01807e+1,0,0,0,0,5.87088e+1,2.23115e+0,0,0,0,0,0,0,0,6.22081e+0,9.40435e+1,0,0,0,0,0,0,6.55835e+2
"Southern_Africa","AGO","Angola",1.07768e-2,6.65069e-3,1.85972e-1,0,2.56082e-1,0,0,0,1.82395e+1,8.23965e+1,3.69479e+2,0,0,0,0,0,0,0,0,0,0,0,0,0,0,0,0,0,0,0,0,0,0,1.79633e+2,5.47119e+0,4.72129e-1,0,0,0,0,3.38131e+0,3.15428e-1,8.39412e+0,0,0,0,0,0,0,1.73934e+1,6.17363e+1,0,0,0,0,0,0,7.47372e+2
"Southern_Africa","BWA","Botswana",9.40389e-3,3.05030e-5,1.71971e-1,4.18930e-5,1.86537e-1,4.72191e-4,0,0,2.83542e+0,1.86828e+1,9.93241e-3,0,0,0,0,0,0,0,0,0,0,0,0,0,0,0,0,0,0,0,0,0,0,1.42769e+2,3.82843e+0,0,0,0,0,0,8.86296e+1,3.56392e-2,0,9.78864e+0,0,0,0,0,0,4.98364e+0,8.02812e+0,0,0,0,0,0,0,2.79960e+2
"Southern_Africa","LSO","Lesotho",3.91525e-4,2.40783e-5,7.42398e-2,1.52830e-4,2.30539e-2,1.23255e-6,0,0,7.32715e+0,7.48793e+0,9.78657e-3,0,0,0,0,0,0,0,0,0,0,0,0,0,0,0,0,0,0,0,0,0,0,3.61124e+1,7.68980e-1,0,0,0,0,0,0,4.48519e-2,0,1.60001e+0,0,0,0,0,0,1.41874e+0,7.92327e+0,0,0,0,0,0,0,6.27910e+1
"Southern_Africa","MOZ","Mozambique",1.46058e-3,0,7.20419e-1,0,1.09030e-1,0,7.60760e-3,0,6.35969e+1,3.63546e+1,5.69576e+0,0,0,0,0,0,0,0,0,0,0,0,0,0,0,0,0,0,0,0,0,0,0,5.10486e+1,2.18188e+0,2.20157e+1,0,0,0,0,1.70786e+2,1.91609e+0,5.66222e+1,7.68792e+0,0,0,0,0,0,1.40251e+1,8.25335e+1,0,0,0,0,0,0,5.15303e+2
"Southern_Africa","MWI","Malawi",2.32046e-3,1.37274e-4,4.95577e-1,3.02774e-4,7.63671e-2,9.02985e-6,0,0,2.00838e+1,3.73801e+1,3.78035e-2,0,0,0,0,0,0,0,0,0,0,0,0,0,0,0,0,0,0,0,0,0,0,4.29296e+1,1.81859e+0,7.12646e+0,0,0,0,0,2.32087e+1,1.31286e+0,0,0,0,0,0,0,0,3.72988e+0,5.02547e+1,0,0,0,0,0,0,1.88457e+2
"Southern_Africa","NAM","Namibia",1.31385e-3,0,1.10770e-2,5.22899e-4,2.39664e-1,0,5.85200e-3,0,5.46247e-1,4.52129e+0,0,0,0,0,0,0,0,0,0,0,0,0,0,0,0,0,0,0,0,0,0,0,0,1.40305e+2,3.40137e+0,0,0,0,0,0,5.57448e+1,7.00072e-2,0,2.16017e-2,0,0,0,0,0,3.35086e+0,7.11493e+0,0,0,0,0,0,0,2.15335e+2
"Southern_Africa","SWZ","Swaziland",2.00884e-3,8.42865e-5,4.48798e-2,1.21692e-4,5.78131e-2,1.74032e-5,0,0,2.58479e+0,3.58381e+0,2.47125e-2,0,0,0,0,0,0,0,0,0,0,0,0,0,0,0,0,0,0,0,0,0,0,2.78752e+1,6.95507e-1,6.36292e-3,0,0,0,0,0,1.04120e-1,0,0,0,0,0,0,0,1.57278e+0,1.68202e+1,0,0,0,0,0,0,5.33724e+1
"Southern_Africa","TZA","Tanzania_United Republic of",2.63768e-3,0,1.52700e+0,0,2.75366e-1,0,0,0,9.02370e+1,1.11832e+2,2.39400e+0,0,0,0,0,0,0,0,0,0,0,0,0,0,0,0,0,0,0,0,0,0,0,6.28861e+2,2.12495e+1,4.14862e+1,0,0,0,0,2.28941e+2,4.61277e+0,1.09086e+2,0,0,0,0,0,0,1.72759e+1,1.61854e+2,0,0,0,0,0,0,1.41963e+3
"Southern_Africa","ZAF","South Africa",1.44643e+0,6.93880e-2,5.40549e+0,1.46726e-2,6.28329e+0,4.52987e-2,0,0,8.35105e+1,1.14054e+3,6.56474e+1,0,0,0,0,0,2.61009e-1,3.81709e+0,0,0,0,0,0,0,0,0,0,0,0,0,0,0,0,8.79974e+2,2.31096e+1,1.78162e-1,0,0,0,0,6.99336e+0,2.49885e+0,5.90352e+0,9.59806e+1,0,0,0,0,0,2.47216e+2,3.14301e+2,0,0,0,0,0,0,2.88320e+3
"Southern_Africa","ZMB","Zambia",1.05507e-3,1.12860e-3,9.95822e-1,0,1.48284e-1,3.98981e-3,0,0,3.09599e+1,7.54477e+1,9.05925e-2,0,0,0,0,0,0,0,0,0,0,0,0,0,0,0,0,0,0,0,0,0,0,1.06016e+2,3.78002e+0,1.27258e+0,0,0,0,0,3.82776e+2,1.83542e-1,2.08094e+2,0,0,0,0,0,0,9.95277e+0,4.23307e+1,0,0,0,0,0,0,8.62054e+2
"Southern_Africa","ZWE","Zimbabwe",4.90330e-2,6.27000e-4,2.65263e-1,0,3.10730e-1,5.18529e-3,0,0,3.22300e+1,2.18943e+1,6.90000e-5,0,0,0,0,0,0,2.89720e-1,0,0,0,0,0,0,0,0,0,0,0,0,0,0,0,2.80798e+2,7.38456e+0,3.18146e-2,0,0,0,0,4.72344e+1,3.04689e-1,0,0,0,0,0,0,0,1.39727e+1,5.25590e+1,0,0,0,0,0,0,4.57330e+2
"OECD_Europe","AUT","Austria",1.36594e+0,1.30922e-1,1.40212e+0,8.15099e-4,1.84462e+0,7.88975e-3,2.04868e-3,4.93240e-3,3.32896e+1,8.83515e+0,4.85141e+1,0,0,0,0,0,1.15830e-1,3.01140e-1,0,0,0,0,0,0,0,0,0,0,0,0,0,0,0,1.57639e+2,4.73833e+1,0,0,0,0,0,0,3.62093e-1,0,1.67950e-2,0,0,0,0,0,6.82930e+1,4.30176e+1,2.13600e-3,6.14712e+0,0,0,0,0,4.18676e+2
"OECD_Europe","BEL","Belgium",1.15761e+0,1.20069e-1,1.24852e+0,1.04568e-4,2.30574e+0,5.55104e-3,6.20312e-2,0,6.55551e+0,5.87896e+0,4.92912e+1,0,0,0,0,0,4.17147e-1,6.07530e-1,0,0,0,0,0,0,0,0,0,0,0,0,0,0,0,2.11883e+2,8.09600e+1,0,0,0,0,0,0,2.83443e-1,0,1.41353e-1,0,0,0,0,0,3.44098e+1,8.45606e+1,7.88760e-1,7.42424e+0,0,0,0,0,4.88101e+2
"OECD_Europe","CHE","Switzerland",6.21757e-1,1.20523e-2,7.85601e-1,1.94370e-3,2.28279e+0,1.73470e-3,2.63340e-3,0,7.18883e+0,3.54000e-1,3.12739e+1,0,0,0,0,0,7.07996e-2,0,0,0,0,0,0,0,0,0,0,0,0,0,0,0,0,1.21898e+2,3.26673e+1,0,0,0,0,0,0,9.63219e-2,7.62576e-2,0,0,0,0,0,0,2.96673e+1,1.21819e+1,1.20456e-5,2.94324e+0,0,0,0,0,2.42126e+2
"OECD_Europe","DEU","Germany",8.03761e+0,5.88682e-1,3.50072e+0,3.56444e-2,1.67961e+1,9.29118e-2,7.16913e-2,2.75880e-3,9.39328e+1,4.08695e+2,3.08931e+2,0,0,0,0,0,4.27297e+0,2.01615e+0,0,0,0,0,0,0,0,0,0,0,0,0,0,0,0,1.12207e+3,3.53035e+2,0,0,0,0,0,0,3.52382e+0,0,3.64080e-1,0,0,0,0,0,7.91907e+2,1.56999e+2,0,3.78368e-2,0,0,0,0,3.27492e+3
"OECD_Europe","DNK","Denmark",1.91788e+0,9.31377e-2,3.31901e-1,7.10633e-4,1.59723e+0,1.17960e-2,4.15502e-2,3.51120e-3,1.07212e+1,2.45040e-1,3.88437e+1,0,0,0,0,0,4.37000e-5,0,0,0,0,0,0,0,0,0,0,0,0,0,0,0,0,1.48922e+2,1.06543e+2,0,0,0,0,0,0,7.22589e-1,0,0,0,0,0,0,0,6.39147e+1,9.02383e+0,0,3.15064e+0,0,0,0,0,3.86085e+2
"OECD_Europe","ESP","Spain",1.94940e+0,2.40096e-1,3.26451e+0,3.71644e-2,1.14380e+1,8.94208e-2,4.06129e-1,0,3.89897e+1,9.38252e+1,5.18504e+1,0,0,0,0,0,8.17487e-1,4.59450e-1,0,0,0,0,0,0,0,0,0,0,0,0,0,0,0,6.43536e+2,3.14245e+2,2.48600e+1,0,0,0,0,0,1.83655e+0,0,1.02226e+1,0,0,0,0,0,3.84716e+2,1.13410e+2,6.22005e-2,2.38174e+1,0,0,0,0,1.72007e+3
"OECD_Europe","FIN","Finland",3.28825e+0,7.88201e-2,5.02105e+0,3.07230e-3,1.90306e+0,7.45921e-3,6.05682e-2,7.94200e-4,2.06891e+1,2.97008e+0,4.48372e+0,0,0,0,0,0,8.33220e-2,4.99449e-1,0,0,0,0,0,0,0,0,0,0,0,0,0,0,0,7.75126e+1,2.15959e+1,0,0,0,0,0,0,3.00106e-1,8.12064e-2,1.89389e-1,0,0,0,0,0,1.16589e+2,2.15110e+2,0,1.56400e+0,0,0,0,0,4.72031e+2
"OECD_Europe","FRA","France",3.12869e+0,3.47326e-1,4.14429e+0,3.09319e-2,1.45105e+1,4.37144e-2,9.10000e-2,0,1.48418e+2,1.56721e+1,1.41695e+3,0,0,0,0,0,1.63476e+0,2.07787e+0,0,0,0,0,0,0,0,0,0,0,0,0,0,0,0,1.42359e+3,3.74685e+2,4.07000e+0,0,0,0,0,0,5.90685e+0,0,1.73544e+0,0,0,0,0,0,3.71885e+2,1.85789e+2,5.63378e+0,1.65468e+1,0,0,0,0,3.99689e+3
"OECD_Europe","FRO","Faroe Islands",0,0,0,0,0,0,0,0,0,0,0,0,0,0,0,0,0,0,0,0,0,0,0,0,0,0,0,0,0,0,0,0,0,6.13384e-1,2.49390e-2,0,0,0,0,0,0,9.69408e-6,0,0,0,0,0,0,0,9.93010e-1,4.42829e-2,7.73175e-3,2.53618e-2,0,0,0,0,1.70872e+0
"OECD_Europe","GBR","United Kingdom",6.12564e+0,1.30714e+0,2.40615e+0,1.45882e-2,1.46248e+1,1.07372e-1,1.91946e-1,0,4.00345e+1,1.69349e+2,7.12599e+2,0,0,0,0,0,1.07153e+0,8.67510e-1,0,0,0,0,0,0,0,0,0,0,0,0,0,0,0,1.00939e+3,1.84756e+2,0,0,0,0,0,0,2.08767e+0,0,2.49840e-1,0,0,0,0,0,1.31361e+3,1.14362e+2,5.86771e-1,6.64000e+0,0,0,0,0,3.58038e+3
"OECD_Europe","GIB","Gibraltar",0,0,0,0,2.42565e-2,0,0,0,0,0,0,0,0,0,0,0,0,0,0,0,0,0,0,0,0,0,0,0,0,0,0,0,0,0,0,0,0,0,0,0,0,0,0,0,0,0,0,0,0,2.19263e-1,2.44979e-2,2.33709e-3,7.66616e-3,0,0,0,0,2.78021e-1
"OECD_Europe","GRC","Greece",6.49464e-1,7.94220e-2,8.17603e-1,8.50663e-3,7.18711e+0,7.19601e-3,1.77316e-1,8.36000e-5,1.26971e+1,5.83291e+1,1.17633e+1,0,0,0,0,0,3.36600e-3,0,0,0,0,0,0,0,0,0,0,0,0,0,0,0,0,1.38993e+2,2.94080e+1,4.95000e+0,0,0,0,0,0,4.23044e-1,0,4.88016e-1,0,0,0,0,0,1.08979e+2,1.35000e+1,2.98800e-4,1.90596e-1,0,0,0,0,3.88651e+2
"OECD_Europe","GRL","Greenland",0,0,0,0,0,0,0,0,0,0,0,0,0,0,0,0,0,0,0,0,0,0,0,0,0,0,0,0,0,0,0,0,0,1.54924e-1,2.80739e-3,0,0,0,0,0,0,0,0,0,0,0,0,0,0,8.83835e-1,2.12147e-1,3.77761e-3,1.23914e-2,0,0,0,0,1.26988e+0
"OECD_Europe","IRL","Ireland",2.81859e-1,6.10249e-3,3.36578e-1,8.36001e-4,1.25761e+0,6.93880e-3,5.26680e-3,0,1.00566e+1,7.08000e-1,4.97166e+1,0,0,0,0,0,0,0,0,0,0,0,0,0,0,0,0,0,0,0,0,0,0,4.86670e+2,7.57610e+1,0,0,0,0,0,0,1.63466e-1,0,1.80643e-2,0,0,0,0,0,8.01893e+1,8.83276e+0,0,5.03844e-1,0,0,0,0,7.14514e+2
"OECD_Europe","ISL","Iceland",2.63768e-3,0,5.95629e-2,1.46300e-4,1.05590e-1,0,1.46300e-3,0,6.70869e-2,0,0,0,0,0,0,0,0,1.32686e-1,0,0,0,0,0,0,0,0,0,0,0,0,0,0,0,9.14580e+0,1.28572e+0,0,0,0,0,0,0,6.74957e-5,0,0,0,0,0,0,0,4.56545e+0,4.18073e-1,5.07471e-3,6.56092e-3,0,0,0,0,1.57959e+1
"OECD_Europe","ITA","Italy",2.79360e+0,3.53546e-1,2.84112e+0,1.29162e-2,3.11349e+1,2.15103e-2,4.45437e-1,0,2.85138e+1,1.33631e+1,2.57887e+2,0,0,0,0,0,9.31560e-1,9.02380e-1,0,0,0,0,0,0,0,0,0,0,0,0,0,0,0,5.44709e+2,2.10561e+2,4.81800e+1,0,0,0,0,0,1.81980e+0,1.10002e-1,2.00846e+0,0,0,0,0,0,8.13904e+2,9.24081e+1,3.18087e+0,2.21426e+1,0,0,0,0,2.07822e+3
"OECD_Europe","LUX","Luxembourg",5.50179e-2,0,6.14627e-2,2.09339e-5,4.03116e-1,3.46940e-4,0,1.00320e-3,1.46980e-1,0,4.80702e+0,0,0,0,0,0,0,5.90100e-2,0,0,0,0,0,0,0,0,0,0,0,0,0,0,0,1.37360e+1,2.70781e+1,0,0,0,0,0,0,1.15045e-2,0,3.46464e-1,0,0,0,0,0,2.66479e+0,4.42166e-1,0,2.32873e-1,0,0,0,0,5.00459e+1
"OECD_Europe","NLD","Netherlands",3.17479e+0,3.67705e-1,4.83373e-1,1.50480e-3,4.35004e+0,7.28574e-3,8.80726e-2,0,7.30720e+0,2.77944e+0,2.25276e+2,0,0,0,0,0,3.67826e+0,2.71880e-1,0,0,0,0,0,0,0,0,0,0,0,0,0,0,0,3.00314e+2,1.51514e+2,0,0,0,0,0,0,2.23458e-1,0,5.71344e-2,0,0,0,0,0,3.48682e+2,4.20977e+1,0,3.90000e+0,0,0,0,0,1.09457e+3
"OECD_Europe","NOR","Norway",2.45446e-1,4.79949e-1,9.09398e-1,5.12049e-3,1.41955e+0,1.90817e-3,2.03064e-1,4.18000e-5,1.21196e+1,3.46614e+1,5.69855e+2,0,0,0,0,0,2.69251e+0,1.12871e+0,0,0,0,0,0,0,0,0,0,0,0,0,0,0,0,8.55049e+1,1.62132e+1,0,0,0,0,0,0,8.68004e-2,0,0,0,0,0,0,0,7.49417e+1,4.73045e+1,9.78729e+0,1.30844e+0,0,0,0,0,8.58869e+2
"OECD_Europe","PRT","Portugal",6.70017e-1,8.06134e-2,2.03188e+0,3.23974e-3,3.15126e+0,6.24492e-3,2.63340e-2,0,2.02975e+1,1.48680e+0,3.63932e+1,0,0,0,0,0,1.07417e-1,2.84900e-2,0,0,0,0,0,0,0,0,0,0,0,0,0,0,0,1.42214e+2,5.73773e+1,5.54400e+0,0,0,0,0,0,1.37916e-1,0,8.76552e+0,0,0,0,0,0,2.67976e+2,5.24107e+1,4.98295e-1,4.64800e-1,0,0,0,0,5.99671e+2
"OECD_Europe","SWE","Sweden",4.14554e+0,3.63774e-2,5.02871e+0,8.78549e-3,2.51225e+0,5.03119e-3,4.30122e-2,3.89373e-3,1.55315e+1,1.42512e+0,2.45107e+1,0,0,0,0,0,3.25022e-1,1.69795e-1,0,0,0,0,0,0,0,0,0,0,0,0,0,0,0,1.21670e+2,3.01591e+1,0,0,0,0,0,0,4.37867e-1,0,5.79912e-2,0,0,0,0,0,1.00768e+2,2.24805e+2,5.89147e-2,1.33610e+0,0,0,0,0,5.33039e+2
"Central Europe","ALB","Albania",3.51691e-4,2.09000e-3,8.15100e-2,0,2.32332e-1,5.21257e-3,1.28954e-2,0,6.41709e+0,1.20382e+0,1.05212e+1,0,0,0,0,0,0,2.43100e-2,0,0,0,0,0,0,0,0,0,0,0,0,0,0,0,7.15360e+1,1.07429e+1,0,0,0,0,0,0,1.57756e-1,0,6.15384e-2,0,0,0,0,0,4.54798e+0,5.54584e+0,5.93601e-3,7.13952e-3,0,0,0,0,1.11106e+2
"Central Europe","BGR","Bulgaria",2.49772e-1,1.82584e-2,3.89447e-1,5.64299e-4,1.94520e+0,5.55104e-3,0,6.06100e-3,2.35489e+1,3.14200e+1,8.89204e+0,0,0,0,0,0,1.71551e-1,1.25140e-1,0,0,0,0,0,0,0,0,0,0,0,0,0,0,0,7.76983e+1,1.49520e+1,9.17400e-1,0,0,0,0,0,1.98107e+0,0,2.34463e+0,0,0,0,0,0,4.25806e+2,3.03631e+1,0,0,0,0,0,0,6.20835e+2
"Central Europe","BIH","Bosnia and Herzegovina",7.93106e-2,3.46940e-3,1.22657e-1,1.29791e-3,4.52200e-1,0,0,0,6.44567e+0,3.53621e+1,4.56925e+0,0,0,0,0,0,9.97430e-4,1.32000e-3,0,0,0,0,0,0,0,0,0,0,0,0,0,0,0,4.02242e+1,7.44192e+0,0,0,0,0,0,0,3.41646e-1,0,6.90480e-1,0,0,0,0,0,6.21630e+0,6.88502e+0,8.71645e-3,1.04837e-2,0,0,0,0,1.08857e+2
"Central Europe","CYP","Cyprus",1.09037e-4,2.92600e-3,5.99833e-2,0,2.17640e-1,0,0,0,1.38468e-1,2.74350e-1,2.87990e-1,0,0,0,0,0,0,0,0,0,0,0,0,0,0,0,0,0,0,0,0,0,0,9.31834e+0,4.27292e+0,0,0,0,0,0,0,1.13184e-2,0,0,0,0,0,0,0,1.10132e+1,3.51235e+0,0,0,0,0,0,0,2.91096e+1
"Central Europe","CZE","Czech Republic",1.19996e+0,5.41755e-2,1.48321e+0,0,2.79925e+0,4.01933e-3,0,0,4.23684e+1,1.49942e+2,5.69563e+1,0,0,0,0,0,1.71957e-1,4.16710e-1,0,0,0,0,0,0,0,0,0,0,0,0,0,0,0,1.69945e+2,2.61470e+1,0,0,0,0,0,0,1.98882e+0,0,9.36216e-2,0,0,0,0,0,9.75918e+1,4.59609e+1,0,7.51064e-1,0,0,0,0,5.97875e+2
"Central Europe","EST","Estonia",2.38256e-1,3.90830e-3,1.32789e-1,2.09000e-5,3.59980e-1,1.25401e-1,2.04820e-3,0,1.16043e+1,1.18494e+1,1.36890e+1,0,0,0,0,0,0,0,0,0,0,0,0,0,0,0,0,0,0,0,0,0,0,2.41632e+1,4.00661e+0,1.83700e+0,0,0,0,0,0,1.49724e-1,0,0,0,0,0,0,0,2.45122e+1,6.22165e+0,0,3.95812e-1,0,0,0,0,9.92913e+1
"Central Europe","HRV","Croatia",1.41547e-1,4.55422e-2,1.66431e-1,1.08680e-3,1.28071e+0,5.19210e-3,1.02410e-2,3.13500e-3,8.77238e+0,3.84090e-1,8.65858e+1,0,0,0,0,0,5.86488e-2,0,0,0,0,0,0,0,0,0,0,0,0,0,0,0,0,4.24386e+1,1.15135e+1,0,0,0,0,0,0,1.00168e+0,0,1.35686e+0,0,0,0,0,0,2.94327e+1,1.59584e+1,0,0,0,0,0,0,1.99157e+2
"Central Europe","HUN","Hungary",5.22327e-1,3.97036e-2,2.68853e-1,0,1.61995e+0,1.28246e-2,2.19797e-2,0,2.73358e+1,1.39399e+1,8.50452e+1,0,0,0,0,0,1.24261e-1,1.07570e-1,0,0,0,0,0,0,0,0,0,0,0,0,0,0,0,9.80812e+1,3.32087e+1,4.62000e-1,0,0,0,0,0,3.04281e+0,0,8.41104e-1,0,0,0,0,0,1.02769e+2,3.40541e+1,8.13600e-2,0,0,0,0,0,4.01579e+2
"Central Europe","LTU","Lithuania",1.73174e-1,2.61183e-2,1.48160e-1,8.35999e-5,7.47906e-1,1.16225e-2,1.17040e-3,3.76200e-4,1.79549e+1,5.48700e-2,6.68945e+1,0,0,0,0,0,6.78868e-2,0,0,0,0,0,0,0,0,0,0,0,0,0,0,0,0,6.94510e+1,1.20071e+1,0,0,0,0,0,0,7.63989e-1,0,4.68936e+0,0,0,0,0,0,5.10322e+1,1.90729e+1,9.95352e-4,0,0,0,0,0,2.43098e+2
"Central Europe","LVA","Latvia",3.61987e-1,0,1.70069e-1,0,5.33454e-1,1.23164e-2,1.36583e-2,0,2.92431e+1,7.31600e-1,4.33444e+1,0,0,0,0,0,0,0,0,0,0,0,0,0,0,0,0,0,0,0,0,0,0,3.41746e+1,5.76113e+0,0,0,0,0,0,0,3.25996e-1,0,1.88402e+1,0,0,0,0,0,2.45805e+1,4.60658e+0,1.76536e-4,6.49444e-3,0,0,0,0,1.62706e+2
"Central Europe","MKD","Macedonia, the former Yugoslav Republic of",6.73949e-2,5.20410e-4,3.54004e-2,0,2.65509e-1,0,0,0,4.82950e+0,6.98451e+0,9.52370e+0,0,0,0,0,0,1.65933e-3,5.50000e-2,0,0,0,0,0,0,0,0,0,0,0,0,0,0,0,2.73690e+1,3.88337e+0,4.11400e-1,0,0,0,0,0,1.65902e-1,0,2.63232e-1,0,0,0,0,0,5.59931e+0,8.63093e+0,6.11323e-3,7.35268e-3,0,0,0,0,6.80998e+1
"Central Europe","MLT","Malta",2.66311e-3,0,0,0,4.34930e-2,0,0,0,1.02410e-2,0,0,0,0,0,0,0,0,0,0,0,0,0,0,0,0,0,0,0,0,0,0,0,0,1.66920e+0,7.19193e-1,0,0,0,0,0,0,1.25831e-3,0,0,0,0,0,0,0,8.36495e+0,3.87431e-1,0,0,0,0,0,0,1.11984e+1
"Central Europe","POL","Poland",1.55772e+0,1.70489e-1,3.72185e+0,0,6.38741e+0,4.20082e-2,2.08060e-2,3.63660e-3,2.02521e+2,1.91959e+3,1.53772e+2,0,0,0,0,0,1.57038e-1,5.08280e-1,0,0,0,0,0,0,0,0,0,0,0,0,0,0,0,5.52729e+2,1.22273e+2,0,0,0,0,0,0,6.39541e+0,0,2.93376e+0,0,0,0,0,0,3.48054e+2,9.18727e+1,1.95228e-1,8.53480e-1,0,0,0,0,3.41376e+3
"Central Europe","ROU","Romania",5.38236e-1,2.53959e-1,9.23179e-1,4.18000e-5,2.78557e+0,3.88426e-2,3.01378e-2,2.43650e-2,6.66451e+1,4.61461e+1,4.34593e+2,0,0,0,0,0,8.86098e-1,4.99612e-1,0,0,0,0,0,0,0,0,0,0,0,0,0,0,0,3.09335e+2,6.63724e+1,1.10000e-1,0,0,0,0,0,4.09827e+0,0,0,0,0,0,0,0,1.55247e+2,6.88252e+1,1.72859e-2,0,0,0,0,0,1.15737e+3
"Central Europe","SCG","Serbia and Montenegro",3.48863e-1,0,2.61793e-1,0,8.50034e-1,0,0,0,3.47756e+1,3.47338e+1,8.27151e+1,0,0,0,0,0,5.83264e-2,2.49410e-1,0,0,0,0,0,0,0,0,0,0,0,0,0,0,0,1.37784e+2,3.78800e+1,0,0,0,0,0,0,2.28348e+0,0,0,0,0,0,0,0,1.68940e+1,3.98994e+1,1.83135e-2,2.20265e-2,0,0,0,0,3.88774e+2
"Central Europe","SVK","Slovakia",2.55334e-1,6.19219e-2,6.34942e-1,0,6.64574e-1,0,0,1.90190e-2,3.03404e+0,8.95211e+0,3.49800e+1,0,0,0,0,0,7.78647e-2,3.72784e-1,0,0,0,0,0,0,0,0,0,0,0,0,0,0,0,6.81385e+1,1.22901e+1,0,0,0,0,0,0,9.26017e-1,0,3.52608e-1,0,0,0,0,0,3.73469e+1,4.80904e+1,1.69764e-1,1.57200e-1,0,0,0,0,2.16524e+2
"Central Europe","SVN","Slovenia",1.15159e-1,6.27000e-4,1.64918e-1,2.09000e-5,1.01121e+0,2.08164e-3,0,0,1.13572e+1,3.68024e+1,3.80435e+0,0,0,0,0,0,2.76000e-1,8.80000e-3,0,0,0,0,0,0,0,0,0,0,0,0,0,0,0,4.85506e+1,7.17105e+0,0,0,0,0,0,0,1.56337e-1,0,0,0,0,0,0,0,2.18075e+1,1.14238e+1,0,9.68872e-6,0,0,0,0,1.42652e+2
"Turkey","TUR","Turkey",1.83984e+0,1.23552e-1,2.84219e+0,1.66155e-2,8.13890e+0,4.19044e-2,9.21995e-2,1.92280e-3,1.12602e+2,1.58727e+2,1.55969e+2,0,0,0,0,0,4.84178e-1,3.21779e-1,0,0,0,0,0,0,0,0,0,0,0,0,0,0,0,7.63467e+2,1.80534e+2,1.87848e+1,0,0,0,0,0,3.19447e+1,0,1.84894e+0,0,0,0,0,0,1.00700e+3,3.14581e+2,0,9.92832e-1,0,0,0,0,2.76035e+3
"Ukraine +","BLR","Belarus",1.10957e+0,1.55098e-2,2.99906e-1,0,7.90941e-1,1.34446e-1,2.27695e-2,1.25604e-4,2.59532e+1,1.82900e-1,1.62970e+1,0,0,0,0,0,5.12732e-2,0,0,0,0,0,0,0,0,0,0,0,0,0,0,0,0,3.30441e+2,5.21866e+1,0,0,0,0,0,0,1.53569e+0,0,8.79360e+0,0,0,0,0,0,1.74342e+2,2.78428e+1,0,1.14382e-1,0,0,0,0,6.40113e+2
"Ukraine +","MDA","Moldova, Republic of",6.00319e-2,0,1.10833e-2,0,1.53458e-1,3.81634e-3,0,1.21220e-3,2.88735e+0,7.95615e+0,6.43578e+1,0,0,0,0,0,0,0,0,0,0,0,0,0,0,0,0,0,0,0,0,0,0,4.04525e+1,9.94731e+0,0,0,0,0,0,0,7.93305e-1,0,7.76064e-1,0,0,0,0,0,6.47462e+0,2.93187e+1,6.03553e-3,7.25924e-3,0,0,0,0,1.63207e+2
"Ukraine +","UKR","Ukraine",1.86012e+0,2.50170e-1,2.42532e+0,1.04500e-4,4.13210e+0,4.51022e-2,0,1.22223e-1,5.32731e+1,3.60498e+2,2.00780e+3,0,0,0,0,0,4.01077e-1,5.03338e+0,0,0,0,0,0,0,0,0,0,0,0,0,0,0,0,7.80779e+2,1.45188e+2,5.91721e+0,0,0,0,0,0,1.21580e+1,0,1.27807e+1,0,0,0,0,0,3.38958e+2,1.22564e+2,0,4.67104e-1,0,0,0,0,3.85465e+3
"Asia-Stan","KAZ","Kazakhstan",5.74122e-1,2.29449e-1,1.94546e+0,1.31670e-3,7.85649e-1,1.19394e-1,4.98081e-3,0,4.27549e+0,4.69096e+2,8.36738e+2,0,0,0,0,0,8.73300e-3,1.85888e+0,0,0,0,0,0,0,0,0,0,0,0,0,0,0,0,4.22250e+2,3.36780e+1,1.56325e+1,0,0,0,0,0,6.00250e+0,1.40726e+0,2.38202e+2,0,0,0,0,0,1.53588e+2,4.19722e+1,0,4.74732e-1,0,0,0,0,2.22884e+3
"Asia-Stan","KGZ","Kyrgyzstan",2.25260e-2,0,1.05879e-1,7.53621e-4,1.21722e-1,0,0,0,2.78006e-1,2.37094e+0,9.45523e+0,0,0,0,0,0,0,0,0,0,0,0,0,0,0,0,0,0,0,0,0,0,0,1.11595e+2,6.80356e+0,1.58229e+0,0,0,0,0,0,5.61950e-1,0,1.48978e+0,0,0,0,0,0,6.86311e+0,2.69262e+1,0,6.18728e-2,0,0,0,0,1.68239e+2
"Asia-Stan","TJK","Tajikistan",7.87118e-3,0,1.00000e-4,0,1.19936e+0,0,0,0,3.97518e-1,4.34641e-1,1.96816e+1,0,0,0,0,0,0,0,0,0,0,0,0,0,0,0,0,0,0,0,0,0,0,9.50038e+1,8.05578e+0,2.85527e+0,0,0,0,0,0,2.42391e-1,0,2.65104e-2,0,0,0,0,0,6.41560e+0,2.73762e+1,0,4.72996e-2,0,0,0,0,1.61744e+2
"Asia-Stan","TKM","Turkmenistan",3.39630e-1,2.45074e-1,1.00000e-4,0,6.60418e-1,0,0,0,2.15709e+0,0,9.26247e+2,0,0,0,0,0,8.16000e-5,0,0,0,0,0,0,0,0,0,0,0,0,0,0,0,0,2.23557e+2,1.33100e+1,9.99343e+0,0,0,0,0,0,8.32566e-1,0,7.46928e-1,0,0,0,0,0,1.00373e+1,2.80860e+1,0,1.15694e-1,0,0,0,0,1.21633e+3
"Asia-Stan","UZB","Uzbekistan",5.58804e-1,2.27893e-1,3.27099e-1,5.93560e-3,2.24752e+0,1.59592e-2,0,5.92724e-2,8.16895e+0,2.36262e+0,1.17598e+3,0,0,0,0,0,0,0,0,0,0,0,0,0,0,0,0,0,0,0,0,0,0,4.74247e+2,3.82147e+1,1.53232e+1,0,0,0,0,0,1.77371e+0,0,3.00360e+0,0,0,0,0,0,3.28948e+1,1.24978e+2,0,3.39574e-1,0,0,0,0,1.88073e+3
"Russia +","ARM","Armenia",1.63704e-2,0,1.42120e-2,0,1.09241e-1,0,0,0,4.39787e-1,0,6.01947e+1,0,0,0,0,0,0,0,0,0,0,0,0,0,0,0,0,0,0,0,0,0,0,4.01218e+1,5.83736e+0,0,0,0,0,0,0,1.39874e-1,0,1.09356e-1,0,0,0,0,0,1.19900e+1,4.95381e+0,0,8.48080e-2,0,0,0,0,1.24011e+2
"Russia +","AZE","Azerbaijan",1.37880e-1,6.46119e-2,8.46346e-2,0,4.70751e-1,0,0,0,7.04248e-1,0,2.16683e+2,0,0,0,0,0,1.53120e-2,0,0,0,0,0,0,0,0,0,0,0,0,0,0,0,0,1.83285e+2,2.76440e+1,1.12083e+0,0,0,0,0,0,6.94364e-1,0,3.22608e-1,0,0,0,0,0,2.38950e+1,4.87138e+1,0,1.75949e-1,0,0,0,0,5.04012e+2
"Russia +","GEO","Georgia",6.33882e-3,8.02560e-3,5.59012e-2,0,2.72659e-1,2.33456e-1,0,1.25400e-4,1.92176e+1,9.27960e-2,4.73769e+1,0,0,0,0,0,0,2.75000e-2,0,0,0,0,0,0,0,0,0,0,0,0,0,0,0,8.92451e+1,1.54780e+1,0,0,0,0,0,0,2.05073e-1,0,1.86902e-2,0,0,0,0,0,1.84458e+1,9.70406e+0,0,9.29088e-2,0,0,0,0,2.00481e+2
"Russia +","RUS","Russian Federation",1.71155e+1,2.17866e+0,5.34639e+0,1.00634e-1,2.29805e+1,3.43991e-1,3.41172e-1,1.21383e+0,3.27292e+2,1.98404e+3,1.40608e+4,0,0,0,0,0,7.14146e+0,5.02788e+0,0,0,0,0,0,0,0,0,0,0,0,0,0,0,0,2.26558e+3,3.84965e+2,4.07004e+1,0,0,0,0,0,2.87520e+1,1.15550e+3,4.86456e+2,0,0,0,0,0,1.66409e+3,8.31729e+2,0,0,0,0,0,0,2.32917e+4
"Middle_East","ARE","United Arab Emirates",2.11232e+0,8.30566e-2,7.65692e-1,0,2.95446e+0,0,0,0,4.10287e-1,2.13807e-1,9.12186e+2,0,0,0,0,0,0,0,0,0,0,0,0,0,0,0,0,0,0,0,0,0,0,2.60520e+1,1.50687e+0,0,0,0,0,0,0,4.16988e-4,0,0,0,0,0,0,0,2.37470e+1,1.72397e+1,0,2.78483e-1,0,0,0,0,9.87550e+2
"Middle_East","BHR","Bahrain",4.18470e-1,1.95179e-1,7.00568e-2,0,3.46711e-1,0,0,0,2.09000e-2,9.14500e-2,1.04742e+2,0,0,0,0,0,9.20000e-1,0,0,0,0,0,0,0,0,0,0,0,0,0,0,0,0,1.04917e+0,3.58026e-2,0,0,0,0,0,0,1.05088e-5,0,0,0,0,0,0,0,5.21229e+0,9.14675e+0,0,5.03312e-2,0,0,0,0,1.22299e+2
"Middle_East","IRN","Iran, Islamic Republic of",2.79823e+0,4.35879e-1,1.88340e+0,0,2.24357e+1,0,0,0,1.68883e+1,2.85930e+1,2.37277e+3,0,0,0,0,0,7.61414e-1,5.46700e-2,0,0,0,0,0,0,0,0,0,0,0,0,0,0,0,8.12005e+2,2.84268e+1,1.38884e+2,0,0,0,0,2.29572e-3,0,0,3.29856e-1,0,0,0,0,0,2.00702e+2,3.60833e+2,0,2.66225e+0,0,0,0,0,3.99046e+3
"Middle_East","IRQ","Iraq",2.56986e-1,1.12389e-1,7.18417e-1,0,5.19780e+0,0,0,0,1.03087e+0,1.37175e+0,6.74485e+2,0,0,0,0,0,8.58000e-3,0,0,0,0,0,0,0,0,0,0,0,0,0,0,0,0,1.06467e+2,4.95000e+0,2.27305e+1,0,0,0,0,0,2.77041e+0,0,6.94344e-1,0,0,0,0,0,7.49931e+1,9.14886e+1,0,5.45556e-1,0,0,0,0,9.87821e+2
"Middle_East","ISR","Israel",2.65347e-1,6.99689e-2,5.58030e-2,0,1.45118e+0,2.43253e-3,0,0,1.08312e+0,2.78930e-1,3.86329e+0,0,0,0,0,0,0,0,0,0,0,0,0,0,0,0,0,0,0,0,0,0,0,4.77841e+1,2.32555e+0,0,0,0,0,0,0,1.77673e-1,0,1.09358e-1,0,0,0,0,0,5.17769e+1,2.50646e+1,0,5.24124e-1,0,0,0,0,1.34832e+2
"Middle_East","JOR","Jordan",2.68710e-2,1.58901e-2,8.18862e-2,0,6.87541e-1,0,0,6.27000e-4,4.58235e-1,2.82763e+0,9.17191e+0,0,0,0,0,0,0,0,0,0,0,0,0,0,0,0,0,0,0,0,0,0,0,1.52101e+1,9.49799e-1,0,0,0,0,0,0,7.20410e-2,0,0,0,0,0,0,0,1.73117e+1,2.36544e+1,0,2.01814e-1,0,0,0,0,7.06705e+1
"Middle_East","KWT","Kuwait",4.29202e-1,3.98794e-1,1.10603e-1,0,1.31926e+0,0,0,0,3.26040e-2,2.17186e-1,4.18161e+2,0,0,0,0,0,2.37600e-1,0,0,0,0,0,0,0,0,0,0,0,0,0,0,0,0,6.31381e+0,1.88132e-1,0,0,0,0,0,0,3.01985e-3,0,0,0,0,0,0,0,2.18803e+1,1.17665e+1,0,1.97309e-1,0,0,0,0,4.61255e+2
"Middle_East","LBN","Lebanon",7.12531e-2,0,1.32297e-1,0,7.62459e-1,0,0,0,1.55483e+0,1.46320e+0,1.21100e+0,0,0,0,0,0,0,0,0,0,0,0,0,0,0,0,0,0,0,0,0,0,0,9.83550e+0,9.86814e-1,0,0,0,0,0,0,9.81240e-2,0,1.57598e-2,0,0,0,0,0,1.54972e+1,1.32519e+1,0,1.51652e-1,0,0,0,0,4.50320e+1
"Middle_East","OMN","Oman",5.36750e-1,3.11995e-1,1.85717e-1,0,5.73389e-1,0,0,0,4.32261e-1,3.85454e-1,5.66446e+2,0,0,0,0,0,0,0,0,0,0,0,0,0,0,0,0,0,0,0,0,0,0,2.34807e+1,9.78825e-1,0,0,0,0,0,0,3.99840e-3,0,0,0,0,0,0,0,1.28382e+1,9.75304e+0,0,1.43400e-1,0,0,0,0,6.16069e+2
"Middle_East","QAT","Qatar",6.12779e-1,3.93630e-1,8.61916e-2,2.00966e-3,3.86450e-1,0,0,0,3.19255e-2,6.38290e-2,6.49773e+2,0,0,0,0,0,1.82208e+0,0,0,0,0,0,0,0,0,0,0,0,0,0,0,0,0,3.49108e+0,2.64810e-1,0,0,0,0,0,0,2.61843e-3,0,0,0,0,0,0,0,6.05295e+0,1.42579e+1,0,6.56500e-2,0,0,0,0,6.77307e+2
"Middle_East","SAU","Saudi Arabia",4.47709e+0,1.56746e+0,1.41740e+0,1.29998e-2,9.51498e+0,0,0,0,3.45268e-1,2.87894e+0,1.76690e+3,0,0,0,0,0,1.08410e+1,0,0,0,0,0,0,0,0,0,0,0,0,0,0,0,0,8.19814e+1,5.17355e+0,0,0,0,0,0,0,1.88470e+0,0,0,0,0,0,0,0,1.44759e+2,1.05866e+2,0,1.41210e+0,0,0,0,0,2.13903e+3
"Middle_East","SYR","Syrian Arab Republic",3.03826e-1,5.25643e-2,3.16050e-1,4.34720e-3,1.48049e+0,0,0,0,6.95052e+0,9.14500e-2,3.11767e+2,0,0,0,0,0,0,0,0,0,0,0,0,0,0,0,0,0,0,0,0,0,0,1.16828e+2,4.28798e+0,0,0,0,0,0,0,3.81616e+0,0,3.04224e-1,0,0,0,0,0,3.71937e+1,6.07234e+1,0,3.92887e-1,0,0,0,0,5.44512e+2
"Middle_East","YEM","Yemen",2.46939e-2,4.82759e-2,6.00666e-2,0,1.37090e+0,0,0,0,3.33070e+0,4.66395e+0,7.82516e+1,0,0,0,0,0,0,0,0,0,0,0,0,0,0,0,0,0,0,0,0,0,0,1.28011e+2,5.71582e+0,0,0,0,0,0,8.90808e-3,4.50384e-1,0,0,0,0,0,0,0,1.03658e+1,6.83017e+1,0,1.29283e-1,0,0,0,0,3.00733e+2
"India +","AFG","Afghanistan",9.52614e-4,0,8.90857e-2,1.38857e-4,1.89675e-1,0,1.54892e-3,2.61000e-4,1.16550e+1,7.98747e+0,1.45307e+1,0,0,0,0,0,0,0,0,0,0,0,0,0,0,0,0,0,0,0,0,0,0,2.81891e+2,1.58876e+1,2.96007e+1,0,0,0,0,0,3.60545e-1,0,4.65480e-2,0,0,0,0,0,1.21639e+1,9.82574e+1,0,1.67448e-1,0,0,0,0,4.72830e+2
"India +","BGD","Bangladesh",3.94256e-1,4.65661e-3,2.23923e-1,0,8.44518e-1,9.73013e-3,3.39968e-2,0,1.74230e+2,2.71533e+1,2.05857e+2,0,0,0,0,0,0,0,0,0,0,0,0,0,0,0,0,0,0,0,0,0,0,8.72679e+2,7.50275e+1,2.22168e+3,0,0,0,0,9.53736e-2,1.41841e+1,7.32564e+0,0,0,0,0,0,0,1.73266e+2,6.09812e+2,0,0,0,0,0,0,4.38282e+3
"India +","BTN","Bhutan",4.03496e-4,0,8.32008e-3,2.69098e-4,2.45582e-2,0,1.44137e-4,1.38750e-5,1.56675e+1,3.21727e+0,3.32169e-3,0,0,0,0,0,0,2.31000e-2,0,0,0,0,0,0,0,0,0,0,0,0,0,0,0,1.30792e+1,1.35111e+0,4.16603e+0,0,0,0,0,0,1.60735e-1,1.61085e+0,0,0,0,0,0,0,5.99109e-1,8.20065e+0,0,5.78204e-3,0,0,0,0,4.81184e+1
"India +","IND","India",7.57761e+0,1.38448e+0,4.50088e+1,0,2.77087e+1,5.26323e-1,1.19088e-1,1.01574e-2,1.78655e+3,1.65752e+3,6.67772e+2,0,0,0,0,0,1.67352e+0,2.08285e+0,0,0,0,0,0,0,0,0,0,0,0,0,0,0,0,1.25859e+4,1.09976e+3,3.70010e+3,0,0,0,0,2.24578e+1,2.08915e+2,2.88544e+1,8.11032e+0,0,0,0,0,0,9.81186e+2,4.03020e+3,0,4.10764e+1,4.50000e+1,0,0,0,2.69495e+4
"India +","IOT","British Indian Ocean Territory",0,0,0,0,0,0,0,0,0,0,0,0,0,0,0,0,0,0,0,0,0,0,0,0,0,0,0,0,0,0,0,0,0,0,0,0,0,0,0,0,0,0,0,0,0,0,0,0,0,0,0,0,0,0,0,0,0,0,
"India +","LKA","Sri Lanka",5.40018e-2,4.12058e-3,1.81969e+0,2.50799e-3,1.14818e+0,5.03063e-3,2.04820e-3,4.18000e-4,2.20497e+1,4.11525e+0,6.00455e-1,0,0,0,0,0,0,0,0,0,0,0,0,0,0,0,0,0,0,0,0,0,0,5.90338e+1,5.14271e+0,2.22053e+2,0,0,0,0,6.18984e-1,2.13967e-1,0,0,0,0,0,0,0,4.19294e+1,9.56487e+1,0,0,0,0,0,0,4.54442e+2
"India +","MDV","Maldives",2.86229e-3,0,4.49442e-3,2.76104e-5,7.77273e-2,0,2.43369e-4,2.35740e-5,6.70575e-3,5.93650e-2,1.88838e-2,0,0,0,0,0,0,0,0,0,0,0,0,0,0,0,0,0,0,0,0,0,0,0,0,0,0,0,0,0,0,9.48164e-3,0,0,0,0,0,0,0,5.35858e-1,1.05381e+0,0,4.46960e-3,0,0,0,0,1.77395e+0
"India +","NPL","Nepal",0,0,1.38901e-1,0,2.12036e-1,0,0,0,6.06955e+1,6.21621e+0,0,0,0,0,0,0,0,0,0,0,0,0,0,0,0,0,0,0,0,0,0,0,0,4.37758e+2,3.88416e+1,3.56561e+2,0,0,0,0,6.88584e-1,9.49297e+0,8.41840e-2,0,0,0,0,0,0,6.27523e+0,1.03622e+2,0,0,0,0,0,0,1.02059e+3
"India +","PAK","Pakistan",4.99931e-1,4.73681e-2,4.70865e+0,0,4.11007e+0,4.82246e-2,0,1.25400e-4,1.67173e+2,5.72072e+1,1.06955e+3,0,0,0,0,0,0,0,0,0,0,0,0,0,0,0,0,0,0,0,0,0,0,2.87161e+3,2.07901e+2,6.78534e+2,0,0,0,0,1.34143e+0,8.80268e+0,0,2.49576e+0,0,0,0,0,0,1.57589e+2,6.18692e+2,0,1.92410e+0,0,0,0,0,5.85223e+3
"Korea","KOR","Korea, Republic of",2.09336e+0,3.54835e-1,5.39622e+0,6.16796e-2,1.89377e+1,5.49900e-2,3.51704e-1,2.24884e-2,2.46723e+1,5.85178e+1,1.72658e+2,0,0,0,0,0,2.03335e+0,2.71292e+0,0,0,0,0,0,0,0,0,0,0,0,0,0,0,0,2.09005e+2,2.22841e+1,3.48007e+2,0,0,0,0,0,3.34070e-1,0,6.19584e-1,0,0,0,0,0,1.65734e+2,4.32695e+2,0,0,0,0,0,0,1.46655e+3
"Korea","PRK","Korea, Democratic People's Republic of",7.40017e-2,5.68478e-4,4.47623e+0,0,3.69774e-1,0,0,0,6.24022e+1,4.11510e+2,1.56724e-1,0,0,0,0,0,1.65000e-2,9.90000e-3,0,0,0,0,0,0,0,0,0,0,0,0,0,0,0,4.94699e+1,7.60884e+0,1.41189e+2,0,0,0,0,0,2.81413e+0,0,1.15570e+0,0,0,0,0,0,3.96415e+1,1.11310e+2,1.71733e-1,0,0,0,0,0,8.32377e+2
"China +","CHN","China",1.33384e+1,3.14257e+0,6.72942e+1,1.09140e-1,4.98160e+1,1.92722e+0,2.16465e+0,1.00320e-3,3.22304e+3,1.49188e+4,1.48903e+3,0,0,0,0,0,1.35236e+1,2.07178e+1,0,0,0,0,0,0,0,0,0,0,0,0,0,0,0,8.89476e+3,1.44220e+3,1.25331e+4,0,0,0,0,4.67904e+0,1.43719e+1,3.80824e+0,1.82383e+1,0,0,0,0,0,2.63230e+3,6.24486e+3,1.77464e+1,5.46040e+0,9.00000e+1,0,0,0,5.17044e+4
"China +","HKG","Hong Kong",5.38874e-1,0,2.87166e-1,0,5.18080e-1,0,0,0,2.61250e-1,0,3.51357e+1,0,0,0,0,0,0,0,0,0,0,0,0,0,0,0,0,0,0,0,0,0,0,0,0,0,0,0,0,0,0,0,0,0,0,0,0,0,0,6.08048e+1,3.22185e+1,2.56968e-1,0,0,0,0,0,1.30021e+2
"China +","MAC","Macao",4.87464e-4,0,5.74917e-3,2.76858e-4,2.97817e-2,0,6.86539e-4,5.37840e-5,9.25627e-3,0,3.57888e-2,0,0,0,0,0,0,0,0,0,0,0,0,0,0,0,0,0,0,0,0,0,0,0,0,0,0,0,0,0,0,0,0,0,0,0,0,0,0,3.66058e+0,1.79850e+0,1.55751e-2,0,0,0,0,0,5.55673e+0
"China +","MNG","Mongolia",8.33841e-2,0,4.76441e-2,1.02479e-3,3.88739e-1,8.76128e-3,5.08736e-3,0,4.89138e+0,9.47134e+0,4.34611e-2,0,0,0,0,0,0,0,0,0,0,0,0,0,0,0,0,0,0,0,0,0,0,2.56625e+2,1.38677e+1,0,0,0,0,0,0,1.42769e-2,0,9.21312e+0,0,0,0,0,0,3.18103e+0,1.04457e+1,1.90235e-2,0,0,0,0,0,3.08307e+2
"China +","TWN","Taiwan_Province of China",2.36787e+0,2.34331e-1,3.01833e+0,5.58030e-3,1.17001e+1,6.93908e-3,1.10310e-1,0,1.02101e+0,5.65619e+0,4.06594e+1,0,0,0,0,0,4.56660e-1,9.13780e-1,0,0,0,0,0,0,0,0,0,0,0,0,0,0,0,1.75650e+1,3.09288e+1,0,0,0,0,0,1.76474e-1,0,0,0,0,0,0,0,0,1.47370e+2,1.15206e+2,6.56370e-1,0,0,0,0,0,3.78053e+2
"Southeastern Asia","BRN","Brunei Darussalam",1.57675e-1,5.91052e-2,1.34315e-2,0,2.33540e-1,0,0,0,4.87202e-2,2.27850e-2,1.83252e+2,0,0,0,0,0,0,0,0,0,0,0,0,0,0,0,0,0,0,0,0,0,0,4.00924e-1,2.28698e-1,1.21349e-1,0,0,0,0,0,4.42651e-3,2.72122e+0,0,0,0,0,0,0,2.15233e+0,1.73272e+0,5.80705e-2,1.98532e-2,0,0,0,0,1.91227e+2
"Southeastern Asia","KHM","Cambodia",5.31937e-4,0,4.69638e-2,1.06801e-3,7.45016e-2,0,1.17152e-4,7.44960e-5,4.42323e+1,8.04760e+0,6.09024e-4,0,0,0,0,0,0,0,0,0,0,0,0,0,0,0,0,0,0,0,0,0,0,1.71900e+2,2.30330e+1,3.73542e+2,0,0,0,0,6.74592e+1,1.79310e+1,7.06248e+1,0,0,0,0,0,0,8.78145e+0,5.70756e+1,2.71948e-1,9.29740e-2,0,0,0,0,8.43116e+2
"Southeastern Asia","LAO","Lao People's Democratic Republic",8.69924e-4,0,2.44743e-2,5.93678e-4,4.68966e-2,0,2.24973e-4,4.18230e-5,2.57696e+1,9.39343e+0,8.70424e-3,0,0,0,0,0,0,0,0,0,0,0,0,0,0,0,0,0,0,0,0,0,0,1.18769e+2,1.25082e+1,1.16861e+2,0,0,0,0,5.09880e+1,8.80890e+0,4.01397e+1,0,0,0,0,0,0,3.82968e+0,2.28707e+1,0,0,0,0,0,0,4.10021e+2
"Southeastern Asia","MMR","Myanmar",1.13034e-1,2.25232e-2,4.25399e-1,0,5.93537e-1,0,0,4.18680e-5,1.55009e+2,1.78420e+1,1.51462e+2,0,0,0,0,0,9.77500e-2,0,0,0,0,0,0,0,0,0,0,0,0,0,0,0,0,7.38003e+2,8.21124e+1,1.31467e+3,0,0,0,0,3.67920e+1,7.69567e+1,4.01547e+2,0,0,0,0,0,0,4.78984e+1,2.35387e+2,0,0,0,0,0,0,3.25893e+3
"Southeastern Asia","MYS","Malaysia",2.12977e+0,5.19865e-1,1.19531e+0,0,8.94299e+0,0,0,1.04500e-3,1.90007e+1,4.30263e+1,7.92685e+2,0,0,0,0,0,1.85582e+0,0,0,0,0,0,0,0,0,0,0,0,0,0,0,0,0,4.47612e+1,1.94586e+1,1.64772e+2,0,0,0,0,2.71200e+1,8.26555e+0,1.19034e+2,0,0,0,0,0,0,1.12102e+2,1.33435e+2,1.48188e+0,1.82384e+0,0,0,0,0,1.50161e+3
"Southeastern Asia","PHL","Philippines",2.71440e-1,1.31294e-1,1.92113e+0,5.37131e-3,3.94296e+0,0,8.00098e-2,0,7.36818e+1,1.11116e+2,4.63182e+1,0,0,0,0,0,1.27878e-3,3.32080e-1,0,0,0,0,0,0,0,0,0,0,0,0,0,0,0,4.02068e+2,8.39962e+1,9.81988e+2,0,0,0,0,6.11184e+0,6.19958e+1,0,0,0,0,0,0,0,2.01290e+2,4.10072e+2,0,3.63240e+0,0,0,0,0,2.38896e+3
"Southeastern Asia","SGP","Singapore",1.87946e-1,1.22759e-1,1.02828e-2,0,7.30109e-1,0,0,0,2.13445e-2,3.20075e+0,5.83618e+1,0,0,0,0,0,3.07512e-1,0,0,0,0,0,0,0,0,0,0,0,0,0,0,0,0,2.69276e-1,8.76338e-1,0,0,0,0,0,2.11601e-1,1.07722e-5,0,0,0,0,0,0,0,1.22973e+1,1.97686e+1,6.23388e+0,0,0,0,0,0,1.02599e+2
"Southeastern Asia","THA","Thailand",2.86344e+0,1.73979e-1,7.24587e+0,0,9.59286e+0,2.02960e-2,2.54662e-2,0,1.24027e+2,3.24748e+2,3.46909e+2,0,0,0,0,0,4.19640e-1,0,0,0,0,0,0,0,0,0,0,0,0,0,0,0,0,3.76346e+2,6.57258e+1,2.07412e+3,0,0,0,0,3.67248e+1,7.88364e+1,1.10378e+1,0,0,0,0,0,0,2.44756e+2,3.72646e+2,2.62489e+0,3.23063e+0,0,0,0,0,4.08207e+3
"Southeastern Asia","TLS","Timor-Leste",0,0,2.62635e-3,0,0,0,0,0,2.91095e-1,0,0,0,0,0,0,0,0,0,0,0,0,0,0,0,0,0,0,0,0,0,0,0,0,1.45036e+1,1.65602e+0,8.32786e+0,0,0,0,0,0,4.70840e-1,0,0,0,0,0,0,0,1.57427e-1,3.48350e+0,3.91862e-3,1.33970e-3,0,0,0,0,2.88982e+1
"Southeastern Asia","VNM","Viet Nam",4.59382e-1,0,1.46939e+0,2.31990e-3,3.56574e+0,1.50725e-3,0,2.73372e-2,2.32018e+2,4.73016e+2,1.16419e+2,0,0,0,0,0,0,0,0,0,0,0,0,0,0,0,0,0,0,0,0,0,0,4.17794e+2,1.47664e+2,1.80261e+3,0,0,0,0,7.97472e+1,8.33834e+1,8.53536e-1,0,0,0,0,0,0,8.73825e+1,3.92789e+2,0,0,0,0,0,0,3.83920e+3
"Indonesia +","IDN","Indonesia",1.51966e+0,1.69584e+0,1.33116e+1,9.80209e-3,1.85946e+1,0,5.61792e-1,0,3.50635e+2,5.08973e+2,1.35433e+3,0,0,0,0,0,7.43914e-1,2.09000e-2,0,0,0,0,0,0,0,0,0,0,0,0,0,0,0,9.94596e+2,9.36891e+1,2.38069e+3,0,0,0,0,1.58071e+2,1.85446e+2,6.56696e+2,0,7.34933e+3,0,0,0,0,7.55311e+2,1.46670e+3,8.85865e+0,1.09029e+1,0,0,0,0,1.63107e+4
"Indonesia +","PNG","Papua New Guinea",6.32335e-3,0,2.90928e-2,8.52102e-4,3.99205e-2,0,3.20382e-3,9.83520e-5,1.93700e+1,4.77369e-1,6.41692e+0,0,0,0,0,0,0,0,0,0,0,0,0,0,0,0,0,0,0,0,0,0,0,6.48325e+0,7.39952e+0,9.51754e-2,0,0,0,0,1.38518e+0,1.48327e-1,2.44569e+1,0,0,0,0,0,0,3.46175e+0,2.71309e+1,8.81355e-2,0,0,0,0,0,9.69929e+1
"Japan","JPN","Japan",9.46518e+0,5.50558e-1,1.40349e+1,7.72254e-2,1.59347e+1,3.79899e-2,1.31231e+0,0,2.32942e+1,5.77589e+1,4.11978e+1,0,0,0,0,0,4.77902e+0,7.37404e+0,0,0,0,0,0,0,0,0,0,0,0,0,0,0,0,5.18082e+2,1.90007e+2,7.55499e+2,0,0,0,0,0,6.68881e-1,1.02293e-1,2.60352e+0,0,0,0,0,0,2.03451e+2,2.12930e+2,4.58710e+1,6.92000e-1,0,0,0,0,2.10572e+3
"Oceania","ASM","American Samoa",0,0,0,0,0,0,0,0,2.16044e-5,0,0,0,0,0,0,0,0,0,0,0,0,0,0,0,0,0,0,0,0,0,0,0,0,1.62360e-2,1.25873e-1,0,0,0,0,0,0,9.84323e-6,0,0,0,0,0,0,0,3.00057e-1,7.27885e-2,0,0,0,0,0,0,5.14986e-1
"Oceania","ATF","French Southern Territories",0,0,0,0,0,0,0,0,0,0,0,0,0,0,0,0,0,0,0,0,0,0,0,0,0,0,0,0,0,0,0,0,0,0,0,0,0,0,0,0,0,0,0,0,0,0,0,0,0,0,0,0,0,0,0,0,0,0,
"Oceania","AUS","Australia",3.20315e+0,5.52420e-1,4.94640e+0,3.84142e-2,1.18259e+1,8.38700e-2,9.77284e-2,1.27908e-2,4.34825e+1,1.33653e+3,3.17925e+2,0,0,0,0,0,2.64791e-1,6.75710e-1,0,0,0,0,0,0,0,0,0,0,0,0,0,0,0,2.82782e+3,2.08776e+2,4.32895e+1,0,0,0,0,4.82112e+2,2.17167e+1,1.80515e+2,2.41248e+2,0,0,0,0,0,5.10415e+2,6.41012e+1,6.41612e-3,0,6.00000e-1,0,0,0,6.30024e+3
"Oceania","CCK","Cocos (Keeling) Islands",0,0,0,0,0,0,0,0,0,0,0,0,0,0,0,0,0,0,0,0,0,0,0,0,0,0,0,0,0,0,0,0,0,0,0,0,0,0,0,0,0,0,0,0,0,0,0,0,0,0,0,0,0,0,0,0,0,0,
"Oceania","COK","Cook Islands",0,0,2.79111e-3,0,0,0,0,0,1.31093e-3,0,0,0,0,0,0,0,0,0,0,0,0,0,0,0,0,0,0,0,0,0,0,0,0,5.93882e-2,1.14124e-1,0,0,0,0,0,0,5.97276e-4,0,0,0,0,0,0,0,0,2.51579e-2,0,0,0,0,0,0,2.03370e-1
"Oceania","CXR","Christmas Island",0,0,0,0,0,0,0,0,0,0,0,0,0,0,0,0,0,0,0,0,0,0,0,0,0,0,0,0,0,0,0,0,0,0,0,0,0,0,0,0,0,0,0,0,0,0,0,0,0,0,0,0,0,0,0,0,0,0,
"Oceania","FJI","Fiji",2.56474e-3,0,6.18341e-3,5.60039e-4,3.07710e-2,0,1.39530e-3,6.40770e-5,4.23197e-1,2.01097e-1,2.50789e-2,0,0,0,0,0,0,0,0,0,0,0,0,0,0,0,0,0,0,0,0,0,0,2.17457e+1,3.56426e+0,1.36383e+0,0,0,0,0,0,1.24638e-1,0,0,0,0,0,0,0,3.31218e+0,2.38693e+0,0,0,0,0,0,0,3.31885e+1
"Oceania","FSM","Micronesia, Federated States of",0,0,0,0,0,0,0,0,1.35721e-3,2.71560e-2,0,0,0,0,0,0,0,0,0,0,0,0,0,0,0,0,0,0,0,0,0,0,0,7.40667e-1,1.31745e-1,1.81844e-2,0,0,0,0,0,6.18365e-4,0,0,0,0,0,0,0,2.81463e-1,1.38722e-1,0,0,0,0,0,0,1.33991e+0
"Oceania","GUM","Guam",0,0,0,0,0,0,0,0,1.16016e-3,0,0,0,0,0,0,0,0,0,0,0,0,0,0,0,0,0,0,0,0,0,0,0,0,1.90392e-2,6.30216e-2,0,0,0,0,0,0,5.28582e-4,0,0,0,0,0,0,0,1.57742e+0,1.22457e+0,0,0,0,0,0,0,2.88574e+0
"Oceania","HMD","Heard Island and McDonald Islands",0,0,0,0,0,0,0,0,0,0,0,0,0,0,0,0,0,0,0,0,0,0,0,0,0,0,0,0,0,0,0,0,0,0,0,0,0,0,0,0,0,0,0,0,0,0,0,0,0,0,0,0,0,0,0,0,0,0,
"Oceania","KIR","Kiribati",5.37930e-5,0,3.72396e-4,5.29079e-5,1.12621e-3,0,2.87700e-5,2.89200e-6,6.00873e-3,2.60710e-2,6.62196e-4,0,0,0,0,0,0,0,0,0,0,0,0,0,0,0,0,0,0,0,0,0,0,1.20000e-2,3.31833e-2,0,0,0,0,0,0,2.20251e-3,0,0,0,0,0,0,0,2.56203e-1,3.03183e-1,0,0,0,0,0,0,6.41151e-1
"Oceania","MHL","Marshall Islands",0,0,0,0,0,0,0,0,0,0,0,0,0,0,0,0,0,0,0,0,0,0,0,0,0,0,0,0,0,0,0,0,0,0,0,0,0,0,0,0,0,0,0,0,0,0,0,0,0,2.27194e-1,7.17848e-2,0,0,0,0,0,0,2.98979e-1
"Oceania","MNP","Northern Mariana Islands",0,0,0,0,0,0,0,0,0,0,0,0,0,0,0,0,0,0,0,0,0,0,0,0,0,0,0,0,0,0,0,0,0,0,0,0,0,0,0,0,0,0,0,0,0,0,0,0,0,3.27205e-1,1.06788e-1,0,0,0,0,0,0,4.33993e-1
"Oceania","NCL","New Caledonia",1.24811e-3,0,6.98274e-3,5.15704e-5,3.23316e-2,0,8.76953e-4,9.33180e-5,2.47232e-2,4.29040e-2,3.05682e-2,0,0,0,0,0,0,0,0,0,0,0,0,0,0,0,0,0,0,0,0,0,0,6.57109e+0,7.78107e-1,0,0,0,0,0,0,2.06218e-3,0,0,0,0,0,0,0,1.88721e+0,2.74452e-1,0,0,0,0,0,0,9.65270e+0
"Oceania","NFK","Norfolk Island",0,0,0,0,0,0,0,0,0,0,0,0,0,0,0,0,0,0,0,0,0,0,0,0,0,0,0,0,0,0,0,0,0,0,0,0,0,0,0,0,0,0,0,0,0,0,0,0,0,0,4.07340e-3,0,0,0,0,0,0,4.07340e-3
"Oceania","NIU","Niue",0,0,0,0,0,0,0,0,9.61404e-5,3.72000e-4,0,0,0,0,0,0,0,0,0,0,0,0,0,0,0,0,0,0,0,0,0,0,0,9.47974e-3,2.44120e-2,0,0,0,0,0,0,4.38026e-5,0,0,0,0,0,0,0,6.48853e-3,2.98817e-3,0,0,0,0,0,0,4.38804e-2
"Oceania","NRU","Nauru",0,0,0,0,0,0,0,0,0,0,0,0,0,0,0,0,0,0,0,0,0,0,0,0,0,0,0,0,0,0,0,0,0,2.80000e-3,8.18133e-3,0,0,0,0,0,0,0,0,0,0,0,0,0,0,9.80201e-2,1.69663e-2,0,0,0,0,0,0,1.25968e-1
"Oceania","NZL","New Zealand",3.13399e-1,3.55036e-2,7.69083e-1,7.73300e-3,1.43838e+0,0,2.37392e-2,1.42956e-2,3.70606e+0,1.71095e+1,3.04628e+1,0,0,0,0,0,2.22870e+0,0,0,0,0,0,0,0,0,0,0,0,0,0,0,0,0,1.05088e+3,1.15103e+2,0,0,0,0,0,0,2.88301e-1,8.59872e-1,0,0,0,0,0,0,7.21069e+1,1.10569e+1,0,0,0,0,0,0,1.30641e+3
"Oceania","PCN","Pitcairn",0,0,0,0,0,0,0,0,0,0,0,0,0,0,0,0,0,0,0,0,0,0,0,0,0,0,0,0,0,0,0,0,0,0,0,0,0,0,0,0,0,0,0,0,0,0,0,0,0,0,1.03324e-3,0,0,0,0,0,0,1.03324e-3
"Oceania","PLW","Palau",0,0,0,0,0,0,0,0,0,0,0,0,0,0,0,0,0,0,0,0,0,0,0,0,0,0,0,0,0,0,0,0,0,0,0,0,0,0,0,0,0,0,0,0,0,0,0,0,0,0,6.35045e-2,0,0,0,0,0,0,6.35045e-2
"Oceania","PYF","French Polynesia",1.39179e-3,0,2.78771e-3,6.81009e-5,2.21238e-2,0,1.28618e-3,6.88770e-5,7.03194e-3,0,1.47255e-2,0,0,0,0,0,0,0,0,0,0,0,0,0,0,0,0,0,0,0,0,0,0,7.32143e-1,3.84287e-1,0,0,0,0,0,0,1.89037e-3,0,0,0,0,0,0,0,1.87481e+0,9.56964e-1,0,0,0,0,0,0,3.99958e+0
"Oceania","SLB","Solomon Islands",5.64858e-4,0,2.06498e-3,7.70350e-5,5.90960e-3,0,3.66464e-4,1.80570e-5,5.20468e-1,9.23800e-2,3.82517e-3,0,0,0,0,0,0,0,0,0,0,0,0,0,0,0,0,0,0,0,0,0,0,6.45794e+1,2.06875e+0,2.95496e-1,0,0,0,0,0,6.20651e-3,0,0,0,0,0,0,0,3.85111e-1,8.30021e-1,0,0,0,0,0,0,6.87906e+1
"Oceania","TKL","Tokelau",0,0,0,0,0,0,0,0,1.85680e-4,0,0,0,0,0,0,0,0,0,0,0,0,0,0,0,0,0,0,0,0,0,0,0,0,1.00000e-3,3.20383e-3,0,0,0,0,0,0,8.45978e-5,0,0,0,0,0,0,0,0,7.06178e-3,0,0,0,0,0,0,1.15359e-2
"Oceania","TON","Tonga",0,0,1.17611e-3,0,6.49422e-3,0,0,0,2.87087e-3,2.27850e-2,2.24757e-3,0,0,0,0,0,0,0,0,0,0,0,0,0,0,0,0,0,0,0,0,0,0,1.01165e+0,9.97451e-1,0,0,0,0,0,0,1.30800e-3,0,0,0,0,0,0,0,3.04243e-1,4.26024e-1,0,0,0,0,0,0,2.77625e+0
"Oceania","TUV","Tuvalu",0,0,0,0,0,0,0,0,0,0,0,0,0,0,0,0,0,0,0,0,0,0,0,0,0,0,0,0,0,0,0,0,0,1.35000e-2,4.15071e-2,0,0,0,0,0,0,0,0,0,0,0,0,0,0,2.68965e-2,7.36158e-2,0,0,0,0,0,0,1.55519e-1
"Oceania","VUT","Vanuatu",2.32482e-4,0,9.57819e-4,2.94305e-5,3.49259e-3,0,1.45635e-4,1.04190e-5,1.14734e-1,3.70450e-2,1.86116e-3,0,0,0,0,0,0,0,0,0,0,0,0,0,0,0,0,0,0,0,0,0,0,9.73718e+0,1.20490e+0,0,0,0,0,0,0,1.31571e-2,0,0,0,0,0,0,0,2.86111e-1,1.11059e+0,0,0,0,0,0,0,1.25104e+1
"Oceania","WLF","Wallis and Futuna",0,0,0,0,0,0,0,0,9.05508e-4,0,0,0,0,0,0,0,0,0,0,0,0,0,0,0,0,0,0,0,0,0,0,0,0,6.64232e-2,7.59984e-2,0,0,0,0,0,0,4.12560e-4,0,0,0,0,0,0,0,0,8.32989e-2,0,0,0,0,0,0,2.27039e-1
"Oceania","WSM","Samoa",2.43554e-4,0,9.07041e-4,2.56165e-4,9.42107e-3,0,2.33128e-4,3.04380e-5,2.50602e-1,3.39760e-2,3.10211e-3,0,0,0,0,0,0,0,0,0,0,0,0,0,0,0,0,0,0,0,0,0,0,1.77223e+0,2.46357e+0,0,0,0,0,0,0,1.13641e-3,0,0,0,0,0,0,0,3.19274e-1,1.07636e+0,0,0,0,0,0,0,5.93134e+0
"Antartica","ATA","Antarctica",0,0,0,0,0,0,0,0,0,0,0,0,0,0,0,0,0,0,0,0,0,0,0,0,0,0,0,0,0,0,0,0,0,0,0,0,0,0,0,0,0,0,0,0,0,0,0,0,0,0,0,0,0,0,0,0,0,0,
"Int. Shipping","SEA","Int. Shipping",0,0,0,0,0,0,0,0,0,0,1.33777e+1,0,4.25622e+1,0,0,0,0,0,0,0,0,0,0,0,0,0,0,0,0,0,0,0,0,0,0,0,0,0,0,0,0,0,0,0,0,0,0,0,0,0,0,0,0,0,0,0,0,5.59399e+1
"Int. Aviation","AIR","Int. Aviation",0,0,0,0,0,0,0,0,0,0,0,2.57670e+0,0,0,0,0,0,0,0,0,0,0,0,0,0,0,0,0,0,0,0,0,0,0,0,0,0,0,0,0,0,0,0,0,0,0,0,0,0,0,0,0,0,0,0,0,0,2.57670e+0

"TOTALS",,,2.12276e+2,4.63342e+1,3.92311e+2,2.29188e+0,6.54885e+2,6.70652e+0,1.02013e+1,2.74704e+0,1.11530e+4,3.42164e+4,5.89919e+4,2.57670e+0,4.25622e+1,0,0,0,1.28253e+2,6.84379e+1,0,0,0,0,0,0,0,0,0,0,0,0,0,0,0,9.29943e+4,1.10173e+4,3.27797e+4,0,0,0,0,6.04037e+3,1.36136e+3,8.33965e+3,1.40049e+3,7.34933e+3,0,0,0,0,2.67556e+4,2.88320e+4,1.15485e+2,2.54048e+2,1.50600e+2,0,0,0,03.23321e+5