"Content:","Emissions by country and main source category" 
"Compound:","CH4"
"Year: ","1993"
"Unit:","Gg CH4"
"Source:","European Commission, Joint Research Centre (JRC)/PBL Netherlands Environmental Assessment Agency. Emission Database for Global Atmospheric Research (EDGAR), release version 4.2. http://edgar.jrc.ec.europe.eu, 2010" 
"Dataset:","v4.2_EM_CH4_300911(edgar)"
"Date calculated:","November 30, 1999, 12:00 am"

,,,"Public electricity and heat production","Other Energy Industries","Manufacturing Industries and Construction","Domestic aviation","Road transportation","Rail transportation","Inland navigation","Other transportation","Residential and other sectors","Fugitive emissions from solid fuels","Fugitive emissions from oil and gas","Memo: International aviation","Memo: International navigation","Cement production","Lime production","Production of other minerals","Production of chemicals","Production of metals","Production of pulp/paper/food/drink","Production of halocarbons and SF6","Refrigeration and Air Conditioning","Foam Blowing","Fire Extinguishers","Aerosols","F-gas as Solvent","Semiconductor/Electronics Manufacture","Electrical Equipment","Other F-gas use","Non-energy use of lubricants/waxes (CO2)","Solvent and other product use: paint","Solvent and other product use: degrease","Solvent and other product use: chemicals","Solvent and other product use: other","Enteric fermentation","Manure management","Rice cultivation","Direct soil emissions","Manure in pasture/range/paddock","Indirect N2O from agriculture","Other direct soil emissions","Savanna burning","Agricultural waste burning","Forest fires","Grassland fires","Peat fires and decay of drained peatland","Other vegetation fires","Other biomass burning","Forest Fires-Post burn decay","Forest Land: net carbon stock change","Solid waste disposal on land","Wastewater handling","Waste incineration","Other waste handling","Fossil fuel fires","Indirect N2O from non-agricultural NOx","Indirect N2O from non-agricultural NH3","Other sources",

"World Region","ISO_A3","Country","1A1a","1A1bc","1A2","1A3a","1A3b","1A3c","1A3d","1A3e","1A4","1B1","1B2","1C1","1C2","2A1","2A2","2A7","2B","2C","2D","2E","2F1","2F2","2F3","2F4","2F5","2F7","2F8","2F9","2G","3A","3B","3C","3D","4A","4B","4C","4D1","4D2","4D3","4D4","4E","4F","5A","5C","5D","5F","5F1","5F2","5FL","6A","6B","6C","6D","7A","7B","7C","7D","TOTAL" 
"Canada","CAN","Canada",2.25640e+0,1.53494e+0,9.29544e+0,6.38696e-2,1.58041e+1,3.45246e-1,3.83930e-1,1.82670e-1,3.80197e+1,1.24071e+2,1.68096e+3,0,0,0,0,0,6.69123e+0,1.60340e-1,0,0,0,0,0,0,0,0,0,0,0,0,0,0,0,7.10868e+2,2.24245e+2,0,0,0,0,0,0,7.86262e+0,1.53499e+2,1.28381e+2,0,0,0,0,0,9.63172e+2,1.78259e+2,3.34152e+0,7.26124e+0,0,0,0,0,4.25666e+3
"USA","SPM","Saint Pierre and Miquelon",0,0,0,0,0,0,0,0,0,0,0,0,0,0,0,0,0,0,0,0,0,0,0,0,0,0,0,0,0,0,0,0,0,2.00000e-5,4.54353e-4,0,0,0,0,0,0,0,0,0,0,0,0,0,0,4.53309e-2,1.09603e-2,8.37590e-4,3.60294e-4,0,0,0,0,5.79634e-2
"USA","UMI","United States Minor Outlying Islands",0,0,0,0,0,0,0,0,0,0,0,0,0,0,0,0,0,0,0,0,0,0,0,0,0,0,0,0,0,0,0,0,0,0,0,0,0,0,0,0,0,0,0,0,0,0,0,0,0,0,0,0,0,0,0,0,0,0,
"USA","USA","United States",7.42686e+1,8.43150e+0,3.07859e+1,1.25405e+0,1.67530e+2,1.69600e+0,1.24674e+0,8.12867e-1,3.53964e+2,4.10629e+3,6.87257e+3,0,0,0,0,0,2.89287e+1,1.47135e+0,0,0,0,0,0,0,0,0,0,0,0,0,0,0,0,6.20803e+3,1.94065e+3,3.69934e+2,0,0,0,0,4.28448e-1,3.05625e+1,3.94085e+1,1.37834e+1,0,0,0,0,0,8.27496e+3,8.16224e+2,0,2.65215e+1,1.50000e+1,0,0,0,2.93847e+4
"Mexico","MEX","Mexico",4.01846e-1,1.35082e+0,4.58689e+0,0,2.48227e+1,9.92124e-2,0,2.99356e-2,7.46960e+1,3.12360e+1,8.27043e+2,0,0,0,0,0,1.18914e+0,1.93800e-1,0,0,0,0,0,0,0,0,0,0,0,0,0,0,0,2.19019e+3,1.80207e+2,8.21034e+0,0,0,0,0,3.88416e+1,2.91484e+1,9.93909e+1,2.18131e-1,0,0,0,0,0,3.22090e+2,4.45795e+2,0,0,0,0,0,0,4.27974e+3
"Rest Central America","ABW","Aruba",2.35611e-3,0,9.41675e-3,3.08850e-6,4.21489e-2,0,0,0,1.78280e-2,8.68000e-3,1.66292e-3,0,0,0,0,0,0,0,0,0,0,0,0,0,0,0,0,0,0,0,0,0,0,3.39370e-2,4.18740e-3,0,0,0,0,0,0,0,0,0,0,0,0,0,0,3.21660e-1,3.38408e-1,0,0,0,0,0,0,7.80288e-1
"Rest Central America","AIA","Anguilla",1.68480e-4,0,8.28420e-4,0,0,0,0,0,9.36000e-5,1.08996e-1,0,0,0,0,0,0,0,0,0,0,0,0,0,0,0,0,0,0,0,0,0,0,0,0,0,0,0,0,0,0,0,0,0,0,0,0,0,0,0,5.90626e-3,2.74728e-2,0,0,0,0,0,0,1.43466e-1
"Rest Central America","ANT","Netherlands Antilles",0,2.47443e-3,1.65797e-2,1.31884e-3,8.88722e-2,0,0,0,2.61675e-2,1.93750e-2,3.39527e+0,0,0,0,0,0,0,0,0,0,0,0,0,0,0,0,0,0,0,0,0,0,0,1.56479e-1,7.74000e-3,0,0,0,0,0,0,0,0,0,0,0,0,0,0,1.42919e+0,8.12788e-1,0,0,0,0,0,0,5.95625e+0
"Rest Central America","ATG","Antigua and Barbuda",2.55277e-3,0,6.27068e-3,2.15640e-5,1.37972e-2,0,0,0,1.61855e-2,0,1.39841e-2,0,0,0,0,0,0,0,0,0,0,0,0,0,0,0,0,0,0,0,0,0,0,1.12175e+0,2.36668e-2,0,0,0,0,0,0,1.28910e-3,0,0,0,0,0,0,0,2.52609e-1,2.84569e-1,0,0,0,0,0,0,1.73670e+0
"Rest Central America","BHS","Bahamas",1.27892e-2,0,3.17852e-2,7.53912e-4,6.82339e-2,0,0,0,1.56825e-1,7.08660e-2,1.51254e-1,0,0,0,0,0,0,0,0,0,0,0,0,0,0,0,0,0,0,0,0,0,0,1.55306e-1,2.47427e-2,0,0,0,0,0,0,1.50171e-2,0,0,0,0,0,0,0,5.32409e+0,1.22339e+0,0,0,0,0,0,0,7.23506e+0
"Rest Central America","BLZ","Belize",5.25645e-3,0,1.72287e-2,9.53350e-6,2.44069e-2,0,0,0,1.01436e+0,4.84840e-2,9.02135e-3,0,0,0,0,0,0,0,0,0,0,0,0,0,0,0,0,0,0,0,0,0,0,3.34360e+0,1.26843e-1,6.92791e-1,0,0,0,0,1.14900e+0,3.73071e-1,0,0,0,0,0,0,0,7.62128e-1,1.00306e+0,0,0,0,0,0,0,8.56927e+0
"Rest Central America","BMU","Bermuda",5.11394e-3,0,6.04313e-3,1.01185e-4,1.28094e-2,0,0,0,2.32857e-2,0,1.50567e-2,0,0,0,0,0,0,0,0,0,0,0,0,0,0,0,0,0,0,0,0,0,0,6.88456e-2,3.29630e-3,0,0,0,0,0,0,3.09009e-5,0,0,0,0,0,0,0,7.63021e-1,2.67295e-1,0,0,0,0,0,0,1.16490e+0
"Rest Central America","BRB","Barbados",8.22594e-3,1.67472e-4,2.64478e-2,5.96099e-5,3.51252e-2,0,0,0,3.30225e-2,2.70630e-2,4.78178e-1,0,0,0,0,0,0,0,0,0,0,0,0,0,0,0,0,0,0,0,0,0,0,2.09783e+0,8.91850e-2,0,0,0,0,0,0,1.31329e-1,0,0,0,0,0,0,0,1.48767e+0,1.46055e+0,0,0,0,0,0,0,5.87485e+0
"Rest Central America","CRI","Costa Rica",1.52699e-2,2.30441e-3,2.29730e-1,0,4.88761e-1,0,5.56844e-3,0,2.27134e+0,3.65800e-1,2.00664e-1,0,0,0,0,0,0,0,0,0,0,0,0,0,0,0,0,0,0,0,0,0,0,1.35595e+2,3.28606e+0,5.84063e+0,0,0,0,0,2.10593e+0,1.12815e+0,0,0,0,0,0,0,0,5.52163e+0,1.49629e+1,0,0,0,0,0,0,1.72020e+2
"Rest Central America","CUB","Cuba",3.00053e-1,1.21869e-3,3.70067e+0,0,3.26364e-1,0,0,0,2.63094e+1,5.48700e+0,3.15354e+0,0,0,0,0,0,0,0,0,0,0,0,0,0,0,0,0,0,0,0,0,0,0,2.65463e+2,1.01323e+1,3.61458e+1,0,0,0,0,1.52758e+1,1.32292e+1,3.34390e+0,0,0,0,0,0,0,5.81836e+1,6.01944e+1,0,0,0,0,0,0,5.01246e+2
"Rest Central America","CYM","Cayman Islands",3.07202e-3,0,2.83796e-3,1.28450e-5,1.01122e-2,0,0,0,1.45387e-2,0,8.97908e-3,0,0,0,0,0,0,0,0,0,0,0,0,0,0,0,0,0,0,0,0,0,0,7.78915e-2,4.11749e-3,0,0,0,0,0,0,1.11551e-5,0,0,0,0,0,0,0,6.36215e-1,1.30687e-1,0,0,0,0,0,0,8.88475e-1
"Rest Central America","DMA","Dominica",1.57965e-3,0,6.23697e-3,2.78200e-6,4.93879e-3,0,0,0,3.60043e-3,2.34050e-2,1.57783e-3,0,0,0,0,0,0,0,0,0,0,0,0,0,0,0,0,0,0,0,0,0,0,8.96714e-1,2.17570e-2,0,0,0,0,0,0,2.15087e-3,0,0,0,0,0,0,0,4.26466e-1,3.63819e-1,0,0,0,0,0,0,1.75225e+0
"Rest Central America","DOM","Dominican Republic",5.30528e-2,0,4.59166e-1,0,6.41358e-1,0,0,3.18197e-3,1.30876e+1,3.24648e+1,5.61600e-1,0,0,0,0,0,0,0,0,0,0,0,0,0,0,0,0,0,0,0,0,0,0,1.71036e+2,4.78706e+0,3.17537e+1,0,0,0,0,1.92094e+0,2.54525e+0,1.52259e+0,0,0,0,0,0,0,2.91542e+1,3.41919e+1,3.55956e-1,0,0,0,0,0,3.24538e+2
"Rest Central America","GLP","Guadeloupe",1.08786e-2,0,3.90912e-2,3.62995e-4,7.26142e-2,0,0,0,4.56573e-1,1.45235e-1,5.57622e-2,0,0,0,0,0,0,0,0,0,0,0,0,0,0,0,0,0,0,0,0,0,0,3.68982e+0,7.33705e-2,0,0,0,0,0,0,2.33611e-1,0,0,0,0,0,0,0,2.93676e+0,2.03466e+0,0,0,0,0,0,0,9.74874e+0
"Rest Central America","GRD","Grenada",2.61883e-3,0,8.37745e-3,2.34650e-5,6.69100e-3,0,0,0,8.12360e-3,9.13880e-2,4.80408e-3,0,0,0,0,0,0,0,0,0,0,0,0,0,0,0,0,0,0,0,0,0,0,3.37638e-1,1.32105e-2,0,0,0,0,0,0,4.18619e-3,0,0,0,0,0,0,0,3.06767e-1,4.46996e-1,0,0,0,0,0,0,1.23082e+0
"Rest Central America","GTM","Guatemala",2.33517e-1,8.37360e-4,3.97495e-1,0,4.27519e-1,0,0,0,3.28441e+1,2.65205e+0,9.57863e-1,0,0,0,0,0,0,0,0,0,0,0,0,0,0,0,0,0,0,0,0,0,0,1.41016e+2,3.61986e+0,2.42547e+0,0,0,0,0,8.92800e+0,4.48938e+0,1.08195e+1,0,0,0,0,0,0,1.12400e+1,4.07063e+1,0,0,0,0,0,0,2.60758e+2
"Rest Central America","HND","Honduras",6.65701e-3,1.25604e-4,3.76100e-1,0,2.03067e-1,0,0,0,1.53488e+1,1.00595e+0,0,0,0,0,0,0,0,0,0,0,0,0,0,0,0,0,0,0,0,0,0,0,0,1.14411e+2,3.43507e+0,1.60304e+0,0,0,0,0,1.18579e+1,1.39717e+0,1.12730e+1,0,0,0,0,0,0,4.50155e+0,2.16306e+1,0,0,0,0,0,0,1.87050e+2
"Rest Central America","HTI","Haiti",2.00966e-3,0,1.04502e-1,0,4.20314e-2,0,0,9.16908e-3,1.12577e+1,2.77094e+1,0,0,0,0,0,0,0,0,0,0,0,0,0,0,0,0,0,0,0,0,0,0,0,7.89544e+1,2.93675e+0,7.66670e+0,0,0,0,0,0,1.01481e+0,0,0,0,0,0,0,0,1.29062e+1,3.42630e+1,0,0,0,0,0,0,1.76867e+2
"Rest Central America","JAM","Jamaica",2.40069e-1,2.43163e-4,3.60567e-2,2.09339e-5,2.43297e-1,0,0,1.18068e-2,2.99324e+0,7.59035e+0,3.44082e-1,0,0,0,0,0,0,0,0,0,0,0,0,0,0,0,0,0,0,0,0,0,0,3.21914e+1,9.11255e-1,1.19879e-2,0,0,0,0,0,8.18225e-1,0,0,0,0,0,0,0,9.32548e+0,1.14775e+1,0,0,0,0,0,0,6.61951e+1
"Rest Central America","KNA","Saint Kitts and Nevis",1.39869e-3,0,3.47081e-3,3.20465e-5,4.14988e-3,0,0,0,1.01136e-1,0,1.95810e-3,0,0,0,0,0,0,0,0,0,0,0,0,0,0,0,0,0,0,0,0,0,0,3.15010e-1,8.43000e-3,0,0,0,0,0,0,6.48016e-2,0,0,0,0,0,0,0,5.88807e-1,2.56657e-1,0,0,0,0,0,0,1.34585e+0
"Rest Central America","LCA","Saint Lucia",3.95782e-3,0,1.22990e-2,5.72949e-6,1.32973e-2,0,0,0,2.32338e-2,2.70630e-2,4.79041e-3,0,0,0,0,0,0,0,0,0,0,0,0,0,0,0,0,0,0,0,0,0,0,8.70651e-1,3.27890e-2,0,0,0,0,0,0,8.39087e-3,0,0,0,0,0,0,0,1.53953e-1,6.45170e-1,0,0,0,0,0,0,1.79560e+0
"Rest Central America","MSR","Montserrat",4.83777e-4,0,9.57579e-4,3.71000e-6,3.74168e-3,0,0,0,2.10358e-3,0,9.78270e-4,0,0,0,0,0,0,0,0,0,0,0,0,0,0,0,0,0,0,0,0,0,0,6.13903e-1,1.35960e-2,0,0,0,0,0,0,4.46598e-5,0,0,0,0,0,0,0,1.12743e-2,5.25122e-2,0,0,0,0,0,0,6.99599e-1
"Rest Central America","MTQ","Martinique",1.54824e-2,0,3.88749e-2,3.65852e-4,6.87150e-2,0,0,0,1.11391e-1,1.32060e-1,7.32708e-2,0,0,0,0,0,0,0,0,0,0,0,0,0,0,0,0,0,0,0,0,0,0,2.23604e+0,7.90608e-2,0,0,0,0,0,0,7.57065e-2,0,0,0,0,0,0,0,4.60405e+0,1.73763e+0,0,0,0,0,0,0,9.17265e+0
"Rest Central America","NIC","Nicaragua",1.20379e-2,1.04149e-3,1.92750e-1,2.09339e-5,1.32162e-1,0,3.51691e-3,0,1.14940e+1,2.46915e+0,1.67928e-1,0,0,0,0,0,0,0,0,0,0,0,0,0,0,0,0,0,0,0,0,0,0,1.61777e+2,4.52777e+0,7.91761e+0,0,0,0,0,1.20689e+1,1.14458e+0,0,0,0,0,0,0,0,1.80180e+1,1.98794e+1,0,0,0,0,0,0,2.39806e+2
"Rest Central America","PAN","Panama",4.25671e-2,1.76539e-3,1.54284e-1,0,3.60130e-1,0,0,2.71305e-2,5.48017e+0,2.74350e-1,4.57569e-1,0,0,0,0,0,0,0,0,0,0,0,0,0,0,0,0,0,0,0,0,0,0,9.33642e+1,2.16063e+0,1.30334e+1,0,0,0,0,2.07946e+0,7.79776e-1,0,0,0,0,0,0,0,7.85946e+0,1.13199e+1,0,0,0,0,0,0,1.37395e+2
"Rest Central America","PRI","Puerto Rico",0,0,0,0,0,0,0,0,0,0,0,0,0,0,0,0,0,0,0,0,0,0,0,0,0,0,0,0,0,0,0,0,0,3.03529e+1,9.23822e-1,0,0,0,0,0,0,2.50615e-1,2.54252e-1,0,0,0,0,0,0,3.52264e+1,1.72732e+1,0,0,0,0,0,0,8.42812e+1
"Rest Central America","SLV","El Salvador",1.12681e-1,5.86152e-4,2.82029e-1,0,2.95238e-1,0,0,0,1.49532e+1,1.55465e+0,2.53996e-1,0,0,0,0,0,0,0,0,0,0,0,0,0,0,0,0,0,0,0,0,0,0,6.99318e+1,2.19239e+0,2.20243e+0,0,0,0,0,2.18810e-1,1.73492e+0,0,0,0,0,0,0,0,1.33288e+1,2.49676e+1,0,0,0,0,0,0,1.32029e+2
"Rest Central America","TCA","Turks and Caicos Islands",2.54263e-4,0,1.17622e-3,0,0,0,0,0,3.61751e-4,5.11500e-3,0,0,0,0,0,0,0,0,0,0,0,0,0,0,0,0,0,0,0,0,0,0,0,0,0,0,0,0,0,0,0,0,0,0,0,0,0,0,0,6.26565e-2,5.56813e-2,0,0,0,0,0,0,1.25245e-1
"Rest Central America","TTO","Trinidad and Tobago",2.14146e-1,1.14806e-1,2.60419e-2,0,3.82232e-1,0,0,7.53624e-4,7.16914e-1,1.68268e-1,1.11409e+2,0,0,0,0,0,1.13334e+0,0,0,0,0,0,0,0,0,0,0,0,0,0,0,0,0,2.64215e+0,2.29046e-1,6.96972e-1,0,0,0,0,0,3.71854e-1,0,0,0,0,0,0,0,8.75056e+0,1.85313e+1,0,0,0,0,0,0,1.45387e+2
"Rest Central America","VCT","Saint Vincent and the Grenadines",2.64245e-3,0,9.46952e-3,3.19250e-6,4.63479e-3,0,0,0,2.73010e-2,2.68770e-2,2.48702e-3,0,0,0,0,0,0,0,0,0,0,0,0,0,0,0,0,0,0,0,0,0,0,4.67237e-1,1.98880e-2,0,0,0,0,0,0,1.44551e-2,0,0,0,0,0,0,0,3.75495e-1,5.28957e-1,0,0,0,0,0,0,1.47945e+0
"Rest Central America","VGB","Virgin Islands_British",7.49832e-4,0,1.54122e-3,4.20650e-6,4.27422e-3,0,0,0,2.77877e-3,1.73600e-3,1.26493e-3,0,0,0,0,0,0,0,0,0,0,0,0,0,0,0,0,0,0,0,0,0,0,4.96543e-1,2.81093e-2,0,0,0,0,0,0,0,0,0,0,0,0,0,0,1.45059e-1,7.27278e-2,0,0,0,0,0,0,7.54788e-1
"Rest Central America","VIR","Virgin Islands_USA",0,0,0,0,0,0,0,0,0,0,0,0,0,0,0,0,0,0,0,0,0,0,0,0,0,0,0,0,0,0,0,0,0,4.42400e-2,8.57493e-3,0,0,0,0,0,0,9.38231e-2,0,0,0,0,0,0,0,1.04493e+0,4.85234e-1,0,0,0,0,0,0,1.67680e+0
"Brazil","BRA","Brazil",1.37017e+0,8.93781e+0,2.18556e+1,4.28100e-2,1.45891e+1,9.38261e-2,3.61656e-1,0,1.19924e+2,6.48713e+2,2.73340e+2,0,0,0,0,0,1.77968e+0,2.74799e+0,0,0,0,0,0,0,0,0,0,0,0,0,0,0,0,9.97038e+3,2.38166e+2,3.56496e+2,0,0,0,0,6.36168e+2,1.31013e+2,2.39748e+3,1.44499e+0,0,0,0,0,0,5.85330e+2,1.56268e+3,6.75123e+0,2.00544e+0,0,0,0,0,1.69817e+4
"Rest South America","ARG","Argentina",5.27573e-1,4.91595e-1,1.90479e+0,1.59517e-2,8.31098e+0,0,5.56844e-3,2.58744e-2,6.66660e+0,2.77331e+1,6.72690e+2,0,0,0,0,0,3.08820e-1,1.05927e-1,0,0,0,0,0,0,0,0,0,0,0,0,0,0,0,3.47260e+3,6.47910e+1,1.95152e+1,0,0,0,0,1.71451e+1,2.85538e+1,5.26667e+1,1.13441e+2,0,0,0,0,0,1.38436e+2,2.10645e+2,0,0,0,0,0,0,4.83658e+3
"Rest South America","BOL","Bolivia",8.12752e-2,3.51273e-2,2.58671e-1,2.07246e-3,4.20163e-1,3.64880e-3,2.93076e-3,0,1.05443e+1,1.28030e+0,1.57407e+2,0,0,0,0,0,0,0,0,0,0,0,0,0,0,0,0,0,0,0,0,0,0,3.69649e+2,1.07945e+1,1.74243e+1,0,0,0,0,1.84963e+2,2.35209e+0,4.01207e+2,0,0,0,0,0,0,1.26530e+1,3.42116e+1,0,0,0,0,0,0,1.20329e+3
"Rest South America","BVT","Bouvet Island",0,0,0,0,0,0,0,0,0,0,0,0,0,0,0,0,0,0,0,0,0,0,0,0,0,0,0,0,0,0,0,0,0,0,0,0,0,0,0,0,0,0,0,0,0,0,0,0,0,0,0,0,0,0,0,0,0,0,
"Rest South America","CHL","Chile",2.63693e-1,8.76224e-2,1.43288e+0,8.23461e-3,2.01469e+0,2.95379e-3,9.78873e-2,0,2.84979e+1,4.16698e+1,5.86205e+1,0,0,0,0,0,1.47945e+0,2.06338e-2,0,0,0,0,0,0,0,0,0,0,0,0,0,0,0,2.78169e+2,6.48208e+0,4.05638e+0,0,0,0,0,0,2.02244e+0,2.72083e+0,6.17040e+0,0,0,0,0,0,3.55257e+1,1.66534e+2,0,0,0,0,0,0,6.35877e+2
"Rest South America","COL","Colombia",2.68713e-1,1.47995e-1,2.94758e+0,4.39613e-4,5.30919e+0,4.42753e-3,3.89791e-2,1.33978e-3,5.06995e+1,5.55899e+1,2.23242e+2,0,0,0,0,0,1.07627e-1,2.15600e-2,0,0,0,0,0,0,0,0,0,0,0,0,0,0,0,1.57645e+3,3.94705e+1,1.02776e+2,0,0,0,0,3.06024e+1,1.18008e+1,1.39128e+2,0,0,0,0,0,0,6.70333e+1,1.75178e+2,0,0,0,0,0,0,2.48082e+3
"Rest South America","ECU","Ecuador",7.06484e-3,5.22826e-2,4.64316e-1,1.46538e-4,1.54905e+0,0,5.97875e-2,0,1.23229e+1,7.69736e+0,8.91633e+1,0,0,0,0,0,6.37200e-5,0,0,0,0,0,0,0,0,0,0,0,0,0,0,0,0,2.98901e+2,1.00778e+1,1.08777e+2,0,0,0,0,1.56862e+0,3.70263e+0,1.43058e+0,0,0,0,0,0,0,1.59598e+1,4.94772e+1,0,0,0,0,0,0,6.01211e+2
"Rest South America","FLK","Falkland Islands (Malvinas)",3.96633e-4,0,2.22807e-4,4.38600e-6,5.68066e-4,0,0,0,1.29541e-3,1.08810e-2,5.57053e-4,0,0,0,0,0,0,0,0,0,0,0,0,0,0,0,0,0,0,0,0,0,0,3.96506e+0,7.85571e-2,0,0,0,0,0,0,0,0,0,0,0,0,0,0,1.08970e-2,1.19164e-2,5.70563e-5,1.14722e-5,0,0,0,0,4.08042e+0
"Rest South America","GUF","French Guiana",4.71984e-3,0,1.49722e-2,2.53711e-4,1.73493e-2,0,0,0,2.45245e-1,2.22239e-1,4.52750e-2,0,0,0,0,0,0,0,0,0,0,0,0,0,0,0,0,0,0,0,0,0,0,4.94344e-1,2.71176e-2,1.02873e+0,0,0,0,0,0,2.21730e-2,9.04672e-1,0,0,0,0,0,0,7.18485e-1,6.14156e-1,2.41580e-3,3.34917e-4,0,0,0,0,4.36248e+0
"Rest South America","GUY","Guyana",2.05366e-2,0,6.48456e-2,9.64555e-5,3.55687e-2,0,0,0,3.18312e+0,1.87472e+0,2.48812e-2,0,0,0,0,0,0,0,0,0,0,0,0,0,0,0,0,0,0,0,0,0,0,1.24957e+1,4.13162e-1,3.16296e+1,0,0,0,0,4.11960e+0,1.17698e+0,2.35008e+1,0,0,0,0,0,0,1.15908e+0,4.06310e+0,3.72877e-3,5.40996e-4,0,0,0,0,8.37661e+1
"Rest South America","PER","Peru",8.98321e-2,6.33837e-2,2.78464e-1,4.18681e-5,1.19266e+0,0,4.98229e-3,0,2.88336e+1,8.20986e+0,3.52171e+1,0,0,0,0,0,3.00000e-4,1.16160e-1,0,0,0,0,0,0,0,0,0,0,0,0,0,0,0,3.03831e+2,9.72140e+0,5.90074e+1,0,0,0,0,1.20084e+0,3.13238e+0,5.09925e+1,0,0,0,0,0,0,4.54292e+1,1.06442e+2,0,0,0,0,0,0,6.53762e+2
"Rest South America","PRY","Paraguay",3.56714e-2,7.53624e-4,1.55757e+0,0,2.64435e-1,1.25604e-2,5.86152e-4,5.02416e-4,1.81876e+1,2.20394e+1,6.71617e-2,0,0,0,0,0,0,0,0,0,0,0,0,0,0,0,0,0,0,0,0,0,0,4.87795e+2,1.20172e+1,6.27275e+0,0,0,0,0,9.32616e+1,2.86107e+0,1.01613e+2,1.07966e+1,0,0,0,0,0,1.44828e+1,2.15191e+1,0,0,0,0,0,0,7.92785e+2
"Rest South America","SGS","South Georgia and the South Sandwich Islands",0,0,0,0,0,0,0,0,0,0,0,0,0,0,0,0,0,0,0,0,0,0,0,0,0,0,0,0,0,0,0,0,0,0,0,0,0,0,0,0,0,0,0,0,0,0,0,0,0,0,0,0,0,0,0,0,0,0,
"Rest South America","SUR","Suriname",1.41428e-2,0,4.22219e-2,7.85335e-5,4.01551e-2,0,0,0,1.89605e-1,6.00842e-1,1.32072e+0,0,0,0,0,0,0,0,0,0,0,0,0,0,0,0,0,0,0,0,0,0,0,5.17980e+0,2.82502e-1,2.09783e+1,0,0,0,0,0,1.84175e-1,1.81390e+1,0,0,0,0,0,0,1.60946e+0,2.25773e+0,5.12754e-3,7.31808e-4,0,0,0,0,5.08446e+1
"Rest South America","URY","Uruguay",2.60595e-2,2.08192e-3,3.34608e-1,3.97746e-4,3.41772e-1,0,0,3.76812e-4,3.94677e+0,2.76234e-1,1.12914e-1,0,0,0,0,0,0,2.75000e-4,0,0,0,0,0,0,0,0,0,0,0,0,0,0,0,7.66724e+2,1.49696e+1,4.78836e+1,0,0,0,0,0,1.14662e+0,0,0,0,0,0,0,0,1.75345e+1,1.60469e+1,0,0,0,0,0,0,8.69347e+2
"Rest South America","VEN","Venezuela",3.67858e-1,1.13168e+0,1.03988e+0,0,9.50404e+0,1.56377e-3,0,0,8.65765e+0,6.70118e+1,9.34405e+2,0,0,0,0,0,3.20282e-1,9.81200e-2,0,0,0,0,0,0,0,0,0,0,0,0,0,0,0,8.11496e+2,2.44921e+1,2.34182e+1,0,0,0,0,4.64088e+1,3.53078e+0,9.76412e+1,0,0,0,0,0,0,9.07027e+1,1.18570e+2,0,0,0,0,0,0,2.23880e+3
"Northern_Africa","DZA","Algeria",5.26934e-1,6.95190e-1,2.23485e-1,0,2.82115e+0,0,0,2.08921e-2,2.25544e+1,4.11006e+1,1.36978e+3,0,0,0,0,0,2.09568e-1,1.33000e-1,0,0,0,0,0,0,0,0,0,0,0,0,0,0,0,1.73676e+2,6.99324e+0,8.33498e-2,0,0,0,0,0,6.71892e-2,0,0,0,0,0,0,0,5.89943e+1,1.02930e+2,0,0,0,0,0,0,1.78081e+3
"Northern_Africa","EGY","Egypt",5.50991e-1,1.07810e-1,1.66945e+0,6.02899e-3,2.63555e+0,0,0,0,5.41715e+1,9.81054e+1,4.07693e+2,0,0,0,0,0,3.56400e-3,2.46270e-1,0,0,0,0,0,0,0,0,0,0,0,0,0,0,0,3.63723e+2,1.17360e+1,1.94847e+2,0,0,0,0,0,4.42163e-1,0,0,0,0,0,0,0,1.03196e+2,2.05931e+2,0,0,0,0,0,0,1.44506e+3
"Northern_Africa","ESH","Western Sahara",7.71083e-4,5.73655e-5,2.79039e-4,5.37135e-5,7.44873e-3,2.86765e-6,0,0,5.74063e-3,0,3.49744e-3,0,0,0,0,0,0,0,0,0,0,0,0,0,0,0,0,0,0,0,0,0,0,9.51510e+0,2.72507e-1,0,0,0,0,0,0,8.47260e-5,0,0,0,0,0,0,0,2.65413e-1,1.06624e+0,0,0,0,0,0,0,1.11372e+1
"Northern_Africa","LBY","Libyan Arab Jamahiriya",6.72640e-2,3.31763e-1,4.59711e-2,6.28019e-5,1.90306e+0,0,0,0,2.07499e+0,6.28782e+0,5.93410e+2,0,0,0,0,0,1.36290e+0,0,0,0,0,0,0,0,0,0,0,0,0,0,0,0,0,4.41655e+1,1.72876e+0,0,0,0,0,0,0,8.76570e-3,0,0,0,0,0,0,0,1.93652e+1,2.01163e+1,0,0,0,0,0,0,6.90869e+2
"Northern_Africa","MAR","Morocco",2.78862e-2,5.06603e-3,2.57363e-1,0,4.40587e-1,0,4.51337e-2,0,2.54916e+1,1.54184e+1,3.70882e+0,0,0,0,0,0,0,0,0,0,0,0,0,0,0,0,0,0,0,0,0,0,0,1.91688e+2,7.60593e+0,1.56464e+0,0,0,0,0,0,1.54590e-1,0,0,0,0,0,0,0,4.38049e+1,1.06825e+2,0,0,0,0,0,0,3.97039e+2
"Northern_Africa","TUN","Tunisia",1.22506e-1,2.98335e-3,1.01656e-1,0,3.95482e-1,0,0,0,7.35687e+0,1.01509e+1,5.90501e+1,0,0,0,0,0,0,1.33700e-2,0,0,0,0,0,0,0,0,0,0,0,0,0,0,0,9.02178e+1,3.80278e+0,0,0,0,0,0,0,7.54483e-2,0,0,0,0,0,0,0,2.14810e+1,3.35971e+1,0,0,0,0,0,0,2.26368e+2
"Western_Africa","BEN","Benin",8.79228e-4,0,1.13044e-3,0,2.24891e-2,0,0,0,2.06452e+1,1.43576e+1,3.44768e-1,0,0,0,0,0,0,0,0,0,0,0,0,0,0,0,0,0,0,0,0,0,0,4.28848e+1,2.33994e+0,1.10548e+0,0,0,0,0,3.18120e+1,3.91641e-1,7.18148e+1,0,0,0,0,0,0,4.27260e+0,2.38148e+1,0,0,0,0,0,0,2.13808e+2
"Western_Africa","BFA","Burkina Faso",1.17062e-3,7.11476e-5,7.54158e-4,5.82965e-4,5.34161e-2,3.55655e-6,0,0,3.62801e+1,3.31508e+1,1.10162e-2,0,0,0,0,0,0,0,0,0,0,0,0,0,0,0,0,0,0,0,0,0,0,2.15133e+2,9.71332e+0,3.64107e+0,0,0,0,0,2.99640e+1,8.36095e-1,0,0,0,0,0,0,0,2.70156e+0,3.66247e+1,0,0,0,0,0,0,3.68111e+2
"Western_Africa","CAF","Central African Republic",4.99287e-4,3.70761e-5,1.40868e-4,2.83037e-4,1.99054e-2,1.85090e-6,0,0,1.17600e+1,2.74350e+0,4.80377e-3,0,0,0,0,0,0,0,0,0,0,0,0,0,0,0,0,0,0,0,0,0,0,1.05184e+2,3.58235e+0,7.85243e-1,0,0,0,0,1.09529e+3,1.20874e-1,3.00975e+2,0,0,0,0,0,0,5.07076e+0,1.36437e+1,0,0,0,0,0,0,1.53918e+3
"Western_Africa","CIV","Cote d'Ivoire",7.49178e-3,4.18975e-3,1.75427e-2,0,2.04043e-1,2.95379e-3,1.08438e-2,0,3.10419e+1,5.42298e+1,1.42517e+0,0,0,0,0,0,0,0,0,0,0,0,0,0,0,0,0,0,0,0,0,0,0,5.32242e+1,2.55513e+0,1.97245e+1,0,0,0,0,1.77194e+1,1.04751e+0,2.44603e+2,0,0,0,0,0,0,2.43597e+1,5.45052e+1,0,0,0,0,0,0,5.04683e+2
"Western_Africa","CMR","Cameroon",1.00483e-3,0,5.77779e-3,0,4.16758e-1,0,0,0,3.05325e+1,7.86470e+0,1.29306e+2,0,0,0,0,0,0,0,0,0,0,0,0,0,0,0,0,0,0,0,0,0,0,2.01770e+2,7.43771e+0,1.46228e+0,0,0,0,0,1.15579e+2,5.91369e-1,1.18483e+2,0,0,0,0,0,0,2.48156e+1,5.89593e+1,0,0,0,0,0,0,6.97225e+2
"Western_Africa","COD","Congo_the Democratic Republic of the",5.02416e-4,5.02416e-4,4.06957e-2,0,1.45563e-1,0,0,0,1.94130e+2,8.40256e+0,3.68879e+0,0,0,0,0,0,0,0,0,0,0,0,0,0,0,0,0,0,0,0,0,0,0,4.62127e+0,2.17905e-1,8.70055e+1,0,0,0,0,6.53232e+2,4.21745e+0,1.66423e+3,0,0,0,0,0,0,4.94053e+1,1.60265e+2,0,0,0,0,0,0,2.82960e+3
"Western_Africa","COG","Congo",1.25604e-4,1.25604e-4,1.50725e-3,6.28020e-4,7.47612e-2,0,0,0,4.34429e+0,2.08506e+1,6.74766e+1,0,0,0,0,0,0,0,0,0,0,0,0,0,0,0,0,0,0,0,0,0,0,7.26968e+1,3.74579e+0,2.77833e-1,0,0,0,0,1.43719e+1,1.40208e-1,6.97476e+1,0,0,0,0,0,0,5.48577e+0,1.15503e+1,0,0,0,0,0,0,2.70765e+2
"Western_Africa","CPV","Cape Verde",4.02766e-4,2.98966e-5,9.91290e-5,5.58085e-5,7.49547e-3,1.49400e-6,0,0,3.35047e-2,5.36300e-3,2.06924e-3,0,0,0,0,0,0,0,0,0,0,0,0,0,0,0,0,0,0,0,0,0,0,1.73917e+0,6.14196e-1,0,0,0,0,0,0,1.98203e-2,0,0,0,0,0,0,0,5.69001e-1,1.73811e+0,0,0,0,0,0,0,4.72931e+0
"Western_Africa","GAB","Gabon",2.51627e-2,2.34461e-3,1.22673e-2,0,5.13915e-2,0,0,0,1.70651e+0,1.00595e+0,1.45970e+2,0,0,0,0,0,0,0,0,0,0,0,0,0,0,0,0,0,0,0,0,0,0,2.75595e+0,3.38441e-1,5.84911e-2,0,0,0,0,3.30624e-1,3.84329e-2,5.69806e+0,0,0,0,0,0,0,5.38341e+0,5.17521e+0,0,0,0,0,0,0,1.68553e+2
"Western_Africa","GHA","Ghana",7.53624e-4,1.04670e-3,4.00215e-1,0,5.75268e-1,2.25878e-3,4.98229e-3,0,6.74504e+1,4.42618e+1,2.01327e-1,0,0,0,0,0,0,0,0,0,0,0,0,0,0,0,0,0,0,0,0,0,0,5.92301e+1,2.89364e+0,1.12888e+1,0,0,0,0,8.06568e+1,9.02592e-1,2.40054e+1,0,0,0,0,0,0,2.32472e+1,6.99256e+1,0,0,0,0,0,0,3.85048e+2
"Western_Africa","GIN","Guinea",1.87321e-3,1.09527e-4,1.42910e-3,6.41778e-4,1.03551e-1,5.47385e-6,0,0,2.78073e+1,5.21265e+0,1.99841e-2,0,0,0,0,0,0,0,0,0,0,0,0,0,0,0,0,0,0,0,0,0,0,6.12095e+1,2.29576e+0,5.11113e+1,0,0,0,0,6.89760e+1,5.07179e-1,9.02972e+1,0,0,0,0,0,0,7.86098e+0,2.79874e+1,0,0,0,0,0,0,3.43393e+2
"Western_Africa","GMB","Gambia",7.12259e-4,5.33275e-5,1.61640e-4,9.29750e-5,3.44215e-2,2.66430e-6,0,0,1.85708e+0,3.35256e+0,3.94400e-3,0,0,0,0,0,0,0,0,0,0,0,0,0,0,0,0,0,0,0,0,0,0,1.34461e+1,5.23647e-1,1.20784e+0,0,0,0,0,3.62688e+0,2.62701e-2,0,0,0,0,0,0,0,1.11978e+0,3.79080e+0,0,0,0,0,0,0,2.89903e+1
"Western_Africa","GNB","Guinea-Bissau",6.29451e-4,4.37037e-5,3.47844e-4,1.66434e-4,2.17838e-2,2.18290e-6,0,0,1.68366e+0,5.44050e-2,5.28563e-3,0,0,0,0,0,0,0,0,0,0,0,0,0,0,0,0,0,0,0,0,0,0,1.64206e+1,8.78091e-1,9.32933e+0,0,0,0,0,6.38256e+0,1.08114e-1,0,0,0,0,0,0,0,9.69409e-1,4.69630e+0,0,0,0,0,0,0,4.05507e+1
"Western_Africa","GNQ","Equatorial Guinea",2.11396e-4,4.25915e-5,1.32588e-4,1.09297e-4,1.00286e-2,2.12895e-6,0,0,1.58348e+0,6.06856e-1,2.33721e+1,0,0,0,0,0,0,0,0,0,0,0,0,0,0,0,0,0,0,0,0,0,0,3.69680e-1,2.26770e-2,0,0,0,0,0,0,1.72682e-2,0,0,0,0,0,0,0,5.46631e-1,1.54547e+0,0,0,0,0,0,0,2.80747e+1
"Western_Africa","LBR","Liberia",9.56575e-4,5.71953e-5,4.26576e-4,1.51366e-4,3.34443e-2,2.85935e-6,0,0,1.01593e+1,7.88848e+0,6.63041e-3,0,0,0,0,0,0,0,0,0,0,0,0,0,0,0,0,0,0,0,0,0,0,3.45574e+0,3.01592e-1,8.56080e-1,0,0,0,0,8.72664e-1,8.35923e-2,7.28824e-2,0,0,0,0,0,0,3.07596e+0,1.00319e+1,0,0,0,0,0,0,3.68398e+1
"Western_Africa","MLI","Mali",1.41392e-3,1.05676e-4,3.64506e-4,2.11489e-4,8.21086e-2,5.28295e-6,0,0,1.67752e+1,6.86972e+0,9.28326e-3,0,0,0,0,0,0,0,0,0,0,0,0,0,0,0,0,0,0,0,0,0,0,2.58820e+2,9.98949e+0,3.59720e+1,0,0,0,0,4.47624e+1,9.40011e-1,2.85580e+1,0,0,0,0,0,0,4.96629e+0,4.02920e+1,0,0,0,0,0,0,4.48039e+2
"Western_Africa","MRT","Mauritania",5.18670e-3,2.99323e-4,3.60691e-3,1.62062e-3,3.38293e-1,1.57869e-5,0,0,4.73262e+0,9.07550e+0,5.95659e-2,0,0,0,0,0,0,0,0,0,0,0,0,0,0,0,0,0,0,0,0,0,0,1.37446e+2,6.12730e+0,2.89530e+0,0,0,0,0,6.63072e-3,1.28966e-1,0,0,0,0,0,0,0,2.67286e+0,1.04010e+1,0,0,0,0,0,0,1.73894e+2
"Western_Africa","NER","Niger",3.62466e-3,2.02449e-4,1.85708e-3,1.06234e-4,5.46998e-2,3.37359e-5,0,0,2.47446e+1,3.03015e+1,1.22007e-2,0,0,0,0,0,0,0,0,0,0,0,0,0,0,0,0,0,0,0,0,0,0,1.29733e+2,5.92205e+0,4.38683e+0,0,0,0,0,9.61776e-1,1.39411e+0,0,0,0,0,0,0,0,3.25618e+0,3.58850e+1,0,0,0,0,0,0,2.36657e+2
"Western_Africa","NGA","Nigeria",1.79056e-1,2.65930e-1,1.28702e-1,0,3.80293e+0,6.08133e-3,1.02577e-2,0,2.04291e+2,6.75079e+1,1.64395e+3,0,0,0,0,0,7.20000e-4,0,0,0,0,0,0,0,0,0,0,0,0,0,0,0,0,7.37854e+2,3.14500e+1,2.15333e+2,0,0,0,0,1.07318e+2,9.76449e+0,1.57930e+1,0,0,0,0,0,0,6.12588e+1,4.07520e+2,0,0,0,0,0,0,3.50644e+3
"Western_Africa","SEN","Senegal",5.49483e-3,2.93076e-4,1.05507e-2,0,8.14912e-2,0,5.56844e-3,0,1.76518e+1,2.92640e+1,1.39713e+0,0,0,0,0,0,0,0,0,0,0,0,0,0,0,0,0,0,0,0,0,0,0,1.34356e+2,6.06685e+0,1.13911e+1,0,0,0,0,2.71848e+1,2.72467e-1,0,0,0,0,0,0,0,1.14210e+1,3.89310e+1,0,0,0,0,0,0,2.78040e+2
"Western_Africa","SHN","Saint Helena",1.53405e-5,2.44850e-6,1.09200e-5,1.41760e-5,6.67209e-4,1.16200e-7,0,0,2.17745e-4,0,9.12375e-6,0,0,0,0,0,0,0,0,0,0,0,0,0,0,0,0,0,0,0,0,0,0,6.02059e-2,5.03384e-3,0,0,0,0,0,0,0,0,0,0,0,0,0,0,1.03642e-2,2.91482e-2,0,0,0,0,0,0,1.05689e-1
"Western_Africa","SLE","Sierra Leone",2.36861e-3,1.37851e-4,1.05392e-3,3.97405e-4,3.28519e-2,6.88900e-6,0,0,1.62974e+1,1.84555e+1,1.38451e-2,0,0,0,0,0,0,0,0,0,0,0,0,0,0,0,0,0,0,0,0,0,0,1.28398e+1,6.24995e-1,3.36107e+1,0,0,0,0,1.61254e+1,4.33735e-1,8.66048e+0,0,0,0,0,0,0,4.47510e+0,1.74797e+1,0,0,0,0,0,0,1.29053e+2
"Western_Africa","STP","Sao Tome and Principe",3.54858e-4,2.63816e-5,8.26380e-5,2.70569e-5,6.14978e-3,1.31555e-6,0,0,5.11322e-3,5.36889e-1,1.33685e-3,0,0,0,0,0,0,0,0,0,0,0,0,0,0,0,0,0,0,0,0,0,0,1.86079e-1,1.40854e-2,0,0,0,0,0,0,1.98725e-3,0,0,0,0,0,0,0,2.21710e-1,5.02891e-1,0,0,0,0,0,0,1.47673e+0
"Western_Africa","TCD","Chad",4.62776e-4,3.30589e-5,1.40226e-4,5.13224e-5,6.76926e-3,1.65170e-6,0,0,1.83593e+1,2.31899e+1,2.97507e-3,0,0,0,0,0,0,0,0,0,0,0,0,0,0,0,0,0,0,0,0,0,0,2.24116e+2,8.02202e+0,6.05382e+0,0,0,0,0,1.36829e+2,3.53723e-1,0,0,0,0,0,0,0,3.36751e+0,2.55552e+1,0,0,0,0,0,0,4.45857e+2
"Western_Africa","TGO","Togo",2.63283e-3,0,0,0,3.88477e-2,0,0,0,1.98045e+1,2.44171e+1,0,0,0,0,0,0,0,0,0,0,0,0,0,0,0,0,0,0,0,0,0,0,0,1.71115e+1,1.30505e+0,4.12362e+0,0,0,0,0,3.20016e+1,3.46998e-1,1.39441e+1,0,0,0,0,0,0,3.86489e+0,1.70468e+1,0,0,0,0,0,0,1.34008e+2
"Eastern_Africa","BDI","Burundi",6.02902e-4,3.67441e-5,3.81903e-4,2.58153e-4,4.00669e-2,1.83430e-6,0,0,2.21740e+1,1.70051e+1,6.47415e-3,0,0,0,0,0,0,0,0,0,0,0,0,0,0,0,0,0,0,0,0,0,0,2.27928e+1,8.73200e-1,1.90096e+0,0,0,0,0,0,4.07419e-1,0,0,0,0,0,0,0,6.17315e-1,2.19922e+1,0,0,0,0,0,0,8.78108e+1
"Eastern_Africa","COM","Comoros",9.68631e-5,1.71229e-5,7.72020e-5,7.95644e-5,6.31259e-3,8.54900e-7,0,0,2.40090e-2,2.04253e+0,1.40606e-3,0,0,0,0,0,0,0,0,0,0,0,0,0,0,0,0,0,0,0,0,0,0,2.11399e+0,9.65198e-2,2.04719e+0,0,0,0,0,0,1.18244e-2,0,0,0,0,0,0,0,5.40060e-1,2.32310e+0,0,0,0,0,0,0,9.20721e+0
"Eastern_Africa","DJI","Djibouti",1.92182e-3,1.38984e-4,2.44746e-3,2.93153e-4,2.52656e-2,6.94710e-6,0,0,7.18562e-2,2.77028e+0,2.79449e-2,0,0,0,0,0,0,0,0,0,0,0,0,0,0,0,0,0,0,0,0,0,0,1.39366e+1,5.71980e-1,0,0,0,0,0,0,1.81743e-6,0,0,0,0,0,0,0,1.09989e+0,2.66631e+0,0,0,0,0,0,0,2.11750e+1
"Eastern_Africa","ERI","Eritrea",1.47401e-3,2.93076e-4,1.75846e-3,0,2.80602e-2,0,0,0,6.94172e+0,1.01509e+1,1.61323e-1,0,0,0,0,0,0,0,0,0,0,0,0,0,0,0,0,0,0,0,0,0,0,5.65361e+1,1.97839e+0,0,0,0,0,0,1.99464e+0,7.97628e-2,0,0,0,0,0,0,0,9.62430e-1,1.28859e+1,0,0,0,0,0,0,9.17227e+1
"Eastern_Africa","ETH","Ethiopia",3.14010e-3,2.09340e-4,1.45701e-2,0,1.58857e-1,0,0,0,2.75284e+2,1.09740e+1,1.77531e-1,0,0,0,0,0,0,0,0,0,0,0,0,0,0,0,0,0,0,0,0,0,0,1.14782e+3,4.34984e+1,0,0,0,0,0,2.13259e+2,4.82666e+0,0,0,0,0,0,0,0,1.25844e+1,2.06016e+2,0,0,0,0,0,0,1.91462e+3
"Eastern_Africa","KEN","Kenya",1.08622e-3,8.14288e-3,8.26894e-2,7.95492e-3,3.93642e-1,5.73383e-3,5.86152e-4,0,6.65698e+1,1.84820e+2,5.77370e-1,0,0,0,0,0,0,0,0,0,0,0,0,0,0,0,0,0,0,0,0,0,0,5.94659e+2,1.89518e+1,1.65237e+0,0,0,0,0,3.63888e+0,9.60876e-1,0,0,0,0,0,0,0,1.00311e+1,1.07025e+2,0,0,0,0,0,0,9.89386e+2
"Eastern_Africa","MDG","Madagascar",3.39781e-3,2.49041e-4,1.15360e-3,6.80123e-4,1.04123e-1,1.43720e-5,0,0,3.20017e+1,4.21585e+1,1.91629e-2,0,0,0,0,0,0,0,0,0,0,0,0,0,0,0,0,0,0,0,0,0,0,3.58400e+2,1.26420e+1,2.05004e+2,0,0,0,0,4.20336e+1,9.24765e-1,2.71796e+1,7.33344e-2,0,0,0,0,0,7.94247e+0,5.27486e+1,0,0,0,0,0,0,7.81238e+2
"Eastern_Africa","MUS","Mauritius",4.72499e-3,3.42325e-4,2.67739e-3,2.62384e-4,8.44439e-2,2.57626e-5,0,0,3.09394e-1,9.14500e-2,3.75510e-2,0,0,0,0,0,0,0,0,0,0,0,0,0,0,0,0,0,0,0,0,0,0,1.62528e+0,1.78323e-1,0,0,0,0,0,0,1.07160e-1,0,0,0,0,0,0,0,2.70470e+0,4.97556e+0,0,0,0,0,0,0,1.01219e+1
"Eastern_Africa","MYT","Mayotte",0,0,0,0,0,0,0,0,0,0,0,0,0,0,0,0,0,0,0,0,0,0,0,0,0,0,0,0,0,0,0,0,0,0,0,0,0,0,0,0,0,0,0,0,0,0,0,0,0,1.65426e-1,3.62899e-1,0,0,0,0,0,0,5.28325e-1
"Eastern_Africa","REU","Reunion",3.85357e-3,2.72709e-4,1.64270e-3,1.09270e-3,1.23900e-1,1.36328e-5,0,0,2.15680e-1,0,3.42547e-2,0,0,0,0,0,0,0,0,0,0,0,0,0,0,0,0,0,0,0,0,0,0,1.47874e+0,3.24088e-1,5.84911e-3,0,0,0,0,0,3.60187e-2,0,0,0,0,0,0,0,3.19159e+0,3.56206e+0,0,0,0,0,0,0,8.97905e+0
"Eastern_Africa","RWA","Rwanda",1.96471e-3,1.35713e-4,8.04729e-4,4.44041e-4,5.08837e-2,6.78525e-6,0,0,1.10607e+1,1.22369e+0,1.16134e-1,0,0,0,0,0,0,0,0,0,0,0,0,0,0,0,0,0,0,0,0,0,0,2.47176e+1,9.42586e-1,7.31138e-1,0,0,0,0,1.46174e+0,3.68986e-1,0,0,0,0,0,0,0,6.88071e-1,2.87546e+1,0,0,0,0,0,0,7.01195e+1
"Eastern_Africa","SDN","Sudan",7.07424e-3,8.37360e-5,1.25604e-4,0,2.66734e-1,0,0,0,6.12174e+1,1.88570e+2,2.97666e+0,0,0,0,0,0,0,0,0,0,0,0,0,0,0,0,0,0,0,0,0,0,0,1.33955e+3,4.79307e+1,2.33964e-1,0,0,0,0,5.62224e+2,1.47136e+0,0,0,0,0,0,0,0,3.67217e+1,1.21649e+2,0,0,0,0,0,0,2.36282e+3
"Eastern_Africa","SOM","Somalia",7.43159e-4,9.25491e-5,4.51860e-4,3.61337e-4,4.43351e-2,4.62725e-6,0,0,2.53428e+1,4.33647e+1,1.01108e-2,0,0,0,0,0,0,0,0,0,0,0,0,0,0,0,0,0,0,0,0,0,0,4.65712e+2,2.06474e+1,2.92455e-1,0,0,0,0,6.30720e-3,9.12314e-2,0,0,0,0,0,0,0,4.12028e+0,3.21065e+1,0,0,0,0,0,0,5.91739e+2
"Eastern_Africa","SYC","Seychelles",2.20555e-3,1.65133e-4,6.78405e-4,2.45500e-7,1.21667e-2,8.25435e-6,0,0,1.33462e-2,0,8.72148e-3,0,0,0,0,0,0,0,0,0,0,0,0,0,0,0,0,0,0,0,0,0,0,1.60939e-1,5.77851e-2,0,0,0,0,0,0,5.05440e-6,0,0,0,0,0,0,0,2.80001e-1,3.56414e-1,0,0,0,0,0,0,8.92437e-1
"Eastern_Africa","UGA","Uganda",2.75908e-3,2.06587e-4,7.75017e-4,3.36081e-4,9.76861e-2,1.03293e-5,0,0,1.11821e+2,5.63050e+1,1.81408e-2,0,0,0,0,0,0,0,0,0,0,0,0,0,0,0,0,0,0,0,0,0,0,2.30298e+2,8.09500e+0,7.75007e+0,0,0,0,0,1.00630e+2,1.73274e+0,0,0,0,0,0,0,0,3.71496e+0,6.93338e+1,0,0,0,0,0,0,5.89801e+2
"Southern_Africa","AGO","Angola",3.01450e-4,3.89372e-3,6.38739e-2,0,2.22129e-1,0,0,0,1.02405e+1,6.45637e+1,2.65572e+2,0,0,0,0,0,0,0,0,0,0,0,0,0,0,0,0,0,0,0,0,0,0,1.31483e+2,4.32537e+0,7.31138e-1,0,0,0,0,2.94240e+2,2.14642e-1,5.21656e+0,0,0,0,0,0,0,1.11992e+1,4.75200e+1,0,0,0,0,0,0,8.35596e+2
"Southern_Africa","BWA","Botswana",5.73604e-3,2.46850e-4,6.95910e-3,6.53115e-5,1.57353e-1,1.35912e-4,0,0,3.32515e+0,1.59314e+1,2.04340e-2,0,0,0,0,0,0,0,0,0,0,0,0,0,0,0,0,0,0,0,0,0,0,9.23742e+1,2.45745e+0,0,0,0,0,0,6.62088e+1,3.69097e-2,0,1.74341e+0,0,0,0,0,0,2.31779e+0,7.05491e+0,0,0,0,0,0,0,1.91641e+2
"Southern_Africa","LSO","Lesotho",3.21951e-4,2.41032e-5,1.20774e-4,1.55474e-4,2.16205e-2,1.20350e-6,0,0,5.00288e+0,6.39053e+0,2.92691e-3,0,0,0,0,0,0,0,0,0,0,0,0,0,0,0,0,0,0,0,0,0,0,3.73805e+1,7.47318e-1,0,0,0,0,0,0,3.51967e-2,0,1.11103e+0,0,0,0,0,0,9.15887e-1,6.97205e+0,0,0,0,0,0,0,5.85806e+1
"Southern_Africa","MOZ","Mozambique",1.54986e-3,0,1.59099e-2,0,8.26521e-2,0,6.74075e-3,0,5.68287e+1,2.87193e+1,0,0,0,0,0,0,0,0,0,0,0,0,0,0,0,0,0,0,0,0,0,0,0,4.87349e+1,1.98504e+0,1.53539e+1,0,0,0,0,1.60944e+2,1.19946e+0,2.01824e+1,2.89464e+0,0,0,0,0,0,6.81343e+0,6.90574e+1,0,0,0,0,0,0,4.12820e+2
"Southern_Africa","MWI","Malawi",1.91319e-3,1.37946e-4,5.99749e-4,2.88355e-4,8.53823e-2,8.95530e-6,0,0,1.93194e+1,3.21904e+1,1.13005e-2,0,0,0,0,0,0,0,0,0,0,0,0,0,0,0,0,0,0,0,0,0,0,4.06106e+1,1.47242e+0,5.67363e+0,0,0,0,0,3.09744e+1,1.27602e+0,0,0,0,0,0,0,0,2.24902e+0,3.66482e+1,0,0,0,0,0,0,1.70514e+2
"Southern_Africa","NAM","Namibia",2.23486e-3,0,2.93076e-4,6.90822e-4,1.76419e-1,0,5.86152e-3,0,3.84789e-1,3.51397e+0,0,0,0,0,0,0,0,0,0,0,0,0,0,0,0,0,0,0,0,0,0,0,0,1.20461e+2,2.97671e+0,0,0,0,0,0,1.69781e+1,5.40250e-2,0,0,0,0,0,0,0,2.10741e+0,4.91699e+0,0,0,0,0,0,0,1.51578e+2
"Southern_Africa","SWZ","Swaziland",6.15862e-4,1.00999e-4,7.03198e-4,1.46958e-4,5.78861e-2,1.18764e-5,0,0,2.21942e+0,2.06820e+0,8.92495e-3,0,0,0,0,0,0,0,0,0,0,0,0,0,0,0,0,0,0,0,0,0,0,2.96512e+1,7.47496e-1,2.92455e-2,0,0,0,0,0,8.76114e-2,0,0,0,0,0,0,0,1.02671e+0,1.54719e+1,0,0,0,0,0,0,5.13701e+1
"Southern_Africa","TZA","Tanzania_United Republic of",1.13169e-2,6.69888e-4,2.02222e-2,0,1.79441e-1,0,0,0,7.57684e+1,4.53200e+1,1.60581e-1,0,0,0,0,0,0,0,0,0,0,0,0,0,0,0,0,0,0,0,0,0,0,4.80912e+2,1.65406e+1,5.17646e+1,0,0,0,0,2.19269e+2,3.58667e+0,6.24492e+1,0,0,0,0,0,0,8.67672e+0,1.17524e+2,0,0,0,0,0,0,1.08218e+3
"Southern_Africa","ZAF","South Africa",1.15173e+0,3.37874e-2,4.44323e+0,9.60870e-3,7.45758e+0,4.38546e-2,0,6.28020e-4,8.47552e+1,1.01716e+3,5.29454e+1,0,0,0,0,0,5.44300e-2,1.79539e+0,0,0,0,0,0,0,0,0,0,0,0,0,0,0,0,8.42472e+2,2.16910e+1,1.90096e-1,0,0,0,0,8.96208e+0,2.31404e+0,3.65194e+0,9.47774e+1,0,0,0,0,0,1.82359e+2,2.48166e+2,0,0,0,0,0,0,2.57444e+3
"Southern_Africa","ZMB","Zambia",1.15556e-3,2.00966e-3,1.05375e-1,0,1.29648e-1,3.64880e-3,0,0,2.52337e+1,5.98226e+1,1.45343e-1,0,0,0,0,0,0,0,0,0,0,0,0,0,0,0,0,0,0,0,0,0,0,1.07604e+2,3.63158e+0,2.01794e+0,0,0,0,0,4.36056e+2,3.15708e-1,1.94412e+2,0,0,0,0,0,0,8.30970e+0,3.31134e+1,0,0,0,0,0,0,8.70903e+2
"Southern_Africa","ZWE","Zimbabwe",6.09782e-2,1.50725e-3,3.40470e-1,0,3.07874e-1,1.63892e-2,0,0,2.64602e+1,2.83250e+1,6.90000e-5,0,0,0,0,0,0,1.55310e-1,0,0,0,0,0,0,0,0,0,0,0,0,0,0,0,1.97215e+2,5.27156e+0,2.92455e-2,0,0,0,0,4.42512e+1,4.26610e-1,0,0,0,0,0,0,0,8.94300e+0,4.12900e+1,0,0,0,0,0,0,3.53094e+2
"OECD_Europe","AUT","Austria",8.70674e-1,1.10871e-1,1.11844e+0,6.07086e-4,3.08935e+0,8.68761e-3,2.05153e-3,3.80999e-3,3.67015e+1,1.11705e+1,4.27677e+1,0,0,0,0,0,1.04280e-1,2.09020e-1,0,0,0,0,0,0,0,0,0,0,0,0,0,0,0,1.79424e+2,5.48357e+1,0,0,0,0,0,0,3.89025e-1,0,1.55158e+0,0,0,0,0,0,9.80814e+1,3.94432e+1,3.05400e-3,3.26480e+0,0,0,0,0,4.73150e+2
"OECD_Europe","BEL","Belgium",8.60343e-1,1.15211e-1,1.19126e+0,2.13527e-3,5.04226e+0,1.45952e-2,9.81804e-2,0,1.66501e+1,1.60520e+1,7.14017e+1,0,0,0,0,0,2.22000e-4,7.15460e-1,0,0,0,0,0,0,0,0,0,0,0,0,0,0,0,2.27997e+2,9.09083e+1,0,0,0,0,0,0,2.89459e-1,0,3.48552e-1,0,0,0,0,0,6.53663e+1,7.10546e+1,2.75505e+0,3.10606e+0,0,0,0,0,5.73968e+2
"OECD_Europe","CHE","Switzerland",4.54363e-1,9.42400e-3,5.83222e-1,2.49115e-3,3.69721e+0,1.73752e-3,2.05154e-3,0,7.90704e+0,2.87016e-1,3.63571e+1,0,0,0,0,0,6.73977e-2,5.50000e-3,0,0,0,0,0,0,0,0,0,0,0,0,0,0,0,1.32521e+2,3.47404e+1,0,0,0,0,0,0,1.20255e-1,3.52253e+0,0,0,0,0,0,0,3.62355e+1,1.18836e+1,1.20114e-5,1.41422e+0,0,0,0,0,2.69812e+2
"OECD_Europe","DEU","Germany",6.38128e+0,6.90763e-1,4.75896e+0,2.62721e-2,3.87622e+1,1.42715e-1,2.15118e-1,0,1.04502e+2,8.39849e+2,3.42248e+2,0,0,0,0,0,5.59009e+0,1.95416e+0,0,0,0,0,0,0,0,0,0,0,0,0,0,0,0,1.24043e+3,3.77088e+2,0,0,0,0,0,0,3.27568e+0,0,2.16809e+0,0,0,0,0,0,1.53916e+3,1.52978e+2,0,9.58796e-3,0,0,0,0,4.66023e+3
"OECD_Europe","DNK","Denmark",1.14336e+0,5.01357e-2,4.28069e-1,1.19324e-3,2.78551e+0,1.89390e-2,5.36329e-2,1.00483e-2,1.01136e+1,1.35936e-1,2.19188e+1,0,0,0,0,0,0,0,0,0,0,0,0,0,0,0,0,0,0,0,0,0,0,1.66970e+2,9.84422e+1,0,0,0,0,0,0,7.95694e-1,0,0,0,0,0,0,0,8.24844e+1,9.33229e+0,0,1.94273e+0,0,0,0,0,3.96627e+2
"OECD_Europe","ESP","Spain",6.78688e-1,2.03797e-1,3.06375e+0,2.32786e-2,1.73410e+1,3.96155e-2,5.51276e-1,0,4.65562e+1,1.43963e+2,3.00320e+1,0,0,0,0,0,5.79249e-1,5.57769e-1,0,0,0,0,0,0,0,0,0,0,0,0,0,0,0,5.64742e+2,2.59823e+2,1.26605e+1,0,0,0,0,0,1.65365e+0,0,2.58432e+1,0,0,0,0,0,3.01137e+2,1.21557e+2,4.72143e-1,1.08064e+1,0,0,0,0,1.54228e+3
"OECD_Europe","FIN","Finland",1.54308e+0,5.57602e-2,3.61421e+0,2.74236e-3,3.18389e+0,1.14677e-2,3.51691e-2,0,1.90540e+1,2.69319e+0,7.58819e+0,0,0,0,0,0,7.51195e-2,4.65257e-1,0,0,0,0,0,0,0,0,0,0,0,0,0,0,0,8.61035e+1,2.35228e+1,0,0,0,0,0,0,2.73067e-1,6.24288e-1,8.51688e-2,0,0,0,0,0,1.48481e+2,1.70431e+2,0,7.80000e-1,0,0,0,0,4.68623e+2
"OECD_Europe","FRA","France",2.06960e+0,4.07970e-1,4.30719e+0,2.00966e-2,3.12646e+1,8.09684e-2,8.76297e-2,0,2.04008e+2,5.12920e+1,6.74948e+2,0,0,0,0,0,1.47766e+0,1.92145e+0,0,0,0,0,0,0,0,0,0,0,0,0,0,0,0,1.45898e+3,3.72428e+2,6.72261e+0,0,0,0,0,0,5.38922e+0,0,1.46954e+0,0,0,0,0,0,5.21143e+2,1.80772e+2,1.67167e+1,8.55744e+0,0,0,0,0,3.54406e+3
"OECD_Europe","FRO","Faroe Islands",0,0,0,0,0,0,0,0,0,0,0,0,0,0,0,0,0,0,0,0,0,0,0,0,0,0,0,0,0,0,0,0,0,6.13384e-1,2.49390e-2,0,0,0,0,0,0,1.05558e-5,0,0,0,0,0,0,0,9.11533e-1,4.17228e-2,2.22280e-2,1.64723e-2,0,0,0,0,1.63029e+0
"OECD_Europe","GBR","United Kingdom",2.33384e+0,9.28497e-1,3.35302e+0,3.03752e-2,3.63406e+1,1.10333e-1,3.75723e-1,0,1.02011e+2,4.81301e+2,7.27438e+2,0,0,0,0,0,1.85595e+0,1.00164e+0,0,0,0,0,0,0,0,0,0,0,0,0,0,0,0,1.14368e+3,2.09417e+2,0,0,0,0,0,0,1.95508e+0,0,1.46383e+0,0,0,0,0,0,2.37144e+3,1.01108e+2,4.47763e+0,2.73515e+0,0,0,0,0,5.19336e+3
"OECD_Europe","GIB","Gibraltar",0,0,0,0,3.31532e-2,0,0,0,0,0,0,0,0,0,0,0,0,0,0,0,0,0,0,0,0,0,0,0,0,0,0,0,0,0,0,0,0,0,0,0,0,0,0,0,0,0,0,0,0,1.83928e-1,2.47516e-2,6.17774e-3,4.94924e-3,0,0,0,0,2.52960e-1
"OECD_Europe","GRC","Greece",3.64847e-1,4.97298e-2,7.99515e-1,1.13044e-2,5.94940e+0,8.77135e-3,1.62657e-1,0,1.28076e+1,4.87390e+1,6.09531e+0,0,0,0,0,0,3.16800e-3,0,0,0,0,0,0,0,0,0,0,0,0,0,0,0,0,1.38672e+2,2.93943e+1,5.28392e+0,0,0,0,0,0,5.61270e-1,9.58368e-2,2.66136e+0,0,0,0,0,0,9.26031e+1,1.50613e+1,1.15200e-4,1.17736e-1,0,0,0,0,3.59442e+2
"OECD_Europe","GRL","Greenland",0,0,0,0,0,0,0,0,0,0,0,0,0,0,0,0,0,0,0,0,0,0,0,0,0,0,0,0,0,0,0,0,0,1.76000e-1,2.99675e-3,0,0,0,0,0,0,0,0,0,0,0,0,0,0,7.85885e-1,2.03760e-1,9.65308e-3,7.88316e-3,0,0,0,0,1.18618e+0
"OECD_Europe","IRL","Ireland",1.59045e-1,2.96758e-3,2.48535e-1,4.81481e-4,1.64593e+0,9.90389e-3,8.20613e-3,0,1.95695e+1,7.27678e-1,3.09668e+1,0,0,0,0,0,0,0,0,0,0,0,0,0,0,0,0,0,0,0,0,0,0,4.62058e+2,7.00343e+1,0,0,0,0,0,0,1.44695e-1,0,1.40585e-1,0,0,0,0,0,8.76557e+1,7.92107e+0,0,2.44355e-1,0,0,0,0,6.81537e+2
"OECD_Europe","ISL","Iceland",2.63768e-3,0,3.18218e-2,1.67472e-4,1.99259e-1,0,5.56844e-3,0,7.58669e-2,0,0,0,0,0,0,0,0,7.41125e-2,0,0,0,0,0,0,0,0,0,0,0,0,0,0,0,9.53482e+0,1.43440e+0,0,0,0,0,0,0,7.36506e-5,0,0,0,0,0,0,0,3.95382e+0,4.85141e-1,5.64282e-2,4.26040e-3,0,0,0,0,1.58584e+1
"OECD_Europe","ITA","Italy",9.03227e-1,3.16582e-1,2.58550e+0,6.02899e-3,3.93865e+1,3.38817e-2,1.21040e-1,1.46957e-2,2.11044e+1,1.13465e+1,3.36515e+2,0,0,0,0,0,6.55205e-1,9.93984e-1,0,0,0,0,0,0,0,0,0,0,0,0,0,0,0,6.05426e+2,2.24399e+2,6.06866e+1,0,0,0,0,0,2.47394e+0,6.00144e-1,7.55664e+0,0,0,0,0,0,7.43334e+2,1.11730e+2,7.39546e+0,6.62948e+0,0,0,0,0,2.18422e+3
"OECD_Europe","LUX","Luxembourg",3.80999e-2,0,1.89474e-1,0,7.46204e-1,6.95009e-4,0,0,1.04333e-1,0,3.72269e+0,0,0,0,0,0,0,3.19270e-1,0,0,0,0,0,0,0,0,0,0,0,0,0,0,0,1.47589e+1,3.23652e+1,0,0,0,0,0,0,1.33008e-2,0,3.35976e-1,0,0,0,0,0,3.36027e+0,4.04962e-1,0,1.45454e-2,0,0,0,0,5.63740e+1
"OECD_Europe","NLD","Netherlands",1.79072e+0,3.47697e-1,5.73426e-1,9.83896e-4,7.16739e+0,4.86505e-3,4.98229e-2,0,9.14469e+0,4.23084e+0,3.02079e+2,0,0,0,0,0,3.14698e+0,2.82800e-1,0,0,0,0,0,0,0,0,0,0,0,0,0,0,0,3.73964e+2,1.80377e+2,0,0,0,0,0,0,2.40315e-1,0,2.26822e-2,0,0,0,0,0,5.29071e+2,3.94588e+1,0,9.75000e-1,0,0,0,0,1.45293e+3
"OECD_Europe","NOR","Norway",1.94728e-1,5.07781e-1,8.36243e-1,1.90499e-3,2.70597e+0,6.08133e-3,1.95189e-1,0,9.35337e+0,4.86206e+0,3.57277e+2,0,0,0,0,0,2.24335e+0,1.10565e+0,0,0,0,0,0,0,0,0,0,0,0,0,0,0,0,8.84940e+1,1.70486e+1,0,0,0,0,0,0,1.15975e-1,0,0,0,0,0,0,0,1.75688e+2,4.51548e+1,8.91346e+0,7.84480e-1,0,0,0,0,7.15489e+2
"OECD_Europe","PRT","Portugal",2.67976e-1,4.33097e-2,1.85632e+0,1.21417e-3,3.84279e+0,9.55637e-3,1.43607e-2,0,2.00621e+1,3.35839e+0,3.79861e+0,0,0,0,0,0,1.17816e-1,2.87700e-2,0,0,0,0,0,0,0,0,0,0,0,0,0,0,0,1.45773e+2,5.70507e+1,3.45286e+0,0,0,0,0,0,1.58280e-1,0,2.95728e+0,0,0,0,0,0,1.92652e+2,5.18958e+1,3.35473e-1,2.94800e-1,0,0,0,0,4.87972e+2
"OECD_Europe","SWE","Sweden",2.16848e+0,4.60263e-2,5.30829e+0,5.92431e-3,5.59804e+0,6.42884e-3,2.08084e-2,0,1.73934e+1,2.66807e+0,2.37722e+1,0,0,0,0,0,2.03961e-1,2.39996e-1,0,0,0,0,0,0,0,0,0,0,0,0,0,0,0,1.30049e+2,3.57305e+1,0,0,0,0,0,0,4.41098e-1,6.28464e-1,2.50176e-1,0,0,0,0,0,1.19287e+2,1.99215e+2,4.17092e-2,8.20076e-1,0,0,0,0,5.43894e+2
"Central Europe","ALB","Albania",0,5.44283e-3,1.65379e-2,0,1.39937e-1,0,0,0,1.23252e+1,6.57120e-1,1.18586e+1,0,0,0,0,0,0,3.91600e-2,0,0,0,0,0,0,0,0,0,0,0,0,0,0,0,6.79251e+1,9.07304e+0,3.66212e-2,0,0,0,0,0,2.13245e-1,0,7.10568e-1,0,0,0,0,0,3.45217e+0,5.16840e+0,1.27805e-2,4.39400e-3,0,0,0,0,1.11638e+2
"Central Europe","BGR","Bulgaria",3.47437e-1,1.97073e-2,2.22424e-1,2.09339e-5,1.52053e+0,1.94958e-2,8.79228e-4,1.25604e-4,1.48722e+1,3.21473e+1,6.22652e+0,0,0,0,0,0,1.17905e-1,1.45940e-1,0,0,0,0,0,0,0,0,0,0,0,0,0,0,0,1.33540e+2,2.43698e+1,8.16130e-1,0,0,0,0,0,1.75593e+0,0,1.63428e+0,0,0,0,0,0,4.18994e+2,3.17715e+1,0,0,0,0,0,0,6.68522e+2
"Central Europe","BIH","Bosnia and Herzegovina",5.63962e-2,0,3.22802e-2,6.69888e-4,1.81214e-1,1.91127e-3,0,0,1.62176e+1,6.83412e+1,3.81501e+0,0,0,0,0,0,8.46670e-4,1.32000e-3,0,0,0,0,0,0,0,0,0,0,0,0,0,0,0,5.30803e+1,9.32735e+0,0,0,0,0,0,0,2.83910e-1,0,0,0,0,0,0,0,4.42791e+0,6.62499e+0,1.33448e-2,6.44220e-3,0,0,0,0,1.62413e+2
"Central Europe","CYP","Cyprus",1.70387e-4,1.27025e-3,4.83994e-2,0,2.28854e-1,0,0,0,1.30000e-1,9.14500e-2,2.06899e-1,0,0,0,0,0,0,0,0,0,0,0,0,0,0,0,0,0,0,0,0,0,0,8.00465e+0,3.64631e+0,0,0,0,0,0,0,1.69402e-2,0,0,0,0,0,0,0,7.23580e+0,3.45352e+0,0,0,0,0,0,0,2.30643e+1
"Central Europe","CZE","Czech Republic",6.19692e-1,4.24180e-2,2.41884e+0,0,2.31177e+0,0,0,2.47021e-3,7.01841e+1,1.32820e+2,1.10321e+1,0,0,0,0,0,2.03158e-1,4.16150e-1,0,0,0,0,0,0,0,0,0,0,0,0,0,0,0,2.49325e+2,4.24540e+1,0,0,0,0,0,0,1.99218e+0,0,4.42344e+0,0,0,0,0,0,8.45267e+1,3.77346e+1,0,3.64252e-1,0,0,0,0,6.40871e+2
"Central Europe","EST","Estonia",1.21011e-1,8.68761e-4,6.64110e-2,0,3.61156e-1,6.24880e-3,1.46538e-3,0,6.77104e+0,1.19218e+1,9.46366e+0,0,0,0,0,0,0,0,0,0,0,0,0,0,0,0,0,0,0,0,0,0,0,4.99599e+1,7.75556e+0,2.18681e+0,0,0,0,0,0,2.25465e-1,0,0,0,0,0,0,0,1.94338e+1,5.33820e+0,0,3.31280e-2,0,0,0,0,1.13647e+2
"Central Europe","HRV","Croatia",1.19850e-1,7.20324e-2,9.80151e-2,6.90822e-4,8.05111e-1,5.90759e-3,1.17230e-2,3.39132e-3,8.47888e+0,2.04416e+0,7.69626e+1,0,0,0,0,0,5.54968e-2,8.50696e-2,0,0,0,0,0,0,0,0,0,0,0,0,0,0,0,5.59512e+1,1.25448e+1,0,0,0,0,0,0,7.46814e-1,0,9.56592e-1,0,0,0,0,0,1.99320e+1,1.69121e+1,0,0,0,0,0,0,1.95786e+2
"Central Europe","HUN","Hungary",3.24202e-1,4.46254e-2,2.70260e-1,0,2.46512e+0,1.92865e-2,1.46538e-3,0,2.50579e+1,1.74142e+1,4.01677e+1,0,0,0,0,0,9.15120e-2,1.26260e-1,0,0,0,0,0,0,0,0,0,0,0,0,0,0,0,1.37827e+2,3.80844e+1,1.26866e+0,0,0,0,0,0,2.42587e+0,0,1.43184e+0,0,0,0,0,0,8.76959e+1,3.55639e+1,2.03400e-2,0,0,0,0,0,3.90300e+2
"Central Europe","LTU","Lithuania",6.98862e-2,2.16038e-2,1.03925e-1,0,8.95525e-1,2.05027e-2,2.93076e-4,0,1.52430e+1,1.73910e-2,5.75687e+1,0,0,0,0,0,7.52815e-2,0,0,0,0,0,0,0,0,0,0,0,0,0,0,0,0,1.35631e+2,2.06740e+1,0,0,0,0,0,0,8.31756e-1,0,1.18946e+0,0,0,0,0,0,4.14624e+1,9.15018e+0,7.99575e-4,0,0,0,0,0,2.82955e+2
"Central Europe","LVA","Latvia",1.10448e-1,7.53624e-4,1.02543e-1,0,1.04903e+0,1.49427e-2,2.93076e-4,9.62964e-4,2.84912e+1,7.31600e-2,5.02795e+1,0,0,0,0,0,0,0,0,0,0,0,0,0,0,0,0,0,0,0,0,0,0,1.00666e+2,1.38714e+1,0,0,0,0,0,0,4.05137e-1,0,1.84838e-1,0,0,0,0,0,2.15310e+1,6.62379e+0,1.90352e-5,0,0,0,0,0,2.23405e+2
"Central Europe","MKD","Macedonia, the former Yugoslav Republic of",5.40935e-2,0,6.37231e-2,0,3.17768e-1,7.12385e-3,0,0,6.61300e+0,7.95170e+0,2.70457e-1,0,0,0,0,0,3.62524e-2,2.79136e-2,0,0,0,0,0,0,0,0,0,0,0,0,0,0,0,3.62295e+1,4.67503e+0,1.34452e+0,0,0,0,0,0,1.55765e-1,0,5.17272e-1,0,0,0,0,0,4.58761e+0,7.14517e+0,1.68297e-2,4.88856e-3,0,0,0,0,7.00186e+1
"Central Europe","MLT","Malta",6.07266e-3,0,0,0,1.36493e-1,0,0,0,1.13044e-2,0,0,0,0,0,0,0,0,0,0,0,0,0,0,0,0,0,0,0,0,0,0,0,0,1.70505e+0,7.91859e-1,0,0,0,0,0,0,9.83075e-4,0,0,0,0,0,0,0,6.50122e+0,4.20155e-1,0,0,0,0,0,0,9.57314e+0
"Central Europe","POL","Poland",1.96064e+0,1.46683e-1,2.80772e+0,0,6.59128e+0,4.75598e-2,6.44767e-3,0,3.18959e+2,2.35946e+3,1.74460e+2,0,0,0,0,0,1.92996e-1,7.15844e-1,0,0,0,0,0,0,0,0,0,0,0,0,0,0,0,6.77302e+2,1.40546e+2,0,0,0,0,0,0,6.52580e+0,0,3.03408e+0,0,0,0,0,0,3.38482e+2,1.11554e+2,2.62696e-1,4.13924e-1,0,0,0,0,4.14347e+3
"Central Europe","ROU","Romania",1.37770e+0,1.53855e-1,4.82437e-1,6.28019e-5,1.75241e+0,6.07088e-2,3.89791e-2,1.54912e-3,3.11135e+1,6.59824e+1,5.28371e+2,0,0,0,0,0,5.99983e-1,4.22308e-1,0,0,0,0,0,0,0,0,0,0,0,0,0,0,0,4.03569e+2,9.38496e+1,3.13896e+0,0,0,0,0,0,4.51739e+0,0,0,0,0,0,0,0,1.05543e+2,6.25633e+1,1.60317e-2,0,0,0,0,0,1.30355e+3
"Central Europe","SCG","Serbia and Montenegro",3.20679e-1,0,1.57717e-1,0,6.38364e-1,0,0,0,3.40309e+1,5.58477e+1,8.97862e+1,0,0,0,0,0,3.78967e-2,1.26000e-1,0,0,0,0,0,0,0,0,0,0,0,0,0,0,0,2.01046e+2,4.53439e+1,0,0,0,0,0,0,2.15765e+0,0,0,0,0,0,0,0,1.36742e+1,2.78392e+1,4.91522e-2,1.39491e-2,0,0,0,0,4.71069e+2
"Central Europe","SVK","Slovakia",2.03596e-1,1.58711e-1,4.23687e-1,0,7.00845e-1,0,0,0,3.68379e+0,5.86147e+0,3.41361e+1,0,0,0,0,0,7.73349e-2,3.59110e-1,0,0,0,0,0,0,0,0,0,0,0,0,0,0,0,1.11614e+2,1.91822e+1,0,0,0,0,0,0,9.52259e-1,0,4.21104e-1,0,0,0,0,0,2.85354e+1,3.23740e+1,0,8.56000e-2,0,0,0,0,2.38769e+2
"Central Europe","SVN","Slovenia",6.65689e-2,5.07065e-4,1.37796e-1,2.09339e-5,1.43618e+0,2.25878e-3,0,0,8.08334e+0,3.23509e+1,2.44212e+0,0,0,0,0,0,1.92800e-1,2.31000e-2,0,0,0,0,0,0,0,0,0,0,0,0,0,0,0,4.82056e+1,7.71591e+0,0,0,0,0,0,0,1.28619e-1,0,0,0,0,0,0,0,1.98698e+1,8.83369e+0,0,4.69884e-6,0,0,0,0,1.29489e+2
"Turkey","TUR","Turkey",6.71285e-1,7.66340e-2,1.24549e+0,8.10146e-3,5.76939e+0,3.74698e-2,6.77005e-2,1.29791e-3,1.47269e+2,1.68834e+2,5.43748e+1,0,0,0,0,0,4.02232e-1,4.16521e-1,0,0,0,0,0,0,0,0,0,0,0,0,0,0,0,9.34174e+2,1.84734e+2,1.66769e+1,0,0,0,0,0,3.32604e+1,0,1.82503e+0,0,0,0,0,0,3.51581e+2,2.93797e+2,0,6.69632e-1,0,0,0,0,2.19589e+3
"Ukraine +","BLR","Belarus",8.30370e-1,1.92593e-2,2.27829e-1,9.90178e-3,1.95376e+0,1.35076e-1,1.02577e-2,3.64252e-3,2.70994e+1,8.04760e-2,1.83563e+1,0,0,0,0,0,2.15449e-2,0,0,0,0,0,0,0,0,0,0,0,0,0,0,0,0,4.98424e+2,7.71847e+1,0,0,0,0,0,0,2.06159e+0,0,3.53496e-2,0,0,0,0,0,1.36397e+2,2.57963e+1,0,7.17560e-2,0,0,0,0,7.88718e+2
"Ukraine +","MDA","Moldova, Republic of",9.47108e-2,0,3.47525e-2,0,3.32109e-1,1.44151e-2,0,6.02900e-3,3.50552e+0,4.83600e-3,6.94386e+1,0,0,0,0,0,0,0,0,0,0,0,0,0,0,0,0,0,0,0,0,0,0,8.80845e+1,1.82129e+1,0,0,0,0,0,0,9.84271e-1,0,7.17192e-2,0,0,0,0,0,5.85700e+0,1.61683e+1,2.08557e-2,4.55644e-3,0,0,0,0,2.02835e+2
"Ukraine +","UKR","Ukraine",3.07581e+0,3.11507e-1,4.18859e+0,2.30274e-4,6.19247e+0,7.12385e-2,0,1.17021e-1,1.00419e+2,7.26831e+2,1.97491e+3,0,0,0,0,0,1.28053e+0,4.25560e+0,0,0,0,0,0,0,0,0,0,0,0,0,0,0,0,1.77556e+3,2.85419e+2,8.56183e+0,0,0,0,0,0,1.42319e+1,0,1.47019e+0,0,0,0,0,0,3.06170e+2,1.45844e+2,0,2.77182e-1,0,0,0,0,5.35919e+3
"Asia-Stan","KAZ","Kazakhstan",6.93103e-1,2.34352e-1,5.66340e+0,1.86027e-3,2.97983e+0,7.17597e-2,1.75846e-3,0,5.24160e+0,9.84889e+2,4.66828e+2,0,0,0,0,0,1.04190e-2,9.67436e-1,0,0,0,0,0,0,0,0,0,0,0,0,0,0,0,1.01278e+3,7.01605e+1,2.99666e+1,0,0,0,0,0,7.98771e+0,2.99002e+1,1.69930e+2,0,0,0,0,0,1.09124e+2,5.11978e+1,0,2.90131e-1,0,0,0,0,2.94891e+3
"Asia-Stan","KGZ","Kyrgyzstan",1.96905e-2,0,1.68937e-1,3.55878e-4,2.99304e-1,0,0,0,6.32836e-1,9.83024e+0,9.71884e+0,0,0,0,0,0,0,0,0,0,0,0,0,0,0,0,0,0,0,0,0,0,0,1.66814e+2,7.98494e+0,6.87307e-1,0,0,0,0,0,4.69423e-1,1.21546e-1,7.02504e+0,0,0,0,0,0,5.97794e+0,2.45655e+1,0,3.97449e-2,0,0,0,0,2.34356e+2
"Asia-Stan","TJK","Tajikistan",2.29018e-2,0,0,0,1.86488e+0,0,0,0,1.93200e+0,2.55856e+0,2.00458e+1,0,0,0,0,0,0,0,0,0,0,0,0,0,0,0,0,0,0,0,0,0,0,1.08602e+2,8.89662e+0,3.40905e+0,0,0,0,0,0,1.07098e-1,0,5.88312e-2,0,0,0,0,0,6.25073e+0,2.49605e+1,0,2.95900e-2,0,0,0,0,1.78739e+2
"Asia-Stan","TKM","Turkmenistan",1.14216e-1,1.36364e-1,0,0,6.34452e-1,0,0,0,2.51103e+0,0,1.01581e+3,0,0,0,0,0,3.63000e-4,0,0,0,0,0,0,0,0,0,0,0,0,0,0,0,0,1.27902e+2,1.14739e+1,1.06120e+1,0,0,0,0,0,3.17429e-1,2.89723e-2,2.30890e-1,0,0,0,0,0,8.31510e+0,2.32757e+1,0,6.40000e-2,0,0,0,0,1.20143e+3
"Asia-Stan","UZB","Uzbekistan",6.39073e-1,1.39387e-1,0,1.25604e-3,2.91989e+0,0,0,0,1.27810e+1,5.97134e+0,8.65371e+2,0,0,0,0,0,0,0,0,0,0,0,0,0,0,0,0,0,0,0,0,0,0,4.76483e+2,4.04718e+1,4.97610e+1,0,0,0,0,0,7.45090e-1,2.81986e-2,1.03032e+0,0,0,0,0,0,2.58494e+1,1.06006e+2,0,2.15428e-1,0,0,0,0,1.58841e+3
"Russia +","ARM","Armenia",1.02577e-2,0,6.98357e-2,0,3.67263e-1,0,0,0,1.71450e-1,0,5.00484e+1,0,0,0,0,0,0,0,0,0,0,0,0,0,0,0,0,0,0,0,0,0,0,4.20651e+1,5.57989e+0,0,0,0,0,0,0,1.11629e-1,0,4.99584e-2,0,0,0,0,0,1.08809e+1,4.92447e+0,0,5.22220e-2,0,0,0,0,1.14331e+2
"Russia +","AZE","Azerbaijan",1.06930e-1,1.30209e-2,1.62950e-1,0,1.28413e+0,2.68374e-3,0,2.55395e-3,9.35960e-1,0,2.28345e+2,0,0,0,0,0,1.00680e-2,0,0,0,0,0,0,0,0,0,0,0,0,0,0,0,0,1.47729e+2,2.49647e+1,3.72253e-1,0,0,0,0,0,3.91321e-1,0,5.09352e-2,0,0,0,0,0,2.15324e+1,4.53466e+1,0,1.07694e-1,0,0,0,0,4.71359e+2
"Russia +","GEO","Georgia",4.52467e-2,0,1.01367e-1,0,3.70376e-1,1.46748e-3,0,1.33978e-3,3.35030e+1,1.55355e+0,5.68205e+1,0,0,0,0,0,0,1.65000e-1,0,0,0,0,0,0,0,0,0,0,0,0,0,0,0,8.05944e+1,1.47304e+1,0,0,0,0,0,0,1.26485e-1,0,1.49743e-1,0,0,0,0,0,2.05421e+1,1.20704e+1,0,6.03688e-2,0,0,0,0,2.20836e+2
"Russia +","RUS","Russian Federation",1.71237e+1,1.94689e+0,6.30952e+0,1.29542e-1,3.58727e+1,6.72596e-1,6.15166e-1,1.63867e+0,6.98352e+2,2.25143e+3,1.54222e+4,0,0,0,0,0,6.12612e+0,4.39806e+0,0,0,0,0,0,0,0,0,0,0,0,0,0,0,0,4.37423e+3,7.03635e+2,9.71581e+1,0,0,0,0,0,3.33267e+1,9.22224e+1,3.48168e+2,0,0,0,0,0,1.32305e+3,9.45237e+2,0,0,0,0,0,0,2.63639e+4
"Middle_East","ARE","United Arab Emirates",8.84611e-1,3.81835e-2,6.42004e-1,0,2.17598e+0,0,0,0,3.36265e-1,1.56736e-1,6.63730e+2,0,0,0,0,0,0,0,0,0,0,0,0,0,0,0,0,0,0,0,0,0,0,1.46577e+1,8.60625e-1,0,0,0,0,0,0,8.55417e-4,0,0,0,0,0,0,0,1.35904e+1,9.46870e+0,0,1.60316e-1,0,0,0,0,7.06702e+2
"Middle_East","BHR","Bahrain",2.49009e-1,1.34389e-1,6.39743e-2,0,3.44732e-1,0,0,0,1.63286e-2,1.71120e-2,8.19145e+1,0,0,0,0,0,8.30875e-1,0,0,0,0,0,0,0,0,0,0,0,0,0,0,0,0,8.64824e-1,3.07938e-2,0,0,0,0,0,0,1.43486e-5,0,0,0,0,0,0,0,3.42374e+0,4.12411e+0,0,3.11790e-2,0,0,0,0,9.20456e+1
"Middle_East","IRN","Iran, Islamic Republic of",1.07019e+0,2.49633e-1,1.51499e+0,0,1.30822e+1,0,0,0,1.37392e+1,2.46061e+1,1.61483e+3,0,0,0,0,0,1.67764e-1,0,0,0,0,0,0,0,0,0,0,0,0,0,0,0,0,7.18939e+2,2.80055e+1,1.54505e+2,0,0,0,0,0,0,0,1.12207e-2,0,0,0,0,0,1.34083e+2,2.88711e+2,0,1.62532e+0,0,0,0,0,2.99514e+3
"Middle_East","IRQ","Iraq",2.31236e-1,7.05659e-2,5.51025e-1,0,4.47440e+0,0,0,0,8.00935e-1,1.28030e+0,3.09020e+2,0,0,0,0,0,8.58000e-3,0,0,0,0,0,0,0,0,0,0,0,0,0,0,0,0,1.17787e+2,4.59230e+0,2.89039e+1,0,0,0,0,0,2.44094e+0,0,1.21178e+0,0,0,0,0,0,7.02370e+1,7.30713e+1,0,3.60642e-1,0,0,0,0,6.15042e+2
"Middle_East","ISR","Israel",1.14012e-1,5.89052e-2,9.33238e-2,0,2.03499e+0,0,0,0,6.72609e-1,3.49116e-1,3.69257e+0,0,0,0,0,0,1.43825e-1,0,0,0,0,0,0,0,0,0,0,0,0,0,0,0,0,3.60714e+1,1.74353e+0,0,0,0,0,0,0,1.80857e-1,0,0,0,0,0,0,0,3.56317e+1,2.03864e+1,0,3.37216e-1,0,0,0,0,1.01510e+2
"Middle_East","JOR","Jordan",2.11736e-2,1.16149e-2,5.01159e-2,0,7.39695e-1,0,0,0,4.46789e-1,1.45864e+0,4.65924e+0,0,0,0,0,0,0,0,0,0,0,0,0,0,0,0,0,0,0,0,0,0,0,2.23115e+1,1.09284e+0,0,0,0,0,0,0,7.61487e-2,0,0,0,0,0,0,0,1.00795e+1,1.51739e+1,0,1.22933e-1,0,0,0,0,5.62441e+1
"Middle_East","KWT","Kuwait",1.47805e-1,2.35309e-1,1.41848e-1,0,1.56892e+0,0,0,0,2.20017e-1,2.06770e-1,3.73580e+2,0,0,0,0,0,1.25400e-1,0,0,0,0,0,0,0,0,0,0,0,0,0,0,0,0,1.74206e+0,5.42113e-2,0,0,0,0,0,0,9.21955e-4,0,0,0,0,0,0,0,1.67969e+1,1.02144e+1,0,1.19974e-1,0,0,0,0,4.05155e+2
"Middle_East","LBN","Lebanon",0,0,8.48244e-2,0,1.49280e+0,0,0,0,1.32923e+0,1.18885e+0,7.94500e-1,0,0,0,0,0,0,0,0,0,0,0,0,0,0,0,0,0,0,0,0,0,0,8.18989e+0,8.40526e-1,0,0,0,0,0,0,8.01141e-2,0,0,0,0,0,0,0,1.10675e+1,1.19756e+1,0,9.51688e-2,0,0,0,0,3.71390e+1
"Middle_East","OMN","Oman",2.97096e-1,6.50629e-2,1.20956e-1,0,7.78631e-1,0,0,0,2.38190e-1,1.90867e-1,2.83730e+2,0,0,0,0,0,0,0,0,0,0,0,0,0,0,0,0,0,0,0,0,0,0,1.69336e+1,7.32192e-1,0,0,0,0,0,0,3.64288e-3,0,0,0,0,0,0,0,6.13509e+0,8.55846e+0,0,8.89124e-2,0,0,0,0,3.17873e+2
"Middle_East","QAT","Qatar",4.11479e-1,2.14825e-1,6.29276e-2,2.17714e-3,4.16474e-1,0,0,0,3.13957e-2,2.57920e-2,2.15586e+2,0,0,0,0,0,1.16028e-1,0,0,0,0,0,0,0,0,0,0,0,0,0,0,0,0,4.04592e+0,2.63111e-1,0,0,0,0,0,0,2.64327e-3,0,0,0,0,0,0,0,3.98064e+0,8.14896e+0,0,3.81528e-2,0,0,0,0,2.33346e+2
"Middle_East","SAU","Saudi Arabia",3.61802e+0,1.16020e+0,6.55779e-1,1.15577e-2,1.17990e+1,0,0,0,3.25106e-1,1.17155e+0,1.50085e+3,0,0,0,0,0,4.90540e+0,0,0,0,0,0,0,0,0,0,0,0,0,0,0,0,0,8.99979e+1,4.73729e+0,0,0,0,0,0,0,3.06092e+0,0,0,0,0,0,0,0,9.09812e+1,7.83595e+1,0,8.88392e-1,0,0,0,0,1.79252e+3
"Middle_East","SYR","Syrian Arab Republic",1.15527e-1,3.26148e-2,3.10618e-1,0,1.98908e+0,0,0,0,6.46377e+0,9.14500e-2,3.10457e+2,0,0,0,0,0,0,0,0,0,0,0,0,0,0,0,0,0,0,0,0,0,0,9.01664e+1,3.32941e+0,5.25527e-3,0,0,0,0,0,3.51426e+0,0,1.76280e-1,0,0,0,0,0,2.44117e+1,4.73588e+1,0,2.42084e-1,0,0,0,0,4.88664e+2
"Middle_East","YEM","Yemen",1.01086e-2,7.11076e-3,0,0,1.52354e+0,0,0,0,2.81184e+0,4.66395e+0,2.59694e+1,0,0,0,0,0,0,0,0,0,0,0,0,0,0,0,0,0,0,0,0,0,0,1.00902e+2,4.50561e+0,0,0,0,0,0,0,6.31226e-1,0,0,0,0,0,0,0,5.45144e+0,4.93524e+1,0,7.75324e-2,0,0,0,0,1.95906e+2
"India +","AFG","Afghanistan",2.02935e-3,0,7.39118e-2,1.61122e-4,2.04210e-1,0,1.26338e-3,1.96647e-4,7.86729e+0,6.55258e+0,1.18661e+1,0,0,0,0,0,0,0,0,0,0,0,0,0,0,0,0,0,0,0,0,0,0,1.88914e+2,9.54321e+0,4.41411e+1,0,0,0,0,0,4.59669e-1,0,0,0,0,0,0,0,8.17474e+0,7.80456e+1,0,1.00885e-1,0,0,0,0,3.55947e+2
"India +","BGD","Bangladesh",1.48737e-1,3.49951e-3,4.76039e-2,0,4.36128e-1,1.47689e-2,3.42899e-2,0,1.62530e+2,2.43614e+1,1.10567e+2,0,0,0,0,0,0,0,0,0,0,0,0,0,0,0,0,0,0,0,0,0,0,7.59870e+2,7.05172e+1,2.27462e+3,0,0,0,0,2.44224e-1,1.15210e+1,1.83831e+1,0,0,0,0,0,0,1.10945e+2,4.94926e+2,0,0,0,0,0,0,4.03918e+3
"India +","BTN","Bhutan",3.96104e-4,0,7.48559e-3,2.60884e-4,1.29869e-2,0,1.20309e-4,1.92210e-5,1.40366e+1,1.51693e+1,5.71632e-3,0,0,0,0,0,0,0,0,0,0,0,0,0,0,0,0,0,0,0,0,0,0,1.24577e+1,1.29752e+0,6.55810e+0,0,0,0,0,0,2.04029e-1,0,0,0,0,0,0,0,3.85204e-1,6.66918e+0,0,3.48450e-3,0,0,0,0,5.68081e+1
"India +","IND","India",3.16519e+0,4.19917e-1,1.20937e+1,0,1.65904e+1,3.39732e-1,1.62071e-1,4.14494e-3,1.74516e+3,1.22319e+3,4.03595e+2,0,0,0,0,0,8.16911e-1,1.56563e+0,0,0,0,0,0,0,0,0,0,0,0,0,0,0,0,1.21241e+4,1.04969e+3,4.28211e+3,0,0,0,0,2.55288e+1,2.16299e+2,6.98496e+1,5.11128e-1,0,0,0,0,0,6.54301e+2,3.29632e+3,0,2.52762e+1,4.50000e+1,0,0,0,2.51961e+4
"India +","IOT","British Indian Ocean Territory",0,0,0,0,0,0,0,0,0,0,0,0,0,0,0,0,0,0,0,0,0,0,0,0,0,0,0,0,0,0,0,0,0,0,0,0,0,0,0,0,0,0,0,0,0,0,0,0,0,0,0,0,0,0,0,0,0,0,
"India +","LKA","Sri Lanka",2.05237e-3,3.43317e-3,7.44958e-1,1.61191e-3,5.92056e-1,5.03881e-3,0,0,3.53156e+1,1.00595e+0,4.80967e-1,0,0,0,0,0,0,0,0,0,0,0,0,0,0,0,0,0,0,0,0,0,0,1.10085e+2,9.41414e+0,2.58465e+2,0,0,0,0,1.57243e-1,2.18369e-1,1.65532e+0,0,0,0,0,0,0,3.30763e+1,8.45010e+1,0,0,0,0,0,0,5.35725e+2
"India +","MDV","Maldives",5.38178e-4,0,1.30628e-3,3.22970e-5,8.49361e-3,0,2.43145e-4,3.98460e-5,1.16675e-2,4.58180e-2,7.19758e-3,0,0,0,0,0,0,0,0,0,0,0,0,0,0,0,0,0,0,0,0,0,0,0,0,0,0,0,0,0,0,8.51762e-3,0,0,0,0,0,0,0,4.14580e-1,7.79147e-1,0,2.75494e-3,0,0,0,0,1.28034e+0
"India +","NPL","Nepal",0,0,6.11274e-2,0,1.06429e-1,0,0,0,5.74836e+1,4.90822e+0,0,0,0,0,0,0,0,0,0,0,0,0,0,0,0,0,0,0,0,0,0,0,0,3.75036e+2,3.24070e+1,3.84913e+2,0,0,0,0,7.83168e-1,8.32424e+0,3.49683e-1,0,0,0,0,0,0,3.16680e+0,8.44336e+1,0,0,0,0,0,0,9.51974e+2
"India +","PAK","Pakistan",3.28683e-1,1.40269e-2,1.02644e+0,0,2.84381e+0,4.27430e-2,0,4.18680e-5,1.37071e+2,5.31223e+1,6.55206e+2,0,0,0,0,0,0,0,0,0,0,0,0,0,0,0,0,0,0,0,0,0,0,2.25594e+3,1.61008e+2,7.85789e+2,0,0,0,0,1.24584e+0,7.68046e+0,8.29124e-2,9.33528e-2,0,0,0,0,0,1.02067e+2,4.74282e+2,0,1.18810e+0,0,0,0,0,4.63903e+3
"Korea","KOR","Korea, Republic of",5.36533e-1,2.44559e-1,3.78191e+0,3.59227e-2,1.15162e+1,5.49056e-2,7.40310e-1,0,6.02406e+1,1.36497e+2,6.21950e+1,0,0,0,0,0,1.17685e+0,2.27450e+0,0,0,0,0,0,0,0,0,0,0,0,0,0,0,0,2.48177e+2,1.74911e+1,4.48863e+2,0,0,0,0,0,4.24134e-1,0,4.14528e-1,0,0,0,0,0,1.07019e+2,3.27128e+2,0,0,0,0,0,0,1.42881e+3
"Korea","PRK","Korea, Democratic People's Republic of",8.52389e-2,1.33977e-3,5.74684e+0,0,8.10220e-1,0,0,0,6.75465e+1,4.15738e+2,3.64674e-1,0,0,0,0,0,0,1.10000e-1,0,0,0,0,0,0,0,0,0,0,0,0,0,0,0,5.93923e+1,9.39948e+0,1.66751e+2,0,0,0,0,0,4.62774e+0,0,4.82784e+1,0,0,0,0,0,3.37202e+1,1.03192e+2,1.70982e-1,0,0,0,0,0,9.15936e+2
"China +","CHN","China",6.60139e+0,2.31687e+0,8.15401e+1,3.05217e-2,3.61756e+1,1.19016e+0,1.00496e+0,4.89856e-3,4.60391e+3,1.15316e+4,9.93587e+2,0,0,0,0,0,7.01498e+0,1.08274e+1,0,0,0,0,0,0,0,0,0,0,0,0,0,0,0,7.44694e+3,1.19730e+3,1.46665e+4,0,0,0,0,7.84008e+0,1.40957e+1,1.72945e+1,8.74584e+1,0,0,0,0,0,1.35438e+3,5.59015e+3,9.92413e+0,3.18218e+0,9.00000e+1,0,0,0,4.77609e+4
"China +","HKG","Hong Kong",2.24035e-1,0,1.17984e-1,0,8.12697e-1,0,0,0,2.75701e-1,0,3.82830e+0,0,0,0,0,0,0,0,0,0,0,0,0,0,0,0,0,0,0,0,0,0,0,0,0,0,0,0,0,0,0,0,0,0,0,0,0,0,0,4.62290e+1,3.02046e+1,2.13052e-1,0,0,0,0,0,8.19053e+1
"China +","MAC","Macao",6.10533e-4,0,3.18599e-3,3.06351e-4,3.01750e-2,0,6.30497e-4,1.01241e-4,3.48464e-2,0,6.88716e-2,0,0,0,0,0,0,0,0,0,0,0,0,0,0,0,0,0,0,0,0,0,0,0,0,0,0,0,0,0,0,0,0,0,0,0,0,0,0,2.81373e+0,1.65101e+0,1.34466e-2,0,0,0,0,0,4.61691e+0
"China +","MNG","Mongolia",6.33917e-2,0,6.33891e-2,9.52174e-4,4.40854e-1,1.92593e-3,2.90657e-3,4.33545e-4,7.58795e+0,3.37728e+1,2.44850e-3,0,0,0,0,0,0,0,0,0,0,0,0,0,0,0,0,0,0,0,0,0,0,2.94919e+2,1.35972e+1,0,0,0,0,0,0,9.99035e-3,5.97696e-1,5.03376e+1,0,0,0,0,0,2.41897e+0,9.28725e+0,1.53247e-2,0,0,0,0,0,4.13120e+2
"China +","TWN","Taiwan_Province of China",3.78165e-1,1.38771e-1,2.36047e+0,3.88740e-3,1.01386e+1,6.25508e-3,8.29404e-2,0,9.30021e-1,8.13140e+0,2.51772e+1,0,0,0,0,0,4.23990e-1,5.83589e-1,0,0,0,0,0,0,0,0,0,0,0,0,0,0,0,2.17555e+1,4.46625e+1,0,0,0,0,0,0,0,0,0,0,0,0,0,0,9.82605e+1,1.04941e+2,4.82258e-1,0,0,0,0,0,3.18457e+2
"Southeastern Asia","BRN","Brunei Darussalam",1.03205e-1,7.77070e-2,1.34396e-2,0,2.67969e-1,0,0,0,4.54556e-2,1.73910e-2,1.54652e+2,0,0,0,0,0,0,0,0,0,0,0,0,0,0,0,0,0,0,0,0,0,0,2.96102e-1,1.02359e-1,9.62230e-2,0,0,0,0,0,4.15711e-3,2.49363e+1,0,0,0,0,0,0,1.57521e+0,1.33628e+0,4.31169e-2,1.21664e-2,0,0,0,0,1.83579e+2
"Southeastern Asia","KHM","Cambodia",6.50832e-4,0,4.31736e-2,1.32227e-3,5.39383e-2,0,4.12489e-4,6.26970e-5,4.67938e+1,2.88709e+0,2.83393e-2,0,0,0,0,0,0,0,0,0,0,0,0,0,0,0,0,0,0,0,0,0,0,1.65018e+2,2.26820e+1,3.73024e+2,0,0,0,0,6.08544e+1,1.42360e+1,0,0,0,0,0,0,0,4.91983e+0,3.87546e+1,1.38984e-1,5.32152e-2,0,0,0,0,7.29490e+2
"Southeastern Asia","LAO","Lao People's Democratic Republic",2.86240e-4,0,1.80132e-2,5.96272e-4,2.68545e-2,0,1.92507e-4,2.92770e-5,2.31564e+1,1.46332e+0,1.79191e-2,0,0,0,0,0,0,0,0,0,0,0,0,0,0,0,0,0,0,0,0,0,0,1.05027e+2,1.33964e+1,8.92249e+1,0,0,0,0,8.21088e+1,5.33594e+0,4.07347e+1,0,0,0,0,0,0,2.19415e+0,1.74311e+1,0,0,0,0,0,0,3.80137e+2
"Southeastern Asia","MMR","Myanmar",9.50271e-2,1.36824e-2,2.14783e-2,0,3.35545e-1,0,8.79228e-4,4.18680e-5,8.96064e+1,2.33172e+1,2.48007e+1,0,0,0,0,0,0,0,0,0,0,0,0,0,0,0,0,0,0,0,0,0,0,5.72704e+2,6.10773e+1,1.25027e+3,0,0,0,0,5.81136e+1,6.14475e+1,1.78269e+3,0,0,0,0,0,0,3.21589e+1,1.96921e+2,0,0,0,0,0,0,4.15357e+3
"Southeastern Asia","MYS","Malaysia",7.17644e-1,4.14074e-1,8.93335e-1,0,5.59807e+0,0,0,0,2.03967e+1,3.75896e+1,4.99999e+2,0,0,0,0,0,1.29771e+0,0,0,0,0,0,0,0,0,0,0,0,0,0,0,0,0,4.79190e+1,2.19981e+1,1.96431e+2,0,0,0,0,4.62096e+1,8.14360e+0,2.20041e+2,0,0,0,0,0,0,6.31193e+1,9.99871e+1,9.15265e-1,1.12217e+0,0,0,0,0,1.27279e+3
"Southeastern Asia","PHL","Philippines",1.71314e-1,1.08112e-1,1.39674e+0,6.28019e-5,1.96013e+0,0,1.37746e-1,0,7.54400e+1,1.02121e+2,4.20800e+0,0,0,0,0,0,1.26378e-3,3.19119e-1,0,0,0,0,0,0,0,0,0,0,0,0,0,0,0,2.92515e+2,5.88824e+1,9.00633e+2,0,0,0,0,6.86592e+0,5.30481e+1,9.93480e+0,0,0,0,0,0,0,1.32680e+2,3.38392e+2,0,2.21874e+0,0,0,0,0,1.98103e+3
"Southeastern Asia","SGP","Singapore",5.01908e-2,1.94340e-1,1.77102e-2,0,7.68741e-1,0,0,0,7.78990e-3,3.20075e+0,3.06877e+1,0,0,0,0,0,1.95312e-1,0,0,0,0,0,0,0,0,0,0,0,0,0,0,0,0,1.80520e-1,5.98642e-1,0,0,0,0,0,1.29862e+0,1.31499e-5,0,0,0,0,0,0,0,8.10379e+0,1.52043e+1,4.43848e+0,0,0,0,0,0,6.49469e+1
"Southeastern Asia","THA","Thailand",7.35504e-1,5.36402e-2,4.61347e+0,0,7.10973e+0,2.08503e-2,8.20616e-2,0,1.27422e+2,4.16289e+2,1.52011e+2,0,0,0,0,0,2.77218e-1,1.73030e-3,0,0,0,0,0,0,0,0,0,0,0,0,0,0,0,7.49054e+2,5.56531e+1,1.93108e+3,0,0,0,0,7.21248e+1,6.16836e+1,2.47962e+1,0,0,0,0,0,0,1.77950e+2,2.72878e+2,2.12116e+0,2.01477e+0,0,0,0,0,4.05797e+3
"Southeastern Asia","TLS","Timor-Leste",0,0,3.28281e-3,0,0,0,0,0,2.38082e-1,0,0,0,0,0,0,0,0,0,0,0,0,0,0,0,0,0,0,0,0,0,0,0,0,8.46618e+0,1.50053e+0,5.19604e+0,0,0,0,0,0,3.99466e-1,0,0,0,0,0,0,0,1.45133e-1,2.75068e+0,3.76976e-3,8.30060e-4,0,0,0,0,1.87040e+1
"Southeastern Asia","VNM","Viet Nam",2.69556e-2,0,6.02858e-1,2.23994e-3,1.66204e+0,1.17230e-3,0,7.15944e-3,1.89467e+2,1.18173e+2,4.62549e+1,0,0,0,0,0,0,0,0,0,0,0,0,0,0,0,0,0,0,0,0,0,0,3.63864e+2,9.79055e+1,1.77213e+3,0,0,0,0,2.80248e+1,5.94540e+1,1.20292e+0,0,0,0,0,0,0,5.25599e+1,3.11084e+2,0,0,0,0,0,0,3.04243e+3
"Indonesia +","IDN","Indonesia",5.13012e-1,1.79556e+0,1.11591e+1,1.82126e-2,9.97091e+0,0,3.08903e-1,0,4.49667e+2,1.87899e+2,1.39097e+3,0,0,0,0,0,2.32383e-2,1.10000e-2,0,0,0,0,0,0,0,0,0,0,0,0,0,0,0,9.69110e+2,1.02074e+2,2.57706e+3,0,0,0,0,7.60920e+1,1.77821e+2,3.43468e+2,0,3.20719e+3,0,0,0,0,4.40549e+2,9.84224e+2,5.58537e+0,6.47624e+0,0,0,0,0,1.09420e+4
"Indonesia +","PNG","Papua New Guinea",7.07321e-3,0,2.24577e-2,8.48671e-4,6.20915e-2,0,2.63992e-3,4.29294e-4,1.93811e+1,3.61243e-1,5.97766e+0,0,0,0,0,0,0,0,0,0,0,0,0,0,0,0,0,0,0,0,0,0,0,6.11720e+0,4.98980e+0,9.62230e-2,0,0,0,0,2.12347e+1,1.54578e-1,4.11278e+1,0,0,0,0,0,0,2.56241e+0,2.18464e+1,7.44302e-2,0,0,0,0,0,1.24019e+2
"Japan","JPN","Japan",7.84933e+0,5.90219e-1,1.46062e+1,6.20693e-2,1.80555e+1,4.91717e-2,1.20835e+0,0,2.19057e+1,2.03963e+2,3.78901e+1,0,0,0,0,0,4.30708e+0,6.92586e+0,0,0,0,0,0,0,0,0,0,0,0,0,0,0,0,5.53890e+2,2.19713e+2,1.14501e+3,0,0,0,0,0,5.66409e-1,9.85008e+0,4.21512e+0,0,0,0,0,0,3.29689e+2,3.27562e+2,1.18306e+2,6.48000e-1,0,0,0,0,3.02686e+3
"Oceania","ASM","American Samoa",0,0,0,0,0,0,0,0,2.59253e-5,0,0,0,0,0,0,0,0,0,0,0,0,0,0,0,0,0,0,0,0,0,0,0,0,1.62360e-2,1.25863e-1,0,0,0,0,0,0,1.18119e-5,0,0,0,0,0,0,0,2.54787e-1,5.93195e-2,0,0,0,0,0,0,4.56243e-1
"Oceania","ATF","French Southern Territories",0,0,0,0,0,0,0,0,0,0,0,0,0,0,0,0,0,0,0,0,0,0,0,0,0,0,0,0,0,0,0,0,0,0,0,0,0,0,0,0,0,0,0,0,0,0,0,0,0,0,0,0,0,0,0,0,0,0,
"Oceania","AUS","Australia",2.07888e+0,4.78511e-1,3.70250e+0,3.06473e-2,2.03858e+1,9.25200e-2,1.31298e-1,5.31724e-3,4.76015e+1,9.15932e+2,3.50359e+2,0,0,0,0,0,1.10935e-1,6.46070e-1,0,0,0,0,0,0,0,0,0,0,0,0,0,0,0,2.71831e+3,1.89196e+2,4.39847e+1,0,0,0,0,3.45960e+2,2.73906e+1,4.19629e+1,8.97504e+1,0,0,0,0,0,5.16577e+2,5.78749e+1,5.52166e-3,0,6.00000e-1,0,0,0,5.37317e+3
"Oceania","CCK","Cocos (Keeling) Islands",0,0,0,0,0,0,0,0,0,0,0,0,0,0,0,0,0,0,0,0,0,0,0,0,0,0,0,0,0,0,0,0,0,0,0,0,0,0,0,0,0,0,0,0,0,0,0,0,0,0,0,0,0,0,0,0,0,0,
"Oceania","COK","Cook Islands",0,0,0,0,0,0,0,0,1.73047e-3,0,0,0,0,0,0,0,0,0,0,0,0,0,0,0,0,0,0,0,0,0,0,0,0,7.66771e-2,7.39444e-2,0,0,0,0,0,0,7.88424e-4,0,0,0,0,0,0,0,0,2.36205e-2,0,0,0,0,0,0,1.76761e-1
"Oceania","CXR","Christmas Island",0,0,0,0,0,0,0,0,0,0,0,0,0,0,0,0,0,0,0,0,0,0,0,0,0,0,0,0,0,0,0,0,0,0,0,0,0,0,0,0,0,0,0,0,0,0,0,0,0,0,0,0,0,0,0,0,0,0,
"Oceania","FJI","Fiji",3.82927e-3,0,4.90991e-3,6.68316e-4,4.76467e-2,0,1.16499e-3,1.87563e-4,5.83802e-1,1.71647e-1,4.95522e-2,0,0,0,0,0,0,0,0,0,0,0,0,0,0,0,0,0,0,0,0,0,0,2.12650e+1,3.35082e+0,2.48574e+0,0,0,0,0,0,1.74644e-1,0,0,0,0,0,0,0,2.41550e+0,2.20980e+0,0,0,0,0,0,0,3.27649e+1
"Oceania","FSM","Micronesia, Federated States of",0,0,0,0,0,0,0,0,0,2.19480e-2,0,0,0,0,0,0,0,0,0,0,0,0,0,0,0,0,0,0,0,0,0,0,0,6.88667e-1,2.65043e-2,2.10210e-2,0,0,0,0,0,0,0,0,0,0,0,0,0,2.34320e-1,1.15617e-1,0,0,0,0,0,0,1.10808e+0
"Oceania","GUM","Guam",0,0,0,0,0,0,0,0,1.15515e-3,0,0,0,0,0,0,0,0,0,0,0,0,0,0,0,0,0,0,0,0,0,0,0,0,1.63311e-2,4.98985e-2,0,0,0,0,0,0,5.26299e-4,0,0,0,0,0,0,0,1.28992e+0,1.03391e+0,0,0,0,0,0,0,2.39174e+0
"Oceania","HMD","Heard Island and McDonald Islands",0,0,0,0,0,0,0,0,0,0,0,0,0,0,0,0,0,0,0,0,0,0,0,0,0,0,0,0,0,0,0,0,0,0,0,0,0,0,0,0,0,0,0,0,0,0,0,0,0,0,0,0,0,0,0,0,0,0,
"Oceania","KIR","Kiribati",6.86610e-5,0,3.36456e-4,5.30099e-5,1.74096e-3,0,2.42410e-5,3.80100e-6,5.88034e-3,2.18550e-2,1.30437e-3,0,0,0,0,0,0,0,0,0,0,0,0,0,0,0,0,0,0,0,0,0,0,9.00000e-3,2.48876e-2,0,0,0,0,0,0,2.20054e-3,0,0,0,0,0,0,0,1.87221e-1,2.58112e-1,0,0,0,0,0,0,5.12688e-1
"Oceania","MHL","Marshall Islands",0,0,0,0,0,0,0,0,0,0,0,0,0,0,0,0,0,0,0,0,0,0,0,0,0,0,0,0,0,0,0,0,0,0,0,0,0,0,0,0,0,0,0,0,0,0,0,0,0,1.96411e-1,6.21913e-2,0,0,0,0,0,0,2.58602e-1
"Oceania","MNP","Northern Mariana Islands",0,0,0,0,0,0,0,0,1.62866e-3,0,0,0,0,0,0,0,0,0,0,0,0,0,0,0,0,0,0,0,0,0,0,0,0,0,1.52587e-5,0,0,0,0,0,0,7.42035e-4,0,0,0,0,0,0,0,2.19878e-1,5.37159e-2,0,0,0,0,0,0,2.75980e-1
"Oceania","NCL","New Caledonia",1.72693e-3,0,4.17654e-3,5.93653e-5,6.36666e-2,0,7.43225e-4,1.15230e-4,1.11610e-1,3.35730e-2,7.66786e-2,0,0,0,0,0,0,0,0,0,0,0,0,0,0,0,0,0,0,0,0,0,0,6.98841e+0,8.38098e-1,0,0,0,0,0,0,1.41954e-3,0,0,0,0,0,0,0,1.49296e+0,2.27428e-1,0,0,0,0,0,0,9.84067e+0
"Oceania","NFK","Norfolk Island",0,0,0,0,0,0,0,0,0,0,0,0,0,0,0,0,0,0,0,0,0,0,0,0,0,0,0,0,0,0,0,0,0,0,0,0,0,0,0,0,0,0,0,0,0,0,0,0,0,0,4.07340e-3,0,0,0,0,0,0,4.07340e-3
"Oceania","NIU","Niue",0,0,0,0,0,0,0,0,1.15369e-4,3.72000e-4,0,0,0,0,0,0,0,0,0,0,0,0,0,0,0,0,0,0,0,0,0,0,0,9.27974e-3,2.19820e-2,0,0,0,0,0,0,5.25633e-5,0,0,0,0,0,0,0,2.29295e-3,3.11022e-3,0,0,0,0,0,0,3.72048e-2
"Oceania","NRU","Nauru",0,0,0,0,0,0,0,0,0,0,0,0,0,0,0,0,0,0,0,0,0,0,0,0,0,0,0,0,0,0,0,0,0,2.80000e-3,8.18133e-3,0,0,0,0,0,0,0,0,0,0,0,0,0,0,7.64811e-2,1.35894e-2,0,0,0,0,0,0,1.01052e-1
"Oceania","NZL","New Zealand",1.67057e-1,3.19892e-2,7.40762e-1,4.98228e-3,3.16990e+0,0,0,8.54106e-3,2.20403e+0,1.05245e+1,2.82131e+1,0,0,0,0,0,1.89635e+0,0,0,0,0,0,0,0,0,0,0,0,0,0,0,0,0,9.98746e+2,9.24340e+1,0,0,0,0,0,0,3.26422e-1,0,0,0,0,0,0,0,9.60785e+1,9.14869e+0,0,0,0,0,0,0,1.24369e+3
"Oceania","PCN","Pitcairn",0,0,0,0,0,0,0,0,0,0,0,0,0,0,0,0,0,0,0,0,0,0,0,0,0,0,0,0,0,0,0,0,0,0,0,0,0,0,0,0,0,0,0,0,0,0,0,0,0,0,1.03560e-3,0,0,0,0,0,0,1.03560e-3
"Oceania","PLW","Palau",0,0,0,0,0,0,0,0,0,0,0,0,0,0,0,0,0,0,0,0,0,0,0,0,0,0,0,0,0,0,0,0,0,0,0,0,0,0,0,0,0,0,0,0,0,0,0,0,0,0,5.70986e-2,0,0,0,0,0,0,5.70986e-2
"Oceania","PYF","French Polynesia",3.18240e-3,0,2.48823e-3,7.84119e-5,6.12401e-2,0,1.05546e-3,1.67523e-4,3.98727e-2,0,5.19624e-2,0,0,0,0,0,0,0,0,0,0,0,0,0,0,0,0,0,0,0,0,0,0,5.73726e-1,4.83716e-1,0,0,0,0,0,0,2.09957e-3,0,0,0,0,0,0,0,1.62944e+0,8.08676e-1,0,0,0,0,0,0,3.65771e+0
"Oceania","SLB","Solomon Islands",9.70443e-4,0,1.78818e-3,7.77524e-5,1.22790e-2,0,2.99369e-4,4.81920e-5,4.97359e-1,7.11450e-2,1.01419e-2,0,0,0,0,0,0,0,0,0,0,0,0,0,0,0,0,0,0,0,0,0,0,5.58326e+1,1.92321e+0,0,0,0,0,0,0,3.60573e-3,0,0,0,0,0,0,0,2.68174e-1,6.11425e-1,0,0,0,0,0,0,5.92332e+1
"Oceania","TKL","Tokelau",0,0,0,0,0,0,0,0,2.22815e-4,0,0,0,0,0,0,0,0,0,0,0,0,0,0,0,0,0,0,0,0,0,0,0,0,1.00000e-3,3.20383e-3,0,0,0,0,0,0,1.01517e-4,0,0,0,0,0,0,0,0,7.35565e-3,0,0,0,0,0,0,1.18838e-2
"Oceania","TON","Tonga",0,0,0,0,2.07974e-2,0,0,0,4.51233e-3,2.06770e-2,6.24284e-3,0,0,0,0,0,0,0,0,0,0,0,0,0,0,0,0,0,0,0,0,0,0,9.34651e-1,1.14173e+0,0,0,0,0,0,0,2.05587e-3,0,0,0,0,0,0,0,2.57079e-1,4.02172e-1,0,0,0,0,0,0,2.78992e+0
"Oceania","TUV","Tuvalu",0,0,0,0,0,0,0,0,0,0,0,0,0,0,0,0,0,0,0,0,0,0,0,0,0,0,0,0,0,0,0,0,0,1.26000e-2,3.73175e-2,0,0,0,0,0,0,0,0,0,0,0,0,0,0,2.04931e-2,7.01248e-2,0,0,0,0,0,0,1.40535e-1
"Oceania","VUT","Vanuatu",2.40336e-4,0,8.12202e-4,3.00404e-5,5.73832e-3,0,1.21415e-4,1.94430e-5,1.17429e-1,2.89850e-2,3.90026e-3,0,0,0,0,0,0,0,0,0,0,0,0,0,0,0,0,0,0,0,0,0,0,9.50817e+0,1.15790e+0,0,0,0,0,0,0,1.38513e-2,0,0,0,0,0,0,0,1.92581e-1,8.59531e-1,0,0,0,0,0,0,1.18893e+1
"Oceania","WLF","Wallis and Futuna",0,0,0,0,0,0,0,0,1.08661e-3,0,0,0,0,0,0,0,0,0,0,0,0,0,0,0,0,0,0,0,0,0,0,0,0,6.64232e-2,7.59984e-2,0,0,0,0,0,0,4.95071e-4,0,0,0,0,0,0,0,0,7.81237e-2,0,0,0,0,0,0,2.22127e-1
"Oceania","WSM","Samoa",3.11292e-4,0,8.66925e-4,2.47103e-4,1.91652e-2,0,1.98513e-4,3.04890e-5,2.50288e-1,2.79620e-2,8.03732e-3,0,0,0,0,0,0,0,0,0,0,0,0,0,0,0,0,0,0,0,0,0,0,1.63375e+0,2.18154e+0,0,0,0,0,0,0,1.21409e-3,0,0,0,0,0,0,0,2.69526e-1,1.00741e+0,0,0,0,0,0,0,5.40056e+0
"Antartica","ATA","Antarctica",0,0,0,0,0,0,0,0,0,0,0,0,0,0,0,0,0,0,0,0,0,0,0,0,0,0,0,0,0,0,0,0,0,0,0,0,0,0,0,0,0,0,0,0,0,0,0,0,0,0,0,0,0,0,0,0,0,0,
"Int. Shipping","SEA","Int. Shipping",0,0,0,0,0,0,0,0,0,0,8.59637e+0,0,3.55410e+1,0,0,0,0,0,0,0,0,0,0,0,0,0,0,0,0,0,0,0,0,0,0,0,0,0,0,0,0,0,0,0,0,0,0,0,0,0,0,0,0,0,0,0,0,4.41374e+1
"Int. Aviation","AIR","Int. Aviation",0,0,0,0,0,0,0,0,0,0,0,2.00843e+0,0,0,0,0,0,0,0,0,0,0,0,0,0,0,0,0,0,0,0,0,0,0,0,0,0,0,0,0,0,0,0,0,0,0,0,0,0,0,0,0,0,0,0,0,0,2.00843e+0

"TOTALS",,,1.66793e+2,4.04756e+1,3.01403e+2,1.92508e+0,7.64457e+2,5.88184e+0,8.96285e+0,2.96676e+0,1.30294e+4,3.17564e+4,5.14808e+4,2.00843e+0,3.55410e+1,0,0,0,9.30627e+1,5.31100e+1,0,0,0,0,0,0,0,0,0,0,0,0,0,0,0,9.07937e+4,1.09116e+4,3.63846e+4,0,0,0,0,6.63213e+3,1.21282e+3,9.35364e+3,1.24875e+3,3.20719e+3,0,0,0,0,2.71678e+4,2.45462e+4,1.94530e+2,1.27617e+2,1.50600e+2,0,0,0,03.09675e+5