"Content:","Emissions by country and main source category" 
"Compound:","CH4"
"Year: ","1984"
"Unit:","Gg CH4"
"Source:","European Commission, Joint Research Centre (JRC)/PBL Netherlands Environmental Assessment Agency. Emission Database for Global Atmospheric Research (EDGAR), release version 4.2. http://edgar.jrc.ec.europe.eu, 2010" 
"Dataset:","v4.2_EM_CH4_300911(edgar)"
"Date calculated:","November 30, 1999, 12:00 am"

,,,"Public electricity and heat production","Other Energy Industries","Manufacturing Industries and Construction","Domestic aviation","Road transportation","Rail transportation","Inland navigation","Other transportation","Residential and other sectors","Fugitive emissions from solid fuels","Fugitive emissions from oil and gas","Memo: International aviation","Memo: International navigation","Cement production","Lime production","Production of other minerals","Production of chemicals","Production of metals","Production of pulp/paper/food/drink","Production of halocarbons and SF6","Refrigeration and Air Conditioning","Foam Blowing","Fire Extinguishers","Aerosols","F-gas as Solvent","Semiconductor/Electronics Manufacture","Electrical Equipment","Other F-gas use","Non-energy use of lubricants/waxes (CO2)","Solvent and other product use: paint","Solvent and other product use: degrease","Solvent and other product use: chemicals","Solvent and other product use: other","Enteric fermentation","Manure management","Rice cultivation","Direct soil emissions","Manure in pasture/range/paddock","Indirect N2O from agriculture","Other direct soil emissions","Savanna burning","Agricultural waste burning","Forest fires","Grassland fires","Peat fires and decay of drained peatland","Other vegetation fires","Other biomass burning","Forest Fires-Post burn decay","Forest Land: net carbon stock change","Solid waste disposal on land","Wastewater handling","Waste incineration","Other waste handling","Fossil fuel fires","Indirect N2O from non-agricultural NOx","Indirect N2O from non-agricultural NH3","Other sources",

"World Region","ISO_A3","Country","1A1a","1A1bc","1A2","1A3a","1A3b","1A3c","1A3d","1A3e","1A4","1B1","1B2","1C1","1C2","2A1","2A2","2A7","2B","2C","2D","2E","2F1","2F2","2F3","2F4","2F5","2F7","2F8","2F9","2G","3A","3B","3C","3D","4A","4B","4C","4D1","4D2","4D3","4D4","4E","4F","5A","5C","5D","5F","5F1","5F2","5FL","6A","6B","6C","6D","7A","7B","7C","7D","TOTAL" 
"Canada","CAN","Canada",1.45968e+0,1.03537e+0,9.36817e+0,6.61096e-2,1.96517e+1,3.46636e-1,4.06790e-1,6.88310e-2,4.54231e+1,9.47435e+1,1.26285e+3,0,0,0,0,0,5.44191e+0,5.84032e-1,0,0,0,0,0,0,0,0,0,0,0,0,0,0,0,6.61673e+2,2.33779e+2,0,0,0,0,0,0,6.47810e+0,4.56850e+1,3.82080e+1,0,0,0,0,0,7.93204e+2,1.61552e+2,5.34769e+0,0,0,0,0,0,3.38737e+3
"USA","SPM","Saint Pierre and Miquelon",0,0,0,0,0,0,0,0,0,0,0,0,0,0,0,0,0,0,0,0,0,0,0,0,0,0,0,0,0,0,0,0,0,4.28630e-4,3.41244e-5,0,0,0,0,0,0,0,0,0,0,0,0,0,0,3.70678e-2,1.02174e-2,7.70647e-4,0,0,0,0,0,4.85186e-2
"USA","UMI","United States Minor Outlying Islands",0,0,0,0,0,0,0,0,0,0,0,0,0,0,0,0,0,0,0,0,0,0,0,0,0,0,0,0,0,0,0,0,0,0,0,0,0,0,0,0,0,0,0,0,0,0,0,0,0,0,0,0,0,0,0,0,0,0,
"USA","USA","United States",1.51065e+1,7.14496e+0,8.31470e+1,1.12495e+0,2.20581e+2,1.96514e+0,1.08409e+0,5.17028e-1,5.93665e+2,3.80522e+3,6.41819e+3,0,0,0,0,0,1.96658e+1,1.97535e+0,0,0,0,0,0,0,0,0,0,0,0,0,0,0,0,6.60106e+3,1.86747e+3,4.37789e+2,0,0,0,0,2.14224e-1,4.61384e+1,1.97045e+1,6.89184e+0,0,0,0,0,0,8.07808e+3,6.93515e+2,0,0,1.50000e+1,0,0,0,2.89353e+4
"Mexico","MEX","Mexico",1.68951e-1,1.05815e+0,4.62336e+0,0,1.69175e+1,0,0,9.71799e-1,7.05322e+1,5.92535e+1,1.43206e+3,0,0,0,0,0,1.12865e+0,4.75119e-1,0,0,0,0,0,0,0,0,0,0,0,0,0,0,0,2.12777e+3,1.52736e+2,2.09225e+1,0,0,0,0,2.77440e+1,2.67679e+1,7.09936e+1,1.55808e-1,0,0,0,0,0,2.13576e+2,3.94023e+2,0,0,0,0,0,0,4.62188e+3
"Rest Central America","ABW","Aruba",2.12843e-3,0,1.06616e-2,2.65249e-6,2.00811e-2,0,0,0,1.70749e-2,9.67600e-3,4.26200e-4,0,0,0,0,0,0,0,0,0,0,0,0,0,0,0,0,0,0,0,0,0,0,3.39370e-2,4.18740e-3,0,0,0,0,0,0,0,0,0,0,0,0,0,0,2.42236e-1,3.09532e-1,0,0,0,0,0,0,6.49944e-1
"Rest Central America","AIA","Anguilla",1.79100e-4,0,8.42400e-4,0,0,0,0,0,3.72000e-5,1.80761e-1,0,0,0,0,0,0,0,0,0,0,0,0,0,0,0,0,0,0,0,0,0,0,0,0,0,0,0,0,0,0,0,0,0,0,0,0,0,0,0,6.25748e-3,3.04107e-2,0,0,0,0,0,0,2.18488e-1
"Rest Central America","ANT","Netherlands Antilles",0,6.25345e-2,4.33335e-2,1.02576e-3,1.79731e-1,0,0,0,2.74235e-2,1.94504e-2,5.27125e+0,0,0,0,0,0,0,0,0,0,0,0,0,0,0,0,0,0,0,0,0,0,0,2.67478e-1,1.39400e-2,0,0,0,0,0,0,0,0,0,0,0,0,0,0,1.22287e+0,7.78935e-1,0,0,0,0,0,0,7.88797e+0
"Rest Central America","ATG","Antigua and Barbuda",3.09068e-3,0,7.54185e-3,8.46000e-6,1.01444e-2,0,9.05170e-5,0,3.50687e-2,0,6.49859e-2,0,0,0,0,0,0,0,0,0,0,0,0,0,0,0,0,0,0,0,0,0,0,1.09943e+0,2.32386e-2,0,0,0,0,0,0,1.50205e-3,0,0,0,0,0,0,0,1.80010e-1,2.84006e-1,0,0,0,0,0,0,1.70911e+0
"Rest Central America","BHS","Bahamas",1.38529e-2,0,2.78058e-2,4.49041e-4,7.37442e-2,0,6.57587e-4,0,3.28327e-1,5.83512e-2,5.93278e-1,0,0,0,0,0,0,0,0,0,0,0,0,0,0,0,0,0,0,0,0,0,0,1.83869e-1,2.40295e-2,0,0,0,0,0,0,1.53326e-2,0,0,0,0,0,0,0,3.46876e+0,1.01996e+0,0,0,0,0,0,0,5.80842e+0
"Rest Central America","BLZ","Belize",5.18120e-3,0,1.86739e-2,3.62199e-6,1.75502e-2,0,1.58235e-4,0,9.53739e-1,4.76912e-2,4.39346e-2,0,0,0,0,0,0,0,0,0,0,0,0,0,0,0,0,0,0,0,0,0,0,2.85592e+0,9.85420e-2,4.18450e-1,0,0,0,0,8.20728e-1,3.23477e-1,0,0,0,0,0,0,0,5.03030e-1,8.56146e-1,0,0,0,0,0,0,6.96323e+0
"Rest Central America","BMU","Bermuda",5.34293e-3,0,6.92892e-3,5.96300e-5,1.23606e-2,0,1.07037e-4,0,9.26940e-2,0,1.02678e-1,0,0,0,0,0,0,0,0,0,0,0,0,0,0,0,0,0,0,0,0,0,0,6.83706e-2,3.87500e-3,0,0,0,0,0,0,4.39917e-5,0,0,0,0,0,0,0,6.22055e-1,2.58644e-1,0,0,0,0,0,0,1.17316e+0
"Rest Central America","BRB","Barbados",8.63964e-3,0,3.00270e-2,2.79459e-5,3.03654e-2,0,2.73105e-4,0,6.85451e-2,2.69944e-2,5.55150e-1,0,0,0,0,0,0,0,0,0,0,0,0,0,0,0,0,0,0,0,0,0,0,1.43194e+0,8.23900e-2,0,0,0,0,0,0,2.40922e-1,0,0,0,0,0,0,0,1.13336e+0,1.44718e+0,0,0,0,0,0,0,5.05581e+0
"Rest Central America","CRI","Costa Rica",5.84084e-3,3.29155e-3,2.52255e-1,0,1.27445e-1,0,0,3.12753e-2,6.54732e+0,1.45140e+0,1.08172e-1,0,0,0,0,0,0,0,0,0,0,0,0,0,0,0,0,0,0,0,0,0,0,1.48409e+2,3.27699e+0,1.20055e+1,0,0,0,0,1.50425e+0,1.16159e+0,0,0,0,0,0,0,0,3.38273e+0,1.21211e+1,0,0,0,0,0,0,1.90388e+2
"Rest Central America","CUB","Cuba",1.19079e+0,1.27602e-2,3.98270e+0,0,1.05216e+0,1.19889e-2,1.02870e-1,0,4.03591e+1,6.86996e+0,3.52470e+0,0,0,0,0,0,0,0,0,0,0,0,0,0,0,0,0,0,0,0,0,0,0,2.94654e+2,9.70131e+0,7.21817e+1,0,0,0,0,1.09111e+1,2.32866e+1,2.38850e+0,0,0,0,0,0,0,4.30330e+1,6.48714e+1,0,0,0,0,0,0,5.78134e+2
"Rest Central America","CYM","Cayman Islands",1.43363e-3,0,2.37271e-3,2.60949e-6,3.78197e-3,0,3.31030e-5,0,2.20780e-2,0,2.20457e-2,0,0,0,0,0,0,0,0,0,0,0,0,0,0,0,0,0,0,0,0,0,0,1.18935e-1,5.81228e-3,0,0,0,0,0,0,3.43289e-6,0,0,0,0,0,0,0,4.46679e-1,8.82877e-2,0,0,0,0,0,0,7.11465e-1
"Rest Central America","DMA","Dominica",2.01631e-3,0,8.65520e-3,9.40499e-7,2.77484e-3,0,2.95050e-5,0,5.11151e-3,2.75848e-2,7.11700e-3,0,0,0,0,0,0,0,0,0,0,0,0,0,0,0,0,0,0,0,0,0,0,5.81048e-1,1.61800e-2,0,0,0,0,0,0,2.28414e-3,0,0,0,0,0,0,0,3.11746e-1,3.88444e-1,0,0,0,0,0,0,1.35299e+0
"Rest Central America","DOM","Dominican Republic",1.29300e-1,0,1.17185e+0,0,4.55237e-1,0,0,1.50725e-3,1.26175e+1,2.05131e+1,4.82481e-1,0,0,0,0,0,0,0,0,0,0,0,0,0,0,0,0,0,0,0,0,0,0,1.29687e+2,3.81074e+0,5.02308e+1,0,0,0,0,1.37210e+0,3.51428e+0,1.08752e+0,0,0,0,0,0,0,1.95938e+1,3.18994e+1,2.80955e-1,0,0,0,0,0,2.76847e+2
"Rest Central America","GLP","Guadeloupe",1.14184e-2,0,4.10895e-2,1.37121e-4,5.14813e-2,0,3.64042e-4,0,3.57386e-1,1.19392e-1,2.11511e-1,0,0,0,0,0,0,0,0,0,0,0,0,0,0,0,0,0,0,0,0,0,0,5.70971e+0,1.54948e-1,0,0,0,0,0,0,1.51010e-1,0,0,0,0,0,0,0,2.19712e+0,1.86929e+0,0,0,0,0,0,0,1.08749e+1
"Rest Central America","GRD","Grenada",2.68791e-3,0,1.08471e-2,5.73949e-6,2.79696e-3,0,2.94000e-5,0,1.03452e-2,9.66944e-2,1.24624e-2,0,0,0,0,0,0,0,0,0,0,0,0,0,0,0,0,0,0,0,0,0,0,4.35429e-1,1.39273e-2,0,0,0,0,0,0,4.12869e-3,0,0,0,0,0,0,0,1.94085e-1,4.42404e-1,0,0,0,0,0,0,1.22584e+0
"Rest Central America","GTM","Guatemala",7.23825e-2,2.25940e-3,2.57028e-1,0,2.69606e-1,0,0,0,2.83009e+1,2.22548e+0,6.99848e-1,0,0,0,0,0,0,0,0,0,0,0,0,0,0,0,0,0,0,0,0,0,0,1.18707e+2,3.17286e+0,2.65682e+0,0,0,0,0,6.37704e+0,2.78215e+0,7.72820e+0,0,0,0,0,0,0,7.74565e+0,3.25524e+1,0,0,0,0,0,0,2.13550e+2
"Rest Central America","HND","Honduras",4.14493e-3,2.42835e-3,3.20374e-1,0,1.13831e-1,0,0,0,1.35864e+1,6.77320e-1,1.09075e-1,0,0,0,0,0,0,0,0,0,0,0,0,0,0,0,0,0,0,0,0,0,0,1.37635e+2,3.76494e+0,2.97232e+0,0,0,0,0,8.46984e+0,1.36209e+0,8.05256e+0,0,0,0,0,0,0,2.70046e+0,1.70695e+1,0,0,0,0,0,0,1.96840e+2
"Rest Central America","HTI","Haiti",8.66668e-3,0,1.87066e-1,0,3.76118e-2,0,0,6.78261e-3,1.37393e+1,2.63187e+1,0,0,0,0,0,0,0,0,0,0,0,0,0,0,0,0,0,0,0,0,0,0,0,8.18811e+1,3.17709e+0,9.13283e+0,0,0,0,0,0,1.35933e+0,0,0,0,0,0,0,0,8.40349e+0,2.76874e+1,0,0,0,0,0,0,1.71939e+2
"Rest Central America","JAM","Jamaica",2.09908e-1,6.69888e-4,9.82223e-2,4.18681e-5,1.70226e-1,0,0,0,1.63969e+0,4.93476e+0,1.34063e-1,0,0,0,0,0,0,0,0,0,0,0,0,0,0,0,0,0,0,0,0,0,0,2.43136e+1,7.78712e-1,2.60701e-1,0,0,0,0,0,7.59704e-1,0,0,0,0,0,0,0,6.83650e+0,1.06019e+1,0,0,0,0,0,0,5.07387e+1
"Rest Central America","KNA","Saint Kitts and Nevis",1.48046e-3,0,4.96944e-3,1.21355e-5,2.79301e-3,0,1.94600e-5,0,1.42643e-1,0,9.98099e-3,0,0,0,0,0,0,0,0,0,0,0,0,0,0,0,0,0,0,0,0,0,0,3.91195e-1,9.88710e-3,0,0,0,0,0,0,8.83701e-2,0,0,0,0,0,0,0,3.58270e-1,2.80699e-1,0,0,0,0,0,0,1.29032e+0
"Rest Central America","LCA","Saint Lucia",3.93456e-3,0,1.46542e-2,1.85250e-6,8.28136e-3,0,5.81350e-5,0,3.21678e-2,2.96184e-2,2.00478e-2,0,0,0,0,0,0,0,0,0,0,0,0,0,0,0,0,0,0,0,0,0,0,8.64735e-1,3.09268e-2,0,0,0,0,0,0,7.71268e-3,0,0,0,0,0,0,0,1.19744e-1,5.66774e-1,0,0,0,0,0,0,1.69866e+0
"Rest Central America","MSR","Montserrat",4.28611e-4,0,1.34911e-3,1.11950e-6,2.03741e-3,0,1.43640e-5,0,3.58459e-3,0,3.95132e-3,0,0,0,0,0,0,0,0,0,0,0,0,0,0,0,0,0,0,0,0,0,0,5.70160e-1,1.23950e-2,0,0,0,0,0,0,3.29457e-5,0,0,0,0,0,0,0,9.01710e-3,4.95632e-2,0,0,0,0,0,0,6.52535e-1
"Rest Central America","MTQ","Martinique",1.11033e-2,0,3.97059e-2,6.32459e-5,2.25607e-2,0,1.58284e-4,0,9.96923e-2,1.28707e-1,1.18650e-1,0,0,0,0,0,0,0,0,0,0,0,0,0,0,0,0,0,0,0,0,0,0,2.95287e+0,9.30900e-2,0,0,0,0,0,0,7.77792e-2,0,0,0,0,0,0,0,3.48219e+0,1.72891e+0,0,0,0,0,0,0,8.75548e+0
"Rest Central America","NIC","Nicaragua",1.52047e-2,7.92928e-4,2.76806e-1,1.46538e-4,1.20595e-1,0,2.63768e-3,0,8.94129e+0,2.32224e+0,1.12567e-1,0,0,0,0,0,0,0,0,0,0,0,0,0,0,0,0,0,0,0,0,0,0,1.34091e+2,4.12417e+0,6.80811e+0,0,0,0,0,8.62056e+0,1.21282e+0,0,0,0,0,0,0,0,1.42831e+1,1.56137e+1,0,0,0,0,0,0,1.96546e+2
"Rest Central America","PAN","Panama",6.22247e-2,5.43641e-3,1.62322e-1,0,2.86854e-1,0,0,1.59517e-2,5.03757e+0,9.67600e-2,4.11302e-1,0,0,0,0,0,0,0,0,0,0,0,0,0,0,0,0,0,0,0,0,0,0,8.87880e+1,1.99406e+0,1.54427e+1,0,0,0,0,1.48534e+0,8.89430e-1,0,0,0,0,0,0,0,5.59641e+0,9.39119e+0,0,0,0,0,0,0,1.29666e+2
"Rest Central America","PRI","Puerto Rico",0,0,0,0,0,0,0,0,0,0,0,0,0,0,0,0,0,0,0,0,0,0,0,0,0,0,0,0,0,0,0,0,0,3.67251e+1,9.66403e-1,9.96309e-2,0,0,0,0,0,3.34231e-1,1.81608e-1,0,0,0,0,0,0,2.31933e+1,1.51363e+1,0,0,0,0,0,0,7.66366e+1
"Rest Central America","SLV","El Salvador",9.81462e-3,1.47708e-3,2.21985e-1,0,1.61849e-1,0,0,0,1.92218e+1,1.93520e-1,1.73024e-1,0,0,0,0,0,0,0,0,0,0,0,0,0,0,0,0,0,0,0,0,0,0,5.16541e+1,1.88672e+0,2.54058e+0,0,0,0,0,1.56293e-1,1.51270e+0,0,0,0,0,0,0,0,9.93142e+0,2.15424e+1,0,0,0,0,0,0,1.09208e+2
"Rest Central America","TCA","Turks and Caicos Islands",2.26530e-4,0,1.06545e-3,0,0,0,0,0,4.70000e-5,3.37840e-3,0,0,0,0,0,0,0,0,0,0,0,0,0,0,0,0,0,0,0,0,0,0,0,0,0,0,0,0,0,0,0,0,0,0,0,0,0,0,0,4.25108e-2,4.18411e-2,0,0,0,0,0,0,8.90693e-2
"Rest Central America","TTO","Trinidad and Tobago",1.37267e-1,9.69202e-2,1.09694e-2,0,5.26879e-1,0,0,0,5.50722e-1,1.40318e-1,1.17518e+2,0,0,0,0,0,4.16026e-1,0,0,0,0,0,0,0,0,0,0,0,0,0,0,0,0,4.32853e+0,2.28660e-1,2.92251e-1,0,0,0,0,0,2.64266e-1,0,0,0,0,0,0,0,7.25994e+0,1.38782e+1,0,0,0,0,0,0,1.45649e+2
"Rest Central America","VCT","Saint Vincent and the Grenadines",2.89244e-3,0,1.21418e-2,7.55500e-7,2.21818e-3,0,1.54770e-5,0,5.57435e-2,2.53544e-2,7.28190e-3,0,0,0,0,0,0,0,0,0,0,0,0,0,0,0,0,0,0,0,0,0,0,5.89940e-1,2.10533e-2,0,0,0,0,0,0,3.17140e-2,0,0,0,0,0,0,0,1.91138e-1,4.53615e-1,0,0,0,0,0,0,1.39311e+0
"Rest Central America","VGB","Virgin Islands_British",5.88931e-4,0,1.50605e-3,1.60250e-6,2.92614e-3,0,2.05590e-5,0,6.49706e-3,2.03360e-3,6.46026e-3,0,0,0,0,0,0,0,0,0,0,0,0,0,0,0,0,0,0,0,0,0,0,5.71973e-1,3.56680e-2,0,0,0,0,0,0,0,0,0,0,0,0,0,0,8.33588e-2,5.40335e-2,0,0,0,0,0,0,7.65067e-1
"Rest Central America","VIR","Virgin Islands_USA",0,0,0,0,0,0,0,0,0,0,0,0,0,0,0,0,0,0,0,0,0,0,0,0,0,0,0,0,0,0,0,0,0,5.58200e-2,1.55620e-2,0,0,0,0,0,0,9.07424e-2,0,0,0,0,0,0,0,7.99565e-1,4.78658e-1,0,0,0,0,0,0,1.44035e+0
"Brazil","BRA","Brazil",8.41037e-1,6.96134e+0,2.55609e+1,3.67601e-2,1.09580e+1,1.02338e-1,6.46819e-1,0,1.96557e+2,8.74699e+2,1.95705e+2,0,0,0,0,0,1.48972e+0,2.37581e+0,0,0,0,0,0,0,0,0,0,0,0,0,0,0,0,7.58027e+3,2.00778e+2,5.12472e+2,0,0,0,0,3.07488e+2,1.16460e+2,1.15876e+3,6.98424e-1,0,0,0,0,0,3.83335e+2,1.19403e+3,5.09989e+0,0,0,0,0,0,1.27753e+4
"Rest South America","ARG","Argentina",4.08942e-1,3.23364e-1,2.28302e+0,1.64123e-2,5.86944e+0,0,4.24960e-2,0,4.80425e+0,3.12495e+1,4.64910e+2,0,0,0,0,0,2.23404e-1,1.27470e-1,0,0,0,0,0,0,0,0,0,0,0,0,0,0,0,3.49569e+3,6.80689e+1,2.12546e+1,0,0,0,0,8.28672e+0,3.09294e+1,2.54560e+1,5.48304e+1,0,0,0,0,0,1.07536e+2,1.92617e+2,0,0,0,0,0,0,4.51493e+3
"Rest South America","BOL","Bolivia",4.37242e-2,2.97263e-2,1.80702e-1,1.90499e-3,3.19490e-1,1.73752e-3,0,0,1.24930e+1,5.80560e-1,9.78040e+1,0,0,0,0,0,0,0,0,0,0,0,0,0,0,0,0,0,0,0,0,0,0,3.36054e+2,8.99655e+0,1.89299e+1,0,0,0,0,8.93976e+1,1.76640e+0,1.93916e+2,0,0,0,0,0,0,8.36521e+0,2.82343e+1,0,0,0,0,0,0,7.97114e+2
"Rest South America","BVT","Bouvet Island",0,0,0,0,0,0,0,0,0,0,0,0,0,0,0,0,0,0,0,0,0,0,0,0,0,0,0,0,0,0,0,0,0,0,0,0,0,0,0,0,0,0,0,0,0,0,0,0,0,0,0,0,0,0,0,0,0,0,
"Rest South America","CHL","Chile",1.17510e-1,8.52386e-2,1.19323e+0,0,1.10758e+0,5.21257e-3,4.07375e-2,0,1.80796e+1,4.01848e+1,5.49661e+1,0,0,0,0,0,0,1.87107e-2,0,0,0,0,0,0,0,0,0,0,0,0,0,0,0,2.90028e+2,6.13200e+0,6.62545e+0,0,0,0,0,0,1.71757e+0,1.31506e+0,2.98224e+0,0,0,0,0,0,2.52735e+1,1.04935e+2,0,0,0,0,0,0,5.54808e+2
"Rest South America","COL","Colombia",2.05709e-1,1.33160e-1,1.63846e+0,0,4.06690e+0,3.03753e-3,1.11369e-2,0,5.21490e+1,3.02700e+1,1.77712e+2,0,0,0,0,0,2.33130e-2,2.17000e-2,0,0,0,0,0,0,0,0,0,0,0,0,0,0,0,1.39072e+3,3.44509e+1,1.18000e+2,0,0,0,0,1.47907e+1,9.49401e+0,6.72445e+1,0,0,0,0,0,0,4.38191e+1,1.42429e+2,0,0,0,0,0,0,2.08718e+3
"Rest South America","ECU","Ecuador",1.42380e-2,5.14671e-2,2.93643e-1,8.37360e-5,1.03719e+0,0,1.45659e-1,0,1.52711e+1,1.44416e+1,5.63258e+1,0,0,0,0,0,5.50800e-5,0,0,0,0,0,0,0,0,0,0,0,0,0,0,0,0,2.22007e+2,9.35663e+0,5.08975e+1,0,0,0,0,7.58160e-1,2.41798e+0,6.91424e-1,0,0,0,0,0,0,9.76416e+0,4.02476e+1,0,0,0,0,0,0,4.23722e+2
"Rest South America","FLK","Falkland Islands (Malvinas)",2.05509e-4,0,2.23074e-4,1.27750e-6,2.75820e-4,0,1.82000e-6,0,3.16818e-3,6.78960e-3,2.19228e-3,0,0,0,0,0,0,0,0,0,0,0,0,0,0,0,0,0,0,0,0,0,0,3.93872e+0,7.76425e-2,0,0,0,0,0,0,0,0,0,0,0,0,0,0,8.69200e-3,8.51485e-3,3.04290e-5,0,0,0,0,0,4.04645e+0
"Rest South America","GUF","French Guiana",3.12570e-3,0,9.89546e-3,5.85679e-5,7.72492e-3,0,5.40260e-5,0,1.58079e-1,1.46977e-1,7.45043e-2,0,0,0,0,0,0,0,0,0,0,0,0,0,0,0,0,0,0,0,0,0,0,7.66647e-1,3.69778e-2,2.60701e-1,0,0,0,0,0,6.67498e-3,4.37267e-1,0,0,0,0,0,0,4.60369e-1,3.97321e-1,1.74173e-3,0,0,0,0,0,2.76812e+0
"Rest South America","GUY","Guyana",2.85488e-2,0,8.94389e-2,7.57874e-5,4.94646e-2,0,3.41908e-4,0,3.45284e+0,1.54160e-3,2.57757e-1,0,0,0,0,0,0,0,0,0,0,0,0,0,0,0,0,0,0,0,0,0,0,6.89163e+0,3.44632e-1,3.59969e+1,0,0,0,0,1.99111e+0,1.20621e+0,1.13587e+1,0,0,0,0,0,0,1.06108e+0,3.99094e+0,3.40228e-3,0,0,0,0,0,6.67246e+1
"Rest South America","PER","Peru",1.03253e-1,8.16387e-2,6.95177e-1,8.37360e-5,1.29634e+0,0,4.22029e-2,0,3.81886e+1,1.91803e+1,4.88657e+1,0,0,0,0,0,3.19800e-4,4.60846e-2,0,0,0,0,0,0,0,0,0,0,0,0,0,0,0,2.96855e+2,9.71229e+0,9.25946e+1,0,0,0,0,5.80392e-1,4.06392e+0,2.46459e+1,0,0,0,0,0,0,3.20804e+1,8.87945e+1,0,0,0,0,0,0,6.57827e+2
"Rest South America","PRY","Paraguay",3.99421e-2,2.70876e-2,7.39932e-1,0,1.41829e-1,1.38164e-2,5.86152e-4,0,1.51216e+1,9.09544e+0,4.08376e-2,0,0,0,0,0,0,0,0,0,0,0,0,0,0,0,0,0,0,0,0,0,0,4.21744e+2,8.79246e+0,6.06087e+0,0,0,0,0,4.50768e+1,2.10987e+0,4.91134e+1,5.21832e+0,0,0,0,0,0,8.54829e+0,1.62237e+1,0,0,0,0,0,0,5.88109e+2
"Rest South America","SGS","South Georgia and the South Sandwich Islands",0,0,0,0,0,0,0,0,0,0,0,0,0,0,0,0,0,0,0,0,0,0,0,0,0,0,0,0,0,0,0,0,0,0,0,0,0,0,0,0,0,0,0,0,0,0,0,0,0,0,0,0,0,0,0,0,0,0,
"Rest South America","SUR","Suriname",1.42009e-2,0,4.47292e-2,3.05680e-5,3.02218e-2,0,2.11071e-4,0,2.73759e-1,7.59746e-1,7.83113e-1,0,0,0,0,0,0,0,0,0,0,0,0,0,0,0,0,0,0,0,0,0,0,3.16888e+0,2.00475e-1,3.21134e+1,0,0,0,0,0,2.57735e-1,8.76724e+0,0,0,0,0,0,0,1.20409e+0,2.17294e+0,4.27903e-3,0,0,0,0,0,4.97951e+1
"Rest South America","URY","Uruguay",1.95918e-2,2.16924e-3,2.43170e-1,2.09340e-4,2.22232e-1,0,0,4.14492e-3,4.32163e+0,2.92164e-1,3.26432e-1,0,0,0,0,0,0,4.76730e-4,0,0,0,0,0,0,0,0,0,0,0,0,0,0,0,6.74378e+2,1.33072e+1,3.34147e+1,0,0,0,0,0,1.00940e+0,0,0,0,0,0,0,0,1.42809e+1,1.52971e+1,0,0,0,0,0,0,7.57119e+2
"Rest South America","VEN","Venezuela",4.58209e-1,5.39385e-1,7.77614e-1,0,8.04990e+0,2.93641e-2,0,6.28020e-4,5.88373e+0,1.65708e+0,7.00151e+2,0,0,0,0,0,2.22244e-1,1.26438e-1,0,0,0,0,0,0,0,0,0,0,0,0,0,0,0,7.16835e+2,2.07952e+1,2.50737e+1,0,0,0,0,2.24311e+1,2.50757e+0,4.71934e+1,0,0,0,0,0,0,6.23772e+1,9.75610e+1,0,0,0,0,0,0,1.71267e+3
"Northern_Africa","DZA","Algeria",3.66322e-1,6.96000e-1,1.43607e-1,0,1.91243e+0,1.04251e-2,8.49921e-3,0,1.77531e+1,3.02057e+1,9.63271e+2,0,0,0,0,0,1.43938e-1,1.76400e-1,0,0,0,0,0,0,0,0,0,0,0,0,0,0,0,1.61163e+2,6.51921e+0,7.67776e-2,0,0,0,0,0,7.50272e-2,0,0,0,0,0,0,0,3.48594e+1,7.89416e+1,0,0,0,0,0,0,1.29632e+3
"Northern_Africa","EGY","Egypt",1.36300e-1,5.97875e-2,1.26194e+0,2.67955e-3,2.12521e+0,0,1.96360e-2,2.80097e-2,4.51853e+1,8.76195e+1,2.60915e+2,0,0,0,0,0,2.73900e-3,1.38071e-1,0,0,0,0,0,0,0,0,0,0,0,0,0,0,0,2.56558e+2,7.96567e+0,1.80247e+2,0,0,0,0,0,2.66495e-1,0,0,0,0,0,0,0,6.85656e+1,1.75624e+2,0,0,0,0,0,0,1.08672e+3
"Northern_Africa","ESH","Western Sahara",1.34976e-3,6.99441e-5,3.17160e-4,2.27935e-5,5.96298e-3,3.68105e-6,1.24180e-5,0,5.95043e-3,0,1.79556e-3,0,0,0,0,0,0,0,0,0,0,0,0,0,0,0,0,0,0,0,0,0,0,8.79835e+0,2.50609e-1,0,0,0,0,0,0,6.41250e-5,0,0,0,0,0,0,0,1.40408e-1,7.84615e-1,0,0,0,0,0,0,9.98953e+0
"Northern_Africa","LBY","Libyan Arab Jamahiriya",6.25287e-2,2.20562e-1,6.48954e-2,4.18681e-5,1.50324e+0,0,0,0,1.97694e+0,3.60354e+0,4.90336e+2,0,0,0,0,0,1.29030e+0,0,0,0,0,0,0,0,0,0,0,0,0,0,0,0,0,5.02220e+1,1.84289e+0,0,0,0,0,0,0,1.35059e-2,0,0,0,0,0,0,0,1.24495e+1,1.81435e+1,0,0,0,0,0,0,5.81729e+2
"Northern_Africa","MAR","Morocco",1.45353e-2,5.19163e-3,2.11391e-1,0,4.21762e-1,3.99630e-3,1.43608e-2,0,2.31278e+1,1.74400e+1,9.55010e+0,0,0,0,0,0,0,0,0,0,0,0,0,0,0,0,0,0,0,0,0,0,0,1.89490e+2,6.48362e+0,3.07111e-1,0,0,0,0,0,1.71810e-1,0,0,0,0,0,0,0,2.66241e+1,8.74966e+1,0,0,0,0,0,0,3.61363e+2
"Northern_Africa","TUN","Tunisia",9.00066e-2,1.84427e-3,8.49083e-2,0,2.67452e-1,6.42885e-3,1.11369e-2,0,6.23568e+0,8.90192e+0,3.73304e+1,0,0,0,0,0,0,1.33000e-2,0,0,0,0,0,0,0,0,0,0,0,0,0,0,0,7.17296e+1,2.92622e+0,0,0,0,0,0,0,4.93358e-2,0,0,0,0,0,0,0,1.33952e+1,2.66346e+1,0,0,0,0,0,0,1.67678e+2
"Western_Africa","BEN","Benin",6.28020e-4,0,6.28020e-4,0,8.53479e-2,0,0,0,1.84963e+1,1.20950e+1,1.09799e-2,0,0,0,0,0,0,0,0,0,0,0,0,0,0,0,0,0,0,0,0,0,0,4.15901e+1,2.51944e+0,1.06294e+0,0,0,0,0,3.10176e+1,3.15389e-1,7.00196e+1,0,0,0,0,0,0,2.22963e+0,1.78861e+1,0,0,0,0,0,0,1.97330e+2
"Western_Africa","BFA","Burkina Faso",1.31640e-3,6.82136e-5,3.54402e-4,1.80454e-4,3.96549e-2,3.58975e-6,1.21100e-5,0,2.99871e+1,2.61329e+1,4.41826e-3,0,0,0,0,0,0,0,0,0,0,0,0,0,0,0,0,0,0,0,0,0,0,1.41151e+2,6.41655e+0,3.58296e+0,0,0,0,0,2.92152e+1,5.34175e-1,0,0,0,0,0,0,0,1.32156e+0,2.98897e+1,0,0,0,0,0,0,2.68277e+2
"Western_Africa","CAF","Central African Republic",7.32346e-4,3.79476e-5,1.25502e-4,1.02790e-4,1.46155e-2,1.99615e-6,6.73400e-6,0,1.02839e+1,2.75028e+0,2.05893e-3,0,0,0,0,0,0,0,0,0,0,0,0,0,0,0,0,0,0,0,0,0,0,7.53991e+1,2.62934e+0,1.74029e+0,0,0,0,0,1.06790e+3,1.25000e-1,2.93454e+2,0,0,0,0,0,0,3.63138e+0,1.08670e+1,0,0,0,0,0,0,1.46880e+3
"Western_Africa","CIV","Cote d'Ivoire",6.58724e-3,3.53786e-3,8.12240e-3,0,2.89280e-1,2.25878e-3,9.96460e-3,0,2.66201e+1,4.19938e+1,2.68565e+0,0,0,0,0,0,0,0,0,0,0,0,0,0,0,0,0,0,0,0,0,0,0,3.83481e+1,1.91209e+0,1.92956e+1,0,0,0,0,1.72764e+1,8.67911e-1,2.38483e+2,0,0,0,0,0,0,1.50533e+1,3.77306e+1,0,0,0,0,0,0,4.40586e+2
"Western_Africa","CMR","Cameroon",2.38648e-3,0,7.28502e-3,0,4.20107e-1,0,0,0,2.43330e+1,6.57968e+0,1.46001e+2,0,0,0,0,0,0,0,0,0,0,0,0,0,0,0,0,0,0,0,0,0,0,1.45339e+2,5.47206e+0,3.15642e+0,0,0,0,0,1.12690e+2,4.48211e-1,1.15525e+2,0,0,0,0,0,0,1.37751e+1,4.58582e+1,0,0,0,0,0,0,6.19607e+2
"Western_Africa","COD","Congo_the Democratic Republic of the",4.27053e-3,1.00483e-3,4.56361e-2,0,2.29870e-1,0,0,0,1.31717e+2,7.56939e+0,4.16349e+0,0,0,0,0,0,0,0,0,0,0,0,0,0,0,0,0,0,0,0,0,0,0,3.93304e+0,1.83365e-1,5.57917e+1,0,0,0,0,5.63136e+2,3.06277e+0,1.43466e+3,0,0,0,0,0,0,3.81275e+1,1.19221e+2,0,0,0,0,0,0,2.36185e+3
"Western_Africa","COG","Congo",1.25604e-4,1.25604e-4,2.00966e-3,7.95492e-4,9.41918e-2,0,0,0,3.35121e+0,1.63524e+1,5.93302e+1,0,0,0,0,0,0,0,0,0,0,0,0,0,0,0,0,0,0,0,0,0,0,6.21212e+1,2.84504e+0,2.04740e-1,0,0,0,0,1.23895e+1,1.40289e-1,6.01249e+1,0,0,0,0,0,0,3.15707e+0,9.05982e+0,0,0,0,0,0,0,2.29174e+2
"Western_Africa","CPV","Cape Verde",1.07322e-3,5.56142e-5,1.53600e-4,3.64025e-5,1.03505e-2,2.92575e-6,9.87000e-6,0,1.73074e-2,8.20000e-3,1.61427e-3,0,0,0,0,0,0,0,0,0,0,0,0,0,0,0,0,0,0,0,0,0,0,7.38260e-1,1.68441e-1,0,0,0,0,0,0,8.43947e-3,0,0,0,0,0,0,0,2.75653e-1,1.39200e+0,0,0,0,0,0,0,2.62160e+0
"Western_Africa","GAB","Gabon",5.02416e-3,0,3.07730e-2,0,4.62341e-2,0,0,0,1.51257e+0,6.68694e-1,1.23757e+2,0,0,0,0,0,0,0,0,0,0,0,0,0,0,0,0,0,0,0,0,0,0,1.34242e+0,1.94332e-1,4.07774e-2,0,0,0,0,2.85024e-1,2.73768e-2,4.91212e+0,0,0,0,0,0,0,2.89987e+0,3.83765e+0,0,0,0,0,0,0,1.39560e+2
"Western_Africa","GHA","Ghana",1.25604e-3,1.08857e-3,3.21504e-1,0,3.07187e-1,1.56377e-3,2.93076e-3,0,4.60396e+1,2.86410e+1,2.05441e-1,0,0,0,0,0,0,0,0,0,0,0,0,0,0,0,0,0,0,0,0,0,0,5.21312e+1,2.53385e+0,1.17726e+1,0,0,0,0,7.86408e+1,6.65837e-1,2.34049e+1,0,0,0,0,0,0,1.46473e+1,5.19179e+1,0,0,0,0,0,0,3.11236e+2
"Western_Africa","GIN","Guinea",2.42543e-3,1.09909e-4,1.33955e-3,2.21239e-4,7.82512e-2,5.78095e-6,1.95090e-5,0,3.21391e+1,1.44870e+1,8.39128e-3,0,0,0,0,0,0,0,0,0,0,0,0,0,0,0,0,0,0,0,0,0,0,5.14019e+1,1.83824e+0,8.88981e+1,0,0,0,0,6.72504e+1,6.00182e-1,8.80396e+1,0,0,0,0,0,0,4.09879e+0,2.18288e+1,0,0,0,0,0,0,3.70673e+2
"Western_Africa","GMB","Gambia",1.12621e-3,5.83573e-5,1.55451e-4,3.62299e-5,2.93522e-2,3.07100e-6,1.03600e-5,0,1.31071e+0,2.21124e+0,1.78924e-3,0,0,0,0,0,0,0,0,0,0,0,0,0,0,0,0,0,0,0,0,0,0,1.13910e+1,4.47295e-1,1.80854e+0,0,0,0,0,3.53640e+0,2.73530e-2,0,0,0,0,0,0,0,5.92316e-1,2.74153e+0,0,0,0,0,0,0,2.40989e+1
"Western_Africa","GNB","Guinea-Bissau",4.58459e-4,2.37546e-5,1.46037e-4,3.00295e-5,9.15527e-3,1.24915e-6,4.21400e-6,0,1.68773e+0,6.78960e-2,1.20437e-3,0,0,0,0,0,0,0,0,0,0,0,0,0,0,0,0,0,0,0,0,0,0,1.21786e+1,6.94023e-1,1.70617e+1,0,0,0,0,6.22296e+0,1.27757e-1,0,0,0,0,0,0,0,5.05664e-1,3.36181e+0,0,0,0,0,0,0,4.19192e+1
"Western_Africa","GNQ","Equatorial Guinea",2.15968e-4,3.26190e-5,8.46960e-5,2.95701e-5,5.55795e-3,1.71395e-6,5.78900e-6,0,1.56743e+0,4.34830e-1,8.05733e-1,0,0,0,0,0,0,0,0,0,0,0,0,0,0,0,0,0,0,0,0,0,0,3.45490e-1,1.96180e-2,0,0,0,0,0,0,6.65831e-3,0,0,0,0,0,0,0,3.07041e-1,1.17762e+0,0,0,0,0,0,0,4.67035e+0
"Western_Africa","LBR","Liberia",7.38837e-3,3.34810e-4,2.24501e-3,3.02005e-4,1.41884e-1,1.76209e-5,5.94440e-5,0,7.20650e+0,7.20147e+0,1.62204e-2,0,0,0,0,0,0,0,0,0,0,0,0,0,0,0,0,0,0,0,0,0,0,3.84791e+0,3.09766e-1,3.98669e+0,0,0,0,0,8.50848e-1,2.57127e-1,7.10600e-2,0,0,0,0,0,0,2.05322e+0,8.85646e+0,0,0,0,0,0,0,3.48095e+1
"Western_Africa","MLI","Mali",2.35548e-3,1.22060e-4,3.76209e-4,8.67269e-5,7.38306e-2,6.42420e-6,2.16720e-5,0,1.33585e+1,5.80560e-1,4.45685e-3,0,0,0,0,0,0,0,0,0,0,0,0,0,0,0,0,0,0,0,0,0,0,2.25317e+2,8.87946e+0,2.81517e+1,0,0,0,0,4.36440e+1,3.99968e-1,2.78440e+1,0,0,0,0,0,0,2.96364e+0,3.18440e+1,0,0,0,0,0,0,3.83064e+2
"Western_Africa","MRT","Mauritania",2.38016e-3,1.06750e-4,1.30923e-3,1.96197e-4,9.51178e-2,7.96895e-6,1.89490e-5,0,3.77905e+0,6.31157e+0,8.86537e-3,0,0,0,0,0,0,0,0,0,0,0,0,0,0,0,0,0,0,0,0,0,0,1.07703e+2,4.72784e+0,7.76307e-1,0,0,0,0,6.46488e-3,5.88994e-2,0,0,0,0,0,0,0,1.22671e+0,8.19790e+0,0,0,0,0,0,0,1.32896e+2
"Western_Africa","NER","Niger",4.39000e-3,1.75201e-4,4.38547e-3,3.23330e-5,3.25694e-2,5.96592e-5,3.11010e-5,0,1.78184e+1,2.19682e+1,4.41744e-3,0,0,0,0,0,0,0,0,0,0,0,0,0,0,0,0,0,0,0,0,0,0,1.23016e+2,5.49263e+0,3.29290e+0,0,0,0,0,9.37728e-1,7.12529e-1,0,0,0,0,0,0,0,1.87067e+0,2.69269e+1,0,0,0,0,0,0,2.02082e+2
"Western_Africa","NGA","Nigeria",2.22901e-1,6.68741e-2,1.47752e-1,0,3.24781e+0,4.42755e-3,2.72561e-2,0,1.76745e+2,5.65789e+1,9.52567e+2,0,0,0,0,0,0,0,0,0,0,0,0,0,0,0,0,0,0,0,0,0,0,7.28470e+2,2.28668e+1,1.08059e+2,0,0,0,0,1.04635e+2,4.43881e+0,1.53979e+1,0,0,0,0,0,0,3.48485e+1,3.02465e+2,0,0,0,0,0,0,2.51079e+3
"Western_Africa","SEN","Senegal",3.76812e-5,6.79292e-4,1.84491e-2,0,1.25205e-1,1.04251e-3,1.20161e-2,0,1.56261e+1,2.88345e+1,9.48550e-2,0,0,0,0,0,0,0,0,0,0,0,0,0,0,0,0,0,0,0,0,0,0,9.39881e+1,3.97324e+0,1.12778e+1,0,0,0,0,2.65056e+1,2.10865e-1,0,0,0,0,0,0,0,7.54314e+0,2.91521e+1,0,0,0,0,0,0,2.17364e+2
"Western_Africa","SHN","Saint Helena",7.18560e-6,1.56040e-6,4.08900e-6,6.31949e-6,2.93066e-4,7.47000e-8,0,0,1.44777e-4,0,9.22200e-7,0,0,0,0,0,0,0,0,0,0,0,0,0,0,0,0,0,0,0,0,0,0,6.34200e-2,5.01431e-3,0,0,0,0,0,0,0,0,0,0,0,0,0,0,5.15396e-3,2.90404e-2,0,0,0,0,0,0,1.03087e-1
"Western_Africa","SLE","Sierra Leone",3.82796e-3,1.73466e-4,1.04869e-3,1.64088e-4,2.84792e-2,9.12585e-6,3.07930e-5,0,1.70373e+1,1.52011e+1,7.32015e-3,0,0,0,0,0,0,0,0,0,0,0,0,0,0,0,0,0,0,0,0,0,0,1.19185e+1,5.47777e-1,3.38038e+1,0,0,0,0,1.57222e+1,3.88565e-1,8.44424e+0,0,0,0,0,0,0,2.89423e+0,1.46863e+1,0,0,0,0,0,0,1.20685e+2
"Western_Africa","STP","Sao Tome and Principe",3.08303e-4,1.59734e-5,4.15080e-5,5.70150e-6,2.76182e-3,8.38300e-7,2.83500e-6,0,3.26774e-3,4.14526e-1,3.38663e-4,0,0,0,0,0,0,0,0,0,0,0,0,0,0,0,0,0,0,0,0,0,0,1.59139e-1,1.40947e-2,0,0,0,0,0,0,1.28187e-3,0,0,0,0,0,0,0,1.49128e-1,4.10712e-1,0,0,0,0,0,0,1.15562e+0
"Western_Africa","TCD","Chad",6.72809e-4,3.48642e-5,9.73230e-5,1.73045e-5,4.99312e-3,1.83430e-6,6.18800e-6,0,1.57253e+1,2.06303e+1,1.31795e-3,0,0,0,0,0,0,0,0,0,0,0,0,0,0,0,0,0,0,0,0,0,0,1.63862e+2,6.41359e+0,5.45974e+0,0,0,0,0,1.33409e+2,2.48180e-1,0,0,0,0,0,0,0,1.98435e+0,2.11447e+1,0,0,0,0,0,0,3.68884e+2
"Western_Africa","TGO","Togo",4.64735e-3,0,0,0,6.33233e-2,0,0,0,1.57262e+1,1.62557e+1,0,0,0,0,0,0,0,0,0,0,0,0,0,0,0,0,0,0,0,0,0,0,0,1.51853e+1,8.82924e-1,3.60002e+0,0,0,0,0,3.12024e+1,2.55862e-1,1.35952e+1,0,0,0,0,0,0,2.08240e+0,1.36388e+1,0,0,0,0,0,0,1.12493e+2
"Eastern_Africa","BDI","Burundi",3.86211e-4,2.00113e-5,1.01112e-4,4.46980e-5,1.68785e-2,1.04995e-6,3.54900e-6,0,1.77702e+1,1.42662e+1,1.47409e-3,0,0,0,0,0,0,0,0,0,0,0,0,0,0,0,0,0,0,0,0,0,0,2.01857e+1,7.49787e-1,1.02370e+0,0,0,0,0,0,3.09560e-1,0,0,0,0,0,0,0,3.02469e-1,1.77042e+1,0,0,0,0,0,0,7.23308e+1
"Eastern_Africa","COM","Comoros",8.49807e-5,1.28360e-5,3.63510e-5,2.03600e-5,3.61693e-3,6.72300e-7,2.27500e-6,0,1.90485e-2,1.46619e+0,4.41276e-4,0,0,0,0,0,0,0,0,0,0,0,0,0,0,0,0,0,0,0,0,0,0,2.36209e+0,1.18460e-1,2.21802e+0,0,0,0,0,0,9.97381e-3,0,0,0,0,0,0,0,3.20460e-1,1.67525e+0,0,0,0,0,0,0,8.19371e+0
"Eastern_Africa","DJI","Djibouti",1.65558e-3,8.57888e-5,1.53889e-3,6.08758e-5,1.05485e-2,4.51520e-6,1.52320e-5,0,2.66911e-2,1.48509e+0,7.27874e-3,0,0,0,0,0,0,0,0,0,0,0,0,0,0,0,0,0,0,0,0,0,0,9.94007e+0,4.31980e-1,0,0,0,0,0,0,1.16679e-6,0,0,0,0,0,0,0,5.68285e-1,1.65052e+0,0,0,0,0,0,0,1.41238e+1
"Eastern_Africa","ERI","Eritrea",6.06957e-4,6.39438e-4,8.91663e-4,0,1.19023e-2,0,0,0,5.95805e+0,7.43009e+0,1.13382e-1,0,0,0,0,0,0,0,0,0,0,0,0,0,0,0,0,0,0,0,0,0,0,5.99053e+1,2.16883e+0,0,0,0,0,0,1.94477e+0,9.87878e-2,0,0,0,0,0,0,0,6.04987e-1,1.03579e+1,0,0,0,0,0,0,8.85961e+1
"Eastern_Africa","ETH","Ethiopia",2.62871e-3,2.39789e-4,7.52379e-3,0,1.08713e-1,0,0,0,1.19442e+2,9.19220e+0,7.87397e-2,0,0,0,0,0,0,0,0,0,0,0,0,0,0,0,0,0,0,0,0,0,0,1.05789e+3,4.31116e+1,0,0,0,0,0,2.07926e+2,4.63156e+0,0,0,0,0,0,0,0,7.46848e+0,1.66209e+2,0,0,0,0,0,0,1.61607e+3
"Eastern_Africa","KEN","Kenya",6.67252e-4,2.11873e-3,5.86569e-2,5.90338e-3,3.61529e-1,7.81885e-3,2.93076e-3,0,5.29701e+1,1.43979e+2,5.31263e-1,0,0,0,0,0,0,0,0,0,0,0,0,0,0,0,0,0,0,0,0,0,0,5.43797e+2,1.78115e+1,2.13271e+0,0,0,0,0,3.54792e+0,7.06770e-1,0,0,0,0,0,0,0,4.44761e+0,7.35079e+1,0,0,0,0,0,0,8.43871e+2
"Eastern_Africa","MDG","Madagascar",7.11344e-3,3.67354e-4,1.52808e-3,3.51387e-4,1.20045e-1,2.16847e-5,6.52190e-5,0,1.87020e+1,1.57581e+1,1.18064e-2,0,0,0,0,0,0,0,0,0,0,0,0,0,0,0,0,0,0,0,0,0,0,3.59108e+2,1.23978e+1,2.12199e+2,0,0,0,0,3.62352e+1,8.27012e-1,2.34308e+1,6.32184e-2,0,0,0,0,0,4.77968e+0,4.11293e+1,0,0,0,0,0,0,7.24771e+2
"Eastern_Africa","MUS","Mauritius",3.56644e-3,1.80471e-4,1.77194e-3,4.77055e-5,3.09347e-2,1.75652e-5,3.20390e-5,0,2.41143e-1,9.67600e-2,8.32946e-3,0,0,0,0,0,0,0,0,0,0,0,0,0,0,0,0,0,0,0,0,0,0,1.63469e+0,9.86980e-2,8.36023e-3,0,0,0,0,0,9.96956e-2,0,0,0,0,0,0,0,1.99105e+0,4.47186e+0,0,0,0,0,0,0,8.68714e+0
"Eastern_Africa","MYT","Mayotte",0,0,0,0,0,0,0,0,0,0,0,0,0,0,0,0,0,0,0,0,0,0,0,0,0,0,0,0,0,0,0,0,0,0,0,0,0,0,0,0,0,0,0,0,0,0,0,0,0,1.26638e-1,3.61996e-1,0,0,0,0,0,0,4.88634e-1
"Eastern_Africa","REU","Reunion",3.22672e-3,1.67208e-4,7.55049e-4,2.27177e-4,5.46349e-2,8.79800e-6,2.96870e-5,0,1.98959e-1,0,8.80741e-3,0,0,0,0,0,0,0,0,0,0,0,0,0,0,0,0,0,0,0,0,0,0,1.07882e+0,1.75801e-1,0,0,0,0,0,0,4.50559e-2,0,0,0,0,0,0,0,1.86795e+0,2.45061e+0,0,0,0,0,0,0,5.88505e+0
"Eastern_Africa","RWA","Rwanda",3.37597e-3,1.74943e-4,6.57099e-4,1.86578e-4,4.82676e-2,9.20470e-6,3.10590e-5,0,1.94836e+1,1.22747e+0,6.49796e-3,0,0,0,0,0,0,0,0,0,0,0,0,0,0,0,0,0,0,0,0,0,0,2.61672e+1,9.43253e-1,4.57253e-1,0,0,0,0,1.26012e+0,4.29720e-1,0,0,0,0,0,0,0,3.93589e-1,2.19943e+1,0,0,0,0,0,0,7.24158e+1
"Eastern_Africa","SDN","Sudan",1.21550e-3,1.25604e-4,2.33623e-2,0,2.97048e-1,0,0,0,5.38596e+1,1.71652e+2,1.71797e+0,0,0,0,0,0,0,0,0,0,0,0,0,0,0,0,0,0,0,0,0,0,0,1.13092e+3,3.62131e+1,3.58296e-1,0,0,0,0,5.48160e+2,1.00886e+0,0,0,0,0,0,0,0,2.06372e+1,8.77090e+1,0,0,0,0,0,0,2.05255e+3
"Eastern_Africa","SOM","Somalia",1.95960e-3,2.96003e-4,1.08778e-3,3.97190e-4,1.02160e-1,1.55791e-5,5.25560e-5,0,2.02219e+1,3.41087e+1,1.35365e-2,0,0,0,0,0,0,0,0,0,0,0,0,0,0,0,0,0,0,0,0,0,0,4.82445e+2,2.14643e+1,2.21802e-1,0,0,0,0,6.14952e-3,1.96929e-1,0,0,0,0,0,0,0,2.96076e+0,2.24318e+1,0,0,0,0,0,0,5.84177e+2
"Eastern_Africa","SYC","Seychelles",2.52451e-3,1.30820e-4,5.04561e-4,6.00000e-8,5.74791e-3,6.88485e-6,2.32260e-5,0,9.54838e-3,0,2.91374e-3,0,0,0,0,0,0,0,0,0,0,0,0,0,0,0,0,0,0,0,0,0,0,1.13987e-1,4.41859e-2,0,0,0,0,0,0,5.05440e-6,0,0,0,0,0,0,0,1.66695e-1,3.23248e-1,0,0,0,0,0,0,6.69521e-1
"Eastern_Africa","UGA","Uganda",2.97107e-3,1.53961e-4,5.33145e-4,8.91899e-5,5.47134e-2,8.10080e-6,2.73350e-5,0,9.59546e+1,4.70956e+1,5.63042e-3,0,0,0,0,0,0,0,0,0,0,0,0,0,0,0,0,0,0,0,0,0,0,2.07658e+2,6.31033e+0,2.90048e+0,0,0,0,0,9.81120e+1,1.10008e+0,0,0,0,0,0,0,0,2.20154e+0,5.17377e+1,0,0,0,0,0,0,5.13134e+2
"Southern_Africa","AGO","Angola",9.04347e-4,3.30757e-3,2.40071e-2,0,2.05163e-1,0,0,0,7.68885e+0,5.67981e+1,2.41638e+2,0,0,0,0,0,0,0,0,0,0,0,0,0,0,0,0,0,0,0,0,0,0,1.31398e+2,4.39297e+0,1.53555e+0,0,0,0,0,2.53656e+2,1.68623e-1,7.89650e+0,0,0,0,0,0,0,6.42669e+0,3.73598e+1,0,0,0,0,0,0,7.49192e+2
"Southern_Africa","BWA","Botswana",3.14918e-3,8.05183e-5,1.03508e-2,7.22349e-6,3.95248e-2,1.36397e-4,1.42940e-5,0,2.94479e+0,7.72420e+0,2.89742e-3,0,0,0,0,0,0,0,0,0,0,0,0,0,0,0,0,0,0,0,0,0,0,1.20862e+2,3.04934e+0,0,0,0,0,0,5.70768e+1,2.41601e-2,0,1.50293e+0,0,0,0,0,0,6.22710e-1,4.72136e+0,0,0,0,0,0,0,1.98585e+2
"Southern_Africa","LSO","Lesotho",5.67662e-4,2.94152e-5,1.42923e-4,6.75579e-5,2.07582e-2,1.54795e-6,5.22200e-6,0,6.33970e+0,5.30573e+0,1.48501e-3,0,0,0,0,0,0,0,0,0,0,0,0,0,0,0,0,0,0,0,0,0,0,3.30072e+1,6.87440e-1,0,0,0,0,0,0,3.90286e-2,0,9.57792e-1,0,0,0,0,0,4.42899e-1,5.85921e+0,0,0,0,0,0,0,5.26620e+1
"Southern_Africa","MOZ","Mozambique",5.56844e-4,4.80092e-4,2.34461e-2,0,1.09200e-1,0,0,0,4.88936e+1,3.17094e+1,3.42221e-2,0,0,0,0,0,0,0,0,0,0,0,0,0,0,0,0,0,0,0,0,0,0,5.07392e+1,1.94980e+0,1.70617e+1,0,0,0,0,1.38746e+2,1.19064e+0,1.73992e+1,2.49552e+0,0,0,0,0,0,3.59850e+0,5.51452e+1,0,0,0,0,0,0,3.69097e+2
"Southern_Africa","MWI","Malawi",2.06851e-3,9.97701e-5,1.32795e-3,7.15709e-5,4.80081e-2,1.90358e-5,1.77100e-5,0,1.55376e+1,2.32764e+1,3.40553e-3,0,0,0,0,0,0,0,0,0,0,0,0,0,0,0,0,0,0,0,0,0,0,4.53121e+1,1.47106e+0,3.73651e+0,0,0,0,0,2.67024e+1,9.87321e-1,0,0,0,0,0,0,0,1.16005e+0,2.78209e+1,0,0,0,0,0,0,1.46059e+2
"Southern_Africa","NAM","Namibia",1.10900e-3,0,1.87011e-4,1.21417e-3,1.30685e-1,0,0,0,3.35471e-1,2.62095e+0,0,0,0,0,0,0,0,0,0,0,0,0,0,0,0,0,0,0,0,0,0,0,0,1.08234e+2,2.69230e+0,0,0,0,0,0,1.46364e+1,5.49044e-2,0,0,0,0,0,0,0,1.33776e+0,3.81754e+0,0,0,0,0,0,0,1.33863e+2
"Southern_Africa","SWZ","Swaziland",9.77119e-4,8.16637e-5,3.44635e-3,4.02805e-5,3.39022e-2,4.63313e-5,1.44970e-5,0,2.33076e+0,1.76299e+0,2.98767e-3,0,0,0,0,0,0,0,0,0,0,0,0,0,0,0,0,0,0,0,0,0,0,2.94439e+1,7.16969e-1,5.03320e-2,0,0,0,0,0,9.49703e-2,0,0,0,0,0,0,0,4.81343e-1,1.42327e+1,0,0,0,0,0,0,4.91555e+1
"Southern_Africa","TZA","Tanzania_United Republic of",9.54592e-3,7.11756e-4,1.28535e-2,0,1.51414e-1,0,2.93076e-4,0,6.68733e+1,3.93209e+1,1.50598e-1,0,0,0,0,0,0,0,0,0,0,0,0,0,0,0,0,0,0,0,0,0,0,4.28625e+2,1.47859e+1,4.62372e+1,0,0,0,0,1.89024e+2,3.03726e+0,5.38356e+1,0,0,0,0,0,0,3.92103e+0,8.52142e+1,0,0,0,0,0,0,9.31199e+2
"Southern_Africa","ZAF","South Africa",9.07617e-1,9.01148e-2,5.99507e+0,6.65701e-3,5.66968e+0,6.41418e-2,0,0,5.50773e+1,9.31788e+2,4.90643e+0,0,0,0,0,0,5.44300e-2,2.07478e+0,0,0,0,0,0,0,0,0,0,0,0,0,0,0,0,8.16640e+2,2.05024e+1,2.21802e-1,0,0,0,0,7.72584e+0,2.07182e+0,3.14822e+0,9.46850e+1,0,0,0,0,0,1.34956e+2,1.67007e+2,0,0,0,0,0,0,2.25359e+3
"Southern_Africa","ZMB","Zambia",2.15202e-3,1.92593e-3,1.17932e-1,0,1.55842e-1,4.76878e-3,0,0,1.83971e+1,4.84370e+1,1.79046e-1,0,0,0,0,0,0,0,0,0,0,0,0,0,0,0,0,0,0,0,0,0,0,8.58815e+1,2.69148e+0,1.49119e+0,0,0,0,0,3.75912e+2,1.88329e-1,1.67600e+2,0,0,0,0,0,0,5.69963e+0,2.67669e+1,0,0,0,0,0,0,7.33527e+2
"Southern_Africa","ZWE","Zimbabwe",1.19491e-2,4.14493e-3,2.97890e-1,0,2.51142e-1,2.40510e-2,0,0,2.31534e+1,1.64833e+1,0,0,0,0,0,0,0,2.59197e-1,0,0,0,0,0,0,0,0,0,0,0,0,0,0,0,2.37699e+2,6.24686e+0,8.53084e-2,0,0,0,0,3.81480e+1,3.83999e-1,0,0,0,0,0,0,0,4.72748e+0,3.04393e+1,0,0,0,0,0,0,3.58215e+2
"OECD_Europe","AUT","Austria",3.62856e-1,5.85713e-2,7.75409e-1,4.39614e-4,4.09995e+0,1.32785e-2,2.34461e-3,1.88406e-3,3.88340e+1,2.08670e+1,3.92690e+1,0,0,0,0,0,8.58000e-2,4.11670e-1,0,0,0,0,0,0,0,0,0,0,0,0,0,0,0,1.87587e+2,6.01621e+1,0,0,0,0,0,0,6.27252e-1,0,1.03956e+0,0,0,0,0,0,9.07965e+1,3.60897e+1,3.10590e-3,0,0,0,0,0,4.81087e+2
"OECD_Europe","BEL","Belgium",3.56503e-1,1.00295e-1,1.16855e+0,1.04670e-3,5.17738e+0,2.08021e-2,5.68567e-2,0,2.75017e+1,1.18129e+2,7.67834e+1,0,0,0,0,0,1.08000e-4,1.00397e+0,0,0,0,0,0,0,0,0,0,0,0,0,0,0,0,2.17677e+2,7.34466e+1,0,0,0,0,0,0,4.26513e-1,0,2.33532e-1,0,0,0,0,0,6.31601e+1,6.79670e+1,4.49327e+0,0,0,0,0,0,6.57704e+2
"OECD_Europe","CHE","Switzerland",3.61394e-1,7.65819e-3,5.97641e-1,2.05153e-3,4.96086e+0,2.08503e-3,4.39614e-3,0,6.02341e+0,1.54845e-2,2.68665e+1,0,0,0,0,0,7.26374e-2,7.26870e-3,0,0,0,0,0,0,0,0,0,0,0,0,0,0,0,1.43723e+2,3.89512e+1,0,0,0,0,0,0,1.48914e-1,2.36011e+0,0,0,0,0,0,0,2.97345e+1,1.21827e+1,1.12659e-5,2.26459e-1,0,0,0,0,2.66248e+2
"OECD_Europe","DEU","Germany",7.44575e+0,6.91708e-1,8.96375e+0,2.29227e-2,4.56550e+1,2.22098e-1,2.40615e-1,0,2.12223e+2,1.43253e+3,3.09216e+2,0,0,0,0,0,4.76584e+0,3.11978e+0,0,0,0,0,0,0,0,0,0,0,0,0,0,0,0,1.57858e+3,5.15180e+2,0,0,0,0,0,0,4.80227e+0,0,1.45262e+0,0,0,0,0,0,1.58879e+3,1.86971e+2,0,0,0,0,0,0,5.90087e+3
"OECD_Europe","DNK","Denmark",5.82954e-1,2.23346e-2,4.10878e-1,2.38647e-3,2.90332e+0,2.18928e-2,9.05603e-2,0,1.09397e+1,8.03241e-2,3.23150e+0,0,0,0,0,0,0,0,0,0,0,0,0,0,0,0,0,0,0,0,0,0,0,1.96368e+2,9.03685e+1,0,0,0,0,0,0,1.08640e+0,0,0,0,0,0,0,0,7.24119e+1,9.42711e+0,0,0,0,0,0,0,3.87948e+2
"OECD_Europe","ESP","Spain",6.19701e-1,1.43700e-1,2.36061e+0,2.43462e-2,1.20657e+1,2.94898e-2,5.93479e-1,5.02416e-4,4.67757e+1,1.82088e+2,1.47910e+1,0,0,0,0,0,5.98883e-1,7.40203e-1,0,0,0,0,0,0,0,0,0,0,0,0,0,0,0,5.03391e+2,2.17050e+2,2.29979e+1,0,0,0,0,0,2.72559e+0,0,1.73143e+1,0,0,0,0,0,2.40833e+2,1.29921e+2,8.64507e-1,0,0,0,0,0,1.39593e+3
"OECD_Europe","FIN","Finland",1.23246e+0,2.21062e-2,3.77545e+0,2.13526e-3,2.82749e+0,1.32052e-2,2.40323e-2,0,1.32686e+1,2.05762e+0,2.44570e+0,0,0,0,0,0,5.82750e-2,3.43247e-1,0,0,0,0,0,0,0,0,0,0,0,0,0,0,0,1.08469e+2,3.03935e+1,0,0,0,0,0,0,4.17218e-1,4.18291e-1,5.70624e-2,0,0,0,0,0,1.22283e+2,1.47750e+2,0,6.16000e-2,0,0,0,0,4.35920e+2
"OECD_Europe","FRA","France",1.58453e+0,3.87231e-1,4.75444e+0,1.11997e-2,3.34586e+1,8.96562e-2,2.05446e-1,1.25604e-4,1.91178e+2,2.88827e+2,7.10090e+2,0,0,0,0,0,2.08945e+0,2.47828e+0,0,0,0,0,0,0,0,0,0,0,0,0,0,0,0,1.64453e+3,4.11486e+2,2.89837e+0,0,0,0,0,0,7.47188e+0,0,9.84600e-1,0,0,0,0,0,4.55389e+2,1.74045e+2,2.59406e+1,5.62512e-1,0,0,0,0,3.95846e+3
"OECD_Europe","FRO","Faroe Islands",0,0,0,0,0,0,0,0,0,0,0,0,0,0,0,0,0,0,0,0,0,0,0,0,0,0,0,0,0,0,0,0,0,5.95126e-1,2.54595e-2,0,0,0,0,0,0,1.29901e-5,0,0,0,0,0,0,0,7.85865e-1,4.06755e-2,3.62928e-2,0,0,0,0,0,1.48343e+0
"OECD_Europe","GBR","United Kingdom",1.02441e+0,7.67344e-1,3.72786e+0,4.42335e-2,3.52077e+1,1.34957e-1,3.70448e-1,0,1.24644e+2,3.24369e+2,7.01589e+2,0,0,0,0,0,1.77864e+0,8.35467e-1,0,0,0,0,0,0,0,0,0,0,0,0,0,0,0,1.07589e+3,2.19859e+2,0,0,0,0,0,0,3.34273e+0,0,9.80760e-1,0,0,0,0,0,2.49139e+3,1.17632e+2,8.32893e+0,0,0,0,0,0,5.11191e+3
"OECD_Europe","GIB","Gibraltar",2.51208e-4,0,0,0,8.19468e-3,0,0,0,0,0,0,0,0,0,0,0,0,0,0,0,0,0,0,0,0,0,0,0,0,0,0,0,0,0,0,0,0,0,0,0,0,0,0,0,0,0,0,0,0,1.50817e-1,2.64227e-2,9.26723e-3,0,0,0,0,0,1.94953e-1
"OECD_Europe","GRC","Greece",1.81971e-1,2.84364e-2,5.92663e-1,8.89694e-3,3.33019e+0,9.11887e-3,1.21920e-1,0,8.49237e+0,2.94858e+1,7.30241e+0,0,0,0,0,0,5.58930e-3,3.81300e-2,0,0,0,0,0,0,0,0,0,0,0,0,0,0,0,1.41880e+2,3.26528e+1,4.72560e+0,0,0,0,0,0,1.27616e+0,6.42096e-2,1.78308e+0,0,0,0,0,0,8.07275e+1,1.58386e+1,5.14302e-5,0,0,0,0,0,3.28545e+2
"OECD_Europe","GRL","Greenland",0,0,0,0,0,0,0,0,0,0,0,0,0,0,0,0,0,0,0,0,0,0,0,0,0,0,0,0,0,0,0,0,0,1.69032e-1,2.87811e-3,0,0,0,0,0,0,0,0,0,0,0,0,0,0,6.40543e-1,1.97211e-1,1.31088e-2,0,0,0,0,0,1.02277e+0
"OECD_Europe","IRL","Ireland",1.46781e-1,1.85419e-3,2.73957e-1,8.37360e-5,1.69150e+0,4.69133e-3,5.86152e-4,0,2.80773e+1,1.68888e+0,2.25339e+1,0,0,0,0,0,0,0,0,0,0,0,0,0,0,0,0,0,0,0,0,0,0,4.05409e+2,6.77041e+1,0,0,0,0,0,0,2.92468e-1,0,9.41928e-2,0,0,0,0,0,6.90897e+1,7.22601e+0,0,0,0,0,0,0,6.04234e+2
"OECD_Europe","ISL","Iceland",1.25604e-4,0,4.02875e-2,3.97746e-4,1.68120e-1,0,7.03382e-3,0,4.39258e-2,0,0,0,0,0,0,0,0,1.06152e-1,0,0,0,0,0,0,0,0,0,0,0,0,0,0,0,1.11042e+1,1.43536e+0,0,0,0,0,0,0,1.43572e-4,0,0,0,0,0,0,0,2.98364e+0,4.54913e-1,1.03631e-1,0,0,0,0,0,1.64480e+1
"OECD_Europe","ITA","Italy",1.00125e+0,2.84493e-1,3.07826e+0,1.10741e-2,2.98169e+1,3.38817e-2,1.62950e-1,5.42610e-2,1.98751e+1,1.51873e+1,2.74636e+2,0,0,0,0,0,5.57678e-1,1.30175e+0,0,0,0,0,0,0,0,0,0,0,0,0,0,0,0,6.90273e+2,2.60702e+2,5.67072e+1,0,0,0,0,0,5.73366e+0,4.02101e-1,5.06304e+0,0,0,0,0,0,6.38866e+2,1.34920e+2,1.04437e+1,0,0,0,0,0,2.14911e+3
"OECD_Europe","LUX","Luxembourg",3.36744e-2,0,2.36139e-1,0,5.51088e-1,1.56377e-3,0,0,2.56347e-1,0,3.33598e+0,0,0,0,0,0,0,3.23960e-1,0,0,0,0,0,0,0,0,0,0,0,0,0,0,0,1.43031e+1,2.11164e+1,0,0,0,0,0,0,2.66129e-2,0,2.25110e-1,0,0,0,0,0,2.83143e+0,4.23651e-1,0,0,0,0,0,0,4.36651e+1
"OECD_Europe","NLD","Netherlands",6.63323e-1,1.47990e-1,7.16638e-1,2.40741e-3,9.00177e+0,8.34009e-3,7.12173e-2,0,7.09408e+0,5.26335e+0,2.60410e+2,0,0,0,0,0,2.93377e+0,2.83920e-1,0,0,0,0,0,0,0,0,0,0,0,0,0,0,0,4.05344e+2,1.66480e+2,0,0,0,0,0,0,3.23023e-1,0,1.51970e-2,0,0,0,0,0,4.87576e+2,3.74152e+1,0,0,0,0,0,0,1.38375e+3
"OECD_Europe","NOR","Norway",5.41353e-2,1.49711e-1,9.03160e-1,3.95653e-3,2.64276e+0,4.17004e-3,2.00757e-1,0,8.07745e+0,8.61044e+0,1.64051e+2,0,0,0,0,0,2.41624e+0,1.43481e+0,0,0,0,0,0,0,0,0,0,0,0,0,0,0,0,8.86172e+1,1.80671e+1,0,0,0,0,0,0,1.47770e-1,0,0,0,0,0,0,0,1.95306e+2,4.08857e+1,3.72112e+0,0,0,0,0,0,5.35293e+2
"OECD_Europe","PRT","Portugal",1.34961e-1,2.08478e-2,7.89871e-1,4.22867e-3,2.10740e+0,1.00776e-2,1.37746e-2,0,6.15675e+0,3.74671e+0,4.01614e+0,0,0,0,0,0,4.65060e-2,9.54765e-2,0,0,0,0,0,0,0,0,0,0,0,0,0,0,0,1.25415e+2,5.45536e+1,9.41970e+0,0,0,0,0,0,3.89870e-1,0,1.98134e+0,0,0,0,0,0,1.49165e+2,3.71614e+1,2.73119e-2,1.78800e-1,0,0,0,0,3.95435e+2
"OECD_Europe","SWE","Sweden",8.80117e-1,2.15558e-2,4.88716e+0,8.83414e-3,6.15318e+0,1.85915e-2,5.27537e-2,5.90340e-3,1.83936e+1,1.82825e+0,4.71584e+0,0,0,0,0,0,1.69685e-1,2.69121e-1,0,0,0,0,0,0,0,0,0,0,0,0,0,0,0,1.32678e+2,4.23478e+1,0,0,0,0,0,0,7.73901e-1,4.21070e-1,1.67623e-1,0,0,0,0,0,1.18231e+2,1.82081e+2,8.38578e-3,0,0,0,0,0,5.14114e+2
"Central Europe","ALB","Albania",4.27054e-3,6.57326e-3,8.79646e-2,0,3.59090e-1,0,0,0,1.59601e+1,6.89315e+0,1.75327e+1,0,0,0,0,0,0,4.57958e-2,0,0,0,0,0,0,0,0,0,0,0,0,0,0,0,5.22862e+1,8.79526e+0,1.13414e+0,0,0,0,0,0,3.29322e-1,0,4.76088e-1,0,0,0,0,0,2.41728e+0,4.47550e+0,1.99258e-2,0,0,0,0,0,1.10823e+2
"Central Europe","BGR","Bulgaria",2.16964e-1,2.04314e-2,8.62480e-1,0,1.91688e+0,0,0,0,2.76164e+1,3.94543e+1,6.77308e+0,0,0,0,0,0,1.79962e-1,2.82290e-1,0,0,0,0,0,0,0,0,0,0,0,0,0,0,0,2.49985e+2,4.24931e+1,5.04064e+0,0,0,0,0,0,2.61372e+0,0,1.09498e+0,0,0,0,0,0,2.88789e+2,4.64571e+1,0,0,0,0,0,0,7.13796e+2
"Central Europe","BIH","Bosnia and Herzegovina",8.88350e-2,0,3.98030e-3,0,4.40436e-1,0,0,0,2.40256e+1,9.29621e+1,6.04912e+0,0,0,0,0,0,9.12900e-5,4.22484e-2,0,0,0,0,0,0,0,0,0,0,0,0,0,0,0,7.23537e+1,1.21127e+1,0,0,0,0,0,0,3.63040e-1,0,0,0,0,0,0,0,3.10883e+0,6.53566e+0,2.47207e-2,0,0,0,0,0,2.18111e+2
"Central Europe","CYP","Cyprus",0,1.04168e-3,3.56297e-2,0,2.02931e-1,0,0,0,1.57633e-1,9.67600e-2,1.49342e-1,0,0,0,0,0,0,0,0,0,0,0,0,0,0,0,0,0,0,0,0,0,0,6.62899e+0,2.60093e+0,0,0,0,0,0,0,1.27958e-2,0,0,0,0,0,0,0,4.49140e+0,3.26139e+0,0,0,0,0,0,0,1.76388e+1
"Central Europe","CZE","Czech Republic",6.23957e-1,4.55105e-2,5.15964e+0,0,1.95349e+0,4.56362e-3,0,0,1.24279e+2,2.89041e+2,1.19441e+1,0,0,0,0,0,3.87647e-1,6.50650e-1,0,0,0,0,0,0,0,0,0,0,0,0,0,0,0,3.50620e+2,5.60955e+1,0,0,0,0,0,0,2.10678e+0,0,2.96376e+0,0,0,0,0,0,6.64133e+1,4.83244e+1,0,0,0,0,0,0,9.60613e+2
"Central Europe","EST","Estonia",2.57503e-1,0,4.94446e-1,0,5.24440e-1,1.54996e-1,5.35907e-3,0,6.71462e+0,1.97877e+1,2.69919e+0,0,0,0,0,0,0,0,0,0,0,0,0,0,0,0,0,0,0,0,0,0,0,6.36785e+1,1.13724e+1,2.84166e+0,0,0,0,0,0,2.23112e-1,0,0,0,0,0,0,0,1.43324e+1,7.31408e+0,0,0,0,0,0,0,1.30400e+2
"Central Europe","HRV","Croatia",5.84221e-2,1.54935e-1,5.57851e-1,0,7.89306e-1,7.95492e-4,0,0,1.05307e+1,6.80239e+0,2.43585e+1,0,0,0,0,0,1.40586e-2,7.63638e-1,0,0,0,0,0,0,0,0,0,0,0,0,0,0,0,7.68344e+1,1.63520e+1,0,0,0,0,0,0,7.45596e-1,0,6.40920e-1,0,0,0,0,0,1.46985e+1,1.73227e+1,0,0,0,0,0,0,1.70625e+2
"Central Europe","HUN","Hungary",4.34227e-1,3.51936e-2,6.21273e-1,0,2.10926e+0,4.21485e-2,3.42900e-2,0,4.64406e+1,4.36198e+1,4.47663e+1,0,0,0,0,0,8.77170e-2,2.55503e-1,0,0,0,0,0,0,0,0,0,0,0,0,0,0,0,2.31747e+2,6.50236e+1,4.22154e+0,0,0,0,0,0,4.37280e+0,0,9.59352e-1,0,0,0,0,0,6.66925e+1,4.41278e+1,0,0,0,0,0,0,5.55591e+2
"Central Europe","LTU","Lithuania",5.75696e-2,2.93171e-2,4.88423e+0,0,1.08565e+0,3.07532e-2,3.82791e-3,0,1.23200e+1,1.84008e-2,7.70648e+0,0,0,0,0,0,7.04189e-2,0,0,0,0,0,0,0,0,0,0,0,0,0,0,0,0,1.89688e+2,3.25302e+1,0,0,0,0,0,0,7.81146e-1,0,7.96944e-1,0,0,0,0,0,2.90431e+1,1.22383e+1,6.59505e-4,0,0,0,0,0,2.91285e+2
"Central Europe","LVA","Latvia",4.08587e-2,0,1.44560e+0,0,8.32653e-1,4.59982e-2,1.36583e-2,0,2.17799e+1,8.17048e-2,7.57646e+0,0,0,0,0,0,0,0,0,0,0,0,0,0,0,0,0,0,0,0,0,0,0,1.28032e+2,1.86255e+1,0,0,0,0,0,0,4.24094e-1,0,1.23842e-1,0,0,0,0,0,1.61406e+1,7.07917e+0,0,0,0,0,0,0,2.02242e+2
"Central Europe","MKD","Macedonia, the former Yugoslav Republic of",5.59250e-2,0,7.27201e-2,0,1.79236e-1,0,0,0,6.34626e+0,6.97171e+0,3.86807e-1,0,0,0,0,0,2.53569e-2,1.03841e+0,0,0,0,0,0,0,0,0,0,0,0,0,0,0,0,4.66553e+1,5.25076e+0,2.85111e+0,0,0,0,0,0,2.34535e-1,0,3.46584e-1,0,0,0,0,0,3.30517e+0,4.70585e+0,2.79874e-2,0,0,0,0,0,7.84537e+1
"Central Europe","MLT","Malta",1.69984e-3,0,0,0,6.87536e-2,0,0,0,1.13044e-2,0,0,0,0,0,0,0,0,0,0,0,0,0,0,0,0,0,0,0,0,0,0,0,0,1.26320e+0,6.90990e-1,0,0,0,0,0,0,1.54306e-3,0,0,0,0,0,0,0,4.49763e+0,4.21149e-1,0,0,0,0,0,0,6.95627e+0
"Central Europe","POL","Poland",2.39425e+0,3.08704e-1,3.37167e+0,0,5.68121e+0,1.77698e-1,4.33752e-2,0,2.50864e+2,4.45159e+3,1.44661e+2,0,0,0,0,0,5.61555e-1,1.36531e+0,0,0,0,0,0,0,0,0,0,0,0,0,0,0,0,9.91001e+2,1.68651e+2,0,0,0,0,0,0,7.33414e+0,0,2.03282e+0,0,0,0,0,0,2.81020e+2,1.33979e+2,2.91331e-1,0,0,0,0,0,6.44533e+3
"Central Europe","ROU","Romania",5.62077e-1,6.06248e-2,1.59982e+0,0,2.43641e+0,0,0,0,6.01327e+1,1.02404e+2,8.62462e+2,0,0,0,0,0,1.12565e+0,1.33149e+0,0,0,0,0,0,0,0,0,0,0,0,0,0,0,0,6.72134e+2,1.36986e+2,1.03963e+1,0,0,0,0,0,6.01211e+0,0,0,0,0,0,0,0,7.21527e+1,9.39467e+1,1.46033e-2,0,0,0,0,0,2.02376e+3
"Central Europe","SCG","Serbia and Montenegro",4.06015e-1,0,1.61599e-1,0,8.46973e-1,0,0,0,4.32106e+1,6.42268e+1,9.23802e+1,0,0,0,0,0,5.97788e-2,2.45350e-1,0,0,0,0,0,0,0,0,0,0,0,0,0,0,0,2.69383e+2,5.91991e+1,0,0,0,0,0,0,2.39721e+0,0,0,0,0,0,0,0,9.84824e+0,4.13907e+1,8.13596e-2,0,0,0,0,0,5.83837e+2
"Central Europe","SVK","Slovakia",1.20924e-1,3.25146e-2,7.77237e-1,0,6.71683e-1,0,0,0,7.94453e+0,8.01438e+0,3.81585e+1,0,0,0,0,0,1.19261e-1,5.61292e-1,0,0,0,0,0,0,0,0,0,0,0,0,0,0,0,1.51096e+2,2.97332e+1,0,0,0,0,0,0,1.80341e+0,0,2.82144e-1,0,0,0,0,0,2.02198e+1,3.85858e+1,0,2.94400e-2,0,0,0,0,2.98150e+2
"Central Europe","SVN","Slovenia",0,3.77417e-3,1.31435e-1,0,8.41724e-1,0,0,0,6.88472e+0,2.55724e+1,1.13285e+0,0,0,0,0,0,3.35037e-1,1.73581e-1,0,0,0,0,0,0,0,0,0,0,0,0,0,0,0,6.31973e+1,1.18845e+1,0,0,0,0,0,0,1.48752e-1,0,0,0,0,0,0,0,1.59250e+1,1.00424e+1,0,0,0,0,0,0,1.36273e+2
"Turkey","TUR","Turkey",1.44536e-1,5.76343e-2,8.63150e-1,3.39131e-3,3.01891e+0,3.98667e-2,9.49566e-2,0,1.33782e+2,1.34526e+2,6.62052e+0,0,0,0,0,0,4.85727e-1,2.20502e-1,0,0,0,0,0,0,0,0,0,0,0,0,0,0,0,1.09114e+3,1.74473e+2,2.86485e+1,0,0,0,0,0,2.75838e+1,0,1.36877e+0,0,0,0,0,0,1.73503e+2,2.36005e+2,0,0,0,0,0,0,2.01258e+3
"Ukraine +","BLR","Belarus",1.40416e-1,5.89919e-2,2.04198e+0,0,1.59546e+0,1.37884e-1,2.44987e-2,6.03975e-4,8.95356e+0,8.06880e-2,1.50723e+1,0,0,0,0,0,4.67610e-2,0,0,0,0,0,0,0,0,0,0,0,0,0,0,0,0,5.64539e+2,8.14195e+1,0,0,0,0,0,0,2.17347e+0,0,1.41401e-2,0,0,0,0,0,9.15562e+1,3.02197e+1,0,0,0,0,0,0,7.98075e+2
"Ukraine +","MDA","Moldova, Republic of",7.97019e-2,0,4.48950e-1,0,7.02201e-1,0,0,0,5.76278e+0,4.85440e-3,1.10234e+0,0,0,0,0,0,0,0,0,0,0,0,0,0,0,0,0,0,0,0,0,0,0,9.00568e+1,8.57340e+0,0,0,0,0,0,0,8.21392e-1,0,2.86872e-2,0,0,0,0,0,3.89975e+0,1.58772e+1,3.68566e-2,0,0,0,0,0,1.27395e+2
"Ukraine +","UKR","Ukraine",1.39081e+0,5.27457e-1,2.86626e+0,0,6.54311e+0,2.10541e-1,0,7.21752e-2,7.46410e+1,7.59235e+2,1.11685e+3,0,0,0,0,0,1.62828e+0,6.75530e+0,0,0,0,0,0,0,0,0,0,0,0,0,0,0,0,2.11496e+3,3.27314e+2,1.17463e+1,0,0,0,0,0,1.42502e+1,0,5.88072e-1,0,0,0,0,0,2.30167e+2,1.54202e+2,0,0,0,0,0,0,4.82395e+3
"Asia-Stan","KAZ","Kazakhstan",5.13428e-1,1.74747e-1,1.21063e-1,0,1.92134e+0,1.22487e-1,5.35907e-3,0,4.70241e+0,1.32619e+3,3.20013e+2,0,0,0,0,0,2.67750e-2,2.48748e+0,0,0,0,0,0,0,0,0,0,0,0,0,0,0,0,1.07934e+3,7.83320e+1,4.06317e+1,0,0,0,0,0,1.10162e+1,1.19602e+1,6.79728e+1,0,0,0,0,0,7.84296e+1,5.07151e+1,0,0,0,0,0,0,3.07468e+3
"Asia-Stan","KGZ","Kyrgyzstan",2.66223e-2,0,2.18491e-2,0,7.32715e-1,0,0,0,1.88406e-1,2.33291e+1,2.11956e+0,0,0,0,0,0,0,0,0,0,0,0,0,0,0,0,0,0,0,0,0,0,0,1.91630e+2,9.37690e+0,6.61071e-1,0,0,0,0,0,5.29006e-1,4.86192e-2,2.81016e+0,0,0,0,0,0,4.31812e+0,2.14614e+1,0,0,0,0,0,0,2.57253e+2
"Asia-Stan","TJK","Tajikistan",1.25815e-2,0,0,0,6.56147e-1,0,0,0,0,8.54357e+0,4.73202e+0,0,0,0,0,0,0,0,0,0,0,0,0,0,0,0,0,0,0,0,0,0,0,1.21053e+2,9.76591e+0,3.48272e+0,0,0,0,0,0,1.29698e-1,0,2.35327e-2,0,0,0,0,0,4.60749e+0,1.91384e+1,0,0,0,0,0,0,1.72145e+2
"Asia-Stan","TKM","Turkmenistan",8.25986e-2,1.29596e-1,0,0,6.58534e-1,0,0,0,0,0,9.71535e+2,0,0,0,0,0,1.02000e-3,0,0,0,0,0,0,0,0,0,0,0,0,0,0,0,0,1.13740e+2,1.13612e+1,9.73871e+0,0,0,0,0,0,3.01298e-1,1.15891e-2,9.23568e-2,0,0,0,0,0,6.08687e+0,1.86076e+1,0,0,0,0,0,0,1.13235e+3
"Asia-Stan","UZB","Uzbekistan",3.31865e-1,1.15125e-1,0,0,1.85796e+0,0,0,0,0,8.83428e+0,5.71250e+2,0,0,0,0,0,0,0,0,0,0,0,0,0,0,0,0,0,0,0,0,0,0,5.14746e+2,4.51519e+1,6.32049e+1,0,0,0,0,0,8.61493e-1,1.12795e-2,4.12128e-1,0,0,0,0,0,1.77580e+1,9.11956e+1,0,0,0,0,0,0,1.31573e+3
"Russia +","ARM","Armenia",1.58377e-2,0,5.86140e-3,0,5.94577e-1,0,0,0,5.62465e-1,0,2.60838e+0,0,0,0,0,0,0,0,0,0,0,0,0,0,0,0,0,0,0,0,0,0,0,5.10072e+1,8.31246e+0,0,0,0,0,0,0,1.09507e-1,0,1.99838e-2,0,0,0,0,0,7.86779e+0,5.32538e+0,0,0,0,0,0,0,7.64294e+1
"Russia +","AZE","Azerbaijan",8.54308e-2,4.51891e-2,1.87677e-1,0,1.04881e+0,0,0,0,1.00208e+0,0,2.17264e+2,0,0,0,0,0,2.28030e-2,0,0,0,0,0,0,0,0,0,0,0,0,0,0,0,0,1.69196e+2,2.41747e+1,4.84200e-1,0,0,0,0,0,4.69413e-1,0,2.03736e-2,0,0,0,0,0,1.58304e+1,4.23511e+1,0,0,0,0,0,0,4.72182e+2
"Russia +","GEO","Georgia",4.13643e-2,0,2.33183e-1,0,4.29934e-1,3.29700e-1,0,0,1.61130e+1,9.36413e+0,6.76243e+0,0,0,0,0,0,0,3.60869e-1,0,0,0,0,0,0,0,0,0,0,0,0,0,0,0,1.02881e+2,1.96541e+1,0,0,0,0,0,0,1.89797e-1,0,5.98968e-2,0,0,0,0,0,1.60029e+1,1.46783e+1,0,0,0,0,0,0,1.87101e+2
"Russia +","RUS","Russian Federation",7.93387e+0,9.95623e-1,1.69523e+1,0,3.38297e+1,1.86848e+0,3.06035e+0,3.23627e-1,3.16956e+2,3.31653e+3,1.28757e+4,0,0,0,0,0,6.05734e+0,6.79210e+0,0,0,0,0,0,0,0,0,0,0,0,0,0,0,0,5.14033e+3,8.39484e+2,1.28223e+2,0,0,0,0,0,3.94553e+1,3.68890e+1,1.39270e+2,0,0,0,0,0,9.84825e+2,1.13118e+3,0,0,0,0,0,0,2.50267e+4
"Middle_East","ARE","United Arab Emirates",3.16707e-1,3.16941e-2,3.28245e-1,0,1.74477e+0,0,0,0,3.93828e-2,1.04599e-1,7.26845e+2,0,0,0,0,0,0,0,0,0,0,0,0,0,0,0,0,0,0,0,0,0,0,8.05586e+0,4.83987e-1,0,0,0,0,0,0,1.35119e-3,0,0,0,0,0,0,0,6.94963e+0,5.82425e+0,0,0,0,0,0,0,7.50725e+2
"Middle_East","BHR","Bahrain",1.64004e-1,1.25341e-1,5.07021e-2,0,2.17873e-1,0,0,0,8.16426e-3,1.34480e-3,6.42644e+1,0,0,0,0,0,0,0,0,0,0,0,0,0,0,0,0,0,0,0,0,0,0,4.46551e-1,1.69700e-2,0,0,0,0,0,0,8.09290e-6,0,0,0,0,0,0,0,2.14875e+0,1.59287e+0,0,0,0,0,0,0,6.90370e+1
"Middle_East","IRN","Iran, Islamic Republic of",4.01389e-1,7.84620e-2,1.18750e+0,0,8.31344e+0,0,0,0,1.13087e+1,2.14048e+1,7.88173e+2,0,0,0,0,0,3.54366e-3,0,0,0,0,0,0,0,0,0,0,0,0,0,0,0,0,5.41486e+2,2.21131e+1,1.36292e+2,0,0,0,0,0,0,0,8.41536e-3,0,0,0,0,0,8.40411e+1,2.11010e+2,0,0,0,0,0,0,1.82582e+3
"Middle_East","IRQ","Iraq",0,9.39619e-2,2.28808e-1,0,3.52299e+0,0,0,0,5.71288e-1,9.67600e-1,5.33053e+2,0,0,0,0,0,0,0,0,0,0,0,0,0,0,0,0,0,0,0,0,0,0,1.31516e+2,6.43317e+0,1.20874e+1,0,0,0,0,0,7.60389e-1,0,9.08832e-1,0,0,0,0,0,5.50605e+1,5.86410e+1,0,0,0,0,0,0,8.03845e+2
"Middle_East","ISR","Israel",5.04254e-2,6.25754e-3,1.26484e-1,0,1.12823e+0,1.73752e-3,0,0,2.76538e-1,0,3.22812e+0,0,0,0,0,0,1.07525e-1,0,0,0,0,0,0,0,0,0,0,0,0,0,0,0,0,2.75354e+1,1.92298e+0,0,0,0,0,0,0,1.18809e-1,0,0,0,0,0,0,0,2.44266e+1,1.69540e+1,0,0,0,0,0,0,7.58831e+1
"Middle_East","JOR","Jordan",9.23592e-3,6.93525e-3,3.99421e-2,0,5.68052e-1,0,0,0,2.18563e-1,9.62188e-1,6.94482e-1,0,0,0,0,0,0,0,0,0,0,0,0,0,0,0,0,0,0,0,0,0,0,9.41623e+0,6.37588e-1,0,0,0,0,0,0,5.91376e-2,0,0,0,0,0,0,0,5.49601e+0,1.00433e+1,0,0,0,0,0,0,2.81517e+1
"Middle_East","KWT","Kuwait",1.56018e-1,2.07440e-1,1.06303e-1,0,1.36738e+0,0,0,0,5.07859e-1,2.18776e-1,2.81808e+2,0,0,0,0,0,0,0,0,0,0,0,0,0,0,0,0,0,0,0,0,0,0,3.19587e+0,9.77124e-2,0,0,0,0,0,0,4.02360e-4,0,0,0,0,0,0,0,1.05256e+1,9.87863e+0,0,0,0,0,0,0,3.08070e+2
"Middle_East","LBN","Lebanon",0,2.34085e-3,4.39614e-3,0,8.03232e-1,0,0,0,1.19960e+0,1.16112e+0,6.30887e-1,0,0,0,0,0,0,0,0,0,0,0,0,0,0,0,0,0,0,0,0,0,0,5.64201e+0,7.11396e-1,0,0,0,0,0,0,3.11337e-2,0,0,0,0,0,0,0,7.79581e+0,1.20535e+1,0,0,0,0,0,0,3.00354e+1
"Middle_East","OMN","Oman",1.05855e-1,1.05507e-2,1.02995e-2,0,4.68093e-1,0,0,0,2.10030e-1,1.11356e-1,2.45998e+2,0,0,0,0,0,0,0,0,0,0,0,0,0,0,0,0,0,0,0,0,0,0,1.21156e+1,5.15135e-1,0,0,0,0,0,0,1.52255e-3,0,0,0,0,0,0,0,1.74435e+0,5.27870e+0,0,0,0,0,0,0,2.66570e+2
"Middle_East","QAT","Qatar",2.70919e-1,6.77993e-2,7.15105e-2,1.84220e-3,2.93849e-1,0,0,0,4.14214e-2,5.80560e-3,1.91329e+2,0,0,0,0,0,6.75180e-2,0,0,0,0,0,0,0,0,0,0,0,0,0,0,0,0,1.03903e+0,7.87342e-2,0,0,0,0,0,0,5.79917e-4,0,0,0,0,0,0,0,2.35610e+0,5.26141e+0,0,0,0,0,0,0,2.00886e+2
"Middle_East","SAU","Saudi Arabia",2.07658e+0,6.09235e-1,5.81045e-1,1.04918e-2,8.59874e+0,0,0,0,2.27343e-1,1.22016e-1,1.11060e+3,0,0,0,0,0,2.46330e+0,0,0,0,0,0,0,0,0,0,0,0,0,0,0,0,0,8.02635e+1,3.91361e+0,0,0,0,0,0,0,9.94360e-1,0,0,0,0,0,0,0,4.74751e+1,4.96566e+1,0,0,0,0,0,0,1.30759e+3
"Middle_East","SYR","Syrian Arab Republic",1.59584e-2,3.70962e-2,2.31865e-1,0,1.34440e+0,0,0,0,3.06328e+0,9.67600e-2,4.77720e+1,0,0,0,0,0,0,0,0,0,0,0,0,0,0,0,0,0,0,0,0,0,0,1.02835e+2,3.78457e+0,6.16705e-3,0,0,0,0,0,1.38348e+0,0,1.32211e-1,0,0,0,0,0,1.50276e+1,3.60962e+1,0,0,0,0,0,0,2.11827e+2
"Middle_East","YEM","Yemen",1.11459e-2,8.03851e-3,0,0,6.19914e-1,0,0,0,2.35226e+0,4.16068e+0,1.87925e+0,0,0,0,0,0,0,0,0,0,0,0,0,0,0,0,0,0,0,0,0,0,0,7.61762e+1,3.41515e+0,0,0,0,0,0,0,6.09439e-1,0,0,0,0,0,0,0,2.64661e+0,3.47495e+1,0,0,0,0,0,0,1.26628e+2
"India +","AFG","Afghanistan",2.81730e-3,0,1.07378e-1,1.85177e-4,3.03203e-1,0,4.83332e-3,0,8.54441e+0,1.20962e+1,4.70930e+1,0,0,0,0,0,0,0,0,0,0,0,0,0,0,0,0,0,0,0,0,0,0,2.26662e+2,1.32095e+1,4.38992e+1,0,0,0,0,0,5.16540e-1,0,0,0,0,0,0,0,5.84938e+0,7.28845e+1,0,0,0,0,0,0,4.31174e+2
"India +","BGD","Bangladesh",4.90231e-2,3.61329e-3,5.16232e-2,0,1.59229e-1,9.03513e-3,2.93075e-2,0,1.52634e+2,2.19110e+1,4.41403e+1,0,0,0,0,0,0,0,0,0,0,0,0,0,0,0,0,0,0,0,0,0,0,6.33842e+2,6.12546e+1,2.68619e+3,0,0,0,0,3.66336e-1,1.07066e+1,2.75747e+1,0,0,0,0,0,0,5.91757e+1,4.03885e+2,0,0,0,0,0,0,4.10199e+3
"India +","BTN","Bhutan",5.99844e-5,0,9.91629e-3,8.46180e-5,3.56835e-3,0,8.35870e-5,0,1.33135e+1,4.59939e-1,0,0,0,0,0,0,0,0,0,0,0,0,0,0,0,0,0,0,0,0,0,0,0,1.22520e+1,1.24419e+0,9.01555e+0,0,0,0,0,0,2.67572e-1,0,0,0,0,0,0,0,2.34445e-1,5.45981e+0,0,0,0,0,0,0,4.22607e+1
"India +","IND","India",1.18586e+0,2.34358e-1,9.04969e+0,0,8.92369e+0,5.40516e-1,1.33642e-1,8.79228e-4,1.54261e+3,1.10549e+3,2.12255e+2,0,0,0,0,0,3.16861e-1,1.01173e+0,0,0,0,0,0,0,0,0,0,0,0,0,0,0,0,1.06409e+4,9.40414e+2,4.72987e+3,0,0,0,0,3.82920e+1,1.86522e+2,1.04774e+2,7.66680e-1,0,0,0,0,0,4.10403e+2,2.73857e+3,0,0,4.50000e+1,0,0,0,2.27173e+4
"India +","IOT","British Indian Ocean Territory",0,0,0,0,0,0,0,0,0,0,0,0,0,0,0,0,0,0,0,0,0,0,0,0,0,0,0,0,0,0,0,0,0,0,0,0,0,0,0,0,0,0,0,0,0,0,0,0,0,0,0,0,0,0,0,0,0,0,
"India +","LKA","Sri Lanka",6.80523e-3,3.73129e-3,6.14078e-1,2.59581e-3,3.92675e-1,5.03881e-3,1.17230e-3,0,2.52331e+1,2.80604e+0,4.75759e-1,0,0,0,0,0,0,0,0,0,0,0,0,0,0,0,0,0,0,0,0,0,0,1.19446e+2,9.93086e+0,3.29852e+2,0,0,0,0,2.35867e-1,2.56771e-1,2.48295e+0,0,0,0,0,0,0,2.40802e+1,7.32929e+1,0,0,0,0,0,0,5.89119e+2
"India +","MDV","Maldives",2.35429e-4,0,1.41413e-3,1.81455e-5,3.92440e-3,0,2.89786e-4,0,5.10617e-3,4.25744e-2,0,0,0,0,0,0,0,0,0,0,0,0,0,0,0,0,0,0,0,0,0,0,0,0,0,0,0,0,0,0,0,7.51957e-3,0,0,0,0,0,0,0,2.80527e-1,6.51798e-1,0,0,0,0,0,0,9.93407e-1
"India +","NPL","Nepal",2.51208e-4,0,7.53206e-2,0,6.00231e-2,0,0,0,5.52539e+1,4.20325e+0,0,0,0,0,0,0,0,0,0,0,0,0,0,0,0,0,0,0,0,0,0,0,0,3.59635e+2,3.03927e+1,4.27476e+2,0,0,0,0,1.17475e+0,6.77207e+0,5.24518e-1,0,0,0,0,0,0,1.60934e+0,6.90589e+1,0,0,0,0,0,0,9.56236e+2
"India +","PAK","Pakistan",1.47693e-1,7.69663e-3,5.19331e-1,0,2.20921e+0,3.87467e-2,0,0,1.10378e+2,3.21776e+1,3.83171e+2,0,0,0,0,0,0,0,0,0,0,0,0,0,0,0,0,0,0,0,0,0,0,1.67957e+3,1.19306e+2,8.64280e+2,0,0,0,0,1.86874e+0,6.87757e+0,1.24372e-1,1.40028e-1,0,0,0,0,0,5.95388e+1,3.60679e+2,0,0,0,0,0,0,3.62103e+3
"Korea","KOR","Korea, Republic of",1.30454e-1,1.21161e-1,1.51577e+0,1.13462e-2,3.10014e+0,4.40432e-2,1.92844e-1,0,1.35126e+2,3.05957e+2,8.79777e+0,0,0,0,0,0,2.17236e-1,9.86921e-1,0,0,0,0,0,0,0,0,0,0,0,0,0,0,0,2.00602e+2,1.02986e+1,5.79091e+2,0,0,0,0,0,6.71403e-1,0,3.10896e-1,0,0,0,0,0,5.44206e+1,2.29317e+2,0,0,0,0,0,0,1.53091e+3
"Korea","PRK","Korea, Democratic People's Republic of",1.80907e-1,1.37327e-3,7.81646e+0,0,1.00542e+0,0,0,0,7.94409e+1,5.51781e+2,3.84592e-1,0,0,0,0,0,0,1.59944e-1,0,0,0,0,0,0,0,0,0,0,0,0,0,0,0,6.48456e+1,1.08299e+1,2.16550e+2,0,0,0,0,0,4.08076e+0,0,3.62088e+1,0,0,0,0,0,2.15426e+1,8.89004e+1,1.50115e-1,0,0,0,0,0,1.08388e+3
"China +","CHN","China",2.81767e+0,1.27136e+0,6.85458e+1,1.15346e-2,1.49513e+1,9.32316e-1,0,5.84895e-1,4.29298e+3,8.29068e+3,7.60683e+2,0,0,0,0,0,2.96329e+0,6.42598e+0,0,0,0,0,0,0,0,0,0,0,0,0,0,0,0,5.10261e+3,9.00578e+2,1.82146e+4,0,0,0,0,5.88000e+0,1.24867e+1,1.29712e+1,6.55920e+1,0,0,0,0,0,6.70018e+2,4.75221e+3,4.98530e+0,0,9.00000e+1,0,0,0,4.32747e+4
"China +","HKG","Hong Kong",7.58522e-2,0,1.30628e-1,0,4.28653e-1,0,0,0,2.74445e-1,0,1.80606e+0,0,0,0,0,0,0,0,0,0,0,0,0,0,0,0,0,0,0,0,0,0,0,0,0,0,0,0,0,0,0,0,0,0,0,0,0,0,0,2.87946e+1,2.37713e+1,1.51421e-1,0,0,0,0,0,5.54330e+1
"China +","MAC","Macao",3.46936e-4,0,2.84440e-3,2.14992e-4,1.87433e-2,0,1.00981e-3,0,6.32779e-3,0,0,0,0,0,0,0,0,0,0,0,0,0,0,0,0,0,0,0,0,0,0,0,0,0,0,0,0,0,0,0,0,0,0,0,0,0,0,0,0,1.69534e+0,1.24985e+0,8.65962e-3,0,0,0,0,0,2.98334e+0
"China +","MNG","Mongolia",4.00969e-3,0,2.59369e-1,1.26487e-3,5.18043e-1,0,8.48288e-3,0,3.82991e+0,3.29181e+1,0,0,0,0,0,0,0,0,0,0,0,0,0,0,0,0,0,0,0,0,0,0,0,2.71583e+2,1.26937e+1,0,0,0,0,0,0,1.09008e-1,4.48267e-1,3.77544e+1,0,0,0,0,0,1.63773e+0,7.72367e+0,1.25797e-2,0,0,0,0,0,3.69501e+2
"China +","TWN","Taiwan_Province of China",9.93179e-2,1.11322e-1,1.65280e+0,1.00320e-3,3.75267e+0,7.16571e-3,5.59775e-2,0,1.69040e+0,2.99507e+1,2.77702e+1,0,0,0,0,0,0,4.51356e-1,0,0,0,0,0,0,0,0,0,0,0,0,0,0,0,1.97139e+1,4.21463e+1,0,0,0,0,0,0,0,0,0,0,0,0,0,0,5.69659e+1,9.77769e+1,3.15841e-1,0,0,0,0,0,2.82462e+2
"Southeastern Asia","BRN","Brunei Darussalam",4.95300e-2,9.03093e-2,4.01932e-3,0,1.66167e-1,0,0,0,4.98414e-2,1.25952e-2,1.41805e+2,0,0,0,0,0,0,0,0,0,0,0,0,0,0,0,0,0,0,0,0,0,0,6.83492e-1,1.93296e-1,6.77195e-1,0,0,0,0,0,1.90257e-2,1.87020e+1,0,0,0,0,0,0,1.10482e+0,9.28284e-1,3.25666e-2,0,0,0,0,0,1.64518e+2
"Southeastern Asia","KHM","Cambodia",4.85992e-4,0,5.43126e-2,1.33192e-3,4.12133e-2,0,8.82784e-4,0,4.37469e+1,1.80807e+0,0,0,0,0,0,0,0,0,0,0,0,0,0,0,0,0,0,0,0,0,0,0,0,1.00527e+2,1.27257e+1,2.22219e+2,0,0,0,0,4.56408e+1,7.64695e+0,0,0,0,0,0,0,0,3.17455e+0,3.64780e+1,9.80486e-2,0,0,0,0,0,4.74164e+2
"Southeastern Asia","LAO","Lao People's Democratic Republic",1.40957e-4,0,2.46969e-2,3.53024e-4,1.31475e-2,0,2.61002e-4,0,2.19879e+1,1.03882e+0,0,0,0,0,0,0,0,0,0,0,0,0,0,0,0,0,0,0,0,0,0,0,0,7.43828e+1,1.07576e+1,1.16369e+2,0,0,0,0,6.15816e+1,5.98864e+0,3.05510e+1,0,0,0,0,0,0,1.24697e+0,1.50562e+1,0,0,0,0,0,0,3.38999e+2
"Southeastern Asia","MMR","Myanmar",5.94243e-2,1.32303e-2,1.01279e-1,0,4.69088e-1,0,0,4.18680e-5,7.67716e+1,4.78204e+1,2.12905e+1,0,0,0,0,0,0,0,0,0,0,0,0,0,0,0,0,0,0,0,0,0,0,5.67868e+2,6.10602e+1,1.19066e+3,0,0,0,0,4.35864e+1,5.23931e+1,1.33702e+3,0,0,0,0,0,0,2.38976e+1,1.58554e+2,0,0,0,0,0,0,3.58156e+3
"Southeastern Asia","MYS","Malaysia",3.12608e-2,7.93818e-2,4.60925e-1,0,3.05537e+0,0,0,0,2.13015e+1,3.09632e+1,2.58869e+2,0,0,0,0,0,6.52032e-1,0,0,0,0,0,0,0,0,0,0,0,0,0,0,0,0,4.52318e+1,1.61211e+1,2.09592e+2,0,0,0,0,3.46560e+1,6.68429e+0,1.65036e+2,0,0,0,0,0,0,3.43898e+1,7.97319e+1,5.39381e-1,0,0,0,0,0,9.07395e+2
"Southeastern Asia","PHL","Philippines",1.00678e-1,5.02062e-2,1.56010e+0,8.37360e-5,1.17599e+0,0,6.18391e-2,0,8.02837e+1,8.51462e+1,3.21922e+0,0,0,0,0,0,1.40172e-3,3.46798e-1,0,0,0,0,0,0,0,0,0,0,0,0,0,0,0,2.96511e+2,5.65453e+1,1.02714e+3,0,0,0,0,5.14944e+0,4.93409e+1,7.45076e+0,0,0,0,0,0,0,7.96096e+1,2.59049e+2,0,0,0,0,0,0,1.95274e+3
"Southeastern Asia","SGP","Singapore",3.43570e-4,6.84125e-2,3.14848e-2,0,6.48449e-1,0,0,0,2.39512e-2,2.90280e+0,1.31323e+1,0,0,0,0,0,0,0,0,0,0,0,0,0,0,0,0,0,0,0,0,0,0,8.63905e-1,2.40114e+0,0,0,0,0,0,9.73968e-1,3.24046e-4,0,0,0,0,0,0,0,5.14014e+0,1.24397e+1,3.07783e+0,0,0,0,0,0,4.17048e+1
"Southeastern Asia","THA","Thailand",1.41255e-1,6.26462e-3,3.13849e+0,0,3.18618e+0,0,8.32333e-2,0,1.21061e+2,2.41026e+2,3.96653e+1,0,0,0,0,0,8.16000e-4,0,0,0,0,0,0,0,0,0,0,0,0,0,0,0,0,6.59613e+2,4.83578e+1,2.46720e+3,0,0,0,0,5.40936e+1,6.25270e+1,1.85973e+1,0,0,0,0,0,0,1.03637e+2,2.31949e+2,1.36189e+0,0,0,0,0,0,4.05565e+3
"Southeastern Asia","TLS","Timor-Leste",0,0,4.44708e-3,0,0,0,0,0,2.02116e-1,0,0,0,0,0,0,0,0,0,0,0,0,0,0,0,0,0,0,0,0,0,0,0,0,4.78623e+0,7.04231e-1,6.73970e+0,0,0,0,0,0,3.46859e-1,0,0,0,0,0,0,0,1.15254e-1,2.90693e+0,3.16313e-3,0,0,0,0,0,1.58089e+1
"Southeastern Asia","VNM","Viet Nam",4.85135e-2,0,6.08802e-1,1.86312e-3,5.68167e-1,6.69888e-3,0,0,1.62107e+2,1.00881e+2,1.33950e+1,0,0,0,0,0,0,0,0,0,0,0,0,0,0,0,0,0,0,0,0,0,0,2.82219e+2,7.73664e+1,1.79003e+3,0,0,0,0,2.10185e+1,4.60479e+1,9.02224e-1,0,0,0,0,0,0,3.36549e+1,2.56924e+2,0,0,0,0,0,0,2.78578e+3
"Indonesia +","IDN","Indonesia",9.61827e-2,3.28548e-1,7.21972e-1,6.53140e-3,5.38872e+0,1.67472e-4,5.42191e-2,0,5.75679e+2,1.06580e+2,8.05386e+2,0,0,0,0,0,4.20300e-3,0,0,0,0,0,0,0,0,0,0,0,0,0,0,0,0,8.81664e+2,6.31385e+1,2.71497e+3,0,0,0,0,3.92568e+1,1.45606e+2,1.77194e+2,0,1.30325e+3,0,0,0,0,2.16352e+2,7.25998e+2,3.06359e+0,0,0,0,0,0,7.76474e+3
"Indonesia +","PNG","Papua New Guinea",5.32553e-3,0,2.86252e-2,8.26311e-4,5.32990e-2,0,5.82828e-3,0,1.92854e+1,3.34691e-1,1.16301e+1,0,0,0,0,0,0,0,0,0,0,0,0,0,0,0,0,0,0,0,0,0,0,7.14861e+0,3.86566e+0,8.70679e-2,0,0,0,0,9.43776e+0,2.51745e-1,1.82791e+1,0,0,0,0,0,0,1.82755e+0,1.52430e+1,5.40639e-2,0,0,0,0,0,8.75387e+1
"Japan","JPN","Japan",6.06869e+0,6.20541e-1,1.22364e+1,5.00322e-2,1.60857e+1,1.44562e-1,1.26931e+0,6.78261e-3,2.12077e+1,4.04144e+2,3.06362e+1,0,0,0,0,0,4.20457e+0,7.86078e+0,0,0,0,0,0,0,0,0,0,0,0,0,0,0,0,4.78770e+2,2.17583e+2,1.49501e+3,0,0,0,0,0,7.48335e-1,7.38768e+0,3.16128e+0,0,0,0,0,0,3.27708e+2,3.62229e+2,1.66934e+2,6.96800e-1,0,0,0,0,3.56476e+3
"Oceania","ASM","American Samoa",0,0,0,0,0,0,0,0,1.01371e-4,0,0,0,0,0,0,0,0,0,0,0,0,0,0,0,0,0,0,0,0,0,0,0,0,1.75816e-2,1.43620e-1,0,0,0,0,0,0,4.61857e-5,0,0,0,0,0,0,0,1.70591e-1,4.50461e-2,0,0,0,0,0,0,3.76986e-1
"Oceania","ATF","French Southern Territories",0,0,0,0,0,0,0,0,0,0,0,0,0,0,0,0,0,0,0,0,0,0,0,0,0,0,0,0,0,0,0,0,0,0,0,0,0,0,0,0,0,0,0,0,0,0,0,0,0,0,0,0,0,0,0,0,0,0,
"Oceania","AUS","Australia",1.10418e+0,2.93396e-1,4.26366e+0,2.21900e-2,1.67612e+1,1.06942e-1,2.46770e-1,0,3.55504e+1,7.88006e+2,2.58943e+2,0,0,0,0,0,5.32932e-3,5.23529e-1,0,0,0,0,0,0,0,0,0,0,0,0,0,0,0,2.48166e+3,1.80378e+2,5.01200e+1,0,0,0,0,3.80544e+2,3.31383e+1,4.61592e+1,9.87264e+1,0,0,0,0,0,4.03021e+2,4.97502e+1,4.60376e-3,0,6.00000e-1,0,0,0,4.82993e+3
"Oceania","CCK","Cocos (Keeling) Islands",0,0,0,0,0,0,0,0,0,0,0,0,0,0,0,0,0,0,0,0,0,0,0,0,0,0,0,0,0,0,0,0,0,0,0,0,0,0,0,0,0,0,0,0,0,0,0,0,0,0,0,0,0,0,0,0,0,0,
"Oceania","COK","Cook Islands",0,0,0,0,0,0,0,0,8.16768e-3,0,0,0,0,0,0,0,0,0,0,0,0,0,0,0,0,0,0,0,0,0,0,0,0,8.17412e-2,5.53706e-2,0,0,0,0,0,0,3.72130e-3,0,0,0,0,0,0,0,0,2.75678e-2,0,0,0,0,0,0,1.76569e-1
"Oceania","CXR","Christmas Island",0,0,0,0,0,0,0,0,0,0,0,0,0,0,0,0,0,0,0,0,0,0,0,0,0,0,0,0,0,0,0,0,0,0,0,0,0,0,0,0,0,0,0,0,0,0,0,0,0,0,0,0,0,0,0,0,0,0,
"Oceania","FJI","Fiji",3.00922e-3,0,7.28510e-3,4.60108e-4,4.11311e-2,0,2.59320e-3,0,9.36429e-1,1.67477e-1,0,0,0,0,0,0,0,0,0,0,0,0,0,0,0,0,0,0,0,0,0,0,0,1.62527e+1,2.20899e+0,3.20687e+0,0,0,0,0,0,3.52851e-1,0,0,0,0,0,0,0,1.75191e+0,1.88607e+0,0,0,0,0,0,0,2.68177e+1
"Oceania","FSM","Micronesia, Federated States of",0,0,0,0,0,0,0,0,0,2.26320e-2,0,0,0,0,0,0,0,0,0,0,0,0,0,0,0,0,0,0,0,0,0,0,0,4.97450e-1,1.91467e-2,2.59016e-2,0,0,0,0,0,0,0,0,0,0,0,0,0,1.64481e-1,8.98229e-2,0,0,0,0,0,0,8.19434e-1
"Oceania","GUM","Guam",0,0,0,0,0,0,0,0,1.98219e-3,0,0,0,0,0,0,0,0,0,0,0,0,0,0,0,0,0,0,0,0,0,0,0,0,6.34278e-2,1.69591e-1,0,0,0,0,0,0,9.03108e-4,0,0,0,0,0,0,0,9.50546e-1,9.03629e-1,0,0,0,0,0,0,2.09008e+0
"Oceania","HMD","Heard Island and McDonald Islands",0,0,0,0,0,0,0,0,0,0,0,0,0,0,0,0,0,0,0,0,0,0,0,0,0,0,0,0,0,0,0,0,0,0,0,0,0,0,0,0,0,0,0,0,0,0,0,0,0,0,0,0,0,0,0,0,0,0,
"Oceania","KIR","Kiribati",5.81670e-5,0,4.51905e-4,5.51264e-5,1.60054e-3,0,5.74420e-5,0,1.02403e-2,1.84664e-2,0,0,0,0,0,0,0,0,0,0,0,0,0,0,0,0,0,0,0,0,0,0,0,1.00000e-2,4.51948e-2,0,0,0,0,0,0,4.41912e-3,0,0,0,0,0,0,0,1.33874e-1,1.85289e-1,0,0,0,0,0,0,4.09707e-1
"Oceania","MHL","Marshall Islands",0,0,0,0,0,0,0,0,0,0,0,0,0,0,0,0,0,0,0,0,0,0,0,0,0,0,0,0,0,0,0,0,0,0,0,0,0,0,0,0,0,0,0,0,0,0,0,0,0,1.29619e-1,4.24294e-2,0,0,0,0,0,0,1.72048e-1
"Oceania","MNP","Northern Mariana Islands",0,0,0,0,0,0,0,0,2.81643e-3,0,0,0,0,0,0,0,0,0,0,0,0,0,0,0,0,0,0,0,0,0,0,0,0,0,1.52587e-5,0,0,0,0,0,0,1.28320e-3,0,0,0,0,0,0,0,1.37804e-1,2.45722e-2,0,0,0,0,0,0,1.66491e-1
"Oceania","NCL","New Caledonia",9.52577e-4,0,6.69495e-3,3.96750e-5,4.97968e-2,0,1.49793e-3,0,1.90451e-2,3.02744e-2,0,0,0,0,0,0,0,0,0,0,0,0,0,0,0,0,0,0,0,0,0,0,0,7.31476e+0,9.26218e-1,0,0,0,0,0,0,3.03853e-3,0,0,0,0,0,0,0,9.72882e-1,1.96814e-1,0,0,0,0,0,0,9.52202e+0
"Oceania","NFK","Norfolk Island",0,0,0,0,0,0,0,0,0,0,0,0,0,0,0,0,0,0,0,0,0,0,0,0,0,0,0,0,0,0,0,0,0,0,0,0,0,0,0,0,0,0,0,0,0,0,0,0,0,0,4.03398e-3,0,0,0,0,0,0,4.03398e-3
"Oceania","NIU","Niue",0,0,0,0,0,0,0,0,1.70116e-4,4.92000e-4,0,0,0,0,0,0,0,0,0,0,0,0,0,0,0,0,0,0,0,0,0,0,0,2.91704e-2,1.88100e-2,0,0,0,0,0,0,7.75067e-5,0,0,0,0,0,0,0,4.73292e-3,5.29787e-3,0,0,0,0,0,0,5.87508e-2
"Oceania","NRU","Nauru",0,0,0,0,0,0,0,0,0,0,0,0,0,0,0,0,0,0,0,0,0,0,0,0,0,0,0,0,0,0,0,0,0,2.00000e-3,5.79369e-3,0,0,0,0,0,0,0,0,0,0,0,0,0,0,5.48326e-2,1.06263e-2,0,0,0,0,0,0,7.32526e-2
"Oceania","NZL","New Zealand",1.45850e-1,2.02284e-2,6.90764e-1,2.84703e-3,2.75625e+0,1.25604e-4,1.67054e-2,4.52175e-3,2.75220e+0,1.01767e+1,1.80539e+1,0,0,0,0,0,0,0,0,0,0,0,0,0,0,0,0,0,0,0,0,0,0,1.10336e+3,8.79159e+1,0,0,0,0,0,0,8.34749e-1,0,0,0,0,0,0,0,8.03990e+1,8.58499e+0,0,0,0,0,0,0,1.31572e+3
"Oceania","PCN","Pitcairn",0,0,0,0,0,0,0,0,0,0,0,0,0,0,0,0,0,0,0,0,0,0,0,0,0,0,0,0,0,0,0,0,0,0,0,0,0,0,0,0,0,0,0,0,0,0,0,0,0,0,1.05308e-3,0,0,0,0,0,0,1.05308e-3
"Oceania","PLW","Palau",0,0,0,0,0,0,0,0,0,0,0,0,0,0,0,0,0,0,0,0,0,0,0,0,0,0,0,0,0,0,0,0,0,0,0,0,0,0,0,0,0,0,0,0,0,0,0,0,0,0,4.63898e-2,0,0,0,0,0,0,4.63898e-2
"Oceania","PYF","French Polynesia",2.90052e-3,0,2.70110e-3,6.33465e-5,6.05461e-2,0,2.68933e-3,0,1.97227e-2,0,0,0,0,0,0,0,0,0,0,0,0,0,0,0,0,0,0,0,0,0,0,0,0,5.58787e-1,4.31955e-1,0,0,0,0,0,0,3.62985e-3,0,0,0,0,0,0,0,1.10188e+0,6.64447e-1,0,0,0,0,0,0,2.84932e+0
"Oceania","SLB","Solomon Islands",7.55280e-4,0,2.19277e-3,7.08170e-5,1.03581e-2,0,6.51175e-4,0,4.36753e-1,5.57272e-2,0,0,0,0,0,0,0,0,0,0,0,0,0,0,0,0,0,0,0,0,0,0,0,9.28851e+1,2.65243e+0,7.55464e-1,0,0,0,0,0,1.21709e-2,0,0,0,0,0,0,0,1.33081e-1,4.27118e-1,0,0,0,0,0,0,9.73719e+1
"Oceania","TKL","Tokelau",0,0,0,0,0,0,0,0,3.49635e-4,0,0,0,0,0,0,0,0,0,0,0,0,0,0,0,0,0,0,0,0,0,0,0,0,1.00000e-3,3.20383e-3,0,0,0,0,0,0,1.59298e-4,0,0,0,0,0,0,0,0,8.63229e-3,0,0,0,0,0,0,1.33451e-2
"Oceania","TON","Tonga",0,0,0,0,1.30557e-2,0,0,0,7.62474e-3,1.82040e-2,0,0,0,0,0,0,0,0,0,0,0,0,0,0,0,0,0,0,0,0,0,0,0,7.26553e-1,8.05345e-1,0,0,0,0,0,0,3.47392e-3,0,0,0,0,0,0,0,1.89707e-1,4.80349e-1,0,0,0,0,0,0,2.24431e+0
"Oceania","TUV","Tuvalu",0,0,0,0,0,0,0,0,0,0,0,0,0,0,0,0,0,0,0,0,0,0,0,0,0,0,0,0,0,0,0,0,0,8.64700e-3,2.32194e-2,0,0,0,0,0,0,0,0,0,0,0,0,0,0,1.22301e-2,6.60051e-2,0,0,0,0,0,0,1.10102e-1
"Oceania","VUT","Vanuatu",3.49135e-4,0,1.15721e-3,5.04241e-5,8.81422e-3,0,4.80802e-4,0,1.37627e-1,2.32224e-2,0,0,0,0,0,0,0,0,0,0,0,0,0,0,0,0,0,0,0,0,0,0,0,5.91894e+0,1.19619e+0,0,0,0,0,0,0,2.37845e-2,0,0,0,0,0,0,0,1.32810e-1,6.73780e-1,0,0,0,0,0,0,8.11720e+0
"Oceania","WLF","Wallis and Futuna",0,0,0,0,0,0,0,0,1.90157e-3,0,0,0,0,0,0,0,0,0,0,0,0,0,0,0,0,0,0,0,0,0,0,0,0,6.41712e-2,6.82561e-2,0,0,0,0,0,0,8.66376e-4,0,0,0,0,0,0,0,0,5.48682e-2,0,0,0,0,0,0,1.90063e-1
"Oceania","WSM","Samoa",3.13493e-4,0,1.32220e-3,3.19605e-4,2.04330e-2,0,5.45398e-4,0,2.49475e-1,2.80440e-2,0,0,0,0,0,0,0,0,0,0,0,0,0,0,0,0,0,0,0,0,0,0,0,1.29448e+0,1.60054e+0,0,0,0,0,0,0,2.12492e-3,0,0,0,0,0,0,0,2.35510e-1,9.60315e-1,0,0,0,0,0,0,4.39342e+0
"Antartica","ATA","Antarctica",0,0,0,0,0,0,0,0,0,0,0,0,0,0,0,0,0,0,0,0,0,0,0,0,0,0,0,0,0,0,0,0,0,0,0,0,0,0,0,0,0,0,0,0,0,0,0,0,0,0,0,0,0,0,0,0,0,0,
"Int. Shipping","SEA","Int. Shipping",0,0,0,0,0,0,0,0,0,0,5.53766e+0,0,2.47321e+1,0,0,0,0,0,0,0,0,0,0,0,0,0,0,0,0,0,0,0,0,0,0,0,0,0,0,0,0,0,0,0,0,0,0,0,0,0,0,0,0,0,0,0,0,3.02697e+1
"Int. Aviation","AIR","Int. Aviation",0,0,0,0,0,0,0,0,0,0,0,1.57560e+0,0,0,0,0,0,0,0,0,0,0,0,0,0,0,0,0,0,0,0,0,0,0,0,0,0,0,0,0,0,0,0,0,0,0,0,0,0,0,0,0,0,0,0,0,0,1.57560e+0

"TOTALS",,,7.18052e+1,2.90945e+1,3.46395e+2,1.55078e+0,7.05582e+2,8.25153e+0,1.03183e+1,2.70216e+0,1.22089e+4,3.25630e+4,4.14520e+4,1.57560e+0,2.47321e+1,0,0,0,6.79249e+1,6.23450e+1,0,0,0,0,0,0,0,0,0,0,0,0,0,0,0,8.50151e+4,1.06655e+4,4.24169e+4,0,0,0,0,5.64753e+3,1.12804e+3,6.44077e+3,7.06190e+2,1.30325e+3,0,0,0,0,2.29097e+4,2.09186e+4,2.46022e+2,1.75561e+0,1.50600e+2,0,0,0,02.85106e+5